73 4000 0000
76 0400 0000
135 0400 0400
141 4000 4000
142 0200 0000
146 2000 0000
177 1000 1000
178 0100 0100
179 0002 0002
186 0004 0004
187 0040 0040
190 0010 0010
192 0400 0400
198 0200 0200
199 0001 0001
204 2020 2020
207 4000 4000
346 0020 0000
353 2000 0000
361 1000 0000
363 0100 0000
367 0001 0000
370 0210 0000
375 4000 0000
379 0002 0000
385 0400 0000
393 0004 0000
394 0080 0000
397 2000 0000
400 0008 0000
404 8000 0000
408 0800 0000
411 0200 0000
413 0020 0000
415 0040 0000
416 0020 0020
424 2000 2000
426 0200 0200
430 0400 0400
433 0001 0001
437 0040 0040
440 4000 4000
444 0010 0010
451 0002 0002
452 1100 1100
461 0100 0000
462 8000 8000
468 0001 0000
471 0200 0000
476 0020 0000
479 1000 0000
491 0010 0000
497 2000 0000
498 0002 0000
516 2000 2000
518 0800 0800
522 0025 0025
523 8000 8000
524 1200 1200
525 0100 0100
529 0002 0002
533 0010 0010
540 0080 0080
549 000c 000c
553 0002 0002
561 4000 4000
567 0040 0040
569 0400 0400
670 1000 0000
698 2000 0000
703 4000 0000
761 8000 0000
766 0400 0000
772 0080 0000
779 0800 0000
785 0004 0000
787 0008 0000
788 0042 0000
795 0800 0000
810 0040 0000
811 2000 0000
815 0020 0000
816 0008 0000
817 5000 0000
819 0080 0000
824 0400 0000
825 0001 0000
826 8000 0000
827 0002 0000
828 0004 0000
829 0200 0000
831 0010 0000
833 0100 0000
834 8000 0000
835 0400 0000
837 0080 0000
838 0004 0000
839 0100 0000
842 0008 0000
843 0001 0000
847 0020 0000
855 2000 0000
857 0800 0000
861 4000 0000
862 0200 0000
863 0002 0000
866 0010 0000
867 0040 0000
871 1000 0000
875 4080 0000
876 0040 0000
880 0400 0000
882 0200 0000
883 0800 0000
890 0010 0000
891 0008 0000
892 8000 0000
898 0004 0000
900 0002 0000
901 0001 0000
908 1000 0000
914 2000 0000
915 0120 0000
918 0080 0000
920 0101 0000
923 8000 0000
924 0420 0000
925 0004 0000
927 0002 0000
931 0810 0000
937 0040 0000
943 0008 0000
947 1000 0000
951 2000 0000
954 4000 0000
957 0200 0000
1002 0004 0004
1007 0200 0200
1010 0040 0040
1012 4000 4000
1014 8020 8020
1017 0800 0800
1018 0100 0100
1019 0400 0400
1021 2000 2000
1023 1000 1000
1024 0080 0080
1028 0009 0009
1035 0010 0010
1040 0002 0002
1042 0008 0000
1043 0040 0000
1051 0100 0000
1052 0002 0000
1053 0880 0000
1055 0020 0000
1056 1400 0000
1065 0004 0000
1067 8000 0000
1068 4000 0000
1072 0010 0000
1076 0001 0000
1081 2200 0000
1307 2000 2000
1308 4000 4000
1318 8000 8000
1321 1000 1000
1333 0001 0000
1341 0002 0000
1343 0020 0000
1347 0010 0000
1349 0200 0000
1350 c000 0000
1357 2000 0000
1359 0100 0000
1369 1000 0000
1668 0020 0020
1673 1000 1000
1677 0200 0200
1684 0002 0002
1685 0100 0100
1688 2000 2000
1694 0010 0010
1695 0001 0001
1836 2000 0000
1841 0400 0000
1846 0020 0000
1852 0040 0000
1853 0011 0000
1856 0002 0000
1859 1000 0000
1863 4000 0000
1864 0004 0000
1867 0280 0000
1869 0100 0000
1870 0008 0000
1874 8800 0000
2000 0020 0020
2004 4300 4300
2008 0008 0008
2011 1000 1000
2013 0004 0004
2016 0001 0001
2022 0080 0080
2027 0400 0400
2028 0002 0002
2029 0010 0010
2034 0040 0040
2035 8000 8000
2036 0800 0800
2040 2000 2000
2084 1000 1000
2085 2000 2000
2086 0002 0002
2088 0040 0040
2094 0804 0804
2097 0200 0200
2099 0001 0001
2102 0008 0008
2105 0080 0080
2106 8000 8000
2110 0100 0100
2111 4000 4000
2116 0010 0010
2119 0420 0420
2125 4000 0000
2126 0008 0000
2131 8000 0000
2133 1000 0000
2140 0400 0000
2147 0800 0000
2149 2000 0000
2151 0200 0000
2152 0040 0000
2154 00a0 0000
2156 0010 0000
2162 0104 0000
2164 0003 0000
2168 4020 4020
2173 0040 0040
2174 8000 8000
2176 2000 2000
2178 0900 0900
2180 0009 0009
2183 0200 0200
2186 1000 1000
2189 0400 0400
2192 0010 0010
2196 0004 0004
2199 0002 0002
2207 0080 0080
2211 0002 0000
2212 0020 0000
2220 4000 0000
2222 0408 0000
2225 0014 0000
2226 2000 0000
2228 0880 0000
2230 0001 0000
2237 1000 0000
2238 8000 0000
2243 0100 0000
2246 0040 0000
2249 0200 0000
2250 0400 0400
2252 0240 0240
2253 0080 0080
2265 0008 0008
2266 0800 0000
2268 2000 2000
2270 4000 4000
2271 1000 1000
2274 8000 0000
2276 0024 0024
2281 0100 0100
2287 0001 0001
2288 0002 0002
2290 0010 0010
2335 0100 0000
2344 0010 0000
2348 0084 0000
2350 0002 0000
2351 0040 0000
2352 2000 0000
2361 4001 0000
2362 0400 0000
2365 0020 0000
2369 0200 0000
2370 1000 0000
2374 0008 0000
2460 0008 0008
2463 0001 0001
2464 2440 2440
2466 0084 0084
2467 0020 0020
2474 0102 0102
2475 4000 4000
2481 0200 0200
2486 8000 0000
2497 0010 0010
2499 1800 1000
2508 0800 0800
2509 2000 2000
2513 0040 0000
2514 4000 4000
2520 0304 0000
2525 1000 1000
2527 0400 0000
2536 0002 0000
2538 0020 0000
2540 8000 8000
2543 a004 a004
2544 0400 0400
2545 0800 0800
2547 0008 0008
2551 4000 4000
2552 0010 0010
2565 0080 0080
2571 0100 0100
2574 0020 0020
2575 0202 0202
2576 0040 0040
2577 1000 1000
2579 0001 0001
2583 0004 0000
2589 0400 0000
2590 0080 0000
2597 0040 0000
2604 8000 0000
2610 0800 0000
2618 0008 0000
2623 4000 0000
2633 0200 0000
2641 8000 0000
2645 2002 0000
2647 0400 0000
2648 0004 0000
2649 0800 0000
2653 0008 0000
2656 00a0 0000
2657 4000 0000
2658 0010 0000
2659 1000 0000
2662 0101 0000
2666 0050 0000
2669 4100 0000
2674 0020 0000
2677 0080 0000
2679 0800 0000
2683 1000 0000
2687 0040 0000
2691 0001 0000
2693 8000 0000
2694 0008 0000
2699 0004 0000
2700 2000 0000
2702 0202 0000
2705 0400 0000
2709 0010 0010
2710 8008 8008
2713 0001 0001
2714 0400 0400
2720 0002 0002
2724 4000 4000
2725 1020 1020
2728 0040 0040
2733 2000 2000
2736 0200 0200
2738 0100 0100
2742 0004 0004
2744 0080 0080
2749 0800 0800
2793 0004 0004
2796 0020 0020
2797 0002 0002
2805 8000 8000
2806 0080 0080
2807 0100 0100
2811 2001 2001
2812 0400 0400
2814 0040 0040
2817 1018 1018
2818 4000 4000
2824 0200 0200
2828 0800 0800
2838 0011 0011
2841 2000 2000
2851 8000 8000
2854 0800 0800
2859 0004 0004
2861 0202 0202
2865 4000 4000
2866 1048 1048
2867 0400 0400
2869 0100 0100
2871 00a0 00a0
3293 0010 0000
3294 0008 0000
3295 1000 0000
3300 0800 0000
3310 0002 0000
3311 0040 0000
3315 0400 0000
3319 0200 0000
3323 0001 0000
3324 8004 0000
3325 2000 0000
3328 4000 0000
3329 0080 0000
3330 0020 0000
3331 0100 0000
3376 9000 0000
3379 0208 0000
3387 0004 0000
3392 0112 0000
3393 2000 0000
3398 0020 0000
3403 4000 0000
3404 0001 0000
3405 0800 0000
3407 0400 0000
3413 00c0 0000
3417 0140 0140
3419 0818 0818
3425 6000 6000
3431 00a0 00a0
3444 8000 8000
3446 0004 0004
3450 0400 0400
3453 1000 1000
3454 0001 0001
3456 0002 0002
3457 0200 0200
3458 0004 0000
3459 0010 0000
3463 0902 0000
3466 0080 0000
3470 8000 0000
3472 0200 0000
3473 2008 0000
3478 4000 0000
3483 0020 0000
3494 0040 0000
3497 0001 0000
3498 1400 0000
3504 0080 0080
3506 0200 0200
3507 0020 0020
3510 4000 4000
3513 2000 2000
3524 0100 0100
3526 0008 0008
3531 8000 8000
3533 1000 1000
3537 0400 0400
3539 0806 0806
3541 0040 0040
3542 0010 0010
3543 0004 0004
3544 0060 0060
3545 2000 2000
3547 0408 0408
3553 0001 0001
3557 8000 8000
3559 0882 0882
3560 4000 4000
3564 0100 0100
3568 1000 1000
3572 0200 0200
3585 0002 0002
3591 0040 0040
3594 0800 0800
3595 0080 0080
3596 0020 0020
3600 000c 000c
3601 8000 8000
3602 0100 0100
3606 1000 1000
3612 2000 2000
3613 0010 0010
3616 4400 4400
3622 0201 0201
3666 4800 0000
3672 0040 0000
3675 0400 0000
3676 0008 0000
3679 8000 0000
3683 0001 0000
3684 0004 0000
3685 0090 0000
3686 0200 0000
3692 2000 0000
3693 0100 0000
3695 1000 0000
3698 0002 0000
3705 0020 0000
3751 4000 0000
3755 1000 0000
3756 0008 0000
3759 0100 0000
3760 8000 0000
3761 0400 0000
3769 0020 0000
3772 0004 0000
3776 0002 0000
3778 0040 0000
3779 0010 0000
3781 0280 0000
3782 0001 0000
3786 2000 0000
3791 0800 0000
3793 1000 1000
3795 0010 0010
3802 0020 0020
3803 0040 0040
3804 4000 4000
3805 8000 8000
3808 0004 0004
3813 0001 0001
3815 0002 0002
3816 0400 0400
3823 0100 0100
3824 2000 2000
3829 0200 0200
3843 0080 0080
3855 0008 0008
3871 0800 0800
3881 8001 8001
3887 1004 1004
3890 2000 2000
3891 0200 0200
3892 0082 0082
3896 0008 0008
3897 0040 0040
3898 0010 0010
3901 4120 4120
3907 0c00 0c00
3918 8000 8000
3919 1000 1000
3922 0008 0008
3929 2400 2400
3931 0020 0020
3932 0002 0002
3933 0080 0080
3936 0140 0140
3941 0004 0004
3943 0800 0800
3944 0010 0010
3945 0201 0201
3947 4000 4000
4125 0810 0810
4126 1002 1002
4127 0040 0040
4144 0004 0004
4146 0020 0020
4150 2001 2001
4152 0400 0400
4153 0100 0100
4155 0200 0200
4161 8080 8080
4162 0008 0008
4166 4000 4000
4504 0020 0000
4505 8000 0000
4507 0100 0000
4509 0004 0000
4511 0010 0000
4513 0080 0000
4517 0200 0000
4518 1800 0000
4519 0040 0000
4521 4000 0000
4529 2001 0000
4530 0002 0000
4531 0008 0000
4537 0400 0000
4543 0400 0000
4544 8000 0000
4545 2000 0000
4549 4080 0000
4550 0040 0000
4551 1000 0000
4557 0828 0000
4560 0002 0000
4566 0200 0000
4574 0004 0000
4575 0010 0000
4579 0001 0000
4580 0100 0000
4632 0002 0002
4636 0040 0040
4639 0100 0100
4644 0200 0200
4646 0820 0820
4650 000c 000c
4651 0401 0401
4654 0010 0010
4661 0080 0080
4663 c000 c000
4664 3000 3000
4666 0080 0080
4668 0020 0020
4672 0200 0200
4673 0040 0040
4675 0008 0008
4677 0010 0010
4683 2000 2000
4685 8000 8000
4687 0002 0002
4690 0001 0001
4693 0100 0100
4695 0800 0800
4696 0004 0004
4699 0400 0400
4705 4000 4000
4707 1000 1000
4709 0080 0000
4710 0100 0000
4712 0002 0000
4716 3000 0000
4717 0400 0000
4721 0050 0000
4722 0001 0000
4723 0200 0000
4727 0020 0000
4730 0800 0000
4736 4000 0000
4738 8000 0000
4741 0008 0000
4745 0004 0000
4751 0420 0000
4753 8080 0000
4754 4000 0000
4760 0004 0000
4763 0001 0000
4764 0008 0000
4769 2100 0000
4779 0010 0000
4780 0200 0000
4783 0800 0000
4785 0002 0000
4788 0040 0000
4790 1000 0000
4834 0200 0200
4836 0020 0020
4837 0001 0001
4838 1000 1000
4840 0400 0400
4846 8000 8000
4850 0004 0004
4851 0050 0050
4853 0800 0800
4864 0080 0080
4865 0002 0002
4867 0100 0100
4869 2000 2000
4871 0008 0008
4872 4000 4000
4879 2800 0000
4883 0010 0000
4884 0400 0000
4885 8200 0000
4886 0004 0000
4887 0020 0000
4893 0041 0000
4897 0108 0000
4898 0002 0000
4900 0080 0000
4905 4000 0000
4907 1000 0000
4921 0140 0140
4925 4000 4000
4928 0001 0001
4931 0400 0400
4938 0010 0010
4943 0080 0080
4944 2804 2804
4945 1000 1000
4947 020a 020a
4951 8000 8000
4952 0020 0020
5001 0800 0000
5005 1000 0000
5007 0040 0000
5009 0008 0000
5010 0001 0000
5011 0020 0000
5013 0200 0000
5016 2000 0000
5021 8002 0000
5023 0100 0000
5024 0400 0000
5026 0010 0000
5028 0004 0000
5033 0080 0000
5040 4000 0000
5086 0001 0001
5087 4000 4000
5092 0040 0040
5098 0400 0400
5107 0810 0810
5109 1000 1000
5112 0020 0020
5113 0080 0080
5114 0200 0200
5115 000e 000e
5117 0100 0100
5118 8000 8000
5120 2000 2000
5167 0008 0008
5175 0010 0010
5177 1000 1000
5179 0400 0400
5181 0002 0002
5185 0004 0004
5186 0200 0200
5187 0080 0080
5188 0001 0001
5191 2000 2000
5193 0020 0020
5194 0040 0040
5195 4000 4000
5200 8000 8000
5201 0800 0800
5206 0100 0100
5376 0010 0000
5377 0004 0000
5385 2000 0000
5387 8000 0000
5389 0100 0000
5391 0002 0000
5393 0200 0000
5402 5000 0000
5405 0420 0000
5407 0001 0000
5415 0040 0000
5459 0050 0000
5460 0880 0000
5461 0400 0000
5464 0008 0000
5467 8100 0000
5473 0001 0000
5475 2000 0000
5480 0002 0000
5484 0020 0000
5485 0200 0000
5488 0004 0000
5495 4000 0000
5498 1000 0000
5507 0800 0800
5513 1000 1000
5514 0400 0400
5515 8000 8000
5518 0200 0200
5531 4000 4000
5541 2000 2000
5583 0400 0000
5585 0040 0000
5589 8800 0000
5594 0002 0000
5599 0200 0000
5600 0101 0000
5602 0020 0000
5604 2000 0000
5605 0004 0000
5611 0010 0000
5613 4008 0000
5619 1000 0000
5621 0080 0000
5625 0010 0010
5628 0400 0400
5631 8000 8000
5632 0240 0240
5635 0008 0008
5638 0001 0001
5644 4000 4000
5649 1000 1000
5650 2000 2000
5653 0100 0100
5657 0080 0080
5658 0020 0020
5659 0004 0004
5660 0002 0002
5663 0800 0800
5834 0050 0000
5837 0080 0000
5839 0200 0000
5843 0402 0000
5844 4000 0000
5845 0100 0000
5848 0800 0000
5850 2000 0000
5853 8000 0000
5858 0001 0000
5863 1008 0000
5866 0004 0000
5872 0020 0000
5917 2000 2000
5918 8000 8000
5927 0080 0080
5929 0002 0002
5933 0801 0801
5935 0200 0200
5937 1000 1000
5939 0008 0008
5940 0040 0040
5945 0100 0100
5946 0400 0400
5947 4000 4000
5948 0020 0020
5954 0004 0004
5957 0010 0010
5966 0020 0000
5970 0008 0000
5972 0080 0000
5980 0040 0000
5982 0002 0000
5986 0011 0000
5990 0004 0000
5998 0200 0000
5999 0100 0000
6000 2000 0000
6008 0001 0000
6013 0804 0000
6014 0100 0000
6023 8002 0000
6024 0020 0000
6028 0080 0000
6030 0040 0000
6031 1000 0000
6034 4000 0000
6037 0400 0000
6038 0210 0000
6040 0008 0000
6055 0100 0100
6056 0002 0002
6067 0010 0010
6074 1000 1000
6081 0001 0001
6083 0004 0000
6085 0010 0000
6088 0020 0000
6089 0008 0000
6091 2000 0000
6100 8000 0000
6103 0100 0000
6106 4000 0000
6108 0001 0000
6114 1000 0000
6115 0800 0000
6117 0400 0000
6122 02c0 0000
6124 0002 0000
6129 0020 0020
6131 0010 0010
6132 0006 0006
6136 0c00 0c00
6142 1000 1000
6145 0040 0040
6150 0100 0100
6152 0008 0008
6154 4000 4000
6156 0200 0200
6158 0080 0080
6164 8001 8001
6166 2000 2000
6173 0100 0000
6174 0008 0000
6181 1000 0000
6183 8000 0000
6189 0003 0000
6190 4800 0000
6194 0200 0000
6197 0080 0000
6199 0030 0000
6201 0040 0000
6205 0400 0000
6206 2000 0000
6207 0004 0000
6208 0008 0000
6217 0004 0000
6218 0800 0000
6219 2000 0000
6229 0200 0000
6230 0010 0000
6233 0001 0000
6234 0180 0000
6236 0040 0000
6238 0400 0000
6241 0002 0000
6245 1000 0000
6246 8000 0000
6247 4020 0000
6294 0001 0000
6310 0408 0408
6312 0800 0800
6321 8000 8000
6322 0080 0080
6325 4000 4000
6333 1000 0000
6334 0800 0000
6337 0400 0000
6340 0002 0000
6343 2040 0000
6349 8000 0000
6358 0200 0000
6359 0010 0000
6365 4100 0000
6370 0080 0000
6371 000c 0000
6372 0020 0000
6373 0001 0000
6459 0410 0410
6460 2000 2000
6463 0080 0080
6472 8200 8200
6474 0004 0004
6477 0020 0020
6478 0800 0800
6480 1000 1000
6481 4000 4000
6484 0002 0002
6487 0100 0100
6490 0001 0001
6492 0040 0040
6495 0008 0008
6500 0001 0000
6501 0010 0000
6504 0004 0000
6507 0002 0000
6511 1000 0000
6513 0100 0000
6516 8000 0000
6522 0008 0000
6524 4000 0000
6527 2000 0000
6531 0800 0000
6535 0040 0000
6537 0200 0000
6538 0020 0000
6539 0080 0000
6541 0400 0000
6543 0280 0280
6544 0002 0002
6546 0004 0004
6547 0008 0008
6554 0001 0001
6556 4000 4000
6561 0010 0010
6564 0400 0400
6566 8000 8000
6567 1000 1000
6568 0020 0020
6572 0800 0800
6573 0040 0040
6575 0100 0100
6581 2000 2000
6584 2000 2000
6586 0001 0001
6589 0400 0400
6591 0008 0008
6593 0040 0040
6594 0090 0090
6606 1002 1002
6607 4000 4000
6610 8000 8000
6612 0020 0020
6617 0004 0004
6620 0800 0800
6622 0100 0100
6624 0200 0200
6668 0001 0000
6669 0008 0000
6673 0100 0000
6676 0040 0000
6680 8200 0000
6685 00a0 0000
6686 0800 0000
6689 3000 0000
6693 0410 0000
6698 0002 0000
6700 4004 0000
6709 2800 2800
6711 0002 0002
6713 0200 0200
6716 8000 8000
6721 0400 0400
6723 0008 0008
6726 0004 0004
6727 0010 0010
6729 0040 0040
6738 1000 1000
6742 0001 0001
6743 0020 0020
6744 0100 0100
6745 4000 4000
6749 0080 0080
6793 0410 0410
6794 0202 0202
6804 0004 0004
6806 0880 0880
6807 0008 0008
6808 0001 0001
6815 8000 8000
6819 4000 4000
6821 0040 0040
6823 2020 2020
6826 0100 0100
6829 1000 1000
6833 1000 0000
6834 0004 0000
6838 0080 0000
6840 0200 0000
6841 0010 0000
6847 0100 0000
6848 0040 0000
6849 0020 0000
6850 0002 0000
6852 2000 0000
6856 4000 0000
6859 0400 0000
6860 0800 0000
6866 0009 0000
6869 8000 0000
6876 2000 0000
6877 0004 0000
6878 0102 0000
6885 0040 0000
6888 0400 0000
6894 1000 0000
6895 0001 0000
6901 8080 0000
6907 0010 0000
6909 0200 0000
6910 0028 0000
6912 4000 0000
6914 0800 0000
6918 0002 0002
6922 0020 0020
6923 0048 0048
6926 0200 0200
6928 0001 0001
6932 0004 0004
6936 2000 2000
6939 0010 0010
6942 0800 0800
6943 0100 0100
6944 8000 8000
6953 4400 4400
6955 0080 0080
6956 1000 1000
6958 2800 0000
6960 0001 0000
6964 0200 0000
6965 0008 0000
6967 0020 0000
6968 0012 0000
6970 0004 0000
6974 4000 0000
6977 0080 0000
6981 0400 0000
6991 8000 0000
6994 0140 0000
6997 1000 0000
7042 0802 0802
7043 0010 0010
7046 0040 0040
7051 8000 8000
7055 4000 4000
7057 0400 0400
7059 1000 1000
7062 0008 0008
7067 0080 0080
7069 0200 0200
7074 0120 0120
7076 0004 0004
7079 2000 2000
7083 0001 0001
7086 0080 0000
7089 0010 0000
7092 4000 0000
7099 8000 0000
7100 0100 0000
7101 1800 0000
7102 2000 0000
7104 0020 0000
7105 0040 0000
7110 0200 0000
7123 0400 0000
7141 0002 0000
7149 0004 0000
7151 0001 0000
7159 0008 0000
7167 8008 0000
7168 2080 0000
7171 0800 0000
7176 0040 0000
7180 0100 0000
7182 0004 0000
7186 0020 0000
7192 0010 0000
7196 4000 0000
7199 0200 0000
7203 1002 0000
7206 0400 0000
7208 0001 0000
7256 0040 0040
7261 0800 0800
7264 4080 4080
7266 0004 0004
7267 0101 0101
7270 1000 1000
7274 0200 0200
7275 0020 0020
7276 8000 8000
7279 0010 0010
7286 0002 0002
7288 2008 2008
7291 0400 0400
7338 8000 0000
7340 0020 0000
7341 0008 0000
7344 1000 0000
7345 0280 0000
7347 4000 0000
7351 0400 0000
7357 0040 0000
7359 0102 0000
7361 0800 0000
7363 2000 0000
7364 0004 0000
7365 0001 0000
7373 0010 0000
7378 0010 0010
7381 0002 0002
7382 0400 0400
7383 0800 0800
7384 1000 1000
7389 8000 8000
7391 0008 0008
7392 0004 0004
7396 2000 2000
7397 0100 0100
7398 0200 0200
7400 0001 0001
7403 0040 0040
7404 0020 0020
7407 0080 0080
7409 4000 4000
7421 0010 0010
7430 1408 1408
7433 0080 0080
7437 0800 0800
7445 2000 2000
7446 0004 0004
7447 0002 0002
7452 0140 0140
7453 0001 0001
7454 4200 4200
7456 0020 0020
7457 8000 8000
7458 1000 0000
7464 0800 0000
7471 0002 0000
7472 0010 0000
7479 0040 0000
7483 2000 0000
7486 0400 0000
7487 4000 0000
7489 0001 0000
7492 0200 0000
7495 0004 0000
7497 8020 0000
7498 0080 0000
7499 0108 0000
7500 0800 0800
7504 8040 8040
7508 0008 0008
7515 0200 0200
7520 4000 4000
7521 0001 0001
7525 0100 0100
7526 0014 0014
7528 0080 0080
7529 0002 0002
7533 0400 0400
7534 2000 2000
7537 1000 1000
7540 0020 0020
7544 0100 0000
7548 0800 0000
7552 0004 0000
7560 0001 0000
7561 0008 0000
7563 8000 0000
7565 0040 0000
7566 0002 0000
7573 0010 0000
7576 1080 0000
7577 2200 0000
7578 4000 0000
7580 0420 0000
7625 0010 0010
7628 0800 0800
7630 0020 0020
7633 0002 0002
7638 2000 2000
7641 0048 0048
7643 8000 8000
7646 4000 4000
7648 0100 0100
7649 1000 1000
7650 0001 0001
7654 0004 0004
7661 0080 0080
7663 0600 0600
7669 3000 0000
7670 0002 0000
7672 0800 0000
7673 0100 0000
7674 0040 0000
7683 4000 0000
7686 0021 0000
7687 0008 0000
7689 0080 0000
7693 0010 0000
7701 0404 0000
7702 0200 0000
7706 8000 0000
7750 0800 0000
7754 0008 0000
7755 0250 0000
7759 0004 0000
7761 0002 0000
7770 8000 0000
7773 2401 0000
7781 4000 0000
7783 0020 0000
7784 0100 0000
7785 1000 0000
7786 0080 0000
7791 0040 0040
7794 8000 8000
7795 0020 0020
7801 0480 0480
7804 0200 0200
7805 4010 4010
7812 2800 2800
7814 0004 0004
7820 0001 0001
7826 0100 0100
7828 0008 0008
7830 0002 0002
7831 1000 1000
7838 1000 0000
7842 0022 0000
7848 0404 0000
7849 0808 0000
7850 4000 0000
7853 0100 0000
7854 8000 0000
7857 0001 0000
7864 0090 0000
7865 2000 0000
7870 0200 0000
7872 0040 0000
7882 8000 0000
7885 4000 0000
7887 0800 0000
7889 2020 0000
7890 0004 0000
7891 0040 0000
7892 0010 0000
7893 1000 0000
7894 0401 0000
7902 0002 0000
7906 0080 0000
7911 0200 0000
7913 0008 0000
7916 0100 0000
7920 8000 8000
7921 0004 0004
7929 2000 2000
7932 0018 0018
7936 1000 1000
7937 0802 0802
7938 0020 0020
7940 0100 0100
7942 0200 0200
7944 0400 0400
7945 4000 4000
7956 0001 0001
7957 00c0 00c0
8051 4000 0000
8054 1000 0000
8078 2000 0000
8081 8000 0000
8125 1000 0000
8126 0404 0000
8128 0008 0000
8129 2040 0000
8133 0010 0000
8134 0200 0000
8138 0020 0000
8140 0900 0000
8148 0002 0000
8150 4000 0000
8158 0080 0000
8163 8000 0000
8166 0009 0008
8169 0040 0040
8174 0085 0085
8176 0100 0100
8182 2400 2400
8184 1000 1000
8192 8000 8000
8197 0002 0002
8198 4000 4000
8200 0800 0800
8201 0020 0020
8204 0010 0010
8205 0200 0200
8212 0080 0080
8219 0401 0401
8224 4000 4000
8232 8002 8002
8233 0040 0040
8234 1000 1000
8235 2020 2020
8236 0010 0010
8237 0804 0804
8238 0200 0200
8242 0008 0008
8247 0100 0100
8379 0010 0010
8380 0048 0048
8383 0002 0002
8388 4000 4000
8389 0400 0400
8390 1000 1000
8392 0800 0800
8393 0200 0200
8394 0100 0100
8396 0004 0004
8398 2000 2000
8402 0001 0001
8409 8000 8000
8412 00a0 00a0
8458 0040 0000
8459 0010 0000
8467 2000 0000
8468 0803 0000
8470 4000 0000
8475 0080 0000
8476 0600 0000
8478 1004 0000
8485 8000 0000
8488 0020 0000
8490 0100 0000
8497 0008 0000
8501 0400 0400
8503 0010 0010
8506 0200 0200
8512 0020 0020
8519 4000 4000
8521 0048 0048
8524 0001 0001
8528 8080 8080
8531 2000 2000
8533 1000 1000
8536 0800 0800
8538 0002 0002
8539 0100 0100
8540 0004 0004
8590 0400 0000
8591 0002 0000
8599 0004 0000
8600 0001 0000
8601 4000 0000
8605 0100 0000
8608 2000 0000
8609 8000 0000
8611 0080 0000
8613 1200 0000
8616 0018 0000
8620 0040 0000
8621 0800 0000
8623 0020 0000
8668 4000 4000
8672 8000 8000
8674 2000 2000
8675 0008 0000
8676 0020 0000
8685 0010 0000
8689 1000 1000
8690 0004 0000
8692 0001 0000
8701 0080 0000
8704 0042 0000
8715 1000 1000
8717 0004 0004
8722 0400 0400
8723 4000 4000
8726 8041 8041
8731 2000 2000
8735 0080 0080
8736 080a 080a
8739 0020 0020
8744 0010 0010
8745 0200 0200
8749 0100 0100
8756 0100 0000
8766 1000 0000
8768 0010 0000
8769 2080 0000
8772 4000 0000
8777 0020 0000
8781 0600 0000
8785 0040 0000
8787 8000 0000
8789 0800 0000
8833 0100 0100
8834 0002 0002
8836 8000 8000
8839 0400 0400
8841 0004 0004
8842 0080 0080
8849 2000 2000
8850 0040 0040
8853 1000 1000
8855 4000 4000
8857 0010 0010
8860 0800 0800
8862 0001 0001
8868 0008 0008
8869 0020 0020
8874 0200 0200
8875 0004 0000
8876 0400 0000
8881 2000 0000
8884 0100 0000
8885 4000 0000
8888 0020 0000
8892 0008 0000
8895 0002 0000
8896 1000 0000
8899 8000 0000
8906 00d0 0000
8910 0800 0000
8915 0201 0000
8960 1000 0000
8962 0100 0000
8964 0200 0000
8967 0004 0000
8969 0081 0000
8971 8000 0000
8972 0020 0000
8974 0008 0000
8978 4000 0000
8979 0010 0000
8981 0800 0000
8984 0400 0000
8992 0040 0000
8993 0002 0000
8999 2000 0000
9001 0202 0202
9004 0080 0080
9007 8000 8000
9011 0400 0400
9014 1000 1000
9015 2000 2000
9016 0800 0800
9017 0100 0100
9018 0004 0004
9027 0008 0008
9030 0001 0001
9031 0020 0020
9033 4000 4000
9036 0040 0040
9040 0010 0010
9209 0040 0040
9211 4000 4000
9215 0010 0010
9222 0304 0304
9225 1000 1000
9228 0020 0020
9230 0002 0002
9231 0008 0008
9232 8000 8000
9233 0800 0800
9241 2000 2000
9242 0001 0001
9244 0080 0080
9249 0400 0400
9347 8040 0000
9349 1000 0000
9353 0008 0000
9355 0011 0000
9356 0080 0000
9357 0004 0000
9358 2000 0000
9362 0500 0000
9364 4000 0000
9365 0020 0000
9369 0002 0000
9373 0800 0000
9374 0200 0000
9420 0800 0800
9425 0020 0020
9427 0001 0001
9428 0100 0100
9429 2000 2000
9431 0004 0004
9444 0200 0200
9446 4000 4000
9448 0400 0400
9450 1000 1000
9451 0040 0040
9452 0010 0010
9456 8000 8000
9457 0082 0082
9458 0008 0008
9459 0001 0001
9461 1000 1000
9463 0008 0008
9465 8000 8000
9470 0004 0004
9472 0080 0080
9475 0a00 0a00
9477 0100 0100
9479 0040 0040
9480 0400 0400
9483 0002 0002
9487 0010 0010
9499 6020 6020
9542 0008 0000
9543 1000 0000
9551 0001 0000
9552 0040 0000
9554 0200 0000
9559 0002 0000
9564 0400 0000
9568 0020 0000
9569 0100 0000
9570 8004 0000
9571 2000 0000
9576 0010 0000
9577 4080 0000
9582 0800 0000
9588 0400 0000
9589 0001 0000
9592 2000 0000
9593 0020 0000
9596 0040 0000
9598 0800 0000
9599 8000 0000
9600 0008 0000
9602 0200 0000
9603 0100 0000
9605 1000 0000
9607 0010 0000
9608 0002 0000
9616 4004 0000
9617 0080 0000
9625 0040 0000
9627 8000 0000
9630 0200 0000
9634 0002 0000
9635 0400 0000
9636 0800 0000
9637 0004 0000
9641 1000 0000
9644 2000 0000
9646 0100 0000
9656 0080 0000
9659 0008 0000
9662 0010 0000
9664 4000 0000
9665 0020 0000
9709 0200 0200
9714 0040 0040
9717 0010 0010
9718 8508 8508
9720 0020 0020
9723 0004 0004
9725 1000 1000
9731 0080 0080
9737 0001 0001
9742 0800 0800
9743 0002 0002
9745 2000 2000
9747 4000 4000
9814 1000 1000
9835 1000 0000
9840 2004 0000
9842 8000 0000
9843 0008 0000
9845 0020 0000
9854 4000 0000
9857 0002 0000
9863 0200 0000
9864 0100 0000
9866 0480 0000
9868 0800 0000
9869 0040 0000
9870 0001 0000
9874 0010 0000
9917 0010 0000
9920 0048 0000
9921 0004 0000
9928 0800 0000
9931 2000 0000
9933 5000 0000
9935 0400 0000
9937 0002 0000
9938 0001 0000
9946 8000 0000
9947 0200 0000
9951 0020 0000
9956 0080 0000
9957 0100 0000
10001 0100 0000
10002 2000 0000
10006 0002 0000
10008 0020 0000
10010 0010 0000
10021 1000 0000
10035 0200 0000
10037 0001 0000
10042 0080 0080
10047 4110 4110
10056 0400 0400
10060 0003 0003
10061 8000 8000
10062 1040 1040
10067 0020 0020
10069 0200 0200
10070 2000 2000
10073 0008 0008
10074 0004 0004
10081 0800 0800
10091 0004 0004
10095 0080 0080
10097 0400 0400
10099 1008 1008
10101 0020 0020
10103 0050 0050
10104 8000 8000
10107 2000 2000
10109 0800 0800
10112 4000 4000
10113 0001 0001
10117 0100 0100
10118 0002 0002
10121 0200 0200
10174 0008 0000
10175 0010 0000
10180 4000 0000
10184 8000 0000
10186 2000 0000
10187 0840 0000
10188 0120 0000
10194 0001 0000
10198 0002 0000
10199 0400 0000
10200 0080 0000
10201 1004 0000
10204 0200 0000
10208 0800 0800
10210 0004 0004
10211 0040 0040
10212 0100 0100
10215 8000 8000
10216 4080 4080
10219 0200 0200
10227 0021 0021
10235 0002 0002
10238 0008 0008
10241 0400 0400
10244 1000 1000
10247 2000 2000
10248 0010 0010
10292 0028 0028
10304 0200 0200
10306 6002 6002
10308 0800 0800
10312 1000 1000
10315 8000 8000
10316 0040 0040
10325 0404 0404
10326 0100 0100
10330 0080 0080
10331 0001 0001
10332 0010 0010
10375 0008 0000
10382 0600 0000
10383 0140 0000
10389 0020 0000
10396 2000 0000
10397 0010 0000
10399 4000 0000
10400 1000 0000
10402 0800 0000
10404 0002 0000
10407 0005 0000
10413 0080 0000
10414 8000 0000
10417 0010 0000
10418 0004 0000
10422 8000 0000
10430 4200 0000
10434 0100 0000
10437 0080 0000
10442 1000 0000
10443 0020 0000
10446 2000 0000
10452 0001 0000
10454 040a 0000
10455 0840 0000
10503 0400 0400
10504 4000 4000
10506 2000 2000
10510 8000 8000
10511 0008 0008
10513 0080 0080
10525 0040 0040
10527 0004 0004
10533 0800 0800
10537 0200 0200
10540 0022 0022
10545 8000 8000
10546 0200 0200
10548 0008 0008
10559 0004 0004
10561 2000 2000
10567 0002 0002
10570 4040 4040
10571 0001 0001
10572 1000 1000
10573 0520 0520
10575 0080 0080
10576 0800 0800
10580 0010 0010
10586 0080 0080
10594 0002 0002
10604 0020 0020
10605 0040 0040
10609 0008 0008
10615 0001 0001
10616 0004 0004
10667 0002 0000
10668 4001 0000
10670 0400 0000
10671 0010 0000
10672 0008 0000
10679 0100 0000
10682 0020 0000
10683 8800 0000
10690 1000 0000
10698 0004 0000
10700 0200 0000
10703 0080 0000
10707 2040 0000
10709 0002 0002
10710 0400 0400
10714 2000 2000
10724 0008 0008
10725 0040 0040
10731 0010 0010
10733 0004 0004
10737 0020 0020
10743 0800 0800
10744 1000 1000
10745 0080 0080
10746 0001 0001
10747 4000 4000
10748 0100 0100
10749 0200 0200
10750 2100 2100
10752 1400 1400
10755 0001 0001
10758 0002 0002
10760 0040 0040
10761 4020 4020
10766 0080 0080
10774 0010 0010
10776 0200 0200
10782 8800 8800
10784 0008 0008
10789 0004 0004
10826 0001 0000
10835 0100 0000
10836 4000 0000
10838 0004 0000
10839 0040 0000
10843 0400 0000
10846 8020 0000
10847 0808 0000
10848 0200 0000
10853 1000 0000
10854 0001 0000
10855 2000 0000
10857 0080 0000
10864 0010 0000
10872 0002 0000
10877 0400 0400
10878 0010 0010
10881 0a00 0a00
10884 0020 0020
10890 0001 0001
10891 1002 1002
10892 0008 0008
10895 0004 0004
10896 8100 8100
10898 2000 2000
10901 0040 0040
10902 4000 4000
10909 0080 0080
10931 2000 0000
10940 1000 0000
10944 4000 0000
10946 8000 0000
11001 0080 0000
11003 2000 0000
11004 4000 0000
11010 1000 0000
11014 0420 0000
11015 0100 0000
11016 0001 0000
11018 8000 0000
11019 0010 0000
11021 0800 0000
11030 0004 0000
11032 0040 0000
11033 0002 0000
11037 0008 0000
11040 0200 0000
11041 1000 1000
11043 0010 0010
11046 0008 0008
11049 0080 0080
11051 4000 4000
11052 0100 0100
11056 0020 0020
11061 0200 0200
11063 0004 0004
11064 0002 0002
11067 0001 0001
11068 a000 a000
11079 0400 0400
11080 0040 0040
11081 0800 0800
11126 0040 0040
11131 0420 0420
11136 1000 1000
11141 0800 0800
11145 4000 4000
11146 0100 0100
11153 0004 0004
11155 0081 0081
11157 0010 0010
11160 0008 0008
11161 2002 2002
11163 8000 8000
11166 0200 0200
11173 0010 0000
11175 8000 0000
11178 4000 0000
11182 3000 0000
11185 0020 0000
11188 0800 0000
11190 0140 0000
11191 0004 0000
11192 0400 0000
11196 0001 0000
11202 0200 0000
11207 0088 0000
11208 0002 0000
11254 4000 4000
11255 0200 0200
11259 0020 0020
11263 0100 0100
11264 0040 0040
11272 1802 1802
11276 0080 0080
11279 2000 2000
11281 0400 0400
11286 000c 000c
11288 8000 8000
11289 0010 0010
11290 0001 0001
11335 2000 0000
11337 0020 0000
11342 0080 0000
11348 0400 0000
11349 0100 0000
11350 0800 0000
11353 0001 0000
11354 0240 0000
11358 800c 0000
11362 0012 0000
11363 1000 0000
11373 4000 0000
11377 2000 0000
11378 0004 0000
11379 1000 0000
11381 0001 0000
11388 0040 0000
11391 0400 0000
11392 0020 0000
11395 0008 0000
11398 0002 0000
11403 0090 0000
11406 8000 0000
11410 0800 0000
11411 0200 0000
11413 0100 0000
11415 4000 0000
11545 0800 0000
11550 0040 0000
11554 0004 0000
11555 8000 0000
11561 0020 0000
11564 0002 0000
11565 4000 0000
11567 0001 0000
11569 0080 0000
11571 0100 0000
11574 0400 0000
11577 2010 0000
11579 0008 0000
11582 1000 0000
11583 0200 0000
11625 0010 0010
11628 0104 0104
11630 0800 0800
11641 0400 0400
11647 8000 8000
11648 0008 0008
11649 0202 0202
11655 0081 0081
11657 0020 0020
11659 0040 0040
11662 1000 1000
11663 4000 4000
11664 2000 2000
11669 1000 1000
11672 0040 0040
11674 0002 0002
11676 00a0 00a0
11677 0800 0800
11678 0004 0004
11679 0200 0200
11687 0100 0100
11691 0010 0010
11694 4000 4000
11697 0400 0400
11702 0001 0001
11704 2008 2008
11707 8000 8000
11833 4000 0000
11834 0004 0000
11838 0020 0000
11839 8000 0000
11840 0001 0000
11844 0080 0000
11853 0010 0000
11855 0008 0000
11862 0200 0000
11864 2000 0000
11866 1000 0000
11867 0040 0000
11868 0400 0000
11869 0802 0000
11870 0100 0000
11875 0004 0004
11876 0020 0020
11880 0008 0008
11882 8100 8100
11883 0001 0001
11884 0880 0880
11888 0240 0240
11895 0010 0010
11899 0002 0002
11902 1000 1000
11903 4000 4000
11905 2000 2000
11911 0400 0400
12002 0040 0000
12003 0400 0000
12009 0010 0000
12011 0002 0000
12014 0001 0000
12015 0080 0000
12017 8000 0000
12019 4000 0000
12022 0004 0000
12023 0020 0000
12029 1000 0000
12035 0800 0000
12037 0200 0000
12038 2000 0000
12039 0100 0000
12040 0008 0000
12086 0010 0010
12088 1000 1000
12089 8000 8000
12090 0008 0008
12096 0040 0040
12097 0100 0100
12099 0800 0800
12101 0020 0020
12104 0080 0080
12105 4002 4002
12112 2000 2000
12113 0400 0400
12115 0004 0004
12119 0200 0200
12120 0001 0001
12126 0001 0001
12128 0080 0080
12130 0200 0200
12131 1000 1000
12133 2000 2000
12135 4000 4000
12141 0040 0040
12142 0010 0010
12144 0020 0020
12146 0004 0004
12147 0100 0100
12148 0008 0008
12149 8000 8000
12150 0002 0002
12153 0400 0400
12156 0800 0800
12170 00a0 0000
12172 0100 0000
12174 0200 0000
12175 0010 0000
12177 8000 0000
12183 2001 0000
12184 1000 0000
12188 0008 0000
12189 0004 0000
12190 0400 0000
12193 4800 0000
12203 0002 0000
12205 0040 0000
12209 0020 0020
12216 1000 1000
12222 0100 0100
12233 0010 0010
12235 2002 2002
12240 0200 0200
12241 0001 0001
12250 0010 0000
12253 8000 0000
12258 0008 0000
12259 0020 0000
12262 0200 0000
12263 0400 0000
12268 0002 0000
12269 0040 0000
12271 0004 0000
12275 0080 0000
12277 1000 0000
12279 2000 0000
12280 0800 0000
12284 0100 0000
12286 4000 0000
12290 0001 0000
12334 0800 0800
12338 0002 0002
12339 0080 0080
12342 0040 0040
12343 0400 0400
12345 2000 2000
12354 4004 4004
12358 0008 0008
12359 8000 8000
12360 0020 0020
12371 0200 0200
12376 2000 0000
12381 0002 0000
12382 0080 0000
12386 8000 0000
12388 0008 0000
12389 0020 0000
12390 1000 0000
12392 0400 0000
12393 4000 0000
12396 0204 0000
12405 0811 0000
12408 0040 0000
12416 0100 0000
12464 0430 0000
12467 0100 0000
12469 0080 0000
12470 8000 0000
12478 0008 0000
12480 1002 0000
12482 0040 0000
12485 0001 0000
12492 0004 0000
12493 4000 0000
12496 0800 0000
12497 2200 0000
12501 0040 0000
12503 0002 0000
12504 0010 0000
12506 8000 0000
12510 0820 0000
12515 0004 0000
12519 0401 0000
12524 1200 0000
12528 0100 0000
12529 2000 0000
12533 4000 0000
12535 0080 0000
12538 0008 0000
12583 0100 0100
12589 5200 5200
12604 0010 0010
12607 0004 0004
12608 0400 0400
12609 2081 2081
12610 0040 0040
12611 0002 0002
12613 0008 0008
12615 8800 8800
12623 0020 0020
12711 0004 0000
12714 4000 4000
12719 0018 0000
12727 0020 0000
12732 0080 0000
12734 0002 0000
12737 2000 2000
12740 0040 0000
12742 0001 0000
12749 9000 9000
12875 0080 0080
12877 0001 0001
12885 2000 0000
12887 1000 0000
12888 0002 0002
12891 0008 0008
12899 8000 0000
12901 0004 0004
12907 4000 0000
12922 0001 0001
12925 0004 0004
12929 4008 4008
12934 0040 0040
12935 8000 8000
12938 0080 0080
12943 0800 0800
12946 0600 0600
12948 0020 0020
12953 0012 0012
12955 2000 2000
12957 1100 1100
12960 0200 0200
12968 0002 0002
12970 0800 0800
12971 0010 0010
12973 0020 0020
12974 0080 0080
12975 2000 2000
12977 0040 0040
12982 8000 8000
12983 4000 4000
12984 1001 1001
12985 0104 0104
12990 0400 0400
12995 0008 0008
13208 4000 0000
13212 8000 0000
13215 2000 0000
13229 1000 0000
13297 2000 0000
13302 0200 0000
13307 0100 0000
13311 0c00 0000
13312 4000 0000
13313 1000 0000
13331 8000 0000
13333 0002 0000
13334 0040 0000
13337 0020 0000
13338 1000 0000
13340 0001 0000
13343 4000 0000
13346 0080 0000
13347 0404 0000
13359 0100 0000
13360 2000 0000
13362 0008 0000
13365 8800 0000
13369 0010 0000
13371 0200 0000
13420 0400 0400
13426 8000 8000
13431 0008 0008
13433 0020 0020
13435 0202 0202
13438 1000 1000
13439 0100 0100
13441 0040 0040
13443 4000 4000
13445 2004 2004
13452 0010 0010
13454 0001 0001
13456 0800 0800
13457 0080 0080
13500 2000 2000
13502 0040 0040
13503 8000 8000
13504 0020 0020
13506 4000 4000
13512 0200 0200
13521 0400 0400
13523 0800 0800
13525 0100 0100
13526 0010 0010
13528 1000 1000
13535 0080 0080
13549 0010 0000
13557 0020 0000
13560 0102 0000
13564 0200 0000
13569 0040 0000
13573 0001 0000
13622 1000 0000
13670 0102 0000
13671 0024 0000
13673 8000 0000
13676 0800 0000
13679 0010 0000
13683 0001 0000
13685 4000 0000
13692 0200 0000
13695 2000 0000
13696 0008 0000
13697 0400 0000
13699 0040 0000
13701 1000 0000
13703 0080 0000
13792 0040 0040
13796 0080 0080
13798 0004 0004
13802 0801 0801
13804 0100 0100
13807 1400 1400
13810 2000 2000
13814 8000 8000
13815 0030 0030
13816 4000 4000
13817 0200 0200
13821 0008 0008
13826 0002 0002
13840 8000 0000
13843 2000 0000
13844 4000 0000
13845 0040 0000
13848 0001 0000
13851 0002 0000
13853 0100 0000
13854 0080 0000
13857 0008 0000
13858 0020 0000
13863 1000 0000
13864 0400 0000
13866 0004 0000
13868 0200 0000
13870 0800 0000
13873 0010 0000
13959 0108 0108
13962 0200 0200
13965 1000 1000
13971 0004 0004
13978 0010 0010
13983 8000 8000
13986 0080 0080
13987 0040 0040
13988 0400 0400
13991 0020 0020
13992 2800 2800
13994 0001 0001
13995 0002 0002
13997 4000 4000
14000 0040 0040
14001 0002 0002
14002 0100 0100
14011 8000 8000
14016 4000 4000
14017 0004 0004
14018 0020 0020
14019 0008 0008
14022 0001 0001
14023 0080 0080
14027 0400 0400
14028 1000 1000
14029 0800 0800
14039 2010 2010
14041 0200 0200
14125 0022 0000
14126 4000 0000
14127 2000 0000
14128 0001 0000
14139 8000 0000
14142 0400 0000
14144 0004 0000
14150 0040 0000
14154 1800 0000
14155 0018 0000
14157 0200 0000
14159 0080 0000
14161 0100 0000
14173 0800 0800
14178 0020 0020
14182 0002 0002
14184 2000 2000
14189 0080 0080
14192 0100 0100
14193 0205 0205
14194 1400 1400
14196 8000 8000
14198 0018 0018
14207 4040 4040
14251 0800 0000
14252 4000 0000
14257 0400 0000
14259 8000 0000
14265 0040 0000
14267 0080 0000
14268 3000 0000
14269 0020 0000
14274 0008 0000
14275 0010 0000
14276 0200 0000
14284 0004 0000
14288 0100 0000
14290 0001 0000
14291 0002 0000
14292 0200 0000
14294 0040 0000
14295 0080 0000
14298 0008 0000
14299 0800 0000
14305 0001 0000
14307 0002 0000
14309 8000 0000
14312 0020 0000
14317 0004 0000
14318 1400 0000
14325 0010 0000
14329 4000 0000
14330 0100 0000
14332 2000 0000
14334 2010 2010
14337 0080 0080
14338 0100 0100
14345 1402 1402
14347 8000 8000
14351 0005 0005
14353 0020 0020
14366 0800 0800
14367 4200 4200
14370 0040 0040
14373 0008 0008
14376 0800 0800
14377 8002 8002
14383 0100 0100
14384 0010 0010
14387 4000 4000
14390 2000 2000
14392 0400 0400
14394 0001 0001
14397 0080 0080
14401 0040 0040
14402 0004 0004
14409 0008 0008
14411 0200 0200
14413 1020 1020
14418 0003 0000
14419 0c00 0000
14420 0020 0000
14421 2000 0000
14422 0040 0000
14436 0010 0000
14440 0100 0000
14449 1200 0000
14450 4000 0000
14452 0008 0000
14453 0004 0000
14455 8000 0000
14456 0080 0000
14501 2000 2000
14503 0800 0800
14504 0002 0002
14505 0080 0080
14510 8000 8000
14515 0100 0100
14518 0009 0009
14520 0010 0010
14521 1400 1400
14522 0040 0040
14529 0004 0004
14535 0200 0200
14536 4020 4020
14551 8000 8000
14555 0800 0800
14563 0400 0400
14564 2000 2000
14570 1000 1000
14572 0010 0010
14579 4200 4200
14583 0100 0100
14625 0100 0000
14629 4000 0000
14630 2200 0000
14631 0002 0000
14636 0020 0000
14639 0040 0000
14640 0090 0000
14641 0004 0000
14645 8000 0000
14652 1000 0000
14653 0801 0000
14655 0400 0000
14657 0008 0000
14670 0400 0400
14671 8002 8002
14672 1000 1000
14673 0020 0020
14674 4000 4000
14677 2000 2000
14680 0100 0100
14686 0001 0001
14694 0040 0040
14699 0800 0800
14700 0088 0088
14703 0010 0010
14706 0004 0004
14707 0200 0200
14751 0100 0000
14760 0002 0000
14761 2000 0000
14763 0200 0000
14766 0400 0000
14767 1000 0000
14773 0080 0000
14777 0001 0000
14782 0028 0000
14783 4004 0000
14788 8000 0000
14789 0010 0000
14790 0800 0000
14791 0060 0020
14793 0001 0001
14801 0080 0080
14802 1000 1000
14818 8010 8010
14819 0040 0040
14821 0804 0804
14825 4000 4000
14827 0400 0400
14830 2200 2200
14832 0102 0102
14833 0008 0008
14917 0100 0000
14923 0001 0000
14924 4002 0000
14926 1000 0000
14927 0080 0000
14930 0400 0000
14933 0010 0000
14939 2000 0000
14940 0004 0000
14941 0208 0000
14944 0040 0000
14950 0020 0000
14953 0800 0000
14956 8000 0000
15084 0800 0800
15097 0080 0080
15098 1200 1200
15102 0028 0028
15103 2000 2000
15106 0010 0010
15109 0040 0040
15110 0001 0001
15113 8000 8000
15114 0002 0002
15115 0400 0400
15117 0100 0100
15120 4004 4004
15125 0080 0000
15131 2000 0000
15132 0200 0000
15141 1000 0000
15142 4800 0000
15151 0012 0000
15155 0009 0000
15156 0440 0000
15161 0100 0000
15162 0004 0000
15163 0020 0000
15166 8080 0080
15169 0010 0010
15170 0400 0400
15173 0800 0800
15174 1000 1000
15175 0008 0008
15177 2000 2000
15184 8000 8000
15193 0004 0004
15197 0202 0202
15201 0001 0001
15204 4140 4140
15205 0020 0020
15209 0100 0100
15218 0028 0028
15220 0040 0040
15221 0010 0010
15225 1000 1000
15226 0002 0002
15227 0004 0004
15229 0c00 0c00
15230 0001 0001
15233 0080 0080
15238 a000 a000
15240 4000 4000
15247 0200 0200
15251 8000 0000
15253 0800 0000
15267 0080 0000
15279 4000 0000
15283 2000 0000
15290 0008 0000
15292 1000 1000
15294 8000 8000
15299 0200 0200
15304 4000 4000
15306 2008 2008
15310 0020 0020
15311 0110 0110
15312 0001 0001
15316 0800 0800
15320 0080 0080
15322 0040 0040
15325 0002 0002
15331 0004 0004
15337 0001 0000
15338 0008 0000
15339 0100 0000
15346 0020 0000
15351 0040 0000
15352 0004 0000
15353 0800 0000
15362 1080 0000
15363 2000 0000
15365 8200 0000
15366 0002 0000
15368 0400 0000
15372 0010 0000
15374 4000 0000
15376 0800 0000
15377 4000 0000
15379 0020 0000
15381 0100 0000
15383 0400 0000
15390 0001 0000
15391 0004 0000
15394 1000 0000
15395 0080 0000
15396 0002 0000
15397 0008 0000
15398 2000 0000
15401 8000 0000
15412 0050 0000
15413 0200 0000
15461 0004 0004
15462 0400 0400
15463 0010 0010
15472 0080 0080
15473 2048 2048
15477 0020 0020
15481 0003 0003
15484 0200 0200
15485 8800 8800
15490 4000 4000
15495 0100 0100
15499 1000 1000
15502 2000 0000
15505 4000 0000
15506 0100 0000
15508 1004 0000
15511 0010 0000
15513 8000 0000
15516 0002 0000
15517 0008 0000
15519 0001 0000
15520 0020 0000
15526 0800 0000
15527 0040 0000
15531 0400 0000
15533 0200 0000
15536 0080 0000
15586 1000 0000
15587 0100 0000
15590 0008 0000
15594 4000 0000
15595 0001 0000
15596 2800 0000
15597 0004 0000
15598 8000 0000
15601 0400 0000
15604 0080 0000
15607 0200 0000
15612 0020 0000
15616 0040 0000
15617 0002 0000
15623 0010 0000
15671 0002 0002
15673 0400 0400
15674 0080 0080
15676 2000 2000
15679 0010 0010
15682 0004 0004
15686 1000 1000
15689 0800 0800
15693 0300 0300
15696 4001 4001
15698 0008 0008
15702 0060 0060
15703 8000 8000
15752 0080 0000
15753 3008 0000
15754 0102 0000
15759 8000 0000
15765 0004 0000
15769 0010 0000
15774 4000 0000
15775 0800 0000
15776 0200 0000
15777 0020 0000
15779 0040 0000
15784 0400 0000
15787 0001 0000
15840 1800 0000
15842 4000 0000
15845 0002 0000
15850 0200 0000
15855 8010 0000
15859 0080 0000
15860 0100 0000
15862 0020 0000
15863 2000 0000
15864 0001 0000
15865 0040 0000
15867 0004 0000
15870 0408 0000
15877 4400 4400
15878 0020 0020
15889 0802 0802
15894 0200 0200
15895 1000 1000
15896 0040 0040
15902 0010 0010
15905 0004 0004
15908 0080 0080
15911 0008 0008
15912 0001 0001
15913 a000 a000
15916 0100 0100
15962 0002 0000
15963 0018 0000
15968 0020 0000
15969 4000 0000
15970 8000 0000
15976 0001 0000
15978 0800 0000
15979 1000 0000
15981 0040 0000
15982 0200 0000
15984 0400 0000
15985 2080 0000
15989 0004 0000
15994 0100 0000
16002 0100 0000
16007 0084 0000
16008 0008 0000
16012 0040 0000
16013 8000 0000
16022 1610 0000
16025 0803 0000
16027 2000 0000
16034 0020 0000
16036 4000 0000
16041 0200 0200
16042 0840 0840
16043 4000 4000
16047 1000 1000
16051 0002 0002
16055 0004 0004
16062 0008 0008
16063 0010 0010
16065 0400 0400
16072 00a0 00a0
16074 0001 0001
16075 0100 0100
16077 2000 2000
16079 8000 8000
16111 0808 0808
16114 8000 8000
16115 0080 0080
16168 0400 0000
16181 0004 0000
16182 0088 0000
16183 8200 0000
16184 0100 0000
16188 0020 0000
16190 1000 0000
16193 0010 0000
16194 0040 0000
16197 4801 0000
16203 2002 0000
16252 0002 0000
16261 1040 0000
16262 0080 0000
16263 0820 0000
16264 0200 0000
16267 0400 0000
16268 4000 0000
16272 8000 0000
16276 0004 0000
16282 0001 0000
16286 2100 0000
16287 0010 0000
16288 0008 0000
16338 4000 4000
16342 0040 0040
16345 0210 0210
16347 0002 0002
16350 0005 0005
16351 0400 0400
16352 0100 0100
16362 0020 0020
16364 0800 0800
16367 2000 2000
16369 1000 1000
16370 0008 0008
16371 0080 0080
16373 8000 8000
16421 0800 0000
16423 0104 0000
16424 4010 0000
16427 0040 0000
16434 2000 0000
16436 0001 0000
16444 0400 0000
16451 8080 0000
16452 0220 0000
16455 1008 0000
16456 0002 0000
16459 0080 0080
16460 0008 0008
16462 8800 8800
16489 4400 4400
16503 0020 0020
16505 4002 4002
16508 0200 0200
16509 0400 0400
16511 2000 2000
16513 0080 0080
16515 0010 0010
16518 1000 1000
16520 0040 0040
16523 0004 0004
16524 0800 0800
16526 0008 0008
16534 8000 8000
16537 0100 0100
16539 0001 0001
16544 2000 2000
16545 0001 0001
16547 0008 0008
16552 0020 0020
16555 4080 4080
16558 1000 1000
16560 0100 0100
16564 0400 0400
16571 0200 0200
16573 0800 0800
16574 0040 0040
16578 8000 8000
16579 0002 0002
16580 0014 0014
16583 2000 0000
16585 0100 0000
16593 0040 0000
16597 0208 0000
16603 0030 0000
16606 0800 0000
16607 0004 0000
16609 8000 0000
16616 0001 0000
16617 4000 0000
16619 0080 0000
16621 0002 0000
16622 1000 0000
16624 0400 0000
16667 1000 1000
16672 8000 8000
16677 0200 0200
16678 0400 0400
16680 0008 0008
16683 0800 0800
16695 0040 0040
16697 0012 0012
16699 0080 0080
16700 4100 4100
16701 0020 0020
16702 0001 0001
16704 2000 2000
16708 0004 0004
16709 0100 0100
16714 1000 1000
16722 0002 0002
16725 2080 2080
16726 0010 0010
16728 0008 0008
16733 0024 0024
16739 4000 4000
16741 0800 0800
16742 0001 0001
16743 0200 0200
16744 8000 8000
16746 0040 0040
16747 0400 0400
16837 0800 0000
16838 1040 0000
16839 0008 0000
16848 0100 0000
16850 0010 0000
16853 2000 0000
16857 0200 0000
16860 0004 0000
16867 0400 0000
16869 0001 0000
16871 4002 0000
16872 0080 0000
16873 8020 0000
16918 0200 0200
16924 0002 0002
16927 0010 0010
16932 0008 0008
16934 0800 0800
16935 0040 0040
16936 8000 8000
16938 0080 0080
16941 0020 0020
16943 0001 0001
16947 4000 4000
16949 0004 0004
16951 1000 1000
16953 2400 2400
16957 0100 0100
17173 0200 0000
17178 0900 0000
17180 0020 0000
17181 4000 0000
17182 8000 0000
17183 0004 0000
17188 0001 0000
17190 0080 0000
17191 0002 0000
17196 0408 0000
17200 1000 0000
17202 0010 0000
17206 2040 0000
17334 0020 0020
17336 0800 0800
17342 4000 4000
17343 0002 0002
17345 0001 0001
17350 0400 0400
17355 2000 2000
17357 1000 1000
17364 8000 8000
17367 0188 0188
17369 0010 0010
17371 0200 0200
17373 0040 0040
17374 0004 0004
17404 0010 0000
17407 1000 0000
17408 0100 0000
17416 0001 0000
17417 0200 0000
17418 0400 0000
17423 0002 0000
17424 0800 0000
17427 0040 0000
17434 0020 0000
17437 1100 0000
17438 4000 0000
17439 0080 0000
17440 8000 0000
17441 0004 0000
17442 0008 0000
17444 2000 0000
17450 0001 0000
17453 0010 0000
17500 0800 0800
17502 2000 2000
17503 0002 0002
17515 0004 0004
17517 1000 1000
17522 0008 0008
17524 0400 0400
17525 0040 0040
17527 0080 0080
17532 0210 0210
17534 8000 8000
17536 0020 0020
17537 0100 0100
17540 4000 4000
17541 0001 0001
17625 0100 0100
17629 0002 0002
17632 2000 2000
17634 0200 0200
17639 0009 0009
17642 0400 0400
17644 0800 0800
17647 8000 8000
17648 4004 4004
17649 0040 0040
17655 0010 0010
17658 1000 1000
17659 00a0 00a0
17792 0002 0000
17793 0004 0000
17795 0008 0000
17796 0100 0000
17798 1000 0000
17807 2000 0000
17808 0410 0000
17816 0020 0000
17817 8000 0000
17818 0081 0000
17819 4000 0000
17822 0040 0000
17825 0800 0000
17827 0200 0000
17834 2000 0000
17838 4000 0000
17841 1a00 0000
17850 0020 0000
17852 0400 0000
17854 0041 0000
17858 0008 0000
17859 0080 0000
17861 0010 0000
17864 8000 0000
17867 0004 0000
17868 0100 0000
17871 0002 0000
17877 0080 0000
17880 0008 0000
17887 0004 0000
17888 0002 0000
17890 0200 0000
17892 0040 0000
17895 8000 0000
17899 0020 0000
17906 0800 0000
17908 0400 0000
17910 4000 0000
17915 2000 0000
18008 0800 0000
18009 2000 0000
18016 1008 0000
18017 0004 0000
18018 0020 0000
18021 0400 0000
18022 8000 0000
18023 0010 0000
18025 0040 0000
18026 0200 0000
18030 4000 0000
18032 0002 0000
18033 0081 0000
18038 0100 0000
18126 1004 1004
18129 0008 0008
18131 0003 0003
18134 2000 2000
18135 0200 0200
18140 0800 0800
18143 4000 4000
18147 0140 0140
18150 8010 8010
18151 0020 0020
18156 0400 0400
18157 0080 0080
18174 4020 4020
18177 0100 0100
18178 0400 0400
18180 8000 8000
18181 2000 2000
18182 0200 0200
18191 0010 0010
18194 0040 0040
18195 1080 1080
18197 0008 0008
18198 0004 0004
18199 0001 0001
18202 0002 0002
18208 0800 0800
18216 0100 0000
18218 0001 0000
18224 1000 0000
18242 0010 0000
18251 00a0 0000
18253 2000 0000
18254 0200 0000
18257 0004 0000
18258 0800 0000
18260 0002 0000
18262 1000 0000
18268 0100 0000
18270 8000 0000
18272 0041 0000
18283 0400 0000
18287 0010 0000
18290 4008 0000
18378 4000 4000
18382 0004 0004
18386 0010 0010
18387 0280 0280
18392 0001 0001
18395 0100 0100
18397 1000 1000
18398 0002 0002
18403 2000 2000
18405 0040 0040
18408 8008 8008
18410 0820 0820
18414 0400 0400
18419 0200 0000
18420 0010 0000
18422 8000 0000
18427 0002 0000
18429 4000 0000
18430 0004 0000
18431 0001 0000
18433 0800 0000
18435 0040 0000
18436 1000 0000
18437 0100 0000
18442 0080 0000
18448 0400 0000
18450 2000 0000
18453 0008 0000
18457 0020 0000
18501 0001 0000
18502 0014 0000
18504 0120 0000
18512 0080 0000
18516 8040 0000
18523 4000 0000
18524 0008 0000
18528 0002 0000
18537 2000 0000
18539 0600 0000
18540 1800 0000
18631 1110 1110
18634 0004 0004
18639 0200 0200
18643 0800 0800
18646 0402 0402
18647 0080 0080
18649 2000 2000
18652 0020 0020
18655 0001 0001
18657 0008 0008
18661 4000 4000
18664 0040 0040
18665 8000 8000
18667 0004 0004
18670 0400 0400
18672 0008 0008
18674 0001 0001
18676 0040 0040
18678 8000 8000
18688 1010 1010
18691 0020 0020
18694 0002 0002
18695 2800 2800
18697 0080 0080
18703 0100 0100
18705 4000 4000
18707 0200 0200
18710 0004 0000
18712 0002 0000
18713 4000 0000
18717 0040 0000
18719 0010 0000
18722 0100 0000
18727 2000 0000
18732 0080 0000
18736 8000 0000
18737 0020 0000
18738 0200 0000
18739 0400 0000
18741 1000 0000
18745 0801 0000
18746 0008 0000
18750 2000 0000
18760 0080 0000
18763 0048 0000
18764 0520 0000
18765 1200 0000
18768 0011 0000
18774 8000 0000
18779 0002 0000
18789 0800 0000
18790 4000 0000
18791 0004 0000
18834 0024 0024
18835 0100 0100
18838 0010 0010
18839 0040 0040
18841 0800 0800
18843 2000 2000
18845 0400 0400
18846 0001 0001
18856 4000 4000
18860 1000 1000
18865 8000 8000
18866 0002 0002
18868 0088 0088
18871 0200 0200
18875 0410 0410
18878 8000 8000
18881 1100 1100
18888 0002 0002
18890 0080 0080
18894 0020 0020
18901 004c 004c
18902 0001 0001
18911 0800 0800
18912 4000 4000
18913 0200 0200
18916 2000 2000
18960 4000 4000
18963 8000 8000
18971 0010 0010
18979 1408 1408
18980 0080 0080
18986 0002 0002
18989 0040 0040
18990 0201 0201
18991 0020 0020
18993 2000 2000
18994 0004 0004
18996 0800 0800
18999 0100 0100
19000 0400 0000
19001 0008 0000
19005 0004 0000
19008 0001 0000
19009 0002 0000
19018 0300 0000
19023 0010 0000
19024 0020 0000
19025 0880 0000
19026 3000 0000
19029 8000 0000
19030 0040 0000
19040 4000 0000
19175 0001 0001
19177 0200 0200
19185 0040 0040
19189 0004 0004
19190 2080 2080
19191 0010 0010
19192 0002 0002
19194 0408 0408
19197 0800 0800
19198 0020 0020
19200 1000 1000
19205 0100 0100
19206 8000 8000
19207 4000 4000
19212 0004 0004
19221 0010 0010
19222 1000 1000
19227 0002 0002
19229 0001 0001
19231 4000 4000
19232 a008 a008
19236 0020 0020
19238 0040 0040
19239 0100 0100
19242 0200 0200
19243 0400 0400
19244 0080 0080
19249 0800 0800
19250 0004 0000
19259 0100 0000
19261 1000 0000
19262 0008 0000
19266 4000 0000
19268 8000 0000
19269 0010 0000
19270 0080 0000
19271 0420 0000
19277 0001 0000
19282 0800 0000
19285 0200 0000
19287 0040 0000
19289 2002 0000
19378 0100 0100
19384 8000 8000
19385 0400 0400
19387 0040 0040
19388 0002 0002
19389 0880 0880
19391 0200 0200
19394 0001 0001
19399 0008 0008
19400 0030 0030
19401 1000 1000
19403 2000 2000
19406 4004 4004
19460 0880 0000
19461 0010 0000
19465 2041 0000
19468 0100 0000
19470 4000 0000
19472 0400 0000
19477 0004 0000
19478 8008 0000
19486 1020 0000
19498 0202 0000
19500 4000 0000
19503 0020 0000
19506 8000 0000
19507 0400 0000
19511 2000 0000
19512 1002 0000
19522 0001 0000
19526 0010 0000
19531 0008 0000
19533 0100 0000
19534 02c0 0000
19537 0800 0000
19538 0004 0000
19626 0008 0008
19634 0002 0002
19635 0800 0800
19638 0100 0100
19639 0001 0001
19640 0020 0020
19643 0010 0010
19644 2400 2400
19653 4200 4200
19654 1000 1000
19655 8000 8000
19659 0080 0080
19661 0044 0044
19667 0008 0008
19668 1000 1000
19669 0100 0100
19672 0004 0004
19677 0002 0002
19678 0080 0080
19680 0c00 0c00
19684 0010 0010
19685 4000 4000
19686 0200 0200
19688 2000 2000
19690 0001 0001
19694 0020 0020
19696 8000 8000
19701 0040 0040
19709 0080 0080
19710 0004 0004
19714 0400 0400
19716 0010 0010
19724 0002 0002
19726 c000 c000
19730 2000 2000
19731 0040 0040
19732 1000 1000
19736 0001 0001
19738 0900 0900
19739 0020 0020
19748 0208 0208
19750 8080 0000
19755 0800 0000
19757 0001 0000
19759 0040 0000
19763 2000 0000
19765 0002 0000
19773 4000 0000
19776 0020 0000
19778 0004 0000
19780 0010 0000
19781 0200 0000
19785 0108 0000
19789 0400 0000
19790 1000 0000
19834 0080 0080
19839 0018 0018
19843 0800 0800
19845 0100 0100
19847 8000 8000
19848 2000 2000
19850 0040 0040
19856 0020 0020
19865 4600 4600
19866 0001 0001
19871 1000 1000
19872 0006 0006
19961 0008 0000
19966 0010 0000
19967 0100 0000
19971 4000 0000
19973 0004 0000
19979 1000 0000
19980 0200 0000
19982 8040 0000
19983 0400 0000
19986 0002 0000
19991 0080 0000
19996 2000 0000
19997 0820 0000
19999 0001 0000
20003 1000 0000
20004 0082 0000
20006 0104 0000
20007 0420 0000
20010 0018 0000
20011 4000 0000
20017 0040 0000
20018 0800 0000
20026 0001 0000
20027 8000 0000
20033 2000 0000
20035 0200 0000
20166 0200 0200
20172 0400 0400
20173 0008 0008
20175 0004 0004
20176 0100 0100
20183 0002 0002
20185 0810 0810
20190 2000 2000
20191 00a0 00a0
20194 0040 0040
20200 0001 0001
20201 8000 8000
20207 5000 5000
20303 0002 0000
20308 0840 0000
20309 0408 0000
20312 0200 0000
20317 0020 0000
20320 0004 0000
20326 0100 0000
20327 0010 0000
20330 0080 0000
20333 0001 0000
20459 0400 0400
20463 0210 0210
20464 0040 0040
20465 0004 0004
20467 0100 0100
20471 2002 2002
20475 0001 0001
20479 8000 8000
20484 0020 0020
20491 1000 1000
20492 0008 0008
20494 4080 4080
20496 0800 0800
20500 0400 0000
20501 0004 0000
20505 2000 0000
20509 0201 0000
20510 4000 0000
20511 0010 0000
20515 0020 0000
20523 0002 0000
20525 1080 0000
20528 0008 0000
20535 0840 0000
20539 8100 0000
20547 2000 0000
20557 0010 0000
20558 8000 0000
20561 0900 0000
20564 0002 0000
20565 0001 0000
20571 1000 0000
20572 4000 0000
20573 0004 0000
20575 0400 0000
20576 0020 0000
20577 0040 0000
20578 0200 0000
20579 0008 0000
20581 0080 0000
20676 2000 2000
20678 0020 0020
20681 0002 0002
20683 0200 0200
20687 0100 0100
20699 0010 0010
20701 0001 0001
20708 1000 1000
20751 0040 0040
20754 1000 1000
20756 4000 4000
20758 8200 8200
20761 2000 2000
20762 0400 0400
20770 0010 0010
20778 0008 0008
20780 0100 0100
20783 0002 0002
20785 0801 0801
20787 0080 0080
20789 0024 0024
20796 0020 0000
20797 0001 0000
20798 0010 0000
20799 0200 0000
20802 0080 0000
20803 0500 0000
20805 4000 0000
20806 0002 0000
20807 1000 0000
20808 2000 0000
20816 8008 0000
20828 0004 0000
20831 0800 0000
20833 0040 0000
20835 0020 0000
20837 0004 0000
20838 1000 0000
20844 0002 0000
20846 0200 0000
20847 0040 0000
20850 2000 0000
20851 0080 0000
20853 0100 0000
20855 0001 0000
20856 0018 0000
20858 8000 0000
20861 4400 0000
20866 0800 0000
20917 0240 0240
20922 0020 0020
20931 0100 0100
20932 0080 0080
20933 8000 8000
20938 0800 0800
20939 0004 0004
20950 4410 4410
20951 2000 2000
20952 0002 0002
20953 0009 0009
20957 1000 1000
20960 0080 0000
20962 0004 0000
20963 4000 0000
20966 8800 0000
20967 0010 0000
20975 1040 0000
20981 0008 0000
20984 0400 0000
20985 0020 0000
20987 2000 0000
20988 0002 0000
20995 0100 0000
20996 0200 0000
20997 0001 0000
21000 0800 0000
21003 0001 0000
21005 0008 0000
21008 0080 0000
21009 0010 0000
21017 2000 0000
21018 0200 0000
21021 1000 0000
21027 0020 0000
21031 0004 0000
21032 4000 0000
21035 0500 0000
21038 0002 0000
21040 8040 0000
21043 4200 4200
21045 2001 2001
21046 0800 0800
21050 0100 0100
21055 8000 8000
21056 0004 0004
21059 1000 1000
21062 00c0 00c0
21073 0002 0002
21077 0010 0010
21078 0008 0008
21079 0400 0400
21083 0020 0020
21127 2040 0000
21129 0001 0000
21130 0c00 0000
21131 0100 0000
21135 0008 0000
21136 0002 0000
21138 0200 0000
21141 0080 0000
21144 4000 0000
21147 8000 0000
21154 1000 0000
21157 0030 0000
21166 0004 0000
21170 0008 0000
21173 0010 0000
21175 0080 0000
21176 0002 0000
21177 0200 0000
21178 0020 0000
21183 8000 0000
21184 0001 0000
21185 0040 0000
21186 0400 0000
21191 2000 0000
21192 0004 0000
21193 0100 0000
21194 1000 0000
21200 0800 0000
21201 4000 0000
21255 0004 0004
21258 2000 2000
21259 4000 4000
21261 0200 0200
21262 0400 0400
21264 0080 0080
21266 0002 0002
21267 0001 0001
21270 0010 0010
21274 8008 8008
21275 0040 0040
21283 0020 0020
21285 0100 0100
21286 0800 0800
21290 1000 1000
21417 0091 0091
21418 0100 0100
21432 4000 4000
21433 0200 0200
21434 8004 8004
21435 0800 0800
21439 0040 0040
21442 0400 0400
21443 1000 1000
21447 0008 0008
21449 0020 0020
21450 0002 0002
21454 2000 2000
21667 0200 0000
21668 4002 0000
21669 0008 0000
21680 0004 0000
21691 8000 0000
21692 0c80 0000
21693 0010 0000
21694 0060 0000
21697 0100 0000
21698 2000 0000
21699 0001 0000
21701 1000 0000
21711 1000 1000
21712 0004 0004
21713 0008 0008
21714 0010 0010
21716 0200 0200
21717 2000 2000
21718 0020 0020
21719 0102 0102
21724 4000 4000
21725 0001 0001
21728 0840 0840
21730 0400 0400
21733 0080 0080
21747 8000 8000
21839 0010 0000
21843 0002 0000
21844 0080 0000
21849 1000 0000
21852 0001 0000
21853 0040 0000
21856 0600 0000
21862 2800 0000
21864 4000 0000
21867 8100 0000
21869 0024 0000
21874 0008 0000
21877 0001 0000
21884 1000 0000
21887 8402 0000
21888 0040 0000
21897 0900 0000
21899 0014 0000
21901 0080 0000
21902 0008 0000
21908 0020 0000
21910 0200 0000
21913 2000 0000
21915 4000 0000
21923 1000 1000
21924 0200 0200
21925 2000 2000
21926 0400 0400
21928 0004 0004
21929 0100 0100
21932 0008 0008
21934 0002 0002
21947 0010 0010
21949 4000 4000
21951 00c0 00c0
21952 8001 8001
21955 0800 0800
21957 0020 0020
22008 2000 2000
22010 0001 0001
22011 0800 0800
22015 0004 0004
22016 1000 1000
22019 0020 0020
22021 0002 0002
22024 0010 0010
22025 4000 4000
22026 0100 0100
22028 0040 0040
22032 8000 8000
22033 0600 0600
22035 0008 0008
22041 0080 0080
22167 0100 0000
22168 0010 0000
22170 0200 0000
22172 0400 0000
22173 2000 0000
22180 8002 0000
22183 0001 0000
22184 0004 0000
22189 1000 0000
22190 0080 0000
22192 0800 0000
22194 0040 0000
22196 0008 0000
22202 4000 0000
22205 0020 0000
22208 0100 0100
22214 0001 0001
22218 0080 0080
22219 0020 0020
22220 0802 0802
22224 2000 2000
22226 0400 0400
22228 0008 0008
22230 1000 1000
22234 0050 0050
22238 0200 0200
22239 0004 0004
22241 4000 4000
22248 8000 8000
22250 0008 0008
22251 0082 0082
22253 0020 0020
22260 0800 0800
22265 1000 1000
22266 0010 0010
22268 6000 6000
22269 0200 0200
22270 8000 8000
22271 0400 0400
22277 0005 0005
22278 0100 0100
22285 0040 0040
22294 1000 0000
22303 0400 0000
22308 0200 0000
22313 0018 0000
22314 0100 0000
22317 0022 0000
22321 0040 0000
22322 0880 0000
22326 0001 0000
22327 0004 0000
22329 8000 0000
22331 2000 0000
22332 4000 0000
22334 0040 0000
22340 1a00 0000
22341 0010 0000
22348 0080 0000
22351 0100 0000
22352 0020 0000
22358 0004 0000
22363 0400 0000
22364 2000 0000
22368 0008 0000
22370 0001 0000
22371 c000 0000
22373 0002 0000
22502 0010 0010
22508 0002 0002
22509 0020 0020
22511 2000 2000
22513 4000 4000
22515 8000 8000
22518 0400 0400
22522 0008 0008
22523 0040 0040
22525 1004 1004
22531 0100 0100
22533 0200 0200
22535 0080 0080
22536 0001 0001
22539 0800 0800
22585 8000 0000
22587 0010 0000
22588 0001 0000
22589 0020 0000
22592 0080 0000
22593 0100 0000
22597 0040 0000
22598 0600 0000
22604 2800 0000
22605 0004 0000
22610 0002 0000
22614 1000 0000
22617 0008 0000
22620 4000 0000
22628 0040 0000
22629 0080 0000
22632 0800 0000
22636 8000 0000
22639 4000 0000
22640 0400 0000
22643 0100 0000
22644 0020 0000
22648 0008 0000
22651 0200 0000
22652 0003 0000
22654 0010 0000
22661 1000 0000
22663 0004 0000
22664 2000 0000
22839 4001 4001
22841 0040 0040
22846 0010 0010
22851 0800 0800
22854 2000 2000
22855 8000 8000
22856 000c 000c
22861 0180 0180
22863 1000 1000
22866 0020 0020
22868 0400 0400
22872 0200 0200
22873 0002 0002
22876 2000 2000
22880 0080 0080
22883 0500 0500
22886 0048 0048
22887 0a00 0a00
22893 4000 4000
22896 0010 0010
22898 0004 0004
22903 8020 8020
22904 0001 0001
22913 0002 0002
22958 0001 0000
22960 0800 0000
22962 0204 0000
22964 0100 0000
22965 0002 0000
22967 0400 0000
22969 4020 0000
22973 0080 0000
22974 1000 0000
22975 0048 0000
22989 2000 0000
22994 0010 0000
22999 8000 0000
23001 4000 4000
23003 0400 0400
23006 0080 0080
23007 0100 0100
23008 0040 0040
23009 0a00 0a00
23016 1000 1000
23021 0001 0001
23023 000c 000c
23025 8000 8000
23026 2000 2000
23031 0002 0002
23032 0030 0030
23043 1000 0000
23045 2000 0000
23054 0010 0000
23056 0500 0000
23057 0020 0000
23065 0008 0000
23067 0840 0000
23068 0004 0000
23069 4200 0000
23071 0001 0000
23075 0080 0000
23077 8000 0000
23078 0002 0000
23086 8008 8008
23090 1000 1000
23091 00c0 00c0
23096 0001 0001
23100 0400 0400
23101 0020 0020
23103 0800 0800
23105 4000 4000
23111 0210 0210
23114 0002 0002
23115 0004 0004
23117 0100 0100
23124 2000 2000
23127 0800 0800
23128 0010 0010
23133 0100 0100
23135 1000 1000
23137 6000 6000
23138 0004 0004
23142 0001 0001
23143 0080 0080
23145 0200 0200
23150 0040 0040
23152 8000 8000
23155 0008 0008
23156 0020 0020
23158 0400 0400
23161 0002 0002
23169 0200 0000
23172 8000 0000
23179 0400 0000
23181 0080 0000
23185 6000 0000
23186 0110 0000
23187 0008 0000
23191 0002 0000
23194 0004 0000
23195 0040 0000
23196 0020 0000
23198 0800 0000
23205 0001 0000
23207 1000 0000
23211 0104 0000
23213 0020 0000
23217 0010 0000
23220 0080 0000
23227 8000 0000
23230 4000 0000
23232 0800 0000
23235 0008 0000
23236 0040 0000
23237 2001 0000
23238 0200 0000
23240 1000 0000
23244 0400 0000
23245 0002 0000
23291 0004 0000
23293 1100 0000
23296 8000 0000
23302 0200 0000
23303 0002 0000
23306 0020 0000
23307 2000 0000
23309 0040 0000
23314 0001 0000
23316 4000 0000
23318 0808 0000
23320 0080 0000
23323 0400 0000
23329 0010 0000
23335 2000 2000
23336 0008 0008
23339 0020 0020
23340 0002 0002
23342 0200 0200
23343 0010 0010
23347 8000 8000
23352 4000 4000
23358 0004 0004
23360 1400 1400
23365 0040 0040
23370 0100 0100
23371 0800 0800
23372 0001 0001
23374 0080 0080
23417 0200 0200
23418 0008 0008
23419 0012 0012
23420 2000 2000
23426 0020 0020
23427 0500 0500
23439 1000 1000
23442 8000 8000
23443 0001 0001
23444 0004 0004
23446 4000 4000
23448 0080 0080
23452 0040 0040
23455 0800 0800
23502 0800 0000
23507 0400 0000
23508 0040 0000
23510 0200 0000
23511 1000 0000
23512 0100 0000
23521 4080 0000
23522 8000 0000
23525 0020 0000
23528 0008 0000
23535 0005 0000
23536 2010 0000
23540 0002 0000
23542 0080 0000
23543 c020 0000
23546 0005 0000
23549 0010 0000
23552 0100 0000
23554 1000 0000
23565 0400 0000
23569 0200 0000
23572 0800 0000
23573 2000 0000
23580 0040 0000
23581 000a 0000
23669 0100 0100
23670 0040 0040
23671 0004 0004
23676 0001 0001
23677 0880 0880
23684 0400 0400
23691 2000 2000
23695 8000 8000
23697 0008 0008
23698 0200 0200
23701 0002 0002
23704 1000 1000
23705 0010 0010
23707 4020 4020
23710 0040 0000
23712 0001 0000
23713 0006 0000
23714 1000 0000
23716 4000 0000
23719 0400 0000
23722 2000 0000
23723 0008 0000
23725 0080 0000
23726 8000 0000
23741 0210 0000
23745 0800 0000
23746 0020 0000
23747 0100 0000
23835 0200 0000
23836 0002 0000
23837 0020 0000
23840 0004 0000
23848 0400 0000
23852 0800 0000
23854 4080 0000
23855 0001 0000
23856 1000 0000
23859 0008 0000
23865 0100 0000
23868 0010 0000
23871 8000 0000
23873 2040 0000
24013 4010 4010
24014 0004 0004
24017 8800 8800
24025 0080 0080
24029 0060 0060
24030 2000 2000
24033 0600 0600
24036 1008 1008
24037 0102 0102
24040 0001 0001
24044 0400 0000
24049 2000 0000
24050 1000 0000
24051 0001 0000
24053 0040 0000
24055 4000 0000
24057 081c 0000
24064 0020 0000
24069 0100 0000
24074 0200 0000
24075 0080 0000
24077 8002 0000
24085 0022 0000
24089 8040 0000
24090 2000 0000
24095 0200 0000
24098 0080 0000
24099 0001 0000
24100 0100 0000
24101 1000 0000
24102 4000 0000
24106 0010 0000
24115 0400 0000
24116 0008 0000
24118 0004 0000
24123 0800 0000
24170 2000 2000
24171 0010 0010
24175 0200 0200
24178 0800 0800
24180 0100 0100
24181 0008 0008
24183 0002 0002
24184 4000 4000
24185 0001 0001
24192 1000 1000
24193 8000 8000
24195 00c0 00c0
24196 0400 0400
24205 0020 0020
24207 0004 0004
24250 4800 0000
24252 0010 0000
24253 0020 0000
24258 0040 0000
24259 0004 0000
24264 0400 0000
24268 0008 0000
24272 0001 0000
24274 0200 0000
24275 8000 0000
24276 0082 0000
24278 1000 0000
24283 0100 0000
24285 2000 0000
24292 0c00 0000
24306 0001 0000
24308 0002 0000
24309 0008 0000
24311 1080 0000
24313 8000 0000
24314 0110 0000
24318 0200 0000
24319 0040 0000
24320 0020 0000
24321 2000 0000
24322 0004 0000
24331 4000 0000
24337 0004 0004
24338 0008 0008
24340 4000 4000
24341 8000 8000
24345 0040 0040
24349 0080 0080
24352 2000 2000
24353 0010 0010
24355 0200 0200
24356 0020 0020
24357 0400 0400
24358 1000 1000
24361 0001 0001
24369 0100 0100
24371 0002 0002
24372 0800 0800
24418 8002 0000
24420 0800 0000
24423 1000 0000
24430 0100 0000
24432 0010 0000
24437 0005 0000
24442 0200 0000
24443 0400 0000
24444 2000 0000
24446 4000 0000
24447 0040 0000
24450 0080 0000
24451 0020 0000
24453 0008 0000
24459 0400 0400
24468 8000 8000
24474 4000 4000
24476 0040 0040
24478 000c 000c
24489 2000 2000
24490 0080 0080
24497 0800 0800
24498 0200 0200
24509 8000 8000
24510 4000 4000
24518 0400 0400
24522 0102 0102
24524 0001 0001
24528 0040 0040
24529 0200 0200
24532 0090 0090
24536 0020 0020
24538 1800 1800
24539 0004 0004
24540 0008 0008
24541 2000 2000
24546 0100 0100
24556 0800 0800
24557 0002 0002
24558 2004 2004
24559 0200 0200
24562 0080 0080
24567 0001 0001
24569 0010 0010
24573 8008 8008
24574 0400 0400
24575 4040 4040
24576 1000 1000
24577 0020 0020
24625 0022 0000
24628 0010 0000
24629 8000 0000
24640 0008 0000
24642 4080 0000
24649 0100 0000
24651 2800 0000
24652 0001 0000
24655 1000 0000
24660 0040 0000
24663 0404 0000
24666 0200 0000
24673 0800 0000
24675 0015 0015
24676 0020 0020
24678 0200 0200
24679 0002 0002
24686 8000 0000
24687 2000 2000
24693 1100 1100
24695 0040 0040
24697 4000 4000
24700 0400 0400
24705 0008 0000
24707 0080 0000
24791 0002 0002
24799 0810 0810
24803 4000 4000
24804 0400 0400
24805 1000 1000
24810 8000 8000
24817 0081 0081
24821 0008 0008
24826 0104 0104
24831 2020 2020
24832 0240 0240
24835 0880 0000
24836 8000 0000
24840 0002 0000
24844 0008 0000
24847 0400 0000
24850 0010 0000
24851 4040 0000
24852 0004 0000
24853 1000 0000
24860 2000 0000
24868 0001 0000
24869 0200 0000
24870 0100 0000
24873 0020 0000
24876 2000 2000
24878 0001 0001
24879 0200 0200
24887 0010 0010
24889 0040 0040
24892 1000 1000
24893 0120 0120
24897 4004 4004
24901 8000 8000
24902 0088 0088
24903 0400 0400
24906 0002 0002
24915 0800 0800
24919 0080 0000
24921 2000 0000
24924 0400 0000
24925 1000 0000
24929 0100 0000
24931 0001 0000
24933 4000 0000
24934 0020 0000
24936 0008 0000
24937 0010 0000
24939 8800 0000
24945 0040 0000
24949 0200 0000
24954 0002 0000
24956 0004 0000
25006 0010 0010
25010 8001 8001
25012 4000 4000
25014 0002 0002
25016 0200 0200
25018 0004 0004
25020 0400 0400
25022 1000 1000
25024 0060 0060
25025 0900 0900
25028 2000 2000
25030 0008 0008
25040 0080 0080
25047 0200 0200
25049 0800 0800
25050 5000 5000
25052 0020 0020
25056 0040 0040
25057 8000 8000
25067 2000 2000
25071 0100 0100
25072 0004 0004
25074 0400 0400
25080 0082 0082
25082 0009 0009
25083 0010 0010
25126 0080 0000
25128 0010 0000
25131 0001 0000
25136 1000 0000
25137 0440 0000
25139 0100 0000
25140 4000 0000
25145 0800 0000
25150 0004 0000
25153 2002 0000
25162 0008 0000
25163 8000 0000
25164 0200 0000
25166 0020 0000
25253 8000 0000
25254 0001 0000
25256 0040 0000
25265 0008 0000
25269 0080 0000
25271 0400 0000
25272 1010 0000
25276 0002 0000
25278 2000 0000
25282 0020 0000
25283 4800 0000
25285 0100 0000
25286 0200 0000
25291 0004 0000
25293 0002 0002
25295 0001 0001
25296 0200 0200
25300 0008 0008
25306 00a0 00a0
25307 0040 0040
25311 2000 2000
25312 0810 0810
25314 8000 8000
25316 1000 1000
25322 0400 0400
25323 4000 4000
25327 0100 0100
25329 0004 0004
25350 0011 0011
25351 0100 0100
25356 1000 1000
25379 4000 0000
25382 0080 0000
25385 0001 0000
25389 0008 0000
25394 1000 0000
25395 0040 0000
25396 0800 0000
25397 0010 0000
25399 0400 0000
25401 0100 0000
25402 0220 0000
25410 0004 0000
25411 8000 0000
25415 2002 0000
25583 0001 0001
25585 0010 0010
25589 0800 0800
25590 0040 0040
25602 0004 0004
25605 0008 0008
25608 1000 1000
25609 0400 0400
25611 a000 a000
25614 0002 0002
25617 0080 0080
25620 0200 0200
25622 4000 4000
25623 0020 0020
25624 0100 0100
25751 0002 0000
25756 0001 0000
25763 0010 0000
25764 0028 0000
25770 0200 0000
25774 8800 0000
25775 4000 0000
25782 0100 0000
25783 0004 0000
25784 0080 0000
25787 1000 0000
25788 0040 0000
25790 2000 0000
25791 0400 0000
25834 0002 0002
25835 0800 0800
25837 0200 0200
25838 0008 0008
25845 0080 0080
25855 0004 0004
25856 0040 0040
25860 8000 8000
25865 3000 3000
25866 4400 4400
25867 0010 0010
25870 0100 0100
25872 0020 0020
25873 0001 0001
25875 0080 0000
25882 0001 0000
25884 0004 0000
25888 4000 0000
25892 8000 0000
25893 0400 0000
25894 0800 0000
25897 0040 0000
25898 1200 0000
25901 0010 0000
25907 2000 0000
25909 000a 0000
25910 0020 0000
25913 0100 0000
25960 0008 0000
25964 0020 0000
25965 6040 0000
25966 0801 0000
25967 0080 0000
25975 8000 0000
25978 0002 0000
25986 0200 0000
25989 0100 0000
25990 0004 0000
25993 0410 0000
25996 1000 0000
26000 0400 0400
26002 0008 0008
26004 0050 0050
26010 1000 1000
26013 0001 0001
26019 2000 2000
26021 4020 4020
26023 0080 0080
26025 0200 0200
26028 0004 0004
26029 0100 0100
26031 0002 0002
26039 0800 0800
26040 8000 8000
26088 1040 0000
26091 0800 0000
26092 0010 0000
26094 0020 0000
26096 0001 0000
26097 0200 0000
26099 c000 0000
26103 0100 0000
26106 0008 0000
26109 2000 0000
26110 0002 0000
26113 0080 0000
26118 0004 0000
26121 0400 0000
26125 0004 0000
26126 0030 0000
26128 8100 0000
26129 0008 0000
26133 2240 0000
26140 0800 0000
26149 0401 0000
26150 0002 0000
26152 1000 0000
26153 4000 0000
26162 0080 0000
26166 0400 0400
26167 0008 0008
26168 0010 0010
26171 0020 0020
26176 0800 0800
26179 8000 8000
26181 0001 0001
26184 0082 0082
26185 0200 0200
26191 0040 0040
26192 0004 0004
26195 0100 0100
26197 4000 4000
26201 2000 2000
26205 1000 1000
26209 0004 0000
26212 2600 0000
26218 0020 0000
26219 0002 0000
26221 0080 0000
26224 4008 0000
26233 1000 0000
26234 8100 0000
26237 0010 0000
26238 0001 0000
26241 0800 0000
26249 0040 0000
26341 8400 8400
26345 4000 4000
26351 2002 2002
26352 0004 0004
26356 0040 0040
26357 0010 0010
26362 0880 0880
26363 1000 1000
26365 0020 0020
26366 0101 0101
26368 0200 0200
26369 0008 0008
26378 1000 0000
26387 0010 0000
26395 0200 0000
26396 8000 0000
26397 0100 0000
26401 0008 0000
26403 0002 0000
26404 0800 0000
26406 2000 0000
26407 0020 0000
26408 0080 0000
26409 4400 0000
26411 0040 0000
26413 0004 0000
26414 0001 0000
26465 0080 0080
26467 0001 0001
26475 0100 0100
26476 0040 0040
26477 0002 0002
26478 0010 0010
26479 0004 0004
26483 0400 0400
26487 3000 3000
26488 8000 8000
26491 0200 0200
26492 0008 0008
26494 0020 0020
26496 4800 4800
26501 0800 0000
26502 0080 0000
26506 4000 0000
26509 0010 0000
26513 b000 0000
26517 0100 0000
26520 0020 0000
26522 0001 0000
26525 0200 0000
26526 0040 0000
26535 0400 0000
26536 0002 0000
26538 000c 0000
26544 0004 0004
26549 0400 0400
26550 4000 4000
26553 8000 8000
26558 0080 0080
26561 1000 1000
26562 0002 0002
26565 0200 0200
26567 0040 0040
26569 0800 0800
26570 2000 2000
26574 0008 0008
26575 0100 0100
26580 0020 0020
26582 0011 0011
26667 0060 0060
26668 0200 0200
26669 6000 6000
26670 8400 8400
26678 0002 0002
26679 1001 1001
26681 0008 0008
26686 0080 0080
26694 0010 0010
26695 0004 0004
26704 0100 0100
26708 0800 0800
26709 8104 0000
26717 0001 0000
26722 0020 0000
26725 2000 0000
26732 0002 0000
26733 0080 0000
26738 1800 0000
26742 0240 0000
26743 4008 0000
26747 0010 0000
26748 0400 0000
26792 8020 8020
26793 0010 0010
26797 0400 0400
26798 0004 0004
26799 0008 0008
26802 4000 4000
26806 0001 0001
26814 0100 0100
26821 1000 1000
26823 0080 0080
26825 2000 2000
26826 0202 0202
26828 0040 0040
26832 0800 0800
26834 2000 2000
26836 0400 0400
26839 0008 0008
26842 0010 0010
26844 1000 1000
26845 8080 8080
26848 4000 4000
26849 0100 0100
26853 0800 0800
26858 0021 0021
26862 0200 0200
26864 0002 0002
26867 0040 0040
26872 0004 0004
26919 0200 0200
26921 0100 0100
26924 0400 0400
26926 0004 0004
26928 8040 8040
26929 0008 0008
26932 0080 0080
26938 0010 0010
26940 0002 0002
26943 0800 0800
26945 1000 1000
26950 2000 2000
26951 4000 4000
26953 0001 0001
26957 0020 0020
26962 4000 0000
26971 1000 0000
26972 0200 0000
26973 0001 0000
26975 0040 0000
26976 0100 0000
26980 0004 0000
26982 2000 0000
26983 0800 0000
26985 0008 0000
26987 0010 0000
26989 0400 0000
26990 0080 0000
26996 8020 0000
26997 0002 0000
27001 0001 0001
27002 1002 1002
27003 0100 0100
27012 0200 0200
27017 0020 0020
27020 0480 0480
27022 6000 6000
27029 0004 0004
27032 0008 0008
27036 8800 8800
27038 0010 0010
27039 0040 0040
27051 0048 0000
27052 0080 0000
27053 0400 0000
27056 2000 0000
27057 0801 0000
27060 8020 0000
27061 0002 0000
27066 4100 0000
27068 0010 0000
27069 0204 0000
27081 1000 0000
27084 0400 0400
27088 0100 0100
27091 0800 0800
27092 0002 0002
27093 2000 2000
27094 0080 0080
27095 1000 1000
27098 0004 0004
27100 0001 0001
27102 4010 4010
27112 0200 0200
27117 0008 0008
27123 8040 8040
27124 0020 0020
27166 0010 0010
27174 0004 0004
27175 0020 0020
27177 8000 8000
27179 0400 0400
27180 0202 0202
27182 0100 0100
27186 0001 0001
27187 0008 0008
27188 1000 1000
27189 0040 0040
27194 4000 4000
27202 0880 0880
27204 2000 2000
27210 0004 0000
27211 0002 0000
27213 0200 0000
27215 2000 0000
27217 0040 0000
27224 0001 0000
27230 0100 0000
27231 0080 0000
27232 4010 0000
27242 0420 0000
27246 1000 0000
27247 8808 0000
27296 0100 0100
27298 0800 0800
27300 0600 0600
27303 4000 4000
27304 2000 2000
27305 8000 8000
27312 0002 0002
27313 1000 1000
27319 0020 0020
27320 0080 0080
27327 0008 0008
27328 0014 0014
27330 0040 0040
27332 0001 0001
27338 0001 0000
27342 2000 0000
27343 8000 0000
27346 0100 0000
27347 0080 0000
27349 0820 0000
27350 1000 0000
27353 0002 0000
27354 0008 0000
27358 4000 0000
27361 0200 0000
27362 0400 0000
27365 0010 0000
27370 0004 0000
27374 0040 0000
27375 0080 0080
27377 0002 0002
27379 8000 8000
27382 0240 0240
27385 0100 0100
27386 0800 0800
27392 0010 0010
27395 0004 0004
27396 0001 0001
27399 0020 0020
27404 2000 2000
27409 0400 0400
27410 4000 4000
27411 0008 0008
27415 1000 1000
27420 2000 2000
27423 0020 0020
27425 0004 0004
27430 0002 0002
27432 0100 0100
27433 0001 0001
27435 8000 8000
27438 0400 0400
27441 0040 0040
27447 0800 0800
27449 4010 4010
27450 1280 1280
27455 0008 0008
27458 0800 0000
27461 0200 0000
27463 8000 0000
27464 1002 0000
27469 4000 0000
27470 0004 0000
27472 0120 0000
27473 0400 0000
27480 0008 0000
27485 0010 0000
27486 2040 0000
27493 0001 0000
27497 0080 0000
27506 0002 0002
27508 0200 0200
27514 0004 0004
27515 0800 0800
27516 1000 1000
27520 2408 2408
27521 0100 0100
27522 8000 8000
27524 0040 0040
27531 0020 0020
27534 4000 4000
27535 0010 0010
27538 0001 0001
27540 0080 0080
27545 0100 0000
27546 0004 0000
27547 0200 0000
27549 1000 0000
27554 0080 0000
27560 2000 0000
27561 8000 0000
27562 0800 0000
27563 4000 0000
27567 0020 0000
27570 0001 0000
27571 0008 0000
27572 0040 0000
27574 0010 0000
27576 0400 0000
27580 0002 0000
27667 0001 0000
27669 0800 0000
27674 0002 0000
27679 0220 0000
27680 0108 0000
27683 0400 0000
27690 0080 0000
27691 8004 0000
27693 4000 0000
27699 1050 0000
27704 2000 0000
27794 0100 0000
27795 0202 0000
27798 0010 0000
27801 8080 0000
27804 0400 0000
27807 0800 0000
27811 2000 0000
27815 0020 0000
27820 0008 0000
27822 0004 0000
27823 4000 0000
27824 0001 0000
27825 0040 0000
27826 1000 0000
27834 0040 0040
27835 0010 0010
27836 0020 0020
27845 0800 0800
27850 0004 0004
27858 4000 4000
27862 0001 0001
27864 0200 0200
27865 1000 1000
27866 8000 8000
27868 0100 0100
27869 0088 0088
27870 2400 2400
27874 0002 0002
27881 0400 0000
27883 0030 0000
27885 0800 0000
27900 0040 0000
27902 0002 0000
27905 6000 0000
27908 0004 0000
27909 0301 0000
27910 8000 0000
27911 0080 0000
27912 0008 0000
27913 1000 0000
27919 1000 0000
27922 2800 0000
27924 0040 0000
27928 0002 0000
27930 0008 0000
27936 8000 0000
27938 4000 0000
27943 0420 0000
27944 0001 0000
27949 0100 0000
27952 0080 0000
27953 0204 0000
27956 0010 0000
28001 4000 4000
28003 0040 0040
28009 0100 0100
28017 0800 0800
28018 0002 0002
28019 0400 0400
28022 0008 0008
28023 2000 2000
28024 0001 0001
28027 0010 0010
28029 0004 0004
28035 00a0 00a0
28037 8000 8000
28040 1200 1200
28047 0004 0004
28053 0001 0001
28058 0002 0002
28067 0040 0040
28068 0010 0010
28069 1000 1000
28072 2000 2000
28073 0400 0400
28077 0080 0080
28078 0100 0100
28079 0020 0020
28080 c000 c000
28081 0a00 0a00
28083 0008 0008
28125 0002 0000
28127 8000 0000
28128 0800 0000
28131 0040 0000
28133 0020 0000
28139 0080 0000
28140 0400 0000
28141 2000 0000
28142 0200 0000
28146 4100 0000
28149 0004 0000
28151 1000 0000
28152 0010 0000
28165 0009 0000
28170 1000 1000
28173 0090 0090
28178 0002 0002
28181 0040 0040
28182 0020 0020
28183 2000 2000
28187 4000 4000
28193 0400 0400
28194 0100 0100
28196 0004 0004
28197 0800 0800
28198 0200 0200
28200 0008 0008
28207 8000 8000
28208 0001 0001
28291 0010 0000
28292 0080 0000
28295 0800 0000
28298 0100 0000
28299 0008 0000
28302 4000 0000
28309 8000 0000
28310 0001 0000
28313 1004 0000
28314 0002 0000
28315 0400 0000
28325 2000 0000
28328 0220 0000
28330 0040 0000
28333 0004 0004
28338 1000 1000
28342 c000 c000
28345 0008 0008
28346 0080 0080
28349 0002 0002
28350 0040 0040
28353 0800 0800
28356 0010 0010
28360 2000 2000
28361 0020 0020
28362 0100 0100
28364 0001 0001
28369 0400 0400
28373 0200 0200
28375 2000 0000
28383 4800 0000
28384 0002 0000
28393 0010 0000
28394 0040 0000
28396 0008 0000
28400 0100 0000
28401 0001 0000
28403 1000 0000
28404 0004 0000
28405 8080 0000
28406 0200 0000
28408 0020 0000
28412 0400 0000
28501 2000 2000
28502 0200 0200
28504 1000 1000
28505 0080 0080
28506 4000 4000
28508 0020 0020
28509 0002 0002
28512 0041 0041
28513 0100 0100
28522 0810 0810
28523 0004 0004
28527 0400 0400
28535 8000 8000
28536 0008 0008
28542 0140 0000
28549 0008 0000
28551 0080 0000
28554 0002 0000
28559 0200 0000
28560 0004 0000
28562 8020 0000
28566 1000 0000
28571 0010 0000
28577 0400 0000
28578 0800 0000
28579 4000 0000
28581 2001 0000
28708 0020 0020
28709 0040 0040
28715 0004 0004
28717 0080 0080
28719 1100 1100
28721 0002 0002
28724 0001 0001
28727 0200 0200
28728 0010 0010
28731 4008 4008
28736 2000 2000
28745 8400 8400
28746 0800 0800
28750 5000 0000
28758 0020 0000
28762 0001 0000
28766 8000 0000
28767 0018 0000
28768 0002 0000
28773 0200 0000
28774 0004 0000
28777 0100 0000
28778 2000 0000
28780 0040 0000
28783 0080 0000
28785 0800 0000
28786 0400 0000
28793 4008 0000
28794 2000 0000
28796 1000 0000
28798 0800 0000
28800 0003 0000
28803 0080 0000
28807 0400 0000
28809 0004 0000
28812 0020 0000
28821 0010 0000
28827 8000 0000
28828 0040 0000
28831 0300 0000
28843 1000 1000
28848 0021 0021
28849 0080 0080
28850 0810 0810
28851 0004 0004
28852 0202 0202
28857 4400 4400
28859 8000 8000
28860 0100 0100
28861 0040 0040
28866 0008 0008
28872 2000 2000
28875 8800 0000
28878 0080 0000
28883 1000 0000
28885 0020 0000
28886 0001 0000
28887 0300 0000
28893 0400 0000
28897 0010 0000
28898 0004 0000
28899 0008 0000
28901 0002 0000
28902 0040 0000
28907 4000 0000
28910 2000 0000
29002 1000 1000
29004 0004 0004
29013 0400 0400
29015 0070 0070
29021 0002 0002
29025 2081 2081
29029 4000 4000
29030 0008 0008
29034 0100 0100
29035 0200 0200
29037 0800 0800
29039 8000 8000
29089 4040 0000
29093 0100 0000
29094 1000 0000
29095 2000 0000
29097 00a8 0000
29100 0003 0000
29107 8000 0000
29109 0004 0000
29113 0800 0000
29120 0400 0000
29123 0010 0000
29124 0200 0000
29167 0200 0000
29169 8000 0000
29171 0002 0000
29172 00a0 0000
29175 0001 0000
29177 0008 0000
29178 0140 0000
29181 0400 0000
29185 4000 0000
29192 1010 0000
29204 0004 0000
29205 0800 0000
29206 2000 0000
29211 2000 2000
29212 0408 0408
29213 0800 0800
29214 0001 0001
29217 0004 0004
29219 0010 0010
29225 1040 1040
29227 0020 0020
29228 0002 0002
29230 4200 4200
29237 8000 8000
29239 0080 0080
29247 0100 0100
29254 2000 2000
29256 0008 0008
29260 1000 1000
29262 0001 0001
29263 0800 0800
29265 0080 0080
29266 8000 8000
29267 0020 0020
29271 0002 0002
29282 4000 4000
29284 0400 0400
29286 0240 0240
29288 0110 0110
29290 0004 0004
29375 0400 0000
29377 0004 0000
29378 0002 0000
29380 0200 0000
29381 0020 0000
29382 0040 0000
29386 0100 0000
29390 0080 0000
29393 1000 0000
29394 0001 0000
29398 4010 0000
29402 2000 0000
29404 8000 0000
29410 0008 0000
29414 0800 0000
29458 0008 0008
29459 0020 0020
29461 1000 1000
29467 8000 8000
29470 0010 0010
29472 0002 0002
29476 0040 0040
29477 2000 2000
29478 0800 0800
29485 0004 0004
29486 0200 0200
29488 4000 4000
29493 0400 0400
29494 0080 0080
29495 0101 0101
29504 1000 1000
29505 0001 0001
29512 0800 0800
29517 0040 0040
29518 0204 0204
29520 0100 0100
29522 0080 0080
29523 0400 0400
29527 0008 0008
29528 8000 8000
29529 0020 0020
29537 4000 4000
29540 2000 2000
29541 0012 0012
29587 8000 0000
29590 0020 0000
29593 2000 0000
29597 1400 0000
29599 4000 0000
29600 0100 0000
29601 0001 0000
29602 0004 0000
29606 0200 0000
29610 0008 0000
29615 0040 0000
29620 0002 0000
29621 0010 0000
29622 0880 0000
29625 4000 4000
29626 0010 0010
29629 0002 0002
29631 0001 0001
29637 0040 0040
29638 0008 0008
29641 1000 1000
29649 0200 0200
29651 8000 8000
29653 0020 0020
29654 2004 2004
29658 0080 0080
29663 0d00 0d00
29667 0c00 0000
29668 4000 0000
29676 0280 0000
29678 0020 0000
29679 2004 0000
29682 0010 0000
29684 1000 0000
29685 0040 0000
29686 0100 0000
29689 0008 0000
29690 0002 0000
29700 8000 0000
29707 0001 0000
29712 0001 0001
29713 8000 8000
29715 2000 2000
29719 0040 0040
29721 0202 0202
29725 0080 0080
29726 0810 0810
29727 4000 4000
29737 1000 1000
29738 0008 0008
29740 0020 0020
29741 0400 0400
29742 0104 0104
29750 0040 0000
29755 4002 0000
29760 8000 0000
29761 0810 0000
29763 0220 0000
29767 2000 0000
29773 0001 0000
29774 0100 0000
29777 1000 0000
29788 0008 0000
29789 0004 0000
29791 0480 0000
29834 0010 0000
29835 0020 0000
29837 0080 0000
29839 8000 0000
29840 0008 0000
29841 0040 0000
29842 0002 0000
29846 0804 0000
29853 0400 0000
29854 1000 0000
29859 4000 0000
29861 0100 0000
29862 0001 0000
29863 2000 0000
29870 0200 0000
29918 0100 0100
29922 2000 2000
29923 0020 0020
29932 0040 0040
29937 1004 1004
29940 0810 0810
29942 4400 4400
29945 0008 0008
29948 0201 0201
29954 0002 0002
29956 8080 8080
29965 00a8 0000
29970 2000 0000
29973 0400 0000
29975 4100 0000
29979 0001 0000
29982 8000 0000
29984 0800 0000
29985 1000 0000
29986 0004 0000
29992 0210 0000
29993 0002 0000
29997 0040 0000
30003 0008 0008
30011 4000 4000
30013 0480 0480
30020 0801 0801
30021 0040 0040
30023 8000 8000
30024 0020 0020
30028 0010 0010
30029 1000 1000
30030 0004 0004
30031 2000 2000
30032 0100 0100
30037 0200 0200
30039 0002 0002
30043 4400 4400
30044 0002 0002
30045 1100 1100
30059 0800 0800
30065 0200 0200
30067 2000 2000
30069 0080 0080
30070 0008 0008
30072 8040 8040
30076 0014 0014
30078 0021 0021
30086 0002 0002
30087 0800 0800
30088 0004 0004
30091 0080 0080
30092 2000 2000
30097 0040 0040
30102 8000 8000
30103 0200 0200
30106 0400 0400
30111 0001 0001
30114 0010 0010
30115 0008 0008
30116 1000 1000
30121 0020 0020
30122 4000 4000
30123 0100 0100
30166 8000 0000
30171 0808 0000
30173 0001 0000
30175 0100 0000
30177 0004 0000
30182 2000 0000
30185 0400 0000
30186 0010 0000
30187 0020 0000
30190 4000 0000
30191 0002 0000
30196 0040 0000
30197 1000 0000
30201 0200 0000
30204 0080 0000
30209 0004 0004
30211 0400 0400
30213 0008 0008
30214 2000 2000
30215 0100 0100
30217 0020 0020
30218 4001 4001
30223 0200 0200
30230 0010 0010
30232 0002 0002
30233 8000 8000
30237 0040 0040
30238 1000 1000
30245 0080 0080
30247 0800 0800
30297 0800 0800
30298 0002 0002
30300 8000 8000
30301 0040 0040
30303 0008 0008
30304 0001 0001
30308 0220 0220
30317 0400 0400
30320 0110 0110
30322 2000 2000
30325 4000 4000
30326 0004 0004
30327 0080 0080
30332 1000 1000
30338 0100 0000
30342 1000 0000
30345 0040 0000
30346 0002 0000
30347 0004 0000
30350 4000 0000
30352 2000 0000
30355 8000 0000
30356 0800 0000
30361 0028 0000
30362 0400 0000
30367 0080 0000
30368 0001 0000
30369 0010 0000
30372 0200 0000
30416 2000 2000
30419 0100 0100
30425 1400 1400
30433 4080 4080
30436 0004 0004
30439 8000 8000
30440 0800 0800
30441 0040 0040
30442 0008 0008
30446 0020 0020
30448 0001 0001
30450 0012 0012
30451 0200 0200
30460 0012 0000
30461 1000 0000
30464 0020 0000
30469 0001 0000
30477 0400 0000
30478 0008 0000
30482 2000 0000
30485 0800 0000
30487 0040 0000
30489 4000 0000
30490 0004 0000
30495 8000 0000
30497 0100 0000
30498 0200 0000
30499 0080 0000
30500 2000 0000
30503 0001 0000
30504 0008 0000
30509 4110 0000
30511 0004 0000
30517 0002 0000
30518 1000 0000
30520 0400 0000
30522 0080 0000
30523 0040 0000
30525 8000 0000
30533 0020 0000
30534 0a00 0000
30584 0010 0010
30585 0820 0820
30587 0100 0100
30590 0001 0001
30591 0200 0200
30596 0400 0400
30599 0008 0008
30603 8082 8082
30604 2000 2000
30608 1004 1004
30615 4000 4000
30617 0040 0040
30666 0800 0000
30667 0080 0000
30669 0100 0000
30670 0010 0000
30676 8000 0000
30680 0008 0000
30683 0400 0000
30689 0001 0000
30690 1000 0000
30698 0040 0000
30700 0002 0000
30701 0004 0000
30702 0200 0000
30704 0020 0000
30707 4000 0000
30708 a000 8000
30711 1000 1000
30713 0400 0400
30714 0080 0080
30716 0202 0202
30717 0800 0800
30719 0100 0100
30722 4000 4000
30727 2000 2000
30733 0008 0008
30736 0020 0020
30739 0001 0001
30742 0054 0054
30792 0008 0000
30793 0044 0000
30799 0001 0000
30802 1080 0000
30806 0100 0000
30807 4000 0000
30808 2000 0000
30815 0200 0000
30817 0400 0000
30820 0002 0000
30826 8000 0000
30827 0010 0000
30829 0020 0000
30831 0800 0000
30876 0040 0040
30883 0021 0021
30887 2000 2000
30889 0100 0100
30890 4000 4000
30895 0008 0008
30899 0800 0800
30900 0400 0400
30902 0004 0004
30904 0010 0010
30910 8000 8000
30911 1280 1280
30912 0002 0002
31042 0200 0000
31048 0010 0000
31054 0080 0000
31056 0800 0000
31064 0008 0000
31065 1000 0000
31069 0100 0000
31070 2000 0000
31071 8000 0000
31074 0002 0000
31075 4000 0000
31077 0020 0000
31078 0040 0000
31079 0005 0000
31080 0400 0000
31092 0204 0204
31093 0820 0820
31094 0400 0400
31096 0081 0081
31099 a000 a000
31104 0050 0050
31105 0100 0100
31114 0008 0008
31119 5000 5000
31122 0002 0002
31253 4000 0000
31258 8000 0000
31263 0001 0000
31264 0100 0000
31266 0004 0000
31269 0200 0000
31272 3000 0000
31276 0010 0000
31277 0002 0000
31279 0020 0000
31284 0008 0000
31285 0080 0000
31286 0400 0000
31287 0800 0000
31290 0040 0000
31291 0410 0410
31292 0004 0004
31295 0040 0040
31296 0001 0001
31301 0080 0080
31302 4200 4200
31304 8000 8000
31305 0002 0002
31306 0020 0020
31312 0008 0008
31314 1000 1000
31319 0100 0100
31326 0800 0800
31328 2000 2000
31333 0008 0008
31334 0001 0001
31342 0800 0800
31343 0020 0020
31349 0400 0400
31350 1000 1000
31353 0100 0100
31354 0002 0002
31357 0010 0010
31360 2000 2000
31361 8040 8040
31366 4000 4000
31369 0200 0200
31370 0004 0004
31371 0080 0080
31377 0001 0000
31379 0008 0000
31380 0004 0000
31382 0020 0000
31383 00d0 0000
31386 4000 0000
31396 0400 0000
31397 0100 0000
31402 0800 0000
31407 1000 0000
31408 0002 0000
31410 0200 0000
31414 8000 0000
31416 2000 0000
31419 0208 0208
31423 4000 4000
31424 0003 0003
31425 8000 8000
31429 2000 2000
31431 0400 0400
31436 0100 0100
31441 1000 1000
31445 00c0 00c0
31448 0800 0800
31449 0004 0004
31454 0030 0030
31505 0400 0400
31508 8000 8000
31515 0800 0800
31516 0200 0200
31520 4000 4000
31521 2000 2000
31522 0001 0001
31525 0080 0080
31526 0020 0020
31529 0012 0012
31532 0108 0108
31533 1000 1000
31539 0004 0004
31541 0040 0040
31543 0800 0000
31544 0200 0000
31548 0008 0000
31556 1001 0000
31559 8004 0000
31561 4000 0000
31562 0080 0000
31564 2000 0000
31568 0400 0000
31572 0002 0000
31577 0040 0000
31580 0020 0000
31581 0010 0000
31582 0100 0000
31671 1000 1000
31675 0010 0010
31677 4000 4000
31680 0800 0800
31681 a100 a100
31682 0040 0040
31691 0200 0200
31694 0020 0020
31699 0008 0008
31701 0400 0400
31703 0086 0086
31705 0001 0001
31754 0200 0000
31757 4000 0000
31759 1000 0000
31760 0040 0000
31763 0800 0000
31769 0400 0000
31771 0010 0000
31773 0100 0000
31774 0004 0000
31776 8000 0000
31782 2000 0000
31784 0008 0000
31785 0002 0000
31787 0080 0000
31788 0020 0000
31790 0001 0000
31793 0800 0800
31798 1000 1000
31799 0004 0004
31804 4000 4000
31811 0010 0010
31812 8200 8200
31814 0023 0023
31817 0100 0100
31820 0008 0008
31821 2000 2000
31830 0040 0040
31832 0400 0400
31833 0080 0080
31837 0400 0000
31839 0010 0000
31840 00c0 0000
31846 0008 0000
31850 0002 0000
31855 8000 0000
31857 0004 0000
31859 4021 0000
31864 0800 0000
31865 0200 0000
31867 3000 0000
31868 0100 0000
31879 2020 2020
31887 0080 0080
31888 0002 0002
31891 1000 1000
31893 0110 0110
31895 8000 8000
31899 0004 0004
31900 0001 0001
31901 0800 0800
31902 0200 0200
31907 0008 0008
31908 0400 0400
31909 0040 0040
31915 4000 4000
32005 0080 0000
32009 1000 0000
32018 0001 0000
32019 4000 0000
32021 0200 0000
32023 2800 0000
32024 0400 0000
32026 0040 0000
32029 0008 0000
32030 0004 0000
32031 0002 0000
32034 0120 0000
32037 8000 0000
32040 0010 0000
32084 00a0 00a0
32087 0010 0010
32094 0040 0040
32095 0008 0008
32103 3200 3200
32105 4004 4004
32110 8000 8000
32113 0100 0100
32117 0400 0400
32118 0800 0800
32122 0001 0001
32124 0002 0002
32125 8000 0000
32126 0008 0000
32128 0020 0000
32132 0040 0000
32134 2000 0000
32136 0084 0000
32138 0200 0000
32144 0001 0000
32146 4000 0000
32147 1000 0000
32152 0400 0000
32160 0900 0000
32164 0002 0000
32165 0010 0000
32210 0008 0008
32213 0100 0100
32214 0200 0200
32215 0002 0002
32221 4000 4000
32223 0001 0001
32225 0004 0004
32228 2000 2000
32233 0080 0080
32235 1000 1000
32236 0010 0010
32237 0820 0820
32241 0040 0040
32243 8000 8000
32249 0400 0400
32255 0800 0000
32258 8000 0000
32260 0002 0000
32262 4000 0000
32263 0188 0000
32264 0004 0000
32273 0020 0000
32277 2000 0000
32280 0040 0000
32281 0200 0000
32283 0400 0000
32286 1000 0000
32289 0001 0000
32291 0110 0000
32292 0020 0000
32294 0200 0000
32301 0800 0000
32304 0008 0000
32305 1000 0000
32309 0004 0000
32313 8002 0000
32316 0400 0000
32317 0080 0000
32319 0010 0000
32324 4000 0000
32328 2000 0000
32329 0040 0000
32331 0001 0000
32377 0030 0030
32385 8000 8000
32386 0004 0004
32389 1000 1000
32397 0080 0080
32399 0002 0002
32401 2000 2000
32405 0400 0400
32408 0200 0200
32411 0101 0101
32412 4040 4040
32414 0800 0800
32415 0008 0008
32458 0008 0008
32481 1000 0000
32599 0044 0044
32601 8002 8002
32605 0800 0800
32611 0080 0080
32627 2000 2000
32629 0040 0040
32632 0100 0100
32638 0008 0008
32639 8002 8002
32641 0800 0800
32645 0004 0004
32646 0010 0010
32650 4000 4000
32651 0080 0080
32653 0001 0001
32659 0400 0400
32662 0020 0020
32663 0200 0200
32664 1000 1000
32712 0080 0000
32716 2000 0000
32719 1000 0000
32720 0044 0000
32721 0020 0000
32723 4000 0000
32728 0200 0000
32733 8008 0000
32735 0010 0000
32737 0400 0000
32741 0801 0000
32747 0100 0000
32749 0002 0000
32754 0002 0002
32757 0420 0420
32762 1000 1000
32764 8000 8000
32767 0040 0040
32772 0001 0001
32775 0200 0200
32777 4000 4000
32783 2080 2080
32785 0010 0010
32787 0800 0800
32790 0004 0004
32791 0108 0108
32841 0200 0000
32842 8800 0000
32847 4000 0000
32848 0002 0000
32849 0100 0000
32857 0020 0000
32858 0005 0000
32860 1000 0000
32862 0400 0000
32863 0050 0000
32864 2000 0000
32865 0008 0000
32866 0080 0000
32876 1000 1000
32879 0040 0040
32880 0400 0400
32881 0080 0080
32885 0020 0020
32886 0100 0100
32894 0010 0010
32895 8000 8000
32898 6000 6000
32906 0005 0005
32907 0200 0200
32911 0008 0008
32915 0002 0002
32916 0800 0800
32959 1000 0000
32965 0001 0000
32969 0008 0000
32970 2000 0000
32971 0820 0000
32973 0010 0000
32974 0040 0000
32977 0402 0000
32980 0100 0000
32983 0080 0000
32993 4004 0000
32998 0200 0000
32999 8000 0000
33005 0100 0100
33006 2000 2000
33010 1000 1000
33012 0400 0400
33013 0008 0008
33014 0050 0050
33016 0004 0004
33019 0800 0800
33020 0002 0002
33023 0001 0001
33024 0080 0080
33029 8000 8000
33033 0020 0020
33036 0200 0200
33039 4000 4000
33083 0400 0400
33085 0002 0002
33087 2000 2000
33091 4000 4000
33094 0080 0080
33105 8000 8000
33106 0004 0004
33107 0200 0200
33108 0008 0008
33109 0840 0840
33113 0020 0020
33119 1000 1000
33120 0100 0100
33121 0001 0001
33123 0010 0010
33167 8000 0000
33168 0001 0000
33170 0020 0000
33173 2000 0000
33175 0080 0000
33176 0008 0000
33182 0002 0000
33188 0800 0000
33190 0004 0000
33193 0200 0000
33197 0400 0000
33198 4000 0000
33200 1040 0000
33201 0100 0000
33202 0010 0000
33208 0400 0400
33210 0020 0020
33211 0802 0802
33216 0200 0200
33218 0001 0001
33219 0008 0008
33227 0004 0004
33234 0100 0100
33235 2000 2000
33237 8000 8000
33240 0040 0040
33242 1000 1000
33244 0080 0080
33245 0010 0010
33246 4000 4000
33254 8001 0000
33257 0010 0000
33261 2000 0000
33263 1004 0000
33265 4000 0000
33268 0200 0000
33271 0c80 0000
33275 0100 0000
33276 000a 0000
33279 0040 0000
33283 0020 0000
33333 0001 0000
33334 1000 0000
33335 0080 0000
33337 0200 0000
33340 0100 0000
33345 0010 0000
33347 2008 0000
33348 0400 0000
33357 8000 0000
33364 0022 0000
33367 0800 0000
33369 0004 0000
33370 0040 0000
33372 4000 0000
33460 0008 0008
33464 4000 4000
33471 0001 0001
33472 8200 8200
33475 0100 0100
33477 1000 1000
33479 0040 0040
33480 2000 2000
33484 0480 0480
33489 0004 0004
33490 0800 0800
33494 0002 0002
33495 0010 0010
33496 0020 0020
33500 0100 0000
33509 0020 0000
33510 1000 0000
33514 0008 0000
33517 8000 0000
33518 0001 0000
33522 0800 0000
33524 0240 0000
33525 4004 0000
33532 0400 0000
33533 0010 0000
33536 2000 0000
33537 0002 0000
33539 0080 0000
33542 0100 0100
33543 0800 0800
33546 0020 0020
33547 2000 2000
33548 0200 0200
33559 4000 4000
33560 0001 0001
33562 0040 0040
33568 0480 0480
33569 0014 0014
33571 1000 1000
33574 8000 8000
33578 0002 0002
33582 0008 0008
33586 0020 0000
33589 0040 0000
33591 0102 0000
33592 0010 0000
33606 0004 0000
33609 0001 0000
33612 8800 0000
33613 4008 0000
33615 0280 0000
33616 3000 0000
33623 0400 0000
33625 0001 0001
33628 0200 0200
33629 4000 4000
33632 0080 0080
33638 0800 0800
33641 2004 2004
33643 0020 0020
33644 0402 0402
33653 8000 8000
33655 0040 0040
33656 0010 0010
33657 0008 0008
33659 1000 1000
33660 0100 0100
33667 8000 0000
33670 2000 0000
33674 0001 0000
33677 0080 0000
33679 0010 0000
33683 0840 0000
33693 0100 0000
33696 0004 0000
33697 1008 0000
33701 0200 0000
33704 0002 0000
33705 4400 0000
33706 0020 0000
33709 0100 0000
33713 8000 0000
33719 4000 0000
33720 0002 0000
33721 0800 0000
33723 0200 0000
33724 0004 0000
33726 2008 0000
33728 0040 0000
33729 0090 0000
33730 0001 0000
33742 0420 0000
33744 1000 0000
33793 0480 0480
33794 8000 8000
33800 0004 0004
33801 4001 4001
33811 0200 0200
33812 0020 0020
33817 1002 1002
33819 0100 0100
33820 2800 2800
33827 0010 0010
33831 0040 0040
33832 0008 0008
33839 2000 2000
33842 0080 0080
33843 4001 4001
33845 1000 1000
33846 0010 0010
33851 0002 0002
33856 8000 8000
33857 0800 0800
33859 0040 0040
33860 0004 0004
33863 0008 0008
33866 0400 0400
33867 0020 0020
33871 0200 0200
33873 0100 0100
33917 0800 0800
33919 2000 2000
33922 0010 0010
33925 0200 0200
33926 0002 0002
33927 4080 4080
33928 0020 0020
33931 0040 0040
33934 0001 0001
33937 0008 0008
33941 1000 1000
33944 0004 0004
33950 0400 0400
33955 0100 0100
33957 8000 8000
33958 2000 0000
33959 0001 0000
33969 0080 0000
33970 0800 0000
33972 0400 0000
33973 8008 0000
33974 0002 0000
33976 0004 0000
33980 0100 0000
33987 0010 0000
33988 5040 0000
33990 0020 0000
33993 0200 0000
34046 0200 0000
34048 0040 0000
34050 2000 0000
34051 0100 0000
34053 4000 0000
34056 0010 0000
34058 0080 0000
34061 0008 0000
34062 0004 0000
34066 8000 0000
34073 0400 0000
34074 1020 0000
34075 0001 0000
34078 0802 0000
34085 4000 4000
34088 0400 0400
34091 1200 1200
34094 0001 0001
34095 0002 0002
34097 0040 0040
34099 2000 2000
34101 8000 8000
34104 0804 0804
34107 0100 0100
34108 0010 0010
34116 0088 0088
34123 0020 0020
34167 0020 0000
34169 8000 0000
34172 1040 0000
34180 0010 0000
34182 0001 0000
34184 0400 0000
34185 0202 0000
34187 4880 0000
34193 0008 0000
34200 2004 0000
34203 0100 0000
34208 0008 0008
34209 2004 2004
34210 0080 0080
34211 0242 0242
34216 0400 0400
34221 1020 1020
34227 0100 0100
34231 0010 0010
34239 0800 0800
34246 0001 0001
34247 8000 8000
34248 4000 4000
34293 0800 0000
34294 0040 0000
34301 8000 0000
34305 0008 0000
34307 0400 0000
34310 0100 0000
34313 1000 0000
34314 4000 0000
34317 0010 0000
34318 0001 0000
34323 0002 0000
34327 0080 0000
34329 0200 0000
34330 2004 0000
34332 0020 0000
34333 0020 0000
34342 0010 0000
34343 0408 0000
34352 0200 0000
34353 0800 0000
34356 0006 0000
34361 8001 0000
34363 4000 0000
34364 0080 0000
34369 2000 0000
34370 0100 0000
34373 1040 0000
34375 1000 1000
34377 0010 0010
34384 4008 4008
34387 0100 0100
34392 0001 0001
34394 8000 8000
34395 0040 0040
34398 0002 0002
34400 0800 0800
34402 0080 0080
34404 0200 0200
34405 0020 0020
34406 0004 0004
34408 2000 2000
34411 0400 0400
34420 0002 0000
34425 2000 0000
34428 0400 0000
34433 0004 0000
34435 0080 0000
34437 0220 0000
34444 0800 0000
34446 0040 0000
34451 8000 0000
34453 0008 0000
34454 4000 0000
34462 0010 0000
34468 0001 0000
34469 1800 0000
34474 0040 0000
34475 4020 0000
34476 2000 0000
34479 0002 0000
34485 0400 0000
34487 8000 0000
34490 0200 0000
34493 0008 0000
34494 0080 0000
34498 0104 0000
34504 0004 0000
34506 0008 0000
34513 0800 0000
34516 1000 0000
34517 0001 0000
34521 8000 0000
34522 0040 0000
34523 0080 0000
34524 0100 0000
34528 4000 0000
34530 2000 0000
34531 0010 0000
34533 0200 0000
34535 0400 0000
34536 0022 0000
34542 0020 0000
34543 0200 0000
34549 1000 0000
34550 0180 0000
34552 0040 0000
34553 4000 0000
34554 0001 0000
34564 2000 0000
34566 0800 0000
34568 0400 0000
34569 0008 0000
34570 0002 0000
34573 0004 0000
34574 8000 0000
34579 0010 0000
34583 0100 0100
34590 1040 1040
34594 0200 0200
34598 0020 0020
34599 2000 2000
34603 4082 4082
34605 0400 0400
34606 0800 0800
34608 0010 0010
34612 0005 0005
34618 8000 8000
34620 0008 0008
34668 0800 0800
34675 0001 0001
34678 0100 0100
34681 000a 000a
34682 2000 2000
34683 8000 8000
34688 0020 0020
34689 0010 0010
34691 0200 0200
34693 4000 4000
34697 0400 0400
34698 1000 1000
34704 0044 0044
34706 0080 0080
34750 0020 0000
34752 0004 0000
34757 0001 0000
34759 2000 0000
34760 0100 0000
34770 8080 0000
34771 0010 0000
34772 0200 0000
34773 0008 0000
34775 0800 0000
34777 0402 0000
34778 0040 0000
34779 1000 0000
34788 4000 0000
34792 0008 0000
34795 0004 0000
34796 2040 0000
34801 0400 0000
34802 0010 0000
34803 0001 0000
34806 4000 0000
34808 1000 0000
34812 0800 0000
34813 0080 0000
34815 0200 0000
34816 0002 0000
34822 0100 0000
34827 0020 0000
34832 8000 0000
34876 0401 0401
34879 0010 0010
34881 0002 0002
34882 0100 0100
34883 1000 1000
34888 2000 2000
34895 0280 0280
34899 4000 4000
34902 8000 8000
34907 0800 0800
34910 002c 002c
34911 0040 0040
34920 8100 0000
34925 0800 0000
34926 0001 0000
34927 0408 0000
34932 0002 0000
34934 2000 0000
34938 0020 0000
34941 0004 0000
34943 0040 0000
34945 1000 0000
34947 4000 0000
34951 0200 0000
34952 0090 0000
35001 0008 0000
35002 0200 0000
35003 0010 0000
35004 0880 0000
35010 0100 0000
35015 a000 0000
35019 0002 0000
35022 4000 0000
35026 0001 0000
35027 0020 0000
35029 1000 0000
35030 0004 0000
35033 0400 0000
35041 0040 0000
35044 0004 0004
35046 0080 0080
35050 0101 0101
35054 4400 4400
35057 0008 0008
35058 8000 8000
35062 0020 0020
35063 0040 0040
35066 1000 1000
35070 2000 2000
35072 0a00 0a00
35074 0010 0010
35077 0002 0002
35128 0004 0004
35132 8020 8020
35133 2002 2002
35134 0080 0080
35141 0800 0800
35144 0400 0400
35149 4000 4000
35153 0200 0200
35158 0108 0108
35159 0040 0040
35160 0011 0011
35161 1000 1000
35167 0880 0000
35169 8000 0000
35170 0002 0000
35172 6000 0000
35181 0100 0000
35188 0200 0000
35190 0400 0000
35196 0020 0000
35202 1000 0000
35204 0008 0000
35205 0005 0000
35206 0050 0000
35253 0080 0080
35258 0002 0002
35263 1000 1000
35267 0200 0200
35273 2000 2000
35275 0004 0004
35277 0900 0900
35278 0030 0030
35279 0400 0400
35281 4000 4000
35284 0040 0040
35287 8009 8009
35335 1000 0000
35336 0020 0000
35341 0002 0000
35343 0040 0000
35345 0080 0000
35349 2000 0000
35350 0404 0000
35351 0200 0000
35358 0010 0000
35362 0100 0000
35366 8800 0000
35370 0001 0000
35371 0008 0000
35374 4000 0000
35375 0008 0008
35376 0010 0010
35378 0400 0400
35379 0006 0006
35380 0200 0200
35383 4000 4000
35384 8000 8000
35398 1100 1100
35408 0001 0001
35410 0800 0800
35414 00c0 00c0
35415 2020 2020
35419 0002 0000
35425 0020 0000
35443 0100 0000
35444 0010 0000
35449 0201 0000
35452 2000 0000
35454 1000 0000
35500 0400 0000
35505 4000 0000
35514 0004 0000
35515 0040 0000
35516 1000 0000
35518 0020 0000
35520 0080 0000
35522 0001 0000
35525 0010 0000
35527 0008 0000
35529 0002 0000
35533 0800 0000
35534 0200 0000
35535 8000 0000
35539 0100 0000
35540 2000 0000
35590 0200 0000
35591 8000 0000
35594 0002 0000
35596 4040 0000
35600 0120 0000
35603 0001 0000
35606 0008 0000
35610 0400 0000
35611 2000 0000
35614 0800 0000
35616 0010 0000
35619 0080 0000
35621 1004 0000
35629 0004 0004
35637 0200 0200
35639 4000 4000
35640 1000 1000
35648 0020 0020
35649 8801 8801
35651 0040 0040
35655 0100 0100
35657 0008 0008
35658 0400 0400
35659 0002 0002
35660 0010 0010
35663 2000 2000
35666 0080 0080
35667 8000 0000
35674 0040 0000
35676 0010 0000
35677 2000 0000
35680 0100 0000
35681 0008 0000
35682 1000 0000
35692 4000 0000
35694 0020 0000
35701 0200 0000
35703 0080 0000
35704 0002 0000
35705 0c00 0000
35706 0004 0000
35707 0001 0000
35710 1000 1000
35711 0400 0400
35713 0200 0200
35718 0800 0800
35719 000a 000a
35722 4000 4000
35726 0004 0004
35730 0040 0040
35731 2000 2000
35733 0080 0080
35743 0020 0020
35744 8000 8000
35747 0110 0110
35749 0001 0001
35750 0800 0800
35753 0001 0001
35755 0022 0022
35757 0008 0008
35758 3000 3000
35760 8000 8000
35761 0100 0100
35770 4000 4000
35772 0440 0440
35774 0004 0004
35777 0080 0080
35779 0200 0200
35781 0010 0010
35833 0001 0001
35834 8000 8000
35837 0200 0200
35839 0020 0020
35844 0004 0004
35845 4000 4000
35846 0048 0048
35847 0400 0400
35856 0080 0080
35858 0800 0800
35861 2000 2000
35866 1002 1002
35869 0100 0100
35874 0010 0010
35958 0001 0000
35963 0200 0000
35970 1000 0000
35971 0004 0000
35975 0020 0000
35976 0010 0000
35977 0800 0000
35978 2000 0000
35980 0100 0000
35983 0080 0000
35985 0048 0000
35987 8000 0000
35992 0400 0000
35993 0002 0000
35995 4000 0000
36003 0800 0000
36004 0008 0000
36006 0220 0000
36007 0100 0000
36015 2000 0000
36018 0010 0000
36023 0080 0000
36025 0040 0000
36032 4000 0000
36033 8000 0000
36035 0001 0000
36037 1002 0000
36038 0400 0000
36041 0004 0000
36125 8000 0000
36126 0004 0000
36133 0200 0000
36134 4000 0000
36135 0800 0000
36136 0088 0000
36142 0110 0000
36145 0003 0000
36148 0020 0000
36149 0040 0000
36151 1000 0000
36153 0400 0000
36165 2000 0000
36167 0400 0400
36170 0022 0022
36173 1000 1000
36175 4000 4000
36177 0010 0010
36181 8000 8000
36182 0040 0040
36183 0001 0001
36185 0200 0200
36187 2000 2000
36188 0004 0004
36196 0080 0080
36199 0800 0800
36203 0100 0100
36206 0008 0008
36211 0200 0000
36214 0082 0000
36216 0010 0000
36221 0020 0000
36226 5400 0000
36228 0008 0000
36229 0004 0000
36230 8800 0000
36236 0040 0000
36239 2000 0000
36240 0001 0000
36242 0100 0000
36334 0100 0100
36337 0002 0002
36338 0a00 0a00
36339 1000 1000
36341 00c0 00c0
36344 0004 0004
36345 4000 4000
36347 2000 2000
36354 0020 0020
36357 0008 0008
36358 0400 0400
36361 0001 0001
36370 8000 8000
36372 0010 0010
36375 0400 0000
36379 0001 0000
36381 0020 0000
36383 8000 0000
36385 0900 0000
36386 0200 0000
36389 0044 0000
36397 0002 0000
36400 2000 0000
36401 4008 0000
36407 1080 0000
36411 0010 0000
36459 0004 0000
36466 4000 0000
36469 1000 0000
36475 0010 0000
36476 2000 0000
36477 0008 0000
36478 0800 0000
36479 0020 0000
36486 0600 0000
36487 0001 0000
36488 8080 0000
36491 0040 0000
36498 0102 0000
36500 2000 2000
36503 0005 0005
36505 4400 4400
36512 0800 0800
36513 0200 0200
36514 0042 0042
36517 0020 0020
36520 0100 0100
36528 0008 0008
36530 1000 1000
36533 0080 0080
36535 8010 8010
36549 0100 0000
36550 1000 0000
36551 0010 0000
36552 0400 0000
36555 0022 0000
36558 0008 0000
36564 0001 0000
36566 0004 0000
36573 0800 0000
36574 e000 0000
36575 0040 0000
36577 0280 0000
36583 0100 0100
36587 0080 0080
36588 8008 8008
36592 0400 0400
36596 0200 0200
36600 0002 0002
36601 0020 0020
36610 0001 0001
36611 3044 3044
36617 4000 4000
36618 0810 0810
36626 0040 0040
36628 8000 8000
36630 0400 0400
36632 0082 0082
36633 4000 4000
36636 0800 0800
36642 0004 0004
36647 0020 0020
36650 0210 0210
36657 1000 1000
36662 0101 0101
36665 2000 2000
36666 0008 0008
36669 0200 0000
36679 0001 0000
36680 0080 0000
36684 8000 0000
36686 0400 0000
36688 0020 0000
36689 0802 0000
36692 4100 0000
36694 000c 0000
36695 0010 0000
36696 2000 0000
36704 0040 0000
36705 1000 0000
36710 0100 0100
36716 1000 1000
36718 0002 0002
36721 2000 2000
36725 0400 0400
36726 4000 4000
36731 0030 0030
36732 8001 8001
36733 0240 0240
36740 0004 0004
36741 0008 0008
36742 0080 0080
36746 0800 0800
36751 0200 0000
36752 8000 0000
36755 0040 0000
36761 0090 0000
36765 4000 0000
36770 0002 0000
36772 1000 0000
36773 0008 0000
36775 0020 0000
36778 0100 0000
36779 2000 0000
36780 0400 0000
36784 0004 0000
36791 0801 0000
36834 4000 4000
36835 0020 0020
36836 8000 8000
36837 0008 0008
36839 0001 0001
36840 0200 0200
36842 0040 0040
36848 1000 1000
36849 0080 0080
36852 0004 0004
36854 0800 0800
36865 0400 0400
36866 0010 0010
36871 0100 0100
36872 2002 2002
36920 0028 0000
36923 0200 0000
36925 1000 0000
36931 0080 0000
36934 4000 0000
36936 0040 0000
36937 2002 0000
36938 0400 0000
36939 0010 0000
36943 0100 0000
36944 0001 0000
36947 0004 0000
36954 8800 0000
36960 0001 0001
36961 0020 0020
36962 0100 0100
36963 2000 2000
36970 1800 1800
36974 0040 0040
36976 8000 8000
36977 0002 0002
36978 0010 0010
36988 4000 4000
36990 0400 0400
36994 0200 0200
36996 0080 0080
36999 000c 000c
37000 0020 0020
37002 1000 1000
37003 8110 8110
37005 0004 0004
37006 0200 0200
37009 0080 0080
37011 2000 2000
37015 0002 0002
37021 0800 0800
37027 0400 0400
37028 0040 0040
37031 4001 4001
37041 0008 0008
37043 4000 0000
37044 0204 0000
37046 0100 0000
37058 8400 0000
37063 0008 0000
37064 0010 0000
37066 0001 0000
37067 0840 0000
37072 1000 0000
37073 2000 0000
37074 0080 0000
37075 0020 0000
37077 0002 0000
37083 0104 0104
37087 4000 4000
37090 0400 0400
37095 0a00 0a00
37098 0010 0010
37099 0002 0002
37105 0008 0008
37106 2000 2000
37107 0001 0001
37111 8000 8000
37112 0020 0020
37119 0080 0080
37122 1040 1040
37125 0020 0000
37129 0090 0000
37130 0040 0000
37132 0001 0000
37133 8000 0000
37141 0200 0000
37142 0008 0000
37143 1004 0000
37152 0800 0000
37157 0100 0000
37158 4000 0000
37159 0400 0000
37163 2000 0000
37165 0002 0000
37169 0001 0001
37172 0002 0002
37177 1000 1000
37180 2000 2000
37183 0800 0800
37184 0010 0010
37188 0040 0040
37189 0100 0100
37194 4000 4000
37196 8000 8000
37198 0004 0004
37199 0008 0008
37201 0080 0080
37202 0020 0020
37203 0200 0200
37205 0400 0400
37210 2000 0000
37211 0051 0000
37212 0004 0000
37214 8000 0000
37219 0100 0000
37221 4400 0000
37222 0020 0000
37224 0200 0000
37225 0080 0000
37229 0800 0000
37232 1002 0000
37244 0008 0000
37298 8000 8000
37299 0001 0001
37303 2020 2020
37305 4000 4000
37309 0002 0002
37315 0400 0400
37318 0200 0200
37319 0004 0004
37320 1010 1010
37322 0800 0800
37326 0040 0040
37329 0008 0008
37330 0180 0180
37333 0004 0000
37335 0200 0000
37339 0008 0000
37347 2800 0000
37348 0140 0000
37351 0081 0000
37352 4000 0000
37357 0400 0000
37361 0010 0000
37363 0020 0000
37372 0002 0000
37374 9000 0000
37417 4000 0000
37422 0020 0000
37432 0080 0000
37434 2000 0000
37439 0100 0000
37442 0008 0000
37443 0800 0000
37445 0002 0000
37447 0445 0000
37451 0010 0000
37452 0200 0000
37456 9000 0000
37466 0080 0080
37467 0040 0040
37475 0402 0402
37483 0004 0004
37484 0800 0800
37486 4000 4000
37488 a200 a200
37491 0020 0020
37492 0008 0008
37541 0008 0008
37542 4000 4000
37550 0200 0200
37551 0100 0100
37553 0040 0040
37555 0001 0001
37557 0020 0020
37558 8000 8000
37566 0800 0800
37567 0002 0002
37568 1000 1000
37570 0480 0480
37578 2000 2000
37581 0004 0004
37582 0010 0010
37587 1000 1000
37588 0040 0040
37590 2000 2000
37591 8000 8000
37595 0001 0001
37597 0c00 0c00
37598 0008 0008
37600 0004 0004
37607 0020 0020
37608 0010 0010
37615 0200 0200
37616 0080 0080
37618 0002 0002
37619 4000 4000
37622 0100 0100
37668 2020 0000
37671 8000 0000
37673 0082 0000
37674 0008 0000
37679 0040 0000
37680 5200 0000
37685 0001 0000
37689 0100 0000
37690 0800 0000
37692 0400 0000
37694 0004 0000
37699 0010 0000
37708 1000 0000
37718 0100 0000
37719 0220 0000
37728 4002 0000
37732 0050 0000
37734 2000 0000
37735 8000 0000
37736 0400 0000
37738 0800 0000
37742 0084 0000
37743 0008 0000
37749 0001 0000
37791 0004 0004
37792 0002 0002
37798 0008 0008
37806 0010 0010
37808 0100 0100
37810 4000 4000
37812 0020 0020
37814 0040 0040
37822 2000 2000
37823 0081 0081
37824 0400 0400
37826 1000 1000
37830 0200 0200
37831 0800 0800
37833 8000 8000
37835 0100 0100
37836 0080 0080
37838 1000 1000
37839 a000 a000
37840 0002 0002
37848 0001 0001
37852 0228 0228
37860 4000 4000
37867 0400 0400
37868 0840 0840
37869 0014 0014
37875 4000 0000
37877 0080 0000
37880 0102 0000
37889 0008 0000
37890 0010 0000
37893 0004 0000
37894 0400 0000
37895 0820 0000
37897 1000 0000
37898 0001 0000
37899 2000 0000
37913 8000 0000
37914 0040 0000
37915 0200 0000
38001 0080 0000
38004 0008 0000
38009 0020 0000
38010 0040 0000
38013 8000 0000
38015 4000 0000
38021 0010 0000
38025 1000 0000
38027 0100 0000
38029 0001 0000
38030 0002 0000
38032 0a00 0000
38037 0400 0000
38038 0004 0000
38039 2000 0000
38126 8000 8000
38127 0004 0004
38138 0101 0101
38139 2000 2000
38144 0200 0200
38145 0010 0010
38146 0408 0408
38149 0022 0022
38151 1000 1000
38153 0080 0080
38161 4000 4000
38163 0840 0840
38172 2000 0000
38173 0001 0000
38176 0010 0000
38177 4000 0000
38178 0042 0000
38191 0020 0000
38192 0100 0000
38197 0200 0000
38200 0800 0000
38202 8000 0000
38203 0008 0000
38205 1480 0000
38206 0004 0000
38254 2020 2020
38260 0080 0080
38266 1400 1400
38269 0010 0010
38273 0200 0200
38275 0100 0100
38277 0800 0800
38279 0004 0004
38280 0040 0040
38281 0002 0002
38285 c009 c009
38338 0004 0000
38345 0001 0000
38346 1000 0000
38349 0020 0000
38350 4000 0000
38352 0010 0000
38356 0002 0000
38363 0400 0000
38364 8008 0000
38366 0200 0000
38367 0080 0000
38368 0100 0000
38370 0800 0000
38371 2000 0000
38372 0040 0000
38377 0020 0020
38378 0100 0100
38379 1008 1008
38385 2004 2004
38387 4000 4000
38388 80d0 80d0
38389 0001 0001
38394 0002 0002
38398 0200 0200
38400 0800 0800
38410 0400 0400
38417 0040 0000
38419 2004 0000
38423 0400 0000
38425 8800 0000
38426 0010 0000
38427 0200 0000
38428 1000 0000
38434 0002 0000
38437 0100 0000
38445 0008 0000
38447 0001 0000
38450 0080 0000
38452 4000 0000
38457 0020 0000
38502 0001 0000
38505 0004 0000
38514 0008 0000
38519 0200 0000
38520 0002 0000
38525 0c00 0000
38527 0080 0000
38536 0130 0000
38538 a000 0000
38539 0040 0000
38540 1000 0000
38541 4000 0000
38627 2000 2000
38628 0004 0004
38629 0040 0040
38633 0400 0400
38634 0001 0001
38635 0800 0800
38636 0008 0008
38637 0080 0080
38638 8000 8000
38641 0200 0200
38644 0100 0100
38658 1010 1010
38659 4000 4000
38665 0002 0002
38666 0020 0020
38668 0100 0100
38671 8000 8000
38673 0200 0200
38676 0008 0008
38678 0080 0080
38680 4000 4000
38684 1000 1000
38692 0004 0004
38693 0800 0800
38694 0020 0020
38695 2011 2011
38701 0002 0002
38704 0040 0040
38706 0400 0400
38794 0004 0000
38795 8000 0000
38798 4000 0000
38800 1000 0000
38807 0008 0000
38808 2400 0000
38811 0210 0000
38816 0021 0000
38823 0800 0000
38826 0080 0000
38829 0002 0000
38831 0040 0000
38832 0100 0000
38834 0002 0002
38837 8000 8000
38838 0400 0400
38839 0800 0800
38840 1000 1000
38843 0200 0200
38848 2000 2000
38849 0100 0100
38857 4000 4000
38862 0004 0004
38866 0001 0001
38867 0048 0048
38868 0020 0020
38872 0010 0010
38873 0080 0080
38876 0004 0000
38877 1000 0000
38878 0200 0000
38886 0010 0000
38889 2400 0000
38892 0008 0000
38895 8000 0000
38896 0080 0000
38897 0100 0000
38906 0001 0000
38907 0040 0000
38908 4802 0000
38914 0020 0000
38917 8000 8000
38918 4000 4000
38920 0040 0040
38933 0008 0008
38937 0400 0400
38942 0800 0800
38943 0080 0080
38945 0004 0004
39002 1000 0000
39004 0010 0000
39007 0800 0000
39017 0008 0000
39020 0200 0000
39021 0004 0000
39022 2000 0000
39023 4000 0000
39024 8000 0000
39027 0080 0000
39032 0040 0000
39033 0100 0000
39034 0420 0000
39036 0002 0000
39038 0001 0000
39088 0010 0010
39092 0001 0001
39099 0004 0004
39109 4000 4000
39110 0400 0400
39117 0040 0040
39118 0100 0100
39123 1000 1000
39128 0010 0010
39131 0020 0020
39132 1000 1000
39133 2800 2800
39135 8000 8000
39136 4000 4000
39140 0008 0008
39143 0100 0100
39151 0040 0040
39153 0400 0400
39157 0080 0080
39158 0202 0202
39162 0004 0004
39163 0001 0001
39167 4100 4100
39174 2000 2000
39176 0002 0002
39180 0200 0200
39185 8000 8000
39186 0880 0880
39189 0001 0001
39190 0004 0004
39192 0408 0408
39194 0020 0020
39198 0040 0040
39199 0010 0010
39204 1000 1000
39217 0001 0000
39218 0120 0000
39225 0040 0000
39229 2800 0000
39230 1004 0000
39235 8010 0000
39238 4008 0000
39241 0400 0000
39243 0082 0000
39247 0200 0000
39336 0008 0008
39338 0280 0280
39354 0100 0100
39355 4002 4002
39357 0800 0800
39360 2000 2000
39361 0400 0400
39362 1000 1000
39364 8000 8000
39366 0050 0050
39367 0001 0001
39370 0024 0024
39377 0020 0000
39379 0800 0000
39383 4000 0000
39386 0004 0000
39387 0400 0000
39388 0042 0000
39390 0080 0000
39394 1100 0000
39399 0010 0000
39400 0200 0000
39406 8000 0000
39413 0008 0000
39414 2001 0000
39461 0800 0800
39462 0001 0001
39466 8008 8008
39469 0100 0100
39479 0006 0006
39482 0010 0010
39488 2000 2000
39489 4200 4200
39490 0400 0400
39493 0040 0040
39495 1020 1020
39496 0080 0080
39500 2000 0000
39502 8000 0000
39505 4001 0000
39510 1080 0000
39513 0400 0000
39514 0020 0000
39518 0040 0000
39520 0008 0000
39527 0002 0000
39531 0100 0000
39536 0800 0000
39539 0010 0000
39540 0004 0000
39541 0200 0000
39585 8000 8000
39586 0004 0004
39589 2000 2000
39594 0010 0010
39597 0020 0020
39601 0001 0001
39606 0800 0800
39607 0008 0008
39611 0100 0100
39613 0002 0002
39614 0200 0200
39616 0040 0040
39618 1000 1000
39619 4080 4080
39622 0400 0400
39625 0001 0000
39634 1002 0000
39636 2000 0000
39638 0400 0000
39639 0020 0000
39643 0100 0000
39649 0800 0000
39654 0008 0000
39656 4000 0000
39658 0084 0000
39660 0200 0000
39661 0010 0000
39662 8040 0000
39666 0001 0000
39670 2000 0000
39672 0020 0000
39682 4000 0000
39683 8000 0000
39687 1200 0000
39690 0800 0000
39694 0410 0000
39697 0100 0000
39700 0002 0000
39701 0004 0000
39703 0080 0000
39706 0040 0000
39707 0008 0000
39712 0008 0008
39713 0100 0100
39716 0010 0010
39720 0804 0804
39725 4040 4040
39727 0001 0001
39729 0200 0200
39731 0020 0020
39740 8000 8000
39741 0400 0400
39742 2002 2002
39745 1000 1000
39748 0080 0080
39759 0200 0000
39761 0020 0000
39764 0004 0000
39766 2000 0000
39767 0091 0000
39768 0040 0000
39773 8008 0000
39779 0100 0000
39781 1800 0000
39782 0002 0000
39787 4000 0000
39789 0400 0000
39835 0100 0000
39838 8000 0000
39842 0030 0000
39844 0008 0000
39845 1000 0000
39846 0400 0000
39848 0040 0000
39849 2000 0000
39850 4000 0000
39853 0802 0000
39858 0200 0000
39865 0080 0000
39870 0001 0000
39873 0004 0000
39876 0080 0080
39878 0804 0804
39883 2000 2000
39884 0010 0010
39889 0002 0002
39894 4000 4000
39895 8000 8000
39899 0040 0040
39904 1000 1000
39905 0421 0421
39909 0008 0008
39914 0100 0100
39915 0200 0200
39960 2000 2000
39963 0008 0008
39968 0002 0002
39972 4000 4000
39978 0020 0020
39982 0400 0400
39983 0040 0040
39989 0080 0080
39991 8000 8000
39992 0004 0004
39994 0200 0200
39998 0800 0800
40005 0010 0000
40008 0400 0000
40009 0001 0000
40010 0200 0000
40011 1000 0000
40014 0800 0000
40017 2002 0000
40018 0004 0000
40020 8000 0000
40021 0008 0000
40022 4000 0000
40026 0080 0000
40028 0100 0000
40031 0020 0000
40040 0040 0000
40044 4000 4000
40045 0010 0010
40046 1000 1000
40048 0004 0004
40051 000a 000a
40052 0040 0040
40053 0220 0220
40055 0800 0800
40058 2000 2000
40063 8000 8000
40065 0080 0080
40067 0400 0400
40068 0001 0001
40074 0100 0100
40125 0002 0000
40128 0200 0000
40134 0008 0000
40136 4400 0000
40141 0080 0000
40142 0020 0000
40143 1100 0000
40145 0004 0000
40149 0040 0000
40154 2000 0000
40158 8000 0000
40160 0800 0000
40164 0010 0000
40166 0001 0000
40170 0100 0100
40173 0400 0400
40176 0008 0008
40177 0010 0010
40180 0004 0004
40182 8000 8000
40186 0020 0020
40187 1000 1000
40189 2000 2000
40193 0001 0001
40195 0800 0800
40196 0200 0200
40199 4000 4000
40200 0080 0080
40202 0040 0040
40207 0002 0002
40298 0800 0800
40303 0020 0020
40304 1010 1010
40305 0200 0200
40309 4000 4000
40310 0008 0008
40312 0001 0001
40315 0004 0004
40316 0002 0002
40317 2000 2000
40321 8000 8000
40322 0040 0040
40323 0080 0080
40325 0100 0100
40327 0400 0400
40335 0240 0000
40336 0008 0000
40344 0020 0000
40352 0004 0000
40354 0500 0000
40356 0080 0000
40360 0002 0000
40361 0001 0000
40365 0800 0000
40368 0010 0000
40417 0020 0020
40422 0040 0040
40428 0404 0404
40435 0800 0800
40440 0009 0009
40444 0100 0100
40446 0200 0200
40447 0012 0012
40452 0080 0080
40458 0002 0000
40459 0040 0000
40460 0010 0000
40463 0004 0000
40465 0008 0000
40466 0100 0000
40468 0020 0000
40470 0400 0000
40474 0080 0000
40475 8000 0000
40479 0201 0000
40480 0800 0000
40483 5000 0000
40491 2000 0000
40501 8000 8000
40504 0210 0210
40514 2000 2000
40517 4000 4000
40519 0800 0800
40523 0100 0100
40524 1040 1040
40525 0020 0020
40527 0008 0008
40528 0001 0001
40533 0480 0480
40537 0006 0006
40542 3000 0000
40544 8000 0000
40546 0400 0000
40547 0200 0000
40549 0010 0000
40552 0080 0000
40556 0008 0000
40562 0001 0000
40563 0002 0000
40575 0800 0000
40576 0004 0000
40577 0040 0000
40581 0100 0000
40582 4020 0000
40587 0020 0020
40589 4010 4010
40591 0200 0200
40592 0080 0080
40594 0002 0002
40595 2000 2000
40603 0008 0008
40606 0100 0100
40607 0804 0804
40608 0040 0040
40614 0001 0001
40616 0400 0400
40620 1000 1000
40623 8000 8000
40667 0800 0000
40670 2000 0000
40671 4000 0000
40673 0108 0000
40674 0002 0000
40675 0084 0000
40679 0040 0000
40692 0001 0000
40695 0410 0000
40696 8000 0000
40698 0020 0000
40701 1000 0000
40703 0200 0000
40710 0002 0000
40712 0010 0000
40714 0040 0000
40716 4000 0000
40718 0008 0000
40722 9000 0000
40725 0004 0000
40726 0080 0000
40727 0020 0000
40731 0201 0000
40733 2000 0000
40738 0100 0000
40742 0400 0000
40743 0800 0000
40794 0400 0400
40797 0040 0040
40799 0100 0100
40800 0082 0082
40808 0021 0021
40811 1000 1000
40816 0010 0010
40818 8008 8008
40822 2000 2000
40824 0a00 0a00
40825 0004 0004
40826 4000 4000
40834 0040 0000
40839 0200 0000
40841 0002 0000
40842 0004 0000
40849 0400 0000
40851 1000 0000
40852 2000 0000
40855 0020 0000
40859 0001 0000
40860 0008 0000
40863 0800 0000
40866 c000 0000
40868 0080 0000
40871 0100 0000
40872 0010 0000
40917 0040 0040
40920 2000 2000
40921 0400 0400
40927 0020 0020
40929 0004 0004
40932 0100 0100
40937 c000 c000
40938 0001 0001
40940 0008 0008
40941 0800 0800
40943 0010 0010
40944 0002 0002
40951 0080 0080
40957 1200 1200
40958 0010 0000
40963 2020 0000
40969 0882 0000
40974 0045 0000
40979 4000 0000
40980 0400 0000
40985 0100 0000
40987 1000 0000
40994 0200 0000
40998 8008 0000
41001 4000 4000
41002 0008 0008
41006 0800 0800
41007 0100 0100
41009 0040 0040
41018 0080 0080
41019 0020 0020
41020 8000 8000
41022 0400 0400
41025 0200 0200
41030 2001 2001
41033 1000 1000
41034 0010 0010
41038 0002 0002
41040 0004 0004
41042 0080 0000
41044 2000 0000
41048 8200 0000
41058 0100 0000
41059 0010 0000
41063 0800 0000
41065 4004 0000
41068 0002 0000
41070 0020 0000
41074 1001 0000
41077 0040 0000
41079 0408 0000
41084 0020 0020
41088 0008 0008
41090 0100 0100
41095 0002 0002
41096 8000 8000
41103 0001 0001
41106 0004 0004
41107 0010 0010
41108 2040 2040
41111 0800 0800
41113 4000 4000
41114 0200 0200
41116 0400 0400
41118 1000 1000
41123 0080 0080
41170 1000 0000
41180 0408 0000
41184 0200 0000
41185 0040 0000
41189 0080 0000
41191 0020 0000
41194 0814 0000
41196 8002 0000
41201 2000 0000
41203 0100 0000
41204 4001 0000
41209 0400 0000
41215 0200 0000
41216 0004 0000
41217 0800 0000
41222 8000 0000
41223 0100 0000
41227 0040 0000
41231 0010 0000
41235 0008 0000
41238 4020 0000
41239 1000 0000
41240 0082 0000
41244 2001 0000
41294 0100 0100
41295 1010 1010
41298 0080 0080
41299 0020 0020
41307 0200 0200
41310 0002 0002
41312 0800 0800
41315 8000 8000
41319 4000 4000
41322 0400 0400
41323 0008 0008
41324 2000 2000
41327 0001 0001
41331 0044 0044
41333 0002 0000
41335 0080 0000
41340 4101 0000
41341 0018 0000
41350 0400 0000
41357 0020 0000
41358 0040 0000
41360 8000 0000
41362 1000 0000
41365 2000 0000
41368 0004 0000
41369 0800 0000
41371 0200 0000
41379 0040 0040
41381 0208 0208
41382 0080 0080
41384 2000 2000
41387 0004 0004
41390 0800 0800
41393 5000 5000
41396 0002 0002
41398 0001 0001
41402 0010 0010
41407 0100 0100
41410 0400 0400
41411 0020 0020
41415 8000 8000
41417 0002 0002
41419 4000 4000
41420 2100 2100
41423 0200 0200
41424 0084 0084
41426 0060 0060
41440 0800 0800
41441 0010 0010
41443 8008 8008
41450 0001 0001
41451 0400 0400
41455 1000 1000
41461 4002 0000
41462 0040 0000
41468 0010 0000
41472 0600 0000
41473 0020 0000
41474 1008 0000
41476 0800 0000
41477 2000 0000
41479 0100 0000
41482 0004 0000
41483 0080 0000
41489 8000 0000
41491 0001 0000
41503 0001 0000
41504 4000 0000
41505 0020 0000
41506 0200 0000
41507 0400 0000
41508 8000 0000
41511 0040 0000
41514 0008 0000
41518 0002 0000
41520 2000 0000
41522 0800 0000
41524 0004 0000
41526 1000 0000
41528 0080 0000
41533 0010 0000
41539 0100 0000
41672 4000 4000
41673 0040 0040
41674 8000 8000
41675 0088 0088
41676 0110 0110
41679 1000 1000
41681 2000 2000
41685 0001 0001
41686 0200 0200
41688 0800 0800
41690 0002 0002
41694 0420 0420
41702 0004 0004
41877 0080 0000
41880 0800 0000
41881 8000 0000
41882 2140 0000
41885 0002 0000
41886 4000 0000
41890 1000 0000
41897 0008 0000
41900 0004 0000
41901 0400 0000
41902 0200 0000
41910 0010 0000
41914 0020 0000
41916 0001 0000
41919 8002 0000
41920 0400 0000
41925 0100 0000
41926 0800 0000
41928 0080 0000
41929 0010 0000
41931 0040 0000
41932 1000 0000
41935 4000 0000
41936 0008 0000
41947 0200 0000
41949 0001 0000
41952 2000 0000
41958 0024 0000
42007 2000 0000
42009 4000 0000
42012 0004 0000
42020 0100 0000
42022 0008 0000
42025 0080 0000
42026 0010 0000
42027 1000 0000
42030 0640 0000
42031 0800 0000
42032 0001 0000
42035 0022 0000
42037 8000 0000
42043 0400 0400
42045 0001 0001
42048 0088 0088
42049 2000 2000
42054 0004 0004
42058 0100 0100
42059 0020 0020
42063 0800 0800
42067 4000 4000
42070 8000 8000
42074 0002 0002
42076 0040 0040
42077 0200 0200
42081 0010 0010
42082 1000 1000
42128 0200 0200
42132 0020 0020
42133 0800 0800
42134 0010 0010
42135 0400 0400
42137 2000 2000
42138 0004 0004
42139 0008 0008
42142 8000 8000
42146 1000 1000
42150 0100 0100
42152 0001 0001
42153 4000 4000
42159 0080 0080
42162 0040 0040
42165 0002 0002
42167 4040 4040
42168 2000 2000
42174 0010 0010
42175 0001 0001
42177 0020 0020
42178 0802 0802
42184 0400 0400
42186 0008 0008
42189 0300 0300
42192 0080 0080
42196 1000 1000
42197 0004 0004
42199 8000 8000
42217 0020 0000
42220 0400 0000
42223 3100 0000
42225 0200 0000
42228 0001 0000
42236 0002 0000
42238 4050 0000
42248 0004 0000
42251 0020 0020
42253 0001 0001
42254 0040 0040
42257 c000 c000
42258 0400 0400
42259 0008 0008
42265 0200 0200
42270 1000 1000
42275 0004 0004
42278 0010 0010
42279 0080 0080
42280 2000 2000
42283 0100 0100
42285 0002 0002
42290 0800 0800
42417 0400 0000
42418 0002 0000
42420 0010 0000
42424 0800 0000
42427 4000 0000
42432 0001 0000
42440 0040 0000
42442 0004 0000
42445 0100 0000
42447 8020 0000
42448 2200 0000
42450 0080 0000
42451 0008 0000
42453 1000 0000
42502 0208 0000
42512 4000 0000
42514 0001 0000
42515 0080 0000
42517 0040 0000
42518 0400 0000
42519 1000 0000
42521 2124 0000
42530 0010 0000
42531 0800 0000
42535 0002 0000
42536 8000 0000
42584 0800 0800
42588 0004 0004
42590 0002 0002
42595 0081 0081
42596 0100 0100
42599 0200 0200
42600 0400 0400
42601 1000 1000
42605 8000 8000
42609 2000 2000
42613 0008 0008
42614 0010 0010
42615 0020 0020
42621 4000 4000
42624 0040 0040
42630 0040 0000
42632 0100 0000
42638 0800 0000
42644 0001 0000
42645 9000 0000
42646 0010 0000
42647 2000 0000
42653 0400 0000
42655 0004 0000
42658 0200 0000
42659 0080 0000
42661 0020 0000
42662 0008 0000
42664 4000 0000
42666 0042 0040
42667 2000 2000
42670 0080 0080
42674 0002 0002
42675 000c 000c
42684 0100 0100
42688 0400 0400
42691 0200 0200
42695 0801 0801
42698 c000 c000
42702 0010 0010
42705 0020 0020
42707 1000 1000
42708 0010 0010
42712 0004 0004
42715 0080 0080
42717 0100 0100
42718 4000 4000
42719 0002 0002
42720 8000 8000
42721 2200 2200
42724 0400 0400
42737 0009 0009
42740 1020 1020
42744 0040 0040
42748 0800 0800
42751 4002 4002
42755 0040 0040
42759 0010 0010
42760 1000 1000
42764 0020 0020
42765 0181 0181
42766 0808 0808
42770 2000 2000
42774 0400 0400
42777 8000 8000
42783 0004 0004
42788 0200 0200
42794 0008 0000
42795 0020 0000
42800 1000 0000
42803 0400 0000
42805 0001 0000
42807 2010 0000
42821 0240 0000
42822 0100 0000
42823 0800 0000
42826 0080 0000
42828 8002 0000
42829 0004 0000
42832 4000 0000
42834 0200 0200
42836 1000 1000
42837 0002 0002
42839 2020 2020
42840 8000 8000
42844 4800 4800
42850 0004 0004
42859 0100 0100
42861 0008 0008
42865 0400 0400
42866 0041 0041
42867 0010 0010
42873 0080 0080
42875 0020 0000
42876 0001 0000
42877 0004 0000
42879 1000 0000
42883 4000 0000
42885 0080 0000
42890 800a 0000
42893 2000 0000
42898 0600 0000
42905 0040 0000
42907 0010 0000
42911 0100 0000
42912 0800 0000
42958 00c4 0000
42959 0001 0000
42970 0100 0000
42971 0800 0000
42976 4000 0000
42979 0010 0000
42984 0020 0000
42986 2000 0000
42989 0008 0000
42990 8000 0000
42993 0202 0000
42997 1400 0000
43000 0040 0040
43001 0080 0080
43011 0600 0600
43012 8001 8001
43014 0020 0020
43015 0002 0002
43016 4000 4000
43018 2000 2000
43025 0100 0100
43027 1010 1010
43034 0004 0004
43035 0800 0800
43040 0008 0008
43084 0002 0000
43090 0010 0000
43091 4000 0000
43095 2000 0000
43097 0020 0000
43098 0048 0000
43101 0100 0000
43106 8080 0000
43114 0200 0000
43115 1400 0000
43116 0004 0000
43119 0001 0000
43121 0800 0000
43125 0004 0000
43130 0200 0000
43132 0001 0000
43134 0040 0000
43135 4020 0000
43141 0400 0000
43142 0002 0000
43144 0090 0000
43146 9000 0000
43147 2000 0000
43150 0100 0000
43151 0008 0000
43163 0800 0000
43173 1001 1001
43179 0200 0200
43180 0002 0002
43182 0080 0080
43184 c000 c000
43185 0008 0008
43193 0010 0010
43195 2000 2000
43196 0004 0004
43197 0400 0400
43201 0100 0100
43203 0020 0020
43207 0040 0040
43208 0800 0800
43211 0004 0004
43214 0020 0020
43216 0502 0502
43217 0040 0040
43221 0008 0008
43224 4000 4000
43225 2010 2010
43226 0001 0001
43229 8080 8080
43237 1000 1000
43245 0200 0200
43253 0200 0000
43256 0010 0000
43257 1400 0000
43263 0004 0000
43266 8000 0000
43268 0003 0000
43269 0800 0000
43273 0020 0000
43280 4040 0000
43282 0100 0000
43284 0080 0000
43286 2000 0000
43287 0008 0000
43335 0008 0000
43336 0020 0000
43338 2000 0000
43339 0002 0000
43341 0410 0000
43345 0040 0000
43348 1000 0000
43349 8000 0000
43350 0800 0000
43351 0200 0000
43352 0080 0000
43354 4100 0000
43359 0004 0000
43368 0001 0000
43380 4000 4000
43382 0081 0081
43385 0008 0008
43387 2000 2000
43391 0004 0004
43392 1010 1010
43393 0800 0800
43395 0042 0042
43396 0200 0200
43397 8020 8020
43403 0400 0400
43410 0100 0100
43501 1002 1002
43506 8000 8000
43509 0040 0040
43519 0100 0100
43521 0028 0028
43522 0200 0200
43523 0800 0800
43524 0410 0410
43529 4080 4080
43531 0004 0004
43532 2000 2000
43541 0001 0001
43543 0010 0000
43544 1000 0000
43550 0001 0000
43551 0200 0000
43554 0480 0000
43558 0800 0000
43559 0004 0000
43567 0020 0000
43568 2000 0000
43569 0002 0000
43570 4000 0000
43574 8040 0000
43581 0100 0000
43583 2008 2000
43585 0200 0200
43587 0001 0001
43589 0400 0400
43590 0800 0800
43596 0002 0002
43599 4000 4000
43602 0020 0020
43605 0008 0008
43607 0004 0004
43610 0010 0010
43615 0100 0100
43619 0040 0040
43620 1000 1000
43621 0080 0080
43623 8000 8000
43627 0800 0800
43632 8000 8000
43639 0008 0008
43640 0200 0200
43645 0100 0100
43647 0004 0004
43648 0080 0080
43649 4000 4000
43650 1020 1020
43651 2000 2000
43653 0040 0040
43655 0010 0010
43659 0002 0002
43661 0400 0400
43664 0001 0001
43667 0020 0000
43670 0010 0000
43672 9000 0000
43673 0100 0000
43680 0200 0000
43683 4000 0000
43684 0001 0000
43686 0802 0000
43687 0008 0000
43690 0040 0000
43694 0004 0000
43697 0080 0000
43699 2400 0000
43713 2000 0000
43714 0a00 0000
43717 8000 0000
43721 0004 0000
43722 4000 0000
43725 1000 0000
43728 0080 0000
43729 0020 0000
43731 0100 0000
43735 0010 0000
43736 0040 0000
43738 0008 0000
43740 0001 0000
43749 0402 0000
43751 0040 0040
43754 0002 0002
43761 0400 0400
43765 0009 0009
43774 0800 0800
43779 0004 0004
43783 0080 0080
43785 4200 4200
43786 8000 8000
43787 3100 3100
43789 0010 0010
43790 0020 0020
43836 0100 0000
43838 0060 0000
43839 8000 0000
43847 0010 0000
43860 0080 0000
43861 0800 0000
43863 0001 0000
43866 2200 0000
43868 4000 0000
43869 0008 0000
43871 1004 0000
43872 0002 0000
43873 0400 0000
43917 0020 0000
43923 0002 0000
43926 2401 0000
43929 0008 0000
43930 8000 0000
43931 0800 0000
43933 0040 0000
43934 0080 0000
43937 4010 0000
43938 0004 0000
43949 0200 0000
43955 1100 0000
43959 0008 0000
43960 8000 0000
43961 0010 0000
43969 0020 0000
43970 0086 0000
43975 1000 0000
43976 2000 0000
43981 0001 0000
43983 4100 0000
43984 0800 0000
43986 0200 0000
43995 0040 0000
43998 0400 0000
44007 0002 0002
44010 010c 010c
44014 8000 8000
44018 0001 0001
44019 0400 0400
44025 2000 2000
44026 0040 0040
44027 1000 1000
44028 0020 0020
44031 4000 4000
44033 0010 0010
44034 0200 0200
44038 0080 0080
44039 0800 0800
44084 0030 0000
44089 0200 0000
44090 0400 0000
44092 0080 0000
44097 1000 0000
44098 4000 0000
44103 8800 0000
44108 2000 0000
44109 0100 0000
44112 0008 0000
44116 0004 0000
44118 0040 0000
44119 0003 0000
44167 0008 0008
44168 0004 0004
44172 0100 0100
44173 2000 2000
44174 4000 4000
44175 0020 0020
44179 0001 0001
44183 0a00 0a00
44187 0090 0090
44191 8000 8000
44194 1040 1040
44196 0002 0002
44200 0400 0400
44208 0020 0020
44214 1000 1000
44216 0001 0001
44219 0100 0100
44220 0400 0400
44225 0200 0200
44230 0010 0010
44234 0002 0002
44235 2000 2000
44238 4000 4000
44239 0040 0040
44243 0004 0004
44292 0020 0000
44293 0081 0000
44294 0100 0000
44295 0800 0000
44296 0040 0000
44300 0400 0000
44302 1000 0000
44307 0002 0000
44317 2000 0000
44322 0004 0000
44326 0008 0000
44328 8000 0000
44329 4000 0000
44331 0200 0000
44332 0010 0000
44333 8000 0000
44339 0020 0000
44342 0008 0000
44346 0800 0000
44347 0040 0000
44351 0080 0000
44352 0400 0000
44353 0010 0000
44354 4000 0000
44360 0200 0000
44361 0100 0000
44362 2000 0000
44363 1000 0000
44365 0002 0000
44366 0004 0000
44370 0001 0000
44417 8000 8000
44418 0020 0020
44422 0010 0010
44424 0004 0004
44432 1008 1008
44433 2480 2480
44435 0900 0900
44441 0002 0002
44445 0200 0200
44446 4000 4000
44448 0040 0040
44454 0001 0001
44544 0170 0170
44547 0400 0400
44549 0200 0200
44550 0001 0001
44551 0800 0800
44555 2000 2000
44568 0006 0006
44569 1000 1000
44570 4000 4000
44571 8000 8000
44578 0008 0008
44580 0080 0080
44583 8000 8000
44588 0030 0030
44590 0100 0100
44592 0400 0400
44593 0042 0042
44596 0080 0080
44599 4000 4000
44603 0a00 0a00
44604 0008 0008
44609 0004 0004
44611 1000 1000
44616 2000 2000
44622 0001 0001
44667 0040 0000
44668 1000 0000
44670 0020 0000
44673 0200 0000
44674 0080 0000
44678 0808 0000
44681 0402 0000
44690 0100 0000
44697 4000 0000
44700 0010 0000
44701 2000 0000
44704 8000 0000
44706 0004 0000
44707 0001 0000
44751 0100 0100
44752 0004 0004
44753 0008 0008
44754 0800 0800
44755 0040 0040
44757 0400 0400
44759 0020 0020
44765 1000 1000
44768 0001 0001
44771 0002 0002
44772 0010 0010
44774 0080 0080
44776 8000 8000
44777 0200 0200
44783 4000 4000
44785 2000 2000
44793 0008 0000
44798 8000 0000
44801 0004 0000
44804 0080 0000
44805 0002 0000
44806 1000 0000
44808 2000 0000
44811 0100 0000
44814 0001 0000
44822 0040 0000
44823 4200 0000
44826 0020 0000
44828 0410 0000
44831 0800 0000
44834 0100 0100
44837 0020 0020
44841 0401 0401
44842 0002 0002
44843 0800 0800
44845 8000 8000
44846 1000 1000
44853 2000 2000
44864 4000 4000
44867 0010 0010
44868 0008 0008
44870 0040 0040
44871 0004 0004
44872 0080 0080
44874 0200 0200
44875 0004 0000
44876 0040 0000
44888 4000 0000
44891 0082 0000
44894 2000 0000
44895 0010 0000
44896 0400 0000
44898 1000 0000
44899 0100 0000
44906 8028 0000
44909 0001 0000
44913 0a00 0000
44917 0002 0002
44922 0200 0200
44923 0080 0080
44926 0010 0010
44929 0008 0008
44930 0444 0444
44931 a000 a000
44934 4000 4000
44939 0020 0020
44947 0100 0100
44948 0001 0001
44949 1000 1000
44953 0800 0800
44958 0008 0008
44959 0010 0010
44966 8000 8000
44968 2000 2000
44974 0120 0120
44979 0400 0400
44981 1000 1000
44982 0080 0080
44987 4001 4001
44989 0800 0800
44990 0004 0004
44993 0200 0200
44997 0040 0040
44999 0002 0002
45000 0004 0000
45003 1100 0000
45004 0001 0000
45011 0410 0000
45014 8000 0000
45016 0020 0000
45017 00c0 0000
45019 0008 0000
45022 0200 0000
45025 4002 0000
45035 2000 0000
45038 0800 0000
45044 0020 0020
45045 0080 0080
45048 0400 0400
45054 0800 0800
45062 0200 0200
45064 0003 0003
45065 0014 0014
45067 4000 4000
45069 1000 1000
45072 0040 0040
45073 8000 8000
45074 0100 0100
45076 2000 2000
45078 0008 0008
45125 0020 0000
45126 0800 0000
45128 0080 0000
45130 6000 0000
45131 0004 0000
45132 0101 0000
45135 0400 0000
45149 0002 0000
45153 0040 0000
45154 0200 0000
45159 1000 0000
45161 8000 0000
45163 0008 0000
45165 0010 0000
45295 0900 0900
45297 1000 1000
45300 2000 2000
45301 4000 4000
45304 0004 0004
45315 0200 0200
45316 0010 0010
45317 0048 0048
45318 0080 0080
45321 0402 0402
45323 8000 8000
45325 0020 0020
45332 0001 0001
45336 0800 0000
45337 0201 0000
45341 0004 0000
45349 1080 0000
45350 0100 0000
45352 0002 0000
45355 0400 0000
45356 0010 0000
45358 0008 0000
45359 8000 0000
45360 0020 0000
45369 2000 0000
45373 4000 0000
45374 0040 0000
45417 0004 0004
45420 0200 0200
45430 2000 2000
45432 4000 4000
45439 0040 0040
45440 1880 1880
45444 0401 0401
45446 0010 0010
45447 0002 0002
45448 0100 0100
45453 0028 0028
45454 8000 8000
45500 0014 0000
45505 0008 0000
45510 0400 0000
45511 0020 0000
45512 0002 0000
45513 0080 0000
45519 3000 0000
45520 4000 0000
45522 0200 0000
45523 0141 0000
45529 0800 0000
45541 a000 0000
45542 1000 0000
45550 0040 0000
45551 000a 0000
45555 0014 0000
45558 0820 0000
45563 4080 0000
45566 0400 0000
45567 0200 0000
45569 8000 0000
45575 0001 0000
45576 0100 0000
45667 0040 0040
45677 0400 0400
45678 0200 0200
45684 4000 4000
45685 0004 0004
45688 2000 2000
45689 0800 0800
45690 0082 0082
45693 0001 0001
45698 0100 0100
45699 0020 0020
45700 1008 1008
45702 0010 0010
45703 8000 8000
45712 0040 0040
45714 0200 0200
45716 0020 0020
45717 0080 0080
45718 0800 0800
45725 5000 5000
45731 2000 2000
45734 0010 0010
45735 0008 0008
45737 0004 0004
45738 0002 0002
45740 0400 0400
45742 0001 0001
45745 8000 8000
45748 0100 0100
45752 0400 0000
45753 0200 0000
45757 1100 0000
45761 0800 0000
45762 2000 0000
45767 0012 0000
45769 0004 0000
45774 4008 0000
45775 0080 0000
45776 0040 0000
45779 8000 0000
45789 0001 0000
45790 0020 0000
45798 4000 0000
45802 0800 0000
45803 1008 0000
45810 8000 0000
45815 0400 0000
45817 0004 0000
45821 0002 0000
45822 0180 0000
45823 0040 0000
45824 0200 0000
45825 0020 0000
45827 0010 0000
45830 0001 0000
45831 2000 0000
45834 0111 0111
45837 0200 0200
45844 0008 0008
45845 0020 0020
45846 4000 4000
45852 0400 0400
45853 0004 0004
45856 0042 0042
45863 2000 2000
45865 0080 0080
45866 1800 1800
45872 8000 8000
45876 0110 0000
45877 0002 0000
45882 4000 0000
45885 0200 0000
45886 0004 0000
45890 0400 0000
45892 0040 0000
45895 0008 0000
45896 9000 0000
45897 0080 0000
45899 0800 0000
45900 0001 0000
45903 2000 0000
45912 0020 0000
45919 8000 8000
45922 1000 1000
45930 0008 0008
45931 0010 0010
45932 0001 0001
45940 0420 0420
45941 0002 0002
45942 2880 2880
45946 0200 0200
45947 4104 4104
45951 0040 0040
46000 4801 4801
46001 0008 0008
46012 2000 2000
46015 0080 0080
46016 0100 0100
46019 1000 1000
46023 0010 0010
46024 0200 0200
46027 0400 0400
46029 0022 0022
46032 8000 8000
46035 0004 0004
46037 0040 0040
46083 0080 0000
46084 0008 0000
46086 4800 0000
46088 0010 0000
46094 2000 0000
46097 0400 0000
46099 0041 0000
46106 9000 0000
46107 0002 0000
46112 0004 0000
46117 0200 0000
46119 0020 0000
46124 0100 0000
46126 0001 0000
46127 0060 0000
46134 2008 0000
46135 0080 0000
46137 1000 0000
46140 0100 0000
46141 0200 0000
46143 0010 0000
46144 4000 0000
46145 8000 0000
46148 0004 0000
46151 0400 0000
46157 0802 0000
46169 0050 0050
46170 0204 0204
46172 0800 0800
46176 0100 0100
46177 1000 1000
46181 8000 8000
46183 0002 0002
46194 0001 0001
46196 0020 0020
46197 0008 0008
46199 0400 0400
46201 0080 0080
46202 4000 4000
46203 2000 2000
46208 0001 0000
46213 0080 0000
46215 8000 0000
46218 0002 0000
46221 0400 0000
46224 0040 0000
46225 0800 0000
46226 0024 0000
46227 0008 0000
46233 0100 0000
46236 0010 0000
46239 5000 0000
46241 0200 0000
46242 2000 0000
46251 0800 0800
46253 4020 4020
46259 1000 1000
46264 0001 0001
46267 0040 0040
46274 8000 8000
46276 0200 0200
46277 0080 0080
46278 0010 0010
46282 0400 0400
46283 2100 2100
46285 0008 0008
46290 0006 0006
46333 0020 0000
46335 0200 0000
46338 0040 0000
46344 0400 0000
46345 0100 0000
46352 0002 0000
46356 2000 0000
46357 8000 0000
46358 0004 0000
46360 0080 0000
46367 1000 0000
46368 0001 0000
46370 4010 0000
46373 0808 0000
46375 0800 0800
46378 0001 0001
46379 0040 0040
46381 0080 0080
46386 0020 0020
46387 0100 0100
46390 0008 0008
46392 8002 8002
46395 0004 0004
46397 4000 4000
46398 1000 1000
46399 0200 0200
46403 0400 0400
46405 0010 0010
46408 2000 2000
46463 0010 0000
46470 0400 0000
46475 8000 0000
46476 0020 0000
46481 0100 0000
46483 4000 0000
46484 0808 0000
46487 1000 0000
46488 2000 0000
46489 0080 0000
46494 0200 0000
46496 0002 0000
46497 0044 0000
46498 0001 0000
46625 1000 1000
46633 0100 0100
46635 0004 0004
46638 0002 0002
46639 00a0 00a0
46640 4000 4000
46642 0001 0001
46646 8000 8000
46648 0040 0040
46651 0008 0008
46653 2010 2010
46654 0800 0800
46656 0400 0400
46665 0200 0200
46670 0020 0000
46672 0004 0000
46676 0002 0000
46678 4000 0000
46683 0140 0000
46687 0400 0000
46688 0010 0000
46695 1000 0000
46696 0008 0000
46698 2000 0000
46702 0800 0000
46703 0280 0000
46704 8000 0000
46705 0001 0000
46711 4000 0000
46712 0010 0000
46715 1100 0000
46723 0200 0000
46730 2000 0000
46732 0080 0000
46733 0800 0000
46738 0400 0000
46739 0020 0000
46740 8000 0000
46742 0004 0000
46743 0008 0000
46746 0002 0000
46749 0041 0000
46751 0001 0001
46753 0200 0200
46762 0004 0004
46766 6000 6000
46771 1000 1000
46772 0080 0080
46774 0040 0040
46780 8000 8000
46781 0100 0100
46783 0400 0400
46784 0002 0002
46785 0800 0800
46788 0010 0010
46791 0028 0028
46834 0810 0000
46842 0002 0000
46843 1000 0000
46845 2000 0000
46848 0008 0000
46849 0400 0000
46852 8000 0000
46854 0040 0000
46855 4101 0000
46859 0200 0000
46860 0020 0000
46861 0080 0000
46867 0004 0000
46875 0040 0040
46877 1000 1000
46879 0002 0002
46887 0008 0008
46891 0200 0200
46892 0005 0005
46897 0400 0400
46901 0800 0800
46907 2120 2120
46908 0080 0080
46909 0010 0010
46911 8000 8000
46912 4000 4000
46958 0011 0011
46965 0020 0020
46966 8000 8000
46967 0400 0400
46968 0204 0204
46970 0800 0800
46977 2002 2002
46980 0040 0040
46983 0100 0100
46985 1000 1000
46989 0080 0080
46992 0008 0008
46998 4000 4000
47003 0200 0000
47010 1000 0000
47012 0480 0000
47015 0040 0000
47016 2000 0000
47019 0020 0000
47020 4000 0000
47021 0001 0000
47023 0002 0000
47028 0100 0000
47030 0004 0000
47033 8000 0000
47035 0010 0000
47036 0800 0000
47041 0008 0000
47127 0010 0000
47129 8000 0000
47130 0100 0000
47135 0200 0000
47136 0800 0000
47140 0004 0000
47142 0002 0000
47148 0008 0000
47150 0081 0000
47152 2000 0000
47155 0400 0000
47157 0020 0000
47158 0040 0000
47161 4000 0000
47163 1000 0000
47167 0400 0000
47168 4000 0000
47169 0001 0000
47175 0008 0000
47178 0800 0000
47181 0020 0000
47185 0002 0000
47186 0090 0000
47188 8000 0000
47196 1000 0000
47198 0204 0000
47199 0040 0000
47204 2000 0000
47205 0100 0000
47208 4000 4000
47209 0002 0002
47215 1000 1000
47219 0040 0040
47222 000c 000c
47224 0011 0011
47228 0200 0200
47232 0800 0800
47234 2000 2000
47241 0420 0420
47245 8080 8080
47249 0100 0100
47296 0400 0000
47298 0102 0000
47300 8000 0000
47302 1001 0000
47303 0800 0000
47315 0010 0000
47321 4000 0000
47323 0088 0000
47324 0200 0000
47327 2040 0000
47331 0020 0000
47333 0004 0000
47338 0001 0001
47342 0008 0008
47343 8000 8000
47344 0020 0020
47346 2100 2100
47351 0080 0080
47353 0800 0800
47356 1000 1000
47357 0002 0002
47359 4000 4000
47361 0004 0004
47368 0040 0040
47369 0200 0200
47372 0010 0010
47373 0400 0400
47417 4000 4000
47419 0020 0020
47428 1000 1000
47430 0800 0800
47434 8000 8000
47436 0300 0300
47438 0004 0004
47440 2000 2000
47444 0001 0001
47447 0080 0080
47449 0410 0410
47453 0040 0040
47454 000a 000a
47460 0001 0000
47464 0002 0000
47466 0010 0000
47468 0080 0000
47472 0200 0000
47475 2000 0000
47478 0100 0000
47481 c040 0000
47484 0408 0000
47485 1000 0000
47491 0004 0000
47494 0020 0000
47499 0800 0000
47500 4000 0000
47504 0080 0000
47510 0020 0000
47517 0040 0000
47518 0100 0000
47519 0408 0000
47522 0804 0000
47524 2010 0000
47526 0200 0000
47528 0001 0000
47529 0002 0000
47532 8000 0000
47535 1000 0000
47541 1400 1400
47544 8200 8200
47550 0080 0080
47551 0020 0020
47554 0011 0011
47557 0002 0002
47558 0040 0040
47559 0800 0800
47568 2000 2000
47570 4000 4000
47573 0100 0100
47576 0008 0008
47581 0004 0004
47583 0200 0000
47588 0100 0000
47592 1000 0000
47594 0002 0000
47598 4000 0000
47599 0020 0000
47600 0800 0000
47601 0010 0000
47605 0040 0000
47609 0080 0000
47616 a000 0000
47620 0008 0000
47621 0001 0000
47623 0400 0000
47624 0004 0000
47668 0010 0010
47675 00c0 00c0
47677 4000 4000
47680 0100 0100
47686 0400 0400
47687 2004 2004
47690 0202 0202
47696 1000 1000
47697 0008 0008
47700 0800 0800
47703 0020 0020
47704 8000 8000
47705 0001 0001
47712 0420 0000
47714 0040 0000
47715 0800 0000
47717 8000 0000
47718 0080 0000
47720 0001 0000
47722 4000 0000
47728 0200 0000
47730 0008 0000
47732 0002 0000
47737 0004 0000
47738 0100 0000
47739 0010 0000
47743 3000 0000
47793 0100 0100
47797 0800 0800
47800 4000 4000
47802 0002 0002
47805 0400 0400
47807 0004 0004
47810 2000 2000
47811 0040 0040
47813 1008 1008
47814 0001 0001
47819 0200 0200
47820 8000 8000
47822 0010 0010
47830 0020 0020
47832 0080 0080
47834 1081 0000
47835 0200 0000
47837 4000 0000
47838 0008 0000
47839 0002 0000
47842 0100 0000
47844 0400 0000
47849 0020 0000
47853 0800 0000
47854 2000 0000
47856 0010 0000
47859 8000 0000
47865 0040 0000
47874 0004 0000
47918 0400 0000
47919 0080 0000
47923 0020 0000
47924 8000 0000
47926 0040 0000
47934 1000 0000
47941 0001 0001
47942 2000 0000
47943 0800 0000
47952 4000 0000
47955 0200 0000
47956 0100 0000
47959 8000 8000
47961 2000 2000
47966 0400 0400
47970 0800 0800
47974 4000 4000
47975 0200 0200
47979 0050 0050
47980 0084 0084
47981 0100 0100
47985 0008 0008
47988 0001 0001
47990 1000 1000
47997 0020 0020
47999 0002 0002
48000 0004 0004
48002 0842 0842
48009 0080 0080
48010 8000 8000
48012 4020 4020
48026 0010 0010
48028 0400 0400
48030 0100 0100
48033 1200 1200
48034 2000 2000
48035 0008 0008
48039 0001 0001
48170 0800 0000
48177 0400 0000
48178 8000 0000
48181 2002 0000
48185 0100 0000
48186 0010 0000
48188 4000 0000
48190 0040 0000
48192 0008 0000
48193 0020 0000
48197 0001 0000
48201 0080 0000
48203 0004 0000
48205 1200 0000
48251 4000 4000
48253 0040 0040
48255 8000 8000
48258 0800 0800
48259 0100 0100
48261 2000 2000
48265 0001 0001
48267 0400 0400
48270 0200 0200
48271 0008 0008
48273 0014 0014
48275 0002 0002
48276 0020 0020
48284 0080 0080
48290 1000 1000
48292 0040 0000
48296 1000 0000
48298 0002 0000
48305 0010 0000
48306 0001 0000
48311 2000 0000
48313 0084 0000
48314 8000 0000
48319 0400 0000
48322 4100 0000
48328 0800 0000
48330 0200 0000
48332 0028 0000
48334 0008 0008
48340 0080 0080
48343 0400 0400
48346 0001 0001
48348 4000 4000
48350 0040 0040
48352 0010 0010
48353 0100 0100
48354 1000 1000
48356 0200 0200
48358 0004 0004
48359 0800 0800
48366 0020 0020
48368 8000 8000
48369 0002 0002
48373 2000 2000
48419 0010 0010
48420 5000 5000
48422 0440 0440
48426 0100 0100
48431 0080 0080
48437 0200 0200
48439 0028 0028
48445 0004 0004
48449 0002 0002
48452 2800 2800
48453 0001 0001
48457 8000 8000
48458 0002 0000
48459 0040 0000
48460 0010 0000
48461 0004 0000
48469 0800 0000
48475 0200 0000
48477 1000 0000
48480 0401 0000
48484 0020 0000
48486 2000 0000
48492 0100 0000
48494 4000 0000
48498 8000 0000
48499 0088 0000
48501 0100 0100
48504 0200 0200
48506 0020 0020
48507 4000 4000
48508 0002 0002
48511 8000 8000
48515 0080 0080
48523 0400 0400
48524 0800 0800
48526 0040 0040
48527 0001 0001
48529 0010 0010
48531 0008 0008
48537 2000 2000
48538 0004 0004
48539 1000 1000
48545 8000 0000
48548 0080 0000
48549 0008 0000
48551 0002 0000
48557 1100 0000
48558 0004 0000
48561 0020 0000
48563 0001 0000
48565 0800 0000
48566 4000 0000
48569 0400 0000
48578 2000 0000
48579 0050 0000
48581 0200 0000
48629 0180 0180
48630 0020 0020
48632 0800 0800
48633 8000 8000
48636 0040 0040
48637 0008 0008
48646 0200 0200
48649 0400 0400
48651 0001 0001
48653 5000 5000
48657 0002 0002
48659 0004 0004
48661 2000 2000
48666 0010 0010
48683 4000 4000
48693 1000 1000
48705 8000 8000
48706 2000 2000
48753 0010 0000
48756 0200 0000
48758 0004 0000
48763 1000 0000
48768 0002 0000
48769 0008 0000
48770 0440 0000
48773 0080 0000
48780 0001 0000
48781 4000 0000
48782 8800 0000
48784 0100 0000
48785 0020 0000
48788 2000 0000
48792 0440 0440
48798 2090 2090
48807 4000 4000
48808 1000 1000
48813 0800 0800
48818 0028 0028
48819 0001 0001
48821 0002 0002
48822 0004 0004
48823 0200 0200
48830 8000 8000
48832 0100 0100
48838 0001 0001
48840 2000 2000
48841 4000 4000
48844 0008 0008
48845 8000 8000
48854 0400 0400
48860 0004 0004
48861 0010 0010
48863 1000 1000
48868 0100 0100
48869 0800 0800
48870 0200 0200
48871 0040 0040
48872 0080 0080
48873 0022 0022
48876 0010 0000
48877 0020 0000
48878 0200 0000
48883 0800 0000
48884 4000 0000
48890 2440 0000
48891 0080 0000
48895 8000 0000
48907 0004 0000
48910 0100 0000
48912 0003 0000
48915 1000 0000
48916 0008 0000
48919 0001 0001
48920 0040 0040
48922 0020 0020
48926 1000 1000
48927 2000 2000
48929 0200 0200
48931 8404 8404
48932 0102 0102
48934 0008 0008
48937 0800 0800
48938 0010 0010
48944 0080 0080
48956 4000 4000
49003 0008 0000
49005 0004 0000
49006 0800 0000
49007 0400 0000
49008 0010 0000
49010 2000 0000
49014 0002 0000
49016 8000 0000
49017 0040 0000
49019 4000 0000
49025 0200 0000
49032 1000 0000
49033 0001 0000
49035 0100 0000
49041 00a0 0000
49131 2080 0000
49134 0002 0000
49135 0020 0000
49138 1100 0000
49139 0800 0000
49141 4200 0000
49148 0401 0000
49153 8000 0000
49155 0014 0000
49160 0040 0000
49164 0008 0000
49167 0200 0200
49168 0010 0010
49172 4000 4000
49176 3080 3080
49185 0040 0040
49186 0400 0400
49191 0008 0008
49192 0004 0004
49195 8000 8000
49197 0001 0001
49198 0020 0020
49205 0800 0800
49207 0102 0102
49335 0010 0000
49350 2000 0000
49352 0400 0000
49355 0100 0000
49356 0080 0000
49360 0003 0000
49362 100c 0000
49363 4040 0000
49366 8000 0000
49367 0200 0000
49369 0800 0000
49371 0020 0000
49378 0020 0000
49379 0040 0000
49380 2000 0000
49381 0080 0000
49383 0008 0000
49385 0004 0000
49387 4000 0000
49392 0400 0000
49396 0200 0000
49397 0100 0000
49400 0002 0000
49404 1000 0000
49405 8001 0000
49406 0800 0000
49409 0010 0000
49428 0002 0002
49429 0400 0400
49435 1004 1004
49437 0200 0200
49439 2100 2100
49441 0020 0020
49442 0001 0001
49444 0080 0080
49448 0800 0800
49449 4000 4000
49451 0010 0010
49453 0040 0040
49456 8008 8008
49504 0008 0008
49508 0300 0300
49510 0400 0400
49515 8000 8000
49518 0002 0002
49519 4000 4000
49523 2000 2000
49524 0004 0004
49525 0010 0010
49526 1080 1080
49528 0800 0800
49533 0020 0020
49534 0001 0001
49540 0040 0040
49587 0100 0100
49591 4020 4020
49593 0400 0400
49599 0010 0010
49600 0084 0084
49603 8000 8000
49608 0002 0002
49609 0800 0800
49613 2000 2000
49615 1001 1001
49618 0200 0200
49621 0040 0040
49624 0008 0008
49627 0400 0000
49631 0008 0000
49632 0040 0000
49636 0010 0000
49637 2001 0000
49639 0002 0000
49647 0020 0000
49650 4000 0000
49651 0004 0000
49652 8000 0000
49653 0800 0000
49661 1000 0000
49663 0180 0000
49665 0200 0000
49711 0008 0008
49712 8000 8000
49713 0001 0001
49715 1000 1000
49720 0140 0140
49724 0804 0804
49727 2000 2000
49732 4000 4000
49733 0400 0400
49734 0020 0020
49742 0002 0002
49743 0200 0200
49745 0080 0080
49746 0010 0010
49750 0010 0000
49753 0800 0000
49755 0004 0000
49756 8001 0000
49760 2000 0000
49763 0500 0000
49764 4000 0000
49766 0008 0000
49772 0002 0000
49777 0220 0000
49784 0080 0000
49785 0040 0000
49788 1000 0000
49837 1000 1000
49839 0104 0104
49847 0800 0800
49850 0080 0080
49857 0002 0002
49859 2020 2020
49861 0040 0040
49862 0200 0200
49865 0010 0010
49867 0008 0008
49868 4000 4000
49869 0401 0401
49874 8000 8000
49875 0010 0000
49877 0044 0000
49880 0020 0000
49881 0001 0000
49882 1400 0000
49887 0800 0000
49889 2000 0000
49896 4008 0000
49900 8200 0000
49907 0082 0000
49916 0100 0000
49959 0008 0008
49961 0004 0004
49962 0800 0800
49964 4000 4000
49969 0200 0200
49970 2010 2010
49972 8003 8003
49976 0400 0400
49977 1000 1000
49979 0100 0100
49994 0060 0060
49997 0080 0080
50001 0040 0040
50003 0001 0001
50006 0010 0010
50008 2200 2200
50010 0800 0800
50014 0004 0004
50017 0100 0100
50019 4000 4000
50023 0020 0020
50031 8000 8000
50034 1082 1082
50041 0408 0408
50085 0004 0000
50092 0008 0000
50093 0020 0000
50094 0400 0000
50095 2000 0000
50096 8001 0000
50097 0080 0000
50099 4000 0000
50100 0002 0000
50102 0010 0000
50110 0040 0000
50115 0100 0000
50117 1000 0000
50123 0a00 0000
50129 0001 0001
50134 0400 0400
50138 0800 0800
50140 2000 2000
50141 0020 0020
50142 0010 0010
50145 0040 0040
50149 4000 4000
50152 0080 0080
50154 9000 9000
50156 0004 0004
50157 0002 0002
50161 0200 0200
50162 0100 0100
50166 0008 0008
50174 8000 0000
50176 0040 0000
50178 2000 0000
50182 0400 0000
50184 0001 0000
50185 0008 0000
50193 0020 0000
50194 4004 0000
50197 0102 0000
50198 0200 0000
50201 0010 0000
50206 1000 0000
50207 0880 0000
50338 0008 0000
50339 0200 0000
50349 8000 0000
50351 0080 0000
50355 2040 0000
50356 4004 0000
50357 0002 0000
50361 0001 0000
50363 0920 0000
50365 1000 0000
50367 0400 0000
50368 0010 0000
50418 0040 0000
50421 0005 0000
50423 2000 0000
50424 0200 0000
50428 8000 0000
50433 4010 0000
50434 0400 0000
50436 0008 0000
50437 0800 0000
50440 1000 0000
50445 0020 0000
50447 0080 0000
50454 0002 0000
50457 0100 0000
50459 0180 0180
50460 0200 0200
50464 0001 0001
50467 0052 0052
50477 0004 0004
50479 4008 4008
50481 0400 0400
50486 0800 0800
50487 8000 8000
50488 0020 0020
50495 3000 3000
50500 8000 0000
50502 0400 0000
50504 0008 0000
50506 0200 0000
50509 0004 0000
50511 0002 0000
50517 0010 0000
50519 0080 0000
50524 0040 0000
50528 4000 0000
50530 1800 0000
50533 0021 0000
50534 0100 0000
50537 2000 0000
50585 0002 0002
50587 0100 0100
50588 0400 0400
50590 0040 0040
50595 0020 0020
50597 8000 8000
50598 0004 0004
50602 0080 0080
50603 1000 1000
50605 0001 0001
50606 0800 0800
50611 0008 0008
50617 4000 4000
50618 0010 0010
50621 2000 2000
50623 0200 0200
50627 0002 0000
50633 8000 0000
50634 0004 0000
50636 1100 0000
50638 0080 0000
50640 0060 0000
50641 0e00 0000
50648 0010 0000
50652 2000 0000
50655 4000 0000
50656 0008 0000
50662 0001 0000
50667 0004 0000
50671 4400 0000
50672 0020 0000
50673 0002 0000
50674 0200 0000
50675 0040 0000
50682 0010 0000
50683 8100 0000
50688 0080 0000
50696 3000 0000
50703 0008 0000
50707 0001 0000
50708 0800 0000
50714 0404 0000
50717 0020 0000
50720 0800 0000
50723 1000 0000
50727 8240 0000
50731 0080 0000
50733 0013 0000
50735 4000 0000
50740 2000 0000
50745 0008 0000
50749 0100 0000
50795 0040 0040
50798 0001 0001
50800 8000 8000
50808 0402 0402
50812 4000 4000
50814 0308 0308
50816 0010 0010
50817 0800 0800
50820 0004 0004
50825 0020 0020
50828 1000 1000
50829 0080 0080
50831 2000 2000
50834 0020 0020
50848 0001 0001
50856 0010 0010
50858 0002 0002
50868 0040 0040
50872 000c 000c
50874 0080 0080
50923 0100 0100
50927 0040 0040
50928 0880 0880
50934 0020 0020
50935 0001 0001
50937 9000 9000
50940 4000 4000
50941 2004 2004
50942 0008 0008
50945 0002 0002
50946 0200 0200
50948 0400 0400
50949 0010 0010
50961 0001 0001
50968 0002 0002
50978 0008 0008
50988 0004 0004
51000 8000 0000
51003 0002 0000
51005 0010 0000
51006 1000 0000
51008 0400 0000
51014 0101 0000
51019 0800 0000
51020 0088 0000
51022 0020 0000
51023 0040 0000
51025 0004 0000
51026 0200 0000
51038 4000 0000
51040 2000 0000
51045 2000 2000
51047 0002 0002
51049 0020 0020
51050 0001 0001
51051 0210 0210
51054 0800 0800
51055 0008 0008
51060 0040 0040
51061 0080 0080
51073 4104 4104
51077 9000 9000
51080 0400 0400
51084 0008 0000
51087 0400 0000
51088 2000 0000
51089 0010 0000
51093 4000 0000
51097 0001 0000
51099 0040 0000
51100 0080 0000
51104 0200 0000
51105 1000 0000
51109 8000 0000
51114 0020 0000
51117 0002 0000
51118 0800 0000
51121 0100 0000
51123 0004 0000
51213 0800 0000
51215 1010 0000
51216 0002 0000
51219 0100 0000
51220 0420 0000
51224 2008 0000
51225 4080 0000
51232 8000 0000
51233 0200 0000
51237 0040 0000
51245 0001 0000
51248 0004 0000
51292 1090 1090
51299 0020 0020
51303 4400 4400
51308 0002 0002
51312 2800 2800
51314 8004 8004
51323 0001 0001
51324 0048 0048
51329 0200 0200
51330 0100 0100
51333 0020 0000
51337 2000 0000
51339 1000 0000
51340 4000 0000
51345 0002 0000
51347 0400 0000
51351 0804 0000
51354 0040 0000
51357 0001 0000
51363 0010 0000
51367 0100 0000
51368 0080 0000
51369 0008 0000
51371 8000 0000
51372 0200 0000
51458 8000 8000
51460 0104 0104
51461 0080 0080
51464 0002 0002
51465 0060 0060
51467 0800 0800
51468 0010 0010
51483 0600 0600
51484 0001 0001
51490 3000 3000
51495 0008 0008
51497 4000 4000
51500 0020 0020
51502 0010 0010
51503 0200 0200
51505 0080 0080
51508 0400 0400
51510 4000 4000
51511 8000 8000
51514 0004 0004
51517 0001 0001
51523 0102 0102
51524 1000 1000
51526 0040 0040
51534 0800 0800
51537 2000 2000
51541 0008 0008
51542 0004 0000
51543 0080 0000
51546 1000 0000
51554 0001 0000
51557 0010 0000
51558 0100 0000
51561 0002 0000
51564 0008 0000
51565 0840 0000
51567 4000 0000
51571 0400 0000
51572 8000 0000
51575 0020 0000
51579 2200 0000
51584 8000 0000
51585 0010 0000
51586 0004 0000
51588 0400 0000
51593 0008 0000
51596 0080 0000
51603 0100 0000
51605 4000 0000
51606 3000 0000
51608 0020 0000
51610 0200 0000
51616 0001 0000
51621 0002 0000
51622 0040 0000
51623 0800 0000
51667 0002 0000
51668 0080 0000
51669 0040 0000
51671 0020 0000
51674 2100 0000
51675 8000 0000
51678 0001 0000
51681 0008 0000
51685 1000 0000
51687 4000 0000
51690 0600 0000
51695 0800 0000
51697 0004 0000
51704 0010 0000
51750 4080 4080
51751 1000 1000
51758 0022 0022
51768 0008 0008
51773 0001 0001
51776 0800 0800
51778 0100 0100
51779 8000 8000
51781 0010 0010
51783 0400 0400
51786 0004 0004
51788 0240 0240
51789 2000 2000
51794 0020 0000
51795 8000 0000
51796 0001 0000
51797 4000 0000
51801 0400 0000
51802 2000 0000
51803 0004 0000
51805 1040 0000
51806 0008 0000
51810 0080 0000
51815 0100 0000
51821 0802 0000
51827 0010 0000
51832 0200 0000
51834 0001 0001
51835 0002 0002
51837 0100 0100
51838 0220 0220
51839 1000 1000
51841 0010 0010
51843 4000 4000
51844 2000 2000
51848 0800 0800
51858 0040 0040
51859 8000 8000
51863 0004 0004
51864 0080 0080
51872 0408 0408
51878 8400 0000
51880 1000 0000
51881 0010 0000
51882 0020 0000
51883 0200 0000
51890 0002 0000
51892 0100 0000
51894 0008 0000
51895 00c0 0000
51896 2000 0000
51899 0800 0000
51908 4000 0000
51910 0001 0000
51916 0004 0000
51917 0002 0002
51926 0808 0808
51929 0004 0004
51932 0200 0200
51934 1000 1000
51937 2000 2000
51938 0400 0400
51940 8000 8000
51945 4040 4040
51947 0080 0080
51952 0020 0020
51953 0101 0101
51956 0010 0010
51959 0010 0010
51960 0288 0288
51962 0004 0004
51967 0020 0020
51969 2000 2000
51972 8000 8000
51981 0400 0400
51985 0002 0002
51986 0001 0001
51987 0100 0100
51993 5040 5040
51996 0800 0800
52000 0202 0000
52001 0100 0000
52002 4000 0000
52007 1000 0000
52009 0001 0000
52010 a088 0000
52013 0020 0000
52014 0400 0000
52017 0040 0000
52023 0004 0000
52026 0800 0000
52035 0010 0000
52129 0002 0000
52131 4000 0000
52134 0040 0000
52145 0004 0000
52147 0008 0000
52149 0010 0000
52150 9000 0000
52152 0d20 0000
52154 0001 0000
52155 2080 0000
52156 0200 0000
52258 0800 0800
52259 0200 0200
52270 1000 1000
52271 0020 0020
52273 0400 0400
52275 8000 8000
52276 0002 0002
52283 0041 0041
52284 0010 0010
52286 0100 0100
52287 000c 000c
52290 0080 0080
52291 6000 6000
52295 8000 0000
52297 0080 0000
52299 4000 0000
52300 0400 0000
52301 0200 0000
52302 0002 0000
52305 0100 0000
52308 0020 0000
52309 1000 0000
52313 0008 0000
52315 0004 0000
52318 0010 0000
52324 0001 0000
52328 0040 0000
52330 2000 0000
52331 0800 0000
52335 4001 4001
52336 0002 0002
52337 0044 0044
52345 0800 0800
52346 8000 8000
52350 0400 0400
52354 0100 0100
52356 0090 0090
52359 0200 0200
52362 0020 0020
52366 2000 2000
52372 1000 1000
52374 0008 0008
52375 4000 4000
52376 0100 0100
52378 0008 0008
52381 0020 0020
52382 0010 0010
52388 0203 0203
52391 0004 0004
52397 2000 2000
52398 0040 0040
52401 8000 8000
52403 0080 0080
52404 1000 1000
52405 0800 0800
52414 0400 0400
52417 0200 0000
52420 0004 0000
52421 0001 0000
52426 0800 0000
52427 4000 0000
52428 1020 0000
52432 0100 0000
52437 0008 0000
52438 2000 0000
52439 0002 0000
52441 0400 0000
52444 0010 0000
52447 0040 0000
52452 8000 0000
52456 0080 0000
52504 0002 0002
52505 0008 0008
52506 0040 0040
52508 8000 8000
52510 1000 1000
52511 4081 4081
52513 0100 0100
52526 0004 0004
52528 0020 0020
52530 0010 0010
52531 0800 0800
52537 0200 0200
52540 2400 2400
52543 0002 0000
52545 0800 0000
52546 0020 0000
52549 0008 0000
52551 8000 0000
52553 0040 0000
52554 0400 0000
52555 4000 0000
52561 0001 0000
52562 1000 0000
52564 0100 0000
52566 2000 0000
52571 0010 0000
52573 0200 0000
52579 0004 0000
52583 0080 0000
52627 0400 0400
52634 0204 0204
52638 1000 1000
52645 0018 0018
52646 0040 0040
52649 0080 0080
52651 0100 0100
52653 8800 8800
52655 0002 0002
52656 0020 0020
52658 2000 2000
52660 0001 0001
52663 4000 4000
52667 4040 0000
52668 0002 0000
52678 1000 0000
52680 0020 0000
52684 0400 0000
52687 0880 0000
52688 0100 0000
52689 8000 0000
52698 0010 0000
52699 0008 0000
52701 0004 0000
52702 2001 0000
52704 0200 0000
52709 4010 0000
52710 0040 0000
52719 2008 0000
52722 0080 0000
52725 1000 0000
52728 0400 0000
52733 0001 0000
52734 0200 0000
52736 0800 0000
52740 8000 0000
52743 0020 0000
52745 0102 0000
52749 0004 0000
52754 8000 8000
52757 0800 0800
52761 0002 0002
52762 0080 0080
52764 2200 2200
52766 0010 0010
52768 0004 0004
52769 0100 0100
52770 0029 0029
52772 0040 0040
52777 1000 1000
52788 0400 0400
52789 4000 4000
52792 2201 0000
52796 0800 0000
52797 0002 0000
52807 0040 0000
52810 0100 0000
52812 0400 0000
52813 8004 0000
52817 1080 0000
52822 4020 0000
52831 0008 0000
52833 4010 4000
52835 0004 0004
52842 1000 1000
52844 0020 0020
52846 0001 0001
52847 0100 0100
52850 0002 0002
52857 2000 2000
52858 0200 0200
52862 0008 0008
52865 0040 0040
52867 0010 0010
52868 0080 0080
52869 0800 0800
52872 0400 0400
52873 8000 8000
52884 1000 1000
52891 2000 2000
52897 0024 0024
52898 0102 0102
52902 0208 0208
52904 0080 0080
52905 0010 0010
52907 8041 8041
52909 4800 4800
52913 0400 0400
52963 0200 0200
52967 0022 0022
52968 0040 0040
52978 8000 8000
52979 1010 1010
52980 2000 2000
52981 0400 0400
52983 0800 0800
52984 4000 4000
52987 0001 0001
52988 0100 0100
52993 0080 0080
52995 0004 0004
52999 0008 0008
53006 1000 1000
53007 8000 8000
53012 4001 4001
53013 0100 0100
53014 0008 0008
53019 0080 0080
53024 2000 2000
53028 0012 0012
53030 0400 0400
53031 0020 0020
53033 0004 0004
53038 0a00 0a00
53039 0040 0040
53083 0480 0000
53084 0200 0000
53087 8000 0000
53089 0020 0000
53091 0002 0000
53093 2000 0000
53097 0008 0000
53100 0004 0000
53105 0800 0000
53108 0140 0000
53114 0001 0000
53115 1010 0000
53118 4000 0000
53125 0080 0080
53126 0001 0001
53128 0200 0200
53131 0802 0802
53136 0010 0010
53138 0400 0400
53140 0004 0004
53142 0040 0040
53146 0008 0008
53153 0020 0020
53156 1000 1000
53157 0100 0100
53158 4000 4000
53159 2000 2000
53165 8000 8000
53171 0269 0269
53174 1000 1000
53176 0100 0100
53179 2000 2000
53190 8000 8000
53192 4000 4000
53194 0080 0080
53195 0004 0004
53203 0800 0800
53204 0002 0002
53205 0400 0400
53207 0010 0010
53208 0020 0000
53209 1000 0000
53211 0400 0000
53216 2010 0000
53217 4000 0000
53222 0040 0000
53227 0a00 0000
53228 8000 0000
53232 0002 0000
53234 0004 0000
53236 0100 0000
53244 0001 0000
53246 0088 0000
53375 0020 0020
53378 0080 0080
53379 2002 2002
53380 0200 0200
53383 8000 8000
53385 1000 1000
53387 0800 0800
53391 0100 0100
53396 0008 0008
53403 0410 0410
53404 0004 0004
53407 0001 0001
53409 4000 4000
53414 0040 0040
53464 0800 0800
53467 0080 0080
53469 0001 0001
53473 4000 4000
53474 0004 0004
53480 0040 0040
53481 0400 0400
53482 0200 0200
53483 2000 2000
53484 1000 1000
53487 0008 0008
53489 8000 8000
53490 0010 0010
53491 0002 0002
53492 0100 0100
53494 0020 0020
53500 0100 0100
53504 8000 8000
53506 0200 0200
53509 0002 0002
53511 2000 2000
53514 0020 0020
53515 1400 1400
53518 0001 0001
53522 4000 4000
53528 0804 0804
53532 0040 0040
53533 0080 0080
53534 0010 0010
53537 0008 0008
53584 0400 0000
53588 2100 0000
53593 0200 0000
53600 0080 0000
53601 8000 0000
53605 0808 0000
53608 0010 0000
53613 4000 0000
53614 0064 0000
53615 1000 0000
53618 0001 0000
53622 0002 0000
53626 0004 0000
53627 0840 0000
53628 2000 0000
53633 4000 0000
53636 0002 0000
53641 0100 0000
53642 0400 0000
53644 0020 0000
53646 0001 0000
53647 0200 0000
53648 0080 0000
53655 8000 0000
53661 1010 0000
53663 0008 0000
53670 2000 2000
53678 0804 0804
53680 0400 0400
53683 4000 4000
53685 0008 0008
53687 8000 8000
53690 0001 0001
53694 0030 0030
53695 0002 0002
53699 0200 0200
53700 0040 0040
53703 1080 1080
53704 0100 0100
53710 4000 0000
53711 0008 0000
53713 0010 0000
53719 0020 0000
53722 8000 0000
53728 0001 0000
53731 2400 0000
53732 1002 0000
53733 0080 0000
53740 0300 0000
53742 0800 0000
53746 0004 0000
53749 0040 0000
53752 0004 0004
53753 2000 2000
53754 0c00 0c00
53755 4000 4000
53757 0002 0002
53758 1000 1000
53759 0010 0010
53770 0200 0200
53771 0001 0001
53772 0060 0060
53783 0080 0080
53787 8000 8000
53790 0008 0008
53791 0100 0100
53838 0200 0000
53839 0002 0000
53844 2000 0000
53852 0010 0000
53858 1000 0000
53864 0020 0000
53866 0100 0000
53874 0001 0000
53918 0030 0000
53924 0004 0000
53925 2000 0000
53928 0040 0000
53935 0200 0000
53941 8000 0000
53942 0400 0000
53945 0002 0000
53946 0080 0000
53947 1008 0000
53951 4800 0000
53957 0001 0000
53958 0100 0000
53961 0001 0001
53962 0080 0080
53963 4000 4000
53964 0120 0120
53966 0010 0010
53968 0004 0004
53969 0040 0040
53976 0008 0008
53981 2000 2000
53982 0002 0002
53987 1000 1000
53991 8000 8000
53994 0400 0400
53998 0200 0200
53999 0800 0800
54006 0040 0040
54007 0004 0004
54008 0001 0001
54010 0010 0010
54015 0002 0002
54016 0008 0008
54025 0020 0020
54028 2000 0000
54035 0080 0080
54039 1000 0000
54044 8000 0000
54049 0200 0000
54052 0001 0000
54055 0002 0000
54058 4000 0000
54062 0400 0000
54066 0004 0000
54067 0020 0000
54070 0100 0000
54071 0010 0000
54074 0080 0000
54076 0800 0000
54077 0040 0000
54078 0008 0000
54083 1000 0000
54087 0001 0000
54090 4000 0000
54091 0280 0000
54092 0400 0000
54093 0018 0000
54102 0100 0000
54106 8000 0000
54112 0002 0000
54113 0004 0000
54116 0040 0000
54117 0020 0000
54118 0800 0000
54123 2000 0000
54180 10c0 10c0
54181 0402 0402
54183 0010 0010
54184 0a01 0a01
54187 4000 4000
54189 8000 8000
54194 0008 0008
54200 0020 0020
54202 2100 2100
54206 0004 0004
54211 0028 0000
54212 8000 0000
54213 0010 0000
54214 0100 0000
54219 0040 0000
54221 1000 0000
54225 0004 0000
54227 0080 0000
54228 0800 0000
54230 0002 0000
54231 2000 0000
54232 0400 0000
54234 0001 0000
54238 4000 0000
54248 0200 0000
54297 8000 8000
54299 0004 0004
54301 0008 0008
54305 0010 0010
54311 4000 4000
54313 0800 0800
54314 2000 2000
54315 0200 0200
54318 1020 1020
54319 0041 0041
54325 0400 0400
54329 0100 0100
54332 0082 0082
54417 1000 1000
54418 4000 4000
54420 0008 0008
54421 0002 0002
54428 0100 0100
54430 0040 0040
54432 8000 8000
54433 0004 0004
54445 0400 0400
54447 2000 2000
54449 0010 0010
54451 0081 0081
54452 0800 0800
54453 0020 0020
54454 0200 0200
54459 0100 0000
54460 0080 0000
54461 1000 0000
54464 0402 0000
54468 0001 0000
54469 0040 0000
54470 0200 0000
54476 2000 0000
54477 0004 0000
54489 0008 0000
54490 0010 0000
54493 8000 0000
54498 0020 0000
54499 4800 0000
54504 8000 0000
54506 0200 0000
54507 0080 0000
54508 0002 0000
54511 0814 0000
54512 4000 0000
54513 1001 0000
54516 2000 0000
54524 0100 0000
54526 0048 0000
54531 0020 0000
54534 0400 0000
54544 00c0 00c0
54547 0002 0002
54549 1000 1000
54554 0200 0200
54555 8000 8000
54561 0005 0005
54563 0008 0008
54567 0400 0400
54568 0020 0020
54571 4000 4000
54578 0110 0110
54580 2000 2000
54581 0800 0800
54583 0400 0400
54589 0880 0880
54590 2000 2000
54595 0048 0048
54597 0004 0004
54602 1002 1002
54605 0100 0100
54608 4000 4000
54611 0001 0001
54613 8200 8200
54623 0030 0030
54683 0010 0010
54685 0800 0800
54690 0020 0020
54692 0008 0008
54693 0080 0080
54695 8200 8200
54697 0001 0001
54698 0400 0400
54699 2000 2000
54701 1000 1000
54703 4000 4000
54704 0040 0040
54705 0102 0102
54706 0004 0004
54708 0040 0040
54710 0001 0001
54711 0100 0100
54713 0010 0010
54715 2000 2000
54717 0008 0008
54722 0004 0004
54723 4000 4000
54726 0200 0200
54728 0080 0080
54729 1000 1000
54732 0002 0002
54734 0800 0800
54739 0020 0020
54746 8000 8000
54748 0400 0400
54792 2000 0000
54798 0400 0000
54802 0100 0000
54803 0800 0000
54805 0004 0000
54808 8000 0000
54809 1000 0000
54820 0002 0000
54821 0040 0000
54822 0080 0000
54824 0020 0000
54827 0200 0000
54828 0019 0000
54830 4000 0000
54877 0080 0000
54878 0100 0000
54880 1000 0000
54884 0008 0000
54886 2000 0000
54888 c200 0000
54889 0800 0000
54896 0020 0000
54899 0001 0000
54900 0002 0000
54905 0010 0000
54913 0004 0000
54914 0440 0000
54919 0002 0002
54920 8000 8000
54922 0001 0001
54929 000c 000c
54931 0080 0080
54933 0800 0800
54936 0040 0040
54938 0020 0020
54940 0100 0100
54944 0010 0010
54945 4000 4000
54950 0400 0400
54952 0200 0200
54956 2000 2000
54957 1000 1000
54959 8010 8010
54967 0800 0800
54970 0004 0004
54972 0080 0080
54973 2040 2040
54977 1000 1000
54979 0400 0400
54981 0100 0100
54987 0002 0002
54990 0028 0028
54991 4000 4000
54995 0001 0001
54996 0200 0200
55003 0020 0000
55004 0001 0000
55009 0080 0000
55016 0200 0000
55023 0004 0000
55024 1000 0000
55026 8010 0000
55030 0100 0000
55031 4000 0000
55033 2000 0000
55034 0800 0000
55036 0400 0000
55037 0040 0000
55038 0002 0000
55041 0008 0000
55043 0200 0000
55047 a000 0000
55052 4400 0000
55054 0100 0000
55068 0080 0000
55071 0002 0000
55073 1000 0000
55074 0808 0000
55076 0010 0000
55077 0024 0000
55082 0041 0000
55167 0100 0100
55168 0002 0002
55170 0800 0800
55171 0020 0020
55174 0004 0004
55178 0008 0008
55188 0001 0001
55189 8000 8000
55190 1400 1400
55191 2000 2000
55198 0240 0240
55199 4000 4000
55200 0080 0080
55207 0010 0010
55257 0008 0000
55265 0101 0000
55268 4000 0000
55269 2080 0000
55277 1000 0000
55280 0004 0000
55283 0040 0000
55284 0010 0000
55285 8000 0000
55286 0800 0000
55287 0200 0000
55288 0400 0000
55291 0022 0000
55334 0400 0400
55339 0040 0040
55341 2000 2000
55345 8000 8000
55349 0280 0280
55350 0010 0010
55351 0102 0102
55353 0001 0001
55358 4000 4000
55364 0800 0800
55366 1000 1000
55367 000c 000c
55372 0020 0020
55375 4000 0000
55376 1000 0000
55377 8100 0000
55381 0010 0000
55382 0200 0000
55389 0002 0000
55392 0080 0000
55393 0400 0000
55398 0040 0000
55404 0800 0000
55409 0004 0000
55413 0001 0000
55415 2028 0000
55417 0001 0001
55420 0040 0040
55422 1000 1000
55427 0004 0004
55429 8000 8000
55430 0900 0900
55432 0002 0002
55435 0400 0400
55441 4000 4000
55444 0200 0200
55449 0010 0010
55451 0020 0020
55454 0008 0008
55455 0080 0080
55458 2000 2000
55501 4000 0000
55503 0080 0000
55508 0800 0000
55510 0008 0000
55511 0004 0000
55513 0020 0000
55514 2000 0000
55518 0100 0000
55519 0040 0000
55523 0200 0000
55530 0010 0000
55532 0003 0000
55537 8400 0000
55538 1000 0000
55543 0002 0002
55544 0104 0104
55545 0080 0080
55546 0040 0040
55549 0010 0010
55558 8000 8000
55559 1000 1000
55560 6000 6000
55561 0400 0400
55564 0800 0800
55565 0200 0200
55566 0001 0001
55574 0020 0020
55578 0008 0008
55752 0080 0000
55758 4000 0000
55759 1000 0000
55762 0020 0000
55763 0010 0000
55765 0400 0000
55768 0040 0000
55769 0800 0000
55775 2000 0000
55776 0004 0000
55778 0002 0000
55785 0100 0000
55786 0008 0000
55788 8000 0000
55789 0200 0000
55791 0001 0000
55793 0002 0002
55798 0040 0040
55799 4000 4000
55801 0100 0100
55802 1000 1000
55804 0001 0001
55805 0008 0008
55806 2000 2000
55808 0400 0400
55812 0010 0010
55813 0020 0020
55814 0200 0200
55821 8000 8000
55824 0004 0004
55830 0080 0080
55832 0800 0800
55835 2000 0000
55836 0002 0000
55838 80c0 0000
55849 0200 0000
55851 0400 0000
55853 4000 0000
55857 0004 0000
55858 0020 0000
55864 0010 0000
55865 0100 0000
55867 0008 0000
55868 0001 0000
55871 1000 0000
55873 0800 0000
56001 0800 0000
56010 0080 0000
56012 4000 0000
56013 0040 0000
56017 0002 0000
56023 0010 0000
56025 0008 0000
56028 0401 0000
56029 2000 0000
56031 0100 0000
56034 0200 0000
56036 1000 0000
56037 0020 0000
56038 8000 0000
56041 0004 0000
56125 0002 0002
56128 0201 0201
56134 0400 0400
56135 0110 0110
56136 0800 0800
56141 8000 8000
56146 4040 4040
56151 1000 1000
56152 0080 0080
56158 0004 0004
56159 0008 0008
56162 0020 0020
56166 2000 2000
56169 2000 0000
56170 0002 0000
56172 0040 0000
56177 8000 0000
56179 0800 0000
56180 0200 0000
56181 0400 0000
56185 0100 0000
56188 0001 0000
56190 4000 0000
56193 0030 0000
56194 0008 0000
56196 0004 0000
56203 1000 0000
56204 0080 0000
56212 0001 0001
56222 0008 0008
56223 0010 0010
56227 3000 3000
56230 0002 0002
56231 0044 0044
56236 0200 0200
56237 0100 0100
56239 0800 0800
56241 4080 4080
56243 8000 8000
56246 0020 0020
56247 0400 0400
56335 0110 0000
56339 0040 0000
56341 0020 0000
56342 1000 0000
56346 8000 0000
56347 0004 0000
56357 0800 0000
56358 0008 0000
56360 2000 0000
56362 0200 0000
56364 4000 0000
56365 0002 0000
56366 0001 0000
56367 0400 0000
56373 0080 0000
56459 9080 9080
56462 0020 0020
56464 0400 0400
56465 0010 0010
56469 0140 0140
56470 0009 0009
56478 0004 0004
56488 2000 2000
56489 0200 0200
56496 0002 0002
56497 0800 0800
56499 4000 4000
56501 0004 0004
56503 0800 0800
56504 0001 0001
56506 0040 0040
56511 0210 0210
56516 0020 0020
56518 0002 0002
56523 0400 0400
56530 0080 0080
56531 0008 0008
56533 4100 4100
56534 2000 2000
56535 8000 8000
56541 1000 1000
56626 0400 0400
56627 6000 6000
56629 0008 0008
56635 0001 0001
56638 0020 0020
56641 0090 0090
56644 0800 0800
56645 0002 0002
56646 1000 1000
56651 0204 0204
56654 0040 0040
56658 8100 8100
56667 2200 0000
56677 0001 0000
56678 0004 0000
56683 4000 0000
56688 0080 0000
56689 8000 0000
56692 0800 0000
56693 1400 0000
56697 0010 0000
56698 0100 0000
56699 0020 0000
56701 0002 0000
56704 0048 0000
56709 0800 0000
56711 0008 0000
56714 0001 0000
56715 1000 0000
56717 0002 0000
56718 0020 0000
56720 0080 0000
56723 0040 0000
56729 0400 0000
56733 8000 0000
56737 0010 0000
56739 4000 0000
56743 2100 0000
56745 0204 0000
56752 0020 0020
56755 4000 4000
56756 0100 0100
56757 0200 0200
56759 0400 0400
56760 0080 0080
56764 0002 0002
56765 8000 8000
56766 2000 2000
56770 001c 001c
56771 0001 0001
56775 0800 0800
56777 0040 0040
56791 1000 1000
56833 8000 0000
56840 1002 0000
56841 0100 0000
56846 0400 0000
56848 0018 0000
56857 0004 0000
56860 0001 0000
56862 0020 0000
56865 2000 0000
56866 0080 0000
56867 0800 0000
56870 4000 0000
56872 0200 0000
56873 0040 0000
56878 0004 0004
56879 0040 0040
56883 9001 9001
56892 0200 0200
56894 0008 0008
56898 4100 4100
56901 0020 0020
56902 0880 0880
56904 2000 2000
56905 0400 0400
56913 0002 0002
56914 0010 0010
56962 0800 0000
56965 4000 0000
56966 0080 0000
56971 0400 0000
56973 0008 0000
56974 0044 0000
56977 0002 0000
56983 0001 0000
56984 1000 0000
56985 0010 0000
56986 8000 0000
56990 0020 0000
56993 2000 0000
56994 0200 0000
56999 0100 0000
57001 4002 0000
57006 2000 0000
57007 1040 0000
57009 8020 0000
57014 0080 0000
57015 0001 0000
57017 0008 0000
57023 0400 0000
57025 0800 0000
57028 0004 0000
57031 0100 0000
57033 0010 0000
57036 0200 0000
57042 0400 0400
57044 8100 8100
57045 4000 4000
57047 0008 0008
57049 0004 0004
57052 0200 0200
57058 0010 0010
57060 2000 2000
57061 0800 0800
57065 0040 0040
57074 0081 0081
57075 0020 0020
57077 0002 0002
57082 1000 1000
57125 4000 4000
57127 0040 0040
57128 0002 0002
57129 0008 0008
57131 0400 0400
57133 8000 8000
57134 0010 0010
57136 0200 0200
57141 2000 2000
57143 0020 0020
57153 1000 1000
57156 0180 0180
57160 0001 0001
57164 0800 0800
57166 0004 0004
57214 0020 0000
57216 0010 0000
57220 1004 0000
57221 0080 0000
57223 4000 0000
57227 0400 0000
57228 0801 0000
57230 2002 0000
57234 0040 0000
57243 0200 0000
57246 0100 0000
57247 0008 0000
57249 8000 0000
57254 0002 0002
57257 2000 2000
57259 8000 8000
57262 0220 0220
57264 0800 0800
57267 0008 0008
57269 0004 0004
57271 0050 0050
57272 0001 0001
57273 4000 4000
57277 0080 0080
57279 0400 0400
57283 1000 1000
57284 0100 0100
57335 0008 0000
57338 0800 0000
57341 4100 0000
57342 0040 0000
57349 0200 0000
57350 0082 0000
57354 1000 0000
57355 0020 0000
57356 0004 0000
57357 0400 0000
57361 0010 0000
57367 2000 0000
57368 8000 0000
57371 0001 0000
57426 2000 2000
57428 1000 1000
57429 0080 0080
57430 0100 0100
57432 0800 0800
57434 0005 0005
57436 0400 0400
57444 4002 4002
57445 8000 8000
57448 0010 0010
57449 0020 0020
57450 0240 0240
57454 0008 0008
57459 1000 0000
57462 2000 0000
57464 0002 0000
57465 0020 0000
57471 0080 0000
57474 0200 0000
57477 0800 0000
57480 0100 0000
57482 0400 0000
57483 000d 0000
57485 8000 0000
57491 4000 0000
57494 0040 0000
57495 0010 0000
57501 4000 0000
57505 8000 0000
57511 0001 0000
57512 0080 0000
57518 0200 0000
57519 1000 0000
57521 0040 0000
57523 0020 0000
57524 0400 0000
57525 0800 0000
57530 0102 0000
57536 0004 0000
57537 0008 0000
57538 2010 0000
57548 0040 0040
57549 0100 0100
57551 8000 8000
57552 1000 1000
57553 0004 0004
57555 0010 0010
57556 0002 0002
57559 4000 4000
57560 0400 0400
57561 0020 0020
57564 2200 2200
57568 0008 0008
57570 0001 0001
57574 0800 0800
57582 0080 0080
57585 0800 0000
57590 0100 0000
57593 0002 0000
57594 0008 0000
57597 0004 0000
57598 1000 0000
57600 4000 0000
57602 0001 0000
57605 0010 0000
57611 8020 0000
57614 2040 0000
57615 0080 0000
57621 0400 0000
57624 0200 0000
57631 0400 0400
57633 0840 0840
57636 1001 1001
57643 2010 2010
57644 8008 8008
57648 0180 0180
57649 4000 4000
57651 0200 0200
57659 0004 0004
57660 0020 0020
57662 0002 0002
57677 0100 0000
57680 0200 0000
57683 0050 0000
57689 0008 0000
57690 0800 0000
57692 0020 0000
57693 1000 0000
57694 0404 0000
57696 0080 0000
57698 0001 0000
57701 8000 0000
57702 4000 0000
57703 2000 0000
57707 0002 0000
57711 1000 1000
57721 0800 0800
57722 0001 0001
57725 0014 0014
57728 2000 2000
57730 0400 0400
57731 0002 0002
57734 0008 0008
57737 00c0 00c0
57738 4200 4200
57740 0020 0020
57746 0100 0100
57749 8000 8000
57792 0001 0000
57793 0400 0000
57796 0008 0000
57799 1000 0000
57802 8000 0000
57806 0800 0000
57807 0080 0000
57808 0110 0000
57812 0200 0000
57813 0002 0000
57816 0020 0000
57819 6000 0000
57820 0040 0000
57830 0004 0000
57833 0021 0021
57834 0004 0004
57837 2000 2000
57841 0200 0200
57843 0400 0400
57848 4000 4000
57855 0100 0100
57866 0002 0002
57869 0040 0040
57872 1000 1000
57874 0010 0010
57916 2000 2000
57921 0040 0040
57928 0004 0004
57929 4020 4020
57931 0002 0002
57932 0008 0008
57936 0010 0010
57938 0001 0001
57942 0800 0800
57943 8000 8000
57944 0400 0400
57946 1080 1080
57953 0100 0100
57954 0200 0200
57962 0100 0100
57963 0004 0004
57966 0002 0002
57968 0200 0200
57972 4000 4000
57973 8000 8000
57974 2000 2000
57978 0040 0040
57980 0030 0030
57982 1400 1400
57983 0008 0008
57991 0001 0001
57992 0800 0800
57993 0080 0080
58000 0080 0000
58006 8000 0000
58007 4000 0000
58008 0041 0000
58010 1000 0000
58014 0010 0000
58016 0020 0000
58019 0100 0000
58026 0200 0000
58032 2004 0000
58036 0008 0000
58039 0402 0000
58040 0800 0000
58043 0040 0040
58047 1000 1000
58050 4000 4000
58054 0020 0020
58055 0004 0004
58062 0800 0800
58064 2000 2000
58065 0281 0281
58066 0008 0008
58067 0100 0100
58070 8010 8010
58071 0400 0400
58078 0002 0002
58170 4000 4000
58173 2000 2000
58179 0408 0408
58183 0002 0002
58189 0080 0080
58191 0120 0120
58192 0001 0001
58198 0200 0200
58203 0004 0004
58204 0040 0040
58205 0800 0800
58206 8000 8000
58207 1000 1000
58208 0012 0010
58211 0040 0000
58218 0001 0000
58221 0100 0000
58222 4000 0000
58223 2000 0000
58225 1000 0000
58227 0800 0000
58228 0080 0000
58233 0004 0000
58234 8000 0000
58235 0400 0000
58238 0008 0000
58239 0010 0000
58240 0020 0000
58244 0200 0000
58292 0010 0010
58293 0008 0008
58294 0100 0100
58302 0200 0200
58303 0c00 0c00
58310 4004 4004
58312 1002 1002
58313 0001 0001
58324 0040 0040
58325 8000 8000
58326 0080 0080
58327 2000 2000
58331 0020 0020
58461 8020 0020
58464 0010 0010
58468 2000 2000
58473 0002 0002
58478 0800 0000
58479 0080 0000
58482 0001 0001
58485 1000 1000
58490 0100 0100
58494 0200 0200
58500 0800 0800
58502 4000 4000
58503 0080 0080
58513 1000 1000
58514 0001 0001
58515 0400 0400
58523 0008 0008
58525 0200 0200
58527 0010 0010
58528 0040 0040
58529 2000 2000
58530 8000 8000
58536 0024 0024
58538 0002 0002
58539 0100 0100
58543 0008 0000
58544 0010 0000
58545 0001 0000
58548 4080 0000
58558 0002 0000
58563 1004 0000
58566 0200 0000
58568 8000 0000
58575 0100 0000
58577 0020 0000
58578 2000 0000
58580 0400 0000
58581 0040 0000
58582 0800 0000
58585 0040 0000
58587 8800 0000
58590 0010 0000
58592 0002 0000
58597 0020 0000
58598 1000 0000
58600 0100 0000
58607 2000 0000
58611 0008 0000
58612 0400 0000
58614 0080 0000
58617 4000 0000
58619 0200 0000
58622 0001 0000
58624 0004 0000
58667 0200 0000
58668 0100 0000
58670 0008 0000
58675 0800 0000
58676 0010 0000
58682 0400 0000
58688 0083 0000
58692 c000 0000
58695 1004 0000
58696 0040 0000
58697 0020 0000
58704 2000 0000
58750 0808 0808
58752 0080 0080
58754 0100 0100
58759 0010 0010
58760 1000 1000
58761 0200 0200
58762 0002 0002
58763 0001 0001
58764 8000 8000
58769 0400 0400
58770 4000 4000
58771 0020 0020
58774 2000 2000
58786 0004 0004
58791 0040 0040
58797 0006 0000
58798 0200 0000
58799 2000 0000
58803 0008 0000
58804 0040 0000
58807 1000 0000
58809 0020 0000
58812 4000 0000
58817 0001 0000
58822 0080 0000
58825 0800 0000
58826 8100 0000
58829 0400 0000
58831 0010 0000
58833 0800 0800
58840 0002 0002
58842 0001 0001
58843 0100 0100
58846 0440 0440
58853 0020 0020
58854 8000 8000
58855 1000 1000
58858 0008 0008
58861 0200 0200
58863 2010 2010
58866 0004 0004
58867 4000 4000
58873 0080 0080
58875 0001 0000
58876 8000 0000
58878 0800 0000
58880 0200 0000
58881 0080 0000
58888 0402 0000
58896 2000 0000
58899 000c 0000
58904 4040 0000
58905 0100 0000
58908 1000 0000
58913 0010 0000
58914 0020 0000
58920 0010 0010
58921 4040 4040
58923 0008 0008
58924 0001 0001
58925 2002 2002
58929 8800 8800
58937 0004 0004
58940 0020 0020
58948 0400 0400
58949 0100 0100
58950 1000 1000
58956 0080 0080
58958 0200 0200
59002 0008 0008
59004 0002 0002
59006 0400 0400
59012 0800 0800
59021 0040 0040
59022 1100 1100
59024 4000 4000
59026 2000 2000
59028 0220 0220
59029 0001 0001
59030 8000 8000
59031 0080 0080
59032 0010 0010
59037 0004 0004
59045 8080 0000
59046 2000 0000
59051 0400 0000
59054 0012 0000
59057 0040 0000
59059 4000 0000
59060 0020 0000
59063 0800 0000
59064 0100 0000
59066 1000 0000
59070 0001 0000
59075 0200 0000
59081 000c 0000
59175 2000 2000
59181 0002 0002
59185 0800 0800
59187 4000 4000
59192 0004 0004
59194 0008 0008
59195 0040 0040
59196 0200 0200
59200 8000 8000
59202 0400 0400
59204 0080 0080
59208 0020 0020
59250 0008 0008
59251 0002 0002
59259 0800 0800
59260 8000 8000
59261 0010 0010
59262 0400 0400
59264 2000 2000
59265 1000 1000
59267 0080 0080
59269 4001 4001
59271 0020 0020
59275 0040 0040
59289 0200 0200
59290 0104 0104
59295 4000 4000
59297 0008 0008
59298 0081 0081
59303 0242 0242
59305 8400 8400
59310 1804 1804
59315 0100 0100
59320 0010 0010
59323 0020 0020
59326 2000 2000
59333 0041 0000
59335 4490 0000
59337 0100 0000
59345 0200 0000
59346 0800 0000
59350 0020 0000
59353 0008 0000
59363 8000 0000
59369 1000 0000
59372 2000 0000
59373 0004 0000
59374 0002 0000
59418 0100 0100
59426 8001 8001
59427 0200 0200
59431 0808 0808
59432 0002 0002
59435 4000 4000
59438 1080 1080
59439 0010 0010
59444 0400 0400
59445 0020 0020
59446 2000 2000
59449 0040 0040
59455 0004 0004
59509 0800 0000
59511 0010 0000
59515 0100 0000
59516 8008 0000
59517 0002 0000
59518 2200 0000
59519 4080 0000
59524 0400 0000
59526 1000 0000
59530 0005 0000
59533 0040 0000
59535 0020 0000
59583 0002 0002
59589 0020 0020
59591 0100 0100
59593 0001 0001
59596 0004 0004
59600 0080 0080
59601 0200 0200
59603 1000 1000
59610 8050 8050
59612 2000 2000
59614 4000 4000
59619 0400 0400
59623 0808 0808
59625 2000 2000
59626 0802 0802
59630 0010 0010
59633 0001 0001
59634 8200 8200
59637 0008 0008
59644 1000 1000
59646 0100 0100
59647 0040 0040
59648 4080 4080
59649 0400 0400
59652 0020 0020
59659 0004 0004
59709 1004 0000
59711 0140 0000
59714 0200 0000
59732 2000 0000
59734 8000 0000
59735 0488 0000
59736 0820 0000
59742 0001 0000
59744 4000 0000
59745 0002 0000
59746 0010 0000
59751 0080 0080
59756 0008 0008
59757 4000 4000
59759 0022 0022
59760 1000 1000
59762 0400 0400
59763 0200 0200
59772 8000 8000
59774 0100 0100
59775 0800 0800
59776 0005 0005
59784 0050 0050
59790 2000 2000
59834 0080 0000
59842 0010 0000
59846 8402 0000
59850 1000 0000
59851 2020 0000
59856 0040 0000
59861 0001 0000
59864 0200 0000
59865 0108 0000
59866 0800 0000
59869 4000 0000
59871 0004 0000
