
Cadence Innovus(TM) Implementation System.
Copyright 2024 Cadence Design Systems, Inc. All rights reserved worldwide.

Version:	v23.14-s088_1, built Fri Feb 28 12:25:44 PST 2025
Options:	-files syn/pnr/resynth_steal_buf_polarity/snapshot_3.5.tcl -log syn/pnr/resynth_steal_buf_polarity/snapshot_3.5.log 
Date:		Mon Aug 24 09:23:59 2026
Host:		snu.polaris.09 (x86_64 w/Linux 3.10.0-1160.el7.x86_64) (16cores*64cpus*Intel(R) Xeon(R) Gold 6246R CPU @ 3.40GHz 36608KB)
OS:		CentOS Linux 7 (Core)

License:
		[09:23:59.407010] Configured Lic search path (23.02-s006): 5280@210.126.11.80:5280@210.126.11.71

		invs	Innovus Implementation System	23.1	checkout succeeded
		8 CPU jobs allowed with the current license(s). Use setMultiCpuUsage to set your required CPU count.
Change the soft stacksize limit to 0.2%RAM (1288 mbytes). Set global soft_stack_size_limit to change the value.
Info: Process UID = 206033 / a7f09861-d4e9-4f16-8117-3f6c5b484c86 / 3xhka6u6Pn
source /tools/cadence/DDI231/INNOVUS231/tools.lnx86/../etc/synth/attr_def/plus_attr_defs.tcl
Loading attribute definitions from mini dummy db...
Info: Defined 24215 Synthesis attributes
Info: Skipped defining 360 Synthesis attributes already defined in Innovus
source /tools/cadence/DDI231/INNOVUS231/tools.lnx86/../etc/synth/attr_def/plus_msg_defs.tcl

**INFO:  MMMC transition support version v31-84 

<CMD> set_global _enable_mmmc_by_default_flow      $CTE::mmmc_default
<CMD> suppressMessage ENCEXT-2799
Sourcing file "syn/pnr/resynth_steal_buf_polarity/snapshot_3.5.tcl" ...
source syn/pnr/resynth_steal_buf_polarity/snapshot_3.5.tcl
<CMD> set init_lef_file {/home/aiasic26911/gsclib045_all_v4.7/gsclib045/lef/gsclib045_tech.lef /home/aiasic26911/gsclib045_all_v4.7/gsclib045/lef/gsclib045_macro.lef}
<CMD> set init_verilog syn/pnr/resynth_steal_buf_polarity/aer_tx16_trad_rowcol_fovea_cluster2_steal_buf_polarity_3.5_netlist.v
<CMD> set init_top_cell aer_tx16_trad_rowcol_fovea_cluster2_steal_buf_polarity
<CMD> set init_gnd_net VSS
<CMD> set init_pwr_net VDD
<CMD> set init_mmmc_file syn/pnr/resynth_steal_buf_polarity/mmmc_3.5.tcl
<CMD> init_design
#% Begin Load MMMC data ... (date=08/24 09:24:28, mem=1534.9M)
#% End Load MMMC data ... (date=08/24 09:24:28, total cpu=0:00:00.1, real=0:00:00.0, peak res=1536.0M, current mem=1536.0M)
rc_typical

Loading LEF file /home/aiasic26911/gsclib045_all_v4.7/gsclib045/lef/gsclib045_tech.lef ...
Set DBUPerIGU to M2 pitch 400.

Loading LEF file /home/aiasic26911/gsclib045_all_v4.7/gsclib045/lef/gsclib045_macro.lef ...
**WARN: (IMPLF-200):	Pin 'A' in macro 'ANTENNA' has no ANTENNAGATEAREA value defined. The library data is incomplete and some process antenna rules will not be checked correctly.
Type 'man IMPLF-200' for more detail.

##  Check design process and node:  
##  Both design process and tech node are not set.

Loading view definition file from syn/pnr/resynth_steal_buf_polarity/mmmc_3.5.tcl
Reading libset_slow timing library '/home/aiasic26911/gsclib045_all_v4.7/gsclib045/timing/slow_vdd1v0_basicCells.lib' ...
**WARN: (TECHLIB-302):	No function defined for cell 'DECAP9'. The cell will only be used for analysis. (File /home/aiasic26911/gsclib045_all_v4.7/gsclib045/timing/slow_vdd1v0_basicCells.lib)
**WARN: (TECHLIB-302):	No function defined for cell 'DECAP8'. The cell will only be used for analysis. (File /home/aiasic26911/gsclib045_all_v4.7/gsclib045/timing/slow_vdd1v0_basicCells.lib)
**WARN: (TECHLIB-302):	No function defined for cell 'DECAP7'. The cell will only be used for analysis. (File /home/aiasic26911/gsclib045_all_v4.7/gsclib045/timing/slow_vdd1v0_basicCells.lib)
**WARN: (TECHLIB-302):	No function defined for cell 'DECAP6'. The cell will only be used for analysis. (File /home/aiasic26911/gsclib045_all_v4.7/gsclib045/timing/slow_vdd1v0_basicCells.lib)
**WARN: (TECHLIB-302):	No function defined for cell 'DECAP5'. The cell will only be used for analysis. (File /home/aiasic26911/gsclib045_all_v4.7/gsclib045/timing/slow_vdd1v0_basicCells.lib)
**WARN: (TECHLIB-302):	No function defined for cell 'DECAP4'. The cell will only be used for analysis. (File /home/aiasic26911/gsclib045_all_v4.7/gsclib045/timing/slow_vdd1v0_basicCells.lib)
**WARN: (TECHLIB-302):	No function defined for cell 'DECAP3'. The cell will only be used for analysis. (File /home/aiasic26911/gsclib045_all_v4.7/gsclib045/timing/slow_vdd1v0_basicCells.lib)
**WARN: (TECHLIB-302):	No function defined for cell 'DECAP2'. The cell will only be used for analysis. (File /home/aiasic26911/gsclib045_all_v4.7/gsclib045/timing/slow_vdd1v0_basicCells.lib)
**WARN: (TECHLIB-302):	No function defined for cell 'DECAP10'. The cell will only be used for analysis. (File /home/aiasic26911/gsclib045_all_v4.7/gsclib045/timing/slow_vdd1v0_basicCells.lib)
**WARN: (TECHLIB-302):	No function defined for cell 'ANTENNA'. The cell will only be used for analysis. (File /home/aiasic26911/gsclib045_all_v4.7/gsclib045/timing/slow_vdd1v0_basicCells.lib)
Read 489 cells in library 'slow_vdd1v0' 
*** End library_loading (cpu=0.02min, real=0.02min, mem=46.5M, fe_cpu=0.50min, fe_real=0.50min, fe_mem=1836.3M) ***
#% Begin Load netlist data ... (date=08/24 09:24:29, mem=1556.0M)
*** Begin netlist parsing (mem=1836.3M) ***
Created 489 new cells from 1 timing libraries.
Reading netlist ...
Backslashed names will retain backslash and a trailing blank character.
Reading verilog netlist 'syn/pnr/resynth_steal_buf_polarity/aer_tx16_trad_rowcol_fovea_cluster2_steal_buf_polarity_3.5_netlist.v'

*** Memory Usage v#2 (Current mem = 1836.340M, initial mem = 831.461M) ***
*** End netlist parsing (cpu=0:00:00.0, real=0:00:00.0, mem=1836.3M) ***
#% End Load netlist data ... (date=08/24 09:24:29, total cpu=0:00:00.1, real=0:00:00.0, peak res=1564.4M, current mem=1564.4M)
Set top cell to aer_tx16_trad_rowcol_fovea_cluster2_steal_buf_polarity.
Hooked 489 DB cells to tlib cells.
Starting recursive module instantiation check.
No recursion found.
Building hierarchical netlist for Cell aer_tx16_trad_rowcol_fovea_cluster2_steal_buf_polarity ...
***** UseNewTieNetMode *****.
*** Netlist is unique.
** info: there are 586 modules.
** info: there are 544 stdCell insts.
** info: there are 544 stdCell insts with at least one signal pin.

*** Memory Usage v#2 (Current mem = 1867.852M, initial mem = 831.461M) ***
**WARN: (IMPFP-3961):	The techSite 'CornerSite' has no related standard cells in the LEF/OA library. The calculations for this site type cannot be made unless standard cell models of this type exist in the LEF/OA library. Ignore this warning if the SITE is not used by the library. Alternatively, remove the SITE definition for the LEF/OA library to avoid this message.
Type 'man IMPFP-3961' for more detail.
**WARN: (IMPFP-3961):	The techSite 'IOSite' has no related standard cells in the LEF/OA library. The calculations for this site type cannot be made unless standard cell models of this type exist in the LEF/OA library. Ignore this warning if the SITE is not used by the library. Alternatively, remove the SITE definition for the LEF/OA library to avoid this message.
Type 'man IMPFP-3961' for more detail.
Start create_tracks
Extraction setup Started for TopCell aer_tx16_trad_rowcol_fovea_cluster2_steal_buf_polarity 
Initializing multi-corner RC extraction with 1 active RC Corners ...
**WARN: (IMPEXT-2773):	The via resistance between layers M0 and M1 could not be determined from the LEF technology file because the via resistance specification is missing. A default of 4 Ohms will be used as via resistance between these layers.
Type 'man IMPEXT-2773' for more detail.
**WARN: (IMPEXT-2773):	The via resistance between layers M1 and M2 could not be determined from the LEF technology file because the via resistance specification is missing. A default of 4 Ohms will be used as via resistance between these layers.
Type 'man IMPEXT-2773' for more detail.
**WARN: (IMPEXT-2773):	The via resistance between layers M2 and M3 could not be determined from the LEF technology file because the via resistance specification is missing. A default of 4 Ohms will be used as via resistance between these layers.
Type 'man IMPEXT-2773' for more detail.
**WARN: (IMPEXT-2773):	The via resistance between layers M3 and M4 could not be determined from the LEF technology file because the via resistance specification is missing. A default of 4 Ohms will be used as via resistance between these layers.
Type 'man IMPEXT-2773' for more detail.
**WARN: (IMPEXT-2773):	The via resistance between layers M4 and M5 could not be determined from the LEF technology file because the via resistance specification is missing. A default of 4 Ohms will be used as via resistance between these layers.
Type 'man IMPEXT-2773' for more detail.
**WARN: (IMPEXT-2773):	The via resistance between layers M5 and M6 could not be determined from the LEF technology file because the via resistance specification is missing. A default of 4 Ohms will be used as via resistance between these layers.
Type 'man IMPEXT-2773' for more detail.
**WARN: (IMPEXT-2773):	The via resistance between layers M6 and M7 could not be determined from the LEF technology file because the via resistance specification is missing. A default of 4 Ohms will be used as via resistance between these layers.
Type 'man IMPEXT-2773' for more detail.
**WARN: (IMPEXT-2773):	The via resistance between layers M7 and M8 could not be determined from the LEF technology file because the via resistance specification is missing. A default of 4 Ohms will be used as via resistance between these layers.
Type 'man IMPEXT-2773' for more detail.
**WARN: (IMPEXT-2773):	The via resistance between layers M8 and M9 could not be determined from the LEF technology file because the via resistance specification is missing. A default of 4 Ohms will be used as via resistance between these layers.
Type 'man IMPEXT-2773' for more detail.
**WARN: (IMPEXT-2773):	The via resistance between layers M9 and M10 could not be determined from the LEF technology file because the via resistance specification is missing. A default of 4 Ohms will be used as via resistance between these layers.
Type 'man IMPEXT-2773' for more detail.
**WARN: (IMPEXT-2773):	The via resistance between layers M10 and M11 could not be determined from the LEF technology file because the via resistance specification is missing. A default of 4 Ohms will be used as via resistance between these layers.
Type 'man IMPEXT-2773' for more detail.
**WARN: (IMPEXT-2766):	The sheet resistance for layer M1 is not defined in the cap table. Therefore, the LEF value 0.0736 will be used instead. To avoid this message, update the relevant cap table to include the sheet resistance for the specified layer and read it back in.
**WARN: (IMPEXT-2766):	The sheet resistance for layer M2 is not defined in the cap table. Therefore, the LEF value 0.0604 will be used instead. To avoid this message, update the relevant cap table to include the sheet resistance for the specified layer and read it back in.
**WARN: (IMPEXT-2766):	The sheet resistance for layer M3 is not defined in the cap table. Therefore, the LEF value 0.0604 will be used instead. To avoid this message, update the relevant cap table to include the sheet resistance for the specified layer and read it back in.
**WARN: (IMPEXT-2766):	The sheet resistance for layer M4 is not defined in the cap table. Therefore, the LEF value 0.0604 will be used instead. To avoid this message, update the relevant cap table to include the sheet resistance for the specified layer and read it back in.
**WARN: (IMPEXT-2766):	The sheet resistance for layer M5 is not defined in the cap table. Therefore, the LEF value 0.0604 will be used instead. To avoid this message, update the relevant cap table to include the sheet resistance for the specified layer and read it back in.
**WARN: (IMPEXT-2766):	The sheet resistance for layer M6 is not defined in the cap table. Therefore, the LEF value 0.0604 will be used instead. To avoid this message, update the relevant cap table to include the sheet resistance for the specified layer and read it back in.
**WARN: (IMPEXT-2766):	The sheet resistance for layer M7 is not defined in the cap table. Therefore, the LEF value 0.0604 will be used instead. To avoid this message, update the relevant cap table to include the sheet resistance for the specified layer and read it back in.
**WARN: (IMPEXT-2766):	The sheet resistance for layer M8 is not defined in the cap table. Therefore, the LEF value 0.0214 will be used instead. To avoid this message, update the relevant cap table to include the sheet resistance for the specified layer and read it back in.
**WARN: (IMPEXT-2766):	The sheet resistance for layer M9 is not defined in the cap table. Therefore, the LEF value 0.0214 will be used instead. To avoid this message, update the relevant cap table to include the sheet resistance for the specified layer and read it back in.
**WARN: (IMPEXT-2766):	The sheet resistance for layer M10 is not defined in the cap table. Therefore, the LEF value 0.0214 will be used instead. To avoid this message, update the relevant cap table to include the sheet resistance for the specified layer and read it back in.
**WARN: (IMPEXT-2766):	The sheet resistance for layer M11 is not defined in the cap table. Therefore, the LEF value 0.021 will be used instead. To avoid this message, update the relevant cap table to include the sheet resistance for the specified layer and read it back in.
Summary of Active RC-Corners : 
 
 Analysis View: view_slow
    RC-Corner Name        : rc_typical
    RC-Corner Index       : 0
    RC-Corner Temperature : 25 Celsius
    RC-Corner Cap Table   : ''
    RC-Corner PreRoute Res Factor         : 1
    RC-Corner PreRoute Cap Factor         : 1
    RC-Corner PostRoute Res Factor        : 1 {1 1 1}
    RC-Corner PostRoute Cap Factor        : 1 {1 1 1}
    RC-Corner PostRoute XCap Factor       : 1 {1 1 1}
    RC-Corner PreRoute Clock Res Factor   : 1	[Derived from Cap Table]
    RC-Corner PreRoute Clock Cap Factor   : 1	[Derived from Cap Table]
    RC-Corner PostRoute Clock Cap Factor  : 1 {1 1 1} 	[Derived from postRoute_cap (effortLevel low)]
    RC-Corner PostRoute Clock Res Factor  : 1 {1 1 1} 	[Derived from postRoute_res (effortLevel low)]
    RC-Corner PostRoute Clock coupling capacitance Factor : 1 {1 1 1} 
Updating RC Grid density data for preRoute extraction ...
Initializing multi-corner resistance tables ...
*Info: initialize multi-corner CTS.
Reading timing constraints file 'syn/pnr/resynth_steal_buf_polarity/aer_tx16_trad_rowcol_fovea_cluster2_steal_buf_polarity_3.5_out.sdc' ...
Current (total cpu=0:00:31.5, real=0:00:32.0, peak res=1965.2M, current mem=1961.2M)
**WARN: (TCLCMD-1461):	Skipped unsupported command: set_units (File syn/pnr/resynth_steal_buf_polarity/aer_tx16_trad_rowcol_fovea_cluster2_steal_buf_polarity_3.5_out.sdc, Line 9).

**WARN: (TCLCMD-1461):	Skipped unsupported command: set_units (File syn/pnr/resynth_steal_buf_polarity/aer_tx16_trad_rowcol_fovea_cluster2_steal_buf_polarity_3.5_out.sdc, Line 10).

aer_tx16_trad_rowcol_fovea_cluster2_steal_buf_polarity
------------------------------------------------------------------------------------
CONSTRAINT READING SUMMARY                                                          
------------------------------------------------------------------------------------
Constraint                                        | Success        | Fail           
------------------------------------------------------------------------------------
set_clock_uncertainty                             | 2              | 0              
set_wire_load_mode                                | 1              | 0              
set_output_delay                                  | 38             | 0              
set_input_delay                                   | 33             | 0              
get_clocks                                        | 73             | 0              
create_clock                                      | 1              | 0              
set_clock_gating_check                            | 1              | 0              
get_ports                                         | 110            | 0              
current_design                                    | 1              | 0              
set_load                                          | 38             | 0              
set_units                                         | 2              | 0              
------------------------------------------------------------------------------------
INFO (CTE): Reading of timing constraints file syn/pnr/resynth_steal_buf_polarity/aer_tx16_trad_rowcol_fovea_cluster2_steal_buf_polarity_3.5_out.sdc completed, with 2 WARNING
Ending "Constraint file reading stats" (total cpu=0:00:00.1, real=0:00:00.0, peak res=1975.1M, current mem=1975.1M)
Current (total cpu=0:00:31.7, real=0:00:32.0, peak res=1975.1M, current mem=1975.1M)
Total number of combinational cells: 318
Total number of sequential cells: 152
Total number of tristate cells: 10
Total number of level shifter cells: 0
Total number of power gating cells: 0
Total number of isolation cells: 0
Total number of power switch cells: 0
Total number of pulse generator cells: 0
Total number of always on buffers: 0
Total number of retention cells: 0
Total number of physical cells: 9
List of usable buffers: BUFX2 BUFX12 BUFX16 BUFX20 CLKBUFX2 BUFX3 BUFX4 BUFX6 BUFX8 CLKBUFX12 CLKBUFX16 CLKBUFX20 CLKBUFX3 CLKBUFX4 CLKBUFX6 CLKBUFX8
Total number of usable buffers: 16
List of unusable buffers:
Total number of unusable buffers: 0
List of usable inverters: CLKINVX1 CLKINVX2 CLKINVX12 CLKINVX16 CLKINVX20 CLKINVX4 CLKINVX3 CLKINVX6 CLKINVX8 INVX1 INVX2 INVX12 INVX16 INVX20 INVXL INVX3 INVX4 INVX6 INVX8
Total number of usable inverters: 19
List of unusable inverters:
Total number of unusable inverters: 0
List of identified usable delay cells: DLY1X1 DLY1X4 DLY2X1 DLY2X4 DLY3X1 DLY3X4 DLY4X1 DLY4X4
Total number of identified usable delay cells: 8
List of identified unusable delay cells:
Total number of identified unusable delay cells: 0

*** Summary of all messages that are not suppressed in this session:
Severity  ID               Count  Summary                                  
WARNING   IMPLF-200            1  Pin '%s' in macro '%s' has no ANTENNAGAT...
WARNING   IMPFP-3961           2  The techSite '%s' has no related standar...
WARNING   IMPEXT-2766         11  The sheet resistance for layer %s is not...
WARNING   IMPEXT-2773         11  The via resistance between layers %s and...
WARNING   TCLCMD-1461          2  Skipped unsupported command: %s          
WARNING   TECHLIB-302         10  No function defined for cell '%s'. The c...
*** Message Summary: 37 warning(s), 0 error(s)

<CMD> setDesignMode -process 45
##  Process: 45            (User Set)               
##     Node: (not set)                           

##  Check design process and node:  
##  Design tech node is not set.

Applying the recommended capacitance filtering threshold values for 45nm process node: total_c_th=0, relative_c_th=1 and coupling_c_th=0.1.
	These values will be used by all post-route extraction engines, including TQuantus, IQuantus and Quantus QRC extraction.
	Capacitance filtering mode(-capFilterMode option of the setExtractRCMode) is 'relAndCoup' for all engines.
	The accuracy mode for postRoute effortLevel low extraction will be set to 'high'.
	Default value for EffortLevel(-effortLevel option of the setExtractRCMode) in postRoute extraction mode will be 'medium' if Quantus QRC technology file is specified else 'low'.
<CMD> set_dont_use [get_lib_cells */BUFX2] true
<CMD> floorPlan -r 1.0 0.5 10 10 10 10
Adjusting coreMargin bottom  to finFet grid (PlacementGrid) : after adjusting :10.07
Adjusting coreMargin top     to finFet grid (PlacementGrid) : after adjusting :10.07
Adjusting core size to PlacementGrid : width :48.4 height : 47.88
**WARN: (IMPFP-3961):	The techSite 'CornerSite' has no related standard cells in the LEF/OA library. The calculations for this site type cannot be made unless standard cell models of this type exist in the LEF/OA library. Ignore this warning if the SITE is not used by the library. Alternatively, remove the SITE definition for the LEF/OA library to avoid this message.
Type 'man IMPFP-3961' for more detail.
**WARN: (IMPFP-3961):	The techSite 'IOSite' has no related standard cells in the LEF/OA library. The calculations for this site type cannot be made unless standard cell models of this type exist in the LEF/OA library. Ignore this warning if the SITE is not used by the library. Alternatively, remove the SITE definition for the LEF/OA library to avoid this message.
Type 'man IMPFP-3961' for more detail.
Start create_tracks
**WARN: (IMPFP-325):	Floorplan of the design is resized. All current floorplan objects are automatically derived based on specified new floorplan. This may change blocks, fixed standard cells, existing routes and blockages.
<CMD> assignIoPins -pin {clk rst {arrival[15]} {arrival[14]} {arrival[13]} {arrival[12]} {arrival[11]} {arrival[10]} {arrival[9]} {arrival[8]} {arrival[7]} {arrival[6]} {arrival[5]} {arrival[4]} {arrival[3]} {arrival[2]} {arrival[1]} {arrival[0]} {polarity_in[15]} {polarity_in[14]} {polarity_in[13]} {polarity_in[12]} {polarity_in[11]} {polarity_in[10]} {polarity_in[9]} {polarity_in[8]} {polarity_in[7]} {polarity_in[6]} {polarity_in[5]} {polarity_in[4]} {polarity_in[3]} {polarity_in[2]} {polarity_in[1]} {polarity_in[0]} {overrun[15]} {overrun[14]} {overrun[13]} {overrun[12]} {overrun[11]} {overrun[10]} {overrun[9]} {overrun[8]} {overrun[7]} {overrun[6]} {overrun[5]} {overrun[4]} {overrun[3]} {overrun[2]} {overrun[1]} {overrun[0]} valid0 {row0[1]} {row0[0]} {col_mask0[3]} {col_mask0[2]} {col_mask0[1]} {col_mask0[0]} {pol_mask0[3]} {pol_mask0[2]} {pol_mask0[1]} {pol_mask0[0]} valid1 {row1[1]} {row1[0]} {col_mask1[3]} {col_mask1[2]} {col_mask1[1]} {col_mask1[0]} {pol_mask1[3]} {pol_mask1[2]} {pol_mask1[1]} {pol_mask1[0]}}
#% Begin assignIoPins (date=08/24 09:24:32, mem=1997.8M)
Selected pin assignment: called on 72 pins ...
The design is not placed. Using floorplan based method for pin assignment.
Selected pin assignment: assigned all 72 pins successfully.
#% End assignIoPins (date=08/24 09:24:32, total cpu=0:00:00.1, real=0:00:00.0, peak res=2011.9M, current mem=2009.6M)
<CMD> globalNetConnect VDD -type pgpin -pin VDD -inst * -verbose
544 new pwr-pin connections were made to global net 'VDD'.
<CMD> globalNetConnect VSS -type pgpin -pin VSS -inst * -verbose
544 new gnd-pin connections were made to global net 'VSS'.
<CMD> addRing -nets {VDD VSS} -type core_rings -layer {top Metal6 bottom Metal6 left Metal7 right Metal7} -width 2 -spacing 2 -offset 2
#% Begin addRing (date=08/24 09:24:32, mem=2009.7M)


viaInitial starts at Mon Aug 24 09:24:32 2026
viaInitial ends at Mon Aug 24 09:24:32 2026
Loading cell geometries (cpu: 0:00:00.0, real: 0:00:00.0, peak mem: 2331.9M)
Ring generation is complete.
vias are now being generated.
addRing created 8 wires.
ViaGen created 8 vias, deleted 0 via to avoid violation.
+--------+----------------+----------------+
|  Layer |     Created    |     Deleted    |
+--------+----------------+----------------+
| Metal6 |        4       |       NA       |
|  Via6  |        8       |        0       |
| Metal7 |        4       |       NA       |
+--------+----------------+----------------+
#% End addRing (date=08/24 09:24:32, total cpu=0:00:00.0, real=0:00:00.0, peak res=2012.5M, current mem=2012.3M)
<CMD> sroute -nets {VDD VSS} -connect {blockPin padPin corePin}
#% Begin sroute (date=08/24 09:24:32, mem=2012.3M)
*** Begin SPECIAL ROUTE on Mon Aug 24 09:24:32 2026 ***
SPECIAL ROUTE ran on directory: /home/aiasic26911/redred-faer
SPECIAL ROUTE ran on machine: snu.polaris.09 (Linux 3.10.0-1160.el7.x86_64 Xeon 1.20Ghz)

Begin option processing ...
srouteConnectPowerBump set to false
routeSelectNet set to "VDD VSS"
routeSpecial set to true
srouteConnectConverterPin set to false
srouteConnectStripe set to false
srouteFollowCorePinEnd set to 3
srouteFollowPadPin set to false
srouteJogControl set to "preferWithChanges differentLayer"
sroutePadPinAllPorts set to true
sroutePreserveExistingRoutes set to true
srouteRoutePowerBarPortOnBothDir set to true
End option processing: cpu: 0:00:00, real: 0:00:00, peak: 4037.00 megs.

Reading DB technology information...
Finished reading DB technology information.
Reading floorplan and netlist information...
Finished reading floorplan and netlist information.
Read in 24 layers, 11 routing layers, 1 overlap layer
Read in 2 nondefault rules, 0 used
Read in 585 macros, 28 used
Read in 28 components
  28 core components: 28 unplaced, 0 placed, 0 fixed
Read in 72 physical pins
  72 physical pins: 0 unplaced, 72 placed, 0 fixed
Read in 72 nets
Read in 2 special nets, 2 routed
Read in 128 terminals
2 nets selected.

Begin power routing ...
**WARN: (IMPSR-1254):	Unable to connect the specified objects, since block pins of the VDD net were not found in the design. Check netlist or change the parameter value to include block pins in the design.
**WARN: (IMPSR-1256):	Unable to find any CORE class pad pin of the VDD net due to unavailability of the pin or check netlist in the routing area or layer. Change routing area or layer to include the expected pin or check netlist. Alternatively, change port class in the technology file.
Type 'man IMPSR-1256' for more detail.
Cannot find any AREAIO class pad pin of net VDD. Check net list, or change port class in the technology file, or change option to include pin in given range.
**WARN: (IMPSR-1254):	Unable to connect the specified objects, since block pins of the VSS net were not found in the design. Check netlist or change the parameter value to include block pins in the design.
**WARN: (IMPSR-1256):	Unable to find any CORE class pad pin of the VSS net due to unavailability of the pin or check netlist in the routing area or layer. Change routing area or layer to include the expected pin or check netlist. Alternatively, change port class in the technology file.
Type 'man IMPSR-1256' for more detail.
Cannot find any AREAIO class pad pin of net VSS. Check net list, or change port class in the technology file, or change option to include pin in given range.
CPU time for VDD FollowPin 0 seconds
CPU time for VSS FollowPin 0 seconds
  Number of IO ports routed: 0
  Number of Block ports routed: 0
  Number of Core ports routed: 58
  Number of Power Bump ports routed: 0
  Number of Followpin connections: 29
End power routing: cpu: 0:00:00, real: 0:00:00, peak: 4075.00 megs.



 Begin updating DB with routing results ...
 Updating DB with 72 io pins ...
 Updating DB with 0 via definition ...Extracting standard cell pins and blockage ...... 
Pin and blockage extraction finished

sroute created 87 wires.
ViaGen created 348 vias, deleted 0 via to avoid violation.
+--------+----------------+----------------+
|  Layer |     Created    |     Deleted    |
+--------+----------------+----------------+
| Metal1 |       87       |       NA       |
|  Via1  |       58       |        0       |
|  Via2  |       58       |        0       |
|  Via3  |       58       |        0       |
|  Via4  |       58       |        0       |
|  Via5  |       58       |        0       |
|  Via6  |       58       |        0       |
+--------+----------------+----------------+
#% End sroute (date=08/24 09:24:33, total cpu=0:00:00.7, real=0:00:01.0, peak res=2072.0M, current mem=2058.3M)
<CMD> place_opt_design
#% Begin place_opt_design (date=08/24 09:24:33, mem=2058.3M)
**INFO: User settings:
setDesignMode -process           45
setExtractRCMode -coupling_c_th  0.1
setExtractRCMode -relative_c_th  1
setExtractRCMode -total_c_th     0
setDelayCalMode -engine          aae

*** place_opt_design #1 [begin] () : totSession cpu/real = 0:00:32.9/0:00:31.5 (1.0), mem = 2371.2M
No user sequential activity specified, applying default sequential activity of "0.2" for Dynamic Power reporting.
'set_default_switching_activity' finished successfully.
*** Starting GigaPlace ***
-earlyGlobalBlockTracks {}                # string, default="", private
-earlyGlobalCapacityScreen {}             # string, default="", private
There is no track adjustment
Starting place_opt_design V2 flow
Estimated cell power/ground rail width = 0.160 um
*** GlobalPlace #1 [begin] (place_opt_design #1) : totSession cpu/real = 0:00:33.1/0:00:31.7 (1.0), mem = 2499.2M
*** Start deleteBufferTree ***
Info: Detect buffers to remove automatically.
Analyzing netlist ...
Updating netlist

*summary: 0 instances (buffers/inverters) removed
*** Finish deleteBufferTree (0:00:00.2) ***
Effort level <high> specified for tdgp_reg2reg_default path_group
Deleted 0 physical inst  (cell - / prefix -).
INFO: #ExclusiveGroups=0
INFO: There are no Exclusive Groups.
No user-set net weight.
Net fanout histogram:
2		: 278 (48.1%) nets
3		: 138 (23.9%) nets
4     -	14	: 160 (27.7%) nets
15    -	39	: 0 (0.0%) nets
40    -	79	: 0 (0.0%) nets
80    -	159	: 2 (0.3%) nets
160   -	319	: 0 (0.0%) nets
320   -	639	: 0 (0.0%) nets
640   -	1279	: 0 (0.0%) nets
1280  -	2559	: 0 (0.0%) nets
2560  -	5119	: 0 (0.0%) nets
5120+		: 0 (0.0%) nets
Scan chains were not defined.
#std cell=544 (0 fixed + 544 movable) #buf cell=0 #inv cell=54 #block=0 (0 floating + 0 preplaced)
#ioInst=0 #net=578 #term=1914 #term/net=3.31, #fixedIo=0, #floatIo=0, #fixedPin=0, #floatPin=72
stdCell: 544 single + 0 double + 0 multi
Total standard cell length = 0.6764 (mm), area = 0.0012 (mm^2)
Average module density = 0.499.
Density for the design = 0.499.
       = stdcell_area 3382 sites (1157 um^2) / alloc_area 6776 sites (2317 um^2).
Pin Density = 0.2825.
            = total # of pins 1914 / total area 6776.
[spp] 0
Clock gating cells determined by native netlist tracing.
=== lastAutoLevel = 6 
Iteration  1: Total net bbox = 3.971e+03 (1.92e+03 2.05e+03)
              Est.  stn bbox = 4.168e+03 (1.98e+03 2.19e+03)
              cpu = 0:00:00.0 real = 0:00:00.0 mem = 2521.3M
Iteration  2: Total net bbox = 3.971e+03 (1.92e+03 2.05e+03)
              Est.  stn bbox = 4.168e+03 (1.98e+03 2.19e+03)
              cpu = 0:00:00.0 real = 0:00:00.0 mem = 2521.3M
*** Finished SKP initialization (cpu=0:00:01.9, real=0:00:02.0)***
SKP will use view:
  view_slow
Iteration  3: Total net bbox = 3.467e+03 (1.67e+03 1.79e+03)
              Est.  stn bbox = 3.752e+03 (1.79e+03 1.97e+03)
              cpu = 0:00:02.1 real = 0:00:02.0 mem = 2590.9M
Iteration  4: Total net bbox = 5.158e+03 (2.53e+03 2.63e+03)
              Est.  stn bbox = 5.649e+03 (2.76e+03 2.89e+03)
              cpu = 0:00:00.3 real = 0:00:01.0 mem = 2590.9M
Iteration  5: Total net bbox = 5.158e+03 (2.53e+03 2.63e+03)
              Est.  stn bbox = 5.649e+03 (2.76e+03 2.89e+03)
              cpu = 0:00:00.0 real = 0:00:00.0 mem = 2590.9M
Iteration  6: Total net bbox = 5.234e+03 (2.59e+03 2.64e+03)
              Est.  stn bbox = 5.726e+03 (2.83e+03 2.90e+03)
              cpu = 0:00:00.3 real = 0:00:00.0 mem = 2590.9M
Iteration  7: Total net bbox = 5.557e+03 (2.71e+03 2.85e+03)
              Est.  stn bbox = 6.055e+03 (2.95e+03 3.11e+03)
              cpu = 0:00:00.3 real = 0:00:00.0 mem = 2606.9M
Iteration  8: Total net bbox = 5.673e+03 (2.82e+03 2.86e+03)
              Est.  stn bbox = 6.176e+03 (3.06e+03 3.12e+03)
              cpu = 0:00:00.2 real = 0:00:00.0 mem = 2622.9M
Max route layer is changed from 127 to 11 because there is no routing track above this layer
Max route layer is changed from 127 to 11 because there is no routing track above this layer
[NR-eGR] Started Early Global Route kernel ( Curr Mem: 2.49 MB )
Iteration  9: Total net bbox = 5.950e+03 (2.95e+03 3.00e+03)
              Est.  stn bbox = 6.467e+03 (3.19e+03 3.28e+03)
              cpu = 0:00:00.8 real = 0:00:01.0 mem = 2590.9M
Iteration 10: Total net bbox = 5.950e+03 (2.95e+03 3.00e+03)
              Est.  stn bbox = 6.467e+03 (3.19e+03 3.28e+03)
              cpu = 0:00:00.0 real = 0:00:00.0 mem = 2590.9M
Iteration 11: Total net bbox = 5.950e+03 (2.95e+03 3.00e+03)
              Est.  stn bbox = 6.467e+03 (3.19e+03 3.28e+03)
              cpu = 0:00:00.0 real = 0:00:00.0 mem = 2590.9M
Finished Global Placement (cpu=0:00:04.1, real=0:00:05.0, mem=2590.9M)
Keep Tdgp Graph and DB for later use
Info: 0 clock gating cells identified, 0 (on average) moved 0/2
Begin: Reorder Scan Chains
**WARN: (IMPSP-9025):	No scan chain specified/traced.
Type 'man IMPSP-9025' for more detail.
End: Reorder Scan Chains
*** Starting refinePlace (0:00:37.8 mem=2590.9M) ***
Total net bbox length = 5.950e+03 (2.948e+03 3.002e+03) (ext = 1.950e+03)
Max route layer is changed from 127 to 11 because there is no routing track above this layer
Max route layer is changed from 127 to 11 because there is no routing track above this layer
Max route layer is changed from 127 to 11 because there is no routing track above this layer
Max route layer is changed from 127 to 11 because there is no routing track above this layer
Move report: Detail placement moves 544 insts, mean move: 0.10 um, max move: 3.78 um 
	Max move on inst (g12603__2398): (50.28, 49.39) --> (48.20, 47.69)
	Runtime: CPU: 0:00:00.3 REAL: 0:00:01.0 MEM: 2558.9MB
Summary Report:
Instances move: 544 (out of 544 movable)
Instances flipped: 0
Mean displacement: 0.10 um
Max displacement: 3.78 um (Instance: g12603__2398) (50.276, 49.393) -> (48.2, 47.69)
	Length: 3 sites, height: 1 rows, site name: CoreSite, cell type: NOR2X1
Physical-only instances move: 0 (out of 0 movable physical-only)
Total net bbox length = 5.956e+03 (2.948e+03 3.008e+03) (ext = 1.951e+03)
Runtime: CPU: 0:00:00.3 REAL: 0:00:01.0 MEM: 2558.9MB
*** Finished refinePlace (0:00:38.1 mem=2558.9M) ***
*** Finished Initial Placement (cpu=0:00:04.5, real=0:00:06.0, mem=2558.9M) ***
Effort level <high> specified for tdgp_reg2reg_default path_group

*** Start incrementalPlace ***
No Views given, use default active views for adaptive view pruning
Active views:
  view_slow
Max route layer is changed from 127 to 11 because there is no routing track above this layer
Max route layer is changed from 127 to 11 because there is no routing track above this layer
[NR-eGR] Early global route reroute all routable nets
[NR-eGR] Track table information for default rule: 
[NR-eGR] Metal1 has single uniform track structure
[NR-eGR] Metal2 has single uniform track structure
[NR-eGR] Metal3 has single uniform track structure
[NR-eGR] Metal4 has single uniform track structure
[NR-eGR] Metal5 has single uniform track structure
[NR-eGR] Metal6 has single uniform track structure
[NR-eGR] Metal7 has single uniform track structure
[NR-eGR] Metal8 has single uniform track structure
[NR-eGR] Metal9 has single uniform track structure
[NR-eGR] Metal10 has single uniform track structure
[NR-eGR] Metal11 has single uniform track structure
[NR-eGR] Read 662 PG shapes
[NR-eGR] Read 0 clock shapes
[NR-eGR] Read 0 other shapes
[NR-eGR] #Routing Blockages  : 0
[NR-eGR] #Bump Blockages     : 0
[NR-eGR] #Instance Blockages : 0
[NR-eGR] #PG Blockages       : 662
[NR-eGR] #Halo Blockages     : 0
[NR-eGR] #Boundary Blockages : 0
[NR-eGR] #Clock Blockages    : 0
[NR-eGR] #Other Blockages    : 0
[NR-eGR] #prerouted nets         : 0
[NR-eGR] #prerouted special nets : 0
[NR-eGR] #prerouted wires        : 0
[NR-eGR] Read 578 nets ( ignored 0 )
[NR-eGR] There are 1 clock nets ( 0 with NDR ).
[NR-eGR] ============ Routing rule table ============
[NR-eGR] Rule id: 0  Rule name: (Default)  Nets: 578
[NR-eGR] ========================================
[NR-eGR] 
[NR-eGR] Layer group 1: route 578 net(s) in layer range [2, 11]
[NR-eGR] Early Global Route overflow of layer group 1: 0.00% H + 0.15% V. EstWL: 6.482610e+03um
[NR-eGR] Congestion Analysis By layer: (blocked Gcells are excluded) 
[NR-eGR]                        OverCon            
[NR-eGR]                         #Gcell     %Gcell
[NR-eGR]        Layer               (1)    OverCon
[NR-eGR] ----------------------------------------------
[NR-eGR]  Metal1 ( 1)         0( 0.00%)   ( 0.00%) 
[NR-eGR]  Metal2 ( 2)         0( 0.00%)   ( 0.00%) 
[NR-eGR]  Metal3 ( 3)         0( 0.00%)   ( 0.00%) 
[NR-eGR]  Metal4 ( 4)         0( 0.00%)   ( 0.00%) 
[NR-eGR]  Metal5 ( 5)         0( 0.00%)   ( 0.00%) 
[NR-eGR]  Metal6 ( 6)         1( 0.07%)   ( 0.07%) 
[NR-eGR]  Metal7 ( 7)         0( 0.00%)   ( 0.00%) 
[NR-eGR]  Metal8 ( 8)         1( 0.07%)   ( 0.07%) 
[NR-eGR]  Metal9 ( 9)         0( 0.00%)   ( 0.00%) 
[NR-eGR] Metal10 (10)         0( 0.00%)   ( 0.00%) 
[NR-eGR] Metal11 (11)         0( 0.00%)   ( 0.00%) 
[NR-eGR] ----------------------------------------------
[NR-eGR]        Total         2( 0.01%)   ( 0.01%) 
[NR-eGR] 
[NR-eGR] Overflow after Early Global Route 0.00% H + 0.00% V
[NR-eGR] Finished Early Global Route kernel ( CPU: 0.04 sec, Real: 0.04 sec, Curr Mem: 2.47 MB )
Early Global Route congestion estimation runtime: 0.05 seconds, mem = 2558.9M
Local HotSpot Analysis: normalized max congestion hotspot area = 0.00, normalized total congestion hotspot area = 0.00 (area is in unit of 4 std-cell row bins)
Skipped repairing congestion.
[NR-eGR] Connected 0 must-join pins/ports (post-process)
[NR-eGR] Total eGR-routed clock nets wire length: 343um, number of vias: 242
[NR-eGR] --------------------------------------------------------------------------
[NR-eGR]                  Length (um)  Vias 
[NR-eGR] -----------------------------------
[NR-eGR]  Metal1   (1H)             0  1842 
[NR-eGR]  Metal2   (2V)          2773  2654 
[NR-eGR]  Metal3   (3H)          2859   100 
[NR-eGR]  Metal4   (4V)           670    48 
[NR-eGR]  Metal5   (5H)           339    42 
[NR-eGR]  Metal6   (6V)            51    29 
[NR-eGR]  Metal7   (7H)             8    21 
[NR-eGR]  Metal8   (8V)            93    20 
[NR-eGR]  Metal9   (9H)           107     8 
[NR-eGR]  Metal10  (10V)            5     2 
[NR-eGR]  Metal11  (11H)           14     0 
[NR-eGR] -----------------------------------
[NR-eGR]           Total         6919  4766 
[NR-eGR] --------------------------------------------------------------------------
[NR-eGR] Total half perimeter of net bounding box: 5956um
[NR-eGR] Total length: 6919um, number of vias: 4766
[NR-eGR] --------------------------------------------------------------------------
Max route layer is changed from 127 to 11 because there is no routing track above this layer
Early Global Route wiring runtime: 0.05 seconds, mem = 2574.9M
0 delay mode for cte disabled.

*** Finished incrementalPlace (cpu=0:00:00.2, real=0:00:00.0)***
Tdgp not enabled or already been cleared! skip clearing
**placeDesign ... cpu = 0: 0: 5, real = 0: 0: 7, mem = 2574.9M **
AAE DB initialization (MEM=2096.863281 CPU=0:00:00.0 REAL=0:00:00.0) 
*** GlobalPlace #1 [finish] (place_opt_design #1) : cpu/real = 0:00:05.9/0:00:07.3 (0.8), totSession cpu/real = 0:00:39.1/0:00:39.1 (1.0), mem = 2615.5M
Enable CTE adjustment.
Enable Layer aware incrSKP.
**optDesign ... cpu = 0:00:00, real = 0:00:00, mem = 2097.4M, totSessionCpu=0:00:39 **
GigaOpt running with 1 threads.
*** InitOpt #1 [begin] (place_opt_design #1) : totSession cpu/real = 0:00:39.1/0:00:39.1 (1.0), mem = 2615.5M
**INFO: setDesignMode -flowEffort standard -> setting 'setOptMode -allEndPoints true' for the duration of this command.
Updating RC Grid density data for preRoute extraction ...
Initializing multi-corner resistance tables ...
AAE DB initialization (MEM=2103.628906 CPU=0:00:00.0 REAL=0:00:00.0) 
Info: Using SynthesisEngine executable '/tools/cadence/DDI231/INNOVUS231/bin/innovus_'.
      SynthesisEngine workers will not check out additional licenses.
**INFO: Using Advanced Metric Collection system.
**optDesign ... cpu = 0:00:02, real = 0:00:21, mem = 2044.1M, totSessionCpu=0:00:41 **
#optDebug: { P: 45 W: 1201 FE: standard PE: none LDR: 1}
*** optDesign -preCTS ***
DRC Margin: user margin 0.0; extra margin 0.2
Setup Target Slack: user slack 0; extra slack 0.0
Hold Target Slack: user slack 0
**WARN: (IMPOPT-3195):	Analysis mode has changed.
Type 'man IMPOPT-3195' for more detail.
Multi-VT timing optimization disabled based on library information.
	CornerforLayerOpt timing analysis view view_slow has been selected for calibration 
	CornerforLayerOpt timing analysis view view_slow has been selected for calibration 
	CornerforLayerOpt timing analysis view view_slow has been selected for calibration 
	CornerforLayerOpt timing analysis view view_slow has been selected for calibration 
	CornerforLayerOpt timing analysis view view_slow has been selected for calibration 
	CornerforLayerOpt timing analysis view view_slow has been selected for calibration 
[NR-eGR] Started Early Global Route ( Curr Mem: 2.64 MB )
Max route layer is changed from 127 to 11 because there is no routing track above this layer
Max route layer is changed from 127 to 11 because there is no routing track above this layer
[NR-eGR] Started Early Global Route kernel ( Curr Mem: 2.64 MB )
[NR-eGR] Early global route reroute all routable nets
[NR-eGR] Track table information for default rule: 
[NR-eGR] Metal1 has single uniform track structure
[NR-eGR] Metal2 has single uniform track structure
[NR-eGR] Metal3 has single uniform track structure
[NR-eGR] Metal4 has single uniform track structure
[NR-eGR] Metal5 has single uniform track structure
[NR-eGR] Metal6 has single uniform track structure
[NR-eGR] Metal7 has single uniform track structure
[NR-eGR] Metal8 has single uniform track structure
[NR-eGR] Metal9 has single uniform track structure
[NR-eGR] Metal10 has single uniform track structure
[NR-eGR] Metal11 has single uniform track structure
[NR-eGR] Read 662 PG shapes
[NR-eGR] Read 0 clock shapes
[NR-eGR] Read 0 other shapes
[NR-eGR] #Routing Blockages  : 0
[NR-eGR] #Bump Blockages     : 0
[NR-eGR] #Instance Blockages : 0
[NR-eGR] #PG Blockages       : 662
[NR-eGR] #Halo Blockages     : 0
[NR-eGR] #Boundary Blockages : 0
[NR-eGR] #Clock Blockages    : 0
[NR-eGR] #Other Blockages    : 0
[NR-eGR] #prerouted nets         : 0
[NR-eGR] #prerouted special nets : 0
[NR-eGR] #prerouted wires        : 0
[NR-eGR] Read 578 nets ( ignored 0 )
[NR-eGR] There are 1 clock nets ( 0 with NDR ).
[NR-eGR] ============ Routing rule table ============
[NR-eGR] Rule id: 0  Rule name: (Default)  Nets: 578
[NR-eGR] ========================================
[NR-eGR] 
[NR-eGR] Layer group 1: route 578 net(s) in layer range [2, 11]
[NR-eGR] Early Global Route overflow of layer group 1: 0.00% H + 0.20% V. EstWL: 6.513390e+03um
[NR-eGR] Congestion Analysis By layer: (blocked Gcells are excluded) 
[NR-eGR]                        OverCon            
[NR-eGR]                         #Gcell     %Gcell
[NR-eGR]        Layer               (1)    OverCon
[NR-eGR] ----------------------------------------------
[NR-eGR]  Metal1 ( 1)         0( 0.00%)   ( 0.00%) 
[NR-eGR]  Metal2 ( 2)         0( 0.00%)   ( 0.00%) 
[NR-eGR]  Metal3 ( 3)         0( 0.00%)   ( 0.00%) 
[NR-eGR]  Metal4 ( 4)         1( 0.07%)   ( 0.07%) 
[NR-eGR]  Metal5 ( 5)         0( 0.00%)   ( 0.00%) 
[NR-eGR]  Metal6 ( 6)         1( 0.07%)   ( 0.07%) 
[NR-eGR]  Metal7 ( 7)         0( 0.00%)   ( 0.00%) 
[NR-eGR]  Metal8 ( 8)         1( 0.07%)   ( 0.07%) 
[NR-eGR]  Metal9 ( 9)         0( 0.00%)   ( 0.00%) 
[NR-eGR] Metal10 (10)         0( 0.00%)   ( 0.00%) 
[NR-eGR] Metal11 (11)         0( 0.00%)   ( 0.00%) 
[NR-eGR] ----------------------------------------------
[NR-eGR]        Total         3( 0.02%)   ( 0.02%) 
[NR-eGR] 
[NR-eGR] Overflow after Early Global Route 0.00% H + 0.06% V
[NR-eGR] Connected 0 must-join pins/ports (post-process)
[NR-eGR] Total eGR-routed clock nets wire length: 357um, number of vias: 233
[NR-eGR] --------------------------------------------------------------------------
[NR-eGR]                  Length (um)  Vias 
[NR-eGR] -----------------------------------
[NR-eGR]  Metal1   (1H)             0  1842 
[NR-eGR]  Metal2   (2V)          2835  2655 
[NR-eGR]  Metal3   (3H)          2919    89 
[NR-eGR]  Metal4   (4V)           616    46 
[NR-eGR]  Metal5   (5H)           300    42 
[NR-eGR]  Metal6   (6V)            51    29 
[NR-eGR]  Metal7   (7H)             9    23 
[NR-eGR]  Metal8   (8V)            94    18 
[NR-eGR]  Metal9   (9H)           107     6 
[NR-eGR]  Metal10  (10V)            4     2 
[NR-eGR]  Metal11  (11H)           13     0 
[NR-eGR] -----------------------------------
[NR-eGR]           Total         6948  4752 
[NR-eGR] --------------------------------------------------------------------------
[NR-eGR] Total half perimeter of net bounding box: 5956um
[NR-eGR] Total length: 6948um, number of vias: 4752
[NR-eGR] --------------------------------------------------------------------------
[NR-eGR] Finished Early Global Route kernel ( CPU: 0.12 sec, Real: 0.15 sec, Curr Mem: 2.64 MB )
[NR-eGR] Finished Early Global Route ( CPU: 0.12 sec, Real: 0.15 sec, Curr Mem: 2.64 MB )
Extraction called for design 'aer_tx16_trad_rowcol_fovea_cluster2_steal_buf_polarity' of instances=544 and nets=580 using extraction engine 'preRoute' .
PreRoute RC Extraction called for design aer_tx16_trad_rowcol_fovea_cluster2_steal_buf_polarity.
RC Extraction called in multi-corner(1) mode.
**WARN: (IMPEXT-6197):	The Cap table file is not specified. This will result in lower parasitic accuracy when using preRoute extraction or postRoute extraction with effort level 'low'. It is recommended to generate the Cap table file using the 'generateCapTbl' command and specify it before extraction using 'create_rc_corner/update_rc_corner -cap_table'.
Type 'man IMPEXT-6197' for more detail.
RCMode: PreRoute
      RC Corner Indexes            0   
Capacitance Scaling Factor   : 1.00000 
Resistance Scaling Factor    : 1.00000 
Clock Cap. Scaling Factor    : 1.00000 
Clock Res. Scaling Factor    : 1.00000 
Shrink Factor                : 1.00000
PreRoute extraction is honoring NDR/Shielding/ExtraSpace for clock nets.
Updating RC Grid density data for preRoute extraction ...
Initializing multi-corner resistance tables ...
PreRoute RC Extraction DONE (CPU Time: 0:00:00.0  Real Time: 0:00:00.0  MEM: 2812.859M)
Starting delay calculation for Setup views
AAE_INFO: opIsDesignInPostRouteState() is 0
#################################################################################
# Design Stage: PreRoute
# Design Name: aer_tx16_trad_rowcol_fovea_cluster2_steal_buf_polarity
# Design Mode: 45nm
# Analysis Mode: MMMC Non-OCV 
# Parasitics Mode: No SPEF/RCDB 
# Signoff Settings: SI Off 
#################################################################################
Calculate delays in Single mode...
Start delay calculation (fullDC) (1 T). (MEM=2133.25)
siFlow : Timing analysis mode is single, using late cdB files
**WARN: (IMPEXT-2882):	Unable to find the resistance for via 'M2_M1_HV' in Cap table or LEF or OA files. The default value of 4.0 ohms is being assigned. To avoid this, check the Cap table and LEF and OA files, provide the resistance and read the files again.
**WARN: (IMPEXT-2882):	Unable to find the resistance for via 'M3_M2_VH' in Cap table or LEF or OA files. The default value of 4.0 ohms is being assigned. To avoid this, check the Cap table and LEF and OA files, provide the resistance and read the files again.
**WARN: (IMPEXT-2882):	Unable to find the resistance for via 'M4_M3_HV' in Cap table or LEF or OA files. The default value of 4.0 ohms is being assigned. To avoid this, check the Cap table and LEF and OA files, provide the resistance and read the files again.
**WARN: (IMPEXT-2882):	Unable to find the resistance for via 'M5_M4_VH' in Cap table or LEF or OA files. The default value of 4.0 ohms is being assigned. To avoid this, check the Cap table and LEF and OA files, provide the resistance and read the files again.
**WARN: (IMPEXT-2882):	Unable to find the resistance for via 'M6_M5_HV' in Cap table or LEF or OA files. The default value of 4.0 ohms is being assigned. To avoid this, check the Cap table and LEF and OA files, provide the resistance and read the files again.
**WARN: (IMPEXT-2882):	Unable to find the resistance for via 'M7_M6_HV' in Cap table or LEF or OA files. The default value of 4.0 ohms is being assigned. To avoid this, check the Cap table and LEF and OA files, provide the resistance and read the files again.
**WARN: (IMPEXT-2882):	Unable to find the resistance for via 'M8_M7_HV' in Cap table or LEF or OA files. The default value of 4.0 ohms is being assigned. To avoid this, check the Cap table and LEF and OA files, provide the resistance and read the files again.
**WARN: (IMPEXT-2882):	Unable to find the resistance for via 'M9_M8_HV' in Cap table or LEF or OA files. The default value of 4.0 ohms is being assigned. To avoid this, check the Cap table and LEF and OA files, provide the resistance and read the files again.
**WARN: (IMPEXT-2882):	Unable to find the resistance for via 'M10_M9_HV' in Cap table or LEF or OA files. The default value of 4.0 ohms is being assigned. To avoid this, check the Cap table and LEF and OA files, provide the resistance and read the files again.
**WARN: (IMPEXT-2882):	Unable to find the resistance for via 'M11_M10_VH' in Cap table or LEF or OA files. The default value of 4.0 ohms is being assigned. To avoid this, check the Cap table and LEF and OA files, provide the resistance and read the files again.
Total number of fetched objects 578
End delay calculation. (MEM=2150.73 CPU=0:00:00.1 REAL=0:00:00.0)
End delay calculation (fullDC). (MEM=2144.28 CPU=0:00:00.5 REAL=0:00:00.0)
*** Done Building Timing Graph (cpu=0:00:01.0 real=0:00:02.0 totSessionCpu=0:00:43.5 mem=2859.5M)

OptSummary:

------------------------------------------------------------------
             Initial Summary
------------------------------------------------------------------

Setup views included:
 view_slow 

+--------------------+---------+
|     Setup mode     |   all   |
+--------------------+---------+
|           WNS (ns):| -0.590  |
|           TNS (ns):| -11.805 |
|    Violating Paths:|   32    |
|          All Paths:|   136   |
+--------------------+---------+

+----------------+-------------------------------+------------------+
|                |              Real             |       Total      |
|    DRVs        +------------------+------------+------------------|
|                |  Nr nets(terms)  | Worst Vio  |  Nr nets(terms)  |
+----------------+------------------+------------+------------------+
|   max_cap      |      0 (0)       |   0.000    |      0 (0)       |
|   max_tran     |     70 (208)     |   -0.333   |     70 (208)     |
|   max_fanout   |      0 (0)       |     0      |      0 (0)       |
|   max_length   |      0 (0)       |     0      |      0 (0)       |
+----------------+------------------+------------+------------------+

Density: 49.911%
------------------------------------------------------------------
**optDesign ... cpu = 0:00:04, real = 0:00:24, mem = 2151.2M, totSessionCpu=0:00:44 **
*** InitOpt #1 [finish] (place_opt_design #1) : cpu/real = 0:00:04.6/0:00:24.2 (0.2), totSession cpu/real = 0:00:43.6/0:01:03.3 (0.7), mem = 2875.5M
** INFO : this run is activating medium effort placeOptDesign flow
*** ExcludedClockNetOpt #1 [begin] (place_opt_design #1) : totSession cpu/real = 0:00:43.7/0:01:03.4 (0.7), mem = 2875.5M
*** Starting optimizing excluded clock nets MEM= 2875.5M) ***
*info: No excluded clock nets to be optimized.
*** Finished optimizing excluded clock nets (CPU Time= 0:00:00.0  MEM= 2875.5M) ***
*** ExcludedClockNetOpt #1 [finish] (place_opt_design #1) : cpu/real = 0:00:00.0/0:00:00.0 (0.0), totSession cpu/real = 0:00:43.7/0:01:03.4 (0.7), mem = 2875.5M
The useful skew maximum allowed delay is: 0.3
*** SimplifyNetlist #1 [begin] (place_opt_design #1) : totSession cpu/real = 0:00:43.9/0:01:03.7 (0.7), mem = 2875.5M
Info: 1 clock net  excluded from IPO operation.

Footprint cell information for calculating maxBufDist
*info: There are 11 candidate Buffer cells
*info: There are 12 candidate Inverter cells

	CornerforLayerOpt timing analysis view view_slow has been selected for calibration 
	CornerforLayerOpt timing analysis view view_slow has been selected for calibration 

Netlist preparation processing... 
Removed 0 instance
*info: Marking 0 isolation instances dont touch
*info: Marking 0 level shifter instances dont touch
*** SimplifyNetlist #1 [finish] (place_opt_design #1) : cpu/real = 0:00:01.4/0:00:01.5 (1.0), totSession cpu/real = 0:00:45.3/0:01:05.1 (0.7), mem = 2966.5M
Running new flow changes for HFN
Begin: GigaOpt high fanout net optimization
*** DrvOpt #1 [begin] (place_opt_design #1) : totSession cpu/real = 0:00:45.5/0:01:05.3 (0.7), mem = 2966.5M
Info: 1 clock net  excluded from IPO operation.
	CornerforLayerOpt timing analysis view view_slow has been selected for calibration 
	CornerforLayerOpt timing analysis view view_slow has been selected for calibration 
	CornerforLayerOpt timing analysis view view_slow has been selected for calibration 
	CornerforLayerOpt timing analysis view view_slow has been selected for calibration 
*** DrvOpt #1 [finish] (place_opt_design #1) : cpu/real = 0:00:00.3/0:00:00.3 (1.0), totSession cpu/real = 0:00:45.7/0:01:05.5 (0.7), mem = 2966.5M
End: GigaOpt high fanout net optimization
Begin: GigaOpt DRV Optimization
*** DrvOpt #2 [begin] (place_opt_design #1) : totSession cpu/real = 0:00:45.9/0:01:05.7 (0.7), mem = 2966.5M
Info: 1 clock net  excluded from IPO operation.
	CornerforLayerOpt timing analysis view view_slow has been selected for calibration 
	CornerforLayerOpt timing analysis view view_slow has been selected for calibration 
	CornerforLayerOpt timing analysis view view_slow has been selected for calibration 
	CornerforLayerOpt timing analysis view view_slow has been selected for calibration 
+-------------------------------------------------------------------------------------------------------------------------------------------------------+
|        max-tran       |        max-cap        |  max-fanout |  max-length |       setup       |        |        |        |       |          |         |
+-------------------------------------------------------------------------------------------------------------------------------------------------------+
| nets | terms|  wViol  | nets | terms|  wViol  | nets | terms| nets | terms|   WNS   |   TNS   |  #Buf  |  #Inv  | #Resize|Density|   Real   |   Mem   |
+-------------------------------------------------------------------------------------------------------------------------------------------------------+
|    81|   256|    -0.39|     0|     0|     0.00|     0|     0|     0|     0|    -0.59|   -11.80|       0|       0|       0| 49.91%|          |         |
|     0|     0|     0.00|     0|     0|     0.00|     0|     0|     0|     0|     0.34|     0.00|      53|       0|      30| 54.84%| 0:00:01.0|  2984.5M|
|     0|     0|     0.00|     0|     0|     0.00|     0|     0|     0|     0|     0.34|     0.00|       0|       0|       0| 54.84%| 0:00:00.0|  2984.5M|
+-------------------------------------------------------------------------------------------------------------------------------------------------------+
Bottom Preferred Layer:
    None
Via Pillar Rule:
    None

*** Finish DRV Fixing (cpu=0:00:00.5 real=0:00:01.0 mem=2984.5M) ***

*** DrvOpt #2 [finish] (place_opt_design #1) : cpu/real = 0:00:01.3/0:00:01.4 (1.0), totSession cpu/real = 0:00:47.2/0:01:07.1 (0.7), mem = 2984.5M
End: GigaOpt DRV Optimization
**optDesign ... cpu = 0:00:08, real = 0:00:28, mem = 2178.7M, totSessionCpu=0:00:47 **

Active setup views:
 view_slow
  Dominating endpoints: 0
  Dominating TNS: -0.000

Begin: GigaOpt Global Optimization
*info: use new DP (enabled)
Info: 1 clock net  excluded from IPO operation.
*** GlobalOpt #1 [begin] (place_opt_design #1) : totSession cpu/real = 0:00:47.5/0:01:07.4 (0.7), mem = 2984.5M
*info: 1 clock net excluded
** GigaOpt Global Opt WNS Slack 0.000  TNS Slack 0.000 
+--------+--------+---------+------------+--------+----------+---------+-------------------------------+
|  WNS   |  TNS   | Density |    Real    |  Mem   |Worst View|Pathgroup|           End Point           |
+--------+--------+---------+------------+--------+----------+---------+-------------------------------+
|   0.000|   0.000|   54.84%|   0:00:00.0| 2984.5M| view_slow|       NA| NA                            |
+--------+--------+---------+------------+--------+----------+---------+-------------------------------+

*** Finish pre-CTS Global Setup Fixing (cpu=0:00:00.0 real=0:00:00.0 mem=2984.5M) ***

*** Finish pre-CTS Setup Fixing (cpu=0:00:00.0 real=0:00:00.0 mem=2984.5M) ***
Bottom Preferred Layer:
    None
Via Pillar Rule:
    None
** GigaOpt Global Opt End WNS Slack 0.000  TNS Slack 0.000 
*** GlobalOpt #1 [finish] (place_opt_design #1) : cpu/real = 0:00:00.8/0:00:00.8 (1.0), totSession cpu/real = 0:00:48.3/0:01:08.2 (0.7), mem = 2984.5M
End: GigaOpt Global Optimization
*** Timing Is met
*** Check timing (0:00:00.0)
Info: 1 clock net  excluded from IPO operation.
Begin: Area Reclaim Optimization
*** AreaOpt #1 [begin] (place_opt_design #1) : totSession cpu/real = 0:00:48.6/0:01:08.5 (0.7), mem = 2984.5M
Reclaim Optimization WNS Slack 0.000  TNS Slack 0.000 Density 54.84
+---------+---------+--------+--------+------------+--------+
| Density | Commits |  WNS   |  TNS   |    Real    |  Mem   |
+---------+---------+--------+--------+------------+--------+
|   54.84%|        -|   0.000|   0.000|   0:00:00.0| 2984.5M|
|   54.84%|        0|   0.000|   0.000|   0:00:00.0| 2984.5M|
|   54.84%|        0|   0.000|   0.000|   0:00:00.0| 2984.5M|
|   54.84%|        0|   0.000|   0.000|   0:00:00.0| 2984.5M|
|   54.38%|       11|   0.000|   0.000|   0:00:00.0| 2984.5M|
|   54.38%|        0|   0.000|   0.000|   0:00:00.0| 2984.5M|
|   54.38%|        0|   0.000|   0.000|   0:00:00.0| 2984.5M|
+---------+---------+--------+--------+------------+--------+
Reclaim Optimization End WNS Slack 0.000  TNS Slack 0.000 Density 54.38
Bottom Preferred Layer:
    None
Via Pillar Rule:
    None

Number of times islegalLocAvaiable called = 0 skipped = 0, called in commitmove = 0, skipped in commitmove = 0
End: Core Area Reclaim Optimization (cpu = 0:00:00.8) (real = 0:00:01.0) **
*** AreaOpt #1 [finish] (place_opt_design #1) : cpu/real = 0:00:00.8/0:00:00.9 (1.0), totSession cpu/real = 0:00:49.4/0:01:09.3 (0.7), mem = 2984.5M
Executing incremental physical updates
Executing incremental physical updates
End: Area Reclaim Optimization (cpu=0:00:01, real=0:00:01, mem=2984.54M, totSessionCpu=0:00:49).
*** IncrReplace #1 [begin] (place_opt_design #1) : totSession cpu/real = 0:00:49.6/0:01:09.5 (0.7), mem = 2984.5M

*** Start incrementalPlace ***
No Views given, use default active views for adaptive view pruning
Active views:
  view_slow
Max route layer is changed from 127 to 11 because there is no routing track above this layer
Max route layer is changed from 127 to 11 because there is no routing track above this layer
[NR-eGR] Started Early Global Route kernel ( Curr Mem: 2.79 MB )
[NR-eGR] Early global route reroute all routable nets
[NR-eGR] Track table information for default rule: 
[NR-eGR] Metal1 has single uniform track structure
[NR-eGR] Metal2 has single uniform track structure
[NR-eGR] Metal3 has single uniform track structure
[NR-eGR] Metal4 has single uniform track structure
[NR-eGR] Metal5 has single uniform track structure
[NR-eGR] Metal6 has single uniform track structure
[NR-eGR] Metal7 has single uniform track structure
[NR-eGR] Metal8 has single uniform track structure
[NR-eGR] Metal9 has single uniform track structure
[NR-eGR] Metal10 has single uniform track structure
[NR-eGR] Metal11 has single uniform track structure
[NR-eGR] Read 662 PG shapes
[NR-eGR] Read 0 clock shapes
[NR-eGR] Read 0 other shapes
[NR-eGR] #Routing Blockages  : 0
[NR-eGR] #Bump Blockages     : 0
[NR-eGR] #Instance Blockages : 0
[NR-eGR] #PG Blockages       : 662
[NR-eGR] #Halo Blockages     : 0
[NR-eGR] #Boundary Blockages : 0
[NR-eGR] #Clock Blockages    : 0
[NR-eGR] #Other Blockages    : 0
[NR-eGR] #prerouted nets         : 0
[NR-eGR] #prerouted special nets : 0
[NR-eGR] #prerouted wires        : 0
[NR-eGR] Read 631 nets ( ignored 0 )
[NR-eGR] There are 1 clock nets ( 0 with NDR ).
[NR-eGR] ============ Routing rule table ============
[NR-eGR] Rule id: 0  Rule name: (Default)  Nets: 631
[NR-eGR] ========================================
[NR-eGR] 
[NR-eGR] Layer group 1: route 631 net(s) in layer range [2, 11]
[NR-eGR] Early Global Route overflow of layer group 1: 0.00% H + 0.09% V. EstWL: 6.527070e+03um
[NR-eGR] Congestion Analysis By layer: (blocked Gcells are excluded) 
[NR-eGR]                        OverCon            
[NR-eGR]                         #Gcell     %Gcell
[NR-eGR]        Layer               (1)    OverCon
[NR-eGR] ----------------------------------------------
[NR-eGR]  Metal1 ( 1)         0( 0.00%)   ( 0.00%) 
[NR-eGR]  Metal2 ( 2)         0( 0.00%)   ( 0.00%) 
[NR-eGR]  Metal3 ( 3)         0( 0.00%)   ( 0.00%) 
[NR-eGR]  Metal4 ( 4)         0( 0.00%)   ( 0.00%) 
[NR-eGR]  Metal5 ( 5)         0( 0.00%)   ( 0.00%) 
[NR-eGR]  Metal6 ( 6)         1( 0.07%)   ( 0.07%) 
[NR-eGR]  Metal7 ( 7)         0( 0.00%)   ( 0.00%) 
[NR-eGR]  Metal8 ( 8)         0( 0.00%)   ( 0.00%) 
[NR-eGR]  Metal9 ( 9)         0( 0.00%)   ( 0.00%) 
[NR-eGR] Metal10 (10)         0( 0.00%)   ( 0.00%) 
[NR-eGR] Metal11 (11)         0( 0.00%)   ( 0.00%) 
[NR-eGR] ----------------------------------------------
[NR-eGR]        Total         1( 0.01%)   ( 0.01%) 
[NR-eGR] 
[NR-eGR] Overflow after Early Global Route 0.00% H + 0.00% V
[NR-eGR] Finished Early Global Route kernel ( CPU: 0.05 sec, Real: 0.06 sec, Curr Mem: 2.79 MB )
Early Global Route congestion estimation runtime: 0.07 seconds, mem = 2984.5M
Local HotSpot Analysis: normalized max congestion hotspot area = 0.00, normalized total congestion hotspot area = 0.00 (area is in unit of 4 std-cell row bins)

=== incrementalPlace Internal Loop 1 ===
      flow.cputime  flow.realtime  timing.setup.tns  timing.setup.wns  snapshot
UM:*                                                                   incrNP_iter_start
[spp] 0
*** Finished SKP initialization (cpu=0:00:00.1, real=0:00:00.0)***
SKP will use view:
  view_slow
Iteration  4: Total net bbox = 4.677e+03 (2.27e+03 2.40e+03)
              Est.  stn bbox = 5.102e+03 (2.47e+03 2.63e+03)
              cpu = 0:00:00.1 real = 0:00:00.0 mem = 3000.5M
Iteration  5: Total net bbox = 4.672e+03 (2.28e+03 2.39e+03)
              Est.  stn bbox = 5.109e+03 (2.48e+03 2.63e+03)
              cpu = 0:00:00.1 real = 0:00:00.0 mem = 2984.5M
Iteration  6: Total net bbox = 4.756e+03 (2.31e+03 2.44e+03)
              Est.  stn bbox = 5.211e+03 (2.52e+03 2.69e+03)
              cpu = 0:00:00.2 real = 0:00:00.0 mem = 2984.5M
Iteration  7: Total net bbox = 5.147e+03 (2.53e+03 2.62e+03)
              Est.  stn bbox = 5.613e+03 (2.75e+03 2.86e+03)
              cpu = 0:00:00.3 real = 0:00:01.0 mem = 2984.5M
Iteration  8: Total net bbox = 5.098e+03 (2.51e+03 2.59e+03)
              Est.  stn bbox = 5.542e+03 (2.71e+03 2.83e+03)
              cpu = 0:00:00.3 real = 0:00:00.0 mem = 3000.5M
Move report: Timing Driven Placement moves 597 insts, mean move: 5.63 um, max move: 20.19 um 
	Max move on inst (pending_cnt_reg[7][0]): (53.60, 13.49) --> (41.96, 22.04)

Finished Incremental Placement (cpu=0:00:01.3, real=0:00:02.0, mem=2984.5M)
Begin: Reorder Scan Chains
**WARN: (IMPSP-9025):	No scan chain specified/traced.
Type 'man IMPSP-9025' for more detail.
End: Reorder Scan Chains
*** Starting refinePlace (0:00:51.2 mem=2984.5M) ***
Total net bbox length = 5.290e+03 (2.612e+03 2.679e+03) (ext = 1.851e+03)
Max route layer is changed from 127 to 11 because there is no routing track above this layer
Max route layer is changed from 127 to 11 because there is no routing track above this layer
Max route layer is changed from 127 to 11 because there is no routing track above this layer
Max route layer is changed from 127 to 11 because there is no routing track above this layer
Move report: Detail placement moves 597 insts, mean move: 0.08 um, max move: 1.02 um 
	Max move on inst (g12473__8246): (25.05, 34.48) --> (25.60, 34.01)
	Runtime: CPU: 0:00:00.1 REAL: 0:00:00.0 MEM: 2952.5MB
Summary Report:
Instances move: 597 (out of 597 movable)
Instances flipped: 0
Mean displacement: 0.08 um
Max displacement: 1.02 um (Instance: g12473__8246) (25.046, 34.477) -> (25.6, 34.01)
	Length: 3 sites, height: 1 rows, site name: CoreSite, cell type: NAND2X1
Physical-only instances move: 0 (out of 0 movable physical-only)
Total net bbox length = 5.312e+03 (2.626e+03 2.686e+03) (ext = 1.854e+03)
Runtime: CPU: 0:00:00.1 REAL: 0:00:00.0 MEM: 2952.5MB
*** Finished refinePlace (0:00:51.3 mem=2952.5M) ***
Max route layer is changed from 127 to 11 because there is no routing track above this layer
Max route layer is changed from 127 to 11 because there is no routing track above this layer
[NR-eGR] Early global route reroute all routable nets
[NR-eGR] Track table information for default rule: 
[NR-eGR] Metal1 has single uniform track structure
[NR-eGR] Metal2 has single uniform track structure
[NR-eGR] Metal3 has single uniform track structure
[NR-eGR] Metal4 has single uniform track structure
[NR-eGR] Metal5 has single uniform track structure
[NR-eGR] Metal6 has single uniform track structure
[NR-eGR] Metal7 has single uniform track structure
[NR-eGR] Metal8 has single uniform track structure
[NR-eGR] Metal9 has single uniform track structure
[NR-eGR] Metal10 has single uniform track structure
[NR-eGR] Metal11 has single uniform track structure
[NR-eGR] Read 0 clock shapes
[NR-eGR] Read 0 other shapes
[NR-eGR] #Routing Blockages  : 0
[NR-eGR] #Bump Blockages     : 0
[NR-eGR] #Instance Blockages : 0
[NR-eGR] #PG Blockages       : 662
[NR-eGR] #Halo Blockages     : 0
[NR-eGR] #Boundary Blockages : 0
[NR-eGR] #Clock Blockages    : 0
[NR-eGR] #Other Blockages    : 0
[NR-eGR] #prerouted nets         : 0
[NR-eGR] #prerouted special nets : 0
[NR-eGR] #prerouted wires        : 0
[NR-eGR] Read 631 nets ( ignored 0 )
[NR-eGR] There are 1 clock nets ( 0 with NDR ).
[NR-eGR] ============ Routing rule table ============
[NR-eGR] Rule id: 0  Rule name: (Default)  Nets: 631
[NR-eGR] ========================================
[NR-eGR] 
[NR-eGR] Layer group 1: route 631 net(s) in layer range [2, 11]
[NR-eGR] Early Global Route overflow of layer group 1: 0.00% H + 0.20% V. EstWL: 5.603670e+03um
[NR-eGR] Congestion Analysis By layer: (blocked Gcells are excluded) 
[NR-eGR]                        OverCon            
[NR-eGR]                         #Gcell     %Gcell
[NR-eGR]        Layer               (1)    OverCon
[NR-eGR] ----------------------------------------------
[NR-eGR]  Metal1 ( 1)         0( 0.00%)   ( 0.00%) 
[NR-eGR]  Metal2 ( 2)         0( 0.00%)   ( 0.00%) 
[NR-eGR]  Metal3 ( 3)         0( 0.00%)   ( 0.00%) 
[NR-eGR]  Metal4 ( 4)         1( 0.07%)   ( 0.07%) 
[NR-eGR]  Metal5 ( 5)         0( 0.00%)   ( 0.00%) 
[NR-eGR]  Metal6 ( 6)         2( 0.13%)   ( 0.13%) 
[NR-eGR]  Metal7 ( 7)         0( 0.00%)   ( 0.00%) 
[NR-eGR]  Metal8 ( 8)         1( 0.07%)   ( 0.07%) 
[NR-eGR]  Metal9 ( 9)         0( 0.00%)   ( 0.00%) 
[NR-eGR] Metal10 (10)         0( 0.00%)   ( 0.00%) 
[NR-eGR] Metal11 (11)         0( 0.00%)   ( 0.00%) 
[NR-eGR] ----------------------------------------------
[NR-eGR]        Total         4( 0.03%)   ( 0.03%) 
[NR-eGR] 
[NR-eGR] Overflow after Early Global Route 0.00% H + 0.13% V
[NR-eGR] Finished Early Global Route kernel ( CPU: 0.05 sec, Real: 0.05 sec, Curr Mem: 2.77 MB )
Early Global Route congestion estimation runtime: 0.06 seconds, mem = 2952.5M
Local HotSpot Analysis: normalized max congestion hotspot area = 0.00, normalized total congestion hotspot area = 0.00 (area is in unit of 4 std-cell row bins)
[NR-eGR] Connected 0 must-join pins/ports (post-process)
[NR-eGR] Total eGR-routed clock nets wire length: 322um, number of vias: 241
[NR-eGR] --------------------------------------------------------------------------
[NR-eGR]                  Length (um)  Vias 
[NR-eGR] -----------------------------------
[NR-eGR]  Metal1   (1H)             0  1948 
[NR-eGR]  Metal2   (2V)          2209  2664 
[NR-eGR]  Metal3   (3H)          2512   170 
[NR-eGR]  Metal4   (4V)           912    53 
[NR-eGR]  Metal5   (5H)           252    39 
[NR-eGR]  Metal6   (6V)            47    30 
[NR-eGR]  Metal7   (7H)             9    24 
[NR-eGR]  Metal8   (8V)            66    15 
[NR-eGR]  Metal9   (9H)           143     6 
[NR-eGR]  Metal10  (10V)            3     2 
[NR-eGR]  Metal11  (11H)           13     0 
[NR-eGR] -----------------------------------
[NR-eGR]           Total         6166  4951 
[NR-eGR] --------------------------------------------------------------------------
[NR-eGR] Total half perimeter of net bounding box: 5312um
[NR-eGR] Total length: 6166um, number of vias: 4951
[NR-eGR] --------------------------------------------------------------------------
Max route layer is changed from 127 to 11 because there is no routing track above this layer
Early Global Route wiring runtime: 0.20 seconds, mem = 2951.0M
[hotspot] +------------+---------------+---------------+
[hotspot] |            |   max hotspot | total hotspot |
[hotspot] +------------+---------------+---------------+
[hotspot] | normalized |          0.00 |          0.00 |
[hotspot] +------------+---------------+---------------+
Local HotSpot Analysis: normalized max congestion hotspot area = 0.00, normalized total congestion hotspot area = 0.00 (area is in unit of 4 std-cell row bins)
[hotspot] Hotspot report including placement blocked areas
[hotspot] +------------+---------------+---------------+
[hotspot] |            |   max hotspot | total hotspot |
[hotspot] +------------+---------------+---------------+
[hotspot] | normalized |          0.00 |          0.00 |
[hotspot] +------------+---------------+---------------+
Local HotSpot Analysis (blockage included): normalized max congestion hotspot area = 0.00, normalized total congestion hotspot area = 0.00 (area is in unit of 4 std-cell row bins)
0 delay mode for cte disabled.

*** Finished incrementalPlace (cpu=0:00:02.0, real=0:00:02.0)***
Start to check current routing status for nets...
All nets are already routed correctly.
End to check current routing status for nets (mem=2951.0M)
Extraction called for design 'aer_tx16_trad_rowcol_fovea_cluster2_steal_buf_polarity' of instances=597 and nets=633 using extraction engine 'preRoute' .
PreRoute RC Extraction called for design aer_tx16_trad_rowcol_fovea_cluster2_steal_buf_polarity.
RC Extraction called in multi-corner(1) mode.
**WARN: (IMPEXT-6197):	The Cap table file is not specified. This will result in lower parasitic accuracy when using preRoute extraction or postRoute extraction with effort level 'low'. It is recommended to generate the Cap table file using the 'generateCapTbl' command and specify it before extraction using 'create_rc_corner/update_rc_corner -cap_table'.
Type 'man IMPEXT-6197' for more detail.
RCMode: PreRoute
      RC Corner Indexes            0   
Capacitance Scaling Factor   : 1.00000 
Resistance Scaling Factor    : 1.00000 
Clock Cap. Scaling Factor    : 1.00000 
Clock Res. Scaling Factor    : 1.00000 
Shrink Factor                : 1.00000
PreRoute extraction is honoring NDR/Shielding/ExtraSpace for clock nets.
Updating RC Grid density data for preRoute extraction ...
Initializing multi-corner resistance tables ...
PreRoute RC Extraction DONE (CPU Time: 0:00:00.0  Real Time: 0:00:00.0  MEM: 2951.016M)
**optDesign ... cpu = 0:00:13, real = 0:00:32, mem = 2169.8M, totSessionCpu=0:00:52 **
Starting delay calculation for Setup views
AAE_INFO: opIsDesignInPostRouteState() is 0
#################################################################################
# Design Stage: PreRoute
# Design Name: aer_tx16_trad_rowcol_fovea_cluster2_steal_buf_polarity
# Design Mode: 45nm
# Analysis Mode: MMMC Non-OCV 
# Parasitics Mode: No SPEF/RCDB 
# Signoff Settings: SI Off 
#################################################################################
Calculate delays in Single mode...
Start delay calculation (fullDC) (1 T). (MEM=2190.43)
Total number of fetched objects 631
End delay calculation. (MEM=2205.54 CPU=0:00:00.1 REAL=0:00:00.0)
End delay calculation (fullDC). (MEM=2205.54 CPU=0:00:00.2 REAL=0:00:00.0)
*** Done Building Timing Graph (cpu=0:00:00.6 real=0:00:01.0 totSessionCpu=0:00:52.3 mem=2934.5M)
*** IncrReplace #1 [finish] (place_opt_design #1) : cpu/real = 0:00:03.0/0:00:03.6 (0.8), totSession cpu/real = 0:00:52.6/0:01:13.1 (0.7), mem = 2942.5M
Begin: GigaOpt DRV Optimization
*** DrvOpt #3 [begin] (place_opt_design #1) : totSession cpu/real = 0:00:52.6/0:01:13.2 (0.7), mem = 2958.5M
Info: 1 clock net  excluded from IPO operation.
	CornerforLayerOpt timing analysis view view_slow has been selected for calibration 
	CornerforLayerOpt timing analysis view view_slow has been selected for calibration 
	CornerforLayerOpt timing analysis view view_slow has been selected for calibration 
	CornerforLayerOpt timing analysis view view_slow has been selected for calibration 
+-------------------------------------------------------------------------------------------------------------------------------------------------------+
|        max-tran       |        max-cap        |  max-fanout |  max-length |       setup       |        |        |        |       |          |         |
+-------------------------------------------------------------------------------------------------------------------------------------------------------+
| nets | terms|  wViol  | nets | terms|  wViol  | nets | terms| nets | terms|   WNS   |   TNS   |  #Buf  |  #Inv  | #Resize|Density|   Real   |   Mem   |
+-------------------------------------------------------------------------------------------------------------------------------------------------------+
|    11|    22|    -0.14|     0|     0|     0.00|     0|     0|     0|     0|     0.18|     0.00|       0|       0|       0| 54.38%|          |         |
|     0|     0|     0.00|     0|     0|     0.00|     0|     0|     0|     0|     0.37|     0.00|      10|       0|       1| 55.14%| 0:00:01.0|  2968.5M|
|     0|     0|     0.00|     0|     0|     0.00|     0|     0|     0|     0|     0.37|     0.00|       0|       0|       0| 55.14%| 0:00:00.0|  2968.5M|
+-------------------------------------------------------------------------------------------------------------------------------------------------------+
Bottom Preferred Layer:
    None
Via Pillar Rule:
    None

*** Finish DRV Fixing (cpu=0:00:00.1 real=0:00:01.0 mem=2968.5M) ***

*** DrvOpt #3 [finish] (place_opt_design #1) : cpu/real = 0:00:00.9/0:00:00.9 (1.0), totSession cpu/real = 0:00:53.5/0:01:14.1 (0.7), mem = 2968.5M
End: GigaOpt DRV Optimization

OptSummary:

------------------------------------------------------------------
     Summary (cpu=0.02min real=0.02min mem=2968.5M)
------------------------------------------------------------------

Setup views included:
 view_slow 

+--------------------+---------+---------+---------+
|     Setup mode     |   all   | reg2reg | default |
+--------------------+---------+---------+---------+
|           WNS (ns):|  0.371  |  0.371  |  2.306  |
|           TNS (ns):|  0.000  |  0.000  |  0.000  |
|    Violating Paths:|    0    |    0    |    0    |
|          All Paths:|   136   |   93    |   131   |
+--------------------+---------+---------+---------+

+----------------+-------------------------------+------------------+
|                |              Real             |       Total      |
|    DRVs        +------------------+------------+------------------|
|                |  Nr nets(terms)  | Worst Vio  |  Nr nets(terms)  |
+----------------+------------------+------------+------------------+
|   max_cap      |      0 (0)       |   0.000    |      0 (0)       |
|   max_tran     |      0 (0)       |   0.000    |      0 (0)       |
|   max_fanout   |      0 (0)       |     0      |      0 (0)       |
|   max_length   |      0 (0)       |     0      |      0 (0)       |
+----------------+------------------+------------+------------------+

Density: 55.136%
Routing Overflow: 0.00% H and 0.13% V
------------------------------------------------------------------
**optDesign ... cpu = 0:00:15, real = 0:00:35, mem = 2207.6M, totSessionCpu=0:00:54 **
*** Timing Is met
*** Check timing (0:00:00.0)
*** Timing Is met
*** Check timing (0:00:00.0)
*** Timing Is met
*** Check timing (0:00:00.0)
Info: 1 clock net  excluded from IPO operation.
Begin: Area Reclaim Optimization
*** AreaOpt #2 [begin] (place_opt_design #1) : totSession cpu/real = 0:00:54.0/0:01:14.7 (0.7), mem = 2968.5M
Reclaim Optimization WNS Slack 0.000  TNS Slack 0.000 Density 55.14
+---------+---------+--------+--------+------------+--------+
| Density | Commits |  WNS   |  TNS   |    Real    |  Mem   |
+---------+---------+--------+--------+------------+--------+
|   55.14%|        -|   0.000|   0.000|   0:00:00.0| 2968.5M|
|   54.06%|       20|   0.000|   0.000|   0:00:01.0| 2976.5M|
+---------+---------+--------+--------+------------+--------+
Reclaim Optimization End WNS Slack 0.000  TNS Slack 0.000 Density 54.06
Bottom Preferred Layer:
    None
Via Pillar Rule:
    None

Number of times islegalLocAvaiable called = 0 skipped = 0, called in commitmove = 0, skipped in commitmove = 0
End: Core Area Reclaim Optimization (cpu = 0:00:00.9) (real = 0:00:01.0) **
*** AreaOpt #2 [finish] (place_opt_design #1) : cpu/real = 0:00:00.9/0:00:00.9 (1.0), totSession cpu/real = 0:00:54.9/0:01:15.6 (0.7), mem = 2976.5M
End: Area Reclaim Optimization (cpu=0:00:01, real=0:00:01, mem=2976.54M, totSessionCpu=0:00:55).
Info: 1 clock net  excluded from IPO operation.
Begin: Area Reclaim Optimization
*** AreaOpt #3 [begin] (place_opt_design #1) : totSession cpu/real = 0:00:55.2/0:01:15.8 (0.7), mem = 2976.5M
Reclaim Optimization WNS Slack 0.000  TNS Slack 0.000 Density 54.06
+---------+---------+--------+--------+------------+--------+
| Density | Commits |  WNS   |  TNS   |    Real    |  Mem   |
+---------+---------+--------+--------+------------+--------+
|   54.06%|        -|   0.000|   0.000|   0:00:00.0| 2976.5M|
|   54.06%|        0|   0.000|   0.000|   0:00:00.0| 2976.5M|
|   54.00%|        2|   0.000|   0.000|   0:00:01.0| 2976.5M|
|   53.93%|        4|   0.000|   0.000|   0:00:00.0| 2976.5M|
|   53.93%|        0|   0.000|   0.000|   0:00:00.0| 2976.5M|
|   53.93%|        0|   0.000|   0.000|   0:00:00.0| 2976.5M|
+---------+---------+--------+--------+------------+--------+
Reclaim Optimization End WNS Slack 0.000  TNS Slack 0.000 Density 53.93
Bottom Preferred Layer:
    None
Via Pillar Rule:
    None

Number of times islegalLocAvaiable called = 0 skipped = 0, called in commitmove = 0, skipped in commitmove = 0
End: Core Area Reclaim Optimization (cpu = 0:00:00.3) (real = 0:00:01.0) **
*** Finished re-routing un-routed nets (2992.5M) ***

*** Finish Physical Update (cpu=0:00:00.0 real=0:00:00.0 mem=2992.5M) ***
*** AreaOpt #3 [finish] (place_opt_design #1) : cpu/real = 0:00:00.4/0:00:00.4 (1.0), totSession cpu/real = 0:00:55.5/0:01:16.2 (0.7), mem = 2992.5M
End: Area Reclaim Optimization (cpu=0:00:00, real=0:00:01, mem=2984.54M, totSessionCpu=0:00:56).
-opt_exp_set_preroute_early_power_reclaim_recovery_split_flow false
                                           # bool, default=false, private
Begin: GigaOpt postEco DRV Optimization
*** DrvOpt #4 [begin] (place_opt_design #1) : totSession cpu/real = 0:00:55.7/0:01:16.4 (0.7), mem = 2984.5M
Info: 1 clock net  excluded from IPO operation.
+-------------------------------------------------------------------------------------------------------------------------------------------------------+
|        max-tran       |        max-cap        |  max-fanout |  max-length |       setup       |        |        |        |       |          |         |
+-------------------------------------------------------------------------------------------------------------------------------------------------------+
| nets | terms|  wViol  | nets | terms|  wViol  | nets | terms| nets | terms|   WNS   |   TNS   |  #Buf  |  #Inv  | #Resize|Density|   Real   |   Mem   |
+-------------------------------------------------------------------------------------------------------------------------------------------------------+
|     0|     0|     0.00|     0|     0|     0.00|     0|     0|     0|     0|     0.48|     0.00|       0|       0|       0| 53.93%|          |         |
|     0|     0|     0.00|     0|     0|     0.00|     0|     0|     0|     0|     0.48|     0.00|       0|       0|       0| 53.93%| 0:00:00.0|  2984.5M|
+-------------------------------------------------------------------------------------------------------------------------------------------------------+
Bottom Preferred Layer:
    None
Via Pillar Rule:
    None

*** Finish DRV Fixing (cpu=0:00:00.0 real=0:00:00.0 mem=2984.5M) ***

*** DrvOpt #4 [finish] (place_opt_design #1) : cpu/real = 0:00:00.2/0:00:00.2 (1.0), totSession cpu/real = 0:00:55.9/0:01:16.6 (0.7), mem = 2984.5M
End: GigaOpt postEco DRV Optimization
**WARN: (IMPOPT-7329):	Skipping refinePlace due to user configuration.
Register exp ratio and priority group on 0 nets on 627 nets : 

Active setup views:
 view_slow
  Dominating endpoints: 0
  Dominating TNS: -0.000

Extraction called for design 'aer_tx16_trad_rowcol_fovea_cluster2_steal_buf_polarity' of instances=593 and nets=629 using extraction engine 'preRoute' .
PreRoute RC Extraction called for design aer_tx16_trad_rowcol_fovea_cluster2_steal_buf_polarity.
RC Extraction called in multi-corner(1) mode.
**WARN: (IMPEXT-6197):	The Cap table file is not specified. This will result in lower parasitic accuracy when using preRoute extraction or postRoute extraction with effort level 'low'. It is recommended to generate the Cap table file using the 'generateCapTbl' command and specify it before extraction using 'create_rc_corner/update_rc_corner -cap_table'.
Type 'man IMPEXT-6197' for more detail.
RCMode: PreRoute
      RC Corner Indexes            0   
Capacitance Scaling Factor   : 1.00000 
Resistance Scaling Factor    : 1.00000 
Clock Cap. Scaling Factor    : 1.00000 
Clock Res. Scaling Factor    : 1.00000 
Shrink Factor                : 1.00000
PreRoute extraction is honoring NDR/Shielding/ExtraSpace for clock nets.
Grid density data update skipped
Initializing multi-corner resistance tables ...
PreRoute RC Extraction DONE (CPU Time: 0:00:00.0  Real Time: 0:00:00.0  MEM: 2967.020M)
Skewing Data Summary (End_of_FINAL)

Skew summary for view view_slow:
* Accumulated skew : count = 0

Starting delay calculation for Setup views
AAE_INFO: opIsDesignInPostRouteState() is 0
#################################################################################
# Design Stage: PreRoute
# Design Name: aer_tx16_trad_rowcol_fovea_cluster2_steal_buf_polarity
# Design Mode: 45nm
# Analysis Mode: MMMC Non-OCV 
# Parasitics Mode: No SPEF/RCDB 
# Signoff Settings: SI Off 
#################################################################################
Calculate delays in Single mode...
Start delay calculation (fullDC) (1 T). (MEM=2197.91)
Total number of fetched objects 627
End delay calculation. (MEM=2207.49 CPU=0:00:00.1 REAL=0:00:00.0)
End delay calculation (fullDC). (MEM=2207.49 CPU=0:00:00.2 REAL=0:00:00.0)
*** Done Building Timing Graph (cpu=0:00:00.6 real=0:00:00.0 totSessionCpu=0:00:56.9 mem=2934.5M)
OPTC: user 20.0
Reported timing to dir ./timingReports
**optDesign ... cpu = 0:00:18, real = 0:00:38, mem = 2198.7M, totSessionCpu=0:00:57 **

OptSummary:

------------------------------------------------------------------
     optDesign Final Summary
------------------------------------------------------------------

Setup views included:
 view_slow 

+--------------------+---------+---------+---------+
|     Setup mode     |   all   | reg2reg | default |
+--------------------+---------+---------+---------+
|           WNS (ns):|  0.479  |  0.479  |  2.306  |
|           TNS (ns):|  0.000  |  0.000  |  0.000  |
|    Violating Paths:|    0    |    0    |    0    |
|          All Paths:|   136   |   93    |   131   |
+--------------------+---------+---------+---------+

+----------------+-------------------------------+------------------+
|                |              Real             |       Total      |
|    DRVs        +------------------+------------+------------------|
|                |  Nr nets(terms)  | Worst Vio  |  Nr nets(terms)  |
+----------------+------------------+------------+------------------+
|   max_cap      |      0 (0)       |   0.000    |      0 (0)       |
|   max_tran     |      0 (0)       |   0.000    |      0 (0)       |
|   max_fanout   |      0 (0)       |     0      |      0 (0)       |
|   max_length   |      0 (0)       |     0      |      0 (0)       |
+----------------+------------------+------------+------------------+

Density: 53.926%
Routing Overflow: 0.00% H and 0.13% V
------------------------------------------------------------------
Begin: Collecting metrics
 ------------------------------------------------------------------------------------------------------------------------------------------------------- 
| Snapshot                | WNS                  | TNS                  | Density (%) | Hotspot                   | Resource               | DRVs       |
|                         | HEPG (ns) | ALL (ns) | HEPG (ns) | ALL (ns) |             | Max (bins) | Total (bins) | Real (s) | Memory (MB) | Tran | Cap |
|-------------------------+-----------+----------+-----------+----------+-------------+------------+--------------+----------+-------------+------+-----|
| initial_summary         |           |   -0.590 |           |      -12 |       49.91 |            |              | 0:00:02  |        2876 |   70 |   0 |
| simplify_netlist        |           |          |           |          |             |            |              | 0:00:02  |        2967 |      |     |
| drv_fixing              |           |          |           |          |             |            |              | 0:00:00  |        2967 |      |     |
| drv_fixing_2            |     0.000 |    0.335 |         0 |        0 |       54.84 |            |              | 0:00:02  |        2985 |    0 |   0 |
| global_opt              |           |    0.335 |           |        0 |       54.84 |            |              | 0:00:01  |        2985 |      |     |
| area_reclaiming         |     0.000 |    0.335 |         0 |        0 |       54.38 |            |              | 0:00:01  |        2985 |      |     |
| incremental_replacement |           |          |           |          |             |       0.00 |         0.00 | 0:00:04  |        2985 |      |     |
| drv_fixing_3            |     0.371 |    0.371 |         0 |        0 |       55.14 |            |              | 0:00:01  |        2969 |    0 |   0 |
| area_reclaiming_2       |     0.538 |    0.538 |         0 |        0 |       54.06 |            |              | 0:00:01  |        2977 |      |     |
| area_reclaiming_3       |     0.482 |    0.482 |         0 |        0 |       53.93 |            |              | 0:00:01  |        2985 |      |     |
| drv_eco_fixing          |     0.482 |    0.482 |         0 |        0 |       53.93 |            |              | 0:00:00  |        2985 |    0 |   0 |
| final_summary           |     0.479 |    0.479 |           |        0 |       53.93 |            |              | 0:00:02  |        2951 |    0 |   0 |
 ------------------------------------------------------------------------------------------------------------------------------------------------------- 
End: Collecting metrics
**optDesign ... cpu = 0:00:19, real = 0:00:40, mem = 2202.3M, totSessionCpu=0:00:58 **
**WARN: (IMPOPT-3195):	Analysis mode has changed.
Type 'man IMPOPT-3195' for more detail.
*** Finished optDesign ***
      flow.cputime  flow.realtime  timing.setup.tns  timing.setup.wns  snapshot
UM:*                                                                   final
      flow.cputime  flow.realtime  timing.setup.tns  timing.setup.wns  snapshot
UM:*                                                                   opt_design_prects
Info: final physical memory for 2 CRR processes is 733.47MB.
Info: Summary of CRR changes:
      - Timing transform commits:       0
Disable CTE adjustment.
Disable Layer aware incrSKP.
**place_opt_design ... cpu = 0:00:25, real = 0:01:00, mem = 2950.5M **
*** Finished GigaPlace ***

*** Summary of all messages that are not suppressed in this session:
Severity  ID               Count  Summary                                  
WARNING   IMPEXT-6197          3  The Cap table file is not specified. Thi...
WARNING   IMPEXT-2882         10  Unable to find the resistance for via '%...
WARNING   IMPSP-9025           2  No scan chain specified/traced.          
WARNING   IMPOPT-3195          2  Analysis mode has changed.               
WARNING   IMPOPT-7329          1  Skipping refinePlace due to user configu...
*** Message Summary: 18 warning(s), 0 error(s)

*** place_opt_design #1 [finish] () : cpu/real = 0:00:25.3/0:00:59.9 (0.4), totSession cpu/real = 0:00:58.2/0:01:31.4 (0.6), mem = 2950.5M
#% End place_opt_design (date=08/24 09:25:33, total cpu=0:00:25.4, real=0:01:00.0, peak res=2220.9M, current mem=2093.1M)
<CMD> clock_opt_design
*** clock_opt_design #1 [begin] () : totSession cpu/real = 0:00:58.2/0:01:31.5 (0.6), mem = 2950.5M
**INFO: User's settings:
setOptMode -opt_view_pruning_hold_views_active_list            { view_slow }
setOptMode -opt_view_pruning_setup_views_active_list           { view_slow }
setOptMode -opt_view_pruning_setup_views_persistent_list       { view_slow}
setOptMode -opt_view_pruning_tdgr_setup_views_persistent_list  { view_slow}
setOptMode -opt_drv_margin                                     0
setOptMode -opt_drv                                            true
setOptMode -opt_resize_flip_flops                              true
setOptMode -opt_setup_target_slack                             0

Hard fence disabled
*** Starting refinePlace (0:00:58.3 mem=2950.5M) ***
Max route layer is changed from 127 to 11 because there is no routing track above this layer
Max route layer is changed from 127 to 11 because there is no routing track above this layer

Starting Small incrNP...
Density distribution unevenness ratio = 20.012%
Skipped incrNP (cpu=0:00:00.0, real=0:00:00.0, mem=2950.5M)
End of Small incrNP (cpu=0:00:00.0, real=0:00:00.0)
Max route layer is changed from 127 to 11 because there is no routing track above this layer
Max route layer is changed from 127 to 11 because there is no routing track above this layer
Move report: Detail placement moves 38 insts, mean move: 0.28 um, max move: 0.40 um 
	Max move on inst (FE_OFC75_n_98): (36.00, 35.72) --> (36.40, 35.72)
	Runtime: CPU: 0:00:00.0 REAL: 0:00:00.0 MEM: 2934.5MB
Summary Report:
Instances move: 38 (out of 593 movable)
Instances flipped: 0
Mean displacement: 0.28 um
Max displacement: 0.40 um (Instance: FE_OFC75_n_98) (36, 35.72) -> (36.4, 35.72)
	Length: 2 sites, height: 1 rows, site name: CoreSite, cell type: INVX1
Physical-only instances move: 0 (out of 0 movable physical-only)
Runtime: CPU: 0:00:00.1 REAL: 0:00:00.0 MEM: 2934.5MB
*** Finished refinePlace (0:00:58.4 mem=2934.5M) ***
ccopt_args: 
Turning off fast DC mode.
Runtime...
(clock_opt_design): CTS Engine: auto. Used Spec: CCOPT spec from create_ccopt_clock_tree_spec.
(clock_opt_design): create_ccopt_clock_tree_spec
Creating clock tree spec for modes (timing configs): constraints_default
extract_clock_generator_skew_groups=true: create_ccopt_clock_tree_spec will generate skew groups with a name prefix of "_clock_gen" to balance clock generator connected flops with the clock generator they drive.
Reset timing graph...
Ignoring AAE DB Resetting ...
Reset timing graph done.
Ignoring AAE DB Resetting ...
Analyzing clock structure...
Analyzing clock structure done.
Reset timing graph...
Ignoring AAE DB Resetting ...
Reset timing graph done.
Extracting original clock gating for clk...
  clock_tree clk contains 88 sinks and 0 clock gates.
Extracting original clock gating for clk done.
The skew group clk/constraints_default was created. It contains 88 sinks and 1 sources.
Checking clock tree convergence...
Checking clock tree convergence done.
Placement constraints of type 'region' or 'fence' will not be downgraded to 'guide' because the property change_fences_to_guides has been set to false.
Set place::cacheFPlanSiteMark to 1
'setDesignMode -flowEffort standard' => 'setOptMode -usefulSkewCCOpt standard' 
Using CCOpt effort standard.
Updating ideal nets and annotations...
Reset timing graph...
Ignoring AAE DB Resetting ...
Reset timing graph done.
Ignoring AAE DB Resetting ...
Reset timing graph...
Ignoring AAE DB Resetting ...
Reset timing graph done.
Clock tree spec update: Ideal nets, transition and delay annotations were updated to match active timing constraints.
Updating ideal nets and annotations done. (took cpu=0:00:00.3 real=0:00:00.3)
CCOpt::Phase::Initialization...
Check Prerequisites...
Leaving CCOpt scope - CheckPlace...
Begin checking placement ... (start mem=2925.0M, init mem=2925.0M)
*info: Placed = 593           
*info: Unplaced = 0           
Placement Density:53.92%(1249/2317)
Placement Density (including fixed std cells):53.92%(1249/2317)
Finished checkPlace (total: cpu=0:00:00.0, real=0:00:00.0; vio checks: cpu=0:00:00.0, real=0:00:00.0; mem=2925.0M)
Leaving CCOpt scope - CheckPlace done. (took cpu=0:00:00.0 real=0:00:00.0)
Innovus will update I/O latencies
Reset timing graph...
Ignoring AAE DB Resetting ...
Reset timing graph done.
Ignoring AAE DB Resetting ...
No differences between SDC and CTS ideal net status found.
No differences between SDC and CTS transition time annotations found.
No differences between SDC and CTS delay annotations found.
Reset timing graph...
Ignoring AAE DB Resetting ...
Reset timing graph done.
Found 0 ideal nets, 0 pins with transition annotations, 0 instances with delay annotations, 0 nets with delay annotations, refer to logv for details.

Check Prerequisites done. (took cpu=0:00:00.3 real=0:00:00.4)
CCOpt::Phase::Initialization done. (took cpu=0:00:00.3 real=0:00:00.4)
Executing ccopt post-processing.
Synthesizing clock trees with CCOpt...
*** CTS #1 [begin] (clock_opt_design #1) : totSession cpu/real = 0:00:59.3/0:01:32.8 (0.6), mem = 2925.0M
CCOpt::Phase::PreparingToBalance...
Leaving CCOpt scope - Initializing power interface...
Leaving CCOpt scope - Initializing power interface done. (took cpu=0:00:00.0 real=0:00:00.0)
Found 0 advancing pin insertion delay (0.000% of 88 clock tree sinks)
Found 0 delaying pin insertion delay (0.000% of 88 clock tree sinks)
Leaving CCOpt scope - optDesignGlobalRouteStep...
Max route layer is changed from 127 to 11 because there is no routing track above this layer
Max route layer is changed from 127 to 11 because there is no routing track above this layer
[NR-eGR] Early global route reroute all routable nets
[NR-eGR] Track table information for default rule: 
[NR-eGR] Metal1 has single uniform track structure
[NR-eGR] Metal2 has single uniform track structure
[NR-eGR] Metal3 has single uniform track structure
[NR-eGR] Metal4 has single uniform track structure
[NR-eGR] Metal5 has single uniform track structure
[NR-eGR] Metal6 has single uniform track structure
[NR-eGR] Metal7 has single uniform track structure
[NR-eGR] Metal8 has single uniform track structure
[NR-eGR] Metal9 has single uniform track structure
[NR-eGR] Metal10 has single uniform track structure
[NR-eGR] Metal11 has single uniform track structure
[NR-eGR] Read 662 PG shapes
[NR-eGR] Read 0 clock shapes
[NR-eGR] Read 0 other shapes
[NR-eGR] #Routing Blockages  : 0
[NR-eGR] #Bump Blockages     : 0
[NR-eGR] #Instance Blockages : 0
[NR-eGR] #PG Blockages       : 662
[NR-eGR] #Halo Blockages     : 0
[NR-eGR] #Boundary Blockages : 0
[NR-eGR] #Clock Blockages    : 0
[NR-eGR] #Other Blockages    : 0
[NR-eGR] #prerouted nets         : 0
[NR-eGR] #prerouted special nets : 0
[NR-eGR] #prerouted wires        : 0
[NR-eGR] Read 627 nets ( ignored 0 )
[NR-eGR] There are 1 clock nets ( 0 with NDR ).
[NR-eGR] ============ Routing rule table ============
[NR-eGR] Rule id: 0  Rule name: (Default)  Nets: 627
[NR-eGR] ========================================
[NR-eGR] 
[NR-eGR] Layer group 1: route 627 net(s) in layer range [2, 11]
[NR-eGR] Early Global Route overflow of layer group 1: 0.00% H + 0.20% V. EstWL: 5.627610e+03um
[NR-eGR] Congestion Analysis By layer: (blocked Gcells are excluded) 
[NR-eGR]                        OverCon            
[NR-eGR]                         #Gcell     %Gcell
[NR-eGR]        Layer               (1)    OverCon
[NR-eGR] ----------------------------------------------
[NR-eGR]  Metal1 ( 1)         0( 0.00%)   ( 0.00%) 
[NR-eGR]  Metal2 ( 2)         0( 0.00%)   ( 0.00%) 
[NR-eGR]  Metal3 ( 3)         0( 0.00%)   ( 0.00%) 
[NR-eGR]  Metal4 ( 4)         2( 0.13%)   ( 0.13%) 
[NR-eGR]  Metal5 ( 5)         0( 0.00%)   ( 0.00%) 
[NR-eGR]  Metal6 ( 6)         1( 0.07%)   ( 0.07%) 
[NR-eGR]  Metal7 ( 7)         0( 0.00%)   ( 0.00%) 
[NR-eGR]  Metal8 ( 8)         1( 0.07%)   ( 0.07%) 
[NR-eGR]  Metal9 ( 9)         0( 0.00%)   ( 0.00%) 
[NR-eGR] Metal10 (10)         0( 0.00%)   ( 0.00%) 
[NR-eGR] Metal11 (11)         0( 0.00%)   ( 0.00%) 
[NR-eGR] ----------------------------------------------
[NR-eGR]        Total         4( 0.03%)   ( 0.03%) 
[NR-eGR] 
[NR-eGR] Overflow after Early Global Route 0.00% H + 0.13% V
[NR-eGR] Connected 0 must-join pins/ports (post-process)
[NR-eGR] Total eGR-routed clock nets wire length: 321um, number of vias: 237
[NR-eGR] --------------------------------------------------------------------------
[NR-eGR]                  Length (um)  Vias 
[NR-eGR] -----------------------------------
[NR-eGR]  Metal1   (1H)             0  1940 
[NR-eGR]  Metal2   (2V)          2148  2638 
[NR-eGR]  Metal3   (3H)          2565   173 
[NR-eGR]  Metal4   (4V)           967    51 
[NR-eGR]  Metal5   (5H)           225    39 
[NR-eGR]  Metal6   (6V)            47    30 
[NR-eGR]  Metal7   (7H)             9    24 
[NR-eGR]  Metal8   (8V)            66    15 
[NR-eGR]  Metal9   (9H)           143     6 
[NR-eGR]  Metal10  (10V)            3     2 
[NR-eGR]  Metal11  (11H)           13     0 
[NR-eGR] -----------------------------------
[NR-eGR]           Total         6186  4918 
[NR-eGR] --------------------------------------------------------------------------
[NR-eGR] Total half perimeter of net bounding box: 5324um
[NR-eGR] Total length: 6186um, number of vias: 4918
[NR-eGR] --------------------------------------------------------------------------
[NR-eGR] Finished Early Global Route kernel ( CPU: 0.06 sec, Real: 0.06 sec, Curr Mem: 2.62 MB )
[NR-eGR] Finished Early Global Route ( CPU: 0.07 sec, Real: 0.07 sec, Curr Mem: 2.62 MB )
Leaving CCOpt scope - optDesignGlobalRouteStep done. (took cpu=0:00:00.1 real=0:00:00.1)
Legalization setup...
Using cell based legalization.
Initializing placement interface...
  Use check_library -place or consult logv if problems occur.
  Leaving CCOpt scope - Initializing placement interface...
  Leaving CCOpt scope - Initializing placement interface done. (took cpu=0:00:00.0 real=0:00:00.0)
Initializing placement interface done.
Leaving CCOpt scope - Cleaning up placement interface...
Leaving CCOpt scope - Cleaning up placement interface done. (took cpu=0:00:00.0 real=0:00:00.0)
Leaving CCOpt scope - Initializing placement interface...
Leaving CCOpt scope - Initializing placement interface done. (took cpu=0:00:00.0 real=0:00:00.0)
Max route layer is changed from 127 to 11 because there is no routing track above this layer
[PSP]    Load db... (mem=2.6M)
[PSP]    Read data from FE... (mem=2.6M)
[PSP]    Done Read data from FE (cpu=0.000s, mem=2.6M)

[PSP]    Done Load db (cpu=0.000s, mem=2.6M)

[PSP]    Constructing placeable region... (mem=2.6M)
[PSP]    Compute region effective width... (mem=2.6M)
[PSP]    Done Compute region effective width (cpu=0.000s, mem=2.6M)

[PSP]    Done Constructing placeable region (cpu=0.000s, mem=2.6M)

Legalization setup done. (took cpu=0:00:00.1 real=0:00:00.1)
Validating CTS configuration...
Checking module port directions...
Checking module port directions done. (took cpu=0:00:00.0 real=0:00:00.0)
Non-default CCOpt properties:
  Public non-default CCOpt properties:
    cts_merge_clock_gates is set for at least one object
    cts_merge_clock_logic is set for at least one object
    route_type is set for at least one object
  No private non-default CCOpt properties
Updating RC Grid density data for preRoute extraction ...
Initializing multi-corner resistance tables ...
Route type trimming info:
  No route type modifications were made.
Library trimming buffers in power domain auto-default and half-corner delay_slow:both.late removed 2 of 5 cells
Original list had 5 cells:
CLKBUFX4 BUFX4 CLKBUFX3 BUFX3 CLKBUFX2 
New trimmed list has 3 cells:
CLKBUFX4 CLKBUFX3 CLKBUFX2 
Library trimming inverters in power domain auto-default and half-corner delay_slow:both.late removed 3 of 7 cells
Original list had 7 cells:
INVX3 CLKINVX3 INVX2 CLKINVX2 INVX1 CLKINVX1 INVXL 
New trimmed list has 4 cells:
INVX3 INVX2 INVX1 INVXL 
Clock tree balancer configuration for clock_tree clk:
Non-default CCOpt properties:
  Public non-default CCOpt properties:
    cts_merge_clock_gates: true (default: false)
    cts_merge_clock_logic: true (default: false)
    route_type (leaf): default_route_type_leaf (default: default)
    route_type (top): default_route_type_nonleaf (default: default)
    route_type (trunk): default_route_type_nonleaf (default: default)
  No private non-default CCOpt properties
For power domain auto-default:
  Buffers:     CLKBUFX4 CLKBUFX3 CLKBUFX2
  Inverters:   INVX3 INVX2 INVX1 INVXL
  Clock gates (with test): TLATNTSCAX20 TLATNTSCAX16 TLATNTSCAX12 TLATNTSCAX8 TLATNTSCAX6 TLATNTSCAX4 TLATNTSCAX3 TLATNTSCAX2
  Clock gates   (no test): TLATNCAX20 TLATNCAX16 TLATNCAX12 TLATNCAX8 TLATNCAX6 TLATNCAX4 TLATNCAX3 TLATNCAX2
  Unblocked area available for placement of any clock cells in power_domain auto-default: 2317.392um^2
Top Routing info:
  Route-type name: default_route_type_nonleaf; Top/bottom preferred layer name: Metal4/Metal3; 
  Unshielded; Mask Constraint: 0; Source: route_type.
Trunk Routing info:
  Route-type name: default_route_type_nonleaf; Top/bottom preferred layer name: Metal4/Metal3; 
  Unshielded; Preferred extra space: 1; Mask Constraint: 0; Source: route_type.
Leaf Routing info:
  Route-type name: default_route_type_leaf; Top/bottom preferred layer name: Metal4/Metal3; 
  Unshielded; Preferred extra space: 1; Mask Constraint: 0; Source: route_type.
For timing_corner delay_slow:both, late and power domain auto-default:
  Slew time target (leaf):    0.085ns
  Slew time target (trunk):   0.085ns
  Slew time target (top):     0.086ns (Note: no nets are considered top nets in this clock tree)
  Buffer unit delay: 0.095ns
  Buffer max distance: 60.339um
Fastest wire driving cells and distances:
  Buffer    : {lib_cell:CLKBUFX4, fastest_considered_half_corner=delay_slow:both.late, optimalDrivingDistance=60.339um, saturatedSlew=0.075ns, speed=466.659um per ns, cellArea=39.676um^2 per 1000um}
  Inverter  : {lib_cell:INVX3, fastest_considered_half_corner=delay_slow:both.late, optimalDrivingDistance=39.344um, saturatedSlew=0.073ns, speed=562.861um per ns, cellArea=34.770um^2 per 1000um}
  Clock gate (with test): {lib_cell:TLATNTSCAX20, fastest_considered_half_corner=delay_slow:both.late, optimalDrivingDistance=228.824um, saturatedSlew=0.079ns, speed=681.226um per ns, cellArea=65.762um^2 per 1000um}
  Clock gate   (no test): {lib_cell:TLATNCAX20, fastest_considered_half_corner=delay_slow:both.late, optimalDrivingDistance=228.824um, saturatedSlew=0.079ns, speed=681.633um per ns, cellArea=59.784um^2 per 1000um}


Logic Sizing Table:

----------------------------------------------------------
Cell    Instance count    Source    Eligible library cells
----------------------------------------------------------
  (empty table)
----------------------------------------------------------


Clock tree balancer configuration for skew_group clk/constraints_default:
 Created from constraint modes: {[]}
  Sources:                     pin clk
  Total number of sinks:       88
  Delay constrained sinks:     88
  Constrains:                  default
  Non-leaf sinks:              0
  Ignore pins:                 0
 Timing corner delay_slow:both.late:
  Skew target:                 0.095ns
Primary reporting skew groups are:
skew_group clk/constraints_default with 88 clock sinks


Constraint summary
==================

Transition constraints are active in the following delay corners:

delay_slow:both.late

Cap constraints are active in the following delay corners:

delay_slow:both.late

Transition constraint summary:

-------------------------------------------------------------------------------------------
Delay corner                      Target (ns)    Num pins    Target source    Clock tree(s)
-------------------------------------------------------------------------------------------
delay_slow:both.late (primary)         -            -              -                -
              -                      0.085          90       auto computed    all
-------------------------------------------------------------------------------------------

Capacitance constraint summary:

------------------------------------------------------------------------------------------------------
Delay corner                      Limit (pF)    Num nets    Target source                Clock tree(s)
------------------------------------------------------------------------------------------------------
delay_slow:both.late (primary)        -            -                    -                      -
              -                     0.250          1        library_or_sdc_constraint    all
------------------------------------------------------------------------------------------------------


Clock DAG stats initial state:
  cell counts      : b=0, i=0, icg=0, dcg=0, l=0, total=0
  sink counts      : regular=88, enable_latch=0, load_capacitance=0, antenna=0, node_sink=0, total=88
  misc counts      : r=1, pp=0, mci=0
  cell areas       : b=0.000um^2, i=0.000um^2, icg=0.000um^2, dcg=0.000um^2, l=0.000um^2, total=0.000um^2
  hp wire lengths  : top=0.000um, trunk=0.000um, leaf=0.000um, total=0.000um
      flow.cputime  flow.realtime  timing.setup.tns  timing.setup.wns  snapshot
UM:*                                                                   InitialState
No ideal or dont_touch nets found in the clock tree
No dont_touch hnets found in the clock tree
No dont_touch hpins found in the clock network.
Checking for illegal sizes of clock logic instances...
Checking for illegal sizes of clock logic instances done. (took cpu=0:00:00.0 real=0:00:00.0)
Validating CTS configuration done. (took cpu=0:00:00.6 real=0:00:00.7)
CCOpt configuration status: all checks passed.
Adding exclusion drivers to pins that are effective_sink_type exclude...
    Adding exclusion drivers (these will be instances of the smallest area library cells).
  No exclusion drivers are needed.
Adding exclusion drivers to pins that are effective_sink_type exclude done.
Antenna diode management...
  Found 0 antenna diodes in the clock trees.
  
Antenna diode management done.
Adding driver cells for primary IOs...
Adding driver cells for primary IOs done.
Adding driver cells for primary IOs...
Adding driver cells for primary IOs done.

----------------------------------------------------------------------------------------------
CCOpt reported the following when adding drivers below input ports and above output ports     
----------------------------------------------------------------------------------------------
  (empty table)
----------------------------------------------------------------------------------------------


Adding driver cell for primary IO roots...
Adding driver cell for primary IO roots done.
Maximizing clock DAG abstraction...
  Removing clock DAG drivers
Maximizing clock DAG abstraction done.
CCOpt::Phase::PreparingToBalance done. (took cpu=0:00:00.8 real=0:00:00.8)
Synthesizing clock trees...
  Preparing To Balance...
  Leaving CCOpt scope - Cleaning up placement interface...
  Leaving CCOpt scope - Cleaning up placement interface done. (took cpu=0:00:00.0 real=0:00:00.0)
  Leaving CCOpt scope - Initializing placement interface...
  Leaving CCOpt scope - Initializing placement interface done. (took cpu=0:00:00.0 real=0:00:00.0)
  Merging duplicate siblings in DAG...
    Clock DAG stats before merging:
      cell counts      : b=0, i=0, icg=0, dcg=0, l=0, total=0
      sink counts      : regular=88, enable_latch=0, load_capacitance=0, antenna=0, node_sink=0, total=88
      misc counts      : r=1, pp=0, mci=0
      cell areas       : b=0.000um^2, i=0.000um^2, icg=0.000um^2, dcg=0.000um^2, l=0.000um^2, total=0.000um^2
      hp wire lengths  : top=0.000um, trunk=0.000um, leaf=0.000um, total=0.000um
      flow.cputime  flow.realtime  timing.setup.tns  timing.setup.wns  snapshot
UM:*                                                                   before merging
    Resynthesising clock tree into netlist...
      Reset timing graph...
Ignoring AAE DB Resetting ...
      Reset timing graph done.
    Resynthesising clock tree into netlist done.
    Merging duplicate clock dag driver clones in DAG...
    Merging duplicate clock dag driver clones in DAG done.
    
    Disconnecting clock tree from netlist...
    Disconnecting clock tree from netlist done.
  Merging duplicate siblings in DAG done.
  Applying movement limits...
  Applying movement limits done.
  Preparing To Balance done. (took cpu=0:00:00.1 real=0:00:00.1)
  CCOpt::Phase::Construction...
  Stage::Clustering...
  Clustering...
    Initialize for clustering...
    Clock DAG stats before clustering:
      cell counts      : b=0, i=0, icg=0, dcg=0, l=0, total=0
      sink counts      : regular=88, enable_latch=0, load_capacitance=0, antenna=0, node_sink=0, total=88
      misc counts      : r=1, pp=0, mci=0
      cell areas       : b=0.000um^2, i=0.000um^2, icg=0.000um^2, dcg=0.000um^2, l=0.000um^2, total=0.000um^2
      hp wire lengths  : top=0.000um, trunk=0.000um, leaf=0.000um, total=0.000um
      flow.cputime  flow.realtime  timing.setup.tns  timing.setup.wns  snapshot
UM:*                                                                   before clustering
    Computing max distances from locked parents...
      Computing distance_from_locked_parent_restrictions for 0 nodes driven by 0 locked parents
    Computing max distances from locked parents done.
    Preplacing multi-input logics...
    Preplacing multi-input logics done. (took cpu=0:00:00.0 real=0:00:00.0)
    Computing optimal clock node locations...
    : ...20% ...40% ...60% ...80% ...100% 
    Computing optimal clock node locations done. (took cpu=0:00:00.0 real=0:00:00.0)
    Initialize for clustering done. (took cpu=0:00:00.1 real=0:00:00.1)
    Bottom-up phase...
    Clustering bottom-up starting from leaves...
      Clustering clock_tree clk...
      Clustering clock_tree clk done.
    Clustering bottom-up starting from leaves done.
    Rebuilding the clock tree after clustering...
    Rebuilding the clock tree after clustering done.
    Clock DAG stats after bottom-up phase:
      cell counts      : b=0, i=0, icg=0, dcg=0, l=0, total=0
      sink counts      : regular=88, enable_latch=0, load_capacitance=0, antenna=0, node_sink=0, total=88
      misc counts      : r=1, pp=0, mci=0
      cell areas       : b=0.000um^2, i=0.000um^2, icg=0.000um^2, dcg=0.000um^2, l=0.000um^2, total=0.000um^2
      hp wire lengths  : top=0.000um, trunk=0.000um, leaf=0.000um, total=0.000um
      flow.cputime  flow.realtime  timing.setup.tns  timing.setup.wns  snapshot
UM:*                                                                   after bottom-up phase
    Bottom-up phase done. (took cpu=0:00:00.1 real=0:00:00.1)
    Legalizing clock trees...
    Resynthesising clock tree into netlist...
      Reset timing graph...
Ignoring AAE DB Resetting ...
      Reset timing graph done.
    Resynthesising clock tree into netlist done.
    Commiting net attributes....
    Commiting net attributes. done.
    Leaving CCOpt scope - ClockRefiner...
    Performing a single pass refine place with checks partially disabled for clock sinks and datapath.
*** Starting refinePlace (0:01:00 mem=2937.0M) ***
Total net bbox length = 5.324e+03 (2.644e+03 2.680e+03) (ext = 1.854e+03)
Max route layer is changed from 127 to 11 because there is no routing track above this layer
Max route layer is changed from 127 to 11 because there is no routing track above this layer
Max route layer is changed from 127 to 11 because there is no routing track above this layer
Max route layer is changed from 127 to 11 because there is no routing track above this layer
Move report: Detail placement moves 0 insts, mean move: 0.00 um, max move: 0.00 um 
	Runtime: CPU: 0:00:00.0 REAL: 0:00:00.0 MEM: 2929.0MB
Summary Report:
Instances move: 0 (out of 593 movable)
Instances flipped: 0
Mean displacement: 0.00 um
Max displacement: 0.00 um 
Physical-only instances move: 0 (out of 0 movable physical-only)
Total net bbox length = 5.324e+03 (2.644e+03 2.680e+03) (ext = 1.854e+03)
Runtime: CPU: 0:00:00.0 REAL: 0:00:00.0 MEM: 2929.0MB
*** Finished refinePlace (0:01:00 mem=2929.0M) ***
    ClockRefiner summary
    All clock instances: Moved 0, flipped 0 and cell swapped 0 (out of a total of 88).
    Leaving CCOpt scope - ClockRefiner done. (took cpu=0:00:00.1 real=0:00:00.1)
    Disconnecting clock tree from netlist...
    Disconnecting clock tree from netlist done.
    Leaving CCOpt scope - Cleaning up placement interface...
    Leaving CCOpt scope - Cleaning up placement interface done. (took cpu=0:00:00.0 real=0:00:00.0)
    Leaving CCOpt scope - Initializing placement interface...
    Leaving CCOpt scope - Initializing placement interface done. (took cpu=0:00:00.0 real=0:00:00.0)
    Clock tree timing engine global stage delay update for delay_slow:both.late...
    Clock tree timing engine global stage delay update for delay_slow:both.late done. (took cpu=0:00:00.0 real=0:00:00.0)
    
    Clock tree legalization - Histogram:
    ====================================
    
    --------------------------------
    Movement (um)    Number of cells
    --------------------------------
      (empty table)
    --------------------------------
    
    
    Clock tree legalization - There are no Movements:
    =================================================
    
    ---------------------------------------------
    Movement (um)    Desired     Achieved    Node
                     location    location    
    ---------------------------------------------
      (empty table)
    ---------------------------------------------
    
    Legalizing clock trees done. (took cpu=0:00:00.2 real=0:00:00.2)
    Clock tree timing engine global stage delay update for delay_slow:both.late...
    Clock tree timing engine global stage delay update for delay_slow:both.late done. (took cpu=0:00:00.0 real=0:00:00.0)
    Clock DAG stats after 'Clustering':
      cell counts      : b=0, i=0, icg=0, dcg=0, l=0, total=0
      sink counts      : regular=88, enable_latch=0, load_capacitance=0, antenna=0, node_sink=0, total=88
      misc counts      : r=1, pp=0, mci=0
      cell areas       : b=0.000um^2, i=0.000um^2, icg=0.000um^2, dcg=0.000um^2, l=0.000um^2, total=0.000um^2
      cell capacitance : b=0.000pF, i=0.000pF, icg=0.000pF, dcg=0.000pF, l=0.000pF, total=0.000pF
      sink capacitance : total=0.019pF, avg=0.000pF, sd=0.000pF, min=0.000pF, max=0.000pF
      wire capacitance : top=0.000pF, trunk=0.000pF, leaf=0.032pF, total=0.032pF
      wire lengths     : top=0.000um, trunk=0.000um, leaf=327.380um, total=327.380um
      hp wire lengths  : top=0.000um, trunk=0.000um, leaf=0.000um, total=0.000um
    Clock DAG net violations after 'Clustering': none
    Clock DAG primary half-corner transition distribution after 'Clustering':
      Leaf : target=0.085ns count=1 avg=0.005ns sd=0.000ns min=0.005ns max=0.005ns {1 <= 0.051ns, 0 <= 0.068ns, 0 <= 0.076ns, 0 <= 0.080ns, 0 <= 0.085ns}
    Primary reporting skew groups after 'Clustering':
      skew_group clk/constraints_default: insertion delay [min=0.001, max=0.002, avg=0.002, sd=0.000, skn=-0.166, kur=-1.206], skew [0.001 vs 0.095], 100% {0.001, 0.002} (wid=0.002 ws=0.001) (gid=0.000 gs=0.000)
    Skew group summary after 'Clustering':
      skew_group clk/constraints_default: insertion delay [min=0.001, max=0.002, avg=0.002, sd=0.000, skn=-0.166, kur=-1.206], skew [0.001 vs 0.095], 100% {0.001, 0.002} (wid=0.002 ws=0.001) (gid=0.000 gs=0.000)
    Legalizer API calls during this step: 0 succeeded with high effort: 0 succeeded with medium effort: 0 succeeded with low effort: 0 succeeded with basic effort: 0 succeeded with basic unbounded effort: 0
  Clustering done. (took cpu=0:00:00.3 real=0:00:00.3)
  Looking for fanout violations...
  Looking for fanout violations done.
  Removing clustering added virtual delays...
    Resynthesising clock tree into netlist...
      Reset timing graph...
Ignoring AAE DB Resetting ...
      Reset timing graph done.
    Resynthesising clock tree into netlist done.
    Disconnecting clock tree from netlist...
    Disconnecting clock tree from netlist done.
  Removing clustering added virtual delays done.
  CongRepair After Initial Clustering...
  Reset timing graph...
Ignoring AAE DB Resetting ...
  Reset timing graph done.
  Leaving CCOpt scope - Early Global Route...
  Clock implementation routing...
Net route status summary:
  Clock:         1 (unrouted=1, trialRouted=0, noStatus=0, routed=0, fixed=0, [crossesIlmBoundary=0, tooFewTerms=0, (crossesIlmBoundary AND tooFewTerms=0)])
  Non-clock:   628 (unrouted=2, trialRouted=626, noStatus=0, routed=0, fixed=0, [crossesIlmBoundary=0, tooFewTerms=2, (crossesIlmBoundary AND tooFewTerms=0)])
    Routing using eGR only...
      Early Global Route - eGR only step...
(ccopt eGR): There are 1 nets to be routed. 0 nets have skip routing designation.
(ccopt eGR): There are 1 nets for routing of which 1 have one or more fixed wires.
(ccopt eGR): Start to route 1 all nets
[PSP]    Started Early Global Route ( Curr Mem: 2.62 MB )
Max route layer is changed from 127 to 11 because there is no routing track above this layer
Max route layer is changed from 127 to 11 because there is no routing track above this layer
[PSP]    Started Early Global Route kernel ( Curr Mem: 2.62 MB )
[NR-eGR] Early global route reroute 1 out of 627 routable nets
[NR-eGR] Track table information for default rule: 
[NR-eGR] Metal1 has single uniform track structure
[NR-eGR] Metal2 has single uniform track structure
[NR-eGR] Metal3 has single uniform track structure
[NR-eGR] Metal4 has single uniform track structure
[NR-eGR] Metal5 has single uniform track structure
[NR-eGR] Metal6 has single uniform track structure
[NR-eGR] Metal7 has single uniform track structure
[NR-eGR] Metal8 has single uniform track structure
[NR-eGR] Metal9 has single uniform track structure
[NR-eGR] Metal10 has single uniform track structure
[NR-eGR] Metal11 has single uniform track structure
[NR-eGR] Read 652 PG shapes
[NR-eGR] Read 0 clock shapes
[NR-eGR] Read 0 other shapes
[NR-eGR] #Routing Blockages  : 0
[NR-eGR] #Bump Blockages     : 0
[NR-eGR] #Instance Blockages : 0
[NR-eGR] #PG Blockages       : 652
[NR-eGR] #Halo Blockages     : 0
[NR-eGR] #Boundary Blockages : 0
[NR-eGR] #Clock Blockages    : 0
[NR-eGR] #Other Blockages    : 0
[NR-eGR] #prerouted nets         : 0
[NR-eGR] #prerouted special nets : 0
[NR-eGR] #prerouted wires        : 0
[NR-eGR] Read 627 nets ( ignored 626 )
[NR-eGR] Connected 0 must-join pins/ports (pre-process)
[NR-eGR] #via pillars        : 0
[NR-eGR] #must join all port : 0
[NR-eGR] #multiple ports     : 0
[NR-eGR] #has must join      : 0
[NR-eGR] There are 1 clock nets ( 1 with NDR ).
[NR-eGR] ============ Routing rule table ============
[NR-eGR] Rule id: 1  Rule name:   Nets: 1
[NR-eGR] ========================================
[NR-eGR] 
[NR-eGR] Layer group 1: route 1 net(s) in layer range [3, 4]
[NR-eGR] Early Global Route overflow of layer group 1: 0.00% H + 0.00% V. EstWL: 3.214800e+02um
[NR-eGR] Create a new net group with 1 nets and layer range [3, 6]
[NR-eGR] Layer group 2: route 1 net(s) in layer range [3, 6]
[NR-eGR] Early Global Route overflow of layer group 2: 0.00% H + 0.00% V. EstWL: 6.292800e+02um
[NR-eGR] Create a new net group with 1 nets and layer range [3, 8]
[NR-eGR] Layer group 3: route 1 net(s) in layer range [3, 8]
[NR-eGR] Early Global Route overflow of layer group 3: 0.00% H + 0.00% V. EstWL: 9.370800e+02um
[NR-eGR] Congestion Analysis By layer: (blocked Gcells are excluded) 
[NR-eGR]                        OverCon            
[NR-eGR]                         #Gcell     %Gcell
[NR-eGR]        Layer             (1-0)    OverCon
[NR-eGR] ----------------------------------------------
[NR-eGR]  Metal1 ( 1)         0( 0.00%)   ( 0.00%) 
[NR-eGR]  Metal2 ( 2)         0( 0.00%)   ( 0.00%) 
[NR-eGR]  Metal3 ( 3)         0( 0.00%)   ( 0.00%) 
[NR-eGR]  Metal4 ( 4)         0( 0.00%)   ( 0.00%) 
[NR-eGR]  Metal5 ( 5)         0( 0.00%)   ( 0.00%) 
[NR-eGR]  Metal6 ( 6)         0( 0.00%)   ( 0.00%) 
[NR-eGR]  Metal7 ( 7)         0( 0.00%)   ( 0.00%) 
[NR-eGR]  Metal8 ( 8)         0( 0.00%)   ( 0.00%) 
[NR-eGR]  Metal9 ( 9)         0( 0.00%)   ( 0.00%) 
[NR-eGR] Metal10 (10)         0( 0.00%)   ( 0.00%) 
[NR-eGR] Metal11 (11)         0( 0.00%)   ( 0.00%) 
[NR-eGR] ----------------------------------------------
[NR-eGR]        Total         0( 0.00%)   ( 0.00%) 
[NR-eGR] 
[NR-eGR] Overflow after Early Global Route 0.00% H + 0.00% V
[NR-eGR] Connected 0 must-join pins/ports (post-process)
[NR-eGR] Total eGR-routed clock nets wire length: 335um, number of vias: 235
[NR-eGR] --------------------------------------------------------------------------
[NR-eGR] Report for selected net(s) only.
[NR-eGR]                  Length (um)  Vias 
[NR-eGR] -----------------------------------
[NR-eGR]  Metal1   (1H)             0    88 
[NR-eGR]  Metal2   (2V)            64   107 
[NR-eGR]  Metal3   (3H)           166    40 
[NR-eGR]  Metal4   (4V)           105     0 
[NR-eGR]  Metal5   (5H)             0     0 
[NR-eGR]  Metal6   (6V)             0     0 
[NR-eGR]  Metal7   (7H)             0     0 
[NR-eGR]  Metal8   (8V)             0     0 
[NR-eGR]  Metal9   (9H)             0     0 
[NR-eGR]  Metal10  (10V)            0     0 
[NR-eGR]  Metal11  (11H)            0     0 
[NR-eGR] -----------------------------------
[NR-eGR]           Total          335   235 
[NR-eGR] --------------------------------------------------------------------------
[NR-eGR] Total half perimeter of net bounding box: 97um
[NR-eGR] Total length: 335um, number of vias: 235
[NR-eGR] --------------------------------------------------------------------------
[NR-eGR] Total routed clock nets wire length: 335um, number of vias: 235
[NR-eGR] --------------------------------------------------------------------------
[NR-eGR]                  Length (um)  Vias 
[NR-eGR] -----------------------------------
[NR-eGR]  Metal1   (1H)             0  1940 
[NR-eGR]  Metal2   (2V)          2057  2598 
[NR-eGR]  Metal3   (3H)          2571   211 
[NR-eGR]  Metal4   (4V)          1066    51 
[NR-eGR]  Metal5   (5H)           225    39 
[NR-eGR]  Metal6   (6V)            47    30 
[NR-eGR]  Metal7   (7H)             9    24 
[NR-eGR]  Metal8   (8V)            66    15 
[NR-eGR]  Metal9   (9H)           143     6 
[NR-eGR]  Metal10  (10V)            3     2 
[NR-eGR]  Metal11  (11H)           13     0 
[NR-eGR] -----------------------------------
[NR-eGR]           Total         6200  4916 
[NR-eGR] --------------------------------------------------------------------------
[NR-eGR] Total half perimeter of net bounding box: 5324um
[NR-eGR] Total length: 6200um, number of vias: 4916
[NR-eGR] --------------------------------------------------------------------------
[NR-eGR] Finished Early Global Route kernel ( CPU: 0.05 sec, Real: 0.04 sec, Curr Mem: 2.63 MB )
[NR-eGR] Finished Early Global Route ( CPU: 0.05 sec, Real: 0.05 sec, Curr Mem: 2.63 MB )
      Early Global Route - eGR only step done. (took cpu=0:00:00.1 real=0:00:00.1)
    Routing using eGR only done.
Net route status summary:
  Clock:         1 (unrouted=0, trialRouted=0, noStatus=0, routed=1, fixed=0, [crossesIlmBoundary=0, tooFewTerms=0, (crossesIlmBoundary AND tooFewTerms=0)])
  Non-clock:   628 (unrouted=2, trialRouted=626, noStatus=0, routed=0, fixed=0, [crossesIlmBoundary=0, tooFewTerms=2, (crossesIlmBoundary AND tooFewTerms=0)])

CCOPT: Done with clock implementation routing.

  Clock implementation routing done.
  CCOpt: Starting congestion repair using flow wrapper...
    Congestion Repair...
*** IncrReplace #1 [begin] (CTS #1 / clock_opt_design #1) : totSession cpu/real = 0:01:00.7/0:01:34.2 (0.6), mem = 2937.0M
Info: Enable timing driven in postCTS congRepair.

*** Start incrementalPlace ***
Effort level <high> specified for tdgp_reg2reg_default path_group
No Views given, use default active views for adaptive view pruning
Active views:
  view_slow
Max route layer is changed from 127 to 11 because there is no routing track above this layer
Max route layer is changed from 127 to 11 because there is no routing track above this layer
[NR-eGR] Started Early Global Route kernel ( Curr Mem: 2.64 MB )
[NR-eGR] Early global route reroute all routable nets
[NR-eGR] Track table information for default rule: 
[NR-eGR] Metal1 has single uniform track structure
[NR-eGR] Metal2 has single uniform track structure
[NR-eGR] Metal3 has single uniform track structure
[NR-eGR] Metal4 has single uniform track structure
[NR-eGR] Metal5 has single uniform track structure
[NR-eGR] Metal6 has single uniform track structure
[NR-eGR] Metal7 has single uniform track structure
[NR-eGR] Metal8 has single uniform track structure
[NR-eGR] Metal9 has single uniform track structure
[NR-eGR] Metal10 has single uniform track structure
[NR-eGR] Metal11 has single uniform track structure
[NR-eGR] Read 662 PG shapes
[NR-eGR] Read 0 clock shapes
[NR-eGR] Read 0 other shapes
[NR-eGR] #Routing Blockages  : 0
[NR-eGR] #Bump Blockages     : 0
[NR-eGR] #Instance Blockages : 0
[NR-eGR] #PG Blockages       : 662
[NR-eGR] #Halo Blockages     : 0
[NR-eGR] #Boundary Blockages : 0
[NR-eGR] #Clock Blockages    : 0
[NR-eGR] #Other Blockages    : 0
[NR-eGR] #prerouted nets         : 1
[NR-eGR] #prerouted special nets : 0
[NR-eGR] #prerouted wires        : 300
[NR-eGR] Read 627 nets ( ignored 1 )
[NR-eGR] ============ Routing rule table ============
[NR-eGR] Rule id: 0  Rule name: (Default)  Nets: 626
[NR-eGR] ========================================
[NR-eGR] 
[NR-eGR] Layer group 1: route 626 net(s) in layer range [2, 11]
[NR-eGR] Early Global Route overflow of layer group 1: 0.00% H + 0.20% V. EstWL: 5.319810e+03um
[NR-eGR] Congestion Analysis By layer: (blocked Gcells are excluded) 
[NR-eGR]                        OverCon            
[NR-eGR]                         #Gcell     %Gcell
[NR-eGR]        Layer               (1)    OverCon
[NR-eGR] ----------------------------------------------
[NR-eGR]  Metal1 ( 1)         0( 0.00%)   ( 0.00%) 
[NR-eGR]  Metal2 ( 2)         0( 0.00%)   ( 0.00%) 
[NR-eGR]  Metal3 ( 3)         0( 0.00%)   ( 0.00%) 
[NR-eGR]  Metal4 ( 4)         1( 0.07%)   ( 0.07%) 
[NR-eGR]  Metal5 ( 5)         0( 0.00%)   ( 0.00%) 
[NR-eGR]  Metal6 ( 6)         2( 0.13%)   ( 0.13%) 
[NR-eGR]  Metal7 ( 7)         0( 0.00%)   ( 0.00%) 
[NR-eGR]  Metal8 ( 8)         1( 0.07%)   ( 0.07%) 
[NR-eGR]  Metal9 ( 9)         0( 0.00%)   ( 0.00%) 
[NR-eGR] Metal10 (10)         0( 0.00%)   ( 0.00%) 
[NR-eGR] Metal11 (11)         0( 0.00%)   ( 0.00%) 
[NR-eGR] ----------------------------------------------
[NR-eGR]        Total         4( 0.03%)   ( 0.03%) 
[NR-eGR] 
[NR-eGR] Overflow after Early Global Route 0.00% H + 0.13% V
[NR-eGR] Finished Early Global Route kernel ( CPU: 0.06 sec, Real: 0.06 sec, Curr Mem: 2.64 MB )
Early Global Route congestion estimation runtime: 0.07 seconds, mem = 2937.0M
Local HotSpot Analysis: normalized max congestion hotspot area = 0.00, normalized total congestion hotspot area = 0.00 (area is in unit of 4 std-cell row bins)

=== incrementalPlace Internal Loop 1 ===
      flow.cputime  flow.realtime  timing.setup.tns  timing.setup.wns  snapshot
UM:*                                                                   incrNP_iter_start
[spp] 0
AAE_INFO: opIsDesignInPostRouteState() is 0
#################################################################################
# Design Stage: PreRoute
# Design Name: aer_tx16_trad_rowcol_fovea_cluster2_steal_buf_polarity
# Design Mode: 45nm
# Analysis Mode: MMMC Non-OCV 
# Parasitics Mode: No SPEF/RCDB 
# Signoff Settings: SI Off 
#################################################################################
Extraction called for design 'aer_tx16_trad_rowcol_fovea_cluster2_steal_buf_polarity' of instances=593 and nets=629 using extraction engine 'preRoute' .
PreRoute RC Extraction called for design aer_tx16_trad_rowcol_fovea_cluster2_steal_buf_polarity.
RC Extraction called in multi-corner(1) mode.
**WARN: (IMPEXT-6197):	The Cap table file is not specified. This will result in lower parasitic accuracy when using preRoute extraction or postRoute extraction with effort level 'low'. It is recommended to generate the Cap table file using the 'generateCapTbl' command and specify it before extraction using 'create_rc_corner/update_rc_corner -cap_table'.
Type 'man IMPEXT-6197' for more detail.
RCMode: PreRoute
      RC Corner Indexes            0   
Capacitance Scaling Factor   : 1.00000 
Resistance Scaling Factor    : 1.00000 
Clock Cap. Scaling Factor    : 1.00000 
Clock Res. Scaling Factor    : 1.00000 
Shrink Factor                : 1.00000
Updating RC Grid density data for preRoute extraction ...
Initializing multi-corner resistance tables ...
PreRoute RC Extraction DONE (CPU Time: 0:00:00.0  Real Time: 0:00:00.0  MEM: 2951.039M)
Calculate delays in Single mode...
Start delay calculation (fullDC) (1 T). (MEM=2109)
Total number of fetched objects 627
End delay calculation. (MEM=2121.28 CPU=0:00:00.1 REAL=0:00:00.0)
End delay calculation (fullDC). (MEM=2121.28 CPU=0:00:00.2 REAL=0:00:01.0)
*** Finished SKP initialization (cpu=0:00:00.7, real=0:00:01.0)***
SKP will use view:
  view_slow
Iteration  6: Total net bbox = 4.725e+03 (2.31e+03 2.42e+03)
              Est.  stn bbox = 5.167e+03 (2.51e+03 2.66e+03)
              cpu = 0:00:00.2 real = 0:00:00.0 mem = 2986.6M
Iteration  7: Total net bbox = 5.075e+03 (2.50e+03 2.58e+03)
              Est.  stn bbox = 5.529e+03 (2.71e+03 2.82e+03)
              cpu = 0:00:00.3 real = 0:00:00.0 mem = 2970.6M
Iteration  8: Total net bbox = 5.083e+03 (2.53e+03 2.55e+03)
              Est.  stn bbox = 5.516e+03 (2.73e+03 2.79e+03)
              cpu = 0:00:00.3 real = 0:00:01.0 mem = 2986.6M
Move report: Timing Driven Placement moves 593 insts, mean move: 1.78 um, max move: 8.87 um 
	Max move on inst (g12847__1881): (36.60, 52.82) --> (40.34, 47.70)

Finished Incremental Placement (cpu=0:00:01.7, real=0:00:02.0, mem=2970.6M)
*** Starting refinePlace (0:01:03 mem=2970.6M) ***
Total net bbox length = 5.272e+03 (2.631e+03 2.641e+03) (ext = 1.881e+03)
Max route layer is changed from 127 to 11 because there is no routing track above this layer
Max route layer is changed from 127 to 11 because there is no routing track above this layer
Max route layer is changed from 127 to 11 because there is no routing track above this layer
Max route layer is changed from 127 to 11 because there is no routing track above this layer
Move report: Detail placement moves 593 insts, mean move: 0.08 um, max move: 1.00 um 
	Max move on inst (g12647__2883): (47.29, 27.67) --> (46.80, 27.17)
	Runtime: CPU: 0:00:00.1 REAL: 0:00:00.0 MEM: 2938.5MB
Summary Report:
Instances move: 593 (out of 593 movable)
Instances flipped: 0
Mean displacement: 0.08 um
Max displacement: 1.00 um (Instance: g12647__2883) (47.294, 27.6715) -> (46.8, 27.17)
	Length: 5 sites, height: 1 rows, site name: CoreSite, cell type: AOI21X1
Physical-only instances move: 0 (out of 0 movable physical-only)
Total net bbox length = 5.298e+03 (2.636e+03 2.662e+03) (ext = 1.884e+03)
Runtime: CPU: 0:00:00.1 REAL: 0:00:00.0 MEM: 2938.5MB
*** Finished refinePlace (0:01:03 mem=2938.5M) ***
Max route layer is changed from 127 to 11 because there is no routing track above this layer
Max route layer is changed from 127 to 11 because there is no routing track above this layer
[NR-eGR] Early global route reroute all routable nets
[NR-eGR] Track table information for default rule: 
[NR-eGR] Metal1 has single uniform track structure
[NR-eGR] Metal2 has single uniform track structure
[NR-eGR] Metal3 has single uniform track structure
[NR-eGR] Metal4 has single uniform track structure
[NR-eGR] Metal5 has single uniform track structure
[NR-eGR] Metal6 has single uniform track structure
[NR-eGR] Metal7 has single uniform track structure
[NR-eGR] Metal8 has single uniform track structure
[NR-eGR] Metal9 has single uniform track structure
[NR-eGR] Metal10 has single uniform track structure
[NR-eGR] Metal11 has single uniform track structure
[NR-eGR] Read 0 clock shapes
[NR-eGR] Read 0 other shapes
[NR-eGR] #Routing Blockages  : 0
[NR-eGR] #Bump Blockages     : 0
[NR-eGR] #Instance Blockages : 0
[NR-eGR] #PG Blockages       : 662
[NR-eGR] #Halo Blockages     : 0
[NR-eGR] #Boundary Blockages : 0
[NR-eGR] #Clock Blockages    : 0
[NR-eGR] #Other Blockages    : 0
[NR-eGR] #prerouted nets         : 1
[NR-eGR] #prerouted special nets : 0
[NR-eGR] #prerouted wires        : 300
[NR-eGR] Read 627 nets ( ignored 1 )
[NR-eGR] ============ Routing rule table ============
[NR-eGR] Rule id: 0  Rule name: (Default)  Nets: 626
[NR-eGR] ========================================
[NR-eGR] 
[NR-eGR] Layer group 1: route 626 net(s) in layer range [2, 11]
[NR-eGR] Early Global Route overflow of layer group 1: 0.00% H + 0.18% V. EstWL: 5.312970e+03um
[NR-eGR] Congestion Analysis By layer: (blocked Gcells are excluded) 
[NR-eGR]                        OverCon            
[NR-eGR]                         #Gcell     %Gcell
[NR-eGR]        Layer               (1)    OverCon
[NR-eGR] ----------------------------------------------
[NR-eGR]  Metal1 ( 1)         0( 0.00%)   ( 0.00%) 
[NR-eGR]  Metal2 ( 2)         0( 0.00%)   ( 0.00%) 
[NR-eGR]  Metal3 ( 3)         0( 0.00%)   ( 0.00%) 
[NR-eGR]  Metal4 ( 4)         0( 0.00%)   ( 0.00%) 
[NR-eGR]  Metal5 ( 5)         0( 0.00%)   ( 0.00%) 
[NR-eGR]  Metal6 ( 6)         2( 0.13%)   ( 0.13%) 
[NR-eGR]  Metal7 ( 7)         0( 0.00%)   ( 0.00%) 
[NR-eGR]  Metal8 ( 8)         1( 0.07%)   ( 0.07%) 
[NR-eGR]  Metal9 ( 9)         0( 0.00%)   ( 0.00%) 
[NR-eGR] Metal10 (10)         0( 0.00%)   ( 0.00%) 
[NR-eGR] Metal11 (11)         0( 0.00%)   ( 0.00%) 
[NR-eGR] ----------------------------------------------
[NR-eGR]        Total         3( 0.02%)   ( 0.02%) 
[NR-eGR] 
[NR-eGR] Overflow after Early Global Route 0.00% H + 0.06% V
[NR-eGR] Finished Early Global Route kernel ( CPU: 0.06 sec, Real: 0.05 sec, Curr Mem: 2.66 MB )
Early Global Route congestion estimation runtime: 0.06 seconds, mem = 2938.5M
Local HotSpot Analysis: normalized max congestion hotspot area = 0.00, normalized total congestion hotspot area = 0.00 (area is in unit of 4 std-cell row bins)
[NR-eGR] Connected 0 must-join pins/ports (post-process)
[NR-eGR] Total eGR-routed clock nets wire length: 0um, number of vias: 0
[NR-eGR] --------------------------------------------------------------------------
[NR-eGR]                  Length (um)  Vias 
[NR-eGR] -----------------------------------
[NR-eGR]  Metal1   (1H)             0  1940 
[NR-eGR]  Metal2   (2V)          2043  2580 
[NR-eGR]  Metal3   (3H)          2415   211 
[NR-eGR]  Metal4   (4V)           955    72 
[NR-eGR]  Metal5   (5H)           365    45 
[NR-eGR]  Metal6   (6V)            36    32 
[NR-eGR]  Metal7   (7H)            15    26 
[NR-eGR]  Metal8   (8V)           161    23 
[NR-eGR]  Metal9   (9H)           146     6 
[NR-eGR]  Metal10  (10V)            4     2 
[NR-eGR]  Metal11  (11H)           13     0 
[NR-eGR] -----------------------------------
[NR-eGR]           Total         6153  4937 
[NR-eGR] --------------------------------------------------------------------------
[NR-eGR] Total half perimeter of net bounding box: 5298um
[NR-eGR] Total length: 6153um, number of vias: 4937
[NR-eGR] --------------------------------------------------------------------------
Max route layer is changed from 127 to 11 because there is no routing track above this layer
Early Global Route wiring runtime: 0.14 seconds, mem = 2945.0M

*** Finished incrementalPlace (cpu=0:00:02.2, real=0:00:02.0)***
*** IncrReplace #1 [finish] (CTS #1 / clock_opt_design #1) : cpu/real = 0:00:02.2/0:00:02.4 (0.9), totSession cpu/real = 0:01:02.9/0:01:36.6 (0.7), mem = 2945.0M
    Congestion Repair done. (took cpu=0:00:02.4 real=0:00:02.4)
  CCOpt: Starting congestion repair using flow wrapper done.
  Leaving CCOpt scope - Early Global Route done. (took cpu=0:00:02.6 real=0:00:02.6)
  Leaving CCOpt scope - extractRC...
  Updating RC parasitics by calling: "extractRC -noRouteCheck"...
Extraction called for design 'aer_tx16_trad_rowcol_fovea_cluster2_steal_buf_polarity' of instances=593 and nets=629 using extraction engine 'preRoute' .
PreRoute RC Extraction called for design aer_tx16_trad_rowcol_fovea_cluster2_steal_buf_polarity.
RC Extraction called in multi-corner(1) mode.
**WARN: (IMPEXT-6197):	The Cap table file is not specified. This will result in lower parasitic accuracy when using preRoute extraction or postRoute extraction with effort level 'low'. It is recommended to generate the Cap table file using the 'generateCapTbl' command and specify it before extraction using 'create_rc_corner/update_rc_corner -cap_table'.
Type 'man IMPEXT-6197' for more detail.
RCMode: PreRoute
      RC Corner Indexes            0   
Capacitance Scaling Factor   : 1.00000 
Resistance Scaling Factor    : 1.00000 
Clock Cap. Scaling Factor    : 1.00000 
Clock Res. Scaling Factor    : 1.00000 
Shrink Factor                : 1.00000
PreRoute extraction is honoring NDR/Shielding/ExtraSpace for clock nets.
Updating RC Grid density data for preRoute extraction ...
Initializing multi-corner resistance tables ...
PreRoute RC Extraction DONE (CPU Time: 0:00:00.0  Real Time: 0:00:00.0  MEM: 2945.035M)
  Updating RC parasitics by calling: "extractRC -noRouteCheck" done.
  Leaving CCOpt scope - extractRC done. (took cpu=0:00:00.0 real=0:00:00.0)
  Clock tree timing engine global stage delay update for delay_slow:both.late...
  Clock tree timing engine global stage delay update for delay_slow:both.late done. (took cpu=0:00:00.0 real=0:00:00.0)
  Clock DAG stats after clustering cong repair call:
    cell counts      : b=0, i=0, icg=0, dcg=0, l=0, total=0
    sink counts      : regular=88, enable_latch=0, load_capacitance=0, antenna=0, node_sink=0, total=88
    misc counts      : r=1, pp=0, mci=0
    cell areas       : b=0.000um^2, i=0.000um^2, icg=0.000um^2, dcg=0.000um^2, l=0.000um^2, total=0.000um^2
    cell capacitance : b=0.000pF, i=0.000pF, icg=0.000pF, dcg=0.000pF, l=0.000pF, total=0.000pF
    sink capacitance : total=0.019pF, avg=0.000pF, sd=0.000pF, min=0.000pF, max=0.000pF
    wire capacitance : top=0.000pF, trunk=0.000pF, leaf=0.029pF, total=0.029pF
    wire lengths     : top=0.000um, trunk=0.000um, leaf=304.159um, total=304.159um
    hp wire lengths  : top=0.000um, trunk=0.000um, leaf=0.000um, total=0.000um
  Clock DAG net violations after clustering cong repair call: none
  Clock DAG primary half-corner transition distribution after clustering cong repair call:
    Leaf : target=0.085ns count=1 avg=0.005ns sd=0.000ns min=0.005ns max=0.005ns {1 <= 0.051ns, 0 <= 0.068ns, 0 <= 0.076ns, 0 <= 0.080ns, 0 <= 0.085ns}
  Primary reporting skew groups after clustering cong repair call:
    skew_group clk/constraints_default: insertion delay [min=0.001, max=0.002, avg=0.002, sd=0.000, skn=-0.407, kur=-1.159], skew [0.001 vs 0.095], 100% {0.001, 0.002} (wid=0.002 ws=0.001) (gid=0.000 gs=0.000)
  Skew group summary after clustering cong repair call:
    skew_group clk/constraints_default: insertion delay [min=0.001, max=0.002, avg=0.002, sd=0.000, skn=-0.407, kur=-1.159], skew [0.001 vs 0.095], 100% {0.001, 0.002} (wid=0.002 ws=0.001) (gid=0.000 gs=0.000)
  CongRepair After Initial Clustering done. (took cpu=0:00:02.6 real=0:00:02.6)
  Stage::Clustering done. (took cpu=0:00:02.9 real=0:00:03.0)
  Stage::DRV Fixing...
  Fixing clock tree slew time and max cap violations...
    Fixing clock tree overload: ...20% ...40% ...60% ...80% ...100% 
    Clock DAG stats after 'Fixing clock tree slew time and max cap violations':
      cell counts      : b=0, i=0, icg=0, dcg=0, l=0, total=0
      sink counts      : regular=88, enable_latch=0, load_capacitance=0, antenna=0, node_sink=0, total=88
      misc counts      : r=1, pp=0, mci=0
      cell areas       : b=0.000um^2, i=0.000um^2, icg=0.000um^2, dcg=0.000um^2, l=0.000um^2, total=0.000um^2
      cell capacitance : b=0.000pF, i=0.000pF, icg=0.000pF, dcg=0.000pF, l=0.000pF, total=0.000pF
      sink capacitance : total=0.019pF, avg=0.000pF, sd=0.000pF, min=0.000pF, max=0.000pF
      wire capacitance : top=0.000pF, trunk=0.000pF, leaf=0.029pF, total=0.029pF
      wire lengths     : top=0.000um, trunk=0.000um, leaf=304.159um, total=304.159um
      hp wire lengths  : top=0.000um, trunk=0.000um, leaf=0.000um, total=0.000um
    Clock DAG net violations after 'Fixing clock tree slew time and max cap violations': none
    Clock DAG primary half-corner transition distribution after 'Fixing clock tree slew time and max cap violations':
      Leaf : target=0.085ns count=1 avg=0.005ns sd=0.000ns min=0.005ns max=0.005ns {1 <= 0.051ns, 0 <= 0.068ns, 0 <= 0.076ns, 0 <= 0.080ns, 0 <= 0.085ns}
    Primary reporting skew groups after 'Fixing clock tree slew time and max cap violations':
      skew_group clk/constraints_default: insertion delay [min=0.001, max=0.002], skew [0.001 vs 0.095]
    Skew group summary after 'Fixing clock tree slew time and max cap violations':
      skew_group clk/constraints_default: insertion delay [min=0.001, max=0.002], skew [0.001 vs 0.095]
    Legalizer API calls during this step: 0 succeeded with high effort: 0 succeeded with medium effort: 0 succeeded with low effort: 0 succeeded with basic effort: 0 succeeded with basic unbounded effort: 0
  Fixing clock tree slew time and max cap violations done. (took cpu=0:00:00.0 real=0:00:00.0)
  Fixing clock tree slew time and max cap violations - detailed pass...
    Fixing clock tree overload: ...20% ...40% ...60% ...80% ...100% 
    Clock DAG stats after 'Fixing clock tree slew time and max cap violations - detailed pass':
      cell counts      : b=0, i=0, icg=0, dcg=0, l=0, total=0
      sink counts      : regular=88, enable_latch=0, load_capacitance=0, antenna=0, node_sink=0, total=88
      misc counts      : r=1, pp=0, mci=0
      cell areas       : b=0.000um^2, i=0.000um^2, icg=0.000um^2, dcg=0.000um^2, l=0.000um^2, total=0.000um^2
      cell capacitance : b=0.000pF, i=0.000pF, icg=0.000pF, dcg=0.000pF, l=0.000pF, total=0.000pF
      sink capacitance : total=0.019pF, avg=0.000pF, sd=0.000pF, min=0.000pF, max=0.000pF
      wire capacitance : top=0.000pF, trunk=0.000pF, leaf=0.029pF, total=0.029pF
      wire lengths     : top=0.000um, trunk=0.000um, leaf=304.159um, total=304.159um
      hp wire lengths  : top=0.000um, trunk=0.000um, leaf=0.000um, total=0.000um
    Clock DAG net violations after 'Fixing clock tree slew time and max cap violations - detailed pass': none
    Clock DAG primary half-corner transition distribution after 'Fixing clock tree slew time and max cap violations - detailed pass':
      Leaf : target=0.085ns count=1 avg=0.005ns sd=0.000ns min=0.005ns max=0.005ns {1 <= 0.051ns, 0 <= 0.068ns, 0 <= 0.076ns, 0 <= 0.080ns, 0 <= 0.085ns}
    Primary reporting skew groups after 'Fixing clock tree slew time and max cap violations - detailed pass':
      skew_group clk/constraints_default: insertion delay [min=0.001, max=0.002, avg=0.002, sd=0.000, skn=-0.407, kur=-1.159], skew [0.001 vs 0.095], 100% {0.001, 0.002} (wid=0.002 ws=0.001) (gid=0.000 gs=0.000)
    Skew group summary after 'Fixing clock tree slew time and max cap violations - detailed pass':
      skew_group clk/constraints_default: insertion delay [min=0.001, max=0.002, avg=0.002, sd=0.000, skn=-0.407, kur=-1.159], skew [0.001 vs 0.095], 100% {0.001, 0.002} (wid=0.002 ws=0.001) (gid=0.000 gs=0.000)
    Legalizer API calls during this step: 0 succeeded with high effort: 0 succeeded with medium effort: 0 succeeded with low effort: 0 succeeded with basic effort: 0 succeeded with basic unbounded effort: 0
  Fixing clock tree slew time and max cap violations - detailed pass done. (took cpu=0:00:00.0 real=0:00:00.0)
  Stage::DRV Fixing done. (took cpu=0:00:00.0 real=0:00:00.0)
  Stage::Insertion Delay Reduction...
  Removing unnecessary root buffering...
    Clock DAG stats after 'Removing unnecessary root buffering':
      cell counts      : b=0, i=0, icg=0, dcg=0, l=0, total=0
      sink counts      : regular=88, enable_latch=0, load_capacitance=0, antenna=0, node_sink=0, total=88
      misc counts      : r=1, pp=0, mci=0
      cell areas       : b=0.000um^2, i=0.000um^2, icg=0.000um^2, dcg=0.000um^2, l=0.000um^2, total=0.000um^2
      cell capacitance : b=0.000pF, i=0.000pF, icg=0.000pF, dcg=0.000pF, l=0.000pF, total=0.000pF
      sink capacitance : total=0.019pF, avg=0.000pF, sd=0.000pF, min=0.000pF, max=0.000pF
      wire capacitance : top=0.000pF, trunk=0.000pF, leaf=0.029pF, total=0.029pF
      wire lengths     : top=0.000um, trunk=0.000um, leaf=304.159um, total=304.159um
      hp wire lengths  : top=0.000um, trunk=0.000um, leaf=0.000um, total=0.000um
    Clock DAG net violations after 'Removing unnecessary root buffering': none
    Clock DAG primary half-corner transition distribution after 'Removing unnecessary root buffering':
      Leaf : target=0.085ns count=1 avg=0.005ns sd=0.000ns min=0.005ns max=0.005ns {1 <= 0.051ns, 0 <= 0.068ns, 0 <= 0.076ns, 0 <= 0.080ns, 0 <= 0.085ns}
    Primary reporting skew groups after 'Removing unnecessary root buffering':
      skew_group clk/constraints_default: insertion delay [min=0.001, max=0.002], skew [0.001 vs 0.095]
    Skew group summary after 'Removing unnecessary root buffering':
      skew_group clk/constraints_default: insertion delay [min=0.001, max=0.002], skew [0.001 vs 0.095]
    Legalizer API calls during this step: 0 succeeded with high effort: 0 succeeded with medium effort: 0 succeeded with low effort: 0 succeeded with basic effort: 0 succeeded with basic unbounded effort: 0
  Removing unnecessary root buffering done. (took cpu=0:00:00.0 real=0:00:00.0)
  Removing unconstrained drivers...
    Clock DAG stats after 'Removing unconstrained drivers':
      cell counts      : b=0, i=0, icg=0, dcg=0, l=0, total=0
      sink counts      : regular=88, enable_latch=0, load_capacitance=0, antenna=0, node_sink=0, total=88
      misc counts      : r=1, pp=0, mci=0
      cell areas       : b=0.000um^2, i=0.000um^2, icg=0.000um^2, dcg=0.000um^2, l=0.000um^2, total=0.000um^2
      cell capacitance : b=0.000pF, i=0.000pF, icg=0.000pF, dcg=0.000pF, l=0.000pF, total=0.000pF
      sink capacitance : total=0.019pF, avg=0.000pF, sd=0.000pF, min=0.000pF, max=0.000pF
      wire capacitance : top=0.000pF, trunk=0.000pF, leaf=0.029pF, total=0.029pF
      wire lengths     : top=0.000um, trunk=0.000um, leaf=304.159um, total=304.159um
      hp wire lengths  : top=0.000um, trunk=0.000um, leaf=0.000um, total=0.000um
    Clock DAG net violations after 'Removing unconstrained drivers': none
    Clock DAG primary half-corner transition distribution after 'Removing unconstrained drivers':
      Leaf : target=0.085ns count=1 avg=0.005ns sd=0.000ns min=0.005ns max=0.005ns {1 <= 0.051ns, 0 <= 0.068ns, 0 <= 0.076ns, 0 <= 0.080ns, 0 <= 0.085ns}
    Primary reporting skew groups after 'Removing unconstrained drivers':
      skew_group clk/constraints_default: insertion delay [min=0.001, max=0.002], skew [0.001 vs 0.095]
    Skew group summary after 'Removing unconstrained drivers':
      skew_group clk/constraints_default: insertion delay [min=0.001, max=0.002], skew [0.001 vs 0.095]
    Legalizer API calls during this step: 0 succeeded with high effort: 0 succeeded with medium effort: 0 succeeded with low effort: 0 succeeded with basic effort: 0 succeeded with basic unbounded effort: 0
  Removing unconstrained drivers done. (took cpu=0:00:00.0 real=0:00:00.0)
  Reducing insertion delay 1...
    Clock DAG stats after 'Reducing insertion delay 1':
      cell counts      : b=0, i=0, icg=0, dcg=0, l=0, total=0
      sink counts      : regular=88, enable_latch=0, load_capacitance=0, antenna=0, node_sink=0, total=88
      misc counts      : r=1, pp=0, mci=0
      cell areas       : b=0.000um^2, i=0.000um^2, icg=0.000um^2, dcg=0.000um^2, l=0.000um^2, total=0.000um^2
      cell capacitance : b=0.000pF, i=0.000pF, icg=0.000pF, dcg=0.000pF, l=0.000pF, total=0.000pF
      sink capacitance : total=0.019pF, avg=0.000pF, sd=0.000pF, min=0.000pF, max=0.000pF
      wire capacitance : top=0.000pF, trunk=0.000pF, leaf=0.029pF, total=0.029pF
      wire lengths     : top=0.000um, trunk=0.000um, leaf=304.159um, total=304.159um
      hp wire lengths  : top=0.000um, trunk=0.000um, leaf=0.000um, total=0.000um
    Clock DAG net violations after 'Reducing insertion delay 1': none
    Clock DAG primary half-corner transition distribution after 'Reducing insertion delay 1':
      Leaf : target=0.085ns count=1 avg=0.005ns sd=0.000ns min=0.005ns max=0.005ns {1 <= 0.051ns, 0 <= 0.068ns, 0 <= 0.076ns, 0 <= 0.080ns, 0 <= 0.085ns}
    Primary reporting skew groups after 'Reducing insertion delay 1':
      skew_group clk/constraints_default: insertion delay [min=0.001, max=0.002], skew [0.001 vs 0.095]
    Skew group summary after 'Reducing insertion delay 1':
      skew_group clk/constraints_default: insertion delay [min=0.001, max=0.002], skew [0.001 vs 0.095]
    Legalizer API calls during this step: 3 succeeded with high effort: 3 succeeded with medium effort: 0 succeeded with low effort: 0 succeeded with basic effort: 0 succeeded with basic unbounded effort: 0
  Reducing insertion delay 1 done. (took cpu=0:00:00.0 real=0:00:00.0)
  Removing longest path buffering...
    Clock DAG stats after 'Removing longest path buffering':
      cell counts      : b=0, i=0, icg=0, dcg=0, l=0, total=0
      sink counts      : regular=88, enable_latch=0, load_capacitance=0, antenna=0, node_sink=0, total=88
      misc counts      : r=1, pp=0, mci=0
      cell areas       : b=0.000um^2, i=0.000um^2, icg=0.000um^2, dcg=0.000um^2, l=0.000um^2, total=0.000um^2
      cell capacitance : b=0.000pF, i=0.000pF, icg=0.000pF, dcg=0.000pF, l=0.000pF, total=0.000pF
      sink capacitance : total=0.019pF, avg=0.000pF, sd=0.000pF, min=0.000pF, max=0.000pF
      wire capacitance : top=0.000pF, trunk=0.000pF, leaf=0.029pF, total=0.029pF
      wire lengths     : top=0.000um, trunk=0.000um, leaf=304.159um, total=304.159um
      hp wire lengths  : top=0.000um, trunk=0.000um, leaf=0.000um, total=0.000um
    Clock DAG net violations after 'Removing longest path buffering': none
    Clock DAG primary half-corner transition distribution after 'Removing longest path buffering':
      Leaf : target=0.085ns count=1 avg=0.005ns sd=0.000ns min=0.005ns max=0.005ns {1 <= 0.051ns, 0 <= 0.068ns, 0 <= 0.076ns, 0 <= 0.080ns, 0 <= 0.085ns}
    Primary reporting skew groups after 'Removing longest path buffering':
      skew_group clk/constraints_default: insertion delay [min=0.001, max=0.002], skew [0.001 vs 0.095]
    Skew group summary after 'Removing longest path buffering':
      skew_group clk/constraints_default: insertion delay [min=0.001, max=0.002], skew [0.001 vs 0.095]
    Legalizer API calls during this step: 0 succeeded with high effort: 0 succeeded with medium effort: 0 succeeded with low effort: 0 succeeded with basic effort: 0 succeeded with basic unbounded effort: 0
  Removing longest path buffering done. (took cpu=0:00:00.0 real=0:00:00.0)
  Reducing delay of long paths...
    Clock DAG stats after 'Reducing delay of long paths':
      cell counts      : b=0, i=0, icg=0, dcg=0, l=0, total=0
      sink counts      : regular=88, enable_latch=0, load_capacitance=0, antenna=0, node_sink=0, total=88
      misc counts      : r=1, pp=0, mci=0
      cell areas       : b=0.000um^2, i=0.000um^2, icg=0.000um^2, dcg=0.000um^2, l=0.000um^2, total=0.000um^2
      cell capacitance : b=0.000pF, i=0.000pF, icg=0.000pF, dcg=0.000pF, l=0.000pF, total=0.000pF
      sink capacitance : total=0.019pF, avg=0.000pF, sd=0.000pF, min=0.000pF, max=0.000pF
      wire capacitance : top=0.000pF, trunk=0.000pF, leaf=0.029pF, total=0.029pF
      wire lengths     : top=0.000um, trunk=0.000um, leaf=304.159um, total=304.159um
      hp wire lengths  : top=0.000um, trunk=0.000um, leaf=0.000um, total=0.000um
    Clock DAG net violations after 'Reducing delay of long paths': none
    Clock DAG primary half-corner transition distribution after 'Reducing delay of long paths':
      Leaf : target=0.085ns count=1 avg=0.005ns sd=0.000ns min=0.005ns max=0.005ns {1 <= 0.051ns, 0 <= 0.068ns, 0 <= 0.076ns, 0 <= 0.080ns, 0 <= 0.085ns}
    Primary reporting skew groups after 'Reducing delay of long paths':
      skew_group clk/constraints_default: insertion delay [min=0.001, max=0.002, avg=0.002, sd=0.000, skn=-0.407, kur=-1.159], skew [0.001 vs 0.095], 100% {0.001, 0.002} (wid=0.002 ws=0.001) (gid=0.000 gs=0.000)
    Skew group summary after 'Reducing delay of long paths':
      skew_group clk/constraints_default: insertion delay [min=0.001, max=0.002, avg=0.002, sd=0.000, skn=-0.407, kur=-1.159], skew [0.001 vs 0.095], 100% {0.001, 0.002} (wid=0.002 ws=0.001) (gid=0.000 gs=0.000)
    Legalizer API calls during this step: 0 succeeded with high effort: 0 succeeded with medium effort: 0 succeeded with low effort: 0 succeeded with basic effort: 0 succeeded with basic unbounded effort: 0
  Reducing delay of long paths done. (took cpu=0:00:00.0 real=0:00:00.0)
  Stage::Insertion Delay Reduction done. (took cpu=0:00:00.0 real=0:00:00.0)
  CCOpt::Phase::Construction done. (took cpu=0:00:03.0 real=0:00:03.0)
  CCOpt::Phase::Implementation...
  Stage::Reducing Power...
  Improving clock tree routing...
    Iteration 1...
    Iteration 1 done.
    Clock DAG stats after 'Improving clock tree routing':
      cell counts      : b=0, i=0, icg=0, dcg=0, l=0, total=0
      sink counts      : regular=88, enable_latch=0, load_capacitance=0, antenna=0, node_sink=0, total=88
      misc counts      : r=1, pp=0, mci=0
      cell areas       : b=0.000um^2, i=0.000um^2, icg=0.000um^2, dcg=0.000um^2, l=0.000um^2, total=0.000um^2
      cell capacitance : b=0.000pF, i=0.000pF, icg=0.000pF, dcg=0.000pF, l=0.000pF, total=0.000pF
      sink capacitance : total=0.019pF, avg=0.000pF, sd=0.000pF, min=0.000pF, max=0.000pF
      wire capacitance : top=0.000pF, trunk=0.000pF, leaf=0.029pF, total=0.029pF
      wire lengths     : top=0.000um, trunk=0.000um, leaf=304.159um, total=304.159um
      hp wire lengths  : top=0.000um, trunk=0.000um, leaf=0.000um, total=0.000um
    Clock DAG net violations after 'Improving clock tree routing': none
    Clock DAG primary half-corner transition distribution after 'Improving clock tree routing':
      Leaf : target=0.085ns count=1 avg=0.005ns sd=0.000ns min=0.005ns max=0.005ns {1 <= 0.051ns, 0 <= 0.068ns, 0 <= 0.076ns, 0 <= 0.080ns, 0 <= 0.085ns}
    Primary reporting skew groups after 'Improving clock tree routing':
      skew_group clk/constraints_default: insertion delay [min=0.001, max=0.002], skew [0.001 vs 0.095]
    Skew group summary after 'Improving clock tree routing':
      skew_group clk/constraints_default: insertion delay [min=0.001, max=0.002], skew [0.001 vs 0.095]
    Legalizer API calls during this step: 0 succeeded with high effort: 0 succeeded with medium effort: 0 succeeded with low effort: 0 succeeded with basic effort: 0 succeeded with basic unbounded effort: 0
  Improving clock tree routing done. (took cpu=0:00:00.0 real=0:00:00.0)
  Reducing clock tree power 1...
    Resizing gates: 
    ...20% ...40% ...60% ...80% ...Legalizing clock trees...
    Legalizing clock trees done. (took cpu=0:00:00.0 real=0:00:00.0)
    100% 
    Clock DAG stats after 'Reducing clock tree power 1':
      cell counts      : b=0, i=0, icg=0, dcg=0, l=0, total=0
      sink counts      : regular=88, enable_latch=0, load_capacitance=0, antenna=0, node_sink=0, total=88
      misc counts      : r=1, pp=0, mci=0
      cell areas       : b=0.000um^2, i=0.000um^2, icg=0.000um^2, dcg=0.000um^2, l=0.000um^2, total=0.000um^2
      cell capacitance : b=0.000pF, i=0.000pF, icg=0.000pF, dcg=0.000pF, l=0.000pF, total=0.000pF
      sink capacitance : total=0.019pF, avg=0.000pF, sd=0.000pF, min=0.000pF, max=0.000pF
      wire capacitance : top=0.000pF, trunk=0.000pF, leaf=0.029pF, total=0.029pF
      wire lengths     : top=0.000um, trunk=0.000um, leaf=304.159um, total=304.159um
      hp wire lengths  : top=0.000um, trunk=0.000um, leaf=0.000um, total=0.000um
    Clock DAG net violations after 'Reducing clock tree power 1': none
    Clock DAG primary half-corner transition distribution after 'Reducing clock tree power 1':
      Leaf : target=0.085ns count=1 avg=0.005ns sd=0.000ns min=0.005ns max=0.005ns {1 <= 0.051ns, 0 <= 0.068ns, 0 <= 0.076ns, 0 <= 0.080ns, 0 <= 0.085ns}
    Primary reporting skew groups after 'Reducing clock tree power 1':
      skew_group clk/constraints_default: insertion delay [min=0.001, max=0.002], skew [0.001 vs 0.095]
    Skew group summary after 'Reducing clock tree power 1':
      skew_group clk/constraints_default: insertion delay [min=0.001, max=0.002], skew [0.001 vs 0.095]
    Legalizer API calls during this step: 0 succeeded with high effort: 0 succeeded with medium effort: 0 succeeded with low effort: 0 succeeded with basic effort: 0 succeeded with basic unbounded effort: 0
  Reducing clock tree power 1 done. (took cpu=0:00:00.0 real=0:00:00.0)
  Reducing clock tree power 2...
    Clock DAG stats after 'Reducing clock tree power 2':
      cell counts      : b=0, i=0, icg=0, dcg=0, l=0, total=0
      sink counts      : regular=88, enable_latch=0, load_capacitance=0, antenna=0, node_sink=0, total=88
      misc counts      : r=1, pp=0, mci=0
      cell areas       : b=0.000um^2, i=0.000um^2, icg=0.000um^2, dcg=0.000um^2, l=0.000um^2, total=0.000um^2
      cell capacitance : b=0.000pF, i=0.000pF, icg=0.000pF, dcg=0.000pF, l=0.000pF, total=0.000pF
      sink capacitance : total=0.019pF, avg=0.000pF, sd=0.000pF, min=0.000pF, max=0.000pF
      wire capacitance : top=0.000pF, trunk=0.000pF, leaf=0.029pF, total=0.029pF
      wire lengths     : top=0.000um, trunk=0.000um, leaf=304.159um, total=304.159um
      hp wire lengths  : top=0.000um, trunk=0.000um, leaf=0.000um, total=0.000um
    Clock DAG net violations after 'Reducing clock tree power 2': none
    Clock DAG primary half-corner transition distribution after 'Reducing clock tree power 2':
      Leaf : target=0.085ns count=1 avg=0.005ns sd=0.000ns min=0.005ns max=0.005ns {1 <= 0.051ns, 0 <= 0.068ns, 0 <= 0.076ns, 0 <= 0.080ns, 0 <= 0.085ns}
    Primary reporting skew groups after 'Reducing clock tree power 2':
      skew_group clk/constraints_default: insertion delay [min=0.001, max=0.002, avg=0.002, sd=0.000, skn=-0.407, kur=-1.159], skew [0.001 vs 0.095], 100% {0.001, 0.002} (wid=0.002 ws=0.001) (gid=0.000 gs=0.000)
    Skew group summary after 'Reducing clock tree power 2':
      skew_group clk/constraints_default: insertion delay [min=0.001, max=0.002, avg=0.002, sd=0.000, skn=-0.407, kur=-1.159], skew [0.001 vs 0.095], 100% {0.001, 0.002} (wid=0.002 ws=0.001) (gid=0.000 gs=0.000)
    Legalizer API calls during this step: 0 succeeded with high effort: 0 succeeded with medium effort: 0 succeeded with low effort: 0 succeeded with basic effort: 0 succeeded with basic unbounded effort: 0
  Reducing clock tree power 2 done. (took cpu=0:00:00.0 real=0:00:00.0)
  Stage::Reducing Power done. (took cpu=0:00:00.0 real=0:00:00.0)
  Stage::Balancing...
  Improving subtree skew...
    Clock DAG stats after 'Improving subtree skew':
      cell counts      : b=0, i=0, icg=0, dcg=0, l=0, total=0
      sink counts      : regular=88, enable_latch=0, load_capacitance=0, antenna=0, node_sink=0, total=88
      misc counts      : r=1, pp=0, mci=0
      cell areas       : b=0.000um^2, i=0.000um^2, icg=0.000um^2, dcg=0.000um^2, l=0.000um^2, total=0.000um^2
      cell capacitance : b=0.000pF, i=0.000pF, icg=0.000pF, dcg=0.000pF, l=0.000pF, total=0.000pF
      sink capacitance : total=0.019pF, avg=0.000pF, sd=0.000pF, min=0.000pF, max=0.000pF
      wire capacitance : top=0.000pF, trunk=0.000pF, leaf=0.029pF, total=0.029pF
      wire lengths     : top=0.000um, trunk=0.000um, leaf=304.159um, total=304.159um
      hp wire lengths  : top=0.000um, trunk=0.000um, leaf=0.000um, total=0.000um
    Clock DAG net violations after 'Improving subtree skew': none
    Clock DAG primary half-corner transition distribution after 'Improving subtree skew':
      Leaf : target=0.085ns count=1 avg=0.005ns sd=0.000ns min=0.005ns max=0.005ns {1 <= 0.051ns, 0 <= 0.068ns, 0 <= 0.076ns, 0 <= 0.080ns, 0 <= 0.085ns}
    Primary reporting skew groups after 'Improving subtree skew':
      skew_group clk/constraints_default: insertion delay [min=0.001, max=0.002, avg=0.002, sd=0.000, skn=-0.407, kur=-1.159], skew [0.001 vs 0.095], 100% {0.001, 0.002} (wid=0.002 ws=0.001) (gid=0.000 gs=0.000)
    Skew group summary after 'Improving subtree skew':
      skew_group clk/constraints_default: insertion delay [min=0.001, max=0.002, avg=0.002, sd=0.000, skn=-0.407, kur=-1.159], skew [0.001 vs 0.095], 100% {0.001, 0.002} (wid=0.002 ws=0.001) (gid=0.000 gs=0.000)
    Legalizer API calls during this step: 0 succeeded with high effort: 0 succeeded with medium effort: 0 succeeded with low effort: 0 succeeded with basic effort: 0 succeeded with basic unbounded effort: 0
  Improving subtree skew done. (took cpu=0:00:00.0 real=0:00:00.0)
  Offloading subtrees by buffering...
    Clock DAG stats after 'Offloading subtrees by buffering':
      cell counts      : b=0, i=0, icg=0, dcg=0, l=0, total=0
      sink counts      : regular=88, enable_latch=0, load_capacitance=0, antenna=0, node_sink=0, total=88
      misc counts      : r=1, pp=0, mci=0
      cell areas       : b=0.000um^2, i=0.000um^2, icg=0.000um^2, dcg=0.000um^2, l=0.000um^2, total=0.000um^2
      cell capacitance : b=0.000pF, i=0.000pF, icg=0.000pF, dcg=0.000pF, l=0.000pF, total=0.000pF
      sink capacitance : total=0.019pF, avg=0.000pF, sd=0.000pF, min=0.000pF, max=0.000pF
      wire capacitance : top=0.000pF, trunk=0.000pF, leaf=0.029pF, total=0.029pF
      wire lengths     : top=0.000um, trunk=0.000um, leaf=304.159um, total=304.159um
      hp wire lengths  : top=0.000um, trunk=0.000um, leaf=0.000um, total=0.000um
    Clock DAG net violations after 'Offloading subtrees by buffering': none
    Clock DAG primary half-corner transition distribution after 'Offloading subtrees by buffering':
      Leaf : target=0.085ns count=1 avg=0.005ns sd=0.000ns min=0.005ns max=0.005ns {1 <= 0.051ns, 0 <= 0.068ns, 0 <= 0.076ns, 0 <= 0.080ns, 0 <= 0.085ns}
    Primary reporting skew groups after 'Offloading subtrees by buffering':
      skew_group clk/constraints_default: insertion delay [min=0.001, max=0.002, avg=0.002, sd=0.000, skn=-0.407, kur=-1.159], skew [0.001 vs 0.095], 100% {0.001, 0.002} (wid=0.002 ws=0.001) (gid=0.000 gs=0.000)
    Skew group summary after 'Offloading subtrees by buffering':
      skew_group clk/constraints_default: insertion delay [min=0.001, max=0.002, avg=0.002, sd=0.000, skn=-0.407, kur=-1.159], skew [0.001 vs 0.095], 100% {0.001, 0.002} (wid=0.002 ws=0.001) (gid=0.000 gs=0.000)
    Legalizer API calls during this step: 0 succeeded with high effort: 0 succeeded with medium effort: 0 succeeded with low effort: 0 succeeded with basic effort: 0 succeeded with basic unbounded effort: 0
  Offloading subtrees by buffering done. (took cpu=0:00:00.0 real=0:00:00.0)
  AdjustingMinPinPIDs for balancing...
    Approximately balancing fragments step...
      Resolve constraints - Approximately balancing fragments...
      Resolving skew group constraints...
        Solving LP: 1 skew groups; 2 fragments, 2 fraglets and 3 vertices; 12 variables and 27 constraints; tolerance 1
      Resolving skew group constraints done.
      Resolve constraints - Approximately balancing fragments done. (took cpu=0:00:00.0 real=0:00:00.0)
      Estimate delay to be added in balancing - Approximately balancing fragments...
      Trial balancer estimated the amount of delay to be added in balancing: 0.000ns
      Estimate delay to be added in balancing - Approximately balancing fragments done. (took cpu=0:00:00.0 real=0:00:00.0)
      Approximately balancing fragments...
        Moving gates to improve sub-tree skew...
          Tried: 2 Succeeded: 0
          Topology Tried: 0 Succeeded: 0
          0 Succeeded with SS ratio
          0 Succeeded with Lollipop: 0 with tier one, 0 with tier two. 
          Total reducing skew: 0 Average reducing skew for 0 nets : 0
          Clock DAG stats after 'Moving gates to improve sub-tree skew':
            cell counts      : b=0, i=0, icg=0, dcg=0, l=0, total=0
            sink counts      : regular=88, enable_latch=0, load_capacitance=0, antenna=0, node_sink=0, total=88
            misc counts      : r=1, pp=0, mci=0
            cell areas       : b=0.000um^2, i=0.000um^2, icg=0.000um^2, dcg=0.000um^2, l=0.000um^2, total=0.000um^2
            cell capacitance : b=0.000pF, i=0.000pF, icg=0.000pF, dcg=0.000pF, l=0.000pF, total=0.000pF
            sink capacitance : total=0.019pF, avg=0.000pF, sd=0.000pF, min=0.000pF, max=0.000pF
            wire capacitance : top=0.000pF, trunk=0.000pF, leaf=0.029pF, total=0.029pF
            wire lengths     : top=0.000um, trunk=0.000um, leaf=304.159um, total=304.159um
            hp wire lengths  : top=0.000um, trunk=0.000um, leaf=0.000um, total=0.000um
          Clock DAG net violations after 'Moving gates to improve sub-tree skew': none
          Clock DAG primary half-corner transition distribution after 'Moving gates to improve sub-tree skew':
            Leaf : target=0.085ns count=1 avg=0.005ns sd=0.000ns min=0.005ns max=0.005ns {1 <= 0.051ns, 0 <= 0.068ns, 0 <= 0.076ns, 0 <= 0.080ns, 0 <= 0.085ns}
          Legalizer API calls during this step: 0 succeeded with high effort: 0 succeeded with medium effort: 0 succeeded with low effort: 0 succeeded with basic effort: 0 succeeded with basic unbounded effort: 0
        Moving gates to improve sub-tree skew done. (took cpu=0:00:00.0 real=0:00:00.0)
        Approximately balancing fragments bottom up...
          Clock DAG stats after 'Approximately balancing fragments bottom up':
            cell counts      : b=0, i=0, icg=0, dcg=0, l=0, total=0
            sink counts      : regular=88, enable_latch=0, load_capacitance=0, antenna=0, node_sink=0, total=88
            misc counts      : r=1, pp=0, mci=0
            cell areas       : b=0.000um^2, i=0.000um^2, icg=0.000um^2, dcg=0.000um^2, l=0.000um^2, total=0.000um^2
            cell capacitance : b=0.000pF, i=0.000pF, icg=0.000pF, dcg=0.000pF, l=0.000pF, total=0.000pF
            sink capacitance : total=0.019pF, avg=0.000pF, sd=0.000pF, min=0.000pF, max=0.000pF
            wire capacitance : top=0.000pF, trunk=0.000pF, leaf=0.029pF, total=0.029pF
            wire lengths     : top=0.000um, trunk=0.000um, leaf=304.159um, total=304.159um
            hp wire lengths  : top=0.000um, trunk=0.000um, leaf=0.000um, total=0.000um
          Clock DAG net violations after 'Approximately balancing fragments bottom up': none
          Clock DAG primary half-corner transition distribution after 'Approximately balancing fragments bottom up':
            Leaf : target=0.085ns count=1 avg=0.005ns sd=0.000ns min=0.005ns max=0.005ns {1 <= 0.051ns, 0 <= 0.068ns, 0 <= 0.076ns, 0 <= 0.080ns, 0 <= 0.085ns}
          Legalizer API calls during this step: 0 succeeded with high effort: 0 succeeded with medium effort: 0 succeeded with low effort: 0 succeeded with basic effort: 0 succeeded with basic unbounded effort: 0
        Approximately balancing fragments bottom up done. (took cpu=0:00:00.0 real=0:00:00.0)
        
        Virtual Delay Histogram:
        
        ---------------
        Histogram
        ---------------
        {89 <= 0.000ns}
        ---------------
        
        Virtual delay statistics:
        
        ------------------------------------------------------
        Mean     Min      Max      Std. Dev    Count     Total
        ------------------------------------------------------
        0.000    0.000    0.000     0.000      89.000    0.000
        ------------------------------------------------------
        
        Biggest Virtual delays:
        
        ---------------------------------------
        Virtual    Clock Tree    Pin    Pre-CTS
        Delay                           net
        ---------------------------------------
          (empty table)
        ---------------------------------------
        
        Approximately balancing fragments, wire and cell delays...
        Approximately balancing fragments, wire and cell delays, iteration 1...
          Clock DAG stats after Approximately balancing fragments, wire and cell delays, iteration 1:
            cell counts      : b=0, i=0, icg=0, dcg=0, l=0, total=0
            sink counts      : regular=88, enable_latch=0, load_capacitance=0, antenna=0, node_sink=0, total=88
            misc counts      : r=1, pp=0, mci=0
            cell areas       : b=0.000um^2, i=0.000um^2, icg=0.000um^2, dcg=0.000um^2, l=0.000um^2, total=0.000um^2
            cell capacitance : b=0.000pF, i=0.000pF, icg=0.000pF, dcg=0.000pF, l=0.000pF, total=0.000pF
            sink capacitance : total=0.019pF, avg=0.000pF, sd=0.000pF, min=0.000pF, max=0.000pF
            wire capacitance : top=0.000pF, trunk=0.000pF, leaf=0.029pF, total=0.029pF
            wire lengths     : top=0.000um, trunk=0.000um, leaf=304.159um, total=304.159um
            hp wire lengths  : top=0.000um, trunk=0.000um, leaf=0.000um, total=0.000um
          Clock DAG net violations after Approximately balancing fragments, wire and cell delays, iteration 1: none
          Clock DAG primary half-corner transition distribution after Approximately balancing fragments, wire and cell delays, iteration 1:
            Leaf : target=0.085ns count=1 avg=0.005ns sd=0.000ns min=0.005ns max=0.005ns {1 <= 0.051ns, 0 <= 0.068ns, 0 <= 0.076ns, 0 <= 0.080ns, 0 <= 0.085ns}
        Approximately balancing fragments, wire and cell delays, iteration 1 done.
        Approximately balancing fragments, wire and cell delays done. (took cpu=0:00:00.0 real=0:00:00.0)
      Approximately balancing fragments done.
      Clock DAG stats after 'Approximately balancing fragments step':
        cell counts      : b=0, i=0, icg=0, dcg=0, l=0, total=0
        sink counts      : regular=88, enable_latch=0, load_capacitance=0, antenna=0, node_sink=0, total=88
        misc counts      : r=1, pp=0, mci=0
        cell areas       : b=0.000um^2, i=0.000um^2, icg=0.000um^2, dcg=0.000um^2, l=0.000um^2, total=0.000um^2
        cell capacitance : b=0.000pF, i=0.000pF, icg=0.000pF, dcg=0.000pF, l=0.000pF, total=0.000pF
        sink capacitance : total=0.019pF, avg=0.000pF, sd=0.000pF, min=0.000pF, max=0.000pF
        wire capacitance : top=0.000pF, trunk=0.000pF, leaf=0.029pF, total=0.029pF
        wire lengths     : top=0.000um, trunk=0.000um, leaf=304.159um, total=304.159um
        hp wire lengths  : top=0.000um, trunk=0.000um, leaf=0.000um, total=0.000um
      Clock DAG net violations after 'Approximately balancing fragments step': none
      Clock DAG primary half-corner transition distribution after 'Approximately balancing fragments step':
        Leaf : target=0.085ns count=1 avg=0.005ns sd=0.000ns min=0.005ns max=0.005ns {1 <= 0.051ns, 0 <= 0.068ns, 0 <= 0.076ns, 0 <= 0.080ns, 0 <= 0.085ns}
      Legalizer API calls during this step: 0 succeeded with high effort: 0 succeeded with medium effort: 0 succeeded with low effort: 0 succeeded with basic effort: 0 succeeded with basic unbounded effort: 0
    Approximately balancing fragments step done. (took cpu=0:00:00.0 real=0:00:00.0)
    Clock DAG stats after Approximately balancing fragments:
      cell counts      : b=0, i=0, icg=0, dcg=0, l=0, total=0
      sink counts      : regular=88, enable_latch=0, load_capacitance=0, antenna=0, node_sink=0, total=88
      misc counts      : r=1, pp=0, mci=0
      cell areas       : b=0.000um^2, i=0.000um^2, icg=0.000um^2, dcg=0.000um^2, l=0.000um^2, total=0.000um^2
      cell capacitance : b=0.000pF, i=0.000pF, icg=0.000pF, dcg=0.000pF, l=0.000pF, total=0.000pF
      sink capacitance : total=0.019pF, avg=0.000pF, sd=0.000pF, min=0.000pF, max=0.000pF
      wire capacitance : top=0.000pF, trunk=0.000pF, leaf=0.029pF, total=0.029pF
      wire lengths     : top=0.000um, trunk=0.000um, leaf=304.159um, total=304.159um
      hp wire lengths  : top=0.000um, trunk=0.000um, leaf=0.000um, total=0.000um
    Clock DAG net violations after Approximately balancing fragments: none
    Clock DAG primary half-corner transition distribution after Approximately balancing fragments:
      Leaf : target=0.085ns count=1 avg=0.005ns sd=0.000ns min=0.005ns max=0.005ns {1 <= 0.051ns, 0 <= 0.068ns, 0 <= 0.076ns, 0 <= 0.080ns, 0 <= 0.085ns}
    Primary reporting skew groups after Approximately balancing fragments:
      skew_group clk/constraints_default: insertion delay [min=0.001, max=0.002], skew [0.001 vs 0.095]
    Skew group summary after Approximately balancing fragments:
      skew_group clk/constraints_default: insertion delay [min=0.001, max=0.002], skew [0.001 vs 0.095]
    Improving fragments clock skew...
      Clock DAG stats after 'Improving fragments clock skew':
        cell counts      : b=0, i=0, icg=0, dcg=0, l=0, total=0
        sink counts      : regular=88, enable_latch=0, load_capacitance=0, antenna=0, node_sink=0, total=88
        misc counts      : r=1, pp=0, mci=0
        cell areas       : b=0.000um^2, i=0.000um^2, icg=0.000um^2, dcg=0.000um^2, l=0.000um^2, total=0.000um^2
        cell capacitance : b=0.000pF, i=0.000pF, icg=0.000pF, dcg=0.000pF, l=0.000pF, total=0.000pF
        sink capacitance : total=0.019pF, avg=0.000pF, sd=0.000pF, min=0.000pF, max=0.000pF
        wire capacitance : top=0.000pF, trunk=0.000pF, leaf=0.029pF, total=0.029pF
        wire lengths     : top=0.000um, trunk=0.000um, leaf=304.159um, total=304.159um
        hp wire lengths  : top=0.000um, trunk=0.000um, leaf=0.000um, total=0.000um
      Clock DAG net violations after 'Improving fragments clock skew': none
      Clock DAG primary half-corner transition distribution after 'Improving fragments clock skew':
        Leaf : target=0.085ns count=1 avg=0.005ns sd=0.000ns min=0.005ns max=0.005ns {1 <= 0.051ns, 0 <= 0.068ns, 0 <= 0.076ns, 0 <= 0.080ns, 0 <= 0.085ns}
      Primary reporting skew groups after 'Improving fragments clock skew':
        skew_group clk/constraints_default: insertion delay [min=0.001, max=0.002], skew [0.001 vs 0.095]
      Skew group summary after 'Improving fragments clock skew':
        skew_group clk/constraints_default: insertion delay [min=0.001, max=0.002], skew [0.001 vs 0.095]
      Legalizer API calls during this step: 0 succeeded with high effort: 0 succeeded with medium effort: 0 succeeded with low effort: 0 succeeded with basic effort: 0 succeeded with basic unbounded effort: 0
    Improving fragments clock skew done. (took cpu=0:00:00.0 real=0:00:00.0)
    Legalizer API calls during this step: 0 succeeded with high effort: 0 succeeded with medium effort: 0 succeeded with low effort: 0 succeeded with basic effort: 0 succeeded with basic unbounded effort: 0
  AdjustingMinPinPIDs for balancing done. (took cpu=0:00:00.0 real=0:00:00.0)
  Approximately balancing step...
    Resolve constraints - Approximately balancing...
    Resolving skew group constraints...
      Solving LP: 1 skew groups; 2 fragments, 2 fraglets and 3 vertices; 12 variables and 27 constraints; tolerance 1
    Resolving skew group constraints done.
    Resolve constraints - Approximately balancing done. (took cpu=0:00:00.0 real=0:00:00.0)
    Approximately balancing...
      Approximately balancing, wire and cell delays...
      Approximately balancing, wire and cell delays, iteration 1...
        Clock DAG stats after Approximately balancing, wire and cell delays, iteration 1:
          cell counts      : b=0, i=0, icg=0, dcg=0, l=0, total=0
          sink counts      : regular=88, enable_latch=0, load_capacitance=0, antenna=0, node_sink=0, total=88
          misc counts      : r=1, pp=0, mci=0
          cell areas       : b=0.000um^2, i=0.000um^2, icg=0.000um^2, dcg=0.000um^2, l=0.000um^2, total=0.000um^2
          cell capacitance : b=0.000pF, i=0.000pF, icg=0.000pF, dcg=0.000pF, l=0.000pF, total=0.000pF
          sink capacitance : total=0.019pF, avg=0.000pF, sd=0.000pF, min=0.000pF, max=0.000pF
          wire capacitance : top=0.000pF, trunk=0.000pF, leaf=0.029pF, total=0.029pF
          wire lengths     : top=0.000um, trunk=0.000um, leaf=304.159um, total=304.159um
          hp wire lengths  : top=0.000um, trunk=0.000um, leaf=0.000um, total=0.000um
        Clock DAG net violations after Approximately balancing, wire and cell delays, iteration 1: none
        Clock DAG primary half-corner transition distribution after Approximately balancing, wire and cell delays, iteration 1:
          Leaf : target=0.085ns count=1 avg=0.005ns sd=0.000ns min=0.005ns max=0.005ns {1 <= 0.051ns, 0 <= 0.068ns, 0 <= 0.076ns, 0 <= 0.080ns, 0 <= 0.085ns}
      Approximately balancing, wire and cell delays, iteration 1 done.
      Approximately balancing, wire and cell delays done. (took cpu=0:00:00.0 real=0:00:00.0)
    Approximately balancing done.
    Clock DAG stats after 'Approximately balancing step':
      cell counts      : b=0, i=0, icg=0, dcg=0, l=0, total=0
      sink counts      : regular=88, enable_latch=0, load_capacitance=0, antenna=0, node_sink=0, total=88
      misc counts      : r=1, pp=0, mci=0
      cell areas       : b=0.000um^2, i=0.000um^2, icg=0.000um^2, dcg=0.000um^2, l=0.000um^2, total=0.000um^2
      cell capacitance : b=0.000pF, i=0.000pF, icg=0.000pF, dcg=0.000pF, l=0.000pF, total=0.000pF
      sink capacitance : total=0.019pF, avg=0.000pF, sd=0.000pF, min=0.000pF, max=0.000pF
      wire capacitance : top=0.000pF, trunk=0.000pF, leaf=0.029pF, total=0.029pF
      wire lengths     : top=0.000um, trunk=0.000um, leaf=304.159um, total=304.159um
      hp wire lengths  : top=0.000um, trunk=0.000um, leaf=0.000um, total=0.000um
    Clock DAG net violations after 'Approximately balancing step': none
    Clock DAG primary half-corner transition distribution after 'Approximately balancing step':
      Leaf : target=0.085ns count=1 avg=0.005ns sd=0.000ns min=0.005ns max=0.005ns {1 <= 0.051ns, 0 <= 0.068ns, 0 <= 0.076ns, 0 <= 0.080ns, 0 <= 0.085ns}
    Primary reporting skew groups after 'Approximately balancing step':
      skew_group clk/constraints_default: insertion delay [min=0.001, max=0.002], skew [0.001 vs 0.095]
    Skew group summary after 'Approximately balancing step':
      skew_group clk/constraints_default: insertion delay [min=0.001, max=0.002], skew [0.001 vs 0.095]
    Legalizer API calls during this step: 0 succeeded with high effort: 0 succeeded with medium effort: 0 succeeded with low effort: 0 succeeded with basic effort: 0 succeeded with basic unbounded effort: 0
  Approximately balancing step done. (took cpu=0:00:00.0 real=0:00:00.0)
  Approximately balancing paths...
    Added 0 buffers.
    Clock DAG stats after 'Approximately balancing paths':
      cell counts      : b=0, i=0, icg=0, dcg=0, l=0, total=0
      sink counts      : regular=88, enable_latch=0, load_capacitance=0, antenna=0, node_sink=0, total=88
      misc counts      : r=1, pp=0, mci=0
      cell areas       : b=0.000um^2, i=0.000um^2, icg=0.000um^2, dcg=0.000um^2, l=0.000um^2, total=0.000um^2
      cell capacitance : b=0.000pF, i=0.000pF, icg=0.000pF, dcg=0.000pF, l=0.000pF, total=0.000pF
      sink capacitance : total=0.019pF, avg=0.000pF, sd=0.000pF, min=0.000pF, max=0.000pF
      wire capacitance : top=0.000pF, trunk=0.000pF, leaf=0.029pF, total=0.029pF
      wire lengths     : top=0.000um, trunk=0.000um, leaf=304.159um, total=304.159um
      hp wire lengths  : top=0.000um, trunk=0.000um, leaf=0.000um, total=0.000um
    Clock DAG net violations after 'Approximately balancing paths': none
    Clock DAG primary half-corner transition distribution after 'Approximately balancing paths':
      Leaf : target=0.085ns count=1 avg=0.005ns sd=0.000ns min=0.005ns max=0.005ns {1 <= 0.051ns, 0 <= 0.068ns, 0 <= 0.076ns, 0 <= 0.080ns, 0 <= 0.085ns}
    Primary reporting skew groups after 'Approximately balancing paths':
      skew_group clk/constraints_default: insertion delay [min=0.001, max=0.002, avg=0.002, sd=0.000, skn=-0.407, kur=-1.159], skew [0.001 vs 0.095], 100% {0.001, 0.002} (wid=0.002 ws=0.001) (gid=0.000 gs=0.000)
    Skew group summary after 'Approximately balancing paths':
      skew_group clk/constraints_default: insertion delay [min=0.001, max=0.002, avg=0.002, sd=0.000, skn=-0.407, kur=-1.159], skew [0.001 vs 0.095], 100% {0.001, 0.002} (wid=0.002 ws=0.001) (gid=0.000 gs=0.000)
    Legalizer API calls during this step: 0 succeeded with high effort: 0 succeeded with medium effort: 0 succeeded with low effort: 0 succeeded with basic effort: 0 succeeded with basic unbounded effort: 0
  Approximately balancing paths done. (took cpu=0:00:00.0 real=0:00:00.0)
  Stage::Balancing done. (took cpu=0:00:00.0 real=0:00:00.0)
  Stage::Polishing...
  Clock tree timing engine global stage delay update for delay_slow:both.late...
  Clock tree timing engine global stage delay update for delay_slow:both.late done. (took cpu=0:00:00.0 real=0:00:00.0)
  Clock DAG stats before polishing:
    cell counts      : b=0, i=0, icg=0, dcg=0, l=0, total=0
    sink counts      : regular=88, enable_latch=0, load_capacitance=0, antenna=0, node_sink=0, total=88
    misc counts      : r=1, pp=0, mci=0
    cell areas       : b=0.000um^2, i=0.000um^2, icg=0.000um^2, dcg=0.000um^2, l=0.000um^2, total=0.000um^2
    cell capacitance : b=0.000pF, i=0.000pF, icg=0.000pF, dcg=0.000pF, l=0.000pF, total=0.000pF
    sink capacitance : total=0.019pF, avg=0.000pF, sd=0.000pF, min=0.000pF, max=0.000pF
    wire capacitance : top=0.000pF, trunk=0.000pF, leaf=0.029pF, total=0.029pF
    wire lengths     : top=0.000um, trunk=0.000um, leaf=304.159um, total=304.159um
    hp wire lengths  : top=0.000um, trunk=0.000um, leaf=0.000um, total=0.000um
  Clock DAG net violations before polishing: none
  Clock DAG primary half-corner transition distribution before polishing:
    Leaf : target=0.085ns count=1 avg=0.005ns sd=0.000ns min=0.005ns max=0.005ns {1 <= 0.051ns, 0 <= 0.068ns, 0 <= 0.076ns, 0 <= 0.080ns, 0 <= 0.085ns}
  Primary reporting skew groups before polishing:
    skew_group clk/constraints_default: insertion delay [min=0.001, max=0.002], skew [0.001 vs 0.095]
  Skew group summary before polishing:
    skew_group clk/constraints_default: insertion delay [min=0.001, max=0.002], skew [0.001 vs 0.095]
  Merging balancing drivers for power...
    Tried: 2 Succeeded: 0
    Clock DAG stats after 'Merging balancing drivers for power':
      cell counts      : b=0, i=0, icg=0, dcg=0, l=0, total=0
      sink counts      : regular=88, enable_latch=0, load_capacitance=0, antenna=0, node_sink=0, total=88
      misc counts      : r=1, pp=0, mci=0
      cell areas       : b=0.000um^2, i=0.000um^2, icg=0.000um^2, dcg=0.000um^2, l=0.000um^2, total=0.000um^2
      cell capacitance : b=0.000pF, i=0.000pF, icg=0.000pF, dcg=0.000pF, l=0.000pF, total=0.000pF
      sink capacitance : total=0.019pF, avg=0.000pF, sd=0.000pF, min=0.000pF, max=0.000pF
      wire capacitance : top=0.000pF, trunk=0.000pF, leaf=0.029pF, total=0.029pF
      wire lengths     : top=0.000um, trunk=0.000um, leaf=304.159um, total=304.159um
      hp wire lengths  : top=0.000um, trunk=0.000um, leaf=0.000um, total=0.000um
    Clock DAG net violations after 'Merging balancing drivers for power': none
    Clock DAG primary half-corner transition distribution after 'Merging balancing drivers for power':
      Leaf : target=0.085ns count=1 avg=0.005ns sd=0.000ns min=0.005ns max=0.005ns {1 <= 0.051ns, 0 <= 0.068ns, 0 <= 0.076ns, 0 <= 0.080ns, 0 <= 0.085ns}
    Primary reporting skew groups after 'Merging balancing drivers for power':
      skew_group clk/constraints_default: insertion delay [min=0.001, max=0.002], skew [0.001 vs 0.095]
    Skew group summary after 'Merging balancing drivers for power':
      skew_group clk/constraints_default: insertion delay [min=0.001, max=0.002], skew [0.001 vs 0.095]
    Legalizer API calls during this step: 0 succeeded with high effort: 0 succeeded with medium effort: 0 succeeded with low effort: 0 succeeded with basic effort: 0 succeeded with basic unbounded effort: 0
  Merging balancing drivers for power done. (took cpu=0:00:00.0 real=0:00:00.0)
  Improving clock skew...
    Clock DAG stats after 'Improving clock skew':
      cell counts      : b=0, i=0, icg=0, dcg=0, l=0, total=0
      sink counts      : regular=88, enable_latch=0, load_capacitance=0, antenna=0, node_sink=0, total=88
      misc counts      : r=1, pp=0, mci=0
      cell areas       : b=0.000um^2, i=0.000um^2, icg=0.000um^2, dcg=0.000um^2, l=0.000um^2, total=0.000um^2
      cell capacitance : b=0.000pF, i=0.000pF, icg=0.000pF, dcg=0.000pF, l=0.000pF, total=0.000pF
      sink capacitance : total=0.019pF, avg=0.000pF, sd=0.000pF, min=0.000pF, max=0.000pF
      wire capacitance : top=0.000pF, trunk=0.000pF, leaf=0.029pF, total=0.029pF
      wire lengths     : top=0.000um, trunk=0.000um, leaf=304.159um, total=304.159um
      hp wire lengths  : top=0.000um, trunk=0.000um, leaf=0.000um, total=0.000um
    Clock DAG net violations after 'Improving clock skew': none
    Clock DAG primary half-corner transition distribution after 'Improving clock skew':
      Leaf : target=0.085ns count=1 avg=0.005ns sd=0.000ns min=0.005ns max=0.005ns {1 <= 0.051ns, 0 <= 0.068ns, 0 <= 0.076ns, 0 <= 0.080ns, 0 <= 0.085ns}
    Primary reporting skew groups after 'Improving clock skew':
      skew_group clk/constraints_default: insertion delay [min=0.001, max=0.002, avg=0.002, sd=0.000, skn=-0.407, kur=-1.159], skew [0.001 vs 0.095], 100% {0.001, 0.002} (wid=0.002 ws=0.001) (gid=0.000 gs=0.000)
    Skew group summary after 'Improving clock skew':
      skew_group clk/constraints_default: insertion delay [min=0.001, max=0.002, avg=0.002, sd=0.000, skn=-0.407, kur=-1.159], skew [0.001 vs 0.095], 100% {0.001, 0.002} (wid=0.002 ws=0.001) (gid=0.000 gs=0.000)
    Legalizer API calls during this step: 0 succeeded with high effort: 0 succeeded with medium effort: 0 succeeded with low effort: 0 succeeded with basic effort: 0 succeeded with basic unbounded effort: 0
  Improving clock skew done. (took cpu=0:00:00.0 real=0:00:00.0)
  Moving gates to reduce wire capacitance...
    Modified slew target multipliers. Leaf=(1 to 0.9) Trunk=(1 to 0.95) Top=(1 to 0.95)
    Iteration 1...
      Artificially removing short and long paths...
        Legalizer API calls during this step: 0 succeeded with high effort: 0 succeeded with medium effort: 0 succeeded with low effort: 0 succeeded with basic effort: 0 succeeded with basic unbounded effort: 0
      Artificially removing short and long paths done. (took cpu=0:00:00.0 real=0:00:00.0)
      Moving gates to reduce wire capacitance - iteration 1: WireCapReduction...
        Legalizing clock trees...
        Legalizing clock trees done. (took cpu=0:00:00.0 real=0:00:00.0)
        Legalizer API calls during this step: 0 succeeded with high effort: 0 succeeded with medium effort: 0 succeeded with low effort: 0 succeeded with basic effort: 0 succeeded with basic unbounded effort: 0
      Moving gates to reduce wire capacitance - iteration 1: WireCapReduction done. (took cpu=0:00:00.0 real=0:00:00.0)
      Moving gates to reduce wire capacitance - iteration 1: MoveGates...
        Moving gates: 
        ...20% ...40% ...60% ...80% ...Legalizing clock trees...
        Legalizing clock trees done. (took cpu=0:00:00.0 real=0:00:00.0)
        100% 
        Legalizer API calls during this step: 0 succeeded with high effort: 0 succeeded with medium effort: 0 succeeded with low effort: 0 succeeded with basic effort: 0 succeeded with basic unbounded effort: 0
      Moving gates to reduce wire capacitance - iteration 1: MoveGates done. (took cpu=0:00:00.0 real=0:00:00.0)
    Iteration 1 done.
    Reverted slew target multipliers. Leaf=(0.9 to 1) Trunk=(0.95 to 1) Top=(0.95 to 1)
    Clock DAG stats after 'Moving gates to reduce wire capacitance':
      cell counts      : b=0, i=0, icg=0, dcg=0, l=0, total=0
      sink counts      : regular=88, enable_latch=0, load_capacitance=0, antenna=0, node_sink=0, total=88
      misc counts      : r=1, pp=0, mci=0
      cell areas       : b=0.000um^2, i=0.000um^2, icg=0.000um^2, dcg=0.000um^2, l=0.000um^2, total=0.000um^2
      cell capacitance : b=0.000pF, i=0.000pF, icg=0.000pF, dcg=0.000pF, l=0.000pF, total=0.000pF
      sink capacitance : total=0.019pF, avg=0.000pF, sd=0.000pF, min=0.000pF, max=0.000pF
      wire capacitance : top=0.000pF, trunk=0.000pF, leaf=0.029pF, total=0.029pF
      wire lengths     : top=0.000um, trunk=0.000um, leaf=304.159um, total=304.159um
      hp wire lengths  : top=0.000um, trunk=0.000um, leaf=0.000um, total=0.000um
    Clock DAG net violations after 'Moving gates to reduce wire capacitance': none
    Clock DAG primary half-corner transition distribution after 'Moving gates to reduce wire capacitance':
      Leaf : target=0.085ns count=1 avg=0.005ns sd=0.000ns min=0.005ns max=0.005ns {1 <= 0.051ns, 0 <= 0.068ns, 0 <= 0.076ns, 0 <= 0.080ns, 0 <= 0.085ns}
    Primary reporting skew groups after 'Moving gates to reduce wire capacitance':
      skew_group clk/constraints_default: insertion delay [min=0.001, max=0.002, avg=0.002, sd=0.000, skn=-0.407, kur=-1.159], skew [0.001 vs 0.095], 100% {0.001, 0.002} (wid=0.002 ws=0.001) (gid=0.000 gs=0.000)
    Skew group summary after 'Moving gates to reduce wire capacitance':
      skew_group clk/constraints_default: insertion delay [min=0.001, max=0.002, avg=0.002, sd=0.000, skn=-0.407, kur=-1.159], skew [0.001 vs 0.095], 100% {0.001, 0.002} (wid=0.002 ws=0.001) (gid=0.000 gs=0.000)
    Legalizer API calls during this step: 0 succeeded with high effort: 0 succeeded with medium effort: 0 succeeded with low effort: 0 succeeded with basic effort: 0 succeeded with basic unbounded effort: 0
  Moving gates to reduce wire capacitance done. (took cpu=0:00:00.0 real=0:00:00.0)
  Reducing clock tree power 3...
    Artificially removing short and long paths...
      Legalizer API calls during this step: 0 succeeded with high effort: 0 succeeded with medium effort: 0 succeeded with low effort: 0 succeeded with basic effort: 0 succeeded with basic unbounded effort: 0
    Artificially removing short and long paths done. (took cpu=0:00:00.0 real=0:00:00.0)
    Initial gate capacitance is (rise=0.019pF fall=0.016pF).
    Resizing gates: 
    ...20% ...40% ...60% ...80% ...Legalizing clock trees...
    Legalizing clock trees done. (took cpu=0:00:00.0 real=0:00:00.0)
    100% 
    Clock DAG stats after 'Reducing clock tree power 3':
      cell counts      : b=0, i=0, icg=0, dcg=0, l=0, total=0
      sink counts      : regular=88, enable_latch=0, load_capacitance=0, antenna=0, node_sink=0, total=88
      misc counts      : r=1, pp=0, mci=0
      cell areas       : b=0.000um^2, i=0.000um^2, icg=0.000um^2, dcg=0.000um^2, l=0.000um^2, total=0.000um^2
      cell capacitance : b=0.000pF, i=0.000pF, icg=0.000pF, dcg=0.000pF, l=0.000pF, total=0.000pF
      sink capacitance : total=0.019pF, avg=0.000pF, sd=0.000pF, min=0.000pF, max=0.000pF
      wire capacitance : top=0.000pF, trunk=0.000pF, leaf=0.029pF, total=0.029pF
      wire lengths     : top=0.000um, trunk=0.000um, leaf=304.159um, total=304.159um
      hp wire lengths  : top=0.000um, trunk=0.000um, leaf=0.000um, total=0.000um
    Clock DAG net violations after 'Reducing clock tree power 3': none
    Clock DAG primary half-corner transition distribution after 'Reducing clock tree power 3':
      Leaf : target=0.085ns count=1 avg=0.005ns sd=0.000ns min=0.005ns max=0.005ns {1 <= 0.051ns, 0 <= 0.068ns, 0 <= 0.076ns, 0 <= 0.080ns, 0 <= 0.085ns}
    Primary reporting skew groups after 'Reducing clock tree power 3':
      skew_group clk/constraints_default: insertion delay [min=0.001, max=0.002, avg=0.002, sd=0.000, skn=-0.407, kur=-1.159], skew [0.001 vs 0.095], 100% {0.001, 0.002} (wid=0.002 ws=0.001) (gid=0.000 gs=0.000)
    Skew group summary after 'Reducing clock tree power 3':
      skew_group clk/constraints_default: insertion delay [min=0.001, max=0.002, avg=0.002, sd=0.000, skn=-0.407, kur=-1.159], skew [0.001 vs 0.095], 100% {0.001, 0.002} (wid=0.002 ws=0.001) (gid=0.000 gs=0.000)
    Legalizer API calls during this step: 0 succeeded with high effort: 0 succeeded with medium effort: 0 succeeded with low effort: 0 succeeded with basic effort: 0 succeeded with basic unbounded effort: 0
  Reducing clock tree power 3 done. (took cpu=0:00:00.0 real=0:00:00.0)
  Improving insertion delay...
    Clock DAG stats after 'Improving insertion delay':
      cell counts      : b=0, i=0, icg=0, dcg=0, l=0, total=0
      sink counts      : regular=88, enable_latch=0, load_capacitance=0, antenna=0, node_sink=0, total=88
      misc counts      : r=1, pp=0, mci=0
      cell areas       : b=0.000um^2, i=0.000um^2, icg=0.000um^2, dcg=0.000um^2, l=0.000um^2, total=0.000um^2
      cell capacitance : b=0.000pF, i=0.000pF, icg=0.000pF, dcg=0.000pF, l=0.000pF, total=0.000pF
      sink capacitance : total=0.019pF, avg=0.000pF, sd=0.000pF, min=0.000pF, max=0.000pF
      wire capacitance : top=0.000pF, trunk=0.000pF, leaf=0.029pF, total=0.029pF
      wire lengths     : top=0.000um, trunk=0.000um, leaf=304.159um, total=304.159um
      hp wire lengths  : top=0.000um, trunk=0.000um, leaf=0.000um, total=0.000um
    Clock DAG net violations after 'Improving insertion delay': none
    Clock DAG primary half-corner transition distribution after 'Improving insertion delay':
      Leaf : target=0.085ns count=1 avg=0.005ns sd=0.000ns min=0.005ns max=0.005ns {1 <= 0.051ns, 0 <= 0.068ns, 0 <= 0.076ns, 0 <= 0.080ns, 0 <= 0.085ns}
    Primary reporting skew groups after 'Improving insertion delay':
      skew_group clk/constraints_default: insertion delay [min=0.001, max=0.002, avg=0.002, sd=0.000, skn=-0.407, kur=-1.159], skew [0.001 vs 0.095], 100% {0.001, 0.002} (wid=0.002 ws=0.001) (gid=0.000 gs=0.000)
    Skew group summary after 'Improving insertion delay':
      skew_group clk/constraints_default: insertion delay [min=0.001, max=0.002, avg=0.002, sd=0.000, skn=-0.407, kur=-1.159], skew [0.001 vs 0.095], 100% {0.001, 0.002} (wid=0.002 ws=0.001) (gid=0.000 gs=0.000)
    Legalizer API calls during this step: 0 succeeded with high effort: 0 succeeded with medium effort: 0 succeeded with low effort: 0 succeeded with basic effort: 0 succeeded with basic unbounded effort: 0
  Improving insertion delay done. (took cpu=0:00:00.0 real=0:00:00.0)
  Wire Opt OverFix...
    Wire Reduction extra effort...
      Modified slew target multipliers. Leaf=(1 to 0.95) Trunk=(1 to 1) Top=(1 to 1)
      Artificially removing short and long paths...
        Legalizer API calls during this step: 0 succeeded with high effort: 0 succeeded with medium effort: 0 succeeded with low effort: 0 succeeded with basic effort: 0 succeeded with basic unbounded effort: 0
      Artificially removing short and long paths done. (took cpu=0:00:00.0 real=0:00:00.0)
      Global shorten wires A0...
        Legalizer API calls during this step: 0 succeeded with high effort: 0 succeeded with medium effort: 0 succeeded with low effort: 0 succeeded with basic effort: 0 succeeded with basic unbounded effort: 0
      Global shorten wires A0 done. (took cpu=0:00:00.0 real=0:00:00.0)
      Move For Wirelength - core...
        Move for wirelength. considered=1, filtered=0, permitted=0, cannotCompute=0, computed=0, moveTooSmall=0, resolved=0, predictFail=0, currentlyIllegal=0, legalizationFail=0, legalizedMoveTooSmall=0, ignoredLeafDriver=0, worse=0, accepted=0
        Max accepted move=0.000um, total accepted move=0.000um
        Legalizer API calls during this step: 0 succeeded with high effort: 0 succeeded with medium effort: 0 succeeded with low effort: 0 succeeded with basic effort: 0 succeeded with basic unbounded effort: 0
      Move For Wirelength - core done. (took cpu=0:00:00.0 real=0:00:00.0)
      Global shorten wires A1...
        Legalizer API calls during this step: 0 succeeded with high effort: 0 succeeded with medium effort: 0 succeeded with low effort: 0 succeeded with basic effort: 0 succeeded with basic unbounded effort: 0
      Global shorten wires A1 done. (took cpu=0:00:00.0 real=0:00:00.0)
      Move For Wirelength - core...
        Move for wirelength. considered=1, filtered=0, permitted=0, cannotCompute=0, computed=0, moveTooSmall=0, resolved=0, predictFail=0, currentlyIllegal=0, legalizationFail=0, legalizedMoveTooSmall=0, ignoredLeafDriver=0, worse=0, accepted=0
        Max accepted move=0.000um, total accepted move=0.000um
        Legalizer API calls during this step: 0 succeeded with high effort: 0 succeeded with medium effort: 0 succeeded with low effort: 0 succeeded with basic effort: 0 succeeded with basic unbounded effort: 0
      Move For Wirelength - core done. (took cpu=0:00:00.0 real=0:00:00.0)
      Global shorten wires B...
        Legalizer API calls during this step: 0 succeeded with high effort: 0 succeeded with medium effort: 0 succeeded with low effort: 0 succeeded with basic effort: 0 succeeded with basic unbounded effort: 0
      Global shorten wires B done. (took cpu=0:00:00.0 real=0:00:00.0)
      Move For Wirelength - branch...
        Move for wirelength. considered=1, filtered=0, permitted=0, cannotCompute=0, computed=0, moveTooSmall=0, resolved=0, predictFail=0, currentlyIllegal=0, legalizationFail=0, legalizedMoveTooSmall=0, ignoredLeafDriver=0, worse=0, accepted=0
        Max accepted move=0.000um, total accepted move=0.000um
        Legalizer API calls during this step: 0 succeeded with high effort: 0 succeeded with medium effort: 0 succeeded with low effort: 0 succeeded with basic effort: 0 succeeded with basic unbounded effort: 0
      Move For Wirelength - branch done. (took cpu=0:00:00.0 real=0:00:00.0)
      Reverted slew target multipliers. Leaf=(0.95 to 1) Trunk=(1 to 1) Top=(1 to 1)
      Clock DAG stats after 'Wire Reduction extra effort':
        cell counts      : b=0, i=0, icg=0, dcg=0, l=0, total=0
        sink counts      : regular=88, enable_latch=0, load_capacitance=0, antenna=0, node_sink=0, total=88
        misc counts      : r=1, pp=0, mci=0
        cell areas       : b=0.000um^2, i=0.000um^2, icg=0.000um^2, dcg=0.000um^2, l=0.000um^2, total=0.000um^2
        cell capacitance : b=0.000pF, i=0.000pF, icg=0.000pF, dcg=0.000pF, l=0.000pF, total=0.000pF
        sink capacitance : total=0.019pF, avg=0.000pF, sd=0.000pF, min=0.000pF, max=0.000pF
        wire capacitance : top=0.000pF, trunk=0.000pF, leaf=0.029pF, total=0.029pF
        wire lengths     : top=0.000um, trunk=0.000um, leaf=304.159um, total=304.159um
        hp wire lengths  : top=0.000um, trunk=0.000um, leaf=0.000um, total=0.000um
      Clock DAG net violations after 'Wire Reduction extra effort': none
      Clock DAG primary half-corner transition distribution after 'Wire Reduction extra effort':
        Leaf : target=0.085ns count=1 avg=0.005ns sd=0.000ns min=0.005ns max=0.005ns {1 <= 0.051ns, 0 <= 0.068ns, 0 <= 0.076ns, 0 <= 0.080ns, 0 <= 0.085ns}
      Primary reporting skew groups after 'Wire Reduction extra effort':
        skew_group clk/constraints_default: insertion delay [min=0.001, max=0.002, avg=0.002, sd=0.000, skn=-0.407, kur=-1.159], skew [0.001 vs 0.095], 100% {0.001, 0.002} (wid=0.002 ws=0.001) (gid=0.000 gs=0.000)
      Skew group summary after 'Wire Reduction extra effort':
        skew_group clk/constraints_default: insertion delay [min=0.001, max=0.002, avg=0.002, sd=0.000, skn=-0.407, kur=-1.159], skew [0.001 vs 0.095], 100% {0.001, 0.002} (wid=0.002 ws=0.001) (gid=0.000 gs=0.000)
      Legalizer API calls during this step: 0 succeeded with high effort: 0 succeeded with medium effort: 0 succeeded with low effort: 0 succeeded with basic effort: 0 succeeded with basic unbounded effort: 0
    Wire Reduction extra effort done. (took cpu=0:00:00.0 real=0:00:00.0)
    Optimizing orientation...
    FlipOpt...
    Disconnecting clock tree from netlist...
    Disconnecting clock tree from netlist done.
    Orientation Wirelength Optimization: Attempted = 0 , Succeeded = 0 , Constraints Broken = 0 , CannotMove = 0 , Illegal = 0 , Other = 0
    Resynthesising clock tree into netlist...
      Reset timing graph...
Ignoring AAE DB Resetting ...
      Reset timing graph done.
    Resynthesising clock tree into netlist done.
    FlipOpt done. (took cpu=0:00:00.0 real=0:00:00.0)
    Optimizing orientation done. (took cpu=0:00:00.0 real=0:00:00.0)
    Clock DAG stats after 'Wire Opt OverFix':
      cell counts      : b=0, i=0, icg=0, dcg=0, l=0, total=0
      sink counts      : regular=88, enable_latch=0, load_capacitance=0, antenna=0, node_sink=0, total=88
      misc counts      : r=1, pp=0, mci=0
      cell areas       : b=0.000um^2, i=0.000um^2, icg=0.000um^2, dcg=0.000um^2, l=0.000um^2, total=0.000um^2
      cell capacitance : b=0.000pF, i=0.000pF, icg=0.000pF, dcg=0.000pF, l=0.000pF, total=0.000pF
      sink capacitance : total=0.019pF, avg=0.000pF, sd=0.000pF, min=0.000pF, max=0.000pF
      wire capacitance : top=0.000pF, trunk=0.000pF, leaf=0.033pF, total=0.033pF
      wire lengths     : top=0.000um, trunk=0.000um, leaf=335.260um, total=335.260um
      hp wire lengths  : top=0.000um, trunk=0.000um, leaf=0.000um, total=0.000um
    Clock DAG net violations after 'Wire Opt OverFix': none
    Clock DAG primary half-corner transition distribution after 'Wire Opt OverFix':
      Leaf : target=0.085ns count=1 avg=0.005ns sd=0.000ns min=0.005ns max=0.005ns {1 <= 0.051ns, 0 <= 0.068ns, 0 <= 0.076ns, 0 <= 0.080ns, 0 <= 0.085ns}
    Primary reporting skew groups after 'Wire Opt OverFix':
      skew_group clk/constraints_default: insertion delay [min=0.001, max=0.002, avg=0.002, sd=0.000, skn=-0.475, kur=-0.796], skew [0.001 vs 0.095], 100% {0.001, 0.002} (wid=0.002 ws=0.001) (gid=0.000 gs=0.000)
    Skew group summary after 'Wire Opt OverFix':
      skew_group clk/constraints_default: insertion delay [min=0.001, max=0.002, avg=0.002, sd=0.000, skn=-0.475, kur=-0.796], skew [0.001 vs 0.095], 100% {0.001, 0.002} (wid=0.002 ws=0.001) (gid=0.000 gs=0.000)
    Legalizer API calls during this step: 0 succeeded with high effort: 0 succeeded with medium effort: 0 succeeded with low effort: 0 succeeded with basic effort: 0 succeeded with basic unbounded effort: 0
  Wire Opt OverFix done. (took cpu=0:00:00.0 real=0:00:00.0)
  Total capacitance is (rise=0.051pF fall=0.049pF), of which (rise=0.033pF fall=0.033pF) is wire, and (rise=0.019pF fall=0.016pF) is gate.
  Stage::Polishing done. (took cpu=0:00:00.1 real=0:00:00.1)
  Stage::Updating netlist...
  Reset timing graph...
Ignoring AAE DB Resetting ...
  Reset timing graph done.
  Setting non-default rules before calling refine place.
  Leaving CCOpt scope - Cleaning up placement interface...
  Leaving CCOpt scope - Cleaning up placement interface done. (took cpu=0:00:00.0 real=0:00:00.0)
  Leaving CCOpt scope - ClockRefiner...
  Soft fixed 0 clock instances.
  Performing clock and sink only refine place with checks partially disabled for sinks.
*** Starting refinePlace (0:01:03 mem=2945.0M) ***
Total net bbox length = 5.298e+03 (2.636e+03 2.662e+03) (ext = 1.884e+03)
Max route layer is changed from 127 to 11 because there is no routing track above this layer
Max route layer is changed from 127 to 11 because there is no routing track above this layer
Max route layer is changed from 127 to 11 because there is no routing track above this layer
Max route layer is changed from 127 to 11 because there is no routing track above this layer
Move report: Detail placement moves 0 insts, mean move: 0.00 um, max move: 0.00 um 
	Runtime: CPU: 0:00:00.0 REAL: 0:00:00.0 MEM: 2929.0MB
Summary Report:
Instances move: 0 (out of 593 movable)
Instances flipped: 0
Mean displacement: 0.00 um
Max displacement: 0.00 um 
Physical-only instances move: 0 (out of 0 movable physical-only)
Total net bbox length = 5.298e+03 (2.636e+03 2.662e+03) (ext = 1.884e+03)
Runtime: CPU: 0:00:00.1 REAL: 0:00:00.0 MEM: 2929.0MB
*** Finished refinePlace (0:01:03 mem=2929.0M) ***
  ClockRefiner summary
  All clock instances: Moved 0, flipped 0 and cell swapped 0 (out of a total of 88).
  Restoring pStatusCts on 0 clock instances.
  Leaving CCOpt scope - ClockRefiner done. (took cpu=0:00:00.1 real=0:00:00.1)
  Stage::Updating netlist done. (took cpu=0:00:00.1 real=0:00:00.1)
  CCOpt::Phase::Implementation done. (took cpu=0:00:00.2 real=0:00:00.2)
  CCOpt::Phase::eGRPC...
  eGR Post Conditioning...
    Clock implementation routing...
      Leaving CCOpt scope - Routing Tools...
Net route status summary:
  Clock:         1 (unrouted=0, trialRouted=0, noStatus=0, routed=1, fixed=0, [crossesIlmBoundary=0, tooFewTerms=0, (crossesIlmBoundary AND tooFewTerms=0)])
  Non-clock:   628 (unrouted=2, trialRouted=626, noStatus=0, routed=0, fixed=0, [crossesIlmBoundary=0, tooFewTerms=2, (crossesIlmBoundary AND tooFewTerms=0)])
      Routing using eGR only...
        Early Global Route - eGR only step...
(ccopt eGR): There are 1 nets to be routed. 0 nets have skip routing designation.
(ccopt eGR): There are 1 nets for routing of which 1 have one or more fixed wires.
(ccopt eGR): Start to route 1 all nets
[PSP]    Started Early Global Route ( Curr Mem: 2.63 MB )
Max route layer is changed from 127 to 11 because there is no routing track above this layer
Max route layer is changed from 127 to 11 because there is no routing track above this layer
[PSP]    Started Early Global Route kernel ( Curr Mem: 2.63 MB )
[NR-eGR] Early global route reroute 1 out of 627 routable nets
[NR-eGR] Track table information for default rule: 
[NR-eGR] Metal1 has single uniform track structure
[NR-eGR] Metal2 has single uniform track structure
[NR-eGR] Metal3 has single uniform track structure
[NR-eGR] Metal4 has single uniform track structure
[NR-eGR] Metal5 has single uniform track structure
[NR-eGR] Metal6 has single uniform track structure
[NR-eGR] Metal7 has single uniform track structure
[NR-eGR] Metal8 has single uniform track structure
[NR-eGR] Metal9 has single uniform track structure
[NR-eGR] Metal10 has single uniform track structure
[NR-eGR] Metal11 has single uniform track structure
[NR-eGR] Read 652 PG shapes
[NR-eGR] Read 0 clock shapes
[NR-eGR] Read 0 other shapes
[NR-eGR] #Routing Blockages  : 0
[NR-eGR] #Bump Blockages     : 0
[NR-eGR] #Instance Blockages : 0
[NR-eGR] #PG Blockages       : 652
[NR-eGR] #Halo Blockages     : 0
[NR-eGR] #Boundary Blockages : 0
[NR-eGR] #Clock Blockages    : 0
[NR-eGR] #Other Blockages    : 0
[NR-eGR] #prerouted nets         : 0
[NR-eGR] #prerouted special nets : 0
[NR-eGR] #prerouted wires        : 0
[NR-eGR] Read 627 nets ( ignored 626 )
[NR-eGR] Connected 0 must-join pins/ports (pre-process)
[NR-eGR] #via pillars        : 0
[NR-eGR] #must join all port : 0
[NR-eGR] #multiple ports     : 0
[NR-eGR] #has must join      : 0
[NR-eGR] There are 1 clock nets ( 1 with NDR ).
[NR-eGR] ============ Routing rule table ============
[NR-eGR] Rule id: 1  Rule name:   Nets: 1
[NR-eGR] ========================================
[NR-eGR] 
[NR-eGR] Layer group 1: route 1 net(s) in layer range [3, 4]
[NR-eGR] Early Global Route overflow of layer group 1: 0.00% H + 0.00% V. EstWL: 2.907000e+02um
[NR-eGR] Create a new net group with 1 nets and layer range [3, 6]
[NR-eGR] Layer group 2: route 1 net(s) in layer range [3, 6]
[NR-eGR] Early Global Route overflow of layer group 2: 0.00% H + 0.00% V. EstWL: 5.489100e+02um
[NR-eGR] Create a new net group with 1 nets and layer range [3, 8]
[NR-eGR] Layer group 3: route 1 net(s) in layer range [3, 8]
[NR-eGR] Early Global Route overflow of layer group 3: 0.00% H + 0.00% V. EstWL: 8.071200e+02um
[NR-eGR] Congestion Analysis By layer: (blocked Gcells are excluded) 
[NR-eGR]                        OverCon            
[NR-eGR]                         #Gcell     %Gcell
[NR-eGR]        Layer             (1-0)    OverCon
[NR-eGR] ----------------------------------------------
[NR-eGR]  Metal1 ( 1)         0( 0.00%)   ( 0.00%) 
[NR-eGR]  Metal2 ( 2)         0( 0.00%)   ( 0.00%) 
[NR-eGR]  Metal3 ( 3)         0( 0.00%)   ( 0.00%) 
[NR-eGR]  Metal4 ( 4)         0( 0.00%)   ( 0.00%) 
[NR-eGR]  Metal5 ( 5)         0( 0.00%)   ( 0.00%) 
[NR-eGR]  Metal6 ( 6)         0( 0.00%)   ( 0.00%) 
[NR-eGR]  Metal7 ( 7)         0( 0.00%)   ( 0.00%) 
[NR-eGR]  Metal8 ( 8)         0( 0.00%)   ( 0.00%) 
[NR-eGR]  Metal9 ( 9)         0( 0.00%)   ( 0.00%) 
[NR-eGR] Metal10 (10)         0( 0.00%)   ( 0.00%) 
[NR-eGR] Metal11 (11)         0( 0.00%)   ( 0.00%) 
[NR-eGR] ----------------------------------------------
[NR-eGR]        Total         0( 0.00%)   ( 0.00%) 
[NR-eGR] 
[NR-eGR] Overflow after Early Global Route 0.00% H + 0.00% V
[NR-eGR] Connected 0 must-join pins/ports (post-process)
[NR-eGR] Total eGR-routed clock nets wire length: 306um, number of vias: 239
[NR-eGR] --------------------------------------------------------------------------
[NR-eGR] Report for selected net(s) only.
[NR-eGR]                  Length (um)  Vias 
[NR-eGR] -----------------------------------
[NR-eGR]  Metal1   (1H)             0    88 
[NR-eGR]  Metal2   (2V)            84   105 
[NR-eGR]  Metal3   (3H)           133    46 
[NR-eGR]  Metal4   (4V)            90     0 
[NR-eGR]  Metal5   (5H)             0     0 
[NR-eGR]  Metal6   (6V)             0     0 
[NR-eGR]  Metal7   (7H)             0     0 
[NR-eGR]  Metal8   (8V)             0     0 
[NR-eGR]  Metal9   (9H)             0     0 
[NR-eGR]  Metal10  (10V)            0     0 
[NR-eGR]  Metal11  (11H)            0     0 
[NR-eGR] -----------------------------------
[NR-eGR]           Total          306   239 
[NR-eGR] --------------------------------------------------------------------------
[NR-eGR] Total half perimeter of net bounding box: 94um
[NR-eGR] Total length: 306um, number of vias: 239
[NR-eGR] --------------------------------------------------------------------------
[NR-eGR] Total routed clock nets wire length: 306um, number of vias: 239
[NR-eGR] --------------------------------------------------------------------------
[NR-eGR]                  Length (um)  Vias 
[NR-eGR] -----------------------------------
[NR-eGR]  Metal1   (1H)             0  1940 
[NR-eGR]  Metal2   (2V)          2063  2578 
[NR-eGR]  Metal3   (3H)          2382   217 
[NR-eGR]  Metal4   (4V)           939    72 
[NR-eGR]  Metal5   (5H)           365    45 
[NR-eGR]  Metal6   (6V)            36    32 
[NR-eGR]  Metal7   (7H)            15    26 
[NR-eGR]  Metal8   (8V)           161    23 
[NR-eGR]  Metal9   (9H)           146     6 
[NR-eGR]  Metal10  (10V)            4     2 
[NR-eGR]  Metal11  (11H)           13     0 
[NR-eGR] -----------------------------------
[NR-eGR]           Total         6124  4941 
[NR-eGR] --------------------------------------------------------------------------
[NR-eGR] Total half perimeter of net bounding box: 5298um
[NR-eGR] Total length: 6124um, number of vias: 4941
[NR-eGR] --------------------------------------------------------------------------
[NR-eGR] Finished Early Global Route kernel ( CPU: 0.05 sec, Real: 0.04 sec, Curr Mem: 2.64 MB )
[NR-eGR] Finished Early Global Route ( CPU: 0.05 sec, Real: 0.04 sec, Curr Mem: 2.64 MB )
        Early Global Route - eGR only step done. (took cpu=0:00:00.1 real=0:00:00.1)
      Routing using eGR only done.
Net route status summary:
  Clock:         1 (unrouted=0, trialRouted=0, noStatus=0, routed=1, fixed=0, [crossesIlmBoundary=0, tooFewTerms=0, (crossesIlmBoundary AND tooFewTerms=0)])
  Non-clock:   628 (unrouted=2, trialRouted=626, noStatus=0, routed=0, fixed=0, [crossesIlmBoundary=0, tooFewTerms=2, (crossesIlmBoundary AND tooFewTerms=0)])

CCOPT: Done with clock implementation routing.

      Leaving CCOpt scope - Routing Tools done. (took cpu=0:00:00.1 real=0:00:00.1)
    Clock implementation routing done.
    Leaving CCOpt scope - extractRC...
    Updating RC parasitics by calling: "extractRC -noRouteCheck"...
Extraction called for design 'aer_tx16_trad_rowcol_fovea_cluster2_steal_buf_polarity' of instances=593 and nets=629 using extraction engine 'preRoute' .
PreRoute RC Extraction called for design aer_tx16_trad_rowcol_fovea_cluster2_steal_buf_polarity.
RC Extraction called in multi-corner(1) mode.
**WARN: (IMPEXT-6197):	The Cap table file is not specified. This will result in lower parasitic accuracy when using preRoute extraction or postRoute extraction with effort level 'low'. It is recommended to generate the Cap table file using the 'generateCapTbl' command and specify it before extraction using 'create_rc_corner/update_rc_corner -cap_table'.
Type 'man IMPEXT-6197' for more detail.
RCMode: PreRoute
      RC Corner Indexes            0   
Capacitance Scaling Factor   : 1.00000 
Resistance Scaling Factor    : 1.00000 
Clock Cap. Scaling Factor    : 1.00000 
Clock Res. Scaling Factor    : 1.00000 
Shrink Factor                : 1.00000
PreRoute extraction is honoring NDR/Shielding/ExtraSpace for clock nets.
Updating RC Grid density data for preRoute extraction ...
Initializing multi-corner resistance tables ...
PreRoute RC Extraction DONE (CPU Time: 0:00:00.0  Real Time: 0:00:00.0  MEM: 2937.035M)
    Updating RC parasitics by calling: "extractRC -noRouteCheck" done.
    Leaving CCOpt scope - extractRC done. (took cpu=0:00:00.0 real=0:00:00.0)
    Leaving CCOpt scope - Initializing placement interface...
    Leaving CCOpt scope - Initializing placement interface done. (took cpu=0:00:00.0 real=0:00:00.0)
    Calling post conditioning for eGRPC...
      eGRPC...
        eGRPC active optimizations:
         - Move Down
         - Downsizing before DRV sizing
         - DRV fixing with sizing
         - Move to fanout
         - Cloning
        
        Currently running CTS, using active skew data
        Loading clock net RC data...
        Preprocessing clock nets...
        Nets initialized for optimization: Seen: 1 Attempted: 1 Successful: 1 Unsuccessful: 0 Invalid: 0
        Preprocessing clock nets done. (took cpu=0:00:00.0 real=0:00:00.0)
        Loading clock net RC data done. (took cpu=0:00:00.0 real=0:00:00.0)
        ProEngine running disconnected to DB
        Disconnecting...
        Disconnecting Clock Trees
        Disconnecting done. (took cpu=0:00:00.0 real=0:00:00.0)
        Reset bufferability constraints...
        Resetting previous bufferability status on all nets so that eGRPC will attempt to fix all clock tree violations.
        Clock tree timing engine global stage delay update for delay_slow:both.late...
        Clock tree timing engine global stage delay update for delay_slow:both.late done. (took cpu=0:00:00.0 real=0:00:00.0)
        Reset bufferability constraints done. (took cpu=0:00:00.0 real=0:00:00.0)
        Clock DAG stats eGRPC initial state:
          cell counts      : b=0, i=0, icg=0, dcg=0, l=0, total=0
          sink counts      : regular=88, enable_latch=0, load_capacitance=0, antenna=0, node_sink=0, total=88
          misc counts      : r=1, pp=0, mci=0
          cell areas       : b=0.000um^2, i=0.000um^2, icg=0.000um^2, dcg=0.000um^2, l=0.000um^2, total=0.000um^2
          cell capacitance : b=0.000pF, i=0.000pF, icg=0.000pF, dcg=0.000pF, l=0.000pF, total=0.000pF
          sink capacitance : total=0.019pF, avg=0.000pF, sd=0.000pF, min=0.000pF, max=0.000pF
          wire capacitance : top=0.000pF, trunk=0.000pF, leaf=0.030pF, total=0.030pF
          wire lengths     : top=0.000um, trunk=0.000um, leaf=306.440um, total=306.440um
          hp wire lengths  : top=0.000um, trunk=0.000um, leaf=0.000um, total=0.000um
        Clock DAG net violations eGRPC initial state: none
        Clock DAG primary half-corner transition distribution eGRPC initial state:
          Leaf : target=0.085ns count=1 avg=0.005ns sd=0.000ns min=0.005ns max=0.005ns {1 <= 0.051ns, 0 <= 0.068ns, 0 <= 0.076ns, 0 <= 0.080ns, 0 <= 0.085ns}
        Primary reporting skew groups eGRPC initial state:
          skew_group clk/constraints_default: insertion delay [min=0.001, max=0.002, avg=0.002, sd=0.000, skn=-0.522, kur=-1.165], skew [0.001 vs 0.095], 100% {0.001, 0.002} (wid=0.002 ws=0.001) (gid=0.000 gs=0.000)
        Skew group summary eGRPC initial state:
          skew_group clk/constraints_default: insertion delay [min=0.001, max=0.002, avg=0.002, sd=0.000, skn=-0.522, kur=-1.165], skew [0.001 vs 0.095], 100% {0.001, 0.002} (wid=0.002 ws=0.001) (gid=0.000 gs=0.000)
        eGRPC Moving buffers...
          Violation analysis...
          Violation analysis done. (took cpu=0:00:00.0 real=0:00:00.0)
          Clock DAG stats after 'eGRPC Moving buffers':
            cell counts      : b=0, i=0, icg=0, dcg=0, l=0, total=0
            sink counts      : regular=88, enable_latch=0, load_capacitance=0, antenna=0, node_sink=0, total=88
            misc counts      : r=1, pp=0, mci=0
            cell areas       : b=0.000um^2, i=0.000um^2, icg=0.000um^2, dcg=0.000um^2, l=0.000um^2, total=0.000um^2
            cell capacitance : b=0.000pF, i=0.000pF, icg=0.000pF, dcg=0.000pF, l=0.000pF, total=0.000pF
            sink capacitance : total=0.019pF, avg=0.000pF, sd=0.000pF, min=0.000pF, max=0.000pF
            wire capacitance : top=0.000pF, trunk=0.000pF, leaf=0.030pF, total=0.030pF
            wire lengths     : top=0.000um, trunk=0.000um, leaf=306.440um, total=306.440um
            hp wire lengths  : top=0.000um, trunk=0.000um, leaf=0.000um, total=0.000um
          Clock DAG net violations after 'eGRPC Moving buffers': none
          Clock DAG primary half-corner transition distribution after 'eGRPC Moving buffers':
            Leaf : target=0.085ns count=1 avg=0.005ns sd=0.000ns min=0.005ns max=0.005ns {1 <= 0.051ns, 0 <= 0.068ns, 0 <= 0.076ns, 0 <= 0.080ns, 0 <= 0.085ns}
          Primary reporting skew groups after 'eGRPC Moving buffers':
            skew_group clk/constraints_default: insertion delay [min=0.001, max=0.002], skew [0.001 vs 0.095]
          Skew group summary after 'eGRPC Moving buffers':
            skew_group clk/constraints_default: insertion delay [min=0.001, max=0.002], skew [0.001 vs 0.095]
          Legalizer API calls during this step: 0 succeeded with high effort: 0 succeeded with medium effort: 0 succeeded with low effort: 0 succeeded with basic effort: 0 succeeded with basic unbounded effort: 0
        eGRPC Moving buffers done. (took cpu=0:00:00.0 real=0:00:00.0)
        eGRPC Initial Pass of Downsizing Clock Tree cells...
          Modifying slew-target multiplier from 1 to 0.9
          Artificially removing short and long paths...
            Legalizer API calls during this step: 0 succeeded with high effort: 0 succeeded with medium effort: 0 succeeded with low effort: 0 succeeded with basic effort: 0 succeeded with basic unbounded effort: 0
          Artificially removing short and long paths done. (took cpu=0:00:00.0 real=0:00:00.0)
          Downsizing prefiltering...
          Downsizing prefiltering done.
          Prefiltering Summary : numPassedPreFiltering = 0, numSkippedDueToCloseToSlewTarget = 0, numSkippedDueToCloseToSkewTarget = 1
          DoDownSizing Summary : numSized = 0
          Reverting slew-target multiplier from 0.9 to 1
          Clock DAG stats after 'eGRPC Initial Pass of Downsizing Clock Tree cells':
            cell counts      : b=0, i=0, icg=0, dcg=0, l=0, total=0
            sink counts      : regular=88, enable_latch=0, load_capacitance=0, antenna=0, node_sink=0, total=88
            misc counts      : r=1, pp=0, mci=0
            cell areas       : b=0.000um^2, i=0.000um^2, icg=0.000um^2, dcg=0.000um^2, l=0.000um^2, total=0.000um^2
            cell capacitance : b=0.000pF, i=0.000pF, icg=0.000pF, dcg=0.000pF, l=0.000pF, total=0.000pF
            sink capacitance : total=0.019pF, avg=0.000pF, sd=0.000pF, min=0.000pF, max=0.000pF
            wire capacitance : top=0.000pF, trunk=0.000pF, leaf=0.030pF, total=0.030pF
            wire lengths     : top=0.000um, trunk=0.000um, leaf=306.440um, total=306.440um
            hp wire lengths  : top=0.000um, trunk=0.000um, leaf=0.000um, total=0.000um
          Clock DAG net violations after 'eGRPC Initial Pass of Downsizing Clock Tree cells': none
          Clock DAG primary half-corner transition distribution after 'eGRPC Initial Pass of Downsizing Clock Tree cells':
            Leaf : target=0.085ns count=1 avg=0.005ns sd=0.000ns min=0.005ns max=0.005ns {1 <= 0.051ns, 0 <= 0.068ns, 0 <= 0.076ns, 0 <= 0.080ns, 0 <= 0.085ns}
          Primary reporting skew groups after 'eGRPC Initial Pass of Downsizing Clock Tree cells':
            skew_group clk/constraints_default: insertion delay [min=0.001, max=0.002], skew [0.001 vs 0.095]
          Skew group summary after 'eGRPC Initial Pass of Downsizing Clock Tree cells':
            skew_group clk/constraints_default: insertion delay [min=0.001, max=0.002], skew [0.001 vs 0.095]
          Legalizer API calls during this step: 0 succeeded with high effort: 0 succeeded with medium effort: 0 succeeded with low effort: 0 succeeded with basic effort: 0 succeeded with basic unbounded effort: 0
        eGRPC Initial Pass of Downsizing Clock Tree cells done. (took cpu=0:00:00.0 real=0:00:00.0)
        eGRPC Fixing DRVs...
          Fixing clock tree DRVs: ...20% ...40% ...60% ...80% ...100% 
          CCOpt-eGRPC: considered: 1, tested: 1, violation detected: 0, violation ignored (due to small violation): 0, cannot run: 0, attempted: 0, unsuccessful: 0, sized: 0
          
          Statistics: Fix DRVs (cell sizing):
          ===================================
          
          Cell changes by Net Type:
          
          -------------------------------------------------------------------------------------------------
          Net Type    Attempted    Upsized     Downsized    Swapped Same Size    Total Changed    Not Sized
          -------------------------------------------------------------------------------------------------
          top                0            0           0            0                    0                0
          trunk              0            0           0            0                    0                0
          leaf               0            0           0            0                    0                0
          -------------------------------------------------------------------------------------------------
          Total              0            0           0            0                    0                0
          -------------------------------------------------------------------------------------------------
          
          Upsized: 0, Downsized: 0, Sized but same area: 0, Unchanged: 0, Area change: 0.000um^2
          Max. move: 0.000um, Min. move: 0.000um, Avg. move: N/A
          
          Clock DAG stats after 'eGRPC Fixing DRVs':
            cell counts      : b=0, i=0, icg=0, dcg=0, l=0, total=0
            sink counts      : regular=88, enable_latch=0, load_capacitance=0, antenna=0, node_sink=0, total=88
            misc counts      : r=1, pp=0, mci=0
            cell areas       : b=0.000um^2, i=0.000um^2, icg=0.000um^2, dcg=0.000um^2, l=0.000um^2, total=0.000um^2
            cell capacitance : b=0.000pF, i=0.000pF, icg=0.000pF, dcg=0.000pF, l=0.000pF, total=0.000pF
            sink capacitance : total=0.019pF, avg=0.000pF, sd=0.000pF, min=0.000pF, max=0.000pF
            wire capacitance : top=0.000pF, trunk=0.000pF, leaf=0.030pF, total=0.030pF
            wire lengths     : top=0.000um, trunk=0.000um, leaf=306.440um, total=306.440um
            hp wire lengths  : top=0.000um, trunk=0.000um, leaf=0.000um, total=0.000um
          Clock DAG net violations after 'eGRPC Fixing DRVs': none
          Clock DAG primary half-corner transition distribution after 'eGRPC Fixing DRVs':
            Leaf : target=0.085ns count=1 avg=0.005ns sd=0.000ns min=0.005ns max=0.005ns {1 <= 0.051ns, 0 <= 0.068ns, 0 <= 0.076ns, 0 <= 0.080ns, 0 <= 0.085ns}
          Primary reporting skew groups after 'eGRPC Fixing DRVs':
            skew_group clk/constraints_default: insertion delay [min=0.001, max=0.002], skew [0.001 vs 0.095]
          Skew group summary after 'eGRPC Fixing DRVs':
            skew_group clk/constraints_default: insertion delay [min=0.001, max=0.002], skew [0.001 vs 0.095]
          Legalizer API calls during this step: 0 succeeded with high effort: 0 succeeded with medium effort: 0 succeeded with low effort: 0 succeeded with basic effort: 0 succeeded with basic unbounded effort: 0
        eGRPC Fixing DRVs done. (took cpu=0:00:00.0 real=0:00:00.0)
        Reconnecting optimized routes...
        Reset timing graph...
Ignoring AAE DB Resetting ...
        Reset timing graph done.
        Reconnecting optimized routes done. (took cpu=0:00:00.0 real=0:00:00.0)
        Violation analysis...
        Violation analysis done. (took cpu=0:00:00.0 real=0:00:00.0)
        Reset timing graph...
Ignoring AAE DB Resetting ...
        Reset timing graph done.
        Clock DAG stats before routing clock trees:
          cell counts      : b=0, i=0, icg=0, dcg=0, l=0, total=0
          sink counts      : regular=88, enable_latch=0, load_capacitance=0, antenna=0, node_sink=0, total=88
          misc counts      : r=1, pp=0, mci=0
          cell areas       : b=0.000um^2, i=0.000um^2, icg=0.000um^2, dcg=0.000um^2, l=0.000um^2, total=0.000um^2
          cell capacitance : b=0.000pF, i=0.000pF, icg=0.000pF, dcg=0.000pF, l=0.000pF, total=0.000pF
          sink capacitance : total=0.019pF, avg=0.000pF, sd=0.000pF, min=0.000pF, max=0.000pF
          wire capacitance : top=0.000pF, trunk=0.000pF, leaf=0.030pF, total=0.030pF
          wire lengths     : top=0.000um, trunk=0.000um, leaf=306.440um, total=306.440um
          hp wire lengths  : top=0.000um, trunk=0.000um, leaf=0.000um, total=0.000um
        Clock DAG net violations before routing clock trees: none
        Clock DAG primary half-corner transition distribution before routing clock trees:
          Leaf : target=0.085ns count=1 avg=0.005ns sd=0.000ns min=0.005ns max=0.005ns {1 <= 0.051ns, 0 <= 0.068ns, 0 <= 0.076ns, 0 <= 0.080ns, 0 <= 0.085ns}
        Primary reporting skew groups before routing clock trees:
          skew_group clk/constraints_default: insertion delay [min=0.001, max=0.002, avg=0.002, sd=0.000, skn=-0.522, kur=-1.165], skew [0.001 vs 0.095], 100% {0.001, 0.002} (wid=0.002 ws=0.001) (gid=0.000 gs=0.000)
        Skew group summary before routing clock trees:
          skew_group clk/constraints_default: insertion delay [min=0.001, max=0.002, avg=0.002, sd=0.000, skn=-0.522, kur=-1.165], skew [0.001 vs 0.095], 100% {0.001, 0.002} (wid=0.002 ws=0.001) (gid=0.000 gs=0.000)
        Legalizer API calls during this step: 0 succeeded with high effort: 0 succeeded with medium effort: 0 succeeded with low effort: 0 succeeded with basic effort: 0 succeeded with basic unbounded effort: 0
      eGRPC done.
    Calling post conditioning for eGRPC done.
  eGR Post Conditioning done.
  Refine place not called during Post Conditioning. Calling it now the eGR->PC Loop is complete.
  Leaving CCOpt scope - Cleaning up placement interface...
  Leaving CCOpt scope - Cleaning up placement interface done. (took cpu=0:00:00.0 real=0:00:00.0)
  Leaving CCOpt scope - ClockRefiner...
  Soft fixed 0 clock instances.
  Performing Single Pass Refine Place.
*** Starting refinePlace (0:01:03 mem=2937.0M) ***
Total net bbox length = 5.298e+03 (2.636e+03 2.662e+03) (ext = 1.884e+03)
Max route layer is changed from 127 to 11 because there is no routing track above this layer
Max route layer is changed from 127 to 11 because there is no routing track above this layer
Max route layer is changed from 127 to 11 because there is no routing track above this layer
Max route layer is changed from 127 to 11 because there is no routing track above this layer
Move report: Detail placement moves 0 insts, mean move: 0.00 um, max move: 0.00 um 
	Runtime: CPU: 0:00:00.0 REAL: 0:00:00.0 MEM: 2929.0MB
Summary Report:
Instances move: 0 (out of 593 movable)
Instances flipped: 0
Mean displacement: 0.00 um
Max displacement: 0.00 um 
Physical-only instances move: 0 (out of 0 movable physical-only)
Total net bbox length = 5.298e+03 (2.636e+03 2.662e+03) (ext = 1.884e+03)
Runtime: CPU: 0:00:00.0 REAL: 0:00:00.0 MEM: 2929.0MB
*** Finished refinePlace (0:01:03 mem=2929.0M) ***
  ClockRefiner summary
  All clock instances: Moved 0, flipped 0 and cell swapped 0 (out of a total of 88).
  Restoring pStatusCts on 0 clock instances.
  Leaving CCOpt scope - ClockRefiner done. (took cpu=0:00:00.1 real=0:00:00.1)
  CCOpt::Phase::eGRPC done. (took cpu=0:00:00.3 real=0:00:00.3)
  CCOpt::Phase::Routing...
  Clock implementation routing...
    Leaving CCOpt scope - Routing Tools...
Net route status summary:
  Clock:         1 (unrouted=0, trialRouted=0, noStatus=0, routed=1, fixed=0, [crossesIlmBoundary=0, tooFewTerms=0, (crossesIlmBoundary AND tooFewTerms=0)])
  Non-clock:   628 (unrouted=2, trialRouted=626, noStatus=0, routed=0, fixed=0, [crossesIlmBoundary=0, tooFewTerms=2, (crossesIlmBoundary AND tooFewTerms=0)])
    Routing using eGR in eGR->NR Step...
      Early Global Route - eGR->Nr High Frequency step...
(ccopt eGR): There are 1 nets to be routed. 0 nets have skip routing designation.
(ccopt eGR): There are 1 nets for routing of which 1 have one or more fixed wires.
(ccopt eGR): Start to route 1 all nets
[PSP]    Started Early Global Route ( Curr Mem: 2.63 MB )
Max route layer is changed from 127 to 11 because there is no routing track above this layer
Max route layer is changed from 127 to 11 because there is no routing track above this layer
[PSP]    Started Early Global Route kernel ( Curr Mem: 2.63 MB )
[NR-eGR] Early global route reroute 1 out of 627 routable nets
[NR-eGR] Track table information for default rule: 
[NR-eGR] Metal1 has single uniform track structure
[NR-eGR] Metal2 has single uniform track structure
[NR-eGR] Metal3 has single uniform track structure
[NR-eGR] Metal4 has single uniform track structure
[NR-eGR] Metal5 has single uniform track structure
[NR-eGR] Metal6 has single uniform track structure
[NR-eGR] Metal7 has single uniform track structure
[NR-eGR] Metal8 has single uniform track structure
[NR-eGR] Metal9 has single uniform track structure
[NR-eGR] Metal10 has single uniform track structure
[NR-eGR] Metal11 has single uniform track structure
[NR-eGR] Read 652 PG shapes
[NR-eGR] Read 0 clock shapes
[NR-eGR] Read 0 other shapes
[NR-eGR] #Routing Blockages  : 0
[NR-eGR] #Bump Blockages     : 0
[NR-eGR] #Instance Blockages : 0
[NR-eGR] #PG Blockages       : 652
[NR-eGR] #Halo Blockages     : 0
[NR-eGR] #Boundary Blockages : 0
[NR-eGR] #Clock Blockages    : 0
[NR-eGR] #Other Blockages    : 0
[NR-eGR] #prerouted nets         : 0
[NR-eGR] #prerouted special nets : 0
[NR-eGR] #prerouted wires        : 0
[NR-eGR] Read 627 nets ( ignored 626 )
[NR-eGR] Connected 0 must-join pins/ports (pre-process)
[NR-eGR] #via pillars        : 0
[NR-eGR] #must join all port : 0
[NR-eGR] #multiple ports     : 0
[NR-eGR] #has must join      : 0
[NR-eGR] There are 1 clock nets ( 1 with NDR ).
[NR-eGR] ============ Routing rule table ============
[NR-eGR] Rule id: 1  Rule name:   Nets: 1
[NR-eGR] ========================================
[NR-eGR] 
[NR-eGR] Layer group 1: route 1 net(s) in layer range [3, 4]
[NR-eGR] Early Global Route overflow of layer group 1: 0.00% H + 0.00% V. EstWL: 2.907000e+02um
[NR-eGR] Create a new net group with 1 nets and layer range [3, 6]
[NR-eGR] Layer group 2: route 1 net(s) in layer range [3, 6]
[NR-eGR] Early Global Route overflow of layer group 2: 0.00% H + 0.00% V. EstWL: 5.489100e+02um
[NR-eGR] Create a new net group with 1 nets and layer range [3, 8]
[NR-eGR] Layer group 3: route 1 net(s) in layer range [3, 8]
[NR-eGR] Early Global Route overflow of layer group 3: 0.00% H + 0.00% V. EstWL: 8.071200e+02um
[NR-eGR] Congestion Analysis By layer: (blocked Gcells are excluded) 
[NR-eGR]                        OverCon            
[NR-eGR]                         #Gcell     %Gcell
[NR-eGR]        Layer             (1-0)    OverCon
[NR-eGR] ----------------------------------------------
[NR-eGR]  Metal1 ( 1)         0( 0.00%)   ( 0.00%) 
[NR-eGR]  Metal2 ( 2)         0( 0.00%)   ( 0.00%) 
[NR-eGR]  Metal3 ( 3)         0( 0.00%)   ( 0.00%) 
[NR-eGR]  Metal4 ( 4)         0( 0.00%)   ( 0.00%) 
[NR-eGR]  Metal5 ( 5)         0( 0.00%)   ( 0.00%) 
[NR-eGR]  Metal6 ( 6)         0( 0.00%)   ( 0.00%) 
[NR-eGR]  Metal7 ( 7)         0( 0.00%)   ( 0.00%) 
[NR-eGR]  Metal8 ( 8)         0( 0.00%)   ( 0.00%) 
[NR-eGR]  Metal9 ( 9)         0( 0.00%)   ( 0.00%) 
[NR-eGR] Metal10 (10)         0( 0.00%)   ( 0.00%) 
[NR-eGR] Metal11 (11)         0( 0.00%)   ( 0.00%) 
[NR-eGR] ----------------------------------------------
[NR-eGR]        Total         0( 0.00%)   ( 0.00%) 
[NR-eGR] 
[NR-eGR] Overflow after Early Global Route 0.00% H + 0.00% V
[NR-eGR] Connected 0 must-join pins/ports (post-process)
[NR-eGR] Total eGR-routed clock nets wire length: 306um, number of vias: 239
[NR-eGR] --------------------------------------------------------------------------
[NR-eGR] Report for selected net(s) only.
[NR-eGR]                  Length (um)  Vias 
[NR-eGR] -----------------------------------
[NR-eGR]  Metal1   (1H)             0    88 
[NR-eGR]  Metal2   (2V)            84   105 
[NR-eGR]  Metal3   (3H)           133    46 
[NR-eGR]  Metal4   (4V)            90     0 
[NR-eGR]  Metal5   (5H)             0     0 
[NR-eGR]  Metal6   (6V)             0     0 
[NR-eGR]  Metal7   (7H)             0     0 
[NR-eGR]  Metal8   (8V)             0     0 
[NR-eGR]  Metal9   (9H)             0     0 
[NR-eGR]  Metal10  (10V)            0     0 
[NR-eGR]  Metal11  (11H)            0     0 
[NR-eGR] -----------------------------------
[NR-eGR]           Total          306   239 
[NR-eGR] --------------------------------------------------------------------------
[NR-eGR] Total half perimeter of net bounding box: 94um
[NR-eGR] Total length: 306um, number of vias: 239
[NR-eGR] --------------------------------------------------------------------------
[NR-eGR] Total routed clock nets wire length: 306um, number of vias: 239
[NR-eGR] --------------------------------------------------------------------------
[NR-eGR]                  Length (um)  Vias 
[NR-eGR] -----------------------------------
[NR-eGR]  Metal1   (1H)             0  1940 
[NR-eGR]  Metal2   (2V)          2063  2578 
[NR-eGR]  Metal3   (3H)          2382   217 
[NR-eGR]  Metal4   (4V)           939    72 
[NR-eGR]  Metal5   (5H)           365    45 
[NR-eGR]  Metal6   (6V)            36    32 
[NR-eGR]  Metal7   (7H)            15    26 
[NR-eGR]  Metal8   (8V)           161    23 
[NR-eGR]  Metal9   (9H)           146     6 
[NR-eGR]  Metal10  (10V)            4     2 
[NR-eGR]  Metal11  (11H)           13     0 
[NR-eGR] -----------------------------------
[NR-eGR]           Total         6124  4941 
[NR-eGR] --------------------------------------------------------------------------
[NR-eGR] Total half perimeter of net bounding box: 5298um
[NR-eGR] Total length: 6124um, number of vias: 4941
[NR-eGR] --------------------------------------------------------------------------
[NR-eGR] Finished Early Global Route kernel ( CPU: 0.04 sec, Real: 0.04 sec, Curr Mem: 2.64 MB )
[NR-eGR] Finished Early Global Route ( CPU: 0.05 sec, Real: 0.04 sec, Curr Mem: 2.64 MB )
      Early Global Route - eGR->Nr High Frequency step done. (took cpu=0:00:00.1 real=0:00:00.1)
    Routing using eGR in eGR->NR Step done.
    Routing using NR in eGR->NR Step...

CCOPT: Preparing to route 1 clock nets with NanoRoute.
  All net are default rule.
  Preferred NanoRoute mode settings: Current
      Clock detailed routing...
        NanoRoute...
#% Begin globalDetailRoute (date=08/24 09:25:39, mem=2096.4M)

globalDetailRoute

#Start globalDetailRoute on Mon Aug 24 09:25:39 2026
#
#WARNING (NRIF-95) Option setNanoRouteMode -routeTopRoutingLayer has invalid value "0". Reset to max routing layer "11".
#NanoRoute Version 23.14-s088_1 NR250219-0822/23_14-UB
#WARNING (NRIF-95) Option setNanoRouteMode -routeTopRoutingLayer has invalid value "0". Reset to max routing layer "11".
#WARNING (NRIF-95) Option setNanoRouteMode -routeTopRoutingLayer has invalid value "0". Reset to max routing layer "11".
#
#Wire/Via statistics before line assignment ...
#Total number of nets with non-default rule or having extra spacing = 1
#
#  Routing Statistics
#
#----------------+-----------+-----+
#  Layer         | Length(um)| Vias|
#----------------+-----------+-----+
#  Poly ( 0H)    |          0|    0|
#  Metal1 ( 1H)  |          0|   88|
#  Metal2 ( 2V)  |         84|  105|
#  Metal3 ( 3H)  |        133|   46|
#  Metal4 ( 4V)  |         90|    0|
#  Metal5 ( 5H)  |          0|    0|
#  Metal6 ( 6V)  |          0|    0|
#  Metal7 ( 7H)  |          0|    0|
#  Metal8 ( 8V)  |          0|    0|
#  Metal9 ( 9H)  |          0|    0|
#  Metal10 (10V) |          0|    0|
#  Metal11 (11H) |          0|    0|
#----------------+-----------+-----+
#  Total         |        306|  239|
#----------------+-----------+-----+
#
# Total half perimeter of net bounding box: 95 um.
#WARNING (NRIF-95) Option setNanoRouteMode -routeTopRoutingLayer has invalid value "0". Reset to max routing layer "11".
#Start routing data preparation on Mon Aug 24 09:25:39 2026
#
#WARNING (NRIF-95) Option setNanoRouteMode -routeTopRoutingLayer has invalid value "0". Reset to max routing layer "11".
#WARNING (NRIF-95) Option setNanoRouteMode -routeTopRoutingLayer has invalid value "0". Reset to max routing layer "11".
#Initial pin access analysis.
#Detail pin access analysis.
# Metal1       H   Track-Pitch = 0.19000    Line-2-Via Pitch = 0.13000
# Metal2       V   Track-Pitch = 0.20000    Line-2-Via Pitch = 0.15000
# Metal3       H   Track-Pitch = 0.19000    Line-2-Via Pitch = 0.15000
# Metal4       V   Track-Pitch = 0.20000    Line-2-Via Pitch = 0.15000
# Metal5       H   Track-Pitch = 0.19000    Line-2-Via Pitch = 0.15000
# Metal6       V   Track-Pitch = 0.20000    Line-2-Via Pitch = 0.15000
# Metal7       H   Track-Pitch = 0.19000    Line-2-Via Pitch = 0.15000
# Metal8       V   Track-Pitch = 0.20000    Line-2-Via Pitch = 0.15000
# Metal9       H   Track-Pitch = 0.19000    Line-2-Via Pitch = 0.15000
# Metal10      V   Track-Pitch = 0.50000    Line-2-Via Pitch = 0.42000
# Metal11      H   Track-Pitch = 0.47500    Line-2-Via Pitch = 0.43000
#Bottom routing layer index=1(Metal1), bottom routing layer for shielding=1(Metal1), bottom shield layer=1(Metal1)
#shield_bottom_stripe_layer=1(Metal1), shield_top_stripe_layer=11(Metal11)
#pin_access_rlayer=2(Metal2)
#shield_top_dpt_rlayer=-1 top_rlayer=11 top_trim_metal_rlayer=-1 rlayer_lowest=1 bottom_rlayer=1
#enable_trim_layer_shield=F enable_dpt_layer_shield=F has_line_end_grid=F
#enable_dpt_layer_shield=F
#has_line_end_grid=F
#cpu time = 00:00:00, elapsed time = 00:00:00, memory = 2106.14 (MB), peak = 2220.95 (MB)
#Regenerating Ggrids automatically.
#Auto generating G-grids with size=15 tracks, using layer Metal3's pitch = 0.19000.
#Using automatically generated G-grids.
#Done routing data preparation.
#cpu time = 00:00:02, elapsed time = 00:00:02, memory = 2121.90 (MB), peak = 2220.95 (MB)
#WARNING (NRIF-95) Option setNanoRouteMode -routeTopRoutingLayer has invalid value "0". Reset to max routing layer "11".
Updating RC Grid density data for preRoute extraction ...
Initializing multi-corner resistance tables ...
#
#Distribution of nets:
#  
# #pin range           #net       % 
#------------------------------------
#          2             326 ( 51.8%)
#          3             139 ( 22.1%)
#          4              68 ( 10.8%)
#          5              59 (  9.4%)
#          6              27 (  4.3%)
#          7               2 (  0.3%)
#          8               2 (  0.3%)
#  10  -  19               1 (  0.2%)
#  20  -  29               1 (  0.2%)
#  60  -  69               1 (  0.2%)
#  80  -  89               1 (  0.2%)
#     >=2000               0 (  0.0%)
#
#Total: 629 nets, 627 non-trivial nets
#                                    #net       % 
#-------------------------------------------------
#  Fully global routed                  1 ( 0.2%)
#  Clock                                1
#  Extra space                          1
#  Prefer layer range                   1
#
#Nets in 1 layer range:
#  Bottom Pref.Layer    Top Pref.Layer       #net       % 
#---------------------------------------------------------
#             Metal3           Metal4           1 (  0.2%)
#
#1 net selected.
#
#
#..
#
#Iteration 1.1: cpu:00:00:00, real:00:00:00, mem:2.1 GB, peak:2.2 GB
#Iteration 1.2: cpu:00:00:00, real:00:00:00, mem:2.1 GB, peak:2.2 GB
#Iteration 1.3: cpu:00:00:00, real:00:00:00, mem:2.1 GB, peak:2.2 GB
#Iteration 1.4: cpu:00:00:00, real:00:00:00, mem:2.1 GB, peak:2.2 GB
#Iteration 2.1: cpu:00:00:00, real:00:00:00, mem:2.1 GB, peak:2.2 GB
#Iteration 3.1: cpu:00:00:00, real:00:00:00, mem:2.1 GB, peak:2.2 GB
#
#Line Assignment statistics:
#Cpu time = 00:00:00
#Elapsed time = 00:00:00
#Increased memory = 1.92 (MB)
#Total memory = 2128.04 (MB)
#Peak memory = 2220.95 (MB)
#End Line Assignment: cpu:00:00:00, real:00:00:00, mem:2.1 GB, peak:2.2 GB
#
#Wire/Via statistics after line assignment ...
#Total number of nets with non-default rule or having extra spacing = 1
#
#  Routing Statistics
#
#----------------+-----------+-----+
#  Layer         | Length(um)| Vias|
#----------------+-----------+-----+
#  Poly ( 0H)    |          0|    0|
#  Metal1 ( 1H)  |          0|   88|
#  Metal2 ( 2V)  |         93|  120|
#  Metal3 ( 3H)  |        131|   32|
#  Metal4 ( 4V)  |         86|    0|
#  Metal5 ( 5H)  |          0|    0|
#  Metal6 ( 6V)  |          0|    0|
#  Metal7 ( 7H)  |          0|    0|
#  Metal8 ( 8V)  |          0|    0|
#  Metal9 ( 9H)  |          0|    0|
#  Metal10 (10V) |          0|    0|
#  Metal11 (11H) |          0|    0|
#----------------+-----------+-----+
#  Total         |        310|  240|
#----------------+-----------+-----+
#
# Total half perimeter of net bounding box: 95 um.
#Routing data preparation, pin analysis, line assignment statistics:
#Cpu time = 00:00:02
#Elapsed time = 00:00:02
#Increased memory = 27.81 (MB)
#Total memory = 2126.25 (MB)
#Peak memory = 2220.95 (MB)
#WARNING (NRIF-95) Option setNanoRouteMode -routeTopRoutingLayer has invalid value "0". Reset to max routing layer "11".
#Skip comparing routing design signature in db-snapshot flow
#WARNING (NRIF-95) Option setNanoRouteMode -routeTopRoutingLayer has invalid value "0". Reset to max routing layer "11".
#WARNING (NRIF-95) Option setNanoRouteMode -routeTopRoutingLayer has invalid value "0". Reset to max routing layer "11".
#WARNING (NRIF-95) Option setNanoRouteMode -routeTopRoutingLayer has invalid value "0". Reset to max routing layer "11".
#WARNING (NRIF-95) Option setNanoRouteMode -routeTopRoutingLayer has invalid value "0". Reset to max routing layer "11".
#WARNING (NRIF-95) Option setNanoRouteMode -routeTopRoutingLayer has invalid value "0". Reset to max routing layer "11".
#WARNING (NRIF-95) Option setNanoRouteMode -routeTopRoutingLayer has invalid value "0". Reset to max routing layer "11".
#
#Start Detail Routing..
#start initial detail routing ...
#   number of violations = 0
#cpu time = 00:00:00, elapsed time = 00:00:00, memory = 2133.29 (MB), peak = 2220.95 (MB)
#Complete Detail Routing.
#Total number of nets with non-default rule or having extra spacing = 1
#
#  Routing Statistics
#
#----------------+-----------+-----+
#  Layer         | Length(um)| Vias|
#----------------+-----------+-----+
#  Poly ( 0H)    |          0|    0|
#  Metal1 ( 1H)  |          0|   88|
#  Metal2 ( 2V)  |         74|   84|
#  Metal3 ( 3H)  |        145|   46|
#  Metal4 ( 4V)  |        104|    0|
#  Metal5 ( 5H)  |          0|    0|
#  Metal6 ( 6V)  |          0|    0|
#  Metal7 ( 7H)  |          0|    0|
#  Metal8 ( 8V)  |          0|    0|
#  Metal9 ( 9H)  |          0|    0|
#  Metal10 (10V) |          0|    0|
#  Metal11 (11H) |          0|    0|
#----------------+-----------+-----+
#  Total         |        323|  218|
#----------------+-----------+-----+
#
# Total half perimeter of net bounding box: 95 um.
#Total number of DRC violations = 0
#Cpu time = 00:00:00
#Elapsed time = 00:00:00
#Increased memory = 6.94 (MB)
#Total memory = 2133.24 (MB)
#Peak memory = 2220.95 (MB)
#detailRoute Statistics:
#Cpu time = 00:00:00
#Elapsed time = 00:00:00
#Increased memory = 7.00 (MB)
#Total memory = 2133.25 (MB)
#Peak memory = 2220.95 (MB)
#
#globalDetailRoute statistics:
#Cpu time = 00:00:03
#Elapsed time = 00:00:03
#Increased memory = 34.12 (MB)
#Total memory = 2130.71 (MB)
#Peak memory = 2220.95 (MB)
#Number of warnings = 14
#Total number of warnings = 16
#Number of fails = 0
#Total number of fails = 0
#Complete globalDetailRoute on Mon Aug 24 09:25:41 2026
#
#
#  Scalability Statistics
#
#-------------------------+---------+-------------+------------+
#  globalDetailRoute      | cpu time| elapsed time| scalability|
#-------------------------+---------+-------------+------------+
#  Pre Callback           | 00:00:00|     00:00:00|         1.0|
#  Post Callback          | 00:00:00|     00:00:00|         1.0|
#  Timing Data Generation | 00:00:00|     00:00:00|         1.0|
#  DB Import              | 00:00:00|     00:00:00|         1.0|
#  DB Export              | 00:00:00|     00:00:00|         1.0|
#  Cell Pin Access        | 00:00:01|     00:00:01|         1.0|
#  Data Preparation       | 00:00:01|     00:00:01|         1.0|
#  Line Assignment        | 00:00:00|     00:00:00|         1.0|
#  Detail Routing         | 00:00:00|     00:00:00|         1.0|
#  Entire Command         | 00:00:03|     00:00:03|         1.0|
#-------------------------+---------+-------------+------------+
#
#% End globalDetailRoute (date=08/24 09:25:42, total cpu=0:00:02.6, real=0:00:03.0, peak res=2129.6M, current mem=2129.6M)
        NanoRoute done. (took cpu=0:00:02.7 real=0:00:02.7)
      Clock detailed routing done.
Skipping check of guided vs. routed net lengths.
Set FIXED routing status on 1 net(s)
      Route Remaining Unrouted Nets...
Running earlyGlobalRoute to complete any remaining unrouted nets.
Updating RC Grid density data for preRoute extraction ...
Initializing multi-corner resistance tables ...
[NR-eGR] Started Early Global Route ( Curr Mem: 2.65 MB )
Max route layer is changed from 127 to 11 because there is no routing track above this layer
Max route layer is changed from 127 to 11 because there is no routing track above this layer
[NR-eGR] Started Early Global Route kernel ( Curr Mem: 2.65 MB )
[NR-eGR] Early global route reroute all routable nets
[NR-eGR] Track table information for default rule: 
[NR-eGR] Metal1 has single uniform track structure
[NR-eGR] Metal2 has single uniform track structure
[NR-eGR] Metal3 has single uniform track structure
[NR-eGR] Metal4 has single uniform track structure
[NR-eGR] Metal5 has single uniform track structure
[NR-eGR] Metal6 has single uniform track structure
[NR-eGR] Metal7 has single uniform track structure
[NR-eGR] Metal8 has single uniform track structure
[NR-eGR] Metal9 has single uniform track structure
[NR-eGR] Metal10 has single uniform track structure
[NR-eGR] Metal11 has single uniform track structure
[NR-eGR] Read 662 PG shapes
[NR-eGR] Read 0 clock shapes
[NR-eGR] Read 0 other shapes
[NR-eGR] #Routing Blockages  : 0
[NR-eGR] #Bump Blockages     : 0
[NR-eGR] #Instance Blockages : 0
[NR-eGR] #PG Blockages       : 662
[NR-eGR] #Halo Blockages     : 0
[NR-eGR] #Boundary Blockages : 0
[NR-eGR] #Clock Blockages    : 0
[NR-eGR] #Other Blockages    : 0
[NR-eGR] #prerouted nets         : 1
[NR-eGR] #prerouted special nets : 0
[NR-eGR] #prerouted wires        : 253
[NR-eGR] Read 627 nets ( ignored 1 )
[NR-eGR] ============ Routing rule table ============
[NR-eGR] Rule id: 0  Rule name: (Default)  Nets: 626
[NR-eGR] ========================================
[NR-eGR] 
[NR-eGR] Layer group 1: route 626 net(s) in layer range [2, 11]
[NR-eGR] Early Global Route overflow of layer group 1: 0.00% H + 0.18% V. EstWL: 5.312970e+03um
[NR-eGR] Congestion Analysis By layer: (blocked Gcells are excluded) 
[NR-eGR]                        OverCon            
[NR-eGR]                         #Gcell     %Gcell
[NR-eGR]        Layer               (1)    OverCon
[NR-eGR] ----------------------------------------------
[NR-eGR]  Metal1 ( 1)         0( 0.00%)   ( 0.00%) 
[NR-eGR]  Metal2 ( 2)         0( 0.00%)   ( 0.00%) 
[NR-eGR]  Metal3 ( 3)         0( 0.00%)   ( 0.00%) 
[NR-eGR]  Metal4 ( 4)         0( 0.00%)   ( 0.00%) 
[NR-eGR]  Metal5 ( 5)         0( 0.00%)   ( 0.00%) 
[NR-eGR]  Metal6 ( 6)         2( 0.13%)   ( 0.13%) 
[NR-eGR]  Metal7 ( 7)         0( 0.00%)   ( 0.00%) 
[NR-eGR]  Metal8 ( 8)         1( 0.07%)   ( 0.07%) 
[NR-eGR]  Metal9 ( 9)         0( 0.00%)   ( 0.00%) 
[NR-eGR] Metal10 (10)         0( 0.00%)   ( 0.00%) 
[NR-eGR] Metal11 (11)         0( 0.00%)   ( 0.00%) 
[NR-eGR] ----------------------------------------------
[NR-eGR]        Total         3( 0.02%)   ( 0.02%) 
[NR-eGR] 
[NR-eGR] Overflow after Early Global Route 0.00% H + 0.06% V
[NR-eGR] Connected 0 must-join pins/ports (post-process)
[NR-eGR] Total eGR-routed clock nets wire length: 0um, number of vias: 0
[NR-eGR] --------------------------------------------------------------------------
[NR-eGR]                  Length (um)  Vias 
[NR-eGR] -----------------------------------
[NR-eGR]  Metal1   (1H)             0  1940 
[NR-eGR]  Metal2   (2V)          2061  2557 
[NR-eGR]  Metal3   (3H)          2399   209 
[NR-eGR]  Metal4   (4V)           977    68 
[NR-eGR]  Metal5   (5H)           360    41 
[NR-eGR]  Metal6   (6V)            41    30 
[NR-eGR]  Metal7   (7H)            10    24 
[NR-eGR]  Metal8   (8V)           124    23 
[NR-eGR]  Metal9   (9H)           146     6 
[NR-eGR]  Metal10  (10V)            4     2 
[NR-eGR]  Metal11  (11H)           13     0 
[NR-eGR] -----------------------------------
[NR-eGR]           Total         6135  4900 
[NR-eGR] --------------------------------------------------------------------------
[NR-eGR] Total half perimeter of net bounding box: 5298um
[NR-eGR] Total length: 6135um, number of vias: 4900
[NR-eGR] --------------------------------------------------------------------------
[NR-eGR] Finished Early Global Route kernel ( CPU: 0.06 sec, Real: 0.07 sec, Curr Mem: 2.65 MB )
[NR-eGR] Finished Early Global Route ( CPU: 0.07 sec, Real: 0.07 sec, Curr Mem: 2.65 MB )
      Route Remaining Unrouted Nets done. (took cpu=0:00:00.1 real=0:00:00.1)
    Routing using NR in eGR->NR Step done.
Net route status summary:
  Clock:         1 (unrouted=0, trialRouted=0, noStatus=0, routed=0, fixed=1, [crossesIlmBoundary=0, tooFewTerms=0, (crossesIlmBoundary AND tooFewTerms=0)])
  Non-clock:   628 (unrouted=2, trialRouted=626, noStatus=0, routed=0, fixed=0, [crossesIlmBoundary=0, tooFewTerms=2, (crossesIlmBoundary AND tooFewTerms=0)])

CCOPT: Done with clock implementation routing.

    Leaving CCOpt scope - Routing Tools done. (took cpu=0:00:02.9 real=0:00:03.0)
  Clock implementation routing done.
  Leaving CCOpt scope - extractRC...
  Updating RC parasitics by calling: "extractRC -noRouteCheck"...
Extraction called for design 'aer_tx16_trad_rowcol_fovea_cluster2_steal_buf_polarity' of instances=593 and nets=629 using extraction engine 'preRoute' .
PreRoute RC Extraction called for design aer_tx16_trad_rowcol_fovea_cluster2_steal_buf_polarity.
RC Extraction called in multi-corner(1) mode.
**WARN: (IMPEXT-6197):	The Cap table file is not specified. This will result in lower parasitic accuracy when using preRoute extraction or postRoute extraction with effort level 'low'. It is recommended to generate the Cap table file using the 'generateCapTbl' command and specify it before extraction using 'create_rc_corner/update_rc_corner -cap_table'.
Type 'man IMPEXT-6197' for more detail.
RCMode: PreRoute
      RC Corner Indexes            0   
Capacitance Scaling Factor   : 1.00000 
Resistance Scaling Factor    : 1.00000 
Clock Cap. Scaling Factor    : 1.00000 
Clock Res. Scaling Factor    : 1.00000 
Shrink Factor                : 1.00000
PreRoute extraction is honoring NDR/Shielding/ExtraSpace for clock nets.
Updating RC Grid density data for preRoute extraction ...
Initializing multi-corner resistance tables ...
PreRoute RC Extraction DONE (CPU Time: 0:00:00.0  Real Time: 0:00:00.0  MEM: 2937.035M)
  Updating RC parasitics by calling: "extractRC -noRouteCheck" done.
  Leaving CCOpt scope - extractRC done. (took cpu=0:00:00.0 real=0:00:00.0)
  Clock tree timing engine global stage delay update for delay_slow:both.late...
  Clock tree timing engine global stage delay update for delay_slow:both.late done. (took cpu=0:00:00.0 real=0:00:00.0)
  Clock DAG stats after routing clock trees:
    cell counts      : b=0, i=0, icg=0, dcg=0, l=0, total=0
    sink counts      : regular=88, enable_latch=0, load_capacitance=0, antenna=0, node_sink=0, total=88
    misc counts      : r=1, pp=0, mci=0
    cell areas       : b=0.000um^2, i=0.000um^2, icg=0.000um^2, dcg=0.000um^2, l=0.000um^2, total=0.000um^2
    cell capacitance : b=0.000pF, i=0.000pF, icg=0.000pF, dcg=0.000pF, l=0.000pF, total=0.000pF
    sink capacitance : total=0.019pF, avg=0.000pF, sd=0.000pF, min=0.000pF, max=0.000pF
    wire capacitance : top=0.000pF, trunk=0.000pF, leaf=0.032pF, total=0.032pF
    wire lengths     : top=0.000um, trunk=0.000um, leaf=322.970um, total=322.970um
    hp wire lengths  : top=0.000um, trunk=0.000um, leaf=0.000um, total=0.000um
  Clock DAG net violations after routing clock trees: none
  Clock DAG primary half-corner transition distribution after routing clock trees:
    Leaf : target=0.085ns count=1 avg=0.005ns sd=0.000ns min=0.005ns max=0.005ns {1 <= 0.051ns, 0 <= 0.068ns, 0 <= 0.076ns, 0 <= 0.080ns, 0 <= 0.085ns}
  Primary reporting skew groups after routing clock trees:
    skew_group clk/constraints_default: insertion delay [min=0.001, max=0.002, avg=0.001, sd=0.000, skn=-0.626, kur=-0.796], skew [0.001 vs 0.095], 100% {0.001, 0.002} (wid=0.002 ws=0.001) (gid=0.000 gs=0.000)
  Skew group summary after routing clock trees:
    skew_group clk/constraints_default: insertion delay [min=0.001, max=0.002, avg=0.001, sd=0.000, skn=-0.626, kur=-0.796], skew [0.001 vs 0.095], 100% {0.001, 0.002} (wid=0.002 ws=0.001) (gid=0.000 gs=0.000)
  CCOpt::Phase::Routing done. (took cpu=0:00:03.0 real=0:00:03.1)
  CCOpt::Phase::PostConditioning...
  Leaving CCOpt scope - Initializing placement interface...
  Leaving CCOpt scope - Initializing placement interface done. (took cpu=0:00:00.0 real=0:00:00.0)
  PostConditioning...
    PostConditioning active optimizations:
     - DRV fixing with initial upsizing, sizing and buffering
     - Skew fixing with sizing
    
    Currently running CTS, using active skew data
    ProEngine running partially connected to DB
    Reset bufferability constraints...
    Resetting previous bufferability status on all nets so that PostConditioning will attempt to fix all clock tree violations.
    Reset bufferability constraints done. (took cpu=0:00:00.0 real=0:00:00.0)
    PostConditioning Upsizing To Fix DRVs...
      Fixing clock tree DRVs with upsizing: ...20% ...40% ...60% ...80% ...100% 
      CCOpt-PostConditioning: considered: 1, tested: 1, violation detected: 0, violation ignored (due to small violation): 0, cannot run: 0, attempted: 0, unsuccessful: 0, sized: 0
      
      Statistics: Fix DRVs (initial upsizing):
      ========================================
      
      Cell changes by Net Type:
      
      -------------------------------------------------------------------------------------------------
      Net Type    Attempted    Upsized     Downsized    Swapped Same Size    Total Changed    Not Sized
      -------------------------------------------------------------------------------------------------
      top                0            0           0            0                    0                0
      trunk              0            0           0            0                    0                0
      leaf               0            0           0            0                    0                0
      -------------------------------------------------------------------------------------------------
      Total              0            0           0            0                    0                0
      -------------------------------------------------------------------------------------------------
      
      Upsized: 0, Downsized: 0, Sized but same area: 0, Unchanged: 0, Area change: 0.000um^2
      Max. move: 0.000um, Min. move: 0.000um, Avg. move: N/A
      
      Clock DAG stats after 'PostConditioning Upsizing To Fix DRVs':
        cell counts      : b=0, i=0, icg=0, dcg=0, l=0, total=0
        sink counts      : regular=88, enable_latch=0, load_capacitance=0, antenna=0, node_sink=0, total=88
        misc counts      : r=1, pp=0, mci=0
        cell areas       : b=0.000um^2, i=0.000um^2, icg=0.000um^2, dcg=0.000um^2, l=0.000um^2, total=0.000um^2
        cell capacitance : b=0.000pF, i=0.000pF, icg=0.000pF, dcg=0.000pF, l=0.000pF, total=0.000pF
        sink capacitance : total=0.019pF, avg=0.000pF, sd=0.000pF, min=0.000pF, max=0.000pF
        wire capacitance : top=0.000pF, trunk=0.000pF, leaf=0.032pF, total=0.032pF
        wire lengths     : top=0.000um, trunk=0.000um, leaf=322.970um, total=322.970um
        hp wire lengths  : top=0.000um, trunk=0.000um, leaf=0.000um, total=0.000um
      Clock DAG net violations after 'PostConditioning Upsizing To Fix DRVs': none
      Clock DAG primary half-corner transition distribution after 'PostConditioning Upsizing To Fix DRVs':
        Leaf : target=0.085ns count=1 avg=0.005ns sd=0.000ns min=0.005ns max=0.005ns {1 <= 0.051ns, 0 <= 0.068ns, 0 <= 0.076ns, 0 <= 0.080ns, 0 <= 0.085ns}
      Primary reporting skew groups after 'PostConditioning Upsizing To Fix DRVs':
        skew_group clk/constraints_default: insertion delay [min=0.001, max=0.002], skew [0.001 vs 0.095]
      Skew group summary after 'PostConditioning Upsizing To Fix DRVs':
        skew_group clk/constraints_default: insertion delay [min=0.001, max=0.002], skew [0.001 vs 0.095]
      Legalizer API calls during this step: 0 succeeded with high effort: 0 succeeded with medium effort: 0 succeeded with low effort: 0 succeeded with basic effort: 0 succeeded with basic unbounded effort: 0
    PostConditioning Upsizing To Fix DRVs done. (took cpu=0:00:00.0 real=0:00:00.0)
    Recomputing CTS skew targets...
    Resolving skew group constraints...
      Solving LP: 1 skew groups; 2 fragments, 2 fraglets and 3 vertices; 12 variables and 27 constraints; tolerance 1
    Resolving skew group constraints done.
    Recomputing CTS skew targets done. (took cpu=0:00:00.0 real=0:00:00.0)
    PostConditioning Fixing DRVs...
      Fixing clock tree DRVs: ...20% ...40% ...60% ...80% ...100% 
      CCOpt-PostConditioning: considered: 1, tested: 1, violation detected: 0, violation ignored (due to small violation): 0, cannot run: 0, attempted: 0, unsuccessful: 0, sized: 0
      
      Statistics: Fix DRVs (cell sizing):
      ===================================
      
      Cell changes by Net Type:
      
      -------------------------------------------------------------------------------------------------
      Net Type    Attempted    Upsized     Downsized    Swapped Same Size    Total Changed    Not Sized
      -------------------------------------------------------------------------------------------------
      top                0            0           0            0                    0                0
      trunk              0            0           0            0                    0                0
      leaf               0            0           0            0                    0                0
      -------------------------------------------------------------------------------------------------
      Total              0            0           0            0                    0                0
      -------------------------------------------------------------------------------------------------
      
      Upsized: 0, Downsized: 0, Sized but same area: 0, Unchanged: 0, Area change: 0.000um^2
      Max. move: 0.000um, Min. move: 0.000um, Avg. move: N/A
      
      Clock DAG stats after 'PostConditioning Fixing DRVs':
        cell counts      : b=0, i=0, icg=0, dcg=0, l=0, total=0
        sink counts      : regular=88, enable_latch=0, load_capacitance=0, antenna=0, node_sink=0, total=88
        misc counts      : r=1, pp=0, mci=0
        cell areas       : b=0.000um^2, i=0.000um^2, icg=0.000um^2, dcg=0.000um^2, l=0.000um^2, total=0.000um^2
        cell capacitance : b=0.000pF, i=0.000pF, icg=0.000pF, dcg=0.000pF, l=0.000pF, total=0.000pF
        sink capacitance : total=0.019pF, avg=0.000pF, sd=0.000pF, min=0.000pF, max=0.000pF
        wire capacitance : top=0.000pF, trunk=0.000pF, leaf=0.032pF, total=0.032pF
        wire lengths     : top=0.000um, trunk=0.000um, leaf=322.970um, total=322.970um
        hp wire lengths  : top=0.000um, trunk=0.000um, leaf=0.000um, total=0.000um
      Clock DAG net violations after 'PostConditioning Fixing DRVs': none
      Clock DAG primary half-corner transition distribution after 'PostConditioning Fixing DRVs':
        Leaf : target=0.085ns count=1 avg=0.005ns sd=0.000ns min=0.005ns max=0.005ns {1 <= 0.051ns, 0 <= 0.068ns, 0 <= 0.076ns, 0 <= 0.080ns, 0 <= 0.085ns}
      Primary reporting skew groups after 'PostConditioning Fixing DRVs':
        skew_group clk/constraints_default: insertion delay [min=0.001, max=0.002], skew [0.001 vs 0.095]
      Skew group summary after 'PostConditioning Fixing DRVs':
        skew_group clk/constraints_default: insertion delay [min=0.001, max=0.002], skew [0.001 vs 0.095]
      Legalizer API calls during this step: 0 succeeded with high effort: 0 succeeded with medium effort: 0 succeeded with low effort: 0 succeeded with basic effort: 0 succeeded with basic unbounded effort: 0
    PostConditioning Fixing DRVs done. (took cpu=0:00:00.0 real=0:00:00.0)
    Buffering to fix DRVs...
    Fixing DRVs with route buffering pass 1. Quick buffering: enabled
    Rebuffering to fix clock tree DRVs: ...20% ...40% ...60% ...80% ...100% 
    Inserted 0 buffers and inverters.
    success count. Default: 0, QS: 0, QD: 0, FS: 0, MQS: 0
    CCOpt-PostConditioning: nets considered: 1, nets tested: 1, nets violation detected: 0, nets violation ignored (due to small violation): 0, nets cannot run: 0, nets attempted: 0, nets unsuccessful: 0, buffered: 0
    Clock DAG stats PostConditioning after re-buffering DRV fixing:
      cell counts      : b=0, i=0, icg=0, dcg=0, l=0, total=0
      sink counts      : regular=88, enable_latch=0, load_capacitance=0, antenna=0, node_sink=0, total=88
      misc counts      : r=1, pp=0, mci=0
      cell areas       : b=0.000um^2, i=0.000um^2, icg=0.000um^2, dcg=0.000um^2, l=0.000um^2, total=0.000um^2
      cell capacitance : b=0.000pF, i=0.000pF, icg=0.000pF, dcg=0.000pF, l=0.000pF, total=0.000pF
      sink capacitance : total=0.019pF, avg=0.000pF, sd=0.000pF, min=0.000pF, max=0.000pF
      wire capacitance : top=0.000pF, trunk=0.000pF, leaf=0.032pF, total=0.032pF
      wire lengths     : top=0.000um, trunk=0.000um, leaf=322.970um, total=322.970um
      hp wire lengths  : top=0.000um, trunk=0.000um, leaf=0.000um, total=0.000um
    Clock DAG net violations PostConditioning after re-buffering DRV fixing: none
    Clock DAG primary half-corner transition distribution PostConditioning after re-buffering DRV fixing:
      Leaf : target=0.085ns count=1 avg=0.005ns sd=0.000ns min=0.005ns max=0.005ns {1 <= 0.051ns, 0 <= 0.068ns, 0 <= 0.076ns, 0 <= 0.080ns, 0 <= 0.085ns}
    Primary reporting skew groups PostConditioning after re-buffering DRV fixing:
      skew_group clk/constraints_default: insertion delay [min=0.001, max=0.002, avg=0.001, sd=0.000, skn=-0.626, kur=-0.796], skew [0.001 vs 0.095], 100% {0.001, 0.002} (wid=0.002 ws=0.001) (gid=0.000 gs=0.000)
    Skew group summary PostConditioning after re-buffering DRV fixing:
      skew_group clk/constraints_default: insertion delay [min=0.001, max=0.002, avg=0.001, sd=0.000, skn=-0.626, kur=-0.796], skew [0.001 vs 0.095], 100% {0.001, 0.002} (wid=0.002 ws=0.001) (gid=0.000 gs=0.000)
    Buffering to fix DRVs done. (took cpu=0:00:00.0 real=0:00:00.0)
    PostConditioning Fixing Skew by cell sizing...
      Resized 0 clock insts to decrease delay.
      Resized 0 clock insts to increase delay.
      
      Statistics: Fix Skew (cell sizing):
      ===================================
      
      Cell changes by Net Type:
      
      -------------------------------------------------------------------------------------------------
      Net Type    Attempted    Upsized     Downsized    Swapped Same Size    Total Changed    Not Sized
      -------------------------------------------------------------------------------------------------
      top                0            0           0            0                    0                0
      trunk              0            0           0            0                    0                0
      leaf               0            0           0            0                    0                0
      -------------------------------------------------------------------------------------------------
      Total              0            0           0            0                    0                0
      -------------------------------------------------------------------------------------------------
      
      Upsized: 0, Downsized: 0, Sized but same area: 0, Unchanged: 0, Area change: 0.000um^2
      Max. move: 0.000um, Min. move: 0.000um, Avg. move: N/A
      
      Clock DAG stats after 'PostConditioning Fixing Skew by cell sizing':
        cell counts      : b=0, i=0, icg=0, dcg=0, l=0, total=0
        sink counts      : regular=88, enable_latch=0, load_capacitance=0, antenna=0, node_sink=0, total=88
        misc counts      : r=1, pp=0, mci=0
        cell areas       : b=0.000um^2, i=0.000um^2, icg=0.000um^2, dcg=0.000um^2, l=0.000um^2, total=0.000um^2
        cell capacitance : b=0.000pF, i=0.000pF, icg=0.000pF, dcg=0.000pF, l=0.000pF, total=0.000pF
        sink capacitance : total=0.019pF, avg=0.000pF, sd=0.000pF, min=0.000pF, max=0.000pF
        wire capacitance : top=0.000pF, trunk=0.000pF, leaf=0.032pF, total=0.032pF
        wire lengths     : top=0.000um, trunk=0.000um, leaf=322.970um, total=322.970um
        hp wire lengths  : top=0.000um, trunk=0.000um, leaf=0.000um, total=0.000um
      Clock DAG net violations after 'PostConditioning Fixing Skew by cell sizing': none
      Clock DAG primary half-corner transition distribution after 'PostConditioning Fixing Skew by cell sizing':
        Leaf : target=0.085ns count=1 avg=0.005ns sd=0.000ns min=0.005ns max=0.005ns {1 <= 0.051ns, 0 <= 0.068ns, 0 <= 0.076ns, 0 <= 0.080ns, 0 <= 0.085ns}
      Primary reporting skew groups after 'PostConditioning Fixing Skew by cell sizing':
        skew_group clk/constraints_default: insertion delay [min=0.001, max=0.002, avg=0.001, sd=0.000, skn=-0.626, kur=-0.796], skew [0.001 vs 0.095], 100% {0.001, 0.002} (wid=0.002 ws=0.001) (gid=0.000 gs=0.000)
      Skew group summary after 'PostConditioning Fixing Skew by cell sizing':
        skew_group clk/constraints_default: insertion delay [min=0.001, max=0.002, avg=0.001, sd=0.000, skn=-0.626, kur=-0.796], skew [0.001 vs 0.095], 100% {0.001, 0.002} (wid=0.002 ws=0.001) (gid=0.000 gs=0.000)
      Legalizer API calls during this step: 0 succeeded with high effort: 0 succeeded with medium effort: 0 succeeded with low effort: 0 succeeded with basic effort: 0 succeeded with basic unbounded effort: 0
    PostConditioning Fixing Skew by cell sizing done. (took cpu=0:00:00.0 real=0:00:00.0)
    Reconnecting optimized routes...
    Reset timing graph...
Ignoring AAE DB Resetting ...
    Reset timing graph done.
    Reconnecting optimized routes done. (took cpu=0:00:00.0 real=0:00:00.0)
Skipping refinePlace: no changes were made during DRV and/or skew fixing steps so it is unnecessary.
    Legalizer API calls during this step: 0 succeeded with high effort: 0 succeeded with medium effort: 0 succeeded with low effort: 0 succeeded with basic effort: 0 succeeded with basic unbounded effort: 0
  PostConditioning done.
Net route status summary:
  Clock:         1 (unrouted=0, trialRouted=0, noStatus=0, routed=0, fixed=1, [crossesIlmBoundary=0, tooFewTerms=0, (crossesIlmBoundary AND tooFewTerms=0)])
  Non-clock:   628 (unrouted=2, trialRouted=626, noStatus=0, routed=0, fixed=0, [crossesIlmBoundary=0, tooFewTerms=2, (crossesIlmBoundary AND tooFewTerms=0)])
  Update timing and DAG stats after post-conditioning...
  Update timing and DAG stats after post-conditioning done. (took cpu=0:00:00.0 real=0:00:00.0)
  Clock tree timing engine global stage delay update for delay_slow:both.late...
  Clock tree timing engine global stage delay update for delay_slow:both.late done. (took cpu=0:00:00.0 real=0:00:00.0)
  Clock DAG stats after post-conditioning:
    cell counts      : b=0, i=0, icg=0, dcg=0, l=0, total=0
    sink counts      : regular=88, enable_latch=0, load_capacitance=0, antenna=0, node_sink=0, total=88
    misc counts      : r=1, pp=0, mci=0
    cell areas       : b=0.000um^2, i=0.000um^2, icg=0.000um^2, dcg=0.000um^2, l=0.000um^2, total=0.000um^2
    cell capacitance : b=0.000pF, i=0.000pF, icg=0.000pF, dcg=0.000pF, l=0.000pF, total=0.000pF
    sink capacitance : total=0.019pF, avg=0.000pF, sd=0.000pF, min=0.000pF, max=0.000pF
    wire capacitance : top=0.000pF, trunk=0.000pF, leaf=0.032pF, total=0.032pF
    wire lengths     : top=0.000um, trunk=0.000um, leaf=322.970um, total=322.970um
    hp wire lengths  : top=0.000um, trunk=0.000um, leaf=0.000um, total=0.000um
  Clock DAG net violations after post-conditioning: none
  Clock DAG primary half-corner transition distribution after post-conditioning:
    Leaf : target=0.085ns count=1 avg=0.005ns sd=0.000ns min=0.005ns max=0.005ns {1 <= 0.051ns, 0 <= 0.068ns, 0 <= 0.076ns, 0 <= 0.080ns, 0 <= 0.085ns}
  Primary reporting skew groups after post-conditioning:
    skew_group clk/constraints_default: insertion delay [min=0.001, max=0.002, avg=0.001, sd=0.000, skn=-0.626, kur=-0.796], skew [0.001 vs 0.095], 100% {0.001, 0.002} (wid=0.002 ws=0.001) (gid=0.000 gs=0.000)
  Skew group summary after post-conditioning:
    skew_group clk/constraints_default: insertion delay [min=0.001, max=0.002, avg=0.001, sd=0.000, skn=-0.626, kur=-0.796], skew [0.001 vs 0.095], 100% {0.001, 0.002} (wid=0.002 ws=0.001) (gid=0.000 gs=0.000)
  CCOpt::Phase::PostConditioning done. (took cpu=0:00:00.1 real=0:00:00.1)
  Post-balance tidy up or trial balance steps...
  
  Clock DAG stats at end of CTS:
  ==============================
  
  -------------------------------------------------------
  Cell type                 Count    Area     Capacitance
  -------------------------------------------------------
  Buffers                     0      0.000       0.000
  Inverters                   0      0.000       0.000
  Integrated Clock Gates      0      0.000       0.000
  Discrete Clock Gates        0      0.000       0.000
  Clock Logic                 0      0.000       0.000
  All                         0      0.000       0.000
  -------------------------------------------------------
  
  Clock DAG miscellaneous counts at end of CTS:
  =============================================
  
  ------------------------------
  Type                     Count
  ------------------------------
  Roots                      1
  Preserved Ports            0
  Multiple Clock Inputs      0
  ------------------------------
  
  
  Clock DAG sink counts at end of CTS:
  ====================================
  
  -------------------------
  Sink type           Count
  -------------------------
  Regular              88
  Enable Latch          0
  Load Capacitance      0
  Antenna Diode         0
  Node Sink             0
  Total                88
  -------------------------
  
  
  Clock DAG wire lengths at end of CTS:
  =====================================
  
  --------------------
  Type     Wire Length
  --------------------
  Top          0.000
  Trunk        0.000
  Leaf       322.970
  Total      322.970
  --------------------
  
  
  Clock DAG hp wire lengths at end of CTS:
  ========================================
  
  -----------------------
  Type     hp Wire Length
  -----------------------
  Top          0.000
  Trunk        0.000
  Leaf         0.000
  Total        0.000
  -----------------------
  
  
  Clock DAG capacitances at end of CTS:
  =====================================
  
  --------------------------------
  Type     Gate     Wire     Total
  --------------------------------
  Top      0.000    0.000    0.000
  Trunk    0.000    0.000    0.000
  Leaf     0.019    0.032    0.050
  Total    0.019    0.032    0.050
  --------------------------------
  
  
  Clock DAG sink capacitances at end of CTS:
  ==========================================
  
  -----------------------------------------------
  Total    Average    Std. Dev.    Min      Max
  -----------------------------------------------
  0.019     0.000       0.000      0.000    0.000
  -----------------------------------------------
  
  
  Clock DAG net violations at end of CTS:
  =======================================
  
  None
  
  
  Clock DAG primary half-corner transition distribution at end of CTS:
  ====================================================================
  
  --------------------------------------------------------------------------------------------------------------------------------------------------------------
  Net Type    Target    Count    Average    Std. Dev.    Min      Max      Distribution                                                              Over Target
  --------------------------------------------------------------------------------------------------------------------------------------------------------------
  Leaf        0.085       1       0.005       0.000      0.005    0.005    {1 <= 0.051ns, 0 <= 0.068ns, 0 <= 0.076ns, 0 <= 0.080ns, 0 <= 0.085ns}         -
  --------------------------------------------------------------------------------------------------------------------------------------------------------------
  
  
  Primary reporting skew groups summary at end of CTS:
  ====================================================
  
  -----------------------------------------------------------------------------------------------------------------------------------------------------------------------------------------------------
  Half-corner             Skew Group                 Min ID    Max ID    Skew     Skew target    Wire skew    Worst sink skew    Average ID    Std.Dev    Skewness    Kurtosis    Skew window occupancy
  -----------------------------------------------------------------------------------------------------------------------------------------------------------------------------------------------------
  delay_slow:both.late    clk/constraints_default    0.001     0.002     0.001       0.095         0.001           0.001           0.001        0.000      -0.626      -0.796     100% {0.001, 0.002}
  -----------------------------------------------------------------------------------------------------------------------------------------------------------------------------------------------------
  
  
  Skew group summary at end of CTS:
  =================================
  
  -----------------------------------------------------------------------------------------------------------------------------------------------------------------------------------------------------
  Half-corner             Skew Group                 Min ID    Max ID    Skew     Skew target    Wire skew    Worst sink skew    Average ID    Std.Dev    Skewness    Kurtosis    Skew window occupancy
  -----------------------------------------------------------------------------------------------------------------------------------------------------------------------------------------------------
  delay_slow:both.late    clk/constraints_default    0.001     0.002     0.001       0.095         0.001           0.001           0.001        0.000      -0.626      -0.796     100% {0.001, 0.002}
  -----------------------------------------------------------------------------------------------------------------------------------------------------------------------------------------------------
  
  
  Found a total of 0 clock tree pins with a slew violation.
  
  Post-balance tidy up or trial balance steps done. (took cpu=0:00:00.0 real=0:00:00.0)
Synthesizing clock trees done.
Tidy Up And Update Timing...
External - Set all clocks to propagated mode...
Innovus updating I/O latencies
AAE_INFO: opIsDesignInPostRouteState() is 0
#################################################################################
# Design Stage: PreRoute
# Design Name: aer_tx16_trad_rowcol_fovea_cluster2_steal_buf_polarity
# Design Mode: 45nm
# Analysis Mode: MMMC Non-OCV 
# Parasitics Mode: No SPEF/RCDB 
# Signoff Settings: SI Off 
#################################################################################
Calculate delays in Single mode...
Start delay calculation (fullDC) (1 T). (MEM=2156.13)
Total number of fetched objects 627
End delay calculation. (MEM=2168.29 CPU=0:00:00.0 REAL=0:00:01.0)
End delay calculation (fullDC). (MEM=2168.29 CPU=0:00:00.1 REAL=0:00:01.0)
	Clock: clk, View: view_slow, Ideal Latency: 0, Propagated Latency: 0.00140455
	 Executing: set_clock_latency -source -early -max -rise -0.00140455 [get_pins clk]
	Clock: clk, View: view_slow, Ideal Latency: 0, Propagated Latency: 0.00140455
	 Executing: set_clock_latency -source -late -max -rise -0.00140455 [get_pins clk]
	Clock: clk, View: view_slow, Ideal Latency: 0, Propagated Latency: 0.00140456
	 Executing: set_clock_latency -source -early -max -fall -0.00140456 [get_pins clk]
	Clock: clk, View: view_slow, Ideal Latency: 0, Propagated Latency: 0.00140456
	 Executing: set_clock_latency -source -late -max -fall -0.00140456 [get_pins clk]
Setting all clocks to propagated mode.
External - Set all clocks to propagated mode done. (took cpu=0:00:00.8 real=0:00:00.8)
Clock DAG stats after update timingGraph:
  cell counts      : b=0, i=0, icg=0, dcg=0, l=0, total=0
  sink counts      : regular=88, enable_latch=0, load_capacitance=0, antenna=0, node_sink=0, total=88
  misc counts      : r=1, pp=0, mci=0
  cell areas       : b=0.000um^2, i=0.000um^2, icg=0.000um^2, dcg=0.000um^2, l=0.000um^2, total=0.000um^2
  cell capacitance : b=0.000pF, i=0.000pF, icg=0.000pF, dcg=0.000pF, l=0.000pF, total=0.000pF
  sink capacitance : total=0.019pF, avg=0.000pF, sd=0.000pF, min=0.000pF, max=0.000pF
  wire capacitance : top=0.000pF, trunk=0.000pF, leaf=0.032pF, total=0.032pF
  wire lengths     : top=0.000um, trunk=0.000um, leaf=322.970um, total=322.970um
  hp wire lengths  : top=0.000um, trunk=0.000um, leaf=0.000um, total=0.000um
Clock DAG net violations after update timingGraph: none
Clock DAG primary half-corner transition distribution after update timingGraph:
  Leaf : target=0.085ns count=1 avg=0.005ns sd=0.000ns min=0.005ns max=0.005ns {1 <= 0.051ns, 0 <= 0.068ns, 0 <= 0.076ns, 0 <= 0.080ns, 0 <= 0.085ns}
Primary reporting skew groups after update timingGraph:
  skew_group clk/constraints_default: insertion delay [min=0.001, max=0.002, avg=0.001, sd=0.000, skn=-0.626, kur=-0.796], skew [0.001 vs 0.095], 100% {0.001, 0.002} (wid=0.002 ws=0.001) (gid=0.000 gs=0.000)
Skew group summary after update timingGraph:
  skew_group clk/constraints_default: insertion delay [min=0.001, max=0.002, avg=0.001, sd=0.000, skn=-0.626, kur=-0.796], skew [0.001 vs 0.095], 100% {0.001, 0.002} (wid=0.002 ws=0.001) (gid=0.000 gs=0.000)
Logging CTS constraint violations...
  No violations found.
Logging CTS constraint violations done.
Tidy Up And Update Timing done. (took cpu=0:00:00.8 real=0:00:00.8)
Runtime done. (took cpu=0:00:09.2 real=0:00:09.5)
Runtime Summary
===============
Clock Runtime:  (25%) Core CTS           2.28 (Init 1.51, Construction 0.26, Implementation 0.13, eGRPC 0.08, PostConditioning 0.08, Other 0.22)
Clock Runtime:  (37%) CTS services       3.37 (RefinePlace 0.27, EarlyGlobalClock 0.31, NanoRoute 2.73, ExtractRC 0.07, TimingAnalysis 0.00)
Clock Runtime:  (37%) Other CTS          3.40 (Init 0.11, CongRepair/EGR-DP 2.49, TimingUpdate 0.80, Other 0.00)
Clock Runtime: (100%) Total              9.05

Leaving CCOpt scope - Cleaning up placement interface...
Leaving CCOpt scope - Cleaning up placement interface done. (took cpu=0:00:00.0 real=0:00:00.0)
*** CTS #1 [finish] (clock_opt_design #1) : cpu/real = 0:00:08.0/0:00:08.4 (0.9), totSession cpu/real = 0:01:07.2/0:01:41.2 (0.7), mem = 2929.0M
Synthesizing clock trees with CCOpt done.
      flow.cputime  flow.realtime  timing.setup.tns  timing.setup.wns  snapshot
UM:*                                                                   cts
Begin: Reorder Scan Chains
**WARN: (IMPSP-9025):	No scan chain specified/traced.
Type 'man IMPSP-9025' for more detail.
End: Reorder Scan Chains
**optDesign ... cpu = 0:00:00, real = 0:00:00, mem = 2143.4M, totSessionCpu=0:01:07 **
GigaOpt running with 1 threads.
*** InitOpt #1 [begin] (clock_opt_design #1) : totSession cpu/real = 0:01:07.3/0:01:41.3 (0.7), mem = 2929.0M
**INFO: setDesignMode -flowEffort standard -> setting 'setOptMode -allEndPoints true' for the duration of this command.
Need call spDPlaceInit before registerPrioInstLoc.
Info: Using SynthesisEngine executable '/tools/cadence/DDI231/INNOVUS231/bin/innovus_'.
      SynthesisEngine workers will not check out additional licenses.
**INFO: Using Advanced Metric Collection system.
**optDesign ... cpu = 0:00:01, real = 0:00:18, mem = 2116.4M, totSessionCpu=0:01:08 **
#optDebug: { P: 45 W: 8201 FE: standard PE: none LDR: 1}
*** optDesign -postCTS ***
DRC Margin: user margin 0.0; extra margin 0.2
Hold Target Slack: user slack 0
Setup Target Slack: user slack 0; extra slack 0.0
setUsefulSkewMode -opt_skew_eco_route false
Multi-VT timing optimization disabled based on library information.
Start to check current routing status for nets...
All nets are already routed correctly.
End to check current routing status for nets (mem=2945.0M)
	CornerforLayerOpt timing analysis view view_slow has been selected for calibration 
	CornerforLayerOpt timing analysis view view_slow has been selected for calibration 
Compute RC Scale Done ...
Starting delay calculation for Setup views
AAE_INFO: opIsDesignInPostRouteState() is 0
#################################################################################
# Design Stage: PreRoute
# Design Name: aer_tx16_trad_rowcol_fovea_cluster2_steal_buf_polarity
# Design Mode: 45nm
# Analysis Mode: MMMC Non-OCV 
# Parasitics Mode: No SPEF/RCDB 
# Signoff Settings: SI Off 
#################################################################################
Calculate delays in Single mode...
Start delay calculation (fullDC) (1 T). (MEM=2235.57)
Total number of fetched objects 627
End delay calculation. (MEM=2252.34 CPU=0:00:00.1 REAL=0:00:00.0)
End delay calculation (fullDC). (MEM=2252.34 CPU=0:00:00.2 REAL=0:00:00.0)
*** Done Building Timing Graph (cpu=0:00:00.7 real=0:00:01.0 totSessionCpu=0:01:10 mem=3013.5M)

OptSummary:

------------------------------------------------------------------
             Initial Summary
------------------------------------------------------------------

Setup views included:
 view_slow 

+--------------------+---------+---------+---------+
|     Setup mode     |   all   | reg2reg | default |
+--------------------+---------+---------+---------+
|           WNS (ns):|  0.333  |  0.333  |  2.293  |
|           TNS (ns):|  0.000  |  0.000  |  0.000  |
|    Violating Paths:|    0    |    0    |    0    |
|          All Paths:|   136   |   93    |   131   |
+--------------------+---------+---------+---------+

+----------------+-------------------------------+------------------+
|                |              Real             |       Total      |
|    DRVs        +------------------+------------+------------------|
|                |  Nr nets(terms)  | Worst Vio  |  Nr nets(terms)  |
+----------------+------------------+------------+------------------+
|   max_cap      |      0 (0)       |   0.000    |      0 (0)       |
|   max_tran     |      1 (2)       |   -0.017   |      1 (2)       |
|   max_fanout   |      0 (0)       |     0      |      0 (0)       |
|   max_length   |      0 (0)       |     0      |      0 (0)       |
+----------------+------------------+------------+------------------+

Density: 53.926%
------------------------------------------------------------------
**optDesign ... cpu = 0:00:03, real = 0:00:20, mem = 2251.5M, totSessionCpu=0:01:10 **
*** InitOpt #1 [finish] (clock_opt_design #1) : cpu/real = 0:00:02.7/0:00:20.2 (0.1), totSession cpu/real = 0:01:10.1/0:02:01.5 (0.6), mem = 3029.6M
** INFO : this run is activating low effort ccoptDesign flow
OPTC: m4 20.0 50.0 [ 175.0 20.0 50.0 ]
OPTC: view 50.0:175.0 [ 0.0500 ]
-opt_post_cts_congestion_repair false      # bool, default=false, private
Begin: GigaOpt Route Type Constraints Refinement
*** CongRefineRouteType #1 [begin] (clock_opt_design #1) : totSession cpu/real = 0:01:10.4/0:02:01.9 (0.6), mem = 3029.6M
Updated routing constraints on 0 nets.
Bottom Preferred Layer:
+---------------+------------+----------+
|     Layer     |    CLK     |   Rule   |
+---------------+------------+----------+
| Metal3 (z=3)  |          1 | default  |
+---------------+------------+----------+
Via Pillar Rule:
    None
*** CongRefineRouteType #1 [finish] (clock_opt_design #1) : cpu/real = 0:00:00.0/0:00:00.0 (1.0), totSession cpu/real = 0:01:10.5/0:02:01.9 (0.6), mem = 3029.6M
End: GigaOpt Route Type Constraints Refinement
*** SimplifyNetlist #1 [begin] (clock_opt_design #1) : totSession cpu/real = 0:01:10.6/0:02:02.1 (0.6), mem = 3029.6M
Info: 1 net with fixed/cover wires excluded.
Info: 1 clock net  excluded from IPO operation.

Netlist preparation processing... 
Removed 0 instance
*info: Marking 0 isolation instances dont touch
*info: Marking 0 level shifter instances dont touch
*** SimplifyNetlist #1 [finish] (clock_opt_design #1) : cpu/real = 0:00:00.6/0:00:00.7 (1.0), totSession cpu/real = 0:01:11.3/0:02:02.8 (0.6), mem = 3045.6M
*** ExcludedClockNetOpt #1 [begin] (clock_opt_design #1) : totSession cpu/real = 0:01:11.4/0:02:02.9 (0.6), mem = 3045.6M
*** Starting optimizing excluded clock nets MEM= 3045.6M) ***
*info: No excluded clock nets to be optimized.
*** Finished optimizing excluded clock nets (CPU Time= 0:00:00.0  MEM= 3045.6M) ***
*** ExcludedClockNetOpt #1 [finish] (clock_opt_design #1) : cpu/real = 0:00:00.0/0:00:00.0 (0.0), totSession cpu/real = 0:01:11.4/0:02:02.9 (0.6), mem = 3045.6M
*** ExcludedClockNetOpt #2 [begin] (clock_opt_design #1) : totSession cpu/real = 0:01:11.4/0:02:02.9 (0.6), mem = 3045.6M
*** Starting optimizing excluded clock nets MEM= 3045.6M) ***
*info: No excluded clock nets to be optimized.
*** Finished optimizing excluded clock nets (CPU Time= 0:00:00.0  MEM= 3045.6M) ***
*** ExcludedClockNetOpt #2 [finish] (clock_opt_design #1) : cpu/real = 0:00:00.0/0:00:00.0 (0.0), totSession cpu/real = 0:01:11.4/0:02:02.9 (0.6), mem = 3045.6M
Info: Done creating the CCOpt slew target map.
Begin: GigaOpt high fanout net optimization
*** DrvOpt #1 [begin] (clock_opt_design #1) : totSession cpu/real = 0:01:11.5/0:02:03.1 (0.6), mem = 3045.6M
Info: 1 net with fixed/cover wires excluded.
Info: 1 clock net  excluded from IPO operation.
	CornerforLayerOpt timing analysis view view_slow has been selected for calibration 
	CornerforLayerOpt timing analysis view view_slow has been selected for calibration 
	CornerforLayerOpt timing analysis view view_slow has been selected for calibration 
	CornerforLayerOpt timing analysis view view_slow has been selected for calibration 
*** DrvOpt #1 [finish] (clock_opt_design #1) : cpu/real = 0:00:00.3/0:00:00.3 (1.0), totSession cpu/real = 0:01:11.8/0:02:03.3 (0.6), mem = 3045.6M
End: GigaOpt high fanout net optimization
Begin: GigaOpt DRV Optimization
*** DrvOpt #2 [begin] (clock_opt_design #1) : totSession cpu/real = 0:01:11.8/0:02:03.4 (0.6), mem = 3045.6M
Info: 1 net with fixed/cover wires excluded.
Info: 1 clock net  excluded from IPO operation.
	CornerforLayerOpt timing analysis view view_slow has been selected for calibration 
	CornerforLayerOpt timing analysis view view_slow has been selected for calibration 
	CornerforLayerOpt timing analysis view view_slow has been selected for calibration 
	CornerforLayerOpt timing analysis view view_slow has been selected for calibration 
+-------------------------------------------------------------------------------------------------------------------------------------------------------+
|        max-tran       |        max-cap        |  max-fanout |  max-length |       setup       |        |        |        |       |          |         |
+-------------------------------------------------------------------------------------------------------------------------------------------------------+
| nets | terms|  wViol  | nets | terms|  wViol  | nets | terms| nets | terms|   WNS   |   TNS   |  #Buf  |  #Inv  | #Resize|Density|   Real   |   Mem   |
+-------------------------------------------------------------------------------------------------------------------------------------------------------+
|     4|     8|    -0.07|     0|     0|     0.00|     0|     0|     0|     0|     0.33|     0.00|       0|       0|       0| 53.93%|          |         |
|     0|     0|     0.00|     0|     0|     0.00|     0|     0|     0|     0|     0.43|     0.00|       3|       0|       1| 54.16%| 0:00:00.0|  3055.6M|
|     0|     0|     0.00|     0|     0|     0.00|     0|     0|     0|     0|     0.43|     0.00|       0|       0|       0| 54.16%| 0:00:00.0|  3055.6M|
+-------------------------------------------------------------------------------------------------------------------------------------------------------+
Bottom Preferred Layer:
+---------------+------------+----------+
|     Layer     |    CLK     |   Rule   |
+---------------+------------+----------+
| Metal3 (z=3)  |          1 | default  |
+---------------+------------+----------+
Via Pillar Rule:
    None

*** Finish DRV Fixing (cpu=0:00:00.1 real=0:00:00.0 mem=3055.6M) ***

*** Starting refinePlace (0:01:13 mem=3055.6M) ***
Total net bbox length = 5.301e+03 (2.638e+03 2.664e+03) (ext = 1.884e+03)
Max route layer is changed from 127 to 11 because there is no routing track above this layer
Max route layer is changed from 127 to 11 because there is no routing track above this layer
Max route layer is changed from 127 to 11 because there is no routing track above this layer
Max route layer is changed from 127 to 11 because there is no routing track above this layer
Move report: Detail placement moves 20 insts, mean move: 0.29 um, max move: 0.60 um 
	Max move on inst (g12620__5122): (29.60, 30.59) --> (29.00, 30.59)
	Runtime: CPU: 0:00:00.0 REAL: 0:00:00.0 MEM: 3039.6MB
Summary Report:
Instances move: 20 (out of 596 movable)
Instances flipped: 0
Mean displacement: 0.29 um
Max displacement: 0.60 um (Instance: g12620__5122) (29.6, 30.59) -> (29, 30.59)
	Length: 9 sites, height: 1 rows, site name: CoreSite, cell type: AOI222X1
Physical-only instances move: 0 (out of 0 movable physical-only)
Total net bbox length = 5.305e+03 (2.641e+03 2.664e+03) (ext = 1.884e+03)
Runtime: CPU: 0:00:00.1 REAL: 0:00:00.0 MEM: 3039.6MB
*** Finished refinePlace (0:01:13 mem=3039.6M) ***
*** maximum move = 0.60 um ***
*** Finished re-routing un-routed nets (3039.6M) ***

*** Finish Physical Update (cpu=0:00:00.1 real=0:00:00.0 mem=3039.6M) ***
*** DrvOpt #2 [finish] (clock_opt_design #1) : cpu/real = 0:00:01.0/0:00:01.0 (1.0), totSession cpu/real = 0:01:12.8/0:02:04.3 (0.6), mem = 3039.6M
End: GigaOpt DRV Optimization
**optDesign ... cpu = 0:00:05, real = 0:00:23, mem = 2267.8M, totSessionCpu=0:01:13 **
Number of setup views: 1
Begin: GigaOpt Global Optimization
*info: use new DP (enabled)
Info: 1 net with fixed/cover wires excluded.
Info: 1 clock net  excluded from IPO operation.
*** GlobalOpt #1 [begin] (clock_opt_design #1) : totSession cpu/real = 0:01:13.0/0:02:04.5 (0.6), mem = 3039.6M
*info: 1 clock net excluded
*info: 1 net with fixed/cover wires excluded.
** GigaOpt Global Opt WNS Slack 0.000  TNS Slack 0.000 
+--------+--------+---------+------------+--------+----------+---------+-------------------------------+
|  WNS   |  TNS   | Density |    Real    |  Mem   |Worst View|Pathgroup|           End Point           |
+--------+--------+---------+------------+--------+----------+---------+-------------------------------+
|   0.000|   0.000|   54.16%|   0:00:00.0| 3039.6M| view_slow|       NA| NA                            |
+--------+--------+---------+------------+--------+----------+---------+-------------------------------+

*** Finish post-CTS Global Setup Fixing (cpu=0:00:00.0 real=0:00:00.0 mem=3039.6M) ***

*** Finish post-CTS Setup Fixing (cpu=0:00:00.0 real=0:00:00.0 mem=3039.6M) ***
Bottom Preferred Layer:
+---------------+------------+----------+
|     Layer     |    CLK     |   Rule   |
+---------------+------------+----------+
| Metal3 (z=3)  |          1 | default  |
+---------------+------------+----------+
Via Pillar Rule:
    None
** GigaOpt Global Opt End WNS Slack 0.000  TNS Slack 0.000 
*** GlobalOpt #1 [finish] (clock_opt_design #1) : cpu/real = 0:00:00.8/0:00:00.9 (1.0), totSession cpu/real = 0:01:13.8/0:02:05.4 (0.6), mem = 3039.6M
End: GigaOpt Global Optimization
*** Timing Is met
*** Check timing (0:00:00.0)
Info: 1 net with fixed/cover wires excluded.
Info: 1 clock net  excluded from IPO operation.
Begin: Area Reclaim Optimization
*** AreaOpt #1 [begin] (clock_opt_design #1) : totSession cpu/real = 0:01:14.0/0:02:05.6 (0.6), mem = 3039.6M
Reclaim Optimization WNS Slack 0.100  TNS Slack 0.000 Density 54.16
+---------+---------+--------+--------+------------+--------+
| Density | Commits |  WNS   |  TNS   |    Real    |  Mem   |
+---------+---------+--------+--------+------------+--------+
|   54.16%|        -|   0.100|   0.000|   0:00:00.0| 3039.6M|
|   54.16%|        0|   0.100|   0.000|   0:00:00.0| 3039.6M|
|   54.16%|        0|   0.100|   0.000|   0:00:00.0| 3039.6M|
|   54.16%|        0|   0.100|   0.000|   0:00:00.0| 3039.6M|
|   54.16%|        0|   0.100|   0.000|   0:00:00.0| 3039.6M|
|   54.16%|        0|   0.100|   0.000|   0:00:00.0| 3039.6M|
+---------+---------+--------+--------+------------+--------+
Reclaim Optimization End WNS Slack 0.100  TNS Slack 0.000 Density 54.16
Bottom Preferred Layer:
+---------------+------------+----------+
|     Layer     |    CLK     |   Rule   |
+---------------+------------+----------+
| Metal3 (z=3)  |          1 | default  |
+---------------+------------+----------+
Via Pillar Rule:
    None

Number of times islegalLocAvaiable called = 0 skipped = 0, called in commitmove = 0, skipped in commitmove = 0
End: Core Area Reclaim Optimization (cpu = 0:00:00.7) (real = 0:00:01.0) **
*** AreaOpt #1 [finish] (clock_opt_design #1) : cpu/real = 0:00:00.7/0:00:00.7 (1.0), totSession cpu/real = 0:01:14.7/0:02:06.3 (0.6), mem = 3039.6M
Executing incremental physical updates
Executing incremental physical updates
End: Area Reclaim Optimization (cpu=0:00:01, real=0:00:01, mem=3039.55M, totSessionCpu=0:01:15).
Info: 1 net with fixed/cover wires excluded.
Info: 1 clock net  excluded from IPO operation.
Begin: Area Reclaim Optimization
*** AreaOpt #2 [begin] (clock_opt_design #1) : totSession cpu/real = 0:01:15.0/0:02:06.6 (0.6), mem = 3039.6M
Reclaim Optimization WNS Slack 0.000  TNS Slack 0.000 Density 54.16
+---------+---------+--------+--------+------------+--------+
| Density | Commits |  WNS   |  TNS   |    Real    |  Mem   |
+---------+---------+--------+--------+------------+--------+
|   54.16%|        -|   0.000|   0.000|   0:00:00.0| 3039.6M|
|   54.06%|        3|   0.000|   0.000|   0:00:00.0| 3047.6M|
+---------+---------+--------+--------+------------+--------+
Reclaim Optimization End WNS Slack 0.000  TNS Slack 0.000 Density 54.06
Bottom Preferred Layer:
+---------------+------------+----------+
|     Layer     |    CLK     |   Rule   |
+---------------+------------+----------+
| Metal3 (z=3)  |          1 | default  |
+---------------+------------+----------+
Via Pillar Rule:
    None

Number of times islegalLocAvaiable called = 0 skipped = 0, called in commitmove = 0, skipped in commitmove = 0
End: Core Area Reclaim Optimization (cpu = 0:00:01.0) (real = 0:00:01.0) **
*** AreaOpt #2 [finish] (clock_opt_design #1) : cpu/real = 0:00:01.0/0:00:01.0 (1.0), totSession cpu/real = 0:01:16.0/0:02:07.5 (0.6), mem = 3047.6M
End: Area Reclaim Optimization (cpu=0:00:01, real=0:00:01, mem=3047.55M, totSessionCpu=0:01:16).
Info: 1 net with fixed/cover wires excluded.
Info: 1 clock net  excluded from IPO operation.
Begin: Area Reclaim Optimization
*** AreaOpt #3 [begin] (clock_opt_design #1) : totSession cpu/real = 0:01:16.2/0:02:07.8 (0.6), mem = 3047.6M
Reclaim Optimization WNS Slack 0.083  TNS Slack 0.000 Density 54.06
+---------+---------+--------+--------+------------+--------+
| Density | Commits |  WNS   |  TNS   |    Real    |  Mem   |
+---------+---------+--------+--------+------------+--------+
|   54.06%|        -|   0.083|   0.000|   0:00:00.0| 3047.6M|
|   54.06%|        0|   0.083|   0.000|   0:00:00.0| 3047.6M|
|   54.06%|        0|   0.083|   0.000|   0:00:00.0| 3047.6M|
|   54.06%|        0|   0.083|   0.000|   0:00:01.0| 3047.6M|
|   54.04%|        1|   0.083|   0.000|   0:00:00.0| 3047.6M|
|   54.04%|        0|   0.083|   0.000|   0:00:00.0| 3047.6M|
|   54.04%|        0|   0.083|   0.000|   0:00:00.0| 3047.6M|
+---------+---------+--------+--------+------------+--------+
Reclaim Optimization End WNS Slack 0.083  TNS Slack 0.000 Density 54.04
Bottom Preferred Layer:
+---------------+------------+----------+
|     Layer     |    CLK     |   Rule   |
+---------------+------------+----------+
| Metal3 (z=3)  |          1 | default  |
+---------------+------------+----------+
Via Pillar Rule:
    None

Number of times islegalLocAvaiable called = 1 skipped = 0, called in commitmove = 1, skipped in commitmove = 0
End: Core Area Reclaim Optimization (cpu = 0:00:00.3) (real = 0:00:01.0) **
*** Starting refinePlace (0:01:17 mem=3063.6M) ***
Total net bbox length = 5.308e+03 (2.646e+03 2.662e+03) (ext = 1.884e+03)
Max route layer is changed from 127 to 11 because there is no routing track above this layer
Max route layer is changed from 127 to 11 because there is no routing track above this layer
Max route layer is changed from 127 to 11 because there is no routing track above this layer
Move report: Detail placement moves 0 insts, mean move: 0.00 um, max move: 0.00 um 
	Runtime: CPU: 0:00:00.0 REAL: 0:00:00.0 MEM: 3047.6MB
Summary Report:
Instances move: 0 (out of 595 movable)
Instances flipped: 0
Mean displacement: 0.00 um
Max displacement: 0.00 um 
Physical-only instances move: 0 (out of 0 movable physical-only)
Total net bbox length = 5.308e+03 (2.646e+03 2.662e+03) (ext = 1.884e+03)
Runtime: CPU: 0:00:00.0 REAL: 0:00:00.0 MEM: 3047.6MB
*** Finished refinePlace (0:01:17 mem=3047.6M) ***
*** maximum move = 0.00 um ***
*** Finished re-routing un-routed nets (3047.6M) ***

*** Finish Physical Update (cpu=0:00:00.1 real=0:00:00.0 mem=3047.6M) ***
*** AreaOpt #3 [finish] (clock_opt_design #1) : cpu/real = 0:00:00.4/0:00:00.4 (1.0), totSession cpu/real = 0:01:16.6/0:02:08.2 (0.6), mem = 3047.6M
End: Area Reclaim Optimization (cpu=0:00:00, real=0:00:01, mem=3047.55M, totSessionCpu=0:01:17).
*** LocalWireReclaim #1 [begin] (clock_opt_design #1) : totSession cpu/real = 0:01:16.8/0:02:08.4 (0.6), mem = 3047.6M
Starting local wire reclaim
*** Starting refinePlace (0:01:17 mem=3047.6M) ***
Max route layer is changed from 127 to 11 because there is no routing track above this layer
Max route layer is changed from 127 to 11 because there is no routing track above this layer
Max route layer is changed from 127 to 11 because there is no routing track above this layer
*** Finished SKP initialization (cpu=0:00:00.0, real=0:00:00.0)***
Timing cost in AAE based: 222.9517828733723945
Max route layer is changed from 127 to 11 because there is no routing track above this layer
Max route layer is changed from 127 to 11 because there is no routing track above this layer
Call icdpEval cleanup ...
Move report: Detail placement moves 94 insts, mean move: 1.60 um, max move: 4.22 um 
	Max move on inst (FE_OFC58_n_361): (31.80, 30.59) --> (32.60, 27.17)
	Runtime: CPU: 0:00:00.7 REAL: 0:00:01.0 MEM: 3031.6MB
Summary Report:
Instances move: 94 (out of 595 movable)
Instances flipped: 0
Mean displacement: 1.60 um
Max displacement: 4.22 um (Instance: FE_OFC58_n_361) (31.8, 30.59) -> (32.6, 27.17)
	Length: 5 sites, height: 1 rows, site name: CoreSite, cell type: CLKBUFX2
Physical-only instances move: 0 (out of 0 movable physical-only)
Runtime: CPU: 0:00:00.7 REAL: 0:00:01.0 MEM: 3031.6MB
*** Finished refinePlace (0:01:18 mem=3031.6M) ***
*** LocalWireReclaim #1 [finish] (clock_opt_design #1) : cpu/real = 0:00:00.8/0:00:00.8 (1.0), totSession cpu/real = 0:01:17.6/0:02:09.2 (0.6), mem = 3031.6M
AAE_INFO: opIsDesignInPostRouteState() is 0
#################################################################################
# Design Stage: PreRoute
# Design Name: aer_tx16_trad_rowcol_fovea_cluster2_steal_buf_polarity
# Design Mode: 45nm
# Analysis Mode: MMMC Non-OCV 
# Parasitics Mode: No SPEF/RCDB 
# Signoff Settings: SI Off 
#################################################################################
Calculate delays in Single mode...
Start delay calculation (fullDC) (1 T). (MEM=2275.59)
Total number of fetched objects 629
End delay calculation. (MEM=2286.5 CPU=0:00:00.1 REAL=0:00:01.0)
End delay calculation (fullDC). (MEM=2286.5 CPU=0:00:00.2 REAL=0:00:01.0)
eGR doReRoute: optGuide
Max route layer is changed from 127 to 11 because there is no routing track above this layer
Max route layer is changed from 127 to 11 because there is no routing track above this layer
[NR-eGR] Early global route reroute all routable nets
[NR-eGR] Track table information for default rule: 
[NR-eGR] Metal1 has single uniform track structure
[NR-eGR] Metal2 has single uniform track structure
[NR-eGR] Metal3 has single uniform track structure
[NR-eGR] Metal4 has single uniform track structure
[NR-eGR] Metal5 has single uniform track structure
[NR-eGR] Metal6 has single uniform track structure
[NR-eGR] Metal7 has single uniform track structure
[NR-eGR] Metal8 has single uniform track structure
[NR-eGR] Metal9 has single uniform track structure
[NR-eGR] Metal10 has single uniform track structure
[NR-eGR] Metal11 has single uniform track structure
[NR-eGR] Read 662 PG shapes
[NR-eGR] Read 0 clock shapes
[NR-eGR] Read 0 other shapes
[NR-eGR] #Routing Blockages  : 0
[NR-eGR] #Bump Blockages     : 0
[NR-eGR] #Instance Blockages : 0
[NR-eGR] #PG Blockages       : 662
[NR-eGR] #Halo Blockages     : 0
[NR-eGR] #Boundary Blockages : 0
[NR-eGR] #Clock Blockages    : 0
[NR-eGR] #Other Blockages    : 0
[NR-eGR] #prerouted nets         : 1
[NR-eGR] #prerouted special nets : 0
[NR-eGR] #prerouted wires        : 253
[NR-eGR] Read 629 nets ( ignored 1 )
[NR-eGR] ============ Routing rule table ============
[NR-eGR] Rule id: 0  Rule name: (Default)  Nets: 628
[NR-eGR] ========================================
[NR-eGR] 
[NR-eGR] Layer group 1: route 628 net(s) in layer range [2, 11]
[NR-eGR] Early Global Route overflow of layer group 1: 0.00% H + 0.18% V. EstWL: 5.307840e+03um
[NR-eGR] Congestion Analysis By layer: (blocked Gcells are excluded) 
[NR-eGR]                        OverCon            
[NR-eGR]                         #Gcell     %Gcell
[NR-eGR]        Layer               (1)    OverCon
[NR-eGR] ----------------------------------------------
[NR-eGR]  Metal1 ( 1)         0( 0.00%)   ( 0.00%) 
[NR-eGR]  Metal2 ( 2)         0( 0.00%)   ( 0.00%) 
[NR-eGR]  Metal3 ( 3)         0( 0.00%)   ( 0.00%) 
[NR-eGR]  Metal4 ( 4)         1( 0.07%)   ( 0.07%) 
[NR-eGR]  Metal5 ( 5)         0( 0.00%)   ( 0.00%) 
[NR-eGR]  Metal6 ( 6)         1( 0.07%)   ( 0.07%) 
[NR-eGR]  Metal7 ( 7)         0( 0.00%)   ( 0.00%) 
[NR-eGR]  Metal8 ( 8)         0( 0.00%)   ( 0.00%) 
[NR-eGR]  Metal9 ( 9)         0( 0.00%)   ( 0.00%) 
[NR-eGR] Metal10 (10)         0( 0.00%)   ( 0.00%) 
[NR-eGR] Metal11 (11)         0( 0.00%)   ( 0.00%) 
[NR-eGR] ----------------------------------------------
[NR-eGR]        Total         2( 0.01%)   ( 0.01%) 
[NR-eGR] 
[NR-eGR] Overflow after Early Global Route 0.00% H + 0.06% V
[NR-eGR] Connected 0 must-join pins/ports (post-process)
[NR-eGR] Total eGR-routed clock nets wire length: 0um, number of vias: 0
[NR-eGR] --------------------------------------------------------------------------
[NR-eGR]                  Length (um)  Vias 
[NR-eGR] -----------------------------------
[NR-eGR]  Metal1   (1H)             0  1944 
[NR-eGR]  Metal2   (2V)          2042  2508 
[NR-eGR]  Metal3   (3H)          2377   228 
[NR-eGR]  Metal4   (4V)          1003    71 
[NR-eGR]  Metal5   (5H)           331    44 
[NR-eGR]  Metal6   (6V)            42    31 
[NR-eGR]  Metal7   (7H)             9    27 
[NR-eGR]  Metal8   (8V)           133    24 
[NR-eGR]  Metal9   (9H)           166     8 
[NR-eGR]  Metal10  (10V)            3     2 
[NR-eGR]  Metal11  (11H)           13     0 
[NR-eGR] -----------------------------------
[NR-eGR]           Total         6117  4887 
[NR-eGR] --------------------------------------------------------------------------
[NR-eGR] Total half perimeter of net bounding box: 5287um
[NR-eGR] Total length: 6117um, number of vias: 4887
[NR-eGR] --------------------------------------------------------------------------
[NR-eGR] Finished Early Global Route kernel ( CPU: 0.18 sec, Real: 0.18 sec, Curr Mem: 2.78 MB )
[NR-eGR] Finished Early Global Route ( CPU: 0.18 sec, Real: 0.19 sec, Curr Mem: 2.78 MB )
Extraction called for design 'aer_tx16_trad_rowcol_fovea_cluster2_steal_buf_polarity' of instances=595 and nets=631 using extraction engine 'preRoute' .
PreRoute RC Extraction called for design aer_tx16_trad_rowcol_fovea_cluster2_steal_buf_polarity.
RC Extraction called in multi-corner(1) mode.
**WARN: (IMPEXT-6197):	The Cap table file is not specified. This will result in lower parasitic accuracy when using preRoute extraction or postRoute extraction with effort level 'low'. It is recommended to generate the Cap table file using the 'generateCapTbl' command and specify it before extraction using 'create_rc_corner/update_rc_corner -cap_table'.
Type 'man IMPEXT-6197' for more detail.
RCMode: PreRoute
      RC Corner Indexes            0   
Capacitance Scaling Factor   : 1.00000 
Resistance Scaling Factor    : 1.00000 
Clock Cap. Scaling Factor    : 1.00000 
Clock Res. Scaling Factor    : 1.00000 
Shrink Factor                : 1.00000
PreRoute extraction is honoring NDR/Shielding/ExtraSpace for clock nets.
Updating RC Grid density data for preRoute extraction ...
Initializing multi-corner resistance tables ...
PreRoute RC Extraction DONE (CPU Time: 0:00:00.0  Real Time: 0:00:00.0  MEM: 3020.035M)
Compute RC Scale Done ...
[hotspot] +------------+---------------+---------------+
[hotspot] |            |   max hotspot | total hotspot |
[hotspot] +------------+---------------+---------------+
[hotspot] | normalized |          0.00 |          0.00 |
[hotspot] +------------+---------------+---------------+
Local HotSpot Analysis: normalized max congestion hotspot area = 0.00, normalized total congestion hotspot area = 0.00 (area is in unit of 4 std-cell row bins)
Begin: GigaOpt Route Type Constraints Refinement
*** CongRefineRouteType #2 [begin] (clock_opt_design #1) : totSession cpu/real = 0:01:18.9/0:02:10.6 (0.6), mem = 3020.0M
Updated routing constraints on 0 nets.
Bottom Preferred Layer:
+---------------+------------+----------+
|     Layer     |    CLK     |   Rule   |
+---------------+------------+----------+
| Metal3 (z=3)  |          1 | default  |
+---------------+------------+----------+
Via Pillar Rule:
    None
*** CongRefineRouteType #2 [finish] (clock_opt_design #1) : cpu/real = 0:00:00.0/0:00:00.0 (0.0), totSession cpu/real = 0:01:18.9/0:02:10.6 (0.6), mem = 3020.0M
End: GigaOpt Route Type Constraints Refinement
skip EGR on cluster skew clock nets.
-opt_exp_set_preroute_early_power_reclaim_recovery_split_flow false
                                           # bool, default=false, private
Starting delay calculation for Setup views
AAE_INFO: opIsDesignInPostRouteState() is 0
#################################################################################
# Design Stage: PreRoute
# Design Name: aer_tx16_trad_rowcol_fovea_cluster2_steal_buf_polarity
# Design Mode: 45nm
# Analysis Mode: MMMC Non-OCV 
# Parasitics Mode: No SPEF/RCDB 
# Signoff Settings: SI Off 
#################################################################################
Calculate delays in Single mode...
Start delay calculation (fullDC) (1 T). (MEM=2274.28)
Total number of fetched objects 629
End delay calculation. (MEM=2286.17 CPU=0:00:00.2 REAL=0:00:00.0)
End delay calculation (fullDC). (MEM=2286.17 CPU=0:00:00.2 REAL=0:00:00.0)
*** Done Building Timing Graph (cpu=0:00:00.7 real=0:00:01.0 totSessionCpu=0:01:20 mem=3013.5M)
Begin: GigaOpt postEco DRV Optimization
*** DrvOpt #3 [begin] (clock_opt_design #1) : totSession cpu/real = 0:01:19.7/0:02:11.5 (0.6), mem = 3013.5M
Info: 1 net with fixed/cover wires excluded.
Info: 1 clock net  excluded from IPO operation.
	CornerforLayerOpt timing analysis view view_slow has been selected for calibration 
	CornerforLayerOpt timing analysis view view_slow has been selected for calibration 
	CornerforLayerOpt timing analysis view view_slow has been selected for calibration 
	CornerforLayerOpt timing analysis view view_slow has been selected for calibration 
+-------------------------------------------------------------------------------------------------------------------------------------------------------+
|        max-tran       |        max-cap        |  max-fanout |  max-length |       setup       |        |        |        |       |          |         |
+-------------------------------------------------------------------------------------------------------------------------------------------------------+
| nets | terms|  wViol  | nets | terms|  wViol  | nets | terms| nets | terms|   WNS   |   TNS   |  #Buf  |  #Inv  | #Resize|Density|   Real   |   Mem   |
+-------------------------------------------------------------------------------------------------------------------------------------------------------+
|     1|     2|    -0.03|     0|     0|     0.00|     0|     0|     0|     0|     0.39|     0.00|       0|       0|       0| 54.04%|          |         |
|     0|     0|     0.00|     0|     0|     0.00|     0|     0|     0|     0|     0.41|     0.00|       1|       0|       0| 54.12%| 0:00:00.0|  3039.6M|
|     0|     0|     0.00|     0|     0|     0.00|     0|     0|     0|     0|     0.41|     0.00|       0|       0|       0| 54.12%| 0:00:00.0|  3039.6M|
+-------------------------------------------------------------------------------------------------------------------------------------------------------+
Bottom Preferred Layer:
+---------------+------------+----------+
|     Layer     |    CLK     |   Rule   |
+---------------+------------+----------+
| Metal3 (z=3)  |          1 | default  |
+---------------+------------+----------+
Via Pillar Rule:
    None

*** Finish DRV Fixing (cpu=0:00:00.1 real=0:00:00.0 mem=3039.6M) ***

*** DrvOpt #3 [finish] (clock_opt_design #1) : cpu/real = 0:00:00.3/0:00:00.3 (1.0), totSession cpu/real = 0:01:20.1/0:02:11.8 (0.6), mem = 3039.6M
End: GigaOpt postEco DRV Optimization
Running refinePlace -preserveRouting true -hardFence false
*** Starting refinePlace (0:01:20 mem=3039.6M) ***
Max route layer is changed from 127 to 11 because there is no routing track above this layer
Max route layer is changed from 127 to 11 because there is no routing track above this layer

Starting Small incrNP...
Density distribution unevenness ratio = 21.506%
Skipped incrNP (cpu=0:00:00.0, real=0:00:00.0, mem=3039.6M)
End of Small incrNP (cpu=0:00:00.0, real=0:00:00.0)
Max route layer is changed from 127 to 11 because there is no routing track above this layer
Max route layer is changed from 127 to 11 because there is no routing track above this layer
Move report: Detail placement moves 15 insts, mean move: 0.36 um, max move: 0.60 um 
	Max move on inst (g12615__7098): (36.40, 37.43) --> (37.00, 37.43)
	Runtime: CPU: 0:00:00.0 REAL: 0:00:00.0 MEM: 3023.6MB
Summary Report:
Instances move: 15 (out of 596 movable)
Instances flipped: 0
Mean displacement: 0.36 um
Max displacement: 0.60 um (Instance: g12615__7098) (36.4, 37.43) -> (37, 37.43)
	Length: 7 sites, height: 1 rows, site name: CoreSite, cell type: OAI221X1
Physical-only instances move: 0 (out of 0 movable physical-only)
Runtime: CPU: 0:00:00.0 REAL: 0:00:00.0 MEM: 3023.6MB
*** Finished refinePlace (0:01:20 mem=3023.6M) ***
Register exp ratio and priority group on 0 nets on 630 nets : 

Active setup views:
 view_slow
  Dominating endpoints: 0
  Dominating TNS: -0.000

Extraction called for design 'aer_tx16_trad_rowcol_fovea_cluster2_steal_buf_polarity' of instances=596 and nets=632 using extraction engine 'preRoute' .
PreRoute RC Extraction called for design aer_tx16_trad_rowcol_fovea_cluster2_steal_buf_polarity.
RC Extraction called in multi-corner(1) mode.
**WARN: (IMPEXT-6197):	The Cap table file is not specified. This will result in lower parasitic accuracy when using preRoute extraction or postRoute extraction with effort level 'low'. It is recommended to generate the Cap table file using the 'generateCapTbl' command and specify it before extraction using 'create_rc_corner/update_rc_corner -cap_table'.
Type 'man IMPEXT-6197' for more detail.
RCMode: PreRoute
      RC Corner Indexes            0   
Capacitance Scaling Factor   : 1.00000 
Resistance Scaling Factor    : 1.00000 
Clock Cap. Scaling Factor    : 1.00000 
Clock Res. Scaling Factor    : 1.00000 
Shrink Factor                : 1.00000
PreRoute extraction is honoring NDR/Shielding/ExtraSpace for clock nets.
Updating RC Grid density data for preRoute extraction ...
Initializing multi-corner resistance tables ...
PreRoute RC Extraction DONE (CPU Time: 0:00:00.0  Real Time: 0:00:00.0  MEM: 3022.035M)
Starting delay calculation for Setup views
AAE_INFO: opIsDesignInPostRouteState() is 0
#################################################################################
# Design Stage: PreRoute
# Design Name: aer_tx16_trad_rowcol_fovea_cluster2_steal_buf_polarity
# Design Mode: 45nm
# Analysis Mode: MMMC Non-OCV 
# Parasitics Mode: No SPEF/RCDB 
# Signoff Settings: SI Off 
#################################################################################
Calculate delays in Single mode...
Start delay calculation (fullDC) (1 T). (MEM=2279.76)
Total number of fetched objects 630
End delay calculation. (MEM=2288.14 CPU=0:00:00.1 REAL=0:00:01.0)
End delay calculation (fullDC). (MEM=2288.14 CPU=0:00:00.2 REAL=0:00:01.0)
*** Done Building Timing Graph (cpu=0:00:00.6 real=0:00:01.0 totSessionCpu=0:01:21 mem=3013.5M)
OPTC: user 20.0
Reported timing to dir ./timingReports
**optDesign ... cpu = 0:00:14, real = 0:00:32, mem = 2277.7M, totSessionCpu=0:01:21 **

OptSummary:

------------------------------------------------------------------
     optDesign Final Summary
------------------------------------------------------------------

Setup views included:
 view_slow 

+--------------------+---------+---------+---------+
|     Setup mode     |   all   | reg2reg | default |
+--------------------+---------+---------+---------+
|           WNS (ns):|  0.416  |  0.416  |  2.294  |
|           TNS (ns):|  0.000  |  0.000  |  0.000  |
|    Violating Paths:|    0    |    0    |    0    |
|          All Paths:|   136   |   93    |   131   |
+--------------------+---------+---------+---------+

+----------------+-------------------------------+------------------+
|                |              Real             |       Total      |
|    DRVs        +------------------+------------+------------------|
|                |  Nr nets(terms)  | Worst Vio  |  Nr nets(terms)  |
+----------------+------------------+------------+------------------+
|   max_cap      |      0 (0)       |   0.000    |      0 (0)       |
|   max_tran     |      0 (0)       |   0.000    |      0 (0)       |
|   max_fanout   |      0 (0)       |     0      |      0 (0)       |
|   max_length   |      0 (0)       |     0      |      0 (0)       |
+----------------+------------------+------------+------------------+

Density: 54.117%
Routing Overflow: 0.00% H and 0.06% V
------------------------------------------------------------------
Begin: Collecting metrics
 ------------------------------------------------------------------------------------------------------------------------------------------------------- 
| Snapshot                | WNS                  | TNS                  | Density (%) | Hotspot                   | Resource               | DRVs       |
|                         | HEPG (ns) | ALL (ns) | HEPG (ns) | ALL (ns) |             | Max (bins) | Total (bins) | Real (s) | Memory (MB) | Tran | Cap |
|-------------------------+-----------+----------+-----------+----------+-------------+------------+--------------+----------+-------------+------+-----|
| initial_summary         |     0.333 |    0.333 |           |        0 |       53.93 |            |              | 0:00:01  |        3030 |    1 |   0 |
| route_type_refinement   |           |          |           |          |             |            |              | 0:00:01  |        3030 |      |     |
| simplify_netlist        |           |          |           |          |             |            |              | 0:00:00  |        3046 |      |     |
| excluded_clk_net_fixing |           |          |           |          |             |            |              | 0:00:01  |        3046 |      |     |
| drv_fixing              |     0.433 |    0.433 |         0 |        0 |       54.16 |            |              | 0:00:01  |        3040 |    0 |   0 |
| global_opt              |           |    0.433 |           |        0 |       54.16 |            |              | 0:00:01  |        3040 |      |     |
| area_reclaiming         |     0.433 |    0.433 |         0 |        0 |       54.16 |            |              | 0:00:01  |        3040 |      |     |
| area_reclaiming_2       |     0.414 |    0.414 |         0 |        0 |       54.06 |            |              | 0:00:01  |        3048 |      |     |
| area_reclaiming_3       |     0.414 |    0.414 |         0 |        0 |       54.04 |            |              | 0:00:01  |        3048 |      |     |
| local_wire_reclaim      |           |          |           |          |             |            |              | 0:00:01  |        3032 |      |     |
| global_route            |           |          |           |          |             |       0.00 |         0.00 | 0:00:00  |        3020 |      |     |
| route_type_refinement_2 |           |          |           |          |             |            |              | 0:00:00  |        3020 |      |     |
| drv_eco_fixing          |     0.414 |    0.414 |         0 |        0 |       54.12 |            |              | 0:00:00  |        3040 |    0 |   0 |
| final_summary           |     0.416 |    0.416 |           |        0 |       54.12 |            |              | 0:00:02  |        3030 |    0 |   0 |
 ------------------------------------------------------------------------------------------------------------------------------------------------------- 
End: Collecting metrics
**optDesign ... cpu = 0:00:15, real = 0:00:34, mem = 2280.4M, totSessionCpu=0:01:22 **
*** Finished optDesign ***
      flow.cputime  flow.realtime  timing.setup.tns  timing.setup.wns  snapshot
UM:*                                                                   final
      flow.cputime  flow.realtime  timing.setup.tns  timing.setup.wns  snapshot
UM:*                                                                   opt_design_postcts
Info: final physical memory for 2 CRR processes is 741.43MB.
Info: Summary of CRR changes:
      - Timing transform commits:       0
Info: Destroy the CCOpt slew target map.
Set place::cacheFPlanSiteMark to 0
(clock_opt_design): dumping clock statistics to metric
Updating ideal nets and annotations...
Clock tree spec update: Ideal nets, transition and delay annotations were updated to match active timing constraints.
Updating ideal nets and annotations done. (took cpu=0:00:00.0 real=0:00:00.0)
No differences between SDC and CTS ideal net status found.
Clock tree timing engine global stage delay update for delay_slow:both.early...
Clock tree timing engine global stage delay update for delay_slow:both.early done. (took cpu=0:00:00.0 real=0:00:00.1)
Clock tree timing engine global stage delay update for delay_slow:both.late...
Clock tree timing engine global stage delay update for delay_slow:both.late done. (took cpu=0:00:00.0 real=0:00:00.0)
UM: Running design category ...
      flow.cputime  flow.realtime  timing.setup.tns  timing.setup.wns  snapshot
UM:          24.95             66          0.000 ns          0.416 ns  clock_opt_design

*** Summary of all messages that are not suppressed in this session:
Severity  ID               Count  Summary                                  
WARNING   IMPEXT-6197          6  The Cap table file is not specified. Thi...
WARNING   IMPSP-9025           1  No scan chain specified/traced.          
*** Message Summary: 7 warning(s), 0 error(s)

*** clock_opt_design #1 [finish] () : cpu/real = 0:00:24.7/0:00:55.2 (0.4), totSession cpu/real = 0:01:22.9/0:02:26.7 (0.6), mem = 3029.6M
Ending "clock_opt_design" (total cpu=0:00:24.7, real=0:00:55.0, peak res=2297.3M, current mem=2113.3M)
<CMD> routeDesign
#% Begin routeDesign (date=08/24 09:26:28, mem=2113.3M)
#routeDesign: cpu time = 00:00:00, elapsed time = 00:00:00, memory = 2113.39 (MB), peak = 2297.27 (MB)
AAE_INFO: Pre Route call back at the beginning of routeDesign
#**INFO: setDesignMode -flowEffort standard
#**INFO: setDesignMode -powerEffort none
**INFO: User settings:
setNanoRouteMode -route_route_side                          front
setNanoRouteMode -route_extract_third_party_compatible      false
setNanoRouteMode -route_global_exp_timing_driven_std_delay  41.7
setDesignMode -process                                      45
setExtractRCMode -coupling_c_th                             0.1
setExtractRCMode -engine                                    preRoute
setExtractRCMode -relative_c_th                             1
setExtractRCMode -total_c_th                                0
setDelayCalMode -enable_high_fanout                         true
setDelayCalMode -enable_ideal_seq_async_pins                false
setDelayCalMode -eng_enablePrePlacedFlow                    false
setDelayCalMode -engine                                     aae
setDelayCalMode -ignoreNetLoad                              false
setDelayCalMode -socv_accuracy_mode                         low
setSIMode -separate_delta_delay_on_data                     true

#rc_typical has no qx tech file defined
#No active RC corner or QRC tech file is missing.
#**INFO: multi-cut via swapping will be performed after routing.
#**INFO: All auto set options tuned by routeDesign will be restored to their original settings on command completion.
Begin checking placement ... (start mem=3029.6M, init mem=3029.6M)
*info: Placed = 596           
*info: Unplaced = 0           
Placement Density:54.11%(1254/2317)
Placement Density (including fixed std cells):54.11%(1254/2317)
Finished checkPlace (total: cpu=0:00:00.0, real=0:00:00.0; vio checks: cpu=0:00:00.0, real=0:00:00.0; mem=3029.6M)

changeUseClockNetStatus Option :  -ignoreSkipRoutingNets -noFixedNetWires 
*** Changed status on (1) nets in Clock.
*** End changeUseClockNetStatus (cpu=0:00:00.0, real=0:00:00.0, mem=3029.6M) ***
#Start route 1 clock and analog nets...
% Begin globalDetailRoute (date=08/24 09:26:28, mem=2113.9M)

globalDetailRoute

#Start globalDetailRoute on Mon Aug 24 09:26:28 2026
#
Updating RC Grid density data for preRoute extraction ...
Initializing multi-corner resistance tables ...
#WARNING (NRIG-1303) The congestion map does not match the GCELL grid. Clearing the congestion map.
#WARNING (NRIF-95) Option setNanoRouteMode -routeTopRoutingLayer has invalid value "0". Reset to max routing layer "11".
#NanoRoute Version 23.14-s088_1 NR250219-0822/23_14-UB
#WARNING (NRIF-95) Option setNanoRouteMode -routeTopRoutingLayer has invalid value "0". Reset to max routing layer "11".
#Skip comparing routing design signature in db-snapshot flow
#WARNING (NRIF-95) Option setNanoRouteMode -routeTopRoutingLayer has invalid value "0". Reset to max routing layer "11".
#WARNING (NRIF-95) Option setNanoRouteMode -routeTopRoutingLayer has invalid value "0". Reset to max routing layer "11".
#WARNING (NRIF-95) Option setNanoRouteMode -routeTopRoutingLayer has invalid value "0". Reset to max routing layer "11".
#Total number of trivial nets (e.g. < 2 pins) = 2 (skipped).
#Total number of nets with skipped attribute = 629 (skipped).
#Total number of routable nets = 1.
#Total number of nets in the design = 632.
#1 routable net has routed wires.
#629 skipped nets have only detail routed wires.
#1 detail routed (routable) net has been constrained (e.g. have preferred extra spacing, require shielding etc.)
#No nets have been global routed.
#WARNING (NRIF-95) Option setNanoRouteMode -routeTopRoutingLayer has invalid value "0". Reset to max routing layer "11".
#Start routing data preparation on Mon Aug 24 09:26:29 2026
#
#WARNING (NRIF-95) Option setNanoRouteMode -routeTopRoutingLayer has invalid value "0". Reset to max routing layer "11".
#WARNING (NRIF-95) Option setNanoRouteMode -routeTopRoutingLayer has invalid value "0". Reset to max routing layer "11".
#Rebuild pin access data for design.
#Initial pin access analysis.
#Detail pin access analysis.
# Metal1       H   Track-Pitch = 0.19000    Line-2-Via Pitch = 0.13000
# Metal2       V   Track-Pitch = 0.20000    Line-2-Via Pitch = 0.15000
# Metal3       H   Track-Pitch = 0.19000    Line-2-Via Pitch = 0.15000
# Metal4       V   Track-Pitch = 0.20000    Line-2-Via Pitch = 0.15000
# Metal5       H   Track-Pitch = 0.19000    Line-2-Via Pitch = 0.15000
# Metal6       V   Track-Pitch = 0.20000    Line-2-Via Pitch = 0.15000
# Metal7       H   Track-Pitch = 0.19000    Line-2-Via Pitch = 0.15000
# Metal8       V   Track-Pitch = 0.20000    Line-2-Via Pitch = 0.15000
# Metal9       H   Track-Pitch = 0.19000    Line-2-Via Pitch = 0.15000
# Metal10      V   Track-Pitch = 0.50000    Line-2-Via Pitch = 0.42000
# Metal11      H   Track-Pitch = 0.47500    Line-2-Via Pitch = 0.43000
#Bottom routing layer index=1(Metal1), bottom routing layer for shielding=1(Metal1), bottom shield layer=1(Metal1)
#shield_bottom_stripe_layer=1(Metal1), shield_top_stripe_layer=11(Metal11)
#pin_access_rlayer=2(Metal2)
#shield_top_dpt_rlayer=-1 top_rlayer=11 top_trim_metal_rlayer=-1 rlayer_lowest=1 bottom_rlayer=1
#enable_trim_layer_shield=F enable_dpt_layer_shield=F has_line_end_grid=F
#enable_dpt_layer_shield=F
#has_line_end_grid=F
#cpu time = 00:00:00, elapsed time = 00:00:00, memory = 2123.25 (MB), peak = 2297.27 (MB)
#Regenerating Ggrids automatically.
#Auto generating G-grids with size=15 tracks, using layer Metal3's pitch = 0.19000.
#Using automatically generated G-grids.
#Done routing data preparation.
#cpu time = 00:00:02, elapsed time = 00:00:02, memory = 2136.31 (MB), peak = 2297.27 (MB)
#WARNING (NRIF-95) Option setNanoRouteMode -routeTopRoutingLayer has invalid value "0". Reset to max routing layer "11".
#
#Finished routing data preparation on Mon Aug 24 09:26:30 2026
#
#Cpu time = 00:00:02
#Elapsed time = 00:00:02
#Increased memory = 19.56 (MB)
#Total memory = 2136.43 (MB)
#Peak memory = 2297.27 (MB)
#
#
#Start global routing on Mon Aug 24 09:26:30 2026
#
#
#Start global routing initialization on Mon Aug 24 09:26:30 2026
#
#WARNING (NRGR-22) Design is already detail routed.
#WARNING (NRIF-95) Option setNanoRouteMode -routeTopRoutingLayer has invalid value "0". Reset to max routing layer "11".
#WARNING (NRIF-95) Option setNanoRouteMode -routeTopRoutingLayer has invalid value "0". Reset to max routing layer "11".
#Routing data preparation, pin analysis, global routing and track assignment statistics:
#Cpu time = 00:00:02
#Elapsed time = 00:00:02
#Increased memory = 19.79 (MB)
#Total memory = 2136.56 (MB)
#Peak memory = 2297.27 (MB)
#WARNING (NRIF-95) Option setNanoRouteMode -routeTopRoutingLayer has invalid value "0". Reset to max routing layer "11".
#WARNING (NRIF-95) Option setNanoRouteMode -routeTopRoutingLayer has invalid value "0". Reset to max routing layer "11".
#WARNING (NRIF-95) Option setNanoRouteMode -routeTopRoutingLayer has invalid value "0". Reset to max routing layer "11".
#WARNING (NRIF-95) Option setNanoRouteMode -routeTopRoutingLayer has invalid value "0". Reset to max routing layer "11".
#
#Start Detail Routing..
#start initial detail routing ...
# ECO: 87.50% of the total area was rechecked for DRC, and 0.00% required routing.
#   number of violations = 0
#120 out of 596 instances (20.1%) need to be verified(marked ipoed), dirty area = 4.0%.
#52.89% of the total area is being checked for drcs
#52.9% of the total area was checked
#   number of violations = 0
#cpu time = 00:00:00, elapsed time = 00:00:00, memory = 2145.28 (MB), peak = 2297.27 (MB)
#Complete Detail Routing.
#Total number of nets with non-default rule or having extra spacing = 1
#
#  Routing Statistics
#
#----------------+-----------+-----+
#  Layer         | Length(um)| Vias|
#----------------+-----------+-----+
#  Poly ( 0H)    |          0|    0|
#  Metal1 ( 1H)  |          0|   88|
#  Metal2 ( 2V)  |         74|   84|
#  Metal3 ( 3H)  |        145|   46|
#  Metal4 ( 4V)  |        104|    0|
#  Metal5 ( 5H)  |          0|    0|
#  Metal6 ( 6V)  |          0|    0|
#  Metal7 ( 7H)  |          0|    0|
#  Metal8 ( 8V)  |          0|    0|
#  Metal9 ( 9H)  |          0|    0|
#  Metal10 (10V) |          0|    0|
#  Metal11 (11H) |          0|    0|
#----------------+-----------+-----+
#  Total         |        323|  218|
#----------------+-----------+-----+
#
# Total half perimeter of net bounding box: 95 um.
#Total number of DRC violations = 0
#Cpu time = 00:00:00
#Elapsed time = 00:00:00
#Increased memory = 8.49 (MB)
#Total memory = 2145.06 (MB)
#Peak memory = 2297.27 (MB)
#detailRoute Statistics:
#Cpu time = 00:00:00
#Elapsed time = 00:00:00
#Increased memory = 8.52 (MB)
#Total memory = 2145.08 (MB)
#Peak memory = 2297.27 (MB)
#
#globalDetailRoute statistics:
#Cpu time = 00:00:02
#Elapsed time = 00:00:02
#Increased memory = -7.09 (MB)
#Total memory = 2106.89 (MB)
#Peak memory = 2297.27 (MB)
#Number of warnings = 17
#Total number of warnings = 33
#Number of fails = 0
#Total number of fails = 0
#Complete globalDetailRoute on Mon Aug 24 09:26:31 2026
#
% End globalDetailRoute (date=08/24 09:26:31, total cpu=0:00:02.6, real=0:00:03.0, peak res=2136.1M, current mem=2105.6M)
#**INFO: auto set of droutePostRouteSwapVia to multiCut
% Begin globalDetailRoute (date=08/24 09:26:31, mem=2105.6M)

globalDetailRoute

#Start globalDetailRoute on Mon Aug 24 09:26:31 2026
#
#Generating timing data, please wait...
#630 total nets, 1 already routed, 1 will ignore in trialRoute
**WARN: (IMPEXT-6197):	The Cap table file is not specified. This will result in lower parasitic accuracy when using preRoute extraction or postRoute extraction with effort level 'low'. It is recommended to generate the Cap table file using the 'generateCapTbl' command and specify it before extraction using 'create_rc_corner/update_rc_corner -cap_table'.
#Dump tif for version 2.1
Total number of fetched objects 630
End delay calculation. (MEM=2145.2 CPU=0:00:00.1 REAL=0:00:01.0)
#Generating timing data took: cpu time = 00:00:01, elapsed time = 00:00:01, memory = 2112.29 (MB), peak = 2297.27 (MB)
#Done generating timing data.
#WARNING (NRIG-1303) The congestion map does not match the GCELL grid. Clearing the congestion map.
#WARNING (NRIF-95) Option setNanoRouteMode -routeTopRoutingLayer has invalid value "0". Reset to max routing layer "11".
#Start reading timing information from file .timing_file_206033.tif.gz ...
#Read in timing information for 72 ports, 596 instances from timing file .timing_file_206033.tif.gz.
#NanoRoute Version 23.14-s088_1 NR250219-0822/23_14-UB
#WARNING (NRIF-95) Option setNanoRouteMode -routeTopRoutingLayer has invalid value "0". Reset to max routing layer "11".
#WARNING (NRIF-95) Option setNanoRouteMode -routeTopRoutingLayer has invalid value "0". Reset to max routing layer "11".
#WARNING (NRIF-95) Option setNanoRouteMode -routeTopRoutingLayer has invalid value "0". Reset to max routing layer "11".
#WARNING (NRIF-95) Option setNanoRouteMode -routeTopRoutingLayer has invalid value "0". Reset to max routing layer "11".
#Total number of trivial nets (e.g. < 2 pins) = 2 (skipped).
#Total number of routable nets = 630.
#Total number of nets in the design = 632.
#629 routable nets do not have any wires.
#1 routable net has routed wires.
#629 nets will be global routed.
#1 detail routed (routable) net has been constrained (e.g. have preferred extra spacing, require shielding etc.)
#WARNING (NRIF-95) Option setNanoRouteMode -routeTopRoutingLayer has invalid value "0". Reset to max routing layer "11".
#Start routing data preparation on Mon Aug 24 09:26:32 2026
#
#WARNING (NRIF-95) Option setNanoRouteMode -routeTopRoutingLayer has invalid value "0". Reset to max routing layer "11".
#WARNING (NRIF-95) Option setNanoRouteMode -routeTopRoutingLayer has invalid value "0". Reset to max routing layer "11".
#Initial pin access analysis.
#Detail pin access analysis.
# Metal1       H   Track-Pitch = 0.19000    Line-2-Via Pitch = 0.13000
# Metal2       V   Track-Pitch = 0.20000    Line-2-Via Pitch = 0.15000
# Metal3       H   Track-Pitch = 0.19000    Line-2-Via Pitch = 0.15000
# Metal4       V   Track-Pitch = 0.20000    Line-2-Via Pitch = 0.15000
# Metal5       H   Track-Pitch = 0.19000    Line-2-Via Pitch = 0.15000
# Metal6       V   Track-Pitch = 0.20000    Line-2-Via Pitch = 0.15000
# Metal7       H   Track-Pitch = 0.19000    Line-2-Via Pitch = 0.15000
# Metal8       V   Track-Pitch = 0.20000    Line-2-Via Pitch = 0.15000
# Metal9       H   Track-Pitch = 0.19000    Line-2-Via Pitch = 0.15000
# Metal10      V   Track-Pitch = 0.50000    Line-2-Via Pitch = 0.42000
# Metal11      H   Track-Pitch = 0.47500    Line-2-Via Pitch = 0.43000
#Bottom routing layer index=1(Metal1), bottom routing layer for shielding=1(Metal1), bottom shield layer=1(Metal1)
#shield_bottom_stripe_layer=1(Metal1), shield_top_stripe_layer=11(Metal11)
#pin_access_rlayer=2(Metal2)
#shield_top_dpt_rlayer=-1 top_rlayer=11 top_trim_metal_rlayer=-1 rlayer_lowest=1 bottom_rlayer=1
#enable_trim_layer_shield=F enable_dpt_layer_shield=F has_line_end_grid=F
#enable_dpt_layer_shield=F
#has_line_end_grid=F
#cpu time = 00:00:00, elapsed time = 00:00:00, memory = 2116.77 (MB), peak = 2297.27 (MB)
#Regenerating Ggrids automatically.
#Auto generating G-grids with size=15 tracks, using layer Metal3's pitch = 0.19000.
#Using automatically generated G-grids.
#Done routing data preparation.
#cpu time = 00:00:01, elapsed time = 00:00:01, memory = 2129.07 (MB), peak = 2297.27 (MB)
#WARNING (NRIF-95) Option setNanoRouteMode -routeTopRoutingLayer has invalid value "0". Reset to max routing layer "11".
#
#Finished routing data preparation on Mon Aug 24 09:26:33 2026
#
#Cpu time = 00:00:01
#Elapsed time = 00:00:01
#Increased memory = 16.25 (MB)
#Total memory = 2129.07 (MB)
#Peak memory = 2297.27 (MB)
#
#
#Start global routing on Mon Aug 24 09:26:33 2026
#
#
#Start global routing initialization on Mon Aug 24 09:26:33 2026
#
#Number of eco nets is 0
#
#Start global routing data preparation on Mon Aug 24 09:26:33 2026
#
#Start routing resource analysis on Mon Aug 24 09:26:33 2026
#
#Routing resource analysis is done on Mon Aug 24 09:26:33 2026
#
#  Resource Analysis:
#
#               Routing  #Avail      #Track     #Total     %Gcell
#  Layer      Direction   Track     Blocked      Gcell    Blocked
#  --------------------------------------------------------------
#  Metal1         H         207         151         576    30.03%
#  Metal2         V         307          35         576     0.00%
#  Metal3         H         346          12         576     0.00%
#  Metal4         V         310          32         576     0.00%
#  Metal5         H         350           8         576     0.00%
#  Metal6         V         234         108         576    22.22%
#  Metal7         H         276          82         576    21.88%
#  Metal8         V         341           1         576     0.00%
#  Metal9         H         357           1         576     0.00%
#  Metal10        V         135           1         576     0.00%
#  Metal11        H         141           1         576     0.00%
#  --------------------------------------------------------------
#  Total                   3008      11.10%        6336     6.74%
#
#  1 nets (0.16%) with 1 preferred extra spacing.
#
#
#
#Global routing data preparation is done on Mon Aug 24 09:26:33 2026
#
#cpu time = 00:00:00, elapsed time = 00:00:00, memory = 2129.45 (MB), peak = 2297.27 (MB)
#
#
#Global routing initialization is done on Mon Aug 24 09:26:33 2026
#
#cpu time = 00:00:00, elapsed time = 00:00:00, memory = 2129.51 (MB), peak = 2297.27 (MB)
#
#start global routing iteration 1...
#cpu time = 00:00:00, elapsed time = 00:00:00, memory = 2130.78 (MB), peak = 2297.27 (MB)
#
#start global routing iteration 2...
#cpu time = 00:00:00, elapsed time = 00:00:00, memory = 2130.79 (MB), peak = 2297.27 (MB)
#
#
#Total number of trivial nets (e.g. < 2 pins) = 2 (skipped).
#Total number of routable nets = 630.
#Total number of nets in the design = 632.
#
#630 routable nets have routed wires.
#1 detail routed (routable) net has been constrained (e.g. have preferred extra spacing, require shielding etc.)
#
#Routed nets constraints summary:
#-----------------------------
#        Rules   Unconstrained  
#-----------------------------
#      Default             629  
#-----------------------------
#        Total             629  
#-----------------------------
#
#Routing constraints summary of the whole design:
#------------------------------------------------
#        Rules   Pref Extra Space   Unconstrained  
#------------------------------------------------
#      Default                  1             629  
#------------------------------------------------
#        Total                  1             629  
#------------------------------------------------
#
#WARNING (NRIF-95) Option setNanoRouteMode -routeTopRoutingLayer has invalid value "0". Reset to max routing layer "11".
#
#  Congestion Analysis: (blocked Gcells are excluded)
#
#                 OverCon          
#                  #Gcell    %Gcell
#     Layer           (1)   OverCon
#  --------------------------------
#  Metal1        0(0.00%)   (0.00%)
#  Metal2        1(0.17%)   (0.17%)
#  Metal3        0(0.00%)   (0.00%)
#  Metal4        0(0.00%)   (0.00%)
#  Metal5        0(0.00%)   (0.00%)
#  Metal6        0(0.00%)   (0.00%)
#  Metal7        0(0.00%)   (0.00%)
#  Metal8        0(0.00%)   (0.00%)
#  Metal9        0(0.00%)   (0.00%)
#  Metal10       0(0.00%)   (0.00%)
#  Metal11       0(0.00%)   (0.00%)
#  --------------------------------
#     Total      1(0.02%)   (0.02%)
#
#  The worst congested Gcell overcon (routing demand over resource in number of tracks) = 1
#  Overflow after GR: 0.00% H + 0.02% V
#
#Hotspot report including placement blocked areas
[hotspot] +----------------+-------------------+-------------------+-------------------------------------+
[hotspot] |      layer     |    max hotspot    |   total hotspot   |            hotspot bbox             |
[hotspot] +----------------+-------------------+-------------------+-------------------------------------+
[hotspot] |   Metal1(H)    |              0.00 |              0.00 |   (none)                            |
[hotspot] |   Metal2(V)    |              0.00 |              0.00 |   (none)                            |
[hotspot] |   Metal3(H)    |              0.00 |              0.00 |   (none)                            |
[hotspot] |   Metal4(V)    |              0.00 |              0.00 |   (none)                            |
[hotspot] |   Metal5(H)    |              0.00 |              0.00 |   (none)                            |
[hotspot] |   Metal6(V)    |              0.00 |              0.00 |   (none)                            |
[hotspot] |   Metal7(H)    |              8.00 |              8.00 |    68.39     6.83    68.41    61.55 |
[hotspot] |   Metal8(V)    |              0.00 |              0.00 |   (none)                            |
[hotspot] |   Metal9(H)    |              0.00 |              0.00 |   (none)                            |
[hotspot] |  Metal10(V)    |              0.00 |              0.00 |   (none)                            |
[hotspot] |  Metal11(H)    |              0.00 |              0.00 |   (none)                            |
[hotspot] +----------------+-------------------+-------------------+-------------------------------------+
[hotspot] |      worst     | (Metal7)     8.00 | (Metal7)     8.00 |                                     |
[hotspot] +----------------+-------------------+-------------------+-------------------------------------+
[hotspot] |   all layers   |              0.00 |              0.00 |                                     |
[hotspot] +----------------+-------------------+-------------------+-------------------------------------+
Local HotSpot Analysis (blockage included) (3d): normalized congestion max/total hotspot area = 0.00/0.00 (area is in unit of 4 std-cell row bins)
#Complete Global Routing.
#Total number of nets with non-default rule or having extra spacing = 1
#
#  Routing Statistics
#
#----------------+-----------+-----+
#  Layer         | Length(um)| Vias|
#----------------+-----------+-----+
#  Poly ( 0H)    |          0|    0|
#  Metal1 ( 1H)  |         28| 1833|
#  Metal2 ( 2V)  |       1378| 1083|
#  Metal3 ( 3H)  |       2043|  305|
#  Metal4 ( 4V)  |       1159|   92|
#  Metal5 ( 5H)  |        485|   38|
#  Metal6 ( 6V)  |         28|   29|
#  Metal7 ( 7H)  |         31|   21|
#  Metal8 ( 8V)  |        207|   12|
#  Metal9 ( 9H)  |        171|    4|
#  Metal10 (10V) |         28|    2|
#  Metal11 (11H) |          0|    0|
#----------------+-----------+-----+
#  Total         |       5560| 3419|
#----------------+-----------+-----+
#
# Total half perimeter of net bounding box: 5741 um.
#WARNING (NRIF-95) Option setNanoRouteMode -routeTopRoutingLayer has invalid value "0". Reset to max routing layer "11".
#Max overcon = 1 tracks.
#Total overcon = 0.02%.
#Worst layer Gcell overcon rate = 0.00%.
#
#Global routing statistics:
#Cpu time = 00:00:00
#Elapsed time = 00:00:00
#Increased memory = 2.56 (MB)
#Total memory = 2131.64 (MB)
#Peak memory = 2297.27 (MB)
#
#Finished global routing on Mon Aug 24 09:26:33 2026
#
#
#WARNING (NRIF-95) Option setNanoRouteMode -routeTopRoutingLayer has invalid value "0". Reset to max routing layer "11".
#WARNING (NRIF-95) Option setNanoRouteMode -routeTopRoutingLayer has invalid value "0". Reset to max routing layer "11".
#cpu time = 00:00:00, elapsed time = 00:00:00, memory = 2131.64 (MB), peak = 2297.27 (MB)
#WARNING (NRIF-95) Option setNanoRouteMode -routeTopRoutingLayer has invalid value "0". Reset to max routing layer "11".
#Start Track Assignment.
#Done with 653 horizontal wires in 1 hboxes and 572 vertical wires in 1 hboxes.
#Done with 153 horizontal wires in 1 hboxes and 121 vertical wires in 1 hboxes.
#Done with 1 horizontal wires in 1 hboxes and 1 vertical wires in 1 hboxes.
#
#Track assignment summary:
# layer   (wire length)   (overlap)     (long ovlp)	(with obs/pg/clk)  
#------------------------------------------------------------------------
# Metal1        26.91 	  0.22%  	  0.00% 	  0.00%
# Metal2      1259.58 	  0.06%  	  0.00% 	  0.00%
# Metal3      1820.68 	  0.26%  	  0.00% 	  0.01%
# Metal4      1055.04 	  0.04%  	  0.00% 	  0.00%
# Metal5       482.20 	  0.02%  	  0.00% 	  0.00%
# Metal6        29.69 	  0.00%  	  0.00% 	  0.00%
# Metal7        27.74 	  0.00%  	  0.00% 	  0.00%
# Metal8       200.64 	  0.00%  	  0.00% 	  0.00%
# Metal9       170.69 	  0.00%  	  0.00% 	  0.00%
# Metal10       28.19 	  0.00%  	  0.00% 	  0.00%
# Metal11        0.00 	  0.00%  	  0.00% 	  0.00%
#------------------------------------------------------------------------
# All        5101.34  	  0.12% 	  0.00% 	  0.00%
#Complete Track Assignment.
#Total number of nets with non-default rule or having extra spacing = 1
#
#  Routing Statistics
#
#----------------+-----------+-----+
#  Layer         | Length(um)| Vias|
#----------------+-----------+-----+
#  Poly ( 0H)    |          0|    0|
#  Metal1 ( 1H)  |         27| 1833|
#  Metal2 ( 2V)  |       1316| 1083|
#  Metal3 ( 3H)  |       1956|  305|
#  Metal4 ( 4V)  |       1151|   92|
#  Metal5 ( 5H)  |        479|   38|
#  Metal6 ( 6V)  |         29|   29|
#  Metal7 ( 7H)  |         27|   21|
#  Metal8 ( 8V)  |        200|   12|
#  Metal9 ( 9H)  |        170|    4|
#  Metal10 (10V) |         28|    2|
#  Metal11 (11H) |          0|    0|
#----------------+-----------+-----+
#  Total         |       5382| 3419|
#----------------+-----------+-----+
#
# Total half perimeter of net bounding box: 5741 um.
#cpu time = 00:00:00, elapsed time = 00:00:00, memory = 2131.93 (MB), peak = 2297.27 (MB)
#
#number of short segments in preferred routing layers
#	
#	
#
#Routing data preparation, pin analysis, global routing and track assignment statistics:
#Cpu time = 00:00:01
#Elapsed time = 00:00:01
#Increased memory = 19.11 (MB)
#Total memory = 2131.93 (MB)
#Peak memory = 2297.27 (MB)
#WARNING (NRIF-95) Option setNanoRouteMode -routeTopRoutingLayer has invalid value "0". Reset to max routing layer "11".
#WARNING (NRIF-95) Option setNanoRouteMode -routeTopRoutingLayer has invalid value "0". Reset to max routing layer "11".
#WARNING (NRIF-95) Option setNanoRouteMode -routeTopRoutingLayer has invalid value "0". Reset to max routing layer "11".
#WARNING (NRIF-95) Option setNanoRouteMode -routeTopRoutingLayer has invalid value "0". Reset to max routing layer "11".
#
#Start Detail Routing..
#start initial detail routing ...
#   number of violations = 7
#
#  By Layer and Type:
#
#---------+------+-------+
#  -      | Short| Totals|
#---------+------+-------+
#  Metal1 |     5|      5|
#  Metal2 |     2|      2|
#  Totals |     7|      7|
#---------+------+-------+
#
#cpu time = 00:00:02, elapsed time = 00:00:02, memory = 2144.42 (MB), peak = 2297.27 (MB)
#start 1st optimization iteration ...
#   number of violations = 1
#
#  By Layer and Type:
#
#---------+------+-------+
#  -      | Short| Totals|
#---------+------+-------+
#  Metal1 |     0|      0|
#  Metal2 |     1|      1|
#  Totals |     1|      1|
#---------+------+-------+
#
#cpu time = 00:00:00, elapsed time = 00:00:00, memory = 2145.03 (MB), peak = 2297.27 (MB)
#start 2nd optimization iteration ...
#   number of violations = 1
#
#  By Layer and Type:
#
#---------+------+-------+
#  -      | Short| Totals|
#---------+------+-------+
#  Metal1 |     0|      0|
#  Metal2 |     1|      1|
#  Totals |     1|      1|
#---------+------+-------+
#
#cpu time = 00:00:00, elapsed time = 00:00:00, memory = 2144.88 (MB), peak = 2297.27 (MB)
#start 3rd optimization iteration ...
#   number of violations = 0
#cpu time = 00:00:00, elapsed time = 00:00:00, memory = 2146.14 (MB), peak = 2297.27 (MB)
#Complete Detail Routing.
#Total number of nets with non-default rule or having extra spacing = 1
#
#  Routing Statistics
#
#----------------+-----------+-----+
#  Layer         | Length(um)| Vias|
#----------------+-----------+-----+
#  Poly ( 0H)    |          0|    0|
#  Metal1 ( 1H)  |        152| 1936|
#  Metal2 ( 2V)  |       1858| 1268|
#  Metal3 ( 3H)  |       1978|  326|
#  Metal4 ( 4V)  |       1224|   75|
#  Metal5 ( 5H)  |        436|   38|
#  Metal6 ( 6V)  |         38|   29|
#  Metal7 ( 7H)  |         28|   23|
#  Metal8 ( 8V)  |        191|   12|
#  Metal9 ( 9H)  |        105|    4|
#  Metal10 (10V) |         10|    2|
#  Metal11 (11H) |         27|    0|
#----------------+-----------+-----+
#  Total         |       6048| 3713|
#----------------+-----------+-----+
#
# Total half perimeter of net bounding box: 5741 um.
#Total number of DRC violations = 0
#Cpu time = 00:00:03
#Elapsed time = 00:00:03
#Increased memory = 11.90 (MB)
#Total memory = 2143.83 (MB)
#Peak memory = 2297.27 (MB)
#
#start routing for process antenna violation fix ...
#WARNING (NRIF-95) Option setNanoRouteMode -routeTopRoutingLayer has invalid value "0". Reset to max routing layer "11".
#WARNING (NRIF-95) Option setNanoRouteMode -routeTopRoutingLayer has invalid value "0". Reset to max routing layer "11".
#WARNING (EMS-27) Message (NRIF-95) has exceeded the current message display limit of 20.
#To increase the message display limit, refer to the product command reference manual.
#cpu time = 00:00:00, elapsed time = 00:00:00, memory = 2144.84 (MB), peak = 2297.27 (MB)
#
#Total number of nets with non-default rule or having extra spacing = 1
#
#  Routing Statistics
#
#----------------+-----------+-----+
#  Layer         | Length(um)| Vias|
#----------------+-----------+-----+
#  Poly ( 0H)    |          0|    0|
#  Metal1 ( 1H)  |        152| 1936|
#  Metal2 ( 2V)  |       1858| 1268|
#  Metal3 ( 3H)  |       1978|  326|
#  Metal4 ( 4V)  |       1224|   75|
#  Metal5 ( 5H)  |        436|   38|
#  Metal6 ( 6V)  |         38|   29|
#  Metal7 ( 7H)  |         28|   23|
#  Metal8 ( 8V)  |        191|   12|
#  Metal9 ( 9H)  |        105|    4|
#  Metal10 (10V) |         10|    2|
#  Metal11 (11H) |         27|    0|
#----------------+-----------+-----+
#  Total         |       6048| 3713|
#----------------+-----------+-----+
#
# Total half perimeter of net bounding box: 5741 um.
#Total number of DRC violations = 0
#Total number of process antenna violations = 0
#Total number of net violated process antenna rule = 0
#
#
#Total number of nets with non-default rule or having extra spacing = 1
#
#  Routing Statistics
#
#----------------+-----------+-----+
#  Layer         | Length(um)| Vias|
#----------------+-----------+-----+
#  Poly ( 0H)    |          0|    0|
#  Metal1 ( 1H)  |        152| 1936|
#  Metal2 ( 2V)  |       1858| 1268|
#  Metal3 ( 3H)  |       1978|  326|
#  Metal4 ( 4V)  |       1224|   75|
#  Metal5 ( 5H)  |        436|   38|
#  Metal6 ( 6V)  |         38|   29|
#  Metal7 ( 7H)  |         28|   23|
#  Metal8 ( 8V)  |        191|   12|
#  Metal9 ( 9H)  |        105|    4|
#  Metal10 (10V) |         10|    2|
#  Metal11 (11H) |         27|    0|
#----------------+-----------+-----+
#  Total         |       6048| 3713|
#----------------+-----------+-----+
#
# Total half perimeter of net bounding box: 5741 um.
#Total number of DRC violations = 0
#Total number of process antenna violations = 0
#Total number of net violated process antenna rule = 0
#
#
#Start Post Route via swapping...
#89.25% of area are rerouted by ECO routing.
#   number of violations = 0
#cpu time = 00:00:01, elapsed time = 00:00:01, memory = 2150.78 (MB), peak = 2297.27 (MB)
#CELL_VIEW aer_tx16_trad_rowcol_fovea_cluster2_steal_buf_polarity,init has no DRC violation.
#Total number of DRC violations = 0
#Total number of process antenna violations = 0
#Total number of net violated process antenna rule = 0
#Post Route via swapping is done.
#Total number of nets with non-default rule or having extra spacing = 1
#
#  Routing Statistics
#
#----------------+-----------+-----+---------------------+---------------------+
#  Layer         | Length(um)| Vias|           Single-cut|            Multi-cut|
#----------------+-----------+-----+---------------------+---------------------+
#  Poly ( 0H)    |          0|    0|          0  (  0.0%)|          0  (  0.0%)|
#  Metal1 ( 1H)  |        152| 1936|        270  ( 13.9%)|       1666  ( 86.1%)|
#  Metal2 ( 2V)  |       1858| 1268|         15  (  1.2%)|       1253  ( 98.8%)|
#  Metal3 ( 3H)  |       1978|  326|          0  (  0.0%)|        326  (100.0%)|
#  Metal4 ( 4V)  |       1224|   75|          0  (  0.0%)|         75  (100.0%)|
#  Metal5 ( 5H)  |        436|   38|          0  (  0.0%)|         38  (100.0%)|
#  Metal6 ( 6V)  |         38|   29|          0  (  0.0%)|         29  (100.0%)|
#  Metal7 ( 7H)  |         28|   23|          0  (  0.0%)|         23  (100.0%)|
#  Metal8 ( 8V)  |        191|   12|          0  (  0.0%)|         12  (100.0%)|
#  Metal9 ( 9H)  |        105|    4|          0  (  0.0%)|          4  (100.0%)|
#  Metal10 (10V) |         10|    2|          0  (  0.0%)|          2  (100.0%)|
#  Metal11 (11H) |         27|    0|          0  (  0.0%)|          0  (  0.0%)|
#----------------+-----------+-----+---------------------+---------------------+
#  Total         |       6048| 3713|        285  (  7.7%)|       3428  ( 92.3%)|
#----------------+-----------+-----+---------------------+---------------------+
#
# Total half perimeter of net bounding box: 5741 um.
#
#Start Post Route wire spreading..
#
#Start DRC checking..
#   number of violations = 0
#cpu time = 00:00:00, elapsed time = 00:00:00, memory = 2151.38 (MB), peak = 2297.27 (MB)
#CELL_VIEW aer_tx16_trad_rowcol_fovea_cluster2_steal_buf_polarity,init has no DRC violation.
#Total number of DRC violations = 0
#Total number of process antenna violations = 0
#Total number of net violated process antenna rule = 0
#
#Start data preparation for wire spreading...
#
#Data preparation is done on Mon Aug 24 09:26:37 2026
#
#
#Start Post Route Wire Spread.
#Done with 80 horizontal wires in 2 hboxes and 65 vertical wires in 2 hboxes.
#Complete Post Route Wire Spread.
#
#Total number of nets with non-default rule or having extra spacing = 1
#
#  Routing Statistics
#
#----------------+-----------+-----+---------------------+---------------------+
#  Layer         | Length(um)| Vias|           Single-cut|            Multi-cut|
#----------------+-----------+-----+---------------------+---------------------+
#  Poly ( 0H)    |          0|    0|          0  (  0.0%)|          0  (  0.0%)|
#  Metal1 ( 1H)  |        153| 1936|        270  ( 13.9%)|       1666  ( 86.1%)|
#  Metal2 ( 2V)  |       1863| 1268|         15  (  1.2%)|       1253  ( 98.8%)|
#  Metal3 ( 3H)  |       2000|  326|          0  (  0.0%)|        326  (100.0%)|
#  Metal4 ( 4V)  |       1240|   75|          0  (  0.0%)|         75  (100.0%)|
#  Metal5 ( 5H)  |        440|   38|          0  (  0.0%)|         38  (100.0%)|
#  Metal6 ( 6V)  |         38|   29|          0  (  0.0%)|         29  (100.0%)|
#  Metal7 ( 7H)  |         28|   23|          0  (  0.0%)|         23  (100.0%)|
#  Metal8 ( 8V)  |        193|   12|          0  (  0.0%)|         12  (100.0%)|
#  Metal9 ( 9H)  |        107|    4|          0  (  0.0%)|          4  (100.0%)|
#  Metal10 (10V) |         10|    2|          0  (  0.0%)|          2  (100.0%)|
#  Metal11 (11H) |         27|    0|          0  (  0.0%)|          0  (  0.0%)|
#----------------+-----------+-----+---------------------+---------------------+
#  Total         |       6099| 3713|        285  (  7.7%)|       3428  ( 92.3%)|
#----------------+-----------+-----+---------------------+---------------------+
#
# Total half perimeter of net bounding box: 5741 um.
#
#Start DRC checking..
#   number of violations = 0
#cpu time = 00:00:00, elapsed time = 00:00:00, memory = 2151.54 (MB), peak = 2297.27 (MB)
#CELL_VIEW aer_tx16_trad_rowcol_fovea_cluster2_steal_buf_polarity,init has no DRC violation.
#Total number of DRC violations = 0
#Total number of process antenna violations = 0
#Total number of net violated process antenna rule = 0
#   number of violations = 0
#cpu time = 00:00:01, elapsed time = 00:00:01, memory = 2150.53 (MB), peak = 2297.27 (MB)
#CELL_VIEW aer_tx16_trad_rowcol_fovea_cluster2_steal_buf_polarity,init has no DRC violation.
#Total number of DRC violations = 0
#Total number of process antenna violations = 0
#Total number of net violated process antenna rule = 0
#Post Route wire spread is done.
#Total number of nets with non-default rule or having extra spacing = 1
#
#  Routing Statistics
#
#----------------+-----------+-----+---------------------+---------------------+
#  Layer         | Length(um)| Vias|           Single-cut|            Multi-cut|
#----------------+-----------+-----+---------------------+---------------------+
#  Poly ( 0H)    |          0|    0|          0  (  0.0%)|          0  (  0.0%)|
#  Metal1 ( 1H)  |        153| 1936|        270  ( 13.9%)|       1666  ( 86.1%)|
#  Metal2 ( 2V)  |       1863| 1268|         15  (  1.2%)|       1253  ( 98.8%)|
#  Metal3 ( 3H)  |       2000|  326|          0  (  0.0%)|        326  (100.0%)|
#  Metal4 ( 4V)  |       1240|   75|          0  (  0.0%)|         75  (100.0%)|
#  Metal5 ( 5H)  |        440|   38|          0  (  0.0%)|         38  (100.0%)|
#  Metal6 ( 6V)  |         38|   29|          0  (  0.0%)|         29  (100.0%)|
#  Metal7 ( 7H)  |         28|   23|          0  (  0.0%)|         23  (100.0%)|
#  Metal8 ( 8V)  |        193|   12|          0  (  0.0%)|         12  (100.0%)|
#  Metal9 ( 9H)  |        107|    4|          0  (  0.0%)|          4  (100.0%)|
#  Metal10 (10V) |         10|    2|          0  (  0.0%)|          2  (100.0%)|
#  Metal11 (11H) |         27|    0|          0  (  0.0%)|          0  (  0.0%)|
#----------------+-----------+-----+---------------------+---------------------+
#  Total         |       6099| 3713|        285  (  7.7%)|       3428  ( 92.3%)|
#----------------+-----------+-----+---------------------+---------------------+
#
# Total half perimeter of net bounding box: 5741 um.
#detailRoute Statistics:
#Cpu time = 00:00:05
#Elapsed time = 00:00:05
#Increased memory = 18.60 (MB)
#Total memory = 2150.53 (MB)
#Peak memory = 2297.27 (MB)
#
#globalDetailRoute statistics:
#Cpu time = 00:00:07
#Elapsed time = 00:00:07
#Increased memory = 30.74 (MB)
#Total memory = 2136.36 (MB)
#Peak memory = 2297.27 (MB)
#Number of warnings = 22
#Total number of warnings = 56
#Number of fails = 0
#Total number of fails = 0
#Complete globalDetailRoute on Mon Aug 24 09:26:38 2026
#
% End globalDetailRoute (date=08/24 09:26:38, total cpu=0:00:06.9, real=0:00:07.0, peak res=2135.4M, current mem=2135.4M)
#Default setup view is reset to view_slow.
#Default setup view is reset to view_slow.
AAE_INFO: Post Route call back at the end of routeDesign
#routeDesign: cpu time = 00:00:10, elapsed time = 00:00:10, memory = 2128.48 (MB), peak = 2297.27 (MB)
#
#  Scalability Statistics
#
#----------------------------+---------+-------------+------------+
#  routeDesign               | cpu time| elapsed time| scalability|
#----------------------------+---------+-------------+------------+
#  Pre Callback              | 00:00:00|     00:00:00|         1.0|
#  Post Callback             | 00:00:00|     00:00:00|         1.0|
#  Timing Data Generation    | 00:00:01|     00:00:01|         1.0|
#  DB Import                 | 00:00:00|     00:00:00|         1.0|
#  DB Export                 | 00:00:00|     00:00:00|         1.0|
#  Cell Pin Access           | 00:00:01|     00:00:01|         1.0|
#  Data Preparation          | 00:00:02|     00:00:02|         1.0|
#  Global Routing            | 00:00:00|     00:00:00|         1.0|
#  Track Assignment          | 00:00:00|     00:00:00|         1.0|
#  Detail Routing            | 00:00:03|     00:00:03|         1.0|
#  Antenna Fixing            | 00:00:00|     00:00:00|         1.0|
#  Post Route Via Swapping   | 00:00:01|     00:00:01|         1.0|
#  Post Route Wire Spreading | 00:00:01|     00:00:01|         1.0|
#  Entire Command            | 00:00:10|     00:00:10|         1.0|
#----------------------------+---------+-------------+------------+
#

*** Summary of all messages that are not suppressed in this session:
Severity  ID               Count  Summary                                  
WARNING   IMPEXT-6197          1  The Cap table file is not specified. Thi...
WARNING   NRIG-1303            1  The congestion map does not match the GC...
WARNING   NRIF-95             33  Option setNanoRouteMode -routeTopRouting...
*** Message Summary: 35 warning(s), 0 error(s)

#% End routeDesign (date=08/24 09:26:38, total cpu=0:00:09.9, real=0:00:10.0, peak res=2136.1M, current mem=2128.5M)
<CMD> win create
<CMD> fit
<CMD> streamOut syn/pnr/resynth_steal_buf_polarity/aer_tx16_trad_rowcol_fovea_cluster2_steal_buf_polarity_3.5.gds -libName DESIGN_LIB -units 1000 -mode ALL
Parse flat map file 'streamOut.map'
Writing GDSII file ...
	****** db unit per micron = 2000 ******
	****** output gds2 file unit per micron = 1000 ******
	****** unit scaling factor = 0.5 ******
**WARN: (IMPOGDS-250):	Specified unit is smaller than the one in db. You may have rounding problems
**WARN: (IMPOGDS-1171):	Structure name aer_tx16_trad_rowcol_fovea_cluster2_steal_buf_polarity too long(>32). 32 is limitation length of structure name in GDSII 3.0 which might be truncated in downstream tools, streamOut still keep the string length.
Output for instance
Output for bump
Output for physical terminals
Output for logical terminals
Output for regular nets
Output for special nets and metal fills
Convert 0 swires and 0 svias from compressed groups
Output for via structure generation total number 55
Statistics for GDS generated (version 3)
----------------------------------------
Stream Out Layer Mapping Information:
GDS Layer Number          GDS Layer Name
----------------------------------------
    233                             COMP
    234                          DIEAREA
    227                          Metal11
    217                            Via10
    226                          Metal11
    206                          Metal10
    216                            Via10
    196                             Via9
    225                          Metal11
    205                          Metal10
    185                           Metal9
    214                            Via10
    195                             Via9
    175                             Via8
    223                          Metal11
    204                          Metal10
    184                           Metal9
    164                           Metal8
    8                             Metal1
    22                              Via1
    2                               Cont
    64                              Via3
    44                              Via2
    5                               Cont
    43                              Via2
    23                              Via1
    1                               Cont
    9                             Metal1
    29                            Metal2
    50                            Metal3
    10                            Metal1
    30                            Metal2
    71                            Metal4
    11                            Metal1
    51                            Metal3
    31                            Metal2
    65                              Via3
    26                              Via1
    85                              Via4
    52                            Metal3
    32                            Metal2
    72                            Metal4
    92                            Metal5
    47                              Via2
    3                               Cont
    86                              Via4
    106                             Via5
    220                          Metal11
    200                          Metal10
    161                           Metal8
    78                            Metal4
    38                            Metal2
    58                            Metal3
    97                            Metal5
    117                           Metal6
    53                            Metal3
    14                            Metal1
    73                            Metal4
    93                            Metal5
    113                           Metal6
    218                          Metal11
    198                          Metal10
    178                           Metal9
    158                           Metal8
    75                            Metal4
    36                            Metal2
    16                            Metal1
    55                            Metal3
    119                           Metal6
    68                              Via3
    24                              Via1
    4                               Cont
    107                             Via5
    127                             Via6
    221                          Metal11
    182                           Metal9
    59                            Metal3
    79                            Metal4
    99                            Metal5
    118                           Metal6
    138                           Metal7
    212                            Via10
    173                             Via8
    70                              Via3
    90                              Via4
    109                             Via5
    129                             Via6
    222                          Metal11
    202                          Metal10
    183                           Metal9
    163                           Metal8
    143                           Metal7
    190                             Via9
    170                             Via8
    67                              Via3
    48                              Via2
    28                              Via1
    87                              Via4
    131                             Via6
    224                          Metal11
    180                           Metal9
    160                           Metal8
    101                           Metal5
    121                           Metal6
    141                           Metal7
    35                            Metal2
    74                            Metal4
    94                            Metal5
    114                           Metal6
    134                           Metal7
    176                           Metal9
    156                           Metal8
    13                            Metal1
    33                            Metal2
    77                            Metal4
    116                           Metal6
    136                           Metal7
    197                          Metal10
    177                           Metal9
    157                           Metal8
    54                            Metal3
    34                            Metal2
    15                            Metal1
    98                            Metal5
    137                           Metal7
    203                          Metal10
    159                           Metal8
    80                            Metal4
    100                           Metal5
    120                           Metal6
    139                           Metal7
    219                          Metal11
    199                          Metal10
    179                           Metal9
    57                            Metal3
    37                            Metal2
    17                            Metal1
    76                            Metal4
    96                            Metal5
    140                           Metal7
    201                          Metal10
    181                           Metal9
    162                           Metal8
    122                           Metal6
    142                           Metal7
    45                              Via2
    6                               Cont
    25                              Via1
    89                              Via4
    128                             Via6
    148                             Via7
    169                             Via8
    66                              Via3
    46                              Via2
    7                               Cont
    27                              Via1
    110                             Via5
    149                             Via7
    194                             Via9
    91                              Via4
    111                             Via5
    130                             Via6
    150                             Via7
    215                            Via10
    171                             Via8
    112                             Via5
    132                             Via6
    151                             Via7
    211                            Via10
    191                             Via9
    69                              Via3
    49                              Via2
    88                              Via4
    108                             Via5
    152                             Via7
    192                             Via9
    172                             Via8
    133                             Via6
    153                             Via7
    213                            Via10
    193                             Via9
    174                             Via8
    154                             Via7
    56                            Metal3
    12                            Metal1
    95                            Metal5
    115                           Metal6
    135                           Metal7
    155                           Metal8
    18                            Metal1
    19                            Metal1
    39                            Metal2
    60                            Metal3
    20                            Metal1
    40                            Metal2
    81                            Metal4
    21                            Metal1
    61                            Metal3
    41                            Metal2
    62                            Metal3
    42                            Metal2
    82                            Metal4
    102                           Metal5
    230                          Metal11
    210                          Metal10
    63                            Metal3
    83                            Metal4
    103                           Metal5
    123                           Metal6
    228                          Metal11
    208                          Metal10
    188                           Metal9
    168                           Metal8
    231                          Metal11
    84                            Metal4
    104                           Metal5
    124                           Metal6
    144                           Metal7
    186                           Metal9
    166                           Metal8
    126                           Metal6
    146                           Metal7
    207                          Metal10
    187                           Metal9
    167                           Metal8
    147                           Metal7
    229                          Metal11
    209                          Metal10
    189                           Metal9
    105                           Metal5
    125                           Metal6
    145                           Metal7
    165                           Metal8


Stream Out Information Processed for GDS version 3:
Units: 1000 DBU

Object                             Count
----------------------------------------
Instances                            596

Ports/Pins                            72
    metal layer Metal2                 9
    metal layer Metal3                 8
    metal layer Metal4                 9
    metal layer Metal5                 8
    metal layer Metal6                 9
    metal layer Metal7                 8
    metal layer Metal8                 9
    metal layer Metal9                 8
    metal layer Metal10                2
    metal layer Metal11                2

Nets                                5244
    metal layer Metal1               266
    metal layer Metal2              2874
    metal layer Metal3              1409
    metal layer Metal4               422
    metal layer Metal5               124
    metal layer Metal6                40
    metal layer Metal7                29
    metal layer Metal8                44
    metal layer Metal9                30
    metal layer Metal10                4
    metal layer Metal11                2

    Via Instances                   3713

Special Nets                          95
    metal layer Metal1                87
    metal layer Metal6                 4
    metal layer Metal7                 4

    Via Instances                    356

Metal Fills                            0

    Via Instances                      0

Metal FillOPCs                         0

    Via Instances                      0

Metal FillDRCs                         0

    Via Instances                      0

Text                                 704
    metal layer Metal1                40
    metal layer Metal2               416
    metal layer Metal3               149
    metal layer Metal4                26
    metal layer Metal5                17
    metal layer Metal6                11
    metal layer Metal7                14
    metal layer Metal8                13
    metal layer Metal9                13
    metal layer Metal10                2
    metal layer Metal11                3


Blockages                              0


Custom Text                            0


Custom Box                             0

Trim Metal                             0

######Streamout is finished!

*** Memory Usage v#2 (Current mem = 3025.039M, initial mem = 831.461M) ***
*** Message Summary: 109 warning(s), 0 error(s)

--- Ending "Innovus" (totcpu=0:01:33, real=0:02:40, mem=3025.0M) ---
