arrival_cycle,source_index
0,0
0,1
0,2
0,3
0,4
0,5
0,6
0,7
0,8
0,9
0,10
0,11
0,12
0,13
0,14
0,15
2,0
2,1
2,2
2,3
2,4
2,5
2,6
2,7
2,8
2,9
2,10
2,11
2,12
2,13
2,14
2,15
4,0
4,1
4,2
4,3
4,4
4,5
4,6
4,7
4,8
4,9
4,10
4,11
4,12
4,13
4,14
4,15
6,0
6,1
6,2
6,3
6,4
6,5
6,6
6,7
6,8
6,9
6,10
6,11
6,12
6,13
6,14
6,15
8,0
8,1
8,2
8,3
8,4
8,5
8,6
8,7
8,8
8,9
8,10
8,11
8,12
8,13
8,14
8,15
10,0
10,1
10,2
10,3
10,4
10,5
10,6
10,7
10,8
10,9
10,10
10,11
10,12
10,13
10,14
10,15
12,0
12,1
12,2
12,3
12,4
12,5
12,6
12,7
12,8
12,9
12,10
12,11
12,12
12,13
12,14
12,15
14,0
14,1
14,2
14,3
14,4
14,5
14,6
14,7
14,8
14,9
14,10
14,11
14,12
14,13
14,14
14,15
16,0
16,1
16,2
16,3
16,4
16,5
16,6
16,7
16,8
16,9
16,10
16,11
16,12
16,13
16,14
16,15
18,0
18,1
18,2
18,3
18,4
18,5
18,6
18,7
18,8
18,9
18,10
18,11
18,12
18,13
18,14
18,15
20,0
20,1
20,2
20,3
20,4
20,5
20,6
20,7
20,8
20,9
20,10
20,11
20,12
20,13
20,14
20,15
22,0
22,1
22,2
22,3
22,4
22,5
22,6
22,7
22,8
22,9
22,10
22,11
22,12
22,13
22,14
22,15
24,0
24,1
24,2
24,3
24,4
24,5
24,6
24,7
24,8
24,9
24,10
24,11
24,12
24,13
24,14
24,15
26,0
26,1
26,2
26,3
26,4
26,5
26,6
26,7
26,8
26,9
26,10
26,11
26,12
26,13
26,14
26,15
28,0
28,1
28,2
28,3
28,4
28,5
28,6
28,7
28,8
28,9
28,10
28,11
28,12
28,13
28,14
28,15
30,0
30,1
30,2
30,3
30,4
30,5
30,6
30,7
30,8
30,9
30,10
30,11
30,12
30,13
30,14
30,15
32,0
32,1
32,2
32,3
32,4
32,5
32,6
32,7
32,8
32,9
32,10
32,11
32,12
32,13
32,14
32,15
34,0
34,1
34,2
34,3
34,4
34,5
34,6
34,7
34,8
34,9
34,10
34,11
34,12
34,13
34,14
34,15
36,0
36,1
36,2
36,3
36,4
36,5
36,6
36,7
36,8
36,9
36,10
36,11
36,12
36,13
36,14
36,15
38,0
38,1
38,2
38,3
38,4
38,5
38,6
38,7
38,8
38,9
38,10
38,11
38,12
38,13
38,14
38,15
40,0
40,1
40,2
40,3
40,4
40,5
40,6
40,7
40,8
40,9
40,10
40,11
40,12
40,13
40,14
40,15
42,0
42,1
42,2
42,3
42,4
42,5
42,6
42,7
42,8
42,9
42,10
42,11
42,12
42,13
42,14
42,15
44,0
44,1
44,2
44,3
44,4
44,5
44,6
44,7
44,8
44,9
44,10
44,11
44,12
44,13
44,14
44,15
46,0
46,1
46,2
46,3
46,4
46,5
46,6
46,7
46,8
46,9
46,10
46,11
46,12
46,13
46,14
46,15
48,0
48,1
48,2
48,3
48,4
48,5
48,6
48,7
48,8
48,9
48,10
48,11
48,12
48,13
48,14
48,15
50,0
50,1
50,2
50,3
50,4
50,5
50,6
50,7
50,8
50,9
50,10
50,11
50,12
50,13
50,14
50,15
52,0
52,1
52,2
52,3
52,4
52,5
52,6
52,7
52,8
52,9
52,10
52,11
52,12
52,13
52,14
52,15
54,0
54,1
54,2
54,3
54,4
54,5
54,6
54,7
54,8
54,9
54,10
54,11
54,12
54,13
54,14
54,15
56,0
56,1
56,2
56,3
56,4
56,5
56,6
56,7
56,8
56,9
56,10
56,11
56,12
56,13
56,14
56,15
58,0
58,1
58,2
58,3
58,4
58,5
58,6
58,7
58,8
58,9
58,10
58,11
58,12
58,13
58,14
58,15
60,0
60,1
60,2
60,3
60,4
60,5
60,6
60,7
60,8
60,9
60,10
60,11
60,12
60,13
60,14
60,15
62,0
62,1
62,2
62,3
62,4
62,5
62,6
62,7
62,8
62,9
62,10
62,11
62,12
62,13
62,14
62,15
64,0
64,1
64,2
64,3
64,4
64,5
64,6
64,7
64,8
64,9
64,10
64,11
64,12
64,13
64,14
64,15
66,0
66,1
66,2
66,3
66,4
66,5
66,6
66,7
66,8
66,9
66,10
66,11
66,12
66,13
66,14
66,15
68,0
68,1
68,2
68,3
68,4
68,5
68,6
68,7
68,8
68,9
68,10
68,11
68,12
68,13
68,14
68,15
70,0
70,1
70,2
70,3
70,4
70,5
70,6
70,7
70,8
70,9
70,10
70,11
70,12
70,13
70,14
70,15
72,0
72,1
72,2
72,3
72,4
72,5
72,6
72,7
72,8
72,9
72,10
72,11
72,12
72,13
72,14
72,15
74,0
74,1
74,2
74,3
74,4
74,5
74,6
74,7
74,8
74,9
74,10
74,11
74,12
74,13
74,14
74,15
76,0
76,1
76,2
76,3
76,4
76,5
76,6
76,7
76,8
76,9
76,10
76,11
76,12
76,13
76,14
76,15
78,0
78,1
78,2
78,3
78,4
78,5
78,6
78,7
78,8
78,9
78,10
78,11
78,12
78,13
78,14
78,15
80,0
80,1
80,2
80,3
80,4
80,5
80,6
80,7
80,8
80,9
80,10
80,11
80,12
80,13
80,14
80,15
82,0
82,1
82,2
82,3
82,4
82,5
82,6
82,7
82,8
82,9
82,10
82,11
82,12
82,13
82,14
82,15
84,0
84,1
84,2
84,3
84,4
84,5
84,6
84,7
84,8
84,9
84,10
84,11
84,12
84,13
84,14
84,15
86,0
86,1
86,2
86,3
86,4
86,5
86,6
86,7
86,8
86,9
86,10
86,11
86,12
86,13
86,14
86,15
88,0
88,1
88,2
88,3
88,4
88,5
88,6
88,7
88,8
88,9
88,10
88,11
88,12
88,13
88,14
88,15
90,0
90,1
90,2
90,3
90,4
90,5
90,6
90,7
90,8
90,9
90,10
90,11
90,12
90,13
90,14
90,15
92,0
92,1
92,2
92,3
92,4
92,5
92,6
92,7
92,8
92,9
92,10
92,11
92,12
92,13
92,14
92,15
94,0
94,1
94,2
94,3
94,4
94,5
94,6
94,7
94,8
94,9
94,10
94,11
94,12
94,13
94,14
94,15
96,0
96,1
96,2
96,3
96,4
96,5
96,6
96,7
96,8
96,9
96,10
96,11
96,12
96,13
96,14
96,15
98,0
98,1
98,2
98,3
98,4
98,5
98,6
98,7
98,8
98,9
98,10
98,11
98,12
98,13
98,14
98,15
100,0
100,1
100,2
100,3
100,4
100,5
100,6
100,7
100,8
100,9
100,10
100,11
100,12
100,13
100,14
100,15
102,0
102,1
102,2
102,3
102,4
102,5
102,6
102,7
102,8
102,9
102,10
102,11
102,12
102,13
102,14
102,15
104,0
104,1
104,2
104,3
104,4
104,5
104,6
104,7
104,8
104,9
104,10
104,11
104,12
104,13
104,14
104,15
106,0
106,1
106,2
106,3
106,4
106,5
106,6
106,7
106,8
106,9
106,10
106,11
106,12
106,13
106,14
106,15
108,0
108,1
108,2
108,3
108,4
108,5
108,6
108,7
108,8
108,9
108,10
108,11
108,12
108,13
108,14
108,15
110,0
110,1
110,2
110,3
110,4
110,5
110,6
110,7
110,8
110,9
110,10
110,11
110,12
110,13
110,14
110,15
112,0
112,1
112,2
112,3
112,4
112,5
112,6
112,7
112,8
112,9
112,10
112,11
112,12
112,13
112,14
112,15
114,0
114,1
114,2
114,3
114,4
114,5
114,6
114,7
114,8
114,9
114,10
114,11
114,12
114,13
114,14
114,15
116,0
116,1
116,2
116,3
116,4
116,5
116,6
116,7
116,8
116,9
116,10
116,11
116,12
116,13
116,14
116,15
118,0
118,1
118,2
118,3
118,4
118,5
118,6
118,7
118,8
118,9
118,10
118,11
118,12
118,13
118,14
118,15
120,0
120,1
120,2
120,3
120,4
120,5
120,6
120,7
120,8
120,9
120,10
120,11
120,12
120,13
120,14
120,15
122,0
122,1
122,2
122,3
122,4
122,5
122,6
122,7
122,8
122,9
122,10
122,11
122,12
122,13
122,14
122,15
124,0
124,1
124,2
124,3
124,4
124,5
124,6
124,7
124,8
124,9
124,10
124,11
124,12
124,13
124,14
124,15
126,0
126,1
126,2
126,3
126,4
126,5
126,6
126,7
126,8
126,9
126,10
126,11
126,12
126,13
126,14
126,15
128,0
128,1
128,2
128,3
128,4
128,5
128,6
128,7
128,8
128,9
128,10
128,11
128,12
128,13
128,14
128,15
130,0
130,1
130,2
130,3
130,4
130,5
130,6
130,7
130,8
130,9
130,10
130,11
130,12
130,13
130,14
130,15
132,0
132,1
132,2
132,3
132,4
132,5
132,6
132,7
132,8
132,9
132,10
132,11
132,12
132,13
132,14
132,15
134,0
134,1
134,2
134,3
134,4
134,5
134,6
134,7
134,8
134,9
134,10
134,11
134,12
134,13
134,14
134,15
136,0
136,1
136,2
136,3
136,4
136,5
136,6
136,7
136,8
136,9
136,10
136,11
136,12
136,13
136,14
136,15
138,0
138,1
138,2
138,3
138,4
138,5
138,6
138,7
138,8
138,9
138,10
138,11
138,12
138,13
138,14
138,15
140,0
140,1
140,2
140,3
140,4
140,5
140,6
140,7
140,8
140,9
140,10
140,11
140,12
140,13
140,14
140,15
142,0
142,1
142,2
142,3
142,4
142,5
142,6
142,7
142,8
142,9
142,10
142,11
142,12
142,13
142,14
142,15
144,0
144,1
144,2
144,3
144,4
144,5
144,6
144,7
144,8
144,9
144,10
144,11
144,12
144,13
144,14
144,15
146,0
146,1
146,2
146,3
146,4
146,5
146,6
146,7
146,8
146,9
146,10
146,11
146,12
146,13
146,14
146,15
148,0
148,1
148,2
148,3
148,4
148,5
148,6
148,7
148,8
148,9
148,10
148,11
148,12
148,13
148,14
148,15
150,0
150,1
150,2
150,3
150,4
150,5
150,6
150,7
150,8
150,9
150,10
150,11
150,12
150,13
150,14
150,15
152,0
152,1
152,2
152,3
152,4
152,5
152,6
152,7
152,8
152,9
152,10
152,11
152,12
152,13
152,14
152,15
154,0
154,1
154,2
154,3
154,4
154,5
154,6
154,7
154,8
154,9
154,10
154,11
154,12
154,13
154,14
154,15
156,0
156,1
156,2
156,3
156,4
156,5
156,6
156,7
156,8
156,9
156,10
156,11
156,12
156,13
156,14
156,15
158,0
158,1
158,2
158,3
158,4
158,5
158,6
158,7
158,8
158,9
158,10
158,11
158,12
158,13
158,14
158,15
160,0
160,1
160,2
160,3
160,4
160,5
160,6
160,7
160,8
160,9
160,10
160,11
160,12
160,13
160,14
160,15
162,0
162,1
162,2
162,3
162,4
162,5
162,6
162,7
162,8
162,9
162,10
162,11
162,12
162,13
162,14
162,15
164,0
164,1
164,2
164,3
164,4
164,5
164,6
164,7
164,8
164,9
164,10
164,11
164,12
164,13
164,14
164,15
166,0
166,1
166,2
166,3
166,4
166,5
166,6
166,7
166,8
166,9
166,10
166,11
166,12
166,13
166,14
166,15
168,0
168,1
168,2
168,3
168,4
168,5
168,6
168,7
168,8
168,9
168,10
168,11
168,12
168,13
168,14
168,15
170,0
170,1
170,2
170,3
170,4
170,5
170,6
170,7
170,8
170,9
170,10
170,11
170,12
170,13
170,14
170,15
172,0
172,1
172,2
172,3
172,4
172,5
172,6
172,7
172,8
172,9
172,10
172,11
172,12
172,13
172,14
172,15
174,0
174,1
174,2
174,3
174,4
174,5
174,6
174,7
174,8
174,9
174,10
174,11
174,12
174,13
174,14
174,15
176,0
176,1
176,2
176,3
176,4
176,5
176,6
176,7
176,8
176,9
176,10
176,11
176,12
176,13
176,14
176,15
178,0
178,1
178,2
178,3
178,4
178,5
178,6
178,7
178,8
178,9
178,10
178,11
178,12
178,13
178,14
178,15
180,0
180,1
180,2
180,3
180,4
180,5
180,6
180,7
180,8
180,9
180,10
180,11
180,12
180,13
180,14
180,15
182,0
182,1
182,2
182,3
182,4
182,5
182,6
182,7
182,8
182,9
182,10
182,11
182,12
182,13
182,14
182,15
184,0
184,1
184,2
184,3
184,4
184,5
184,6
184,7
184,8
184,9
184,10
184,11
184,12
184,13
184,14
184,15
186,0
186,1
186,2
186,3
186,4
186,5
186,6
186,7
186,8
186,9
186,10
186,11
186,12
186,13
186,14
186,15
188,0
188,1
188,2
188,3
188,4
188,5
188,6
188,7
188,8
188,9
188,10
188,11
188,12
188,13
188,14
188,15
190,0
190,1
190,2
190,3
190,4
190,5
190,6
190,7
190,8
190,9
190,10
190,11
190,12
190,13
190,14
190,15
192,0
192,1
192,2
192,3
192,4
192,5
192,6
192,7
192,8
192,9
192,10
192,11
192,12
192,13
192,14
192,15
194,0
194,1
194,2
194,3
194,4
194,5
194,6
194,7
194,8
194,9
194,10
194,11
194,12
194,13
194,14
194,15
196,0
196,1
196,2
196,3
196,4
196,5
196,6
196,7
196,8
196,9
196,10
196,11
196,12
196,13
196,14
196,15
198,0
198,1
198,2
198,3
198,4
198,5
198,6
198,7
198,8
198,9
198,10
198,11
198,12
198,13
198,14
198,15
200,0
200,1
200,2
200,3
200,4
200,5
200,6
200,7
200,8
200,9
200,10
200,11
200,12
200,13
200,14
200,15
202,0
202,1
202,2
202,3
202,4
202,5
202,6
202,7
202,8
202,9
202,10
202,11
202,12
202,13
202,14
202,15
204,0
204,1
204,2
204,3
204,4
204,5
204,6
204,7
204,8
204,9
204,10
204,11
204,12
204,13
204,14
204,15
206,0
206,1
206,2
206,3
206,4
206,5
206,6
206,7
206,8
206,9
206,10
206,11
206,12
206,13
206,14
206,15
208,0
208,1
208,2
208,3
208,4
208,5
208,6
208,7
208,8
208,9
208,10
208,11
208,12
208,13
208,14
208,15
210,0
210,1
210,2
210,3
210,4
210,5
210,6
210,7
210,8
210,9
210,10
210,11
210,12
210,13
210,14
210,15
212,0
212,1
212,2
212,3
212,4
212,5
212,6
212,7
212,8
212,9
212,10
212,11
212,12
212,13
212,14
212,15
214,0
214,1
214,2
214,3
214,4
214,5
214,6
214,7
214,8
214,9
214,10
214,11
214,12
214,13
214,14
214,15
216,0
216,1
216,2
216,3
216,4
216,5
216,6
216,7
216,8
216,9
216,10
216,11
216,12
216,13
216,14
216,15
218,0
218,1
218,2
218,3
218,4
218,5
218,6
218,7
218,8
218,9
218,10
218,11
218,12
218,13
218,14
218,15
220,0
220,1
220,2
220,3
220,4
220,5
220,6
220,7
220,8
220,9
220,10
220,11
220,12
220,13
220,14
220,15
222,0
222,1
222,2
222,3
222,4
222,5
222,6
222,7
222,8
222,9
222,10
222,11
222,12
222,13
222,14
222,15
224,0
224,1
224,2
224,3
224,4
224,5
224,6
224,7
224,8
224,9
224,10
224,11
224,12
224,13
224,14
224,15
226,0
226,1
226,2
226,3
226,4
226,5
226,6
226,7
226,8
226,9
226,10
226,11
226,12
226,13
226,14
226,15
228,0
228,1
228,2
228,3
228,4
228,5
228,6
228,7
228,8
228,9
228,10
228,11
228,12
228,13
228,14
228,15
230,0
230,1
230,2
230,3
230,4
230,5
230,6
230,7
230,8
230,9
230,10
230,11
230,12
230,13
230,14
230,15
232,0
232,1
232,2
232,3
232,4
232,5
232,6
232,7
232,8
232,9
232,10
232,11
232,12
232,13
232,14
232,15
234,0
234,1
234,2
234,3
234,4
234,5
234,6
234,7
234,8
234,9
234,10
234,11
234,12
234,13
234,14
234,15
236,0
236,1
236,2
236,3
236,4
236,5
236,6
236,7
236,8
236,9
236,10
236,11
236,12
236,13
236,14
236,15
238,0
238,1
238,2
238,3
238,4
238,5
238,6
238,7
238,8
238,9
238,10
238,11
238,12
238,13
238,14
238,15
240,0
240,1
240,2
240,3
240,4
240,5
240,6
240,7
240,8
240,9
240,10
240,11
240,12
240,13
240,14
240,15
242,0
242,1
242,2
242,3
242,4
242,5
242,6
242,7
242,8
242,9
242,10
242,11
242,12
242,13
242,14
242,15
244,0
244,1
244,2
244,3
244,4
244,5
244,6
244,7
244,8
244,9
244,10
244,11
244,12
244,13
244,14
244,15
246,0
246,1
246,2
246,3
246,4
246,5
246,6
246,7
246,8
246,9
246,10
246,11
246,12
246,13
246,14
246,15
248,0
248,1
248,2
248,3
248,4
248,5
248,6
248,7
248,8
248,9
248,10
248,11
248,12
248,13
248,14
248,15
250,0
250,1
250,2
250,3
250,4
250,5
250,6
250,7
250,8
250,9
250,10
250,11
250,12
250,13
250,14
250,15
252,0
252,1
252,2
252,3
252,4
252,5
252,6
252,7
252,8
252,9
252,10
252,11
252,12
252,13
252,14
252,15
254,0
254,1
254,2
254,3
254,4
254,5
254,6
254,7
254,8
254,9
254,10
254,11
254,12
254,13
254,14
254,15
256,0
256,1
256,2
256,3
256,4
256,5
256,6
256,7
256,8
256,9
256,10
256,11
256,12
256,13
256,14
256,15
258,0
258,1
258,2
258,3
258,4
258,5
258,6
258,7
258,8
258,9
258,10
258,11
258,12
258,13
258,14
258,15
260,0
260,1
260,2
260,3
260,4
260,5
260,6
260,7
260,8
260,9
260,10
260,11
260,12
260,13
260,14
260,15
262,0
262,1
262,2
262,3
262,4
262,5
262,6
262,7
262,8
262,9
262,10
262,11
262,12
262,13
262,14
262,15
264,0
264,1
264,2
264,3
264,4
264,5
264,6
264,7
264,8
264,9
264,10
264,11
264,12
264,13
264,14
264,15
266,0
266,1
266,2
266,3
266,4
266,5
266,6
266,7
266,8
266,9
266,10
266,11
266,12
266,13
266,14
266,15
268,0
268,1
268,2
268,3
268,4
268,5
268,6
268,7
268,8
268,9
268,10
268,11
268,12
268,13
268,14
268,15
270,0
270,1
270,2
270,3
270,4
270,5
270,6
270,7
270,8
270,9
270,10
270,11
270,12
270,13
270,14
270,15
272,0
272,1
272,2
272,3
272,4
272,5
272,6
272,7
272,8
272,9
272,10
272,11
272,12
272,13
272,14
272,15
274,0
274,1
274,2
274,3
274,4
274,5
274,6
274,7
274,8
274,9
274,10
274,11
274,12
274,13
274,14
274,15
276,0
276,1
276,2
276,3
276,4
276,5
276,6
276,7
276,8
276,9
276,10
276,11
276,12
276,13
276,14
276,15
278,0
278,1
278,2
278,3
278,4
278,5
278,6
278,7
278,8
278,9
278,10
278,11
278,12
278,13
278,14
278,15
280,0
280,1
280,2
280,3
280,4
280,5
280,6
280,7
280,8
280,9
280,10
280,11
280,12
280,13
280,14
280,15
282,0
282,1
282,2
282,3
282,4
282,5
282,6
282,7
282,8
282,9
282,10
282,11
282,12
282,13
282,14
282,15
284,0
284,1
284,2
284,3
284,4
284,5
284,6
284,7
284,8
284,9
284,10
284,11
284,12
284,13
284,14
284,15
286,0
286,1
286,2
286,3
286,4
286,5
286,6
286,7
286,8
286,9
286,10
286,11
286,12
286,13
286,14
286,15
288,0
288,1
288,2
288,3
288,4
288,5
288,6
288,7
288,8
288,9
288,10
288,11
288,12
288,13
288,14
288,15
290,0
290,1
290,2
290,3
290,4
290,5
290,6
290,7
290,8
290,9
290,10
290,11
290,12
290,13
290,14
290,15
292,0
292,1
292,2
292,3
292,4
292,5
292,6
292,7
292,8
292,9
292,10
292,11
292,12
292,13
292,14
292,15
294,0
294,1
294,2
294,3
294,4
294,5
294,6
294,7
294,8
294,9
294,10
294,11
294,12
294,13
294,14
294,15
296,0
296,1
296,2
296,3
296,4
296,5
296,6
296,7
296,8
296,9
296,10
296,11
296,12
296,13
296,14
296,15
298,0
298,1
298,2
298,3
298,4
298,5
298,6
298,7
298,8
298,9
298,10
298,11
298,12
298,13
298,14
298,15
300,0
300,1
300,2
300,3
300,4
300,5
300,6
300,7
300,8
300,9
300,10
300,11
300,12
300,13
300,14
300,15
302,0
302,1
302,2
302,3
302,4
302,5
302,6
302,7
302,8
302,9
302,10
302,11
302,12
302,13
302,14
302,15
304,0
304,1
304,2
304,3
304,4
304,5
304,6
304,7
304,8
304,9
304,10
304,11
304,12
304,13
304,14
304,15
306,0
306,1
306,2
306,3
306,4
306,5
306,6
306,7
306,8
306,9
306,10
306,11
306,12
306,13
306,14
306,15
308,0
308,1
308,2
308,3
308,4
308,5
308,6
308,7
308,8
308,9
308,10
308,11
308,12
308,13
308,14
308,15
310,0
310,1
310,2
310,3
310,4
310,5
310,6
310,7
310,8
310,9
310,10
310,11
310,12
310,13
310,14
310,15
312,0
312,1
312,2
312,3
312,4
312,5
312,6
312,7
312,8
312,9
312,10
312,11
312,12
312,13
312,14
312,15
314,0
314,1
314,2
314,3
314,4
314,5
314,6
314,7
314,8
314,9
314,10
314,11
314,12
314,13
314,14
314,15
316,0
316,1
316,2
316,3
316,4
316,5
316,6
316,7
316,8
316,9
316,10
316,11
316,12
316,13
316,14
316,15
318,0
318,1
318,2
318,3
318,4
318,5
318,6
318,7
318,8
318,9
318,10
318,11
318,12
318,13
318,14
318,15
320,0
320,1
320,2
320,3
320,4
320,5
320,6
320,7
320,8
320,9
320,10
320,11
320,12
320,13
320,14
320,15
322,0
322,1
322,2
322,3
322,4
322,5
322,6
322,7
322,8
322,9
322,10
322,11
322,12
322,13
322,14
322,15
324,0
324,1
324,2
324,3
324,4
324,5
324,6
324,7
324,8
324,9
324,10
324,11
324,12
324,13
324,14
324,15
326,0
326,1
326,2
326,3
326,4
326,5
326,6
326,7
326,8
326,9
326,10
326,11
326,12
326,13
326,14
326,15
328,0
328,1
328,2
328,3
328,4
328,5
328,6
328,7
328,8
328,9
328,10
328,11
328,12
328,13
328,14
328,15
330,0
330,1
330,2
330,3
330,4
330,5
330,6
330,7
330,8
330,9
330,10
330,11
330,12
330,13
330,14
330,15
332,0
332,1
332,2
332,3
332,4
332,5
332,6
332,7
332,8
332,9
332,10
332,11
332,12
332,13
332,14
332,15
334,0
334,1
334,2
334,3
334,4
334,5
334,6
334,7
334,8
334,9
334,10
334,11
334,12
334,13
334,14
334,15
336,0
336,1
336,2
336,3
336,4
336,5
336,6
336,7
336,8
336,9
336,10
336,11
336,12
336,13
336,14
336,15
338,0
338,1
338,2
338,3
338,4
338,5
338,6
338,7
338,8
338,9
338,10
338,11
338,12
338,13
338,14
338,15
340,0
340,1
340,2
340,3
340,4
340,5
340,6
340,7
340,8
340,9
340,10
340,11
340,12
340,13
340,14
340,15
342,0
342,1
342,2
342,3
342,4
342,5
342,6
342,7
342,8
342,9
342,10
342,11
342,12
342,13
342,14
342,15
344,0
344,1
344,2
344,3
344,4
344,5
344,6
344,7
344,8
344,9
344,10
344,11
344,12
344,13
344,14
344,15
346,0
346,1
346,2
346,3
346,4
346,5
346,6
346,7
346,8
346,9
346,10
346,11
346,12
346,13
346,14
346,15
348,0
348,1
348,2
348,3
348,4
348,5
348,6
348,7
348,8
348,9
348,10
348,11
348,12
348,13
348,14
348,15
350,0
350,1
350,2
350,3
350,4
350,5
350,6
350,7
350,8
350,9
350,10
350,11
350,12
350,13
350,14
350,15
352,0
352,1
352,2
352,3
352,4
352,5
352,6
352,7
352,8
352,9
352,10
352,11
352,12
352,13
352,14
352,15
354,0
354,1
354,2
354,3
354,4
354,5
354,6
354,7
354,8
354,9
354,10
354,11
354,12
354,13
354,14
354,15
356,0
356,1
356,2
356,3
356,4
356,5
356,6
356,7
356,8
356,9
356,10
356,11
356,12
356,13
356,14
356,15
358,0
358,1
358,2
358,3
358,4
358,5
358,6
358,7
358,8
358,9
358,10
358,11
358,12
358,13
358,14
358,15
360,0
360,1
360,2
360,3
360,4
360,5
360,6
360,7
360,8
360,9
360,10
360,11
360,12
360,13
360,14
360,15
362,0
362,1
362,2
362,3
362,4
362,5
362,6
362,7
362,8
362,9
362,10
362,11
362,12
362,13
362,14
362,15
364,0
364,1
364,2
364,3
364,4
364,5
364,6
364,7
364,8
364,9
364,10
364,11
364,12
364,13
364,14
364,15
366,0
366,1
366,2
366,3
366,4
366,5
366,6
366,7
366,8
366,9
366,10
366,11
366,12
366,13
366,14
366,15
368,0
368,1
368,2
368,3
368,4
368,5
368,6
368,7
368,8
368,9
368,10
368,11
368,12
368,13
368,14
368,15
370,0
370,1
370,2
370,3
370,4
370,5
370,6
370,7
370,8
370,9
370,10
370,11
370,12
370,13
370,14
370,15
372,0
372,1
372,2
372,3
372,4
372,5
372,6
372,7
372,8
372,9
372,10
372,11
372,12
372,13
372,14
372,15
374,0
374,1
374,2
374,3
374,4
374,5
374,6
374,7
374,8
374,9
374,10
374,11
374,12
374,13
374,14
374,15
376,0
376,1
376,2
376,3
376,4
376,5
376,6
376,7
376,8
376,9
376,10
376,11
376,12
376,13
376,14
376,15
378,0
378,1
378,2
378,3
378,4
378,5
378,6
378,7
378,8
378,9
378,10
378,11
378,12
378,13
378,14
378,15
380,0
380,1
380,2
380,3
380,4
380,5
380,6
380,7
380,8
380,9
380,10
380,11
380,12
380,13
380,14
380,15
382,0
382,1
382,2
382,3
382,4
382,5
382,6
382,7
382,8
382,9
382,10
382,11
382,12
382,13
382,14
382,15
384,0
384,1
384,2
384,3
384,4
384,5
384,6
384,7
384,8
384,9
384,10
384,11
384,12
384,13
384,14
384,15
386,0
386,1
386,2
386,3
386,4
386,5
386,6
386,7
386,8
386,9
386,10
386,11
386,12
386,13
386,14
386,15
388,0
388,1
388,2
388,3
388,4
388,5
388,6
388,7
388,8
388,9
388,10
388,11
388,12
388,13
388,14
388,15
390,0
390,1
390,2
390,3
390,4
390,5
390,6
390,7
390,8
390,9
390,10
390,11
390,12
390,13
390,14
390,15
392,0
392,1
392,2
392,3
392,4
392,5
392,6
392,7
392,8
392,9
392,10
392,11
392,12
392,13
392,14
392,15
394,0
394,1
394,2
394,3
394,4
394,5
394,6
394,7
394,8
394,9
394,10
394,11
394,12
394,13
394,14
394,15
396,0
396,1
396,2
396,3
396,4
396,5
396,6
396,7
396,8
396,9
396,10
396,11
396,12
396,13
396,14
396,15
398,0
398,1
398,2
398,3
398,4
398,5
398,6
398,7
398,8
398,9
398,10
398,11
398,12
398,13
398,14
398,15
400,0
400,1
400,2
400,3
400,4
400,5
400,6
400,7
400,8
400,9
400,10
400,11
400,12
400,13
400,14
400,15
402,0
402,1
402,2
402,3
402,4
402,5
402,6
402,7
402,8
402,9
402,10
402,11
402,12
402,13
402,14
402,15
404,0
404,1
404,2
404,3
404,4
404,5
404,6
404,7
404,8
404,9
404,10
404,11
404,12
404,13
404,14
404,15
406,0
406,1
406,2
406,3
406,4
406,5
406,6
406,7
406,8
406,9
406,10
406,11
406,12
406,13
406,14
406,15
408,0
408,1
408,2
408,3
408,4
408,5
408,6
408,7
408,8
408,9
408,10
408,11
408,12
408,13
408,14
408,15
410,0
410,1
410,2
410,3
410,4
410,5
410,6
410,7
410,8
410,9
410,10
410,11
410,12
410,13
410,14
410,15
412,0
412,1
412,2
412,3
412,4
412,5
412,6
412,7
412,8
412,9
412,10
412,11
412,12
412,13
412,14
412,15
414,0
414,1
414,2
414,3
414,4
414,5
414,6
414,7
414,8
414,9
414,10
414,11
414,12
414,13
414,14
414,15
416,0
416,1
416,2
416,3
416,4
416,5
416,6
416,7
416,8
416,9
416,10
416,11
416,12
416,13
416,14
416,15
418,0
418,1
418,2
418,3
418,4
418,5
418,6
418,7
418,8
418,9
418,10
418,11
418,12
418,13
418,14
418,15
420,0
420,1
420,2
420,3
420,4
420,5
420,6
420,7
420,8
420,9
420,10
420,11
420,12
420,13
420,14
420,15
422,0
422,1
422,2
422,3
422,4
422,5
422,6
422,7
422,8
422,9
422,10
422,11
422,12
422,13
422,14
422,15
424,0
424,1
424,2
424,3
424,4
424,5
424,6
424,7
424,8
424,9
424,10
424,11
424,12
424,13
424,14
424,15
426,0
426,1
426,2
426,3
426,4
426,5
426,6
426,7
426,8
426,9
426,10
426,11
426,12
426,13
426,14
426,15
428,0
428,1
428,2
428,3
428,4
428,5
428,6
428,7
428,8
428,9
428,10
428,11
428,12
428,13
428,14
428,15
430,0
430,1
430,2
430,3
430,4
430,5
430,6
430,7
430,8
430,9
430,10
430,11
430,12
430,13
430,14
430,15
432,0
432,1
432,2
432,3
432,4
432,5
432,6
432,7
432,8
432,9
432,10
432,11
432,12
432,13
432,14
432,15
434,0
434,1
434,2
434,3
434,4
434,5
434,6
434,7
434,8
434,9
434,10
434,11
434,12
434,13
434,14
434,15
436,0
436,1
436,2
436,3
436,4
436,5
436,6
436,7
436,8
436,9
436,10
436,11
436,12
436,13
436,14
436,15
438,0
438,1
438,2
438,3
438,4
438,5
438,6
438,7
438,8
438,9
438,10
438,11
438,12
438,13
438,14
438,15
440,0
440,1
440,2
440,3
440,4
440,5
440,6
440,7
440,8
440,9
440,10
440,11
440,12
440,13
440,14
440,15
442,0
442,1
442,2
442,3
442,4
442,5
442,6
442,7
442,8
442,9
442,10
442,11
442,12
442,13
442,14
442,15
444,0
444,1
444,2
444,3
444,4
444,5
444,6
444,7
444,8
444,9
444,10
444,11
444,12
444,13
444,14
444,15
446,0
446,1
446,2
446,3
446,4
446,5
446,6
446,7
446,8
446,9
446,10
446,11
446,12
446,13
446,14
446,15
448,0
448,1
448,2
448,3
448,4
448,5
448,6
448,7
448,8
448,9
448,10
448,11
448,12
448,13
448,14
448,15
450,0
450,1
450,2
450,3
450,4
450,5
450,6
450,7
450,8
450,9
450,10
450,11
450,12
450,13
450,14
450,15
452,0
452,1
452,2
452,3
452,4
452,5
452,6
452,7
452,8
452,9
452,10
452,11
452,12
452,13
452,14
452,15
454,0
454,1
454,2
454,3
454,4
454,5
454,6
454,7
454,8
454,9
454,10
454,11
454,12
454,13
454,14
454,15
456,0
456,1
456,2
456,3
456,4
456,5
456,6
456,7
456,8
456,9
456,10
456,11
456,12
456,13
456,14
456,15
458,0
458,1
458,2
458,3
458,4
458,5
458,6
458,7
458,8
458,9
458,10
458,11
458,12
458,13
458,14
458,15
460,0
460,1
460,2
460,3
460,4
460,5
460,6
460,7
460,8
460,9
460,10
460,11
460,12
460,13
460,14
460,15
462,0
462,1
462,2
462,3
462,4
462,5
462,6
462,7
462,8
462,9
462,10
462,11
462,12
462,13
462,14
462,15
464,0
464,1
464,2
464,3
464,4
464,5
464,6
464,7
464,8
464,9
464,10
464,11
464,12
464,13
464,14
464,15
466,0
466,1
466,2
466,3
466,4
466,5
466,6
466,7
466,8
466,9
466,10
466,11
466,12
466,13
466,14
466,15
468,0
468,1
468,2
468,3
468,4
468,5
468,6
468,7
468,8
468,9
468,10
468,11
468,12
468,13
468,14
468,15
470,0
470,1
470,2
470,3
470,4
470,5
470,6
470,7
470,8
470,9
470,10
470,11
470,12
470,13
470,14
470,15
472,0
472,1
472,2
472,3
472,4
472,5
472,6
472,7
472,8
472,9
472,10
472,11
472,12
472,13
472,14
472,15
474,0
474,1
474,2
474,3
474,4
474,5
474,6
474,7
474,8
474,9
474,10
474,11
474,12
474,13
474,14
474,15
476,0
476,1
476,2
476,3
476,4
476,5
476,6
476,7
476,8
476,9
476,10
476,11
476,12
476,13
476,14
476,15
478,0
478,1
478,2
478,3
478,4
478,5
478,6
478,7
478,8
478,9
478,10
478,11
478,12
478,13
478,14
478,15
480,0
480,1
480,2
480,3
480,4
480,5
480,6
480,7
480,8
480,9
480,10
480,11
480,12
480,13
480,14
480,15
482,0
482,1
482,2
482,3
482,4
482,5
482,6
482,7
482,8
482,9
482,10
482,11
482,12
482,13
482,14
482,15
484,0
484,1
484,2
484,3
484,4
484,5
484,6
484,7
484,8
484,9
484,10
484,11
484,12
484,13
484,14
484,15
486,0
486,1
486,2
486,3
486,4
486,5
486,6
486,7
486,8
486,9
486,10
486,11
486,12
486,13
486,14
486,15
488,0
488,1
488,2
488,3
488,4
488,5
488,6
488,7
488,8
488,9
488,10
488,11
488,12
488,13
488,14
488,15
490,0
490,1
490,2
490,3
490,4
490,5
490,6
490,7
490,8
490,9
490,10
490,11
490,12
490,13
490,14
490,15
492,0
492,1
492,2
492,3
492,4
492,5
492,6
492,7
492,8
492,9
492,10
492,11
492,12
492,13
492,14
492,15
494,0
494,1
494,2
494,3
494,4
494,5
494,6
494,7
494,8
494,9
494,10
494,11
494,12
494,13
494,14
494,15
496,0
496,1
496,2
496,3
496,4
496,5
496,6
496,7
496,8
496,9
496,10
496,11
496,12
496,13
496,14
496,15
498,0
498,1
498,2
498,3
498,4
498,5
498,6
498,7
498,8
498,9
498,10
498,11
498,12
498,13
498,14
498,15
500,0
500,1
500,2
500,3
500,4
500,5
500,6
500,7
500,8
500,9
500,10
500,11
500,12
500,13
500,14
500,15
502,0
502,1
502,2
502,3
502,4
502,5
502,6
502,7
502,8
502,9
502,10
502,11
502,12
502,13
502,14
502,15
504,0
504,1
504,2
504,3
504,4
504,5
504,6
504,7
504,8
504,9
504,10
504,11
504,12
504,13
504,14
504,15
506,0
506,1
506,2
506,3
506,4
506,5
506,6
506,7
506,8
506,9
506,10
506,11
506,12
506,13
506,14
506,15
508,0
508,1
508,2
508,3
508,4
508,5
508,6
508,7
508,8
508,9
508,10
508,11
508,12
508,13
508,14
508,15
510,0
510,1
510,2
510,3
510,4
510,5
510,6
510,7
510,8
510,9
510,10
510,11
510,12
510,13
510,14
510,15
512,0
512,1
512,2
512,3
512,4
512,5
512,6
512,7
512,8
512,9
512,10
512,11
512,12
512,13
512,14
512,15
514,0
514,1
514,2
514,3
514,4
514,5
514,6
514,7
514,8
514,9
514,10
514,11
514,12
514,13
514,14
514,15
516,0
516,1
516,2
516,3
516,4
516,5
516,6
516,7
516,8
516,9
516,10
516,11
516,12
516,13
516,14
516,15
518,0
518,1
518,2
518,3
518,4
518,5
518,6
518,7
518,8
518,9
518,10
518,11
518,12
518,13
518,14
518,15
520,0
520,1
520,2
520,3
520,4
520,5
520,6
520,7
520,8
520,9
520,10
520,11
520,12
520,13
520,14
520,15
522,0
522,1
522,2
522,3
522,4
522,5
522,6
522,7
522,8
522,9
522,10
522,11
522,12
522,13
522,14
522,15
524,0
524,1
524,2
524,3
524,4
524,5
524,6
524,7
524,8
524,9
524,10
524,11
524,12
524,13
524,14
524,15
526,0
526,1
526,2
526,3
526,4
526,5
526,6
526,7
526,8
526,9
526,10
526,11
526,12
526,13
526,14
526,15
528,0
528,1
528,2
528,3
528,4
528,5
528,6
528,7
528,8
528,9
528,10
528,11
528,12
528,13
528,14
528,15
530,0
530,1
530,2
530,3
530,4
530,5
530,6
530,7
530,8
530,9
530,10
530,11
530,12
530,13
530,14
530,15
532,0
532,1
532,2
532,3
532,4
532,5
532,6
532,7
532,8
532,9
532,10
532,11
532,12
532,13
532,14
532,15
534,0
534,1
534,2
534,3
534,4
534,5
534,6
534,7
534,8
534,9
534,10
534,11
534,12
534,13
534,14
534,15
536,0
536,1
536,2
536,3
536,4
536,5
536,6
536,7
536,8
536,9
536,10
536,11
536,12
536,13
536,14
536,15
538,0
538,1
538,2
538,3
538,4
538,5
538,6
538,7
538,8
538,9
538,10
538,11
538,12
538,13
538,14
538,15
540,0
540,1
540,2
540,3
540,4
540,5
540,6
540,7
540,8
540,9
540,10
540,11
540,12
540,13
540,14
540,15
542,0
542,1
542,2
542,3
542,4
542,5
542,6
542,7
542,8
542,9
542,10
542,11
542,12
542,13
542,14
542,15
544,0
544,1
544,2
544,3
544,4
544,5
544,6
544,7
544,8
544,9
544,10
544,11
544,12
544,13
544,14
544,15
546,0
546,1
546,2
546,3
546,4
546,5
546,6
546,7
546,8
546,9
546,10
546,11
546,12
546,13
546,14
546,15
548,0
548,1
548,2
548,3
548,4
548,5
548,6
548,7
548,8
548,9
548,10
548,11
548,12
548,13
548,14
548,15
550,0
550,1
550,2
550,3
550,4
550,5
550,6
550,7
550,8
550,9
550,10
550,11
550,12
550,13
550,14
550,15
552,0
552,1
552,2
552,3
552,4
552,5
552,6
552,7
552,8
552,9
552,10
552,11
552,12
552,13
552,14
552,15
554,0
554,1
554,2
554,3
554,4
554,5
554,6
554,7
554,8
554,9
554,10
554,11
554,12
554,13
554,14
554,15
556,0
556,1
556,2
556,3
556,4
556,5
556,6
556,7
556,8
556,9
556,10
556,11
556,12
556,13
556,14
556,15
558,0
558,1
558,2
558,3
558,4
558,5
558,6
558,7
558,8
558,9
558,10
558,11
558,12
558,13
558,14
558,15
560,0
560,1
560,2
560,3
560,4
560,5
560,6
560,7
560,8
560,9
560,10
560,11
560,12
560,13
560,14
560,15
562,0
562,1
562,2
562,3
562,4
562,5
562,6
562,7
562,8
562,9
562,10
562,11
562,12
562,13
562,14
562,15
564,0
564,1
564,2
564,3
564,4
564,5
564,6
564,7
564,8
564,9
564,10
564,11
564,12
564,13
564,14
564,15
566,0
566,1
566,2
566,3
566,4
566,5
566,6
566,7
566,8
566,9
566,10
566,11
566,12
566,13
566,14
566,15
568,0
568,1
568,2
568,3
568,4
568,5
568,6
568,7
568,8
568,9
568,10
568,11
568,12
568,13
568,14
568,15
570,0
570,1
570,2
570,3
570,4
570,5
570,6
570,7
570,8
570,9
570,10
570,11
570,12
570,13
570,14
570,15
572,0
572,1
572,2
572,3
572,4
572,5
572,6
572,7
572,8
572,9
572,10
572,11
572,12
572,13
572,14
572,15
574,0
574,1
574,2
574,3
574,4
574,5
574,6
574,7
574,8
574,9
574,10
574,11
574,12
574,13
574,14
574,15
576,0
576,1
576,2
576,3
576,4
576,5
576,6
576,7
576,8
576,9
576,10
576,11
576,12
576,13
576,14
576,15
578,0
578,1
578,2
578,3
578,4
578,5
578,6
578,7
578,8
578,9
578,10
578,11
578,12
578,13
578,14
578,15
580,0
580,1
580,2
580,3
580,4
580,5
580,6
580,7
580,8
580,9
580,10
580,11
580,12
580,13
580,14
580,15
582,0
582,1
582,2
582,3
582,4
582,5
582,6
582,7
582,8
582,9
582,10
582,11
582,12
582,13
582,14
582,15
584,0
584,1
584,2
584,3
584,4
584,5
584,6
584,7
584,8
584,9
584,10
584,11
584,12
584,13
584,14
584,15
586,0
586,1
586,2
586,3
586,4
586,5
586,6
586,7
586,8
586,9
586,10
586,11
586,12
586,13
586,14
586,15
588,0
588,1
588,2
588,3
588,4
588,5
588,6
588,7
588,8
588,9
588,10
588,11
588,12
588,13
588,14
588,15
590,0
590,1
590,2
590,3
590,4
590,5
590,6
590,7
590,8
590,9
590,10
590,11
590,12
590,13
590,14
590,15
592,0
592,1
592,2
592,3
592,4
592,5
592,6
592,7
592,8
592,9
592,10
592,11
592,12
592,13
592,14
592,15
594,0
594,1
594,2
594,3
594,4
594,5
594,6
594,7
594,8
594,9
594,10
594,11
594,12
594,13
594,14
594,15
596,0
596,1
596,2
596,3
596,4
596,5
596,6
596,7
596,8
596,9
596,10
596,11
596,12
596,13
596,14
596,15
598,0
598,1
598,2
598,3
598,4
598,5
598,6
598,7
598,8
598,9
598,10
598,11
598,12
598,13
598,14
598,15
600,0
600,1
600,2
600,3
600,4
600,5
600,6
600,7
600,8
600,9
600,10
600,11
600,12
600,13
600,14
600,15
602,0
602,1
602,2
602,3
602,4
602,5
602,6
602,7
602,8
602,9
602,10
602,11
602,12
602,13
602,14
602,15
604,0
604,1
604,2
604,3
604,4
604,5
604,6
604,7
604,8
604,9
604,10
604,11
604,12
604,13
604,14
604,15
606,0
606,1
606,2
606,3
606,4
606,5
606,6
606,7
606,8
606,9
606,10
606,11
606,12
606,13
606,14
606,15
608,0
608,1
608,2
608,3
608,4
608,5
608,6
608,7
608,8
608,9
608,10
608,11
608,12
608,13
608,14
608,15
610,0
610,1
610,2
610,3
610,4
610,5
610,6
610,7
610,8
610,9
610,10
610,11
610,12
610,13
610,14
610,15
612,0
612,1
612,2
612,3
612,4
612,5
612,6
612,7
612,8
612,9
612,10
612,11
612,12
612,13
612,14
612,15
614,0
614,1
614,2
614,3
614,4
614,5
614,6
614,7
614,8
614,9
614,10
614,11
614,12
614,13
614,14
614,15
616,0
616,1
616,2
616,3
616,4
616,5
616,6
616,7
616,8
616,9
616,10
616,11
616,12
616,13
616,14
616,15
618,0
618,1
618,2
618,3
618,4
618,5
618,6
618,7
618,8
618,9
618,10
618,11
618,12
618,13
618,14
618,15
620,0
620,1
620,2
620,3
620,4
620,5
620,6
620,7
620,8
620,9
620,10
620,11
620,12
620,13
620,14
620,15
622,0
622,1
622,2
622,3
622,4
622,5
622,6
622,7
622,8
622,9
622,10
622,11
622,12
622,13
622,14
622,15
624,0
624,1
624,2
624,3
624,4
624,5
624,6
624,7
624,8
624,9
624,10
624,11
624,12
624,13
624,14
624,15
626,0
626,1
626,2
626,3
626,4
626,5
626,6
626,7
626,8
626,9
626,10
626,11
626,12
626,13
626,14
626,15
628,0
628,1
628,2
628,3
628,4
628,5
628,6
628,7
628,8
628,9
628,10
628,11
628,12
628,13
628,14
628,15
630,0
630,1
630,2
630,3
630,4
630,5
630,6
630,7
630,8
630,9
630,10
630,11
630,12
630,13
630,14
630,15
632,0
632,1
632,2
632,3
632,4
632,5
632,6
632,7
632,8
632,9
632,10
632,11
632,12
632,13
632,14
632,15
634,0
634,1
634,2
634,3
634,4
634,5
634,6
634,7
634,8
634,9
634,10
634,11
634,12
634,13
634,14
634,15
636,0
636,1
636,2
636,3
636,4
636,5
636,6
636,7
636,8
636,9
636,10
636,11
636,12
636,13
636,14
636,15
638,0
638,1
638,2
638,3
638,4
638,5
638,6
638,7
638,8
638,9
638,10
638,11
638,12
638,13
638,14
638,15
640,0
640,1
640,2
640,3
640,4
640,5
640,6
640,7
640,8
640,9
640,10
640,11
640,12
640,13
640,14
640,15
642,0
642,1
642,2
642,3
642,4
642,5
642,6
642,7
642,8
642,9
642,10
642,11
642,12
642,13
642,14
642,15
644,0
644,1
644,2
644,3
644,4
644,5
644,6
644,7
644,8
644,9
644,10
644,11
644,12
644,13
644,14
644,15
646,0
646,1
646,2
646,3
646,4
646,5
646,6
646,7
646,8
646,9
646,10
646,11
646,12
646,13
646,14
646,15
648,0
648,1
648,2
648,3
648,4
648,5
648,6
648,7
648,8
648,9
648,10
648,11
648,12
648,13
648,14
648,15
650,0
650,1
650,2
650,3
650,4
650,5
650,6
650,7
650,8
650,9
650,10
650,11
650,12
650,13
650,14
650,15
652,0
652,1
652,2
652,3
652,4
652,5
652,6
652,7
652,8
652,9
652,10
652,11
652,12
652,13
652,14
652,15
654,0
654,1
654,2
654,3
654,4
654,5
654,6
654,7
654,8
654,9
654,10
654,11
654,12
654,13
654,14
654,15
656,0
656,1
656,2
656,3
656,4
656,5
656,6
656,7
656,8
656,9
656,10
656,11
656,12
656,13
656,14
656,15
658,0
658,1
658,2
658,3
658,4
658,5
658,6
658,7
658,8
658,9
658,10
658,11
658,12
658,13
658,14
658,15
660,0
660,1
660,2
660,3
660,4
660,5
660,6
660,7
660,8
660,9
660,10
660,11
660,12
660,13
660,14
660,15
662,0
662,1
662,2
662,3
662,4
662,5
662,6
662,7
662,8
662,9
662,10
662,11
662,12
662,13
662,14
662,15
664,0
664,1
664,2
664,3
664,4
664,5
664,6
664,7
664,8
664,9
664,10
664,11
664,12
664,13
664,14
664,15
666,0
666,1
666,2
666,3
666,4
666,5
666,6
666,7
666,8
666,9
666,10
666,11
666,12
666,13
666,14
666,15
668,0
668,1
668,2
668,3
668,4
668,5
668,6
668,7
668,8
668,9
668,10
668,11
668,12
668,13
668,14
668,15
670,0
670,1
670,2
670,3
670,4
670,5
670,6
670,7
670,8
670,9
670,10
670,11
670,12
670,13
670,14
670,15
672,0
672,1
672,2
672,3
672,4
672,5
672,6
672,7
672,8
672,9
672,10
672,11
672,12
672,13
672,14
672,15
674,0
674,1
674,2
674,3
674,4
674,5
674,6
674,7
674,8
674,9
674,10
674,11
674,12
674,13
674,14
674,15
676,0
676,1
676,2
676,3
676,4
676,5
676,6
676,7
676,8
676,9
676,10
676,11
676,12
676,13
676,14
676,15
678,0
678,1
678,2
678,3
678,4
678,5
678,6
678,7
678,8
678,9
678,10
678,11
678,12
678,13
678,14
678,15
680,0
680,1
680,2
680,3
680,4
680,5
680,6
680,7
680,8
680,9
680,10
680,11
680,12
680,13
680,14
680,15
682,0
682,1
682,2
682,3
682,4
682,5
682,6
682,7
682,8
682,9
682,10
682,11
682,12
682,13
682,14
682,15
684,0
684,1
684,2
684,3
684,4
684,5
684,6
684,7
684,8
684,9
684,10
684,11
684,12
684,13
684,14
684,15
686,0
686,1
686,2
686,3
686,4
686,5
686,6
686,7
686,8
686,9
686,10
686,11
686,12
686,13
686,14
686,15
688,0
688,1
688,2
688,3
688,4
688,5
688,6
688,7
688,8
688,9
688,10
688,11
688,12
688,13
688,14
688,15
690,0
690,1
690,2
690,3
690,4
690,5
690,6
690,7
690,8
690,9
690,10
690,11
690,12
690,13
690,14
690,15
692,0
692,1
692,2
692,3
692,4
692,5
692,6
692,7
692,8
692,9
692,10
692,11
692,12
692,13
692,14
692,15
694,0
694,1
694,2
694,3
694,4
694,5
694,6
694,7
694,8
694,9
694,10
694,11
694,12
694,13
694,14
694,15
696,0
696,1
696,2
696,3
696,4
696,5
696,6
696,7
696,8
696,9
696,10
696,11
696,12
696,13
696,14
696,15
698,0
698,1
698,2
698,3
698,4
698,5
698,6
698,7
698,8
698,9
698,10
698,11
698,12
698,13
698,14
698,15
700,0
700,1
700,2
700,3
700,4
700,5
700,6
700,7
700,8
700,9
700,10
700,11
700,12
700,13
700,14
700,15
702,0
702,1
702,2
702,3
702,4
702,5
702,6
702,7
702,8
702,9
702,10
702,11
702,12
702,13
702,14
702,15
704,0
704,1
704,2
704,3
704,4
704,5
704,6
704,7
704,8
704,9
704,10
704,11
704,12
704,13
704,14
704,15
706,0
706,1
706,2
706,3
706,4
706,5
706,6
706,7
706,8
706,9
706,10
706,11
706,12
706,13
706,14
706,15
708,0
708,1
708,2
708,3
708,4
708,5
708,6
708,7
708,8
708,9
708,10
708,11
708,12
708,13
708,14
708,15
710,0
710,1
710,2
710,3
710,4
710,5
710,6
710,7
710,8
710,9
710,10
710,11
710,12
710,13
710,14
710,15
712,0
712,1
712,2
712,3
712,4
712,5
712,6
712,7
712,8
712,9
712,10
712,11
712,12
712,13
712,14
712,15
714,0
714,1
714,2
714,3
714,4
714,5
714,6
714,7
714,8
714,9
714,10
714,11
714,12
714,13
714,14
714,15
716,0
716,1
716,2
716,3
716,4
716,5
716,6
716,7
716,8
716,9
716,10
716,11
716,12
716,13
716,14
716,15
718,0
718,1
718,2
718,3
718,4
718,5
718,6
718,7
718,8
718,9
718,10
718,11
718,12
718,13
718,14
718,15
720,0
720,1
720,2
720,3
720,4
720,5
720,6
720,7
720,8
720,9
720,10
720,11
720,12
720,13
720,14
720,15
722,0
722,1
722,2
722,3
722,4
722,5
722,6
722,7
722,8
722,9
722,10
722,11
722,12
722,13
722,14
722,15
724,0
724,1
724,2
724,3
724,4
724,5
724,6
724,7
724,8
724,9
724,10
724,11
724,12
724,13
724,14
724,15
726,0
726,1
726,2
726,3
726,4
726,5
726,6
726,7
726,8
726,9
726,10
726,11
726,12
726,13
726,14
726,15
728,0
728,1
728,2
728,3
728,4
728,5
728,6
728,7
728,8
728,9
728,10
728,11
728,12
728,13
728,14
728,15
730,0
730,1
730,2
730,3
730,4
730,5
730,6
730,7
730,8
730,9
730,10
730,11
730,12
730,13
730,14
730,15
732,0
732,1
732,2
732,3
732,4
732,5
732,6
732,7
732,8
732,9
732,10
732,11
732,12
732,13
732,14
732,15
734,0
734,1
734,2
734,3
734,4
734,5
734,6
734,7
734,8
734,9
734,10
734,11
734,12
734,13
734,14
734,15
736,0
736,1
736,2
736,3
736,4
736,5
736,6
736,7
736,8
736,9
736,10
736,11
736,12
736,13
736,14
736,15
738,0
738,1
738,2
738,3
738,4
738,5
738,6
738,7
738,8
738,9
738,10
738,11
738,12
738,13
738,14
738,15
740,0
740,1
740,2
740,3
740,4
740,5
740,6
740,7
740,8
740,9
740,10
740,11
740,12
740,13
740,14
740,15
742,0
742,1
742,2
742,3
742,4
742,5
742,6
742,7
742,8
742,9
742,10
742,11
742,12
742,13
742,14
742,15
744,0
744,1
744,2
744,3
744,4
744,5
744,6
744,7
744,8
744,9
744,10
744,11
744,12
744,13
744,14
744,15
746,0
746,1
746,2
746,3
746,4
746,5
746,6
746,7
746,8
746,9
746,10
746,11
746,12
746,13
746,14
746,15
748,0
748,1
748,2
748,3
748,4
748,5
748,6
748,7
748,8
748,9
748,10
748,11
748,12
748,13
748,14
748,15
750,0
750,1
750,2
750,3
750,4
750,5
750,6
750,7
750,8
750,9
750,10
750,11
750,12
750,13
750,14
750,15
752,0
752,1
752,2
752,3
752,4
752,5
752,6
752,7
752,8
752,9
752,10
752,11
752,12
752,13
752,14
752,15
754,0
754,1
754,2
754,3
754,4
754,5
754,6
754,7
754,8
754,9
754,10
754,11
754,12
754,13
754,14
754,15
756,0
756,1
756,2
756,3
756,4
756,5
756,6
756,7
756,8
756,9
756,10
756,11
756,12
756,13
756,14
756,15
758,0
758,1
758,2
758,3
758,4
758,5
758,6
758,7
758,8
758,9
758,10
758,11
758,12
758,13
758,14
758,15
760,0
760,1
760,2
760,3
760,4
760,5
760,6
760,7
760,8
760,9
760,10
760,11
760,12
760,13
760,14
760,15
762,0
762,1
762,2
762,3
762,4
762,5
762,6
762,7
762,8
762,9
762,10
762,11
762,12
762,13
762,14
762,15
764,0
764,1
764,2
764,3
764,4
764,5
764,6
764,7
764,8
764,9
764,10
764,11
764,12
764,13
764,14
764,15
766,0
766,1
766,2
766,3
766,4
766,5
766,6
766,7
766,8
766,9
766,10
766,11
766,12
766,13
766,14
766,15
768,0
768,1
768,2
768,3
768,4
768,5
768,6
768,7
768,8
768,9
768,10
768,11
768,12
768,13
768,14
768,15
770,0
770,1
770,2
770,3
770,4
770,5
770,6
770,7
770,8
770,9
770,10
770,11
770,12
770,13
770,14
770,15
772,0
772,1
772,2
772,3
772,4
772,5
772,6
772,7
772,8
772,9
772,10
772,11
772,12
772,13
772,14
772,15
774,0
774,1
774,2
774,3
774,4
774,5
774,6
774,7
774,8
774,9
774,10
774,11
774,12
774,13
774,14
774,15
776,0
776,1
776,2
776,3
776,4
776,5
776,6
776,7
776,8
776,9
776,10
776,11
776,12
776,13
776,14
776,15
778,0
778,1
778,2
778,3
778,4
778,5
778,6
778,7
778,8
778,9
778,10
778,11
778,12
778,13
778,14
778,15
780,0
780,1
780,2
780,3
780,4
780,5
780,6
780,7
780,8
780,9
780,10
780,11
780,12
780,13
780,14
780,15
782,0
782,1
782,2
782,3
782,4
782,5
782,6
782,7
782,8
782,9
782,10
782,11
782,12
782,13
782,14
782,15
784,0
784,1
784,2
784,3
784,4
784,5
784,6
784,7
784,8
784,9
784,10
784,11
784,12
784,13
784,14
784,15
786,0
786,1
786,2
786,3
786,4
786,5
786,6
786,7
786,8
786,9
786,10
786,11
786,12
786,13
786,14
786,15
788,0
788,1
788,2
788,3
788,4
788,5
788,6
788,7
788,8
788,9
788,10
788,11
788,12
788,13
788,14
788,15
790,0
790,1
790,2
790,3
790,4
790,5
790,6
790,7
790,8
790,9
790,10
790,11
790,12
790,13
790,14
790,15
792,0
792,1
792,2
792,3
792,4
792,5
792,6
792,7
792,8
792,9
792,10
792,11
792,12
792,13
792,14
792,15
794,0
794,1
794,2
794,3
794,4
794,5
794,6
794,7
794,8
794,9
794,10
794,11
794,12
794,13
794,14
794,15
796,0
796,1
796,2
796,3
796,4
796,5
796,6
796,7
796,8
796,9
796,10
796,11
796,12
796,13
796,14
796,15
798,0
798,1
798,2
798,3
798,4
798,5
798,6
798,7
798,8
798,9
798,10
798,11
798,12
798,13
798,14
798,15
800,0
800,1
800,2
800,3
800,4
800,5
800,6
800,7
800,8
800,9
800,10
800,11
800,12
800,13
800,14
800,15
802,0
802,1
802,2
802,3
802,4
802,5
802,6
802,7
802,8
802,9
802,10
802,11
802,12
802,13
802,14
802,15
804,0
804,1
804,2
804,3
804,4
804,5
804,6
804,7
804,8
804,9
804,10
804,11
804,12
804,13
804,14
804,15
806,0
806,1
806,2
806,3
806,4
806,5
806,6
806,7
806,8
806,9
806,10
806,11
806,12
806,13
806,14
806,15
808,0
808,1
808,2
808,3
808,4
808,5
808,6
808,7
808,8
808,9
808,10
808,11
808,12
808,13
808,14
808,15
810,0
810,1
810,2
810,3
810,4
810,5
810,6
810,7
810,8
810,9
810,10
810,11
810,12
810,13
810,14
810,15
812,0
812,1
812,2
812,3
812,4
812,5
812,6
812,7
812,8
812,9
812,10
812,11
812,12
812,13
812,14
812,15
814,0
814,1
814,2
814,3
814,4
814,5
814,6
814,7
814,8
814,9
814,10
814,11
814,12
814,13
814,14
814,15
816,0
816,1
816,2
816,3
816,4
816,5
816,6
816,7
816,8
816,9
816,10
816,11
816,12
816,13
816,14
816,15
818,0
818,1
818,2
818,3
818,4
818,5
818,6
818,7
818,8
818,9
818,10
818,11
818,12
818,13
818,14
818,15
820,0
820,1
820,2
820,3
820,4
820,5
820,6
820,7
820,8
820,9
820,10
820,11
820,12
820,13
820,14
820,15
822,0
822,1
822,2
822,3
822,4
822,5
822,6
822,7
822,8
822,9
822,10
822,11
822,12
822,13
822,14
822,15
824,0
824,1
824,2
824,3
824,4
824,5
824,6
824,7
824,8
824,9
824,10
824,11
824,12
824,13
824,14
824,15
826,0
826,1
826,2
826,3
826,4
826,5
826,6
826,7
826,8
826,9
826,10
826,11
826,12
826,13
826,14
826,15
828,0
828,1
828,2
828,3
828,4
828,5
828,6
828,7
828,8
828,9
828,10
828,11
828,12
828,13
828,14
828,15
830,0
830,1
830,2
830,3
830,4
830,5
830,6
830,7
830,8
830,9
830,10
830,11
830,12
830,13
830,14
830,15
832,0
832,1
832,2
832,3
832,4
832,5
832,6
832,7
832,8
832,9
832,10
832,11
832,12
832,13
832,14
832,15
834,0
834,1
834,2
834,3
834,4
834,5
834,6
834,7
834,8
834,9
834,10
834,11
834,12
834,13
834,14
834,15
836,0
836,1
836,2
836,3
836,4
836,5
836,6
836,7
836,8
836,9
836,10
836,11
836,12
836,13
836,14
836,15
838,0
838,1
838,2
838,3
838,4
838,5
838,6
838,7
838,8
838,9
838,10
838,11
838,12
838,13
838,14
838,15
840,0
840,1
840,2
840,3
840,4
840,5
840,6
840,7
840,8
840,9
840,10
840,11
840,12
840,13
840,14
840,15
842,0
842,1
842,2
842,3
842,4
842,5
842,6
842,7
842,8
842,9
842,10
842,11
842,12
842,13
842,14
842,15
844,0
844,1
844,2
844,3
844,4
844,5
844,6
844,7
844,8
844,9
844,10
844,11
844,12
844,13
844,14
844,15
846,0
846,1
846,2
846,3
846,4
846,5
846,6
846,7
846,8
846,9
846,10
846,11
846,12
846,13
846,14
846,15
848,0
848,1
848,2
848,3
848,4
848,5
848,6
848,7
848,8
848,9
848,10
848,11
848,12
848,13
848,14
848,15
850,0
850,1
850,2
850,3
850,4
850,5
850,6
850,7
850,8
850,9
850,10
850,11
850,12
850,13
850,14
850,15
852,0
852,1
852,2
852,3
852,4
852,5
852,6
852,7
852,8
852,9
852,10
852,11
852,12
852,13
852,14
852,15
854,0
854,1
854,2
854,3
854,4
854,5
854,6
854,7
854,8
854,9
854,10
854,11
854,12
854,13
854,14
854,15
856,0
856,1
856,2
856,3
856,4
856,5
856,6
856,7
856,8
856,9
856,10
856,11
856,12
856,13
856,14
856,15
858,0
858,1
858,2
858,3
858,4
858,5
858,6
858,7
858,8
858,9
858,10
858,11
858,12
858,13
858,14
858,15
860,0
860,1
860,2
860,3
860,4
860,5
860,6
860,7
860,8
860,9
860,10
860,11
860,12
860,13
860,14
860,15
862,0
862,1
862,2
862,3
862,4
862,5
862,6
862,7
862,8
862,9
862,10
862,11
862,12
862,13
862,14
862,15
864,0
864,1
864,2
864,3
864,4
864,5
864,6
864,7
864,8
864,9
864,10
864,11
864,12
864,13
864,14
864,15
866,0
866,1
866,2
866,3
866,4
866,5
866,6
866,7
866,8
866,9
866,10
866,11
866,12
866,13
866,14
866,15
868,0
868,1
868,2
868,3
868,4
868,5
868,6
868,7
868,8
868,9
868,10
868,11
868,12
868,13
868,14
868,15
870,0
870,1
870,2
870,3
870,4
870,5
870,6
870,7
870,8
870,9
870,10
870,11
870,12
870,13
870,14
870,15
872,0
872,1
872,2
872,3
872,4
872,5
872,6
872,7
872,8
872,9
872,10
872,11
872,12
872,13
872,14
872,15
874,0
874,1
874,2
874,3
874,4
874,5
874,6
874,7
874,8
874,9
874,10
874,11
874,12
874,13
874,14
874,15
876,0
876,1
876,2
876,3
876,4
876,5
876,6
876,7
876,8
876,9
876,10
876,11
876,12
876,13
876,14
876,15
878,0
878,1
878,2
878,3
878,4
878,5
878,6
878,7
878,8
878,9
878,10
878,11
878,12
878,13
878,14
878,15
880,0
880,1
880,2
880,3
880,4
880,5
880,6
880,7
880,8
880,9
880,10
880,11
880,12
880,13
880,14
880,15
882,0
882,1
882,2
882,3
882,4
882,5
882,6
882,7
882,8
882,9
882,10
882,11
882,12
882,13
882,14
882,15
884,0
884,1
884,2
884,3
884,4
884,5
884,6
884,7
884,8
884,9
884,10
884,11
884,12
884,13
884,14
884,15
886,0
886,1
886,2
886,3
886,4
886,5
886,6
886,7
886,8
886,9
886,10
886,11
886,12
886,13
886,14
886,15
888,0
888,1
888,2
888,3
888,4
888,5
888,6
888,7
888,8
888,9
888,10
888,11
888,12
888,13
888,14
888,15
890,0
890,1
890,2
890,3
890,4
890,5
890,6
890,7
890,8
890,9
890,10
890,11
890,12
890,13
890,14
890,15
892,0
892,1
892,2
892,3
892,4
892,5
892,6
892,7
892,8
892,9
892,10
892,11
892,12
892,13
892,14
892,15
894,0
894,1
894,2
894,3
894,4
894,5
894,6
894,7
894,8
894,9
894,10
894,11
894,12
894,13
894,14
894,15
896,0
896,1
896,2
896,3
896,4
896,5
896,6
896,7
896,8
896,9
896,10
896,11
896,12
896,13
896,14
896,15
898,0
898,1
898,2
898,3
898,4
898,5
898,6
898,7
898,8
898,9
898,10
898,11
898,12
898,13
898,14
898,15
900,0
900,1
900,2
900,3
900,4
900,5
900,6
900,7
900,8
900,9
900,10
900,11
900,12
900,13
900,14
900,15
902,0
902,1
902,2
902,3
902,4
902,5
902,6
902,7
902,8
902,9
902,10
902,11
902,12
902,13
902,14
902,15
904,0
904,1
904,2
904,3
904,4
904,5
904,6
904,7
904,8
904,9
904,10
904,11
904,12
904,13
904,14
904,15
906,0
906,1
906,2
906,3
906,4
906,5
906,6
906,7
906,8
906,9
906,10
906,11
906,12
906,13
906,14
906,15
908,0
908,1
908,2
908,3
908,4
908,5
908,6
908,7
908,8
908,9
908,10
908,11
908,12
908,13
908,14
908,15
910,0
910,1
910,2
910,3
910,4
910,5
910,6
910,7
910,8
910,9
910,10
910,11
910,12
910,13
910,14
910,15
912,0
912,1
912,2
912,3
912,4
912,5
912,6
912,7
912,8
912,9
912,10
912,11
912,12
912,13
912,14
912,15
914,0
914,1
914,2
914,3
914,4
914,5
914,6
914,7
914,8
914,9
914,10
914,11
914,12
914,13
914,14
914,15
916,0
916,1
916,2
916,3
916,4
916,5
916,6
916,7
916,8
916,9
916,10
916,11
916,12
916,13
916,14
916,15
918,0
918,1
918,2
918,3
918,4
918,5
918,6
918,7
918,8
918,9
918,10
918,11
918,12
918,13
918,14
918,15
920,0
920,1
920,2
920,3
920,4
920,5
920,6
920,7
920,8
920,9
920,10
920,11
920,12
920,13
920,14
920,15
922,0
922,1
922,2
922,3
922,4
922,5
922,6
922,7
922,8
922,9
922,10
922,11
922,12
922,13
922,14
922,15
924,0
924,1
924,2
924,3
924,4
924,5
924,6
924,7
924,8
924,9
924,10
924,11
924,12
924,13
924,14
924,15
926,0
926,1
926,2
926,3
926,4
926,5
926,6
926,7
926,8
926,9
926,10
926,11
926,12
926,13
926,14
926,15
928,0
928,1
928,2
928,3
928,4
928,5
928,6
928,7
928,8
928,9
928,10
928,11
928,12
928,13
928,14
928,15
930,0
930,1
930,2
930,3
930,4
930,5
930,6
930,7
930,8
930,9
930,10
930,11
930,12
930,13
930,14
930,15
932,0
932,1
932,2
932,3
932,4
932,5
932,6
932,7
932,8
932,9
932,10
932,11
932,12
932,13
932,14
932,15
934,0
934,1
934,2
934,3
934,4
934,5
934,6
934,7
934,8
934,9
934,10
934,11
934,12
934,13
934,14
934,15
936,0
936,1
936,2
936,3
936,4
936,5
936,6
936,7
936,8
936,9
936,10
936,11
936,12
936,13
936,14
936,15
938,0
938,1
938,2
938,3
938,4
938,5
938,6
938,7
938,8
938,9
938,10
938,11
938,12
938,13
938,14
938,15
940,0
940,1
940,2
940,3
940,4
940,5
940,6
940,7
940,8
940,9
940,10
940,11
940,12
940,13
940,14
940,15
942,0
942,1
942,2
942,3
942,4
942,5
942,6
942,7
942,8
942,9
942,10
942,11
942,12
942,13
942,14
942,15
944,0
944,1
944,2
944,3
944,4
944,5
944,6
944,7
944,8
944,9
944,10
944,11
944,12
944,13
944,14
944,15
946,0
946,1
946,2
946,3
946,4
946,5
946,6
946,7
946,8
946,9
946,10
946,11
946,12
946,13
946,14
946,15
948,0
948,1
948,2
948,3
948,4
948,5
948,6
948,7
948,8
948,9
948,10
948,11
948,12
948,13
948,14
948,15
950,0
950,1
950,2
950,3
950,4
950,5
950,6
950,7
950,8
950,9
950,10
950,11
950,12
950,13
950,14
950,15
952,0
952,1
952,2
952,3
952,4
952,5
952,6
952,7
952,8
952,9
952,10
952,11
952,12
952,13
952,14
952,15
954,0
954,1
954,2
954,3
954,4
954,5
954,6
954,7
954,8
954,9
954,10
954,11
954,12
954,13
954,14
954,15
956,0
956,1
956,2
956,3
956,4
956,5
956,6
956,7
956,8
956,9
956,10
956,11
956,12
956,13
956,14
956,15
958,0
958,1
958,2
958,3
958,4
958,5
958,6
958,7
958,8
958,9
958,10
958,11
958,12
958,13
958,14
958,15
960,0
960,1
960,2
960,3
960,4
960,5
960,6
960,7
960,8
960,9
960,10
960,11
960,12
960,13
960,14
960,15
962,0
962,1
962,2
962,3
962,4
962,5
962,6
962,7
962,8
962,9
962,10
962,11
962,12
962,13
962,14
962,15
964,0
964,1
964,2
964,3
964,4
964,5
964,6
964,7
964,8
964,9
964,10
964,11
964,12
964,13
964,14
964,15
966,0
966,1
966,2
966,3
966,4
966,5
966,6
966,7
966,8
966,9
966,10
966,11
966,12
966,13
966,14
966,15
968,0
968,1
968,2
968,3
968,4
968,5
968,6
968,7
968,8
968,9
968,10
968,11
968,12
968,13
968,14
968,15
970,0
970,1
970,2
970,3
970,4
970,5
970,6
970,7
970,8
970,9
970,10
970,11
970,12
970,13
970,14
970,15
972,0
972,1
972,2
972,3
972,4
972,5
972,6
972,7
972,8
972,9
972,10
972,11
972,12
972,13
972,14
972,15
974,0
974,1
974,2
974,3
974,4
974,5
974,6
974,7
974,8
974,9
974,10
974,11
974,12
974,13
974,14
974,15
976,0
976,1
976,2
976,3
976,4
976,5
976,6
976,7
976,8
976,9
976,10
976,11
976,12
976,13
976,14
976,15
978,0
978,1
978,2
978,3
978,4
978,5
978,6
978,7
978,8
978,9
978,10
978,11
978,12
978,13
978,14
978,15
980,0
980,1
980,2
980,3
980,4
980,5
980,6
980,7
980,8
980,9
980,10
980,11
980,12
980,13
980,14
980,15
982,0
982,1
982,2
982,3
982,4
982,5
982,6
982,7
982,8
982,9
982,10
982,11
982,12
982,13
982,14
982,15
984,0
984,1
984,2
984,3
984,4
984,5
984,6
984,7
984,8
984,9
984,10
984,11
984,12
984,13
984,14
984,15
986,0
986,1
986,2
986,3
986,4
986,5
986,6
986,7
986,8
986,9
986,10
986,11
986,12
986,13
986,14
986,15
988,0
988,1
988,2
988,3
988,4
988,5
988,6
988,7
988,8
988,9
988,10
988,11
988,12
988,13
988,14
988,15
990,0
990,1
990,2
990,3
990,4
990,5
990,6
990,7
990,8
990,9
990,10
990,11
990,12
990,13
990,14
990,15
992,0
992,1
992,2
992,3
992,4
992,5
992,6
992,7
992,8
992,9
992,10
992,11
992,12
992,13
992,14
992,15
994,0
994,1
994,2
994,3
994,4
994,5
994,6
994,7
994,8
994,9
994,10
994,11
994,12
994,13
994,14
994,15
996,0
996,1
996,2
996,3
996,4
996,5
996,6
996,7
996,8
996,9
996,10
996,11
996,12
996,13
996,14
996,15
998,0
998,1
998,2
998,3
998,4
998,5
998,6
998,7
998,8
998,9
998,10
998,11
998,12
998,13
998,14
998,15
1000,0
1000,1
1000,2
1000,3
1000,4
1000,5
1000,6
1000,7
1000,8
1000,9
1000,10
1000,11
1000,12
1000,13
1000,14
1000,15
1002,0
1002,1
1002,2
1002,3
1002,4
1002,5
1002,6
1002,7
1002,8
1002,9
1002,10
1002,11
1002,12
1002,13
1002,14
1002,15
1004,0
1004,1
1004,2
1004,3
1004,4
1004,5
1004,6
1004,7
1004,8
1004,9
1004,10
1004,11
1004,12
1004,13
1004,14
1004,15
1006,0
1006,1
1006,2
1006,3
1006,4
1006,5
1006,6
1006,7
1006,8
1006,9
1006,10
1006,11
1006,12
1006,13
1006,14
1006,15
1008,0
1008,1
1008,2
1008,3
1008,4
1008,5
1008,6
1008,7
1008,8
1008,9
1008,10
1008,11
1008,12
1008,13
1008,14
1008,15
1010,0
1010,1
1010,2
1010,3
1010,4
1010,5
1010,6
1010,7
1010,8
1010,9
1010,10
1010,11
1010,12
1010,13
1010,14
1010,15
1012,0
1012,1
1012,2
1012,3
1012,4
1012,5
1012,6
1012,7
1012,8
1012,9
1012,10
1012,11
1012,12
1012,13
1012,14
1012,15
1014,0
1014,1
1014,2
1014,3
1014,4
1014,5
1014,6
1014,7
1014,8
1014,9
1014,10
1014,11
1014,12
1014,13
1014,14
1014,15
1016,0
1016,1
1016,2
1016,3
1016,4
1016,5
1016,6
1016,7
1016,8
1016,9
1016,10
1016,11
1016,12
1016,13
1016,14
1016,15
1018,0
1018,1
1018,2
1018,3
1018,4
1018,5
1018,6
1018,7
1018,8
1018,9
1018,10
1018,11
1018,12
1018,13
1018,14
1018,15
1020,0
1020,1
1020,2
1020,3
1020,4
1020,5
1020,6
1020,7
1020,8
1020,9
1020,10
1020,11
1020,12
1020,13
1020,14
1020,15
1022,0
1022,1
1022,2
1022,3
1022,4
1022,5
1022,6
1022,7
1022,8
1022,9
1022,10
1022,11
1022,12
1022,13
1022,14
1022,15
1024,0
1024,1
1024,2
1024,3
1024,4
1024,5
1024,6
1024,7
1024,8
1024,9
1024,10
1024,11
1024,12
1024,13
1024,14
1024,15
1026,0
1026,1
1026,2
1026,3
1026,4
1026,5
1026,6
1026,7
1026,8
1026,9
1026,10
1026,11
1026,12
1026,13
1026,14
1026,15
1028,0
1028,1
1028,2
1028,3
1028,4
1028,5
1028,6
1028,7
1028,8
1028,9
1028,10
1028,11
1028,12
1028,13
1028,14
1028,15
1030,0
1030,1
1030,2
1030,3
1030,4
1030,5
1030,6
1030,7
1030,8
1030,9
1030,10
1030,11
1030,12
1030,13
1030,14
1030,15
1032,0
1032,1
1032,2
1032,3
1032,4
1032,5
1032,6
1032,7
1032,8
1032,9
1032,10
1032,11
1032,12
1032,13
1032,14
1032,15
1034,0
1034,1
1034,2
1034,3
1034,4
1034,5
1034,6
1034,7
1034,8
1034,9
1034,10
1034,11
1034,12
1034,13
1034,14
1034,15
1036,0
1036,1
1036,2
1036,3
1036,4
1036,5
1036,6
1036,7
1036,8
1036,9
1036,10
1036,11
1036,12
1036,13
1036,14
1036,15
1038,0
1038,1
1038,2
1038,3
1038,4
1038,5
1038,6
1038,7
1038,8
1038,9
1038,10
1038,11
1038,12
1038,13
1038,14
1038,15
1040,0
1040,1
1040,2
1040,3
1040,4
1040,5
1040,6
1040,7
1040,8
1040,9
1040,10
1040,11
1040,12
1040,13
1040,14
1040,15
1042,0
1042,1
1042,2
1042,3
1042,4
1042,5
1042,6
1042,7
1042,8
1042,9
1042,10
1042,11
1042,12
1042,13
1042,14
1042,15
1044,0
1044,1
1044,2
1044,3
1044,4
1044,5
1044,6
1044,7
1044,8
1044,9
1044,10
1044,11
1044,12
1044,13
1044,14
1044,15
1046,0
1046,1
1046,2
1046,3
1046,4
1046,5
1046,6
1046,7
1046,8
1046,9
1046,10
1046,11
1046,12
1046,13
1046,14
1046,15
1048,0
1048,1
1048,2
1048,3
1048,4
1048,5
1048,6
1048,7
1048,8
1048,9
1048,10
1048,11
1048,12
1048,13
1048,14
1048,15
1050,0
1050,1
1050,2
1050,3
1050,4
1050,5
1050,6
1050,7
1050,8
1050,9
1050,10
1050,11
1050,12
1050,13
1050,14
1050,15
1052,0
1052,1
1052,2
1052,3
1052,4
1052,5
1052,6
1052,7
1052,8
1052,9
1052,10
1052,11
1052,12
1052,13
1052,14
1052,15
1054,0
1054,1
1054,2
1054,3
1054,4
1054,5
1054,6
1054,7
1054,8
1054,9
1054,10
1054,11
1054,12
1054,13
1054,14
1054,15
1056,0
1056,1
1056,2
1056,3
1056,4
1056,5
1056,6
1056,7
1056,8
1056,9
1056,10
1056,11
1056,12
1056,13
1056,14
1056,15
1058,0
1058,1
1058,2
1058,3
1058,4
1058,5
1058,6
1058,7
1058,8
1058,9
1058,10
1058,11
1058,12
1058,13
1058,14
1058,15
1060,0
1060,1
1060,2
1060,3
1060,4
1060,5
1060,6
1060,7
1060,8
1060,9
1060,10
1060,11
1060,12
1060,13
1060,14
1060,15
1062,0
1062,1
1062,2
1062,3
1062,4
1062,5
1062,6
1062,7
1062,8
1062,9
1062,10
1062,11
1062,12
1062,13
1062,14
1062,15
1064,0
1064,1
1064,2
1064,3
1064,4
1064,5
1064,6
1064,7
1064,8
1064,9
1064,10
1064,11
1064,12
1064,13
1064,14
1064,15
1066,0
1066,1
1066,2
1066,3
1066,4
1066,5
1066,6
1066,7
1066,8
1066,9
1066,10
1066,11
1066,12
1066,13
1066,14
1066,15
1068,0
1068,1
1068,2
1068,3
1068,4
1068,5
1068,6
1068,7
1068,8
1068,9
1068,10
1068,11
1068,12
1068,13
1068,14
1068,15
1070,0
1070,1
1070,2
1070,3
1070,4
1070,5
1070,6
1070,7
1070,8
1070,9
1070,10
1070,11
1070,12
1070,13
1070,14
1070,15
1072,0
1072,1
1072,2
1072,3
1072,4
1072,5
1072,6
1072,7
1072,8
1072,9
1072,10
1072,11
1072,12
1072,13
1072,14
1072,15
1074,0
1074,1
1074,2
1074,3
1074,4
1074,5
1074,6
1074,7
1074,8
1074,9
1074,10
1074,11
1074,12
1074,13
1074,14
1074,15
1076,0
1076,1
1076,2
1076,3
1076,4
1076,5
1076,6
1076,7
1076,8
1076,9
1076,10
1076,11
1076,12
1076,13
1076,14
1076,15
1078,0
1078,1
1078,2
1078,3
1078,4
1078,5
1078,6
1078,7
1078,8
1078,9
1078,10
1078,11
1078,12
1078,13
1078,14
1078,15
1080,0
1080,1
1080,2
1080,3
1080,4
1080,5
1080,6
1080,7
1080,8
1080,9
1080,10
1080,11
1080,12
1080,13
1080,14
1080,15
1082,0
1082,1
1082,2
1082,3
1082,4
1082,5
1082,6
1082,7
1082,8
1082,9
1082,10
1082,11
1082,12
1082,13
1082,14
1082,15
1084,0
1084,1
1084,2
1084,3
1084,4
1084,5
1084,6
1084,7
1084,8
1084,9
1084,10
1084,11
1084,12
1084,13
1084,14
1084,15
1086,0
1086,1
1086,2
1086,3
1086,4
1086,5
1086,6
1086,7
1086,8
1086,9
1086,10
1086,11
1086,12
1086,13
1086,14
1086,15
1088,0
1088,1
1088,2
1088,3
1088,4
1088,5
1088,6
1088,7
1088,8
1088,9
1088,10
1088,11
1088,12
1088,13
1088,14
1088,15
1090,0
1090,1
1090,2
1090,3
1090,4
1090,5
1090,6
1090,7
1090,8
1090,9
1090,10
1090,11
1090,12
1090,13
1090,14
1090,15
1092,0
1092,1
1092,2
1092,3
1092,4
1092,5
1092,6
1092,7
1092,8
1092,9
1092,10
1092,11
1092,12
1092,13
1092,14
1092,15
1094,0
1094,1
1094,2
1094,3
1094,4
1094,5
1094,6
1094,7
1094,8
1094,9
1094,10
1094,11
1094,12
1094,13
1094,14
1094,15
1096,0
1096,1
1096,2
1096,3
1096,4
1096,5
1096,6
1096,7
1096,8
1096,9
1096,10
1096,11
1096,12
1096,13
1096,14
1096,15
1098,0
1098,1
1098,2
1098,3
1098,4
1098,5
1098,6
1098,7
1098,8
1098,9
1098,10
1098,11
1098,12
1098,13
1098,14
1098,15
1100,0
1100,1
1100,2
1100,3
1100,4
1100,5
1100,6
1100,7
1100,8
1100,9
1100,10
1100,11
1100,12
1100,13
1100,14
1100,15
1102,0
1102,1
1102,2
1102,3
1102,4
1102,5
1102,6
1102,7
1102,8
1102,9
1102,10
1102,11
1102,12
1102,13
1102,14
1102,15
1104,0
1104,1
1104,2
1104,3
1104,4
1104,5
1104,6
1104,7
1104,8
1104,9
1104,10
1104,11
1104,12
1104,13
1104,14
1104,15
1106,0
1106,1
1106,2
1106,3
1106,4
1106,5
1106,6
1106,7
1106,8
1106,9
1106,10
1106,11
1106,12
1106,13
1106,14
1106,15
1108,0
1108,1
1108,2
1108,3
1108,4
1108,5
1108,6
1108,7
1108,8
1108,9
1108,10
1108,11
1108,12
1108,13
1108,14
1108,15
1110,0
1110,1
1110,2
1110,3
1110,4
1110,5
1110,6
1110,7
1110,8
1110,9
1110,10
1110,11
1110,12
1110,13
1110,14
1110,15
1112,0
1112,1
1112,2
1112,3
1112,4
1112,5
1112,6
1112,7
1112,8
1112,9
1112,10
1112,11
1112,12
1112,13
1112,14
1112,15
1114,0
1114,1
1114,2
1114,3
1114,4
1114,5
1114,6
1114,7
1114,8
1114,9
1114,10
1114,11
1114,12
1114,13
1114,14
1114,15
1116,0
1116,1
1116,2
1116,3
1116,4
1116,5
1116,6
1116,7
1116,8
1116,9
1116,10
1116,11
1116,12
1116,13
1116,14
1116,15
1118,0
1118,1
1118,2
1118,3
1118,4
1118,5
1118,6
1118,7
1118,8
1118,9
1118,10
1118,11
1118,12
1118,13
1118,14
1118,15
1120,0
1120,1
1120,2
1120,3
1120,4
1120,5
1120,6
1120,7
1120,8
1120,9
1120,10
1120,11
1120,12
1120,13
1120,14
1120,15
1122,0
1122,1
1122,2
1122,3
1122,4
1122,5
1122,6
1122,7
1122,8
1122,9
1122,10
1122,11
1122,12
1122,13
1122,14
1122,15
1124,0
1124,1
1124,2
1124,3
1124,4
1124,5
1124,6
1124,7
1124,8
1124,9
1124,10
1124,11
1124,12
1124,13
1124,14
1124,15
1126,0
1126,1
1126,2
1126,3
1126,4
1126,5
1126,6
1126,7
1126,8
1126,9
1126,10
1126,11
1126,12
1126,13
1126,14
1126,15
1128,0
1128,1
1128,2
1128,3
1128,4
1128,5
1128,6
1128,7
1128,8
1128,9
1128,10
1128,11
1128,12
1128,13
1128,14
1128,15
1130,0
1130,1
1130,2
1130,3
1130,4
1130,5
1130,6
1130,7
1130,8
1130,9
1130,10
1130,11
1130,12
1130,13
1130,14
1130,15
1132,0
1132,1
1132,2
1132,3
1132,4
1132,5
1132,6
1132,7
1132,8
1132,9
1132,10
1132,11
1132,12
1132,13
1132,14
1132,15
1134,0
1134,1
1134,2
1134,3
1134,4
1134,5
1134,6
1134,7
1134,8
1134,9
1134,10
1134,11
1134,12
1134,13
1134,14
1134,15
1136,0
1136,1
1136,2
1136,3
1136,4
1136,5
1136,6
1136,7
1136,8
1136,9
1136,10
1136,11
1136,12
1136,13
1136,14
1136,15
1138,0
1138,1
1138,2
1138,3
1138,4
1138,5
1138,6
1138,7
1138,8
1138,9
1138,10
1138,11
1138,12
1138,13
1138,14
1138,15
1140,0
1140,1
1140,2
1140,3
1140,4
1140,5
1140,6
1140,7
1140,8
1140,9
1140,10
1140,11
1140,12
1140,13
1140,14
1140,15
1142,0
1142,1
1142,2
1142,3
1142,4
1142,5
1142,6
1142,7
1142,8
1142,9
1142,10
1142,11
1142,12
1142,13
1142,14
1142,15
1144,0
1144,1
1144,2
1144,3
1144,4
1144,5
1144,6
1144,7
1144,8
1144,9
1144,10
1144,11
1144,12
1144,13
1144,14
1144,15
1146,0
1146,1
1146,2
1146,3
1146,4
1146,5
1146,6
1146,7
1146,8
1146,9
1146,10
1146,11
1146,12
1146,13
1146,14
1146,15
1148,0
1148,1
1148,2
1148,3
1148,4
1148,5
1148,6
1148,7
1148,8
1148,9
1148,10
1148,11
1148,12
1148,13
1148,14
1148,15
1150,0
1150,1
1150,2
1150,3
1150,4
1150,5
1150,6
1150,7
1150,8
1150,9
1150,10
1150,11
1150,12
1150,13
1150,14
1150,15
1152,0
1152,1
1152,2
1152,3
1152,4
1152,5
1152,6
1152,7
1152,8
1152,9
1152,10
1152,11
1152,12
1152,13
1152,14
1152,15
1154,0
1154,1
1154,2
1154,3
1154,4
1154,5
1154,6
1154,7
1154,8
1154,9
1154,10
1154,11
1154,12
1154,13
1154,14
1154,15
1156,0
1156,1
1156,2
1156,3
1156,4
1156,5
1156,6
1156,7
1156,8
1156,9
1156,10
1156,11
1156,12
1156,13
1156,14
1156,15
1158,0
1158,1
1158,2
1158,3
1158,4
1158,5
1158,6
1158,7
1158,8
1158,9
1158,10
1158,11
1158,12
1158,13
1158,14
1158,15
1160,0
1160,1
1160,2
1160,3
1160,4
1160,5
1160,6
1160,7
1160,8
1160,9
1160,10
1160,11
1160,12
1160,13
1160,14
1160,15
1162,0
1162,1
1162,2
1162,3
1162,4
1162,5
1162,6
1162,7
1162,8
1162,9
1162,10
1162,11
1162,12
1162,13
1162,14
1162,15
1164,0
1164,1
1164,2
1164,3
1164,4
1164,5
1164,6
1164,7
1164,8
1164,9
1164,10
1164,11
1164,12
1164,13
1164,14
1164,15
1166,0
1166,1
1166,2
1166,3
1166,4
1166,5
1166,6
1166,7
1166,8
1166,9
1166,10
1166,11
1166,12
1166,13
1166,14
1166,15
1168,0
1168,1
1168,2
1168,3
1168,4
1168,5
1168,6
1168,7
1168,8
1168,9
1168,10
1168,11
1168,12
1168,13
1168,14
1168,15
1170,0
1170,1
1170,2
1170,3
1170,4
1170,5
1170,6
1170,7
1170,8
1170,9
1170,10
1170,11
1170,12
1170,13
1170,14
1170,15
1172,0
1172,1
1172,2
1172,3
1172,4
1172,5
1172,6
1172,7
1172,8
1172,9
1172,10
1172,11
1172,12
1172,13
1172,14
1172,15
1174,0
1174,1
1174,2
1174,3
1174,4
1174,5
1174,6
1174,7
1174,8
1174,9
1174,10
1174,11
1174,12
1174,13
1174,14
1174,15
1176,0
1176,1
1176,2
1176,3
1176,4
1176,5
1176,6
1176,7
1176,8
1176,9
1176,10
1176,11
1176,12
1176,13
1176,14
1176,15
1178,0
1178,1
1178,2
1178,3
1178,4
1178,5
1178,6
1178,7
1178,8
1178,9
1178,10
1178,11
1178,12
1178,13
1178,14
1178,15
1180,0
1180,1
1180,2
1180,3
1180,4
1180,5
1180,6
1180,7
1180,8
1180,9
1180,10
1180,11
1180,12
1180,13
1180,14
1180,15
1182,0
1182,1
1182,2
1182,3
1182,4
1182,5
1182,6
1182,7
1182,8
1182,9
1182,10
1182,11
1182,12
1182,13
1182,14
1182,15
1184,0
1184,1
1184,2
1184,3
1184,4
1184,5
1184,6
1184,7
1184,8
1184,9
1184,10
1184,11
1184,12
1184,13
1184,14
1184,15
1186,0
1186,1
1186,2
1186,3
1186,4
1186,5
1186,6
1186,7
1186,8
1186,9
1186,10
1186,11
1186,12
1186,13
1186,14
1186,15
1188,0
1188,1
1188,2
1188,3
1188,4
1188,5
1188,6
1188,7
1188,8
1188,9
1188,10
1188,11
1188,12
1188,13
1188,14
1188,15
1190,0
1190,1
1190,2
1190,3
1190,4
1190,5
1190,6
1190,7
1190,8
1190,9
1190,10
1190,11
1190,12
1190,13
1190,14
1190,15
1192,0
1192,1
1192,2
1192,3
1192,4
1192,5
1192,6
1192,7
1192,8
1192,9
1192,10
1192,11
1192,12
1192,13
1192,14
1192,15
1194,0
1194,1
1194,2
1194,3
1194,4
1194,5
1194,6
1194,7
1194,8
1194,9
1194,10
1194,11
1194,12
1194,13
1194,14
1194,15
1196,0
1196,1
1196,2
1196,3
1196,4
1196,5
1196,6
1196,7
1196,8
1196,9
1196,10
1196,11
1196,12
1196,13
1196,14
1196,15
1198,0
1198,1
1198,2
1198,3
1198,4
1198,5
1198,6
1198,7
1198,8
1198,9
1198,10
1198,11
1198,12
1198,13
1198,14
1198,15
1200,0
1200,1
1200,2
1200,3
1200,4
1200,5
1200,6
1200,7
1200,8
1200,9
1200,10
1200,11
1200,12
1200,13
1200,14
1200,15
1202,0
1202,1
1202,2
1202,3
1202,4
1202,5
1202,6
1202,7
1202,8
1202,9
1202,10
1202,11
1202,12
1202,13
1202,14
1202,15
1204,0
1204,1
1204,2
1204,3
1204,4
1204,5
1204,6
1204,7
1204,8
1204,9
1204,10
1204,11
1204,12
1204,13
1204,14
1204,15
1206,0
1206,1
1206,2
1206,3
1206,4
1206,5
1206,6
1206,7
1206,8
1206,9
1206,10
1206,11
1206,12
1206,13
1206,14
1206,15
1208,0
1208,1
1208,2
1208,3
1208,4
1208,5
1208,6
1208,7
1208,8
1208,9
1208,10
1208,11
1208,12
1208,13
1208,14
1208,15
1210,0
1210,1
1210,2
1210,3
1210,4
1210,5
1210,6
1210,7
1210,8
1210,9
1210,10
1210,11
1210,12
1210,13
1210,14
1210,15
1212,0
1212,1
1212,2
1212,3
1212,4
1212,5
1212,6
1212,7
1212,8
1212,9
1212,10
1212,11
1212,12
1212,13
1212,14
1212,15
1214,0
1214,1
1214,2
1214,3
1214,4
1214,5
1214,6
1214,7
1214,8
1214,9
1214,10
1214,11
1214,12
1214,13
1214,14
1214,15
1216,0
1216,1
1216,2
1216,3
1216,4
1216,5
1216,6
1216,7
1216,8
1216,9
1216,10
1216,11
1216,12
1216,13
1216,14
1216,15
1218,0
1218,1
1218,2
1218,3
1218,4
1218,5
1218,6
1218,7
1218,8
1218,9
1218,10
1218,11
1218,12
1218,13
1218,14
1218,15
1220,0
1220,1
1220,2
1220,3
1220,4
1220,5
1220,6
1220,7
1220,8
1220,9
1220,10
1220,11
1220,12
1220,13
1220,14
1220,15
1222,0
1222,1
1222,2
1222,3
1222,4
1222,5
1222,6
1222,7
1222,8
1222,9
1222,10
1222,11
1222,12
1222,13
1222,14
1222,15
1224,0
1224,1
1224,2
1224,3
1224,4
1224,5
1224,6
1224,7
1224,8
1224,9
1224,10
1224,11
1224,12
1224,13
1224,14
1224,15
1226,0
1226,1
1226,2
1226,3
1226,4
1226,5
1226,6
1226,7
1226,8
1226,9
1226,10
1226,11
1226,12
1226,13
1226,14
1226,15
1228,0
1228,1
1228,2
1228,3
1228,4
1228,5
1228,6
1228,7
1228,8
1228,9
1228,10
1228,11
1228,12
1228,13
1228,14
1228,15
1230,0
1230,1
1230,2
1230,3
1230,4
1230,5
1230,6
1230,7
1230,8
1230,9
1230,10
1230,11
1230,12
1230,13
1230,14
1230,15
1232,0
1232,1
1232,2
1232,3
1232,4
1232,5
1232,6
1232,7
1232,8
1232,9
1232,10
1232,11
1232,12
1232,13
1232,14
1232,15
1234,0
1234,1
1234,2
1234,3
1234,4
1234,5
1234,6
1234,7
1234,8
1234,9
1234,10
1234,11
1234,12
1234,13
1234,14
1234,15
1236,0
1236,1
1236,2
1236,3
1236,4
1236,5
1236,6
1236,7
1236,8
1236,9
1236,10
1236,11
1236,12
1236,13
1236,14
1236,15
1238,0
1238,1
1238,2
1238,3
1238,4
1238,5
1238,6
1238,7
1238,8
1238,9
1238,10
1238,11
1238,12
1238,13
1238,14
1238,15
1240,0
1240,1
1240,2
1240,3
1240,4
1240,5
1240,6
1240,7
1240,8
1240,9
1240,10
1240,11
1240,12
1240,13
1240,14
1240,15
1242,0
1242,1
1242,2
1242,3
1242,4
1242,5
1242,6
1242,7
1242,8
1242,9
1242,10
1242,11
1242,12
1242,13
1242,14
1242,15
1244,0
1244,1
1244,2
1244,3
1244,4
1244,5
1244,6
1244,7
1244,8
1244,9
1244,10
1244,11
1244,12
1244,13
1244,14
1244,15
1246,0
1246,1
1246,2
1246,3
1246,4
1246,5
1246,6
1246,7
1246,8
1246,9
1246,10
1246,11
1246,12
1246,13
1246,14
1246,15
1248,0
1248,1
1248,2
1248,3
1248,4
1248,5
1248,6
1248,7
1248,8
1248,9
1248,10
1248,11
1248,12
1248,13
1248,14
1248,15
1250,0
1250,1
1250,2
1250,3
1250,4
1250,5
1250,6
1250,7
1250,8
1250,9
1250,10
1250,11
1250,12
1250,13
1250,14
1250,15
1252,0
1252,1
1252,2
1252,3
1252,4
1252,5
1252,6
1252,7
1252,8
1252,9
1252,10
1252,11
1252,12
1252,13
1252,14
1252,15
1254,0
1254,1
1254,2
1254,3
1254,4
1254,5
1254,6
1254,7
1254,8
1254,9
1254,10
1254,11
1254,12
1254,13
1254,14
1254,15
1256,0
1256,1
1256,2
1256,3
1256,4
1256,5
1256,6
1256,7
1256,8
1256,9
1256,10
1256,11
1256,12
1256,13
1256,14
1256,15
1258,0
1258,1
1258,2
1258,3
1258,4
1258,5
1258,6
1258,7
1258,8
1258,9
1258,10
1258,11
1258,12
1258,13
1258,14
1258,15
1260,0
1260,1
1260,2
1260,3
1260,4
1260,5
1260,6
1260,7
1260,8
1260,9
1260,10
1260,11
1260,12
1260,13
1260,14
1260,15
1262,0
1262,1
1262,2
1262,3
1262,4
1262,5
1262,6
1262,7
1262,8
1262,9
1262,10
1262,11
1262,12
1262,13
1262,14
1262,15
1264,0
1264,1
1264,2
1264,3
1264,4
1264,5
1264,6
1264,7
1264,8
1264,9
1264,10
1264,11
1264,12
1264,13
1264,14
1264,15
1266,0
1266,1
1266,2
1266,3
1266,4
1266,5
1266,6
1266,7
1266,8
1266,9
1266,10
1266,11
1266,12
1266,13
1266,14
1266,15
1268,0
1268,1
1268,2
1268,3
1268,4
1268,5
1268,6
1268,7
1268,8
1268,9
1268,10
1268,11
1268,12
1268,13
1268,14
1268,15
1270,0
1270,1
1270,2
1270,3
1270,4
1270,5
1270,6
1270,7
1270,8
1270,9
1270,10
1270,11
1270,12
1270,13
1270,14
1270,15
1272,0
1272,1
1272,2
1272,3
1272,4
1272,5
1272,6
1272,7
1272,8
1272,9
1272,10
1272,11
1272,12
1272,13
1272,14
1272,15
1274,0
1274,1
1274,2
1274,3
1274,4
1274,5
1274,6
1274,7
1274,8
1274,9
1274,10
1274,11
1274,12
1274,13
1274,14
1274,15
1276,0
1276,1
1276,2
1276,3
1276,4
1276,5
1276,6
1276,7
1276,8
1276,9
1276,10
1276,11
1276,12
1276,13
1276,14
1276,15
1278,0
1278,1
1278,2
1278,3
1278,4
1278,5
1278,6
1278,7
1278,8
1278,9
1278,10
1278,11
1278,12
1278,13
1278,14
1278,15
1280,0
1280,1
1280,2
1280,3
1280,4
1280,5
1280,6
1280,7
1280,8
1280,9
1280,10
1280,11
1280,12
1280,13
1280,14
1280,15
1282,0
1282,1
1282,2
1282,3
1282,4
1282,5
1282,6
1282,7
1282,8
1282,9
1282,10
1282,11
1282,12
1282,13
1282,14
1282,15
1284,0
1284,1
1284,2
1284,3
1284,4
1284,5
1284,6
1284,7
1284,8
1284,9
1284,10
1284,11
1284,12
1284,13
1284,14
1284,15
1286,0
1286,1
1286,2
1286,3
1286,4
1286,5
1286,6
1286,7
1286,8
1286,9
1286,10
1286,11
1286,12
1286,13
1286,14
1286,15
1288,0
1288,1
1288,2
1288,3
1288,4
1288,5
1288,6
1288,7
1288,8
1288,9
1288,10
1288,11
1288,12
1288,13
1288,14
1288,15
1290,0
1290,1
1290,2
1290,3
1290,4
1290,5
1290,6
1290,7
1290,8
1290,9
1290,10
1290,11
1290,12
1290,13
1290,14
1290,15
1292,0
1292,1
1292,2
1292,3
1292,4
1292,5
1292,6
1292,7
1292,8
1292,9
1292,10
1292,11
1292,12
1292,13
1292,14
1292,15
1294,0
1294,1
1294,2
1294,3
1294,4
1294,5
1294,6
1294,7
1294,8
1294,9
1294,10
1294,11
1294,12
1294,13
1294,14
1294,15
1296,0
1296,1
1296,2
1296,3
1296,4
1296,5
1296,6
1296,7
1296,8
1296,9
1296,10
1296,11
1296,12
1296,13
1296,14
1296,15
1298,0
1298,1
1298,2
1298,3
1298,4
1298,5
1298,6
1298,7
1298,8
1298,9
1298,10
1298,11
1298,12
1298,13
1298,14
1298,15
1300,0
1300,1
1300,2
1300,3
1300,4
1300,5
1300,6
1300,7
1300,8
1300,9
1300,10
1300,11
1300,12
1300,13
1300,14
1300,15
1302,0
1302,1
1302,2
1302,3
1302,4
1302,5
1302,6
1302,7
1302,8
1302,9
1302,10
1302,11
1302,12
1302,13
1302,14
1302,15
1304,0
1304,1
1304,2
1304,3
1304,4
1304,5
1304,6
1304,7
1304,8
1304,9
1304,10
1304,11
1304,12
1304,13
1304,14
1304,15
1306,0
1306,1
1306,2
1306,3
1306,4
1306,5
1306,6
1306,7
1306,8
1306,9
1306,10
1306,11
1306,12
1306,13
1306,14
1306,15
1308,0
1308,1
1308,2
1308,3
1308,4
1308,5
1308,6
1308,7
1308,8
1308,9
1308,10
1308,11
1308,12
1308,13
1308,14
1308,15
1310,0
1310,1
1310,2
1310,3
1310,4
1310,5
1310,6
1310,7
1310,8
1310,9
1310,10
1310,11
1310,12
1310,13
1310,14
1310,15
1312,0
1312,1
1312,2
1312,3
1312,4
1312,5
1312,6
1312,7
1312,8
1312,9
1312,10
1312,11
1312,12
1312,13
1312,14
1312,15
1314,0
1314,1
1314,2
1314,3
1314,4
1314,5
1314,6
1314,7
1314,8
1314,9
1314,10
1314,11
1314,12
1314,13
1314,14
1314,15
1316,0
1316,1
1316,2
1316,3
1316,4
1316,5
1316,6
1316,7
1316,8
1316,9
1316,10
1316,11
1316,12
1316,13
1316,14
1316,15
1318,0
1318,1
1318,2
1318,3
1318,4
1318,5
1318,6
1318,7
1318,8
1318,9
1318,10
1318,11
1318,12
1318,13
1318,14
1318,15
1320,0
1320,1
1320,2
1320,3
1320,4
1320,5
1320,6
1320,7
1320,8
1320,9
1320,10
1320,11
1320,12
1320,13
1320,14
1320,15
1322,0
1322,1
1322,2
1322,3
1322,4
1322,5
1322,6
1322,7
1322,8
1322,9
1322,10
1322,11
1322,12
1322,13
1322,14
1322,15
1324,0
1324,1
1324,2
1324,3
1324,4
1324,5
1324,6
1324,7
1324,8
1324,9
1324,10
1324,11
1324,12
1324,13
1324,14
1324,15
1326,0
1326,1
1326,2
1326,3
1326,4
1326,5
1326,6
1326,7
1326,8
1326,9
1326,10
1326,11
1326,12
1326,13
1326,14
1326,15
1328,0
1328,1
1328,2
1328,3
1328,4
1328,5
1328,6
1328,7
1328,8
1328,9
1328,10
1328,11
1328,12
1328,13
1328,14
1328,15
1330,0
1330,1
1330,2
1330,3
1330,4
1330,5
1330,6
1330,7
1330,8
1330,9
1330,10
1330,11
1330,12
1330,13
1330,14
1330,15
1332,0
1332,1
1332,2
1332,3
1332,4
1332,5
1332,6
1332,7
1332,8
1332,9
1332,10
1332,11
1332,12
1332,13
1332,14
1332,15
1334,0
1334,1
1334,2
1334,3
1334,4
1334,5
1334,6
1334,7
1334,8
1334,9
1334,10
1334,11
1334,12
1334,13
1334,14
1334,15
1336,0
1336,1
1336,2
1336,3
1336,4
1336,5
1336,6
1336,7
1336,8
1336,9
1336,10
1336,11
1336,12
1336,13
1336,14
1336,15
1338,0
1338,1
1338,2
1338,3
1338,4
1338,5
1338,6
1338,7
1338,8
1338,9
1338,10
1338,11
1338,12
1338,13
1338,14
1338,15
1340,0
1340,1
1340,2
1340,3
1340,4
1340,5
1340,6
1340,7
1340,8
1340,9
1340,10
1340,11
1340,12
1340,13
1340,14
1340,15
1342,0
1342,1
1342,2
1342,3
1342,4
1342,5
1342,6
1342,7
1342,8
1342,9
1342,10
1342,11
1342,12
1342,13
1342,14
1342,15
1344,0
1344,1
1344,2
1344,3
1344,4
1344,5
1344,6
1344,7
1344,8
1344,9
1344,10
1344,11
1344,12
1344,13
1344,14
1344,15
1346,0
1346,1
1346,2
1346,3
1346,4
1346,5
1346,6
1346,7
1346,8
1346,9
1346,10
1346,11
1346,12
1346,13
1346,14
1346,15
1348,0
1348,1
1348,2
1348,3
1348,4
1348,5
1348,6
1348,7
1348,8
1348,9
1348,10
1348,11
1348,12
1348,13
1348,14
1348,15
1350,0
1350,1
1350,2
1350,3
1350,4
1350,5
1350,6
1350,7
1350,8
1350,9
1350,10
1350,11
1350,12
1350,13
1350,14
1350,15
1352,0
1352,1
1352,2
1352,3
1352,4
1352,5
1352,6
1352,7
1352,8
1352,9
1352,10
1352,11
1352,12
1352,13
1352,14
1352,15
1354,0
1354,1
1354,2
1354,3
1354,4
1354,5
1354,6
1354,7
1354,8
1354,9
1354,10
1354,11
1354,12
1354,13
1354,14
1354,15
1356,0
1356,1
1356,2
1356,3
1356,4
1356,5
1356,6
1356,7
1356,8
1356,9
1356,10
1356,11
1356,12
1356,13
1356,14
1356,15
1358,0
1358,1
1358,2
1358,3
1358,4
1358,5
1358,6
1358,7
1358,8
1358,9
1358,10
1358,11
1358,12
1358,13
1358,14
1358,15
1360,0
1360,1
1360,2
1360,3
1360,4
1360,5
1360,6
1360,7
1360,8
1360,9
1360,10
1360,11
1360,12
1360,13
1360,14
1360,15
1362,0
1362,1
1362,2
1362,3
1362,4
1362,5
1362,6
1362,7
1362,8
1362,9
1362,10
1362,11
1362,12
1362,13
1362,14
1362,15
1364,0
1364,1
1364,2
1364,3
1364,4
1364,5
1364,6
1364,7
1364,8
1364,9
1364,10
1364,11
1364,12
1364,13
1364,14
1364,15
1366,0
1366,1
1366,2
1366,3
1366,4
1366,5
1366,6
1366,7
1366,8
1366,9
1366,10
1366,11
1366,12
1366,13
1366,14
1366,15
1368,0
1368,1
1368,2
1368,3
1368,4
1368,5
1368,6
1368,7
1368,8
1368,9
1368,10
1368,11
1368,12
1368,13
1368,14
1368,15
1370,0
1370,1
1370,2
1370,3
1370,4
1370,5
1370,6
1370,7
1370,8
1370,9
1370,10
1370,11
1370,12
1370,13
1370,14
1370,15
1372,0
1372,1
1372,2
1372,3
1372,4
1372,5
1372,6
1372,7
1372,8
1372,9
1372,10
1372,11
1372,12
1372,13
1372,14
1372,15
1374,0
1374,1
1374,2
1374,3
1374,4
1374,5
1374,6
1374,7
1374,8
1374,9
1374,10
1374,11
1374,12
1374,13
1374,14
1374,15
1376,0
1376,1
1376,2
1376,3
1376,4
1376,5
1376,6
1376,7
1376,8
1376,9
1376,10
1376,11
1376,12
1376,13
1376,14
1376,15
1378,0
1378,1
1378,2
1378,3
1378,4
1378,5
1378,6
1378,7
1378,8
1378,9
1378,10
1378,11
1378,12
1378,13
1378,14
1378,15
1380,0
1380,1
1380,2
1380,3
1380,4
1380,5
1380,6
1380,7
1380,8
1380,9
1380,10
1380,11
1380,12
1380,13
1380,14
1380,15
1382,0
1382,1
1382,2
1382,3
1382,4
1382,5
1382,6
1382,7
1382,8
1382,9
1382,10
1382,11
1382,12
1382,13
1382,14
1382,15
1384,0
1384,1
1384,2
1384,3
1384,4
1384,5
1384,6
1384,7
1384,8
1384,9
1384,10
1384,11
1384,12
1384,13
1384,14
1384,15
1386,0
1386,1
1386,2
1386,3
1386,4
1386,5
1386,6
1386,7
1386,8
1386,9
1386,10
1386,11
1386,12
1386,13
1386,14
1386,15
1388,0
1388,1
1388,2
1388,3
1388,4
1388,5
1388,6
1388,7
1388,8
1388,9
1388,10
1388,11
1388,12
1388,13
1388,14
1388,15
1390,0
1390,1
1390,2
1390,3
1390,4
1390,5
1390,6
1390,7
1390,8
1390,9
1390,10
1390,11
1390,12
1390,13
1390,14
1390,15
1392,0
1392,1
1392,2
1392,3
1392,4
1392,5
1392,6
1392,7
1392,8
1392,9
1392,10
1392,11
1392,12
1392,13
1392,14
1392,15
1394,0
1394,1
1394,2
1394,3
1394,4
1394,5
1394,6
1394,7
1394,8
1394,9
1394,10
1394,11
1394,12
1394,13
1394,14
1394,15
1396,0
1396,1
1396,2
1396,3
1396,4
1396,5
1396,6
1396,7
1396,8
1396,9
1396,10
1396,11
1396,12
1396,13
1396,14
1396,15
1398,0
1398,1
1398,2
1398,3
1398,4
1398,5
1398,6
1398,7
1398,8
1398,9
1398,10
1398,11
1398,12
1398,13
1398,14
1398,15
1400,0
1400,1
1400,2
1400,3
1400,4
1400,5
1400,6
1400,7
1400,8
1400,9
1400,10
1400,11
1400,12
1400,13
1400,14
1400,15
1402,0
1402,1
1402,2
1402,3
1402,4
1402,5
1402,6
1402,7
1402,8
1402,9
1402,10
1402,11
1402,12
1402,13
1402,14
1402,15
1404,0
1404,1
1404,2
1404,3
1404,4
1404,5
1404,6
1404,7
1404,8
1404,9
1404,10
1404,11
1404,12
1404,13
1404,14
1404,15
1406,0
1406,1
1406,2
1406,3
1406,4
1406,5
1406,6
1406,7
1406,8
1406,9
1406,10
1406,11
1406,12
1406,13
1406,14
1406,15
1408,0
1408,1
1408,2
1408,3
1408,4
1408,5
1408,6
1408,7
1408,8
1408,9
1408,10
1408,11
1408,12
1408,13
1408,14
1408,15
1410,0
1410,1
1410,2
1410,3
1410,4
1410,5
1410,6
1410,7
1410,8
1410,9
1410,10
1410,11
1410,12
1410,13
1410,14
1410,15
1412,0
1412,1
1412,2
1412,3
1412,4
1412,5
1412,6
1412,7
1412,8
1412,9
1412,10
1412,11
1412,12
1412,13
1412,14
1412,15
1414,0
1414,1
1414,2
1414,3
1414,4
1414,5
1414,6
1414,7
1414,8
1414,9
1414,10
1414,11
1414,12
1414,13
1414,14
1414,15
1416,0
1416,1
1416,2
1416,3
1416,4
1416,5
1416,6
1416,7
1416,8
1416,9
1416,10
1416,11
1416,12
1416,13
1416,14
1416,15
1418,0
1418,1
1418,2
1418,3
1418,4
1418,5
1418,6
1418,7
1418,8
1418,9
1418,10
1418,11
1418,12
1418,13
1418,14
1418,15
1420,0
1420,1
1420,2
1420,3
1420,4
1420,5
1420,6
1420,7
1420,8
1420,9
1420,10
1420,11
1420,12
1420,13
1420,14
1420,15
1422,0
1422,1
1422,2
1422,3
1422,4
1422,5
1422,6
1422,7
1422,8
1422,9
1422,10
1422,11
1422,12
1422,13
1422,14
1422,15
1424,0
1424,1
1424,2
1424,3
1424,4
1424,5
1424,6
1424,7
1424,8
1424,9
1424,10
1424,11
1424,12
1424,13
1424,14
1424,15
1426,0
1426,1
1426,2
1426,3
1426,4
1426,5
1426,6
1426,7
1426,8
1426,9
1426,10
1426,11
1426,12
1426,13
1426,14
1426,15
1428,0
1428,1
1428,2
1428,3
1428,4
1428,5
1428,6
1428,7
1428,8
1428,9
1428,10
1428,11
1428,12
1428,13
1428,14
1428,15
1430,0
1430,1
1430,2
1430,3
1430,4
1430,5
1430,6
1430,7
1430,8
1430,9
1430,10
1430,11
1430,12
1430,13
1430,14
1430,15
1432,0
1432,1
1432,2
1432,3
1432,4
1432,5
1432,6
1432,7
1432,8
1432,9
1432,10
1432,11
1432,12
1432,13
1432,14
1432,15
1434,0
1434,1
1434,2
1434,3
1434,4
1434,5
1434,6
1434,7
1434,8
1434,9
1434,10
1434,11
1434,12
1434,13
1434,14
1434,15
1436,0
1436,1
1436,2
1436,3
1436,4
1436,5
1436,6
1436,7
1436,8
1436,9
1436,10
1436,11
1436,12
1436,13
1436,14
1436,15
1438,0
1438,1
1438,2
1438,3
1438,4
1438,5
1438,6
1438,7
1438,8
1438,9
1438,10
1438,11
1438,12
1438,13
1438,14
1438,15
1440,0
1440,1
1440,2
1440,3
1440,4
1440,5
1440,6
1440,7
1440,8
1440,9
1440,10
1440,11
1440,12
1440,13
1440,14
1440,15
1442,0
1442,1
1442,2
1442,3
1442,4
1442,5
1442,6
1442,7
1442,8
1442,9
1442,10
1442,11
1442,12
1442,13
1442,14
1442,15
1444,0
1444,1
1444,2
1444,3
1444,4
1444,5
1444,6
1444,7
1444,8
1444,9
1444,10
1444,11
1444,12
1444,13
1444,14
1444,15
1446,0
1446,1
1446,2
1446,3
1446,4
1446,5
1446,6
1446,7
1446,8
1446,9
1446,10
1446,11
1446,12
1446,13
1446,14
1446,15
1448,0
1448,1
1448,2
1448,3
1448,4
1448,5
1448,6
1448,7
1448,8
1448,9
1448,10
1448,11
1448,12
1448,13
1448,14
1448,15
1450,0
1450,1
1450,2
1450,3
1450,4
1450,5
1450,6
1450,7
1450,8
1450,9
1450,10
1450,11
1450,12
1450,13
1450,14
1450,15
1452,0
1452,1
1452,2
1452,3
1452,4
1452,5
1452,6
1452,7
1452,8
1452,9
1452,10
1452,11
1452,12
1452,13
1452,14
1452,15
1454,0
1454,1
1454,2
1454,3
1454,4
1454,5
1454,6
1454,7
1454,8
1454,9
1454,10
1454,11
1454,12
1454,13
1454,14
1454,15
1456,0
1456,1
1456,2
1456,3
1456,4
1456,5
1456,6
1456,7
1456,8
1456,9
1456,10
1456,11
1456,12
1456,13
1456,14
1456,15
1458,0
1458,1
1458,2
1458,3
1458,4
1458,5
1458,6
1458,7
1458,8
1458,9
1458,10
1458,11
1458,12
1458,13
1458,14
1458,15
1460,0
1460,1
1460,2
1460,3
1460,4
1460,5
1460,6
1460,7
1460,8
1460,9
1460,10
1460,11
1460,12
1460,13
1460,14
1460,15
1462,0
1462,1
1462,2
1462,3
1462,4
1462,5
1462,6
1462,7
1462,8
1462,9
1462,10
1462,11
1462,12
1462,13
1462,14
1462,15
1464,0
1464,1
1464,2
1464,3
1464,4
1464,5
1464,6
1464,7
1464,8
1464,9
1464,10
1464,11
1464,12
1464,13
1464,14
1464,15
1466,0
1466,1
1466,2
1466,3
1466,4
1466,5
1466,6
1466,7
1466,8
1466,9
1466,10
1466,11
1466,12
1466,13
1466,14
1466,15
1468,0
1468,1
1468,2
1468,3
1468,4
1468,5
1468,6
1468,7
1468,8
1468,9
1468,10
1468,11
1468,12
1468,13
1468,14
1468,15
1470,0
1470,1
1470,2
1470,3
1470,4
1470,5
1470,6
1470,7
1470,8
1470,9
1470,10
1470,11
1470,12
1470,13
1470,14
1470,15
1472,0
1472,1
1472,2
1472,3
1472,4
1472,5
1472,6
1472,7
1472,8
1472,9
1472,10
1472,11
1472,12
1472,13
1472,14
1472,15
1474,0
1474,1
1474,2
1474,3
1474,4
1474,5
1474,6
1474,7
1474,8
1474,9
1474,10
1474,11
1474,12
1474,13
1474,14
1474,15
1476,0
1476,1
1476,2
1476,3
1476,4
1476,5
1476,6
1476,7
1476,8
1476,9
1476,10
1476,11
1476,12
1476,13
1476,14
1476,15
1478,0
1478,1
1478,2
1478,3
1478,4
1478,5
1478,6
1478,7
1478,8
1478,9
1478,10
1478,11
1478,12
1478,13
1478,14
1478,15
1480,0
1480,1
1480,2
1480,3
1480,4
1480,5
1480,6
1480,7
1480,8
1480,9
1480,10
1480,11
1480,12
1480,13
1480,14
1480,15
1482,0
1482,1
1482,2
1482,3
1482,4
1482,5
1482,6
1482,7
1482,8
1482,9
1482,10
1482,11
1482,12
1482,13
1482,14
1482,15
1484,0
1484,1
1484,2
1484,3
1484,4
1484,5
1484,6
1484,7
1484,8
1484,9
1484,10
1484,11
1484,12
1484,13
1484,14
1484,15
1486,0
1486,1
1486,2
1486,3
1486,4
1486,5
1486,6
1486,7
1486,8
1486,9
1486,10
1486,11
1486,12
1486,13
1486,14
1486,15
1488,0
1488,1
1488,2
1488,3
1488,4
1488,5
1488,6
1488,7
1488,8
1488,9
1488,10
1488,11
1488,12
1488,13
1488,14
1488,15
1490,0
1490,1
1490,2
1490,3
1490,4
1490,5
1490,6
1490,7
1490,8
1490,9
1490,10
1490,11
1490,12
1490,13
1490,14
1490,15
1492,0
1492,1
1492,2
1492,3
1492,4
1492,5
1492,6
1492,7
1492,8
1492,9
1492,10
1492,11
1492,12
1492,13
1492,14
1492,15
1494,0
1494,1
1494,2
1494,3
1494,4
1494,5
1494,6
1494,7
1494,8
1494,9
1494,10
1494,11
1494,12
1494,13
1494,14
1494,15
1496,0
1496,1
1496,2
1496,3
1496,4
1496,5
1496,6
1496,7
1496,8
1496,9
1496,10
1496,11
1496,12
1496,13
1496,14
1496,15
1498,0
1498,1
1498,2
1498,3
1498,4
1498,5
1498,6
1498,7
1498,8
1498,9
1498,10
1498,11
1498,12
1498,13
1498,14
1498,15
1500,0
1500,1
1500,2
1500,3
1500,4
1500,5
1500,6
1500,7
1500,8
1500,9
1500,10
1500,11
1500,12
1500,13
1500,14
1500,15
1502,0
1502,1
1502,2
1502,3
1502,4
1502,5
1502,6
1502,7
1502,8
1502,9
1502,10
1502,11
1502,12
1502,13
1502,14
1502,15
1504,0
1504,1
1504,2
1504,3
1504,4
1504,5
1504,6
1504,7
1504,8
1504,9
1504,10
1504,11
1504,12
1504,13
1504,14
1504,15
1506,0
1506,1
1506,2
1506,3
1506,4
1506,5
1506,6
1506,7
1506,8
1506,9
1506,10
1506,11
1506,12
1506,13
1506,14
1506,15
1508,0
1508,1
1508,2
1508,3
1508,4
1508,5
1508,6
1508,7
1508,8
1508,9
1508,10
1508,11
1508,12
1508,13
1508,14
1508,15
1510,0
1510,1
1510,2
1510,3
1510,4
1510,5
1510,6
1510,7
1510,8
1510,9
1510,10
1510,11
1510,12
1510,13
1510,14
1510,15
1512,0
1512,1
1512,2
1512,3
1512,4
1512,5
1512,6
1512,7
1512,8
1512,9
1512,10
1512,11
1512,12
1512,13
1512,14
1512,15
1514,0
1514,1
1514,2
1514,3
1514,4
1514,5
1514,6
1514,7
1514,8
1514,9
1514,10
1514,11
1514,12
1514,13
1514,14
1514,15
1516,0
1516,1
1516,2
1516,3
1516,4
1516,5
1516,6
1516,7
1516,8
1516,9
1516,10
1516,11
1516,12
1516,13
1516,14
1516,15
1518,0
1518,1
1518,2
1518,3
1518,4
1518,5
1518,6
1518,7
1518,8
1518,9
1518,10
1518,11
1518,12
1518,13
1518,14
1518,15
1520,0
1520,1
1520,2
1520,3
1520,4
1520,5
1520,6
1520,7
1520,8
1520,9
1520,10
1520,11
1520,12
1520,13
1520,14
1520,15
1522,0
1522,1
1522,2
1522,3
1522,4
1522,5
1522,6
1522,7
1522,8
1522,9
1522,10
1522,11
1522,12
1522,13
1522,14
1522,15
1524,0
1524,1
1524,2
1524,3
1524,4
1524,5
1524,6
1524,7
1524,8
1524,9
1524,10
1524,11
1524,12
1524,13
1524,14
1524,15
1526,0
1526,1
1526,2
1526,3
1526,4
1526,5
1526,6
1526,7
1526,8
1526,9
1526,10
1526,11
1526,12
1526,13
1526,14
1526,15
1528,0
1528,1
1528,2
1528,3
1528,4
1528,5
1528,6
1528,7
1528,8
1528,9
1528,10
1528,11
1528,12
1528,13
1528,14
1528,15
1530,0
1530,1
1530,2
1530,3
1530,4
1530,5
1530,6
1530,7
1530,8
1530,9
1530,10
1530,11
1530,12
1530,13
1530,14
1530,15
1532,0
1532,1
1532,2
1532,3
1532,4
1532,5
1532,6
1532,7
1532,8
1532,9
1532,10
1532,11
1532,12
1532,13
1532,14
1532,15
1534,0
1534,1
1534,2
1534,3
1534,4
1534,5
1534,6
1534,7
1534,8
1534,9
1534,10
1534,11
1534,12
1534,13
1534,14
1534,15
1536,0
1536,1
1536,2
1536,3
1536,4
1536,5
1536,6
1536,7
1536,8
1536,9
1536,10
1536,11
1536,12
1536,13
1536,14
1536,15
1538,0
1538,1
1538,2
1538,3
1538,4
1538,5
1538,6
1538,7
1538,8
1538,9
1538,10
1538,11
1538,12
1538,13
1538,14
1538,15
1540,0
1540,1
1540,2
1540,3
1540,4
1540,5
1540,6
1540,7
1540,8
1540,9
1540,10
1540,11
1540,12
1540,13
1540,14
1540,15
1542,0
1542,1
1542,2
1542,3
1542,4
1542,5
1542,6
1542,7
1542,8
1542,9
1542,10
1542,11
1542,12
1542,13
1542,14
1542,15
1544,0
1544,1
1544,2
1544,3
1544,4
1544,5
1544,6
1544,7
1544,8
1544,9
1544,10
1544,11
1544,12
1544,13
1544,14
1544,15
1546,0
1546,1
1546,2
1546,3
1546,4
1546,5
1546,6
1546,7
1546,8
1546,9
1546,10
1546,11
1546,12
1546,13
1546,14
1546,15
1548,0
1548,1
1548,2
1548,3
1548,4
1548,5
1548,6
1548,7
1548,8
1548,9
1548,10
1548,11
1548,12
1548,13
1548,14
1548,15
1550,0
1550,1
1550,2
1550,3
1550,4
1550,5
1550,6
1550,7
1550,8
1550,9
1550,10
1550,11
1550,12
1550,13
1550,14
1550,15
1552,0
1552,1
1552,2
1552,3
1552,4
1552,5
1552,6
1552,7
1552,8
1552,9
1552,10
1552,11
1552,12
1552,13
1552,14
1552,15
1554,0
1554,1
1554,2
1554,3
1554,4
1554,5
1554,6
1554,7
1554,8
1554,9
1554,10
1554,11
1554,12
1554,13
1554,14
1554,15
1556,0
1556,1
1556,2
1556,3
1556,4
1556,5
1556,6
1556,7
1556,8
1556,9
1556,10
1556,11
1556,12
1556,13
1556,14
1556,15
1558,0
1558,1
1558,2
1558,3
1558,4
1558,5
1558,6
1558,7
1558,8
1558,9
1558,10
1558,11
1558,12
1558,13
1558,14
1558,15
1560,0
1560,1
1560,2
1560,3
1560,4
1560,5
1560,6
1560,7
1560,8
1560,9
1560,10
1560,11
1560,12
1560,13
1560,14
1560,15
1562,0
1562,1
1562,2
1562,3
1562,4
1562,5
1562,6
1562,7
1562,8
1562,9
1562,10
1562,11
1562,12
1562,13
1562,14
1562,15
1564,0
1564,1
1564,2
1564,3
1564,4
1564,5
1564,6
1564,7
1564,8
1564,9
1564,10
1564,11
1564,12
1564,13
1564,14
1564,15
1566,0
1566,1
1566,2
1566,3
1566,4
1566,5
1566,6
1566,7
1566,8
1566,9
1566,10
1566,11
1566,12
1566,13
1566,14
1566,15
1568,0
1568,1
1568,2
1568,3
1568,4
1568,5
1568,6
1568,7
1568,8
1568,9
1568,10
1568,11
1568,12
1568,13
1568,14
1568,15
1570,0
1570,1
1570,2
1570,3
1570,4
1570,5
1570,6
1570,7
1570,8
1570,9
1570,10
1570,11
1570,12
1570,13
1570,14
1570,15
1572,0
1572,1
1572,2
1572,3
1572,4
1572,5
1572,6
1572,7
1572,8
1572,9
1572,10
1572,11
1572,12
1572,13
1572,14
1572,15
1574,0
1574,1
1574,2
1574,3
1574,4
1574,5
1574,6
1574,7
1574,8
1574,9
1574,10
1574,11
1574,12
1574,13
1574,14
1574,15
1576,0
1576,1
1576,2
1576,3
1576,4
1576,5
1576,6
1576,7
1576,8
1576,9
1576,10
1576,11
1576,12
1576,13
1576,14
1576,15
1578,0
1578,1
1578,2
1578,3
1578,4
1578,5
1578,6
1578,7
1578,8
1578,9
1578,10
1578,11
1578,12
1578,13
1578,14
1578,15
1580,0
1580,1
1580,2
1580,3
1580,4
1580,5
1580,6
1580,7
1580,8
1580,9
1580,10
1580,11
1580,12
1580,13
1580,14
1580,15
1582,0
1582,1
1582,2
1582,3
1582,4
1582,5
1582,6
1582,7
1582,8
1582,9
1582,10
1582,11
1582,12
1582,13
1582,14
1582,15
1584,0
1584,1
1584,2
1584,3
1584,4
1584,5
1584,6
1584,7
1584,8
1584,9
1584,10
1584,11
1584,12
1584,13
1584,14
1584,15
1586,0
1586,1
1586,2
1586,3
1586,4
1586,5
1586,6
1586,7
1586,8
1586,9
1586,10
1586,11
1586,12
1586,13
1586,14
1586,15
1588,0
1588,1
1588,2
1588,3
1588,4
1588,5
1588,6
1588,7
1588,8
1588,9
1588,10
1588,11
1588,12
1588,13
1588,14
1588,15
1590,0
1590,1
1590,2
1590,3
1590,4
1590,5
1590,6
1590,7
1590,8
1590,9
1590,10
1590,11
1590,12
1590,13
1590,14
1590,15
1592,0
1592,1
1592,2
1592,3
1592,4
1592,5
1592,6
1592,7
1592,8
1592,9
1592,10
1592,11
1592,12
1592,13
1592,14
1592,15
1594,0
1594,1
1594,2
1594,3
1594,4
1594,5
1594,6
1594,7
1594,8
1594,9
1594,10
1594,11
1594,12
1594,13
1594,14
1594,15
1596,0
1596,1
1596,2
1596,3
1596,4
1596,5
1596,6
1596,7
1596,8
1596,9
1596,10
1596,11
1596,12
1596,13
1596,14
1596,15
1598,0
1598,1
1598,2
1598,3
1598,4
1598,5
1598,6
1598,7
1598,8
1598,9
1598,10
1598,11
1598,12
1598,13
1598,14
1598,15
1600,0
1600,1
1600,2
1600,3
1600,4
1600,5
1600,6
1600,7
1600,8
1600,9
1600,10
1600,11
1600,12
1600,13
1600,14
1600,15
1602,0
1602,1
1602,2
1602,3
1602,4
1602,5
1602,6
1602,7
1602,8
1602,9
1602,10
1602,11
1602,12
1602,13
1602,14
1602,15
1604,0
1604,1
1604,2
1604,3
1604,4
1604,5
1604,6
1604,7
1604,8
1604,9
1604,10
1604,11
1604,12
1604,13
1604,14
1604,15
1606,0
1606,1
1606,2
1606,3
1606,4
1606,5
1606,6
1606,7
1606,8
1606,9
1606,10
1606,11
1606,12
1606,13
1606,14
1606,15
1608,0
1608,1
1608,2
1608,3
1608,4
1608,5
1608,6
1608,7
1608,8
1608,9
1608,10
1608,11
1608,12
1608,13
1608,14
1608,15
1610,0
1610,1
1610,2
1610,3
1610,4
1610,5
1610,6
1610,7
1610,8
1610,9
1610,10
1610,11
1610,12
1610,13
1610,14
1610,15
1612,0
1612,1
1612,2
1612,3
1612,4
1612,5
1612,6
1612,7
1612,8
1612,9
1612,10
1612,11
1612,12
1612,13
1612,14
1612,15
1614,0
1614,1
1614,2
1614,3
1614,4
1614,5
1614,6
1614,7
1614,8
1614,9
1614,10
1614,11
1614,12
1614,13
1614,14
1614,15
1616,0
1616,1
1616,2
1616,3
1616,4
1616,5
1616,6
1616,7
1616,8
1616,9
1616,10
1616,11
1616,12
1616,13
1616,14
1616,15
1618,0
1618,1
1618,2
1618,3
1618,4
1618,5
1618,6
1618,7
1618,8
1618,9
1618,10
1618,11
1618,12
1618,13
1618,14
1618,15
1620,0
1620,1
1620,2
1620,3
1620,4
1620,5
1620,6
1620,7
1620,8
1620,9
1620,10
1620,11
1620,12
1620,13
1620,14
1620,15
1622,0
1622,1
1622,2
1622,3
1622,4
1622,5
1622,6
1622,7
1622,8
1622,9
1622,10
1622,11
1622,12
1622,13
1622,14
1622,15
1624,0
1624,1
1624,2
1624,3
1624,4
1624,5
1624,6
1624,7
1624,8
1624,9
1624,10
1624,11
1624,12
1624,13
1624,14
1624,15
1626,0
1626,1
1626,2
1626,3
1626,4
1626,5
1626,6
1626,7
1626,8
1626,9
1626,10
1626,11
1626,12
1626,13
1626,14
1626,15
1628,0
1628,1
1628,2
1628,3
1628,4
1628,5
1628,6
1628,7
1628,8
1628,9
1628,10
1628,11
1628,12
1628,13
1628,14
1628,15
1630,0
1630,1
1630,2
1630,3
1630,4
1630,5
1630,6
1630,7
1630,8
1630,9
1630,10
1630,11
1630,12
1630,13
1630,14
1630,15
1632,0
1632,1
1632,2
1632,3
1632,4
1632,5
1632,6
1632,7
1632,8
1632,9
1632,10
1632,11
1632,12
1632,13
1632,14
1632,15
1634,0
1634,1
1634,2
1634,3
1634,4
1634,5
1634,6
1634,7
1634,8
1634,9
1634,10
1634,11
1634,12
1634,13
1634,14
1634,15
1636,0
1636,1
1636,2
1636,3
1636,4
1636,5
1636,6
1636,7
1636,8
1636,9
1636,10
1636,11
1636,12
1636,13
1636,14
1636,15
1638,0
1638,1
1638,2
1638,3
1638,4
1638,5
1638,6
1638,7
1638,8
1638,9
1638,10
1638,11
1638,12
1638,13
1638,14
1638,15
1640,0
1640,1
1640,2
1640,3
1640,4
1640,5
1640,6
1640,7
1640,8
1640,9
1640,10
1640,11
1640,12
1640,13
1640,14
1640,15
1642,0
1642,1
1642,2
1642,3
1642,4
1642,5
1642,6
1642,7
1642,8
1642,9
1642,10
1642,11
1642,12
1642,13
1642,14
1642,15
1644,0
1644,1
1644,2
1644,3
1644,4
1644,5
1644,6
1644,7
1644,8
1644,9
1644,10
1644,11
1644,12
1644,13
1644,14
1644,15
1646,0
1646,1
1646,2
1646,3
1646,4
1646,5
1646,6
1646,7
1646,8
1646,9
1646,10
1646,11
1646,12
1646,13
1646,14
1646,15
1648,0
1648,1
1648,2
1648,3
1648,4
1648,5
1648,6
1648,7
1648,8
1648,9
1648,10
1648,11
1648,12
1648,13
1648,14
1648,15
1650,0
1650,1
1650,2
1650,3
1650,4
1650,5
1650,6
1650,7
1650,8
1650,9
1650,10
1650,11
1650,12
1650,13
1650,14
1650,15
1652,0
1652,1
1652,2
1652,3
1652,4
1652,5
1652,6
1652,7
1652,8
1652,9
1652,10
1652,11
1652,12
1652,13
1652,14
1652,15
1654,0
1654,1
1654,2
1654,3
1654,4
1654,5
1654,6
1654,7
1654,8
1654,9
1654,10
1654,11
1654,12
1654,13
1654,14
1654,15
1656,0
1656,1
1656,2
1656,3
1656,4
1656,5
1656,6
1656,7
1656,8
1656,9
1656,10
1656,11
1656,12
1656,13
1656,14
1656,15
1658,0
1658,1
1658,2
1658,3
1658,4
1658,5
1658,6
1658,7
1658,8
1658,9
1658,10
1658,11
1658,12
1658,13
1658,14
1658,15
1660,0
1660,1
1660,2
1660,3
1660,4
1660,5
1660,6
1660,7
1660,8
1660,9
1660,10
1660,11
1660,12
1660,13
1660,14
1660,15
1662,0
1662,1
1662,2
1662,3
1662,4
1662,5
1662,6
1662,7
1662,8
1662,9
1662,10
1662,11
1662,12
1662,13
1662,14
1662,15
1664,0
1664,1
1664,2
1664,3
1664,4
1664,5
1664,6
1664,7
1664,8
1664,9
1664,10
1664,11
1664,12
1664,13
1664,14
1664,15
1666,0
1666,1
1666,2
1666,3
1666,4
1666,5
1666,6
1666,7
1666,8
1666,9
1666,10
1666,11
1666,12
1666,13
1666,14
1666,15
1668,0
1668,1
1668,2
1668,3
1668,4
1668,5
1668,6
1668,7
1668,8
1668,9
1668,10
1668,11
1668,12
1668,13
1668,14
1668,15
1670,0
1670,1
1670,2
1670,3
1670,4
1670,5
1670,6
1670,7
1670,8
1670,9
1670,10
1670,11
1670,12
1670,13
1670,14
1670,15
1672,0
1672,1
1672,2
1672,3
1672,4
1672,5
1672,6
1672,7
1672,8
1672,9
1672,10
1672,11
1672,12
1672,13
1672,14
1672,15
1674,0
1674,1
1674,2
1674,3
1674,4
1674,5
1674,6
1674,7
1674,8
1674,9
1674,10
1674,11
1674,12
1674,13
1674,14
1674,15
1676,0
1676,1
1676,2
1676,3
1676,4
1676,5
1676,6
1676,7
1676,8
1676,9
1676,10
1676,11
1676,12
1676,13
1676,14
1676,15
1678,0
1678,1
1678,2
1678,3
1678,4
1678,5
1678,6
1678,7
1678,8
1678,9
1678,10
1678,11
1678,12
1678,13
1678,14
1678,15
1680,0
1680,1
1680,2
1680,3
1680,4
1680,5
1680,6
1680,7
1680,8
1680,9
1680,10
1680,11
1680,12
1680,13
1680,14
1680,15
1682,0
1682,1
1682,2
1682,3
1682,4
1682,5
1682,6
1682,7
1682,8
1682,9
1682,10
1682,11
1682,12
1682,13
1682,14
1682,15
1684,0
1684,1
1684,2
1684,3
1684,4
1684,5
1684,6
1684,7
1684,8
1684,9
1684,10
1684,11
1684,12
1684,13
1684,14
1684,15
1686,0
1686,1
1686,2
1686,3
1686,4
1686,5
1686,6
1686,7
1686,8
1686,9
1686,10
1686,11
1686,12
1686,13
1686,14
1686,15
1688,0
1688,1
1688,2
1688,3
1688,4
1688,5
1688,6
1688,7
1688,8
1688,9
1688,10
1688,11
1688,12
1688,13
1688,14
1688,15
1690,0
1690,1
1690,2
1690,3
1690,4
1690,5
1690,6
1690,7
1690,8
1690,9
1690,10
1690,11
1690,12
1690,13
1690,14
1690,15
1692,0
1692,1
1692,2
1692,3
1692,4
1692,5
1692,6
1692,7
1692,8
1692,9
1692,10
1692,11
1692,12
1692,13
1692,14
1692,15
1694,0
1694,1
1694,2
1694,3
1694,4
1694,5
1694,6
1694,7
1694,8
1694,9
1694,10
1694,11
1694,12
1694,13
1694,14
1694,15
1696,0
1696,1
1696,2
1696,3
1696,4
1696,5
1696,6
1696,7
1696,8
1696,9
1696,10
1696,11
1696,12
1696,13
1696,14
1696,15
1698,0
1698,1
1698,2
1698,3
1698,4
1698,5
1698,6
1698,7
1698,8
1698,9
1698,10
1698,11
1698,12
1698,13
1698,14
1698,15
1700,0
1700,1
1700,2
1700,3
1700,4
1700,5
1700,6
1700,7
1700,8
1700,9
1700,10
1700,11
1700,12
1700,13
1700,14
1700,15
1702,0
1702,1
1702,2
1702,3
1702,4
1702,5
1702,6
1702,7
1702,8
1702,9
1702,10
1702,11
1702,12
1702,13
1702,14
1702,15
1704,0
1704,1
1704,2
1704,3
1704,4
1704,5
1704,6
1704,7
1704,8
1704,9
1704,10
1704,11
1704,12
1704,13
1704,14
1704,15
1706,0
1706,1
1706,2
1706,3
1706,4
1706,5
1706,6
1706,7
1706,8
1706,9
1706,10
1706,11
1706,12
1706,13
1706,14
1706,15
1708,0
1708,1
1708,2
1708,3
1708,4
1708,5
1708,6
1708,7
1708,8
1708,9
1708,10
1708,11
1708,12
1708,13
1708,14
1708,15
1710,0
1710,1
1710,2
1710,3
1710,4
1710,5
1710,6
1710,7
1710,8
1710,9
1710,10
1710,11
1710,12
1710,13
1710,14
1710,15
1712,0
1712,1
1712,2
1712,3
1712,4
1712,5
1712,6
1712,7
1712,8
1712,9
1712,10
1712,11
1712,12
1712,13
1712,14
1712,15
1714,0
1714,1
1714,2
1714,3
1714,4
1714,5
1714,6
1714,7
1714,8
1714,9
1714,10
1714,11
1714,12
1714,13
1714,14
1714,15
1716,0
1716,1
1716,2
1716,3
1716,4
1716,5
1716,6
1716,7
1716,8
1716,9
1716,10
1716,11
1716,12
1716,13
1716,14
1716,15
1718,0
1718,1
1718,2
1718,3
1718,4
1718,5
1718,6
1718,7
1718,8
1718,9
1718,10
1718,11
1718,12
1718,13
1718,14
1718,15
1720,0
1720,1
1720,2
1720,3
1720,4
1720,5
1720,6
1720,7
1720,8
1720,9
1720,10
1720,11
1720,12
1720,13
1720,14
1720,15
1722,0
1722,1
1722,2
1722,3
1722,4
1722,5
1722,6
1722,7
1722,8
1722,9
1722,10
1722,11
1722,12
1722,13
1722,14
1722,15
1724,0
1724,1
1724,2
1724,3
1724,4
1724,5
1724,6
1724,7
1724,8
1724,9
1724,10
1724,11
1724,12
1724,13
1724,14
1724,15
1726,0
1726,1
1726,2
1726,3
1726,4
1726,5
1726,6
1726,7
1726,8
1726,9
1726,10
1726,11
1726,12
1726,13
1726,14
1726,15
1728,0
1728,1
1728,2
1728,3
1728,4
1728,5
1728,6
1728,7
1728,8
1728,9
1728,10
1728,11
1728,12
1728,13
1728,14
1728,15
1730,0
1730,1
1730,2
1730,3
1730,4
1730,5
1730,6
1730,7
1730,8
1730,9
1730,10
1730,11
1730,12
1730,13
1730,14
1730,15
1732,0
1732,1
1732,2
1732,3
1732,4
1732,5
1732,6
1732,7
1732,8
1732,9
1732,10
1732,11
1732,12
1732,13
1732,14
1732,15
1734,0
1734,1
1734,2
1734,3
1734,4
1734,5
1734,6
1734,7
1734,8
1734,9
1734,10
1734,11
1734,12
1734,13
1734,14
1734,15
1736,0
1736,1
1736,2
1736,3
1736,4
1736,5
1736,6
1736,7
1736,8
1736,9
1736,10
1736,11
1736,12
1736,13
1736,14
1736,15
1738,0
1738,1
1738,2
1738,3
1738,4
1738,5
1738,6
1738,7
1738,8
1738,9
1738,10
1738,11
1738,12
1738,13
1738,14
1738,15
1740,0
1740,1
1740,2
1740,3
1740,4
1740,5
1740,6
1740,7
1740,8
1740,9
1740,10
1740,11
1740,12
1740,13
1740,14
1740,15
1742,0
1742,1
1742,2
1742,3
1742,4
1742,5
1742,6
1742,7
1742,8
1742,9
1742,10
1742,11
1742,12
1742,13
1742,14
1742,15
1744,0
1744,1
1744,2
1744,3
1744,4
1744,5
1744,6
1744,7
1744,8
1744,9
1744,10
1744,11
1744,12
1744,13
1744,14
1744,15
1746,0
1746,1
1746,2
1746,3
1746,4
1746,5
1746,6
1746,7
1746,8
1746,9
1746,10
1746,11
1746,12
1746,13
1746,14
1746,15
1748,0
1748,1
1748,2
1748,3
1748,4
1748,5
1748,6
1748,7
1748,8
1748,9
1748,10
1748,11
1748,12
1748,13
1748,14
1748,15
1750,0
1750,1
1750,2
1750,3
1750,4
1750,5
1750,6
1750,7
1750,8
1750,9
1750,10
1750,11
1750,12
1750,13
1750,14
1750,15
1752,0
1752,1
1752,2
1752,3
1752,4
1752,5
1752,6
1752,7
1752,8
1752,9
1752,10
1752,11
1752,12
1752,13
1752,14
1752,15
1754,0
1754,1
1754,2
1754,3
1754,4
1754,5
1754,6
1754,7
1754,8
1754,9
1754,10
1754,11
1754,12
1754,13
1754,14
1754,15
1756,0
1756,1
1756,2
1756,3
1756,4
1756,5
1756,6
1756,7
1756,8
1756,9
1756,10
1756,11
1756,12
1756,13
1756,14
1756,15
1758,0
1758,1
1758,2
1758,3
1758,4
1758,5
1758,6
1758,7
1758,8
1758,9
1758,10
1758,11
1758,12
1758,13
1758,14
1758,15
1760,0
1760,1
1760,2
1760,3
1760,4
1760,5
1760,6
1760,7
1760,8
1760,9
1760,10
1760,11
1760,12
1760,13
1760,14
1760,15
1762,0
1762,1
1762,2
1762,3
1762,4
1762,5
1762,6
1762,7
1762,8
1762,9
1762,10
1762,11
1762,12
1762,13
1762,14
1762,15
1764,0
1764,1
1764,2
1764,3
1764,4
1764,5
1764,6
1764,7
1764,8
1764,9
1764,10
1764,11
1764,12
1764,13
1764,14
1764,15
1766,0
1766,1
1766,2
1766,3
1766,4
1766,5
1766,6
1766,7
1766,8
1766,9
1766,10
1766,11
1766,12
1766,13
1766,14
1766,15
1768,0
1768,1
1768,2
1768,3
1768,4
1768,5
1768,6
1768,7
1768,8
1768,9
1768,10
1768,11
1768,12
1768,13
1768,14
1768,15
1770,0
1770,1
1770,2
1770,3
1770,4
1770,5
1770,6
1770,7
1770,8
1770,9
1770,10
1770,11
1770,12
1770,13
1770,14
1770,15
1772,0
1772,1
1772,2
1772,3
1772,4
1772,5
1772,6
1772,7
1772,8
1772,9
1772,10
1772,11
1772,12
1772,13
1772,14
1772,15
1774,0
1774,1
1774,2
1774,3
1774,4
1774,5
1774,6
1774,7
1774,8
1774,9
1774,10
1774,11
1774,12
1774,13
1774,14
1774,15
1776,0
1776,1
1776,2
1776,3
1776,4
1776,5
1776,6
1776,7
1776,8
1776,9
1776,10
1776,11
1776,12
1776,13
1776,14
1776,15
1778,0
1778,1
1778,2
1778,3
1778,4
1778,5
1778,6
1778,7
1778,8
1778,9
1778,10
1778,11
1778,12
1778,13
1778,14
1778,15
1780,0
1780,1
1780,2
1780,3
1780,4
1780,5
1780,6
1780,7
1780,8
1780,9
1780,10
1780,11
1780,12
1780,13
1780,14
1780,15
1782,0
1782,1
1782,2
1782,3
1782,4
1782,5
1782,6
1782,7
1782,8
1782,9
1782,10
1782,11
1782,12
1782,13
1782,14
1782,15
1784,0
1784,1
1784,2
1784,3
1784,4
1784,5
1784,6
1784,7
1784,8
1784,9
1784,10
1784,11
1784,12
1784,13
1784,14
1784,15
1786,0
1786,1
1786,2
1786,3
1786,4
1786,5
1786,6
1786,7
1786,8
1786,9
1786,10
1786,11
1786,12
1786,13
1786,14
1786,15
1788,0
1788,1
1788,2
1788,3
1788,4
1788,5
1788,6
1788,7
1788,8
1788,9
1788,10
1788,11
1788,12
1788,13
1788,14
1788,15
1790,0
1790,1
1790,2
1790,3
1790,4
1790,5
1790,6
1790,7
1790,8
1790,9
1790,10
1790,11
1790,12
1790,13
1790,14
1790,15
1792,0
1792,1
1792,2
1792,3
1792,4
1792,5
1792,6
1792,7
1792,8
1792,9
1792,10
1792,11
1792,12
1792,13
1792,14
1792,15
1794,0
1794,1
1794,2
1794,3
1794,4
1794,5
1794,6
1794,7
1794,8
1794,9
1794,10
1794,11
1794,12
1794,13
1794,14
1794,15
1796,0
1796,1
1796,2
1796,3
1796,4
1796,5
1796,6
1796,7
1796,8
1796,9
1796,10
1796,11
1796,12
1796,13
1796,14
1796,15
1798,0
1798,1
1798,2
1798,3
1798,4
1798,5
1798,6
1798,7
1798,8
1798,9
1798,10
1798,11
1798,12
1798,13
1798,14
1798,15
1800,0
1800,1
1800,2
1800,3
1800,4
1800,5
1800,6
1800,7
1800,8
1800,9
1800,10
1800,11
1800,12
1800,13
1800,14
1800,15
1802,0
1802,1
1802,2
1802,3
1802,4
1802,5
1802,6
1802,7
1802,8
1802,9
1802,10
1802,11
1802,12
1802,13
1802,14
1802,15
1804,0
1804,1
1804,2
1804,3
1804,4
1804,5
1804,6
1804,7
1804,8
1804,9
1804,10
1804,11
1804,12
1804,13
1804,14
1804,15
1806,0
1806,1
1806,2
1806,3
1806,4
1806,5
1806,6
1806,7
1806,8
1806,9
1806,10
1806,11
1806,12
1806,13
1806,14
1806,15
1808,0
1808,1
1808,2
1808,3
1808,4
1808,5
1808,6
1808,7
1808,8
1808,9
1808,10
1808,11
1808,12
1808,13
1808,14
1808,15
1810,0
1810,1
1810,2
1810,3
1810,4
1810,5
1810,6
1810,7
1810,8
1810,9
1810,10
1810,11
1810,12
1810,13
1810,14
1810,15
1812,0
1812,1
1812,2
1812,3
1812,4
1812,5
1812,6
1812,7
1812,8
1812,9
1812,10
1812,11
1812,12
1812,13
1812,14
1812,15
1814,0
1814,1
1814,2
1814,3
1814,4
1814,5
1814,6
1814,7
1814,8
1814,9
1814,10
1814,11
1814,12
1814,13
1814,14
1814,15
1816,0
1816,1
1816,2
1816,3
1816,4
1816,5
1816,6
1816,7
1816,8
1816,9
1816,10
1816,11
1816,12
1816,13
1816,14
1816,15
1818,0
1818,1
1818,2
1818,3
1818,4
1818,5
1818,6
1818,7
1818,8
1818,9
1818,10
1818,11
1818,12
1818,13
1818,14
1818,15
1820,0
1820,1
1820,2
1820,3
1820,4
1820,5
1820,6
1820,7
1820,8
1820,9
1820,10
1820,11
1820,12
1820,13
1820,14
1820,15
1822,0
1822,1
1822,2
1822,3
1822,4
1822,5
1822,6
1822,7
1822,8
1822,9
1822,10
1822,11
1822,12
1822,13
1822,14
1822,15
1824,0
1824,1
1824,2
1824,3
1824,4
1824,5
1824,6
1824,7
1824,8
1824,9
1824,10
1824,11
1824,12
1824,13
1824,14
1824,15
1826,0
1826,1
1826,2
1826,3
1826,4
1826,5
1826,6
1826,7
1826,8
1826,9
1826,10
1826,11
1826,12
1826,13
1826,14
1826,15
1828,0
1828,1
1828,2
1828,3
1828,4
1828,5
1828,6
1828,7
1828,8
1828,9
1828,10
1828,11
1828,12
1828,13
1828,14
1828,15
1830,0
1830,1
1830,2
1830,3
1830,4
1830,5
1830,6
1830,7
1830,8
1830,9
1830,10
1830,11
1830,12
1830,13
1830,14
1830,15
1832,0
1832,1
1832,2
1832,3
1832,4
1832,5
1832,6
1832,7
1832,8
1832,9
1832,10
1832,11
1832,12
1832,13
1832,14
1832,15
1834,0
1834,1
1834,2
1834,3
1834,4
1834,5
1834,6
1834,7
1834,8
1834,9
1834,10
1834,11
1834,12
1834,13
1834,14
1834,15
1836,0
1836,1
1836,2
1836,3
1836,4
1836,5
1836,6
1836,7
1836,8
1836,9
1836,10
1836,11
1836,12
1836,13
1836,14
1836,15
1838,0
1838,1
1838,2
1838,3
1838,4
1838,5
1838,6
1838,7
1838,8
1838,9
1838,10
1838,11
1838,12
1838,13
1838,14
1838,15
1840,0
1840,1
1840,2
1840,3
1840,4
1840,5
1840,6
1840,7
1840,8
1840,9
1840,10
1840,11
1840,12
1840,13
1840,14
1840,15
1842,0
1842,1
1842,2
1842,3
1842,4
1842,5
1842,6
1842,7
1842,8
1842,9
1842,10
1842,11
1842,12
1842,13
1842,14
1842,15
1844,0
1844,1
1844,2
1844,3
1844,4
1844,5
1844,6
1844,7
1844,8
1844,9
1844,10
1844,11
1844,12
1844,13
1844,14
1844,15
1846,0
1846,1
1846,2
1846,3
1846,4
1846,5
1846,6
1846,7
1846,8
1846,9
1846,10
1846,11
1846,12
1846,13
1846,14
1846,15
1848,0
1848,1
1848,2
1848,3
1848,4
1848,5
1848,6
1848,7
1848,8
1848,9
1848,10
1848,11
1848,12
1848,13
1848,14
1848,15
1850,0
1850,1
1850,2
1850,3
1850,4
1850,5
1850,6
1850,7
1850,8
1850,9
1850,10
1850,11
1850,12
1850,13
1850,14
1850,15
1852,0
1852,1
1852,2
1852,3
1852,4
1852,5
1852,6
1852,7
1852,8
1852,9
1852,10
1852,11
1852,12
1852,13
1852,14
1852,15
1854,0
1854,1
1854,2
1854,3
1854,4
1854,5
1854,6
1854,7
1854,8
1854,9
1854,10
1854,11
1854,12
1854,13
1854,14
1854,15
1856,0
1856,1
1856,2
1856,3
1856,4
1856,5
1856,6
1856,7
1856,8
1856,9
1856,10
1856,11
1856,12
1856,13
1856,14
1856,15
1858,0
1858,1
1858,2
1858,3
1858,4
1858,5
1858,6
1858,7
1858,8
1858,9
1858,10
1858,11
1858,12
1858,13
1858,14
1858,15
1860,0
1860,1
1860,2
1860,3
1860,4
1860,5
1860,6
1860,7
1860,8
1860,9
1860,10
1860,11
1860,12
1860,13
1860,14
1860,15
1862,0
1862,1
1862,2
1862,3
1862,4
1862,5
1862,6
1862,7
1862,8
1862,9
1862,10
1862,11
1862,12
1862,13
1862,14
1862,15
1864,0
1864,1
1864,2
1864,3
1864,4
1864,5
1864,6
1864,7
1864,8
1864,9
1864,10
1864,11
1864,12
1864,13
1864,14
1864,15
1866,0
1866,1
1866,2
1866,3
1866,4
1866,5
1866,6
1866,7
1866,8
1866,9
1866,10
1866,11
1866,12
1866,13
1866,14
1866,15
1868,0
1868,1
1868,2
1868,3
1868,4
1868,5
1868,6
1868,7
1868,8
1868,9
1868,10
1868,11
1868,12
1868,13
1868,14
1868,15
1870,0
1870,1
1870,2
1870,3
1870,4
1870,5
1870,6
1870,7
1870,8
1870,9
1870,10
1870,11
1870,12
1870,13
1870,14
1870,15
1872,0
1872,1
1872,2
1872,3
1872,4
1872,5
1872,6
1872,7
1872,8
1872,9
1872,10
1872,11
1872,12
1872,13
1872,14
1872,15
1874,0
1874,1
1874,2
1874,3
1874,4
1874,5
1874,6
1874,7
1874,8
1874,9
1874,10
1874,11
1874,12
1874,13
1874,14
1874,15
1876,0
1876,1
1876,2
1876,3
1876,4
1876,5
1876,6
1876,7
1876,8
1876,9
1876,10
1876,11
1876,12
1876,13
1876,14
1876,15
1878,0
1878,1
1878,2
1878,3
1878,4
1878,5
1878,6
1878,7
1878,8
1878,9
1878,10
1878,11
1878,12
1878,13
1878,14
1878,15
1880,0
1880,1
1880,2
1880,3
1880,4
1880,5
1880,6
1880,7
1880,8
1880,9
1880,10
1880,11
1880,12
1880,13
1880,14
1880,15
1882,0
1882,1
1882,2
1882,3
1882,4
1882,5
1882,6
1882,7
1882,8
1882,9
1882,10
1882,11
1882,12
1882,13
1882,14
1882,15
1884,0
1884,1
1884,2
1884,3
1884,4
1884,5
1884,6
1884,7
1884,8
1884,9
1884,10
1884,11
1884,12
1884,13
1884,14
1884,15
1886,0
1886,1
1886,2
1886,3
1886,4
1886,5
1886,6
1886,7
1886,8
1886,9
1886,10
1886,11
1886,12
1886,13
1886,14
1886,15
1888,0
1888,1
1888,2
1888,3
1888,4
1888,5
1888,6
1888,7
1888,8
1888,9
1888,10
1888,11
1888,12
1888,13
1888,14
1888,15
1890,0
1890,1
1890,2
1890,3
1890,4
1890,5
1890,6
1890,7
1890,8
1890,9
1890,10
1890,11
1890,12
1890,13
1890,14
1890,15
1892,0
1892,1
1892,2
1892,3
1892,4
1892,5
1892,6
1892,7
1892,8
1892,9
1892,10
1892,11
1892,12
1892,13
1892,14
1892,15
1894,0
1894,1
1894,2
1894,3
1894,4
1894,5
1894,6
1894,7
1894,8
1894,9
1894,10
1894,11
1894,12
1894,13
1894,14
1894,15
1896,0
1896,1
1896,2
1896,3
1896,4
1896,5
1896,6
1896,7
1896,8
1896,9
1896,10
1896,11
1896,12
1896,13
1896,14
1896,15
1898,0
1898,1
1898,2
1898,3
1898,4
1898,5
1898,6
1898,7
1898,8
1898,9
1898,10
1898,11
1898,12
1898,13
1898,14
1898,15
1900,0
1900,1
1900,2
1900,3
1900,4
1900,5
1900,6
1900,7
1900,8
1900,9
1900,10
1900,11
1900,12
1900,13
1900,14
1900,15
1902,0
1902,1
1902,2
1902,3
1902,4
1902,5
1902,6
1902,7
1902,8
1902,9
1902,10
1902,11
1902,12
1902,13
1902,14
1902,15
1904,0
1904,1
1904,2
1904,3
1904,4
1904,5
1904,6
1904,7
1904,8
1904,9
1904,10
1904,11
1904,12
1904,13
1904,14
1904,15
1906,0
1906,1
1906,2
1906,3
1906,4
1906,5
1906,6
1906,7
1906,8
1906,9
1906,10
1906,11
1906,12
1906,13
1906,14
1906,15
1908,0
1908,1
1908,2
1908,3
1908,4
1908,5
1908,6
1908,7
1908,8
1908,9
1908,10
1908,11
1908,12
1908,13
1908,14
1908,15
1910,0
1910,1
1910,2
1910,3
1910,4
1910,5
1910,6
1910,7
1910,8
1910,9
1910,10
1910,11
1910,12
1910,13
1910,14
1910,15
1912,0
1912,1
1912,2
1912,3
1912,4
1912,5
1912,6
1912,7
1912,8
1912,9
1912,10
1912,11
1912,12
1912,13
1912,14
1912,15
1914,0
1914,1
1914,2
1914,3
1914,4
1914,5
1914,6
1914,7
1914,8
1914,9
1914,10
1914,11
1914,12
1914,13
1914,14
1914,15
1916,0
1916,1
1916,2
1916,3
1916,4
1916,5
1916,6
1916,7
1916,8
1916,9
1916,10
1916,11
1916,12
1916,13
1916,14
1916,15
1918,0
1918,1
1918,2
1918,3
1918,4
1918,5
1918,6
1918,7
1918,8
1918,9
1918,10
1918,11
1918,12
1918,13
1918,14
1918,15
1920,0
1920,1
1920,2
1920,3
1920,4
1920,5
1920,6
1920,7
1920,8
1920,9
1920,10
1920,11
1920,12
1920,13
1920,14
1920,15
1922,0
1922,1
1922,2
1922,3
1922,4
1922,5
1922,6
1922,7
1922,8
1922,9
1922,10
1922,11
1922,12
1922,13
1922,14
1922,15
1924,0
1924,1
1924,2
1924,3
1924,4
1924,5
1924,6
1924,7
1924,8
1924,9
1924,10
1924,11
1924,12
1924,13
1924,14
1924,15
1926,0
1926,1
1926,2
1926,3
1926,4
1926,5
1926,6
1926,7
1926,8
1926,9
1926,10
1926,11
1926,12
1926,13
1926,14
1926,15
1928,0
1928,1
1928,2
1928,3
1928,4
1928,5
1928,6
1928,7
1928,8
1928,9
1928,10
1928,11
1928,12
1928,13
1928,14
1928,15
1930,0
1930,1
1930,2
1930,3
1930,4
1930,5
1930,6
1930,7
1930,8
1930,9
1930,10
1930,11
1930,12
1930,13
1930,14
1930,15
1932,0
1932,1
1932,2
1932,3
1932,4
1932,5
1932,6
1932,7
1932,8
1932,9
1932,10
1932,11
1932,12
1932,13
1932,14
1932,15
1934,0
1934,1
1934,2
1934,3
1934,4
1934,5
1934,6
1934,7
1934,8
1934,9
1934,10
1934,11
1934,12
1934,13
1934,14
1934,15
1936,0
1936,1
1936,2
1936,3
1936,4
1936,5
1936,6
1936,7
1936,8
1936,9
1936,10
1936,11
1936,12
1936,13
1936,14
1936,15
1938,0
1938,1
1938,2
1938,3
1938,4
1938,5
1938,6
1938,7
1938,8
1938,9
1938,10
1938,11
1938,12
1938,13
1938,14
1938,15
1940,0
1940,1
1940,2
1940,3
1940,4
1940,5
1940,6
1940,7
1940,8
1940,9
1940,10
1940,11
1940,12
1940,13
1940,14
1940,15
1942,0
1942,1
1942,2
1942,3
1942,4
1942,5
1942,6
1942,7
1942,8
1942,9
1942,10
1942,11
1942,12
1942,13
1942,14
1942,15
1944,0
1944,1
1944,2
1944,3
1944,4
1944,5
1944,6
1944,7
1944,8
1944,9
1944,10
1944,11
1944,12
1944,13
1944,14
1944,15
1946,0
1946,1
1946,2
1946,3
1946,4
1946,5
1946,6
1946,7
1946,8
1946,9
1946,10
1946,11
1946,12
1946,13
1946,14
1946,15
1948,0
1948,1
1948,2
1948,3
1948,4
1948,5
1948,6
1948,7
1948,8
1948,9
1948,10
1948,11
1948,12
1948,13
1948,14
1948,15
1950,0
1950,1
1950,2
1950,3
1950,4
1950,5
1950,6
1950,7
1950,8
1950,9
1950,10
1950,11
1950,12
1950,13
1950,14
1950,15
1952,0
1952,1
1952,2
1952,3
1952,4
1952,5
1952,6
1952,7
1952,8
1952,9
1952,10
1952,11
1952,12
1952,13
1952,14
1952,15
1954,0
1954,1
1954,2
1954,3
1954,4
1954,5
1954,6
1954,7
1954,8
1954,9
1954,10
1954,11
1954,12
1954,13
1954,14
1954,15
1956,0
1956,1
1956,2
1956,3
1956,4
1956,5
1956,6
1956,7
1956,8
1956,9
1956,10
1956,11
1956,12
1956,13
1956,14
1956,15
1958,0
1958,1
1958,2
1958,3
1958,4
1958,5
1958,6
1958,7
1958,8
1958,9
1958,10
1958,11
1958,12
1958,13
1958,14
1958,15
1960,0
1960,1
1960,2
1960,3
1960,4
1960,5
1960,6
1960,7
1960,8
1960,9
1960,10
1960,11
1960,12
1960,13
1960,14
1960,15
1962,0
1962,1
1962,2
1962,3
1962,4
1962,5
1962,6
1962,7
1962,8
1962,9
1962,10
1962,11
1962,12
1962,13
1962,14
1962,15
1964,0
1964,1
1964,2
1964,3
1964,4
1964,5
1964,6
1964,7
1964,8
1964,9
1964,10
1964,11
1964,12
1964,13
1964,14
1964,15
1966,0
1966,1
1966,2
1966,3
1966,4
1966,5
1966,6
1966,7
1966,8
1966,9
1966,10
1966,11
1966,12
1966,13
1966,14
1966,15
1968,0
1968,1
1968,2
1968,3
1968,4
1968,5
1968,6
1968,7
1968,8
1968,9
1968,10
1968,11
1968,12
1968,13
1968,14
1968,15
1970,0
1970,1
1970,2
1970,3
1970,4
1970,5
1970,6
1970,7
1970,8
1970,9
1970,10
1970,11
1970,12
1970,13
1970,14
1970,15
1972,0
1972,1
1972,2
1972,3
1972,4
1972,5
1972,6
1972,7
1972,8
1972,9
1972,10
1972,11
1972,12
1972,13
1972,14
1972,15
1974,0
1974,1
1974,2
1974,3
1974,4
1974,5
1974,6
1974,7
1974,8
1974,9
1974,10
1974,11
1974,12
1974,13
1974,14
1974,15
1976,0
1976,1
1976,2
1976,3
1976,4
1976,5
1976,6
1976,7
1976,8
1976,9
1976,10
1976,11
1976,12
1976,13
1976,14
1976,15
1978,0
1978,1
1978,2
1978,3
1978,4
1978,5
1978,6
1978,7
1978,8
1978,9
1978,10
1978,11
1978,12
1978,13
1978,14
1978,15
1980,0
1980,1
1980,2
1980,3
1980,4
1980,5
1980,6
1980,7
1980,8
1980,9
1980,10
1980,11
1980,12
1980,13
1980,14
1980,15
1982,0
1982,1
1982,2
1982,3
1982,4
1982,5
1982,6
1982,7
1982,8
1982,9
1982,10
1982,11
1982,12
1982,13
1982,14
1982,15
1984,0
1984,1
1984,2
1984,3
1984,4
1984,5
1984,6
1984,7
1984,8
1984,9
1984,10
1984,11
1984,12
1984,13
1984,14
1984,15
1986,0
1986,1
1986,2
1986,3
1986,4
1986,5
1986,6
1986,7
1986,8
1986,9
1986,10
1986,11
1986,12
1986,13
1986,14
1986,15
1988,0
1988,1
1988,2
1988,3
1988,4
1988,5
1988,6
1988,7
1988,8
1988,9
1988,10
1988,11
1988,12
1988,13
1988,14
1988,15
1990,0
1990,1
1990,2
1990,3
1990,4
1990,5
1990,6
1990,7
1990,8
1990,9
1990,10
1990,11
1990,12
1990,13
1990,14
1990,15
1992,0
1992,1
1992,2
1992,3
1992,4
1992,5
1992,6
1992,7
1992,8
1992,9
1992,10
1992,11
1992,12
1992,13
1992,14
1992,15
1994,0
1994,1
1994,2
1994,3
1994,4
1994,5
1994,6
1994,7
1994,8
1994,9
1994,10
1994,11
1994,12
1994,13
1994,14
1994,15
1996,0
1996,1
1996,2
1996,3
1996,4
1996,5
1996,6
1996,7
1996,8
1996,9
1996,10
1996,11
1996,12
1996,13
1996,14
1996,15
1998,0
1998,1
1998,2
1998,3
1998,4
1998,5
1998,6
1998,7
1998,8
1998,9
1998,10
1998,11
1998,12
1998,13
1998,14
1998,15
2000,0
2000,1
2000,2
2000,3
2000,4
2000,5
2000,6
2000,7
2000,8
2000,9
2000,10
2000,11
2000,12
2000,13
2000,14
2000,15
2002,0
2002,1
2002,2
2002,3
2002,4
2002,5
2002,6
2002,7
2002,8
2002,9
2002,10
2002,11
2002,12
2002,13
2002,14
2002,15
2004,0
2004,1
2004,2
2004,3
2004,4
2004,5
2004,6
2004,7
2004,8
2004,9
2004,10
2004,11
2004,12
2004,13
2004,14
2004,15
2006,0
2006,1
2006,2
2006,3
2006,4
2006,5
2006,6
2006,7
2006,8
2006,9
2006,10
2006,11
2006,12
2006,13
2006,14
2006,15
2008,0
2008,1
2008,2
2008,3
2008,4
2008,5
2008,6
2008,7
2008,8
2008,9
2008,10
2008,11
2008,12
2008,13
2008,14
2008,15
2010,0
2010,1
2010,2
2010,3
2010,4
2010,5
2010,6
2010,7
2010,8
2010,9
2010,10
2010,11
2010,12
2010,13
2010,14
2010,15
2012,0
2012,1
2012,2
2012,3
2012,4
2012,5
2012,6
2012,7
2012,8
2012,9
2012,10
2012,11
2012,12
2012,13
2012,14
2012,15
2014,0
2014,1
2014,2
2014,3
2014,4
2014,5
2014,6
2014,7
2014,8
2014,9
2014,10
2014,11
2014,12
2014,13
2014,14
2014,15
2016,0
2016,1
2016,2
2016,3
2016,4
2016,5
2016,6
2016,7
2016,8
2016,9
2016,10
2016,11
2016,12
2016,13
2016,14
2016,15
2018,0
2018,1
2018,2
2018,3
2018,4
2018,5
2018,6
2018,7
2018,8
2018,9
2018,10
2018,11
2018,12
2018,13
2018,14
2018,15
2020,0
2020,1
2020,2
2020,3
2020,4
2020,5
2020,6
2020,7
2020,8
2020,9
2020,10
2020,11
2020,12
2020,13
2020,14
2020,15
2022,0
2022,1
2022,2
2022,3
2022,4
2022,5
2022,6
2022,7
2022,8
2022,9
2022,10
2022,11
2022,12
2022,13
2022,14
2022,15
2024,0
2024,1
2024,2
2024,3
2024,4
2024,5
2024,6
2024,7
2024,8
2024,9
2024,10
2024,11
2024,12
2024,13
2024,14
2024,15
2026,0
2026,1
2026,2
2026,3
2026,4
2026,5
2026,6
2026,7
2026,8
2026,9
2026,10
2026,11
2026,12
2026,13
2026,14
2026,15
2028,0
2028,1
2028,2
2028,3
2028,4
2028,5
2028,6
2028,7
2028,8
2028,9
2028,10
2028,11
2028,12
2028,13
2028,14
2028,15
2030,0
2030,1
2030,2
2030,3
2030,4
2030,5
2030,6
2030,7
2030,8
2030,9
2030,10
2030,11
2030,12
2030,13
2030,14
2030,15
2032,0
2032,1
2032,2
2032,3
2032,4
2032,5
2032,6
2032,7
2032,8
2032,9
2032,10
2032,11
2032,12
2032,13
2032,14
2032,15
2034,0
2034,1
2034,2
2034,3
2034,4
2034,5
2034,6
2034,7
2034,8
2034,9
2034,10
2034,11
2034,12
2034,13
2034,14
2034,15
2036,0
2036,1
2036,2
2036,3
2036,4
2036,5
2036,6
2036,7
2036,8
2036,9
2036,10
2036,11
2036,12
2036,13
2036,14
2036,15
2038,0
2038,1
2038,2
2038,3
2038,4
2038,5
2038,6
2038,7
2038,8
2038,9
2038,10
2038,11
2038,12
2038,13
2038,14
2038,15
2040,0
2040,1
2040,2
2040,3
2040,4
2040,5
2040,6
2040,7
2040,8
2040,9
2040,10
2040,11
2040,12
2040,13
2040,14
2040,15
2042,0
2042,1
2042,2
2042,3
2042,4
2042,5
2042,6
2042,7
2042,8
2042,9
2042,10
2042,11
2042,12
2042,13
2042,14
2042,15
2044,0
2044,1
2044,2
2044,3
2044,4
2044,5
2044,6
2044,7
2044,8
2044,9
2044,10
2044,11
2044,12
2044,13
2044,14
2044,15
2046,0
2046,1
2046,2
2046,3
2046,4
2046,5
2046,6
2046,7
2046,8
2046,9
2046,10
2046,11
2046,12
2046,13
2046,14
2046,15
2048,0
2048,1
2048,2
2048,3
2048,4
2048,5
2048,6
2048,7
2048,8
2048,9
2048,10
2048,11
2048,12
2048,13
2048,14
2048,15
2050,0
2050,1
2050,2
2050,3
2050,4
2050,5
2050,6
2050,7
2050,8
2050,9
2050,10
2050,11
2050,12
2050,13
2050,14
2050,15
2052,0
2052,1
2052,2
2052,3
2052,4
2052,5
2052,6
2052,7
2052,8
2052,9
2052,10
2052,11
2052,12
2052,13
2052,14
2052,15
2054,0
2054,1
2054,2
2054,3
2054,4
2054,5
2054,6
2054,7
2054,8
2054,9
2054,10
2054,11
2054,12
2054,13
2054,14
2054,15
2056,0
2056,1
2056,2
2056,3
2056,4
2056,5
2056,6
2056,7
2056,8
2056,9
2056,10
2056,11
2056,12
2056,13
2056,14
2056,15
2058,0
2058,1
2058,2
2058,3
2058,4
2058,5
2058,6
2058,7
2058,8
2058,9
2058,10
2058,11
2058,12
2058,13
2058,14
2058,15
2060,0
2060,1
2060,2
2060,3
2060,4
2060,5
2060,6
2060,7
2060,8
2060,9
2060,10
2060,11
2060,12
2060,13
2060,14
2060,15
2062,0
2062,1
2062,2
2062,3
2062,4
2062,5
2062,6
2062,7
2062,8
2062,9
2062,10
2062,11
2062,12
2062,13
2062,14
2062,15
2064,0
2064,1
2064,2
2064,3
2064,4
2064,5
2064,6
2064,7
2064,8
2064,9
2064,10
2064,11
2064,12
2064,13
2064,14
2064,15
2066,0
2066,1
2066,2
2066,3
2066,4
2066,5
2066,6
2066,7
2066,8
2066,9
2066,10
2066,11
2066,12
2066,13
2066,14
2066,15
2068,0
2068,1
2068,2
2068,3
2068,4
2068,5
2068,6
2068,7
2068,8
2068,9
2068,10
2068,11
2068,12
2068,13
2068,14
2068,15
2070,0
2070,1
2070,2
2070,3
2070,4
2070,5
2070,6
2070,7
2070,8
2070,9
2070,10
2070,11
2070,12
2070,13
2070,14
2070,15
2072,0
2072,1
2072,2
2072,3
2072,4
2072,5
2072,6
2072,7
2072,8
2072,9
2072,10
2072,11
2072,12
2072,13
2072,14
2072,15
2074,0
2074,1
2074,2
2074,3
2074,4
2074,5
2074,6
2074,7
2074,8
2074,9
2074,10
2074,11
2074,12
2074,13
2074,14
2074,15
2076,0
2076,1
2076,2
2076,3
2076,4
2076,5
2076,6
2076,7
2076,8
2076,9
2076,10
2076,11
2076,12
2076,13
2076,14
2076,15
2078,0
2078,1
2078,2
2078,3
2078,4
2078,5
2078,6
2078,7
2078,8
2078,9
2078,10
2078,11
2078,12
2078,13
2078,14
2078,15
2080,0
2080,1
2080,2
2080,3
2080,4
2080,5
2080,6
2080,7
2080,8
2080,9
2080,10
2080,11
2080,12
2080,13
2080,14
2080,15
2082,0
2082,1
2082,2
2082,3
2082,4
2082,5
2082,6
2082,7
2082,8
2082,9
2082,10
2082,11
2082,12
2082,13
2082,14
2082,15
2084,0
2084,1
2084,2
2084,3
2084,4
2084,5
2084,6
2084,7
2084,8
2084,9
2084,10
2084,11
2084,12
2084,13
2084,14
2084,15
2086,0
2086,1
2086,2
2086,3
2086,4
2086,5
2086,6
2086,7
2086,8
2086,9
2086,10
2086,11
2086,12
2086,13
2086,14
2086,15
2088,0
2088,1
2088,2
2088,3
2088,4
2088,5
2088,6
2088,7
2088,8
2088,9
2088,10
2088,11
2088,12
2088,13
2088,14
2088,15
2090,0
2090,1
2090,2
2090,3
2090,4
2090,5
2090,6
2090,7
2090,8
2090,9
2090,10
2090,11
2090,12
2090,13
2090,14
2090,15
2092,0
2092,1
2092,2
2092,3
2092,4
2092,5
2092,6
2092,7
2092,8
2092,9
2092,10
2092,11
2092,12
2092,13
2092,14
2092,15
2094,0
2094,1
2094,2
2094,3
2094,4
2094,5
2094,6
2094,7
2094,8
2094,9
2094,10
2094,11
2094,12
2094,13
2094,14
2094,15
2096,0
2096,1
2096,2
2096,3
2096,4
2096,5
2096,6
2096,7
2096,8
2096,9
2096,10
2096,11
2096,12
2096,13
2096,14
2096,15
2098,0
2098,1
2098,2
2098,3
2098,4
2098,5
2098,6
2098,7
2098,8
2098,9
2098,10
2098,11
2098,12
2098,13
2098,14
2098,15
2100,0
2100,1
2100,2
2100,3
2100,4
2100,5
2100,6
2100,7
2100,8
2100,9
2100,10
2100,11
2100,12
2100,13
2100,14
2100,15
2102,0
2102,1
2102,2
2102,3
2102,4
2102,5
2102,6
2102,7
2102,8
2102,9
2102,10
2102,11
2102,12
2102,13
2102,14
2102,15
2104,0
2104,1
2104,2
2104,3
2104,4
2104,5
2104,6
2104,7
2104,8
2104,9
2104,10
2104,11
2104,12
2104,13
2104,14
2104,15
2106,0
2106,1
2106,2
2106,3
2106,4
2106,5
2106,6
2106,7
2106,8
2106,9
2106,10
2106,11
2106,12
2106,13
2106,14
2106,15
2108,0
2108,1
2108,2
2108,3
2108,4
2108,5
2108,6
2108,7
2108,8
2108,9
2108,10
2108,11
2108,12
2108,13
2108,14
2108,15
2110,0
2110,1
2110,2
2110,3
2110,4
2110,5
2110,6
2110,7
2110,8
2110,9
2110,10
2110,11
2110,12
2110,13
2110,14
2110,15
2112,0
2112,1
2112,2
2112,3
2112,4
2112,5
2112,6
2112,7
2112,8
2112,9
2112,10
2112,11
2112,12
2112,13
2112,14
2112,15
2114,0
2114,1
2114,2
2114,3
2114,4
2114,5
2114,6
2114,7
2114,8
2114,9
2114,10
2114,11
2114,12
2114,13
2114,14
2114,15
2116,0
2116,1
2116,2
2116,3
2116,4
2116,5
2116,6
2116,7
2116,8
2116,9
2116,10
2116,11
2116,12
2116,13
2116,14
2116,15
2118,0
2118,1
2118,2
2118,3
2118,4
2118,5
2118,6
2118,7
2118,8
2118,9
2118,10
2118,11
2118,12
2118,13
2118,14
2118,15
2120,0
2120,1
2120,2
2120,3
2120,4
2120,5
2120,6
2120,7
2120,8
2120,9
2120,10
2120,11
2120,12
2120,13
2120,14
2120,15
2122,0
2122,1
2122,2
2122,3
2122,4
2122,5
2122,6
2122,7
2122,8
2122,9
2122,10
2122,11
2122,12
2122,13
2122,14
2122,15
2124,0
2124,1
2124,2
2124,3
2124,4
2124,5
2124,6
2124,7
2124,8
2124,9
2124,10
2124,11
2124,12
2124,13
2124,14
2124,15
2126,0
2126,1
2126,2
2126,3
2126,4
2126,5
2126,6
2126,7
2126,8
2126,9
2126,10
2126,11
2126,12
2126,13
2126,14
2126,15
2128,0
2128,1
2128,2
2128,3
2128,4
2128,5
2128,6
2128,7
2128,8
2128,9
2128,10
2128,11
2128,12
2128,13
2128,14
2128,15
2130,0
2130,1
2130,2
2130,3
2130,4
2130,5
2130,6
2130,7
2130,8
2130,9
2130,10
2130,11
2130,12
2130,13
2130,14
2130,15
2132,0
2132,1
2132,2
2132,3
2132,4
2132,5
2132,6
2132,7
2132,8
2132,9
2132,10
2132,11
2132,12
2132,13
2132,14
2132,15
2134,0
2134,1
2134,2
2134,3
2134,4
2134,5
2134,6
2134,7
2134,8
2134,9
2134,10
2134,11
2134,12
2134,13
2134,14
2134,15
2136,0
2136,1
2136,2
2136,3
2136,4
2136,5
2136,6
2136,7
2136,8
2136,9
2136,10
2136,11
2136,12
2136,13
2136,14
2136,15
2138,0
2138,1
2138,2
2138,3
2138,4
2138,5
2138,6
2138,7
2138,8
2138,9
2138,10
2138,11
2138,12
2138,13
2138,14
2138,15
2140,0
2140,1
2140,2
2140,3
2140,4
2140,5
2140,6
2140,7
2140,8
2140,9
2140,10
2140,11
2140,12
2140,13
2140,14
2140,15
2142,0
2142,1
2142,2
2142,3
2142,4
2142,5
2142,6
2142,7
2142,8
2142,9
2142,10
2142,11
2142,12
2142,13
2142,14
2142,15
2144,0
2144,1
2144,2
2144,3
2144,4
2144,5
2144,6
2144,7
2144,8
2144,9
2144,10
2144,11
2144,12
2144,13
2144,14
2144,15
2146,0
2146,1
2146,2
2146,3
2146,4
2146,5
2146,6
2146,7
2146,8
2146,9
2146,10
2146,11
2146,12
2146,13
2146,14
2146,15
2148,0
2148,1
2148,2
2148,3
2148,4
2148,5
2148,6
2148,7
2148,8
2148,9
2148,10
2148,11
2148,12
2148,13
2148,14
2148,15
2150,0
2150,1
2150,2
2150,3
2150,4
2150,5
2150,6
2150,7
2150,8
2150,9
2150,10
2150,11
2150,12
2150,13
2150,14
2150,15
2152,0
2152,1
2152,2
2152,3
2152,4
2152,5
2152,6
2152,7
2152,8
2152,9
2152,10
2152,11
2152,12
2152,13
2152,14
2152,15
2154,0
2154,1
2154,2
2154,3
2154,4
2154,5
2154,6
2154,7
2154,8
2154,9
2154,10
2154,11
2154,12
2154,13
2154,14
2154,15
2156,0
2156,1
2156,2
2156,3
2156,4
2156,5
2156,6
2156,7
2156,8
2156,9
2156,10
2156,11
2156,12
2156,13
2156,14
2156,15
2158,0
2158,1
2158,2
2158,3
2158,4
2158,5
2158,6
2158,7
2158,8
2158,9
2158,10
2158,11
2158,12
2158,13
2158,14
2158,15
2160,0
2160,1
2160,2
2160,3
2160,4
2160,5
2160,6
2160,7
2160,8
2160,9
2160,10
2160,11
2160,12
2160,13
2160,14
2160,15
2162,0
2162,1
2162,2
2162,3
2162,4
2162,5
2162,6
2162,7
2162,8
2162,9
2162,10
2162,11
2162,12
2162,13
2162,14
2162,15
2164,0
2164,1
2164,2
2164,3
2164,4
2164,5
2164,6
2164,7
2164,8
2164,9
2164,10
2164,11
2164,12
2164,13
2164,14
2164,15
2166,0
2166,1
2166,2
2166,3
2166,4
2166,5
2166,6
2166,7
2166,8
2166,9
2166,10
2166,11
2166,12
2166,13
2166,14
2166,15
2168,0
2168,1
2168,2
2168,3
2168,4
2168,5
2168,6
2168,7
2168,8
2168,9
2168,10
2168,11
2168,12
2168,13
2168,14
2168,15
2170,0
2170,1
2170,2
2170,3
2170,4
2170,5
2170,6
2170,7
2170,8
2170,9
2170,10
2170,11
2170,12
2170,13
2170,14
2170,15
2172,0
2172,1
2172,2
2172,3
2172,4
2172,5
2172,6
2172,7
2172,8
2172,9
2172,10
2172,11
2172,12
2172,13
2172,14
2172,15
2174,0
2174,1
2174,2
2174,3
2174,4
2174,5
2174,6
2174,7
2174,8
2174,9
2174,10
2174,11
2174,12
2174,13
2174,14
2174,15
2176,0
2176,1
2176,2
2176,3
2176,4
2176,5
2176,6
2176,7
2176,8
2176,9
2176,10
2176,11
2176,12
2176,13
2176,14
2176,15
2178,0
2178,1
2178,2
2178,3
2178,4
2178,5
2178,6
2178,7
2178,8
2178,9
2178,10
2178,11
2178,12
2178,13
2178,14
2178,15
2180,0
2180,1
2180,2
2180,3
2180,4
2180,5
2180,6
2180,7
2180,8
2180,9
2180,10
2180,11
2180,12
2180,13
2180,14
2180,15
2182,0
2182,1
2182,2
2182,3
2182,4
2182,5
2182,6
2182,7
2182,8
2182,9
2182,10
2182,11
2182,12
2182,13
2182,14
2182,15
2184,0
2184,1
2184,2
2184,3
2184,4
2184,5
2184,6
2184,7
2184,8
2184,9
2184,10
2184,11
2184,12
2184,13
2184,14
2184,15
2186,0
2186,1
2186,2
2186,3
2186,4
2186,5
2186,6
2186,7
2186,8
2186,9
2186,10
2186,11
2186,12
2186,13
2186,14
2186,15
2188,0
2188,1
2188,2
2188,3
2188,4
2188,5
2188,6
2188,7
2188,8
2188,9
2188,10
2188,11
2188,12
2188,13
2188,14
2188,15
2190,0
2190,1
2190,2
2190,3
2190,4
2190,5
2190,6
2190,7
2190,8
2190,9
2190,10
2190,11
2190,12
2190,13
2190,14
2190,15
2192,0
2192,1
2192,2
2192,3
2192,4
2192,5
2192,6
2192,7
2192,8
2192,9
2192,10
2192,11
2192,12
2192,13
2192,14
2192,15
2194,0
2194,1
2194,2
2194,3
2194,4
2194,5
2194,6
2194,7
2194,8
2194,9
2194,10
2194,11
2194,12
2194,13
2194,14
2194,15
2196,0
2196,1
2196,2
2196,3
2196,4
2196,5
2196,6
2196,7
2196,8
2196,9
2196,10
2196,11
2196,12
2196,13
2196,14
2196,15
2198,0
2198,1
2198,2
2198,3
2198,4
2198,5
2198,6
2198,7
2198,8
2198,9
2198,10
2198,11
2198,12
2198,13
2198,14
2198,15
2200,0
2200,1
2200,2
2200,3
2200,4
2200,5
2200,6
2200,7
2200,8
2200,9
2200,10
2200,11
2200,12
2200,13
2200,14
2200,15
2202,0
2202,1
2202,2
2202,3
2202,4
2202,5
2202,6
2202,7
2202,8
2202,9
2202,10
2202,11
2202,12
2202,13
2202,14
2202,15
2204,0
2204,1
2204,2
2204,3
2204,4
2204,5
2204,6
2204,7
2204,8
2204,9
2204,10
2204,11
2204,12
2204,13
2204,14
2204,15
2206,0
2206,1
2206,2
2206,3
2206,4
2206,5
2206,6
2206,7
2206,8
2206,9
2206,10
2206,11
2206,12
2206,13
2206,14
2206,15
2208,0
2208,1
2208,2
2208,3
2208,4
2208,5
2208,6
2208,7
2208,8
2208,9
2208,10
2208,11
2208,12
2208,13
2208,14
2208,15
2210,0
2210,1
2210,2
2210,3
2210,4
2210,5
2210,6
2210,7
2210,8
2210,9
2210,10
2210,11
2210,12
2210,13
2210,14
2210,15
2212,0
2212,1
2212,2
2212,3
2212,4
2212,5
2212,6
2212,7
2212,8
2212,9
2212,10
2212,11
2212,12
2212,13
2212,14
2212,15
2214,0
2214,1
2214,2
2214,3
2214,4
2214,5
2214,6
2214,7
2214,8
2214,9
2214,10
2214,11
2214,12
2214,13
2214,14
2214,15
2216,0
2216,1
2216,2
2216,3
2216,4
2216,5
2216,6
2216,7
2216,8
2216,9
2216,10
2216,11
2216,12
2216,13
2216,14
2216,15
2218,0
2218,1
2218,2
2218,3
2218,4
2218,5
2218,6
2218,7
2218,8
2218,9
2218,10
2218,11
2218,12
2218,13
2218,14
2218,15
2220,0
2220,1
2220,2
2220,3
2220,4
2220,5
2220,6
2220,7
2220,8
2220,9
2220,10
2220,11
2220,12
2220,13
2220,14
2220,15
2222,0
2222,1
2222,2
2222,3
2222,4
2222,5
2222,6
2222,7
2222,8
2222,9
2222,10
2222,11
2222,12
2222,13
2222,14
2222,15
2224,0
2224,1
2224,2
2224,3
2224,4
2224,5
2224,6
2224,7
2224,8
2224,9
2224,10
2224,11
2224,12
2224,13
2224,14
2224,15
2226,0
2226,1
2226,2
2226,3
2226,4
2226,5
2226,6
2226,7
2226,8
2226,9
2226,10
2226,11
2226,12
2226,13
2226,14
2226,15
2228,0
2228,1
2228,2
2228,3
2228,4
2228,5
2228,6
2228,7
2228,8
2228,9
2228,10
2228,11
2228,12
2228,13
2228,14
2228,15
2230,0
2230,1
2230,2
2230,3
2230,4
2230,5
2230,6
2230,7
2230,8
2230,9
2230,10
2230,11
2230,12
2230,13
2230,14
2230,15
2232,0
2232,1
2232,2
2232,3
2232,4
2232,5
2232,6
2232,7
2232,8
2232,9
2232,10
2232,11
2232,12
2232,13
2232,14
2232,15
2234,0
2234,1
2234,2
2234,3
2234,4
2234,5
2234,6
2234,7
2234,8
2234,9
2234,10
2234,11
2234,12
2234,13
2234,14
2234,15
2236,0
2236,1
2236,2
2236,3
2236,4
2236,5
2236,6
2236,7
2236,8
2236,9
2236,10
2236,11
2236,12
2236,13
2236,14
2236,15
2238,0
2238,1
2238,2
2238,3
2238,4
2238,5
2238,6
2238,7
2238,8
2238,9
2238,10
2238,11
2238,12
2238,13
2238,14
2238,15
2240,0
2240,1
2240,2
2240,3
2240,4
2240,5
2240,6
2240,7
2240,8
2240,9
2240,10
2240,11
2240,12
2240,13
2240,14
2240,15
2242,0
2242,1
2242,2
2242,3
2242,4
2242,5
2242,6
2242,7
2242,8
2242,9
2242,10
2242,11
2242,12
2242,13
2242,14
2242,15
2244,0
2244,1
2244,2
2244,3
2244,4
2244,5
2244,6
2244,7
2244,8
2244,9
2244,10
2244,11
2244,12
2244,13
2244,14
2244,15
2246,0
2246,1
2246,2
2246,3
2246,4
2246,5
2246,6
2246,7
2246,8
2246,9
2246,10
2246,11
2246,12
2246,13
2246,14
2246,15
2248,0
2248,1
2248,2
2248,3
2248,4
2248,5
2248,6
2248,7
2248,8
2248,9
2248,10
2248,11
2248,12
2248,13
2248,14
2248,15
2250,0
2250,1
2250,2
2250,3
2250,4
2250,5
2250,6
2250,7
2250,8
2250,9
2250,10
2250,11
2250,12
2250,13
2250,14
2250,15
2252,0
2252,1
2252,2
2252,3
2252,4
2252,5
2252,6
2252,7
2252,8
2252,9
2252,10
2252,11
2252,12
2252,13
2252,14
2252,15
2254,0
2254,1
2254,2
2254,3
2254,4
2254,5
2254,6
2254,7
2254,8
2254,9
2254,10
2254,11
2254,12
2254,13
2254,14
2254,15
2256,0
2256,1
2256,2
2256,3
2256,4
2256,5
2256,6
2256,7
2256,8
2256,9
2256,10
2256,11
2256,12
2256,13
2256,14
2256,15
2258,0
2258,1
2258,2
2258,3
2258,4
2258,5
2258,6
2258,7
2258,8
2258,9
2258,10
2258,11
2258,12
2258,13
2258,14
2258,15
2260,0
2260,1
2260,2
2260,3
2260,4
2260,5
2260,6
2260,7
2260,8
2260,9
2260,10
2260,11
2260,12
2260,13
2260,14
2260,15
2262,0
2262,1
2262,2
2262,3
2262,4
2262,5
2262,6
2262,7
2262,8
2262,9
2262,10
2262,11
2262,12
2262,13
2262,14
2262,15
2264,0
2264,1
2264,2
2264,3
2264,4
2264,5
2264,6
2264,7
2264,8
2264,9
2264,10
2264,11
2264,12
2264,13
2264,14
2264,15
2266,0
2266,1
2266,2
2266,3
2266,4
2266,5
2266,6
2266,7
2266,8
2266,9
2266,10
2266,11
2266,12
2266,13
2266,14
2266,15
2268,0
2268,1
2268,2
2268,3
2268,4
2268,5
2268,6
2268,7
2268,8
2268,9
2268,10
2268,11
2268,12
2268,13
2268,14
2268,15
2270,0
2270,1
2270,2
2270,3
2270,4
2270,5
2270,6
2270,7
2270,8
2270,9
2270,10
2270,11
2270,12
2270,13
2270,14
2270,15
2272,0
2272,1
2272,2
2272,3
2272,4
2272,5
2272,6
2272,7
2272,8
2272,9
2272,10
2272,11
2272,12
2272,13
2272,14
2272,15
2274,0
2274,1
2274,2
2274,3
2274,4
2274,5
2274,6
2274,7
2274,8
2274,9
2274,10
2274,11
2274,12
2274,13
2274,14
2274,15
2276,0
2276,1
2276,2
2276,3
2276,4
2276,5
2276,6
2276,7
2276,8
2276,9
2276,10
2276,11
2276,12
2276,13
2276,14
2276,15
2278,0
2278,1
2278,2
2278,3
2278,4
2278,5
2278,6
2278,7
2278,8
2278,9
2278,10
2278,11
2278,12
2278,13
2278,14
2278,15
2280,0
2280,1
2280,2
2280,3
2280,4
2280,5
2280,6
2280,7
2280,8
2280,9
2280,10
2280,11
2280,12
2280,13
2280,14
2280,15
2282,0
2282,1
2282,2
2282,3
2282,4
2282,5
2282,6
2282,7
2282,8
2282,9
2282,10
2282,11
2282,12
2282,13
2282,14
2282,15
2284,0
2284,1
2284,2
2284,3
2284,4
2284,5
2284,6
2284,7
2284,8
2284,9
2284,10
2284,11
2284,12
2284,13
2284,14
2284,15
2286,0
2286,1
2286,2
2286,3
2286,4
2286,5
2286,6
2286,7
2286,8
2286,9
2286,10
2286,11
2286,12
2286,13
2286,14
2286,15
2288,0
2288,1
2288,2
2288,3
2288,4
2288,5
2288,6
2288,7
2288,8
2288,9
2288,10
2288,11
2288,12
2288,13
2288,14
2288,15
2290,0
2290,1
2290,2
2290,3
2290,4
2290,5
2290,6
2290,7
2290,8
2290,9
2290,10
2290,11
2290,12
2290,13
2290,14
2290,15
2292,0
2292,1
2292,2
2292,3
2292,4
2292,5
2292,6
2292,7
2292,8
2292,9
2292,10
2292,11
2292,12
2292,13
2292,14
2292,15
2294,0
2294,1
2294,2
2294,3
2294,4
2294,5
2294,6
2294,7
2294,8
2294,9
2294,10
2294,11
2294,12
2294,13
2294,14
2294,15
2296,0
2296,1
2296,2
2296,3
2296,4
2296,5
2296,6
2296,7
2296,8
2296,9
2296,10
2296,11
2296,12
2296,13
2296,14
2296,15
2298,0
2298,1
2298,2
2298,3
2298,4
2298,5
2298,6
2298,7
2298,8
2298,9
2298,10
2298,11
2298,12
2298,13
2298,14
2298,15
2300,0
2300,1
2300,2
2300,3
2300,4
2300,5
2300,6
2300,7
2300,8
2300,9
2300,10
2300,11
2300,12
2300,13
2300,14
2300,15
2302,0
2302,1
2302,2
2302,3
2302,4
2302,5
2302,6
2302,7
2302,8
2302,9
2302,10
2302,11
2302,12
2302,13
2302,14
2302,15
2304,0
2304,1
2304,2
2304,3
2304,4
2304,5
2304,6
2304,7
2304,8
2304,9
2304,10
2304,11
2304,12
2304,13
2304,14
2304,15
2306,0
2306,1
2306,2
2306,3
2306,4
2306,5
2306,6
2306,7
2306,8
2306,9
2306,10
2306,11
2306,12
2306,13
2306,14
2306,15
2308,0
2308,1
2308,2
2308,3
2308,4
2308,5
2308,6
2308,7
2308,8
2308,9
2308,10
2308,11
2308,12
2308,13
2308,14
2308,15
2310,0
2310,1
2310,2
2310,3
2310,4
2310,5
2310,6
2310,7
2310,8
2310,9
2310,10
2310,11
2310,12
2310,13
2310,14
2310,15
2312,0
2312,1
2312,2
2312,3
2312,4
2312,5
2312,6
2312,7
2312,8
2312,9
2312,10
2312,11
2312,12
2312,13
2312,14
2312,15
2314,0
2314,1
2314,2
2314,3
2314,4
2314,5
2314,6
2314,7
2314,8
2314,9
2314,10
2314,11
2314,12
2314,13
2314,14
2314,15
2316,0
2316,1
2316,2
2316,3
2316,4
2316,5
2316,6
2316,7
2316,8
2316,9
2316,10
2316,11
2316,12
2316,13
2316,14
2316,15
2318,0
2318,1
2318,2
2318,3
2318,4
2318,5
2318,6
2318,7
2318,8
2318,9
2318,10
2318,11
2318,12
2318,13
2318,14
2318,15
2320,0
2320,1
2320,2
2320,3
2320,4
2320,5
2320,6
2320,7
2320,8
2320,9
2320,10
2320,11
2320,12
2320,13
2320,14
2320,15
2322,0
2322,1
2322,2
2322,3
2322,4
2322,5
2322,6
2322,7
2322,8
2322,9
2322,10
2322,11
2322,12
2322,13
2322,14
2322,15
2324,0
2324,1
2324,2
2324,3
2324,4
2324,5
2324,6
2324,7
2324,8
2324,9
2324,10
2324,11
2324,12
2324,13
2324,14
2324,15
2326,0
2326,1
2326,2
2326,3
2326,4
2326,5
2326,6
2326,7
2326,8
2326,9
2326,10
2326,11
2326,12
2326,13
2326,14
2326,15
2328,0
2328,1
2328,2
2328,3
2328,4
2328,5
2328,6
2328,7
2328,8
2328,9
2328,10
2328,11
2328,12
2328,13
2328,14
2328,15
2330,0
2330,1
2330,2
2330,3
2330,4
2330,5
2330,6
2330,7
2330,8
2330,9
2330,10
2330,11
2330,12
2330,13
2330,14
2330,15
2332,0
2332,1
2332,2
2332,3
2332,4
2332,5
2332,6
2332,7
2332,8
2332,9
2332,10
2332,11
2332,12
2332,13
2332,14
2332,15
2334,0
2334,1
2334,2
2334,3
2334,4
2334,5
2334,6
2334,7
2334,8
2334,9
2334,10
2334,11
2334,12
2334,13
2334,14
2334,15
2336,0
2336,1
2336,2
2336,3
2336,4
2336,5
2336,6
2336,7
2336,8
2336,9
2336,10
2336,11
2336,12
2336,13
2336,14
2336,15
2338,0
2338,1
2338,2
2338,3
2338,4
2338,5
2338,6
2338,7
2338,8
2338,9
2338,10
2338,11
2338,12
2338,13
2338,14
2338,15
2340,0
2340,1
2340,2
2340,3
2340,4
2340,5
2340,6
2340,7
2340,8
2340,9
2340,10
2340,11
2340,12
2340,13
2340,14
2340,15
2342,0
2342,1
2342,2
2342,3
2342,4
2342,5
2342,6
2342,7
2342,8
2342,9
2342,10
2342,11
2342,12
2342,13
2342,14
2342,15
2344,0
2344,1
2344,2
2344,3
2344,4
2344,5
2344,6
2344,7
2344,8
2344,9
2344,10
2344,11
2344,12
2344,13
2344,14
2344,15
2346,0
2346,1
2346,2
2346,3
2346,4
2346,5
2346,6
2346,7
2346,8
2346,9
2346,10
2346,11
2346,12
2346,13
2346,14
2346,15
2348,0
2348,1
2348,2
2348,3
2348,4
2348,5
2348,6
2348,7
2348,8
2348,9
2348,10
2348,11
2348,12
2348,13
2348,14
2348,15
2350,0
2350,1
2350,2
2350,3
2350,4
2350,5
2350,6
2350,7
2350,8
2350,9
2350,10
2350,11
2350,12
2350,13
2350,14
2350,15
2352,0
2352,1
2352,2
2352,3
2352,4
2352,5
2352,6
2352,7
2352,8
2352,9
2352,10
2352,11
2352,12
2352,13
2352,14
2352,15
2354,0
2354,1
2354,2
2354,3
2354,4
2354,5
2354,6
2354,7
2354,8
2354,9
2354,10
2354,11
2354,12
2354,13
2354,14
2354,15
2356,0
2356,1
2356,2
2356,3
2356,4
2356,5
2356,6
2356,7
2356,8
2356,9
2356,10
2356,11
2356,12
2356,13
2356,14
2356,15
2358,0
2358,1
2358,2
2358,3
2358,4
2358,5
2358,6
2358,7
2358,8
2358,9
2358,10
2358,11
2358,12
2358,13
2358,14
2358,15
2360,0
2360,1
2360,2
2360,3
2360,4
2360,5
2360,6
2360,7
2360,8
2360,9
2360,10
2360,11
2360,12
2360,13
2360,14
2360,15
2362,0
2362,1
2362,2
2362,3
2362,4
2362,5
2362,6
2362,7
2362,8
2362,9
2362,10
2362,11
2362,12
2362,13
2362,14
2362,15
2364,0
2364,1
2364,2
2364,3
2364,4
2364,5
2364,6
2364,7
2364,8
2364,9
2364,10
2364,11
2364,12
2364,13
2364,14
2364,15
2366,0
2366,1
2366,2
2366,3
2366,4
2366,5
2366,6
2366,7
2366,8
2366,9
2366,10
2366,11
2366,12
2366,13
2366,14
2366,15
2368,0
2368,1
2368,2
2368,3
2368,4
2368,5
2368,6
2368,7
2368,8
2368,9
2368,10
2368,11
2368,12
2368,13
2368,14
2368,15
2370,0
2370,1
2370,2
2370,3
2370,4
2370,5
2370,6
2370,7
2370,8
2370,9
2370,10
2370,11
2370,12
2370,13
2370,14
2370,15
2372,0
2372,1
2372,2
2372,3
2372,4
2372,5
2372,6
2372,7
2372,8
2372,9
2372,10
2372,11
2372,12
2372,13
2372,14
2372,15
2374,0
2374,1
2374,2
2374,3
2374,4
2374,5
2374,6
2374,7
2374,8
2374,9
2374,10
2374,11
2374,12
2374,13
2374,14
2374,15
2376,0
2376,1
2376,2
2376,3
2376,4
2376,5
2376,6
2376,7
2376,8
2376,9
2376,10
2376,11
2376,12
2376,13
2376,14
2376,15
2378,0
2378,1
2378,2
2378,3
2378,4
2378,5
2378,6
2378,7
2378,8
2378,9
2378,10
2378,11
2378,12
2378,13
2378,14
2378,15
2380,0
2380,1
2380,2
2380,3
2380,4
2380,5
2380,6
2380,7
2380,8
2380,9
2380,10
2380,11
2380,12
2380,13
2380,14
2380,15
2382,0
2382,1
2382,2
2382,3
2382,4
2382,5
2382,6
2382,7
2382,8
2382,9
2382,10
2382,11
2382,12
2382,13
2382,14
2382,15
2384,0
2384,1
2384,2
2384,3
2384,4
2384,5
2384,6
2384,7
2384,8
2384,9
2384,10
2384,11
2384,12
2384,13
2384,14
2384,15
2386,0
2386,1
2386,2
2386,3
2386,4
2386,5
2386,6
2386,7
2386,8
2386,9
2386,10
2386,11
2386,12
2386,13
2386,14
2386,15
2388,0
2388,1
2388,2
2388,3
2388,4
2388,5
2388,6
2388,7
2388,8
2388,9
2388,10
2388,11
2388,12
2388,13
2388,14
2388,15
2390,0
2390,1
2390,2
2390,3
2390,4
2390,5
2390,6
2390,7
2390,8
2390,9
2390,10
2390,11
2390,12
2390,13
2390,14
2390,15
2392,0
2392,1
2392,2
2392,3
2392,4
2392,5
2392,6
2392,7
2392,8
2392,9
2392,10
2392,11
2392,12
2392,13
2392,14
2392,15
2394,0
2394,1
2394,2
2394,3
2394,4
2394,5
2394,6
2394,7
2394,8
2394,9
2394,10
2394,11
2394,12
2394,13
2394,14
2394,15
2396,0
2396,1
2396,2
2396,3
2396,4
2396,5
2396,6
2396,7
2396,8
2396,9
2396,10
2396,11
2396,12
2396,13
2396,14
2396,15
2398,0
2398,1
2398,2
2398,3
2398,4
2398,5
2398,6
2398,7
2398,8
2398,9
2398,10
2398,11
2398,12
2398,13
2398,14
2398,15
2400,0
2400,1
2400,2
2400,3
2400,4
2400,5
2400,6
2400,7
2400,8
2400,9
2400,10
2400,11
2400,12
2400,13
2400,14
2400,15
2402,0
2402,1
2402,2
2402,3
2402,4
2402,5
2402,6
2402,7
2402,8
2402,9
2402,10
2402,11
2402,12
2402,13
2402,14
2402,15
2404,0
2404,1
2404,2
2404,3
2404,4
2404,5
2404,6
2404,7
2404,8
2404,9
2404,10
2404,11
2404,12
2404,13
2404,14
2404,15
2406,0
2406,1
2406,2
2406,3
2406,4
2406,5
2406,6
2406,7
2406,8
2406,9
2406,10
2406,11
2406,12
2406,13
2406,14
2406,15
2408,0
2408,1
2408,2
2408,3
2408,4
2408,5
2408,6
2408,7
2408,8
2408,9
2408,10
2408,11
2408,12
2408,13
2408,14
2408,15
2410,0
2410,1
2410,2
2410,3
2410,4
2410,5
2410,6
2410,7
2410,8
2410,9
2410,10
2410,11
2410,12
2410,13
2410,14
2410,15
2412,0
2412,1
2412,2
2412,3
2412,4
2412,5
2412,6
2412,7
2412,8
2412,9
2412,10
2412,11
2412,12
2412,13
2412,14
2412,15
2414,0
2414,1
2414,2
2414,3
2414,4
2414,5
2414,6
2414,7
2414,8
2414,9
2414,10
2414,11
2414,12
2414,13
2414,14
2414,15
2416,0
2416,1
2416,2
2416,3
2416,4
2416,5
2416,6
2416,7
2416,8
2416,9
2416,10
2416,11
2416,12
2416,13
2416,14
2416,15
2418,0
2418,1
2418,2
2418,3
2418,4
2418,5
2418,6
2418,7
2418,8
2418,9
2418,10
2418,11
2418,12
2418,13
2418,14
2418,15
2420,0
2420,1
2420,2
2420,3
2420,4
2420,5
2420,6
2420,7
2420,8
2420,9
2420,10
2420,11
2420,12
2420,13
2420,14
2420,15
2422,0
2422,1
2422,2
2422,3
2422,4
2422,5
2422,6
2422,7
2422,8
2422,9
2422,10
2422,11
2422,12
2422,13
2422,14
2422,15
2424,0
2424,1
2424,2
2424,3
2424,4
2424,5
2424,6
2424,7
2424,8
2424,9
2424,10
2424,11
2424,12
2424,13
2424,14
2424,15
2426,0
2426,1
2426,2
2426,3
2426,4
2426,5
2426,6
2426,7
2426,8
2426,9
2426,10
2426,11
2426,12
2426,13
2426,14
2426,15
2428,0
2428,1
2428,2
2428,3
2428,4
2428,5
2428,6
2428,7
2428,8
2428,9
2428,10
2428,11
2428,12
2428,13
2428,14
2428,15
2430,0
2430,1
2430,2
2430,3
2430,4
2430,5
2430,6
2430,7
2430,8
2430,9
2430,10
2430,11
2430,12
2430,13
2430,14
2430,15
2432,0
2432,1
2432,2
2432,3
2432,4
2432,5
2432,6
2432,7
2432,8
2432,9
2432,10
2432,11
2432,12
2432,13
2432,14
2432,15
2434,0
2434,1
2434,2
2434,3
2434,4
2434,5
2434,6
2434,7
2434,8
2434,9
2434,10
2434,11
2434,12
2434,13
2434,14
2434,15
2436,0
2436,1
2436,2
2436,3
2436,4
2436,5
2436,6
2436,7
2436,8
2436,9
2436,10
2436,11
2436,12
2436,13
2436,14
2436,15
2438,0
2438,1
2438,2
2438,3
2438,4
2438,5
2438,6
2438,7
2438,8
2438,9
2438,10
2438,11
2438,12
2438,13
2438,14
2438,15
2440,0
2440,1
2440,2
2440,3
2440,4
2440,5
2440,6
2440,7
2440,8
2440,9
2440,10
2440,11
2440,12
2440,13
2440,14
2440,15
2442,0
2442,1
2442,2
2442,3
2442,4
2442,5
2442,6
2442,7
2442,8
2442,9
2442,10
2442,11
2442,12
2442,13
2442,14
2442,15
2444,0
2444,1
2444,2
2444,3
2444,4
2444,5
2444,6
2444,7
2444,8
2444,9
2444,10
2444,11
2444,12
2444,13
2444,14
2444,15
2446,0
2446,1
2446,2
2446,3
2446,4
2446,5
2446,6
2446,7
2446,8
2446,9
2446,10
2446,11
2446,12
2446,13
2446,14
2446,15
2448,0
2448,1
2448,2
2448,3
2448,4
2448,5
2448,6
2448,7
2448,8
2448,9
2448,10
2448,11
2448,12
2448,13
2448,14
2448,15
2450,0
2450,1
2450,2
2450,3
2450,4
2450,5
2450,6
2450,7
2450,8
2450,9
2450,10
2450,11
2450,12
2450,13
2450,14
2450,15
2452,0
2452,1
2452,2
2452,3
2452,4
2452,5
2452,6
2452,7
2452,8
2452,9
2452,10
2452,11
2452,12
2452,13
2452,14
2452,15
2454,0
2454,1
2454,2
2454,3
2454,4
2454,5
2454,6
2454,7
2454,8
2454,9
2454,10
2454,11
2454,12
2454,13
2454,14
2454,15
2456,0
2456,1
2456,2
2456,3
2456,4
2456,5
2456,6
2456,7
2456,8
2456,9
2456,10
2456,11
2456,12
2456,13
2456,14
2456,15
2458,0
2458,1
2458,2
2458,3
2458,4
2458,5
2458,6
2458,7
2458,8
2458,9
2458,10
2458,11
2458,12
2458,13
2458,14
2458,15
2460,0
2460,1
2460,2
2460,3
2460,4
2460,5
2460,6
2460,7
2460,8
2460,9
2460,10
2460,11
2460,12
2460,13
2460,14
2460,15
2462,0
2462,1
2462,2
2462,3
2462,4
2462,5
2462,6
2462,7
2462,8
2462,9
2462,10
2462,11
2462,12
2462,13
2462,14
2462,15
2464,0
2464,1
2464,2
2464,3
2464,4
2464,5
2464,6
2464,7
2464,8
2464,9
2464,10
2464,11
2464,12
2464,13
2464,14
2464,15
2466,0
2466,1
2466,2
2466,3
2466,4
2466,5
2466,6
2466,7
2466,8
2466,9
2466,10
2466,11
2466,12
2466,13
2466,14
2466,15
2468,0
2468,1
2468,2
2468,3
2468,4
2468,5
2468,6
2468,7
2468,8
2468,9
2468,10
2468,11
2468,12
2468,13
2468,14
2468,15
2470,0
2470,1
2470,2
2470,3
2470,4
2470,5
2470,6
2470,7
2470,8
2470,9
2470,10
2470,11
2470,12
2470,13
2470,14
2470,15
2472,0
2472,1
2472,2
2472,3
2472,4
2472,5
2472,6
2472,7
2472,8
2472,9
2472,10
2472,11
2472,12
2472,13
2472,14
2472,15
2474,0
2474,1
2474,2
2474,3
2474,4
2474,5
2474,6
2474,7
2474,8
2474,9
2474,10
2474,11
2474,12
2474,13
2474,14
2474,15
2476,0
2476,1
2476,2
2476,3
2476,4
2476,5
2476,6
2476,7
2476,8
2476,9
2476,10
2476,11
2476,12
2476,13
2476,14
2476,15
2478,0
2478,1
2478,2
2478,3
2478,4
2478,5
2478,6
2478,7
2478,8
2478,9
2478,10
2478,11
2478,12
2478,13
2478,14
2478,15
2480,0
2480,1
2480,2
2480,3
2480,4
2480,5
2480,6
2480,7
2480,8
2480,9
2480,10
2480,11
2480,12
2480,13
2480,14
2480,15
2482,0
2482,1
2482,2
2482,3
2482,4
2482,5
2482,6
2482,7
2482,8
2482,9
2482,10
2482,11
2482,12
2482,13
2482,14
2482,15
2484,0
2484,1
2484,2
2484,3
2484,4
2484,5
2484,6
2484,7
2484,8
2484,9
2484,10
2484,11
2484,12
2484,13
2484,14
2484,15
2486,0
2486,1
2486,2
2486,3
2486,4
2486,5
2486,6
2486,7
2486,8
2486,9
2486,10
2486,11
2486,12
2486,13
2486,14
2486,15
2488,0
2488,1
2488,2
2488,3
2488,4
2488,5
2488,6
2488,7
2488,8
2488,9
2488,10
2488,11
2488,12
2488,13
2488,14
2488,15
2490,0
2490,1
2490,2
2490,3
2490,4
2490,5
2490,6
2490,7
2490,8
2490,9
2490,10
2490,11
2490,12
2490,13
2490,14
2490,15
2492,0
2492,1
2492,2
2492,3
2492,4
2492,5
2492,6
2492,7
2492,8
2492,9
2492,10
2492,11
2492,12
2492,13
2492,14
2492,15
2494,0
2494,1
2494,2
2494,3
2494,4
2494,5
2494,6
2494,7
2494,8
2494,9
2494,10
2494,11
2494,12
2494,13
2494,14
2494,15
2496,0
2496,1
2496,2
2496,3
2496,4
2496,5
2496,6
2496,7
2496,8
2496,9
2496,10
2496,11
2496,12
2496,13
2496,14
2496,15
2498,0
2498,1
2498,2
2498,3
2498,4
2498,5
2498,6
2498,7
2498,8
2498,9
2498,10
2498,11
2498,12
2498,13
2498,14
2498,15
2500,0
2500,1
2500,2
2500,3
2500,4
2500,5
2500,6
2500,7
2500,8
2500,9
2500,10
2500,11
2500,12
2500,13
2500,14
2500,15
2502,0
2502,1
2502,2
2502,3
2502,4
2502,5
2502,6
2502,7
2502,8
2502,9
2502,10
2502,11
2502,12
2502,13
2502,14
2502,15
2504,0
2504,1
2504,2
2504,3
2504,4
2504,5
2504,6
2504,7
2504,8
2504,9
2504,10
2504,11
2504,12
2504,13
2504,14
2504,15
2506,0
2506,1
2506,2
2506,3
2506,4
2506,5
2506,6
2506,7
2506,8
2506,9
2506,10
2506,11
2506,12
2506,13
2506,14
2506,15
2508,0
2508,1
2508,2
2508,3
2508,4
2508,5
2508,6
2508,7
2508,8
2508,9
2508,10
2508,11
2508,12
2508,13
2508,14
2508,15
2510,0
2510,1
2510,2
2510,3
2510,4
2510,5
2510,6
2510,7
2510,8
2510,9
2510,10
2510,11
2510,12
2510,13
2510,14
2510,15
2512,0
2512,1
2512,2
2512,3
2512,4
2512,5
2512,6
2512,7
2512,8
2512,9
2512,10
2512,11
2512,12
2512,13
2512,14
2512,15
2514,0
2514,1
2514,2
2514,3
2514,4
2514,5
2514,6
2514,7
2514,8
2514,9
2514,10
2514,11
2514,12
2514,13
2514,14
2514,15
2516,0
2516,1
2516,2
2516,3
2516,4
2516,5
2516,6
2516,7
2516,8
2516,9
2516,10
2516,11
2516,12
2516,13
2516,14
2516,15
2518,0
2518,1
2518,2
2518,3
2518,4
2518,5
2518,6
2518,7
2518,8
2518,9
2518,10
2518,11
2518,12
2518,13
2518,14
2518,15
2520,0
2520,1
2520,2
2520,3
2520,4
2520,5
2520,6
2520,7
2520,8
2520,9
2520,10
2520,11
2520,12
2520,13
2520,14
2520,15
2522,0
2522,1
2522,2
2522,3
2522,4
2522,5
2522,6
2522,7
2522,8
2522,9
2522,10
2522,11
2522,12
2522,13
2522,14
2522,15
2524,0
2524,1
2524,2
2524,3
2524,4
2524,5
2524,6
2524,7
2524,8
2524,9
2524,10
2524,11
2524,12
2524,13
2524,14
2524,15
2526,0
2526,1
2526,2
2526,3
2526,4
2526,5
2526,6
2526,7
2526,8
2526,9
2526,10
2526,11
2526,12
2526,13
2526,14
2526,15
2528,0
2528,1
2528,2
2528,3
2528,4
2528,5
2528,6
2528,7
2528,8
2528,9
2528,10
2528,11
2528,12
2528,13
2528,14
2528,15
2530,0
2530,1
2530,2
2530,3
2530,4
2530,5
2530,6
2530,7
2530,8
2530,9
2530,10
2530,11
2530,12
2530,13
2530,14
2530,15
2532,0
2532,1
2532,2
2532,3
2532,4
2532,5
2532,6
2532,7
2532,8
2532,9
2532,10
2532,11
2532,12
2532,13
2532,14
2532,15
2534,0
2534,1
2534,2
2534,3
2534,4
2534,5
2534,6
2534,7
2534,8
2534,9
2534,10
2534,11
2534,12
2534,13
2534,14
2534,15
2536,0
2536,1
2536,2
2536,3
2536,4
2536,5
2536,6
2536,7
2536,8
2536,9
2536,10
2536,11
2536,12
2536,13
2536,14
2536,15
2538,0
2538,1
2538,2
2538,3
2538,4
2538,5
2538,6
2538,7
2538,8
2538,9
2538,10
2538,11
2538,12
2538,13
2538,14
2538,15
2540,0
2540,1
2540,2
2540,3
2540,4
2540,5
2540,6
2540,7
2540,8
2540,9
2540,10
2540,11
2540,12
2540,13
2540,14
2540,15
2542,0
2542,1
2542,2
2542,3
2542,4
2542,5
2542,6
2542,7
2542,8
2542,9
2542,10
2542,11
2542,12
2542,13
2542,14
2542,15
2544,0
2544,1
2544,2
2544,3
2544,4
2544,5
2544,6
2544,7
2544,8
2544,9
2544,10
2544,11
2544,12
2544,13
2544,14
2544,15
2546,0
2546,1
2546,2
2546,3
2546,4
2546,5
2546,6
2546,7
2546,8
2546,9
2546,10
2546,11
2546,12
2546,13
2546,14
2546,15
2548,0
2548,1
2548,2
2548,3
2548,4
2548,5
2548,6
2548,7
2548,8
2548,9
2548,10
2548,11
2548,12
2548,13
2548,14
2548,15
2550,0
2550,1
2550,2
2550,3
2550,4
2550,5
2550,6
2550,7
2550,8
2550,9
2550,10
2550,11
2550,12
2550,13
2550,14
2550,15
2552,0
2552,1
2552,2
2552,3
2552,4
2552,5
2552,6
2552,7
2552,8
2552,9
2552,10
2552,11
2552,12
2552,13
2552,14
2552,15
2554,0
2554,1
2554,2
2554,3
2554,4
2554,5
2554,6
2554,7
2554,8
2554,9
2554,10
2554,11
2554,12
2554,13
2554,14
2554,15
2556,0
2556,1
2556,2
2556,3
2556,4
2556,5
2556,6
2556,7
2556,8
2556,9
2556,10
2556,11
2556,12
2556,13
2556,14
2556,15
2558,0
2558,1
2558,2
2558,3
2558,4
2558,5
2558,6
2558,7
2558,8
2558,9
2558,10
2558,11
2558,12
2558,13
2558,14
2558,15
2560,0
2560,1
2560,2
2560,3
2560,4
2560,5
2560,6
2560,7
2560,8
2560,9
2560,10
2560,11
2560,12
2560,13
2560,14
2560,15
2562,0
2562,1
2562,2
2562,3
2562,4
2562,5
2562,6
2562,7
2562,8
2562,9
2562,10
2562,11
2562,12
2562,13
2562,14
2562,15
2564,0
2564,1
2564,2
2564,3
2564,4
2564,5
2564,6
2564,7
2564,8
2564,9
2564,10
2564,11
2564,12
2564,13
2564,14
2564,15
2566,0
2566,1
2566,2
2566,3
2566,4
2566,5
2566,6
2566,7
2566,8
2566,9
2566,10
2566,11
2566,12
2566,13
2566,14
2566,15
2568,0
2568,1
2568,2
2568,3
2568,4
2568,5
2568,6
2568,7
2568,8
2568,9
2568,10
2568,11
2568,12
2568,13
2568,14
2568,15
2570,0
2570,1
2570,2
2570,3
2570,4
2570,5
2570,6
2570,7
2570,8
2570,9
2570,10
2570,11
2570,12
2570,13
2570,14
2570,15
2572,0
2572,1
2572,2
2572,3
2572,4
2572,5
2572,6
2572,7
2572,8
2572,9
2572,10
2572,11
2572,12
2572,13
2572,14
2572,15
2574,0
2574,1
2574,2
2574,3
2574,4
2574,5
2574,6
2574,7
2574,8
2574,9
2574,10
2574,11
2574,12
2574,13
2574,14
2574,15
2576,0
2576,1
2576,2
2576,3
2576,4
2576,5
2576,6
2576,7
2576,8
2576,9
2576,10
2576,11
2576,12
2576,13
2576,14
2576,15
2578,0
2578,1
2578,2
2578,3
2578,4
2578,5
2578,6
2578,7
2578,8
2578,9
2578,10
2578,11
2578,12
2578,13
2578,14
2578,15
2580,0
2580,1
2580,2
2580,3
2580,4
2580,5
2580,6
2580,7
2580,8
2580,9
2580,10
2580,11
2580,12
2580,13
2580,14
2580,15
2582,0
2582,1
2582,2
2582,3
2582,4
2582,5
2582,6
2582,7
2582,8
2582,9
2582,10
2582,11
2582,12
2582,13
2582,14
2582,15
2584,0
2584,1
2584,2
2584,3
2584,4
2584,5
2584,6
2584,7
2584,8
2584,9
2584,10
2584,11
2584,12
2584,13
2584,14
2584,15
2586,0
2586,1
2586,2
2586,3
2586,4
2586,5
2586,6
2586,7
2586,8
2586,9
2586,10
2586,11
2586,12
2586,13
2586,14
2586,15
2588,0
2588,1
2588,2
2588,3
2588,4
2588,5
2588,6
2588,7
2588,8
2588,9
2588,10
2588,11
2588,12
2588,13
2588,14
2588,15
2590,0
2590,1
2590,2
2590,3
2590,4
2590,5
2590,6
2590,7
2590,8
2590,9
2590,10
2590,11
2590,12
2590,13
2590,14
2590,15
2592,0
2592,1
2592,2
2592,3
2592,4
2592,5
2592,6
2592,7
2592,8
2592,9
2592,10
2592,11
2592,12
2592,13
2592,14
2592,15
2594,0
2594,1
2594,2
2594,3
2594,4
2594,5
2594,6
2594,7
2594,8
2594,9
2594,10
2594,11
2594,12
2594,13
2594,14
2594,15
2596,0
2596,1
2596,2
2596,3
2596,4
2596,5
2596,6
2596,7
2596,8
2596,9
2596,10
2596,11
2596,12
2596,13
2596,14
2596,15
2598,0
2598,1
2598,2
2598,3
2598,4
2598,5
2598,6
2598,7
2598,8
2598,9
2598,10
2598,11
2598,12
2598,13
2598,14
2598,15
2600,0
2600,1
2600,2
2600,3
2600,4
2600,5
2600,6
2600,7
2600,8
2600,9
2600,10
2600,11
2600,12
2600,13
2600,14
2600,15
2602,0
2602,1
2602,2
2602,3
2602,4
2602,5
2602,6
2602,7
2602,8
2602,9
2602,10
2602,11
2602,12
2602,13
2602,14
2602,15
2604,0
2604,1
2604,2
2604,3
2604,4
2604,5
2604,6
2604,7
2604,8
2604,9
2604,10
2604,11
2604,12
2604,13
2604,14
2604,15
2606,0
2606,1
2606,2
2606,3
2606,4
2606,5
2606,6
2606,7
2606,8
2606,9
2606,10
2606,11
2606,12
2606,13
2606,14
2606,15
2608,0
2608,1
2608,2
2608,3
2608,4
2608,5
2608,6
2608,7
2608,8
2608,9
2608,10
2608,11
2608,12
2608,13
2608,14
2608,15
2610,0
2610,1
2610,2
2610,3
2610,4
2610,5
2610,6
2610,7
2610,8
2610,9
2610,10
2610,11
2610,12
2610,13
2610,14
2610,15
2612,0
2612,1
2612,2
2612,3
2612,4
2612,5
2612,6
2612,7
2612,8
2612,9
2612,10
2612,11
2612,12
2612,13
2612,14
2612,15
2614,0
2614,1
2614,2
2614,3
2614,4
2614,5
2614,6
2614,7
2614,8
2614,9
2614,10
2614,11
2614,12
2614,13
2614,14
2614,15
2616,0
2616,1
2616,2
2616,3
2616,4
2616,5
2616,6
2616,7
2616,8
2616,9
2616,10
2616,11
2616,12
2616,13
2616,14
2616,15
2618,0
2618,1
2618,2
2618,3
2618,4
2618,5
2618,6
2618,7
2618,8
2618,9
2618,10
2618,11
2618,12
2618,13
2618,14
2618,15
2620,0
2620,1
2620,2
2620,3
2620,4
2620,5
2620,6
2620,7
2620,8
2620,9
2620,10
2620,11
2620,12
2620,13
2620,14
2620,15
2622,0
2622,1
2622,2
2622,3
2622,4
2622,5
2622,6
2622,7
2622,8
2622,9
2622,10
2622,11
2622,12
2622,13
2622,14
2622,15
2624,0
2624,1
2624,2
2624,3
2624,4
2624,5
2624,6
2624,7
2624,8
2624,9
2624,10
2624,11
2624,12
2624,13
2624,14
2624,15
2626,0
2626,1
2626,2
2626,3
2626,4
2626,5
2626,6
2626,7
2626,8
2626,9
2626,10
2626,11
2626,12
2626,13
2626,14
2626,15
2628,0
2628,1
2628,2
2628,3
2628,4
2628,5
2628,6
2628,7
2628,8
2628,9
2628,10
2628,11
2628,12
2628,13
2628,14
2628,15
2630,0
2630,1
2630,2
2630,3
2630,4
2630,5
2630,6
2630,7
2630,8
2630,9
2630,10
2630,11
2630,12
2630,13
2630,14
2630,15
2632,0
2632,1
2632,2
2632,3
2632,4
2632,5
2632,6
2632,7
2632,8
2632,9
2632,10
2632,11
2632,12
2632,13
2632,14
2632,15
2634,0
2634,1
2634,2
2634,3
2634,4
2634,5
2634,6
2634,7
2634,8
2634,9
2634,10
2634,11
2634,12
2634,13
2634,14
2634,15
2636,0
2636,1
2636,2
2636,3
2636,4
2636,5
2636,6
2636,7
2636,8
2636,9
2636,10
2636,11
2636,12
2636,13
2636,14
2636,15
2638,0
2638,1
2638,2
2638,3
2638,4
2638,5
2638,6
2638,7
2638,8
2638,9
2638,10
2638,11
2638,12
2638,13
2638,14
2638,15
2640,0
2640,1
2640,2
2640,3
2640,4
2640,5
2640,6
2640,7
2640,8
2640,9
2640,10
2640,11
2640,12
2640,13
2640,14
2640,15
2642,0
2642,1
2642,2
2642,3
2642,4
2642,5
2642,6
2642,7
2642,8
2642,9
2642,10
2642,11
2642,12
2642,13
2642,14
2642,15
2644,0
2644,1
2644,2
2644,3
2644,4
2644,5
2644,6
2644,7
2644,8
2644,9
2644,10
2644,11
2644,12
2644,13
2644,14
2644,15
2646,0
2646,1
2646,2
2646,3
2646,4
2646,5
2646,6
2646,7
2646,8
2646,9
2646,10
2646,11
2646,12
2646,13
2646,14
2646,15
2648,0
2648,1
2648,2
2648,3
2648,4
2648,5
2648,6
2648,7
2648,8
2648,9
2648,10
2648,11
2648,12
2648,13
2648,14
2648,15
2650,0
2650,1
2650,2
2650,3
2650,4
2650,5
2650,6
2650,7
2650,8
2650,9
2650,10
2650,11
2650,12
2650,13
2650,14
2650,15
2652,0
2652,1
2652,2
2652,3
2652,4
2652,5
2652,6
2652,7
2652,8
2652,9
2652,10
2652,11
2652,12
2652,13
2652,14
2652,15
2654,0
2654,1
2654,2
2654,3
2654,4
2654,5
2654,6
2654,7
2654,8
2654,9
2654,10
2654,11
2654,12
2654,13
2654,14
2654,15
2656,0
2656,1
2656,2
2656,3
2656,4
2656,5
2656,6
2656,7
2656,8
2656,9
2656,10
2656,11
2656,12
2656,13
2656,14
2656,15
2658,0
2658,1
2658,2
2658,3
2658,4
2658,5
2658,6
2658,7
2658,8
2658,9
2658,10
2658,11
2658,12
2658,13
2658,14
2658,15
2660,0
2660,1
2660,2
2660,3
2660,4
2660,5
2660,6
2660,7
2660,8
2660,9
2660,10
2660,11
2660,12
2660,13
2660,14
2660,15
2662,0
2662,1
2662,2
2662,3
2662,4
2662,5
2662,6
2662,7
2662,8
2662,9
2662,10
2662,11
2662,12
2662,13
2662,14
2662,15
2664,0
2664,1
2664,2
2664,3
2664,4
2664,5
2664,6
2664,7
2664,8
2664,9
2664,10
2664,11
2664,12
2664,13
2664,14
2664,15
2666,0
2666,1
2666,2
2666,3
2666,4
2666,5
2666,6
2666,7
2666,8
2666,9
2666,10
2666,11
2666,12
2666,13
2666,14
2666,15
2668,0
2668,1
2668,2
2668,3
2668,4
2668,5
2668,6
2668,7
2668,8
2668,9
2668,10
2668,11
2668,12
2668,13
2668,14
2668,15
2670,0
2670,1
2670,2
2670,3
2670,4
2670,5
2670,6
2670,7
2670,8
2670,9
2670,10
2670,11
2670,12
2670,13
2670,14
2670,15
2672,0
2672,1
2672,2
2672,3
2672,4
2672,5
2672,6
2672,7
2672,8
2672,9
2672,10
2672,11
2672,12
2672,13
2672,14
2672,15
2674,0
2674,1
2674,2
2674,3
2674,4
2674,5
2674,6
2674,7
2674,8
2674,9
2674,10
2674,11
2674,12
2674,13
2674,14
2674,15
2676,0
2676,1
2676,2
2676,3
2676,4
2676,5
2676,6
2676,7
2676,8
2676,9
2676,10
2676,11
2676,12
2676,13
2676,14
2676,15
2678,0
2678,1
2678,2
2678,3
2678,4
2678,5
2678,6
2678,7
2678,8
2678,9
2678,10
2678,11
2678,12
2678,13
2678,14
2678,15
2680,0
2680,1
2680,2
2680,3
2680,4
2680,5
2680,6
2680,7
2680,8
2680,9
2680,10
2680,11
2680,12
2680,13
2680,14
2680,15
2682,0
2682,1
2682,2
2682,3
2682,4
2682,5
2682,6
2682,7
2682,8
2682,9
2682,10
2682,11
2682,12
2682,13
2682,14
2682,15
2684,0
2684,1
2684,2
2684,3
2684,4
2684,5
2684,6
2684,7
2684,8
2684,9
2684,10
2684,11
2684,12
2684,13
2684,14
2684,15
2686,0
2686,1
2686,2
2686,3
2686,4
2686,5
2686,6
2686,7
2686,8
2686,9
2686,10
2686,11
2686,12
2686,13
2686,14
2686,15
2688,0
2688,1
2688,2
2688,3
2688,4
2688,5
2688,6
2688,7
2688,8
2688,9
2688,10
2688,11
2688,12
2688,13
2688,14
2688,15
2690,0
2690,1
2690,2
2690,3
2690,4
2690,5
2690,6
2690,7
2690,8
2690,9
2690,10
2690,11
2690,12
2690,13
2690,14
2690,15
2692,0
2692,1
2692,2
2692,3
2692,4
2692,5
2692,6
2692,7
2692,8
2692,9
2692,10
2692,11
2692,12
2692,13
2692,14
2692,15
2694,0
2694,1
2694,2
2694,3
2694,4
2694,5
2694,6
2694,7
2694,8
2694,9
2694,10
2694,11
2694,12
2694,13
2694,14
2694,15
2696,0
2696,1
2696,2
2696,3
2696,4
2696,5
2696,6
2696,7
2696,8
2696,9
2696,10
2696,11
2696,12
2696,13
2696,14
2696,15
2698,0
2698,1
2698,2
2698,3
2698,4
2698,5
2698,6
2698,7
2698,8
2698,9
2698,10
2698,11
2698,12
2698,13
2698,14
2698,15
2700,0
2700,1
2700,2
2700,3
2700,4
2700,5
2700,6
2700,7
2700,8
2700,9
2700,10
2700,11
2700,12
2700,13
2700,14
2700,15
2702,0
2702,1
2702,2
2702,3
2702,4
2702,5
2702,6
2702,7
2702,8
2702,9
2702,10
2702,11
2702,12
2702,13
2702,14
2702,15
2704,0
2704,1
2704,2
2704,3
2704,4
2704,5
2704,6
2704,7
2704,8
2704,9
2704,10
2704,11
2704,12
2704,13
2704,14
2704,15
2706,0
2706,1
2706,2
2706,3
2706,4
2706,5
2706,6
2706,7
2706,8
2706,9
2706,10
2706,11
2706,12
2706,13
2706,14
2706,15
2708,0
2708,1
2708,2
2708,3
2708,4
2708,5
2708,6
2708,7
2708,8
2708,9
2708,10
2708,11
2708,12
2708,13
2708,14
2708,15
2710,0
2710,1
2710,2
2710,3
2710,4
2710,5
2710,6
2710,7
2710,8
2710,9
2710,10
2710,11
2710,12
2710,13
2710,14
2710,15
2712,0
2712,1
2712,2
2712,3
2712,4
2712,5
2712,6
2712,7
2712,8
2712,9
2712,10
2712,11
2712,12
2712,13
2712,14
2712,15
2714,0
2714,1
2714,2
2714,3
2714,4
2714,5
2714,6
2714,7
2714,8
2714,9
2714,10
2714,11
2714,12
2714,13
2714,14
2714,15
2716,0
2716,1
2716,2
2716,3
2716,4
2716,5
2716,6
2716,7
2716,8
2716,9
2716,10
2716,11
2716,12
2716,13
2716,14
2716,15
2718,0
2718,1
2718,2
2718,3
2718,4
2718,5
2718,6
2718,7
2718,8
2718,9
2718,10
2718,11
2718,12
2718,13
2718,14
2718,15
2720,0
2720,1
2720,2
2720,3
2720,4
2720,5
2720,6
2720,7
2720,8
2720,9
2720,10
2720,11
2720,12
2720,13
2720,14
2720,15
2722,0
2722,1
2722,2
2722,3
2722,4
2722,5
2722,6
2722,7
2722,8
2722,9
2722,10
2722,11
2722,12
2722,13
2722,14
2722,15
2724,0
2724,1
2724,2
2724,3
2724,4
2724,5
2724,6
2724,7
2724,8
2724,9
2724,10
2724,11
2724,12
2724,13
2724,14
2724,15
2726,0
2726,1
2726,2
2726,3
2726,4
2726,5
2726,6
2726,7
2726,8
2726,9
2726,10
2726,11
2726,12
2726,13
2726,14
2726,15
2728,0
2728,1
2728,2
2728,3
2728,4
2728,5
2728,6
2728,7
2728,8
2728,9
2728,10
2728,11
2728,12
2728,13
2728,14
2728,15
2730,0
2730,1
2730,2
2730,3
2730,4
2730,5
2730,6
2730,7
2730,8
2730,9
2730,10
2730,11
2730,12
2730,13
2730,14
2730,15
2732,0
2732,1
2732,2
2732,3
2732,4
2732,5
2732,6
2732,7
2732,8
2732,9
2732,10
2732,11
2732,12
2732,13
2732,14
2732,15
2734,0
2734,1
2734,2
2734,3
2734,4
2734,5
2734,6
2734,7
2734,8
2734,9
2734,10
2734,11
2734,12
2734,13
2734,14
2734,15
2736,0
2736,1
2736,2
2736,3
2736,4
2736,5
2736,6
2736,7
2736,8
2736,9
2736,10
2736,11
2736,12
2736,13
2736,14
2736,15
2738,0
2738,1
2738,2
2738,3
2738,4
2738,5
2738,6
2738,7
2738,8
2738,9
2738,10
2738,11
2738,12
2738,13
2738,14
2738,15
2740,0
2740,1
2740,2
2740,3
2740,4
2740,5
2740,6
2740,7
2740,8
2740,9
2740,10
2740,11
2740,12
2740,13
2740,14
2740,15
2742,0
2742,1
2742,2
2742,3
2742,4
2742,5
2742,6
2742,7
2742,8
2742,9
2742,10
2742,11
2742,12
2742,13
2742,14
2742,15
2744,0
2744,1
2744,2
2744,3
2744,4
2744,5
2744,6
2744,7
2744,8
2744,9
2744,10
2744,11
2744,12
2744,13
2744,14
2744,15
2746,0
2746,1
2746,2
2746,3
2746,4
2746,5
2746,6
2746,7
2746,8
2746,9
2746,10
2746,11
2746,12
2746,13
2746,14
2746,15
2748,0
2748,1
2748,2
2748,3
2748,4
2748,5
2748,6
2748,7
2748,8
2748,9
2748,10
2748,11
2748,12
2748,13
2748,14
2748,15
2750,0
2750,1
2750,2
2750,3
2750,4
2750,5
2750,6
2750,7
2750,8
2750,9
2750,10
2750,11
2750,12
2750,13
2750,14
2750,15
2752,0
2752,1
2752,2
2752,3
2752,4
2752,5
2752,6
2752,7
2752,8
2752,9
2752,10
2752,11
2752,12
2752,13
2752,14
2752,15
2754,0
2754,1
2754,2
2754,3
2754,4
2754,5
2754,6
2754,7
2754,8
2754,9
2754,10
2754,11
2754,12
2754,13
2754,14
2754,15
2756,0
2756,1
2756,2
2756,3
2756,4
2756,5
2756,6
2756,7
2756,8
2756,9
2756,10
2756,11
2756,12
2756,13
2756,14
2756,15
2758,0
2758,1
2758,2
2758,3
2758,4
2758,5
2758,6
2758,7
2758,8
2758,9
2758,10
2758,11
2758,12
2758,13
2758,14
2758,15
2760,0
2760,1
2760,2
2760,3
2760,4
2760,5
2760,6
2760,7
2760,8
2760,9
2760,10
2760,11
2760,12
2760,13
2760,14
2760,15
2762,0
2762,1
2762,2
2762,3
2762,4
2762,5
2762,6
2762,7
2762,8
2762,9
2762,10
2762,11
2762,12
2762,13
2762,14
2762,15
2764,0
2764,1
2764,2
2764,3
2764,4
2764,5
2764,6
2764,7
2764,8
2764,9
2764,10
2764,11
2764,12
2764,13
2764,14
2764,15
2766,0
2766,1
2766,2
2766,3
2766,4
2766,5
2766,6
2766,7
2766,8
2766,9
2766,10
2766,11
2766,12
2766,13
2766,14
2766,15
2768,0
2768,1
2768,2
2768,3
2768,4
2768,5
2768,6
2768,7
2768,8
2768,9
2768,10
2768,11
2768,12
2768,13
2768,14
2768,15
2770,0
2770,1
2770,2
2770,3
2770,4
2770,5
2770,6
2770,7
2770,8
2770,9
2770,10
2770,11
2770,12
2770,13
2770,14
2770,15
2772,0
2772,1
2772,2
2772,3
2772,4
2772,5
2772,6
2772,7
2772,8
2772,9
2772,10
2772,11
2772,12
2772,13
2772,14
2772,15
2774,0
2774,1
2774,2
2774,3
2774,4
2774,5
2774,6
2774,7
2774,8
2774,9
2774,10
2774,11
2774,12
2774,13
2774,14
2774,15
2776,0
2776,1
2776,2
2776,3
2776,4
2776,5
2776,6
2776,7
2776,8
2776,9
2776,10
2776,11
2776,12
2776,13
2776,14
2776,15
2778,0
2778,1
2778,2
2778,3
2778,4
2778,5
2778,6
2778,7
2778,8
2778,9
2778,10
2778,11
2778,12
2778,13
2778,14
2778,15
2780,0
2780,1
2780,2
2780,3
2780,4
2780,5
2780,6
2780,7
2780,8
2780,9
2780,10
2780,11
2780,12
2780,13
2780,14
2780,15
2782,0
2782,1
2782,2
2782,3
2782,4
2782,5
2782,6
2782,7
2782,8
2782,9
2782,10
2782,11
2782,12
2782,13
2782,14
2782,15
2784,0
2784,1
2784,2
2784,3
2784,4
2784,5
2784,6
2784,7
2784,8
2784,9
2784,10
2784,11
2784,12
2784,13
2784,14
2784,15
2786,0
2786,1
2786,2
2786,3
2786,4
2786,5
2786,6
2786,7
2786,8
2786,9
2786,10
2786,11
2786,12
2786,13
2786,14
2786,15
2788,0
2788,1
2788,2
2788,3
2788,4
2788,5
2788,6
2788,7
2788,8
2788,9
2788,10
2788,11
2788,12
2788,13
2788,14
2788,15
2790,0
2790,1
2790,2
2790,3
2790,4
2790,5
2790,6
2790,7
2790,8
2790,9
2790,10
2790,11
2790,12
2790,13
2790,14
2790,15
2792,0
2792,1
2792,2
2792,3
2792,4
2792,5
2792,6
2792,7
2792,8
2792,9
2792,10
2792,11
2792,12
2792,13
2792,14
2792,15
2794,0
2794,1
2794,2
2794,3
2794,4
2794,5
2794,6
2794,7
2794,8
2794,9
2794,10
2794,11
2794,12
2794,13
2794,14
2794,15
2796,0
2796,1
2796,2
2796,3
2796,4
2796,5
2796,6
2796,7
2796,8
2796,9
2796,10
2796,11
2796,12
2796,13
2796,14
2796,15
2798,0
2798,1
2798,2
2798,3
2798,4
2798,5
2798,6
2798,7
2798,8
2798,9
2798,10
2798,11
2798,12
2798,13
2798,14
2798,15
2800,0
2800,1
2800,2
2800,3
2800,4
2800,5
2800,6
2800,7
2800,8
2800,9
2800,10
2800,11
2800,12
2800,13
2800,14
2800,15
2802,0
2802,1
2802,2
2802,3
2802,4
2802,5
2802,6
2802,7
2802,8
2802,9
2802,10
2802,11
2802,12
2802,13
2802,14
2802,15
2804,0
2804,1
2804,2
2804,3
2804,4
2804,5
2804,6
2804,7
2804,8
2804,9
2804,10
2804,11
2804,12
2804,13
2804,14
2804,15
2806,0
2806,1
2806,2
2806,3
2806,4
2806,5
2806,6
2806,7
2806,8
2806,9
2806,10
2806,11
2806,12
2806,13
2806,14
2806,15
2808,0
2808,1
2808,2
2808,3
2808,4
2808,5
2808,6
2808,7
2808,8
2808,9
2808,10
2808,11
2808,12
2808,13
2808,14
2808,15
2810,0
2810,1
2810,2
2810,3
2810,4
2810,5
2810,6
2810,7
2810,8
2810,9
2810,10
2810,11
2810,12
2810,13
2810,14
2810,15
2812,0
2812,1
2812,2
2812,3
2812,4
2812,5
2812,6
2812,7
2812,8
2812,9
2812,10
2812,11
2812,12
2812,13
2812,14
2812,15
2814,0
2814,1
2814,2
2814,3
2814,4
2814,5
2814,6
2814,7
2814,8
2814,9
2814,10
2814,11
2814,12
2814,13
2814,14
2814,15
2816,0
2816,1
2816,2
2816,3
2816,4
2816,5
2816,6
2816,7
2816,8
2816,9
2816,10
2816,11
2816,12
2816,13
2816,14
2816,15
2818,0
2818,1
2818,2
2818,3
2818,4
2818,5
2818,6
2818,7
2818,8
2818,9
2818,10
2818,11
2818,12
2818,13
2818,14
2818,15
2820,0
2820,1
2820,2
2820,3
2820,4
2820,5
2820,6
2820,7
2820,8
2820,9
2820,10
2820,11
2820,12
2820,13
2820,14
2820,15
2822,0
2822,1
2822,2
2822,3
2822,4
2822,5
2822,6
2822,7
2822,8
2822,9
2822,10
2822,11
2822,12
2822,13
2822,14
2822,15
2824,0
2824,1
2824,2
2824,3
2824,4
2824,5
2824,6
2824,7
2824,8
2824,9
2824,10
2824,11
2824,12
2824,13
2824,14
2824,15
2826,0
2826,1
2826,2
2826,3
2826,4
2826,5
2826,6
2826,7
2826,8
2826,9
2826,10
2826,11
2826,12
2826,13
2826,14
2826,15
2828,0
2828,1
2828,2
2828,3
2828,4
2828,5
2828,6
2828,7
2828,8
2828,9
2828,10
2828,11
2828,12
2828,13
2828,14
2828,15
2830,0
2830,1
2830,2
2830,3
2830,4
2830,5
2830,6
2830,7
2830,8
2830,9
2830,10
2830,11
2830,12
2830,13
2830,14
2830,15
2832,0
2832,1
2832,2
2832,3
2832,4
2832,5
2832,6
2832,7
2832,8
2832,9
2832,10
2832,11
2832,12
2832,13
2832,14
2832,15
2834,0
2834,1
2834,2
2834,3
2834,4
2834,5
2834,6
2834,7
2834,8
2834,9
2834,10
2834,11
2834,12
2834,13
2834,14
2834,15
2836,0
2836,1
2836,2
2836,3
2836,4
2836,5
2836,6
2836,7
2836,8
2836,9
2836,10
2836,11
2836,12
2836,13
2836,14
2836,15
2838,0
2838,1
2838,2
2838,3
2838,4
2838,5
2838,6
2838,7
2838,8
2838,9
2838,10
2838,11
2838,12
2838,13
2838,14
2838,15
2840,0
2840,1
2840,2
2840,3
2840,4
2840,5
2840,6
2840,7
2840,8
2840,9
2840,10
2840,11
2840,12
2840,13
2840,14
2840,15
2842,0
2842,1
2842,2
2842,3
2842,4
2842,5
2842,6
2842,7
2842,8
2842,9
2842,10
2842,11
2842,12
2842,13
2842,14
2842,15
2844,0
2844,1
2844,2
2844,3
2844,4
2844,5
2844,6
2844,7
2844,8
2844,9
2844,10
2844,11
2844,12
2844,13
2844,14
2844,15
2846,0
2846,1
2846,2
2846,3
2846,4
2846,5
2846,6
2846,7
2846,8
2846,9
2846,10
2846,11
2846,12
2846,13
2846,14
2846,15
2848,0
2848,1
2848,2
2848,3
2848,4
2848,5
2848,6
2848,7
2848,8
2848,9
2848,10
2848,11
2848,12
2848,13
2848,14
2848,15
2850,0
2850,1
2850,2
2850,3
2850,4
2850,5
2850,6
2850,7
2850,8
2850,9
2850,10
2850,11
2850,12
2850,13
2850,14
2850,15
2852,0
2852,1
2852,2
2852,3
2852,4
2852,5
2852,6
2852,7
2852,8
2852,9
2852,10
2852,11
2852,12
2852,13
2852,14
2852,15
2854,0
2854,1
2854,2
2854,3
2854,4
2854,5
2854,6
2854,7
2854,8
2854,9
2854,10
2854,11
2854,12
2854,13
2854,14
2854,15
2856,0
2856,1
2856,2
2856,3
2856,4
2856,5
2856,6
2856,7
2856,8
2856,9
2856,10
2856,11
2856,12
2856,13
2856,14
2856,15
2858,0
2858,1
2858,2
2858,3
2858,4
2858,5
2858,6
2858,7
2858,8
2858,9
2858,10
2858,11
2858,12
2858,13
2858,14
2858,15
2860,0
2860,1
2860,2
2860,3
2860,4
2860,5
2860,6
2860,7
2860,8
2860,9
2860,10
2860,11
2860,12
2860,13
2860,14
2860,15
2862,0
2862,1
2862,2
2862,3
2862,4
2862,5
2862,6
2862,7
2862,8
2862,9
2862,10
2862,11
2862,12
2862,13
2862,14
2862,15
2864,0
2864,1
2864,2
2864,3
2864,4
2864,5
2864,6
2864,7
2864,8
2864,9
2864,10
2864,11
2864,12
2864,13
2864,14
2864,15
2866,0
2866,1
2866,2
2866,3
2866,4
2866,5
2866,6
2866,7
2866,8
2866,9
2866,10
2866,11
2866,12
2866,13
2866,14
2866,15
2868,0
2868,1
2868,2
2868,3
2868,4
2868,5
2868,6
2868,7
2868,8
2868,9
2868,10
2868,11
2868,12
2868,13
2868,14
2868,15
2870,0
2870,1
2870,2
2870,3
2870,4
2870,5
2870,6
2870,7
2870,8
2870,9
2870,10
2870,11
2870,12
2870,13
2870,14
2870,15
2872,0
2872,1
2872,2
2872,3
2872,4
2872,5
2872,6
2872,7
2872,8
2872,9
2872,10
2872,11
2872,12
2872,13
2872,14
2872,15
2874,0
2874,1
2874,2
2874,3
2874,4
2874,5
2874,6
2874,7
2874,8
2874,9
2874,10
2874,11
2874,12
2874,13
2874,14
2874,15
2876,0
2876,1
2876,2
2876,3
2876,4
2876,5
2876,6
2876,7
2876,8
2876,9
2876,10
2876,11
2876,12
2876,13
2876,14
2876,15
2878,0
2878,1
2878,2
2878,3
2878,4
2878,5
2878,6
2878,7
2878,8
2878,9
2878,10
2878,11
2878,12
2878,13
2878,14
2878,15
2880,0
2880,1
2880,2
2880,3
2880,4
2880,5
2880,6
2880,7
2880,8
2880,9
2880,10
2880,11
2880,12
2880,13
2880,14
2880,15
2882,0
2882,1
2882,2
2882,3
2882,4
2882,5
2882,6
2882,7
2882,8
2882,9
2882,10
2882,11
2882,12
2882,13
2882,14
2882,15
2884,0
2884,1
2884,2
2884,3
2884,4
2884,5
2884,6
2884,7
2884,8
2884,9
2884,10
2884,11
2884,12
2884,13
2884,14
2884,15
2886,0
2886,1
2886,2
2886,3
2886,4
2886,5
2886,6
2886,7
2886,8
2886,9
2886,10
2886,11
2886,12
2886,13
2886,14
2886,15
2888,0
2888,1
2888,2
2888,3
2888,4
2888,5
2888,6
2888,7
2888,8
2888,9
2888,10
2888,11
2888,12
2888,13
2888,14
2888,15
2890,0
2890,1
2890,2
2890,3
2890,4
2890,5
2890,6
2890,7
2890,8
2890,9
2890,10
2890,11
2890,12
2890,13
2890,14
2890,15
2892,0
2892,1
2892,2
2892,3
2892,4
2892,5
2892,6
2892,7
2892,8
2892,9
2892,10
2892,11
2892,12
2892,13
2892,14
2892,15
2894,0
2894,1
2894,2
2894,3
2894,4
2894,5
2894,6
2894,7
2894,8
2894,9
2894,10
2894,11
2894,12
2894,13
2894,14
2894,15
2896,0
2896,1
2896,2
2896,3
2896,4
2896,5
2896,6
2896,7
2896,8
2896,9
2896,10
2896,11
2896,12
2896,13
2896,14
2896,15
2898,0
2898,1
2898,2
2898,3
2898,4
2898,5
2898,6
2898,7
2898,8
2898,9
2898,10
2898,11
2898,12
2898,13
2898,14
2898,15
2900,0
2900,1
2900,2
2900,3
2900,4
2900,5
2900,6
2900,7
2900,8
2900,9
2900,10
2900,11
2900,12
2900,13
2900,14
2900,15
2902,0
2902,1
2902,2
2902,3
2902,4
2902,5
2902,6
2902,7
2902,8
2902,9
2902,10
2902,11
2902,12
2902,13
2902,14
2902,15
2904,0
2904,1
2904,2
2904,3
2904,4
2904,5
2904,6
2904,7
2904,8
2904,9
2904,10
2904,11
2904,12
2904,13
2904,14
2904,15
2906,0
2906,1
2906,2
2906,3
2906,4
2906,5
2906,6
2906,7
2906,8
2906,9
2906,10
2906,11
2906,12
2906,13
2906,14
2906,15
2908,0
2908,1
2908,2
2908,3
2908,4
2908,5
2908,6
2908,7
2908,8
2908,9
2908,10
2908,11
2908,12
2908,13
2908,14
2908,15
2910,0
2910,1
2910,2
2910,3
2910,4
2910,5
2910,6
2910,7
2910,8
2910,9
2910,10
2910,11
2910,12
2910,13
2910,14
2910,15
2912,0
2912,1
2912,2
2912,3
2912,4
2912,5
2912,6
2912,7
2912,8
2912,9
2912,10
2912,11
2912,12
2912,13
2912,14
2912,15
2914,0
2914,1
2914,2
2914,3
2914,4
2914,5
2914,6
2914,7
2914,8
2914,9
2914,10
2914,11
2914,12
2914,13
2914,14
2914,15
2916,0
2916,1
2916,2
2916,3
2916,4
2916,5
2916,6
2916,7
2916,8
2916,9
2916,10
2916,11
2916,12
2916,13
2916,14
2916,15
2918,0
2918,1
2918,2
2918,3
2918,4
2918,5
2918,6
2918,7
2918,8
2918,9
2918,10
2918,11
2918,12
2918,13
2918,14
2918,15
2920,0
2920,1
2920,2
2920,3
2920,4
2920,5
2920,6
2920,7
2920,8
2920,9
2920,10
2920,11
2920,12
2920,13
2920,14
2920,15
2922,0
2922,1
2922,2
2922,3
2922,4
2922,5
2922,6
2922,7
2922,8
2922,9
2922,10
2922,11
2922,12
2922,13
2922,14
2922,15
2924,0
2924,1
2924,2
2924,3
2924,4
2924,5
2924,6
2924,7
2924,8
2924,9
2924,10
2924,11
2924,12
2924,13
2924,14
2924,15
2926,0
2926,1
2926,2
2926,3
2926,4
2926,5
2926,6
2926,7
2926,8
2926,9
2926,10
2926,11
2926,12
2926,13
2926,14
2926,15
2928,0
2928,1
2928,2
2928,3
2928,4
2928,5
2928,6
2928,7
2928,8
2928,9
2928,10
2928,11
2928,12
2928,13
2928,14
2928,15
2930,0
2930,1
2930,2
2930,3
2930,4
2930,5
2930,6
2930,7
2930,8
2930,9
2930,10
2930,11
2930,12
2930,13
2930,14
2930,15
2932,0
2932,1
2932,2
2932,3
2932,4
2932,5
2932,6
2932,7
2932,8
2932,9
2932,10
2932,11
2932,12
2932,13
2932,14
2932,15
2934,0
2934,1
2934,2
2934,3
2934,4
2934,5
2934,6
2934,7
2934,8
2934,9
2934,10
2934,11
2934,12
2934,13
2934,14
2934,15
2936,0
2936,1
2936,2
2936,3
2936,4
2936,5
2936,6
2936,7
2936,8
2936,9
2936,10
2936,11
2936,12
2936,13
2936,14
2936,15
2938,0
2938,1
2938,2
2938,3
2938,4
2938,5
2938,6
2938,7
2938,8
2938,9
2938,10
2938,11
2938,12
2938,13
2938,14
2938,15
2940,0
2940,1
2940,2
2940,3
2940,4
2940,5
2940,6
2940,7
2940,8
2940,9
2940,10
2940,11
2940,12
2940,13
2940,14
2940,15
2942,0
2942,1
2942,2
2942,3
2942,4
2942,5
2942,6
2942,7
2942,8
2942,9
2942,10
2942,11
2942,12
2942,13
2942,14
2942,15
2944,0
2944,1
2944,2
2944,3
2944,4
2944,5
2944,6
2944,7
2944,8
2944,9
2944,10
2944,11
2944,12
2944,13
2944,14
2944,15
2946,0
2946,1
2946,2
2946,3
2946,4
2946,5
2946,6
2946,7
2946,8
2946,9
2946,10
2946,11
2946,12
2946,13
2946,14
2946,15
2948,0
2948,1
2948,2
2948,3
2948,4
2948,5
2948,6
2948,7
2948,8
2948,9
2948,10
2948,11
2948,12
2948,13
2948,14
2948,15
2950,0
2950,1
2950,2
2950,3
2950,4
2950,5
2950,6
2950,7
2950,8
2950,9
2950,10
2950,11
2950,12
2950,13
2950,14
2950,15
2952,0
2952,1
2952,2
2952,3
2952,4
2952,5
2952,6
2952,7
2952,8
2952,9
2952,10
2952,11
2952,12
2952,13
2952,14
2952,15
2954,0
2954,1
2954,2
2954,3
2954,4
2954,5
2954,6
2954,7
2954,8
2954,9
2954,10
2954,11
2954,12
2954,13
2954,14
2954,15
2956,0
2956,1
2956,2
2956,3
2956,4
2956,5
2956,6
2956,7
2956,8
2956,9
2956,10
2956,11
2956,12
2956,13
2956,14
2956,15
2958,0
2958,1
2958,2
2958,3
2958,4
2958,5
2958,6
2958,7
2958,8
2958,9
2958,10
2958,11
2958,12
2958,13
2958,14
2958,15
2960,0
2960,1
2960,2
2960,3
2960,4
2960,5
2960,6
2960,7
2960,8
2960,9
2960,10
2960,11
2960,12
2960,13
2960,14
2960,15
2962,0
2962,1
2962,2
2962,3
2962,4
2962,5
2962,6
2962,7
2962,8
2962,9
2962,10
2962,11
2962,12
2962,13
2962,14
2962,15
2964,0
2964,1
2964,2
2964,3
2964,4
2964,5
2964,6
2964,7
2964,8
2964,9
2964,10
2964,11
2964,12
2964,13
2964,14
2964,15
2966,0
2966,1
2966,2
2966,3
2966,4
2966,5
2966,6
2966,7
2966,8
2966,9
2966,10
2966,11
2966,12
2966,13
2966,14
2966,15
2968,0
2968,1
2968,2
2968,3
2968,4
2968,5
2968,6
2968,7
2968,8
2968,9
2968,10
2968,11
2968,12
2968,13
2968,14
2968,15
2970,0
2970,1
2970,2
2970,3
2970,4
2970,5
2970,6
2970,7
2970,8
2970,9
2970,10
2970,11
2970,12
2970,13
2970,14
2970,15
2972,0
2972,1
2972,2
2972,3
2972,4
2972,5
2972,6
2972,7
2972,8
2972,9
2972,10
2972,11
2972,12
2972,13
2972,14
2972,15
2974,0
2974,1
2974,2
2974,3
2974,4
2974,5
2974,6
2974,7
2974,8
2974,9
2974,10
2974,11
2974,12
2974,13
2974,14
2974,15
2976,0
2976,1
2976,2
2976,3
2976,4
2976,5
2976,6
2976,7
2976,8
2976,9
2976,10
2976,11
2976,12
2976,13
2976,14
2976,15
2978,0
2978,1
2978,2
2978,3
2978,4
2978,5
2978,6
2978,7
2978,8
2978,9
2978,10
2978,11
2978,12
2978,13
2978,14
2978,15
2980,0
2980,1
2980,2
2980,3
2980,4
2980,5
2980,6
2980,7
2980,8
2980,9
2980,10
2980,11
2980,12
2980,13
2980,14
2980,15
2982,0
2982,1
2982,2
2982,3
2982,4
2982,5
2982,6
2982,7
2982,8
2982,9
2982,10
2982,11
2982,12
2982,13
2982,14
2982,15
2984,0
2984,1
2984,2
2984,3
2984,4
2984,5
2984,6
2984,7
2984,8
2984,9
2984,10
2984,11
2984,12
2984,13
2984,14
2984,15
2986,0
2986,1
2986,2
2986,3
2986,4
2986,5
2986,6
2986,7
2986,8
2986,9
2986,10
2986,11
2986,12
2986,13
2986,14
2986,15
2988,0
2988,1
2988,2
2988,3
2988,4
2988,5
2988,6
2988,7
2988,8
2988,9
2988,10
2988,11
2988,12
2988,13
2988,14
2988,15
2990,0
2990,1
2990,2
2990,3
2990,4
2990,5
2990,6
2990,7
2990,8
2990,9
2990,10
2990,11
2990,12
2990,13
2990,14
2990,15
2992,0
2992,1
2992,2
2992,3
2992,4
2992,5
2992,6
2992,7
2992,8
2992,9
2992,10
2992,11
2992,12
2992,13
2992,14
2992,15
2994,0
2994,1
2994,2
2994,3
2994,4
2994,5
2994,6
2994,7
2994,8
2994,9
2994,10
2994,11
2994,12
2994,13
2994,14
2994,15
2996,0
2996,1
2996,2
2996,3
2996,4
2996,5
2996,6
2996,7
2996,8
2996,9
2996,10
2996,11
2996,12
2996,13
2996,14
2996,15
2998,0
2998,1
2998,2
2998,3
2998,4
2998,5
2998,6
2998,7
2998,8
2998,9
2998,10
2998,11
2998,12
2998,13
2998,14
2998,15
