arrival_cycle,source_index
0,0
0,3
0,4
0,5
0,12
0,13
0,15
1,5
1,8
1,10
1,12
1,14
1,15
2,0
2,3
2,6
2,9
2,11
3,0
3,2
3,4
3,7
3,8
3,12
3,13
4,0
4,1
4,10
4,11
4,12
5,2
5,4
5,9
6,1
6,5
6,7
6,13
6,15
7,0
7,7
7,8
7,10
7,11
7,13
8,0
8,7
8,12
9,0
9,4
9,6
9,11
10,2
10,10
10,11
10,13
11,0
11,1
11,3
11,4
11,6
11,7
11,8
11,10
11,13
11,14
11,15
12,0
12,2
12,4
12,5
12,6
12,7
12,8
12,10
12,12
12,15
13,5
13,6
13,7
13,11
13,12
13,13
13,14
14,1
14,4
14,5
14,6
14,8
14,9
14,11
15,2
15,7
15,10
16,2
16,4
16,5
16,6
16,7
16,8
16,9
16,10
16,11
16,12
16,14
17,1
17,2
17,3
17,5
17,7
17,10
17,15
18,1
18,3
18,4
18,9
18,11
18,14
19,1
19,5
19,6
19,7
19,8
19,11
19,14
19,15
20,1
20,10
20,11
20,13
20,14
20,15
21,0
21,1
21,3
21,4
21,9
21,13
21,14
21,15
22,4
22,8
22,10
22,12
22,14
22,15
23,1
23,5
23,8
23,10
23,11
23,13
24,0
24,2
24,3
24,4
24,5
24,6
24,9
24,10
24,12
24,13
24,14
24,15
25,2
25,3
25,5
25,7
25,8
25,10
25,14
26,0
26,4
26,5
26,8
26,9
26,10
26,11
27,3
27,4
27,8
27,9
27,10
28,2
28,3
28,5
28,6
28,7
28,8
28,10
28,11
28,12
28,15
29,4
29,6
29,7
29,9
29,12
29,13
29,15
30,4
30,5
30,6
30,7
30,8
30,10
30,11
30,13
30,15
31,0
31,2
31,3
31,8
31,9
31,13
32,0
32,1
32,3
32,4
32,6
32,7
32,11
32,12
32,13
32,14
33,1
33,9
33,10
33,11
33,14
33,15
34,2
34,3
34,5
34,10
34,15
35,2
35,3
35,5
35,9
35,10
35,14
36,0
36,1
36,2
36,3
36,7
36,9
36,10
36,12
36,13
37,6
37,7
37,12
38,4
38,6
38,7
38,8
38,13
39,0
39,1
39,2
39,4
39,7
39,13
39,14
40,3
40,4
40,5
40,7
40,11
41,4
41,7
41,9
41,10
41,12
41,13
41,15
42,0
42,6
42,8
42,12
42,15
43,2
43,3
43,8
43,10
43,11
43,12
44,0
44,1
44,5
44,6
44,9
44,10
44,11
44,12
44,13
44,14
45,0
45,1
45,2
45,5
45,8
45,13
45,15
46,2
46,3
46,4
46,5
46,6
46,9
46,11
47,0
47,1
47,5
47,13
47,14
48,3
48,11
48,15
49,1
49,2
49,9
50,0
50,2
50,7
50,10
51,6
51,9
51,12
51,14
52,2
52,6
52,7
52,9
52,12
52,14
53,3
53,4
53,6
53,8
53,11
53,12
53,14
54,2
54,4
54,7
54,8
54,11
54,13
55,1
55,3
55,4
55,6
55,7
55,9
55,10
55,11
56,4
56,5
56,6
56,11
56,15
57,3
57,5
57,9
57,10
57,13
57,15
58,5
58,6
58,7
58,8
58,11
59,0
59,2
59,5
59,6
59,8
59,12
59,15
60,0
60,2
60,5
60,6
60,7
60,8
60,12
60,13
60,14
60,15
61,1
61,3
61,5
61,14
61,15
62,2
62,3
62,4
62,6
62,11
62,12
62,13
62,14
63,3
63,6
63,10
63,11
63,12
63,13
63,14
63,15
64,4
64,5
64,7
64,10
64,11
64,12
64,14
65,1
65,4
65,5
65,6
65,9
65,10
65,11
65,13
65,15
66,0
66,1
66,3
66,5
66,6
66,7
66,10
66,12
66,14
67,4
67,5
67,8
67,9
67,10
67,13
68,5
68,10
68,15
69,1
69,6
69,7
69,8
69,9
69,10
69,11
69,12
69,14
69,15
70,1
70,6
70,8
70,9
70,11
70,14
71,3
71,6
71,7
71,8
71,10
71,11
71,12
71,14
72,0
72,3
72,4
72,6
72,8
72,9
72,11
72,14
73,5
73,6
74,0
74,1
74,3
74,4
74,9
74,12
74,14
74,15
75,0
75,5
75,8
75,14
76,0
76,1
76,7
76,9
76,15
77,1
77,2
77,3
77,7
77,8
78,1
78,7
78,8
78,9
78,10
78,12
78,14
78,15
79,0
79,5
79,6
79,9
79,11
79,12
79,13
79,14
80,3
80,4
80,5
80,7
80,10
80,15
81,0
81,1
81,4
81,10
81,13
81,14
82,0
82,1
82,8
82,15
83,2
83,3
83,4
83,8
83,10
83,11
84,4
84,13
84,15
85,0
85,4
85,7
85,8
85,10
85,15
86,3
86,7
86,8
86,9
86,10
86,12
86,14
87,7
87,10
87,12
87,13
87,14
87,15
88,1
88,3
88,5
88,7
88,11
89,0
89,6
89,7
89,8
89,9
89,10
89,11
89,13
89,14
89,15
90,0
90,3
90,7
90,8
90,9
90,12
90,14
91,2
91,4
91,11
91,12
91,14
91,15
92,2
92,3
92,6
92,8
92,11
93,0
93,3
93,4
93,8
93,9
93,11
93,15
94,3
94,8
94,9
94,15
95,0
95,4
95,6
95,7
95,9
95,10
95,12
95,14
95,15
96,0
96,1
96,6
96,10
96,12
96,13
97,0
97,1
97,3
97,8
97,10
97,13
98,3
98,4
98,9
98,12
99,2
99,3
99,4
99,6
99,7
99,8
99,12
99,14
100,0
100,1
100,3
100,7
100,10
100,12
100,13
100,15
101,0
101,2
101,3
101,7
101,12
101,13
102,0
102,1
102,2
102,4
102,7
102,9
102,10
102,12
102,13
102,15
103,0
103,2
103,4
103,5
103,6
103,12
103,13
104,0
104,1
104,4
104,8
104,10
104,12
105,7
105,8
105,10
105,12
105,13
106,0
106,1
106,2
106,3
106,5
106,7
106,8
106,10
106,12
106,14
107,1
107,4
107,14
108,0
108,3
108,4
108,5
108,7
108,9
108,14
108,15
109,0
109,4
109,6
109,7
109,8
109,13
109,15
110,1
110,5
110,7
110,13
111,3
111,4
111,7
111,11
111,12
111,13
111,15
112,5
112,11
112,13
112,14
113,1
113,2
113,4
113,10
113,14
114,4
114,9
114,13
114,14
115,1
115,3
115,11
115,13
115,15
116,2
116,5
116,6
116,7
116,11
117,6
117,11
117,14
117,15
118,0
118,1
118,4
118,5
118,7
118,8
118,14
118,15
119,0
119,2
119,3
119,4
119,10
119,14
120,0
120,2
120,4
120,7
120,8
120,12
120,13
121,0
121,2
121,4
121,5
121,8
121,15
122,0
122,4
122,7
122,9
122,11
122,14
123,0
123,2
123,3
123,4
123,6
123,9
123,11
124,6
124,11
124,13
124,15
125,0
125,2
125,3
125,7
125,11
125,12
125,13
125,14
126,1
126,4
126,5
126,6
126,7
126,8
126,9
126,10
126,14
127,2
127,4
127,9
127,10
127,12
127,13
127,15
128,0
128,6
128,9
128,13
128,14
129,0
129,1
129,2
129,8
129,9
129,10
129,12
130,0
130,1
130,3
130,4
130,7
130,8
130,11
131,0
131,2
131,3
131,5
131,6
131,8
131,9
131,13
131,15
132,3
132,5
132,9
132,12
132,14
133,0
133,1
133,9
133,10
133,11
133,13
134,2
134,4
134,9
134,11
134,13
134,14
135,0
135,3
135,5
135,10
135,11
135,12
135,15
136,2
136,3
136,6
136,11
136,12
137,2
137,4
137,6
137,8
137,9
137,10
137,12
137,15
138,2
138,7
138,9
138,12
138,15
139,1
139,5
139,9
139,10
140,1
140,4
140,5
140,8
140,9
140,15
141,3
141,6
141,12
141,13
142,0
142,1
142,3
142,5
142,12
142,15
143,1
143,4
143,5
143,9
143,12
143,13
143,15
144,0
144,2
144,3
144,4
144,8
144,9
144,10
144,11
144,12
144,15
145,2
145,3
145,5
145,9
145,11
145,12
146,0
146,1
146,5
146,7
146,15
147,0
147,1
147,2
147,4
147,7
147,9
147,11
147,12
148,3
148,5
148,6
148,8
148,9
148,10
148,12
148,13
148,14
149,0
149,2
149,3
149,5
149,6
149,8
149,9
150,0
150,1
150,3
150,4
150,7
150,13
150,15
151,0
151,11
151,14
153,0
153,1
153,4
153,10
153,11
153,12
153,13
154,0
154,4
154,7
154,13
155,0
155,2
155,4
155,5
155,9
155,10
155,12
155,15
156,1
156,2
156,4
156,6
156,9
156,10
156,13
157,1
157,2
157,6
157,15
158,0
158,5
158,6
158,8
158,10
158,12
158,14
158,15
159,3
159,5
159,7
159,11
159,15
160,2
160,4
160,5
160,14
161,1
161,4
161,6
161,7
161,9
161,12
161,14
162,3
162,6
162,7
162,8
162,13
162,14
162,15
163,0
163,1
163,2
163,3
163,5
163,9
163,10
163,11
163,12
163,13
164,1
164,3
164,5
164,7
164,8
164,9
164,13
164,14
164,15
165,0
165,2
165,3
165,7
165,11
165,12
165,14
166,1
166,3
166,4
166,5
166,6
166,7
166,8
166,9
166,12
166,13
166,15
167,0
167,1
167,3
167,5
167,7
167,9
167,10
167,12
167,13
167,14
167,15
168,0
168,3
168,4
168,6
168,7
168,9
168,12
168,14
169,0
169,2
169,13
169,15
170,2
170,5
170,6
170,7
170,10
170,12
171,8
171,10
171,11
171,12
171,13
171,15
172,3
172,4
172,8
172,9
172,10
172,11
172,13
172,14
173,2
173,3
173,5
173,6
173,8
173,12
173,13
174,0
174,2
174,5
174,6
174,8
175,5
175,6
175,8
175,9
175,12
175,13
175,14
175,15
176,3
176,6
176,7
176,8
176,11
176,12
176,13
176,14
176,15
177,2
177,3
177,4
177,5
177,6
177,7
178,3
178,6
178,8
178,9
178,10
178,11
178,13
178,14
179,0
179,1
179,2
179,5
179,6
179,8
179,10
179,13
179,14
180,2
180,5
180,10
180,11
180,15
181,0
181,5
181,7
181,14
182,2
182,6
182,7
182,8
182,12
182,13
182,15
183,1
183,2
183,3
183,6
183,7
183,8
183,10
183,11
183,12
184,0
184,1
184,9
184,11
184,13
184,15
185,1
185,8
185,11
185,14
185,15
186,2
186,3
186,5
186,6
186,15
187,4
187,11
187,15
188,4
188,9
188,10
188,14
188,15
189,0
189,2
189,6
189,10
189,12
189,14
190,1
190,3
190,6
190,8
190,9
190,10
190,12
190,13
191,1
191,2
191,10
191,11
191,15
192,1
192,2
192,4
192,6
192,8
192,15
193,6
193,7
193,8
193,10
193,11
193,14
194,1
194,6
194,8
194,13
195,1
195,3
195,4
195,6
195,8
195,10
195,12
196,2
196,4
196,7
196,12
196,13
197,5
197,7
197,9
197,11
197,12
197,13
198,0
198,1
198,3
198,5
198,7
198,11
198,13
199,2
199,5
199,11
199,12
199,13
199,15
200,1
200,3
200,5
201,9
201,10
201,11
201,13
201,15
202,0
202,5
202,8
203,0
203,1
203,2
203,9
203,10
204,1
204,2
204,3
204,7
204,9
204,10
204,12
204,14
205,0
205,1
205,4
205,7
205,15
206,0
206,1
206,2
206,3
206,5
206,6
206,7
206,11
206,13
207,5
207,6
207,9
207,10
207,11
208,0
208,2
208,3
208,7
208,8
208,11
208,12
208,15
209,2
209,5
209,7
209,8
209,10
209,13
209,14
209,15
210,1
210,2
210,3
210,5
210,8
211,1
211,2
211,13
211,14
211,15
212,0
212,1
212,2
212,3
212,4
212,11
212,12
212,13
212,15
213,0
213,2
213,4
213,5
213,15
214,2
214,7
214,9
214,10
214,13
214,15
215,0
215,2
215,3
215,4
215,5
215,8
215,10
215,14
216,3
216,4
216,13
217,4
217,5
217,6
217,11
217,12
217,14
217,15
218,0
218,4
218,5
218,8
218,9
218,10
218,13
219,1
219,4
219,7
219,8
219,12
219,13
220,3
220,4
220,6
220,11
220,14
221,14
221,15
222,0
222,1
222,2
222,4
222,6
222,7
222,9
222,10
222,11
222,13
222,15
223,7
223,9
223,11
223,13
223,15
224,1
224,2
224,4
224,8
224,11
224,12
225,6
225,13
225,14
225,15
226,0
226,2
226,3
226,4
226,7
226,9
226,10
226,12
226,13
226,14
226,15
227,5
227,7
227,8
227,10
227,11
227,13
227,14
227,15
228,2
228,6
228,7
228,8
228,11
229,3
229,4
229,5
229,6
229,7
229,9
229,12
229,13
229,14
229,15
230,4
230,9
230,11
230,12
230,15
231,0
231,1
231,6
231,11
231,12
231,13
232,0
232,1
232,5
232,8
232,9
232,10
232,13
232,14
233,11
233,14
234,0
234,1
234,2
234,7
234,8
234,10
234,14
235,1
235,3
235,7
235,10
235,14
236,2
236,4
236,5
236,6
236,7
236,11
236,15
237,6
237,8
237,10
237,13
237,14
238,0
238,2
238,3
238,5
238,8
238,9
238,10
238,11
238,13
238,15
239,0
239,7
239,11
239,14
239,15
240,3
240,4
240,5
240,9
240,11
240,14
241,0
241,1
241,2
241,3
241,4
241,5
241,7
241,8
241,9
241,12
242,0
242,1
242,2
242,4
242,6
242,8
242,10
242,13
243,2
243,3
243,4
243,5
243,6
243,12
243,14
244,2
244,3
244,4
244,5
244,6
244,7
244,10
244,11
244,12
244,14
244,15
245,0
245,1
245,2
245,6
245,7
245,8
245,12
245,13
245,14
246,0
246,1
246,2
246,3
246,5
246,10
246,13
246,15
247,1
247,3
247,4
247,5
247,6
247,7
247,8
247,11
247,14
247,15
248,1
248,3
248,5
248,13
248,14
248,15
249,4
249,6
249,8
249,10
249,12
249,13
250,0
250,6
250,8
250,9
250,15
251,1
251,2
251,3
251,4
251,7
251,9
251,11
251,12
252,1
252,2
252,3
252,4
252,6
252,7
252,10
252,11
252,12
252,13
252,14
253,3
253,4
253,8
253,11
253,12
253,13
254,7
254,9
254,14
255,1
255,2
255,7
255,8
255,12
255,15
256,3
256,7
256,10
256,11
257,1
257,3
257,6
257,10
257,14
258,0
258,1
258,2
258,3
258,4
258,6
258,11
258,12
258,13
258,15
259,0
259,11
259,15
260,1
260,2
260,3
260,4
260,5
260,6
260,7
260,8
260,15
261,2
261,3
261,7
261,8
261,11
261,13
261,14
261,15
262,0
262,2
262,3
262,5
262,10
262,11
262,13
262,14
263,2
263,3
263,11
263,15
264,0
264,5
264,7
264,15
265,0
265,4
265,11
265,12
266,3
266,4
266,5
266,7
266,8
266,11
266,12
266,15
267,1
267,2
267,4
267,5
267,6
267,7
267,9
267,10
267,11
267,12
268,2
268,3
268,4
268,5
268,10
268,14
269,4
269,5
269,6
270,2
270,3
270,4
270,5
270,9
270,14
270,15
271,3
271,5
271,8
271,14
272,0
272,1
272,2
272,4
272,12
272,14
272,15
273,1
273,2
273,3
273,8
273,14
274,1
274,3
274,7
274,8
274,9
274,10
274,11
274,12
274,13
274,14
275,5
275,8
275,11
275,15
276,0
276,4
276,7
276,12
276,13
277,1
277,7
278,0
278,7
278,11
278,13
278,14
279,5
279,8
279,9
279,10
280,0
280,4
280,7
280,10
281,0
281,2
281,8
281,11
282,0
282,4
282,7
282,8
282,10
282,12
282,13
282,14
282,15
283,0
283,2
283,4
283,6
283,7
283,8
283,9
283,10
283,11
283,12
283,14
284,1
284,2
284,3
284,5
284,7
284,8
284,12
284,13
285,1
285,8
285,11
285,14
285,15
286,1
286,2
286,4
286,5
286,7
286,9
286,11
286,15
287,2
287,4
287,5
287,9
287,13
288,1
288,4
288,5
288,6
288,8
288,10
288,13
288,15
289,1
289,2
289,7
289,14
289,15
290,0
290,2
290,6
290,7
290,8
290,10
290,13
290,14
291,2
291,6
291,8
291,9
291,10
291,11
291,14
291,15
292,4
292,5
292,6
292,7
292,13
293,0
293,1
293,2
293,3
293,8
293,10
293,11
293,13
293,14
294,0
294,1
294,9
294,10
294,11
295,5
295,9
295,13
295,15
296,4
296,6
296,7
296,10
296,11
296,14
297,2
297,6
297,7
297,9
297,12
298,1
298,4
298,8
298,10
298,13
298,14
298,15
299,0
299,1
299,4
299,6
299,11
299,12
299,13
299,14
300,1
300,3
300,4
300,5
300,6
300,7
300,9
300,10
301,1
301,3
301,4
301,6
301,8
301,11
301,12
301,14
302,3
302,4
302,6
302,12
302,14
302,15
303,1
303,4
303,5
303,7
303,10
303,12
303,14
303,15
304,0
304,6
304,8
304,10
304,11
305,2
305,6
305,11
305,13
306,0
306,5
306,6
306,8
306,9
306,10
306,11
306,13
306,14
307,0
307,5
307,6
307,7
307,8
307,10
307,11
307,13
307,14
307,15
308,3
308,6
308,7
308,11
308,12
308,13
309,0
309,1
309,2
309,12
309,13
310,0
310,2
310,8
310,9
310,15
311,0
311,1
311,2
311,10
311,11
311,14
312,0
312,2
312,4
312,6
312,9
312,13
313,0
313,2
313,5
313,6
313,7
313,8
313,9
313,12
313,13
314,0
314,2
314,4
314,5
314,6
314,8
314,10
314,12
314,13
315,1
315,7
315,8
315,9
315,10
315,13
316,0
316,2
316,3
316,4
316,5
316,8
316,10
316,11
316,12
316,14
317,12
318,0
318,1
318,2
318,4
318,12
318,14
319,1
319,2
319,3
319,7
319,9
319,10
319,12
320,3
320,8
320,9
320,11
320,13
320,15
321,0
321,1
321,3
321,4
321,6
321,7
321,8
321,9
321,12
321,13
321,14
322,0
322,3
322,5
322,6
322,7
322,9
322,12
323,0
323,2
323,4
323,5
323,6
323,8
323,9
323,10
323,14
324,0
324,1
324,6
324,9
324,10
325,3
325,4
325,7
325,12
326,4
326,5
326,7
326,11
327,2
327,4
327,8
327,10
327,11
327,13
327,14
327,15
328,1
328,3
328,6
328,8
328,11
328,13
329,0
329,1
329,3
329,5
329,7
329,12
329,14
329,15
330,1
330,4
330,5
330,12
331,2
331,4
331,7
331,9
331,12
331,13
332,0
332,2
332,3
332,4
332,8
332,10
332,11
333,0
333,1
333,4
333,6
333,7
333,8
333,9
333,15
334,5
334,7
334,8
334,9
334,12
334,14
335,1
335,4
335,7
335,10
335,12
335,14
336,5
336,8
336,11
336,12
336,13
337,2
337,3
337,7
337,9
337,10
337,13
338,1
338,2
338,3
338,4
338,6
338,11
338,12
338,15
339,0
339,3
339,4
339,5
339,9
339,11
339,13
339,14
340,2
340,3
340,8
340,9
340,10
340,11
341,0
341,2
341,4
341,8
341,9
341,11
342,0
342,1
342,2
342,5
342,6
342,8
342,10
342,11
342,13
342,14
343,0
343,1
343,7
343,9
344,0
344,2
344,3
344,4
344,5
344,6
344,8
344,10
344,11
344,12
344,15
345,1
345,2
345,8
345,11
345,12
345,14
345,15
346,0
346,3
346,4
346,6
346,7
346,14
347,2
347,3
347,5
347,7
347,11
347,14
347,15
348,0
348,3
348,14
348,15
349,7
349,10
349,11
349,12
350,0
350,1
350,2
350,6
350,7
350,9
350,10
350,12
350,13
351,0
351,1
351,7
351,10
351,11
351,15
352,2
352,5
352,9
352,12
353,2
353,3
353,5
353,6
353,7
353,9
353,10
354,2
354,3
354,4
354,5
354,8
354,10
354,12
354,13
354,14
355,0
355,1
355,5
355,6
355,7
355,11
355,13
356,0
356,4
356,5
356,9
356,12
356,14
357,2
357,4
357,6
357,7
357,8
357,10
357,11
357,13
357,14
358,0
358,1
358,2
358,10
358,14
359,0
359,1
359,2
359,6
359,8
359,10
360,2
360,3
360,5
360,6
360,7
360,12
361,2
361,3
361,7
361,9
361,11
362,3
362,4
362,7
362,8
362,11
363,2
363,3
363,5
363,6
364,1
364,3
364,4
364,9
364,13
364,14
365,0
365,1
365,6
365,8
365,11
365,12
365,13
365,14
366,0
366,2
366,6
366,7
366,8
366,9
366,10
366,15
367,0
367,3
367,4
367,5
367,6
367,7
367,10
367,13
368,1
368,5
368,6
368,8
368,12
368,13
369,1
369,2
369,3
369,5
369,7
369,10
369,11
369,13
369,14
369,15
370,3
370,5
370,6
370,7
370,12
370,13
370,14
371,0
371,1
371,6
371,11
371,15
372,0
372,3
372,5
372,7
372,10
372,15
373,0
373,1
373,4
373,8
373,13
373,14
373,15
374,1
374,4
374,5
374,8
374,13
374,14
375,1
375,2
375,5
375,6
375,8
375,11
376,8
376,10
376,11
376,12
376,13
376,14
377,1
377,2
377,4
377,6
377,8
377,9
378,10
378,12
378,15
379,1
379,2
379,4
379,6
379,7
379,12
379,15
380,1
380,2
380,10
380,14
381,3
381,4
381,5
381,6
381,8
381,9
381,10
381,12
381,13
381,14
382,2
382,5
382,7
382,9
382,11
383,0
383,1
383,3
383,4
383,9
383,10
383,11
383,13
384,0
384,4
384,6
384,7
384,9
384,10
384,11
384,12
384,14
385,1
385,2
385,3
385,4
385,5
385,6
385,11
385,12
385,13
385,14
385,15
386,1
386,2
386,5
386,6
386,10
386,11
386,12
387,1
387,2
387,3
387,4
387,5
387,6
387,8
387,10
387,11
387,12
387,13
387,15
388,0
388,2
388,5
388,10
388,11
388,15
389,0
389,5
389,6
389,9
389,14
389,15
390,3
390,7
390,8
390,9
390,10
390,12
390,14
390,15
391,15
392,0
392,2
392,3
392,7
392,10
392,12
392,13
393,0
393,1
393,4
393,5
393,6
393,10
393,11
393,13
393,15
394,0
394,1
394,4
394,5
394,8
395,1
395,2
395,5
395,6
395,7
395,8
395,9
395,11
396,1
396,2
396,7
396,13
396,14
397,0
397,1
397,2
397,7
397,8
398,2
398,3
398,5
398,7
398,8
398,10
398,12
398,14
399,2
399,5
399,6
399,7
399,8
399,10
399,12
399,15
400,0
400,1
400,3
400,4
400,6
400,13
400,15
401,2
401,5
401,10
401,11
401,13
401,14
401,15
402,2
402,3
402,5
402,6
402,9
402,10
402,11
403,0
403,1
403,5
403,9
403,15
404,2
404,4
404,5
404,7
404,8
404,15
405,1
405,3
405,6
405,7
405,12
405,14
406,2
406,12
406,13
407,0
407,3
407,8
407,9
407,14
408,0
408,4
408,5
408,8
408,14
409,2
409,3
409,4
409,6
409,10
409,11
410,0
410,2
410,5
410,7
410,8
410,11
410,12
410,14
411,4
411,6
411,7
411,8
411,14
412,0
412,1
412,3
412,4
412,5
412,9
412,10
412,11
413,2
413,3
413,6
413,7
413,8
413,11
413,14
413,15
414,0
414,2
414,5
414,7
414,9
414,11
414,12
415,0
415,3
415,4
415,6
415,7
415,9
415,10
415,12
416,1
416,3
416,6
416,15
417,0
417,2
417,4
417,12
417,13
417,14
417,15
418,6
418,9
418,13
419,0
419,2
419,4
419,6
419,10
419,11
419,12
420,0
420,1
420,2
420,5
420,14
421,2
421,11
422,0
422,2
422,4
422,5
422,7
422,8
422,10
422,13
422,14
423,1
423,2
423,6
423,11
423,14
423,15
424,0
424,1
424,7
424,8
424,10
424,13
424,15
425,1
425,3
425,5
425,6
425,7
426,0
426,2
426,5
426,7
426,11
426,14
427,0
427,1
427,8
427,9
427,13
428,10
428,11
428,15
429,0
429,1
429,3
429,5
429,8
429,9
429,10
429,13
429,14
430,0
430,5
430,6
430,7
430,8
430,15
431,0
431,1
431,2
431,4
431,5
431,6
431,7
431,8
431,9
431,10
431,11
432,0
432,3
432,7
432,11
432,12
432,15
433,2
433,3
433,5
433,8
433,9
433,10
433,11
433,12
433,13
433,15
434,0
434,2
434,4
434,5
434,9
434,11
434,13
434,14
434,15
435,0
435,2
435,3
435,6
435,12
435,14
436,2
436,3
436,4
436,7
436,10
436,12
436,13
436,14
437,1
437,2
437,3
437,4
437,7
437,8
437,10
437,11
437,12
437,13
437,14
437,15
438,0
438,2
438,11
438,12
438,13
439,1
439,3
439,5
439,12
439,13
439,14
439,15
440,0
440,1
440,3
440,6
440,7
440,11
440,13
441,0
441,1
441,2
441,5
441,7
441,9
441,10
441,12
441,14
442,0
442,1
442,2
442,9
442,10
443,1
443,4
443,6
443,9
443,11
443,14
444,0
444,2
444,3
444,9
444,10
444,13
445,2
445,3
445,4
445,6
445,7
445,8
445,10
445,13
445,15
446,1
446,4
446,7
446,9
446,11
447,3
447,6
447,10
447,12
448,3
448,5
448,12
448,13
449,2
449,3
449,5
449,6
449,8
449,12
449,14
450,0
450,1
450,12
450,13
450,15
451,1
451,6
451,7
451,8
451,10
451,13
451,14
452,0
452,2
452,13
453,1
453,2
453,4
453,8
453,14
453,15
454,3
454,4
454,7
454,11
455,3
455,4
455,7
455,9
455,10
455,11
455,13
455,15
456,4
456,7
457,0
457,2
457,4
457,5
457,6
457,8
457,10
457,11
457,15
458,0
458,1
458,2
458,7
458,8
458,11
458,13
458,15
459,1
459,7
459,8
459,9
459,11
459,13
459,14
459,15
460,1
460,2
460,5
460,6
460,7
460,9
460,14
460,15
461,1
461,4
461,6
461,12
461,13
462,1
462,2
462,5
462,6
462,11
462,15
463,1
463,4
463,7
463,8
463,12
463,13
463,15
464,3
464,5
464,8
464,9
464,10
464,15
465,2
465,3
465,8
465,10
465,11
465,12
465,14
466,4
466,5
466,9
467,4
467,5
467,6
467,8
467,9
468,0
468,1
468,2
468,4
468,7
468,9
468,11
468,13
468,15
469,0
469,1
469,3
469,12
469,13
470,1
470,2
470,4
470,5
470,6
470,7
470,10
470,13
470,14
471,2
471,6
471,7
471,9
471,11
471,12
471,13
471,14
471,15
472,4
472,8
472,9
472,11
472,14
473,0
473,2
473,3
473,6
473,9
473,11
473,13
473,14
473,15
474,5
474,7
474,11
475,1
475,2
475,3
475,5
475,7
475,9
476,1
476,2
476,3
476,5
476,8
477,5
477,10
477,14
478,2
478,3
478,4
478,5
478,6
478,7
478,11
478,14
478,15
479,5
479,6
479,7
479,8
479,9
479,10
480,1
480,7
480,11
480,12
481,1
481,4
481,7
481,10
481,11
481,13
482,3
482,4
482,7
482,9
482,10
482,12
483,1
483,5
483,6
483,7
483,9
484,0
484,5
484,6
484,8
484,10
484,13
485,1
485,3
485,5
485,7
485,9
485,11
486,2
486,3
486,4
486,5
486,6
486,9
486,10
486,12
486,14
487,0
487,1
487,2
487,3
487,4
487,6
487,8
487,11
487,13
487,15
488,0
488,8
488,11
488,12
488,14
489,0
489,1
489,2
489,13
490,0
490,1
490,4
490,5
490,6
490,7
490,13
491,1
491,2
491,5
491,6
491,10
492,0
492,1
492,7
492,8
492,9
492,12
492,13
492,14
493,1
493,5
493,6
493,7
493,13
493,15
494,0
494,1
494,2
494,3
494,4
494,5
494,6
494,7
494,10
494,13
494,14
494,15
495,2
495,3
495,5
495,9
495,10
495,11
495,12
496,1
496,3
496,6
496,7
496,10
496,11
496,12
497,1
497,5
497,7
497,10
497,12
497,14
498,3
498,4
498,6
498,9
498,14
499,0
499,1
499,9
499,10
499,11
499,13
500,2
500,10
500,11
500,13
501,2
501,6
501,7
501,9
501,10
501,13
501,14
502,2
502,3
502,8
502,9
502,14
502,15
503,2
503,5
503,6
503,15
504,4
504,5
504,7
504,8
504,9
504,10
504,14
504,15
505,0
505,2
505,3
505,4
505,6
505,11
505,15
506,4
506,6
506,9
506,14
507,1
507,2
507,7
507,8
507,13
507,15
508,1
508,2
508,8
508,13
509,0
509,3
509,4
509,5
509,7
509,8
509,10
509,11
509,12
509,13
509,14
510,0
510,2
510,4
510,7
510,8
510,10
510,12
510,14
511,1
511,2
511,4
511,7
511,10
511,11
511,12
512,5
512,14
513,1
513,2
513,3
513,5
513,6
513,7
513,8
513,9
514,0
514,2
514,5
514,10
514,15
515,4
515,10
515,11
515,13
515,14
516,2
516,5
516,6
516,9
516,11
516,14
517,0
517,1
517,4
517,5
517,8
517,11
517,12
517,13
518,2
518,8
518,13
518,14
519,1
519,3
519,4
519,5
519,8
519,11
519,14
519,15
520,1
520,7
520,12
520,14
520,15
521,0
521,1
521,3
521,11
521,13
522,4
522,5
522,7
522,8
522,10
522,11
522,15
523,8
523,9
523,11
523,13
523,14
524,2
524,5
524,6
524,7
524,9
524,11
524,13
524,14
525,0
525,1
525,2
525,8
525,12
525,14
526,4
526,8
526,9
526,11
526,12
526,14
527,0
527,5
527,8
527,12
527,14
528,4
528,5
528,6
528,7
528,9
528,14
529,5
529,6
529,8
529,12
529,13
530,5
530,7
530,9
530,10
530,12
530,14
531,1
531,2
531,7
531,9
531,13
531,15
532,5
532,7
532,9
532,10
532,12
532,13
533,0
533,9
533,11
533,12
534,2
534,5
534,7
534,8
534,11
534,12
535,1
535,6
535,7
535,8
535,10
535,14
536,1
536,3
536,6
536,7
536,9
536,12
536,14
536,15
537,0
537,2
537,4
537,5
537,9
537,10
537,12
537,13
538,8
538,10
538,12
538,13
538,15
539,1
539,3
539,4
539,5
539,6
539,7
539,8
539,9
539,10
540,1
540,6
540,9
540,12
541,0
541,2
541,12
541,13
541,15
542,0
542,2
542,4
542,5
542,11
542,13
543,0
543,1
543,2
543,6
543,10
543,11
543,13
543,15
544,0
544,3
544,5
544,6
544,8
544,13
544,14
545,7
545,8
545,9
546,0
546,3
546,6
546,8
546,10
547,1
547,2
547,6
547,9
547,10
547,11
547,13
547,15
548,0
548,2
548,4
548,6
548,9
548,11
548,14
549,1
549,2
549,4
549,5
549,8
549,9
549,10
549,11
549,12
549,13
549,15
550,0
550,3
550,4
550,8
550,11
550,12
551,1
551,4
551,6
551,10
551,11
551,12
551,14
552,0
552,1
552,2
552,3
552,6
552,7
552,8
552,14
553,1
553,3
553,4
553,5
553,7
553,11
553,12
553,13
553,15
554,2
554,5
554,6
554,13
554,14
555,0
555,1
555,3
555,5
555,7
555,9
555,13
555,15
556,3
556,4
556,7
556,8
556,10
557,2
557,6
557,9
557,13
557,15
558,2
558,3
558,4
558,8
558,9
558,12
558,15
559,3
559,5
559,10
559,12
559,13
559,15
560,1
560,6
560,9
560,10
560,13
561,0
561,3
561,4
561,6
561,11
562,4
562,5
562,6
562,12
562,13
562,14
563,2
563,3
563,15
564,1
564,2
564,5
564,7
564,8
564,9
564,11
564,12
564,13
564,15
565,0
565,1
565,3
565,4
565,7
565,9
565,10
565,11
565,13
566,1
566,2
566,6
566,7
566,10
566,13
566,14
567,2
567,3
567,6
567,11
567,12
567,13
568,3
568,8
568,11
568,12
568,13
569,0
569,2
569,5
569,9
569,11
569,12
569,13
569,15
570,1
570,2
570,6
570,10
570,13
570,15
571,0
571,6
571,7
571,11
571,13
572,1
572,4
572,6
572,8
572,9
572,12
572,13
572,15
573,0
573,1
573,4
573,11
574,1
574,3
574,5
574,7
574,10
574,11
574,15
575,1
575,11
575,13
576,2
576,4
576,5
576,7
576,9
576,15
577,0
577,2
577,4
577,11
577,12
577,13
578,1
578,5
578,6
578,7
578,11
578,12
579,0
579,2
579,3
579,7
579,11
579,13
580,0
580,2
580,5
580,8
580,10
580,12
580,13
580,15
581,0
581,2
581,4
581,10
581,14
582,0
582,2
582,4
582,6
582,8
582,13
582,14
583,0
583,1
583,6
583,7
583,9
583,10
583,11
583,13
583,15
584,1
584,5
584,10
585,6
585,10
585,11
585,14
585,15
586,0
586,1
586,3
586,8
586,9
586,10
586,12
586,13
586,14
586,15
587,1
587,3
587,4
587,6
587,7
587,10
587,14
588,0
588,5
588,10
588,11
588,13
588,14
588,15
589,0
589,3
589,6
589,8
589,9
589,12
590,3
590,6
590,14
590,15
591,2
591,3
591,4
591,8
591,9
591,10
591,11
591,14
592,2
592,4
592,5
592,7
592,10
592,12
592,14
593,1
593,2
593,6
593,11
594,0
594,5
594,6
594,8
594,9
594,11
595,0
595,1
595,2
595,4
595,5
595,7
595,10
595,15
596,2
596,3
596,6
596,7
596,13
596,14
597,2
597,3
597,5
597,6
597,7
597,8
597,11
597,12
598,0
598,3
598,7
598,8
598,10
598,13
598,14
598,15
599,1
599,5
599,9
599,10
599,12
599,13
599,14
600,1
600,2
600,3
600,6
600,8
600,14
601,0
601,1
601,7
601,8
601,10
601,15
602,0
602,2
602,5
602,7
602,9
602,12
603,3
603,6
603,10
603,12
603,13
604,0
604,2
604,3
604,4
604,9
604,10
604,11
604,14
605,0
605,5
605,7
605,8
605,9
605,10
605,15
606,1
606,4
606,5
606,6
606,7
606,11
606,14
606,15
607,1
607,5
607,8
607,9
607,12
607,14
608,4
608,5
608,9
608,12
608,14
608,15
609,1
609,2
609,3
609,6
609,8
609,11
609,12
609,13
609,15
610,1
610,3
610,4
610,6
610,9
610,10
610,11
611,4
611,6
611,8
611,11
611,12
612,3
612,5
612,7
612,10
613,7
613,9
613,10
613,11
613,13
613,14
614,3
614,6
614,12
614,14
615,4
615,9
615,10
615,12
616,0
616,2
616,6
616,7
616,10
616,11
616,14
617,0
617,6
617,7
617,8
617,10
617,11
617,13
618,0
618,2
618,3
618,4
618,5
618,6
618,7
618,8
618,14
619,0
619,2
619,7
619,15
620,0
620,1
620,4
620,5
620,6
621,1
621,5
621,7
621,10
621,12
622,0
622,1
622,2
622,3
622,4
622,6
622,10
622,11
622,12
622,15
623,0
623,2
623,4
623,5
623,6
623,9
624,5
624,8
624,9
624,12
624,14
625,4
625,6
625,7
625,10
625,12
625,15
626,0
626,2
626,6
626,14
627,1
627,2
627,9
627,12
627,13
628,0
628,1
628,2
628,5
628,7
628,8
628,11
628,12
628,15
629,1
629,6
629,8
629,10
629,11
629,12
629,14
629,15
630,3
630,4
630,7
630,8
630,9
630,10
630,13
631,4
631,11
632,0
632,1
632,2
632,4
632,7
632,8
632,14
632,15
633,2
633,5
633,6
633,8
633,11
633,13
634,2
634,5
634,6
634,7
634,8
634,9
634,11
635,0
635,2
635,4
635,10
635,11
635,13
635,14
635,15
636,0
636,2
636,7
636,12
637,0
637,3
637,4
637,5
637,7
637,8
637,10
637,11
637,12
637,14
637,15
638,1
638,5
638,7
638,8
638,9
638,12
638,14
639,2
639,4
639,8
639,9
639,10
640,0
640,2
640,14
640,15
641,2
641,3
641,11
641,12
641,13
641,14
641,15
642,7
642,9
643,0
643,2
643,7
643,8
643,9
643,10
643,12
643,14
644,4
644,5
644,8
644,9
645,0
645,4
645,6
645,8
645,10
645,12
645,15
646,0
646,1
646,2
646,6
646,10
646,12
647,1
647,3
647,5
647,6
647,13
647,14
647,15
648,0
648,4
648,5
648,6
648,8
648,14
649,1
649,7
649,8
649,9
649,10
649,11
649,12
649,13
649,14
649,15
650,1
650,5
650,7
650,8
650,12
650,14
651,0
651,3
651,5
651,7
651,12
652,2
652,3
652,4
652,6
652,7
652,8
652,10
652,12
652,14
653,0
653,1
653,2
653,3
653,6
653,7
653,9
653,12
653,14
654,1
654,3
654,9
654,12
654,13
655,4
655,6
655,7
655,11
655,13
655,15
656,2
656,6
656,7
656,8
656,9
656,10
656,13
656,15
657,0
657,4
657,5
657,6
657,12
657,14
657,15
658,0
658,1
658,6
658,10
658,11
658,15
659,4
659,5
659,8
659,10
659,11
659,13
659,14
660,2
660,3
660,6
660,7
660,8
660,9
660,12
660,13
661,2
661,7
661,10
661,12
661,14
662,0
662,1
662,2
662,3
662,6
662,7
662,8
662,10
662,11
662,13
662,14
663,2
663,4
663,8
663,12
663,15
664,3
664,9
664,14
664,15
665,0
665,3
665,4
665,11
665,13
666,0
666,4
666,6
666,9
666,13
667,7
667,14
667,15
668,3
668,4
668,5
668,8
668,14
668,15
669,4
669,5
669,6
669,9
669,10
669,13
669,15
670,1
670,3
670,4
670,7
670,11
670,13
670,14
670,15
671,0
671,1
671,4
672,2
672,6
672,7
672,12
672,13
673,0
673,4
673,5
673,7
673,10
673,15
674,2
674,4
674,6
674,7
675,1
675,4
675,6
675,8
675,10
675,12
675,13
675,15
676,1
676,2
676,4
676,10
676,12
676,13
676,14
677,2
677,3
677,4
677,8
677,9
677,11
677,12
678,0
678,1
678,2
678,5
678,6
678,7
678,10
678,13
678,14
679,0
679,1
679,2
679,4
679,5
679,10
679,15
680,5
680,10
680,12
680,13
680,14
680,15
681,0
681,1
681,2
681,9
681,11
681,12
682,0
682,2
682,3
682,4
682,5
682,7
682,11
682,12
683,1
683,3
683,6
683,8
683,11
683,14
684,3
684,10
685,6
685,7
685,10
685,11
685,13
685,15
686,1
686,2
686,3
686,5
686,8
686,9
686,13
686,14
687,2
687,4
687,5
687,8
687,12
687,13
688,1
688,4
688,8
688,10
688,12
689,1
689,2
689,6
689,10
689,11
689,13
689,15
690,0
690,2
690,4
690,5
690,7
690,9
690,12
690,13
690,14
691,1
691,3
691,4
691,5
691,6
691,7
691,10
691,13
691,15
692,1
692,2
692,7
692,8
692,14
692,15
693,0
693,5
693,6
693,7
693,9
693,11
693,15
694,0
694,2
694,5
694,7
694,8
694,11
694,12
694,13
694,14
694,15
695,1
695,3
695,10
695,12
695,14
696,1
696,2
696,6
696,7
696,9
696,10
696,12
696,13
696,14
696,15
697,2
697,3
697,4
697,5
697,7
697,8
697,12
697,14
698,2
698,3
698,7
698,9
698,15
699,0
699,1
699,3
699,4
699,5
699,14
700,5
700,7
700,9
700,10
700,12
700,13
700,14
701,0
701,1
701,5
701,6
701,11
701,12
701,15
702,1
702,2
702,9
702,12
702,14
703,1
703,6
703,7
703,9
703,13
703,14
703,15
704,0
704,1
704,5
704,6
704,13
704,14
705,1
705,2
705,3
705,7
705,9
705,11
705,13
705,14
706,0
706,1
706,4
706,6
706,10
706,13
706,14
707,1
707,7
707,11
707,12
708,8
708,11
708,13
708,14
709,2
709,7
709,10
709,14
709,15
710,0
710,10
710,11
710,15
711,1
711,3
711,5
711,6
711,8
711,10
711,12
711,15
712,3
712,4
712,5
712,10
712,11
712,12
712,13
713,0
713,2
713,4
713,5
713,12
713,14
713,15
714,1
714,2
714,6
714,8
714,14
715,0
715,1
715,4
715,5
715,6
715,10
715,13
716,0
716,1
716,3
716,7
716,8
716,10
716,11
716,14
717,0
717,2
717,3
717,5
717,7
717,8
717,12
717,13
717,15
718,0
718,3
718,4
718,5
718,7
718,10
718,12
719,4
719,5
719,9
719,10
719,11
719,14
720,0
720,2
720,5
720,7
720,12
720,13
721,2
721,4
721,6
721,11
721,12
721,13
721,14
722,1
722,5
722,7
722,8
722,9
722,10
722,11
722,12
722,14
722,15
723,1
723,5
723,6
723,7
723,8
723,9
723,11
724,0
724,1
724,2
724,3
724,7
724,9
725,3
725,5
725,7
725,9
725,15
726,0
726,2
726,5
726,6
726,7
726,9
726,11
726,13
727,1
727,2
727,6
727,7
727,10
727,15
728,1
728,3
728,5
728,6
728,9
728,11
728,12
728,13
728,15
729,0
729,4
729,6
729,7
729,8
730,0
730,2
730,3
730,4
730,5
730,7
730,13
731,1
731,2
731,4
731,6
731,8
731,12
732,0
732,3
732,9
732,11
732,13
733,2
733,3
733,7
733,8
733,9
733,10
733,13
733,14
734,1
734,9
734,10
734,11
734,12
735,5
735,6
735,12
735,13
736,1
736,2
736,8
736,9
737,2
737,4
737,7
737,8
737,9
737,13
737,14
738,6
738,9
738,10
738,11
738,13
738,15
739,0
739,1
739,6
739,8
739,9
739,11
739,13
739,15
740,4
740,5
740,6
740,11
740,13
740,14
740,15
741,1
741,2
741,4
741,5
741,8
741,10
741,13
742,4
742,6
742,9
742,14
742,15
743,7
743,9
743,10
743,11
743,12
743,14
744,1
744,4
744,5
744,6
744,7
744,13
744,15
745,1
745,2
745,5
745,12
746,0
746,3
746,7
746,9
746,12
746,13
746,14
747,0
747,3
747,12
748,3
748,5
748,6
748,7
748,9
748,12
748,13
749,1
749,2
749,4
749,5
749,7
749,8
749,9
749,10
749,12
750,4
750,5
750,13
751,2
751,3
751,11
751,12
751,14
752,1
752,5
752,8
752,9
752,12
752,14
753,0
753,1
753,3
753,4
753,5
753,9
753,10
753,11
753,14
754,0
754,4
754,5
754,6
754,12
754,13
755,1
755,6
755,9
755,13
756,2
756,5
756,8
756,9
756,11
756,15
757,0
757,1
757,2
757,3
757,6
757,9
757,10
757,14
757,15
758,1
758,3
758,6
758,7
758,9
758,10
758,11
759,2
759,5
759,9
759,10
760,0
760,1
760,2
760,4
760,7
760,8
760,11
760,15
761,3
761,5
761,6
761,7
761,9
761,10
761,11
761,14
762,1
762,6
762,7
762,9
762,10
762,11
762,12
762,13
762,14
763,1
763,2
763,3
763,7
763,8
763,10
764,6
764,12
764,13
764,15
765,0
765,3
765,6
765,7
765,10
765,14
766,0
766,2
766,10
766,12
766,13
767,1
767,3
767,5
767,6
767,11
767,12
767,15
768,2
768,9
768,12
769,2
769,5
769,6
769,9
770,0
770,1
770,4
770,6
770,7
770,9
770,13
771,2
771,4
771,5
771,6
771,10
771,12
771,13
771,15
772,0
772,3
772,4
772,6
772,7
772,9
772,11
772,12
773,9
773,10
773,13
774,2
774,5
774,6
774,7
774,8
774,11
774,12
774,13
774,14
775,1
775,2
775,4
775,6
775,10
775,12
776,0
776,1
776,2
776,3
776,7
776,8
776,13
776,14
777,1
777,2
777,3
777,5
777,7
777,9
777,11
777,13
777,14
777,15
778,0
778,1
778,2
778,5
778,8
778,10
778,11
778,15
779,3
779,4
779,6
779,7
779,10
779,13
779,14
779,15
780,3
780,4
780,6
780,8
780,9
780,10
780,11
780,13
780,15
781,2
781,4
781,5
781,6
781,7
781,8
781,10
781,13
781,14
782,2
782,6
782,9
783,1
783,3
783,7
783,9
783,12
783,14
784,0
784,2
784,4
784,6
784,8
784,10
785,0
785,1
785,2
785,3
785,6
785,7
785,10
785,11
785,12
786,0
786,4
786,6
786,8
786,9
786,10
786,12
786,13
786,14
787,0
787,4
787,6
787,9
787,10
787,14
788,2
788,6
788,7
788,8
788,9
788,10
788,12
788,15
789,2
789,4
789,9
789,10
789,13
789,15
790,4
790,5
790,10
790,11
790,13
790,14
791,2
791,5
791,6
791,9
791,11
791,12
791,13
791,15
792,0
792,2
792,6
792,13
792,15
793,1
793,2
793,5
793,8
793,9
793,13
793,14
793,15
794,0
794,1
794,6
794,8
794,11
794,12
794,14
795,0
795,6
796,1
796,2
796,3
796,4
796,6
796,8
796,10
796,14
796,15
797,0
797,1
797,4
797,6
797,9
797,12
797,14
797,15
798,1
798,4
798,5
798,6
798,8
798,10
798,12
798,14
799,0
799,5
799,8
799,9
799,13
800,0
800,1
800,4
800,5
800,6
801,1
801,2
801,4
801,5
801,8
801,10
801,11
801,15
802,1
802,2
802,4
802,5
802,6
802,8
802,9
802,10
802,12
802,15
803,1
803,3
803,4
803,5
803,6
803,7
803,8
803,12
803,13
803,14
803,15
804,1
804,4
804,6
804,8
804,9
804,10
804,11
804,12
804,13
805,2
805,6
805,11
805,12
805,13
806,2
806,3
806,9
806,13
806,14
806,15
807,0
807,2
807,5
807,6
807,9
807,14
807,15
808,0
808,4
808,7
808,12
809,1
809,2
809,3
809,5
809,10
809,13
809,14
809,15
810,2
810,4
810,5
810,8
810,11
810,13
811,2
811,4
811,5
811,7
811,13
812,0
812,1
812,4
812,5
812,9
812,11
812,12
812,13
812,15
813,0
813,6
813,10
814,6
814,10
814,13
814,14
815,1
815,6
815,7
815,11
815,13
816,0
816,1
816,3
816,4
816,8
816,9
816,15
817,3
817,4
817,6
817,7
817,8
817,9
817,10
817,14
818,4
818,5
818,6
818,7
818,11
819,2
819,4
819,5
819,6
819,8
819,12
819,13
820,0
820,6
820,8
820,9
821,1
821,5
821,6
821,7
821,9
821,11
822,4
822,6
822,8
822,10
822,11
822,13
822,14
823,5
823,9
823,10
823,13
823,14
824,2
824,4
824,6
824,7
824,10
824,11
824,12
824,14
825,0
825,2
825,3
825,5
825,8
825,10
825,11
825,13
826,1
826,6
826,8
826,10
826,11
826,12
826,13
827,1
827,6
827,7
827,9
827,11
827,13
827,14
828,3
828,4
828,5
828,8
828,13
828,15
829,0
829,1
829,2
829,5
829,7
829,11
829,12
829,13
830,3
830,5
830,9
830,11
830,12
830,13
830,15
831,0
831,3
831,8
831,10
831,12
831,13
832,9
832,10
832,12
832,13
833,5
833,9
833,10
833,14
833,15
834,0
834,4
834,7
834,10
834,11
835,1
835,2
835,5
835,6
835,10
835,12
835,14
835,15
836,3
836,8
836,13
837,3
837,5
837,6
837,7
837,8
837,9
837,10
837,11
837,15
838,2
838,3
838,7
839,3
839,4
839,9
839,13
839,15
840,0
840,2
840,3
840,5
840,9
841,0
841,1
841,2
841,4
841,6
842,0
842,1
842,2
842,3
842,6
842,7
842,8
842,9
842,10
842,11
843,1
843,4
843,5
843,11
843,12
843,14
843,15
844,0
844,2
844,3
844,5
844,12
844,13
844,15
845,1
845,4
845,6
845,8
845,11
846,0
846,3
846,5
846,7
846,8
846,12
847,2
847,7
847,8
847,9
847,11
848,0
848,2
848,3
848,5
848,7
848,8
848,9
848,11
848,12
848,14
848,15
849,0
849,3
849,4
849,6
849,9
849,12
849,13
849,14
850,1
850,3
850,4
850,6
850,9
850,10
850,14
851,2
851,6
851,7
851,8
851,10
851,11
851,12
852,0
852,2
852,5
852,6
852,8
852,11
852,13
853,0
853,2
853,7
853,8
853,9
853,11
853,12
853,15
854,0
854,4
854,7
854,10
854,11
854,12
854,13
854,15
855,0
855,3
855,5
855,9
855,12
856,4
856,6
856,11
857,0
857,1
857,2
857,4
858,2
858,3
858,7
858,8
858,9
858,10
858,13
858,15
859,6
859,14
860,0
860,1
860,4
860,7
860,8
860,10
860,12
860,13
860,14
861,2
861,4
861,9
861,11
862,4
862,7
862,12
862,13
863,0
863,5
863,10
864,1
864,4
864,5
864,8
864,10
864,11
864,12
864,15
865,1
865,6
865,8
865,9
865,10
865,11
866,1
866,2
866,3
866,4
866,5
866,6
866,7
866,8
866,10
866,15
867,0
867,8
867,9
867,11
867,12
867,15
868,0
868,1
868,3
868,4
868,5
868,6
868,7
868,13
869,1
869,4
869,8
869,12
869,13
869,15
870,0
870,2
870,5
870,6
870,7
870,8
871,0
871,6
871,7
871,13
871,14
871,15
872,2
872,3
872,4
872,11
873,1
873,2
873,5
873,7
873,9
873,11
873,12
873,13
874,1
874,3
874,5
874,8
874,11
874,14
875,0
875,3
875,10
875,12
875,13
875,15
876,1
876,5
876,8
876,9
876,10
876,11
876,14
877,3
877,8
877,10
877,11
877,15
878,1
878,5
878,9
878,14
878,15
879,1
879,4
879,7
879,9
879,10
879,11
880,0
880,2
880,3
880,4
880,7
880,8
880,9
880,11
880,12
880,14
880,15
881,1
881,3
881,5
881,6
881,7
881,9
881,11
881,12
881,13
882,0
882,2
882,4
882,6
882,10
883,1
883,3
883,9
883,11
883,12
884,2
884,4
884,7
884,8
884,11
884,15
885,0
885,1
885,4
885,5
885,6
885,8
885,10
885,13
885,15
886,3
886,4
886,7
886,9
886,11
886,12
886,13
886,15
887,2
887,3
887,8
887,13
887,14
888,2
888,9
888,10
888,12
888,14
888,15
889,3
889,4
889,5
889,9
889,13
890,1
890,4
890,5
890,6
890,7
890,9
890,13
890,14
891,2
891,4
891,5
891,6
891,8
891,10
891,11
891,12
891,15
892,1
892,5
892,11
892,14
893,0
893,2
893,7
893,10
893,11
893,12
893,13
894,1
894,2
894,4
894,5
894,7
894,9
894,11
894,14
895,0
895,1
895,3
895,4
895,5
895,6
895,7
895,10
895,11
895,13
896,0
896,1
896,3
896,6
896,7
896,9
896,10
896,11
896,14
896,15
897,0
897,10
897,12
898,1
898,2
898,3
898,5
898,6
898,13
898,15
899,0
899,2
899,3
899,4
899,13
899,15
900,8
900,11
900,12
901,0
901,1
901,4
901,11
901,13
901,15
902,0
902,1
902,5
902,7
902,9
902,12
902,13
902,14
903,0
903,1
903,2
903,5
903,8
903,11
903,13
903,14
903,15
904,6
904,8
904,10
904,11
904,12
904,14
905,0
905,3
905,4
905,10
905,12
906,0
906,2
906,6
906,7
906,10
906,11
906,14
907,2
907,3
907,4
907,7
907,8
907,9
907,10
907,12
907,13
907,15
908,1
908,3
908,4
908,9
908,12
908,13
908,15
909,8
909,13
909,14
909,15
910,0
910,1
910,2
910,3
910,7
910,10
910,13
911,2
911,4
911,5
912,0
912,5
912,7
912,10
912,11
912,13
913,1
913,5
913,7
913,11
913,12
913,13
913,14
913,15
914,3
914,4
914,6
914,7
914,8
914,10
914,14
914,15
915,1
915,2
915,4
915,5
915,9
915,12
915,15
916,5
916,7
916,9
916,10
916,13
916,14
916,15
917,0
917,1
917,4
917,10
917,11
917,12
917,13
917,14
918,0
918,2
918,5
918,6
918,8
918,9
918,10
918,13
918,14
919,0
919,2
919,3
919,4
919,5
919,6
920,0
920,1
920,4
920,6
920,9
920,11
920,13
920,15
921,0
921,8
921,12
921,13
921,14
921,15
922,0
922,3
922,5
922,6
922,7
922,9
922,11
923,2
923,3
923,6
923,8
923,11
923,12
924,6
924,8
924,11
924,12
925,9
925,10
925,11
925,12
925,14
926,0
926,1
926,3
926,5
926,6
926,7
926,9
926,11
926,12
926,14
927,4
927,5
927,6
927,7
927,8
927,9
927,10
928,0
928,1
928,2
928,3
928,9
928,12
928,13
929,0
929,1
929,4
929,6
929,9
929,12
930,0
930,1
930,2
930,3
930,13
931,0
931,1
931,2
931,3
931,5
931,6
931,7
931,9
931,11
931,12
931,13
931,15
932,0
932,3
932,4
932,6
932,11
932,14
933,1
933,2
933,6
933,9
933,10
933,11
933,12
934,1
934,4
934,5
934,11
934,14
935,0
935,5
935,7
935,8
935,9
935,13
935,14
936,0
936,3
936,10
936,11
936,12
936,13
937,3
937,4
937,5
937,6
937,7
937,8
937,9
937,10
937,14
938,0
938,8
938,9
938,12
938,15
939,1
939,2
939,4
939,7
939,11
939,12
939,13
939,15
940,2
940,3
940,4
940,9
940,10
940,11
940,13
940,14
940,15
941,3
941,4
941,5
941,6
941,10
941,13
941,14
942,3
942,8
942,10
942,12
942,13
942,14
943,0
943,1
943,2
943,5
943,7
943,8
943,13
944,2
944,3
944,4
944,7
944,8
944,9
944,10
944,11
944,13
944,14
945,4
945,8
945,11
945,15
946,0
946,5
946,6
946,7
946,8
946,11
946,13
947,2
947,4
947,6
947,8
947,13
948,0
948,1
948,8
948,9
948,11
948,12
948,13
948,14
949,0
949,1
949,2
949,3
949,4
949,8
949,9
949,10
949,12
949,14
950,1
950,5
950,8
950,9
950,11
950,13
950,15
951,0
951,1
951,2
951,3
951,8
951,9
951,11
951,14
951,15
952,0
952,6
952,10
952,11
952,14
953,3
953,4
953,15
954,0
954,2
954,5
954,7
954,8
954,11
954,13
954,15
955,4
955,6
955,14
956,3
956,5
956,6
956,8
956,10
956,13
957,1
957,5
957,6
957,7
957,9
957,14
957,15
958,1
958,5
958,7
958,12
958,13
958,15
959,0
959,3
959,4
959,5
959,8
959,9
959,14
960,0
960,4
960,6
960,9
960,11
960,13
961,0
961,3
961,6
961,8
961,11
961,13
961,14
962,3
962,7
962,8
962,15
963,1
963,2
963,4
963,6
963,8
963,11
964,0
964,1
964,5
964,9
964,12
965,0
965,5
965,9
965,11
965,15
966,0
966,1
966,2
966,4
966,6
966,7
966,8
966,9
966,11
966,13
966,14
966,15
967,0
967,1
967,2
967,4
967,9
967,10
967,11
967,13
967,14
967,15
968,0
968,2
968,3
968,6
968,7
968,10
968,11
968,12
968,13
968,15
969,0
969,2
969,3
969,5
969,6
969,8
969,9
969,10
970,0
970,1
970,2
970,4
970,6
970,7
970,9
970,10
970,11
970,14
970,15
971,3
971,7
971,9
971,12
971,14
971,15
972,0
972,2
972,3
972,5
972,6
972,7
972,10
973,0
973,1
973,3
973,5
973,7
973,9
973,15
974,2
974,3
974,5
974,7
974,12
974,15
975,1
975,3
975,5
975,13
975,14
976,0
976,1
976,2
976,4
976,6
976,9
976,10
976,11
976,12
976,13
976,14
977,0
977,1
977,2
977,4
977,6
977,8
977,13
977,14
978,0
978,8
978,10
978,11
978,13
978,15
979,6
979,13
979,15
980,1
980,4
980,7
980,9
981,1
981,6
981,7
981,8
982,0
982,6
982,7
982,8
982,9
982,11
982,12
983,2
983,3
983,4
983,6
983,8
983,11
983,12
984,0
984,3
984,6
984,7
984,10
985,0
985,1
985,2
985,3
985,7
985,9
985,11
985,12
985,14
986,0
986,2
986,9
986,11
986,15
987,6
987,7
988,0
988,1
988,2
988,3
988,4
988,11
988,12
988,13
988,14
989,2
989,3
989,5
989,13
989,14
989,15
990,0
990,2
990,4
990,5
990,6
990,7
990,8
990,11
990,13
991,3
991,5
991,8
991,10
991,11
991,13
991,15
992,1
992,5
992,8
992,9
992,10
992,11
992,15
993,0
993,1
993,2
993,6
993,9
993,11
993,14
993,15
994,1
994,5
994,6
994,7
994,9
994,12
995,11
995,13
996,0
996,1
996,3
996,6
996,7
996,14
997,2
997,4
997,6
997,10
997,13
998,0
998,1
998,8
998,9
998,12
999,0
999,1
999,6
999,9
999,11
999,12
999,14
999,15
1000,3
1000,7
1000,9
1000,11
1000,12
1001,1
1001,4
1001,12
1001,14
1002,0
1002,2
1002,3
1002,6
1002,7
1002,8
1002,10
1002,13
1003,2
1003,3
1003,5
1003,11
1003,14
1003,15
1004,0
1004,3
1004,7
1004,15
1005,3
1005,5
1005,6
1005,9
1005,10
1005,15
1006,1
1006,2
1006,5
1006,7
1006,8
1006,9
1006,11
1006,13
1007,8
1007,12
1007,14
1008,0
1008,1
1008,2
1008,5
1008,6
1008,13
1008,15
1009,0
1009,5
1009,10
1009,12
1009,14
1009,15
1010,4
1010,5
1010,6
1010,8
1010,10
1010,11
1010,14
1011,3
1011,4
1011,7
1011,11
1012,0
1012,3
1012,4
1012,7
1012,9
1013,4
1013,6
1013,7
1013,8
1013,10
1013,11
1013,12
1013,13
1013,14
1013,15
1014,0
1014,11
1014,12
1015,0
1015,8
1015,9
1015,10
1015,11
1015,13
1016,1
1016,2
1016,3
1016,4
1016,6
1016,8
1016,10
1016,14
1016,15
1017,2
1017,8
1017,13
1017,14
1018,0
1018,3
1018,4
1018,6
1018,8
1018,9
1018,11
1018,14
1018,15
1019,1
1019,7
1019,9
1019,12
1020,0
1020,8
1020,11
1020,12
1020,13
1020,14
1021,5
1021,6
1021,12
1022,6
1022,7
1022,14
1022,15
1023,2
1023,4
1023,10
1023,11
1023,13
1024,2
1024,3
1024,4
1024,7
1024,9
1024,11
1024,13
1024,14
1025,4
1025,5
1025,8
1025,9
1025,15
1026,0
1026,2
1026,3
1026,5
1026,7
1026,8
1026,9
1026,10
1026,11
1026,12
1026,15
1027,0
1027,1
1027,2
1027,4
1027,9
1027,10
1027,12
1028,0
1028,1
1028,7
1028,8
1028,15
1029,0
1029,2
1029,5
1029,6
1029,7
1029,8
1029,11
1029,15
1030,1
1030,6
1030,8
1030,9
1030,10
1030,13
1030,15
1031,0
1031,3
1031,7
1031,11
1031,12
1031,13
1031,15
1032,1
1032,2
1032,3
1032,11
1032,14
1033,0
1033,1
1033,4
1033,9
1033,11
1033,14
1034,1
1034,4
1034,8
1034,12
1034,13
1035,0
1035,3
1035,7
1035,8
1035,10
1035,11
1035,14
1036,6
1036,7
1036,10
1037,6
1037,8
1037,9
1037,10
1037,14
1037,15
1038,0
1038,2
1038,4
1038,6
1038,8
1038,9
1038,13
1038,14
1039,4
1039,6
1039,10
1039,13
1040,0
1040,1
1040,5
1040,6
1040,8
1040,9
1040,11
1040,13
1041,3
1041,6
1041,9
1041,10
1041,14
1042,3
1042,4
1042,7
1042,8
1042,11
1043,1
1043,5
1043,7
1043,13
1043,14
1044,2
1044,5
1044,6
1044,8
1044,9
1044,12
1044,14
1044,15
1045,1
1045,2
1045,3
1045,5
1045,8
1045,9
1045,10
1045,11
1045,12
1046,0
1046,1
1046,3
1046,4
1046,6
1046,7
1046,8
1046,9
1046,13
1047,4
1047,8
1047,12
1047,13
1047,14
1047,15
1048,2
1048,3
1048,6
1048,9
1048,10
1048,12
1048,14
1048,15
1049,4
1049,5
1049,6
1049,8
1049,10
1049,13
1049,15
1050,3
1050,5
1050,7
1050,8
1050,9
1050,10
1050,12
1051,1
1051,2
1051,3
1051,5
1051,7
1051,14
1052,2
1052,3
1052,6
1052,8
1052,9
1052,10
1053,6
1053,8
1053,14
1053,15
1054,0
1054,2
1054,3
1054,5
1054,6
1054,10
1054,11
1054,14
1055,2
1055,5
1055,9
1055,10
1055,12
1055,13
1056,1
1056,4
1056,6
1056,7
1056,11
1056,13
1056,14
1057,0
1057,1
1057,3
1057,10
1057,12
1057,13
1058,0
1058,1
1058,2
1058,3
1058,4
1058,5
1058,6
1058,7
1058,9
1058,13
1059,0
1059,2
1059,6
1059,11
1059,14
1060,0
1060,4
1060,5
1060,9
1060,10
1060,11
1060,15
1061,1
1062,0
1062,1
1062,2
1062,5
1062,6
1062,7
1062,10
1062,11
1062,14
1062,15
1063,4
1063,11
1063,15
1064,0
1064,3
1064,6
1064,7
1064,8
1064,10
1064,13
1064,14
1064,15
1065,9
1065,11
1065,12
1065,13
1065,14
1066,6
1066,8
1066,11
1066,12
1066,15
1067,2
1067,5
1067,9
1068,2
1068,4
1068,7
1068,9
1068,14
1069,0
1069,1
1069,4
1069,8
1069,10
1069,15
1070,0
1070,3
1070,6
1070,8
1070,9
1070,12
1071,2
1071,6
1071,7
1071,9
1071,12
1071,15
1072,1
1072,2
1072,7
1072,10
1072,11
1072,15
1073,0
1073,1
1073,2
1073,5
1073,6
1073,7
1073,10
1073,11
1073,12
1073,13
1073,14
1074,2
1074,4
1074,5
1074,7
1074,9
1074,10
1074,11
1074,13
1074,14
1075,0
1075,4
1075,5
1075,8
1075,12
1075,15
1076,4
1076,6
1076,10
1076,11
1076,12
1076,14
1077,4
1077,5
1077,6
1077,10
1078,3
1078,4
1078,5
1078,6
1078,8
1078,10
1078,12
1078,13
1078,15
1079,1
1079,4
1079,5
1079,6
1079,13
1079,14
1079,15
1080,8
1080,9
1080,10
1081,1
1081,6
1081,10
1081,13
1081,14
1082,1
1082,2
1082,4
1082,5
1082,6
1082,8
1083,0
1083,3
1083,6
1083,7
1083,9
1083,10
1083,11
1083,13
1084,0
1084,2
1084,5
1084,7
1084,9
1084,10
1084,11
1084,14
1085,4
1085,5
1085,6
1085,8
1085,9
1085,10
1085,11
1085,12
1085,14
1086,0
1086,1
1086,3
1086,11
1086,14
1086,15
1087,0
1087,1
1087,4
1087,5
1087,6
1087,10
1087,13
1087,15
1088,5
1088,7
1088,14
1089,0
1089,1
1089,2
1089,3
1089,4
1089,8
1089,9
1089,10
1089,11
1089,14
1090,0
1090,3
1090,6
1090,7
1090,9
1090,10
1090,11
1090,12
1090,14
1091,2
1091,4
1091,5
1091,7
1091,11
1091,13
1092,0
1092,1
1092,5
1092,7
1092,12
1092,14
1092,15
1093,2
1093,4
1093,8
1093,15
1094,0
1094,2
1094,6
1094,7
1094,10
1094,11
1094,12
1094,14
1095,1
1095,2
1095,3
1095,6
1095,8
1095,11
1095,12
1095,13
1095,15
1096,1
1096,7
1096,12
1096,13
1096,15
1097,3
1097,6
1097,8
1097,9
1097,13
1097,15
1098,3
1098,6
1098,7
1098,9
1098,10
1098,11
1099,0
1099,2
1099,3
1099,4
1099,5
1099,7
1099,8
1099,10
1099,13
1100,2
1100,7
1100,8
1100,15
1101,0
1101,1
1101,6
1101,9
1101,12
1101,15
1102,0
1102,3
1102,6
1102,8
1102,9
1103,3
1103,6
1103,8
1103,11
1103,13
1104,3
1104,4
1104,6
1104,7
1104,8
1104,9
1104,12
1104,13
1104,15
1105,8
1105,10
1105,12
1106,0
1106,2
1106,4
1106,5
1106,11
1106,12
1106,14
1107,1
1107,6
1107,8
1107,12
1108,1
1108,5
1108,6
1109,3
1109,5
1109,8
1109,10
1109,12
1109,14
1109,15
1110,0
1110,2
1110,3
1110,4
1110,6
1110,7
1110,10
1110,12
1110,14
1110,15
1111,0
1111,2
1111,3
1111,4
1111,6
1111,8
1111,10
1111,15
1112,0
1112,1
1112,3
1112,4
1112,6
1112,7
1112,8
1112,14
1113,1
1113,6
1113,8
1113,9
1113,10
1113,14
1114,3
1114,6
1114,9
1114,10
1114,13
1115,2
1115,3
1115,5
1115,7
1115,8
1115,11
1115,14
1115,15
1116,1
1116,3
1116,5
1117,0
1117,2
1117,4
1117,10
1117,15
1118,0
1118,3
1118,4
1118,7
1118,9
1119,10
1119,11
1119,15
1120,3
1120,4
1120,7
1120,11
1120,15
1121,1
1121,4
1121,6
1121,9
1121,11
1121,15
1122,1
1122,2
1122,3
1122,7
1122,10
1122,14
1123,0
1123,2
1123,3
1123,5
1123,11
1123,12
1123,13
1123,14
1124,0
1124,8
1124,9
1124,12
1124,14
1125,2
1125,3
1125,7
1125,9
1125,10
1125,15
1126,6
1126,7
1126,10
1126,11
1126,12
1126,13
1126,14
1127,0
1127,2
1127,3
1127,4
1127,14
1128,3
1128,4
1128,7
1128,8
1129,1
1129,3
1129,4
1129,5
1129,6
1129,7
1129,8
1129,9
1129,12
1129,14
1130,0
1130,4
1130,7
1130,8
1130,9
1130,10
1130,11
1130,12
1130,13
1130,14
1131,4
1131,5
1131,8
1131,10
1131,11
1132,2
1132,3
1132,6
1132,7
1132,11
1132,13
1132,15
1133,5
1133,7
1133,10
1133,14
1134,1
1134,4
1134,6
1134,7
1134,8
1134,9
1134,12
1134,14
1135,2
1135,4
1135,8
1135,9
1135,10
1135,12
1135,13
1135,15
1136,2
1136,5
1136,6
1136,8
1136,9
1136,14
1137,1
1137,2
1137,9
1137,12
1137,15
1138,0
1138,2
1138,5
1138,6
1138,7
1138,11
1138,13
1139,1
1139,2
1139,5
1139,11
1139,12
1139,13
1140,9
1140,10
1140,13
1141,3
1141,7
1141,13
1141,14
1141,15
1142,1
1142,3
1142,6
1142,11
1142,13
1142,14
1143,3
1143,5
1143,7
1143,10
1143,11
1144,2
1144,6
1144,7
1144,9
1144,10
1144,11
1144,14
1144,15
1145,1
1145,2
1145,3
1145,4
1145,5
1145,14
1146,1
1146,3
1146,6
1146,7
1146,11
1146,14
1146,15
1147,5
1147,7
1147,8
1147,12
1147,13
1147,14
1148,2
1148,4
1148,5
1148,9
1148,14
1148,15
1149,4
1149,10
1149,13
1149,14
1150,1
1150,3
1150,4
1150,8
1150,10
1150,15
1151,1
1151,7
1151,8
1151,10
1151,11
1151,14
1151,15
1152,0
1152,2
1152,3
1152,4
1152,5
1152,8
1152,11
1152,12
1152,13
1153,1
1153,3
1153,5
1153,7
1153,14
1154,0
1154,1
1154,2
1154,3
1154,8
1154,11
1154,15
1155,2
1155,3
1155,4
1155,6
1155,7
1155,8
1155,9
1155,14
1156,0
1156,4
1156,6
1156,7
1156,10
1156,11
1156,12
1157,2
1157,4
1157,6
1157,8
1157,9
1157,11
1158,5
1158,15
1159,2
1159,3
1159,5
1159,9
1160,2
1160,8
1160,9
1160,11
1160,12
1160,13
1160,15
1161,0
1161,3
1161,4
1161,6
1161,8
1161,10
1161,14
1162,0
1162,2
1162,5
1162,6
1162,7
1162,10
1162,14
1162,15
1163,1
1163,3
1163,5
1163,6
1163,11
1163,12
1163,14
1164,2
1164,7
1164,8
1164,11
1164,14
1164,15
1165,3
1165,4
1165,5
1165,6
1165,8
1165,9
1165,13
1165,15
1166,0
1166,5
1166,6
1166,11
1166,12
1166,13
1167,0
1167,2
1167,6
1167,9
1167,12
1167,13
1168,4
1168,6
1168,9
1168,13
1168,14
1169,9
1169,10
1170,1
1170,3
1170,5
1170,6
1170,7
1170,9
1170,10
1170,12
1170,13
1171,1
1171,3
1171,5
1171,7
1171,9
1171,10
1171,13
1172,0
1172,2
1172,3
1172,6
1172,8
1172,9
1172,12
1173,0
1173,6
1173,8
1173,10
1173,15
1174,1
1174,4
1174,5
1174,7
1174,11
1174,13
1174,14
1175,0
1175,1
1175,2
1175,7
1175,10
1175,12
1175,15
1176,0
1176,1
1176,8
1176,13
1177,0
1177,3
1177,4
1177,7
1177,10
1177,11
1177,14
1178,1
1178,3
1178,6
1178,7
1178,8
1178,9
1178,11
1178,12
1179,2
1179,5
1179,6
1179,7
1179,8
1179,9
1179,11
1179,12
1179,14
1180,3
1180,4
1180,5
1180,9
1180,10
1180,13
1180,14
1181,0
1181,1
1181,2
1181,13
1181,14
1181,15
1182,1
1182,2
1182,3
1182,5
1182,6
1182,7
1182,8
1182,10
1182,15
1183,3
1183,4
1183,7
1183,8
1183,10
1183,11
1183,14
1183,15
1184,1
1184,5
1184,6
1184,9
1184,10
1184,11
1184,12
1184,13
1185,3
1185,5
1185,6
1185,11
1185,13
1186,0
1186,2
1186,3
1186,5
1186,8
1186,13
1187,2
1187,3
1187,4
1187,5
1187,8
1187,9
1187,12
1187,13
1187,15
1188,0
1188,9
1188,10
1188,11
1189,1
1189,2
1189,3
1189,10
1189,11
1189,12
1189,13
1189,14
1190,0
1190,2
1190,4
1190,9
1190,11
1190,14
1190,15
1191,6
1191,8
1191,12
1191,14
1191,15
1192,0
1192,1
1192,5
1192,9
1192,10
1192,11
1192,15
1193,2
1193,4
1193,11
1193,12
1194,1
1194,4
1194,13
1194,14
1195,1
1195,3
1195,9
1195,11
1195,13
1195,14
1195,15
1196,0
1196,2
1196,3
1196,9
1196,10
1197,3
1197,4
1197,6
1197,8
1197,12
1197,13
1197,15
1198,2
1198,3
1198,6
1198,8
1198,9
1198,11
1199,3
1199,5
1199,6
1199,11
1199,12
1199,13
1199,15
1200,0
1200,4
1200,5
1200,11
1200,12
1200,13
1200,14
1201,7
1201,9
1201,10
1201,14
1201,15
1202,1
1202,6
1202,8
1202,10
1202,11
1202,12
1203,0
1203,1
1203,2
1203,4
1203,6
1203,8
1203,9
1203,11
1203,12
1204,3
1204,4
1204,7
1204,10
1204,12
1204,14
1204,15
1205,0
1205,1
1205,2
1205,6
1205,10
1206,2
1206,6
1206,7
1206,10
1207,0
1207,6
1207,7
1207,13
1208,0
1208,1
1208,2
1208,3
1208,4
1208,5
1208,6
1208,7
1208,11
1208,12
1208,15
1209,0
1209,1
1209,7
1209,12
1209,15
1210,1
1210,6
1210,8
1210,10
1210,12
1211,0
1211,1
1211,3
1211,4
1211,8
1211,10
1211,11
1211,13
1211,14
1212,0
1212,1
1212,2
1212,9
1212,12
1212,14
1213,0
1213,1
1213,2
1213,3
1213,7
1213,10
1213,13
1213,14
1213,15
1214,3
1214,4
1214,6
1214,7
1214,8
1214,9
1214,12
1214,14
1215,0
1215,2
1215,6
1215,10
1216,0
1216,1
1216,2
1216,4
1216,10
1216,12
1216,14
1216,15
1217,0
1217,2
1217,3
1217,6
1217,11
1217,15
1218,2
1218,7
1218,8
1218,13
1219,0
1219,1
1219,4
1219,7
1219,9
1219,13
1219,14
1219,15
1220,1
1220,4
1220,5
1220,6
1220,9
1220,10
1220,11
1220,12
1220,13
1221,0
1221,1
1221,4
1221,6
1221,12
1221,15
1222,2
1222,4
1222,5
1222,6
1222,7
1222,9
1222,13
1223,0
1223,1
1223,5
1223,6
1223,8
1223,9
1223,13
1224,1
1224,2
1224,6
1224,7
1224,12
1224,13
1224,14
1224,15
1225,7
1225,10
1225,12
1225,13
1225,14
1226,0
1226,2
1226,3
1226,6
1226,9
1226,12
1227,0
1227,4
1227,5
1227,6
1227,7
1227,10
1227,13
1227,14
1227,15
1228,0
1228,3
1228,4
1228,5
1228,7
1228,8
1228,9
1228,11
1228,13
1228,14
1229,0
1229,1
1229,2
1229,6
1229,8
1229,9
1229,11
1229,13
1230,2
1230,4
1230,5
1230,8
1230,10
1230,11
1230,13
1230,14
1231,0
1231,5
1231,6
1231,11
1231,15
1232,1
1232,3
1232,5
1232,6
1232,8
1232,13
1233,1
1233,5
1233,7
1233,10
1233,11
1233,13
1234,0
1234,1
1234,4
1234,6
1234,7
1234,8
1234,11
1234,15
1235,1
1235,6
1236,0
1236,3
1236,8
1236,9
1236,10
1236,12
1236,13
1236,14
1237,6
1237,8
1237,10
1237,12
1237,14
1237,15
1238,1
1238,4
1238,8
1239,3
1239,5
1239,7
1239,9
1239,10
1239,14
1240,1
1240,3
1240,4
1240,5
1240,8
1240,11
1240,12
1240,14
1241,2
1241,3
1241,5
1241,14
1241,15
1242,7
1242,9
1242,12
1242,13
1243,1
1243,3
1243,6
1243,7
1243,9
1243,12
1243,15
1244,4
1244,8
1244,12
1244,13
1244,15
1245,0
1245,4
1245,5
1245,7
1245,14
1246,2
1246,3
1246,5
1246,9
1247,2
1247,5
1247,6
1247,7
1247,8
1247,9
1248,1
1248,3
1248,6
1248,9
1248,10
1248,14
1249,1
1249,2
1249,3
1249,4
1249,7
1249,15
1250,4
1250,7
1250,11
1250,13
1250,15
1251,0
1251,5
1251,7
1251,9
1251,11
1251,13
1252,2
1252,3
1252,4
1252,5
1252,6
1252,7
1252,8
1252,9
1252,11
1252,12
1253,0
1253,2
1253,3
1253,4
1253,10
1253,13
1253,14
1253,15
1254,0
1254,10
1254,12
1255,0
1255,1
1255,3
1255,4
1255,10
1255,11
1255,12
1255,15
1256,3
1256,7
1256,9
1256,12
1256,13
1257,1
1257,3
1257,5
1257,8
1257,11
1257,14
1258,2
1258,10
1258,12
1258,15
1259,1
1259,3
1259,5
1259,6
1259,7
1259,9
1259,11
1259,13
1260,0
1260,1
1260,2
1260,3
1260,5
1260,6
1260,7
1260,10
1260,14
1260,15
1261,1
1261,2
1261,4
1261,5
1261,6
1261,7
1261,8
1261,10
1261,11
1261,14
1261,15
1262,2
1262,3
1262,14
1263,3
1263,5
1263,6
1263,7
1263,8
1263,13
1263,15
1264,3
1264,7
1264,9
1264,11
1264,14
1265,1
1265,2
1265,4
1265,5
1265,7
1265,9
1265,13
1266,0
1266,7
1266,10
1266,12
1266,14
1267,1
1267,2
1267,4
1267,6
1267,9
1268,1
1268,3
1268,6
1268,7
1268,8
1268,11
1268,12
1268,13
1269,0
1269,1
1269,3
1269,5
1269,7
1269,9
1269,10
1269,15
1270,4
1270,5
1270,11
1270,14
1270,15
1271,1
1271,2
1271,4
1271,5
1271,6
1271,7
1271,12
1272,1
1272,2
1272,3
1272,4
1272,5
1272,9
1272,13
1272,14
1273,1
1273,3
1273,4
1273,5
1273,8
1273,10
1273,11
1273,12
1273,13
1274,0
1274,1
1274,2
1274,3
1274,6
1274,9
1274,15
1275,3
1275,4
1275,5
1275,6
1275,9
1275,11
1275,14
1276,3
1276,4
1276,5
1276,7
1276,8
1276,15
1277,0
1277,1
1277,7
1277,10
1277,12
1277,13
1277,14
1278,0
1278,1
1278,5
1278,6
1278,8
1278,10
1278,12
1279,0
1279,5
1279,6
1279,8
1279,12
1279,13
1279,14
1280,3
1280,4
1280,6
1280,8
1280,9
1280,10
1280,13
1281,2
1281,6
1281,7
1281,9
1281,13
1281,14
1282,2
1282,4
1282,5
1282,6
1282,7
1282,9
1282,10
1283,0
1283,4
1283,6
1283,8
1283,9
1283,13
1283,15
1284,1
1284,5
1284,7
1284,10
1284,13
1285,1
1285,2
1285,3
1285,4
1285,5
1285,8
1285,11
1286,1
1286,2
1286,10
1286,11
1286,12
1286,13
1286,15
1287,1
1287,3
1287,7
1287,13
1287,15
1288,1
1288,6
1288,8
1288,9
1288,11
1288,14
1289,0
1289,2
1289,7
1289,11
1289,12
1289,14
1289,15
1290,0
1290,1
1290,3
1290,5
1290,6
1290,9
1290,12
1290,13
1290,14
1290,15
1291,0
1291,2
1291,4
1291,6
1291,8
1291,9
1291,13
1292,0
1292,4
1292,5
1292,6
1292,10
1292,12
1292,13
1292,14
1293,0
1293,1
1293,2
1293,3
1293,6
1293,7
1293,10
1294,1
1294,3
1294,4
1294,7
1294,9
1294,12
1294,15
1295,0
1295,4
1295,5
1295,7
1295,10
1295,13
1296,0
1296,2
1296,5
1296,6
1296,9
1296,10
1296,12
1297,2
1297,5
1297,9
1297,13
1297,14
1297,15
1298,0
1298,2
1298,8
1298,10
1298,11
1299,4
1299,5
1299,7
1299,11
1299,13
1299,14
1300,1
1300,2
1300,3
1300,7
1300,9
1300,15
1301,1
1301,4
1301,7
1301,8
1301,9
1301,13
1302,4
1302,5
1302,10
1302,11
1302,12
1302,13
1302,14
1302,15
1303,0
1303,4
1303,7
1303,9
1303,12
1304,0
1304,4
1304,5
1304,7
1304,9
1304,13
1305,0
1305,3
1305,10
1305,13
1305,14
1306,0
1306,2
1306,3
1306,4
1306,6
1306,8
1306,9
1306,15
1307,1
1307,6
1307,7
1307,11
1308,0
1308,1
1308,2
1308,9
1308,11
1308,12
1309,1
1309,2
1309,12
1309,13
1310,2
1310,4
1310,8
1310,11
1310,12
1310,14
1311,1
1311,2
1311,5
1311,7
1311,10
1311,13
1311,14
1312,1
1312,3
1312,4
1312,7
1312,10
1312,12
1312,14
1312,15
1313,1
1313,2
1313,5
1313,12
1314,1
1314,2
1314,6
1314,7
1314,12
1315,0
1315,5
1315,7
1315,8
1315,9
1315,12
1315,13
1316,0
1316,1
1316,3
1316,4
1316,7
1316,15
1317,2
1317,4
1317,5
1317,6
1317,12
1317,15
1318,1
1318,4
1318,6
1318,7
1318,10
1318,11
1318,14
1318,15
1319,0
1319,2
1319,5
1319,6
1319,9
1319,10
1319,12
1319,13
1319,14
1319,15
1320,3
1320,9
1320,11
1320,14
1320,15
1321,2
1321,4
1321,6
1321,12
1321,13
1321,14
1322,0
1322,6
1322,8
1322,10
1322,13
1322,15
1323,0
1323,3
1323,4
1323,5
1323,6
1323,8
1323,10
1323,11
1323,15
1324,2
1324,3
1324,6
1324,9
1324,10
1324,12
1324,14
1324,15
1325,3
1325,4
1325,5
1325,7
1325,10
1325,11
1325,12
1326,0
1326,1
1326,2
1326,4
1326,6
1326,11
1326,13
1327,6
1327,8
1327,9
1327,12
1328,3
1328,13
1328,14
1328,15
1329,3
1329,4
1329,6
1329,7
1329,8
1329,11
1329,12
1329,15
1330,6
1330,7
1330,8
1330,11
1330,13
1330,15
1331,1
1331,2
1331,3
1331,6
1331,8
1331,10
1331,13
1332,1
1332,4
1332,5
1332,7
1332,12
1332,13
1332,14
1332,15
1333,1
1333,2
1333,5
1333,6
1333,11
1333,12
1333,13
1334,1
1334,5
1334,8
1335,3
1335,6
1335,7
1335,8
1335,11
1335,13
1335,14
1336,9
1336,14
1337,2
1337,3
1337,7
1337,11
1337,14
1338,1
1338,6
1338,11
1338,14
1338,15
1339,1
1339,3
1339,8
1339,10
1339,11
1339,12
1339,14
1339,15
1340,3
1340,5
1340,13
1341,1
1341,2
1341,3
1341,7
1341,8
1341,10
1341,12
1342,2
1342,3
1342,7
1342,8
1342,11
1342,12
1342,13
1342,14
1342,15
1343,1
1343,3
1343,4
1343,5
1343,8
1343,9
1343,10
1343,12
1343,13
1343,14
1344,0
1344,1
1344,4
1344,9
1344,12
1345,4
1345,8
1345,9
1345,10
1345,11
1345,15
1346,3
1346,4
1346,7
1346,8
1346,9
1346,11
1346,14
1347,1
1347,8
1347,13
1347,14
1348,0
1348,9
1348,10
1348,12
1349,1
1349,3
1349,6
1349,13
1350,4
1350,5
1350,7
1350,10
1350,12
1350,15
1351,0
1351,2
1351,3
1351,10
1351,11
1351,13
1352,1
1352,2
1352,4
1352,9
1352,14
1352,15
1353,0
1353,4
1353,9
1353,10
1353,11
1353,14
1353,15
1354,1
1354,6
1354,15
1355,1
1355,7
1355,8
1356,0
1356,5
1356,6
1356,7
1356,11
1356,12
1356,14
1357,0
1357,3
1357,5
1357,6
1357,13
1358,5
1358,6
1358,8
1358,12
1358,14
1358,15
1359,0
1359,2
1359,6
1359,8
1359,12
1359,13
1360,0
1360,1
1360,3
1360,13
1360,14
1361,0
1361,2
1361,4
1361,5
1361,7
1361,11
1361,13
1361,15
1362,0
1362,4
1362,5
1362,6
1362,7
1362,8
1362,14
1362,15
1363,2
1363,5
1363,8
1364,2
1364,3
1364,5
1364,6
1364,7
1364,8
1364,10
1364,12
1365,0
1365,1
1365,2
1365,9
1365,11
1365,15
1366,2
1366,15
1367,2
1367,5
1367,10
1367,11
1368,1
1368,2
1368,6
1368,7
1368,10
1369,0
1369,2
1369,3
1369,7
1369,11
1369,13
1369,14
1369,15
1370,4
1370,7
1370,9
1370,12
1370,13
1371,2
1371,4
1371,8
1371,10
1371,12
1371,14
1372,5
1372,7
1372,8
1372,9
1372,10
1373,0
1373,3
1373,7
1373,8
1373,10
1374,0
1374,1
1374,3
1374,5
1374,6
1374,7
1374,9
1374,14
1374,15
1375,3
1375,9
1375,11
1375,12
1375,13
1375,14
1376,1
1376,3
1376,4
1376,5
1376,6
1376,8
1376,9
1376,12
1376,14
1376,15
1377,2
1377,10
1378,0
1378,1
1378,5
1378,7
1378,9
1378,12
1378,14
1379,11
1379,15
1380,0
1380,1
1380,2
1380,6
1380,7
1380,10
1381,2
1381,3
1381,4
1381,5
1381,7
1381,9
1381,10
1381,12
1381,13
1381,14
1381,15
1382,5
1382,6
1382,7
1382,9
1382,13
1382,15
1383,0
1383,2
1383,3
1383,8
1383,11
1383,12
1383,15
1384,0
1384,1
1384,2
1384,11
1384,12
1385,1
1385,2
1385,3
1385,4
1385,10
1385,13
1386,0
1386,3
1386,4
1386,6
1386,7
1386,9
1386,10
1387,4
1387,5
1387,7
1387,8
1387,9
1387,10
1388,3
1388,7
1388,10
1388,12
1388,15
1389,0
1389,2
1389,4
1389,5
1389,10
1389,11
1389,12
1389,15
1390,0
1390,2
1390,4
1390,5
1390,6
1390,8
1390,11
1390,12
1390,13
1390,15
1391,0
1391,1
1391,3
1391,6
1391,8
1391,11
1391,12
1391,14
1392,1
1392,4
1392,6
1392,7
1392,8
1392,12
1393,2
1393,5
1393,6
1393,7
1393,10
1393,11
1393,12
1393,13
1393,14
1394,0
1394,1
1394,3
1394,6
1394,12
1394,14
1395,3
1395,4
1395,6
1395,9
1395,10
1395,11
1395,12
1395,13
1395,15
1396,3
1396,4
1396,6
1396,11
1396,13
1396,14
1397,1
1397,4
1397,5
1397,7
1397,11
1397,15
1398,3
1398,4
1398,5
1398,6
1398,8
1398,9
1398,10
1398,11
1398,12
1399,1
1399,13
1400,0
1400,3
1400,6
1400,9
1400,11
1400,13
1401,0
1401,1
1401,2
1401,14
1402,1
1402,2
1402,5
1402,7
1402,8
1402,9
1402,10
1402,11
1402,12
1403,6
1403,8
1403,9
1403,12
1403,13
1403,15
1404,4
1404,9
1404,11
1404,12
1405,0
1405,2
1405,5
1405,6
1405,10
1405,12
1405,13
1405,14
1406,0
1406,3
1406,5
1406,6
1406,8
1406,9
1406,11
1406,12
1406,13
1407,2
1407,6
1407,7
1407,8
1407,10
1407,13
1407,14
1407,15
1408,0
1408,1
1408,2
1408,3
1408,5
1408,6
1408,9
1408,10
1408,12
1408,14
1409,0
1409,1
1409,2
1409,6
1409,9
1409,11
1409,12
1409,15
1410,1
1410,3
1410,6
1410,9
1410,14
1411,2
1411,9
1411,10
1411,11
1411,12
1411,13
1411,14
1411,15
1412,3
1412,8
1412,11
1412,14
1413,0
1413,4
1413,8
1413,11
1413,12
1413,14
1414,1
1414,2
1414,4
1414,9
1414,14
1414,15
1415,3
1415,8
1415,14
1416,0
1416,1
1416,2
1416,4
1416,6
1416,10
1416,14
1416,15
1417,1
1417,2
1417,9
1417,10
1417,15
1418,0
1418,1
1418,2
1418,6
1418,14
1418,15
1419,0
1419,2
1419,4
1419,5
1419,8
1419,9
1419,10
1419,14
1419,15
1420,2
1420,3
1420,7
1420,8
1420,15
1421,1
1421,2
1421,6
1421,8
1421,9
1421,12
1421,15
1422,0
1422,1
1422,2
1422,5
1422,7
1422,10
1422,14
1422,15
1423,0
1423,1
1423,7
1423,8
1423,11
1423,12
1423,14
1423,15
1424,2
1424,3
1424,4
1424,6
1424,7
1424,8
1424,9
1424,11
1424,14
1425,2
1425,4
1425,9
1425,10
1425,11
1425,12
1425,13
1426,0
1426,1
1426,4
1426,5
1426,6
1426,13
1426,15
1427,2
1427,3
1427,5
1427,10
1427,12
1427,13
1427,15
1428,4
1428,8
1428,9
1428,11
1428,15
1429,0
1429,1
1429,4
1429,6
1429,7
1429,8
1429,10
1429,11
1429,14
1429,15
1430,0
1430,2
1430,3
1430,8
1430,10
1430,14
1431,0
1431,1
1431,2
1431,3
1431,5
1431,7
1431,8
1431,9
1431,10
1431,12
1431,13
1431,14
1431,15
1432,0
1432,3
1432,7
1432,8
1432,11
1432,15
1433,0
1433,1
1433,2
1433,4
1433,6
1433,7
1433,11
1433,14
1434,0
1434,2
1434,3
1434,4
1434,6
1434,8
1434,10
1434,11
1434,12
1434,13
1434,15
1435,3
1435,8
1435,10
1435,11
1435,12
1435,13
1435,14
1436,1
1436,3
1436,5
1437,4
1437,5
1437,7
1437,8
1437,10
1437,12
1437,13
1437,15
1438,1
1438,2
1438,3
1438,6
1438,7
1438,8
1439,1
1439,3
1439,7
1439,8
1439,13
1440,0
1440,4
1440,9
1440,10
1440,15
1441,0
1441,7
1441,10
1441,12
1441,14
1442,0
1442,2
1442,6
1442,7
1442,8
1442,13
1442,15
1443,0
1443,5
1443,6
1443,7
1443,10
1443,12
1443,15
1444,0
1444,4
1444,14
1445,2
1445,3
1445,5
1445,6
1445,7
1445,8
1445,12
1445,13
1446,0
1446,1
1446,4
1446,6
1446,10
1446,11
1446,12
1447,3
1447,6
1447,8
1447,9
1447,10
1447,12
1448,0
1448,4
1448,5
1448,6
1448,9
1448,10
1448,11
1449,4
1449,6
1449,7
1449,12
1449,15
1450,2
1450,4
1450,6
1450,12
1451,1
1451,2
1451,4
1451,7
1451,11
1451,14
1451,15
1452,1
1452,3
1452,4
1452,13
1453,2
1453,3
1453,4
1453,7
1453,9
1453,10
1453,12
1454,2
1454,5
1454,8
1454,10
1454,11
1454,15
1455,0
1455,2
1455,4
1455,5
1455,7
1455,9
1455,10
1455,14
1456,1
1456,2
1456,5
1456,6
1456,8
1456,9
1456,10
1456,12
1456,13
1456,14
1457,3
1457,6
1457,7
1457,9
1457,11
1457,12
1457,13
1457,14
1458,2
1458,3
1458,14
1458,15
1459,0
1459,3
1459,5
1459,7
1459,12
1459,14
1460,0
1460,1
1460,2
1460,4
1460,6
1460,7
1460,9
1460,12
1460,14
1461,0
1461,2
1461,7
1461,13
1462,8
1462,9
1462,11
1462,13
1463,1
1463,3
1463,5
1463,12
1464,3
1464,4
1464,8
1464,11
1464,12
1464,14
1464,15
1465,0
1465,3
1465,5
1465,8
1465,9
1465,11
1465,14
1466,2
1466,4
1466,6
1466,7
1466,8
1466,13
1466,14
1466,15
1467,0
1467,1
1467,2
1467,3
1467,8
1467,9
1467,10
1467,11
1467,14
1468,1
1468,3
1468,4
1468,5
1468,6
1468,8
1468,14
1468,15
1469,0
1469,1
1469,6
1469,9
1469,10
1469,12
1469,13
1470,0
1470,1
1470,2
1470,3
1470,7
1470,8
1470,9
1470,10
1470,11
1470,12
1470,13
1470,14
1471,4
1471,5
1471,6
1471,8
1471,9
1471,12
1471,13
1471,14
1471,15
1472,0
1472,4
1472,5
1472,6
1472,9
1472,10
1472,11
1472,14
1473,0
1473,1
1473,4
1473,5
1473,14
1473,15
1474,0
1474,2
1474,7
1474,11
1475,1
1475,2
1475,3
1475,5
1475,7
1475,9
1475,11
1475,12
1476,1
1476,2
1476,8
1476,9
1476,10
1476,11
1476,12
1476,14
1476,15
1477,0
1477,6
1477,7
1477,8
1477,13
1478,0
1478,1
1478,2
1478,3
1478,4
1478,5
1478,8
1478,10
1478,11
1478,12
1478,13
1478,14
1478,15
1479,5
1479,6
1479,7
1479,8
1479,12
1480,1
1480,3
1480,4
1480,6
1480,9
1481,1
1481,2
1481,5
1481,6
1481,7
1481,9
1481,12
1481,14
1481,15
1482,0
1482,2
1482,3
1482,6
1482,11
1482,13
1482,15
1483,0
1483,2
1483,3
1483,8
1483,9
1483,11
1483,12
1483,13
1483,15
1484,2
1484,10
1485,9
1485,12
1485,14
1486,6
1486,9
1487,1
1487,4
1487,6
1487,12
1488,3
1488,4
1488,7
1488,9
1488,10
1488,14
1488,15
1489,4
1489,7
1489,8
1489,10
1489,13
1489,14
1489,15
1490,1
1490,7
1490,11
1490,12
1491,3
1491,7
1491,8
1491,9
1491,13
1492,1
1492,2
1492,6
1492,7
1492,8
1492,9
1492,11
1492,12
1492,13
1492,14
1493,2
1493,4
1493,5
1493,9
1493,15
1494,1
1494,11
1494,14
1494,15
1495,0
1495,3
1495,4
1495,5
1495,6
1495,10
1495,11
1495,12
1496,0
1496,2
1496,3
1496,5
1496,8
1496,9
1497,2
1497,3
1497,7
1497,14
1498,2
1498,3
1498,8
1498,9
1498,10
1498,13
1498,14
1499,3
1499,4
1499,5
1499,6
1499,7
1499,10
1499,14
1499,15
1500,1
1500,6
1500,8
1500,9
1500,10
1500,11
1500,13
1501,0
1501,3
1501,4
1501,7
1501,9
1501,12
1501,13
1501,14
1502,1
1502,3
1502,8
1502,9
1502,11
1502,14
1502,15
1503,0
1503,1
1503,2
1503,5
1503,10
1503,11
1503,13
1503,14
1504,1
1504,7
1504,9
1504,11
1504,13
1505,7
1505,9
1505,10
1505,13
1505,14
1506,1
1506,3
1506,6
1507,5
1507,6
1507,7
1507,8
1507,10
1508,0
1508,2
1508,3
1508,5
1508,11
1508,13
1508,15
1509,4
1509,6
1509,10
1509,12
1509,13
1510,1
1510,7
1510,8
1510,10
1510,11
1510,14
1510,15
1511,1
1511,12
1512,1
1512,5
1512,8
1512,13
1512,14
1513,0
1513,4
1513,5
1513,10
1514,2
1514,3
1514,5
1514,9
1514,11
1514,14
1515,3
1515,7
1515,8
1515,10
1515,13
1515,15
1516,4
1516,6
1516,7
1516,12
1516,14
1517,2
1517,3
1517,8
1517,9
1517,12
1518,2
1518,6
1518,7
1518,8
1518,9
1518,10
1518,14
1519,2
1519,5
1519,7
1519,8
1519,10
1519,11
1520,0
1520,3
1520,5
1520,6
1520,7
1520,11
1521,1
1521,5
1521,6
1521,11
1521,12
1521,13
1522,6
1522,7
1522,8
1522,9
1522,10
1522,11
1522,13
1522,14
1523,2
1523,6
1523,7
1523,9
1523,10
1523,13
1523,14
1523,15
1524,3
1524,4
1524,8
1524,12
1524,13
1524,14
1525,0
1525,1
1525,3
1525,4
1525,14
1525,15
1526,0
1526,1
1526,2
1526,3
1526,4
1526,10
1526,13
1526,14
1526,15
1527,3
1527,9
1527,10
1527,14
1527,15
1528,3
1528,4
1528,5
1528,7
1528,8
1528,12
1528,13
1528,14
1528,15
1529,0
1529,3
1529,4
1529,9
1529,13
1529,14
1529,15
1530,4
1530,5
1530,7
1530,8
1530,14
1531,1
1531,2
1531,3
1531,13
1531,14
1532,0
1532,2
1532,3
1532,4
1532,5
1532,6
1532,9
1532,13
1533,4
1533,5
1533,8
1533,12
1533,13
1534,0
1534,1
1534,2
1534,3
1534,6
1534,8
1534,10
1534,12
1535,0
1535,1
1535,2
1535,3
1535,4
1535,7
1535,8
1535,9
1535,10
1535,13
1536,0
1536,2
1536,4
1536,8
1536,11
1536,14
1537,1
1537,5
1537,8
1537,11
1537,12
1538,2
1538,5
1538,6
1538,11
1538,12
1538,13
1538,14
1539,0
1539,1
1539,3
1539,7
1539,9
1539,11
1539,13
1540,2
1540,4
1540,5
1540,12
1540,13
1540,15
1541,2
1541,9
1541,11
1541,12
1541,14
1542,0
1542,3
1542,8
1542,9
1542,10
1542,11
1542,14
1542,15
1543,3
1543,4
1543,7
1543,8
1543,9
1543,15
1544,4
1544,6
1544,7
1544,8
1544,9
1544,10
1544,15
1545,6
1545,7
1545,11
1545,12
1546,4
1546,5
1546,6
1546,10
1546,11
1547,0
1547,2
1547,3
1547,4
1547,5
1547,8
1547,10
1547,15
1548,2
1548,4
1548,6
1548,8
1549,2
1549,3
1549,7
1549,9
1549,12
1549,14
1549,15
1550,0
1550,1
1550,3
1550,9
1550,10
1550,12
1550,14
1550,15
1551,0
1551,2
1551,3
1551,8
1551,10
1551,13
1552,0
1552,2
1552,3
1552,4
1552,7
1552,11
1552,13
1553,0
1553,3
1553,5
1553,8
1553,9
1553,12
1553,13
1554,4
1554,5
1554,6
1554,7
1554,9
1554,13
1555,0
1555,2
1555,3
1555,7
1555,8
1555,10
1555,11
1555,14
1556,6
1556,7
1557,0
1557,1
1557,7
1557,12
1557,14
1558,0
1558,1
1558,2
1558,4
1558,5
1558,9
1558,10
1559,3
1559,8
1559,12
1559,14
1559,15
1560,3
1560,6
1560,7
1560,8
1560,10
1560,11
1560,12
1560,14
1561,0
1561,2
1561,3
1561,5
1561,7
1561,9
1561,10
1561,13
1562,2
1562,4
1562,5
1562,7
1562,9
1562,11
1562,14
1562,15
1563,1
1563,2
1563,3
1563,5
1563,6
1563,7
1563,8
1563,9
1563,10
1563,12
1563,13
1563,14
1564,1
1564,2
1564,5
1564,11
1564,12
1564,14
1565,1
1565,3
1565,6
1565,7
1565,8
1565,12
1566,0
1566,4
1566,6
1566,7
1566,8
1566,10
1566,11
1566,15
1567,1
1567,4
1567,9
1567,13
1567,14
1568,1
1568,2
1568,4
1568,5
1568,7
1568,8
1568,9
1568,12
1569,2
1569,4
1569,6
1569,9
1569,14
1570,1
1570,4
1570,5
1570,9
1570,11
1570,13
1570,14
1571,0
1571,1
1571,3
1571,4
1571,5
1571,6
1571,7
1571,8
1571,9
1571,10
1571,11
1571,14
1572,1
1572,5
1572,8
1572,9
1572,11
1572,14
1573,3
1573,7
1573,8
1574,2
1574,3
1574,6
1574,10
1574,12
1574,13
1574,14
1574,15
1575,4
1575,5
1575,6
1575,8
1575,9
1575,10
1575,12
1575,14
1575,15
1576,0
1576,1
1576,7
1576,8
1576,11
1576,15
1577,0
1577,1
1577,4
1577,6
1577,7
1577,9
1577,10
1577,12
1578,0
1578,4
1578,5
1578,9
1578,11
1578,13
1578,14
1579,4
1579,11
1579,13
1579,15
1580,0
1580,1
1580,2
1580,8
1580,10
1580,12
1580,13
1580,15
1581,1
1581,2
1581,3
1581,4
1581,7
1581,9
1581,10
1581,11
1581,12
1581,13
1581,15
1582,1
1582,6
1582,10
1582,15
1583,2
1583,7
1583,10
1583,13
1583,15
1584,0
1584,3
1584,4
1584,5
1584,6
1584,8
1584,13
1585,1
1585,2
1585,5
1585,6
1585,8
1585,9
1586,7
1586,10
1586,11
1586,13
1586,14
1587,6
1587,11
1587,13
1588,0
1588,4
1588,5
1588,6
1588,12
1588,13
1588,15
1589,1
1589,3
1589,4
1589,6
1589,9
1589,10
1589,12
1589,15
1590,2
1590,3
1590,4
1590,5
1590,10
1590,12
1590,13
1590,14
1591,8
1591,10
1591,11
1591,12
1592,4
1592,5
1592,6
1592,7
1592,12
1592,14
1593,2
1593,11
1593,12
1594,0
1594,1
1594,5
1594,7
1594,8
1594,9
1594,10
1594,12
1594,13
1594,15
1595,4
1595,6
1595,11
1595,15
1596,1
1596,2
1596,3
1596,5
1596,6
1596,7
1597,0
1597,1
1597,2
1597,4
1597,8
1597,13
1598,1
1598,2
1598,7
1598,9
1598,12
1598,13
1598,15
1599,0
1599,3
1599,4
1599,6
1599,9
1599,12
1599,15
1600,1
1600,3
1600,5
1600,8
1600,10
1600,12
1600,13
1600,15
1601,0
1601,5
1601,12
1602,3
1602,13
1602,14
1603,2
1603,6
1603,9
1603,10
1603,11
1604,0
1604,3
1604,5
1604,7
1604,8
1604,9
1604,15
1605,5
1605,7
1605,8
1605,10
1605,11
1605,12
1605,13
1606,2
1606,4
1606,5
1606,15
1607,5
1607,6
1607,9
1607,11
1607,15
1608,1
1608,5
1608,9
1608,12
1608,14
1609,0
1609,2
1609,6
1609,8
1609,9
1609,10
1609,15
1610,1
1610,3
1610,5
1610,10
1610,12
1610,13
1610,14
1610,15
1611,0
1611,4
1611,7
1611,9
1611,13
1611,14
1612,1
1612,7
1612,9
1612,11
1612,13
1612,14
1613,0
1613,2
1613,7
1613,9
1613,10
1613,12
1613,15
1614,1
1614,4
1614,7
1614,8
1614,11
1614,12
1614,13
1615,2
1615,4
1615,7
1615,8
1615,9
1615,10
1615,11
1615,12
1615,13
1615,14
1616,2
1616,8
1616,9
1616,10
1616,12
1616,15
1617,1
1617,3
1617,6
1617,7
1617,11
1617,12
1617,13
1618,3
1618,4
1618,5
1618,6
1618,7
1618,8
1618,9
1618,10
1618,11
1618,12
1618,14
1618,15
1619,3
1619,4
1619,6
1619,7
1619,12
1619,14
1620,0
1620,4
1620,5
1620,6
1620,7
1620,9
1620,10
1620,12
1621,0
1621,7
1621,8
1621,9
1621,10
1621,12
1622,0
1622,1
1622,3
1622,6
1622,9
1622,11
1622,12
1623,1
1623,3
1623,4
1623,5
1623,6
1623,7
1623,10
1623,12
1623,15
1624,0
1624,1
1624,2
1624,3
1624,5
1624,7
1624,8
1624,9
1624,12
1624,13
1624,15
1625,1
1625,7
1625,11
1625,13
1626,3
1626,5
1626,13
1626,14
1626,15
1627,0
1627,1
1627,2
1627,5
1627,11
1627,12
1628,0
1628,6
1628,7
1628,11
1628,12
1628,13
1628,14
1628,15
1629,0
1629,5
1629,6
1629,8
1629,10
1629,12
1629,13
1629,15
1630,0
1630,1
1630,4
1630,5
1630,6
1630,11
1630,14
1630,15
1631,2
1631,4
1631,13
1631,14
1632,1
1632,4
1632,5
1632,8
1632,9
1632,10
1632,11
1632,12
1632,15
1633,4
1633,5
1633,6
1633,8
1633,10
1633,13
1633,14
1634,0
1634,1
1634,2
1634,5
1634,13
1635,1
1635,3
1635,7
1635,8
1635,10
1635,11
1635,12
1635,14
1636,0
1636,5
1636,9
1636,10
1636,11
1636,12
1636,13
1636,15
1637,0
1637,1
1637,2
1637,4
1637,6
1637,9
1637,10
1637,12
1637,13
1637,14
1637,15
1638,4
1638,6
1638,9
1638,10
1638,11
1638,15
1639,2
1639,10
1639,12
1639,14
1639,15
1640,4
1640,6
1640,8
1640,9
1640,14
1641,2
1641,4
1641,5
1641,7
1641,12
1642,2
1642,4
1642,5
1642,12
1642,13
1643,0
1643,3
1643,4
1643,10
1643,14
1643,15
1644,5
1644,7
1644,12
1644,14
1645,0
1645,1
1645,2
1645,3
1645,5
1645,11
1645,12
1645,13
1646,1
1646,3
1646,6
1646,8
1646,10
1647,8
1647,10
1647,11
1647,12
1648,0
1648,1
1648,3
1648,4
1648,10
1648,12
1648,14
1649,0
1649,1
1649,4
1649,5
1649,6
1649,8
1649,9
1649,13
1650,1
1650,8
1650,13
1650,15
1651,0
1651,1
1651,2
1651,3
1651,10
1651,15
1652,2
1652,6
1652,9
1652,10
1652,12
1653,2
1653,9
1653,12
1654,0
1654,5
1654,6
1654,7
1654,8
1654,11
1654,15
1655,4
1655,5
1655,6
1655,7
1655,12
1655,15
1656,0
1656,2
1656,8
1656,9
1656,10
1656,11
1656,12
1656,14
1657,0
1657,2
1657,6
1657,7
1657,11
1657,14
1658,3
1658,4
1658,8
1658,11
1658,15
1659,0
1659,5
1659,6
1659,9
1659,13
1659,14
1659,15
1660,3
1660,8
1660,9
1660,11
1660,13
1661,1
1661,5
1661,6
1662,8
1662,12
1662,15
1663,3
1663,4
1663,5
1663,7
1663,8
1663,10
1663,14
1664,1
1664,4
1664,10
1664,13
1664,14
1665,1
1665,6
1665,8
1665,11
1666,6
1666,8
1666,10
1666,12
1666,13
1666,15
1667,0
1667,2
1667,5
1667,7
1667,9
1667,10
1667,15
1668,0
1668,1
1668,2
1668,3
1668,4
1668,5
1668,12
1668,14
1669,3
1669,5
1669,9
1669,11
1669,12
1669,15
1670,2
1670,3
1670,4
1670,6
1670,12
1670,14
1670,15
1671,0
1671,2
1671,3
1671,13
1671,14
1672,0
1672,1
1672,2
1672,4
1672,6
1672,9
1672,14
1673,1
1673,2
1673,6
1673,9
1673,10
1673,11
1673,15
1674,1
1674,2
1674,4
1674,6
1674,7
1674,8
1674,10
1674,13
1674,14
1674,15
1675,5
1675,7
1675,12
1675,13
1675,15
1676,1
1676,4
1676,6
1676,8
1676,9
1676,11
1676,12
1677,10
1677,11
1678,4
1678,7
1678,8
1678,9
1678,11
1678,13
1678,14
1679,0
1679,2
1679,3
1679,4
1679,5
1679,7
1679,9
1679,10
1679,12
1679,13
1680,0
1680,1
1680,2
1680,3
1680,5
1680,9
1680,12
1680,13
1681,0
1681,12
1681,15
1682,0
1682,2
1682,5
1682,7
1682,10
1682,14
1683,1
1683,5
1683,7
1683,9
1683,10
1683,12
1683,14
1684,0
1684,1
1684,6
1684,7
1684,9
1684,11
1684,12
1684,13
1684,15
1685,1
1685,2
1685,6
1685,7
1685,12
1685,14
1685,15
1686,2
1686,4
1686,6
1686,7
1686,8
1686,10
1686,11
1686,12
1686,13
1687,1
1687,3
1687,8
1687,9
1687,13
1687,14
1688,3
1688,14
1689,0
1689,1
1689,3
1689,6
1689,7
1690,3
1690,4
1690,6
1690,7
1690,8
1690,10
1690,11
1690,12
1690,13
1691,7
1691,12
1691,13
1691,15
1692,0
1692,2
1692,4
1692,7
1692,8
1692,15
1693,6
1693,7
1693,9
1693,10
1693,12
1693,13
1694,0
1694,2
1694,5
1694,6
1694,10
1694,11
1694,13
1694,14
1695,3
1695,4
1695,6
1695,14
1695,15
1696,0
1696,2
1696,4
1696,6
1696,8
1696,9
1696,14
1696,15
1697,4
1697,6
1697,7
1697,10
1697,13
1698,4
1698,5
1698,13
1699,4
1699,7
1699,8
1699,10
1699,11
1699,12
1700,0
1700,1
1700,5
1700,8
1700,12
1700,13
1700,14
1700,15
1701,1
1701,5
1701,9
1701,12
1701,14
1702,1
1702,3
1702,7
1702,8
1702,13
1702,15
1703,0
1703,1
1703,2
1703,3
1703,6
1703,7
1703,10
1703,11
1703,13
1704,0
1704,4
1704,5
1704,6
1704,10
1704,12
1704,13
1704,15
1705,0
1705,3
1705,4
1705,7
1705,9
1705,11
1705,14
1705,15
1706,1
1706,3
1706,4
1706,5
1706,8
1706,11
1706,12
1706,14
1707,2
1707,3
1707,4
1707,5
1707,9
1707,13
1708,1
1708,5
1708,6
1708,9
1708,10
1708,15
1709,2
1709,3
1709,4
1709,7
1709,8
1709,10
1709,14
1710,0
1710,2
1710,3
1710,12
1711,2
1711,13
1711,14
1712,0
1712,1
1712,2
1712,4
1712,5
1712,8
1712,9
1712,10
1712,11
1712,13
1712,15
1713,1
1713,8
1713,14
1713,15
1714,0
1714,1
1714,4
1714,8
1714,9
1715,1
1715,2
1715,4
1715,7
1715,9
1715,13
1715,14
1715,15
1716,3
1716,6
1716,10
1717,5
1717,6
1717,7
1717,15
1718,5
1718,10
1718,11
1718,13
1719,0
1719,9
1719,12
1719,13
1719,15
1720,1
1720,5
1720,7
1720,10
1720,13
1720,14
1720,15
1721,1
1721,6
1721,7
1721,8
1721,10
1721,14
1721,15
1722,0
1722,2
1722,8
1722,11
1722,12
1722,13
1722,14
1723,5
1723,6
1723,8
1723,11
1723,12
1723,13
1723,15
1724,1
1724,3
1724,5
1724,7
1724,10
1724,12
1724,15
1725,3
1725,9
1725,12
1725,13
1725,14
1726,0
1726,2
1726,3
1726,11
1726,13
1726,15
1727,2
1727,4
1727,5
1727,7
1727,10
1727,11
1728,4
1728,5
1728,6
1728,9
1728,12
1728,13
1728,14
1729,1
1729,3
1729,7
1729,8
1729,11
1729,12
1729,13
1729,14
1730,4
1730,5
1730,7
1730,9
1730,11
1730,13
1730,14
1731,2
1731,4
1731,8
1731,10
1731,14
1731,15
1732,2
1732,3
1732,7
1732,11
1732,13
1733,0
1733,4
1733,7
1733,10
1733,12
1733,14
1734,1
1734,4
1734,5
1734,8
1734,9
1734,11
1734,12
1734,14
1735,0
1735,2
1735,3
1735,4
1735,5
1735,7
1735,8
1735,9
1735,11
1735,15
1736,3
1736,7
1736,10
1736,14
1736,15
1737,1
1737,3
1737,6
1737,8
1737,11
1737,12
1737,14
1738,0
1738,6
1738,7
1738,10
1738,11
1738,12
1738,13
1738,14
1738,15
1739,0
1739,1
1739,4
1739,5
1739,6
1739,8
1739,9
1739,10
1739,12
1739,13
1739,15
1740,0
1740,1
1740,3
1740,4
1740,7
1740,9
1740,10
1740,11
1740,13
1741,0
1741,5
1741,11
1741,12
1741,13
1741,14
1742,0
1742,3
1742,5
1742,6
1742,8
1742,9
1742,11
1742,12
1742,14
1742,15
1743,3
1743,4
1743,6
1743,9
1743,14
1743,15
1744,1
1744,3
1744,4
1744,6
1744,10
1745,2
1745,4
1745,5
1745,6
1745,7
1745,8
1745,10
1745,12
1745,14
1746,3
1746,4
1746,6
1746,7
1746,8
1746,9
1746,10
1746,11
1746,12
1747,0
1747,1
1747,2
1747,3
1747,4
1747,5
1747,7
1747,11
1747,12
1747,15
1748,3
1748,4
1748,7
1748,8
1748,11
1748,15
1749,0
1749,2
1749,6
1749,10
1749,15
1750,1
1750,6
1750,8
1750,10
1751,5
1751,10
1751,12
1751,15
1752,0
1752,1
1752,3
1752,6
1752,10
1752,11
1752,12
1752,15
1753,2
1753,3
1753,7
1753,8
1754,3
1754,6
1754,7
1754,11
1754,12
1754,15
1755,0
1755,1
1755,2
1755,5
1755,6
1755,8
1755,13
1756,1
1756,4
1756,7
1756,10
1756,14
1757,4
1757,7
1757,8
1757,11
1757,12
1757,14
1757,15
1758,0
1758,2
1758,4
1758,6
1758,8
1758,10
1758,12
1758,13
1758,15
1759,1
1759,2
1759,4
1759,5
1759,9
1759,14
1759,15
1760,3
1760,4
1760,7
1760,8
1760,13
1760,15
1761,0
1761,4
1761,6
1761,10
1761,11
1761,12
1762,1
1762,2
1762,3
1762,4
1762,6
1762,7
1762,8
1762,12
1763,1
1763,2
1763,3
1763,11
1763,12
1763,13
1763,14
1763,15
1764,2
1764,6
1764,8
1764,12
1764,15
1765,0
1765,1
1765,4
1765,7
1765,12
1765,13
1766,3
1766,7
1766,8
1766,9
1766,10
1766,15
1767,2
1767,3
1767,4
1767,5
1767,6
1767,8
1767,14
1767,15
1768,3
1768,4
1768,6
1768,7
1768,11
1768,15
1769,0
1769,1
1769,2
1769,4
1769,7
1769,9
1769,11
1769,13
1769,14
1769,15
1770,0
1770,1
1770,3
1770,13
1770,14
1771,0
1771,3
1771,5
1771,6
1771,7
1771,9
1771,10
1771,11
1771,12
1771,15
1772,1
1772,5
1772,10
1772,12
1773,0
1773,1
1773,3
1773,5
1773,12
1773,13
1773,14
1774,0
1774,1
1774,2
1774,3
1774,4
1774,5
1774,9
1774,12
1774,14
1775,3
1775,4
1775,8
1775,9
1775,10
1775,14
1775,15
1776,0
1776,12
1777,2
1777,3
1777,7
1777,8
1777,13
1777,14
1778,6
1778,7
1778,8
1778,9
1778,10
1778,11
1778,13
1778,14
1779,0
1779,5
1779,6
1779,7
1779,8
1779,10
1779,11
1779,13
1779,14
1780,8
1780,9
1780,13
1780,14
1780,15
1781,0
1781,1
1781,3
1781,5
1781,8
1781,10
1781,14
1782,2
1782,4
1782,6
1782,7
1782,15
1783,0
1783,2
1783,5
1783,7
1783,10
1784,2
1784,3
1784,5
1784,7
1784,10
1784,11
1785,6
1785,10
1785,11
1785,15
1786,2
1786,3
1786,9
1786,10
1786,11
1786,12
1786,14
1787,0
1787,1
1787,3
1787,5
1787,6
1787,11
1787,13
1787,15
1788,0
1788,1
1788,4
1788,9
1788,12
1788,14
1789,4
1789,5
1789,6
1790,1
1790,2
1790,3
1790,5
1790,11
1790,12
1790,15
1791,0
1791,1
1791,2
1791,3
1791,5
1791,8
1791,11
1791,12
1791,14
1792,2
1792,5
1792,6
1792,7
1792,9
1792,11
1793,4
1793,7
1793,8
1793,9
1793,10
1793,15
1794,1
1794,6
1794,9
1794,11
1794,14
1795,1
1795,2
1795,3
1795,7
1795,11
1795,12
1795,13
1795,14
1795,15
1796,1
1796,2
1796,10
1796,15
1797,0
1797,3
1797,10
1797,14
1798,0
1798,2
1798,3
1799,0
1799,3
1799,4
1799,6
1799,7
1799,8
1799,9
1799,15
1800,1
1800,2
1800,3
1800,5
1800,8
1800,9
1800,10
1800,12
1800,13
1800,14
1800,15
1801,0
1801,1
1801,7
1801,9
1801,11
1801,12
1801,14
1802,0
1802,4
1802,7
1802,9
1802,10
1803,0
1803,4
1803,5
1803,8
1803,9
1803,10
1803,12
1803,13
1803,15
1804,14
1805,0
1805,1
1805,3
1805,10
1805,13
1805,14
1806,0
1806,2
1806,5
1806,6
1806,7
1806,8
1806,9
1807,0
1807,3
1807,4
1807,5
1807,11
1807,12
1807,14
1807,15
1808,0
1808,1
1808,2
1808,3
1808,10
1808,11
1808,13
1808,14
1808,15
1809,3
1809,4
1809,8
1809,14
1810,1
1810,3
1810,9
1810,10
1810,12
1810,13
1811,1
1811,3
1811,4
1811,8
1811,12
1812,0
1812,1
1812,3
1812,4
1812,5
1813,0
1813,4
1813,5
1813,8
1813,12
1814,0
1814,2
1814,3
1814,5
1814,8
1814,12
1814,15
1815,0
1815,6
1815,7
1815,9
1815,10
1815,12
1815,14
1815,15
1816,0
1816,5
1816,9
1816,13
1817,0
1817,3
1817,5
1817,6
1817,7
1817,8
1817,9
1817,13
1817,15
1818,1
1818,2
1818,3
1818,5
1818,8
1818,11
1818,15
1819,0
1819,1
1819,4
1819,6
1819,10
1819,12
1819,14
1819,15
1820,4
1820,7
1820,12
1821,0
1821,1
1821,3
1821,4
1821,6
1821,10
1822,1
1822,3
1822,6
1822,14
1823,7
1823,9
1823,14
1824,0
1824,2
1824,3
1824,5
1824,7
1824,10
1824,11
1824,12
1824,15
1825,0
1825,1
1825,4
1825,6
1825,8
1825,10
1825,12
1825,14
1826,2
1826,7
1826,8
1826,9
1826,10
1826,13
1826,15
1827,0
1827,1
1827,3
1827,4
1827,6
1827,9
1827,10
1827,12
1828,0
1828,1
1828,6
1828,10
1828,11
1828,15
1829,2
1829,4
1829,8
1829,9
1830,0
1830,3
1830,4
1830,5
1830,7
1830,14
1830,15
1831,1
1831,2
1831,4
1831,6
1831,8
1831,9
1831,10
1831,13
1831,14
1832,0
1832,1
1832,2
1832,3
1832,7
1832,8
1832,9
1832,14
1832,15
1833,0
1833,5
1833,9
1833,10
1833,11
1833,12
1834,0
1834,3
1834,4
1834,6
1834,8
1834,11
1834,13
1834,14
1835,0
1835,1
1835,3
1835,4
1835,8
1835,12
1835,13
1836,2
1836,4
1836,9
1836,10
1836,12
1836,13
1836,14
1837,3
1837,5
1837,6
1837,7
1838,0
1838,1
1838,2
1838,8
1838,9
1838,13
1839,1
1839,3
1839,4
1839,6
1839,7
1839,8
1839,12
1839,14
1840,0
1840,1
1840,2
1840,6
1840,7
1840,10
1840,11
1840,12
1840,13
1840,14
1840,15
1841,0
1841,1
1841,2
1841,3
1841,4
1841,6
1841,10
1841,13
1842,0
1842,4
1842,7
1842,8
1842,10
1842,14
1843,0
1843,7
1843,10
1844,4
1844,7
1844,8
1844,9
1845,1
1845,3
1845,5
1845,7
1845,9
1845,11
1845,14
1845,15
1846,1
1846,2
1846,4
1846,6
1846,7
1846,8
1846,10
1846,11
1846,13
1847,3
1847,6
1847,11
1847,12
1847,13
1848,0
1848,2
1848,3
1848,7
1848,8
1848,11
1848,13
1849,4
1849,6
1849,7
1849,8
1849,11
1849,13
1850,0
1850,2
1850,4
1850,9
1850,11
1851,0
1851,1
1851,3
1851,5
1851,6
1851,7
1851,8
1851,9
1851,10
1851,13
1851,14
1852,1
1852,2
1852,5
1852,10
1852,12
1853,0
1853,5
1853,11
1853,15
1854,0
1854,3
1854,4
1854,5
1854,6
1854,7
1854,13
1855,1
1855,2
1855,6
1856,2
1856,3
1856,7
1856,10
1856,11
1857,0
1857,3
1857,8
1857,9
1857,11
1858,3
1858,4
1858,7
1858,9
1858,12
1858,13
1858,14
1859,0
1859,6
1859,12
1859,14
1860,3
1860,7
1860,14
1861,4
1861,5
1861,7
1861,9
1861,10
1861,13
1862,0
1862,2
1862,3
1862,4
1862,6
1862,8
1862,12
1862,13
1863,5
1863,7
1863,9
1863,12
1863,14
1864,1
1864,3
1864,4
1864,6
1864,8
1864,12
1864,13
1864,14
1864,15
1865,4
1865,5
1865,6
1865,8
1865,9
1865,11
1865,13
1865,14
1866,3
1866,8
1866,9
1866,11
1866,13
1866,15
1867,3
1867,8
1867,9
1867,12
1867,13
1867,14
1867,15
1868,0
1868,1
1868,5
1868,12
1869,1
1869,2
1869,3
1869,5
1869,6
1869,10
1869,12
1869,14
1870,6
1870,8
1870,10
1870,11
1870,14
1871,1
1871,3
1871,6
1871,8
1871,10
1871,11
1871,12
1871,13
1871,14
1872,0
1872,2
1872,3
1872,5
1872,7
1872,9
1872,11
1872,14
1873,1
1873,4
1873,5
1873,6
1873,7
1873,8
1873,13
1874,1
1874,3
1874,7
1874,9
1874,12
1874,13
1875,3
1875,7
1875,8
1875,13
1876,1
1876,2
1876,3
1876,4
1876,5
1876,7
1876,8
1876,10
1876,11
1876,13
1877,5
1877,7
1877,8
1877,10
1878,0
1878,2
1878,3
1878,7
1878,8
1879,5
1879,8
1879,9
1879,10
1879,12
1879,14
1879,15
1880,3
1880,4
1880,6
1880,7
1880,14
1881,2
1881,9
1881,11
1881,13
1882,1
1882,2
1882,6
1882,7
1882,10
1882,12
1882,13
1883,0
1883,1
1883,2
1883,3
1883,8
1883,9
1883,13
1884,0
1884,7
1884,9
1884,11
1884,14
1884,15
1885,2
1885,3
1885,5
1885,12
1885,15
1886,2
1886,9
1886,10
1886,12
1887,0
1887,2
1887,3
1887,4
1887,5
1887,6
1887,13
1888,1
1888,2
1888,8
1888,12
1889,0
1889,4
1889,11
1889,14
1890,3
1890,13
1890,14
1891,0
1891,1
1891,3
1891,11
1891,14
1891,15
1892,0
1892,1
1892,8
1892,10
1892,12
1893,4
1893,5
1893,7
1893,8
1893,9
1894,1
1894,2
1894,9
1894,12
1894,13
1894,15
1895,0
1895,3
1895,5
1895,6
1895,7
1895,8
1895,9
1895,10
1895,14
1895,15
1896,5
1896,8
1896,9
1897,0
1897,1
1897,6
1897,10
1897,15
1898,1
1898,2
1898,6
1898,10
1898,12
1898,13
1898,14
1898,15
1899,4
1899,5
1899,8
1899,9
1899,12
1899,14
1899,15
1900,0
1900,1
1900,2
1900,3
1900,7
1900,8
1900,11
1900,12
1900,13
1900,14
1901,0
1901,2
1901,5
1901,7
1901,10
1902,0
1902,3
1902,4
1902,5
1902,6
1902,11
1902,14
1903,0
1903,1
1903,2
1903,4
1903,6
1903,9
1903,10
1903,15
1904,0
1904,2
1904,5
1904,10
1904,11
1904,13
1904,15
1905,2
1905,4
1905,6
1905,14
1906,4
1906,5
1906,10
1906,13
1906,14
1907,0
1907,3
1907,4
1907,6
1907,11
1907,14
1908,0
1908,3
1908,4
1908,6
1908,8
1908,13
1908,15
1909,1
1909,3
1909,4
1909,6
1909,14
1909,15
1910,0
1910,2
1910,3
1910,5
1910,8
1910,11
1910,13
1911,0
1911,1
1911,2
1911,3
1911,4
1911,10
1911,15
1912,0
1912,1
1912,4
1912,6
1912,7
1912,10
1912,13
1913,0
1913,3
1913,8
1913,9
1913,10
1913,11
1913,13
1913,15
1914,1
1914,2
1914,4
1914,5
1914,8
1914,12
1914,15
1915,5
1915,6
1915,8
1915,10
1915,12
1915,14
1916,2
1916,3
1916,6
1916,8
1916,10
1916,11
1916,14
1917,1
1917,3
1917,10
1917,14
1917,15
1918,3
1918,6
1918,7
1918,8
1918,10
1918,14
1919,2
1919,7
1919,8
1919,9
1919,12
1919,13
1919,14
1920,0
1920,3
1920,4
1920,5
1920,6
1920,8
1920,9
1920,10
1920,12
1920,15
1921,1
1921,4
1921,6
1921,7
1921,8
1921,9
1921,12
1921,13
1921,14
1921,15
1922,1
1922,2
1922,3
1922,5
1922,6
1922,7
1922,10
1922,12
1922,13
1922,15
1923,5
1923,8
1923,10
1923,12
1923,14
1924,1
1924,2
1924,5
1924,6
1924,10
1924,11
1924,12
1925,3
1925,5
1925,7
1925,9
1925,10
1925,12
1926,0
1926,2
1926,3
1926,4
1926,6
1926,7
1926,11
1926,13
1926,14
1927,0
1927,2
1927,3
1927,4
1927,7
1927,12
1928,0
1928,4
1928,7
1928,8
1928,12
1929,0
1929,3
1929,4
1929,5
1929,8
1929,9
1929,10
1930,3
1930,4
1930,6
1930,10
1930,13
1931,1
1931,2
1931,3
1931,4
1931,6
1931,12
1931,13
1931,14
1931,15
1932,1
1932,3
1932,5
1932,6
1932,8
1933,1
1933,5
1933,6
1933,12
1933,13
1934,0
1934,3
1934,7
1934,11
1935,2
1935,3
1935,4
1935,7
1935,9
1935,11
1935,12
1935,13
1935,15
1936,2
1936,5
1936,7
1936,8
1936,10
1936,12
1936,15
1937,0
1937,3
1937,5
1937,6
1937,7
1937,9
1937,10
1937,11
1937,15
1938,1
1938,6
1938,9
1938,11
1938,12
1938,13
1939,2
1939,4
1939,6
1939,8
1939,11
1939,13
1939,14
1940,0
1940,4
1940,6
1940,7
1940,9
1940,11
1940,12
1940,14
1940,15
1941,3
1941,6
1941,9
1941,12
1941,14
1941,15
1942,0
1942,3
1942,4
1942,8
1942,9
1942,14
1943,0
1943,7
1943,8
1943,11
1943,12
1944,2
1944,4
1944,7
1944,15
1945,1
1945,2
1945,9
1946,0
1946,4
1946,8
1946,10
1946,11
1946,12
1946,13
1947,0
1947,2
1947,5
1947,7
1947,10
1947,14
1947,15
1948,1
1948,4
1948,5
1948,9
1949,0
1949,2
1949,3
1949,5
1949,10
1949,14
1949,15
1950,1
1950,3
1950,7
1950,8
1951,0
1951,3
1951,4
1951,6
1951,7
1951,9
1951,10
1951,15
1952,3
1952,8
1952,9
1952,13
1952,14
1952,15
1953,0
1953,1
1953,4
1954,4
1954,6
1954,7
1954,9
1954,10
1954,14
1954,15
1955,5
1955,6
1955,8
1955,9
1955,10
1955,13
1955,15
1956,1
1956,6
1956,7
1956,13
1956,15
1957,6
1957,11
1957,15
1958,3
1958,6
1958,8
1958,9
1958,11
1959,0
1959,3
1959,5
1959,6
1959,8
1959,12
1960,1
1960,3
1960,7
1960,9
1960,10
1960,13
1960,15
1961,0
1961,3
1961,5
1961,8
1961,10
1961,12
1962,0
1962,4
1962,6
1962,8
1962,10
1962,11
1963,0
1963,1
1963,3
1963,8
1963,9
1963,12
1963,14
1964,0
1964,3
1964,8
1965,3
1966,2
1966,3
1966,4
1966,5
1966,8
1966,10
1966,12
1966,13
1966,14
1967,0
1967,4
1967,5
1967,7
1967,12
1967,13
1967,14
1967,15
1968,1
1968,3
1968,5
1968,6
1968,7
1968,8
1968,9
1968,10
1968,11
1968,12
1968,14
1969,4
1969,7
1969,9
1969,12
1969,15
1970,1
1970,3
1970,6
1970,7
1970,14
1970,15
1971,2
1971,3
1971,5
1971,10
1971,11
1971,12
1971,15
1972,0
1972,5
1972,6
1972,7
1972,8
1972,13
1972,14
1973,2
1973,3
1973,4
1973,6
1973,8
1973,9
1973,10
1973,13
1973,15
1974,4
1974,5
1974,6
1974,9
1974,11
1975,1
1975,6
1975,7
1975,9
1975,10
1975,11
1975,15
1976,2
1976,4
1976,6
1976,7
1976,8
1976,12
1977,1
1977,8
1977,9
1977,11
1978,3
1978,5
1978,9
1978,10
1978,15
1979,5
1979,6
1979,7
1979,8
1979,9
1979,12
1980,1
1980,3
1980,5
1980,8
1980,10
1980,12
1980,13
1980,15
1981,2
1981,5
1981,9
1981,11
1981,15
1982,0
1982,1
1982,2
1982,4
1982,5
1982,9
1982,10
1982,11
1983,0
1983,5
1983,6
1983,8
1983,9
1983,12
1984,0
1984,2
1984,5
1984,7
1984,8
1984,9
1984,10
1984,12
1984,13
1984,15
1985,3
1985,4
1985,5
1985,6
1985,7
1985,10
1985,11
1985,12
1985,14
1986,0
1986,1
1986,2
1986,3
1986,4
1986,5
1986,6
1986,7
1986,8
1986,9
1986,10
1986,11
1986,13
1986,15
1987,0
1987,2
1987,6
1987,7
1987,9
1987,10
1987,11
1987,13
1987,14
1987,15
1988,0
1988,2
1988,10
1989,4
1989,7
1989,12
1989,15
1990,0
1990,1
1990,3
1990,12
1991,3
1991,6
1991,8
1991,11
1992,0
1992,6
1992,7
1992,8
1992,13
1992,15
1993,2
1993,4
1993,5
1993,7
1993,12
1994,0
1994,2
1994,3
1994,9
1994,10
1994,15
1995,1
1995,2
1995,3
1995,8
1995,10
1995,11
1995,12
1995,13
1995,14
1996,0
1996,2
1996,5
1996,8
1996,10
1996,14
1997,2
1997,3
1997,4
1997,7
1997,8
1997,11
1997,13
1998,0
1998,1
1998,2
1998,7
1998,10
1998,11
1998,15
1999,2
1999,4
1999,8
1999,9
2000,0
2000,1
2000,4
2000,6
2000,8
2000,9
2000,11
2000,15
2001,0
2001,1
2001,5
2001,10
2001,11
2001,14
2001,15
2002,0
2002,2
2002,3
2002,4
2002,5
2002,10
2002,11
2003,2
2003,3
2003,6
2003,7
2003,8
2003,10
2003,11
2003,12
2003,13
2003,15
2004,0
2004,2
2004,4
2004,5
2004,6
2004,10
2004,12
2004,13
2004,14
2004,15
2005,0
2005,3
2005,5
2005,6
2005,10
2005,13
2005,15
2006,0
2006,1
2006,3
2006,4
2006,6
2006,7
2006,8
2006,12
2006,14
2007,0
2007,2
2007,5
2007,9
2007,10
2007,12
2007,14
2008,3
2008,5
2008,6
2008,8
2008,9
2008,15
2009,0
2009,1
2009,3
2009,5
2009,6
2009,7
2009,9
2009,11
2010,0
2010,3
2010,4
2010,5
2010,6
2010,12
2010,13
2010,14
2011,1
2011,2
2011,3
2011,8
2011,9
2011,10
2011,15
2012,0
2012,3
2012,5
2012,7
2012,9
2012,10
2012,12
2013,6
2013,10
2013,12
2013,13
2013,14
2014,1
2014,2
2014,7
2014,8
2014,9
2014,10
2014,11
2014,14
2014,15
2015,1
2015,2
2015,3
2015,4
2015,6
2015,12
2015,13
2015,14
2016,0
2016,1
2016,2
2016,3
2016,6
2016,7
2016,8
2016,11
2016,15
2017,0
2017,3
2017,6
2017,10
2017,12
2017,14
2018,0
2018,5
2018,6
2018,13
2018,15
2019,2
2019,4
2019,10
2019,12
2020,0
2020,3
2020,6
2020,7
2020,14
2020,15
2021,0
2021,1
2021,8
2021,11
2021,12
2021,13
2022,0
2022,1
2022,3
2022,4
2022,5
2022,6
2022,9
2022,10
2022,13
2022,15
2023,0
2023,2
2023,3
2023,5
2023,9
2023,13
2023,14
2023,15
2024,1
2024,3
2024,5
2024,6
2024,11
2024,12
2025,0
2025,5
2025,6
2025,7
2025,12
2025,13
2026,1
2026,2
2026,7
2026,9
2026,10
2026,13
2026,14
2027,0
2027,3
2027,8
2027,11
2027,14
2027,15
2028,2
2028,3
2028,6
2028,9
2028,12
2028,15
2029,2
2029,5
2029,7
2029,8
2029,13
2029,14
2030,0
2030,6
2030,7
2030,8
2030,9
2030,10
2030,15
2031,1
2031,2
2031,3
2031,5
2031,7
2031,8
2031,9
2031,10
2031,11
2031,12
2031,13
2031,14
2032,4
2032,6
2032,7
2032,11
2032,12
2032,15
2033,0
2033,1
2033,4
2033,5
2033,8
2033,9
2034,3
2034,4
2034,6
2034,9
2034,10
2034,12
2034,13
2034,15
2035,2
2035,3
2035,4
2035,6
2035,8
2035,9
2035,10
2035,15
2036,3
2036,5
2036,9
2036,10
2036,13
2036,14
2036,15
2037,0
2037,5
2037,7
2037,9
2037,10
2037,12
2037,14
2037,15
2038,1
2038,8
2039,0
2039,2
2039,3
2039,5
2039,7
2039,11
2039,12
2040,5
2040,8
2040,11
2040,12
2041,2
2041,5
2041,6
2041,7
2041,8
2041,9
2041,13
2042,0
2042,1
2042,2
2042,6
2042,14
2042,15
2043,1
2043,2
2043,3
2043,4
2043,6
2043,12
2043,13
2043,14
2043,15
2044,2
2044,12
2044,14
2045,0
2045,4
2045,7
2045,13
2045,14
2045,15
2046,6
2046,9
2046,12
2046,14
2046,15
2047,8
2047,10
2048,2
2048,4
2048,7
2048,8
2048,11
2048,13
2048,15
2049,1
2049,3
2049,7
2049,10
2049,12
2049,15
2050,1
2050,2
2050,4
2050,5
2050,7
2050,8
2050,9
2050,10
2050,12
2051,0
2051,2
2051,11
2051,12
2051,13
2051,14
2052,0
2052,4
2052,6
2052,8
2052,9
2052,10
2052,12
2052,14
2053,0
2053,1
2053,4
2053,9
2053,10
2053,14
2053,15
2054,3
2054,4
2054,6
2054,7
2054,9
2054,12
2055,2
2055,5
2055,9
2055,10
2055,11
2055,12
2056,1
2056,3
2056,5
2056,7
2056,9
2056,10
2056,12
2056,15
2057,1
2057,3
2057,5
2057,8
2057,10
2057,12
2057,13
2057,14
2058,0
2058,2
2058,3
2058,4
2058,6
2058,7
2058,10
2058,13
2058,14
2058,15
2059,0
2059,1
2059,4
2059,6
2059,7
2059,9
2059,11
2059,12
2059,14
2060,5
2060,7
2060,9
2061,0
2061,8
2061,12
2061,14
2061,15
2062,1
2062,3
2062,4
2062,5
2062,6
2062,7
2062,13
2063,1
2063,2
2063,5
2063,6
2063,9
2063,11
2063,12
2063,13
2063,14
2063,15
2064,2
2064,7
2064,10
2064,11
2064,12
2065,2
2065,6
2065,9
2065,10
2065,11
2065,12
2065,15
2066,2
2066,3
2066,6
2066,8
2066,9
2066,11
2066,14
2067,0
2067,1
2067,7
2067,13
2067,14
2068,0
2068,1
2068,6
2068,7
2068,8
2068,10
2068,14
2069,0
2069,2
2069,3
2069,9
2069,10
2069,14
2069,15
2070,2
2070,3
2070,5
2070,7
2070,9
2070,14
2071,6
2071,7
2071,8
2071,13
2071,14
2071,15
2072,0
2072,7
2072,9
2072,10
2072,12
2072,15
2073,0
2073,1
2073,2
2073,3
2073,7
2073,10
2073,12
2073,14
2074,1
2074,2
2074,3
2074,4
2074,5
2074,8
2074,12
2074,14
2074,15
2075,4
2075,7
2075,9
2075,10
2075,12
2075,13
2075,14
2076,1
2076,4
2076,5
2076,9
2076,12
2076,15
2077,0
2077,2
2077,4
2077,5
2077,6
2077,7
2077,9
2077,10
2077,11
2077,12
2077,14
2078,2
2078,3
2078,5
2078,9
2078,10
2078,12
2078,14
2078,15
2079,1
2079,2
2079,8
2079,9
2079,10
2080,2
2080,9
2080,10
2080,11
2080,14
2080,15
2081,0
2081,1
2081,8
2081,11
2081,12
2082,4
2082,5
2083,0
2083,2
2083,5
2083,9
2083,10
2083,15
2084,1
2084,3
2084,6
2084,7
2084,11
2084,13
2085,1
2085,9
2085,10
2085,13
2085,14
2085,15
2086,1
2086,2
2086,3
2086,5
2086,9
2086,14
2087,1
2087,2
2087,7
2087,8
2087,10
2088,5
2088,6
2088,10
2088,11
2088,14
2088,15
2089,3
2089,4
2089,5
2089,6
2089,10
2089,11
2089,13
2089,14
2090,0
2090,4
2090,13
2091,2
2091,6
2091,8
2091,11
2092,0
2092,1
2092,3
2092,5
2092,9
2092,10
2092,11
2092,12
2092,13
2092,14
2093,1
2093,4
2093,7
2093,14
2094,1
2094,4
2094,7
2094,9
2094,11
2095,0
2095,4
2095,10
2096,1
2096,2
2096,6
2096,9
2096,10
2096,13
2096,15
2097,4
2097,5
2097,8
2097,11
2097,12
2097,13
2097,15
2098,0
2098,4
2098,8
2098,10
2098,11
2098,14
2099,0
2099,3
2099,6
2099,9
2099,10
2099,12
2099,14
2099,15
2100,0
2100,1
2100,2
2100,3
2100,11
2100,13
2101,0
2101,4
2101,9
2101,10
2102,0
2102,1
2102,2
2102,5
2102,7
2102,9
2102,14
2103,3
2103,4
2103,5
2103,7
2103,10
2103,12
2103,13
2104,1
2104,2
2104,5
2104,7
2104,13
2104,14
2104,15
2105,3
2105,4
2105,5
2105,8
2105,9
2105,11
2105,14
2106,2
2106,4
2106,7
2106,10
2106,12
2106,13
2107,0
2107,2
2107,6
2107,9
2107,10
2107,13
2108,1
2108,3
2108,6
2108,7
2108,11
2108,12
2108,15
2109,1
2109,2
2109,8
2109,9
2109,11
2110,2
2110,8
2110,9
2110,12
2110,14
2111,2
2111,9
2111,10
2111,13
2112,0
2112,8
2112,9
2112,11
2112,14
2112,15
2113,0
2113,2
2113,3
2113,4
2113,8
2113,9
2113,12
2113,15
2114,0
2114,4
2114,6
2114,9
2114,14
2114,15
2115,4
2115,6
2115,11
2116,0
2116,1
2116,7
2116,8
2116,9
2116,11
2116,12
2117,3
2117,7
2117,8
2117,10
2118,0
2118,5
2118,13
2118,15
2119,0
2119,1
2119,2
2119,4
2119,9
2119,14
2120,0
2120,2
2120,3
2120,8
2120,9
2120,10
2120,11
2120,12
2121,3
2121,6
2121,7
2121,13
2122,1
2122,4
2122,6
2122,12
2122,13
2123,1
2123,3
2123,7
2123,9
2123,10
2123,12
2124,0
2124,1
2124,2
2124,3
2125,0
2125,2
2125,3
2125,9
2125,12
2125,15
2126,3
2126,7
2126,8
2126,9
2126,14
2127,2
2127,3
2127,4
2127,5
2127,6
2127,11
2127,14
2127,15
2128,0
2128,1
2128,2
2128,3
2128,4
2128,7
2128,12
2129,3
2129,6
2129,12
2129,14
2130,5
2130,10
2130,11
2130,13
2131,0
2131,1
2131,4
2131,12
2131,13
2131,15
2132,1
2132,2
2132,3
2132,4
2132,5
2132,6
2132,8
2132,11
2132,12
2132,15
2133,0
2133,1
2133,4
2133,5
2133,7
2133,12
2133,14
2133,15
2134,0
2134,2
2134,3
2134,5
2134,6
2134,10
2134,13
2135,2
2135,3
2135,6
2135,11
2135,14
2135,15
2136,0
2136,1
2136,4
2136,5
2136,9
2136,10
2136,11
2136,13
2136,14
2137,1
2137,3
2137,4
2137,5
2137,6
2137,7
2137,8
2137,9
2137,13
2137,15
2138,0
2138,1
2138,3
2138,4
2138,7
2138,8
2138,9
2138,10
2138,12
2138,14
2138,15
2139,2
2139,3
2139,5
2139,7
2139,13
2139,14
2140,1
2140,4
2140,8
2140,9
2140,12
2140,13
2140,14
2141,1
2141,3
2141,4
2141,7
2141,8
2141,9
2141,10
2141,11
2141,15
2142,0
2142,1
2142,4
2142,5
2142,11
2142,12
2143,8
2143,11
2143,14
2144,2
2144,3
2144,4
2144,6
2144,10
2144,11
2144,14
2144,15
2145,0
2145,1
2145,2
2145,3
2145,8
2145,9
2145,10
2145,13
2146,0
2146,1
2146,5
2146,6
2146,9
2146,10
2146,11
2146,14
2147,0
2147,1
2147,2
2147,5
2147,6
2147,8
2147,10
2148,0
2148,7
2148,8
2148,11
2149,1
2149,2
2149,4
2149,5
2149,6
2149,7
2149,8
2149,11
2150,4
2150,5
2150,7
2150,8
2150,10
2150,12
2150,14
2151,0
2151,1
2151,4
2151,6
2151,8
2151,12
2152,2
2152,3
2152,4
2152,7
2152,8
2152,9
2152,14
2152,15
2153,0
2153,1
2153,2
2153,3
2154,2
2154,7
2154,11
2154,13
2154,14
2154,15
2155,0
2155,4
2155,13
2156,4
2156,5
2156,10
2156,12
2157,0
2157,1
2157,2
2157,6
2157,7
2157,14
2157,15
2158,0
2158,4
2158,10
2158,11
2158,13
2158,15
2159,1
2159,4
2159,5
2159,7
2159,12
2159,13
2159,15
2160,0
2160,1
2160,2
2160,4
2160,7
2160,9
2160,14
2161,1
2161,2
2161,4
2161,10
2161,15
2162,1
2162,6
2162,8
2162,10
2162,11
2162,12
2162,14
2162,15
2163,1
2163,2
2163,3
2163,6
2163,10
2164,1
2164,4
2164,6
2164,8
2164,12
2164,15
2165,0
2165,2
2165,5
2165,8
2165,10
2165,12
2165,13
2165,14
2166,4
2166,8
2166,9
2166,12
2166,13
2167,1
2167,4
2167,8
2167,12
2168,0
2168,1
2168,4
2168,7
2168,8
2168,9
2168,11
2168,13
2169,2
2169,3
2169,4
2169,6
2169,11
2169,13
2169,14
2170,0
2170,3
2170,4
2170,5
2170,6
2170,7
2170,8
2170,9
2170,15
2171,8
2171,10
2171,11
2171,13
2171,15
2172,1
2172,10
2172,12
2172,13
2172,15
2173,0
2173,1
2173,4
2173,5
2173,6
2173,7
2173,11
2173,12
2173,13
2173,15
2174,0
2174,2
2174,8
2174,15
2175,7
2175,8
2175,10
2175,15
2176,0
2176,3
2176,4
2176,7
2176,9
2176,11
2176,12
2176,13
2177,0
2177,3
2177,4
2177,5
2177,8
2177,11
2178,1
2178,5
2178,8
2178,13
2178,14
2179,2
2179,3
2179,5
2179,6
2179,8
2179,9
2179,10
2179,13
2179,15
2180,0
2180,2
2180,4
2180,5
2180,8
2180,9
2180,12
2180,14
2181,1
2181,2
2181,3
2181,6
2181,9
2181,10
2181,11
2181,15
2182,0
2182,9
2182,12
2183,1
2183,2
2183,3
2183,5
2183,7
2183,9
2183,10
2183,11
2183,13
2183,14
2184,0
2184,4
2184,8
2184,9
2184,12
2184,13
2185,1
2185,5
2185,6
2185,7
2185,9
2185,11
2185,12
2185,15
2186,2
2186,3
2186,4
2186,6
2186,9
2186,11
2186,12
2186,15
2187,4
2187,12
2188,0
2188,1
2188,4
2188,9
2188,11
2189,3
2189,4
2189,6
2189,14
2189,15
2190,1
2190,6
2190,8
2190,9
2190,15
2191,1
2191,4
2191,5
2191,6
2191,11
2191,14
2192,1
2192,3
2192,9
2192,10
2192,12
2192,13
2192,14
2192,15
2193,0
2193,1
2193,2
2193,9
2193,11
2193,15
2194,3
2194,6
2194,9
2194,11
2194,12
2195,4
2195,5
2195,8
2195,9
2195,12
2195,13
2195,14
2196,0
2196,1
2197,2
2197,4
2197,5
2197,8
2197,10
2197,15
2198,0
2198,2
2198,4
2198,7
2198,8
2198,10
2198,12
2198,15
2199,1
2199,6
2199,9
2199,14
2200,5
2200,10
2200,12
2201,1
2201,10
2201,14
2201,15
2202,0
2202,1
2202,2
2202,4
2202,6
2202,7
2203,0
2203,1
2203,2
2203,3
2203,4
2203,7
2203,8
2203,9
2203,10
2203,11
2204,9
2204,15
2205,2
2205,3
2205,4
2205,6
2205,9
2205,15
2206,1
2206,6
2206,7
2206,9
2206,12
2206,14
2206,15
2207,0
2207,1
2207,4
2207,5
2207,8
2207,15
2208,0
2208,2
2208,3
2208,11
2208,12
2208,13
2208,15
2209,0
2209,3
2209,4
2209,6
2209,7
2209,8
2209,10
2209,11
2210,0
2210,1
2210,5
2210,8
2210,9
2210,10
2210,12
2211,2
2211,4
2211,5
2211,7
2211,9
2211,10
2211,11
2211,12
2211,13
2211,14
2212,0
2212,8
2212,10
2212,12
2212,15
2213,2
2213,3
2213,4
2213,7
2213,8
2213,11
2214,4
2214,7
2214,9
2214,10
2214,13
2215,2
2215,3
2215,4
2215,5
2215,7
2215,10
2215,11
2215,12
2216,1
2216,4
2216,5
2216,6
2216,10
2216,12
2216,14
2217,2
2217,3
2217,7
2217,8
2217,9
2217,11
2217,14
2217,15
2218,0
2218,1
2218,5
2218,7
2218,14
2218,15
2219,0
2219,2
2219,3
2219,4
2219,6
2219,10
2219,12
2219,13
2219,14
2220,1
2220,4
2220,7
2220,9
2220,12
2220,15
2221,0
2221,2
2221,5
2221,6
2221,10
2222,9
2222,10
2222,13
2222,14
2222,15
2223,0
2223,3
2223,5
2223,7
2223,9
2223,10
2223,12
2223,15
2224,0
2224,1
2224,3
2224,5
2224,6
2224,7
2224,8
2224,10
2224,11
2224,12
2224,13
2225,2
2225,5
2225,7
2225,10
2225,11
2225,13
2225,14
2226,1
2226,2
2226,5
2226,7
2226,8
2226,11
2227,0
2227,3
2227,5
2227,7
2227,9
2227,10
2227,11
2227,15
2228,1
2228,4
2228,6
2228,9
2228,14
2229,4
2229,7
2229,10
2229,15
2230,0
2230,2
2230,5
2230,7
2230,9
2230,12
2231,3
2231,15
2232,2
2232,10
2233,0
2233,2
2233,3
2233,8
2233,11
2234,1
2234,2
2234,3
2234,6
2234,8
2234,11
2234,12
2234,15
2235,2
2235,3
2235,4
2235,6
2235,12
2235,13
2235,15
2236,3
2236,5
2236,6
2236,9
2236,10
2236,14
2237,7
2237,9
2237,11
2237,12
2238,1
2238,2
2238,3
2238,6
2238,7
2238,10
2238,12
2238,13
2238,15
2239,1
2239,7
2239,8
2239,12
2239,14
2240,0
2240,2
2240,3
2240,8
2240,12
2240,13
2240,14
2241,0
2241,5
2241,8
2241,11
2241,13
2241,15
2242,0
2242,1
2242,4
2242,5
2242,7
2242,11
2242,13
2242,14
2243,2
2243,3
2243,4
2243,5
2243,8
2243,9
2243,10
2243,11
2243,12
2243,13
2243,14
2243,15
2244,8
2244,15
2245,0
2245,5
2245,10
2245,15
2246,3
2246,4
2246,6
2246,9
2246,10
2246,12
2246,14
2247,1
2247,5
2247,6
2247,11
2247,12
2247,14
2248,2
2248,5
2248,6
2248,9
2248,10
2248,14
2249,0
2249,1
2249,4
2249,7
2249,13
2249,14
2249,15
2250,4
2250,8
2250,9
2250,10
2250,12
2250,13
2250,14
2251,0
2251,1
2251,2
2251,3
2251,8
2251,13
2251,15
2252,3
2252,12
2252,14
2253,0
2253,1
2253,4
2253,7
2253,8
2253,9
2253,11
2253,13
2253,14
2253,15
2254,0
2254,4
2254,5
2254,6
2254,9
2254,14
2254,15
2255,4
2255,5
2255,6
2255,11
2255,12
2256,0
2256,2
2256,3
2256,4
2256,6
2256,7
2256,8
2256,9
2256,10
2256,11
2256,14
2257,1
2257,2
2257,8
2257,12
2257,13
2258,2
2258,5
2258,9
2258,12
2259,0
2259,2
2259,5
2259,8
2259,10
2260,3
2260,4
2260,8
2260,10
2260,13
2261,1
2261,9
2261,11
2261,13
2261,14
2262,0
2262,3
2262,4
2262,6
2262,8
2262,9
2262,13
2262,14
2262,15
2263,1
2263,4
2263,5
2263,6
2263,7
2263,9
2263,11
2264,1
2264,2
2264,5
2264,12
2265,4
2265,6
2265,7
2265,8
2265,9
2265,11
2265,12
2265,13
2265,14
2266,1
2266,2
2266,3
2266,4
2266,6
2266,7
2266,8
2266,10
2266,11
2266,12
2267,2
2267,3
2267,4
2267,8
2267,10
2268,1
2268,3
2268,4
2268,6
2268,7
2268,10
2268,12
2269,3
2269,10
2269,11
2269,13
2270,1
2270,3
2270,5
2270,6
2270,12
2271,1
2271,2
2271,3
2271,4
2271,5
2271,13
2271,14
2271,15
2272,0
2272,2
2272,3
2272,11
2273,1
2273,2
2273,3
2273,9
2273,10
2273,11
2273,14
2273,15
2274,4
2274,6
2274,9
2274,13
2274,14
2274,15
2275,3
2275,5
2275,7
2275,14
2276,0
2276,1
2276,2
2276,4
2276,6
2276,15
2277,1
2277,2
2277,5
2277,12
2278,4
2278,6
2278,9
2279,1
2279,8
2279,10
2279,11
2279,12
2279,14
2280,1
2280,3
2280,4
2280,5
2280,6
2280,7
2280,8
2280,15
2281,3
2281,4
2281,6
2281,7
2281,8
2281,10
2281,11
2281,15
2282,3
2282,4
2282,5
2282,10
2282,12
2282,14
2282,15
2283,0
2283,3
2283,4
2283,8
2283,9
2283,11
2283,13
2283,14
2284,0
2284,1
2284,9
2284,10
2284,12
2285,1
2285,2
2285,9
2285,11
2285,15
2286,1
2286,4
2286,6
2286,9
2286,12
2286,13
2286,14
2287,0
2287,3
2287,6
2287,8
2287,9
2287,10
2287,13
2288,0
2288,3
2288,7
2288,8
2288,9
2288,11
2288,14
2289,0
2289,2
2289,13
2290,3
2290,6
2290,8
2290,10
2290,14
2290,15
2291,2
2291,3
2291,8
2291,10
2292,2
2292,3
2292,5
2292,6
2292,7
2292,9
2292,12
2292,13
2293,1
2293,5
2293,6
2293,8
2293,11
2293,13
2293,14
2294,0
2294,1
2294,3
2294,4
2294,6
2294,7
2294,8
2294,9
2294,13
2294,14
2295,1
2295,4
2295,5
2295,7
2296,3
2296,6
2296,8
2296,9
2296,12
2297,2
2297,13
2297,14
2298,5
2298,8
2298,10
2298,11
2298,12
2298,13
2298,14
2298,15
2299,1
2299,5
2299,6
2299,7
2299,9
2299,12
2299,13
2300,0
2300,1
2300,2
2300,5
2300,9
2300,10
2300,12
2301,2
2301,3
2301,4
2301,6
2301,7
2301,8
2301,11
2301,12
2301,15
2302,0
2302,3
2302,5
2302,7
2302,8
2302,13
2302,15
2303,0
2303,4
2303,8
2303,9
2303,11
2303,12
2304,0
2304,6
2304,7
2304,9
2304,10
2304,11
2305,0
2305,1
2305,2
2305,4
2305,10
2306,5
2306,7
2306,8
2306,10
2306,15
2307,1
2307,4
2307,6
2307,7
2307,8
2308,0
2308,1
2308,2
2308,4
2308,6
2308,9
2308,10
2308,14
2309,0
2309,2
2309,7
2309,10
2309,11
2309,13
2309,14
2309,15
2310,0
2310,3
2310,4
2310,6
2310,8
2310,12
2311,2
2311,11
2311,12
2312,1
2312,8
2312,9
2312,11
2312,12
2312,15
2313,0
2313,1
2313,4
2313,7
2313,8
2313,9
2313,10
2313,12
2313,13
2313,14
2314,0
2314,3
2314,6
2314,8
2314,9
2314,13
2314,14
2314,15
2315,0
2315,2
2315,4
2315,5
2315,7
2315,15
2316,2
2316,5
2316,9
2316,12
2317,2
2317,3
2317,4
2317,5
2317,6
2317,9
2317,10
2317,11
2317,12
2318,2
2318,4
2318,5
2318,8
2318,10
2318,11
2318,14
2319,0
2319,1
2319,4
2319,11
2319,12
2319,13
2320,0
2320,2
2320,4
2320,6
2320,10
2320,11
2320,13
2320,15
2321,0
2321,1
2321,3
2321,4
2321,5
2321,7
2321,9
2321,10
2321,14
2321,15
2322,0
2322,1
2322,2
2322,3
2322,6
2322,8
2322,9
2322,15
2323,2
2323,4
2323,5
2323,7
2323,8
2323,9
2323,10
2323,11
2323,12
2323,13
2323,15
2324,5
2324,7
2324,9
2324,11
2324,12
2324,15
2325,2
2325,12
2325,15
2326,0
2326,2
2326,11
2326,12
2326,13
2326,14
2327,0
2327,3
2327,6
2327,7
2327,8
2327,12
2327,13
2328,0
2328,4
2328,5
2328,6
2328,7
2328,8
2328,9
2328,10
2328,15
2329,0
2329,2
2329,4
2329,8
2329,12
2330,0
2330,1
2330,2
2330,3
2330,4
2330,6
2330,10
2330,12
2331,1
2331,2
2331,4
2331,6
2331,9
2331,14
2332,2
2332,3
2332,4
2332,5
2332,6
2332,7
2332,12
2333,1
2333,2
2333,3
2333,4
2333,5
2333,10
2333,11
2333,15
2334,2
2334,3
2334,4
2334,7
2334,9
2334,11
2334,14
2334,15
2335,2
2335,8
2335,9
2335,10
2336,1
2336,2
2336,3
2336,4
2336,5
2336,11
2336,15
2337,0
2337,1
2337,2
2337,5
2337,6
2337,7
2337,9
2337,10
2337,11
2337,13
2337,14
2337,15
2338,4
2338,8
2339,1
2339,6
2339,7
2339,10
2339,12
2339,14
2340,0
2340,3
2340,4
2340,6
2340,7
2340,12
2340,13
2340,14
2341,1
2341,4
2341,5
2341,6
2341,8
2341,13
2341,14
2342,6
2342,7
2342,14
2342,15
2343,4
2343,7
2343,8
2343,11
2343,13
2344,1
2344,3
2344,4
2344,5
2344,11
2344,12
2344,14
2344,15
2345,0
2345,1
2345,3
2345,8
2345,9
2345,10
2345,11
2345,13
2345,14
2345,15
2346,0
2346,1
2346,4
2346,5
2346,6
2346,7
2346,8
2346,9
2346,11
2346,13
2347,0
2347,2
2347,6
2347,10
2347,11
2347,13
2347,14
2347,15
2348,3
2348,4
2348,5
2348,7
2348,8
2348,9
2348,10
2348,12
2348,13
2348,15
2349,1
2349,4
2349,7
2349,9
2349,10
2349,11
2349,12
2350,4
2350,5
2350,14
2350,15
2351,1
2351,2
2351,4
2351,6
2351,13
2352,1
2352,7
2352,8
2352,11
2352,15
2353,0
2353,6
2353,10
2353,14
2354,2
2354,3
2354,4
2354,7
2354,8
2354,9
2354,11
2354,13
2355,4
2355,6
2355,10
2355,11
2355,12
2355,13
2356,0
2356,6
2356,7
2356,8
2356,14
2356,15
2357,0
2357,1
2357,2
2357,6
2357,9
2357,11
2357,13
2358,3
2358,4
2358,6
2358,10
2358,12
2358,14
2359,2
2359,4
2359,5
2359,6
2359,8
2359,9
2359,10
2359,12
2359,14
2359,15
2360,1
2360,3
2360,4
2360,6
2360,9
2360,11
2360,13
2360,14
2361,1
2361,2
2361,4
2361,5
2361,11
2362,1
2362,2
2362,3
2362,4
2362,5
2362,7
2362,8
2362,9
2362,11
2362,12
2362,14
2363,3
2363,5
2363,9
2363,10
2363,11
2363,13
2363,14
2364,4
2364,5
2364,7
2364,8
2364,10
2364,13
2364,14
2365,1
2365,2
2365,4
2365,6
2365,7
2365,8
2366,1
2366,5
2366,6
2366,7
2366,8
2366,10
2366,11
2366,13
2367,0
2367,2
2367,4
2367,5
2367,8
2367,9
2367,10
2367,13
2367,14
2367,15
2368,3
2368,8
2368,9
2369,7
2369,9
2369,11
2369,13
2370,0
2370,2
2370,5
2370,7
2370,13
2370,15
2371,0
2371,1
2371,3
2371,4
2371,5
2371,6
2371,7
2371,14
2371,15
2372,1
2372,3
2372,4
2372,5
2372,7
2373,2
2373,3
2373,8
2373,11
2373,12
2373,14
2374,0
2374,1
2374,5
2374,6
2374,7
2374,8
2374,11
2374,12
2375,0
2375,1
2375,2
2375,4
2375,5
2375,8
2375,9
2375,13
2376,0
2376,1
2376,2
2376,6
2376,9
2376,12
2377,0
2377,2
2377,5
2377,7
2377,9
2377,11
2377,14
2378,1
2378,2
2378,3
2378,4
2378,5
2378,6
2378,7
2378,10
2378,11
2378,13
2378,15
2379,0
2379,2
2379,3
2379,5
2379,6
2379,7
2379,10
2379,11
2379,14
2380,2
2380,6
2380,10
2380,14
2380,15
2381,2
2381,3
2381,4
2381,5
2381,6
2381,7
2381,9
2381,10
2381,11
2381,15
2382,0
2382,1
2382,3
2382,6
2382,7
2382,8
2382,11
2383,6
2383,8
2383,10
2383,12
2383,15
2384,2
2384,6
2384,13
2384,15
2385,3
2385,8
2385,9
2385,11
2385,12
2385,15
2386,0
2386,1
2386,2
2386,4
2386,5
2386,9
2386,12
2386,14
2386,15
2387,0
2387,3
2387,4
2387,6
2387,9
2387,10
2387,11
2387,12
2387,13
2387,14
2387,15
2388,1
2388,3
2388,6
2388,7
2388,9
2388,10
2388,11
2388,12
2388,15
2389,0
2389,2
2389,4
2389,6
2389,7
2389,12
2390,0
2390,2
2390,7
2390,8
2390,10
2390,11
2390,12
2390,13
2391,3
2391,4
2391,7
2391,10
2391,13
2391,15
2392,3
2392,5
2392,6
2392,8
2392,11
2392,12
2393,4
2393,5
2393,6
2393,7
2393,8
2393,13
2393,14
2393,15
2394,4
2394,6
2394,8
2394,10
2394,11
2395,0
2395,2
2395,4
2395,10
2396,0
2396,1
2396,3
2396,4
2396,7
2396,11
2396,12
2397,1
2397,4
2397,6
2397,9
2397,12
2397,14
2397,15
2398,0
2398,4
2398,9
2398,11
2398,12
2398,13
2398,14
2399,1
2399,3
2399,4
2399,5
2399,10
2399,11
2399,13
2400,2
2400,5
2400,6
2400,7
2400,8
2400,10
2400,11
2400,15
2401,1
2402,0
2402,4
2402,9
2402,10
2402,13
2403,0
2403,2
2403,5
2403,7
2403,8
2404,1
2404,2
2404,3
2404,4
2404,6
2404,8
2404,11
2404,13
2404,14
2405,0
2405,3
2405,5
2406,3
2406,5
2406,6
2406,8
2406,10
2406,12
2407,1
2407,3
2407,13
2408,1
2408,4
2408,7
2408,8
2408,12
2408,14
2409,1
2409,2
2409,4
2409,7
2409,9
2409,10
2409,11
2410,2
2410,3
2410,5
2410,6
2410,8
2410,9
2410,10
2410,11
2410,15
2411,2
2411,7
2411,10
2411,12
2412,0
2412,3
2412,8
2413,0
2413,1
2413,4
2413,12
2413,13
2413,15
2414,6
2414,8
2414,9
2414,10
2414,14
2415,3
2415,6
2415,7
2415,8
2415,9
2415,11
2415,12
2415,13
2416,0
2416,1
2416,7
2416,9
2416,11
2416,12
2416,14
2417,1
2417,4
2417,6
2417,7
2417,10
2417,11
2417,13
2417,15
2418,3
2418,8
2418,14
2418,15
2419,2
2419,3
2419,6
2419,9
2419,14
2420,0
2420,1
2420,3
2420,4
2420,6
2420,8
2420,10
2420,11
2420,15
2421,1
2421,3
2421,7
2421,8
2421,11
2421,15
2422,1
2422,3
2422,4
2422,5
2422,6
2422,8
2422,12
2422,14
2422,15
2423,1
2423,3
2423,6
2423,8
2423,9
2423,15
2424,0
2424,4
2424,6
2424,12
2424,14
2425,0
2425,4
2425,7
2425,11
2425,13
2425,15
2426,1
2426,3
2426,4
2426,5
2426,6
2426,9
2426,11
2427,1
2427,3
2427,7
2427,9
2427,11
2427,12
2427,15
2428,0
2428,1
2428,4
2428,6
2428,7
2429,0
2429,1
2429,2
2429,3
2429,4
2429,5
2429,6
2429,12
2429,14
2429,15
2430,1
2430,2
2430,3
2430,4
2430,7
2430,10
2430,14
2431,3
2431,5
2431,10
2431,12
2431,13
2431,14
2432,3
2432,5
2432,6
2432,7
2432,8
2432,9
2432,11
2432,12
2432,13
2432,14
2432,15
2433,0
2433,3
2433,5
2433,7
2433,9
2433,14
2434,2
2434,3
2434,5
2434,6
2434,8
2434,9
2434,11
2434,13
2435,0
2435,2
2435,5
2435,6
2435,9
2435,12
2435,15
2436,0
2436,3
2436,4
2436,8
2436,13
2436,14
2437,4
2437,5
2437,10
2437,12
2437,13
2437,14
2437,15
2438,1
2438,6
2438,8
2438,9
2438,11
2438,12
2439,0
2439,1
2439,2
2439,4
2439,6
2439,9
2439,13
2439,14
2440,1
2440,3
2440,7
2440,8
2440,10
2441,2
2441,4
2441,6
2441,9
2441,15
2442,1
2442,3
2442,5
2442,6
2442,9
2442,14
2443,0
2443,2
2443,7
2443,10
2443,12
2443,13
2444,2
2444,3
2444,6
2444,7
2444,11
2444,12
2444,13
2444,15
2445,0
2445,3
2445,8
2445,10
2445,14
2446,1
2446,3
2446,4
2446,6
2446,8
2446,9
2446,12
2446,13
2446,14
2446,15
2447,1
2447,2
2447,4
2447,5
2447,6
2447,8
2447,9
2447,10
2448,2
2448,5
2448,7
2448,10
2448,11
2448,13
2449,0
2449,1
2449,3
2449,5
2449,6
2449,7
2449,10
2449,14
2450,2
2450,6
2450,8
2450,9
2450,10
2450,12
2450,13
2451,0
2451,1
2451,5
2451,6
2451,9
2451,14
2451,15
2452,1
2452,2
2452,3
2452,5
2452,10
2452,12
2452,13
2452,15
2453,2
2453,3
2453,4
2453,6
2453,7
2453,12
2453,13
2454,0
2454,1
2454,2
2454,6
2454,12
2454,13
2455,3
2455,5
2455,8
2455,10
2455,11
2455,12
2456,0
2456,1
2456,7
2456,8
2456,9
2456,12
2457,1
2457,3
2457,8
2457,13
2457,14
2457,15
2458,1
2458,2
2458,5
2458,8
2458,9
2458,14
2458,15
2459,0
2459,5
2459,7
2459,8
2459,12
2459,13
2460,0
2460,1
2460,5
2460,6
2461,0
2461,1
2461,2
2461,3
2461,5
2461,8
2461,9
2461,10
2461,12
2462,1
2462,4
2462,5
2462,7
2462,9
2462,13
2462,14
2463,3
2463,4
2463,5
2463,6
2463,8
2463,11
2464,2
2464,3
2464,4
2464,6
2464,8
2465,1
2465,2
2465,4
2465,5
2465,6
2465,8
2465,9
2465,10
2465,12
2466,2
2466,8
2466,13
2466,15
2467,0
2467,2
2467,4
2467,10
2467,13
2467,14
2467,15
2468,1
2468,2
2468,4
2468,5
2468,8
2468,9
2468,11
2468,12
2468,13
2468,14
2468,15
2469,1
2469,2
2469,4
2469,7
2469,8
2469,11
2469,12
2469,13
2469,14
2469,15
2470,0
2470,2
2470,3
2470,5
2470,7
2470,9
2470,10
2470,15
2471,1
2471,6
2471,8
2472,1
2472,2
2472,5
2472,8
2472,9
2472,14
2473,2
2473,3
2473,6
2473,7
2473,8
2473,11
2473,12
2473,15
2474,1
2474,4
2474,5
2474,6
2474,7
2474,9
2474,10
2474,13
2474,15
2475,0
2475,6
2475,9
2475,11
2476,7
2476,9
2476,10
2476,14
2477,0
2477,4
2477,5
2477,6
2477,7
2477,10
2477,12
2477,14
2478,0
2478,2
2478,6
2478,7
2478,8
2478,13
2478,14
2478,15
2479,1
2479,8
2479,13
2480,0
2480,3
2480,4
2480,5
2480,6
2480,12
2480,15
2481,1
2481,2
2481,3
2481,5
2481,7
2481,8
2481,9
2481,12
2481,14
2482,1
2482,2
2482,5
2482,7
2482,11
2482,14
2483,1
2483,13
2484,0
2484,6
2484,9
2484,10
2484,11
2484,12
2485,1
2485,2
2485,3
2485,6
2485,8
2485,10
2485,12
2485,15
2486,0
2486,2
2486,12
2487,2
2487,5
2487,6
2487,15
2488,1
2488,3
2488,4
2488,5
2488,8
2488,13
2488,14
2489,0
2489,2
2489,3
2489,5
2489,7
2489,14
2490,1
2490,3
2490,6
2490,10
2490,12
2491,1
2491,3
2491,4
2491,5
2491,8
2491,9
2492,0
2492,2
2492,4
2492,5
2492,6
2492,8
2493,0
2493,3
2493,5
2493,6
2493,8
2493,11
2493,15
2494,0
2494,2
2494,4
2494,6
2494,7
2494,9
2494,12
2494,15
2495,0
2495,5
2495,7
2495,8
2495,12
2495,13
2496,1
2496,4
2496,7
2496,11
2496,13
2496,14
2496,15
2497,0
2497,3
2498,0
2498,3
2498,6
2499,2
2499,3
2499,5
2499,7
2499,9
2499,14
2500,2
2500,4
2500,8
2500,10
2500,12
2500,14
2501,1
2501,3
2501,7
2501,9
2501,10
2501,11
2502,7
2502,11
2502,14
2503,2
2503,4
2503,5
2503,7
2503,11
2503,13
2503,14
2504,1
2504,6
2504,8
2504,12
2505,0
2505,4
2505,6
2505,7
2505,8
2505,10
2505,13
2505,15
2506,4
2506,7
2506,9
2507,2
2507,5
2507,9
2507,13
2508,2
2508,3
2508,4
2508,5
2508,6
2508,9
2508,10
2508,11
2509,1
2509,2
2509,4
2509,6
2509,9
2509,11
2509,12
2509,15
2510,0
2510,1
2510,8
2510,11
2510,12
2510,13
2510,15
2511,0
2511,5
2511,6
2511,9
2511,13
2511,14
2512,1
2512,4
2512,6
2512,9
2512,11
2512,12
2512,15
2513,0
2513,1
2513,7
2513,11
2514,2
2514,3
2514,5
2514,6
2514,9
2514,10
2514,11
2514,12
2515,0
2515,1
2515,4
2515,6
2515,7
2515,9
2515,10
2515,11
2515,13
2516,0
2516,3
2516,4
2516,5
2516,6
2516,7
2516,8
2516,13
2517,1
2517,3
2517,6
2517,11
2517,12
2517,13
2517,14
2518,2
2518,6
2518,9
2518,10
2518,12
2519,1
2519,4
2519,12
2519,15
2520,2
2520,3
2520,4
2520,6
2520,7
2520,8
2520,11
2521,1
2521,2
2521,4
2521,7
2521,9
2521,10
2521,12
2521,15
2522,2
2522,3
2522,4
2522,6
2522,12
2523,5
2523,8
2523,11
2523,12
2523,14
2524,1
2524,5
2524,8
2524,10
2524,11
2524,12
2524,13
2524,14
2524,15
2525,2
2525,5
2525,6
2525,8
2525,13
2525,15
2526,5
2526,6
2526,7
2526,8
2526,10
2526,11
2527,2
2527,3
2527,4
2527,9
2527,13
2527,14
2528,1
2528,4
2528,6
2528,10
2528,11
2528,14
2529,0
2529,3
2529,5
2529,6
2529,9
2529,11
2529,14
2529,15
2530,4
2530,7
2530,8
2530,11
2530,12
2530,15
2531,0
2531,1
2531,5
2531,7
2531,11
2531,13
2531,14
2532,1
2532,2
2532,3
2532,4
2532,5
2532,7
2532,8
2532,10
2532,12
2532,14
2532,15
2533,1
2533,3
2533,7
2533,8
2533,10
2533,12
2533,15
2534,4
2534,5
2534,9
2534,11
2535,0
2535,3
2535,4
2535,7
2535,11
2535,14
2536,0
2536,2
2536,3
2536,4
2536,5
2536,7
2536,8
2536,9
2536,11
2536,12
2536,13
2536,14
2537,0
2537,2
2537,4
2537,5
2537,6
2537,7
2537,10
2537,13
2538,0
2538,4
2538,6
2538,14
2539,1
2539,4
2539,13
2539,14
2540,2
2540,9
2540,10
2540,12
2540,13
2540,15
2541,5
2541,8
2541,12
2541,13
2542,6
2542,7
2542,9
2542,10
2542,11
2542,12
2542,14
2542,15
2543,0
2543,1
2543,2
2543,4
2543,6
2543,11
2543,12
2543,14
2544,5
2544,6
2544,7
2544,9
2544,10
2545,0
2545,1
2545,7
2545,8
2545,9
2545,13
2545,15
2546,1
2546,3
2546,9
2546,10
2546,12
2547,3
2547,4
2547,5
2547,8
2547,9
2547,10
2547,11
2547,13
2547,14
2547,15
2548,2
2548,3
2548,4
2548,6
2548,7
2548,8
2548,9
2548,10
2548,13
2549,0
2549,1
2549,5
2549,6
2549,8
2549,10
2550,0
2550,2
2550,4
2550,5
2550,9
2550,14
2550,15
2551,6
2551,7
2551,8
2551,9
2551,11
2552,10
2552,12
2552,13
2552,15
2553,0
2553,1
2553,5
2553,6
2553,8
2553,9
2553,10
2553,11
2553,12
2554,1
2554,2
2554,4
2554,8
2554,10
2554,12
2555,0
2555,2
2555,5
2555,11
2555,13
2556,0
2556,1
2556,4
2556,6
2556,9
2556,10
2556,11
2556,13
2556,14
2556,15
2557,9
2557,12
2557,13
2557,14
2557,15
2558,1
2558,5
2558,7
2558,8
2558,10
2558,12
2558,14
2558,15
2559,3
2559,6
2559,7
2559,10
2559,11
2560,0
2560,2
2560,10
2560,12
2560,13
2560,14
2560,15
2561,0
2561,1
2561,2
2561,3
2561,5
2561,6
2561,8
2561,15
2562,3
2562,9
2562,11
2562,13
2562,14
2562,15
2563,1
2563,2
2563,6
2563,8
2563,10
2563,12
2563,15
2564,0
2564,1
2564,2
2564,13
2564,14
2565,0
2565,2
2565,3
2565,5
2565,7
2565,9
2565,15
2566,1
2566,4
2566,6
2566,8
2566,9
2566,10
2567,2
2567,3
2567,4
2567,7
2567,9
2567,10
2567,14
2568,4
2568,5
2568,6
2568,11
2568,12
2568,13
2568,14
2569,2
2569,3
2569,6
2569,9
2569,11
2569,12
2569,14
2570,0
2570,3
2570,4
2570,8
2570,11
2570,13
2571,2
2571,5
2571,8
2571,9
2571,10
2571,13
2571,14
2572,0
2572,7
2572,8
2572,10
2572,14
2573,0
2573,1
2573,4
2573,6
2573,7
2573,10
2573,13
2573,14
2574,0
2574,1
2574,4
2574,7
2574,12
2574,13
2574,15
2575,2
2575,7
2575,10
2575,11
2575,14
2576,3
2576,5
2576,7
2576,13
2576,14
2577,0
2577,2
2577,4
2577,5
2577,6
2577,10
2577,11
2577,13
2577,14
2578,0
2578,1
2578,2
2578,3
2578,5
2578,12
2579,4
2579,5
2579,6
2579,9
2580,0
2580,1
2580,6
2580,13
2580,14
2580,15
2581,0
2581,2
2581,11
2581,15
2582,1
2582,7
2582,10
2582,11
2582,12
2582,13
2583,4
2583,7
2583,8
2583,10
2583,11
2583,12
2583,15
2584,1
2584,2
2584,5
2584,9
2584,10
2584,11
2585,0
2585,3
2585,4
2585,6
2585,9
2585,10
2585,15
2586,7
2586,10
2586,11
2586,12
2586,13
2586,15
2587,5
2587,8
2587,10
2587,14
2587,15
2588,1
2588,2
2588,5
2588,8
2589,4
2589,5
2589,9
2589,11
2589,13
2589,15
2590,1
2590,2
2590,5
2590,9
2590,12
2590,13
2590,15
2591,2
2591,3
2591,4
2591,5
2591,8
2591,9
2591,11
2591,15
2592,0
2592,3
2592,6
2592,7
2592,9
2592,11
2592,12
2592,13
2593,6
2593,8
2593,9
2593,10
2593,14
2594,4
2594,5
2594,8
2594,9
2594,10
2594,11
2595,0
2595,2
2595,8
2595,12
2595,14
2595,15
2596,0
2596,3
2596,5
2596,9
2596,13
2596,15
2597,1
2597,4
2597,9
2597,15
2598,0
2598,1
2598,4
2598,7
2598,9
2599,2
2599,3
2599,7
2599,8
2599,13
2600,1
2600,9
2600,10
2600,15
2601,3
2601,4
2601,5
2601,6
2601,7
2601,8
2601,9
2601,10
2601,11
2601,12
2601,13
2601,14
2601,15
2602,1
2602,2
2602,5
2602,6
2602,10
2602,14
2603,7
2603,8
2603,9
2603,10
2603,12
2603,13
2603,14
2604,6
2604,7
2604,8
2604,10
2604,11
2604,12
2604,14
2604,15
2605,1
2605,2
2605,3
2605,8
2605,9
2605,15
2606,0
2606,5
2606,6
2606,11
2606,15
2607,1
2607,8
2607,10
2607,12
2607,13
2608,2
2608,4
2608,12
2608,13
2608,15
2609,0
2609,1
2609,3
2609,5
2609,7
2609,9
2609,11
2609,15
2610,0
2610,1
2610,2
2610,3
2610,4
2610,5
2610,10
2610,13
2610,14
2611,2
2611,10
2611,13
2611,14
2611,15
2612,5
2612,8
2612,9
2612,10
2612,15
2613,5
2613,7
2613,8
2613,9
2613,10
2614,2
2614,3
2614,9
2614,11
2614,12
2614,14
2615,0
2615,3
2615,5
2615,7
2615,8
2615,13
2616,1
2616,2
2616,3
2616,6
2616,7
2616,8
2616,14
2617,1
2617,2
2617,3
2617,4
2617,9
2617,11
2618,2
2618,12
2619,1
2619,3
2619,4
2619,6
2619,7
2619,10
2619,11
2619,14
2619,15
2620,3
2620,7
2620,9
2620,10
2620,13
2620,15
2621,0
2621,1
2621,2
2621,6
2621,9
2621,10
2621,12
2621,13
2621,14
2622,2
2622,3
2622,6
2622,9
2622,11
2622,15
2623,2
2623,6
2623,9
2623,10
2623,12
2623,13
2623,14
2624,2
2624,4
2624,5
2624,11
2624,12
2624,13
2624,14
2625,0
2625,1
2625,7
2625,9
2626,0
2626,2
2626,6
2626,8
2626,11
2626,14
2626,15
2627,3
2627,6
2627,13
2627,14
2628,0
2628,3
2628,4
2628,8
2628,9
2628,10
2629,1
2629,8
2629,9
2629,10
2629,12
2630,4
2630,7
2630,9
2630,11
2630,15
2631,2
2631,6
2631,7
2631,8
2631,10
2631,11
2631,12
2631,13
2631,14
2631,15
2632,1
2632,3
2632,4
2632,5
2632,6
2632,10
2632,13
2632,14
2632,15
2633,2
2633,4
2633,9
2633,12
2633,15
2634,2
2634,6
2634,7
2634,8
2634,10
2634,11
2635,6
2635,7
2635,9
2635,10
2635,11
2635,14
2635,15
2636,0
2636,1
2636,2
2636,3
2636,4
2636,5
2636,11
2636,12
2636,15
2637,7
2637,8
2637,14
2637,15
2638,1
2638,3
2638,6
2638,7
2638,9
2638,12
2638,13
2638,14
2639,0
2639,1
2639,2
2639,7
2639,8
2639,10
2640,2
2640,5
2640,9
2640,10
2640,14
2640,15
2641,2
2641,4
2641,8
2641,9
2641,10
2641,12
2641,15
2642,6
2642,7
2642,8
2642,13
2643,0
2643,2
2643,3
2643,4
2643,6
2643,7
2643,9
2643,10
2643,11
2643,13
2643,15
2644,0
2644,1
2644,4
2644,8
2644,9
2644,10
2645,1
2645,2
2645,3
2645,5
2645,7
2645,8
2645,10
2645,11
2645,14
2645,15
2646,0
2646,4
2646,8
2646,11
2646,14
2646,15
2647,5
2647,7
2647,11
2647,13
2647,14
2648,7
2648,11
2648,12
2649,0
2649,1
2649,4
2649,5
2649,9
2649,10
2649,14
2650,0
2650,1
2650,5
2650,6
2650,7
2650,8
2650,12
2651,1
2651,2
2651,5
2651,6
2651,7
2651,9
2651,10
2651,13
2652,0
2652,2
2652,3
2652,11
2652,14
2652,15
2653,2
2653,4
2653,8
2653,9
2653,11
2653,14
2654,0
2654,2
2654,8
2654,10
2654,11
2654,13
2654,14
2654,15
2655,2
2655,3
2655,5
2655,6
2655,9
2655,10
2655,14
2656,0
2656,5
2656,7
2656,11
2657,0
2657,2
2657,10
2657,12
2658,3
2658,8
2658,9
2658,15
2659,0
2659,1
2659,3
2659,8
2659,9
2659,10
2659,12
2659,14
2660,0
2660,6
2660,7
2660,9
2660,11
2660,13
2661,1
2661,5
2661,6
2661,8
2661,10
2661,12
2661,15
2662,4
2662,6
2662,7
2662,8
2662,13
2662,14
2662,15
2663,3
2663,5
2663,6
2663,14
2664,0
2664,1
2664,3
2664,5
2664,6
2664,8
2664,13
2665,2
2665,3
2665,6
2665,13
2666,0
2666,2
2666,4
2666,6
2666,8
2666,9
2666,10
2666,11
2666,12
2666,15
2667,1
2667,3
2667,4
2667,9
2667,10
2667,13
2668,2
2668,3
2668,9
2668,12
2668,13
2669,5
2669,6
2669,8
2669,15
2670,2
2670,4
2670,5
2670,7
2670,9
2670,11
2670,12
2670,13
2670,14
2671,1
2671,2
2671,9
2671,13
2672,8
2672,9
2672,10
2672,12
2673,2
2673,8
2673,11
2673,12
2673,13
2673,15
2674,0
2674,1
2674,2
2674,4
2674,8
2674,12
2675,0
2675,1
2675,3
2675,4
2675,5
2675,8
2675,10
2675,11
2675,13
2675,14
2676,4
2676,5
2676,9
2676,10
2676,11
2676,12
2676,13
2676,14
2676,15
2677,0
2677,2
2677,4
2677,5
2677,7
2677,10
2677,12
2677,13
2677,15
2678,1
2678,2
2678,5
2678,8
2678,11
2678,13
2679,1
2679,8
2679,9
2679,10
2679,15
2680,1
2680,7
2680,8
2680,9
2680,10
2680,11
2681,2
2681,4
2681,5
2681,6
2681,11
2681,12
2681,15
2682,2
2682,3
2682,6
2682,7
2682,10
2682,11
2682,13
2682,15
2683,9
2683,11
2683,12
2683,15
2684,0
2684,3
2684,4
2684,5
2684,9
2684,11
2684,12
2684,13
2684,14
2685,0
2685,5
2685,7
2685,8
2685,9
2685,10
2685,11
2685,13
2685,14
2686,3
2686,4
2686,5
2686,12
2686,13
2687,2
2687,7
2687,10
2687,13
2687,14
2687,15
2688,7
2688,9
2688,10
2689,0
2689,2
2689,3
2689,5
2689,7
2689,8
2689,10
2689,13
2690,1
2690,2
2690,4
2690,5
2690,6
2690,7
2690,8
2690,9
2690,11
2690,12
2690,15
2691,6
2691,7
2691,10
2691,14
2692,2
2692,4
2692,5
2692,6
2692,7
2692,9
2692,10
2692,11
2692,12
2693,2
2693,3
2693,11
2693,13
2694,2
2694,3
2694,7
2694,9
2695,0
2695,3
2695,4
2695,7
2695,8
2695,10
2695,11
2695,14
2696,1
2696,6
2696,7
2696,9
2696,10
2696,11
2696,12
2696,13
2696,15
2697,3
2697,9
2697,13
2697,15
2698,0
2698,5
2698,7
2698,9
2698,12
2698,13
2698,14
2698,15
2699,1
2699,6
2699,12
2699,14
2700,2
2700,5
2700,6
2700,9
2700,10
2700,11
2701,5
2701,6
2701,9
2701,12
2701,13
2701,14
2701,15
2702,0
2702,3
2702,6
2702,7
2702,8
2702,9
2702,11
2703,0
2703,2
2703,3
2703,4
2703,5
2703,9
2703,15
2704,2
2704,6
2704,7
2704,9
2704,12
2704,14
2704,15
2705,3
2705,4
2705,5
2705,13
2706,1
2706,2
2706,5
2706,10
2706,12
2706,13
2706,15
2707,6
2707,7
2707,9
2708,1
2708,2
2708,8
2708,10
2708,11
2709,4
2709,5
2709,7
2709,10
2709,12
2709,13
2710,6
2710,7
2710,11
2710,12
2710,14
2710,15
2711,2
2711,3
2711,6
2711,9
2711,10
2711,11
2711,13
2711,15
2712,2
2712,5
2712,6
2712,8
2712,9
2712,10
2712,13
2712,15
2713,3
2713,6
2713,8
2713,10
2713,11
2713,13
2713,14
2713,15
2714,1
2714,2
2714,5
2714,6
2714,8
2714,11
2715,1
2715,2
2715,8
2715,12
2716,0
2716,5
2716,6
2716,11
2716,12
2716,13
2716,14
2716,15
2717,0
2717,3
2717,6
2717,7
2717,8
2717,14
2717,15
2718,10
2718,11
2718,14
2718,15
2719,1
2719,2
2719,3
2719,4
2719,7
2719,11
2719,15
2720,0
2720,1
2720,2
2720,7
2720,11
2720,13
2721,0
2721,2
2721,3
2721,5
2721,7
2721,8
2721,10
2721,13
2721,14
2722,5
2722,7
2722,11
2722,13
2722,15
2723,3
2723,4
2723,7
2723,10
2723,13
2723,15
2724,0
2724,2
2724,3
2724,5
2724,8
2724,9
2724,10
2724,11
2724,14
2725,9
2725,10
2725,14
2725,15
2726,5
2726,7
2726,8
2726,11
2726,14
2726,15
2727,0
2727,1
2727,2
2727,3
2727,4
2727,6
2727,15
2728,1
2728,4
2728,7
2728,9
2728,10
2729,3
2729,12
2729,13
2730,0
2730,3
2730,4
2730,5
2730,8
2730,9
2730,14
2731,0
2731,1
2731,2
2731,6
2731,7
2731,9
2731,12
2731,15
2732,5
2732,6
2732,11
2732,12
2732,13
2732,15
2733,4
2733,6
2733,7
2733,9
2734,0
2734,4
2734,9
2734,13
2734,14
2734,15
2735,0
2735,8
2735,9
2736,6
2736,7
2736,8
2736,12
2736,13
2736,14
2736,15
2737,2
2737,3
2737,6
2737,8
2737,9
2737,10
2737,12
2737,13
2738,0
2738,2
2738,3
2738,6
2738,7
2738,11
2738,12
2738,13
2739,0
2739,2
2739,3
2739,5
2739,7
2739,9
2739,11
2739,12
2740,0
2740,2
2740,6
2740,9
2740,11
2740,14
2741,2
2741,5
2741,14
2741,15
2742,1
2742,2
2742,3
2742,5
2742,7
2742,10
2742,11
2742,12
2743,0
2743,5
2743,8
2743,12
2744,0
2744,1
2744,2
2744,6
2744,11
2745,0
2745,2
2745,4
2745,6
2745,10
2745,12
2745,14
2745,15
2746,8
2746,9
2746,10
2746,11
2746,13
2746,15
2747,7
2747,10
2747,12
2747,15
2748,2
2748,4
2748,5
2748,9
2748,10
2748,13
2748,14
2749,1
2749,4
2749,5
2749,7
2749,11
2749,13
2749,14
2750,2
2750,3
2750,9
2750,13
2751,0
2751,1
2751,3
2751,4
2751,5
2751,6
2751,11
2752,0
2752,4
2752,5
2752,6
2752,9
2752,11
2752,14
2752,15
2753,0
2753,1
2753,4
2753,6
2753,7
2753,9
2753,11
2753,14
2754,1
2754,4
2754,7
2754,8
2754,11
2754,12
2754,14
2754,15
2755,0
2755,1
2755,4
2755,6
2755,11
2755,12
2755,14
2756,0
2756,4
2756,6
2756,10
2756,13
2756,15
2757,0
2757,1
2757,4
2757,5
2757,6
2757,7
2757,11
2757,13
2758,7
2758,9
2758,12
2758,13
2759,1
2759,2
2759,6
2759,7
2759,9
2759,13
2760,1
2760,2
2760,5
2760,9
2760,12
2760,15
2761,1
2761,2
2761,6
2761,7
2761,13
2762,2
2762,3
2762,4
2762,5
2762,6
2762,10
2762,12
2762,15
2763,0
2763,1
2763,2
2763,4
2763,5
2763,7
2763,8
2763,9
2763,11
2763,13
2763,14
2763,15
2764,3
2764,5
2764,7
2764,10
2764,11
2764,12
2764,13
2765,1
2765,2
2765,3
2765,8
2765,9
2765,10
2765,11
2765,15
2766,3
2766,7
2766,11
2766,13
2766,15
2767,0
2767,1
2767,5
2767,7
2767,8
2767,12
2768,1
2768,3
2768,4
2768,5
2768,12
2768,14
2769,1
2769,2
2769,4
2769,7
2769,11
2769,15
2770,2
2770,6
2770,8
2770,9
2770,10
2770,11
2770,13
2770,14
2771,0
2771,1
2771,2
2771,7
2771,9
2771,12
2771,14
2772,0
2772,3
2772,7
2772,8
2772,9
2772,10
2772,12
2772,13
2772,15
2773,6
2773,8
2773,9
2773,11
2773,15
2774,3
2774,5
2774,6
2774,8
2774,9
2774,12
2775,0
2775,7
2775,8
2775,11
2775,15
2776,0
2776,4
2776,6
2776,8
2776,10
2776,15
2777,2
2777,9
2777,12
2777,13
2778,4
2778,11
2778,12
2778,13
2779,0
2779,4
2779,6
2779,8
2779,9
2779,11
2779,12
2779,15
2780,0
2780,1
2780,2
2780,8
2780,10
2780,11
2781,0
2781,4
2781,5
2781,10
2781,13
2781,15
2782,0
2782,1
2782,3
2782,6
2782,8
2782,11
2782,12
2782,14
2782,15
2783,0
2783,2
2783,4
2783,11
2783,13
2783,15
2784,1
2784,3
2784,4
2784,5
2784,6
2784,8
2784,15
2785,1
2785,2
2785,3
2785,5
2785,6
2785,7
2785,8
2785,12
2785,14
2786,1
2786,2
2786,3
2786,5
2786,6
2786,7
2786,8
2786,10
2786,13
2787,1
2787,5
2787,7
2787,8
2787,9
2787,10
2788,0
2788,1
2788,2
2788,4
2788,7
2788,14
2789,0
2789,2
2789,3
2789,4
2789,6
2789,7
2789,12
2789,13
2789,15
2790,6
2790,9
2790,12
2790,13
2790,14
2790,15
2791,3
2791,4
2791,5
2791,8
2791,9
2791,15
2792,7
2792,9
2792,10
2792,12
2792,15
2793,5
2793,7
2793,12
2793,13
2794,0
2794,1
2794,4
2794,6
2794,7
2795,0
2795,11
2795,12
2795,13
2795,14
2796,1
2796,2
2796,4
2796,6
2796,8
2796,9
2796,12
2796,13
2797,1
2797,3
2797,4
2797,5
2797,7
2797,8
2797,9
2797,10
2797,12
2797,13
2798,1
2798,2
2798,7
2798,9
2798,11
2798,12
2798,13
2798,14
2799,0
2799,5
2799,7
2799,10
2799,11
2800,0
2800,1
2800,2
2800,5
2800,6
2800,8
2800,11
2801,2
2801,3
2801,14
2801,15
2802,1
2802,2
2802,4
2802,5
2802,6
2802,7
2802,8
2802,10
2802,12
2803,2
2803,3
2803,5
2803,6
2803,8
2803,9
2803,10
2803,12
2804,2
2804,6
2804,7
2804,8
2804,9
2804,11
2804,14
2805,0
2805,9
2805,13
2806,0
2806,2
2806,4
2806,8
2806,9
2806,10
2806,11
2806,12
2807,6
2807,7
2807,15
2808,0
2808,1
2808,2
2808,6
2808,7
2808,11
2809,0
2809,1
2809,6
2809,7
2809,9
2809,10
2809,11
2810,0
2810,1
2810,3
2810,4
2810,5
2810,11
2810,13
2810,15
2811,0
2811,1
2811,2
2811,3
2811,5
2811,7
2811,8
2811,11
2811,13
2811,14
2812,0
2812,6
2812,13
2813,2
2813,5
2813,7
2813,9
2813,12
2813,13
2814,0
2814,8
2814,9
2814,14
2815,8
2815,10
2815,11
2815,12
2815,13
2816,0
2816,5
2816,6
2816,7
2816,9
2816,14
2817,0
2817,1
2817,2
2817,7
2817,8
2817,9
2817,10
2817,15
2818,1
2818,2
2818,8
2818,11
2818,12
2818,13
2819,0
2819,2
2819,7
2819,8
2819,10
2820,2
2820,3
2820,4
2820,5
2820,6
2820,8
2820,9
2820,12
2820,15
2821,0
2821,2
2821,3
2821,4
2821,14
2822,4
2822,6
2822,9
2822,12
2822,13
2822,14
2823,0
2823,4
2823,6
2823,8
2823,11
2823,14
2823,15
2824,2
2824,10
2824,13
2825,5
2825,8
2825,11
2825,15
2826,1
2826,2
2826,3
2826,5
2826,7
2826,9
2826,11
2826,12
2826,14
2827,3
2827,5
2827,8
2827,11
2827,12
2827,13
2827,14
2828,3
2828,5
2828,7
2828,12
2828,15
2829,1
2829,3
2829,5
2829,6
2829,8
2829,9
2829,10
2829,11
2829,12
2829,14
2830,0
2830,4
2830,6
2830,7
2830,8
2830,12
2831,1
2831,6
2831,7
2831,9
2832,0
2832,2
2832,4
2832,10
2832,12
2832,14
2832,15
2833,1
2833,4
2833,5
2833,6
2833,7
2833,9
2833,10
2833,14
2833,15
2834,0
2834,2
2834,3
2834,5
2834,6
2834,12
2834,14
2835,0
2835,1
2835,2
2835,3
2835,14
2836,1
2836,3
2836,5
2836,6
2836,8
2836,9
2836,10
2836,11
2836,14
2836,15
2837,4
2837,6
2837,10
2837,11
2837,13
2837,15
2838,0
2838,2
2838,3
2838,9
2838,13
2838,15
2839,2
2839,3
2839,5
2839,8
2839,9
2839,11
2839,13
2839,14
2839,15
2840,0
2840,2
2840,3
2840,8
2840,13
2840,14
2841,2
2841,3
2841,9
2841,11
2842,0
2842,2
2842,7
2842,10
2842,11
2842,12
2842,13
2842,14
2843,0
2843,2
2843,4
2843,6
2843,7
2843,8
2843,14
2843,15
2844,2
2844,6
2844,7
2844,8
2844,9
2844,11
2844,14
2845,0
2845,5
2845,7
2845,8
2845,13
2845,14
2845,15
2846,0
2846,5
2846,14
2847,2
2847,4
2847,5
2847,8
2847,10
2848,1
2848,3
2848,4
2848,5
2848,7
2848,8
2848,11
2849,2
2849,3
2849,7
2849,8
2849,9
2849,10
2850,4
2850,7
2850,13
2850,15
2851,0
2851,1
2851,2
2851,5
2851,12
2852,0
2852,7
2852,11
2852,14
2852,15
2853,0
2853,2
2853,3
2853,5
2853,7
2853,9
2853,10
2853,14
2853,15
2854,0
2854,2
2854,4
2854,5
2854,6
2854,8
2854,14
2855,4
2855,5
2855,6
2855,7
2855,8
2855,9
2855,10
2855,13
2856,0
2856,3
2856,4
2856,5
2856,9
2856,13
2856,15
2857,0
2857,1
2857,2
2857,5
2857,6
2858,1
2858,6
2858,9
2858,12
2858,13
2858,14
2858,15
2859,0
2859,4
2859,7
2859,8
2859,9
2859,11
2859,12
2859,13
2859,14
2860,0
2860,4
2860,5
2860,6
2860,10
2860,11
2860,14
2860,15
2861,0
2861,1
2861,3
2861,5
2861,7
2861,8
2861,9
2861,10
2861,11
2861,13
2861,14
2862,1
2862,4
2862,5
2862,13
2862,14
2863,1
2863,3
2863,6
2863,14
2863,15
2864,0
2864,2
2864,9
2864,12
2864,15
2865,0
2865,1
2865,3
2865,6
2865,7
2865,8
2865,12
2866,3
2866,4
2866,7
2866,8
2866,9
2866,12
2866,13
2866,14
2867,2
2867,3
2867,4
2867,5
2867,7
2867,8
2867,9
2867,11
2867,15
2868,0
2868,2
2868,5
2868,7
2868,8
2868,10
2868,11
2868,12
2868,13
2868,15
2869,1
2869,2
2869,4
2869,6
2869,7
2869,10
2869,12
2869,15
2870,1
2870,3
2870,4
2870,14
2871,1
2871,5
2871,8
2871,11
2871,12
2871,15
2872,1
2872,5
2872,7
2872,10
2872,11
2872,12
2872,13
2873,1
2873,2
2873,3
2873,4
2873,5
2873,7
2873,8
2873,11
2873,12
2873,13
2874,2
2874,6
2874,7
2874,13
2875,0
2875,3
2875,4
2875,10
2875,11
2875,12
2876,0
2876,3
2876,5
2876,7
2876,10
2876,12
2876,15
2877,3
2877,4
2877,6
2877,7
2877,9
2877,10
2877,11
2877,12
2877,13
2878,0
2878,2
2878,5
2878,7
2878,11
2878,15
2879,0
2879,1
2879,2
2879,3
2879,6
2879,10
2879,12
2879,14
2880,0
2880,5
2880,7
2880,15
2881,0
2881,2
2881,10
2881,11
2881,13
2882,1
2882,8
2882,11
2882,12
2882,14
2882,15
2883,0
2883,1
2883,2
2883,3
2883,4
2883,6
2883,8
2883,9
2883,12
2883,15
2884,0
2884,4
2884,5
2884,7
2884,8
2884,9
2884,14
2885,5
2885,8
2885,11
2885,12
2885,14
2886,0
2886,3
2886,5
2886,9
2886,10
2886,14
2886,15
2887,4
2887,11
2887,12
2887,13
2887,15
2888,3
2888,5
2888,6
2888,7
2888,9
2888,10
2888,11
2888,12
2889,1
2889,6
2889,8
2889,12
2889,14
2890,1
2890,2
2890,4
2890,7
2890,8
2890,11
2891,0
2891,1
2891,2
2891,3
2891,5
2891,8
2891,9
2891,10
2892,2
2892,4
2892,7
2892,8
2892,10
2892,11
2892,12
2892,13
2892,15
2893,0
2893,2
2893,3
2893,4
2893,5
2893,7
2893,8
2893,12
2893,14
2893,15
2894,3
2894,8
2894,10
2894,13
2894,14
2895,0
2895,2
2895,3
2895,5
2895,6
2895,8
2895,9
2895,12
2895,13
2895,14
2896,0
2896,2
2896,6
2896,9
2896,11
2896,12
2896,15
2897,4
2897,6
2897,7
2897,11
2897,14
2897,15
2898,4
2898,5
2898,7
2898,9
2898,12
2899,2
2899,5
2899,7
2899,8
2899,9
2900,1
2900,3
2900,5
2900,10
2900,12
2901,1
2901,4
2901,10
2901,11
2902,1
2902,3
2902,4
2902,5
2902,6
2902,9
2903,0
2903,2
2903,5
2903,6
2903,7
2903,9
2904,0
2904,1
2904,9
2904,14
2905,0
2905,2
2905,3
2905,4
2905,6
2905,7
2905,8
2905,9
2905,15
2906,0
2906,2
2906,4
2906,6
2906,8
2906,10
2906,14
2907,1
2907,7
2907,8
2907,11
2907,13
2908,1
2908,4
2908,5
2908,6
2908,8
2908,10
2908,11
2908,12
2908,13
2909,1
2909,3
2909,5
2909,9
2909,12
2910,1
2910,4
2910,6
2910,11
2910,14
2910,15
2911,0
2911,5
2911,6
2911,7
2911,11
2911,13
2911,15
2912,2
2912,3
2912,6
2912,11
2912,15
2913,0
2913,1
2913,3
2913,4
2913,7
2913,12
2913,13
2913,14
2914,1
2914,2
2914,5
2914,7
2914,9
2914,12
2914,14
2915,4
2915,5
2915,6
2915,9
2916,6
2916,10
2916,14
2917,0
2917,3
2917,8
2917,9
2917,12
2917,14
2918,1
2918,2
2918,6
2918,7
2918,8
2918,11
2918,13
2918,15
2919,5
2919,6
2919,8
2919,11
2920,11
2920,13
2921,2
2921,3
2921,4
2921,10
2921,14
2921,15
2922,0
2922,1
2922,4
2922,6
2922,13
2922,14
2923,0
2923,1
2923,2
2923,5
2923,8
2923,9
2923,11
2923,12
2924,2
2924,3
2924,4
2924,5
2924,7
2924,13
2924,14
2925,1
2925,5
2925,7
2925,10
2925,11
2925,14
2926,2
2926,3
2926,4
2926,5
2926,6
2926,8
2926,12
2926,13
2926,15
2927,0
2927,1
2927,4
2927,5
2927,7
2927,9
2927,11
2927,12
2928,4
2928,6
2928,7
2928,10
2928,12
2928,14
2929,0
2929,1
2929,5
2929,9
2929,12
2930,1
2930,4
2931,3
2931,11
2931,13
2931,14
2932,1
2932,15
2933,0
2933,2
2933,3
2933,6
2933,8
2933,12
2933,15
2934,7
2934,9
2934,10
2934,12
2934,14
2935,6
2935,7
2935,9
2935,12
2935,15
2936,1
2936,3
2936,4
2936,5
2936,9
2936,11
2936,12
2936,13
2937,0
2937,1
2937,5
2937,6
2937,7
2937,12
2937,13
2938,0
2938,1
2938,2
2938,6
2938,7
2938,8
2938,9
2938,11
2939,2
2939,3
2939,4
2939,5
2939,6
2939,7
2939,11
2939,14
2939,15
2940,2
2940,4
2940,7
2940,8
2940,10
2940,11
2940,15
2941,1
2941,4
2941,5
2941,6
2941,7
2941,9
2941,10
2941,11
2941,13
2941,15
2942,0
2942,1
2942,2
2942,3
2942,4
2942,9
2942,10
2942,12
2942,15
2943,1
2943,3
2943,4
2943,5
2943,6
2943,7
2944,0
2944,1
2944,2
2944,6
2944,8
2944,12
2944,13
2945,0
2945,2
2945,5
2945,9
2945,10
2945,12
2945,14
2945,15
2946,0
2946,2
2946,4
2946,6
2946,9
2946,11
2946,15
2947,5
2947,10
2947,12
2947,14
2947,15
2948,4
2948,9
2948,10
2948,15
2949,1
2949,2
2949,4
2949,5
2949,8
2949,9
2949,10
2949,11
2949,14
2949,15
2950,9
2950,13
2950,14
2950,15
2951,2
2951,4
2951,5
2951,7
2951,8
2951,9
2951,12
2951,14
2952,1
2952,2
2952,3
2952,5
2952,6
2952,11
2952,15
2953,0
2953,2
2953,3
2953,7
2953,10
2953,11
2953,14
2954,9
2954,10
2954,12
2954,15
2955,0
2955,8
2955,9
2955,11
2955,12
2956,2
2956,4
2956,6
2956,9
2956,10
2956,13
2956,14
2956,15
2957,1
2957,3
2957,4
2957,6
2957,13
2958,0
2958,4
2958,5
2958,9
2958,15
2959,2
2959,5
2959,6
2959,11
2959,12
2959,13
2959,14
2959,15
2960,1
2960,3
2960,4
2960,6
2960,10
2960,13
2960,15
2961,5
2961,6
2961,8
2961,14
2962,6
2962,11
2962,13
2963,0
2963,5
2963,8
2963,9
2963,13
2964,3
2964,6
2964,7
2964,13
2965,1
2965,2
2965,3
2965,4
2965,10
2965,12
2965,13
2965,14
2966,2
2966,3
2966,5
2966,6
2966,8
2966,10
2966,11
2967,1
2967,2
2967,5
2967,6
2967,10
2967,12
2967,13
2967,14
2967,15
2968,0
2968,4
2968,5
2968,6
2968,8
2968,11
2968,13
2968,14
2969,1
2969,5
2969,6
2969,7
2969,8
2969,11
2969,12
2970,3
2970,4
2970,6
2970,8
2970,10
2970,11
2970,13
2971,0
2971,1
2971,2
2971,8
2971,14
2972,2
2972,3
2972,10
2972,15
2973,5
2973,7
2973,10
2973,12
2974,2
2974,3
2974,4
2974,5
2974,6
2974,10
2974,13
2975,1
2975,2
2975,3
2975,5
2975,9
2975,13
2976,0
2976,2
2976,7
2976,8
2976,12
2977,1
2977,2
2977,5
2978,3
2978,4
2978,7
2978,8
2978,9
2978,10
2978,12
2978,13
2979,0
2979,8
2979,10
2980,0
2980,2
2980,3
2980,4
2980,7
2980,8
2980,9
2980,10
2980,11
2980,13
2980,15
2981,0
2981,2
2981,4
2981,5
2981,6
2981,7
2981,8
2981,10
2981,12
2981,13
2981,15
2982,1
2982,2
2982,3
2982,4
2982,5
2982,6
2982,7
2982,8
2982,14
2983,0
2983,1
2983,5
2983,7
2983,8
2983,9
2983,12
2983,14
2984,0
2984,1
2984,3
2984,4
2984,6
2984,7
2984,8
2984,12
2984,14
2984,15
2985,0
2985,1
2985,7
2985,9
2986,3
2986,4
2986,5
2986,6
2986,7
2986,8
2986,9
2986,11
2986,12
2986,14
2986,15
2987,0
2987,1
2987,6
2987,7
2987,11
2987,13
2987,14
2987,15
2988,2
2988,4
2988,6
2988,7
2988,11
2988,13
2988,14
2989,2
2989,10
2989,13
2990,10
2990,11
2990,12
2990,13
2990,14
2990,15
2991,6
2991,7
2991,8
2991,9
2991,12
2991,13
2992,1
2992,3
2992,6
2992,7
2992,10
2992,14
2992,15
2993,0
2993,3
2993,11
2993,14
2994,1
2994,2
2994,9
2994,10
2994,13
2994,14
2994,15
2995,0
2995,1
2995,2
2995,3
2995,5
2995,11
2995,12
2996,0
2996,2
2996,4
2996,8
2996,10
2997,0
2997,2
2997,4
2997,6
2997,8
2997,9
2997,10
2997,13
2997,14
2997,15
2998,1
2998,3
2998,7
2998,8
2998,10
2999,2
2999,4
2999,7
2999,8
2999,10
2999,11
