arrival_cycle,source_index
0,0
0,1
0,3
0,4
0,5
0,6
0,8
0,9
0,11
0,12
0,13
0,14
0,15
1,0
1,1
1,2
1,5
1,7
1,8
1,10
1,11
1,12
1,13
1,14
1,15
2,0
2,2
2,3
2,4
2,6
2,7
2,9
2,10
2,11
2,13
2,14
2,15
3,0
3,1
3,2
3,4
3,6
3,7
3,8
3,9
3,10
3,12
3,13
4,0
4,1
4,3
4,6
4,7
4,8
4,10
4,11
4,12
4,13
4,14
4,15
5,0
5,1
5,2
5,3
5,4
5,6
5,7
5,9
5,10
5,11
6,0
6,1
6,2
6,4
6,5
6,7
6,8
6,9
6,10
6,11
6,13
6,14
6,15
7,0
7,2
7,3
7,4
7,5
7,7
7,8
7,9
7,10
7,11
7,13
7,14
7,15
8,0
8,1
8,2
8,3
8,4
8,5
8,6
8,7
8,9
8,10
8,12
8,13
8,15
9,0
9,1
9,3
9,4
9,5
9,6
9,7
9,8
9,9
9,10
9,11
9,12
9,13
9,14
9,15
10,0
10,1
10,2
10,3
10,4
10,5
10,6
10,7
10,8
10,9
10,10
10,11
10,13
10,14
10,15
11,0
11,1
11,2
11,3
11,4
11,6
11,7
11,8
11,9
11,10
11,13
11,14
11,15
12,0
12,1
12,2
12,3
12,4
12,5
12,6
12,7
12,8
12,9
12,10
12,12
12,15
13,0
13,2
13,3
13,4
13,5
13,6
13,7
13,8
13,9
13,10
13,11
13,12
13,13
13,14
14,0
14,1
14,2
14,3
14,4
14,5
14,6
14,7
14,8
14,9
14,11
14,12
14,14
15,0
15,1
15,2
15,5
15,6
15,7
15,8
15,10
15,11
15,13
15,14
16,1
16,2
16,4
16,5
16,6
16,7
16,8
16,9
16,10
16,11
16,12
16,14
16,15
17,0
17,1
17,2
17,3
17,4
17,5
17,6
17,7
17,8
17,9
17,10
17,13
17,14
17,15
18,0
18,1
18,2
18,3
18,4
18,5
18,7
18,8
18,9
18,10
18,11
18,13
18,14
18,15
19,0
19,1
19,2
19,3
19,4
19,5
19,6
19,7
19,8
19,9
19,10
19,11
19,12
19,13
19,14
19,15
20,1
20,2
20,3
20,4
20,6
20,7
20,9
20,10
20,11
20,13
20,14
20,15
21,0
21,1
21,2
21,3
21,4
21,6
21,7
21,8
21,9
21,10
21,11
21,12
21,13
21,14
21,15
22,0
22,3
22,4
22,5
22,6
22,8
22,9
22,10
22,11
22,12
22,13
22,14
22,15
23,0
23,1
23,2
23,3
23,4
23,5
23,6
23,7
23,8
23,9
23,10
23,11
23,12
23,13
23,14
23,15
24,0
24,1
24,2
24,3
24,4
24,5
24,6
24,7
24,9
24,10
24,11
24,12
24,13
24,14
24,15
25,0
25,1
25,2
25,3
25,4
25,5
25,7
25,8
25,10
25,11
25,12
25,13
25,14
25,15
26,0
26,2
26,3
26,4
26,5
26,7
26,8
26,9
26,10
26,11
26,13
26,14
26,15
27,0
27,1
27,2
27,3
27,4
27,5
27,6
27,7
27,8
27,9
27,10
27,11
27,13
27,15
28,1
28,2
28,3
28,4
28,5
28,6
28,7
28,8
28,9
28,10
28,11
28,12
28,14
28,15
29,1
29,3
29,4
29,5
29,6
29,7
29,8
29,9
29,10
29,11
29,12
29,13
29,14
29,15
30,0
30,1
30,2
30,3
30,4
30,5
30,6
30,7
30,8
30,9
30,10
30,11
30,12
30,13
30,15
31,0
31,2
31,3
31,5
31,6
31,7
31,8
31,9
31,10
31,12
31,13
31,14
32,0
32,1
32,3
32,4
32,5
32,6
32,7
32,9
32,10
32,11
32,12
32,13
32,14
32,15
33,1
33,3
33,4
33,6
33,9
33,10
33,11
33,12
33,13
33,14
33,15
34,2
34,3
34,5
34,7
34,8
34,9
34,10
34,11
34,12
34,13
34,14
34,15
35,0
35,1
35,2
35,3
35,4
35,5
35,7
35,8
35,9
35,10
35,12
35,13
35,14
35,15
36,0
36,1
36,2
36,3
36,4
36,5
36,6
36,7
36,8
36,9
36,10
36,11
36,12
36,13
36,14
36,15
37,0
37,2
37,6
37,7
37,8
37,9
37,11
37,12
37,14
37,15
38,0
38,1
38,4
38,6
38,7
38,8
38,10
38,12
38,13
38,14
39,0
39,1
39,2
39,4
39,5
39,6
39,7
39,11
39,12
39,13
39,14
39,15
40,0
40,1
40,2
40,3
40,4
40,5
40,6
40,7
40,8
40,11
40,12
40,14
41,1
41,2
41,3
41,4
41,5
41,7
41,8
41,9
41,10
41,12
41,13
41,15
42,0
42,2
42,6
42,7
42,8
42,9
42,10
42,11
42,12
42,13
42,14
42,15
43,0
43,1
43,2
43,3
43,4
43,5
43,6
43,7
43,8
43,10
43,11
43,12
43,13
43,15
44,0
44,1
44,2
44,3
44,4
44,5
44,6
44,8
44,9
44,10
44,11
44,12
44,13
44,14
44,15
45,0
45,1
45,2
45,3
45,5
45,7
45,8
45,9
45,10
45,11
45,12
45,13
45,15
46,0
46,1
46,2
46,3
46,4
46,5
46,6
46,7
46,9
46,10
46,11
47,0
47,1
47,2
47,3
47,4
47,5
47,6
47,7
47,9
47,11
47,12
47,13
47,14
47,15
48,1
48,2
48,3
48,4
48,5
48,6
48,9
48,10
48,11
48,13
48,14
48,15
49,0
49,1
49,2
49,4
49,8
49,9
49,10
49,11
49,12
49,13
50,0
50,2
50,3
50,4
50,6
50,7
50,8
50,9
50,10
50,12
50,13
50,14
50,15
51,0
51,1
51,2
51,6
51,7
51,9
51,12
51,14
51,15
52,2
52,5
52,6
52,7
52,9
52,11
52,12
52,13
52,14
53,0
53,2
53,3
53,4
53,5
53,6
53,7
53,8
53,9
53,10
53,11
53,12
53,13
53,14
54,0
54,1
54,2
54,3
54,4
54,6
54,7
54,8
54,9
54,11
54,13
54,14
55,1
55,2
55,3
55,4
55,5
55,6
55,7
55,8
55,9
55,10
55,11
55,13
55,15
56,0
56,1
56,2
56,4
56,5
56,6
56,10
56,11
56,12
56,13
56,15
57,0
57,1
57,2
57,3
57,4
57,5
57,6
57,7
57,9
57,10
57,11
57,13
57,15
58,0
58,1
58,2
58,3
58,5
58,6
58,7
58,8
58,11
58,12
58,13
58,14
59,0
59,1
59,2
59,3
59,4
59,5
59,6
59,8
59,10
59,11
59,12
59,14
59,15
60,0
60,2
60,5
60,6
60,7
60,8
60,9
60,10
60,11
60,12
60,13
60,14
60,15
61,0
61,1
61,3
61,5
61,6
61,8
61,10
61,11
61,12
61,14
61,15
62,0
62,2
62,3
62,4
62,5
62,6
62,7
62,8
62,9
62,11
62,12
62,13
62,14
62,15
63,0
63,1
63,2
63,3
63,4
63,6
63,7
63,8
63,9
63,10
63,11
63,12
63,13
63,14
63,15
64,0
64,1
64,2
64,3
64,4
64,5
64,6
64,7
64,10
64,11
64,12
64,13
64,14
65,0
65,1
65,2
65,3
65,4
65,5
65,6
65,7
65,9
65,10
65,11
65,12
65,13
65,14
65,15
66,0
66,1
66,3
66,4
66,5
66,6
66,7
66,8
66,10
66,12
66,14
67,0
67,1
67,2
67,4
67,5
67,8
67,9
67,10
67,11
67,12
67,13
67,14
67,15
68,0
68,2
68,4
68,5
68,6
68,7
68,8
68,9
68,10
68,12
68,13
68,15
69,1
69,3
69,6
69,7
69,8
69,9
69,10
69,11
69,12
69,13
69,14
69,15
70,1
70,2
70,3
70,4
70,5
70,6
70,7
70,8
70,9
70,10
70,11
70,12
70,14
70,15
71,2
71,3
71,5
71,6
71,7
71,8
71,9
71,10
71,11
71,12
71,13
71,14
72,0
72,1
72,3
72,4
72,5
72,6
72,8
72,9
72,10
72,11
72,12
72,13
72,14
72,15
73,0
73,1
73,2
73,3
73,4
73,5
73,6
73,8
73,9
73,10
73,12
73,14
73,15
74,0
74,1
74,3
74,4
74,5
74,6
74,7
74,8
74,9
74,10
74,11
74,12
74,13
74,14
74,15
75,0
75,2
75,3
75,4
75,5
75,6
75,7
75,8
75,9
75,12
75,13
75,14
75,15
76,0
76,1
76,2
76,4
76,5
76,6
76,7
76,8
76,9
76,10
76,11
76,12
76,14
76,15
77,0
77,1
77,2
77,3
77,4
77,5
77,6
77,7
77,8
77,10
77,12
77,13
77,15
78,0
78,1
78,2
78,3
78,4
78,5
78,6
78,7
78,8
78,9
78,10
78,12
78,13
78,14
78,15
79,0
79,2
79,4
79,5
79,6
79,7
79,9
79,11
79,12
79,13
79,14
80,0
80,1
80,3
80,4
80,5
80,7
80,8
80,9
80,10
80,11
80,12
80,13
80,15
81,0
81,1
81,2
81,3
81,4
81,5
81,6
81,8
81,9
81,10
81,11
81,13
81,14
81,15
82,0
82,1
82,3
82,5
82,6
82,7
82,8
82,9
82,10
82,11
82,12
82,13
82,14
82,15
83,0
83,1
83,2
83,3
83,4
83,8
83,9
83,10
83,11
83,12
83,14
84,0
84,2
84,3
84,4
84,5
84,6
84,7
84,8
84,9
84,10
84,12
84,13
84,14
84,15
85,0
85,1
85,2
85,3
85,4
85,5
85,7
85,8
85,10
85,11
85,14
85,15
86,0
86,1
86,2
86,3
86,7
86,8
86,9
86,10
86,11
86,12
86,13
86,14
86,15
87,2
87,4
87,5
87,6
87,7
87,8
87,9
87,10
87,11
87,12
87,13
87,14
87,15
88,0
88,1
88,2
88,3
88,4
88,5
88,6
88,7
88,9
88,11
88,12
88,13
88,15
89,0
89,2
89,3
89,5
89,6
89,7
89,8
89,9
89,10
89,11
89,13
89,14
89,15
90,0
90,1
90,3
90,4
90,7
90,8
90,9
90,10
90,11
90,12
90,13
90,14
90,15
91,0
91,1
91,2
91,4
91,6
91,8
91,11
91,12
91,14
91,15
92,0
92,2
92,3
92,6
92,7
92,8
92,10
92,11
92,13
92,14
92,15
93,0
93,1
93,2
93,3
93,4
93,5
93,6
93,8
93,9
93,10
93,11
93,12
93,14
93,15
94,0
94,2
94,3
94,5
94,6
94,7
94,8
94,9
94,13
94,15
95,0
95,1
95,3
95,4
95,6
95,7
95,8
95,9
95,10
95,12
95,13
95,14
95,15
96,0
96,1
96,2
96,3
96,5
96,6
96,7
96,8
96,9
96,10
96,11
96,12
96,13
96,14
97,0
97,1
97,2
97,3
97,4
97,5
97,6
97,7
97,8
97,9
97,10
97,11
97,13
97,15
98,1
98,2
98,3
98,4
98,5
98,6
98,7
98,9
98,12
98,13
98,14
98,15
99,0
99,1
99,2
99,3
99,4
99,6
99,7
99,8
99,10
99,12
99,13
99,14
100,0
100,1
100,2
100,3
100,4
100,5
100,7
100,8
100,9
100,10
100,12
100,13
100,14
100,15
101,0
101,2
101,3
101,6
101,7
101,8
101,10
101,11
101,12
101,13
101,14
101,15
102,0
102,1
102,2
102,4
102,6
102,7
102,8
102,9
102,10
102,12
102,13
102,14
102,15
103,0
103,1
103,2
103,3
103,4
103,5
103,6
103,7
103,8
103,12
103,13
103,15
104,0
104,1
104,2
104,3
104,4
104,5
104,8
104,9
104,10
104,11
104,12
104,14
104,15
105,1
105,2
105,3
105,4
105,5
105,6
105,7
105,8
105,10
105,11
105,12
105,13
105,14
105,15
106,0
106,1
106,2
106,3
106,4
106,5
106,6
106,7
106,8
106,9
106,10
106,11
106,12
106,13
106,14
106,15
107,1
107,3
107,4
107,6
107,7
107,8
107,9
107,11
107,13
107,14
107,15
108,0
108,1
108,3
108,4
108,5
108,6
108,7
108,9
108,10
108,12
108,13
108,14
108,15
109,0
109,1
109,2
109,3
109,4
109,5
109,6
109,7
109,8
109,12
109,13
109,14
109,15
110,1
110,2
110,4
110,5
110,6
110,7
110,9
110,10
110,12
110,13
110,14
110,15
111,0
111,1
111,2
111,3
111,4
111,5
111,7
111,11
111,12
111,13
111,14
111,15
112,0
112,1
112,3
112,4
112,5
112,6
112,8
112,9
112,11
112,12
112,13
112,14
112,15
113,0
113,1
113,2
113,4
113,6
113,7
113,9
113,10
113,14
113,15
114,0
114,1
114,2
114,3
114,4
114,6
114,7
114,9
114,11
114,12
114,13
114,14
114,15
115,1
115,2
115,3
115,4
115,7
115,8
115,11
115,12
115,13
115,14
115,15
116,0
116,2
116,3
116,5
116,6
116,7
116,8
116,9
116,11
116,13
116,15
117,0
117,1
117,6
117,7
117,8
117,9
117,10
117,11
117,12
117,13
117,14
117,15
118,0
118,1
118,2
118,3
118,4
118,5
118,7
118,8
118,9
118,11
118,13
118,14
118,15
119,0
119,1
119,2
119,3
119,4
119,5
119,6
119,10
119,11
119,13
119,14
119,15
120,0
120,1
120,2
120,4
120,5
120,7
120,8
120,10
120,11
120,12
120,13
120,14
120,15
121,0
121,1
121,2
121,3
121,4
121,5
121,6
121,8
121,10
121,12
121,14
121,15
122,0
122,1
122,3
122,4
122,5
122,7
122,8
122,9
122,10
122,11
122,13
122,14
122,15
123,0
123,2
123,3
123,4
123,5
123,6
123,8
123,9
123,10
123,11
123,12
123,14
124,0
124,2
124,3
124,4
124,5
124,6
124,8
124,10
124,11
124,12
124,13
124,14
124,15
125,0
125,1
125,2
125,3
125,6
125,7
125,9
125,10
125,11
125,12
125,13
125,14
125,15
126,0
126,1
126,2
126,3
126,4
126,5
126,6
126,7
126,8
126,9
126,10
126,11
126,12
126,13
126,14
126,15
127,0
127,2
127,3
127,4
127,5
127,6
127,7
127,9
127,10
127,12
127,13
127,15
128,0
128,2
128,3
128,4
128,6
128,7
128,8
128,9
128,11
128,12
128,13
128,14
128,15
129,0
129,1
129,2
129,5
129,6
129,8
129,9
129,10
129,12
129,13
129,14
129,15
130,0
130,1
130,2
130,3
130,4
130,6
130,7
130,8
130,9
130,10
130,11
130,12
130,13
130,15
131,0
131,1
131,2
131,3
131,4
131,5
131,6
131,8
131,9
131,10
131,12
131,13
131,15
132,0
132,1
132,2
132,3
132,5
132,6
132,8
132,9
132,11
132,12
132,14
133,0
133,1
133,3
133,4
133,6
133,7
133,8
133,9
133,10
133,11
133,13
134,0
134,1
134,2
134,3
134,4
134,7
134,8
134,9
134,10
134,11
134,13
134,14
134,15
135,0
135,1
135,3
135,4
135,5
135,6
135,8
135,9
135,10
135,11
135,12
135,15
136,0
136,1
136,2
136,3
136,4
136,5
136,6
136,7
136,8
136,9
136,10
136,11
136,12
136,13
136,15
137,2
137,3
137,4
137,5
137,6
137,7
137,8
137,9
137,10
137,11
137,12
137,13
137,14
137,15
138,0
138,1
138,2
138,3
138,4
138,5
138,7
138,8
138,9
138,10
138,11
138,12
138,13
138,14
138,15
139,0
139,1
139,2
139,4
139,5
139,6
139,7
139,8
139,9
139,10
139,11
139,13
139,14
139,15
140,0
140,1
140,2
140,3
140,4
140,5
140,6
140,7
140,8
140,9
140,10
140,11
140,12
140,14
140,15
141,1
141,2
141,3
141,4
141,6
141,7
141,8
141,9
141,10
141,11
141,12
141,13
141,14
141,15
142,0
142,1
142,2
142,3
142,4
142,5
142,6
142,7
142,8
142,9
142,10
142,11
142,12
142,13
142,14
142,15
143,1
143,4
143,5
143,7
143,8
143,9
143,10
143,11
143,12
143,13
143,15
144,0
144,1
144,2
144,3
144,4
144,5
144,8
144,9
144,10
144,11
144,12
144,14
144,15
145,1
145,2
145,3
145,4
145,5
145,6
145,7
145,8
145,9
145,10
145,11
145,12
145,13
145,14
146,0
146,1
146,2
146,3
146,5
146,6
146,7
146,9
146,13
146,14
146,15
147,0
147,1
147,2
147,3
147,4
147,5
147,6
147,7
147,9
147,10
147,11
147,12
147,13
147,14
147,15
148,0
148,2
148,3
148,5
148,6
148,7
148,8
148,9
148,10
148,11
148,12
148,13
148,14
149,0
149,1
149,2
149,3
149,4
149,5
149,6
149,7
149,8
149,9
149,10
149,11
149,12
149,13
149,14
150,0
150,1
150,2
150,3
150,4
150,6
150,7
150,8
150,9
150,10
150,11
150,12
150,13
150,14
150,15
151,0
151,3
151,5
151,6
151,8
151,9
151,10
151,11
151,13
151,14
152,0
152,1
152,2
152,3
152,5
152,6
152,7
152,8
152,11
152,13
152,14
152,15
153,0
153,1
153,3
153,4
153,5
153,7
153,8
153,9
153,10
153,11
153,12
153,13
153,14
154,0
154,1
154,2
154,3
154,4
154,5
154,6
154,7
154,9
154,10
154,13
154,14
154,15
155,0
155,2
155,3
155,4
155,5
155,7
155,9
155,10
155,11
155,12
155,13
155,14
155,15
156,0
156,1
156,2
156,4
156,5
156,6
156,9
156,10
156,13
156,14
156,15
157,0
157,1
157,2
157,6
157,10
157,12
157,14
157,15
158,0
158,1
158,2
158,3
158,4
158,5
158,6
158,7
158,8
158,9
158,10
158,11
158,12
158,14
158,15
159,1
159,2
159,3
159,4
159,5
159,7
159,10
159,11
159,15
160,0
160,1
160,2
160,4
160,5
160,6
160,7
160,8
160,9
160,10
160,11
160,12
160,13
160,14
160,15
161,1
161,2
161,4
161,5
161,6
161,7
161,9
161,11
161,12
161,13
161,14
161,15
162,3
162,4
162,5
162,6
162,7
162,8
162,9
162,10
162,11
162,12
162,13
162,14
162,15
163,0
163,1
163,2
163,3
163,5
163,6
163,9
163,10
163,11
163,12
163,13
163,14
163,15
164,0
164,1
164,2
164,3
164,4
164,5
164,6
164,7
164,8
164,9
164,10
164,11
164,12
164,13
164,14
164,15
165,0
165,1
165,2
165,3
165,4
165,6
165,7
165,8
165,9
165,10
165,11
165,12
165,13
165,14
165,15
166,1
166,3
166,4
166,5
166,6
166,7
166,8
166,9
166,10
166,12
166,13
166,14
166,15
167,0
167,1
167,3
167,4
167,5
167,6
167,7
167,8
167,9
167,10
167,12
167,13
167,14
167,15
168,0
168,3
168,4
168,6
168,7
168,9
168,10
168,11
168,12
168,14
169,0
169,2
169,3
169,4
169,5
169,6
169,9
169,10
169,12
169,13
169,14
169,15
170,0
170,1
170,2
170,3
170,5
170,6
170,7
170,9
170,10
170,11
170,12
170,13
170,15
171,0
171,1
171,2
171,3
171,4
171,5
171,6
171,7
171,8
171,9
171,10
171,11
171,12
171,13
171,14
171,15
172,0
172,3
172,4
172,5
172,8
172,9
172,10
172,11
172,12
172,13
172,14
172,15
173,1
173,2
173,3
173,4
173,5
173,6
173,7
173,8
173,9
173,10
173,11
173,12
173,13
173,15
174,0
174,2
174,3
174,4
174,5
174,6
174,8
174,10
174,12
174,13
174,14
174,15
175,2
175,3
175,5
175,6
175,7
175,8
175,9
175,10
175,12
175,13
175,14
175,15
176,0
176,1
176,2
176,3
176,4
176,6
176,7
176,8
176,10
176,11
176,12
176,13
176,14
176,15
177,0
177,1
177,2
177,3
177,4
177,5
177,6
177,7
177,8
177,9
177,10
177,11
177,12
177,13
177,14
177,15
178,0
178,1
178,2
178,3
178,4
178,5
178,6
178,7
178,8
178,9
178,10
178,11
178,13
178,14
179,0
179,1
179,2
179,3
179,4
179,5
179,6
179,7
179,8
179,9
179,10
179,13
179,14
179,15
180,2
180,3
180,4
180,5
180,6
180,10
180,11
180,12
180,13
180,14
180,15
181,0
181,1
181,2
181,3
181,4
181,5
181,6
181,7
181,8
181,9
181,12
181,14
181,15
182,0
182,1
182,2
182,3
182,4
182,5
182,6
182,7
182,8
182,11
182,12
182,13
182,14
182,15
183,0
183,1
183,2
183,3
183,4
183,5
183,6
183,7
183,8
183,10
183,11
183,12
183,13
183,14
183,15
184,0
184,1
184,2
184,6
184,7
184,8
184,9
184,10
184,11
184,13
184,14
184,15
185,0
185,1
185,2
185,3
185,4
185,6
185,8
185,9
185,10
185,11
185,12
185,14
185,15
186,2
186,3
186,5
186,6
186,7
186,8
186,9
186,10
186,11
186,13
186,14
186,15
187,0
187,2
187,3
187,4
187,5
187,6
187,8
187,10
187,11
187,12
187,13
187,14
187,15
188,1
188,2
188,3
188,4
188,8
188,9
188,10
188,11
188,13
188,14
188,15
189,0
189,1
189,2
189,3
189,4
189,5
189,6
189,7
189,8
189,9
189,10
189,11
189,12
189,13
189,14
189,15
190,1
190,2
190,3
190,4
190,5
190,6
190,7
190,8
190,9
190,10
190,11
190,12
190,13
190,15
191,0
191,1
191,2
191,3
191,5
191,6
191,7
191,8
191,9
191,10
191,11
191,12
191,13
191,14
191,15
192,0
192,1
192,2
192,4
192,6
192,7
192,8
192,9
192,10
192,13
192,15
193,0
193,1
193,2
193,3
193,4
193,5
193,6
193,7
193,8
193,10
193,11
193,12
193,13
193,14
193,15
194,0
194,1
194,2
194,3
194,4
194,5
194,6
194,7
194,8
194,9
194,10
194,11
194,12
194,13
194,14
195,1
195,2
195,3
195,4
195,6
195,7
195,8
195,10
195,11
195,12
195,13
195,14
195,15
196,0
196,2
196,3
196,4
196,6
196,7
196,8
196,9
196,10
196,11
196,12
196,13
196,14
196,15
197,0
197,1
197,3
197,4
197,5
197,6
197,7
197,8
197,9
197,10
197,11
197,12
197,13
197,14
198,0
198,1
198,3
198,4
198,5
198,6
198,7
198,8
198,9
198,10
198,11
198,12
198,13
198,14
198,15
199,1
199,2
199,5
199,7
199,8
199,9
199,11
199,12
199,13
199,14
199,15
200,0
200,1
200,2
200,3
200,4
200,5
200,6
200,7
200,8
200,9
200,11
200,13
200,15
201,0
201,1
201,2
201,3
201,4
201,5
201,7
201,8
201,9
201,10
201,11
201,12
201,13
201,14
201,15
202,0
202,2
202,3
202,5
202,6
202,7
202,8
202,9
202,10
202,11
202,12
202,13
202,15
203,0
203,1
203,2
203,3
203,4
203,6
203,9
203,10
203,11
203,13
203,14
204,0
204,1
204,2
204,3
204,4
204,5
204,6
204,7
204,9
204,10
204,11
204,12
204,13
204,14
204,15
205,0
205,1
205,2
205,4
205,6
205,7
205,8
205,9
205,10
205,11
205,14
205,15
206,0
206,1
206,2
206,3
206,4
206,5
206,6
206,7
206,8
206,9
206,10
206,11
206,12
206,13
206,14
206,15
207,3
207,4
207,5
207,6
207,7
207,9
207,10
207,11
207,13
207,14
207,15
208,0
208,2
208,3
208,4
208,5
208,6
208,7
208,8
208,9
208,11
208,12
208,14
208,15
209,0
209,1
209,2
209,3
209,4
209,5
209,7
209,8
209,10
209,13
209,14
209,15
210,0
210,1
210,2
210,3
210,5
210,6
210,7
210,8
210,9
210,11
210,12
210,15
211,1
211,2
211,3
211,4
211,6
211,8
211,9
211,10
211,11
211,12
211,13
211,14
211,15
212,0
212,1
212,2
212,3
212,4
212,6
212,7
212,8
212,9
212,10
212,11
212,12
212,13
212,14
212,15
213,0
213,1
213,2
213,3
213,4
213,5
213,9
213,10
213,12
213,13
213,15
214,0
214,1
214,2
214,4
214,5
214,6
214,7
214,8
214,9
214,10
214,13
214,14
214,15
215,0
215,1
215,2
215,3
215,4
215,5
215,6
215,8
215,9
215,10
215,12
215,13
215,14
215,15
216,0
216,1
216,2
216,3
216,4
216,5
216,8
216,10
216,11
216,12
216,13
216,14
216,15
217,0
217,2
217,3
217,4
217,5
217,6
217,7
217,8
217,10
217,11
217,12
217,13
217,14
217,15
218,0
218,3
218,4
218,5
218,6
218,7
218,8
218,9
218,10
218,11
218,12
218,13
218,14
218,15
219,0
219,1
219,2
219,4
219,6
219,7
219,8
219,9
219,10
219,11
219,12
219,13
219,14
220,0
220,1
220,2
220,3
220,4
220,5
220,6
220,9
220,10
220,11
220,12
220,13
220,14
220,15
221,0
221,2
221,6
221,8
221,9
221,10
221,11
221,14
221,15
222,0
222,1
222,2
222,3
222,4
222,5
222,6
222,7
222,8
222,9
222,10
222,11
222,12
222,13
222,14
222,15
223,0
223,1
223,3
223,4
223,5
223,6
223,7
223,9
223,10
223,11
223,13
223,14
223,15
224,0
224,1
224,2
224,4
224,6
224,8
224,9
224,10
224,11
224,12
224,14
224,15
225,0
225,4
225,5
225,6
225,7
225,8
225,9
225,10
225,11
225,13
225,14
225,15
226,0
226,1
226,2
226,3
226,4
226,5
226,6
226,7
226,9
226,10
226,11
226,12
226,13
226,14
226,15
227,0
227,1
227,3
227,4
227,5
227,6
227,7
227,8
227,9
227,10
227,11
227,12
227,13
227,14
227,15
228,0
228,1
228,2
228,3
228,4
228,5
228,6
228,7
228,8
228,11
228,14
228,15
229,0
229,1
229,2
229,3
229,4
229,5
229,6
229,7
229,8
229,9
229,10
229,11
229,12
229,13
229,14
229,15
230,2
230,3
230,4
230,5
230,8
230,9
230,10
230,11
230,12
230,15
231,0
231,1
231,4
231,6
231,8
231,9
231,10
231,11
231,12
231,13
231,14
232,0
232,1
232,3
232,4
232,5
232,6
232,7
232,8
232,9
232,10
232,11
232,12
232,13
232,14
232,15
233,0
233,3
233,5
233,6
233,7
233,8
233,9
233,11
233,13
233,14
233,15
234,0
234,1
234,2
234,3
234,4
234,5
234,7
234,8
234,9
234,10
234,11
234,12
234,13
234,14
234,15
235,1
235,2
235,3
235,4
235,6
235,7
235,10
235,11
235,14
236,0
236,1
236,2
236,4
236,5
236,6
236,7
236,8
236,10
236,11
236,12
236,13
236,15
237,2
237,3
237,4
237,6
237,7
237,8
237,9
237,10
237,11
237,12
237,13
237,14
238,0
238,1
238,2
238,3
238,4
238,5
238,6
238,8
238,9
238,10
238,11
238,12
238,13
238,14
238,15
239,0
239,1
239,2
239,3
239,4
239,5
239,7
239,9
239,10
239,11
239,12
239,13
239,14
239,15
240,3
240,4
240,5
240,6
240,7
240,9
240,10
240,11
240,13
240,14
241,0
241,1
241,2
241,3
241,4
241,5
241,6
241,7
241,8
241,9
241,10
241,11
241,12
241,13
241,14
242,0
242,1
242,2
242,3
242,4
242,5
242,6
242,8
242,10
242,13
242,14
243,0
243,1
243,2
243,3
243,4
243,5
243,6
243,7
243,8
243,10
243,11
243,12
243,13
243,14
243,15
244,0
244,1
244,2
244,3
244,4
244,5
244,6
244,7
244,8
244,9
244,10
244,11
244,12
244,13
244,14
244,15
245,0
245,1
245,2
245,5
245,6
245,7
245,8
245,9
245,10
245,12
245,13
245,14
246,0
246,1
246,2
246,3
246,5
246,6
246,7
246,10
246,11
246,13
246,14
246,15
247,0
247,1
247,2
247,3
247,4
247,5
247,6
247,7
247,8
247,9
247,10
247,11
247,12
247,13
247,14
247,15
248,0
248,1
248,2
248,3
248,4
248,5
248,6
248,7
248,8
248,9
248,10
248,11
248,12
248,13
248,14
248,15
249,1
249,2
249,3
249,4
249,5
249,6
249,7
249,8
249,9
249,10
249,11
249,12
249,13
249,14
249,15
250,0
250,1
250,3
250,4
250,5
250,6
250,8
250,9
250,10
250,11
250,12
250,13
250,14
250,15
251,0
251,1
251,2
251,3
251,4
251,6
251,7
251,8
251,9
251,10
251,11
251,12
251,13
251,14
252,0
252,1
252,2
252,3
252,4
252,5
252,6
252,7
252,9
252,10
252,11
252,12
252,13
252,14
253,0
253,1
253,2
253,3
253,4
253,5
253,6
253,8
253,10
253,11
253,12
253,13
253,14
253,15
254,0
254,1
254,2
254,4
254,5
254,6
254,7
254,8
254,9
254,10
254,11
254,12
254,13
254,14
254,15
255,0
255,1
255,2
255,4
255,6
255,7
255,8
255,9
255,10
255,11
255,12
255,14
255,15
256,3
256,4
256,5
256,6
256,7
256,8
256,10
256,11
256,12
256,13
256,15
257,0
257,1
257,2
257,3
257,4
257,6
257,8
257,10
257,11
257,13
257,14
257,15
258,0
258,1
258,2
258,3
258,4
258,5
258,6
258,7
258,9
258,11
258,12
258,13
258,15
259,0
259,1
259,2
259,3
259,6
259,8
259,11
259,12
259,13
259,14
259,15
260,1
260,2
260,3
260,4
260,5
260,6
260,7
260,8
260,9
260,10
260,11
260,14
260,15
261,0
261,1
261,2
261,3
261,4
261,7
261,8
261,9
261,10
261,11
261,12
261,13
261,14
261,15
262,0
262,1
262,2
262,3
262,4
262,5
262,6
262,7
262,8
262,9
262,10
262,11
262,12
262,13
262,14
263,0
263,1
263,2
263,3
263,4
263,6
263,7
263,8
263,9
263,10
263,11
263,12
263,13
263,14
263,15
264,0
264,1
264,4
264,5
264,6
264,7
264,8
264,9
264,11
264,13
264,14
264,15
265,0
265,1
265,3
265,4
265,5
265,7
265,8
265,9
265,10
265,11
265,12
265,13
265,14
265,15
266,2
266,3
266,4
266,5
266,7
266,8
266,10
266,11
266,12
266,14
266,15
267,0
267,1
267,2
267,3
267,4
267,5
267,6
267,7
267,8
267,9
267,10
267,11
267,12
267,13
267,14
268,1
268,2
268,3
268,4
268,5
268,6
268,7
268,10
268,11
268,12
268,13
268,14
268,15
269,0
269,1
269,3
269,4
269,5
269,6
269,8
269,9
269,10
269,11
269,12
270,0
270,1
270,2
270,3
270,4
270,5
270,6
270,7
270,8
270,9
270,11
270,12
270,13
270,14
270,15
271,3
271,4
271,5
271,6
271,8
271,9
271,10
271,11
271,14
272,0
272,1
272,2
272,4
272,6
272,7
272,8
272,9
272,12
272,13
272,14
272,15
273,0
273,1
273,2
273,3
273,4
273,5
273,6
273,7
273,8
273,9
273,10
273,11
273,12
273,13
273,14
273,15
274,0
274,1
274,3
274,4
274,6
274,7
274,8
274,9
274,10
274,11
274,12
274,13
274,14
275,0
275,1
275,3
275,4
275,5
275,8
275,9
275,10
275,11
275,13
275,14
275,15
276,0
276,3
276,4
276,6
276,7
276,10
276,12
276,13
276,14
277,1
277,3
277,4
277,5
277,6
277,7
277,9
277,10
277,12
278,0
278,1
278,3
278,7
278,8
278,9
278,11
278,12
278,13
278,14
279,0
279,1
279,2
279,4
279,5
279,6
279,8
279,9
279,10
279,11
279,13
279,14
280,0
280,1
280,2
280,4
280,5
280,6
280,7
280,10
280,12
280,13
280,14
280,15
281,0
281,1
281,2
281,3
281,4
281,5
281,6
281,8
281,9
281,11
281,12
281,13
281,14
281,15
282,0
282,1
282,2
282,4
282,7
282,8
282,10
282,11
282,12
282,13
282,14
282,15
283,0
283,2
283,3
283,4
283,5
283,6
283,7
283,8
283,9
283,10
283,11
283,12
283,14
283,15
284,1
284,2
284,3
284,4
284,5
284,6
284,7
284,8
284,9
284,10
284,11
284,12
284,13
284,14
284,15
285,0
285,1
285,2
285,3
285,4
285,5
285,6
285,8
285,9
285,10
285,11
285,14
285,15
286,0
286,1
286,2
286,3
286,4
286,5
286,7
286,9
286,10
286,11
286,12
286,13
286,15
287,0
287,1
287,2
287,4
287,5
287,9
287,10
287,11
287,13
287,14
288,0
288,1
288,2
288,4
288,5
288,6
288,7
288,8
288,10
288,11
288,12
288,13
288,14
288,15
289,0
289,1
289,2
289,4
289,5
289,7
289,8
289,10
289,11
289,12
289,13
289,14
289,15
290,0
290,1
290,2
290,4
290,5
290,6
290,7
290,8
290,10
290,11
290,12
290,13
290,14
290,15
291,1
291,2
291,3
291,5
291,6
291,7
291,8
291,9
291,10
291,11
291,12
291,13
291,14
291,15
292,1
292,2
292,4
292,5
292,6
292,7
292,8
292,10
292,11
292,13
292,14
293,0
293,1
293,2
293,3
293,4
293,6
293,7
293,8
293,9
293,10
293,11
293,13
293,14
294,0
294,1
294,2
294,4
294,6
294,9
294,10
294,11
294,12
294,13
294,14
294,15
295,1
295,2
295,3
295,5
295,6
295,8
295,9
295,11
295,12
295,13
295,14
295,15
296,0
296,1
296,2
296,4
296,6
296,7
296,8
296,9
296,10
296,11
296,12
296,14
297,0
297,1
297,2
297,3
297,4
297,5
297,6
297,7
297,8
297,9
297,11
297,12
297,13
297,15
298,0
298,1
298,2
298,4
298,7
298,8
298,10
298,11
298,13
298,14
298,15
299,0
299,1
299,3
299,4
299,5
299,6
299,7
299,8
299,9
299,10
299,11
299,12
299,13
299,14
299,15
300,0
300,1
300,2
300,3
300,4
300,5
300,6
300,7
300,8
300,9
300,10
300,11
300,13
300,15
301,1
301,2
301,3
301,4
301,5
301,6
301,7
301,8
301,9
301,11
301,12
301,13
301,14
301,15
302,2
302,3
302,4
302,5
302,6
302,7
302,8
302,9
302,10
302,12
302,13
302,14
302,15
303,0
303,1
303,3
303,4
303,5
303,7
303,9
303,10
303,11
303,12
303,14
303,15
304,0
304,1
304,2
304,3
304,6
304,7
304,8
304,9
304,10
304,11
304,12
304,13
304,14
304,15
305,0
305,1
305,2
305,3
305,4
305,6
305,7
305,9
305,11
305,13
305,14
305,15
306,0
306,2
306,4
306,5
306,6
306,8
306,9
306,10
306,11
306,13
306,14
306,15
307,0
307,2
307,4
307,5
307,6
307,7
307,8
307,9
307,10
307,11
307,12
307,13
307,14
307,15
308,1
308,2
308,3
308,4
308,5
308,6
308,7
308,9
308,10
308,11
308,12
308,13
308,14
309,0
309,1
309,2
309,6
309,8
309,9
309,10
309,12
309,13
309,14
310,0
310,2
310,3
310,4
310,6
310,8
310,9
310,12
310,14
310,15
311,0
311,1
311,2
311,3
311,4
311,5
311,6
311,7
311,10
311,11
311,12
311,13
311,14
311,15
312,0
312,2
312,3
312,4
312,6
312,9
312,10
312,11
312,13
312,14
313,0
313,2
313,3
313,5
313,6
313,7
313,8
313,9
313,11
313,12
313,13
314,0
314,1
314,2
314,3
314,4
314,5
314,6
314,8
314,9
314,10
314,12
314,13
314,15
315,0
315,1
315,2
315,3
315,5
315,6
315,7
315,8
315,9
315,10
315,11
315,12
315,13
315,14
315,15
316,0
316,1
316,2
316,3
316,4
316,5
316,7
316,8
316,9
316,10
316,11
316,12
316,13
316,14
317,1
317,2
317,3
317,4
317,5
317,7
317,8
317,10
317,12
317,14
317,15
318,0
318,1
318,2
318,4
318,6
318,7
318,8
318,9
318,11
318,12
318,13
318,14
318,15
319,0
319,1
319,2
319,3
319,5
319,6
319,7
319,9
319,10
319,11
319,12
319,14
319,15
320,0
320,1
320,3
320,4
320,6
320,7
320,8
320,9
320,10
320,11
320,13
320,15
321,0
321,1
321,2
321,3
321,4
321,5
321,6
321,7
321,8
321,9
321,12
321,13
321,14
322,0
322,1
322,2
322,3
322,5
322,6
322,7
322,9
322,10
322,11
322,12
322,13
322,14
322,15
323,0
323,1
323,2
323,3
323,4
323,5
323,6
323,8
323,9
323,10
323,11
323,12
323,14
323,15
324,0
324,1
324,4
324,5
324,6
324,7
324,8
324,9
324,10
324,12
324,13
324,14
324,15
325,0
325,2
325,3
325,4
325,5
325,6
325,7
325,8
325,10
325,11
325,12
325,13
325,15
326,0
326,1
326,3
326,4
326,5
326,7
326,8
326,9
326,10
326,11
326,14
326,15
327,0
327,1
327,2
327,3
327,4
327,5
327,6
327,7
327,8
327,9
327,10
327,11
327,12
327,13
327,14
327,15
328,1
328,3
328,4
328,5
328,6
328,8
328,9
328,11
328,12
328,13
329,0
329,1
329,3
329,4
329,5
329,6
329,7
329,9
329,10
329,11
329,12
329,14
329,15
330,0
330,1
330,3
330,4
330,5
330,6
330,7
330,8
330,9
330,10
330,11
330,12
330,14
331,0
331,1
331,2
331,3
331,4
331,5
331,7
331,9
331,11
331,12
331,13
331,14
332,0
332,1
332,2
332,3
332,4
332,5
332,6
332,8
332,9
332,10
332,11
332,13
332,14
332,15
333,0
333,1
333,2
333,3
333,4
333,5
333,6
333,7
333,8
333,9
333,10
333,12
333,15
334,0
334,2
334,3
334,4
334,5
334,7
334,8
334,9
334,11
334,12
334,14
334,15
335,0
335,1
335,2
335,4
335,5
335,6
335,7
335,8
335,10
335,11
335,12
335,14
335,15
336,2
336,3
336,5
336,6
336,7
336,8
336,9
336,10
336,11
336,12
336,13
336,14
336,15
337,0
337,2
337,3
337,4
337,6
337,7
337,9
337,10
337,13
337,15
338,0
338,1
338,2
338,3
338,4
338,6
338,7
338,8
338,9
338,11
338,12
338,13
338,14
338,15
339,0
339,3
339,4
339,5
339,7
339,8
339,9
339,10
339,11
339,12
339,13
339,14
340,0
340,2
340,3
340,4
340,5
340,6
340,7
340,8
340,9
340,10
340,11
340,13
341,0
341,1
341,2
341,3
341,4
341,5
341,7
341,8
341,9
341,10
341,11
341,12
341,15
342,0
342,1
342,2
342,3
342,5
342,6
342,8
342,9
342,10
342,11
342,12
342,13
342,14
343,0
343,1
343,2
343,4
343,6
343,7
343,9
343,10
343,11
343,13
343,14
343,15
344,0
344,1
344,2
344,3
344,4
344,5
344,6
344,8
344,9
344,10
344,11
344,12
344,13
344,14
344,15
345,1
345,2
345,4
345,6
345,7
345,8
345,9
345,10
345,11
345,12
345,14
345,15
346,0
346,1
346,2
346,3
346,4
346,5
346,6
346,7
346,8
346,9
346,10
346,11
346,14
346,15
347,0
347,1
347,2
347,3
347,4
347,5
347,6
347,7
347,9
347,10
347,11
347,12
347,13
347,14
347,15
348,0
348,3
348,4
348,5
348,6
348,7
348,8
348,9
348,10
348,11
348,12
348,14
348,15
349,0
349,1
349,2
349,4
349,5
349,7
349,8
349,9
349,10
349,11
349,12
349,13
350,0
350,1
350,2
350,4
350,5
350,6
350,7
350,8
350,9
350,10
350,12
350,13
350,15
351,0
351,1
351,4
351,5
351,6
351,7
351,8
351,9
351,10
351,11
351,12
351,13
351,14
351,15
352,1
352,2
352,3
352,4
352,5
352,8
352,9
352,10
352,11
352,12
352,13
352,15
353,0
353,1
353,2
353,3
353,5
353,6
353,7
353,8
353,9
353,10
353,12
353,13
353,15
354,0
354,1
354,2
354,3
354,4
354,5
354,6
354,7
354,8
354,10
354,11
354,12
354,13
354,14
354,15
355,0
355,1
355,2
355,3
355,5
355,6
355,7
355,8
355,9
355,10
355,11
355,12
355,13
355,15
356,0
356,3
356,4
356,5
356,8
356,9
356,10
356,11
356,12
356,14
356,15
357,2
357,4
357,5
357,6
357,7
357,8
357,10
357,11
357,12
357,13
357,14
357,15
358,0
358,1
358,2
358,3
358,4
358,6
358,7
358,9
358,10
358,12
358,13
358,14
359,0
359,1
359,2
359,4
359,5
359,6
359,8
359,9
359,10
359,12
359,14
359,15
360,1
360,2
360,3
360,4
360,5
360,6
360,7
360,8
360,9
360,10
360,12
360,13
361,2
361,3
361,5
361,6
361,7
361,8
361,9
361,11
361,15
362,0
362,1
362,2
362,3
362,4
362,5
362,7
362,8
362,9
362,11
362,13
362,14
363,0
363,2
363,3
363,4
363,5
363,6
363,8
363,9
363,12
363,13
363,14
364,0
364,1
364,3
364,4
364,6
364,7
364,8
364,9
364,11
364,12
364,13
364,14
364,15
365,0
365,1
365,2
365,3
365,6
365,7
365,8
365,9
365,10
365,11
365,12
365,13
365,14
366,0
366,1
366,2
366,4
366,5
366,6
366,7
366,8
366,9
366,10
366,11
366,12
366,14
366,15
367,0
367,1
367,2
367,3
367,4
367,5
367,6
367,7
367,9
367,10
367,13
367,15
368,0
368,1
368,5
368,6
368,8
368,9
368,10
368,11
368,12
368,13
368,14
369,0
369,1
369,2
369,3
369,4
369,5
369,6
369,7
369,8
369,10
369,11
369,13
369,14
369,15
370,0
370,1
370,2
370,3
370,5
370,6
370,7
370,8
370,9
370,10
370,11
370,12
370,13
370,14
371,0
371,1
371,2
371,4
371,5
371,6
371,7
371,8
371,9
371,11
371,12
371,13
371,14
371,15
372,0
372,1
372,2
372,3
372,4
372,5
372,6
372,7
372,8
372,9
372,10
372,11
372,12
372,13
372,14
372,15
373,0
373,1
373,2
373,3
373,4
373,5
373,7
373,8
373,9
373,10
373,11
373,12
373,13
373,14
373,15
374,0
374,1
374,2
374,4
374,5
374,6
374,7
374,8
374,9
374,10
374,11
374,13
374,14
374,15
375,0
375,1
375,2
375,3
375,5
375,6
375,8
375,9
375,10
375,11
375,12
375,13
375,14
375,15
376,0
376,1
376,2
376,3
376,6
376,7
376,8
376,10
376,11
376,12
376,13
376,14
377,1
377,2
377,4
377,6
377,7
377,8
377,9
377,10
377,11
377,12
377,13
377,14
377,15
378,2
378,3
378,5
378,8
378,9
378,10
378,11
378,12
378,15
379,0
379,1
379,2
379,3
379,4
379,5
379,6
379,7
379,8
379,9
379,12
379,13
379,15
380,1
380,2
380,3
380,6
380,8
380,9
380,10
380,11
380,14
381,0
381,1
381,3
381,4
381,5
381,6
381,8
381,9
381,10
381,11
381,12
381,13
381,14
381,15
382,0
382,2
382,4
382,5
382,7
382,8
382,9
382,10
382,11
382,12
382,13
382,14
382,15
383,0
383,1
383,3
383,4
383,5
383,7
383,9
383,10
383,11
383,13
383,14
383,15
384,0
384,1
384,3
384,4
384,6
384,7
384,8
384,9
384,10
384,11
384,12
384,14
384,15
385,0
385,1
385,2
385,3
385,4
385,5
385,6
385,8
385,9
385,10
385,11
385,12
385,13
385,14
385,15
386,1
386,2
386,5
386,6
386,7
386,8
386,9
386,10
386,11
386,12
386,13
386,14
387,1
387,2
387,3
387,4
387,5
387,6
387,7
387,8
387,9
387,10
387,11
387,12
387,13
387,14
387,15
388,0
388,1
388,2
388,5
388,6
388,7
388,10
388,11
388,12
388,13
388,15
389,0
389,2
389,3
389,4
389,5
389,6
389,7
389,8
389,9
389,10
389,12
389,14
389,15
390,0
390,3
390,5
390,6
390,7
390,8
390,9
390,10
390,11
390,12
390,14
390,15
391,0
391,1
391,3
391,4
391,5
391,6
391,8
391,10
391,13
391,14
391,15
392,0
392,2
392,3
392,4
392,7
392,9
392,10
392,11
392,12
392,13
393,0
393,1
393,3
393,4
393,5
393,6
393,9
393,10
393,11
393,13
393,14
393,15
394,0
394,1
394,4
394,5
394,6
394,8
394,10
394,12
394,13
394,14
395,1
395,2
395,3
395,4
395,5
395,6
395,7
395,8
395,9
395,10
395,11
395,13
395,14
395,15
396,0
396,1
396,2
396,3
396,4
396,5
396,6
396,7
396,9
396,11
396,12
396,13
396,14
396,15
397,0
397,1
397,2
397,5
397,6
397,7
397,8
397,9
397,10
397,12
397,14
397,15
398,0
398,1
398,2
398,3
398,4
398,5
398,6
398,7
398,8
398,9
398,10
398,12
398,13
398,14
398,15
399,0
399,1
399,2
399,3
399,5
399,6
399,7
399,8
399,10
399,11
399,12
399,13
399,14
399,15
400,0
400,1
400,2
400,3
400,4
400,5
400,6
400,7
400,8
400,10
400,11
400,13
400,14
400,15
401,2
401,3
401,4
401,5
401,7
401,8
401,9
401,10
401,11
401,12
401,13
401,14
401,15
402,0
402,1
402,2
402,3
402,4
402,5
402,6
402,7
402,9
402,10
402,11
402,13
402,14
403,0
403,1
403,2
403,3
403,4
403,5
403,6
403,7
403,9
403,10
403,11
403,12
403,13
403,15
404,0
404,1
404,2
404,3
404,4
404,5
404,7
404,8
404,9
404,10
404,12
404,13
404,14
404,15
405,1
405,3
405,4
405,6
405,7
405,8
405,12
405,14
406,0
406,1
406,2
406,3
406,4
406,5
406,6
406,7
406,8
406,9
406,11
406,12
406,13
406,15
407,0
407,3
407,4
407,5
407,6
407,7
407,8
407,9
407,10
407,11
407,12
407,13
407,14
407,15
408,0
408,3
408,4
408,5
408,6
408,8
408,10
408,11
408,12
408,13
408,14
408,15
409,1
409,2
409,3
409,4
409,5
409,6
409,8
409,9
409,10
409,11
409,12
409,14
409,15
410,0
410,1
410,2
410,3
410,4
410,5
410,6
410,7
410,8
410,10
410,11
410,12
410,13
410,14
410,15
411,1
411,2
411,3
411,4
411,5
411,6
411,7
411,8
411,10
411,11
411,14
411,15
412,0
412,1
412,2
412,3
412,4
412,5
412,6
412,7
412,8
412,9
412,10
412,11
412,12
412,13
412,14
412,15
413,2
413,3
413,5
413,6
413,7
413,8
413,10
413,11
413,12
413,14
413,15
414,0
414,1
414,2
414,3
414,4
414,5
414,6
414,7
414,8
414,9
414,10
414,11
414,12
414,13
414,14
414,15
415,0
415,1
415,3
415,4
415,5
415,6
415,7
415,8
415,9
415,10
415,11
415,12
416,1
416,2
416,3
416,4
416,5
416,6
416,9
416,10
416,11
416,12
416,13
416,14
416,15
417,0
417,1
417,2
417,3
417,4
417,6
417,7
417,10
417,11
417,12
417,13
417,14
417,15
418,0
418,1
418,2
418,3
418,4
418,5
418,6
418,7
418,8
418,9
418,11
418,13
418,15
419,0
419,1
419,2
419,4
419,5
419,6
419,7
419,9
419,10
419,11
419,12
419,13
419,15
420,0
420,1
420,2
420,4
420,5
420,7
420,8
420,10
420,11
420,13
420,14
420,15
421,1
421,2
421,5
421,6
421,7
421,8
421,9
421,10
421,11
421,12
421,13
421,14
421,15
422,0
422,1
422,2
422,4
422,5
422,7
422,8
422,10
422,13
422,14
422,15
423,0
423,1
423,2
423,3
423,4
423,5
423,6
423,7
423,8
423,9
423,10
423,11
423,13
423,14
423,15
424,0
424,1
424,2
424,3
424,5
424,6
424,7
424,8
424,9
424,10
424,11
424,12
424,13
424,14
424,15
425,1
425,2
425,3
425,5
425,6
425,7
425,8
425,9
425,10
425,11
425,12
425,14
425,15
426,0
426,1
426,2
426,4
426,5
426,6
426,7
426,9
426,10
426,11
426,12
426,14
426,15
427,0
427,1
427,2
427,3
427,4
427,6
427,7
427,8
427,9
427,13
427,15
428,0
428,1
428,2
428,3
428,5
428,6
428,7
428,8
428,9
428,10
428,11
428,12
428,13
428,15
429,0
429,1
429,2
429,3
429,5
429,7
429,8
429,9
429,10
429,11
429,13
429,14
430,0
430,2
430,4
430,5
430,6
430,7
430,8
430,10
430,11
430,12
430,13
430,14
430,15
431,0
431,1
431,2
431,3
431,4
431,5
431,6
431,7
431,8
431,9
431,10
431,11
431,12
431,15
432,0
432,3
432,4
432,5
432,7
432,8
432,9
432,10
432,11
432,12
432,13
432,14
432,15
433,0
433,1
433,2
433,3
433,4
433,5
433,6
433,7
433,8
433,9
433,10
433,11
433,12
433,13
433,15
434,0
434,2
434,3
434,4
434,5
434,6
434,9
434,11
434,12
434,13
434,14
434,15
435,0
435,1
435,2
435,3
435,4
435,5
435,6
435,7
435,8
435,9
435,10
435,12
435,13
435,14
435,15
436,0
436,1
436,2
436,3
436,4
436,5
436,6
436,7
436,8
436,9
436,10
436,12
436,13
436,14
437,0
437,1
437,2
437,3
437,4
437,5
437,6
437,7
437,8
437,9
437,10
437,11
437,12
437,13
437,14
437,15
438,0
438,2
438,3
438,6
438,8
438,9
438,10
438,11
438,12
438,13
438,14
439,1
439,2
439,3
439,4
439,5
439,6
439,7
439,8
439,9
439,10
439,11
439,12
439,13
439,14
439,15
440,0
440,1
440,3
440,4
440,5
440,6
440,7
440,8
440,9
440,10
440,11
440,12
440,13
441,0
441,1
441,2
441,4
441,5
441,6
441,7
441,9
441,10
441,11
441,12
441,13
441,14
441,15
442,0
442,1
442,2
442,3
442,4
442,6
442,7
442,8
442,9
442,10
442,12
442,13
442,14
443,0
443,1
443,2
443,3
443,4
443,6
443,7
443,9
443,10
443,11
443,13
443,14
443,15
444,0
444,2
444,3
444,4
444,5
444,7
444,8
444,9
444,10
444,12
444,13
444,14
444,15
445,0
445,2
445,3
445,4
445,5
445,6
445,7
445,8
445,9
445,10
445,11
445,12
445,13
445,15
446,0
446,1
446,2
446,4
446,5
446,6
446,7
446,8
446,9
446,10
446,11
446,12
446,13
446,14
447,0
447,1
447,2
447,3
447,6
447,9
447,10
447,12
447,13
447,14
447,15
448,2
448,3
448,4
448,5
448,6
448,8
448,12
448,13
448,14
449,0
449,1
449,2
449,3
449,4
449,5
449,6
449,7
449,8
449,10
449,11
449,12
449,13
449,14
449,15
450,0
450,1
450,2
450,3
450,4
450,7
450,8
450,12
450,13
450,14
450,15
451,1
451,3
451,4
451,6
451,7
451,8
451,9
451,10
451,11
451,12
451,13
451,14
452,0
452,1
452,2
452,3
452,4
452,5
452,8
452,9
452,12
452,13
452,14
453,0
453,1
453,2
453,3
453,4
453,5
453,7
453,8
453,9
453,10
453,11
453,12
453,14
453,15
454,0
454,1
454,3
454,4
454,7
454,8
454,9
454,10
454,11
454,12
454,14
454,15
455,0
455,1
455,3
455,4
455,7
455,9
455,10
455,11
455,12
455,13
455,14
455,15
456,0
456,1
456,2
456,4
456,7
456,8
456,9
456,10
456,11
456,13
456,14
456,15
457,0
457,1
457,2
457,3
457,4
457,5
457,6
457,7
457,8
457,10
457,11
457,12
457,13
457,14
457,15
458,0
458,1
458,2
458,3
458,4
458,6
458,7
458,8
458,9
458,10
458,11
458,12
458,13
458,15
459,0
459,1
459,2
459,3
459,4
459,6
459,7
459,8
459,9
459,10
459,11
459,12
459,13
459,14
459,15
460,0
460,1
460,2
460,4
460,5
460,6
460,7
460,8
460,9
460,11
460,12
460,13
460,14
460,15
461,0
461,1
461,2
461,4
461,5
461,6
461,8
461,9
461,10
461,11
461,12
461,13
461,14
462,0
462,1
462,2
462,4
462,5
462,6
462,7
462,9
462,10
462,11
462,12
462,14
462,15
463,0
463,1
463,2
463,3
463,4
463,5
463,7
463,8
463,12
463,13
463,15
464,0
464,1
464,2
464,3
464,4
464,5
464,7
464,8
464,9
464,10
464,11
464,12
464,13
464,14
464,15
465,0
465,2
465,3
465,4
465,5
465,6
465,7
465,8
465,9
465,10
465,11
465,12
465,13
465,14
465,15
466,2
466,3
466,4
466,5
466,6
466,7
466,8
466,9
466,10
466,11
466,12
466,13
466,15
467,2
467,3
467,4
467,5
467,6
467,7
467,8
467,9
467,10
467,12
467,13
467,14
468,0
468,1
468,2
468,4
468,6
468,7
468,9
468,10
468,11
468,12
468,13
468,14
468,15
469,0
469,1
469,3
469,4
469,7
469,8
469,9
469,10
469,12
469,13
469,14
469,15
470,0
470,1
470,2
470,3
470,4
470,5
470,6
470,7
470,8
470,10
470,11
470,13
470,14
470,15
471,1
471,2
471,3
471,4
471,5
471,6
471,7
471,8
471,9
471,11
471,12
471,13
471,14
471,15
472,0
472,1
472,2
472,3
472,4
472,5
472,8
472,9
472,10
472,11
472,12
472,14
472,15
473,0
473,2
473,3
473,4
473,5
473,6
473,7
473,9
473,11
473,13
473,14
473,15
474,2
474,5
474,7
474,8
474,9
474,10
474,11
474,12
474,13
474,15
475,0
475,1
475,2
475,3
475,4
475,5
475,6
475,7
475,8
475,9
475,11
475,12
475,13
475,14
475,15
476,0
476,1
476,2
476,3
476,4
476,5
476,6
476,8
476,9
476,10
476,12
476,14
476,15
477,0
477,1
477,3
477,5
477,6
477,10
477,11
477,12
477,13
477,14
477,15
478,1
478,2
478,3
478,4
478,5
478,6
478,7
478,9
478,11
478,12
478,14
478,15
479,0
479,1
479,2
479,3
479,4
479,5
479,6
479,7
479,8
479,9
479,10
479,11
479,15
480,1
480,2
480,3
480,4
480,5
480,7
480,8
480,10
480,11
480,12
480,13
480,14
481,0
481,1
481,2
481,4
481,7
481,10
481,11
481,12
481,13
481,15
482,0
482,2
482,3
482,4
482,5
482,6
482,7
482,8
482,9
482,10
482,11
482,12
482,13
482,14
482,15
483,0
483,1
483,4
483,5
483,6
483,7
483,8
483,9
483,10
483,12
483,13
484,0
484,1
484,3
484,4
484,5
484,6
484,8
484,9
484,10
484,11
484,12
484,13
484,15
485,0
485,1
485,3
485,4
485,5
485,6
485,7
485,8
485,9
485,11
485,12
485,13
485,14
486,0
486,1
486,2
486,3
486,4
486,5
486,6
486,7
486,9
486,10
486,12
486,13
486,14
486,15
487,0
487,1
487,2
487,3
487,4
487,5
487,6
487,8
487,9
487,10
487,11
487,12
487,13
487,15
488,0
488,1
488,2
488,3
488,4
488,6
488,8
488,10
488,11
488,12
488,13
488,14
488,15
489,0
489,1
489,2
489,4
489,5
489,6
489,7
489,8
489,9
489,10
489,12
489,13
489,15
490,0
490,1
490,2
490,4
490,5
490,6
490,7
490,8
490,9
490,10
490,12
490,13
490,14
491,0
491,1
491,2
491,3
491,4
491,5
491,6
491,7
491,9
491,10
491,11
491,13
492,0
492,1
492,3
492,4
492,5
492,6
492,7
492,8
492,9
492,10
492,11
492,12
492,13
492,14
492,15
493,0
493,1
493,2
493,5
493,6
493,7
493,8
493,9
493,10
493,12
493,13
493,14
493,15
494,0
494,1
494,2
494,3
494,4
494,5
494,6
494,7
494,8
494,10
494,11
494,13
494,14
494,15
495,1
495,2
495,3
495,4
495,5
495,6
495,7
495,8
495,9
495,10
495,11
495,12
495,13
495,14
496,0
496,1
496,3
496,4
496,5
496,6
496,7
496,8
496,9
496,10
496,11
496,12
497,0
497,1
497,2
497,3
497,4
497,5
497,7
497,8
497,9
497,10
497,11
497,12
497,13
497,14
497,15
498,0
498,1
498,2
498,3
498,4
498,6
498,7
498,8
498,9
498,10
498,11
498,12
498,14
499,0
499,1
499,2
499,4
499,5
499,6
499,7
499,8
499,9
499,10
499,11
499,12
499,13
499,14
500,0
500,1
500,2
500,3
500,4
500,5
500,6
500,7
500,8
500,9
500,10
500,11
500,12
500,13
500,14
501,0
501,2
501,6
501,7
501,8
501,9
501,10
501,11
501,13
501,14
501,15
502,0
502,2
502,3
502,5
502,6
502,7
502,8
502,9
502,10
502,11
502,12
502,13
502,14
502,15
503,0
503,1
503,2
503,3
503,5
503,6
503,9
503,11
503,12
503,15
504,0
504,2
504,4
504,5
504,7
504,8
504,9
504,10
504,11
504,12
504,13
504,14
504,15
505,0
505,1
505,2
505,3
505,4
505,5
505,6
505,7
505,8
505,9
505,10
505,11
505,12
505,13
505,15
506,1
506,2
506,4
506,5
506,6
506,7
506,8
506,9
506,10
506,11
506,12
506,13
506,14
506,15
507,0
507,1
507,2
507,3
507,4
507,5
507,6
507,7
507,8
507,9
507,10
507,11
507,12
507,13
507,15
508,0
508,1
508,2
508,3
508,4
508,5
508,8
508,9
508,10
508,11
508,13
508,15
509,0
509,3
509,4
509,5
509,7
509,8
509,9
509,10
509,11
509,12
509,13
509,14
509,15
510,0
510,2
510,3
510,4
510,5
510,6
510,7
510,8
510,9
510,10
510,11
510,12
510,13
510,14
511,1
511,2
511,4
511,5
511,7
511,8
511,10
511,11
511,12
511,13
511,14
512,0
512,1
512,3
512,5
512,7
512,8
512,9
512,10
512,12
512,13
512,14
512,15
513,0
513,1
513,2
513,3
513,5
513,6
513,7
513,8
513,9
513,12
513,14
514,0
514,1
514,2
514,3
514,5
514,6
514,8
514,10
514,15
515,0
515,1
515,2
515,4
515,5
515,6
515,8
515,10
515,11
515,12
515,13
515,14
515,15
516,0
516,1
516,2
516,4
516,5
516,6
516,8
516,9
516,11
516,12
516,14
516,15
517,0
517,1
517,2
517,4
517,5
517,8
517,9
517,10
517,11
517,12
517,13
517,15
518,0
518,1
518,2
518,4
518,7
518,8
518,9
518,10
518,11
518,13
518,14
518,15
519,0
519,1
519,2
519,3
519,4
519,5
519,7
519,8
519,9
519,10
519,11
519,12
519,14
519,15
520,0
520,1
520,2
520,3
520,5
520,6
520,7
520,9
520,10
520,12
520,13
520,14
520,15
521,0
521,1
521,2
521,3
521,4
521,5
521,6
521,7
521,8
521,10
521,11
521,12
521,13
521,15
522,0
522,1
522,2
522,3
522,4
522,5
522,6
522,7
522,8
522,10
522,11
522,12
522,13
522,15
523,0
523,1
523,6
523,8
523,9
523,10
523,11
523,12
523,13
523,14
523,15
524,0
524,1
524,2
524,3
524,5
524,6
524,7
524,9
524,11
524,12
524,13
524,14
524,15
525,0
525,1
525,2
525,3
525,4
525,5
525,6
525,8
525,9
525,10
525,11
525,12
525,13
525,14
525,15
526,0
526,1
526,4
526,5
526,6
526,8
526,9
526,10
526,11
526,12
526,14
526,15
527,0
527,1
527,2
527,3
527,4
527,5
527,8
527,10
527,11
527,12
527,14
527,15
528,0
528,3
528,4
528,5
528,6
528,7
528,9
528,11
528,12
528,13
528,14
528,15
529,0
529,1
529,2
529,3
529,4
529,5
529,6
529,7
529,8
529,9
529,10
529,11
529,12
529,13
530,0
530,1
530,3
530,4
530,5
530,6
530,7
530,8
530,9
530,10
530,12
530,13
530,14
530,15
531,0
531,1
531,2
531,3
531,4
531,6
531,7
531,8
531,9
531,10
531,11
531,12
531,13
531,14
531,15
532,0
532,2
532,3
532,4
532,5
532,7
532,8
532,9
532,10
532,11
532,12
532,13
532,14
532,15
533,0
533,1
533,3
533,4
533,9
533,10
533,11
533,12
533,13
533,15
534,0
534,1
534,2
534,5
534,6
534,7
534,8
534,9
534,10
534,11
534,12
535,0
535,1
535,2
535,4
535,5
535,6
535,7
535,8
535,10
535,11
535,13
535,14
536,0
536,1
536,3
536,4
536,5
536,6
536,7
536,8
536,9
536,10
536,12
536,13
536,14
536,15
537,0
537,2
537,3
537,4
537,5
537,6
537,7
537,8
537,9
537,10
537,11
537,12
537,13
538,3
538,4
538,7
538,8
538,9
538,10
538,11
538,12
538,13
538,15
539,0
539,1
539,2
539,3
539,4
539,5
539,6
539,7
539,8
539,9
539,10
539,11
539,12
539,13
539,14
539,15
540,0
540,1
540,2
540,3
540,4
540,5
540,6
540,8
540,9
540,10
540,12
540,13
540,14
540,15
541,0
541,1
541,2
541,3
541,4
541,5
541,6
541,7
541,8
541,9
541,12
541,13
541,14
541,15
542,0
542,1
542,2
542,4
542,5
542,6
542,7
542,8
542,10
542,11
542,12
542,13
543,0
543,1
543,2
543,4
543,5
543,6
543,8
543,9
543,10
543,11
543,13
543,15
544,0
544,1
544,2
544,3
544,4
544,5
544,6
544,8
544,9
544,10
544,11
544,13
544,14
544,15
545,0
545,3
545,6
545,7
545,8
545,9
545,10
545,12
545,15
546,0
546,2
546,3
546,5
546,6
546,7
546,8
546,10
546,11
546,13
547,1
547,2
547,3
547,4
547,5
547,6
547,7
547,9
547,10
547,11
547,12
547,13
547,14
547,15
548,0
548,1
548,2
548,3
548,4
548,5
548,6
548,7
548,8
548,9
548,10
548,11
548,13
548,14
548,15
549,1
549,2
549,4
549,5
549,7
549,8
549,9
549,10
549,11
549,12
549,13
549,14
549,15
550,0
550,1
550,3
550,4
550,6
550,8
550,9
550,10
550,11
550,12
550,13
550,14
550,15
551,0
551,1
551,2
551,3
551,4
551,5
551,6
551,7
551,8
551,10
551,11
551,12
551,13
551,14
551,15
552,0
552,1
552,2
552,3
552,4
552,6
552,7
552,8
552,10
552,11
552,12
552,13
552,14
552,15
553,0
553,1
553,2
553,3
553,4
553,5
553,6
553,7
553,9
553,10
553,11
553,12
553,13
553,14
553,15
554,0
554,2
554,3
554,4
554,5
554,6
554,7
554,11
554,12
554,13
554,14
554,15
555,0
555,1
555,2
555,3
555,4
555,5
555,6
555,7
555,9
555,10
555,11
555,12
555,13
555,14
555,15
556,2
556,3
556,4
556,5
556,6
556,7
556,8
556,9
556,10
556,11
556,14
556,15
557,0
557,1
557,2
557,5
557,6
557,9
557,13
557,15
558,0
558,2
558,3
558,4
558,7
558,8
558,9
558,10
558,11
558,12
558,14
558,15
559,1
559,2
559,3
559,4
559,5
559,6
559,7
559,8
559,9
559,10
559,12
559,13
559,14
559,15
560,1
560,2
560,3
560,4
560,5
560,6
560,8
560,9
560,10
560,11
560,13
560,14
561,0
561,3
561,4
561,5
561,6
561,8
561,9
561,10
561,11
561,14
561,15
562,0
562,1
562,2
562,3
562,4
562,5
562,6
562,7
562,8
562,9
562,10
562,11
562,12
562,13
562,14
562,15
563,0
563,2
563,3
563,6
563,7
563,10
563,11
563,12
563,13
563,14
563,15
564,0
564,1
564,2
564,3
564,4
564,5
564,6
564,7
564,8
564,9
564,10
564,11
564,12
564,13
564,14
564,15
565,0
565,1
565,2
565,3
565,4
565,7
565,8
565,9
565,10
565,11
565,12
565,13
565,14
565,15
566,0
566,1
566,2
566,3
566,5
566,6
566,7
566,8
566,10
566,12
566,13
566,14
566,15
567,1
567,2
567,3
567,5
567,6
567,7
567,8
567,9
567,11
567,12
567,13
568,2
568,3
568,4
568,5
568,6
568,7
568,8
568,9
568,10
568,11
568,12
568,13
568,14
568,15
569,0
569,1
569,2
569,3
569,4
569,5
569,7
569,9
569,10
569,11
569,12
569,13
569,14
569,15
570,1
570,2
570,3
570,6
570,8
570,10
570,11
570,13
570,14
570,15
571,0
571,2
571,3
571,6
571,7
571,9
571,11
571,12
571,13
572,0
572,1
572,4
572,6
572,7
572,8
572,9
572,11
572,12
572,13
572,15
573,0
573,1
573,3
573,4
573,5
573,6
573,7
573,10
573,11
573,13
573,14
574,1
574,2
574,3
574,4
574,5
574,7
574,8
574,9
574,10
574,11
574,12
574,13
574,14
574,15
575,0
575,1
575,2
575,3
575,4
575,5
575,6
575,7
575,8
575,11
575,12
575,13
576,0
576,1
576,2
576,3
576,4
576,5
576,6
576,7
576,8
576,9
576,10
576,11
576,12
576,14
576,15
577,0
577,1
577,2
577,3
577,4
577,5
577,6
577,8
577,11
577,12
577,13
577,14
577,15
578,0
578,1
578,3
578,4
578,5
578,6
578,7
578,9
578,10
578,11
578,12
578,14
578,15
579,0
579,1
579,2
579,3
579,4
579,5
579,7
579,9
579,10
579,11
579,12
579,13
579,15
580,0
580,2
580,3
580,4
580,5
580,8
580,9
580,10
580,11
580,12
580,13
580,14
580,15
581,0
581,1
581,2
581,3
581,4
581,5
581,7
581,10
581,11
581,12
581,13
581,14
582,0
582,1
582,2
582,4
582,5
582,6
582,7
582,8
582,9
582,10
582,11
582,12
582,13
582,14
582,15
583,0
583,1
583,2
583,3
583,5
583,6
583,7
583,8
583,9
583,10
583,11
583,12
583,13
583,14
583,15
584,1
584,2
584,3
584,4
584,5
584,6
584,7
584,8
584,9
584,10
584,12
584,13
584,14
585,2
585,3
585,5
585,6
585,8
585,9
585,10
585,11
585,12
585,13
585,14
585,15
586,0
586,1
586,3
586,5
586,6
586,8
586,9
586,10
586,11
586,12
586,13
586,14
586,15
587,0
587,1
587,3
587,4
587,5
587,6
587,7
587,9
587,10
587,11
587,14
587,15
588,0
588,1
588,2
588,5
588,10
588,11
588,13
588,14
588,15
589,0
589,1
589,3
589,4
589,5
589,6
589,7
589,8
589,9
589,11
589,12
589,13
589,14
590,1
590,3
590,4
590,5
590,6
590,9
590,10
590,12
590,14
590,15
591,0
591,2
591,3
591,4
591,6
591,8
591,9
591,10
591,11
591,12
591,13
591,14
592,0
592,1
592,2
592,4
592,5
592,6
592,7
592,8
592,9
592,10
592,12
592,13
592,14
593,1
593,2
593,3
593,4
593,5
593,6
593,7
593,8
593,9
593,10
593,11
593,12
593,14
594,0
594,2
594,3
594,4
594,5
594,6
594,7
594,8
594,9
594,11
594,12
594,13
594,14
595,0
595,1
595,2
595,3
595,4
595,5
595,7
595,8
595,9
595,10
595,12
595,15
596,2
596,3
596,4
596,6
596,7
596,8
596,9
596,10
596,11
596,13
596,14
596,15
597,2
597,3
597,5
597,6
597,7
597,8
597,11
597,12
597,13
597,15
598,0
598,3
598,4
598,6
598,7
598,8
598,9
598,10
598,13
598,14
598,15
599,0
599,1
599,2
599,3
599,4
599,5
599,7
599,8
599,9
599,10
599,11
599,12
599,13
599,14
599,15
600,0
600,1
600,2
600,3
600,5
600,6
600,7
600,8
600,9
600,10
600,11
600,12
600,13
600,14
600,15
601,0
601,1
601,2
601,3
601,4
601,5
601,6
601,7
601,8
601,9
601,10
601,11
601,12
601,13
601,14
601,15
602,0
602,1
602,2
602,4
602,5
602,7
602,9
602,10
602,11
602,12
602,13
602,15
603,2
603,3
603,4
603,5
603,6
603,7
603,8
603,9
603,10
603,11
603,12
603,13
603,14
603,15
604,0
604,2
604,3
604,4
604,5
604,6
604,7
604,9
604,10
604,11
604,14
605,0
605,2
605,3
605,4
605,5
605,6
605,7
605,8
605,9
605,10
605,11
605,12
605,14
605,15
606,0
606,1
606,2
606,4
606,5
606,6
606,7
606,9
606,10
606,11
606,12
606,14
606,15
607,1
607,2
607,3
607,4
607,5
607,6
607,8
607,9
607,10
607,12
607,13
607,14
608,2
608,3
608,4
608,5
608,8
608,9
608,10
608,12
608,14
608,15
609,0
609,1
609,2
609,3
609,4
609,6
609,7
609,8
609,10
609,11
609,12
609,13
609,14
609,15
610,0
610,1
610,3
610,4
610,5
610,6
610,8
610,9
610,10
610,11
610,12
610,13
610,14
610,15
611,0
611,4
611,5
611,6
611,8
611,9
611,10
611,11
611,12
611,14
612,1
612,2
612,3
612,4
612,5
612,7
612,8
612,9
612,10
612,11
612,12
612,13
612,14
613,1
613,2
613,3
613,4
613,5
613,6
613,7
613,9
613,10
613,11
613,12
613,13
613,14
614,0
614,1
614,3
614,4
614,5
614,6
614,9
614,10
614,11
614,12
614,14
614,15
615,2
615,4
615,6
615,7
615,9
615,10
615,11
615,12
615,13
615,14
615,15
616,0
616,2
616,3
616,5
616,6
616,7
616,8
616,10
616,11
616,14
617,0
617,1
617,4
617,5
617,6
617,7
617,8
617,9
617,10
617,11
617,12
617,13
617,14
618,0
618,1
618,2
618,3
618,4
618,5
618,6
618,7
618,8
618,9
618,11
618,12
618,13
618,14
619,0
619,1
619,2
619,3
619,5
619,6
619,7
619,8
619,10
619,11
619,13
619,15
620,0
620,1
620,2
620,3
620,4
620,5
620,6
620,7
620,8
620,9
620,11
620,12
620,13
621,1
621,3
621,5
621,7
621,9
621,10
621,11
621,12
622,0
622,1
622,2
622,3
622,4
622,5
622,6
622,7
622,8
622,9
622,10
622,11
622,12
622,13
622,14
622,15
623,0
623,1
623,2
623,3
623,4
623,5
623,6
623,7
623,8
623,9
623,10
623,11
623,12
623,13
623,15
624,1
624,2
624,3
624,4
624,5
624,6
624,7
624,8
624,9
624,10
624,12
624,13
624,14
625,0
625,1
625,2
625,4
625,6
625,7
625,8
625,10
625,11
625,12
625,13
625,15
626,0
626,1
626,2
626,4
626,5
626,6
626,7
626,8
626,10
626,12
626,13
626,14
626,15
627,0
627,1
627,2
627,5
627,6
627,7
627,8
627,9
627,12
627,13
627,14
628,0
628,1
628,2
628,4
628,5
628,7
628,8
628,11
628,12
628,15
629,0
629,1
629,2
629,3
629,4
629,5
629,6
629,8
629,9
629,10
629,11
629,12
629,13
629,14
629,15
630,0
630,3
630,4
630,7
630,8
630,9
630,10
630,11
630,13
630,15
631,0
631,1
631,2
631,3
631,4
631,5
631,6
631,7
631,9
631,11
631,12
631,13
632,0
632,1
632,2
632,4
632,5
632,7
632,8
632,9
632,10
632,11
632,12
632,13
632,14
632,15
633,0
633,1
633,2
633,4
633,5
633,6
633,7
633,8
633,11
633,12
633,13
633,14
633,15
634,0
634,1
634,2
634,3
634,5
634,6
634,7
634,8
634,9
634,10
634,11
634,12
634,13
634,14
635,0
635,1
635,2
635,3
635,4
635,9
635,10
635,11
635,12
635,13
635,14
635,15
636,0
636,1
636,2
636,3
636,5
636,7
636,8
636,10
636,12
636,13
636,14
636,15
637,0
637,3
637,4
637,5
637,7
637,8
637,10
637,11
637,12
637,14
637,15
638,1
638,2
638,5
638,6
638,7
638,8
638,9
638,10
638,12
638,13
638,14
638,15
639,0
639,1
639,2
639,4
639,6
639,8
639,9
639,10
639,11
639,13
639,14
639,15
640,0
640,1
640,2
640,3
640,5
640,6
640,7
640,8
640,10
640,14
640,15
641,1
641,2
641,3
641,4
641,5
641,6
641,7
641,9
641,10
641,11
641,12
641,13
641,14
641,15
642,0
642,1
642,3
642,4
642,5
642,6
642,7
642,9
642,10
642,11
642,13
642,14
642,15
643,0
643,1
643,2
643,4
643,5
643,7
643,8
643,9
643,10
643,12
643,13
643,14
644,0
644,3
644,4
644,5
644,6
644,7
644,8
644,9
644,10
644,12
644,13
644,15
645,0
645,1
645,2
645,3
645,4
645,5
645,6
645,8
645,9
645,10
645,11
645,12
645,13
645,14
645,15
646,0
646,1
646,2
646,3
646,5
646,6
646,7
646,8
646,10
646,11
646,12
647,1
647,3
647,5
647,6
647,10
647,11
647,13
647,14
647,15
648,0
648,1
648,3
648,4
648,5
648,6
648,7
648,8
648,9
648,10
648,12
648,14
648,15
649,0
649,1
649,3
649,4
649,5
649,6
649,7
649,8
649,9
649,10
649,11
649,12
649,13
649,14
649,15
650,0
650,1
650,2
650,4
650,5
650,6
650,7
650,8
650,9
650,10
650,12
650,14
651,0
651,1
651,2
651,3
651,4
651,5
651,7
651,9
651,10
651,12
651,13
652,0
652,1
652,2
652,3
652,4
652,6
652,7
652,8
652,10
652,11
652,12
652,13
652,14
653,0
653,1
653,2
653,3
653,4
653,6
653,7
653,8
653,9
653,10
653,11
653,12
653,14
653,15
654,1
654,2
654,3
654,4
654,6
654,8
654,9
654,10
654,11
654,12
654,13
654,14
654,15
655,0
655,1
655,2
655,3
655,4
655,6
655,7
655,8
655,10
655,11
655,13
655,14
655,15
656,0
656,1
656,2
656,5
656,6
656,7
656,8
656,9
656,10
656,11
656,12
656,13
656,14
656,15
657,0
657,1
657,2
657,3
657,4
657,5
657,6
657,8
657,10
657,11
657,12
657,13
657,14
657,15
658,0
658,1
658,2
658,5
658,6
658,8
658,10
658,11
658,12
658,14
658,15
659,1
659,2
659,4
659,5
659,6
659,7
659,8
659,10
659,11
659,12
659,13
659,14
659,15
660,0
660,1
660,2
660,3
660,5
660,6
660,7
660,8
660,9
660,10
660,11
660,12
660,13
660,14
660,15
661,1
661,2
661,4
661,6
661,7
661,10
661,11
661,12
661,14
661,15
662,0
662,1
662,2
662,3
662,5
662,6
662,7
662,8
662,10
662,11
662,13
662,14
663,1
663,2
663,3
663,4
663,5
663,6
663,7
663,8
663,9
663,10
663,11
663,12
663,13
663,14
663,15
664,0
664,1
664,2
664,3
664,4
664,5
664,6
664,7
664,8
664,9
664,10
664,11
664,14
664,15
665,0
665,1
665,2
665,3
665,4
665,6
665,8
665,9
665,10
665,11
665,13
665,14
666,0
666,1
666,3
666,4
666,5
666,6
666,8
666,9
666,10
666,12
666,13
666,14
666,15
667,0
667,2
667,4
667,7
667,8
667,11
667,13
667,14
667,15
668,1
668,2
668,3
668,4
668,5
668,6
668,8
668,9
668,12
668,14
668,15
669,0
669,3
669,4
669,5
669,6
669,8
669,9
669,10
669,11
669,13
669,14
669,15
670,0
670,1
670,2
670,3
670,4
670,5
670,6
670,7
670,8
670,9
670,10
670,11
670,12
670,13
670,14
670,15
671,0
671,1
671,4
671,5
671,8
671,14
672,1
672,2
672,3
672,4
672,6
672,7
672,8
672,9
672,10
672,12
672,13
672,14
673,0
673,1
673,4
673,5
673,6
673,7
673,9
673,10
673,13
673,15
674,0
674,1
674,2
674,4
674,5
674,6
674,7
674,8
674,10
674,11
674,13
674,15
675,0
675,1
675,4
675,6
675,7
675,8
675,9
675,10
675,11
675,12
675,13
675,15
676,1
676,2
676,3
676,4
676,5
676,6
676,8
676,10
676,11
676,12
676,13
676,14
677,0
677,1
677,2
677,3
677,4
677,6
677,7
677,8
677,9
677,10
677,11
677,12
678,0
678,1
678,2
678,3
678,5
678,6
678,7
678,8
678,9
678,10
678,13
678,14
679,0
679,1
679,2
679,4
679,5
679,6
679,7
679,9
679,10
679,11
679,12
679,15
680,1
680,2
680,3
680,5
680,6
680,9
680,10
680,11
680,12
680,13
680,14
680,15
681,0
681,1
681,2
681,8
681,9
681,11
681,12
681,13
681,14
681,15
682,0
682,1
682,2
682,3
682,4
682,5
682,6
682,7
682,10
682,11
682,12
682,13
682,14
683,0
683,1
683,2
683,3
683,6
683,7
683,8
683,9
683,10
683,11
683,12
683,13
683,14
683,15
684,0
684,1
684,3
684,4
684,5
684,8
684,9
684,10
684,11
684,12
684,14
685,0
685,2
685,3
685,6
685,7
685,8
685,9
685,10
685,11
685,13
685,15
686,0
686,1
686,2
686,3
686,4
686,5
686,7
686,8
686,9
686,10
686,11
686,12
686,13
686,14
687,2
687,3
687,4
687,5
687,7
687,8
687,9
687,10
687,12
687,13
687,15
688,1
688,2
688,3
688,4
688,5
688,6
688,7
688,8
688,10
688,11
688,12
688,13
688,14
688,15
689,0
689,1
689,2
689,3
689,4
689,5
689,6
689,9
689,10
689,11
689,13
689,14
689,15
690,0
690,2
690,3
690,4
690,5
690,7
690,8
690,9
690,11
690,12
690,13
690,14
690,15
691,0
691,1
691,2
691,3
691,4
691,5
691,6
691,7
691,10
691,11
691,12
691,13
691,15
692,0
692,1
692,2
692,4
692,5
692,7
692,8
692,9
692,10
692,11
692,14
692,15
693,0
693,3
693,4
693,5
693,6
693,7
693,8
693,9
693,10
693,11
693,12
693,13
693,14
693,15
694,0
694,1
694,2
694,4
694,5
694,7
694,8
694,9
694,10
694,11
694,12
694,13
694,14
694,15
695,1
695,2
695,3
695,4
695,5
695,6
695,7
695,8
695,10
695,11
695,12
695,13
695,14
695,15
696,1
696,2
696,3
696,4
696,6
696,7
696,8
696,9
696,10
696,11
696,12
696,13
696,14
696,15
697,0
697,1
697,2
697,3
697,4
697,5
697,7
697,8
697,9
697,11
697,12
697,13
697,14
697,15
698,0
698,2
698,3
698,4
698,6
698,7
698,8
698,9
698,11
698,12
698,13
698,15
699,0
699,1
699,2
699,3
699,4
699,5
699,6
699,8
699,9
699,10
699,11
699,12
699,14
700,0
700,2
700,3
700,4
700,5
700,6
700,7
700,8
700,9
700,10
700,12
700,13
700,14
701,0
701,1
701,2
701,3
701,4
701,5
701,6
701,7
701,8
701,9
701,11
701,12
701,14
701,15
702,0
702,1
702,2
702,3
702,6
702,7
702,9
702,10
702,11
702,12
702,13
702,14
702,15
703,0
703,1
703,2
703,5
703,6
703,7
703,8
703,9
703,10
703,12
703,13
703,14
703,15
704,0
704,1
704,3
704,4
704,5
704,6
704,7
704,9
704,10
704,11
704,12
704,13
704,14
705,1
705,2
705,3
705,4
705,5
705,7
705,8
705,9
705,10
705,11
705,12
705,13
705,14
705,15
706,0
706,1
706,3
706,4
706,5
706,6
706,8
706,10
706,11
706,12
706,13
706,14
707,1
707,2
707,3
707,4
707,6
707,7
707,8
707,10
707,11
707,12
707,14
707,15
708,2
708,3
708,5
708,6
708,7
708,8
708,9
708,11
708,12
708,13
708,14
709,0
709,1
709,2
709,3
709,5
709,7
709,8
709,9
709,10
709,11
709,12
709,13
709,14
709,15
710,0
710,1
710,2
710,5
710,7
710,9
710,10
710,11
710,12
710,15
711,0
711,1
711,2
711,3
711,4
711,5
711,6
711,7
711,8
711,9
711,10
711,12
711,15
712,0
712,2
712,3
712,4
712,5
712,6
712,7
712,9
712,10
712,11
712,12
712,13
713,0
713,2
713,4
713,5
713,6
713,7
713,8
713,9
713,12
713,13
713,14
713,15
714,0
714,1
714,2
714,3
714,4
714,5
714,6
714,7
714,8
714,10
714,12
714,13
714,14
715,0
715,1
715,2
715,4
715,5
715,6
715,7
715,9
715,10
715,11
715,13
715,14
715,15
716,0
716,1
716,2
716,3
716,4
716,5
716,6
716,7
716,8
716,10
716,11
716,14
717,0
717,2
717,3
717,5
717,7
717,8
717,9
717,10
717,12
717,13
717,14
717,15
718,0
718,1
718,2
718,3
718,4
718,5
718,6
718,7
718,9
718,10
718,11
718,12
718,13
718,15
719,0
719,1
719,2
719,4
719,5
719,8
719,9
719,10
719,11
719,13
719,14
719,15
720,0
720,1
720,2
720,3
720,4
720,5
720,7
720,8
720,9
720,10
720,11
720,12
720,13
720,14
721,2
721,4
721,6
721,7
721,8
721,11
721,12
721,13
721,14
721,15
722,0
722,1
722,2
722,3
722,5
722,7
722,8
722,9
722,10
722,11
722,12
722,13
722,14
722,15
723,1
723,2
723,3
723,4
723,5
723,6
723,7
723,8
723,9
723,10
723,11
723,14
723,15
724,0
724,1
724,2
724,3
724,4
724,6
724,7
724,8
724,9
724,10
724,11
724,12
724,13
724,15
725,0
725,1
725,2
725,3
725,5
725,7
725,9
725,10
725,11
725,12
725,14
725,15
726,0
726,2
726,4
726,5
726,6
726,7
726,8
726,9
726,10
726,11
726,12
726,13
726,14
726,15
727,0
727,1
727,2
727,3
727,6
727,7
727,10
727,12
727,14
727,15
728,1
728,2
728,3
728,4
728,5
728,6
728,8
728,9
728,10
728,11
728,12
728,13
728,15
729,0
729,1
729,2
729,3
729,4
729,6
729,7
729,8
729,10
729,11
729,12
729,14
729,15
730,0
730,2
730,3
730,4
730,5
730,6
730,7
730,8
730,11
730,12
730,13
730,14
730,15
731,1
731,2
731,3
731,4
731,6
731,8
731,9
731,10
731,11
731,12
731,13
731,14
732,0
732,1
732,3
732,5
732,6
732,7
732,8
732,9
732,10
732,11
732,12
732,13
732,15
733,1
733,2
733,3
733,4
733,5
733,6
733,7
733,8
733,9
733,10
733,11
733,12
733,13
733,14
733,15
734,0
734,1
734,2
734,3
734,4
734,5
734,8
734,9
734,10
734,11
734,12
734,13
734,15
735,0
735,1
735,2
735,3
735,5
735,6
735,7
735,8
735,10
735,12
735,13
735,14
735,15
736,1
736,2
736,3
736,6
736,8
736,9
736,11
736,13
736,14
736,15
737,0
737,1
737,2
737,3
737,4
737,5
737,7
737,8
737,9
737,11
737,12
737,13
737,14
737,15
738,1
738,2
738,4
738,5
738,6
738,7
738,9
738,10
738,11
738,12
738,13
738,15
739,0
739,1
739,2
739,3
739,4
739,6
739,7
739,8
739,9
739,10
739,11
739,12
739,13
739,14
739,15
740,0
740,2
740,3
740,4
740,5
740,6
740,7
740,11
740,13
740,14
740,15
741,0
741,1
741,2
741,4
741,5
741,6
741,8
741,10
741,11
741,13
741,14
741,15
742,0
742,1
742,2
742,4
742,5
742,6
742,7
742,8
742,9
742,10
742,11
742,13
742,14
742,15
743,0
743,2
743,3
743,4
743,5
743,6
743,7
743,9
743,10
743,11
743,12
743,14
743,15
744,1
744,2
744,3
744,4
744,5
744,6
744,7
744,10
744,12
744,13
744,15
745,1
745,2
745,3
745,5
745,6
745,7
745,8
745,9
745,10
745,11
745,12
745,13
745,14
745,15
746,0
746,2
746,3
746,4
746,6
746,7
746,8
746,9
746,10
746,12
746,13
746,14
747,0
747,1
747,2
747,3
747,4
747,5
747,6
747,9
747,11
747,12
747,13
747,14
747,15
748,2
748,3
748,4
748,5
748,6
748,7
748,8
748,9
748,11
748,12
748,13
748,15
749,0
749,1
749,2
749,3
749,4
749,5
749,6
749,7
749,8
749,9
749,10
749,11
749,12
749,13
749,14
749,15
750,1
750,2
750,4
750,5
750,6
750,7
750,8
750,9
750,10
750,12
750,13
750,14
750,15
751,1
751,2
751,3
751,5
751,6
751,7
751,8
751,9
751,10
751,11
751,12
751,14
751,15
752,1
752,4
752,5
752,6
752,8
752,9
752,10
752,11
752,12
752,14
752,15
753,0
753,1
753,2
753,3
753,4
753,5
753,6
753,7
753,8
753,9
753,10
753,11
753,14
753,15
754,0
754,1
754,3
754,4
754,5
754,6
754,7
754,8
754,9
754,10
754,11
754,12
754,13
754,14
755,0
755,1
755,2
755,5
755,6
755,7
755,8
755,9
755,10
755,12
755,13
755,14
755,15
756,1
756,2
756,3
756,4
756,5
756,6
756,8
756,9
756,11
756,12
756,15
757,0
757,1
757,2
757,3
757,4
757,5
757,6
757,7
757,9
757,10
757,11
757,12
757,13
757,14
757,15
758,0
758,1
758,2
758,3
758,5
758,6
758,7
758,8
758,9
758,10
758,11
758,12
758,15
759,2
759,3
759,4
759,5
759,6
759,9
759,10
759,11
759,13
759,15
760,0
760,1
760,2
760,3
760,4
760,6
760,7
760,8
760,11
760,12
760,14
760,15
761,0
761,1
761,2
761,3
761,5
761,6
761,7
761,8
761,9
761,10
761,11
761,14
762,0
762,1
762,6
762,7
762,8
762,9
762,10
762,11
762,12
762,13
762,14
762,15
763,0
763,1
763,2
763,3
763,4
763,5
763,6
763,7
763,8
763,9
763,10
763,11
763,12
763,15
764,0
764,1
764,2
764,4
764,5
764,6
764,8
764,9
764,10
764,11
764,12
764,13
764,14
764,15
765,0
765,1
765,2
765,3
765,6
765,7
765,9
765,10
765,11
765,13
765,14
766,0
766,1
766,2
766,3
766,4
766,5
766,6
766,10
766,11
766,12
766,13
766,14
766,15
767,0
767,1
767,2
767,3
767,4
767,5
767,6
767,7
767,8
767,9
767,10
767,11
767,12
767,13
767,14
767,15
768,1
768,2
768,5
768,6
768,8
768,9
768,10
768,11
768,12
768,13
768,14
769,0
769,1
769,2
769,3
769,4
769,5
769,6
769,9
769,10
769,11
769,12
769,13
769,14
769,15
770,0
770,1
770,4
770,5
770,6
770,7
770,8
770,9
770,10
770,12
770,13
770,14
770,15
771,0
771,2
771,3
771,4
771,5
771,6
771,7
771,8
771,9
771,10
771,11
771,12
771,13
771,14
771,15
772,0
772,1
772,2
772,3
772,4
772,5
772,6
772,7
772,9
772,10
772,11
772,12
772,13
772,15
773,2
773,3
773,4
773,5
773,6
773,8
773,9
773,10
773,11
773,12
773,13
773,14
773,15
774,1
774,2
774,3
774,4
774,5
774,6
774,7
774,8
774,11
774,12
774,13
774,14
774,15
775,0
775,1
775,2
775,3
775,4
775,6
775,7
775,8
775,9
775,10
775,11
775,12
775,13
775,14
775,15
776,0
776,1
776,2
776,3
776,6
776,7
776,8
776,9
776,10
776,11
776,12
776,13
776,14
776,15
777,1
777,2
777,3
777,4
777,5
777,6
777,7
777,8
777,9
777,10
777,11
777,12
777,13
777,14
777,15
778,0
778,1
778,2
778,3
778,4
778,5
778,6
778,7
778,8
778,10
778,11
778,12
778,13
778,15
779,0
779,1
779,2
779,3
779,4
779,6
779,7
779,8
779,9
779,10
779,12
779,13
779,14
779,15
780,0
780,2
780,3
780,4
780,5
780,6
780,7
780,8
780,9
780,10
780,11
780,12
780,13
780,14
780,15
781,0
781,2
781,4
781,5
781,6
781,7
781,8
781,10
781,11
781,13
781,14
782,1
782,2
782,3
782,4
782,5
782,6
782,8
782,9
782,10
782,11
782,15
783,1
783,3
783,4
783,5
783,6
783,7
783,9
783,10
783,11
783,12
783,13
783,14
784,0
784,1
784,2
784,3
784,4
784,5
784,6
784,7
784,8
784,9
784,10
784,11
784,13
784,14
784,15
785,0
785,1
785,2
785,3
785,4
785,5
785,6
785,7
785,8
785,9
785,10
785,11
785,12
785,13
785,14
786,0
786,3
786,4
786,5
786,6
786,7
786,8
786,9
786,10
786,12
786,13
786,14
787,0
787,2
787,3
787,4
787,6
787,7
787,9
787,10
787,11
787,12
787,13
787,14
788,0
788,2
788,3
788,5
788,6
788,7
788,8
788,9
788,10
788,11
788,12
788,13
788,15
789,1
789,2
789,3
789,4
789,6
789,7
789,8
789,9
789,10
789,12
789,13
789,15
790,0
790,1
790,3
790,4
790,5
790,6
790,8
790,9
790,10
790,11
790,12
790,13
790,14
790,15
791,1
791,2
791,3
791,5
791,6
791,8
791,9
791,10
791,11
791,12
791,13
791,15
792,0
792,1
792,2
792,3
792,4
792,5
792,6
792,7
792,8
792,11
792,12
792,13
792,15
793,0
793,1
793,2
793,4
793,5
793,6
793,7
793,8
793,9
793,10
793,12
793,13
793,14
793,15
794,0
794,1
794,2
794,3
794,4
794,6
794,7
794,8
794,10
794,11
794,12
794,13
794,14
794,15
795,0
795,2
795,3
795,6
795,8
795,9
795,10
795,11
796,1
796,2
796,3
796,4
796,6
796,7
796,8
796,9
796,10
796,11
796,12
796,14
796,15
797,0
797,1
797,4
797,5
797,6
797,7
797,9
797,12
797,13
797,14
797,15
798,1
798,4
798,5
798,6
798,7
798,8
798,9
798,10
798,11
798,12
798,14
798,15
799,0
799,1
799,2
799,3
799,4
799,5
799,6
799,8
799,9
799,10
799,11
799,12
799,13
799,15
800,0
800,1
800,2
800,4
800,5
800,6
800,7
800,8
800,9
800,10
800,11
800,12
800,13
800,14
800,15
801,1
801,2
801,4
801,5
801,7
801,8
801,10
801,11
801,12
801,15
802,0
802,1
802,2
802,4
802,5
802,6
802,7
802,8
802,9
802,10
802,11
802,12
802,13
802,14
802,15
803,0
803,1
803,2
803,3
803,4
803,5
803,6
803,7
803,8
803,9
803,12
803,13
803,14
803,15
804,0
804,1
804,4
804,5
804,6
804,7
804,8
804,9
804,10
804,11
804,12
804,13
804,14
804,15
805,0
805,1
805,2
805,4
805,5
805,6
805,7
805,9
805,10
805,11
805,12
805,13
805,15
806,0
806,1
806,2
806,3
806,5
806,7
806,8
806,9
806,12
806,13
806,14
806,15
807,0
807,1
807,2
807,3
807,5
807,6
807,7
807,9
807,10
807,11
807,12
807,14
807,15
808,0
808,1
808,2
808,3
808,4
808,6
808,7
808,9
808,10
808,12
808,13
808,14
808,15
809,1
809,2
809,3
809,4
809,5
809,6
809,7
809,10
809,12
809,13
809,14
809,15
810,0
810,1
810,2
810,3
810,4
810,5
810,7
810,8
810,11
810,13
811,0
811,1
811,2
811,3
811,4
811,5
811,7
811,8
811,9
811,10
811,12
811,13
811,15
812,0
812,1
812,3
812,4
812,5
812,6
812,7
812,8
812,9
812,11
812,12
812,13
812,14
812,15
813,0
813,1
813,2
813,3
813,5
813,6
813,7
813,8
813,10
813,12
813,15
814,2
814,4
814,5
814,6
814,7
814,8
814,10
814,11
814,12
814,13
814,14
814,15
815,1
815,3
815,4
815,5
815,6
815,7
815,8
815,9
815,11
815,12
815,13
815,14
815,15
816,0
816,1
816,2
816,3
816,4
816,6
816,8
816,9
816,11
816,12
816,13
816,14
816,15
817,0
817,1
817,3
817,4
817,6
817,7
817,8
817,9
817,10
817,13
817,14
817,15
818,0
818,1
818,2
818,3
818,4
818,5
818,6
818,7
818,10
818,11
818,12
818,13
818,14
818,15
819,1
819,2
819,3
819,4
819,5
819,6
819,7
819,8
819,9
819,10
819,11
819,12
819,13
820,0
820,2
820,3
820,4
820,6
820,7
820,8
820,9
820,10
820,11
820,14
820,15
821,0
821,1
821,2
821,3
821,4
821,5
821,6
821,7
821,8
821,9
821,11
821,12
821,13
821,15
822,0
822,1
822,2
822,3
822,4
822,5
822,6
822,7
822,8
822,9
822,10
822,11
822,13
822,14
823,2
823,3
823,5
823,7
823,9
823,10
823,11
823,12
823,13
823,14
824,0
824,1
824,2
824,3
824,4
824,5
824,6
824,7
824,8
824,9
824,10
824,11
824,12
824,14
824,15
825,0
825,1
825,2
825,3
825,4
825,5
825,6
825,7
825,8
825,9
825,10
825,11
825,12
825,13
825,14
825,15
826,0
826,1
826,2
826,3
826,4
826,5
826,6
826,7
826,8
826,10
826,11
826,12
826,13
826,14
826,15
827,0
827,1
827,4
827,6
827,7
827,8
827,9
827,11
827,12
827,13
827,14
827,15
828,0
828,1
828,2
828,3
828,4
828,5
828,8
828,9
828,10
828,12
828,13
828,14
828,15
829,0
829,1
829,2
829,3
829,5
829,7
829,9
829,10
829,11
829,12
829,13
830,0
830,2
830,3
830,5
830,7
830,9
830,11
830,12
830,13
830,14
830,15
831,0
831,1
831,3
831,4
831,5
831,6
831,8
831,10
831,12
831,13
831,15
832,1
832,3
832,4
832,6
832,7
832,8
832,9
832,10
832,12
832,13
832,14
833,0
833,1
833,2
833,3
833,5
833,6
833,7
833,9
833,10
833,11
833,14
833,15
834,0
834,2
834,4
834,5
834,6
834,7
834,9
834,10
834,11
834,12
834,13
835,1
835,2
835,3
835,4
835,5
835,6
835,8
835,9
835,10
835,11
835,12
835,13
835,14
835,15
836,1
836,2
836,3
836,4
836,5
836,8
836,10
836,12
836,13
836,15
837,0
837,2
837,3
837,4
837,5
837,6
837,7
837,8
837,9
837,10
837,11
837,12
837,13
837,14
837,15
838,0
838,1
838,2
838,3
838,6
838,7
838,8
838,9
838,10
838,11
838,13
839,0
839,1
839,3
839,4
839,5
839,6
839,7
839,9
839,10
839,11
839,12
839,13
839,14
839,15
840,0
840,1
840,2
840,3
840,5
840,8
840,9
840,11
840,13
841,0
841,1
841,2
841,4
841,6
841,7
841,8
841,10
841,11
841,12
841,13
841,14
841,15
842,0
842,1
842,2
842,3
842,5
842,6
842,7
842,8
842,9
842,10
842,11
842,12
842,14
842,15
843,1
843,2
843,3
843,4
843,5
843,6
843,7
843,8
843,9
843,10
843,11
843,12
843,14
843,15
844,0
844,2
844,3
844,4
844,5
844,6
844,7
844,11
844,12
844,13
844,14
844,15
845,0
845,1
845,2
845,3
845,4
845,5
845,6
845,7
845,8
845,9
845,10
845,11
845,13
845,15
846,0
846,1
846,2
846,3
846,4
846,5
846,7
846,8
846,9
846,12
846,13
846,14
846,15
847,2
847,3
847,5
847,6
847,7
847,8
847,9
847,11
847,12
847,13
847,14
847,15
848,0
848,1
848,2
848,3
848,5
848,6
848,7
848,8
848,9
848,11
848,12
848,14
848,15
849,0
849,1
849,2
849,3
849,4
849,6
849,7
849,8
849,9
849,10
849,11
849,12
849,13
849,14
849,15
850,0
850,1
850,2
850,3
850,4
850,6
850,7
850,9
850,10
850,12
850,14
850,15
851,1
851,2
851,3
851,4
851,5
851,6
851,7
851,8
851,9
851,10
851,11
851,12
851,13
851,14
852,0
852,1
852,2
852,3
852,4
852,5
852,6
852,7
852,8
852,9
852,10
852,11
852,12
852,13
853,0
853,2
853,5
853,7
853,8
853,9
853,10
853,11
853,12
853,13
853,14
853,15
854,0
854,2
854,3
854,4
854,5
854,7
854,8
854,10
854,11
854,12
854,13
854,14
854,15
855,0
855,1
855,2
855,3
855,4
855,5
855,6
855,7
855,8
855,9
855,11
855,12
855,14
855,15
856,4
856,5
856,6
856,7
856,10
856,11
856,13
856,14
856,15
857,0
857,1
857,2
857,3
857,4
857,5
857,6
857,7
857,11
857,13
857,15
858,0
858,1
858,2
858,3
858,7
858,8
858,9
858,10
858,11
858,12
858,13
858,15
859,0
859,3
859,4
859,6
859,8
859,9
859,10
859,11
859,13
859,14
860,0
860,1
860,2
860,3
860,4
860,5
860,6
860,7
860,8
860,10
860,12
860,13
860,14
861,0
861,1
861,2
861,4
861,6
861,7
861,8
861,9
861,10
861,11
861,12
861,13
861,14
861,15
862,1
862,2
862,3
862,4
862,6
862,7
862,9
862,11
862,12
862,13
862,14
863,0
863,2
863,3
863,4
863,5
863,6
863,7
863,8
863,9
863,10
863,12
863,15
864,1
864,2
864,3
864,4
864,5
864,6
864,8
864,9
864,10
864,11
864,12
864,13
864,14
864,15
865,1
865,2
865,3
865,6
865,7
865,8
865,9
865,10
865,11
865,12
865,14
866,1
866,2
866,3
866,4
866,5
866,6
866,7
866,8
866,10
866,13
866,14
866,15
867,0
867,1
867,4
867,5
867,6
867,7
867,8
867,9
867,10
867,11
867,12
867,14
867,15
868,0
868,1
868,3
868,4
868,5
868,6
868,7
868,8
868,10
868,11
868,13
868,14
868,15
869,0
869,1
869,2
869,4
869,5
869,7
869,8
869,9
869,10
869,11
869,12
869,13
869,15
870,0
870,1
870,2
870,3
870,5
870,6
870,7
870,8
870,9
870,12
870,13
870,14
871,0
871,1
871,2
871,3
871,5
871,6
871,7
871,8
871,9
871,10
871,11
871,13
871,14
871,15
872,0
872,1
872,2
872,3
872,4
872,5
872,6
872,7
872,8
872,9
872,11
872,12
872,13
872,14
873,0
873,1
873,2
873,3
873,5
873,7
873,8
873,9
873,10
873,11
873,12
873,13
873,14
874,0
874,1
874,3
874,4
874,5
874,6
874,8
874,11
874,12
874,13
874,14
875,0
875,1
875,3
875,5
875,6
875,7
875,9
875,10
875,12
875,13
875,14
875,15
876,0
876,1
876,2
876,4
876,5
876,6
876,7
876,8
876,9
876,10
876,11
876,13
876,14
876,15
877,0
877,2
877,3
877,5
877,7
877,8
877,9
877,10
877,11
877,12
877,13
877,15
878,0
878,1
878,2
878,4
878,5
878,6
878,7
878,8
878,9
878,13
878,14
878,15
879,1
879,4
879,5
879,7
879,9
879,10
879,11
879,12
879,13
879,14
880,0
880,1
880,2
880,3
880,4
880,5
880,6
880,7
880,8
880,9
880,10
880,11
880,12
880,13
880,14
880,15
881,0
881,1
881,2
881,3
881,4
881,5
881,6
881,7
881,8
881,9
881,10
881,11
881,12
881,13
881,15
882,0
882,1
882,2
882,4
882,5
882,6
882,7
882,8
882,9
882,10
882,13
882,14
882,15
883,0
883,1
883,3
883,4
883,6
883,7
883,8
883,9
883,10
883,11
883,12
883,13
883,15
884,0
884,2
884,4
884,5
884,6
884,7
884,8
884,9
884,11
884,13
884,14
884,15
885,0
885,1
885,2
885,3
885,4
885,5
885,6
885,7
885,8
885,9
885,10
885,11
885,12
885,13
885,14
885,15
886,0
886,1
886,3
886,4
886,5
886,7
886,9
886,11
886,12
886,13
886,15
887,0
887,2
887,3
887,5
887,6
887,7
887,8
887,11
887,13
887,14
887,15
888,0
888,2
888,4
888,5
888,6
888,9
888,10
888,11
888,12
888,14
888,15
889,2
889,3
889,4
889,5
889,6
889,7
889,8
889,9
889,11
889,12
889,13
889,15
890,1
890,3
890,4
890,5
890,6
890,7
890,8
890,9
890,11
890,12
890,13
890,14
890,15
891,1
891,2
891,3
891,4
891,5
891,6
891,8
891,9
891,10
891,11
891,12
891,13
891,15
892,0
892,1
892,2
892,4
892,5
892,6
892,7
892,8
892,9
892,10
892,11
892,12
892,13
892,14
892,15
893,0
893,1
893,2
893,3
893,4
893,6
893,7
893,8
893,9
893,10
893,11
893,12
893,13
893,14
893,15
894,0
894,1
894,2
894,4
894,5
894,6
894,7
894,9
894,11
894,12
894,14
894,15
895,0
895,1
895,2
895,3
895,4
895,5
895,6
895,7
895,8
895,9
895,10
895,11
895,12
895,13
895,14
895,15
896,0
896,1
896,3
896,4
896,5
896,6
896,7
896,8
896,9
896,10
896,11
896,13
896,14
896,15
897,0
897,1
897,2
897,5
897,7
897,8
897,9
897,10
897,11
897,12
897,14
898,1
898,2
898,3
898,4
898,5
898,6
898,7
898,8
898,9
898,10
898,11
898,12
898,13
898,14
898,15
899,0
899,1
899,2
899,3
899,4
899,5
899,6
899,7
899,8
899,9
899,12
899,13
899,15
900,0
900,1
900,2
900,3
900,4
900,7
900,8
900,9
900,10
900,11
900,12
900,14
900,15
901,0
901,1
901,3
901,4
901,5
901,7
901,8
901,11
901,13
901,14
901,15
902,0
902,1
902,2
902,3
902,5
902,7
902,8
902,9
902,12
902,13
902,14
903,0
903,1
903,2
903,3
903,4
903,5
903,6
903,7
903,8
903,9
903,10
903,11
903,12
903,13
903,14
903,15
904,0
904,1
904,2
904,4
904,5
904,6
904,7
904,8
904,9
904,10
904,11
904,12
904,13
904,14
904,15
905,0
905,2
905,3
905,4
905,5
905,7
905,8
905,10
905,11
905,12
905,13
905,14
905,15
906,0
906,2
906,3
906,4
906,5
906,6
906,7
906,8
906,9
906,10
906,11
906,13
906,14
907,0
907,1
907,2
907,3
907,4
907,5
907,6
907,7
907,8
907,9
907,10
907,11
907,12
907,13
907,15
908,0
908,1
908,3
908,4
908,6
908,8
908,9
908,10
908,12
908,13
908,14
908,15
909,0
909,2
909,4
909,5
909,6
909,7
909,8
909,9
909,10
909,11
909,12
909,13
909,14
909,15
910,0
910,1
910,2
910,3
910,6
910,7
910,10
910,11
910,12
910,13
910,14
910,15
911,1
911,2
911,4
911,5
911,6
911,7
911,9
911,10
911,11
911,12
911,13
912,0
912,1
912,4
912,5
912,6
912,7
912,9
912,10
912,11
912,12
912,13
912,15
913,1
913,2
913,3
913,4
913,5
913,6
913,7
913,9
913,10
913,11
913,12
913,13
913,14
913,15
914,0
914,1
914,2
914,3
914,4
914,6
914,7
914,8
914,9
914,10
914,11
914,13
914,14
914,15
915,0
915,1
915,2
915,3
915,4
915,5
915,6
915,9
915,11
915,12
915,13
915,14
915,15
916,0
916,1
916,5
916,6
916,7
916,8
916,9
916,10
916,11
916,13
916,14
916,15
917,0
917,1
917,3
917,4
917,7
917,10
917,11
917,12
917,13
917,14
917,15
918,0
918,1
918,2
918,3
918,4
918,5
918,6
918,7
918,8
918,9
918,10
918,11
918,12
918,13
918,14
919,0
919,1
919,2
919,3
919,4
919,5
919,6
919,7
919,11
919,12
919,13
920,0
920,1
920,4
920,5
920,6
920,9
920,11
920,12
920,13
920,14
920,15
921,0
921,1
921,2
921,3
921,4
921,5
921,7
921,8
921,9
921,10
921,12
921,13
921,14
921,15
922,0
922,2
922,3
922,4
922,5
922,6
922,7
922,8
922,9
922,10
922,11
922,12
922,14
922,15
923,1
923,2
923,3
923,4
923,5
923,6
923,7
923,8
923,10
923,11
923,12
924,0
924,2
924,3
924,4
924,6
924,7
924,8
924,9
924,10
924,11
924,12
924,14
924,15
925,0
925,1
925,4
925,5
925,6
925,7
925,8
925,9
925,10
925,11
925,12
925,14
925,15
926,0
926,1
926,2
926,3
926,5
926,6
926,7
926,9
926,10
926,11
926,12
926,13
926,14
926,15
927,0
927,2
927,3
927,4
927,5
927,6
927,7
927,8
927,9
927,10
927,12
927,13
927,14
927,15
928,0
928,1
928,2
928,3
928,7
928,9
928,10
928,11
928,12
928,13
928,15
929,0
929,1
929,2
929,4
929,5
929,6
929,7
929,9
929,10
929,11
929,12
929,13
929,15
930,0
930,1
930,2
930,3
930,4
930,5
930,6
930,11
930,13
930,15
931,0
931,1
931,2
931,3
931,4
931,5
931,6
931,7
931,8
931,9
931,10
931,11
931,12
931,13
931,14
931,15
932,0
932,1
932,3
932,4
932,5
932,6
932,9
932,10
932,11
932,12
932,13
932,14
932,15
933,0
933,1
933,2
933,3
933,6
933,7
933,8
933,9
933,10
933,11
933,12
933,13
933,14
934,0
934,1
934,2
934,4
934,5
934,6
934,11
934,12
934,13
934,14
935,0
935,1
935,2
935,5
935,6
935,7
935,8
935,9
935,12
935,13
935,14
936,0
936,1
936,2
936,3
936,4
936,5
936,6
936,7
936,8
936,10
936,11
936,12
936,13
936,14
937,0
937,3
937,4
937,5
937,6
937,7
937,8
937,9
937,10
937,11
937,13
937,14
938,0
938,1
938,2
938,3
938,5
938,6
938,7
938,8
938,9
938,11
938,12
938,14
938,15
939,0
939,1
939,2
939,3
939,4
939,5
939,7
939,8
939,9
939,10
939,11
939,12
939,13
939,14
939,15
940,0
940,1
940,2
940,3
940,4
940,7
940,8
940,9
940,10
940,11
940,13
940,14
940,15
941,0
941,1
941,2
941,3
941,4
941,5
941,6
941,7
941,8
941,9
941,10
941,11
941,13
941,14
941,15
942,0
942,1
942,3
942,5
942,6
942,7
942,8
942,9
942,10
942,11
942,12
942,13
942,14
942,15
943,0
943,1
943,2
943,3
943,5
943,7
943,8
943,10
943,12
943,13
943,14
943,15
944,1
944,2
944,3
944,4
944,5
944,7
944,8
944,9
944,10
944,11
944,12
944,13
944,14
944,15
945,1
945,2
945,3
945,4
945,5
945,7
945,8
945,9
945,10
945,11
945,13
945,14
945,15
946,0
946,1
946,2
946,5
946,6
946,7
946,8
946,10
946,11
946,13
946,14
946,15
947,1
947,2
947,3
947,4
947,5
947,6
947,7
947,8
947,9
947,11
947,13
947,15
948,0
948,1
948,2
948,3
948,4
948,6
948,8
948,9
948,10
948,11
948,12
948,13
948,14
948,15
949,0
949,1
949,2
949,3
949,4
949,5
949,6
949,7
949,8
949,9
949,10
949,12
949,13
949,14
949,15
950,0
950,1
950,2
950,3
950,4
950,5
950,6
950,8
950,9
950,10
950,11
950,13
950,15
951,0
951,1
951,2
951,3
951,5
951,6
951,8
951,9
951,11
951,12
951,14
951,15
952,0
952,1
952,2
952,3
952,5
952,6
952,7
952,10
952,11
952,12
952,14
953,0
953,1
953,2
953,3
953,4
953,7
953,9
953,10
953,12
953,13
953,14
953,15
954,0
954,1
954,2
954,3
954,5
954,6
954,7
954,8
954,9
954,10
954,11
954,12
954,13
954,15
955,1
955,2
955,3
955,4
955,5
955,6
955,7
955,9
955,13
955,14
956,1
956,2
956,3
956,5
956,6
956,7
956,8
956,9
956,10
956,11
956,12
956,13
956,14
956,15
957,0
957,1
957,2
957,4
957,5
957,6
957,7
957,8
957,9
957,10
957,11
957,12
957,13
957,14
957,15
958,0
958,1
958,4
958,5
958,6
958,7
958,8
958,9
958,11
958,12
958,13
958,15
959,0
959,1
959,2
959,3
959,4
959,5
959,7
959,8
959,9
959,10
959,11
959,12
959,13
959,14
959,15
960,0
960,1
960,2
960,4
960,5
960,6
960,8
960,9
960,11
960,12
960,13
960,14
960,15
961,0
961,1
961,2
961,3
961,5
961,6
961,7
961,8
961,9
961,10
961,11
961,12
961,13
961,14
961,15
962,0
962,1
962,2
962,3
962,5
962,6
962,7
962,8
962,10
962,11
962,12
962,13
962,14
962,15
963,1
963,2
963,3
963,4
963,5
963,6
963,8
963,9
963,10
963,11
963,12
963,13
963,15
964,0
964,1
964,3
964,5
964,6
964,8
964,9
964,10
964,11
964,12
964,13
965,0
965,4
965,5
965,7
965,9
965,11
965,12
965,13
965,15
966,0
966,1
966,2
966,4
966,5
966,6
966,7
966,8
966,9
966,10
966,11
966,12
966,13
966,14
966,15
967,0
967,1
967,2
967,4
967,5
967,6
967,9
967,10
967,11
967,12
967,13
967,14
967,15
968,0
968,1
968,2
968,3
968,5
968,6
968,7
968,9
968,10
968,11
968,12
968,13
968,14
968,15
969,0
969,1
969,2
969,3
969,4
969,5
969,6
969,8
969,9
969,10
969,12
969,15
970,0
970,1
970,2
970,3
970,4
970,5
970,6
970,7
970,9
970,10
970,11
970,13
970,14
970,15
971,0
971,1
971,2
971,3
971,4
971,5
971,6
971,7
971,8
971,9
971,10
971,11
971,12
971,13
971,14
971,15
972,0
972,2
972,3
972,5
972,6
972,7
972,8
972,10
972,12
972,13
973,0
973,1
973,3
973,4
973,5
973,6
973,7
973,8
973,9
973,11
973,13
973,14
973,15
974,0
974,1
974,2
974,3
974,4
974,5
974,7
974,10
974,12
974,13
974,15
975,0
975,1
975,2
975,3
975,4
975,5
975,6
975,7
975,8
975,9
975,10
975,11
975,12
975,13
975,14
976,0
976,1
976,2
976,4
976,6
976,8
976,9
976,10
976,11
976,12
976,13
976,14
977,0
977,1
977,2
977,3
977,4
977,5
977,6
977,8
977,9
977,11
977,12
977,13
977,14
977,15
978,0
978,1
978,2
978,5
978,6
978,7
978,8
978,10
978,11
978,12
978,13
978,15
979,1
979,3
979,4
979,6
979,9
979,10
979,13
979,15
980,1
980,2
980,3
980,4
980,5
980,6
980,7
980,8
980,9
980,10
980,11
980,12
980,13
980,15
981,0
981,1
981,3
981,4
981,5
981,6
981,7
981,8
981,10
981,13
981,14
981,15
982,0
982,4
982,6
982,7
982,8
982,9
982,10
982,11
982,12
982,13
982,14
982,15
983,0
983,1
983,2
983,3
983,4
983,5
983,6
983,7
983,8
983,9
983,11
983,12
983,13
983,14
983,15
984,0
984,1
984,2
984,3
984,4
984,6
984,7
984,9
984,10
984,12
984,15
985,0
985,1
985,2
985,3
985,4
985,5
985,6
985,7
985,8
985,9
985,10
985,11
985,12
985,13
985,14
986,0
986,1
986,2
986,3
986,4
986,6
986,7
986,8
986,9
986,10
986,11
986,12
986,14
986,15
987,0
987,1
987,2
987,4
987,5
987,6
987,7
987,8
987,9
987,10
987,11
987,15
988,0
988,1
988,2
988,3
988,4
988,9
988,10
988,11
988,12
988,13
988,14
989,0
989,2
989,3
989,4
989,5
989,7
989,8
989,10
989,11
989,12
989,13
989,14
989,15
990,0
990,2
990,3
990,4
990,5
990,6
990,7
990,8
990,9
990,10
990,11
990,12
990,13
990,14
990,15
991,0
991,2
991,3
991,4
991,5
991,6
991,8
991,10
991,11
991,12
991,13
991,14
991,15
992,0
992,1
992,3
992,4
992,5
992,7
992,8
992,9
992,10
992,11
992,15
993,0
993,1
993,2
993,3
993,5
993,6
993,9
993,10
993,11
993,12
993,14
993,15
994,1
994,2
994,3
994,5
994,6
994,7
994,8
994,9
994,10
994,11
994,12
994,14
994,15
995,0
995,1
995,2
995,3
995,4
995,6
995,7
995,11
995,12
995,13
995,15
996,0
996,1
996,2
996,3
996,6
996,7
996,9
996,11
996,13
996,14
996,15
997,1
997,2
997,3
997,4
997,5
997,6
997,7
997,8
997,9
997,10
997,11
997,12
997,13
997,14
997,15
998,0
998,1
998,5
998,6
998,8
998,9
998,10
998,12
998,13
999,0
999,1
999,5
999,6
999,7
999,8
999,9
999,11
999,12
999,13
999,14
999,15
1000,0
1000,1
1000,3
1000,4
1000,5
1000,6
1000,7
1000,8
1000,9
1000,11
1000,12
1000,13
1000,14
1000,15
1001,0
1001,1
1001,4
1001,5
1001,7
1001,8
1001,9
1001,11
1001,12
1001,14
1001,15
1002,0
1002,1
1002,2
1002,3
1002,4
1002,5
1002,6
1002,7
1002,8
1002,10
1002,12
1002,13
1002,14
1002,15
1003,0
1003,2
1003,3
1003,5
1003,6
1003,8
1003,9
1003,11
1003,12
1003,13
1003,14
1003,15
1004,0
1004,1
1004,2
1004,3
1004,4
1004,5
1004,6
1004,7
1004,8
1004,9
1004,10
1004,11
1004,12
1004,13
1004,14
1004,15
1005,0
1005,1
1005,2
1005,3
1005,5
1005,6
1005,7
1005,8
1005,9
1005,10
1005,12
1005,13
1005,15
1006,0
1006,1
1006,2
1006,3
1006,5
1006,6
1006,7
1006,8
1006,9
1006,11
1006,12
1006,13
1006,15
1007,0
1007,1
1007,2
1007,3
1007,4
1007,5
1007,8
1007,9
1007,10
1007,11
1007,12
1007,13
1007,14
1008,0
1008,1
1008,2
1008,3
1008,4
1008,5
1008,6
1008,7
1008,8
1008,9
1008,11
1008,12
1008,13
1008,15
1009,0
1009,1
1009,3
1009,4
1009,5
1009,6
1009,7
1009,8
1009,10
1009,11
1009,12
1009,13
1009,14
1009,15
1010,0
1010,2
1010,4
1010,5
1010,6
1010,7
1010,8
1010,10
1010,11
1010,12
1010,13
1010,14
1010,15
1011,0
1011,1
1011,2
1011,3
1011,4
1011,5
1011,6
1011,7
1011,8
1011,10
1011,11
1011,15
1012,0
1012,3
1012,4
1012,5
1012,6
1012,7
1012,8
1012,9
1012,10
1012,11
1012,15
1013,0
1013,3
1013,4
1013,5
1013,6
1013,7
1013,8
1013,10
1013,11
1013,12
1013,13
1013,14
1013,15
1014,0
1014,1
1014,5
1014,6
1014,7
1014,8
1014,9
1014,10
1014,11
1014,12
1014,13
1014,14
1015,0
1015,1
1015,3
1015,4
1015,5
1015,8
1015,9
1015,10
1015,11
1015,12
1015,13
1015,15
1016,0
1016,1
1016,2
1016,3
1016,4
1016,6
1016,7
1016,8
1016,10
1016,12
1016,13
1016,14
1016,15
1017,0
1017,2
1017,3
1017,4
1017,5
1017,6
1017,8
1017,12
1017,13
1017,14
1017,15
1018,0
1018,1
1018,2
1018,3
1018,4
1018,5
1018,6
1018,8
1018,9
1018,10
1018,11
1018,12
1018,13
1018,14
1018,15
1019,1
1019,2
1019,3
1019,4
1019,5
1019,7
1019,8
1019,9
1019,10
1019,11
1019,12
1019,13
1019,14
1019,15
1020,0
1020,2
1020,3
1020,5
1020,6
1020,8
1020,9
1020,11
1020,12
1020,13
1020,14
1021,1
1021,2
1021,5
1021,6
1021,8
1021,9
1021,10
1021,11
1021,12
1021,13
1021,14
1022,0
1022,2
1022,3
1022,4
1022,5
1022,6
1022,7
1022,8
1022,9
1022,13
1022,14
1022,15
1023,0
1023,2
1023,3
1023,4
1023,6
1023,7
1023,8
1023,9
1023,10
1023,11
1023,12
1023,13
1023,14
1023,15
1024,1
1024,2
1024,3
1024,4
1024,5
1024,6
1024,7
1024,8
1024,9
1024,10
1024,11
1024,12
1024,13
1024,14
1024,15
1025,0
1025,2
1025,4
1025,5
1025,7
1025,8
1025,9
1025,12
1025,14
1025,15
1026,0
1026,1
1026,2
1026,3
1026,4
1026,5
1026,6
1026,7
1026,8
1026,9
1026,10
1026,11
1026,12
1026,14
1026,15
1027,0
1027,1
1027,2
1027,3
1027,4
1027,5
1027,6
1027,7
1027,8
1027,9
1027,10
1027,11
1027,12
1027,15
1028,0
1028,1
1028,4
1028,7
1028,8
1028,9
1028,10
1028,11
1028,13
1028,15
1029,0
1029,2
1029,3
1029,4
1029,5
1029,6
1029,7
1029,8
1029,9
1029,10
1029,11
1029,12
1029,13
1029,14
1029,15
1030,0
1030,1
1030,2
1030,3
1030,5
1030,6
1030,7
1030,8
1030,9
1030,10
1030,11
1030,13
1030,14
1030,15
1031,0
1031,1
1031,2
1031,3
1031,5
1031,6
1031,7
1031,9
1031,10
1031,11
1031,12
1031,13
1031,14
1031,15
1032,1
1032,2
1032,3
1032,4
1032,6
1032,7
1032,8
1032,11
1032,12
1032,13
1032,14
1032,15
1033,0
1033,1
1033,2
1033,3
1033,4
1033,6
1033,7
1033,8
1033,9
1033,10
1033,11
1033,14
1034,1
1034,2
1034,4
1034,5
1034,6
1034,7
1034,8
1034,9
1034,12
1034,13
1034,14
1034,15
1035,0
1035,1
1035,3
1035,4
1035,5
1035,7
1035,8
1035,9
1035,10
1035,11
1035,12
1035,14
1035,15
1036,0
1036,1
1036,2
1036,3
1036,4
1036,5
1036,6
1036,7
1036,10
1036,11
1036,13
1036,15
1037,0
1037,1
1037,3
1037,5
1037,6
1037,7
1037,8
1037,9
1037,10
1037,12
1037,13
1037,14
1037,15
1038,0
1038,1
1038,2
1038,4
1038,5
1038,6
1038,8
1038,9
1038,11
1038,13
1038,14
1039,0
1039,1
1039,2
1039,3
1039,4
1039,6
1039,7
1039,9
1039,10
1039,11
1039,13
1039,14
1039,15
1040,0
1040,1
1040,2
1040,3
1040,4
1040,5
1040,6
1040,7
1040,8
1040,9
1040,10
1040,11
1040,12
1040,13
1040,14
1040,15
1041,0
1041,2
1041,3
1041,4
1041,5
1041,6
1041,7
1041,8
1041,9
1041,10
1041,11
1041,12
1041,13
1041,14
1042,0
1042,1
1042,2
1042,3
1042,4
1042,5
1042,6
1042,7
1042,8
1042,9
1042,11
1042,12
1042,13
1042,14
1042,15
1043,1
1043,2
1043,3
1043,4
1043,5
1043,6
1043,7
1043,8
1043,9
1043,10
1043,13
1043,14
1043,15
1044,2
1044,4
1044,5
1044,6
1044,8
1044,9
1044,11
1044,12
1044,14
1044,15
1045,0
1045,1
1045,2
1045,3
1045,4
1045,5
1045,6
1045,8
1045,9
1045,10
1045,11
1045,12
1045,13
1046,0
1046,1
1046,3
1046,4
1046,5
1046,6
1046,7
1046,8
1046,9
1046,11
1046,12
1046,13
1046,14
1046,15
1047,4
1047,6
1047,7
1047,8
1047,9
1047,12
1047,13
1047,14
1047,15
1048,1
1048,2
1048,3
1048,6
1048,7
1048,8
1048,9
1048,10
1048,12
1048,14
1048,15
1049,1
1049,3
1049,4
1049,5
1049,6
1049,7
1049,8
1049,10
1049,11
1049,12
1049,13
1049,15
1050,0
1050,1
1050,3
1050,5
1050,7
1050,8
1050,9
1050,10
1050,11
1050,12
1050,13
1050,14
1050,15
1051,0
1051,1
1051,2
1051,3
1051,4
1051,5
1051,7
1051,8
1051,9
1051,10
1051,11
1051,12
1051,13
1051,14
1051,15
1052,0
1052,2
1052,3
1052,5
1052,6
1052,8
1052,9
1052,10
1052,11
1052,12
1052,13
1052,14
1052,15
1053,0
1053,1
1053,2
1053,3
1053,6
1053,7
1053,8
1053,9
1053,10
1053,11
1053,12
1053,13
1053,14
1053,15
1054,0
1054,2
1054,3
1054,4
1054,5
1054,6
1054,7
1054,10
1054,11
1054,13
1054,14
1054,15
1055,0
1055,1
1055,2
1055,3
1055,5
1055,6
1055,7
1055,8
1055,9
1055,10
1055,11
1055,12
1055,13
1055,14
1055,15
1056,0
1056,1
1056,2
1056,3
1056,4
1056,5
1056,6
1056,7
1056,10
1056,11
1056,13
1056,14
1056,15
1057,0
1057,1
1057,2
1057,3
1057,4
1057,5
1057,6
1057,7
1057,9
1057,10
1057,12
1057,13
1057,14
1058,0
1058,1
1058,2
1058,3
1058,4
1058,5
1058,6
1058,7
1058,8
1058,9
1058,10
1058,11
1058,12
1058,13
1058,15
1059,0
1059,1
1059,2
1059,4
1059,5
1059,6
1059,7
1059,8
1059,9
1059,11
1059,12
1059,14
1059,15
1060,0
1060,1
1060,2
1060,4
1060,5
1060,6
1060,7
1060,8
1060,9
1060,10
1060,11
1060,13
1060,15
1061,0
1061,1
1061,2
1061,3
1061,5
1061,7
1061,10
1061,11
1061,12
1061,13
1061,15
1062,0
1062,1
1062,2
1062,3
1062,4
1062,5
1062,6
1062,7
1062,9
1062,10
1062,11
1062,12
1062,13
1062,14
1062,15
1063,0
1063,2
1063,4
1063,8
1063,9
1063,10
1063,11
1063,12
1063,13
1063,14
1063,15
1064,0
1064,1
1064,3
1064,5
1064,6
1064,7
1064,8
1064,9
1064,10
1064,11
1064,13
1064,14
1064,15
1065,0
1065,3
1065,5
1065,6
1065,7
1065,9
1065,10
1065,11
1065,12
1065,13
1065,14
1066,0
1066,1
1066,3
1066,5
1066,6
1066,7
1066,8
1066,11
1066,12
1066,14
1066,15
1067,1
1067,2
1067,3
1067,4
1067,5
1067,6
1067,7
1067,8
1067,9
1067,11
1067,12
1067,14
1067,15
1068,0
1068,1
1068,2
1068,3
1068,4
1068,5
1068,7
1068,9
1068,11
1068,14
1068,15
1069,0
1069,1
1069,2
1069,3
1069,4
1069,5
1069,7
1069,8
1069,9
1069,10
1069,11
1069,12
1069,14
1069,15
1070,0
1070,3
1070,4
1070,5
1070,6
1070,8
1070,9
1070,11
1070,12
1070,13
1070,15
1071,0
1071,1
1071,2
1071,3
1071,4
1071,6
1071,7
1071,8
1071,9
1071,10
1071,11
1071,12
1071,15
1072,0
1072,1
1072,2
1072,3
1072,7
1072,10
1072,11
1072,12
1072,15
1073,0
1073,1
1073,2
1073,3
1073,4
1073,5
1073,6
1073,7
1073,8
1073,9
1073,10
1073,11
1073,12
1073,13
1073,14
1073,15
1074,0
1074,1
1074,2
1074,4
1074,5
1074,7
1074,8
1074,9
1074,10
1074,11
1074,12
1074,13
1074,14
1074,15
1075,0
1075,1
1075,3
1075,4
1075,5
1075,7
1075,8
1075,11
1075,12
1075,13
1075,15
1076,0
1076,1
1076,2
1076,3
1076,4
1076,6
1076,8
1076,10
1076,11
1076,12
1076,13
1076,14
1076,15
1077,1
1077,2
1077,4
1077,5
1077,6
1077,7
1077,8
1077,9
1077,10
1077,12
1077,14
1077,15
1078,0
1078,3
1078,4
1078,5
1078,6
1078,7
1078,8
1078,9
1078,10
1078,11
1078,12
1078,13
1078,14
1078,15
1079,0
1079,1
1079,2
1079,4
1079,5
1079,6
1079,7
1079,8
1079,9
1079,10
1079,11
1079,13
1079,14
1079,15
1080,2
1080,3
1080,4
1080,5
1080,6
1080,7
1080,8
1080,9
1080,10
1080,11
1080,12
1080,13
1081,1
1081,2
1081,3
1081,4
1081,5
1081,6
1081,7
1081,8
1081,9
1081,10
1081,11
1081,12
1081,13
1081,14
1081,15
1082,0
1082,1
1082,2
1082,3
1082,4
1082,5
1082,6
1082,7
1082,8
1082,10
1082,12
1083,0
1083,2
1083,3
1083,4
1083,6
1083,7
1083,8
1083,9
1083,10
1083,11
1083,12
1083,13
1083,14
1083,15
1084,0
1084,1
1084,2
1084,3
1084,4
1084,5
1084,6
1084,7
1084,8
1084,9
1084,10
1084,11
1084,13
1084,14
1084,15
1085,3
1085,4
1085,5
1085,6
1085,8
1085,9
1085,10
1085,11
1085,12
1085,14
1085,15
1086,0
1086,1
1086,2
1086,3
1086,4
1086,5
1086,8
1086,9
1086,10
1086,11
1086,12
1086,14
1086,15
1087,0
1087,1
1087,4
1087,5
1087,6
1087,8
1087,9
1087,10
1087,11
1087,13
1087,15
1088,0
1088,1
1088,2
1088,3
1088,4
1088,5
1088,6
1088,7
1088,9
1088,10
1088,13
1088,14
1088,15
1089,0
1089,1
1089,2
1089,3
1089,4
1089,5
1089,6
1089,7
1089,8
1089,9
1089,10
1089,11
1089,12
1089,14
1089,15
1090,0
1090,2
1090,3
1090,4
1090,5
1090,6
1090,7
1090,8
1090,9
1090,10
1090,11
1090,12
1090,13
1090,14
1091,0
1091,1
1091,2
1091,3
1091,4
1091,5
1091,6
1091,7
1091,8
1091,9
1091,10
1091,11
1091,12
1091,13
1091,14
1091,15
1092,0
1092,1
1092,2
1092,4
1092,5
1092,7
1092,8
1092,9
1092,11
1092,12
1092,13
1092,14
1092,15
1093,2
1093,3
1093,4
1093,6
1093,8
1093,10
1093,11
1093,12
1093,13
1093,14
1093,15
1094,0
1094,1
1094,2
1094,4
1094,5
1094,6
1094,7
1094,8
1094,10
1094,11
1094,12
1094,13
1094,14
1094,15
1095,1
1095,2
1095,3
1095,4
1095,6
1095,8
1095,9
1095,10
1095,11
1095,12
1095,13
1095,15
1096,0
1096,1
1096,2
1096,3
1096,4
1096,5
1096,6
1096,7
1096,8
1096,12
1096,13
1096,14
1096,15
1097,2
1097,3
1097,5
1097,6
1097,7
1097,8
1097,9
1097,10
1097,12
1097,13
1097,14
1097,15
1098,0
1098,1
1098,2
1098,3
1098,4
1098,6
1098,7
1098,9
1098,10
1098,11
1098,12
1098,13
1098,14
1098,15
1099,0
1099,1
1099,2
1099,3
1099,4
1099,5
1099,6
1099,7
1099,8
1099,9
1099,10
1099,11
1099,12
1099,13
1099,14
1099,15
1100,0
1100,1
1100,2
1100,3
1100,4
1100,5
1100,6
1100,7
1100,8
1100,9
1100,11
1100,12
1100,13
1100,15
1101,0
1101,1
1101,2
1101,3
1101,5
1101,6
1101,7
1101,8
1101,9
1101,10
1101,12
1101,13
1101,14
1101,15
1102,0
1102,3
1102,4
1102,5
1102,6
1102,7
1102,8
1102,9
1102,10
1102,11
1102,13
1102,14
1103,0
1103,1
1103,2
1103,3
1103,4
1103,6
1103,7
1103,8
1103,11
1103,12
1103,13
1103,15
1104,0
1104,1
1104,2
1104,3
1104,4
1104,5
1104,6
1104,7
1104,8
1104,9
1104,10
1104,11
1104,12
1104,13
1104,15
1105,0
1105,1
1105,2
1105,3
1105,4
1105,5
1105,6
1105,7
1105,8
1105,9
1105,10
1105,12
1105,14
1105,15
1106,0
1106,2
1106,3
1106,4
1106,5
1106,8
1106,10
1106,11
1106,12
1106,13
1106,14
1106,15
1107,1
1107,2
1107,4
1107,5
1107,6
1107,8
1107,10
1107,11
1107,12
1107,14
1108,0
1108,1
1108,4
1108,5
1108,6
1108,7
1108,10
1108,11
1108,13
1108,14
1108,15
1109,0
1109,3
1109,4
1109,5
1109,6
1109,8
1109,10
1109,11
1109,12
1109,13
1109,14
1109,15
1110,0
1110,2
1110,3
1110,4
1110,5
1110,6
1110,7
1110,10
1110,12
1110,14
1110,15
1111,0
1111,1
1111,2
1111,3
1111,4
1111,5
1111,6
1111,8
1111,9
1111,10
1111,12
1111,14
1111,15
1112,0
1112,1
1112,3
1112,4
1112,5
1112,6
1112,7
1112,8
1112,9
1112,10
1112,11
1112,14
1112,15
1113,0
1113,1
1113,2
1113,3
1113,5
1113,6
1113,7
1113,8
1113,9
1113,10
1113,11
1113,12
1113,14
1113,15
1114,0
1114,1
1114,2
1114,3
1114,4
1114,5
1114,6
1114,7
1114,9
1114,10
1114,11
1114,13
1114,14
1114,15
1115,1
1115,2
1115,3
1115,4
1115,5
1115,7
1115,8
1115,9
1115,11
1115,12
1115,13
1115,14
1115,15
1116,0
1116,1
1116,2
1116,3
1116,4
1116,5
1116,6
1116,7
1116,10
1116,11
1116,12
1116,13
1116,14
1117,0
1117,1
1117,2
1117,3
1117,4
1117,5
1117,6
1117,10
1117,11
1117,12
1117,14
1117,15
1118,0
1118,1
1118,2
1118,3
1118,4
1118,5
1118,7
1118,8
1118,9
1118,11
1118,13
1118,14
1119,0
1119,1
1119,2
1119,5
1119,6
1119,7
1119,10
1119,11
1119,14
1119,15
1120,1
1120,2
1120,3
1120,4
1120,5
1120,7
1120,9
1120,10
1120,11
1120,15
1121,1
1121,4
1121,5
1121,6
1121,8
1121,9
1121,11
1121,12
1121,13
1121,14
1121,15
1122,0
1122,1
1122,2
1122,3
1122,4
1122,5
1122,6
1122,7
1122,8
1122,9
1122,10
1122,11
1122,13
1122,14
1122,15
1123,0
1123,1
1123,2
1123,3
1123,4
1123,5
1123,6
1123,8
1123,9
1123,11
1123,12
1123,13
1123,14
1124,0
1124,1
1124,5
1124,6
1124,7
1124,8
1124,9
1124,11
1124,12
1124,13
1124,14
1124,15
1125,1
1125,2
1125,3
1125,5
1125,6
1125,7
1125,8
1125,9
1125,10
1125,12
1125,13
1125,14
1125,15
1126,1
1126,3
1126,4
1126,5
1126,6
1126,7
1126,8
1126,10
1126,11
1126,12
1126,13
1126,14
1127,0
1127,2
1127,3
1127,4
1127,6
1127,8
1127,9
1127,10
1127,12
1127,13
1127,14
1127,15
1128,1
1128,2
1128,3
1128,4
1128,7
1128,8
1128,9
1128,11
1128,12
1128,13
1128,14
1129,1
1129,2
1129,3
1129,4
1129,5
1129,6
1129,7
1129,8
1129,9
1129,11
1129,12
1129,14
1129,15
1130,0
1130,2
1130,4
1130,5
1130,6
1130,7
1130,8
1130,9
1130,10
1130,11
1130,12
1130,13
1130,14
1131,0
1131,1
1131,4
1131,5
1131,8
1131,9
1131,10
1131,11
1131,13
1131,14
1131,15
1132,0
1132,1
1132,2
1132,3
1132,6
1132,7
1132,8
1132,10
1132,11
1132,12
1132,13
1132,15
1133,1
1133,2
1133,4
1133,5
1133,6
1133,7
1133,10
1133,11
1133,12
1133,13
1133,14
1134,1
1134,2
1134,3
1134,4
1134,6
1134,7
1134,8
1134,9
1134,11
1134,12
1134,14
1135,1
1135,2
1135,3
1135,4
1135,8
1135,9
1135,10
1135,12
1135,13
1135,14
1135,15
1136,0
1136,1
1136,2
1136,4
1136,5
1136,6
1136,7
1136,8
1136,9
1136,10
1136,11
1136,12
1136,13
1136,14
1136,15
1137,0
1137,1
1137,2
1137,3
1137,4
1137,5
1137,6
1137,7
1137,8
1137,9
1137,10
1137,11
1137,12
1137,13
1137,14
1137,15
1138,0
1138,1
1138,2
1138,3
1138,5
1138,6
1138,7
1138,10
1138,11
1138,12
1138,13
1138,14
1139,0
1139,1
1139,2
1139,4
1139,5
1139,10
1139,11
1139,12
1139,13
1139,14
1139,15
1140,1
1140,2
1140,4
1140,5
1140,6
1140,7
1140,8
1140,9
1140,10
1140,11
1140,12
1140,13
1140,14
1140,15
1141,0
1141,1
1141,3
1141,4
1141,6
1141,7
1141,9
1141,11
1141,13
1141,14
1141,15
1142,0
1142,1
1142,2
1142,3
1142,4
1142,6
1142,7
1142,8
1142,9
1142,11
1142,12
1142,13
1142,14
1142,15
1143,0
1143,3
1143,5
1143,6
1143,7
1143,9
1143,10
1143,11
1143,12
1143,14
1143,15
1144,1
1144,2
1144,3
1144,5
1144,6
1144,7
1144,8
1144,9
1144,10
1144,11
1144,13
1144,14
1144,15
1145,0
1145,1
1145,2
1145,3
1145,4
1145,5
1145,9
1145,10
1145,11
1145,12
1145,13
1145,14
1145,15
1146,0
1146,1
1146,2
1146,3
1146,5
1146,6
1146,7
1146,8
1146,10
1146,11
1146,13
1146,14
1146,15
1147,0
1147,1
1147,2
1147,3
1147,4
1147,5
1147,6
1147,7
1147,8
1147,10
1147,12
1147,13
1147,14
1148,1
1148,2
1148,3
1148,4
1148,5
1148,8
1148,9
1148,10
1148,11
1148,12
1148,13
1148,14
1148,15
1149,0
1149,3
1149,4
1149,5
1149,6
1149,7
1149,9
1149,10
1149,13
1149,14
1149,15
1150,0
1150,1
1150,3
1150,4
1150,5
1150,7
1150,8
1150,9
1150,10
1150,11
1150,13
1150,14
1150,15
1151,0
1151,1
1151,2
1151,3
1151,5
1151,7
1151,8
1151,10
1151,11
1151,12
1151,14
1151,15
1152,0
1152,2
1152,3
1152,4
1152,5
1152,6
1152,7
1152,8
1152,9
1152,10
1152,11
1152,12
1152,13
1152,15
1153,1
1153,3
1153,4
1153,5
1153,6
1153,7
1153,9
1153,10
1153,11
1153,13
1153,14
1153,15
1154,0
1154,1
1154,2
1154,3
1154,4
1154,6
1154,7
1154,8
1154,10
1154,11
1154,12
1154,13
1154,14
1154,15
1155,2
1155,3
1155,4
1155,5
1155,6
1155,7
1155,8
1155,9
1155,11
1155,12
1155,13
1155,14
1156,0
1156,2
1156,4
1156,5
1156,6
1156,7
1156,8
1156,9
1156,10
1156,11
1156,12
1156,13
1157,0
1157,1
1157,2
1157,4
1157,6
1157,7
1157,8
1157,9
1157,10
1157,11
1157,14
1157,15
1158,0
1158,3
1158,5
1158,6
1158,7
1158,9
1158,10
1158,11
1158,12
1158,13
1158,14
1158,15
1159,1
1159,2
1159,3
1159,4
1159,5
1159,9
1159,10
1159,15
1160,0
1160,2
1160,3
1160,4
1160,5
1160,8
1160,9
1160,11
1160,12
1160,13
1160,15
1161,0
1161,1
1161,2
1161,3
1161,4
1161,6
1161,8
1161,10
1161,11
1161,12
1161,13
1161,14
1161,15
1162,0
1162,2
1162,3
1162,4
1162,5
1162,6
1162,7
1162,10
1162,12
1162,13
1162,14
1162,15
1163,1
1163,2
1163,3
1163,4
1163,5
1163,6
1163,7
1163,9
1163,11
1163,12
1163,13
1163,14
1164,0
1164,1
1164,2
1164,3
1164,4
1164,6
1164,7
1164,8
1164,9
1164,10
1164,11
1164,12
1164,13
1164,14
1164,15
1165,2
1165,3
1165,4
1165,5
1165,6
1165,8
1165,9
1165,10
1165,11
1165,13
1165,15
1166,0
1166,1
1166,2
1166,3
1166,4
1166,5
1166,6
1166,7
1166,8
1166,9
1166,11
1166,12
1166,13
1166,15
1167,0
1167,2
1167,4
1167,5
1167,6
1167,7
1167,8
1167,9
1167,10
1167,12
1167,13
1167,14
1167,15
1168,0
1168,2
1168,4
1168,5
1168,6
1168,7
1168,9
1168,11
1168,12
1168,13
1168,14
1168,15
1169,1
1169,3
1169,5
1169,6
1169,7
1169,9
1169,10
1169,11
1169,12
1169,13
1169,14
1170,1
1170,2
1170,3
1170,4
1170,5
1170,6
1170,7
1170,8
1170,9
1170,10
1170,12
1170,13
1171,1
1171,2
1171,3
1171,4
1171,5
1171,6
1171,7
1171,8
1171,9
1171,10
1171,11
1171,12
1171,13
1172,0
1172,2
1172,3
1172,4
1172,6
1172,8
1172,9
1172,10
1172,12
1172,14
1172,15
1173,0
1173,4
1173,5
1173,6
1173,8
1173,9
1173,10
1173,11
1173,12
1173,14
1173,15
1174,0
1174,1
1174,2
1174,4
1174,5
1174,7
1174,8
1174,10
1174,11
1174,12
1174,13
1174,14
1174,15
1175,0
1175,1
1175,2
1175,3
1175,6
1175,7
1175,8
1175,9
1175,10
1175,11
1175,12
1175,13
1175,14
1175,15
1176,0
1176,1
1176,2
1176,4
1176,5
1176,6
1176,8
1176,10
1176,13
1176,15
1177,0
1177,1
1177,3
1177,4
1177,5
1177,6
1177,7
1177,9
1177,10
1177,11
1177,12
1177,13
1177,14
1178,0
1178,1
1178,2
1178,3
1178,6
1178,7
1178,8
1178,9
1178,10
1178,11
1178,12
1178,14
1178,15
1179,0
1179,1
1179,2
1179,3
1179,5
1179,6
1179,7
1179,8
1179,9
1179,11
1179,12
1179,14
1180,0
1180,1
1180,2
1180,3
1180,4
1180,5
1180,6
1180,7
1180,8
1180,9
1180,10
1180,11
1180,13
1180,14
1180,15
1181,0
1181,1
1181,2
1181,3
1181,4
1181,5
1181,6
1181,7
1181,10
1181,11
1181,12
1181,13
1181,14
1181,15
1182,0
1182,1
1182,2
1182,3
1182,4
1182,5
1182,6
1182,7
1182,8
1182,9
1182,10
1182,11
1182,12
1182,14
1182,15
1183,0
1183,2
1183,3
1183,4
1183,7
1183,8
1183,9
1183,10
1183,11
1183,13
1183,14
1183,15
1184,1
1184,3
1184,5
1184,6
1184,8
1184,9
1184,10
1184,11
1184,12
1184,13
1185,0
1185,2
1185,3
1185,4
1185,5
1185,6
1185,11
1185,12
1185,13
1185,14
1185,15
1186,0
1186,1
1186,2
1186,3
1186,5
1186,7
1186,8
1186,9
1186,10
1186,12
1186,13
1186,14
1186,15
1187,1
1187,2
1187,3
1187,4
1187,5
1187,6
1187,7
1187,8
1187,9
1187,10
1187,12
1187,13
1187,14
1187,15
1188,0
1188,1
1188,3
1188,5
1188,6
1188,8
1188,9
1188,10
1188,11
1188,12
1188,13
1188,14
1189,1
1189,2
1189,3
1189,5
1189,6
1189,7
1189,8
1189,10
1189,11
1189,12
1189,13
1189,14
1189,15
1190,0
1190,1
1190,2
1190,3
1190,4
1190,5
1190,6
1190,7
1190,8
1190,9
1190,11
1190,14
1190,15
1191,1
1191,2
1191,3
1191,4
1191,5
1191,6
1191,7
1191,8
1191,10
1191,12
1191,13
1191,14
1191,15
1192,0
1192,1
1192,2
1192,4
1192,5
1192,6
1192,7
1192,9
1192,10
1192,11
1192,13
1192,15
1193,0
1193,1
1193,2
1193,3
1193,4
1193,6
1193,7
1193,8
1193,11
1193,12
1193,14
1193,15
1194,0
1194,1
1194,3
1194,4
1194,6
1194,8
1194,9
1194,10
1194,11
1194,12
1194,13
1194,14
1194,15
1195,0
1195,1
1195,3
1195,5
1195,6
1195,7
1195,8
1195,9
1195,10
1195,11
1195,12
1195,13
1195,14
1195,15
1196,0
1196,1
1196,2
1196,3
1196,4
1196,5
1196,7
1196,9
1196,10
1196,11
1196,15
1197,0
1197,2
1197,3
1197,4
1197,5
1197,6
1197,7
1197,8
1197,11
1197,12
1197,13
1197,14
1197,15
1198,1
1198,2
1198,3
1198,4
1198,5
1198,6
1198,8
1198,9
1198,10
1198,11
1198,12
1198,14
1198,15
1199,0
1199,1
1199,2
1199,3
1199,5
1199,6
1199,7
1199,9
1199,10
1199,11
1199,12
1199,13
1199,14
1199,15
1200,0
1200,4
1200,5
1200,6
1200,8
1200,10
1200,11
1200,12
1200,13
1200,14
1200,15
1201,0
1201,1
1201,3
1201,4
1201,6
1201,7
1201,8
1201,9
1201,10
1201,11
1201,12
1201,14
1201,15
1202,0
1202,1
1202,2
1202,3
1202,4
1202,5
1202,6
1202,8
1202,10
1202,11
1202,12
1202,14
1203,0
1203,1
1203,2
1203,4
1203,5
1203,6
1203,7
1203,8
1203,9
1203,11
1203,12
1203,13
1203,14
1204,0
1204,2
1204,3
1204,4
1204,5
1204,6
1204,7
1204,8
1204,9
1204,10
1204,12
1204,14
1204,15
1205,0
1205,1
1205,2
1205,3
1205,6
1205,8
1205,9
1205,10
1205,11
1205,12
1205,14
1205,15
1206,2
1206,6
1206,7
1206,8
1206,9
1206,10
1206,12
1206,13
1206,14
1207,0
1207,1
1207,2
1207,4
1207,6
1207,7
1207,8
1207,10
1207,11
1207,12
1207,13
1208,0
1208,1
1208,2
1208,3
1208,4
1208,5
1208,6
1208,7
1208,8
1208,9
1208,10
1208,11
1208,12
1208,15
1209,0
1209,1
1209,3
1209,4
1209,5
1209,7
1209,8
1209,9
1209,11
1209,12
1209,15
1210,0
1210,1
1210,4
1210,5
1210,6
1210,7
1210,8
1210,9
1210,10
1210,12
1210,14
1210,15
1211,0
1211,1
1211,2
1211,3
1211,4
1211,5
1211,7
1211,8
1211,9
1211,10
1211,11
1211,12
1211,13
1211,14
1212,0
1212,1
1212,2
1212,3
1212,4
1212,5
1212,6
1212,7
1212,8
1212,9
1212,11
1212,12
1212,13
1212,14
1213,0
1213,1
1213,2
1213,3
1213,5
1213,7
1213,8
1213,9
1213,10
1213,11
1213,13
1213,14
1213,15
1214,0
1214,2
1214,3
1214,4
1214,5
1214,6
1214,7
1214,8
1214,9
1214,11
1214,12
1214,14
1215,0
1215,1
1215,2
1215,3
1215,4
1215,5
1215,6
1215,8
1215,9
1215,10
1215,12
1215,14
1215,15
1216,0
1216,1
1216,2
1216,4
1216,5
1216,6
1216,7
1216,8
1216,10
1216,11
1216,12
1216,13
1216,14
1216,15
1217,0
1217,2
1217,3
1217,4
1217,5
1217,6
1217,8
1217,9
1217,10
1217,11
1217,12
1217,14
1217,15
1218,2
1218,3
1218,4
1218,5
1218,6
1218,7
1218,8
1218,9
1218,11
1218,12
1218,13
1219,0
1219,1
1219,2
1219,3
1219,4
1219,5
1219,6
1219,7
1219,8
1219,9
1219,12
1219,13
1219,14
1219,15
1220,0
1220,1
1220,3
1220,4
1220,5
1220,6
1220,8
1220,9
1220,10
1220,11
1220,12
1220,13
1220,14
1220,15
1221,0
1221,1
1221,2
1221,3
1221,4
1221,5
1221,6
1221,7
1221,9
1221,10
1221,11
1221,12
1221,13
1221,14
1221,15
1222,0
1222,1
1222,2
1222,3
1222,4
1222,5
1222,6
1222,7
1222,8
1222,9
1222,10
1222,11
1222,12
1222,13
1222,14
1222,15
1223,0
1223,1
1223,3
1223,5
1223,6
1223,7
1223,8
1223,9
1223,10
1223,13
1223,15
1224,0
1224,1
1224,2
1224,5
1224,6
1224,7
1224,8
1224,12
1224,13
1224,14
1224,15
1225,1
1225,3
1225,4
1225,5
1225,6
1225,7
1225,10
1225,12
1225,13
1225,14
1225,15
1226,0
1226,1
1226,2
1226,3
1226,4
1226,5
1226,6
1226,8
1226,9
1226,10
1226,11
1226,12
1226,13
1226,14
1226,15
1227,0
1227,4
1227,5
1227,6
1227,7
1227,9
1227,10
1227,11
1227,12
1227,13
1227,14
1227,15
1228,0
1228,2
1228,3
1228,4
1228,5
1228,6
1228,7
1228,8
1228,9
1228,11
1228,12
1228,13
1228,14
1228,15
1229,0
1229,1
1229,2
1229,4
1229,5
1229,6
1229,7
1229,8
1229,9
1229,10
1229,11
1229,13
1229,14
1229,15
1230,0
1230,1
1230,2
1230,3
1230,4
1230,5
1230,6
1230,8
1230,9
1230,10
1230,11
1230,12
1230,13
1230,14
1230,15
1231,0
1231,3
1231,4
1231,5
1231,6
1231,7
1231,8
1231,9
1231,11
1231,12
1231,13
1231,15
1232,1
1232,2
1232,3
1232,5
1232,6
1232,8
1232,9
1232,11
1232,12
1232,13
1233,1
1233,2
1233,3
1233,5
1233,6
1233,7
1233,10
1233,11
1233,13
1233,14
1233,15
1234,0
1234,1
1234,2
1234,3
1234,4
1234,6
1234,7
1234,8
1234,9
1234,11
1234,12
1234,13
1234,14
1234,15
1235,0
1235,1
1235,2
1235,4
1235,5
1235,6
1235,7
1235,9
1235,10
1235,12
1235,14
1236,0
1236,3
1236,4
1236,6
1236,8
1236,9
1236,10
1236,12
1236,13
1236,14
1236,15
1237,0
1237,1
1237,3
1237,6
1237,8
1237,9
1237,10
1237,11
1237,12
1237,13
1237,14
1237,15
1238,0
1238,1
1238,3
1238,4
1238,5
1238,6
1238,7
1238,8
1238,9
1238,10
1238,12
1238,13
1239,0
1239,1
1239,3
1239,4
1239,5
1239,6
1239,7
1239,8
1239,9
1239,10
1239,11
1239,12
1239,13
1239,14
1239,15
1240,0
1240,1
1240,3
1240,4
1240,5
1240,7
1240,8
1240,9
1240,10
1240,11
1240,12
1240,14
1241,0
1241,2
1241,3
1241,5
1241,6
1241,7
1241,8
1241,10
1241,11
1241,12
1241,13
1241,14
1241,15
1242,0
1242,1
1242,2
1242,4
1242,5
1242,7
1242,9
1242,10
1242,12
1242,13
1242,14
1243,0
1243,1
1243,3
1243,4
1243,6
1243,7
1243,8
1243,9
1243,12
1243,14
1243,15
1244,0
1244,1
1244,2
1244,3
1244,4
1244,5
1244,6
1244,7
1244,8
1244,9
1244,10
1244,11
1244,12
1244,13
1244,14
1244,15
1245,0
1245,2
1245,3
1245,4
1245,5
1245,6
1245,7
1245,8
1245,9
1245,10
1245,12
1245,14
1246,0
1246,1
1246,2
1246,3
1246,4
1246,5
1246,7
1246,8
1246,9
1246,10
1246,11
1246,12
1246,13
1246,14
1246,15
1247,0
1247,2
1247,3
1247,4
1247,5
1247,6
1247,7
1247,8
1247,9
1247,10
1247,11
1247,12
1247,14
1247,15
1248,0
1248,1
1248,3
1248,5
1248,6
1248,8
1248,9
1248,10
1248,11
1248,12
1248,13
1248,14
1248,15
1249,0
1249,1
1249,2
1249,3
1249,4
1249,5
1249,6
1249,7
1249,8
1249,11
1249,12
1249,15
1250,0
1250,1
1250,2
1250,3
1250,4
1250,6
1250,7
1250,9
1250,10
1250,11
1250,12
1250,13
1250,14
1250,15
1251,0
1251,2
1251,3
1251,4
1251,5
1251,6
1251,7
1251,8
1251,9
1251,10
1251,11
1251,12
1251,13
1251,14
1251,15
1252,0
1252,1
1252,2
1252,3
1252,4
1252,5
1252,6
1252,7
1252,8
1252,9
1252,10
1252,11
1252,12
1252,13
1252,14
1252,15
1253,0
1253,2
1253,3
1253,4
1253,5
1253,6
1253,7
1253,10
1253,11
1253,12
1253,13
1253,14
1253,15
1254,0
1254,1
1254,3
1254,4
1254,5
1254,6
1254,7
1254,8
1254,9
1254,10
1254,11
1254,12
1254,13
1254,14
1254,15
1255,0
1255,1
1255,2
1255,3
1255,4
1255,5
1255,6
1255,7
1255,10
1255,11
1255,12
1255,13
1255,14
1255,15
1256,0
1256,2
1256,3
1256,4
1256,5
1256,7
1256,8
1256,9
1256,12
1256,13
1256,14
1256,15
1257,0
1257,1
1257,3
1257,4
1257,5
1257,8
1257,9
1257,10
1257,11
1257,12
1257,14
1257,15
1258,0
1258,1
1258,2
1258,3
1258,6
1258,7
1258,8
1258,9
1258,10
1258,11
1258,12
1258,13
1258,14
1258,15
1259,1
1259,3
1259,4
1259,5
1259,6
1259,7
1259,8
1259,9
1259,11
1259,13
1259,14
1259,15
1260,0
1260,1
1260,2
1260,3
1260,4
1260,5
1260,6
1260,7
1260,9
1260,10
1260,11
1260,13
1260,14
1260,15
1261,1
1261,2
1261,4
1261,5
1261,6
1261,7
1261,8
1261,10
1261,11
1261,14
1261,15
1262,0
1262,2
1262,3
1262,4
1262,5
1262,6
1262,7
1262,8
1262,9
1262,11
1262,12
1262,13
1262,14
1263,1
1263,3
1263,5
1263,6
1263,7
1263,8
1263,13
1263,14
1263,15
1264,0
1264,2
1264,3
1264,4
1264,5
1264,6
1264,7
1264,8
1264,9
1264,11
1264,12
1264,13
1264,14
1265,1
1265,2
1265,4
1265,5
1265,6
1265,7
1265,8
1265,9
1265,10
1265,11
1265,12
1265,13
1265,14
1265,15
1266,0
1266,1
1266,2
1266,3
1266,6
1266,7
1266,10
1266,11
1266,12
1266,13
1266,14
1266,15
1267,0
1267,1
1267,2
1267,3
1267,4
1267,5
1267,6
1267,7
1267,8
1267,9
1267,10
1267,11
1267,12
1267,15
1268,0
1268,1
1268,3
1268,4
1268,5
1268,6
1268,7
1268,8
1268,9
1268,11
1268,12
1268,13
1268,14
1268,15
1269,0
1269,1
1269,2
1269,3
1269,4
1269,5
1269,6
1269,7
1269,8
1269,9
1269,10
1269,11
1269,12
1269,14
1269,15
1270,0
1270,1
1270,2
1270,3
1270,4
1270,5
1270,6
1270,9
1270,10
1270,11
1270,12
1270,13
1270,14
1270,15
1271,0
1271,1
1271,2
1271,4
1271,5
1271,6
1271,7
1271,8
1271,9
1271,11
1271,12
1271,13
1271,14
1271,15
1272,0
1272,1
1272,2
1272,3
1272,4
1272,5
1272,9
1272,10
1272,11
1272,12
1272,13
1272,14
1273,0
1273,1
1273,2
1273,3
1273,4
1273,5
1273,6
1273,8
1273,9
1273,10
1273,11
1273,12
1273,13
1273,14
1274,0
1274,1
1274,2
1274,3
1274,4
1274,6
1274,7
1274,9
1274,10
1274,11
1274,15
1275,0
1275,1
1275,3
1275,4
1275,5
1275,6
1275,8
1275,9
1275,11
1275,12
1275,14
1275,15
1276,1
1276,2
1276,3
1276,4
1276,5
1276,7
1276,8
1276,14
1276,15
1277,0
1277,1
1277,3
1277,5
1277,7
1277,9
1277,10
1277,12
1277,13
1277,14
1278,0
1278,1
1278,3
1278,4
1278,5
1278,6
1278,7
1278,8
1278,9
1278,10
1278,11
1278,12
1278,14
1278,15
1279,0
1279,1
1279,2
1279,3
1279,4
1279,5
1279,6
1279,8
1279,9
1279,10
1279,11
1279,12
1279,13
1279,14
1280,1
1280,3
1280,4
1280,5
1280,6
1280,7
1280,8
1280,9
1280,10
1280,11
1280,12
1280,13
1280,14
1280,15
1281,0
1281,1
1281,2
1281,3
1281,4
1281,5
1281,6
1281,7
1281,9
1281,11
1281,12
1281,13
1281,14
1281,15
1282,0
1282,1
1282,2
1282,3
1282,4
1282,5
1282,6
1282,7
1282,8
1282,9
1282,10
1282,12
1282,13
1282,15
1283,0
1283,1
1283,2
1283,3
1283,4
1283,6
1283,8
1283,9
1283,10
1283,11
1283,12
1283,13
1283,15
1284,1
1284,2
1284,3
1284,5
1284,7
1284,8
1284,10
1284,11
1284,12
1284,13
1284,14
1284,15
1285,0
1285,1
1285,2
1285,3
1285,4
1285,5
1285,6
1285,7
1285,8
1285,9
1285,10
1285,11
1285,12
1285,13
1285,15
1286,0
1286,1
1286,2
1286,4
1286,5
1286,6
1286,7
1286,10
1286,11
1286,12
1286,13
1286,14
1286,15
1287,0
1287,1
1287,2
1287,3
1287,4
1287,6
1287,7
1287,8
1287,9
1287,10
1287,11
1287,13
1287,14
1287,15
1288,0
1288,1
1288,2
1288,4
1288,5
1288,6
1288,8
1288,9
1288,11
1288,12
1288,13
1288,14
1288,15
1289,0
1289,1
1289,2
1289,3
1289,4
1289,5
1289,6
1289,7
1289,11
1289,12
1289,13
1289,14
1289,15
1290,0
1290,1
1290,3
1290,5
1290,6
1290,8
1290,9
1290,10
1290,11
1290,12
1290,13
1290,14
1290,15
1291,0
1291,1
1291,2
1291,3
1291,4
1291,5
1291,6
1291,7
1291,8
1291,9
1291,10
1291,11
1291,12
1291,13
1291,14
1292,0
1292,1
1292,2
1292,3
1292,4
1292,5
1292,6
1292,7
1292,8
1292,9
1292,10
1292,11
1292,12
1292,13
1292,14
1293,0
1293,1
1293,2
1293,3
1293,4
1293,5
1293,6
1293,7
1293,9
1293,10
1293,11
1293,13
1293,14
1294,0
1294,1
1294,3
1294,4
1294,5
1294,7
1294,8
1294,9
1294,10
1294,11
1294,12
1294,14
1294,15
1295,0
1295,1
1295,3
1295,4
1295,5
1295,7
1295,8
1295,10
1295,11
1295,12
1295,13
1295,14
1295,15
1296,0
1296,1
1296,2
1296,3
1296,4
1296,5
1296,6
1296,7
1296,8
1296,9
1296,10
1296,12
1296,13
1296,14
1296,15
1297,0
1297,1
1297,2
1297,4
1297,5
1297,7
1297,9
1297,10
1297,11
1297,12
1297,13
1297,14
1297,15
1298,0
1298,1
1298,2
1298,3
1298,4
1298,5
1298,6
1298,7
1298,8
1298,9
1298,10
1298,11
1298,13
1298,14
1298,15
1299,0
1299,3
1299,4
1299,5
1299,7
1299,8
1299,11
1299,13
1299,14
1299,15
1300,1
1300,2
1300,3
1300,4
1300,5
1300,7
1300,8
1300,9
1300,10
1300,11
1300,13
1300,15
1301,0
1301,1
1301,2
1301,3
1301,4
1301,6
1301,7
1301,8
1301,9
1301,10
1301,11
1301,12
1301,13
1301,14
1302,1
1302,2
1302,4
1302,5
1302,6
1302,8
1302,9
1302,10
1302,11
1302,12
1302,13
1302,14
1302,15
1303,0
1303,3
1303,4
1303,5
1303,6
1303,7
1303,8
1303,9
1303,10
1303,11
1303,12
1303,13
1303,14
1303,15
1304,0
1304,1
1304,2
1304,3
1304,4
1304,5
1304,6
1304,7
1304,8
1304,9
1304,11
1304,13
1304,14
1304,15
1305,0
1305,1
1305,2
1305,3
1305,6
1305,7
1305,9
1305,10
1305,11
1305,13
1305,14
1305,15
1306,0
1306,1
1306,2
1306,3
1306,4
1306,5
1306,6
1306,7
1306,8
1306,9
1306,10
1306,11
1306,12
1306,13
1306,14
1306,15
1307,0
1307,1
1307,4
1307,5
1307,6
1307,7
1307,8
1307,9
1307,11
1307,12
1307,15
1308,0
1308,1
1308,2
1308,3
1308,4
1308,5
1308,7
1308,8
1308,9
1308,10
1308,11
1308,12
1308,13
1308,14
1308,15
1309,0
1309,1
1309,2
1309,3
1309,4
1309,5
1309,6
1309,7
1309,8
1309,11
1309,12
1309,13
1309,14
1309,15
1310,1
1310,2
1310,3
1310,4
1310,5
1310,6
1310,8
1310,11
1310,12
1310,13
1310,14
1310,15
1311,1
1311,2
1311,3
1311,5
1311,7
1311,8
1311,10
1311,12
1311,13
1311,14
1312,0
1312,1
1312,2
1312,3
1312,4
1312,6
1312,7
1312,8
1312,10
1312,12
1312,13
1312,14
1312,15
1313,1
1313,2
1313,3
1313,5
1313,7
1313,9
1313,10
1313,11
1313,12
1313,13
1313,15
1314,1
1314,2
1314,4
1314,5
1314,6
1314,7
1314,8
1314,9
1314,10
1314,11
1314,12
1314,13
1314,14
1315,0
1315,1
1315,2
1315,4
1315,5
1315,6
1315,7
1315,8
1315,9
1315,11
1315,12
1315,13
1315,14
1315,15
1316,0
1316,1
1316,2
1316,3
1316,4
1316,5
1316,6
1316,7
1316,11
1316,13
1316,14
1316,15
1317,0
1317,1
1317,2
1317,3
1317,4
1317,5
1317,6
1317,7
1317,9
1317,10
1317,12
1317,13
1317,14
1317,15
1318,0
1318,1
1318,2
1318,3
1318,4
1318,5
1318,6
1318,7
1318,8
1318,9
1318,10
1318,11
1318,12
1318,13
1318,14
1318,15
1319,0
1319,1
1319,2
1319,5
1319,6
1319,8
1319,9
1319,10
1319,11
1319,12
1319,13
1319,14
1319,15
1320,2
1320,3
1320,4
1320,5
1320,6
1320,7
1320,8
1320,9
1320,10
1320,11
1320,13
1320,14
1320,15
1321,0
1321,2
1321,4
1321,6
1321,7
1321,8
1321,9
1321,11
1321,12
1321,13
1321,14
1321,15
1322,0
1322,1
1322,2
1322,4
1322,5
1322,6
1322,7
1322,8
1322,10
1322,11
1322,12
1322,13
1322,14
1322,15
1323,0
1323,1
1323,3
1323,4
1323,5
1323,6
1323,7
1323,8
1323,9
1323,10
1323,11
1323,12
1323,13
1323,14
1323,15
1324,0
1324,1
1324,2
1324,3
1324,4
1324,6
1324,7
1324,8
1324,9
1324,10
1324,11
1324,12
1324,14
1324,15
1325,0
1325,1
1325,3
1325,4
1325,5
1325,7
1325,9
1325,10
1325,11
1325,12
1325,15
1326,0
1326,1
1326,2
1326,3
1326,4
1326,6
1326,7
1326,8
1326,10
1326,11
1326,12
1326,13
1326,15
1327,0
1327,1
1327,3
1327,4
1327,5
1327,6
1327,8
1327,9
1327,10
1327,12
1327,13
1327,14
1327,15
1328,0
1328,3
1328,4
1328,5
1328,6
1328,7
1328,8
1328,9
1328,11
1328,13
1328,14
1328,15
1329,0
1329,1
1329,2
1329,3
1329,4
1329,5
1329,6
1329,7
1329,8
1329,10
1329,11
1329,12
1329,13
1329,15
1330,1
1330,3
1330,4
1330,5
1330,6
1330,7
1330,8
1330,9
1330,10
1330,11
1330,12
1330,13
1330,14
1330,15
1331,0
1331,1
1331,2
1331,3
1331,4
1331,5
1331,6
1331,8
1331,10
1331,11
1331,12
1331,13
1331,14
1331,15
1332,0
1332,1
1332,2
1332,3
1332,4
1332,5
1332,6
1332,7
1332,8
1332,9
1332,10
1332,12
1332,13
1332,14
1332,15
1333,0
1333,1
1333,2
1333,4
1333,5
1333,6
1333,10
1333,11
1333,12
1333,13
1333,15
1334,0
1334,1
1334,2
1334,3
1334,4
1334,5
1334,7
1334,8
1334,9
1334,10
1334,12
1334,14
1334,15
1335,2
1335,3
1335,4
1335,5
1335,6
1335,7
1335,8
1335,9
1335,11
1335,13
1335,14
1335,15
1336,5
1336,6
1336,8
1336,9
1336,10
1336,11
1336,14
1336,15
1337,1
1337,2
1337,3
1337,4
1337,5
1337,7
1337,8
1337,9
1337,10
1337,11
1337,12
1337,13
1337,14
1338,1
1338,2
1338,3
1338,4
1338,5
1338,6
1338,10
1338,11
1338,12
1338,13
1338,14
1338,15
1339,0
1339,1
1339,3
1339,4
1339,7
1339,8
1339,9
1339,10
1339,11
1339,12
1339,13
1339,14
1339,15
1340,0
1340,1
1340,3
1340,4
1340,5
1340,6
1340,7
1340,8
1340,9
1340,10
1340,11
1340,12
1340,13
1340,14
1340,15
1341,0
1341,1
1341,2
1341,3
1341,4
1341,5
1341,6
1341,7
1341,8
1341,10
1341,11
1341,12
1342,0
1342,1
1342,2
1342,3
1342,5
1342,7
1342,8
1342,9
1342,11
1342,12
1342,13
1342,14
1342,15
1343,1
1343,2
1343,3
1343,4
1343,5
1343,6
1343,7
1343,8
1343,9
1343,10
1343,11
1343,12
1343,13
1343,14
1344,0
1344,1
1344,2
1344,4
1344,5
1344,6
1344,7
1344,9
1344,10
1344,12
1344,13
1344,15
1345,0
1345,1
1345,2
1345,3
1345,4
1345,5
1345,6
1345,7
1345,8
1345,9
1345,10
1345,11
1345,12
1345,13
1345,15
1346,0
1346,3
1346,4
1346,6
1346,7
1346,8
1346,9
1346,10
1346,11
1346,12
1346,14
1346,15
1347,1
1347,2
1347,3
1347,5
1347,7
1347,8
1347,9
1347,10
1347,13
1347,14
1347,15
1348,0
1348,1
1348,2
1348,4
1348,5
1348,6
1348,7
1348,8
1348,9
1348,10
1348,11
1348,12
1348,13
1348,14
1348,15
1349,0
1349,1
1349,2
1349,3
1349,4
1349,5
1349,6
1349,7
1349,10
1349,11
1349,12
1349,13
1349,14
1349,15
1350,2
1350,3
1350,4
1350,5
1350,6
1350,7
1350,8
1350,9
1350,10
1350,12
1350,13
1350,14
1350,15
1351,0
1351,1
1351,2
1351,3
1351,4
1351,5
1351,7
1351,8
1351,9
1351,10
1351,11
1351,12
1351,13
1351,14
1351,15
1352,0
1352,1
1352,2
1352,3
1352,4
1352,6
1352,7
1352,8
1352,9
1352,11
1352,12
1352,13
1352,14
1352,15
1353,0
1353,1
1353,2
1353,3
1353,4
1353,5
1353,6
1353,7
1353,8
1353,9
1353,10
1353,11
1353,12
1353,13
1353,14
1353,15
1354,1
1354,2
1354,3
1354,6
1354,7
1354,8
1354,9
1354,10
1354,11
1354,13
1354,14
1354,15
1355,1
1355,2
1355,3
1355,6
1355,7
1355,8
1355,10
1355,12
1355,13
1355,14
1355,15
1356,0
1356,4
1356,5
1356,6
1356,7
1356,8
1356,9
1356,10
1356,11
1356,12
1356,14
1357,0
1357,1
1357,2
1357,3
1357,4
1357,5
1357,6
1357,8
1357,9
1357,11
1357,12
1357,13
1357,14
1357,15
1358,2
1358,4
1358,5
1358,6
1358,7
1358,8
1358,10
1358,11
1358,12
1358,13
1358,14
1358,15
1359,0
1359,1
1359,2
1359,4
1359,5
1359,6
1359,7
1359,8
1359,9
1359,11
1359,12
1359,13
1359,15
1360,0
1360,1
1360,2
1360,3
1360,9
1360,10
1360,11
1360,12
1360,13
1360,14
1360,15
1361,0
1361,1
1361,2
1361,3
1361,4
1361,5
1361,7
1361,8
1361,9
1361,10
1361,11
1361,12
1361,13
1361,14
1361,15
1362,0
1362,1
1362,2
1362,3
1362,4
1362,5
1362,6
1362,7
1362,8
1362,11
1362,12
1362,13
1362,14
1362,15
1363,1
1363,2
1363,3
1363,4
1363,5
1363,7
1363,8
1363,9
1363,10
1363,11
1363,12
1363,13
1363,14
1363,15
1364,0
1364,1
1364,2
1364,3
1364,4
1364,5
1364,6
1364,7
1364,8
1364,9
1364,10
1364,12
1364,14
1364,15
1365,0
1365,1
1365,2
1365,4
1365,6
1365,7
1365,8
1365,9
1365,10
1365,11
1365,12
1365,13
1365,14
1365,15
1366,0
1366,2
1366,3
1366,4
1366,5
1366,7
1366,8
1366,9
1366,10
1366,11
1366,13
1366,14
1366,15
1367,0
1367,2
1367,3
1367,4
1367,5
1367,6
1367,7
1367,9
1367,10
1367,11
1367,13
1368,1
1368,2
1368,3
1368,5
1368,6
1368,7
1368,8
1368,9
1368,10
1368,11
1368,12
1368,13
1368,14
1368,15
1369,0
1369,1
1369,2
1369,3
1369,4
1369,5
1369,7
1369,9
1369,10
1369,11
1369,12
1369,13
1369,14
1369,15
1370,0
1370,2
1370,3
1370,4
1370,5
1370,6
1370,7
1370,9
1370,10
1370,11
1370,12
1370,13
1370,14
1370,15
1371,0
1371,2
1371,3
1371,4
1371,5
1371,6
1371,7
1371,8
1371,9
1371,10
1371,12
1371,14
1372,0
1372,1
1372,3
1372,4
1372,5
1372,6
1372,7
1372,8
1372,9
1372,10
1372,11
1372,14
1372,15
1373,0
1373,1
1373,2
1373,3
1373,4
1373,5
1373,7
1373,8
1373,9
1373,10
1373,11
1373,14
1373,15
1374,0
1374,1
1374,2
1374,3
1374,5
1374,6
1374,7
1374,9
1374,12
1374,13
1374,14
1374,15
1375,0
1375,2
1375,3
1375,4
1375,6
1375,9
1375,11
1375,12
1375,13
1375,14
1375,15
1376,0
1376,1
1376,3
1376,4
1376,5
1376,6
1376,7
1376,8
1376,9
1376,10
1376,11
1376,12
1376,13
1376,14
1376,15
1377,1
1377,2
1377,3
1377,4
1377,5
1377,6
1377,7
1377,9
1377,10
1377,11
1377,13
1378,0
1378,1
1378,3
1378,4
1378,5
1378,7
1378,9
1378,10
1378,11
1378,12
1378,13
1378,14
1378,15
1379,0
1379,1
1379,2
1379,3
1379,4
1379,6
1379,7
1379,9
1379,10
1379,11
1379,12
1379,13
1379,14
1379,15
1380,0
1380,1
1380,2
1380,6
1380,7
1380,8
1380,10
1380,12
1380,14
1380,15
1381,0
1381,2
1381,3
1381,4
1381,5
1381,6
1381,7
1381,8
1381,9
1381,10
1381,11
1381,12
1381,13
1381,14
1381,15
1382,0
1382,1
1382,2
1382,3
1382,5
1382,6
1382,7
1382,9
1382,10
1382,13
1382,15
1383,0
1383,1
1383,2
1383,3
1383,5
1383,6
1383,7
1383,8
1383,11
1383,12
1383,13
1383,14
1383,15
1384,0
1384,1
1384,2
1384,3
1384,6
1384,7
1384,8
1384,9
1384,10
1384,11
1384,12
1384,14
1385,0
1385,1
1385,2
1385,3
1385,4
1385,6
1385,7
1385,8
1385,9
1385,10
1385,12
1385,13
1385,14
1385,15
1386,0
1386,3
1386,4
1386,5
1386,6
1386,7
1386,8
1386,9
1386,10
1386,11
1386,12
1386,14
1386,15
1387,0
1387,1
1387,2
1387,3
1387,4
1387,5
1387,7
1387,8
1387,9
1387,10
1387,11
1387,12
1387,14
1387,15
1388,0
1388,1
1388,2
1388,3
1388,7
1388,8
1388,9
1388,10
1388,11
1388,12
1388,13
1388,15
1389,0
1389,1
1389,2
1389,4
1389,5
1389,6
1389,7
1389,8
1389,10
1389,11
1389,12
1389,13
1389,14
1389,15
1390,0
1390,1
1390,2
1390,3
1390,4
1390,5
1390,6
1390,8
1390,9
1390,11
1390,12
1390,13
1390,14
1390,15
1391,0
1391,1
1391,2
1391,3
1391,4
1391,5
1391,6
1391,7
1391,8
1391,9
1391,10
1391,11
1391,12
1391,13
1391,14
1391,15
1392,1
1392,2
1392,4
1392,5
1392,6
1392,7
1392,8
1392,10
1392,11
1392,12
1392,13
1392,14
1392,15
1393,1
1393,2
1393,3
1393,4
1393,5
1393,6
1393,7
1393,8
1393,9
1393,10
1393,11
1393,12
1393,13
1393,14
1393,15
1394,0
1394,1
1394,2
1394,3
1394,5
1394,6
1394,8
1394,12
1394,13
1394,14
1395,2
1395,3
1395,4
1395,6
1395,7
1395,8
1395,9
1395,10
1395,11
1395,12
1395,13
1395,15
1396,0
1396,3
1396,4
1396,6
1396,7
1396,8
1396,10
1396,11
1396,12
1396,13
1396,14
1397,0
1397,1
1397,2
1397,3
1397,4
1397,5
1397,7
1397,8
1397,9
1397,10
1397,11
1397,13
1397,14
1397,15
1398,1
1398,3
1398,4
1398,5
1398,6
1398,7
1398,8
1398,9
1398,10
1398,11
1398,12
1398,14
1398,15
1399,0
1399,1
1399,2
1399,4
1399,5
1399,6
1399,7
1399,8
1399,9
1399,11
1399,12
1399,13
1399,14
1399,15
1400,0
1400,3
1400,5
1400,6
1400,9
1400,10
1400,11
1400,12
1400,13
1401,0
1401,1
1401,2
1401,5
1401,6
1401,8
1401,9
1401,11
1401,12
1401,13
1401,14
1402,1
1402,2
1402,4
1402,5
1402,6
1402,7
1402,8
1402,9
1402,10
1402,11
1402,12
1403,0
1403,2
1403,4
1403,6
1403,7
1403,8
1403,9
1403,10
1403,12
1403,13
1403,14
1403,15
1404,0
1404,1
1404,2
1404,4
1404,6
1404,7
1404,8
1404,9
1404,11
1404,12
1404,13
1404,14
1404,15
1405,0
1405,2
1405,4
1405,5
1405,6
1405,8
1405,9
1405,10
1405,11
1405,12
1405,13
1405,14
1406,0
1406,2
1406,3
1406,4
1406,5
1406,6
1406,7
1406,8
1406,9
1406,10
1406,11
1406,12
1406,13
1406,14
1406,15
1407,2
1407,3
1407,5
1407,6
1407,7
1407,8
1407,10
1407,11
1407,12
1407,13
1407,14
1407,15
1408,0
1408,1
1408,2
1408,3
1408,4
1408,5
1408,6
1408,7
1408,9
1408,10
1408,11
1408,12
1408,14
1408,15
1409,0
1409,1
1409,2
1409,3
1409,5
1409,6
1409,7
1409,8
1409,9
1409,11
1409,12
1409,13
1409,15
1410,1
1410,2
1410,3
1410,5
1410,6
1410,7
1410,8
1410,9
1410,11
1410,13
1410,14
1410,15
1411,0
1411,2
1411,3
1411,4
1411,5
1411,6
1411,7
1411,9
1411,10
1411,11
1411,12
1411,13
1411,14
1411,15
1412,0
1412,1
1412,3
1412,4
1412,6
1412,7
1412,8
1412,9
1412,10
1412,11
1412,12
1412,13
1412,14
1412,15
1413,0
1413,1
1413,4
1413,5
1413,7
1413,8
1413,9
1413,10
1413,11
1413,12
1413,13
1413,14
1414,0
1414,1
1414,2
1414,4
1414,5
1414,7
1414,9
1414,10
1414,12
1414,13
1414,14
1414,15
1415,0
1415,1
1415,2
1415,3
1415,4
1415,5
1415,6
1415,8
1415,12
1415,14
1416,0
1416,1
1416,2
1416,4
1416,5
1416,6
1416,7
1416,8
1416,9
1416,10
1416,11
1416,12
1416,13
1416,14
1416,15
1417,0
1417,1
1417,2
1417,3
1417,4
1417,5
1417,6
1417,7
1417,9
1417,10
1417,11
1417,12
1417,13
1417,15
1418,0
1418,1
1418,2
1418,3
1418,4
1418,5
1418,6
1418,7
1418,9
1418,10
1418,11
1418,12
1418,14
1418,15
1419,0
1419,1
1419,2
1419,3
1419,4
1419,5
1419,6
1419,7
1419,8
1419,9
1419,10
1419,12
1419,14
1419,15
1420,0
1420,1
1420,2
1420,3
1420,4
1420,7
1420,8
1420,9
1420,10
1420,12
1420,13
1420,14
1420,15
1421,0
1421,1
1421,2
1421,4
1421,5
1421,6
1421,8
1421,9
1421,11
1421,12
1421,14
1421,15
1422,0
1422,1
1422,2
1422,3
1422,5
1422,7
1422,10
1422,11
1422,12
1422,13
1422,14
1422,15
1423,0
1423,1
1423,2
1423,3
1423,4
1423,5
1423,6
1423,7
1423,8
1423,9
1423,11
1423,12
1423,13
1423,14
1423,15
1424,0
1424,1
1424,2
1424,3
1424,4
1424,6
1424,7
1424,8
1424,9
1424,10
1424,11
1424,14
1424,15
1425,1
1425,2
1425,3
1425,4
1425,5
1425,8
1425,9
1425,10
1425,11
1425,12
1425,13
1426,0
1426,1
1426,2
1426,4
1426,5
1426,6
1426,7
1426,8
1426,9
1426,10
1426,13
1426,14
1426,15
1427,0
1427,1
1427,2
1427,3
1427,4
1427,5
1427,6
1427,7
1427,9
1427,10
1427,11
1427,12
1427,13
1427,14
1427,15
1428,0
1428,1
1428,2
1428,3
1428,4
1428,5
1428,6
1428,7
1428,8
1428,9
1428,10
1428,11
1428,12
1428,13
1428,15
1429,0
1429,1
1429,4
1429,5
1429,6
1429,7
1429,8
1429,9
1429,10
1429,11
1429,14
1429,15
1430,0
1430,1
1430,2
1430,3
1430,6
1430,7
1430,8
1430,10
1430,13
1430,14
1430,15
1431,0
1431,1
1431,2
1431,3
1431,5
1431,6
1431,7
1431,8
1431,9
1431,10
1431,12
1431,13
1431,14
1431,15
1432,0
1432,1
1432,2
1432,3
1432,4
1432,6
1432,7
1432,8
1432,9
1432,11
1432,13
1432,15
1433,0
1433,1
1433,2
1433,3
1433,4
1433,5
1433,6
1433,7
1433,8
1433,9
1433,11
1433,12
1433,14
1433,15
1434,0
1434,2
1434,3
1434,4
1434,6
1434,8
1434,10
1434,11
1434,12
1434,13
1434,14
1434,15
1435,0
1435,1
1435,2
1435,3
1435,7
1435,8
1435,9
1435,10
1435,11
1435,12
1435,13
1435,14
1435,15
1436,1
1436,2
1436,3
1436,4
1436,5
1436,6
1436,7
1436,9
1436,10
1436,11
1436,13
1437,0
1437,1
1437,2
1437,3
1437,4
1437,5
1437,6
1437,7
1437,8
1437,10
1437,11
1437,12
1437,13
1437,15
1438,0
1438,1
1438,2
1438,3
1438,5
1438,6
1438,7
1438,8
1438,9
1438,11
1438,12
1438,13
1438,15
1439,1
1439,2
1439,3
1439,4
1439,5
1439,7
1439,8
1439,12
1439,13
1440,0
1440,1
1440,3
1440,4
1440,6
1440,9
1440,10
1440,11
1440,12
1440,13
1440,14
1440,15
1441,0
1441,2
1441,4
1441,5
1441,7
1441,10
1441,11
1441,12
1441,13
1441,14
1442,0
1442,1
1442,2
1442,3
1442,6
1442,7
1442,8
1442,10
1442,11
1442,12
1442,13
1442,14
1442,15
1443,0
1443,1
1443,2
1443,3
1443,4
1443,5
1443,6
1443,7
1443,9
1443,10
1443,11
1443,12
1443,14
1443,15
1444,0
1444,1
1444,3
1444,4
1444,5
1444,7
1444,8
1444,9
1444,10
1444,11
1444,12
1444,13
1444,14
1444,15
1445,0
1445,1
1445,2
1445,3
1445,5
1445,6
1445,7
1445,8
1445,10
1445,11
1445,12
1445,13
1445,14
1446,0
1446,1
1446,4
1446,5
1446,6
1446,7
1446,9
1446,10
1446,11
1446,12
1446,13
1446,14
1446,15
1447,0
1447,1
1447,2
1447,3
1447,4
1447,6
1447,7
1447,8
1447,9
1447,10
1447,12
1447,14
1448,0
1448,1
1448,2
1448,3
1448,4
1448,5
1448,6
1448,9
1448,10
1448,11
1448,12
1448,13
1448,14
1448,15
1449,0
1449,2
1449,4
1449,5
1449,6
1449,7
1449,9
1449,10
1449,11
1449,12
1449,13
1449,14
1449,15
1450,1
1450,2
1450,4
1450,6
1450,11
1450,12
1450,13
1450,14
1451,0
1451,1
1451,2
1451,4
1451,5
1451,6
1451,7
1451,9
1451,10
1451,11
1451,12
1451,14
1451,15
1452,0
1452,1
1452,2
1452,3
1452,4
1452,5
1452,6
1452,7
1452,9
1452,11
1452,13
1452,14
1452,15
1453,0
1453,1
1453,2
1453,3
1453,4
1453,5
1453,6
1453,7
1453,9
1453,10
1453,11
1453,12
1453,13
1453,14
1454,1
1454,2
1454,3
1454,4
1454,5
1454,8
1454,9
1454,10
1454,11
1454,12
1454,13
1454,15
1455,0
1455,1
1455,2
1455,3
1455,4
1455,5
1455,6
1455,7
1455,8
1455,9
1455,10
1455,11
1455,13
1455,14
1455,15
1456,0
1456,1
1456,2
1456,4
1456,5
1456,6
1456,8
1456,9
1456,10
1456,12
1456,13
1456,14
1457,0
1457,3
1457,4
1457,5
1457,6
1457,7
1457,8
1457,9
1457,10
1457,11
1457,12
1457,13
1457,14
1457,15
1458,0
1458,1
1458,2
1458,3
1458,4
1458,5
1458,7
1458,8
1458,9
1458,11
1458,14
1458,15
1459,0
1459,1
1459,2
1459,3
1459,5
1459,6
1459,7
1459,8
1459,10
1459,12
1459,13
1459,14
1459,15
1460,0
1460,1
1460,2
1460,3
1460,4
1460,5
1460,6
1460,7
1460,8
1460,9
1460,10
1460,11
1460,12
1460,13
1460,14
1461,0
1461,1
1461,2
1461,3
1461,4
1461,5
1461,7
1461,8
1461,9
1461,12
1461,13
1461,14
1461,15
1462,0
1462,3
1462,4
1462,5
1462,7
1462,8
1462,9
1462,10
1462,11
1462,12
1462,13
1462,14
1462,15
1463,1
1463,3
1463,4
1463,5
1463,6
1463,7
1463,9
1463,12
1463,14
1464,0
1464,1
1464,3
1464,4
1464,6
1464,7
1464,8
1464,9
1464,11
1464,12
1464,13
1464,14
1464,15
1465,0
1465,1
1465,2
1465,3
1465,4
1465,5
1465,6
1465,7
1465,8
1465,9
1465,10
1465,11
1465,12
1465,13
1465,14
1465,15
1466,0
1466,2
1466,4
1466,6
1466,7
1466,8
1466,9
1466,10
1466,11
1466,13
1466,14
1466,15
1467,0
1467,1
1467,2
1467,3
1467,4
1467,6
1467,7
1467,8
1467,9
1467,10
1467,11
1467,12
1467,13
1467,14
1468,1
1468,3
1468,4
1468,5
1468,6
1468,7
1468,8
1468,9
1468,10
1468,11
1468,12
1468,14
1468,15
1469,0
1469,1
1469,2
1469,3
1469,4
1469,6
1469,7
1469,9
1469,10
1469,11
1469,12
1469,13
1469,14
1469,15
1470,0
1470,1
1470,2
1470,3
1470,4
1470,6
1470,7
1470,8
1470,9
1470,10
1470,11
1470,12
1470,13
1470,14
1470,15
1471,0
1471,1
1471,4
1471,5
1471,6
1471,8
1471,9
1471,10
1471,11
1471,12
1471,13
1471,14
1471,15
1472,0
1472,1
1472,2
1472,3
1472,4
1472,5
1472,6
1472,7
1472,8
1472,9
1472,10
1472,11
1472,14
1473,0
1473,1
1473,4
1473,5
1473,6
1473,9
1473,10
1473,11
1473,13
1473,14
1473,15
1474,0
1474,1
1474,2
1474,3
1474,5
1474,7
1474,8
1474,9
1474,10
1474,11
1474,12
1474,15
1475,0
1475,1
1475,2
1475,3
1475,4
1475,5
1475,6
1475,7
1475,8
1475,9
1475,10
1475,11
1475,12
1475,13
1475,14
1475,15
1476,1
1476,2
1476,3
1476,4
1476,6
1476,7
1476,8
1476,9
1476,10
1476,11
1476,12
1476,14
1476,15
1477,0
1477,1
1477,2
1477,3
1477,4
1477,5
1477,6
1477,7
1477,8
1477,9
1477,10
1477,11
1477,12
1477,13
1477,15
1478,0
1478,1
1478,2
1478,3
1478,4
1478,5
1478,7
1478,8
1478,9
1478,10
1478,11
1478,12
1478,13
1478,14
1478,15
1479,0
1479,1
1479,3
1479,4
1479,5
1479,6
1479,7
1479,8
1479,9
1479,10
1479,11
1479,12
1479,13
1479,15
1480,0
1480,1
1480,2
1480,3
1480,4
1480,5
1480,6
1480,7
1480,8
1480,9
1480,10
1480,11
1480,13
1481,0
1481,1
1481,2
1481,3
1481,4
1481,5
1481,6
1481,7
1481,8
1481,9
1481,10
1481,11
1481,12
1481,14
1481,15
1482,0
1482,2
1482,3
1482,5
1482,6
1482,8
1482,10
1482,11
1482,13
1482,15
1483,0
1483,1
1483,2
1483,3
1483,4
1483,5
1483,6
1483,7
1483,8
1483,9
1483,10
1483,11
1483,12
1483,13
1483,14
1483,15
1484,0
1484,1
1484,2
1484,5
1484,8
1484,9
1484,10
1484,11
1484,12
1484,15
1485,1
1485,2
1485,3
1485,6
1485,8
1485,9
1485,10
1485,12
1485,13
1485,14
1486,0
1486,2
1486,3
1486,4
1486,5
1486,6
1486,7
1486,8
1486,9
1486,10
1486,11
1486,14
1487,1
1487,2
1487,3
1487,4
1487,6
1487,7
1487,8
1487,9
1487,10
1487,11
1487,12
1487,13
1487,14
1488,0
1488,1
1488,3
1488,4
1488,6
1488,7
1488,9
1488,10
1488,11
1488,12
1488,13
1488,14
1488,15
1489,0
1489,1
1489,3
1489,4
1489,5
1489,6
1489,7
1489,8
1489,9
1489,10
1489,12
1489,13
1489,14
1489,15
1490,0
1490,1
1490,2
1490,3
1490,4
1490,5
1490,7
1490,8
1490,9
1490,10
1490,11
1490,12
1491,0
1491,1
1491,3
1491,6
1491,7
1491,8
1491,9
1491,10
1491,11
1491,13
1491,14
1491,15
1492,1
1492,2
1492,5
1492,6
1492,7
1492,8
1492,9
1492,11
1492,12
1492,13
1492,14
1493,0
1493,2
1493,3
1493,4
1493,5
1493,9
1493,10
1493,11
1493,12
1493,14
1493,15
1494,1
1494,2
1494,3
1494,4
1494,6
1494,8
1494,10
1494,11
1494,12
1494,13
1494,14
1494,15
1495,0
1495,1
1495,2
1495,3
1495,4
1495,5
1495,6
1495,8
1495,9
1495,10
1495,11
1495,12
1495,13
1495,14
1495,15
1496,0
1496,1
1496,2
1496,3
1496,4
1496,5
1496,6
1496,8
1496,9
1496,10
1496,11
1496,12
1496,13
1496,14
1497,0
1497,1
1497,2
1497,3
1497,4
1497,5
1497,6
1497,7
1497,8
1497,9
1497,10
1497,11
1497,13
1497,14
1497,15
1498,0
1498,2
1498,3
1498,4
1498,5
1498,7
1498,8
1498,9
1498,10
1498,11
1498,12
1498,13
1498,14
1499,0
1499,1
1499,2
1499,3
1499,4
1499,5
1499,6
1499,7
1499,8
1499,10
1499,11
1499,12
1499,13
1499,14
1499,15
1500,0
1500,1
1500,2
1500,6
1500,7
1500,8
1500,9
1500,10
1500,11
1500,12
1500,13
1500,14
1500,15
1501,0
1501,1
1501,2
1501,3
1501,4
1501,5
1501,6
1501,7
1501,9
1501,10
1501,11
1501,12
1501,13
1501,14
1501,15
1502,0
1502,1
1502,2
1502,3
1502,4
1502,5
1502,8
1502,9
1502,10
1502,11
1502,13
1502,14
1502,15
1503,0
1503,1
1503,2
1503,3
1503,4
1503,5
1503,6
1503,7
1503,8
1503,10
1503,11
1503,12
1503,13
1503,14
1503,15
1504,0
1504,1
1504,2
1504,3
1504,4
1504,6
1504,7
1504,9
1504,10
1504,11
1504,12
1504,13
1504,15
1505,0
1505,3
1505,4
1505,6
1505,7
1505,8
1505,9
1505,10
1505,11
1505,13
1505,14
1506,0
1506,1
1506,2
1506,3
1506,4
1506,5
1506,6
1506,7
1506,10
1506,11
1506,14
1507,0
1507,1
1507,2
1507,5
1507,6
1507,7
1507,8
1507,9
1507,10
1507,11
1507,12
1507,13
1507,15
1508,0
1508,1
1508,2
1508,3
1508,5
1508,6
1508,7
1508,8
1508,10
1508,11
1508,12
1508,13
1508,14
1508,15
1509,0
1509,1
1509,3
1509,4
1509,6
1509,7
1509,8
1509,9
1509,10
1509,12
1509,13
1510,1
1510,4
1510,6
1510,7
1510,8
1510,10
1510,11
1510,12
1510,14
1510,15
1511,1
1511,3
1511,4
1511,5
1511,6
1511,7
1511,8
1511,10
1511,11
1511,12
1511,13
1512,0
1512,1
1512,3
1512,4
1512,5
1512,8
1512,9
1512,11
1512,12
1512,13
1512,14
1512,15
1513,0
1513,1
1513,3
1513,4
1513,5
1513,6
1513,8
1513,9
1513,10
1513,11
1513,13
1513,14
1513,15
1514,0
1514,1
1514,2
1514,3
1514,4
1514,5
1514,6
1514,7
1514,8
1514,9
1514,10
1514,11
1514,14
1514,15
1515,3
1515,4
1515,6
1515,7
1515,8
1515,9
1515,10
1515,12
1515,13
1515,15
1516,0
1516,1
1516,2
1516,4
1516,5
1516,6
1516,7
1516,8
1516,9
1516,11
1516,12
1516,14
1516,15
1517,0
1517,2
1517,3
1517,4
1517,5
1517,7
1517,8
1517,9
1517,10
1517,12
1517,13
1517,14
1517,15
1518,1
1518,2
1518,3
1518,4
1518,5
1518,6
1518,7
1518,8
1518,9
1518,10
1518,11
1518,12
1518,14
1518,15
1519,2
1519,5
1519,6
1519,7
1519,8
1519,9
1519,10
1519,11
1519,12
1519,13
1519,14
1519,15
1520,0
1520,1
1520,2
1520,3
1520,5
1520,6
1520,7
1520,8
1520,9
1520,10
1520,11
1520,13
1520,14
1520,15
1521,1
1521,2
1521,3
1521,4
1521,5
1521,6
1521,8
1521,9
1521,10
1521,11
1521,12
1521,13
1521,14
1521,15
1522,0
1522,1
1522,2
1522,3
1522,5
1522,6
1522,7
1522,8
1522,9
1522,10
1522,11
1522,12
1522,13
1522,14
1523,1
1523,2
1523,3
1523,4
1523,6
1523,7
1523,9
1523,10
1523,11
1523,12
1523,13
1523,14
1523,15
1524,0
1524,2
1524,3
1524,4
1524,5
1524,6
1524,8
1524,10
1524,12
1524,13
1524,14
1524,15
1525,0
1525,1
1525,3
1525,4
1525,8
1525,10
1525,11
1525,12
1525,14
1525,15
1526,0
1526,1
1526,2
1526,3
1526,4
1526,5
1526,6
1526,9
1526,10
1526,12
1526,13
1526,14
1526,15
1527,0
1527,3
1527,5
1527,7
1527,8
1527,9
1527,10
1527,11
1527,12
1527,13
1527,14
1527,15
1528,1
1528,2
1528,3
1528,4
1528,5
1528,7
1528,8
1528,9
1528,10
1528,12
1528,13
1528,14
1528,15
1529,0
1529,2
1529,3
1529,4
1529,5
1529,6
1529,9
1529,10
1529,11
1529,13
1529,14
1529,15
1530,2
1530,3
1530,4
1530,5
1530,6
1530,7
1530,8
1530,9
1530,10
1530,11
1530,12
1530,13
1530,14
1531,0
1531,1
1531,2
1531,3
1531,4
1531,10
1531,11
1531,12
1531,13
1531,14
1531,15
1532,0
1532,1
1532,2
1532,3
1532,4
1532,5
1532,6
1532,7
1532,8
1532,9
1532,10
1532,11
1532,12
1532,13
1533,0
1533,2
1533,4
1533,5
1533,6
1533,7
1533,8
1533,9
1533,10
1533,11
1533,12
1533,13
1534,0
1534,1
1534,2
1534,3
1534,4
1534,5
1534,6
1534,8
1534,9
1534,10
1534,12
1534,13
1534,14
1534,15
1535,0
1535,1
1535,2
1535,3
1535,4
1535,5
1535,7
1535,8
1535,9
1535,10
1535,11
1535,13
1535,14
1535,15
1536,0
1536,1
1536,2
1536,3
1536,4
1536,5
1536,6
1536,7
1536,8
1536,9
1536,10
1536,11
1536,12
1536,14
1537,0
1537,1
1537,3
1537,5
1537,6
1537,8
1537,9
1537,11
1537,12
1537,13
1537,14
1537,15
1538,0
1538,1
1538,2
1538,3
1538,5
1538,6
1538,8
1538,9
1538,10
1538,11
1538,12
1538,13
1538,14
1538,15
1539,0
1539,1
1539,2
1539,3
1539,4
1539,5
1539,7
1539,8
1539,9
1539,10
1539,11
1539,13
1539,14
1540,2
1540,4
1540,5
1540,7
1540,8
1540,9
1540,10
1540,11
1540,12
1540,13
1540,14
1540,15
1541,0
1541,1
1541,2
1541,3
1541,4
1541,5
1541,6
1541,9
1541,11
1541,12
1541,13
1541,14
1541,15
1542,0
1542,1
1542,2
1542,3
1542,4
1542,6
1542,8
1542,9
1542,10
1542,11
1542,13
1542,14
1542,15
1543,0
1543,1
1543,3
1543,4
1543,5
1543,6
1543,7
1543,8
1543,9
1543,11
1543,12
1543,13
1543,14
1543,15
1544,2
1544,4
1544,5
1544,6
1544,7
1544,8
1544,9
1544,10
1544,12
1544,14
1544,15
1545,0
1545,1
1545,2
1545,4
1545,5
1545,6
1545,7
1545,8
1545,9
1545,10
1545,11
1545,12
1545,13
1545,14
1545,15
1546,0
1546,1
1546,2
1546,3
1546,4
1546,5
1546,6
1546,8
1546,9
1546,10
1546,11
1546,12
1546,13
1546,14
1547,0
1547,1
1547,2
1547,3
1547,4
1547,5
1547,6
1547,7
1547,8
1547,10
1547,13
1547,15
1548,0
1548,1
1548,2
1548,4
1548,5
1548,6
1548,8
1548,9
1548,10
1548,11
1548,12
1548,13
1548,14
1548,15
1549,1
1549,2
1549,3
1549,4
1549,5
1549,6
1549,7
1549,8
1549,9
1549,10
1549,11
1549,12
1549,13
1549,14
1549,15
1550,0
1550,1
1550,3
1550,4
1550,7
1550,8
1550,9
1550,10
1550,11
1550,12
1550,14
1550,15
1551,0
1551,2
1551,3
1551,4
1551,5
1551,7
1551,8
1551,10
1551,12
1551,13
1551,14
1552,0
1552,1
1552,2
1552,3
1552,4
1552,5
1552,6
1552,7
1552,9
1552,11
1552,12
1552,13
1552,14
1553,0
1553,1
1553,3
1553,4
1553,5
1553,7
1553,8
1553,9
1553,10
1553,12
1553,13
1554,0
1554,1
1554,4
1554,5
1554,6
1554,7
1554,9
1554,12
1554,13
1554,14
1555,0
1555,2
1555,3
1555,4
1555,5
1555,7
1555,8
1555,9
1555,10
1555,11
1555,13
1555,14
1556,0
1556,1
1556,3
1556,4
1556,5
1556,6
1556,7
1556,8
1556,9
1556,10
1556,15
1557,0
1557,1
1557,2
1557,3
1557,4
1557,5
1557,7
1557,8
1557,9
1557,10
1557,12
1557,14
1558,0
1558,1
1558,2
1558,3
1558,4
1558,5
1558,6
1558,8
1558,9
1558,10
1558,12
1558,15
1559,1
1559,2
1559,3
1559,4
1559,5
1559,6
1559,8
1559,9
1559,10
1559,11
1559,12
1559,13
1559,14
1559,15
1560,2
1560,3
1560,4
1560,6
1560,7
1560,8
1560,9
1560,10
1560,11
1560,12
1560,14
1561,0
1561,1
1561,2
1561,3
1561,5
1561,7
1561,8
1561,9
1561,10
1561,11
1561,12
1561,13
1561,14
1562,0
1562,2
1562,3
1562,4
1562,5
1562,6
1562,7
1562,8
1562,9
1562,10
1562,11
1562,12
1562,13
1562,14
1562,15
1563,1
1563,2
1563,3
1563,4
1563,5
1563,6
1563,7
1563,8
1563,9
1563,10
1563,11
1563,12
1563,13
1563,14
1563,15
1564,0
1564,1
1564,2
1564,3
1564,4
1564,5
1564,6
1564,7
1564,8
1564,9
1564,10
1564,11
1564,12
1564,13
1564,14
1565,1
1565,2
1565,3
1565,4
1565,6
1565,7
1565,8
1565,9
1565,11
1565,12
1565,13
1565,15
1566,0
1566,1
1566,2
1566,4
1566,6
1566,7
1566,8
1566,9
1566,10
1566,11
1566,13
1566,14
1566,15
1567,1
1567,3
1567,4
1567,5
1567,7
1567,8
1567,9
1567,10
1567,11
1567,13
1567,14
1567,15
1568,0
1568,1
1568,2
1568,4
1568,5
1568,6
1568,7
1568,8
1568,9
1568,10
1568,11
1568,12
1568,13
1568,14
1569,1
1569,2
1569,3
1569,4
1569,5
1569,6
1569,7
1569,9
1569,11
1569,13
1569,14
1570,0
1570,1
1570,3
1570,4
1570,5
1570,7
1570,8
1570,9
1570,10
1570,11
1570,12
1570,13
1570,14
1571,0
1571,1
1571,2
1571,3
1571,4
1571,5
1571,6
1571,7
1571,8
1571,9
1571,10
1571,11
1571,12
1571,14
1571,15
1572,0
1572,1
1572,2
1572,3
1572,4
1572,5
1572,6
1572,8
1572,9
1572,10
1572,11
1572,12
1572,14
1572,15
1573,0
1573,2
1573,3
1573,5
1573,7
1573,8
1573,10
1573,11
1573,12
1573,14
1573,15
1574,0
1574,2
1574,3
1574,4
1574,5
1574,6
1574,8
1574,9
1574,10
1574,12
1574,13
1574,14
1574,15
1575,0
1575,2
1575,3
1575,4
1575,5
1575,6
1575,7
1575,8
1575,9
1575,10
1575,11
1575,12
1575,13
1575,14
1575,15
1576,0
1576,1
1576,2
1576,3
1576,4
1576,6
1576,7
1576,8
1576,10
1576,11
1576,12
1576,13
1576,14
1576,15
1577,0
1577,1
1577,3
1577,4
1577,5
1577,6
1577,7
1577,8
1577,9
1577,10
1577,11
1577,12
1577,13
1577,14
1578,0
1578,1
1578,2
1578,4
1578,5
1578,6
1578,7
1578,9
1578,11
1578,13
1578,14
1579,0
1579,1
1579,3
1579,4
1579,5
1579,6
1579,8
1579,10
1579,11
1579,12
1579,13
1579,14
1579,15
1580,0
1580,1
1580,2
1580,3
1580,4
1580,5
1580,6
1580,8
1580,9
1580,10
1580,12
1580,13
1580,14
1580,15
1581,1
1581,2
1581,3
1581,4
1581,7
1581,8
1581,9
1581,10
1581,11
1581,12
1581,13
1581,15
1582,1
1582,2
1582,4
1582,5
1582,6
1582,7
1582,8
1582,9
1582,10
1582,11
1582,12
1582,14
1582,15
1583,1
1583,2
1583,3
1583,4
1583,5
1583,6
1583,7
1583,8
1583,9
1583,10
1583,11
1583,12
1583,13
1583,14
1583,15
1584,0
1584,1
1584,2
1584,3
1584,4
1584,5
1584,6
1584,7
1584,8
1584,9
1584,11
1584,12
1584,13
1584,15
1585,1
1585,2
1585,3
1585,4
1585,5
1585,6
1585,7
1585,8
1585,9
1585,10
1585,12
1585,13
1585,15
1586,0
1586,1
1586,2
1586,3
1586,7
1586,8
1586,10
1586,11
1586,12
1586,13
1586,14
1586,15
1587,1
1587,2
1587,4
1587,5
1587,6
1587,7
1587,8
1587,9
1587,10
1587,11
1587,12
1587,13
1587,14
1587,15
1588,0
1588,1
1588,2
1588,3
1588,4
1588,5
1588,6
1588,7
1588,10
1588,11
1588,12
1588,13
1588,14
1588,15
1589,1
1589,2
1589,3
1589,4
1589,5
1589,6
1589,7
1589,8
1589,9
1589,10
1589,11
1589,12
1589,13
1589,15
1590,0
1590,2
1590,3
1590,4
1590,5
1590,6
1590,10
1590,11
1590,12
1590,13
1590,14
1590,15
1591,0
1591,1
1591,2
1591,4
1591,5
1591,6
1591,8
1591,9
1591,10
1591,11
1591,12
1591,14
1591,15
1592,0
1592,1
1592,2
1592,3
1592,4
1592,5
1592,6
1592,7
1592,8
1592,9
1592,12
1592,13
1592,14
1593,0
1593,1
1593,2
1593,3
1593,5
1593,6
1593,7
1593,8
1593,10
1593,11
1593,12
1593,15
1594,0
1594,1
1594,2
1594,3
1594,4
1594,5
1594,6
1594,7
1594,8
1594,9
1594,10
1594,12
1594,13
1594,14
1594,15
1595,0
1595,2
1595,3
1595,4
1595,5
1595,6
1595,11
1595,12
1595,13
1595,14
1595,15
1596,0
1596,1
1596,2
1596,3
1596,4
1596,5
1596,6
1596,7
1596,8
1596,10
1596,11
1596,12
1596,13
1596,15
1597,0
1597,1
1597,2
1597,3
1597,4
1597,6
1597,7
1597,8
1597,9
1597,11
1597,12
1597,13
1597,14
1597,15
1598,1
1598,2
1598,4
1598,5
1598,6
1598,7
1598,8
1598,9
1598,10
1598,12
1598,13
1598,14
1598,15
1599,0
1599,3
1599,4
1599,5
1599,6
1599,7
1599,9
1599,10
1599,12
1599,13
1599,14
1599,15
1600,1
1600,3
1600,4
1600,5
1600,6
1600,7
1600,8
1600,9
1600,10
1600,12
1600,13
1600,14
1600,15
1601,0
1601,1
1601,2
1601,3
1601,4
1601,5
1601,6
1601,7
1601,8
1601,9
1601,10
1601,11
1601,12
1601,13
1601,15
1602,0
1602,1
1602,2
1602,3
1602,4
1602,5
1602,8
1602,9
1602,10
1602,12
1602,13
1602,14
1602,15
1603,0
1603,1
1603,2
1603,4
1603,6
1603,7
1603,8
1603,9
1603,10
1603,11
1604,0
1604,1
1604,3
1604,4
1604,5
1604,6
1604,7
1604,8
1604,9
1604,15
1605,0
1605,1
1605,4
1605,5
1605,6
1605,7
1605,8
1605,9
1605,10
1605,11
1605,12
1605,13
1605,14
1605,15
1606,2
1606,3
1606,4
1606,5
1606,6
1606,7
1606,8
1606,9
1606,11
1606,12
1606,13
1606,15
1607,0
1607,2
1607,4
1607,5
1607,6
1607,9
1607,10
1607,11
1607,12
1607,13
1607,14
1607,15
1608,1
1608,4
1608,5
1608,6
1608,9
1608,10
1608,11
1608,12
1608,14
1608,15
1609,0
1609,2
1609,3
1609,5
1609,6
1609,8
1609,9
1609,10
1609,11
1609,12
1609,13
1609,14
1609,15
1610,0
1610,1
1610,2
1610,3
1610,5
1610,6
1610,7
1610,9
1610,10
1610,12
1610,13
1610,14
1610,15
1611,0
1611,1
1611,4
1611,5
1611,6
1611,7
1611,8
1611,9
1611,10
1611,11
1611,13
1611,14
1611,15
1612,0
1612,1
1612,2
1612,5
1612,6
1612,7
1612,8
1612,9
1612,10
1612,11
1612,13
1612,14
1613,0
1613,2
1613,3
1613,5
1613,6
1613,7
1613,8
1613,9
1613,10
1613,11
1613,12
1613,15
1614,0
1614,1
1614,2
1614,4
1614,5
1614,6
1614,7
1614,8
1614,10
1614,11
1614,12
1614,13
1614,14
1614,15
1615,0
1615,2
1615,4
1615,6
1615,7
1615,8
1615,9
1615,10
1615,11
1615,12
1615,13
1615,14
1615,15
1616,1
1616,2
1616,3
1616,4
1616,5
1616,6
1616,7
1616,8
1616,9
1616,10
1616,11
1616,12
1616,13
1616,15
1617,0
1617,1
1617,3
1617,4
1617,5
1617,6
1617,7
1617,8
1617,9
1617,11
1617,12
1617,13
1617,14
1618,0
1618,1
1618,3
1618,4
1618,5
1618,6
1618,7
1618,8
1618,9
1618,10
1618,11
1618,12
1618,14
1618,15
1619,0
1619,1
1619,2
1619,3
1619,4
1619,5
1619,6
1619,7
1619,9
1619,10
1619,11
1619,12
1619,13
1619,14
1620,0
1620,2
1620,3
1620,4
1620,5
1620,6
1620,7
1620,8
1620,9
1620,10
1620,12
1620,13
1620,14
1620,15
1621,0
1621,1
1621,2
1621,3
1621,5
1621,6
1621,7
1621,8
1621,9
1621,10
1621,11
1621,12
1621,13
1621,14
1621,15
1622,0
1622,1
1622,2
1622,3
1622,5
1622,6
1622,7
1622,8
1622,9
1622,10
1622,11
1622,12
1622,13
1622,14
1623,0
1623,1
1623,2
1623,3
1623,4
1623,5
1623,6
1623,7
1623,8
1623,9
1623,10
1623,11
1623,12
1623,15
1624,0
1624,1
1624,2
1624,3
1624,4
1624,5
1624,6
1624,7
1624,8
1624,9
1624,10
1624,11
1624,12
1624,13
1624,14
1624,15
1625,0
1625,1
1625,3
1625,4
1625,5
1625,7
1625,8
1625,9
1625,10
1625,11
1625,12
1625,13
1625,14
1626,0
1626,1
1626,3
1626,4
1626,5
1626,6
1626,7
1626,8
1626,9
1626,10
1626,11
1626,12
1626,13
1626,14
1626,15
1627,0
1627,1
1627,2
1627,3
1627,4
1627,5
1627,8
1627,9
1627,10
1627,11
1627,12
1627,13
1627,14
1627,15
1628,0
1628,1
1628,2
1628,3
1628,4
1628,5
1628,6
1628,7
1628,8
1628,10
1628,11
1628,12
1628,13
1628,14
1628,15
1629,0
1629,1
1629,3
1629,4
1629,5
1629,6
1629,8
1629,10
1629,12
1629,13
1629,15
1630,0
1630,1
1630,3
1630,4
1630,5
1630,6
1630,8
1630,9
1630,10
1630,11
1630,12
1630,13
1630,14
1630,15
1631,1
1631,2
1631,4
1631,6
1631,7
1631,8
1631,9
1631,10
1631,11
1631,12
1631,13
1631,14
1631,15
1632,0
1632,1
1632,3
1632,4
1632,5
1632,6
1632,7
1632,8
1632,9
1632,10
1632,11
1632,12
1632,15
1633,1
1633,2
1633,3
1633,4
1633,5
1633,6
1633,7
1633,8
1633,9
1633,10
1633,11
1633,12
1633,13
1633,14
1634,0
1634,1
1634,2
1634,3
1634,4
1634,5
1634,6
1634,8
1634,9
1634,10
1634,11
1634,13
1634,15
1635,0
1635,1
1635,3
1635,5
1635,7
1635,8
1635,10
1635,11
1635,12
1635,14
1635,15
1636,0
1636,1
1636,4
1636,5
1636,6
1636,7
1636,9
1636,10
1636,11
1636,12
1636,13
1636,14
1636,15
1637,0
1637,1
1637,2
1637,3
1637,4
1637,6
1637,7
1637,8
1637,9
1637,10
1637,11
1637,12
1637,13
1637,14
1637,15
1638,0
1638,2
1638,3
1638,4
1638,5
1638,6
1638,8
1638,9
1638,10
1638,11
1638,13
1638,15
1639,0
1639,2
1639,4
1639,5
1639,6
1639,7
1639,8
1639,9
1639,10
1639,11
1639,12
1639,13
1639,14
1639,15
1640,0
1640,1
1640,2
1640,3
1640,4
1640,5
1640,6
1640,8
1640,9
1640,10
1640,11
1640,13
1640,14
1641,0
1641,2
1641,4
1641,5
1641,6
1641,7
1641,9
1641,10
1641,12
1641,13
1641,15
1642,0
1642,2
1642,3
1642,4
1642,5
1642,8
1642,10
1642,12
1642,13
1642,14
1643,0
1643,1
1643,2
1643,3
1643,4
1643,5
1643,6
1643,8
1643,9
1643,10
1643,11
1643,13
1643,14
1643,15
1644,0
1644,1
1644,2
1644,3
1644,4
1644,5
1644,6
1644,7
1644,8
1644,11
1644,12
1644,13
1644,14
1645,0
1645,1
1645,2
1645,3
1645,4
1645,5
1645,6
1645,7
1645,8
1645,9
1645,10
1645,11
1645,12
1645,13
1645,14
1646,0
1646,1
1646,3
1646,4
1646,6
1646,7
1646,8
1646,9
1646,10
1646,11
1646,12
1646,13
1646,14
1647,3
1647,6
1647,7
1647,8
1647,9
1647,10
1647,11
1647,12
1647,13
1647,14
1648,0
1648,1
1648,2
1648,3
1648,4
1648,7
1648,8
1648,9
1648,10
1648,12
1648,14
1649,0
1649,1
1649,4
1649,5
1649,6
1649,8
1649,9
1649,10
1649,11
1649,12
1649,13
1649,14
1649,15
1650,0
1650,1
1650,2
1650,5
1650,6
1650,7
1650,8
1650,9
1650,10
1650,11
1650,13
1650,14
1650,15
1651,0
1651,1
1651,2
1651,3
1651,4
1651,5
1651,6
1651,7
1651,8
1651,9
1651,10
1651,12
1651,13
1651,15
1652,0
1652,1
1652,2
1652,3
1652,5
1652,6
1652,7
1652,9
1652,10
1652,12
1652,13
1652,15
1653,1
1653,2
1653,3
1653,4
1653,6
1653,7
1653,8
1653,9
1653,10
1653,11
1653,12
1653,13
1653,15
1654,0
1654,1
1654,2
1654,3
1654,4
1654,5
1654,6
1654,7
1654,8
1654,9
1654,10
1654,11
1654,12
1654,13
1654,14
1654,15
1655,0
1655,2
1655,3
1655,4
1655,5
1655,6
1655,7
1655,8
1655,11
1655,12
1655,14
1655,15
1656,0
1656,1
1656,2
1656,3
1656,5
1656,6
1656,7
1656,8
1656,9
1656,10
1656,11
1656,12
1656,14
1656,15
1657,0
1657,2
1657,3
1657,4
1657,5
1657,6
1657,7
1657,8
1657,11
1657,12
1657,14
1657,15
1658,0
1658,2
1658,3
1658,4
1658,5
1658,6
1658,7
1658,8
1658,9
1658,10
1658,11
1658,12
1658,13
1658,14
1658,15
1659,0
1659,2
1659,4
1659,5
1659,6
1659,7
1659,9
1659,13
1659,14
1659,15
1660,0
1660,1
1660,2
1660,3
1660,5
1660,7
1660,8
1660,9
1660,10
1660,11
1660,12
1660,13
1660,14
1661,1
1661,2
1661,3
1661,5
1661,6
1661,8
1661,10
1661,12
1661,14
1662,0
1662,1
1662,3
1662,8
1662,12
1662,13
1662,15
1663,0
1663,1
1663,3
1663,4
1663,5
1663,6
1663,7
1663,8
1663,10
1663,13
1663,14
1664,0
1664,1
1664,2
1664,4
1664,5
1664,7
1664,8
1664,9
1664,10
1664,11
1664,12
1664,13
1664,14
1664,15
1665,1
1665,2
1665,4
1665,6
1665,7
1665,8
1665,9
1665,10
1665,11
1665,12
1665,13
1665,15
1666,1
1666,2
1666,4
1666,5
1666,6
1666,7
1666,8
1666,10
1666,11
1666,12
1666,13
1666,14
1666,15
1667,0
1667,2
1667,3
1667,4
1667,5
1667,6
1667,7
1667,9
1667,10
1667,14
1667,15
1668,0
1668,1
1668,2
1668,3
1668,4
1668,5
1668,10
1668,11
1668,12
1668,13
1668,14
1668,15
1669,0
1669,2
1669,3
1669,5
1669,6
1669,8
1669,9
1669,10
1669,11
1669,12
1669,13
1669,15
1670,0
1670,1
1670,2
1670,3
1670,4
1670,6
1670,8
1670,9
1670,10
1670,12
1670,13
1670,14
1670,15
1671,0
1671,1
1671,2
1671,3
1671,5
1671,6
1671,7
1671,8
1671,9
1671,10
1671,12
1671,13
1671,14
1671,15
1672,0
1672,1
1672,2
1672,3
1672,4
1672,5
1672,6
1672,7
1672,9
1672,10
1672,11
1672,14
1672,15
1673,1
1673,2
1673,3
1673,4
1673,5
1673,6
1673,7
1673,8
1673,9
1673,10
1673,11
1673,12
1673,13
1673,14
1673,15
1674,0
1674,1
1674,2
1674,3
1674,4
1674,5
1674,6
1674,7
1674,8
1674,9
1674,10
1674,11
1674,13
1674,14
1674,15
1675,1
1675,2
1675,3
1675,5
1675,6
1675,7
1675,9
1675,10
1675,11
1675,12
1675,13
1675,14
1675,15
1676,1
1676,3
1676,4
1676,5
1676,6
1676,7
1676,8
1676,9
1676,10
1676,11
1676,12
1676,15
1677,1
1677,3
1677,4
1677,5
1677,6
1677,8
1677,9
1677,10
1677,11
1677,12
1677,13
1677,14
1677,15
1678,0
1678,2
1678,3
1678,4
1678,5
1678,6
1678,7
1678,8
1678,9
1678,11
1678,12
1678,13
1678,14
1678,15
1679,0
1679,2
1679,3
1679,4
1679,5
1679,7
1679,8
1679,9
1679,10
1679,11
1679,12
1679,13
1679,14
1679,15
1680,0
1680,1
1680,2
1680,3
1680,4
1680,5
1680,6
1680,7
1680,9
1680,10
1680,12
1680,13
1680,14
1680,15
1681,0
1681,1
1681,4
1681,7
1681,8
1681,9
1681,10
1681,11
1681,12
1681,15
1682,0
1682,1
1682,2
1682,3
1682,5
1682,6
1682,7
1682,9
1682,10
1682,11
1682,12
1682,13
1682,14
1683,1
1683,2
1683,3
1683,4
1683,5
1683,6
1683,7
1683,9
1683,10
1683,11
1683,12
1683,13
1683,14
1683,15
1684,0
1684,1
1684,2
1684,4
1684,5
1684,6
1684,7
1684,8
1684,9
1684,10
1684,11
1684,12
1684,13
1684,14
1684,15
1685,0
1685,1
1685,2
1685,3
1685,4
1685,5
1685,6
1685,7
1685,9
1685,10
1685,11
1685,12
1685,13
1685,14
1685,15
1686,1
1686,2
1686,4
1686,5
1686,6
1686,7
1686,8
1686,9
1686,10
1686,11
1686,12
1686,13
1686,14
1686,15
1687,1
1687,3
1687,4
1687,5
1687,7
1687,8
1687,9
1687,11
1687,12
1687,13
1687,14
1688,0
1688,1
1688,2
1688,3
1688,4
1688,5
1688,6
1688,8
1688,10
1688,12
1688,14
1689,0
1689,1
1689,3
1689,4
1689,6
1689,7
1689,8
1689,9
1689,10
1689,13
1689,14
1690,0
1690,1
1690,3
1690,4
1690,6
1690,7
1690,8
1690,9
1690,10
1690,11
1690,12
1690,13
1690,14
1690,15
1691,0
1691,1
1691,2
1691,4
1691,5
1691,6
1691,7
1691,8
1691,10
1691,11
1691,12
1691,13
1691,14
1691,15
1692,0
1692,2
1692,4
1692,5
1692,7
1692,8
1692,10
1692,11
1692,12
1692,14
1692,15
1693,0
1693,1
1693,2
1693,4
1693,5
1693,6
1693,7
1693,8
1693,9
1693,10
1693,12
1693,13
1693,14
1693,15
1694,0
1694,2
1694,3
1694,5
1694,6
1694,7
1694,8
1694,9
1694,10
1694,11
1694,12
1694,13
1694,14
1694,15
1695,0
1695,1
1695,3
1695,4
1695,5
1695,6
1695,7
1695,8
1695,9
1695,10
1695,13
1695,14
1695,15
1696,0
1696,1
1696,2
1696,4
1696,5
1696,6
1696,8
1696,9
1696,10
1696,12
1696,14
1696,15
1697,0
1697,2
1697,3
1697,4
1697,6
1697,7
1697,8
1697,9
1697,10
1697,11
1697,12
1697,13
1697,15
1698,0
1698,1
1698,2
1698,3
1698,4
1698,5
1698,8
1698,9
1698,10
1698,12
1698,13
1698,14
1699,0
1699,1
1699,2
1699,3
1699,4
1699,5
1699,6
1699,7
1699,8
1699,9
1699,10
1699,11
1699,12
1699,15
1700,0
1700,1
1700,2
1700,3
1700,4
1700,5
1700,6
1700,7
1700,8
1700,9
1700,11
1700,12
1700,13
1700,14
1700,15
1701,0
1701,1
1701,5
1701,6
1701,7
1701,9
1701,11
1701,12
1701,13
1701,14
1701,15
1702,1
1702,2
1702,3
1702,4
1702,5
1702,6
1702,7
1702,8
1702,11
1702,13
1702,15
1703,0
1703,1
1703,2
1703,3
1703,4
1703,6
1703,7
1703,8
1703,9
1703,10
1703,11
1703,12
1703,13
1703,15
1704,0
1704,1
1704,3
1704,4
1704,5
1704,6
1704,7
1704,8
1704,9
1704,10
1704,12
1704,13
1704,14
1704,15
1705,0
1705,2
1705,3
1705,4
1705,5
1705,6
1705,7
1705,8
1705,9
1705,10
1705,11
1705,12
1705,13
1705,14
1705,15
1706,0
1706,1
1706,2
1706,3
1706,4
1706,5
1706,8
1706,11
1706,12
1706,13
1706,14
1707,0
1707,1
1707,2
1707,3
1707,4
1707,5
1707,6
1707,7
1707,8
1707,9
1707,10
1707,11
1707,12
1707,13
1707,14
1707,15
1708,0
1708,1
1708,3
1708,4
1708,5
1708,6
1708,7
1708,8
1708,9
1708,10
1708,13
1708,14
1708,15
1709,0
1709,1
1709,2
1709,3
1709,4
1709,5
1709,6
1709,7
1709,8
1709,9
1709,10
1709,11
1709,12
1709,14
1710,0
1710,1
1710,2
1710,3
1710,6
1710,7
1710,8
1710,9
1710,10
1710,11
1710,12
1710,13
1710,14
1710,15
1711,0
1711,1
1711,2
1711,4
1711,7
1711,9
1711,10
1711,11
1711,12
1711,13
1711,14
1711,15
1712,0
1712,1
1712,2
1712,4
1712,5
1712,6
1712,7
1712,8
1712,9
1712,10
1712,11
1712,12
1712,13
1712,14
1712,15
1713,0
1713,1
1713,2
1713,3
1713,8
1713,9
1713,10
1713,12
1713,13
1713,14
1713,15
1714,0
1714,1
1714,2
1714,3
1714,4
1714,6
1714,7
1714,8
1714,9
1714,10
1714,11
1714,13
1714,15
1715,1
1715,2
1715,4
1715,5
1715,7
1715,8
1715,9
1715,10
1715,11
1715,12
1715,13
1715,14
1715,15
1716,0
1716,1
1716,3
1716,5
1716,6
1716,7
1716,8
1716,10
1716,11
1716,12
1716,14
1717,0
1717,1
1717,2
1717,4
1717,5
1717,6
1717,7
1717,8
1717,9
1717,10
1717,13
1717,15
1718,0
1718,2
1718,3
1718,4
1718,5
1718,6
1718,7
1718,8
1718,10
1718,11
1718,12
1718,13
1719,0
1719,1
1719,2
1719,4
1719,5
1719,7
1719,8
1719,9
1719,12
1719,13
1719,14
1719,15
1720,0
1720,1
1720,3
1720,4
1720,5
1720,7
1720,8
1720,9
1720,10
1720,11
1720,12
1720,13
1720,14
1720,15
1721,0
1721,1
1721,3
1721,4
1721,5
1721,6
1721,7
1721,8
1721,9
1721,10
1721,11
1721,12
1721,13
1721,14
1721,15
1722,0
1722,2
1722,5
1722,6
1722,8
1722,9
1722,10
1722,11
1722,12
1722,13
1722,14
1722,15
1723,2
1723,3
1723,4
1723,5
1723,6
1723,8
1723,9
1723,11
1723,12
1723,13
1723,15
1724,1
1724,3
1724,4
1724,5
1724,7
1724,8
1724,9
1724,10
1724,11
1724,12
1724,13
1724,14
1724,15
1725,0
1725,1
1725,3
1725,7
1725,8
1725,9
1725,11
1725,12
1725,13
1725,14
1725,15
1726,0
1726,1
1726,2
1726,3
1726,4
1726,5
1726,6
1726,7
1726,8
1726,10
1726,11
1726,13
1726,14
1726,15
1727,0
1727,2
1727,3
1727,4
1727,5
1727,6
1727,7
1727,10
1727,11
1727,12
1727,13
1727,15
1728,0
1728,3
1728,4
1728,5
1728,6
1728,9
1728,10
1728,12
1728,13
1728,14
1728,15
1729,1
1729,3
1729,5
1729,6
1729,7
1729,8
1729,10
1729,11
1729,12
1729,13
1729,14
1729,15
1730,1
1730,2
1730,3
1730,4
1730,5
1730,6
1730,7
1730,9
1730,11
1730,12
1730,13
1730,14
1730,15
1731,0
1731,1
1731,2
1731,3
1731,4
1731,6
1731,8
1731,9
1731,10
1731,11
1731,12
1731,13
1731,14
1731,15
1732,0
1732,2
1732,3
1732,5
1732,6
1732,7
1732,8
1732,9
1732,10
1732,11
1732,12
1732,13
1732,15
1733,0
1733,2
1733,3
1733,4
1733,6
1733,7
1733,8
1733,9
1733,10
1733,11
1733,12
1733,13
1733,14
1733,15
1734,0
1734,1
1734,2
1734,3
1734,4
1734,5
1734,6
1734,7
1734,8
1734,9
1734,11
1734,12
1734,14
1734,15
1735,0
1735,1
1735,2
1735,3
1735,4
1735,5
1735,6
1735,7
1735,8
1735,9
1735,11
1735,12
1735,14
1735,15
1736,0
1736,2
1736,3
1736,5
1736,7
1736,8
1736,10
1736,12
1736,13
1736,14
1736,15
1737,0
1737,1
1737,2
1737,3
1737,4
1737,5
1737,6
1737,7
1737,8
1737,10
1737,11
1737,12
1737,13
1737,14
1738,0
1738,1
1738,3
1738,6
1738,7
1738,8
1738,9
1738,10
1738,11
1738,12
1738,13
1738,14
1738,15
1739,0
1739,1
1739,3
1739,4
1739,5
1739,6
1739,7
1739,8
1739,9
1739,10
1739,12
1739,13
1739,14
1739,15
1740,0
1740,1
1740,2
1740,3
1740,4
1740,5
1740,6
1740,7
1740,8
1740,9
1740,10
1740,11
1740,12
1740,13
1740,14
1741,0
1741,3
1741,4
1741,5
1741,6
1741,7
1741,11
1741,12
1741,13
1741,14
1741,15
1742,0
1742,2
1742,3
1742,4
1742,5
1742,6
1742,7
1742,8
1742,9
1742,10
1742,11
1742,12
1742,14
1742,15
1743,0
1743,2
1743,3
1743,4
1743,5
1743,6
1743,7
1743,8
1743,9
1743,10
1743,11
1743,12
1743,13
1743,14
1743,15
1744,0
1744,1
1744,2
1744,3
1744,4
1744,6
1744,7
1744,10
1744,11
1744,12
1744,13
1745,0
1745,2
1745,3
1745,4
1745,5
1745,6
1745,7
1745,8
1745,10
1745,11
1745,12
1745,13
1745,14
1745,15
1746,0
1746,1
1746,2
1746,3
1746,4
1746,5
1746,6
1746,7
1746,8
1746,9
1746,10
1746,11
1746,12
1746,13
1746,14
1746,15
1747,0
1747,1
1747,2
1747,3
1747,4
1747,5
1747,7
1747,8
1747,9
1747,11
1747,12
1747,14
1747,15
1748,1
1748,2
1748,3
1748,4
1748,5
1748,7
1748,8
1748,9
1748,11
1748,13
1748,15
1749,0
1749,2
1749,3
1749,4
1749,5
1749,6
1749,7
1749,9
1749,10
1749,11
1749,12
1749,13
1749,14
1749,15
1750,0
1750,1
1750,5
1750,6
1750,7
1750,8
1750,9
1750,10
1750,11
1750,12
1750,13
1750,15
1751,0
1751,3
1751,4
1751,5
1751,6
1751,7
1751,8
1751,9
1751,10
1751,11
1751,12
1751,13
1751,15
1752,0
1752,1
1752,3
1752,4
1752,6
1752,9
1752,10
1752,11
1752,12
1752,14
1752,15
1753,0
1753,2
1753,3
1753,4
1753,5
1753,7
1753,8
1753,9
1753,10
1753,12
1753,13
1753,15
1754,0
1754,1
1754,2
1754,3
1754,4
1754,5
1754,6
1754,7
1754,10
1754,11
1754,12
1754,13
1754,14
1754,15
1755,0
1755,1
1755,2
1755,3
1755,4
1755,5
1755,6
1755,8
1755,9
1755,10
1755,11
1755,12
1755,13
1755,14
1755,15
1756,1
1756,2
1756,3
1756,4
1756,5
1756,7
1756,8
1756,9
1756,10
1756,11
1756,12
1756,13
1756,14
1756,15
1757,0
1757,2
1757,3
1757,4
1757,5
1757,7
1757,8
1757,9
1757,11
1757,12
1757,13
1757,14
1757,15
1758,0
1758,1
1758,2
1758,4
1758,6
1758,7
1758,8
1758,10
1758,11
1758,12
1758,13
1758,14
1758,15
1759,0
1759,1
1759,2
1759,4
1759,5
1759,7
1759,8
1759,9
1759,11
1759,12
1759,13
1759,14
1759,15
1760,0
1760,1
1760,3
1760,4
1760,5
1760,6
1760,7
1760,8
1760,9
1760,10
1760,11
1760,13
1760,14
1760,15
1761,0
1761,4
1761,5
1761,6
1761,8
1761,10
1761,11
1761,12
1761,13
1762,0
1762,1
1762,2
1762,3
1762,4
1762,5
1762,6
1762,7
1762,8
1762,9
1762,12
1762,14
1763,0
1763,1
1763,2
1763,3
1763,4
1763,5
1763,6
1763,8
1763,11
1763,12
1763,13
1763,14
1763,15
1764,1
1764,2
1764,3
1764,4
1764,5
1764,6
1764,7
1764,8
1764,11
1764,12
1764,15
1765,0
1765,1
1765,2
1765,4
1765,6
1765,7
1765,9
1765,12
1765,13
1765,14
1765,15
1766,0
1766,1
1766,2
1766,3
1766,4
1766,5
1766,7
1766,8
1766,9
1766,10
1766,12
1766,13
1766,14
1766,15
1767,0
1767,1
1767,2
1767,3
1767,4
1767,5
1767,6
1767,7
1767,8
1767,9
1767,10
1767,11
1767,12
1767,13
1767,14
1767,15
1768,0
1768,1
1768,2
1768,3
1768,4
1768,5
1768,6
1768,7
1768,8
1768,10
1768,11
1768,12
1768,14
1768,15
1769,0
1769,1
1769,2
1769,4
1769,7
1769,9
1769,10
1769,11
1769,12
1769,13
1769,14
1769,15
1770,0
1770,1
1770,2
1770,3
1770,4
1770,6
1770,8
1770,9
1770,10
1770,11
1770,13
1770,14
1771,0
1771,1
1771,2
1771,3
1771,5
1771,6
1771,7
1771,8
1771,9
1771,10
1771,11
1771,12
1771,14
1771,15
1772,0
1772,1
1772,2
1772,3
1772,4
1772,5
1772,7
1772,8
1772,10
1772,11
1772,12
1772,13
1772,14
1772,15
1773,0
1773,1
1773,3
1773,5
1773,6
1773,7
1773,8
1773,11
1773,12
1773,13
1773,14
1773,15
1774,0
1774,1
1774,2
1774,3
1774,4
1774,5
1774,7
1774,8
1774,9
1774,10
1774,11
1774,12
1774,14
1774,15
1775,1
1775,3
1775,4
1775,5
1775,7
1775,8
1775,9
1775,10
1775,11
1775,13
1775,14
1775,15
1776,0
1776,2
1776,3
1776,4
1776,5
1776,7
1776,8
1776,10
1776,11
1776,12
1776,13
1776,14
1777,0
1777,2
1777,3
1777,5
1777,6
1777,7
1777,8
1777,10
1777,11
1777,12
1777,13
1777,14
1777,15
1778,1
1778,2
1778,3
1778,4
1778,5
1778,6
1778,7
1778,8
1778,9
1778,10
1778,11
1778,12
1778,13
1778,14
1778,15
1779,0
1779,1
1779,2
1779,4
1779,5
1779,6
1779,7
1779,8
1779,9
1779,10
1779,11
1779,13
1779,14
1779,15
1780,0
1780,1
1780,3
1780,7
1780,8
1780,9
1780,10
1780,12
1780,13
1780,14
1780,15
1781,0
1781,1
1781,3
1781,4
1781,5
1781,6
1781,8
1781,9
1781,10
1781,11
1781,13
1781,14
1781,15
1782,0
1782,1
1782,2
1782,3
1782,4
1782,5
1782,6
1782,7
1782,8
1782,9
1782,10
1782,14
1782,15
1783,0
1783,2
1783,3
1783,4
1783,5
1783,7
1783,8
1783,9
1783,10
1783,11
1783,12
1783,14
1783,15
1784,0
1784,1
1784,2
1784,3
1784,5
1784,6
1784,7
1784,8
1784,9
1784,10
1784,11
1784,13
1784,15
1785,0
1785,1
1785,2
1785,3
1785,5
1785,6
1785,7
1785,8
1785,9
1785,10
1785,11
1785,12
1785,13
1785,14
1785,15
1786,0
1786,1
1786,2
1786,3
1786,4
1786,5
1786,6
1786,7
1786,8
1786,9
1786,10
1786,11
1786,12
1786,14
1786,15
1787,0
1787,1
1787,2
1787,3
1787,4
1787,5
1787,6
1787,7
1787,8
1787,11
1787,12
1787,13
1787,14
1787,15
1788,0
1788,1
1788,2
1788,4
1788,5
1788,6
1788,8
1788,9
1788,10
1788,12
1788,13
1788,14
1789,0
1789,1
1789,2
1789,4
1789,5
1789,6
1789,8
1789,9
1789,10
1789,11
1789,12
1789,13
1789,14
1790,0
1790,1
1790,2
1790,3
1790,4
1790,5
1790,8
1790,9
1790,10
1790,11
1790,12
1790,13
1790,14
1790,15
1791,0
1791,1
1791,2
1791,3
1791,4
1791,5
1791,6
1791,7
1791,8
1791,9
1791,10
1791,11
1791,12
1791,13
1791,14
1792,0
1792,1
1792,2
1792,3
1792,4
1792,5
1792,6
1792,7
1792,9
1792,10
1792,11
1792,12
1792,13
1792,15
1793,0
1793,1
1793,3
1793,4
1793,7
1793,8
1793,9
1793,10
1793,13
1793,14
1793,15
1794,0
1794,1
1794,2
1794,6
1794,7
1794,8
1794,9
1794,10
1794,11
1794,12
1794,14
1795,1
1795,2
1795,3
1795,4
1795,7
1795,9
1795,10
1795,11
1795,12
1795,13
1795,14
1795,15
1796,0
1796,1
1796,2
1796,4
1796,5
1796,6
1796,8
1796,10
1796,11
1796,12
1796,14
1796,15
1797,0
1797,1
1797,3
1797,4
1797,5
1797,6
1797,7
1797,9
1797,10
1797,12
1797,13
1797,14
1797,15
1798,0
1798,1
1798,2
1798,3
1798,6
1798,9
1798,10
1798,11
1798,12
1798,14
1799,0
1799,1
1799,3
1799,4
1799,6
1799,7
1799,8
1799,9
1799,10
1799,11
1799,12
1799,13
1799,15
1800,1
1800,2
1800,3
1800,5
1800,6
1800,8
1800,9
1800,10
1800,12
1800,13
1800,14
1800,15
1801,0
1801,1
1801,2
1801,3
1801,6
1801,7
1801,9
1801,10
1801,11
1801,12
1801,13
1801,14
1801,15
1802,0
1802,1
1802,3
1802,4
1802,5
1802,7
1802,8
1802,9
1802,10
1802,11
1802,14
1803,0
1803,1
1803,2
1803,3
1803,4
1803,5
1803,6
1803,7
1803,8
1803,9
1803,10
1803,12
1803,13
1803,14
1803,15
1804,0
1804,2
1804,5
1804,6
1804,8
1804,9
1804,10
1804,13
1804,14
1805,0
1805,1
1805,3
1805,4
1805,5
1805,7
1805,8
1805,9
1805,10
1805,11
1805,13
1805,14
1805,15
1806,0
1806,2
1806,3
1806,4
1806,5
1806,6
1806,7
1806,8
1806,9
1806,10
1806,12
1806,13
1807,0
1807,2
1807,3
1807,4
1807,5
1807,6
1807,7
1807,8
1807,9
1807,10
1807,11
1807,12
1807,13
1807,14
1807,15
1808,0
1808,1
1808,2
1808,3
1808,4
1808,5
1808,6
1808,7
1808,9
1808,10
1808,11
1808,12
1808,13
1808,14
1808,15
1809,0
1809,1
1809,3
1809,4
1809,5
1809,6
1809,7
1809,8
1809,9
1809,10
1809,14
1809,15
1810,1
1810,2
1810,3
1810,4
1810,7
1810,8
1810,9
1810,10
1810,12
1810,13
1810,14
1811,0
1811,1
1811,2
1811,3
1811,4
1811,5
1811,6
1811,7
1811,8
1811,11
1811,12
1811,13
1811,14
1811,15
1812,0
1812,1
1812,2
1812,3
1812,4
1812,5
1812,6
1812,7
1812,8
1812,11
1812,12
1812,13
1812,14
1813,0
1813,1
1813,4
1813,5
1813,6
1813,7
1813,8
1813,9
1813,10
1813,11
1813,12
1813,13
1813,14
1813,15
1814,0
1814,2
1814,3
1814,4
1814,5
1814,6
1814,7
1814,8
1814,9
1814,10
1814,11
1814,12
1814,14
1814,15
1815,0
1815,1
1815,2
1815,3
1815,5
1815,6
1815,7
1815,8
1815,9
1815,10
1815,11
1815,12
1815,13
1815,14
1815,15
1816,0
1816,1
1816,2
1816,3
1816,4
1816,5
1816,6
1816,7
1816,8
1816,9
1816,10
1816,11
1816,12
1816,13
1816,14
1816,15
1817,0
1817,2
1817,3
1817,4
1817,5
1817,6
1817,7
1817,8
1817,9
1817,10
1817,11
1817,13
1817,14
1817,15
1818,1
1818,2
1818,3
1818,5
1818,7
1818,8
1818,9
1818,10
1818,11
1818,12
1818,13
1818,14
1818,15
1819,0
1819,1
1819,2
1819,4
1819,5
1819,6
1819,7
1819,8
1819,9
1819,10
1819,11
1819,12
1819,14
1819,15
1820,0
1820,1
1820,2
1820,4
1820,5
1820,7
1820,8
1820,9
1820,10
1820,12
1820,13
1821,0
1821,1
1821,2
1821,3
1821,4
1821,5
1821,6
1821,7
1821,9
1821,10
1821,11
1821,12
1821,14
1821,15
1822,1
1822,2
1822,3
1822,4
1822,5
1822,6
1822,8
1822,14
1823,2
1823,4
1823,5
1823,7
1823,9
1823,10
1823,11
1823,12
1823,13
1823,14
1823,15
1824,0
1824,1
1824,2
1824,3
1824,4
1824,5
1824,7
1824,8
1824,10
1824,11
1824,12
1824,14
1824,15
1825,0
1825,1
1825,3
1825,4
1825,5
1825,6
1825,7
1825,8
1825,10
1825,11
1825,12
1825,13
1825,14
1825,15
1826,0
1826,2
1826,4
1826,6
1826,7
1826,8
1826,9
1826,10
1826,12
1826,13
1826,15
1827,0
1827,1
1827,2
1827,3
1827,4
1827,5
1827,6
1827,8
1827,9
1827,10
1827,11
1827,12
1827,13
1827,14
1827,15
1828,0
1828,1
1828,2
1828,3
1828,4
1828,5
1828,6
1828,7
1828,8
1828,9
1828,10
1828,11
1828,12
1828,15
1829,0
1829,1
1829,2
1829,4
1829,5
1829,6
1829,7
1829,8
1829,9
1829,10
1829,11
1829,12
1829,13
1829,14
1829,15
1830,0
1830,2
1830,3
1830,4
1830,5
1830,6
1830,7
1830,8
1830,9
1830,10
1830,11
1830,13
1830,14
1830,15
1831,1
1831,2
1831,3
1831,4
1831,6
1831,7
1831,8
1831,9
1831,10
1831,11
1831,13
1831,14
1831,15
1832,0
1832,1
1832,2
1832,3
1832,4
1832,5
1832,6
1832,7
1832,8
1832,9
1832,10
1832,11
1832,12
1832,13
1832,14
1832,15
1833,0
1833,1
1833,2
1833,3
1833,4
1833,5
1833,6
1833,7
1833,8
1833,9
1833,10
1833,11
1833,12
1833,13
1833,15
1834,0
1834,2
1834,3
1834,4
1834,6
1834,7
1834,8
1834,9
1834,10
1834,11
1834,12
1834,13
1834,14
1834,15
1835,0
1835,1
1835,3
1835,4
1835,5
1835,6
1835,7
1835,8
1835,9
1835,10
1835,11
1835,12
1835,13
1835,14
1835,15
1836,0
1836,2
1836,3
1836,4
1836,7
1836,8
1836,9
1836,10
1836,12
1836,13
1836,14
1836,15
1837,0
1837,1
1837,2
1837,3
1837,4
1837,5
1837,6
1837,7
1837,10
1837,12
1837,13
1837,14
1837,15
1838,0
1838,1
1838,2
1838,3
1838,4
1838,5
1838,7
1838,8
1838,9
1838,10
1838,11
1838,12
1838,13
1839,0
1839,1
1839,2
1839,3
1839,4
1839,5
1839,6
1839,7
1839,8
1839,9
1839,10
1839,12
1839,14
1839,15
1840,0
1840,1
1840,2
1840,3
1840,4
1840,5
1840,6
1840,7
1840,8
1840,10
1840,11
1840,12
1840,13
1840,14
1840,15
1841,0
1841,1
1841,2
1841,3
1841,4
1841,6
1841,7
1841,9
1841,10
1841,11
1841,12
1841,13
1841,14
1841,15
1842,0
1842,1
1842,2
1842,3
1842,4
1842,6
1842,7
1842,8
1842,10
1842,11
1842,14
1842,15
1843,0
1843,1
1843,2
1843,3
1843,4
1843,6
1843,7
1843,8
1843,10
1843,11
1843,12
1843,13
1844,0
1844,1
1844,3
1844,4
1844,5
1844,6
1844,7
1844,8
1844,9
1844,10
1845,0
1845,1
1845,2
1845,3
1845,4
1845,5
1845,6
1845,7
1845,9
1845,10
1845,11
1845,12
1845,14
1845,15
1846,1
1846,2
1846,3
1846,4
1846,6
1846,7
1846,8
1846,10
1846,11
1846,12
1846,13
1847,1
1847,2
1847,3
1847,4
1847,5
1847,6
1847,7
1847,11
1847,12
1847,13
1847,15
1848,0
1848,1
1848,2
1848,3
1848,4
1848,6
1848,7
1848,8
1848,9
1848,10
1848,11
1848,12
1848,13
1848,15
1849,0
1849,4
1849,6
1849,7
1849,8
1849,11
1849,13
1849,15
1850,0
1850,1
1850,2
1850,3
1850,4
1850,5
1850,6
1850,7
1850,9
1850,10
1850,11
1850,14
1851,0
1851,1
1851,2
1851,3
1851,4
1851,5
1851,6
1851,7
1851,8
1851,9
1851,10
1851,12
1851,13
1851,14
1851,15
1852,0
1852,1
1852,2
1852,5
1852,7
1852,8
1852,9
1852,10
1852,11
1852,12
1852,14
1852,15
1853,0
1853,1
1853,2
1853,3
1853,4
1853,5
1853,6
1853,7
1853,10
1853,11
1853,12
1853,13
1853,14
1853,15
1854,0
1854,1
1854,2
1854,3
1854,4
1854,5
1854,6
1854,7
1854,9
1854,10
1854,11
1854,13
1854,14
1854,15
1855,1
1855,2
1855,3
1855,4
1855,5
1855,6
1855,8
1855,10
1855,11
1855,12
1855,14
1855,15
1856,0
1856,2
1856,3
1856,7
1856,8
1856,9
1856,10
1856,11
1856,12
1856,15
1857,0
1857,1
1857,3
1857,6
1857,7
1857,8
1857,9
1857,10
1857,11
1857,13
1857,14
1857,15
1858,1
1858,2
1858,3
1858,4
1858,5
1858,6
1858,7
1858,9
1858,11
1858,12
1858,13
1858,14
1858,15
1859,0
1859,3
1859,4
1859,5
1859,6
1859,8
1859,9
1859,10
1859,11
1859,12
1859,14
1859,15
1860,0
1860,1
1860,2
1860,3
1860,4
1860,5
1860,6
1860,7
1860,8
1860,10
1860,12
1860,13
1860,14
1860,15
1861,0
1861,1
1861,4
1861,5
1861,7
1861,8
1861,9
1861,10
1861,11
1861,12
1861,13
1862,0
1862,1
1862,2
1862,3
1862,4
1862,6
1862,7
1862,8
1862,9
1862,10
1862,11
1862,12
1862,13
1862,14
1862,15
1863,0
1863,2
1863,3
1863,5
1863,6
1863,7
1863,9
1863,10
1863,12
1863,14
1863,15
1864,0
1864,1
1864,2
1864,3
1864,4
1864,5
1864,6
1864,7
1864,8
1864,11
1864,12
1864,13
1864,14
1864,15
1865,3
1865,4
1865,5
1865,6
1865,8
1865,9
1865,10
1865,11
1865,12
1865,13
1865,14
1865,15
1866,3
1866,5
1866,6
1866,7
1866,8
1866,9
1866,11
1866,13
1866,15
1867,0
1867,2
1867,3
1867,5
1867,6
1867,8
1867,9
1867,10
1867,12
1867,13
1867,14
1867,15
1868,0
1868,1
1868,3
1868,5
1868,6
1868,7
1868,10
1868,11
1868,12
1868,13
1868,14
1869,0
1869,1
1869,2
1869,3
1869,4
1869,5
1869,6
1869,7
1869,9
1869,10
1869,12
1869,14
1869,15
1870,2
1870,3
1870,4
1870,5
1870,6
1870,7
1870,8
1870,9
1870,10
1870,11
1870,12
1870,13
1870,14
1871,0
1871,1
1871,2
1871,3
1871,6
1871,7
1871,8
1871,10
1871,11
1871,12
1871,13
1871,14
1871,15
1872,0
1872,2
1872,3
1872,4
1872,5
1872,6
1872,7
1872,9
1872,10
1872,11
1872,12
1872,14
1873,1
1873,2
1873,3
1873,4
1873,5
1873,6
1873,7
1873,8
1873,9
1873,13
1874,0
1874,1
1874,2
1874,3
1874,4
1874,5
1874,6
1874,7
1874,8
1874,9
1874,12
1874,13
1874,14
1875,0
1875,1
1875,2
1875,3
1875,4
1875,5
1875,7
1875,8
1875,9
1875,10
1875,11
1875,12
1875,13
1875,14
1875,15
1876,0
1876,1
1876,2
1876,3
1876,4
1876,5
1876,6
1876,7
1876,8
1876,9
1876,10
1876,11
1876,12
1876,13
1876,14
1877,1
1877,2
1877,3
1877,4
1877,5
1877,6
1877,7
1877,8
1877,9
1877,10
1877,11
1877,12
1877,14
1877,15
1878,0
1878,1
1878,2
1878,3
1878,4
1878,6
1878,7
1878,8
1878,9
1878,10
1878,11
1878,12
1878,15
1879,1
1879,2
1879,3
1879,5
1879,6
1879,7
1879,8
1879,9
1879,10
1879,12
1879,13
1879,14
1879,15
1880,1
1880,2
1880,3
1880,4
1880,5
1880,6
1880,7
1880,8
1880,9
1880,10
1880,11
1880,12
1880,13
1880,14
1880,15
1881,1
1881,2
1881,3
1881,4
1881,5
1881,7
1881,9
1881,11
1881,13
1881,14
1881,15
1882,0
1882,1
1882,2
1882,4
1882,5
1882,6
1882,7
1882,8
1882,10
1882,12
1882,13
1882,14
1883,0
1883,1
1883,2
1883,3
1883,4
1883,6
1883,7
1883,8
1883,9
1883,13
1883,15
1884,0
1884,1
1884,3
1884,4
1884,5
1884,6
1884,7
1884,8
1884,9
1884,10
1884,11
1884,12
1884,14
1884,15
1885,0
1885,1
1885,2
1885,3
1885,5
1885,8
1885,9
1885,10
1885,11
1885,12
1885,14
1885,15
1886,0
1886,1
1886,2
1886,3
1886,4
1886,5
1886,6
1886,7
1886,8
1886,9
1886,10
1886,11
1886,12
1886,13
1886,15
1887,0
1887,2
1887,3
1887,4
1887,5
1887,6
1887,8
1887,9
1887,10
1887,12
1887,13
1888,0
1888,1
1888,2
1888,4
1888,5
1888,6
1888,7
1888,8
1888,9
1888,10
1888,11
1888,12
1888,14
1888,15
1889,0
1889,2
1889,3
1889,4
1889,5
1889,7
1889,8
1889,11
1889,12
1889,14
1890,0
1890,1
1890,3
1890,4
1890,5
1890,6
1890,8
1890,9
1890,11
1890,12
1890,13
1890,14
1890,15
1891,0
1891,1
1891,2
1891,3
1891,4
1891,5
1891,6
1891,8
1891,9
1891,11
1891,12
1891,13
1891,14
1891,15
1892,0
1892,1
1892,2
1892,3
1892,4
1892,5
1892,7
1892,8
1892,9
1892,10
1892,12
1892,14
1892,15
1893,0
1893,1
1893,2
1893,3
1893,4
1893,5
1893,7
1893,8
1893,9
1893,10
1893,12
1893,13
1893,14
1894,0
1894,1
1894,2
1894,3
1894,4
1894,5
1894,6
1894,7
1894,8
1894,9
1894,10
1894,11
1894,12
1894,13
1894,14
1894,15
1895,0
1895,1
1895,3
1895,4
1895,5
1895,6
1895,7
1895,8
1895,9
1895,10
1895,11
1895,12
1895,13
1895,14
1895,15
1896,0
1896,2
1896,3
1896,5
1896,6
1896,7
1896,8
1896,9
1896,10
1896,12
1896,13
1896,14
1897,0
1897,1
1897,2
1897,5
1897,6
1897,7
1897,9
1897,10
1897,12
1897,13
1897,14
1897,15
1898,0
1898,1
1898,2
1898,3
1898,4
1898,5
1898,6
1898,7
1898,8
1898,10
1898,11
1898,12
1898,13
1898,14
1898,15
1899,0
1899,1
1899,4
1899,5
1899,8
1899,9
1899,10
1899,12
1899,14
1899,15
1900,0
1900,1
1900,2
1900,3
1900,4
1900,5
1900,6
1900,7
1900,8
1900,9
1900,11
1900,12
1900,13
1900,14
1900,15
1901,0
1901,2
1901,3
1901,5
1901,7
1901,9
1901,10
1901,11
1901,13
1901,15
1902,0
1902,1
1902,3
1902,4
1902,5
1902,6
1902,7
1902,8
1902,9
1902,10
1902,11
1902,13
1902,14
1902,15
1903,0
1903,1
1903,2
1903,4
1903,5
1903,6
1903,7
1903,9
1903,10
1903,11
1903,14
1903,15
1904,0
1904,1
1904,2
1904,3
1904,4
1904,5
1904,7
1904,8
1904,9
1904,10
1904,11
1904,12
1904,13
1904,14
1904,15
1905,1
1905,2
1905,3
1905,4
1905,6
1905,9
1905,12
1905,13
1905,14
1905,15
1906,1
1906,2
1906,3
1906,4
1906,5
1906,7
1906,8
1906,9
1906,10
1906,11
1906,12
1906,13
1906,14
1907,0
1907,1
1907,2
1907,3
1907,4
1907,5
1907,6
1907,7
1907,8
1907,9
1907,10
1907,11
1907,14
1907,15
1908,0
1908,2
1908,3
1908,4
1908,6
1908,7
1908,8
1908,10
1908,11
1908,13
1908,14
1908,15
1909,0
1909,1
1909,2
1909,3
1909,4
1909,5
1909,6
1909,7
1909,8
1909,9
1909,10
1909,11
1909,12
1909,13
1909,14
1909,15
1910,0
1910,2
1910,3
1910,5
1910,7
1910,8
1910,9
1910,11
1910,12
1910,13
1910,14
1910,15
1911,0
1911,1
1911,2
1911,3
1911,4
1911,5
1911,6
1911,7
1911,9
1911,10
1911,11
1911,13
1911,14
1911,15
1912,0
1912,1
1912,2
1912,3
1912,4
1912,5
1912,6
1912,7
1912,9
1912,10
1912,11
1912,12
1912,13
1913,0
1913,1
1913,2
1913,3
1913,7
1913,8
1913,9
1913,10
1913,11
1913,13
1913,15
1914,1
1914,2
1914,3
1914,4
1914,5
1914,6
1914,8
1914,9
1914,11
1914,12
1914,13
1914,14
1914,15
1915,0
1915,1
1915,2
1915,3
1915,4
1915,5
1915,6
1915,7
1915,8
1915,9
1915,10
1915,11
1915,12
1915,13
1915,14
1915,15
1916,0
1916,1
1916,2
1916,3
1916,4
1916,5
1916,6
1916,8
1916,9
1916,10
1916,11
1916,12
1916,14
1916,15
1917,0
1917,1
1917,2
1917,3
1917,4
1917,5
1917,8
1917,9
1917,10
1917,11
1917,12
1917,13
1917,14
1917,15
1918,0
1918,1
1918,2
1918,3
1918,4
1918,5
1918,6
1918,7
1918,8
1918,10
1918,11
1918,12
1918,13
1918,14
1918,15
1919,0
1919,1
1919,2
1919,5
1919,6
1919,7
1919,8
1919,9
1919,10
1919,11
1919,12
1919,13
1919,14
1919,15
1920,0
1920,1
1920,2
1920,3
1920,4
1920,5
1920,6
1920,7
1920,8
1920,9
1920,10
1920,12
1920,13
1920,15
1921,0
1921,1
1921,3
1921,4
1921,6
1921,7
1921,8
1921,9
1921,11
1921,12
1921,13
1921,14
1921,15
1922,1
1922,2
1922,3
1922,4
1922,5
1922,6
1922,7
1922,8
1922,10
1922,12
1922,13
1922,15
1923,0
1923,1
1923,3
1923,4
1923,5
1923,6
1923,8
1923,9
1923,10
1923,12
1923,13
1923,14
1923,15
1924,0
1924,1
1924,2
1924,3
1924,5
1924,6
1924,7
1924,9
1924,10
1924,11
1924,12
1924,13
1924,15
1925,0
1925,2
1925,3
1925,4
1925,5
1925,6
1925,7
1925,8
1925,9
1925,10
1925,12
1925,13
1925,14
1926,0
1926,1
1926,2
1926,3
1926,4
1926,6
1926,7
1926,8
1926,9
1926,10
1926,11
1926,12
1926,13
1926,14
1926,15
1927,0
1927,2
1927,3
1927,4
1927,7
1927,9
1927,11
1927,12
1927,14
1927,15
1928,0
1928,4
1928,6
1928,7
1928,8
1928,9
1928,10
1928,12
1928,13
1928,14
1928,15
1929,0
1929,1
1929,2
1929,3
1929,4
1929,5
1929,8
1929,9
1929,10
1929,12
1929,13
1929,14
1930,0
1930,1
1930,2
1930,3
1930,4
1930,5
1930,6
1930,8
1930,10
1930,12
1930,13
1930,15
1931,1
1931,2
1931,3
1931,4
1931,6
1931,8
1931,10
1931,11
1931,12
1931,13
1931,14
1931,15
1932,1
1932,2
1932,3
1932,4
1932,5
1932,6
1932,8
1932,9
1932,14
1933,0
1933,1
1933,3
1933,5
1933,6
1933,8
1933,9
1933,11
1933,12
1933,13
1933,14
1933,15
1934,0
1934,2
1934,3
1934,4
1934,6
1934,7
1934,9
1934,10
1934,11
1934,12
1934,13
1934,14
1934,15
1935,0
1935,2
1935,3
1935,4
1935,5
1935,6
1935,7
1935,8
1935,9
1935,10
1935,11
1935,12
1935,13
1935,14
1935,15
1936,1
1936,2
1936,4
1936,5
1936,7
1936,8
1936,9
1936,10
1936,11
1936,12
1936,13
1936,14
1936,15
1937,0
1937,1
1937,2
1937,3
1937,5
1937,6
1937,7
1937,8
1937,9
1937,10
1937,11
1937,13
1937,14
1937,15
1938,0
1938,1
1938,2
1938,5
1938,6
1938,7
1938,9
1938,10
1938,11
1938,12
1938,13
1938,14
1938,15
1939,0
1939,2
1939,3
1939,4
1939,5
1939,6
1939,8
1939,9
1939,10
1939,11
1939,13
1939,14
1939,15
1940,0
1940,1
1940,2
1940,4
1940,5
1940,6
1940,7
1940,8
1940,9
1940,11
1940,12
1940,13
1940,14
1940,15
1941,0
1941,1
1941,2
1941,3
1941,4
1941,5
1941,6
1941,7
1941,8
1941,9
1941,10
1941,11
1941,12
1941,13
1941,14
1941,15
1942,0
1942,1
1942,2
1942,3
1942,4
1942,5
1942,8
1942,9
1942,10
1942,12
1942,13
1942,14
1942,15
1943,0
1943,2
1943,3
1943,4
1943,5
1943,6
1943,7
1943,8
1943,9
1943,10
1943,11
1943,12
1943,15
1944,0
1944,1
1944,2
1944,3
1944,4
1944,5
1944,6
1944,7
1944,8
1944,10
1944,15
1945,1
1945,2
1945,4
1945,5
1945,6
1945,7
1945,8
1945,9
1945,10
1945,11
1945,12
1945,14
1945,15
1946,0
1946,1
1946,2
1946,3
1946,4
1946,7
1946,8
1946,9
1946,10
1946,11
1946,12
1946,13
1946,14
1947,0
1947,1
1947,2
1947,3
1947,4
1947,5
1947,7
1947,9
1947,10
1947,11
1947,14
1947,15
1948,1
1948,2
1948,4
1948,5
1948,9
1948,10
1948,11
1948,13
1948,15
1949,0
1949,1
1949,2
1949,3
1949,4
1949,5
1949,7
1949,10
1949,12
1949,14
1949,15
1950,0
1950,1
1950,2
1950,3
1950,4
1950,5
1950,6
1950,7
1950,8
1950,9
1950,11
1950,13
1950,14
1951,0
1951,1
1951,3
1951,4
1951,5
1951,6
1951,7
1951,9
1951,10
1951,11
1951,13
1951,15
1952,1
1952,3
1952,4
1952,5
1952,6
1952,7
1952,8
1952,9
1952,10
1952,12
1952,13
1952,14
1952,15
1953,0
1953,1
1953,2
1953,3
1953,4
1953,5
1953,7
1953,8
1953,9
1953,10
1953,12
1954,0
1954,1
1954,2
1954,4
1954,5
1954,6
1954,7
1954,9
1954,10
1954,11
1954,13
1954,14
1954,15
1955,1
1955,2
1955,3
1955,4
1955,5
1955,6
1955,8
1955,9
1955,10
1955,11
1955,12
1955,13
1955,14
1955,15
1956,0
1956,1
1956,3
1956,4
1956,6
1956,7
1956,8
1956,9
1956,10
1956,11
1956,12
1956,13
1956,15
1957,0
1957,1
1957,2
1957,3
1957,4
1957,5
1957,6
1957,8
1957,9
1957,10
1957,11
1957,13
1957,15
1958,0
1958,1
1958,3
1958,4
1958,6
1958,7
1958,8
1958,9
1958,10
1958,11
1958,12
1958,13
1958,14
1959,0
1959,2
1959,3
1959,4
1959,5
1959,6
1959,8
1959,9
1959,10
1959,11
1959,12
1959,13
1959,15
1960,0
1960,1
1960,2
1960,3
1960,5
1960,7
1960,8
1960,9
1960,10
1960,13
1960,14
1960,15
1961,0
1961,2
1961,3
1961,4
1961,5
1961,6
1961,7
1961,8
1961,9
1961,10
1961,11
1961,12
1961,15
1962,0
1962,1
1962,3
1962,4
1962,6
1962,7
1962,8
1962,10
1962,11
1962,12
1962,13
1962,14
1962,15
1963,0
1963,1
1963,3
1963,4
1963,5
1963,7
1963,8
1963,9
1963,10
1963,11
1963,12
1963,14
1963,15
1964,0
1964,1
1964,2
1964,3
1964,4
1964,7
1964,8
1964,9
1964,11
1964,12
1964,14
1964,15
1965,1
1965,3
1965,4
1965,5
1965,6
1965,7
1965,9
1965,10
1965,11
1965,13
1965,14
1966,1
1966,2
1966,3
1966,4
1966,5
1966,6
1966,8
1966,10
1966,12
1966,13
1966,14
1966,15
1967,0
1967,1
1967,3
1967,4
1967,5
1967,6
1967,7
1967,8
1967,9
1967,10
1967,11
1967,12
1967,13
1967,14
1967,15
1968,0
1968,1
1968,2
1968,3
1968,5
1968,6
1968,7
1968,8
1968,9
1968,10
1968,11
1968,12
1968,14
1968,15
1969,0
1969,1
1969,3
1969,4
1969,5
1969,6
1969,7
1969,8
1969,9
1969,10
1969,11
1969,12
1969,14
1969,15
1970,0
1970,1
1970,2
1970,3
1970,4
1970,5
1970,6
1970,7
1970,8
1970,9
1970,10
1970,11
1970,12
1970,13
1970,14
1970,15
1971,2
1971,3
1971,4
1971,5
1971,7
1971,8
1971,9
1971,10
1971,11
1971,12
1971,13
1971,15
1972,0
1972,5
1972,6
1972,7
1972,8
1972,9
1972,10
1972,11
1972,12
1972,13
1972,14
1972,15
1973,0
1973,1
1973,2
1973,3
1973,4
1973,5
1973,6
1973,8
1973,9
1973,10
1973,11
1973,12
1973,13
1973,14
1973,15
1974,0
1974,2
1974,3
1974,4
1974,5
1974,6
1974,9
1974,10
1974,11
1974,12
1974,14
1975,1
1975,3
1975,5
1975,6
1975,7
1975,8
1975,9
1975,10
1975,11
1975,12
1975,14
1975,15
1976,0
1976,1
1976,2
1976,4
1976,5
1976,6
1976,7
1976,8
1976,9
1976,10
1976,12
1976,13
1976,14
1976,15
1977,1
1977,3
1977,4
1977,6
1977,8
1977,9
1977,11
1977,12
1977,14
1977,15
1978,0
1978,1
1978,2
1978,3
1978,4
1978,5
1978,6
1978,7
1978,9
1978,10
1978,11
1978,12
1978,13
1978,14
1978,15
1979,3
1979,4
1979,5
1979,6
1979,7
1979,8
1979,9
1979,12
1979,14
1980,0
1980,1
1980,2
1980,3
1980,4
1980,5
1980,6
1980,8
1980,9
1980,10
1980,11
1980,12
1980,13
1980,15
1981,0
1981,2
1981,3
1981,5
1981,6
1981,7
1981,8
1981,9
1981,11
1981,13
1981,14
1981,15
1982,0
1982,1
1982,2
1982,3
1982,4
1982,5
1982,6
1982,8
1982,9
1982,10
1982,11
1982,13
1982,14
1982,15
1983,0
1983,1
1983,3
1983,4
1983,5
1983,6
1983,8
1983,9
1983,10
1983,12
1983,13
1983,14
1984,0
1984,2
1984,3
1984,5
1984,7
1984,8
1984,9
1984,10
1984,11
1984,12
1984,13
1984,15
1985,0
1985,2
1985,3
1985,4
1985,5
1985,6
1985,7
1985,9
1985,10
1985,11
1985,12
1985,14
1986,0
1986,1
1986,2
1986,3
1986,4
1986,5
1986,6
1986,7
1986,8
1986,9
1986,10
1986,11
1986,12
1986,13
1986,15
1987,0
1987,1
1987,2
1987,4
1987,5
1987,6
1987,7
1987,8
1987,9
1987,10
1987,11
1987,13
1987,14
1987,15
1988,0
1988,2
1988,4
1988,6
1988,7
1988,8
1988,9
1988,10
1988,11
1988,13
1988,15
1989,1
1989,2
1989,3
1989,4
1989,5
1989,7
1989,8
1989,10
1989,12
1989,13
1989,14
1989,15
1990,0
1990,1
1990,2
1990,3
1990,4
1990,5
1990,7
1990,8
1990,10
1990,11
1990,12
1990,13
1990,14
1990,15
1991,0
1991,1
1991,2
1991,3
1991,4
1991,5
1991,6
1991,7
1991,8
1991,10
1991,11
1991,13
1991,15
1992,0
1992,1
1992,2
1992,4
1992,5
1992,6
1992,7
1992,8
1992,9
1992,10
1992,11
1992,12
1992,13
1992,14
1992,15
1993,0
1993,2
1993,4
1993,5
1993,6
1993,7
1993,9
1993,10
1993,11
1993,12
1993,13
1994,0
1994,1
1994,2
1994,3
1994,4
1994,7
1994,8
1994,9
1994,10
1994,11
1994,13
1994,15
1995,1
1995,2
1995,3
1995,4
1995,5
1995,6
1995,7
1995,8
1995,9
1995,10
1995,11
1995,12
1995,13
1995,14
1996,0
1996,1
1996,2
1996,4
1996,5
1996,6
1996,7
1996,8
1996,9
1996,10
1996,13
1996,14
1996,15
1997,2
1997,3
1997,4
1997,6
1997,7
1997,8
1997,9
1997,10
1997,11
1997,12
1997,13
1997,15
1998,0
1998,1
1998,2
1998,4
1998,6
1998,7
1998,8
1998,9
1998,10
1998,11
1998,12
1998,14
1998,15
1999,1
1999,2
1999,3
1999,4
1999,5
1999,6
1999,7
1999,8
1999,9
1999,10
1999,11
1999,12
1999,13
1999,14
1999,15
2000,0
2000,1
2000,2
2000,3
2000,4
2000,5
2000,6
2000,7
2000,8
2000,9
2000,10
2000,11
2000,12
2000,13
2000,14
2000,15
2001,0
2001,1
2001,3
2001,4
2001,5
2001,6
2001,9
2001,10
2001,11
2001,12
2001,13
2001,14
2001,15
2002,0
2002,1
2002,2
2002,3
2002,4
2002,5
2002,7
2002,8
2002,10
2002,11
2002,12
2002,14
2002,15
2003,0
2003,2
2003,3
2003,4
2003,6
2003,7
2003,8
2003,9
2003,10
2003,11
2003,12
2003,13
2003,14
2003,15
2004,0
2004,1
2004,2
2004,4
2004,5
2004,6
2004,8
2004,9
2004,10
2004,11
2004,12
2004,13
2004,14
2004,15
2005,0
2005,1
2005,3
2005,4
2005,5
2005,6
2005,7
2005,8
2005,9
2005,10
2005,12
2005,13
2005,15
2006,0
2006,1
2006,3
2006,4
2006,5
2006,6
2006,7
2006,8
2006,9
2006,10
2006,12
2006,14
2006,15
2007,0
2007,1
2007,2
2007,3
2007,4
2007,5
2007,7
2007,9
2007,10
2007,11
2007,12
2007,13
2007,14
2008,1
2008,2
2008,3
2008,4
2008,5
2008,6
2008,7
2008,8
2008,9
2008,11
2008,12
2008,13
2008,15
2009,0
2009,1
2009,3
2009,4
2009,5
2009,6
2009,7
2009,8
2009,9
2009,11
2009,14
2009,15
2010,0
2010,1
2010,3
2010,4
2010,5
2010,6
2010,7
2010,8
2010,12
2010,13
2010,14
2010,15
2011,0
2011,1
2011,2
2011,3
2011,6
2011,8
2011,9
2011,10
2011,11
2011,12
2011,14
2011,15
2012,0
2012,2
2012,3
2012,4
2012,5
2012,6
2012,7
2012,8
2012,9
2012,10
2012,12
2012,13
2012,14
2012,15
2013,0
2013,3
2013,4
2013,5
2013,6
2013,8
2013,10
2013,12
2013,13
2013,14
2013,15
2014,0
2014,1
2014,2
2014,3
2014,4
2014,5
2014,6
2014,7
2014,8
2014,9
2014,10
2014,11
2014,13
2014,14
2014,15
2015,0
2015,1
2015,2
2015,3
2015,4
2015,5
2015,6
2015,7
2015,8
2015,11
2015,12
2015,13
2015,14
2015,15
2016,0
2016,1
2016,2
2016,3
2016,4
2016,6
2016,7
2016,8
2016,9
2016,10
2016,11
2016,15
2017,0
2017,1
2017,2
2017,3
2017,4
2017,6
2017,7
2017,8
2017,9
2017,10
2017,11
2017,12
2017,13
2017,14
2017,15
2018,0
2018,2
2018,3
2018,5
2018,6
2018,8
2018,9
2018,10
2018,11
2018,13
2018,15
2019,1
2019,2
2019,4
2019,6
2019,7
2019,9
2019,10
2019,11
2019,12
2019,13
2019,14
2019,15
2020,0
2020,2
2020,3
2020,4
2020,5
2020,6
2020,7
2020,8
2020,10
2020,11
2020,12
2020,14
2020,15
2021,0
2021,1
2021,2
2021,5
2021,6
2021,7
2021,8
2021,9
2021,11
2021,12
2021,13
2021,14
2021,15
2022,0
2022,1
2022,2
2022,3
2022,4
2022,5
2022,6
2022,7
2022,8
2022,9
2022,10
2022,11
2022,13
2022,14
2022,15
2023,0
2023,1
2023,2
2023,3
2023,4
2023,5
2023,6
2023,7
2023,9
2023,10
2023,11
2023,13
2023,14
2023,15
2024,0
2024,1
2024,2
2024,3
2024,4
2024,5
2024,6
2024,10
2024,11
2024,12
2024,13
2024,14
2024,15
2025,0
2025,1
2025,2
2025,3
2025,4
2025,5
2025,6
2025,7
2025,8
2025,9
2025,10
2025,12
2025,13
2025,14
2026,0
2026,1
2026,2
2026,3
2026,4
2026,6
2026,7
2026,9
2026,10
2026,12
2026,13
2026,14
2027,0
2027,1
2027,2
2027,3
2027,6
2027,7
2027,8
2027,10
2027,11
2027,12
2027,13
2027,14
2027,15
2028,2
2028,3
2028,5
2028,6
2028,8
2028,9
2028,10
2028,12
2028,13
2028,14
2028,15
2029,1
2029,2
2029,3
2029,4
2029,5
2029,7
2029,8
2029,10
2029,11
2029,13
2029,14
2029,15
2030,0
2030,4
2030,6
2030,7
2030,8
2030,9
2030,10
2030,11
2030,15
2031,0
2031,1
2031,2
2031,3
2031,5
2031,6
2031,7
2031,8
2031,9
2031,10
2031,11
2031,12
2031,13
2031,14
2031,15
2032,0
2032,1
2032,2
2032,4
2032,6
2032,7
2032,8
2032,10
2032,11
2032,12
2032,13
2032,14
2032,15
2033,0
2033,1
2033,2
2033,3
2033,4
2033,5
2033,7
2033,8
2033,9
2033,11
2033,12
2033,14
2033,15
2034,0
2034,2
2034,3
2034,4
2034,5
2034,6
2034,7
2034,8
2034,9
2034,10
2034,12
2034,13
2034,15
2035,0
2035,1
2035,2
2035,3
2035,4
2035,6
2035,7
2035,8
2035,9
2035,10
2035,11
2035,13
2035,14
2035,15
2036,1
2036,3
2036,4
2036,5
2036,6
2036,7
2036,8
2036,9
2036,10
2036,11
2036,13
2036,14
2036,15
2037,0
2037,1
2037,2
2037,3
2037,5
2037,6
2037,7
2037,8
2037,9
2037,10
2037,12
2037,13
2037,14
2037,15
2038,1
2038,2
2038,4
2038,5
2038,6
2038,7
2038,8
2038,9
2038,10
2038,11
2038,13
2038,14
2039,0
2039,2
2039,3
2039,5
2039,7
2039,8
2039,9
2039,10
2039,11
2039,12
2039,13
2040,1
2040,4
2040,5
2040,6
2040,8
2040,9
2040,11
2040,12
2040,15
2041,2
2041,4
2041,5
2041,6
2041,7
2041,8
2041,9
2041,10
2041,11
2041,12
2041,13
2041,14
2042,0
2042,1
2042,2
2042,3
2042,5
2042,6
2042,8
2042,9
2042,10
2042,11
2042,13
2042,14
2042,15
2043,1
2043,2
2043,3
2043,4
2043,5
2043,6
2043,7
2043,8
2043,10
2043,11
2043,12
2043,13
2043,14
2043,15
2044,0
2044,1
2044,2
2044,3
2044,4
2044,6
2044,7
2044,9
2044,11
2044,12
2044,13
2044,14
2044,15
2045,0
2045,2
2045,3
2045,4
2045,6
2045,7
2045,8
2045,9
2045,12
2045,13
2045,14
2045,15
2046,0
2046,1
2046,2
2046,3
2046,4
2046,5
2046,6
2046,7
2046,8
2046,9
2046,10
2046,11
2046,12
2046,14
2046,15
2047,2
2047,3
2047,4
2047,5
2047,6
2047,7
2047,8
2047,9
2047,10
2047,13
2047,14
2047,15
2048,0
2048,1
2048,2
2048,4
2048,7
2048,8
2048,10
2048,11
2048,12
2048,13
2048,14
2048,15
2049,1
2049,3
2049,4
2049,5
2049,6
2049,7
2049,8
2049,9
2049,10
2049,11
2049,12
2049,13
2049,14
2049,15
2050,0
2050,1
2050,2
2050,4
2050,5
2050,7
2050,8
2050,9
2050,10
2050,11
2050,12
2050,14
2050,15
2051,0
2051,1
2051,2
2051,3
2051,6
2051,8
2051,11
2051,12
2051,13
2051,14
2051,15
2052,0
2052,1
2052,2
2052,4
2052,5
2052,6
2052,8
2052,9
2052,10
2052,11
2052,12
2052,13
2052,14
2052,15
2053,0
2053,1
2053,2
2053,3
2053,4
2053,5
2053,6
2053,7
2053,9
2053,10
2053,11
2053,13
2053,14
2053,15
2054,0
2054,1
2054,2
2054,3
2054,4
2054,5
2054,6
2054,7
2054,9
2054,11
2054,12
2054,15
2055,0
2055,1
2055,2
2055,3
2055,4
2055,5
2055,7
2055,9
2055,10
2055,11
2055,12
2055,13
2055,15
2056,1
2056,3
2056,4
2056,5
2056,6
2056,7
2056,8
2056,9
2056,10
2056,11
2056,12
2056,14
2056,15
2057,1
2057,2
2057,3
2057,5
2057,6
2057,8
2057,9
2057,10
2057,11
2057,12
2057,13
2057,14
2057,15
2058,0
2058,1
2058,2
2058,3
2058,4
2058,5
2058,6
2058,7
2058,8
2058,9
2058,10
2058,11
2058,13
2058,14
2058,15
2059,0
2059,1
2059,4
2059,5
2059,6
2059,7
2059,9
2059,10
2059,11
2059,12
2059,13
2059,14
2059,15
2060,0
2060,1
2060,2
2060,5
2060,6
2060,7
2060,8
2060,9
2060,10
2060,11
2060,12
2060,13
2060,14
2061,0
2061,1
2061,2
2061,3
2061,4
2061,5
2061,6
2061,7
2061,8
2061,10
2061,11
2061,12
2061,13
2061,14
2061,15
2062,0
2062,1
2062,2
2062,3
2062,4
2062,5
2062,6
2062,7
2062,9
2062,10
2062,11
2062,13
2062,14
2062,15
2063,1
2063,2
2063,3
2063,5
2063,6
2063,8
2063,9
2063,10
2063,11
2063,12
2063,13
2063,14
2063,15
2064,2
2064,3
2064,4
2064,5
2064,7
2064,8
2064,10
2064,11
2064,12
2064,14
2064,15
2065,0
2065,2
2065,3
2065,5
2065,6
2065,8
2065,9
2065,10
2065,11
2065,12
2065,15
2066,0
2066,1
2066,2
2066,3
2066,5
2066,6
2066,8
2066,9
2066,10
2066,11
2066,12
2066,13
2066,14
2066,15
2067,0
2067,1
2067,2
2067,4
2067,5
2067,6
2067,7
2067,8
2067,10
2067,12
2067,13
2067,14
2067,15
2068,0
2068,1
2068,4
2068,5
2068,6
2068,7
2068,8
2068,9
2068,10
2068,12
2068,14
2068,15
2069,0
2069,1
2069,2
2069,3
2069,4
2069,5
2069,6
2069,7
2069,8
2069,9
2069,10
2069,11
2069,13
2069,14
2069,15
2070,0
2070,2
2070,3
2070,4
2070,5
2070,7
2070,8
2070,9
2070,10
2070,13
2070,14
2070,15
2071,0
2071,3
2071,5
2071,6
2071,7
2071,8
2071,10
2071,11
2071,12
2071,13
2071,14
2071,15
2072,0
2072,2
2072,3
2072,4
2072,5
2072,6
2072,7
2072,9
2072,10
2072,11
2072,12
2072,13
2072,14
2072,15
2073,0
2073,1
2073,2
2073,3
2073,5
2073,7
2073,10
2073,12
2073,13
2073,14
2073,15
2074,0
2074,1
2074,2
2074,3
2074,4
2074,5
2074,6
2074,7
2074,8
2074,11
2074,12
2074,13
2074,14
2074,15
2075,0
2075,1
2075,2
2075,3
2075,4
2075,5
2075,6
2075,7
2075,8
2075,9
2075,10
2075,12
2075,13
2075,14
2075,15
2076,1
2076,2
2076,3
2076,4
2076,5
2076,6
2076,7
2076,8
2076,9
2076,10
2076,11
2076,12
2076,13
2076,14
2076,15
2077,0
2077,1
2077,2
2077,3
2077,4
2077,5
2077,6
2077,7
2077,8
2077,9
2077,10
2077,11
2077,12
2077,13
2077,14
2078,0
2078,2
2078,3
2078,5
2078,6
2078,7
2078,8
2078,9
2078,10
2078,11
2078,12
2078,13
2078,14
2078,15
2079,0
2079,1
2079,2
2079,3
2079,4
2079,5
2079,8
2079,9
2079,10
2079,11
2079,12
2079,13
2079,14
2079,15
2080,0
2080,2
2080,3
2080,4
2080,5
2080,6
2080,7
2080,9
2080,10
2080,11
2080,12
2080,13
2080,14
2080,15
2081,0
2081,1
2081,3
2081,4
2081,5
2081,6
2081,7
2081,8
2081,9
2081,11
2081,12
2081,13
2082,0
2082,1
2082,3
2082,4
2082,5
2082,6
2082,7
2082,9
2082,12
2082,14
2082,15
2083,0
2083,1
2083,2
2083,3
2083,5
2083,6
2083,8
2083,9
2083,10
2083,11
2083,12
2083,13
2083,14
2083,15
2084,0
2084,1
2084,2
2084,3
2084,4
2084,5
2084,6
2084,7
2084,8
2084,10
2084,11
2084,13
2084,14
2084,15
2085,1
2085,3
2085,4
2085,5
2085,6
2085,9
2085,10
2085,11
2085,12
2085,13
2085,14
2085,15
2086,0
2086,1
2086,2
2086,3
2086,4
2086,5
2086,7
2086,8
2086,9
2086,11
2086,12
2086,13
2086,14
2086,15
2087,1
2087,2
2087,3
2087,4
2087,5
2087,6
2087,7
2087,8
2087,10
2087,11
2087,12
2087,13
2087,14
2087,15
2088,0
2088,1
2088,2
2088,4
2088,5
2088,6
2088,7
2088,8
2088,9
2088,10
2088,11
2088,12
2088,13
2088,14
2088,15
2089,2
2089,3
2089,4
2089,5
2089,6
2089,7
2089,9
2089,10
2089,11
2089,12
2089,13
2089,14
2089,15
2090,0
2090,2
2090,4
2090,5
2090,6
2090,9
2090,11
2090,12
2090,13
2090,14
2090,15
2091,0
2091,2
2091,4
2091,5
2091,6
2091,8
2091,9
2091,10
2091,11
2091,12
2091,13
2091,14
2091,15
2092,0
2092,1
2092,2
2092,3
2092,5
2092,7
2092,8
2092,9
2092,10
2092,11
2092,12
2092,13
2092,14
2093,0
2093,1
2093,2
2093,3
2093,4
2093,5
2093,7
2093,11
2093,12
2093,13
2093,14
2093,15
2094,1
2094,2
2094,3
2094,4
2094,7
2094,8
2094,9
2094,11
2094,12
2094,14
2095,0
2095,1
2095,4
2095,7
2095,8
2095,10
2095,11
2095,12
2095,14
2096,0
2096,1
2096,2
2096,4
2096,6
2096,8
2096,9
2096,10
2096,13
2096,15
2097,0
2097,1
2097,2
2097,3
2097,4
2097,5
2097,8
2097,9
2097,11
2097,12
2097,13
2097,14
2097,15
2098,0
2098,1
2098,3
2098,4
2098,5
2098,6
2098,8
2098,9
2098,10
2098,11
2098,13
2098,14
2098,15
2099,0
2099,2
2099,3
2099,4
2099,5
2099,6
2099,7
2099,8
2099,9
2099,10
2099,11
2099,12
2099,13
2099,14
2099,15
2100,0
2100,1
2100,2
2100,3
2100,5
2100,6
2100,7
2100,8
2100,9
2100,10
2100,11
2100,12
2100,13
2100,14
2100,15
2101,0
2101,1
2101,3
2101,4
2101,5
2101,6
2101,7
2101,9
2101,10
2101,14
2101,15
2102,0
2102,1
2102,2
2102,3
2102,4
2102,5
2102,6
2102,7
2102,8
2102,9
2102,10
2102,12
2102,13
2102,14
2102,15
2103,1
2103,2
2103,3
2103,4
2103,5
2103,6
2103,7
2103,8
2103,9
2103,10
2103,11
2103,12
2103,13
2103,15
2104,0
2104,1
2104,2
2104,3
2104,4
2104,5
2104,6
2104,7
2104,8
2104,9
2104,10
2104,11
2104,13
2104,14
2104,15
2105,0
2105,2
2105,3
2105,4
2105,5
2105,6
2105,8
2105,9
2105,11
2105,14
2105,15
2106,0
2106,2
2106,3
2106,4
2106,5
2106,6
2106,7
2106,8
2106,9
2106,10
2106,12
2106,13
2106,14
2106,15
2107,0
2107,2
2107,5
2107,6
2107,9
2107,10
2107,11
2107,12
2107,13
2108,1
2108,2
2108,3
2108,6
2108,7
2108,8
2108,10
2108,11
2108,12
2108,13
2108,14
2108,15
2109,0
2109,1
2109,2
2109,3
2109,4
2109,5
2109,7
2109,8
2109,9
2109,11
2109,12
2109,13
2109,14
2110,0
2110,2
2110,3
2110,4
2110,5
2110,6
2110,7
2110,8
2110,9
2110,10
2110,11
2110,12
2110,13
2110,14
2111,0
2111,1
2111,2
2111,3
2111,4
2111,5
2111,6
2111,8
2111,9
2111,10
2111,13
2111,14
2111,15
2112,0
2112,2
2112,3
2112,5
2112,6
2112,7
2112,8
2112,9
2112,10
2112,11
2112,12
2112,13
2112,14
2112,15
2113,0
2113,1
2113,2
2113,3
2113,4
2113,5
2113,6
2113,8
2113,9
2113,10
2113,12
2113,15
2114,0
2114,1
2114,3
2114,4
2114,6
2114,8
2114,9
2114,11
2114,12
2114,14
2114,15
2115,0
2115,1
2115,2
2115,4
2115,5
2115,6
2115,7
2115,8
2115,9
2115,10
2115,11
2115,12
2115,13
2115,14
2116,0
2116,1
2116,2
2116,3
2116,4
2116,6
2116,7
2116,8
2116,9
2116,10
2116,11
2116,12
2116,13
2116,14
2116,15
2117,0
2117,1
2117,2
2117,3
2117,4
2117,6
2117,7
2117,8
2117,9
2117,10
2117,11
2117,12
2117,14
2117,15
2118,0
2118,3
2118,4
2118,5
2118,7
2118,8
2118,9
2118,10
2118,11
2118,12
2118,13
2118,14
2118,15
2119,0
2119,1
2119,2
2119,3
2119,4
2119,5
2119,6
2119,8
2119,9
2119,11
2119,14
2119,15
2120,0
2120,2
2120,3
2120,4
2120,5
2120,6
2120,7
2120,8
2120,9
2120,10
2120,11
2120,12
2120,15
2121,0
2121,1
2121,2
2121,3
2121,4
2121,5
2121,6
2121,7
2121,8
2121,9
2121,10
2121,11
2121,13
2121,14
2122,0
2122,1
2122,2
2122,3
2122,4
2122,5
2122,6
2122,8
2122,9
2122,10
2122,11
2122,12
2122,13
2122,14
2122,15
2123,0
2123,1
2123,3
2123,5
2123,6
2123,7
2123,9
2123,10
2123,11
2123,12
2123,15
2124,0
2124,1
2124,2
2124,3
2124,4
2124,5
2124,6
2124,7
2124,11
2124,15
2125,0
2125,1
2125,2
2125,3
2125,5
2125,6
2125,7
2125,9
2125,10
2125,11
2125,12
2125,15
2126,0
2126,1
2126,2
2126,3
2126,4
2126,5
2126,6
2126,7
2126,8
2126,9
2126,12
2126,13
2126,14
2126,15
2127,0
2127,1
2127,2
2127,3
2127,4
2127,5
2127,6
2127,7
2127,8
2127,10
2127,11
2127,12
2127,14
2127,15
2128,0
2128,1
2128,2
2128,3
2128,4
2128,5
2128,7
2128,8
2128,10
2128,11
2128,12
2128,14
2128,15
2129,0
2129,1
2129,2
2129,3
2129,6
2129,7
2129,9
2129,10
2129,11
2129,12
2129,13
2129,14
2129,15
2130,0
2130,1
2130,2
2130,4
2130,5
2130,6
2130,8
2130,9
2130,10
2130,11
2130,13
2130,14
2130,15
2131,0
2131,1
2131,2
2131,3
2131,4
2131,5
2131,6
2131,7
2131,8
2131,9
2131,11
2131,12
2131,13
2131,14
2131,15
2132,1
2132,2
2132,3
2132,4
2132,5
2132,6
2132,7
2132,8
2132,10
2132,11
2132,12
2132,13
2132,14
2132,15
2133,0
2133,1
2133,2
2133,3
2133,4
2133,5
2133,6
2133,7
2133,8
2133,10
2133,12
2133,14
2133,15
2134,0
2134,2
2134,3
2134,4
2134,5
2134,6
2134,7
2134,8
2134,10
2134,11
2134,12
2134,13
2134,14
2134,15
2135,1
2135,2
2135,3
2135,5
2135,6
2135,7
2135,8
2135,10
2135,11
2135,12
2135,13
2135,14
2135,15
2136,0
2136,1
2136,4
2136,5
2136,6
2136,7
2136,8
2136,9
2136,10
2136,11
2136,13
2136,14
2136,15
2137,0
2137,1
2137,2
2137,3
2137,4
2137,5
2137,6
2137,7
2137,8
2137,9
2137,10
2137,12
2137,13
2137,14
2137,15
2138,0
2138,1
2138,2
2138,3
2138,4
2138,5
2138,7
2138,8
2138,9
2138,10
2138,12
2138,13
2138,14
2138,15
2139,1
2139,2
2139,3
2139,4
2139,5
2139,6
2139,7
2139,8
2139,12
2139,13
2139,14
2140,0
2140,1
2140,2
2140,3
2140,4
2140,7
2140,8
2140,9
2140,10
2140,12
2140,13
2140,14
2140,15
2141,1
2141,2
2141,3
2141,4
2141,7
2141,8
2141,9
2141,10
2141,11
2141,15
2142,0
2142,1
2142,4
2142,5
2142,8
2142,9
2142,11
2142,12
2142,13
2142,14
2142,15
2143,0
2143,1
2143,3
2143,5
2143,6
2143,7
2143,8
2143,10
2143,11
2143,12
2143,14
2143,15
2144,0
2144,1
2144,2
2144,3
2144,4
2144,5
2144,6
2144,7
2144,8
2144,9
2144,10
2144,11
2144,12
2144,13
2144,14
2144,15
2145,0
2145,1
2145,2
2145,3
2145,4
2145,5
2145,7
2145,8
2145,9
2145,10
2145,11
2145,12
2145,13
2145,14
2146,0
2146,1
2146,2
2146,4
2146,5
2146,6
2146,7
2146,8
2146,9
2146,10
2146,11
2146,12
2146,14
2147,0
2147,1
2147,2
2147,3
2147,5
2147,6
2147,7
2147,8
2147,9
2147,10
2147,12
2147,14
2148,0
2148,2
2148,3
2148,5
2148,7
2148,8
2148,9
2148,11
2148,12
2148,13
2148,14
2148,15
2149,0
2149,1
2149,2
2149,4
2149,5
2149,6
2149,7
2149,8
2149,9
2149,10
2149,11
2149,12
2149,14
2149,15
2150,2
2150,3
2150,4
2150,5
2150,6
2150,7
2150,8
2150,9
2150,10
2150,12
2150,13
2150,14
2150,15
2151,0
2151,1
2151,2
2151,4
2151,6
2151,8
2151,9
2151,10
2151,11
2151,12
2151,13
2151,15
2152,1
2152,2
2152,3
2152,4
2152,6
2152,7
2152,8
2152,9
2152,12
2152,14
2152,15
2153,0
2153,1
2153,2
2153,3
2153,4
2153,7
2153,9
2153,10
2153,11
2153,13
2153,14
2154,0
2154,2
2154,3
2154,5
2154,7
2154,9
2154,11
2154,12
2154,13
2154,14
2154,15
2155,0
2155,1
2155,4
2155,9
2155,12
2155,13
2156,1
2156,4
2156,5
2156,6
2156,7
2156,10
2156,12
2156,14
2156,15
2157,0
2157,1
2157,2
2157,4
2157,5
2157,6
2157,7
2157,8
2157,9
2157,10
2157,11
2157,12
2157,13
2157,14
2157,15
2158,0
2158,2
2158,3
2158,4
2158,9
2158,10
2158,11
2158,12
2158,13
2158,14
2158,15
2159,0
2159,1
2159,3
2159,4
2159,5
2159,7
2159,8
2159,10
2159,12
2159,13
2159,14
2159,15
2160,0
2160,1
2160,2
2160,3
2160,4
2160,6
2160,7
2160,8
2160,9
2160,10
2160,11
2160,12
2160,13
2160,14
2160,15
2161,0
2161,1
2161,2
2161,3
2161,4
2161,5
2161,6
2161,8
2161,9
2161,10
2161,11
2161,14
2161,15
2162,0
2162,1
2162,2
2162,4
2162,5
2162,6
2162,7
2162,8
2162,9
2162,10
2162,11
2162,12
2162,13
2162,14
2162,15
2163,0
2163,1
2163,2
2163,3
2163,5
2163,6
2163,7
2163,8
2163,10
2163,11
2163,12
2163,13
2163,14
2164,0
2164,1
2164,2
2164,3
2164,4
2164,6
2164,8
2164,9
2164,10
2164,12
2164,14
2164,15
2165,0
2165,1
2165,2
2165,4
2165,5
2165,6
2165,8
2165,10
2165,12
2165,13
2165,14
2166,1
2166,2
2166,3
2166,4
2166,5
2166,7
2166,8
2166,9
2166,10
2166,11
2166,12
2166,13
2166,14
2166,15
2167,1
2167,2
2167,3
2167,4
2167,5
2167,6
2167,7
2167,8
2167,9
2167,10
2167,11
2167,12
2167,15
2168,0
2168,1
2168,2
2168,3
2168,4
2168,6
2168,7
2168,8
2168,9
2168,11
2168,12
2168,13
2168,14
2168,15
2169,0
2169,2
2169,3
2169,4
2169,6
2169,7
2169,8
2169,9
2169,10
2169,11
2169,13
2169,14
2169,15
2170,0
2170,2
2170,3
2170,4
2170,5
2170,6
2170,7
2170,8
2170,9
2170,10
2170,11
2170,12
2170,13
2170,14
2170,15
2171,1
2171,6
2171,7
2171,8
2171,9
2171,10
2171,11
2171,12
2171,13
2171,14
2171,15
2172,0
2172,1
2172,2
2172,4
2172,5
2172,6
2172,7
2172,8
2172,10
2172,12
2172,13
2172,14
2172,15
2173,0
2173,1
2173,3
2173,4
2173,5
2173,6
2173,7
2173,8
2173,9
2173,10
2173,11
2173,12
2173,13
2173,14
2173,15
2174,0
2174,1
2174,2
2174,3
2174,4
2174,5
2174,6
2174,7
2174,8
2174,9
2174,10
2174,12
2174,14
2174,15
2175,0
2175,5
2175,6
2175,7
2175,8
2175,9
2175,10
2175,13
2175,15
2176,0
2176,1
2176,3
2176,4
2176,5
2176,6
2176,7
2176,9
2176,11
2176,12
2176,13
2176,14
2176,15
2177,0
2177,1
2177,2
2177,3
2177,4
2177,5
2177,6
2177,7
2177,8
2177,9
2177,10
2177,11
2177,12
2177,13
2177,14
2178,0
2178,1
2178,2
2178,3
2178,5
2178,6
2178,8
2178,12
2178,13
2178,14
2178,15
2179,2
2179,3
2179,5
2179,6
2179,8
2179,9
2179,10
2179,12
2179,13
2179,14
2179,15
2180,0
2180,2
2180,3
2180,4
2180,5
2180,6
2180,8
2180,9
2180,10
2180,11
2180,12
2180,13
2180,14
2180,15
2181,0
2181,1
2181,2
2181,3
2181,4
2181,5
2181,6
2181,9
2181,10
2181,11
2181,12
2181,13
2181,15
2182,0
2182,1
2182,3
2182,5
2182,7
2182,9
2182,10
2182,11
2182,12
2182,13
2182,14
2182,15
2183,0
2183,1
2183,2
2183,3
2183,4
2183,5
2183,7
2183,8
2183,9
2183,10
2183,11
2183,13
2183,14
2183,15
2184,0
2184,1
2184,2
2184,3
2184,4
2184,5
2184,6
2184,7
2184,8
2184,9
2184,10
2184,11
2184,12
2184,13
2184,14
2185,0
2185,1
2185,5
2185,6
2185,7
2185,9
2185,11
2185,12
2185,13
2185,14
2185,15
2186,2
2186,3
2186,4
2186,5
2186,6
2186,7
2186,8
2186,9
2186,10
2186,11
2186,12
2186,14
2186,15
2187,1
2187,3
2187,4
2187,5
2187,8
2187,12
2187,13
2187,14
2188,0
2188,1
2188,3
2188,4
2188,5
2188,8
2188,9
2188,10
2188,11
2188,13
2188,14
2188,15
2189,0
2189,1
2189,3
2189,4
2189,5
2189,6
2189,7
2189,8
2189,9
2189,10
2189,13
2189,14
2189,15
2190,1
2190,2
2190,3
2190,4
2190,5
2190,6
2190,7
2190,8
2190,9
2190,10
2190,11
2190,12
2190,13
2190,15
2191,1
2191,3
2191,4
2191,5
2191,6
2191,10
2191,11
2191,12
2191,13
2191,14
2191,15
2192,0
2192,1
2192,2
2192,3
2192,4
2192,5
2192,6
2192,7
2192,9
2192,10
2192,12
2192,13
2192,14
2192,15
2193,0
2193,1
2193,2
2193,3
2193,5
2193,6
2193,7
2193,9
2193,10
2193,11
2193,13
2193,15
2194,0
2194,3
2194,5
2194,6
2194,7
2194,8
2194,9
2194,10
2194,11
2194,12
2195,1
2195,4
2195,5
2195,6
2195,7
2195,8
2195,9
2195,10
2195,11
2195,12
2195,13
2195,14
2195,15
2196,0
2196,1
2196,2
2196,4
2196,6
2196,7
2196,8
2196,9
2196,10
2196,11
2196,12
2196,13
2196,14
2197,1
2197,2
2197,4
2197,5
2197,6
2197,7
2197,8
2197,9
2197,10
2197,11
2197,12
2197,14
2197,15
2198,0
2198,2
2198,4
2198,5
2198,6
2198,7
2198,8
2198,9
2198,10
2198,11
2198,12
2198,13
2198,15
2199,0
2199,1
2199,2
2199,3
2199,4
2199,5
2199,6
2199,7
2199,9
2199,10
2199,11
2199,12
2199,13
2199,14
2199,15
2200,1
2200,4
2200,5
2200,6
2200,7
2200,8
2200,9
2200,10
2200,12
2200,13
2200,15
2201,0
2201,1
2201,2
2201,3
2201,4
2201,6
2201,7
2201,8
2201,10
2201,13
2201,14
2201,15
2202,0
2202,1
2202,2
2202,4
2202,6
2202,7
2202,11
2202,13
2202,15
2203,0
2203,1
2203,2
2203,3
2203,4
2203,5
2203,6
2203,7
2203,8
2203,9
2203,10
2203,11
2203,13
2203,14
2203,15
2204,1
2204,3
2204,5
2204,7
2204,8
2204,9
2204,11
2204,12
2204,13
2204,14
2204,15
2205,0
2205,2
2205,3
2205,4
2205,5
2205,6
2205,7
2205,8
2205,9
2205,10
2205,11
2205,12
2205,13
2205,14
2205,15
2206,0
2206,1
2206,2
2206,4
2206,5
2206,6
2206,7
2206,8
2206,9
2206,10
2206,12
2206,14
2206,15
2207,0
2207,1
2207,4
2207,5
2207,6
2207,7
2207,8
2207,9
2207,10
2207,11
2207,13
2207,15
2208,0
2208,2
2208,3
2208,4
2208,6
2208,7
2208,8
2208,9
2208,11
2208,12
2208,13
2208,15
2209,0
2209,2
2209,3
2209,4
2209,5
2209,6
2209,7
2209,8
2209,10
2209,11
2209,13
2209,15
2210,0
2210,1
2210,4
2210,5
2210,8
2210,9
2210,10
2210,12
2210,13
2210,14
2210,15
2211,1
2211,2
2211,4
2211,5
2211,6
2211,7
2211,9
2211,10
2211,11
2211,12
2211,13
2211,14
2211,15
2212,0
2212,1
2212,2
2212,3
2212,5
2212,6
2212,8
2212,9
2212,10
2212,11
2212,12
2212,14
2212,15
2213,1
2213,2
2213,3
2213,4
2213,6
2213,7
2213,8
2213,9
2213,10
2213,11
2213,12
2213,13
2213,14
2213,15
2214,0
2214,2
2214,3
2214,4
2214,5
2214,6
2214,7
2214,8
2214,9
2214,10
2214,12
2214,13
2214,14
2214,15
2215,0
2215,1
2215,2
2215,3
2215,4
2215,5
2215,7
2215,8
2215,9
2215,10
2215,11
2215,12
2215,14
2216,0
2216,1
2216,2
2216,4
2216,5
2216,6
2216,7
2216,8
2216,9
2216,10
2216,11
2216,12
2216,13
2216,14
2217,2
2217,3
2217,6
2217,7
2217,8
2217,9
2217,11
2217,12
2217,14
2217,15
2218,0
2218,1
2218,2
2218,3
2218,4
2218,5
2218,7
2218,8
2218,10
2218,11
2218,13
2218,14
2218,15
2219,0
2219,1
2219,2
2219,3
2219,4
2219,5
2219,6
2219,7
2219,8
2219,9
2219,10
2219,11
2219,12
2219,13
2219,14
2220,1
2220,2
2220,4
2220,6
2220,7
2220,8
2220,9
2220,10
2220,12
2220,13
2220,15
2221,0
2221,1
2221,2
2221,3
2221,4
2221,5
2221,6
2221,7
2221,8
2221,9
2221,10
2221,11
2221,12
2221,13
2221,14
2221,15
2222,0
2222,1
2222,2
2222,3
2222,4
2222,5
2222,6
2222,8
2222,9
2222,10
2222,13
2222,14
2222,15
2223,0
2223,1
2223,2
2223,3
2223,5
2223,6
2223,7
2223,9
2223,10
2223,11
2223,12
2223,15
2224,0
2224,1
2224,2
2224,3
2224,4
2224,5
2224,6
2224,7
2224,8
2224,10
2224,11
2224,12
2224,13
2225,1
2225,2
2225,3
2225,4
2225,5
2225,7
2225,9
2225,10
2225,11
2225,12
2225,13
2225,14
2225,15
2226,0
2226,1
2226,2
2226,3
2226,4
2226,5
2226,6
2226,7
2226,8
2226,11
2226,13
2226,14
2226,15
2227,0
2227,1
2227,3
2227,5
2227,6
2227,7
2227,8
2227,9
2227,10
2227,11
2227,13
2227,14
2227,15
2228,1
2228,2
2228,3
2228,4
2228,5
2228,6
2228,8
2228,9
2228,10
2228,11
2228,12
2228,13
2228,14
2228,15
2229,0
2229,1
2229,2
2229,3
2229,4
2229,5
2229,7
2229,8
2229,9
2229,10
2229,11
2229,12
2229,13
2229,14
2229,15
2230,0
2230,2
2230,4
2230,5
2230,6
2230,7
2230,8
2230,9
2230,11
2230,12
2230,13
2230,14
2231,0
2231,1
2231,2
2231,3
2231,4
2231,6
2231,7
2231,8
2231,9
2231,10
2231,11
2231,12
2231,14
2231,15
2232,0
2232,1
2232,2
2232,4
2232,5
2232,6
2232,7
2232,10
2232,11
2232,12
2232,14
2232,15
2233,0
2233,1
2233,2
2233,3
2233,4
2233,5
2233,6
2233,8
2233,10
2233,11
2233,13
2233,14
2234,1
2234,2
2234,3
2234,4
2234,5
2234,6
2234,7
2234,8
2234,9
2234,10
2234,11
2234,12
2234,13
2234,15
2235,0
2235,1
2235,2
2235,3
2235,4
2235,5
2235,6
2235,7
2235,8
2235,9
2235,10
2235,11
2235,12
2235,13
2235,14
2235,15
2236,0
2236,1
2236,3
2236,4
2236,5
2236,6
2236,7
2236,8
2236,9
2236,10
2236,11
2236,13
2236,14
2236,15
2237,2
2237,3
2237,5
2237,6
2237,7
2237,8
2237,9
2237,10
2237,11
2237,12
2237,15
2238,1
2238,2
2238,3
2238,5
2238,6
2238,7
2238,8
2238,9
2238,10
2238,11
2238,12
2238,13
2238,15
2239,0
2239,1
2239,3
2239,6
2239,7
2239,8
2239,9
2239,10
2239,11
2239,12
2239,13
2239,14
2240,0
2240,1
2240,2
2240,3
2240,4
2240,5
2240,7
2240,8
2240,9
2240,10
2240,12
2240,13
2240,14
2240,15
2241,0
2241,1
2241,2
2241,4
2241,5
2241,6
2241,7
2241,8
2241,9
2241,10
2241,11
2241,12
2241,13
2241,14
2241,15
2242,0
2242,1
2242,2
2242,3
2242,4
2242,5
2242,7
2242,8
2242,9
2242,10
2242,11
2242,12
2242,13
2242,14
2243,2
2243,3
2243,4
2243,5
2243,6
2243,7
2243,8
2243,9
2243,10
2243,11
2243,12
2243,13
2243,14
2243,15
2244,0
2244,1
2244,2
2244,3
2244,4
2244,5
2244,6
2244,7
2244,8
2244,9
2244,10
2244,11
2244,12
2244,13
2244,14
2244,15
2245,0
2245,2
2245,3
2245,5
2245,6
2245,7
2245,8
2245,9
2245,10
2245,11
2245,12
2245,14
2245,15
2246,1
2246,2
2246,3
2246,4
2246,5
2246,6
2246,7
2246,8
2246,9
2246,10
2246,11
2246,12
2246,14
2246,15
2247,1
2247,2
2247,3
2247,4
2247,5
2247,6
2247,10
2247,11
2247,12
2247,14
2247,15
2248,0
2248,1
2248,2
2248,3
2248,5
2248,6
2248,7
2248,8
2248,9
2248,10
2248,11
2248,12
2248,13
2248,14
2249,0
2249,1
2249,2
2249,4
2249,7
2249,8
2249,11
2249,12
2249,13
2249,14
2249,15
2250,0
2250,1
2250,2
2250,3
2250,4
2250,5
2250,8
2250,9
2250,10
2250,11
2250,12
2250,13
2250,14
2251,0
2251,1
2251,2
2251,3
2251,5
2251,6
2251,8
2251,9
2251,10
2251,11
2251,13
2251,14
2251,15
2252,0
2252,1
2252,2
2252,3
2252,5
2252,7
2252,8
2252,9
2252,10
2252,11
2252,12
2252,14
2253,0
2253,1
2253,2
2253,3
2253,4
2253,5
2253,7
2253,8
2253,9
2253,10
2253,11
2253,12
2253,13
2253,14
2253,15
2254,0
2254,3
2254,4
2254,5
2254,6
2254,9
2254,11
2254,13
2254,14
2254,15
2255,0
2255,1
2255,3
2255,4
2255,5
2255,6
2255,8
2255,9
2255,10
2255,11
2255,12
2255,13
2255,14
2255,15
2256,0
2256,1
2256,2
2256,3
2256,4
2256,5
2256,6
2256,7
2256,8
2256,9
2256,10
2256,11
2256,12
2256,14
2256,15
2257,0
2257,1
2257,2
2257,3
2257,4
2257,5
2257,6
2257,7
2257,8
2257,9
2257,10
2257,11
2257,12
2257,13
2257,14
2257,15
2258,0
2258,2
2258,3
2258,5
2258,7
2258,9
2258,10
2258,12
2258,13
2258,15
2259,0
2259,2
2259,3
2259,4
2259,5
2259,6
2259,7
2259,8
2259,9
2259,10
2259,11
2259,12
2259,13
2259,14
2259,15
2260,0
2260,2
2260,3
2260,4
2260,6
2260,7
2260,8
2260,10
2260,13
2260,14
2261,1
2261,3
2261,4
2261,5
2261,7
2261,9
2261,10
2261,11
2261,12
2261,13
2261,14
2261,15
2262,0
2262,1
2262,3
2262,4
2262,5
2262,6
2262,8
2262,9
2262,10
2262,11
2262,13
2262,14
2262,15
2263,0
2263,1
2263,3
2263,4
2263,5
2263,6
2263,7
2263,9
2263,10
2263,11
2263,12
2263,13
2263,14
2263,15
2264,0
2264,1
2264,2
2264,3
2264,4
2264,5
2264,6
2264,7
2264,8
2264,9
2264,10
2264,11
2264,12
2265,0
2265,2
2265,4
2265,5
2265,6
2265,7
2265,8
2265,9
2265,10
2265,11
2265,12
2265,13
2265,14
2265,15
2266,0
2266,1
2266,2
2266,3
2266,4
2266,5
2266,6
2266,7
2266,8
2266,9
2266,10
2266,11
2266,12
2266,13
2266,14
2267,0
2267,1
2267,2
2267,3
2267,4
2267,5
2267,6
2267,8
2267,9
2267,10
2267,11
2267,12
2267,13
2267,15
2268,1
2268,3
2268,4
2268,5
2268,6
2268,7
2268,8
2268,10
2268,11
2268,12
2268,14
2268,15
2269,0
2269,1
2269,3
2269,4
2269,5
2269,6
2269,7
2269,8
2269,9
2269,10
2269,11
2269,12
2269,13
2269,14
2269,15
2270,0
2270,1
2270,2
2270,3
2270,5
2270,6
2270,8
2270,10
2270,12
2270,13
2270,14
2270,15
2271,0
2271,1
2271,2
2271,3
2271,4
2271,5
2271,7
2271,8
2271,10
2271,11
2271,12
2271,13
2271,14
2271,15
2272,0
2272,1
2272,2
2272,3
2272,5
2272,7
2272,10
2272,11
2272,12
2272,13
2272,15
2273,1
2273,2
2273,3
2273,4
2273,5
2273,6
2273,7
2273,9
2273,10
2273,11
2273,12
2273,13
2273,14
2273,15
2274,1
2274,2
2274,3
2274,4
2274,6
2274,7
2274,8
2274,9
2274,10
2274,12
2274,13
2274,14
2274,15
2275,0
2275,2
2275,3
2275,5
2275,7
2275,8
2275,10
2275,11
2275,12
2275,13
2275,14
2275,15
2276,0
2276,1
2276,2
2276,3
2276,4
2276,6
2276,8
2276,9
2276,11
2276,12
2276,13
2276,15
2277,1
2277,2
2277,5
2277,6
2277,7
2277,12
2277,14
2278,0
2278,1
2278,2
2278,3
2278,4
2278,5
2278,6
2278,9
2278,11
2278,12
2278,13
2278,14
2278,15
2279,1
2279,2
2279,3
2279,5
2279,6
2279,8
2279,9
2279,10
2279,11
2279,12
2279,14
2280,0
2280,1
2280,3
2280,4
2280,5
2280,6
2280,7
2280,8
2280,9
2280,10
2280,12
2280,13
2280,14
2280,15
2281,1
2281,2
2281,3
2281,4
2281,6
2281,7
2281,8
2281,10
2281,11
2281,12
2281,14
2281,15
2282,3
2282,4
2282,5
2282,7
2282,10
2282,11
2282,12
2282,13
2282,14
2282,15
2283,0
2283,2
2283,3
2283,4
2283,5
2283,6
2283,7
2283,8
2283,9
2283,10
2283,11
2283,12
2283,13
2283,14
2284,0
2284,1
2284,2
2284,3
2284,4
2284,7
2284,8
2284,9
2284,10
2284,11
2284,12
2284,13
2284,14
2284,15
2285,0
2285,1
2285,2
2285,3
2285,4
2285,5
2285,6
2285,7
2285,9
2285,11
2285,13
2285,14
2285,15
2286,0
2286,1
2286,4
2286,5
2286,6
2286,8
2286,9
2286,10
2286,11
2286,12
2286,13
2286,14
2286,15
2287,0
2287,1
2287,2
2287,3
2287,4
2287,5
2287,6
2287,8
2287,9
2287,10
2287,11
2287,12
2287,13
2287,15
2288,0
2288,1
2288,3
2288,5
2288,6
2288,7
2288,8
2288,9
2288,10
2288,11
2288,12
2288,13
2288,14
2288,15
2289,0
2289,1
2289,2
2289,3
2289,4
2289,7
2289,8
2289,9
2289,12
2289,13
2289,14
2289,15
2290,0
2290,1
2290,2
2290,3
2290,4
2290,6
2290,7
2290,8
2290,9
2290,10
2290,11
2290,12
2290,14
2290,15
2291,0
2291,1
2291,2
2291,3
2291,4
2291,5
2291,6
2291,7
2291,8
2291,9
2291,10
2291,11
2291,13
2291,14
2292,0
2292,1
2292,2
2292,3
2292,4
2292,5
2292,6
2292,7
2292,8
2292,9
2292,10
2292,11
2292,12
2292,13
2292,14
2292,15
2293,0
2293,1
2293,5
2293,6
2293,7
2293,8
2293,9
2293,10
2293,11
2293,12
2293,13
2293,14
2293,15
2294,0
2294,1
2294,2
2294,3
2294,4
2294,6
2294,7
2294,8
2294,9
2294,10
2294,11
2294,13
2294,14
2294,15
2295,0
2295,1
2295,2
2295,4
2295,5
2295,7
2295,9
2295,10
2295,12
2295,13
2295,14
2295,15
2296,0
2296,1
2296,2
2296,3
2296,5
2296,6
2296,7
2296,8
2296,9
2296,10
2296,11
2296,12
2296,13
2296,14
2296,15
2297,0
2297,1
2297,2
2297,3
2297,7
2297,8
2297,9
2297,10
2297,12
2297,13
2297,14
2298,0
2298,1
2298,2
2298,3
2298,5
2298,6
2298,7
2298,8
2298,9
2298,10
2298,11
2298,12
2298,13
2298,14
2298,15
2299,0
2299,1
2299,2
2299,3
2299,4
2299,5
2299,6
2299,7
2299,8
2299,9
2299,10
2299,12
2299,13
2299,14
2300,0
2300,1
2300,2
2300,3
2300,4
2300,5
2300,6
2300,8
2300,9
2300,10
2300,12
2300,13
2300,14
2301,0
2301,1
2301,2
2301,3
2301,4
2301,5
2301,6
2301,7
2301,8
2301,11
2301,12
2301,13
2301,15
2302,0
2302,1
2302,3
2302,5
2302,6
2302,7
2302,8
2302,9
2302,10
2302,11
2302,12
2302,13
2302,14
2302,15
2303,0
2303,1
2303,2
2303,3
2303,4
2303,5
2303,8
2303,9
2303,10
2303,11
2303,12
2303,13
2304,0
2304,1
2304,2
2304,3
2304,4
2304,5
2304,6
2304,7
2304,8
2304,9
2304,10
2304,11
2304,13
2304,14
2305,0
2305,1
2305,2
2305,4
2305,6
2305,7
2305,8
2305,9
2305,10
2305,11
2305,13
2305,14
2305,15
2306,0
2306,1
2306,2
2306,3
2306,4
2306,5
2306,7
2306,8
2306,10
2306,13
2306,14
2306,15
2307,1
2307,3
2307,4
2307,5
2307,6
2307,7
2307,8
2307,9
2307,11
2307,13
2307,14
2308,0
2308,1
2308,2
2308,4
2308,5
2308,6
2308,8
2308,9
2308,10
2308,11
2308,12
2308,13
2308,14
2309,0
2309,2
2309,3
2309,4
2309,5
2309,7
2309,9
2309,10
2309,11
2309,13
2309,14
2309,15
2310,0
2310,2
2310,3
2310,4
2310,5
2310,6
2310,7
2310,8
2310,9
2310,11
2310,12
2310,13
2311,1
2311,2
2311,3
2311,5
2311,6
2311,7
2311,9
2311,10
2311,11
2311,12
2311,14
2311,15
2312,1
2312,2
2312,3
2312,5
2312,6
2312,7
2312,8
2312,9
2312,10
2312,11
2312,12
2312,15
2313,0
2313,1
2313,2
2313,3
2313,4
2313,5
2313,6
2313,7
2313,8
2313,9
2313,10
2313,11
2313,12
2313,13
2313,14
2314,0
2314,1
2314,3
2314,5
2314,6
2314,8
2314,9
2314,10
2314,12
2314,13
2314,14
2314,15
2315,0
2315,1
2315,2
2315,3
2315,4
2315,5
2315,6
2315,7
2315,8
2315,9
2315,11
2315,13
2315,14
2315,15
2316,0
2316,2
2316,5
2316,6
2316,8
2316,9
2316,11
2316,12
2316,15
2317,0
2317,2
2317,3
2317,4
2317,5
2317,6
2317,8
2317,9
2317,10
2317,11
2317,12
2317,13
2317,14
2317,15
2318,0
2318,1
2318,2
2318,3
2318,4
2318,5
2318,6
2318,7
2318,8
2318,10
2318,11
2318,13
2318,14
2319,0
2319,1
2319,2
2319,3
2319,4
2319,6
2319,7
2319,9
2319,10
2319,11
2319,12
2319,13
2320,0
2320,1
2320,2
2320,3
2320,4
2320,5
2320,6
2320,7
2320,9
2320,10
2320,11
2320,13
2320,15
2321,0
2321,1
2321,3
2321,4
2321,5
2321,6
2321,7
2321,8
2321,9
2321,10
2321,13
2321,14
2321,15
2322,0
2322,1
2322,2
2322,3
2322,5
2322,6
2322,8
2322,9
2322,10
2322,14
2322,15
2323,0
2323,1
2323,2
2323,3
2323,4
2323,5
2323,6
2323,7
2323,8
2323,9
2323,10
2323,11
2323,12
2323,13
2323,14
2323,15
2324,0
2324,1
2324,3
2324,4
2324,5
2324,7
2324,8
2324,9
2324,10
2324,11
2324,12
2324,13
2324,14
2324,15
2325,1
2325,2
2325,3
2325,5
2325,6
2325,10
2325,11
2325,12
2325,13
2325,14
2325,15
2326,0
2326,1
2326,2
2326,3
2326,4
2326,5
2326,7
2326,8
2326,10
2326,11
2326,12
2326,13
2326,14
2327,0
2327,1
2327,3
2327,5
2327,6
2327,7
2327,8
2327,9
2327,10
2327,11
2327,12
2327,13
2327,15
2328,0
2328,2
2328,4
2328,5
2328,6
2328,7
2328,8
2328,9
2328,10
2328,11
2328,12
2328,13
2328,14
2328,15
2329,0
2329,1
2329,2
2329,3
2329,4
2329,7
2329,8
2329,9
2329,10
2329,11
2329,12
2329,14
2329,15
2330,0
2330,1
2330,2
2330,3
2330,4
2330,6
2330,7
2330,9
2330,10
2330,12
2330,13
2331,0
2331,1
2331,2
2331,3
2331,4
2331,6
2331,7
2331,8
2331,9
2331,10
2331,12
2331,13
2331,14
2331,15
2332,2
2332,3
2332,4
2332,5
2332,6
2332,7
2332,8
2332,12
2332,13
2332,14
2332,15
2333,0
2333,1
2333,2
2333,3
2333,4
2333,5
2333,7
2333,9
2333,10
2333,11
2333,12
2333,13
2333,15
2334,0
2334,1
2334,2
2334,3
2334,4
2334,5
2334,6
2334,7
2334,8
2334,9
2334,10
2334,11
2334,12
2334,14
2334,15
2335,0
2335,1
2335,2
2335,5
2335,6
2335,7
2335,8
2335,9
2335,10
2335,11
2335,12
2335,13
2336,1
2336,2
2336,3
2336,4
2336,5
2336,7
2336,8
2336,9
2336,11
2336,13
2336,14
2336,15
2337,0
2337,1
2337,2
2337,4
2337,5
2337,6
2337,7
2337,8
2337,9
2337,10
2337,11
2337,13
2337,14
2337,15
2338,0
2338,1
2338,2
2338,3
2338,4
2338,5
2338,6
2338,7
2338,8
2338,9
2338,11
2338,12
2338,14
2338,15
2339,1
2339,3
2339,4
2339,6
2339,7
2339,8
2339,9
2339,10
2339,11
2339,12
2339,13
2339,14
2339,15
2340,0
2340,3
2340,4
2340,5
2340,6
2340,7
2340,8
2340,12
2340,13
2340,14
2340,15
2341,1
2341,2
2341,3
2341,4
2341,5
2341,6
2341,7
2341,8
2341,9
2341,10
2341,11
2341,12
2341,13
2341,14
2341,15
2342,1
2342,3
2342,4
2342,5
2342,6
2342,7
2342,9
2342,10
2342,11
2342,14
2342,15
2343,1
2343,2
2343,3
2343,4
2343,7
2343,8
2343,10
2343,11
2343,12
2343,13
2343,14
2343,15
2344,1
2344,2
2344,3
2344,4
2344,5
2344,6
2344,7
2344,8
2344,9
2344,11
2344,12
2344,13
2344,14
2344,15
2345,0
2345,1
2345,2
2345,3
2345,4
2345,5
2345,6
2345,7
2345,8
2345,9
2345,10
2345,11
2345,12
2345,13
2345,14
2345,15
2346,0
2346,1
2346,2
2346,3
2346,4
2346,5
2346,6
2346,7
2346,8
2346,9
2346,10
2346,11
2346,12
2346,13
2346,14
2347,0
2347,1
2347,2
2347,3
2347,4
2347,5
2347,6
2347,7
2347,8
2347,9
2347,10
2347,11
2347,12
2347,13
2347,14
2347,15
2348,1
2348,3
2348,4
2348,5
2348,6
2348,7
2348,8
2348,9
2348,10
2348,11
2348,12
2348,13
2348,14
2348,15
2349,0
2349,1
2349,3
2349,4
2349,5
2349,7
2349,8
2349,9
2349,10
2349,11
2349,12
2349,13
2349,14
2349,15
2350,0
2350,2
2350,3
2350,4
2350,5
2350,6
2350,9
2350,11
2350,13
2350,14
2350,15
2351,0
2351,1
2351,2
2351,3
2351,4
2351,5
2351,6
2351,7
2351,8
2351,10
2351,11
2351,12
2351,13
2351,15
2352,0
2352,1
2352,2
2352,3
2352,4
2352,6
2352,7
2352,8
2352,9
2352,10
2352,11
2352,12
2352,13
2352,14
2352,15
2353,0
2353,1
2353,2
2353,3
2353,5
2353,6
2353,7
2353,8
2353,9
2353,10
2353,12
2353,14
2353,15
2354,1
2354,2
2354,3
2354,4
2354,6
2354,7
2354,8
2354,9
2354,11
2354,13
2354,15
2355,1
2355,3
2355,4
2355,6
2355,7
2355,8
2355,9
2355,10
2355,11
2355,12
2355,13
2355,14
2356,0
2356,1
2356,2
2356,4
2356,5
2356,6
2356,7
2356,8
2356,9
2356,10
2356,11
2356,12
2356,14
2356,15
2357,0
2357,1
2357,2
2357,3
2357,6
2357,7
2357,9
2357,10
2357,11
2357,12
2357,13
2357,14
2358,0
2358,1
2358,2
2358,3
2358,4
2358,5
2358,6
2358,7
2358,8
2358,9
2358,10
2358,11
2358,12
2358,14
2358,15
2359,1
2359,2
2359,3
2359,4
2359,5
2359,6
2359,7
2359,8
2359,9
2359,10
2359,11
2359,12
2359,14
2359,15
2360,0
2360,1
2360,2
2360,3
2360,4
2360,5
2360,6
2360,7
2360,8
2360,9
2360,10
2360,11
2360,13
2360,14
2361,1
2361,2
2361,3
2361,4
2361,5
2361,6
2361,8
2361,9
2361,11
2361,12
2361,14
2361,15
2362,1
2362,2
2362,3
2362,4
2362,5
2362,6
2362,7
2362,8
2362,9
2362,10
2362,11
2362,12
2362,13
2362,14
2362,15
2363,1
2363,2
2363,3
2363,5
2363,6
2363,7
2363,9
2363,10
2363,11
2363,13
2363,14
2363,15
2364,0
2364,2
2364,3
2364,4
2364,5
2364,7
2364,8
2364,9
2364,10
2364,12
2364,13
2364,14
2365,0
2365,1
2365,2
2365,3
2365,4
2365,5
2365,6
2365,7
2365,8
2365,9
2365,14
2365,15
2366,1
2366,2
2366,3
2366,5
2366,6
2366,7
2366,8
2366,9
2366,10
2366,11
2366,13
2366,14
2366,15
2367,0
2367,1
2367,2
2367,4
2367,5
2367,6
2367,7
2367,8
2367,9
2367,10
2367,11
2367,12
2367,13
2367,14
2367,15
2368,0
2368,2
2368,3
2368,7
2368,8
2368,9
2368,11
2368,14
2368,15
2369,2
2369,3
2369,4
2369,7
2369,9
2369,10
2369,11
2369,13
2369,14
2369,15
2370,0
2370,1
2370,2
2370,3
2370,4
2370,5
2370,6
2370,7
2370,8
2370,9
2370,10
2370,11
2370,13
2370,14
2370,15
2371,0
2371,1
2371,2
2371,3
2371,4
2371,5
2371,6
2371,7
2371,13
2371,14
2371,15
2372,0
2372,1
2372,2
2372,3
2372,4
2372,5
2372,6
2372,7
2372,8
2372,10
2372,13
2372,15
2373,0
2373,2
2373,3
2373,5
2373,6
2373,7
2373,8
2373,10
2373,11
2373,12
2373,13
2373,14
2374,0
2374,1
2374,2
2374,3
2374,4
2374,5
2374,6
2374,7
2374,8
2374,10
2374,11
2374,12
2374,13
2374,14
2374,15
2375,0
2375,1
2375,2
2375,3
2375,4
2375,5
2375,6
2375,7
2375,8
2375,9
2375,10
2375,11
2375,13
2376,0
2376,1
2376,2
2376,4
2376,5
2376,6
2376,7
2376,8
2376,9
2376,10
2376,11
2376,12
2376,13
2376,14
2377,0
2377,1
2377,2
2377,4
2377,5
2377,6
2377,7
2377,9
2377,10
2377,11
2377,12
2377,14
2377,15
2378,1
2378,2
2378,3
2378,4
2378,5
2378,6
2378,7
2378,8
2378,9
2378,10
2378,11
2378,12
2378,13
2378,14
2378,15
2379,0
2379,1
2379,2
2379,3
2379,4
2379,5
2379,6
2379,7
2379,9
2379,10
2379,11
2379,12
2379,13
2379,14
2379,15
2380,2
2380,3
2380,4
2380,5
2380,6
2380,7
2380,10
2380,11
2380,14
2380,15
2381,0
2381,1
2381,2
2381,3
2381,4
2381,5
2381,6
2381,7
2381,8
2381,9
2381,10
2381,11
2381,13
2381,14
2381,15
2382,0
2382,1
2382,3
2382,5
2382,6
2382,7
2382,8
2382,9
2382,11
2382,12
2382,13
2382,15
2383,0
2383,1
2383,3
2383,4
2383,5
2383,6
2383,7
2383,8
2383,10
2383,11
2383,12
2383,13
2383,15
2384,0
2384,2
2384,3
2384,4
2384,5
2384,6
2384,8
2384,9
2384,11
2384,13
2384,14
2384,15
2385,0
2385,1
2385,2
2385,3
2385,4
2385,5
2385,7
2385,8
2385,9
2385,10
2385,11
2385,12
2385,13
2385,14
2385,15
2386,0
2386,1
2386,2
2386,3
2386,4
2386,5
2386,6
2386,7
2386,9
2386,11
2386,12
2386,14
2386,15
2387,0
2387,1
2387,3
2387,4
2387,5
2387,6
2387,7
2387,8
2387,9
2387,10
2387,11
2387,12
2387,13
2387,14
2387,15
2388,0
2388,1
2388,2
2388,3
2388,4
2388,5
2388,6
2388,7
2388,8
2388,9
2388,10
2388,11
2388,12
2388,14
2388,15
2389,0
2389,1
2389,2
2389,3
2389,4
2389,6
2389,7
2389,9
2389,10
2389,11
2389,12
2389,13
2389,14
2389,15
2390,0
2390,1
2390,2
2390,6
2390,7
2390,8
2390,9
2390,10
2390,11
2390,12
2390,13
2390,14
2390,15
2391,0
2391,1
2391,2
2391,3
2391,4
2391,6
2391,7
2391,8
2391,9
2391,10
2391,12
2391,13
2391,14
2391,15
2392,0
2392,2
2392,3
2392,4
2392,5
2392,6
2392,7
2392,8
2392,9
2392,10
2392,11
2392,12
2392,14
2393,0
2393,1
2393,4
2393,5
2393,6
2393,7
2393,8
2393,12
2393,13
2393,14
2393,15
2394,0
2394,1
2394,2
2394,3
2394,4
2394,5
2394,6
2394,8
2394,9
2394,10
2394,11
2394,12
2394,13
2395,0
2395,1
2395,2
2395,4
2395,7
2395,9
2395,10
2395,12
2395,15
2396,0
2396,1
2396,3
2396,4
2396,5
2396,7
2396,9
2396,11
2396,12
2396,13
2396,14
2396,15
2397,1
2397,3
2397,4
2397,5
2397,6
2397,7
2397,9
2397,10
2397,12
2397,13
2397,14
2397,15
2398,0
2398,1
2398,2
2398,4
2398,5
2398,6
2398,7
2398,8
2398,9
2398,10
2398,11
2398,12
2398,13
2398,14
2398,15
2399,1
2399,2
2399,3
2399,4
2399,5
2399,6
2399,7
2399,9
2399,10
2399,11
2399,12
2399,13
2399,14
2400,0
2400,1
2400,2
2400,3
2400,4
2400,5
2400,6
2400,7
2400,8
2400,9
2400,10
2400,11
2400,12
2400,15
2401,0
2401,1
2401,2
2401,3
2401,5
2401,6
2401,9
2401,10
2401,11
2401,12
2401,14
2401,15
2402,0
2402,1
2402,3
2402,4
2402,5
2402,8
2402,9
2402,10
2402,11
2402,13
2403,0
2403,1
2403,2
2403,3
2403,5
2403,6
2403,7
2403,8
2403,9
2403,10
2403,11
2403,12
2403,15
2404,0
2404,1
2404,2
2404,3
2404,4
2404,6
2404,7
2404,8
2404,11
2404,13
2404,14
2404,15
2405,0
2405,1
2405,2
2405,3
2405,4
2405,5
2405,7
2405,8
2405,9
2405,11
2405,12
2406,1
2406,2
2406,3
2406,4
2406,5
2406,6
2406,7
2406,8
2406,9
2406,10
2406,11
2406,12
2406,13
2406,14
2407,0
2407,1
2407,2
2407,3
2407,5
2407,6
2407,7
2407,8
2407,9
2407,10
2407,11
2407,12
2407,13
2407,14
2407,15
2408,1
2408,2
2408,4
2408,5
2408,6
2408,7
2408,8
2408,11
2408,12
2408,13
2408,14
2409,0
2409,1
2409,2
2409,4
2409,5
2409,7
2409,9
2409,10
2409,11
2409,12
2409,13
2409,14
2409,15
2410,0
2410,1
2410,2
2410,3
2410,4
2410,5
2410,6
2410,8
2410,9
2410,10
2410,11
2410,12
2410,13
2410,14
2410,15
2411,0
2411,1
2411,2
2411,3
2411,4
2411,5
2411,6
2411,7
2411,8
2411,9
2411,10
2411,12
2411,13
2411,14
2411,15
2412,0
2412,3
2412,4
2412,5
2412,7
2412,8
2412,9
2412,10
2412,11
2412,12
2412,14
2412,15
2413,0
2413,1
2413,3
2413,4
2413,5
2413,6
2413,7
2413,8
2413,9
2413,10
2413,12
2413,13
2413,14
2413,15
2414,4
2414,5
2414,6
2414,7
2414,8
2414,9
2414,10
2414,12
2414,13
2414,14
2415,0
2415,1
2415,2
2415,3
2415,4
2415,6
2415,7
2415,8
2415,9
2415,10
2415,11
2415,12
2415,13
2415,14
2415,15
2416,0
2416,1
2416,2
2416,3
2416,4
2416,7
2416,9
2416,10
2416,11
2416,12
2416,13
2416,14
2417,0
2417,1
2417,3
2417,4
2417,5
2417,6
2417,7
2417,8
2417,9
2417,10
2417,11
2417,12
2417,13
2417,15
2418,0
2418,1
2418,3
2418,6
2418,7
2418,8
2418,9
2418,12
2418,13
2418,14
2418,15
2419,1
2419,2
2419,3
2419,4
2419,6
2419,7
2419,8
2419,9
2419,10
2419,12
2419,13
2419,14
2419,15
2420,0
2420,1
2420,3
2420,4
2420,5
2420,6
2420,7
2420,8
2420,10
2420,11
2420,12
2420,13
2420,14
2420,15
2421,0
2421,1
2421,2
2421,3
2421,4
2421,5
2421,6
2421,7
2421,8
2421,9
2421,10
2421,11
2421,13
2421,14
2421,15
2422,0
2422,1
2422,2
2422,3
2422,4
2422,5
2422,6
2422,7
2422,8
2422,9
2422,10
2422,11
2422,12
2422,13
2422,14
2422,15
2423,0
2423,1
2423,3
2423,4
2423,5
2423,6
2423,7
2423,8
2423,9
2423,12
2423,13
2423,14
2423,15
2424,0
2424,1
2424,2
2424,3
2424,4
2424,5
2424,6
2424,7
2424,8
2424,9
2424,11
2424,12
2424,14
2425,0
2425,1
2425,3
2425,4
2425,7
2425,9
2425,10
2425,11
2425,13
2425,14
2425,15
2426,0
2426,1
2426,2
2426,3
2426,4
2426,5
2426,6
2426,7
2426,8
2426,9
2426,10
2426,11
2426,12
2426,13
2426,14
2426,15
2427,1
2427,2
2427,3
2427,4
2427,6
2427,7
2427,8
2427,9
2427,10
2427,11
2427,12
2427,13
2427,14
2427,15
2428,0
2428,1
2428,2
2428,3
2428,4
2428,5
2428,6
2428,7
2428,8
2428,9
2428,11
2428,12
2428,14
2428,15
2429,0
2429,1
2429,2
2429,3
2429,4
2429,5
2429,6
2429,8
2429,10
2429,11
2429,12
2429,13
2429,14
2429,15
2430,1
2430,2
2430,3
2430,4
2430,7
2430,8
2430,9
2430,10
2430,11
2430,12
2430,14
2430,15
2431,1
2431,3
2431,4
2431,5
2431,6
2431,7
2431,9
2431,10
2431,11
2431,12
2431,13
2431,14
2431,15
2432,0
2432,1
2432,2
2432,3
2432,5
2432,6
2432,7
2432,8
2432,9
2432,10
2432,11
2432,12
2432,13
2432,14
2432,15
2433,0
2433,1
2433,2
2433,3
2433,4
2433,5
2433,7
2433,8
2433,9
2433,10
2433,11
2433,12
2433,14
2434,0
2434,1
2434,2
2434,3
2434,4
2434,5
2434,6
2434,8
2434,9
2434,11
2434,12
2434,13
2434,14
2435,0
2435,2
2435,3
2435,5
2435,6
2435,8
2435,9
2435,11
2435,12
2435,13
2435,14
2435,15
2436,0
2436,1
2436,2
2436,3
2436,4
2436,5
2436,6
2436,7
2436,8
2436,9
2436,10
2436,13
2436,14
2436,15
2437,0
2437,1
2437,2
2437,3
2437,4
2437,5
2437,6
2437,7
2437,8
2437,10
2437,12
2437,13
2437,14
2437,15
2438,0
2438,1
2438,3
2438,4
2438,5
2438,6
2438,7
2438,8
2438,9
2438,11
2438,12
2438,14
2438,15
2439,0
2439,1
2439,2
2439,4
2439,5
2439,6
2439,7
2439,8
2439,9
2439,10
2439,11
2439,12
2439,13
2439,14
2440,0
2440,1
2440,2
2440,3
2440,4
2440,5
2440,7
2440,8
2440,9
2440,10
2440,12
2440,13
2441,0
2441,1
2441,2
2441,3
2441,4
2441,5
2441,6
2441,8
2441,9
2441,10
2441,11
2441,12
2441,13
2441,15
2442,0
2442,1
2442,2
2442,3
2442,4
2442,5
2442,6
2442,7
2442,9
2442,10
2442,11
2442,12
2442,13
2442,14
2442,15
2443,0
2443,1
2443,2
2443,3
2443,4
2443,7
2443,8
2443,10
2443,12
2443,13
2443,14
2443,15
2444,0
2444,1
2444,2
2444,3
2444,4
2444,5
2444,6
2444,7
2444,8
2444,9
2444,11
2444,12
2444,13
2444,14
2444,15
2445,0
2445,2
2445,3
2445,4
2445,5
2445,8
2445,10
2445,11
2445,13
2445,14
2445,15
2446,1
2446,3
2446,4
2446,5
2446,6
2446,7
2446,8
2446,9
2446,10
2446,12
2446,13
2446,14
2446,15
2447,1
2447,2
2447,4
2447,5
2447,6
2447,8
2447,9
2447,10
2447,11
2447,12
2447,13
2447,14
2448,2
2448,3
2448,4
2448,5
2448,7
2448,9
2448,10
2448,11
2448,13
2448,14
2448,15
2449,0
2449,1
2449,3
2449,4
2449,5
2449,6
2449,7
2449,8
2449,9
2449,10
2449,12
2449,14
2449,15
2450,0
2450,2
2450,4
2450,5
2450,6
2450,7
2450,8
2450,9
2450,10
2450,11
2450,12
2450,13
2450,14
2450,15
2451,0
2451,1
2451,2
2451,4
2451,5
2451,6
2451,7
2451,9
2451,10
2451,11
2451,12
2451,14
2451,15
2452,0
2452,1
2452,2
2452,3
2452,4
2452,5
2452,6
2452,8
2452,9
2452,10
2452,12
2452,13
2452,14
2452,15
2453,2
2453,3
2453,4
2453,5
2453,6
2453,7
2453,8
2453,9
2453,12
2453,13
2454,0
2454,1
2454,2
2454,4
2454,5
2454,6
2454,7
2454,9
2454,10
2454,12
2454,13
2454,14
2454,15
2455,1
2455,3
2455,5
2455,6
2455,8
2455,10
2455,11
2455,12
2455,13
2456,0
2456,1
2456,2
2456,5
2456,7
2456,8
2456,9
2456,10
2456,11
2456,12
2456,14
2456,15
2457,0
2457,1
2457,3
2457,4
2457,5
2457,6
2457,8
2457,9
2457,11
2457,13
2457,14
2457,15
2458,0
2458,1
2458,2
2458,5
2458,6
2458,7
2458,8
2458,9
2458,12
2458,13
2458,14
2458,15
2459,0
2459,1
2459,2
2459,3
2459,4
2459,5
2459,6
2459,7
2459,8
2459,10
2459,12
2459,13
2459,14
2459,15
2460,0
2460,1
2460,2
2460,3
2460,4
2460,5
2460,6
2460,8
2460,9
2460,11
2460,12
2460,13
2460,14
2460,15
2461,0
2461,1
2461,2
2461,3
2461,5
2461,6
2461,8
2461,9
2461,10
2461,11
2461,12
2461,13
2461,14
2461,15
2462,1
2462,2
2462,3
2462,4
2462,5
2462,6
2462,7
2462,9
2462,11
2462,12
2462,13
2462,14
2462,15
2463,2
2463,3
2463,4
2463,5
2463,6
2463,8
2463,10
2463,11
2463,13
2463,14
2463,15
2464,0
2464,1
2464,2
2464,3
2464,4
2464,5
2464,6
2464,7
2464,8
2464,9
2464,10
2464,11
2464,12
2464,13
2464,14
2464,15
2465,0
2465,1
2465,2
2465,3
2465,4
2465,5
2465,6
2465,8
2465,9
2465,10
2465,11
2465,12
2465,13
2466,0
2466,1
2466,2
2466,3
2466,4
2466,6
2466,7
2466,8
2466,9
2466,10
2466,11
2466,12
2466,13
2466,14
2466,15
2467,0
2467,2
2467,3
2467,4
2467,6
2467,10
2467,11
2467,12
2467,13
2467,14
2467,15
2468,0
2468,1
2468,2
2468,3
2468,4
2468,5
2468,6
2468,8
2468,9
2468,10
2468,11
2468,12
2468,13
2468,14
2468,15
2469,0
2469,1
2469,2
2469,3
2469,4
2469,6
2469,7
2469,8
2469,9
2469,10
2469,11
2469,12
2469,13
2469,14
2469,15
2470,0
2470,1
2470,2
2470,3
2470,5
2470,7
2470,8
2470,9
2470,10
2470,11
2470,12
2470,13
2470,15
2471,1
2471,2
2471,3
2471,5
2471,6
2471,7
2471,8
2471,9
2471,11
2471,12
2471,14
2471,15
2472,0
2472,1
2472,2
2472,3
2472,4
2472,5
2472,6
2472,8
2472,9
2472,12
2472,13
2472,14
2472,15
2473,2
2473,3
2473,4
2473,5
2473,6
2473,7
2473,8
2473,9
2473,10
2473,11
2473,12
2473,13
2473,14
2473,15
2474,0
2474,1
2474,4
2474,5
2474,6
2474,7
2474,8
2474,9
2474,10
2474,11
2474,12
2474,13
2474,15
2475,0
2475,1
2475,2
2475,3
2475,5
2475,6
2475,7
2475,8
2475,9
2475,11
2475,12
2475,14
2476,0
2476,4
2476,6
2476,7
2476,8
2476,9
2476,10
2476,12
2476,13
2476,14
2476,15
2477,0
2477,1
2477,4
2477,5
2477,6
2477,7
2477,8
2477,10
2477,11
2477,12
2477,14
2477,15
2478,0
2478,1
2478,2
2478,5
2478,6
2478,7
2478,8
2478,9
2478,10
2478,11
2478,12
2478,13
2478,14
2478,15
2479,1
2479,2
2479,3
2479,4
2479,5
2479,7
2479,8
2479,9
2479,10
2479,12
2479,13
2479,14
2479,15
2480,0
2480,1
2480,2
2480,3
2480,4
2480,5
2480,6
2480,7
2480,8
2480,9
2480,10
2480,12
2480,13
2480,14
2480,15
2481,0
2481,1
2481,2
2481,3
2481,4
2481,5
2481,6
2481,7
2481,8
2481,9
2481,12
2481,14
2482,0
2482,1
2482,2
2482,3
2482,5
2482,6
2482,7
2482,8
2482,9
2482,11
2482,13
2482,14
2482,15
2483,0
2483,1
2483,2
2483,4
2483,7
2483,8
2483,9
2483,10
2483,11
2483,13
2484,0
2484,2
2484,3
2484,4
2484,5
2484,6
2484,7
2484,8
2484,9
2484,10
2484,11
2484,12
2484,13
2484,14
2485,1
2485,2
2485,3
2485,6
2485,7
2485,8
2485,9
2485,10
2485,11
2485,12
2485,15
2486,0
2486,1
2486,2
2486,3
2486,4
2486,6
2486,7
2486,10
2486,11
2486,12
2486,13
2486,15
2487,0
2487,1
2487,2
2487,3
2487,4
2487,5
2487,6
2487,9
2487,10
2487,11
2487,13
2487,15
2488,1
2488,2
2488,3
2488,4
2488,5
2488,6
2488,7
2488,8
2488,9
2488,10
2488,13
2488,14
2488,15
2489,0
2489,2
2489,3
2489,4
2489,5
2489,7
2489,8
2489,9
2489,10
2489,11
2489,13
2489,14
2489,15
2490,0
2490,1
2490,2
2490,3
2490,4
2490,5
2490,6
2490,7
2490,8
2490,9
2490,10
2490,11
2490,12
2490,13
2490,14
2490,15
2491,0
2491,1
2491,2
2491,3
2491,4
2491,5
2491,6
2491,7
2491,8
2491,9
2491,12
2491,14
2491,15
2492,0
2492,2
2492,4
2492,5
2492,6
2492,7
2492,8
2492,9
2492,10
2492,11
2492,13
2492,14
2492,15
2493,0
2493,1
2493,3
2493,4
2493,5
2493,6
2493,8
2493,9
2493,11
2493,12
2493,13
2493,15
2494,0
2494,2
2494,3
2494,4
2494,6
2494,7
2494,8
2494,9
2494,11
2494,12
2494,13
2494,15
2495,0
2495,1
2495,2
2495,5
2495,7
2495,8
2495,9
2495,12
2495,13
2495,14
2496,1
2496,3
2496,4
2496,5
2496,6
2496,7
2496,8
2496,9
2496,10
2496,11
2496,12
2496,13
2496,14
2496,15
2497,0
2497,1
2497,2
2497,3
2497,5
2497,7
2497,8
2497,11
2497,12
2497,13
2497,15
2498,0
2498,1
2498,2
2498,3
2498,4
2498,5
2498,6
2498,8
2498,9
2498,11
2498,12
2498,13
2499,2
2499,3
2499,4
2499,5
2499,7
2499,8
2499,9
2499,10
2499,11
2499,12
2499,14
2499,15
2500,0
2500,1
2500,2
2500,3
2500,4
2500,6
2500,7
2500,8
2500,9
2500,10
2500,11
2500,12
2500,14
2500,15
2501,0
2501,1
2501,3
2501,7
2501,9
2501,10
2501,11
2501,12
2501,14
2501,15
2502,2
2502,3
2502,4
2502,5
2502,6
2502,7
2502,9
2502,11
2502,12
2502,13
2502,14
2503,0
2503,2
2503,3
2503,4
2503,5
2503,6
2503,7
2503,8
2503,11
2503,12
2503,13
2503,14
2504,1
2504,2
2504,3
2504,6
2504,7
2504,8
2504,10
2504,11
2504,12
2504,13
2504,15
2505,0
2505,2
2505,3
2505,4
2505,6
2505,7
2505,8
2505,9
2505,10
2505,13
2505,15
2506,1
2506,3
2506,4
2506,7
2506,8
2506,9
2506,12
2506,13
2506,14
2506,15
2507,1
2507,2
2507,4
2507,5
2507,6
2507,8
2507,9
2507,10
2507,11
2507,12
2507,13
2507,14
2508,1
2508,2
2508,3
2508,4
2508,5
2508,6
2508,9
2508,10
2508,11
2508,13
2508,14
2509,1
2509,2
2509,4
2509,5
2509,6
2509,7
2509,8
2509,9
2509,10
2509,11
2509,12
2509,13
2509,14
2509,15
2510,0
2510,1
2510,3
2510,4
2510,5
2510,6
2510,7
2510,8
2510,9
2510,11
2510,12
2510,13
2510,15
2511,0
2511,2
2511,3
2511,5
2511,6
2511,7
2511,8
2511,9
2511,11
2511,12
2511,13
2511,14
2512,0
2512,1
2512,3
2512,4
2512,6
2512,8
2512,9
2512,11
2512,12
2512,13
2512,14
2512,15
2513,0
2513,1
2513,2
2513,3
2513,4
2513,5
2513,6
2513,7
2513,9
2513,11
2513,12
2513,13
2513,15
2514,0
2514,2
2514,3
2514,4
2514,5
2514,6
2514,7
2514,8
2514,9
2514,10
2514,11
2514,12
2514,13
2514,15
2515,0
2515,1
2515,2
2515,3
2515,4
2515,6
2515,7
2515,8
2515,9
2515,10
2515,11
2515,12
2515,13
2515,15
2516,0
2516,3
2516,4
2516,5
2516,6
2516,7
2516,8
2516,12
2516,13
2517,0
2517,1
2517,2
2517,3
2517,4
2517,5
2517,6
2517,8
2517,10
2517,11
2517,12
2517,13
2517,14
2517,15
2518,0
2518,1
2518,2
2518,4
2518,5
2518,6
2518,7
2518,8
2518,9
2518,10
2518,11
2518,12
2518,13
2518,15
2519,0
2519,1
2519,2
2519,4
2519,5
2519,6
2519,7
2519,8
2519,9
2519,11
2519,12
2519,14
2519,15
2520,2
2520,3
2520,4
2520,6
2520,7
2520,8
2520,10
2520,11
2520,12
2520,14
2521,0
2521,1
2521,2
2521,3
2521,4
2521,6
2521,7
2521,8
2521,9
2521,10
2521,11
2521,12
2521,13
2521,14
2521,15
2522,0
2522,1
2522,2
2522,3
2522,4
2522,5
2522,6
2522,8
2522,10
2522,12
2523,1
2523,3
2523,4
2523,5
2523,6
2523,7
2523,8
2523,9
2523,11
2523,12
2523,14
2524,1
2524,2
2524,3
2524,4
2524,5
2524,6
2524,7
2524,8
2524,9
2524,10
2524,11
2524,12
2524,13
2524,14
2524,15
2525,1
2525,2
2525,4
2525,5
2525,6
2525,8
2525,10
2525,11
2525,12
2525,13
2525,15
2526,0
2526,1
2526,2
2526,3
2526,5
2526,6
2526,7
2526,8
2526,10
2526,11
2526,12
2526,13
2526,15
2527,0
2527,1
2527,2
2527,3
2527,4
2527,6
2527,7
2527,8
2527,9
2527,11
2527,12
2527,13
2527,14
2527,15
2528,0
2528,1
2528,3
2528,4
2528,6
2528,7
2528,8
2528,9
2528,10
2528,11
2528,12
2528,13
2528,14
2528,15
2529,0
2529,1
2529,3
2529,4
2529,5
2529,6
2529,7
2529,8
2529,9
2529,11
2529,12
2529,13
2529,14
2529,15
2530,0
2530,1
2530,3
2530,4
2530,5
2530,7
2530,8
2530,10
2530,11
2530,12
2530,13
2530,14
2530,15
2531,0
2531,1
2531,2
2531,3
2531,4
2531,5
2531,7
2531,9
2531,10
2531,11
2531,12
2531,13
2531,14
2532,0
2532,1
2532,2
2532,3
2532,4
2532,5
2532,6
2532,7
2532,8
2532,9
2532,10
2532,12
2532,14
2532,15
2533,1
2533,2
2533,3
2533,4
2533,5
2533,7
2533,8
2533,9
2533,10
2533,11
2533,12
2533,14
2533,15
2534,0
2534,1
2534,3
2534,4
2534,5
2534,9
2534,10
2534,11
2534,13
2534,15
2535,0
2535,1
2535,2
2535,3
2535,4
2535,5
2535,7
2535,8
2535,10
2535,11
2535,14
2536,0
2536,1
2536,2
2536,3
2536,4
2536,5
2536,7
2536,8
2536,9
2536,10
2536,11
2536,12
2536,13
2536,14
2537,0
2537,1
2537,2
2537,3
2537,4
2537,5
2537,6
2537,7
2537,8
2537,9
2537,10
2537,12
2537,13
2538,0
2538,1
2538,2
2538,3
2538,4
2538,5
2538,6
2538,7
2538,8
2538,9
2538,10
2538,12
2538,13
2538,14
2538,15
2539,0
2539,1
2539,2
2539,3
2539,4
2539,5
2539,9
2539,10
2539,12
2539,13
2539,14
2540,0
2540,1
2540,2
2540,3
2540,4
2540,5
2540,6
2540,7
2540,9
2540,10
2540,11
2540,12
2540,13
2540,14
2540,15
2541,0
2541,1
2541,2
2541,3
2541,4
2541,5
2541,8
2541,11
2541,12
2541,13
2541,14
2541,15
2542,0
2542,1
2542,2
2542,3
2542,4
2542,5
2542,6
2542,7
2542,9
2542,10
2542,11
2542,12
2542,13
2542,14
2542,15
2543,0
2543,1
2543,2
2543,3
2543,4
2543,5
2543,6
2543,7
2543,8
2543,9
2543,11
2543,12
2543,13
2543,14
2544,1
2544,3
2544,4
2544,5
2544,6
2544,7
2544,8
2544,9
2544,10
2544,11
2544,13
2544,14
2544,15
2545,0
2545,1
2545,3
2545,5
2545,6
2545,7
2545,8
2545,9
2545,10
2545,11
2545,13
2545,14
2545,15
2546,0
2546,1
2546,2
2546,3
2546,4
2546,5
2546,7
2546,8
2546,9
2546,10
2546,12
2546,13
2546,15
2547,0
2547,1
2547,3
2547,4
2547,5
2547,8
2547,9
2547,10
2547,11
2547,12
2547,13
2547,14
2547,15
2548,0
2548,2
2548,3
2548,4
2548,5
2548,6
2548,7
2548,8
2548,9
2548,10
2548,12
2548,13
2548,15
2549,0
2549,1
2549,3
2549,5
2549,6
2549,7
2549,8
2549,9
2549,10
2549,12
2549,15
2550,0
2550,1
2550,2
2550,4
2550,5
2550,6
2550,9
2550,10
2550,13
2550,14
2550,15
2551,0
2551,2
2551,5
2551,6
2551,7
2551,8
2551,9
2551,10
2551,11
2551,12
2551,13
2552,0
2552,1
2552,4
2552,7
2552,8
2552,9
2552,10
2552,11
2552,12
2552,13
2552,15
2553,0
2553,1
2553,4
2553,5
2553,6
2553,7
2553,8
2553,9
2553,10
2553,11
2553,12
2553,13
2553,14
2553,15
2554,0
2554,1
2554,2
2554,3
2554,4
2554,8
2554,10
2554,11
2554,12
2554,14
2554,15
2555,0
2555,1
2555,2
2555,3
2555,4
2555,5
2555,6
2555,8
2555,9
2555,11
2555,12
2555,13
2555,14
2555,15
2556,0
2556,1
2556,2
2556,3
2556,4
2556,6
2556,7
2556,8
2556,9
2556,10
2556,11
2556,12
2556,13
2556,14
2556,15
2557,0
2557,1
2557,4
2557,5
2557,6
2557,8
2557,9
2557,10
2557,11
2557,12
2557,13
2557,14
2557,15
2558,0
2558,1
2558,3
2558,5
2558,6
2558,7
2558,8
2558,9
2558,10
2558,11
2558,12
2558,13
2558,14
2558,15
2559,1
2559,2
2559,3
2559,4
2559,5
2559,6
2559,7
2559,9
2559,10
2559,11
2559,15
2560,0
2560,1
2560,2
2560,3
2560,4
2560,5
2560,6
2560,7
2560,10
2560,11
2560,12
2560,13
2560,14
2560,15
2561,0
2561,1
2561,2
2561,3
2561,4
2561,5
2561,6
2561,7
2561,8
2561,10
2561,11
2561,12
2561,14
2561,15
2562,1
2562,2
2562,3
2562,4
2562,5
2562,6
2562,8
2562,9
2562,10
2562,11
2562,12
2562,13
2562,14
2562,15
2563,0
2563,1
2563,2
2563,3
2563,4
2563,6
2563,7
2563,8
2563,10
2563,12
2563,15
2564,0
2564,1
2564,2
2564,3
2564,4
2564,6
2564,9
2564,10
2564,11
2564,12
2564,13
2564,14
2564,15
2565,0
2565,2
2565,3
2565,5
2565,7
2565,8
2565,9
2565,11
2565,13
2565,15
2566,0
2566,1
2566,2
2566,4
2566,6
2566,7
2566,8
2566,9
2566,10
2566,11
2566,12
2566,13
2566,15
2567,0
2567,2
2567,3
2567,4
2567,5
2567,7
2567,9
2567,10
2567,11
2567,14
2567,15
2568,1
2568,2
2568,4
2568,5
2568,6
2568,9
2568,10
2568,11
2568,12
2568,13
2568,14
2569,1
2569,2
2569,3
2569,4
2569,5
2569,6
2569,8
2569,9
2569,10
2569,11
2569,12
2569,14
2570,0
2570,1
2570,2
2570,3
2570,4
2570,5
2570,6
2570,7
2570,8
2570,9
2570,10
2570,11
2570,13
2570,14
2570,15
2571,0
2571,1
2571,2
2571,3
2571,5
2571,6
2571,7
2571,8
2571,9
2571,10
2571,11
2571,13
2571,14
2571,15
2572,0
2572,1
2572,4
2572,5
2572,6
2572,7
2572,8
2572,10
2572,11
2572,12
2572,14
2572,15
2573,0
2573,1
2573,2
2573,3
2573,4
2573,6
2573,7
2573,8
2573,10
2573,12
2573,13
2573,14
2573,15
2574,0
2574,1
2574,2
2574,3
2574,4
2574,5
2574,6
2574,7
2574,9
2574,10
2574,11
2574,12
2574,13
2574,14
2574,15
2575,0
2575,1
2575,2
2575,3
2575,4
2575,6
2575,7
2575,8
2575,10
2575,11
2575,14
2576,0
2576,1
2576,2
2576,3
2576,5
2576,7
2576,8
2576,9
2576,10
2576,13
2576,14
2576,15
2577,0
2577,1
2577,2
2577,3
2577,4
2577,5
2577,6
2577,8
2577,9
2577,10
2577,11
2577,12
2577,13
2577,14
2577,15
2578,0
2578,1
2578,2
2578,3
2578,5
2578,6
2578,7
2578,9
2578,10
2578,11
2578,12
2578,13
2578,14
2578,15
2579,1
2579,2
2579,3
2579,4
2579,5
2579,6
2579,7
2579,8
2579,9
2579,10
2579,12
2579,13
2579,14
2579,15
2580,0
2580,1
2580,2
2580,3
2580,4
2580,5
2580,6
2580,7
2580,8
2580,12
2580,13
2580,14
2580,15
2581,0
2581,1
2581,2
2581,3
2581,4
2581,5
2581,6
2581,8
2581,9
2581,10
2581,11
2581,12
2581,13
2581,15
2582,0
2582,1
2582,2
2582,4
2582,5
2582,6
2582,7
2582,8
2582,10
2582,11
2582,12
2582,13
2582,14
2582,15
2583,0
2583,1
2583,4
2583,6
2583,7
2583,8
2583,10
2583,11
2583,12
2583,13
2583,14
2583,15
2584,1
2584,2
2584,3
2584,4
2584,5
2584,6
2584,7
2584,8
2584,9
2584,10
2584,11
2584,12
2584,13
2584,14
2584,15
2585,0
2585,2
2585,3
2585,4
2585,5
2585,6
2585,7
2585,8
2585,9
2585,10
2585,12
2585,13
2585,14
2585,15
2586,0
2586,1
2586,2
2586,3
2586,4
2586,5
2586,6
2586,7
2586,9
2586,10
2586,11
2586,12
2586,13
2586,15
2587,0
2587,1
2587,3
2587,4
2587,5
2587,7
2587,8
2587,10
2587,11
2587,12
2587,14
2587,15
2588,0
2588,1
2588,2
2588,3
2588,4
2588,5
2588,6
2588,7
2588,8
2588,10
2588,11
2588,13
2588,15
2589,0
2589,1
2589,2
2589,3
2589,4
2589,5
2589,8
2589,9
2589,11
2589,12
2589,13
2589,14
2589,15
2590,1
2590,2
2590,3
2590,4
2590,5
2590,7
2590,9
2590,10
2590,11
2590,12
2590,13
2590,14
2590,15
2591,0
2591,1
2591,2
2591,3
2591,4
2591,5
2591,6
2591,7
2591,8
2591,9
2591,10
2591,11
2591,12
2591,13
2591,15
2592,0
2592,1
2592,3
2592,4
2592,5
2592,6
2592,7
2592,8
2592,9
2592,11
2592,12
2592,13
2592,14
2593,0
2593,1
2593,2
2593,4
2593,5
2593,6
2593,7
2593,8
2593,9
2593,10
2593,11
2593,12
2593,13
2593,14
2593,15
2594,0
2594,4
2594,5
2594,6
2594,7
2594,8
2594,9
2594,10
2594,11
2594,12
2594,13
2594,14
2594,15
2595,0
2595,1
2595,2
2595,3
2595,4
2595,5
2595,6
2595,8
2595,9
2595,10
2595,12
2595,13
2595,14
2595,15
2596,0
2596,1
2596,2
2596,3
2596,4
2596,5
2596,6
2596,7
2596,8
2596,9
2596,10
2596,12
2596,13
2596,14
2596,15
2597,0
2597,1
2597,3
2597,4
2597,6
2597,7
2597,8
2597,9
2597,10
2597,13
2597,14
2597,15
2598,0
2598,1
2598,2
2598,4
2598,7
2598,8
2598,9
2598,10
2598,11
2598,12
2598,14
2598,15
2599,0
2599,1
2599,2
2599,3
2599,5
2599,7
2599,8
2599,11
2599,12
2599,13
2599,15
2600,0
2600,1
2600,2
2600,6
2600,7
2600,8
2600,9
2600,10
2600,11
2600,13
2600,14
2600,15
2601,3
2601,4
2601,5
2601,6
2601,7
2601,8
2601,9
2601,10
2601,11
2601,12
2601,13
2601,14
2601,15
2602,0
2602,1
2602,2
2602,3
2602,4
2602,5
2602,6
2602,7
2602,8
2602,9
2602,10
2602,11
2602,12
2602,14
2602,15
2603,1
2603,2
2603,3
2603,4
2603,5
2603,6
2603,7
2603,8
2603,9
2603,10
2603,12
2603,13
2603,14
2603,15
2604,0
2604,1
2604,2
2604,3
2604,4
2604,5
2604,6
2604,7
2604,8
2604,9
2604,10
2604,11
2604,12
2604,13
2604,14
2604,15
2605,0
2605,1
2605,2
2605,3
2605,4
2605,5
2605,6
2605,7
2605,8
2605,9
2605,11
2605,13
2605,15
2606,0
2606,1
2606,2
2606,4
2606,5
2606,6
2606,7
2606,8
2606,9
2606,10
2606,11
2606,14
2606,15
2607,0
2607,1
2607,2
2607,3
2607,4
2607,6
2607,8
2607,10
2607,11
2607,12
2607,13
2607,14
2607,15
2608,2
2608,3
2608,4
2608,5
2608,7
2608,8
2608,9
2608,11
2608,12
2608,13
2608,14
2608,15
2609,0
2609,1
2609,2
2609,3
2609,4
2609,5
2609,7
2609,9
2609,10
2609,11
2609,13
2609,15
2610,0
2610,1
2610,2
2610,3
2610,4
2610,5
2610,7
2610,9
2610,10
2610,12
2610,13
2610,14
2610,15
2611,1
2611,2
2611,3
2611,5
2611,6
2611,10
2611,13
2611,14
2611,15
2612,2
2612,5
2612,6
2612,7
2612,8
2612,9
2612,10
2612,12
2612,13
2612,14
2612,15
2613,0
2613,2
2613,3
2613,4
2613,5
2613,6
2613,7
2613,8
2613,9
2613,10
2613,11
2613,12
2613,13
2613,14
2613,15
2614,1
2614,2
2614,3
2614,4
2614,5
2614,6
2614,8
2614,9
2614,11
2614,12
2614,14
2615,0
2615,1
2615,2
2615,3
2615,4
2615,5
2615,6
2615,7
2615,8
2615,10
2615,11
2615,12
2615,13
2615,14
2615,15
2616,0
2616,1
2616,2
2616,3
2616,4
2616,5
2616,6
2616,7
2616,8
2616,9
2616,10
2616,12
2616,14
2617,0
2617,1
2617,2
2617,3
2617,4
2617,7
2617,8
2617,9
2617,10
2617,11
2617,14
2617,15
2618,0
2618,2
2618,3
2618,6
2618,8
2618,9
2618,10
2618,11
2618,12
2618,13
2618,14
2618,15
2619,0
2619,1
2619,2
2619,3
2619,4
2619,6
2619,7
2619,8
2619,9
2619,10
2619,11
2619,12
2619,14
2619,15
2620,0
2620,1
2620,2
2620,3
2620,5
2620,6
2620,7
2620,9
2620,10
2620,11
2620,12
2620,13
2620,15
2621,0
2621,1
2621,2
2621,3
2621,4
2621,6
2621,7
2621,9
2621,10
2621,12
2621,13
2621,14
2622,0
2622,1
2622,2
2622,3
2622,4
2622,6
2622,7
2622,8
2622,9
2622,10
2622,11
2622,12
2622,14
2622,15
2623,2
2623,3
2623,6
2623,7
2623,8
2623,9
2623,10
2623,11
2623,12
2623,13
2623,14
2623,15
2624,1
2624,2
2624,4
2624,5
2624,7
2624,8
2624,11
2624,12
2624,13
2624,14
2624,15
2625,0
2625,1
2625,3
2625,4
2625,5
2625,6
2625,7
2625,8
2625,9
2625,12
2625,13
2625,14
2625,15
2626,0
2626,2
2626,4
2626,5
2626,6
2626,7
2626,8
2626,9
2626,11
2626,13
2626,14
2626,15
2627,1
2627,2
2627,3
2627,5
2627,6
2627,7
2627,10
2627,11
2627,13
2627,14
2628,0
2628,1
2628,2
2628,3
2628,4
2628,5
2628,6
2628,7
2628,8
2628,9
2628,10
2628,11
2628,12
2628,13
2628,15
2629,0
2629,1
2629,2
2629,3
2629,4
2629,6
2629,7
2629,8
2629,9
2629,10
2629,11
2629,12
2629,14
2630,0
2630,1
2630,2
2630,3
2630,4
2630,6
2630,7
2630,8
2630,9
2630,11
2630,12
2630,14
2630,15
2631,0
2631,2
2631,3
2631,6
2631,7
2631,8
2631,9
2631,10
2631,11
2631,12
2631,13
2631,14
2631,15
2632,1
2632,3
2632,4
2632,5
2632,6
2632,7
2632,9
2632,10
2632,13
2632,14
2632,15
2633,0
2633,1
2633,2
2633,3
2633,4
2633,6
2633,7
2633,8
2633,9
2633,11
2633,12
2633,13
2633,15
2634,0
2634,1
2634,2
2634,5
2634,6
2634,7
2634,8
2634,9
2634,10
2634,11
2634,12
2634,15
2635,0
2635,3
2635,4
2635,5
2635,6
2635,7
2635,8
2635,9
2635,10
2635,11
2635,12
2635,13
2635,14
2635,15
2636,0
2636,1
2636,2
2636,3
2636,4
2636,5
2636,6
2636,10
2636,11
2636,12
2636,13
2636,14
2636,15
2637,1
2637,4
2637,5
2637,6
2637,7
2637,8
2637,12
2637,14
2637,15
2638,1
2638,3
2638,5
2638,6
2638,7
2638,9
2638,11
2638,12
2638,13
2638,14
2638,15
2639,0
2639,1
2639,2
2639,4
2639,6
2639,7
2639,8
2639,9
2639,10
2639,11
2639,14
2639,15
2640,2
2640,3
2640,4
2640,5
2640,7
2640,8
2640,9
2640,10
2640,11
2640,12
2640,14
2640,15
2641,2
2641,4
2641,5
2641,6
2641,7
2641,8
2641,9
2641,10
2641,11
2641,12
2641,13
2641,14
2641,15
2642,1
2642,2
2642,3
2642,4
2642,5
2642,6
2642,7
2642,8
2642,11
2642,12
2642,13
2642,14
2642,15
2643,0
2643,1
2643,2
2643,3
2643,4
2643,5
2643,6
2643,7
2643,8
2643,9
2643,10
2643,11
2643,12
2643,13
2643,15
2644,0
2644,1
2644,2
2644,3
2644,4
2644,5
2644,7
2644,8
2644,9
2644,10
2644,11
2644,12
2644,14
2644,15
2645,0
2645,1
2645,2
2645,3
2645,4
2645,5
2645,7
2645,8
2645,9
2645,10
2645,11
2645,12
2645,13
2645,14
2645,15
2646,0
2646,1
2646,2
2646,3
2646,4
2646,8
2646,9
2646,11
2646,14
2646,15
2647,0
2647,1
2647,3
2647,5
2647,7
2647,8
2647,10
2647,11
2647,12
2647,13
2647,14
2648,3
2648,4
2648,7
2648,8
2648,11
2648,12
2648,13
2648,14
2649,0
2649,1
2649,3
2649,4
2649,5
2649,6
2649,7
2649,8
2649,9
2649,10
2649,11
2649,12
2649,13
2649,14
2649,15
2650,0
2650,1
2650,2
2650,3
2650,5
2650,6
2650,7
2650,8
2650,10
2650,11
2650,12
2650,14
2651,0
2651,1
2651,2
2651,3
2651,4
2651,5
2651,6
2651,7
2651,8
2651,9
2651,10
2651,11
2651,12
2651,13
2651,14
2652,0
2652,2
2652,3
2652,4
2652,5
2652,6
2652,7
2652,8
2652,9
2652,10
2652,11
2652,12
2652,14
2652,15
2653,0
2653,2
2653,3
2653,4
2653,5
2653,6
2653,8
2653,9
2653,11
2653,12
2653,13
2653,14
2653,15
2654,0
2654,2
2654,3
2654,4
2654,6
2654,8
2654,10
2654,11
2654,12
2654,13
2654,14
2654,15
2655,1
2655,2
2655,3
2655,4
2655,5
2655,6
2655,7
2655,8
2655,9
2655,10
2655,11
2655,14
2655,15
2656,0
2656,1
2656,3
2656,5
2656,7
2656,9
2656,10
2656,11
2656,14
2656,15
2657,0
2657,1
2657,2
2657,3
2657,4
2657,5
2657,7
2657,10
2657,11
2657,12
2657,13
2657,14
2657,15
2658,0
2658,3
2658,5
2658,6
2658,7
2658,8
2658,9
2658,10
2658,11
2658,14
2658,15
2659,0
2659,1
2659,2
2659,3
2659,4
2659,5
2659,7
2659,8
2659,9
2659,10
2659,12
2659,13
2659,14
2659,15
2660,0
2660,2
2660,3
2660,5
2660,6
2660,7
2660,8
2660,9
2660,10
2660,11
2660,13
2660,15
2661,1
2661,5
2661,6
2661,8
2661,10
2661,11
2661,12
2661,13
2661,14
2661,15
2662,0
2662,1
2662,3
2662,4
2662,5
2662,6
2662,7
2662,8
2662,9
2662,11
2662,12
2662,13
2662,14
2662,15
2663,2
2663,3
2663,4
2663,5
2663,6
2663,7
2663,9
2663,10
2663,12
2663,14
2663,15
2664,0
2664,1
2664,2
2664,3
2664,4
2664,5
2664,6
2664,7
2664,8
2664,10
2664,12
2664,13
2664,14
2664,15
2665,0
2665,2
2665,3
2665,5
2665,6
2665,7
2665,11
2665,12
2665,13
2665,14
2665,15
2666,0
2666,2
2666,3
2666,4
2666,6
2666,7
2666,8
2666,9
2666,10
2666,11
2666,12
2666,13
2666,14
2666,15
2667,0
2667,1
2667,2
2667,3
2667,4
2667,6
2667,7
2667,9
2667,10
2667,12
2667,13
2667,15
2668,0
2668,2
2668,3
2668,4
2668,6
2668,7
2668,8
2668,9
2668,10
2668,12
2668,13
2668,14
2669,0
2669,2
2669,3
2669,4
2669,5
2669,6
2669,7
2669,8
2669,9
2669,10
2669,11
2669,12
2669,13
2669,14
2669,15
2670,0
2670,1
2670,2
2670,3
2670,4
2670,5
2670,6
2670,7
2670,9
2670,10
2670,11
2670,12
2670,13
2670,14
2671,1
2671,2
2671,3
2671,4
2671,5
2671,6
2671,7
2671,8
2671,9
2671,12
2671,13
2671,15
2672,0
2672,1
2672,2
2672,3
2672,7
2672,8
2672,9
2672,10
2672,11
2672,12
2672,14
2673,0
2673,2
2673,3
2673,4
2673,5
2673,6
2673,7
2673,8
2673,9
2673,10
2673,11
2673,12
2673,13
2673,14
2673,15
2674,0
2674,1
2674,2
2674,3
2674,4
2674,8
2674,9
2674,10
2674,11
2674,12
2674,13
2674,14
2674,15
2675,0
2675,1
2675,2
2675,3
2675,4
2675,5
2675,6
2675,7
2675,8
2675,9
2675,10
2675,11
2675,13
2675,14
2675,15
2676,0
2676,1
2676,2
2676,3
2676,4
2676,5
2676,6
2676,8
2676,9
2676,10
2676,11
2676,12
2676,13
2676,14
2676,15
2677,0
2677,1
2677,2
2677,3
2677,4
2677,5
2677,7
2677,9
2677,10
2677,11
2677,12
2677,13
2677,14
2677,15
2678,1
2678,2
2678,4
2678,5
2678,7
2678,8
2678,9
2678,11
2678,13
2678,14
2678,15
2679,1
2679,3
2679,4
2679,5
2679,6
2679,7
2679,8
2679,9
2679,10
2679,11
2679,12
2679,14
2679,15
2680,1
2680,3
2680,4
2680,5
2680,6
2680,7
2680,8
2680,9
2680,10
2680,11
2680,12
2680,13
2681,0
2681,1
2681,2
2681,3
2681,4
2681,5
2681,6
2681,8
2681,9
2681,10
2681,11
2681,12
2681,15
2682,0
2682,1
2682,2
2682,3
2682,5
2682,6
2682,7
2682,9
2682,10
2682,11
2682,12
2682,13
2682,15
2683,1
2683,4
2683,5
2683,6
2683,7
2683,9
2683,11
2683,12
2683,14
2683,15
2684,0
2684,1
2684,3
2684,4
2684,5
2684,6
2684,7
2684,8
2684,9
2684,10
2684,11
2684,12
2684,13
2684,14
2685,0
2685,1
2685,2
2685,4
2685,5
2685,7
2685,8
2685,9
2685,10
2685,11
2685,13
2685,14
2685,15
2686,2
2686,3
2686,4
2686,5
2686,6
2686,7
2686,8
2686,9
2686,10
2686,12
2686,13
2686,14
2686,15
2687,1
2687,2
2687,3
2687,5
2687,6
2687,7
2687,8
2687,9
2687,10
2687,11
2687,13
2687,14
2687,15
2688,0
2688,2
2688,3
2688,4
2688,5
2688,6
2688,7
2688,8
2688,9
2688,10
2688,12
2688,13
2688,14
2688,15
2689,0
2689,1
2689,2
2689,3
2689,4
2689,5
2689,6
2689,7
2689,8
2689,10
2689,13
2689,14
2689,15
2690,0
2690,1
2690,2
2690,4
2690,5
2690,6
2690,7
2690,8
2690,9
2690,11
2690,12
2690,13
2690,14
2690,15
2691,0
2691,1
2691,2
2691,3
2691,5
2691,6
2691,7
2691,8
2691,9
2691,10
2691,11
2691,12
2691,13
2691,14
2691,15
2692,1
2692,2
2692,4
2692,5
2692,6
2692,7
2692,8
2692,9
2692,10
2692,11
2692,12
2692,15
2693,0
2693,1
2693,2
2693,3
2693,4
2693,5
2693,6
2693,8
2693,10
2693,11
2693,12
2693,13
2693,14
2693,15
2694,0
2694,2
2694,3
2694,5
2694,7
2694,8
2694,9
2694,10
2694,11
2694,12
2695,0
2695,1
2695,3
2695,4
2695,6
2695,7
2695,8
2695,9
2695,10
2695,11
2695,12
2695,13
2695,14
2695,15
2696,0
2696,1
2696,2
2696,3
2696,4
2696,5
2696,6
2696,7
2696,9
2696,10
2696,11
2696,12
2696,13
2696,14
2696,15
2697,1
2697,3
2697,4
2697,5
2697,6
2697,7
2697,8
2697,9
2697,10
2697,12
2697,13
2697,15
2698,0
2698,2
2698,4
2698,5
2698,6
2698,7
2698,8
2698,9
2698,10
2698,11
2698,12
2698,13
2698,14
2698,15
2699,1
2699,3
2699,4
2699,5
2699,6
2699,7
2699,8
2699,9
2699,10
2699,12
2699,13
2699,14
2699,15
2700,0
2700,2
2700,3
2700,4
2700,5
2700,6
2700,7
2700,9
2700,10
2700,11
2700,12
2700,13
2700,14
2701,2
2701,3
2701,5
2701,6
2701,9
2701,10
2701,11
2701,12
2701,13
2701,14
2701,15
2702,0
2702,2
2702,3
2702,4
2702,5
2702,6
2702,7
2702,8
2702,9
2702,10
2702,11
2702,12
2702,14
2703,0
2703,1
2703,2
2703,3
2703,4
2703,5
2703,7
2703,8
2703,9
2703,10
2703,11
2703,12
2703,13
2703,15
2704,0
2704,1
2704,2
2704,3
2704,4
2704,5
2704,6
2704,7
2704,8
2704,9
2704,10
2704,11
2704,12
2704,14
2704,15
2705,0
2705,1
2705,2
2705,3
2705,4
2705,5
2705,7
2705,9
2705,10
2705,12
2705,13
2705,15
2706,1
2706,2
2706,3
2706,4
2706,5
2706,6
2706,7
2706,8
2706,9
2706,10
2706,11
2706,12
2706,13
2706,14
2706,15
2707,0
2707,2
2707,3
2707,6
2707,7
2707,8
2707,9
2707,12
2707,13
2707,15
2708,1
2708,2
2708,3
2708,7
2708,8
2708,9
2708,10
2708,11
2708,12
2708,13
2708,14
2708,15
2709,1
2709,3
2709,4
2709,5
2709,6
2709,7
2709,8
2709,9
2709,10
2709,11
2709,12
2709,13
2709,14
2709,15
2710,0
2710,1
2710,2
2710,5
2710,6
2710,7
2710,8
2710,9
2710,11
2710,12
2710,14
2710,15
2711,0
2711,2
2711,3
2711,5
2711,6
2711,7
2711,8
2711,9
2711,10
2711,11
2711,12
2711,13
2711,14
2711,15
2712,0
2712,1
2712,2
2712,3
2712,5
2712,6
2712,7
2712,8
2712,9
2712,10
2712,12
2712,13
2712,14
2712,15
2713,0
2713,1
2713,2
2713,3
2713,4
2713,6
2713,8
2713,9
2713,10
2713,11
2713,12
2713,13
2713,14
2713,15
2714,1
2714,2
2714,3
2714,4
2714,5
2714,6
2714,7
2714,8
2714,11
2714,12
2714,14
2714,15
2715,0
2715,1
2715,2
2715,3
2715,5
2715,6
2715,7
2715,8
2715,10
2715,12
2715,13
2715,14
2716,0
2716,1
2716,2
2716,3
2716,5
2716,6
2716,7
2716,8
2716,9
2716,10
2716,11
2716,12
2716,13
2716,14
2716,15
2717,0
2717,2
2717,3
2717,5
2717,6
2717,7
2717,8
2717,9
2717,11
2717,12
2717,14
2717,15
2718,0
2718,1
2718,2
2718,5
2718,6
2718,7
2718,8
2718,10
2718,11
2718,13
2718,14
2718,15
2719,0
2719,1
2719,2
2719,3
2719,4
2719,5
2719,6
2719,7
2719,8
2719,9
2719,11
2719,12
2719,14
2719,15
2720,0
2720,1
2720,2
2720,4
2720,5
2720,7
2720,8
2720,9
2720,10
2720,11
2720,12
2720,13
2720,14
2721,0
2721,1
2721,2
2721,3
2721,4
2721,5
2721,6
2721,7
2721,8
2721,10
2721,11
2721,12
2721,13
2721,14
2721,15
2722,0
2722,1
2722,2
2722,3
2722,5
2722,6
2722,7
2722,8
2722,9
2722,10
2722,11
2722,12
2722,13
2722,14
2722,15
2723,0
2723,1
2723,2
2723,3
2723,4
2723,5
2723,6
2723,7
2723,9
2723,10
2723,11
2723,12
2723,13
2723,14
2723,15
2724,0
2724,1
2724,2
2724,3
2724,5
2724,6
2724,7
2724,8
2724,9
2724,10
2724,11
2724,13
2724,14
2724,15
2725,0
2725,1
2725,2
2725,4
2725,6
2725,9
2725,10
2725,11
2725,12
2725,14
2725,15
2726,1
2726,2
2726,4
2726,5
2726,6
2726,7
2726,8
2726,9
2726,11
2726,12
2726,13
2726,14
2726,15
2727,0
2727,1
2727,2
2727,3
2727,4
2727,5
2727,6
2727,7
2727,8
2727,9
2727,11
2727,13
2727,15
2728,0
2728,1
2728,2
2728,4
2728,5
2728,6
2728,7
2728,8
2728,9
2728,10
2728,11
2729,0
2729,2
2729,3
2729,4
2729,5
2729,8
2729,9
2729,10
2729,11
2729,12
2729,13
2729,14
2729,15
2730,0
2730,1
2730,3
2730,4
2730,5
2730,6
2730,8
2730,9
2730,12
2730,13
2730,14
2731,0
2731,1
2731,2
2731,4
2731,6
2731,7
2731,8
2731,9
2731,11
2731,12
2731,13
2731,14
2731,15
2732,2
2732,3
2732,5
2732,6
2732,9
2732,10
2732,11
2732,12
2732,13
2732,14
2732,15
2733,0
2733,1
2733,3
2733,4
2733,5
2733,6
2733,7
2733,8
2733,9
2733,15
2734,0
2734,1
2734,3
2734,4
2734,5
2734,7
2734,8
2734,9
2734,11
2734,13
2734,14
2734,15
2735,0
2735,2
2735,3
2735,4
2735,6
2735,7
2735,8
2735,9
2735,10
2735,11
2735,12
2735,14
2735,15
2736,1
2736,2
2736,5
2736,6
2736,7
2736,8
2736,9
2736,10
2736,12
2736,13
2736,14
2736,15
2737,0
2737,1
2737,2
2737,3
2737,4
2737,5
2737,6
2737,7
2737,8
2737,9
2737,10
2737,11
2737,12
2737,13
2737,14
2738,0
2738,1
2738,2
2738,3
2738,4
2738,6
2738,7
2738,8
2738,9
2738,10
2738,11
2738,12
2738,13
2738,14
2738,15
2739,0
2739,1
2739,2
2739,3
2739,4
2739,5
2739,6
2739,7
2739,8
2739,9
2739,10
2739,11
2739,12
2739,14
2739,15
2740,0
2740,1
2740,2
2740,4
2740,5
2740,6
2740,7
2740,9
2740,10
2740,11
2740,13
2740,14
2740,15
2741,0
2741,1
2741,2
2741,4
2741,5
2741,6
2741,8
2741,9
2741,11
2741,13
2741,14
2741,15
2742,1
2742,2
2742,3
2742,5
2742,6
2742,7
2742,10
2742,11
2742,12
2742,13
2742,14
2742,15
2743,0
2743,2
2743,3
2743,4
2743,5
2743,6
2743,7
2743,8
2743,9
2743,12
2743,14
2744,0
2744,1
2744,2
2744,4
2744,6
2744,7
2744,8
2744,11
2744,12
2744,13
2744,14
2744,15
2745,0
2745,1
2745,2
2745,4
2745,5
2745,6
2745,7
2745,8
2745,9
2745,10
2745,11
2745,12
2745,14
2745,15
2746,0
2746,1
2746,3
2746,6
2746,7
2746,8
2746,9
2746,10
2746,11
2746,12
2746,13
2746,15
2747,1
2747,2
2747,3
2747,5
2747,6
2747,7
2747,9
2747,10
2747,12
2747,13
2747,15
2748,1
2748,2
2748,4
2748,5
2748,6
2748,8
2748,9
2748,10
2748,13
2748,14
2748,15
2749,0
2749,1
2749,2
2749,4
2749,5
2749,6
2749,7
2749,9
2749,11
2749,12
2749,13
2749,14
2750,0
2750,1
2750,2
2750,3
2750,6
2750,7
2750,9
2750,10
2750,11
2750,13
2750,14
2751,0
2751,1
2751,3
2751,4
2751,5
2751,6
2751,7
2751,8
2751,9
2751,10
2751,11
2751,12
2751,13
2751,14
2751,15
2752,0
2752,1
2752,2
2752,3
2752,4
2752,5
2752,6
2752,7
2752,8
2752,9
2752,10
2752,11
2752,12
2752,14
2752,15
2753,0
2753,1
2753,2
2753,3
2753,4
2753,5
2753,6
2753,7
2753,8
2753,9
2753,11
2753,12
2753,14
2753,15
2754,0
2754,1
2754,2
2754,3
2754,4
2754,5
2754,6
2754,7
2754,8
2754,10
2754,11
2754,12
2754,14
2754,15
2755,0
2755,1
2755,2
2755,3
2755,4
2755,5
2755,6
2755,7
2755,9
2755,11
2755,12
2755,14
2755,15
2756,0
2756,3
2756,4
2756,5
2756,6
2756,7
2756,9
2756,10
2756,13
2756,15
2757,0
2757,1
2757,2
2757,3
2757,4
2757,5
2757,6
2757,7
2757,8
2757,11
2757,12
2757,13
2757,15
2758,1
2758,3
2758,5
2758,6
2758,7
2758,9
2758,10
2758,11
2758,12
2758,13
2758,15
2759,0
2759,1
2759,2
2759,3
2759,6
2759,7
2759,8
2759,9
2759,13
2759,14
2759,15
2760,0
2760,1
2760,2
2760,3
2760,4
2760,5
2760,7
2760,8
2760,9
2760,10
2760,11
2760,12
2760,13
2760,14
2760,15
2761,0
2761,1
2761,2
2761,4
2761,6
2761,7
2761,8
2761,9
2761,10
2761,11
2761,12
2761,13
2761,14
2761,15
2762,0
2762,2
2762,3
2762,4
2762,5
2762,6
2762,7
2762,8
2762,10
2762,12
2762,13
2762,15
2763,0
2763,1
2763,2
2763,4
2763,5
2763,6
2763,7
2763,8
2763,9
2763,11
2763,12
2763,13
2763,14
2763,15
2764,2
2764,3
2764,5
2764,7
2764,8
2764,9
2764,10
2764,11
2764,12
2764,13
2764,14
2764,15
2765,0
2765,1
2765,2
2765,3
2765,5
2765,6
2765,7
2765,8
2765,9
2765,10
2765,11
2765,13
2765,15
2766,0
2766,1
2766,2
2766,3
2766,4
2766,5
2766,7
2766,8
2766,9
2766,11
2766,12
2766,13
2766,14
2766,15
2767,0
2767,1
2767,3
2767,4
2767,5
2767,6
2767,7
2767,8
2767,9
2767,11
2767,12
2767,14
2767,15
2768,0
2768,1
2768,3
2768,4
2768,5
2768,6
2768,7
2768,8
2768,10
2768,11
2768,12
2768,13
2768,14
2769,0
2769,1
2769,2
2769,4
2769,5
2769,6
2769,7
2769,8
2769,9
2769,10
2769,11
2769,12
2769,14
2769,15
2770,0
2770,2
2770,3
2770,6
2770,7
2770,8
2770,9
2770,10
2770,11
2770,13
2770,14
2770,15
2771,0
2771,1
2771,2
2771,3
2771,4
2771,5
2771,7
2771,8
2771,9
2771,10
2771,11
2771,12
2771,13
2771,14
2772,0
2772,1
2772,3
2772,4
2772,5
2772,7
2772,8
2772,9
2772,10
2772,11
2772,12
2772,13
2772,14
2772,15
2773,0
2773,1
2773,2
2773,5
2773,6
2773,8
2773,9
2773,10
2773,11
2773,15
2774,0
2774,2
2774,3
2774,4
2774,5
2774,6
2774,7
2774,8
2774,9
2774,11
2774,12
2774,13
2774,14
2774,15
2775,0
2775,3
2775,4
2775,5
2775,6
2775,7
2775,8
2775,9
2775,10
2775,11
2775,12
2775,13
2775,14
2775,15
2776,0
2776,1
2776,3
2776,4
2776,6
2776,7
2776,8
2776,10
2776,12
2776,13
2776,14
2776,15
2777,1
2777,2
2777,4
2777,5
2777,7
2777,8
2777,9
2777,11
2777,12
2777,13
2777,14
2778,0
2778,1
2778,2
2778,3
2778,4
2778,6
2778,9
2778,11
2778,12
2778,13
2778,14
2779,0
2779,1
2779,2
2779,4
2779,5
2779,6
2779,8
2779,9
2779,10
2779,11
2779,12
2779,13
2779,15
2780,0
2780,1
2780,2
2780,3
2780,4
2780,5
2780,6
2780,7
2780,8
2780,9
2780,10
2780,11
2780,12
2780,13
2781,0
2781,2
2781,4
2781,5
2781,7
2781,8
2781,9
2781,10
2781,12
2781,13
2781,14
2781,15
2782,0
2782,1
2782,3
2782,6
2782,8
2782,9
2782,11
2782,12
2782,14
2782,15
2783,0
2783,1
2783,2
2783,3
2783,4
2783,5
2783,6
2783,7
2783,8
2783,10
2783,11
2783,12
2783,13
2783,15
2784,0
2784,1
2784,2
2784,3
2784,4
2784,5
2784,6
2784,7
2784,8
2784,9
2784,11
2784,13
2784,15
2785,0
2785,1
2785,2
2785,3
2785,4
2785,5
2785,6
2785,7
2785,8
2785,9
2785,11
2785,12
2785,13
2785,14
2786,0
2786,1
2786,2
2786,3
2786,4
2786,5
2786,6
2786,7
2786,8
2786,9
2786,10
2786,11
2786,12
2786,13
2786,14
2786,15
2787,0
2787,1
2787,3
2787,4
2787,5
2787,6
2787,7
2787,8
2787,9
2787,10
2787,11
2787,12
2787,13
2787,15
2788,0
2788,1
2788,2
2788,3
2788,4
2788,5
2788,6
2788,7
2788,8
2788,9
2788,10
2788,11
2788,13
2788,14
2789,0
2789,1
2789,2
2789,3
2789,4
2789,5
2789,6
2789,7
2789,9
2789,12
2789,13
2789,14
2789,15
2790,0
2790,2
2790,3
2790,4
2790,5
2790,6
2790,7
2790,8
2790,9
2790,11
2790,12
2790,13
2790,14
2790,15
2791,1
2791,2
2791,3
2791,4
2791,5
2791,7
2791,8
2791,9
2791,10
2791,11
2791,12
2791,14
2791,15
2792,0
2792,1
2792,3
2792,4
2792,5
2792,6
2792,7
2792,8
2792,9
2792,10
2792,12
2792,14
2792,15
2793,0
2793,3
2793,4
2793,5
2793,7
2793,9
2793,10
2793,12
2793,13
2793,14
2793,15
2794,0
2794,1
2794,2
2794,3
2794,4
2794,5
2794,6
2794,7
2794,8
2794,11
2794,13
2794,14
2794,15
2795,0
2795,1
2795,2
2795,3
2795,4
2795,9
2795,11
2795,12
2795,13
2795,14
2796,0
2796,1
2796,2
2796,4
2796,5
2796,6
2796,7
2796,8
2796,9
2796,10
2796,12
2796,13
2796,14
2797,0
2797,1
2797,3
2797,4
2797,5
2797,6
2797,7
2797,8
2797,9
2797,10
2797,11
2797,12
2797,13
2797,14
2797,15
2798,0
2798,1
2798,2
2798,4
2798,5
2798,7
2798,9
2798,10
2798,11
2798,12
2798,13
2798,14
2799,0
2799,4
2799,5
2799,7
2799,8
2799,10
2799,11
2799,12
2799,13
2799,14
2800,0
2800,1
2800,2
2800,3
2800,5
2800,6
2800,7
2800,8
2800,9
2800,10
2800,11
2800,13
2800,14
2800,15
2801,2
2801,3
2801,6
2801,8
2801,10
2801,11
2801,12
2801,13
2801,14
2801,15
2802,1
2802,2
2802,4
2802,5
2802,6
2802,7
2802,8
2802,9
2802,10
2802,11
2802,12
2802,13
2802,14
2803,0
2803,2
2803,3
2803,5
2803,6
2803,7
2803,8
2803,9
2803,10
2803,11
2803,12
2803,13
2803,14
2803,15
2804,1
2804,2
2804,3
2804,4
2804,5
2804,6
2804,7
2804,8
2804,9
2804,10
2804,11
2804,12
2804,13
2804,14
2805,0
2805,1
2805,3
2805,4
2805,5
2805,6
2805,7
2805,8
2805,9
2805,11
2805,12
2805,13
2805,14
2805,15
2806,0
2806,2
2806,3
2806,4
2806,5
2806,6
2806,8
2806,9
2806,10
2806,11
2806,12
2806,13
2807,0
2807,3
2807,6
2807,7
2807,8
2807,10
2807,11
2807,12
2807,14
2807,15
2808,0
2808,1
2808,2
2808,3
2808,4
2808,5
2808,6
2808,7
2808,8
2808,9
2808,10
2808,11
2808,12
2808,13
2808,14
2808,15
2809,0
2809,1
2809,2
2809,3
2809,4
2809,5
2809,6
2809,7
2809,8
2809,9
2809,10
2809,11
2809,14
2809,15
2810,0
2810,1
2810,2
2810,3
2810,4
2810,5
2810,6
2810,7
2810,8
2810,10
2810,11
2810,12
2810,13
2810,14
2810,15
2811,0
2811,1
2811,2
2811,3
2811,4
2811,5
2811,6
2811,7
2811,8
2811,9
2811,10
2811,11
2811,12
2811,13
2811,14
2811,15
2812,0
2812,1
2812,6
2812,7
2812,9
2812,11
2812,13
2812,14
2813,0
2813,1
2813,2
2813,3
2813,4
2813,5
2813,6
2813,7
2813,8
2813,9
2813,10
2813,11
2813,12
2813,13
2813,15
2814,0
2814,2
2814,4
2814,5
2814,8
2814,9
2814,10
2814,11
2814,12
2814,13
2814,14
2814,15
2815,1
2815,2
2815,3
2815,4
2815,5
2815,6
2815,7
2815,8
2815,9
2815,10
2815,11
2815,12
2815,13
2816,0
2816,2
2816,3
2816,4
2816,5
2816,6
2816,7
2816,8
2816,9
2816,10
2816,14
2817,0
2817,1
2817,2
2817,6
2817,7
2817,8
2817,9
2817,10
2817,12
2817,14
2817,15
2818,1
2818,2
2818,3
2818,4
2818,5
2818,7
2818,8
2818,9
2818,11
2818,12
2818,13
2819,0
2819,1
2819,2
2819,3
2819,5
2819,6
2819,7
2819,8
2819,9
2819,10
2819,12
2819,14
2819,15
2820,0
2820,1
2820,2
2820,3
2820,4
2820,5
2820,6
2820,8
2820,9
2820,10
2820,11
2820,12
2820,13
2820,14
2820,15
2821,0
2821,1
2821,2
2821,3
2821,4
2821,6
2821,7
2821,9
2821,10
2821,11
2821,14
2821,15
2822,0
2822,1
2822,4
2822,6
2822,7
2822,8
2822,9
2822,10
2822,12
2822,13
2822,14
2823,0
2823,4
2823,6
2823,8
2823,9
2823,11
2823,12
2823,13
2823,14
2823,15
2824,2
2824,4
2824,5
2824,7
2824,9
2824,10
2824,12
2824,13
2825,0
2825,1
2825,2
2825,3
2825,5
2825,7
2825,8
2825,9
2825,11
2825,13
2825,14
2825,15
2826,0
2826,1
2826,2
2826,3
2826,4
2826,5
2826,7
2826,9
2826,10
2826,11
2826,12
2826,14
2826,15
2827,0
2827,1
2827,3
2827,5
2827,6
2827,7
2827,8
2827,9
2827,11
2827,12
2827,13
2827,14
2828,2
2828,3
2828,5
2828,7
2828,8
2828,9
2828,10
2828,11
2828,12
2828,15
2829,0
2829,1
2829,2
2829,3
2829,5
2829,6
2829,7
2829,8
2829,9
2829,10
2829,11
2829,12
2829,13
2829,14
2829,15
2830,0
2830,1
2830,2
2830,3
2830,4
2830,6
2830,7
2830,8
2830,9
2830,12
2830,13
2830,14
2830,15
2831,0
2831,1
2831,3
2831,4
2831,6
2831,7
2831,8
2831,9
2831,13
2831,14
2832,0
2832,1
2832,2
2832,3
2832,4
2832,5
2832,6
2832,7
2832,8
2832,9
2832,10
2832,11
2832,12
2832,13
2832,14
2832,15
2833,0
2833,1
2833,4
2833,5
2833,6
2833,7
2833,9
2833,10
2833,11
2833,14
2833,15
2834,0
2834,1
2834,2
2834,3
2834,4
2834,5
2834,6
2834,7
2834,8
2834,10
2834,12
2834,13
2834,14
2834,15
2835,0
2835,1
2835,2
2835,3
2835,4
2835,8
2835,10
2835,11
2835,13
2835,14
2836,1
2836,2
2836,3
2836,4
2836,5
2836,6
2836,8
2836,9
2836,10
2836,11
2836,13
2836,14
2836,15
2837,0
2837,1
2837,2
2837,3
2837,4
2837,5
2837,6
2837,7
2837,8
2837,10
2837,11
2837,12
2837,13
2837,14
2837,15
2838,0
2838,1
2838,2
2838,3
2838,4
2838,5
2838,6
2838,7
2838,9
2838,13
2838,14
2838,15
2839,1
2839,2
2839,3
2839,5
2839,6
2839,7
2839,8
2839,9
2839,11
2839,13
2839,14
2839,15
2840,0
2840,1
2840,2
2840,3
2840,4
2840,6
2840,7
2840,8
2840,9
2840,10
2840,11
2840,13
2840,14
2840,15
2841,0
2841,1
2841,2
2841,3
2841,6
2841,7
2841,9
2841,10
2841,11
2841,13
2841,14
2841,15
2842,0
2842,1
2842,2
2842,3
2842,6
2842,7
2842,8
2842,9
2842,10
2842,11
2842,12
2842,13
2842,14
2842,15
2843,0
2843,1
2843,2
2843,4
2843,5
2843,6
2843,7
2843,8
2843,10
2843,11
2843,12
2843,13
2843,14
2843,15
2844,2
2844,5
2844,6
2844,7
2844,8
2844,9
2844,11
2844,14
2844,15
2845,0
2845,1
2845,3
2845,5
2845,7
2845,8
2845,10
2845,12
2845,13
2845,14
2845,15
2846,0
2846,2
2846,3
2846,4
2846,5
2846,6
2846,7
2846,8
2846,9
2846,11
2846,14
2847,0
2847,1
2847,2
2847,4
2847,5
2847,8
2847,9
2847,10
2847,11
2847,12
2847,13
2847,14
2847,15
2848,0
2848,1
2848,2
2848,3
2848,4
2848,5
2848,6
2848,7
2848,8
2848,9
2848,10
2848,11
2848,12
2848,15
2849,0
2849,2
2849,3
2849,5
2849,6
2849,7
2849,8
2849,9
2849,10
2849,14
2849,15
2850,1
2850,2
2850,3
2850,4
2850,5
2850,6
2850,7
2850,8
2850,9
2850,10
2850,11
2850,12
2850,13
2850,14
2850,15
2851,0
2851,1
2851,2
2851,3
2851,4
2851,5
2851,7
2851,8
2851,9
2851,11
2851,12
2851,13
2851,15
2852,0
2852,1
2852,3
2852,5
2852,7
2852,10
2852,11
2852,12
2852,13
2852,14
2852,15
2853,0
2853,2
2853,3
2853,4
2853,5
2853,6
2853,7
2853,9
2853,10
2853,13
2853,14
2853,15
2854,0
2854,2
2854,3
2854,4
2854,5
2854,6
2854,7
2854,8
2854,11
2854,13
2854,14
2854,15
2855,1
2855,3
2855,4
2855,5
2855,6
2855,7
2855,8
2855,9
2855,10
2855,11
2855,13
2856,0
2856,2
2856,3
2856,4
2856,5
2856,6
2856,7
2856,8
2856,9
2856,10
2856,13
2856,14
2856,15
2857,0
2857,1
2857,2
2857,3
2857,4
2857,5
2857,6
2857,7
2857,8
2857,9
2857,10
2857,11
2857,12
2857,13
2857,14
2857,15
2858,0
2858,1
2858,5
2858,6
2858,8
2858,9
2858,10
2858,11
2858,12
2858,13
2858,14
2858,15
2859,0
2859,1
2859,3
2859,4
2859,5
2859,6
2859,7
2859,8
2859,9
2859,10
2859,11
2859,12
2859,13
2859,14
2859,15
2860,0
2860,1
2860,3
2860,4
2860,5
2860,6
2860,7
2860,8
2860,10
2860,11
2860,12
2860,14
2860,15
2861,0
2861,1
2861,2
2861,3
2861,5
2861,6
2861,7
2861,8
2861,9
2861,10
2861,11
2861,13
2861,14
2861,15
2862,0
2862,1
2862,2
2862,3
2862,4
2862,5
2862,7
2862,8
2862,10
2862,11
2862,12
2862,13
2862,14
2862,15
2863,0
2863,1
2863,2
2863,3
2863,4
2863,5
2863,6
2863,7
2863,8
2863,9
2863,12
2863,13
2863,14
2863,15
2864,0
2864,1
2864,2
2864,6
2864,7
2864,9
2864,10
2864,11
2864,12
2864,13
2864,14
2864,15
2865,0
2865,1
2865,2
2865,3
2865,5
2865,6
2865,7
2865,8
2865,9
2865,10
2865,11
2865,12
2865,13
2865,14
2865,15
2866,0
2866,1
2866,2
2866,3
2866,4
2866,7
2866,8
2866,9
2866,10
2866,11
2866,12
2866,13
2866,14
2867,0
2867,2
2867,3
2867,4
2867,5
2867,6
2867,7
2867,8
2867,9
2867,11
2867,13
2867,14
2867,15
2868,0
2868,2
2868,5
2868,6
2868,7
2868,8
2868,10
2868,11
2868,12
2868,13
2868,14
2868,15
2869,0
2869,1
2869,2
2869,3
2869,4
2869,5
2869,6
2869,7
2869,8
2869,9
2869,10
2869,11
2869,12
2869,13
2869,14
2869,15
2870,0
2870,1
2870,2
2870,3
2870,4
2870,7
2870,8
2870,10
2870,11
2870,12
2870,13
2870,14
2870,15
2871,0
2871,1
2871,2
2871,3
2871,4
2871,5
2871,7
2871,8
2871,9
2871,10
2871,11
2871,12
2871,13
2871,15
2872,1
2872,2
2872,3
2872,5
2872,6
2872,7
2872,8
2872,10
2872,11
2872,12
2872,13
2872,14
2872,15
2873,1
2873,2
2873,3
2873,4
2873,5
2873,7
2873,8
2873,9
2873,10
2873,11
2873,12
2873,13
2873,15
2874,0
2874,1
2874,2
2874,3
2874,4
2874,6
2874,7
2874,9
2874,11
2874,12
2874,13
2874,14
2874,15
2875,0
2875,1
2875,2
2875,3
2875,4
2875,5
2875,6
2875,7
2875,8
2875,9
2875,10
2875,11
2875,12
2875,13
2875,14
2875,15
2876,0
2876,1
2876,2
2876,3
2876,4
2876,5
2876,6
2876,7
2876,8
2876,10
2876,11
2876,12
2876,15
2877,0
2877,2
2877,3
2877,4
2877,6
2877,7
2877,8
2877,9
2877,10
2877,11
2877,12
2877,13
2877,14
2878,0
2878,1
2878,2
2878,4
2878,5
2878,6
2878,7
2878,8
2878,11
2878,13
2878,15
2879,0
2879,1
2879,2
2879,3
2879,5
2879,6
2879,8
2879,9
2879,10
2879,11
2879,12
2879,13
2879,14
2879,15
2880,0
2880,1
2880,2
2880,3
2880,5
2880,6
2880,7
2880,8
2880,10
2880,11
2880,14
2880,15
2881,0
2881,1
2881,2
2881,4
2881,6
2881,9
2881,10
2881,11
2881,12
2881,13
2881,14
2882,1
2882,2
2882,3
2882,4
2882,7
2882,8
2882,11
2882,12
2882,13
2882,14
2882,15
2883,0
2883,1
2883,2
2883,3
2883,4
2883,5
2883,6
2883,7
2883,8
2883,9
2883,10
2883,11
2883,12
2883,13
2883,14
2883,15
2884,0
2884,1
2884,4
2884,5
2884,6
2884,7
2884,8
2884,9
2884,10
2884,11
2884,13
2884,14
2884,15
2885,0
2885,1
2885,5
2885,6
2885,8
2885,9
2885,10
2885,11
2885,12
2885,13
2885,14
2885,15
2886,0
2886,1
2886,3
2886,4
2886,5
2886,7
2886,8
2886,9
2886,10
2886,11
2886,12
2886,14
2886,15
2887,0
2887,2
2887,3
2887,4
2887,5
2887,6
2887,7
2887,8
2887,9
2887,10
2887,11
2887,12
2887,13
2887,14
2887,15
2888,0
2888,1
2888,2
2888,3
2888,5
2888,6
2888,7
2888,9
2888,10
2888,11
2888,12
2888,13
2888,14
2888,15
2889,0
2889,1
2889,2
2889,4
2889,5
2889,6
2889,8
2889,9
2889,10
2889,11
2889,12
2889,13
2889,14
2889,15
2890,0
2890,1
2890,2
2890,3
2890,4
2890,5
2890,6
2890,7
2890,8
2890,9
2890,11
2890,12
2890,13
2890,14
2890,15
2891,0
2891,1
2891,2
2891,3
2891,4
2891,5
2891,8
2891,9
2891,10
2891,11
2891,13
2891,14
2891,15
2892,0
2892,2
2892,4
2892,5
2892,7
2892,8
2892,10
2892,11
2892,12
2892,13
2892,14
2892,15
2893,0
2893,1
2893,2
2893,3
2893,4
2893,5
2893,7
2893,8
2893,9
2893,10
2893,12
2893,14
2893,15
2894,0
2894,1
2894,2
2894,3
2894,4
2894,7
2894,8
2894,10
2894,11
2894,13
2894,14
2894,15
2895,0
2895,1
2895,2
2895,3
2895,5
2895,6
2895,7
2895,8
2895,9
2895,11
2895,12
2895,13
2895,14
2895,15
2896,0
2896,1
2896,2
2896,4
2896,5
2896,6
2896,7
2896,8
2896,9
2896,10
2896,11
2896,12
2896,13
2896,15
2897,2
2897,4
2897,5
2897,6
2897,7
2897,8
2897,10
2897,11
2897,12
2897,13
2897,14
2897,15
2898,0
2898,1
2898,2
2898,3
2898,4
2898,5
2898,6
2898,7
2898,8
2898,9
2898,10
2898,11
2898,12
2898,14
2898,15
2899,0
2899,1
2899,2
2899,5
2899,6
2899,7
2899,8
2899,9
2899,10
2899,12
2899,14
2900,0
2900,1
2900,3
2900,4
2900,5
2900,6
2900,10
2900,11
2900,12
2900,14
2901,0
2901,1
2901,2
2901,3
2901,4
2901,5
2901,6
2901,7
2901,8
2901,10
2901,11
2901,12
2901,13
2901,14
2901,15
2902,0
2902,1
2902,2
2902,3
2902,4
2902,5
2902,6
2902,7
2902,9
2902,10
2902,13
2902,14
2902,15
2903,0
2903,1
2903,2
2903,3
2903,5
2903,6
2903,7
2903,8
2903,9
2903,10
2903,11
2903,12
2903,14
2903,15
2904,0
2904,1
2904,2
2904,3
2904,4
2904,5
2904,6
2904,8
2904,9
2904,10
2904,11
2904,12
2904,14
2905,0
2905,2
2905,3
2905,4
2905,5
2905,6
2905,7
2905,8
2905,9
2905,11
2905,13
2905,15
2906,0
2906,1
2906,2
2906,3
2906,4
2906,5
2906,6
2906,8
2906,10
2906,11
2906,12
2906,13
2906,14
2906,15
2907,0
2907,1
2907,4
2907,5
2907,6
2907,7
2907,8
2907,9
2907,10
2907,11
2907,12
2907,13
2907,15
2908,1
2908,2
2908,3
2908,4
2908,5
2908,6
2908,8
2908,9
2908,10
2908,11
2908,12
2908,13
2908,14
2908,15
2909,1
2909,2
2909,3
2909,4
2909,5
2909,6
2909,9
2909,10
2909,11
2909,12
2909,13
2909,14
2909,15
2910,0
2910,1
2910,2
2910,4
2910,5
2910,6
2910,8
2910,9
2910,11
2910,13
2910,14
2910,15
2911,0
2911,2
2911,3
2911,5
2911,6
2911,7
2911,8
2911,10
2911,11
2911,12
2911,13
2911,14
2911,15
2912,0
2912,2
2912,3
2912,4
2912,5
2912,6
2912,8
2912,9
2912,10
2912,11
2912,12
2912,15
2913,0
2913,1
2913,2
2913,3
2913,4
2913,5
2913,6
2913,7
2913,8
2913,9
2913,10
2913,11
2913,12
2913,13
2913,14
2913,15
2914,1
2914,2
2914,3
2914,5
2914,6
2914,7
2914,9
2914,10
2914,12
2914,14
2914,15
2915,1
2915,2
2915,3
2915,4
2915,5
2915,6
2915,7
2915,9
2915,10
2915,12
2915,13
2915,15
2916,0
2916,1
2916,2
2916,3
2916,4
2916,6
2916,8
2916,9
2916,10
2916,11
2916,12
2916,13
2916,14
2917,0
2917,1
2917,3
2917,4
2917,5
2917,8
2917,9
2917,10
2917,12
2917,13
2917,14
2917,15
2918,0
2918,1
2918,2
2918,3
2918,4
2918,5
2918,6
2918,7
2918,8
2918,10
2918,11
2918,13
2918,14
2918,15
2919,0
2919,1
2919,2
2919,5
2919,6
2919,8
2919,11
2919,12
2919,14
2919,15
2920,0
2920,2
2920,5
2920,6
2920,7
2920,9
2920,10
2920,11
2920,13
2920,14
2921,0
2921,2
2921,3
2921,4
2921,6
2921,7
2921,8
2921,10
2921,12
2921,13
2921,14
2921,15
2922,0
2922,1
2922,4
2922,6
2922,7
2922,9
2922,10
2922,11
2922,13
2922,14
2923,0
2923,1
2923,2
2923,3
2923,4
2923,5
2923,6
2923,8
2923,9
2923,11
2923,12
2923,13
2923,15
2924,1
2924,2
2924,3
2924,4
2924,5
2924,6
2924,7
2924,9
2924,10
2924,13
2924,14
2924,15
2925,0
2925,1
2925,2
2925,4
2925,5
2925,6
2925,7
2925,8
2925,9
2925,10
2925,11
2925,12
2925,13
2925,14
2925,15
2926,2
2926,3
2926,4
2926,5
2926,6
2926,7
2926,8
2926,9
2926,12
2926,13
2926,14
2926,15
2927,0
2927,1
2927,2
2927,4
2927,5
2927,6
2927,7
2927,9
2927,11
2927,12
2927,13
2927,14
2927,15
2928,1
2928,2
2928,3
2928,4
2928,6
2928,7
2928,8
2928,9
2928,10
2928,12
2928,13
2928,14
2928,15
2929,0
2929,1
2929,2
2929,3
2929,4
2929,5
2929,6
2929,7
2929,9
2929,10
2929,11
2929,12
2929,14
2929,15
2930,0
2930,1
2930,2
2930,3
2930,4
2930,5
2930,6
2930,9
2930,11
2930,12
2930,13
2930,14
2930,15
2931,1
2931,2
2931,3
2931,4
2931,5
2931,6
2931,7
2931,9
2931,11
2931,12
2931,13
2931,14
2931,15
2932,1
2932,2
2932,3
2932,4
2932,9
2932,10
2932,11
2932,12
2932,13
2932,14
2932,15
2933,0
2933,2
2933,3
2933,5
2933,6
2933,8
2933,9
2933,12
2933,14
2933,15
2934,0
2934,3
2934,4
2934,5
2934,6
2934,7
2934,8
2934,9
2934,10
2934,11
2934,12
2934,13
2934,14
2934,15
2935,0
2935,2
2935,3
2935,6
2935,7
2935,8
2935,9
2935,10
2935,12
2935,13
2935,14
2935,15
2936,0
2936,1
2936,2
2936,3
2936,4
2936,5
2936,7
2936,8
2936,9
2936,10
2936,11
2936,12
2936,13
2936,15
2937,0
2937,1
2937,3
2937,5
2937,6
2937,7
2937,8
2937,10
2937,12
2937,13
2938,0
2938,1
2938,2
2938,3
2938,4
2938,5
2938,6
2938,7
2938,8
2938,9
2938,11
2938,13
2938,14
2938,15
2939,0
2939,2
2939,3
2939,4
2939,5
2939,6
2939,7
2939,8
2939,9
2939,10
2939,11
2939,12
2939,14
2939,15
2940,0
2940,2
2940,4
2940,5
2940,7
2940,8
2940,9
2940,10
2940,11
2940,12
2940,13
2940,14
2940,15
2941,0
2941,1
2941,2
2941,3
2941,4
2941,5
2941,6
2941,7
2941,9
2941,10
2941,11
2941,12
2941,13
2941,14
2941,15
2942,0
2942,1
2942,2
2942,3
2942,4
2942,6
2942,8
2942,9
2942,10
2942,12
2942,14
2942,15
2943,0
2943,1
2943,2
2943,3
2943,4
2943,5
2943,6
2943,7
2943,8
2943,9
2943,13
2943,15
2944,0
2944,1
2944,2
2944,3
2944,4
2944,6
2944,7
2944,8
2944,9
2944,12
2944,13
2944,14
2945,0
2945,1
2945,2
2945,3
2945,5
2945,9
2945,10
2945,11
2945,12
2945,13
2945,14
2945,15
2946,0
2946,1
2946,2
2946,3
2946,4
2946,5
2946,6
2946,7
2946,8
2946,9
2946,10
2946,11
2946,12
2946,13
2946,14
2946,15
2947,0
2947,1
2947,3
2947,5
2947,6
2947,7
2947,8
2947,9
2947,10
2947,11
2947,12
2947,14
2947,15
2948,0
2948,1
2948,2
2948,3
2948,4
2948,5
2948,7
2948,8
2948,9
2948,10
2948,11
2948,14
2948,15
2949,1
2949,2
2949,4
2949,5
2949,6
2949,7
2949,8
2949,9
2949,10
2949,11
2949,12
2949,13
2949,14
2949,15
2950,0
2950,1
2950,4
2950,5
2950,7
2950,8
2950,9
2950,10
2950,13
2950,14
2950,15
2951,1
2951,2
2951,3
2951,4
2951,5
2951,6
2951,7
2951,8
2951,9
2951,12
2951,13
2951,14
2951,15
2952,0
2952,1
2952,2
2952,3
2952,4
2952,5
2952,6
2952,7
2952,10
2952,11
2952,12
2952,14
2952,15
2953,0
2953,1
2953,2
2953,3
2953,5
2953,6
2953,7
2953,8
2953,9
2953,10
2953,11
2953,12
2953,13
2953,14
2953,15
2954,0
2954,1
2954,6
2954,7
2954,8
2954,9
2954,10
2954,11
2954,12
2954,13
2954,14
2954,15
2955,0
2955,2
2955,3
2955,4
2955,6
2955,8
2955,9
2955,10
2955,11
2955,12
2955,14
2955,15
2956,0
2956,2
2956,4
2956,6
2956,8
2956,9
2956,10
2956,11
2956,12
2956,13
2956,14
2956,15
2957,1
2957,3
2957,4
2957,5
2957,6
2957,7
2957,8
2957,9
2957,10
2957,12
2957,13
2957,15
2958,0
2958,1
2958,2
2958,3
2958,4
2958,5
2958,7
2958,8
2958,9
2958,11
2958,12
2958,13
2958,14
2958,15
2959,2
2959,3
2959,5
2959,6
2959,7
2959,8
2959,9
2959,11
2959,12
2959,13
2959,14
2959,15
2960,1
2960,3
2960,4
2960,6
2960,7
2960,9
2960,10
2960,11
2960,13
2960,15
2961,0
2961,5
2961,6
2961,8
2961,10
2961,12
2961,13
2961,14
2961,15
2962,0
2962,1
2962,2
2962,3
2962,4
2962,5
2962,6
2962,8
2962,11
2962,13
2962,14
2962,15
2963,0
2963,1
2963,3
2963,5
2963,6
2963,7
2963,8
2963,9
2963,10
2963,12
2963,13
2963,15
2964,0
2964,1
2964,3
2964,4
2964,6
2964,7
2964,8
2964,9
2964,11
2964,12
2964,13
2964,14
2964,15
2965,0
2965,1
2965,2
2965,3
2965,4
2965,5
2965,6
2965,8
2965,9
2965,10
2965,11
2965,12
2965,13
2965,14
2965,15
2966,0
2966,1
2966,2
2966,3
2966,4
2966,5
2966,6
2966,8
2966,10
2966,11
2966,12
2966,15
2967,1
2967,2
2967,3
2967,4
2967,5
2967,6
2967,7
2967,10
2967,11
2967,12
2967,13
2967,14
2967,15
2968,0
2968,2
2968,4
2968,5
2968,6
2968,7
2968,8
2968,9
2968,11
2968,12
2968,13
2968,14
2969,1
2969,2
2969,4
2969,5
2969,6
2969,7
2969,8
2969,9
2969,11
2969,12
2969,14
2969,15
2970,1
2970,2
2970,3
2970,4
2970,5
2970,6
2970,7
2970,8
2970,9
2970,10
2970,11
2970,13
2970,14
2970,15
2971,0
2971,1
2971,2
2971,3
2971,4
2971,6
2971,7
2971,8
2971,9
2971,10
2971,11
2971,13
2971,14
2971,15
2972,1
2972,2
2972,3
2972,4
2972,5
2972,6
2972,10
2972,11
2972,12
2972,13
2972,14
2972,15
2973,0
2973,1
2973,2
2973,3
2973,4
2973,5
2973,6
2973,7
2973,8
2973,10
2973,11
2973,12
2973,13
2973,14
2973,15
2974,0
2974,2
2974,3
2974,4
2974,5
2974,6
2974,7
2974,8
2974,9
2974,10
2974,11
2974,13
2974,14
2975,0
2975,1
2975,2
2975,3
2975,4
2975,5
2975,6
2975,7
2975,8
2975,9
2975,10
2975,12
2975,13
2975,15
2976,0
2976,2
2976,3
2976,4
2976,6
2976,7
2976,8
2976,10
2976,12
2976,14
2976,15
2977,0
2977,1
2977,2
2977,4
2977,5
2977,6
2977,7
2977,8
2977,10
2977,12
2977,13
2978,0
2978,2
2978,3
2978,4
2978,7
2978,8
2978,9
2978,10
2978,11
2978,12
2978,13
2978,15
2979,0
2979,1
2979,2
2979,3
2979,4
2979,6
2979,8
2979,9
2979,10
2979,11
2979,13
2979,15
2980,0
2980,2
2980,3
2980,4
2980,5
2980,6
2980,7
2980,8
2980,9
2980,10
2980,11
2980,13
2980,14
2980,15
2981,0
2981,1
2981,2
2981,3
2981,4
2981,5
2981,6
2981,7
2981,8
2981,9
2981,10
2981,11
2981,12
2981,13
2981,14
2981,15
2982,0
2982,1
2982,2
2982,3
2982,4
2982,5
2982,6
2982,7
2982,8
2982,9
2982,10
2982,12
2982,13
2982,14
2983,0
2983,1
2983,3
2983,4
2983,5
2983,6
2983,7
2983,8
2983,9
2983,11
2983,12
2983,13
2983,14
2983,15
2984,0
2984,1
2984,2
2984,3
2984,4
2984,5
2984,6
2984,7
2984,8
2984,9
2984,11
2984,12
2984,13
2984,14
2984,15
2985,0
2985,1
2985,3
2985,4
2985,6
2985,7
2985,9
2985,10
2985,11
2985,13
2985,14
2986,0
2986,2
2986,3
2986,4
2986,5
2986,6
2986,7
2986,8
2986,9
2986,11
2986,12
2986,13
2986,14
2986,15
2987,0
2987,1
2987,2
2987,3
2987,6
2987,7
2987,8
2987,9
2987,10
2987,11
2987,13
2987,14
2987,15
2988,1
2988,2
2988,4
2988,6
2988,7
2988,8
2988,9
2988,10
2988,11
2988,13
2988,14
2989,2
2989,5
2989,6
2989,7
2989,8
2989,9
2989,10
2989,11
2989,13
2989,14
2989,15
2990,0
2990,3
2990,4
2990,5
2990,6
2990,7
2990,8
2990,9
2990,10
2990,11
2990,12
2990,13
2990,14
2990,15
2991,0
2991,2
2991,3
2991,4
2991,5
2991,6
2991,7
2991,8
2991,9
2991,10
2991,11
2991,12
2991,13
2991,15
2992,0
2992,1
2992,2
2992,3
2992,4
2992,5
2992,6
2992,7
2992,9
2992,10
2992,12
2992,13
2992,14
2992,15
2993,0
2993,1
2993,2
2993,3
2993,5
2993,6
2993,7
2993,8
2993,9
2993,10
2993,11
2993,14
2993,15
2994,0
2994,1
2994,2
2994,4
2994,5
2994,6
2994,8
2994,9
2994,10
2994,11
2994,13
2994,14
2994,15
2995,0
2995,1
2995,2
2995,3
2995,4
2995,5
2995,6
2995,7
2995,10
2995,11
2995,12
2995,13
2995,15
2996,0
2996,1
2996,2
2996,3
2996,4
2996,5
2996,6
2996,8
2996,9
2996,10
2996,11
2996,12
2996,15
2997,0
2997,1
2997,2
2997,3
2997,4
2997,5
2997,6
2997,7
2997,8
2997,9
2997,10
2997,11
2997,12
2997,13
2997,14
2997,15
2998,1
2998,2
2998,3
2998,4
2998,7
2998,8
2998,9
2998,10
2998,11
2998,12
2998,13
2998,14
2998,15
2999,0
2999,1
2999,2
2999,4
2999,6
2999,7
2999,8
2999,9
2999,10
2999,11
2999,12
2999,13
2999,14
