event_id	cycle	source	x	y	polarity	occurrence_timestamp_ns	theta_idx
0	4101	6	112	86	0	4101324001	5
1	4106	10	112	87	0	4106671000	6
2	4146	0	110	85	0	4146523001	7
3	4148	0	110	85	0	4148676001	7
4	4149	1	111	85	0	4149701000	7
5	4150	4	110	86	0	4150743001	7
6	4151	0	110	85	0	4151889001	7
7	4151	2	112	85	0	4151871000	7
8	4152	1	111	85	0	4152698001	7
9	4153	4	110	86	0	4153745001	7
10	4153	5	111	86	0	4153643000	7
11	4154	2	112	85	0	4154333001	7
12	4155	3	113	85	0	4155607000	7
13	4155	8	110	87	0	4155358000	7
14	4156	5	111	86	0	4156661000	7
15	4157	1	111	85	0	4157102001	7
16	4157	2	112	85	0	4157439000	7
17	4157	4	110	86	0	4157355000	7
18	4157	6	112	86	0	4157252000	7
19	4158	3	113	85	0	4158601001	7
20	4158	8	110	87	0	4158973000	7
21	4158	9	111	87	0	4158405001	7
22	4159	5	111	86	0	4159752001	7
23	4159	7	113	86	0	4159407001	7
24	4159	12	110	88	0	4159808001	7
25	4160	6	112	86	0	4160609001	7
26	4161	0	110	85	1	4161843001	8
27	4161	9	111	87	0	4161957001	8
28	4161	10	112	87	0	4161466001	8
29	4162	2	112	85	0	4162116001	8
30	4162	7	113	86	0	4162128000	8
31	4162	13	111	88	0	4162382001	8
32	4163	3	113	85	0	4163077001	8
33	4163	11	113	87	0	4163482001	8
34	4163	12	110	88	0	4163033000	8
35	4164	6	112	86	0	4164518001	8
36	4164	10	112	87	0	4164052001	8
37	4164	13	111	88	0	4164646001	8
38	4165	0	110	85	1	4165244001	8
39	4165	4	110	86	1	4165312000	8
40	4165	5	111	86	0	4165600001	8
41	4165	7	113	86	0	4165920000	8
42	4165	9	111	87	0	4165574000	8
43	4165	14	112	88	0	4165087000	8
44	4166	11	113	87	0	4166169000	8
45	4166	13	111	88	0	4166875001	8
46	4167	10	112	87	0	4167139000	8
47	4167	14	112	88	0	4167268000	8
48	4168	4	110	86	1	4168947000	8
49	4168	15	113	88	0	4168166000	8
50	4170	7	113	86	0	4170878001	8
51	4170	8	110	87	1	4170763001	8
52	4170	10	112	87	0	4170644000	8
53	4170	11	113	87	0	4170240000	8
54	4170	14	112	88	0	4170417001	8
55	4170	15	113	88	0	4170897000	8
56	4171	1	111	85	1	4171514001	8
57	4171	6	112	86	0	4171405000	8
58	4171	13	111	88	0	4171429000	8
59	4172	5	111	86	1	4172808000	8
60	4174	11	113	87	0	4174029001	8
61	4174	14	112	88	0	4174100000	8
62	4175	1	111	85	1	4175405001	8
63	4175	8	110	87	1	4175993001	8
64	4175	12	110	88	1	4175030000	8
65	4175	15	113	88	0	4175124000	8
66	4177	5	111	86	1	4177241000	8
67	4178	4	110	86	1	4178038001	8
68	4178	15	113	88	0	4178857001	8
69	4179	2	112	85	1	4179833001	8
70	4179	12	110	88	1	4179014000	8
71	4180	9	111	87	1	4180413001	8
72	4182	5	111	86	1	4182120001	8
73	4182	6	112	86	1	4182689000	8
74	4182	13	111	88	1	4182767001	8
75	4183	0	110	85	1	4183851001	8
76	4183	1	111	85	1	4183323001	8
77	4184	2	112	85	1	4184539001	8
78	4184	9	111	87	1	4184965001	8
79	4187	6	112	86	1	4187728000	9
80	4187	13	111	88	1	4187114001	9
81	4188	2	112	85	1	4188682000	9
82	4188	10	112	87	1	4188492000	9
83	4190	13	111	88	1	4190760001	9
84	4191	6	112	86	1	4191499000	9
85	4193	10	112	87	1	4193918000	9
86	4193	14	112	88	1	4193396000	9
87	4195	2	112	85	0	4195247001	9
88	4197	2	112	85	0	4197997001	9
89	4199	1	111	85	0	4199339001	9
90	4199	14	112	88	1	4199067000	9
91	4200	10	112	87	1	4200137001	9
92	4202	0	110	85	0	4202193001	9
93	4202	2	112	85	0	4202480001	9
94	4202	6	112	86	0	4202209000	9
95	4203	1	111	85	0	4203245000	9
96	4203	14	112	88	1	4203933000	9
97	4204	0	110	85	0	4204695001	9
98	4205	2	112	85	0	4205964001	9
99	4205	5	111	86	0	4205501001	9
100	4206	6	112	86	0	4206973001	9
101	4206	10	112	87	0	4206115001	9
102	4208	0	110	85	0	4208411001	9
103	4208	1	111	85	0	4208843001	9
104	4208	4	110	86	0	4208128001	9
105	4208	5	111	86	0	4208842001	9
106	4208	10	112	87	0	4208711001	9
107	4208	15	113	88	1	4208566001	9
108	4211	2	112	85	0	4211800000	9
109	4211	4	110	86	0	4211436000	9
110	4211	5	111	86	0	4211959000	9
111	4211	9	111	87	0	4211729001	9
112	4212	6	112	86	0	4212242000	9
113	4212	10	112	87	0	4212505000	9
114	4212	14	112	88	0	4212738001	9
115	4213	0	110	85	0	4213595001	9
116	4214	9	111	87	0	4214748000	9
117	4215	4	110	86	0	4215704000	9
118	4215	8	110	87	0	4215007000	9
119	4215	14	112	88	0	4215401000	9
120	4216	10	112	87	0	4216879000	9
121	4216	13	111	88	0	4216895001	9
122	4216	15	113	88	0	4216794000	9
123	4218	8	110	87	0	4218259000	9
124	4219	9	111	87	0	4219453001	9
125	4220	4	110	86	0	4220494000	9
126	4220	12	110	88	0	4220840000	9
127	4220	14	112	88	0	4220328001	9
128	4221	5	111	86	0	4221223001	9
129	4221	13	111	88	0	4221086000	9
130	4223	8	110	87	0	4223144001	10
131	4224	12	110	88	1	4224396000	10
132	4224	13	111	88	0	4224411000	10
133	4224	14	112	88	0	4224822000	10
134	4227	12	110	88	0	4227851001	10
135	4229	0	110	85	1	4229879001	10
136	4229	1	111	85	1	4229475001	10
137	4229	2	112	85	1	4229600001	10
138	4230	3	113	85	1	4230077001	10
139	4232	0	110	85	1	4232897001	10
140	4232	1	111	85	1	4232249000	10
141	4232	2	112	85	1	4232437001	10
142	4232	13	111	88	0	4232840000	10
143	4233	3	113	85	1	4233232001	10
144	4235	4	110	86	1	4235125000	10
145	4235	5	111	86	1	4235666001	10
146	4235	6	112	86	1	4235999000	10
147	4235	7	113	86	1	4235666001	10
148	4236	12	110	88	0	4236555000	10
149	4237	4	110	86	1	4237887001	10
150	4238	1	111	85	1	4238318000	10
151	4238	5	111	86	1	4238524001	10
152	4238	6	112	86	1	4238945001	10
153	4238	7	113	86	1	4238503001	10
154	4241	8	110	87	1	4241958000	10
155	4241	10	112	87	1	4241891000	10
156	4242	2	112	85	1	4242850001	10
157	4242	9	111	87	1	4242184001	10
158	4242	11	113	87	1	4242252001	10
159	4244	8	110	87	1	4244976001	10
160	4244	9	111	87	1	4244843000	10
161	4244	10	112	87	1	4244912000	10
162	4245	4	110	86	1	4245490000	10
163	4245	11	113	87	1	4245566000	10
164	4246	12	110	88	1	4246960001	10
165	4247	13	111	88	1	4247543000	10
166	4247	14	112	88	1	4247687000	10
167	4248	0	110	85	1	4248524000	10
168	4248	15	113	88	1	4248867001	10
169	4250	7	113	86	1	4250035001	10
170	4250	12	110	88	1	4250353001	10
171	4250	13	111	88	1	4250771000	10
172	4250	14	112	88	1	4250464001	10
173	4251	9	111	87	1	4251819001	10
174	4251	15	113	88	1	4251976000	10
175	4252	5	111	86	1	4252721001	10
176	4253	10	112	87	1	4253054000	10
177	4253	14	112	88	1	4253901000	10
178	4254	12	110	88	1	4254308001	10
179	4256	13	111	88	1	4256227000	10
180	4258	8	110	87	1	4258421001	11
181	4259	11	113	87	1	4259644001	11
182	4277	6	112	86	1	4277810000	11
183	4526	12	110	88	1	4526559000	11
184	4526	13	111	88	0	4526164001	11
185	4526	14	112	88	0	4526569001	11
186	4526	15	113	88	0	4526743000	11
187	4528	10	112	87	0	4528714001	11
188	4528	11	113	87	0	4528865000	11
189	4528	13	111	88	0	4528308000	11
190	4528	14	112	88	0	4528528001	11
191	4528	15	113	88	1	4528702000	11
192	4529	8	110	87	0	4529572001	11
193	4529	9	111	87	0	4529716001	11
194	4529	12	110	88	0	4529004001	11
195	4530	10	112	87	1	4530769000	10
196	4530	11	113	87	0	4530910000	10
197	4531	6	112	86	0	4531801001	10
198	4531	7	113	86	0	4531871000	10
199	4531	9	111	87	0	4531943001	10
200	4531	13	111	88	0	4531267000	10
201	4531	14	112	88	0	4531792000	10
202	4531	15	113	88	0	4531252001	10
203	4532	4	110	86	0	4532626001	10
204	4532	5	111	86	0	4532507000	10
205	4532	8	110	87	0	4532153001	10
206	4533	6	112	86	0	4533968001	10
207	4533	7	113	86	0	4533820000	10
208	4533	10	112	87	0	4533227000	10
209	4533	11	113	87	0	4533525001	10
210	4534	2	112	85	0	4534921001	10
211	4534	4	110	86	0	4534681000	10
212	4534	5	111	86	1	4534513001	10
213	4535	0	110	85	0	4535683000	10
214	4536	1	111	85	0	4536062001	10
215	4536	3	113	85	0	4536469001	10
216	4536	6	112	86	0	4536234001	10
217	4536	7	113	86	0	4536035001	10
218	4536	9	111	87	0	4536948000	10
219	4537	0	110	85	0	4537931001	10
220	4537	2	112	85	0	4537119001	10
221	4537	5	111	86	0	4537582001	10
222	4538	1	111	85	0	4538434000	10
223	4539	2	112	85	0	4539625001	10
224	4539	3	113	85	0	4539259001	10
225	4539	4	110	86	0	4539329000	10
226	4539	12	110	88	1	4539576000	10
227	4540	0	110	85	0	4540637000	10
228	4540	13	111	88	1	4540830000	10
229	4542	8	110	87	1	4542740001	10
230	4542	12	110	88	1	4542167000	10
231	4543	9	111	87	1	4543935001	10
232	4543	13	111	88	1	4543770001	10
233	4543	14	112	88	1	4543035000	10
234	4545	4	110	86	1	4545299000	10
235	4545	8	110	87	1	4545362001	10
236	4545	14	112	88	1	4545887001	10
237	4546	0	110	85	1	4546969001	10
238	4546	5	111	86	1	4546936000	10
239	4546	9	111	87	1	4546858000	10
240	4546	10	112	87	1	4546507001	10
241	4547	4	110	86	1	4547977000	10
242	4548	6	112	86	1	4548721001	9
243	4549	5	111	86	1	4549771000	9
244	4549	10	112	87	1	4549049000	9
245	4550	0	110	85	1	4550395001	9
246	4550	1	111	85	1	4550687000	9
247	4551	2	112	85	1	4551352001	9
248	4551	14	112	88	0	4551671000	9
249	4552	6	112	86	1	4552185001	9
250	4553	1	111	85	1	4553065000	9
251	4553	7	113	86	1	4553999001	9
252	4553	10	112	87	0	4553949000	9
253	4554	0	110	85	1	4554671000	9
254	4554	2	112	85	1	4554441001	9
255	4554	14	112	88	0	4554689000	9
256	4556	6	112	86	0	4556975001	9
257	4556	10	112	87	0	4556462000	9
258	4558	7	113	86	0	4558746000	9
259	4558	13	111	88	0	4558848001	9
260	4558	14	112	88	0	4558433001	9
261	4560	6	112	86	0	4560047001	9
262	4560	10	112	87	0	4560726000	9
263	4561	2	112	85	0	4561171001	9
264	4561	9	111	87	0	4561763000	9
265	4561	13	111	88	0	4561586001	9
266	4563	6	112	86	0	4563706000	9
267	4564	2	112	85	0	4564601000	8
268	4564	5	111	86	0	4564616001	8
269	4564	9	111	87	0	4564777000	8
270	4565	13	111	88	0	4565485000	8
271	4566	15	113	88	1	4566655001	8
272	4567	5	111	86	0	4567879001	8
273	4567	12	110	88	0	4567958001	8
274	4568	1	111	85	0	4568431001	8
275	4568	2	112	85	0	4568363001	8
276	4568	6	112	86	0	4568979000	8
277	4568	9	111	87	0	4568207001	8
278	4568	10	112	87	0	4568991001	8
279	4569	11	113	87	1	4569574000	8
280	4569	14	112	88	1	4569659001	8
281	4570	15	113	88	1	4570252000	8
282	4571	5	111	86	0	4571779000	8
283	4571	8	110	87	0	4571599000	8
284	4572	1	111	85	0	4572008000	8
285	4572	12	110	88	0	4572109001	8
286	4572	13	111	88	1	4572763001	8
287	4572	14	112	88	1	4572549000	8
288	4573	7	113	86	1	4573105001	8
289	4573	10	112	87	1	4573580000	8
290	4573	11	113	87	1	4573244000	8
291	4575	0	110	85	0	4575704001	8
292	4575	3	113	85	1	4575992000	8
293	4575	4	110	86	0	4575510001	8
294	4575	6	112	86	1	4575587000	8
295	4575	8	110	87	0	4575596001	8
296	4575	13	111	88	1	4575558001	8
297	4575	14	112	88	1	4575525000	8
298	4576	7	113	86	1	4576808000	8
299	4576	9	111	87	1	4576981000	8
300	4576	10	112	87	1	4576177001	8
301	4577	12	110	88	1	4577783000	8
302	4578	15	113	88	1	4578838001	8
303	4579	2	112	85	1	4579897000	7
304	4579	6	112	86	1	4579587000	8
305	4579	9	111	87	1	4579383000	8
306	4579	11	113	87	1	4579188001	8
307	4580	0	110	85	0	4580944000	7
308	4580	3	113	85	1	4580228001	7
309	4580	5	111	86	1	4580533000	7
310	4580	10	112	87	1	4580649001	7
311	4581	8	110	87	1	4581375001	7
312	4582	7	113	86	1	4582293000	7
313	4582	13	111	88	1	4582417000	7
314	4583	2	112	85	1	4583064000	7
315	4583	5	111	86	1	4583465001	7
316	4584	3	113	85	1	4584529000	7
317	4584	6	112	86	1	4584498000	7
318	4585	1	111	85	1	4585011001	7
319	4586	4	110	86	1	4586034001	7
320	4587	1	111	85	1	4587251001	7
321	4587	2	112	85	1	4587046001	7
322	4589	0	110	85	1	4589949001	7
323	4621	6	112	86	0	4621880001	5
324	4969	12	110	88	0	4969715001	7
325	4972	12	110	88	0	4972874001	8
326	4973	8	110	87	0	4973596001	8
327	4974	13	111	88	0	4974138000	8
328	4976	8	110	87	0	4976501000	8
329	4976	12	110	88	0	4976404000	8
330	4977	4	110	86	0	4977758001	8
331	4977	13	111	88	0	4977290000	8
332	4979	9	111	87	0	4979722000	8
333	4979	13	111	88	0	4979510001	8
334	4979	14	112	88	0	4979600001	8
335	4980	4	110	86	0	4980669000	8
336	4980	8	110	87	0	4980562000	8
337	4981	12	110	88	0	4981863001	8
338	4982	0	110	85	0	4982110000	8
339	4982	9	111	87	0	4982980001	8
340	4982	13	111	88	0	4982623000	8
341	4982	14	112	88	1	4982617001	8
342	4983	5	111	86	0	4983858001	8
343	4983	10	112	87	0	4983145001	8
344	4984	4	110	86	0	4984224001	8
345	4985	0	110	85	0	4985437001	8
346	4985	8	110	87	0	4985304000	8
347	4985	9	111	87	0	4985628001	8
348	4985	14	112	88	0	4985068001	8
349	4985	15	113	88	0	4985113001	8
350	4986	10	112	87	0	4986954001	8
351	4987	0	110	85	0	4987927000	8
352	4987	4	110	86	0	4987868000	8
353	4987	5	111	86	0	4987110001	8
354	4987	13	111	88	0	4987411001	8
355	4988	6	112	86	0	4988945001	8
356	4988	14	112	88	0	4988510001	8
357	4988	15	113	88	0	4988657000	8
358	4989	1	111	85	0	4989667001	8
359	4989	9	111	87	0	4989327000	8
360	4989	10	112	87	0	4989860000	8
361	4990	5	111	86	0	4990297001	8
362	4990	11	113	87	0	4990197001	8
363	4991	6	112	86	0	4991921001	8
364	4992	0	110	85	0	4992489000	8
365	4992	1	111	85	0	4992785001	8
366	4992	4	110	86	0	4992836001	8
367	4992	10	112	87	0	4992802001	8
368	4992	14	112	88	0	4992061000	8
369	4992	15	113	88	0	4992261000	8
370	4993	9	111	87	0	4993454000	8
371	4993	11	113	87	0	4993497001	8
372	4994	2	112	85	0	4994422000	8
373	4994	5	111	86	0	4994662001	8
374	4994	6	112	86	0	4994480000	8
375	4995	7	113	86	0	4995525001	8
376	4995	14	112	88	0	4995956000	8
377	4996	1	111	85	0	4996518001	8
378	4996	10	112	87	0	4996136000	8
379	4996	11	113	87	0	4996748000	8
380	4996	15	113	88	0	4996016001	8
381	4997	2	112	85	0	4997392001	8
382	4997	6	112	86	0	4997598000	8
383	4998	7	113	86	0	4998579000	8
384	4998	10	112	87	0	4998603000	8
385	4999	15	113	88	0	4999488000	8
386	5000	1	111	85	0	5000087001	8
387	5000	2	112	85	0	5000612000	8
388	5000	11	113	87	0	5000278001	8
389	5001	3	113	85	0	5001712001	9
390	5001	7	113	86	0	5001161000	9
391	5002	6	112	86	0	5002060000	9
392	5003	2	112	85	0	5003854001	9
393	5004	7	113	86	0	5004204001	9
394	5004	11	113	87	0	5004354000	9
395	5005	3	113	85	0	5005065001	9
396	5007	7	113	86	0	5007792001	9
397	5008	3	113	85	0	5008696001	9
398	5012	2	112	85	0	5012307000	9
399	5013	3	113	85	0	5013567001	9
400	5013	13	111	88	1	5013985001	9
401	5013	14	112	88	1	5013264000	9
402	5013	15	113	88	1	5013673001	9
403	5015	12	110	88	1	5015869001	9
404	5017	11	113	87	1	5017327001	9
405	5018	13	111	88	1	5018400000	9
406	5018	14	112	88	1	5018237000	9
407	5018	15	113	88	1	5018417000	9
408	5019	9	111	87	1	5019573001	9
409	5019	10	112	87	1	5019665000	9
410	5020	8	110	87	1	5020885000	9
411	5020	14	112	88	1	5020714001	9
412	5021	12	110	88	1	5021040000	9
413	5021	13	111	88	1	5021821000	9
414	5022	11	113	87	1	5022087000	9
415	5022	15	113	88	1	5022188000	9
416	5024	7	113	86	1	5024624000	9
417	5024	9	111	87	1	5024459000	9
418	5024	10	112	87	1	5024926001	9
419	5024	12	110	88	1	5024637001	9
420	5025	6	112	86	1	5025885000	9
421	5025	8	110	87	1	5025811001	9
422	5025	11	113	87	1	5025449001	9
423	5026	5	111	86	1	5026885000	9
424	5027	4	110	86	1	5027900000	9
425	5027	9	111	87	1	5027537000	9
426	5027	10	112	87	1	5027932000	9
427	5028	8	110	87	1	5028976000	9
428	5028	14	112	88	1	5028718001	9
429	5029	7	113	86	1	5029696001	9
430	5030	2	112	85	1	5030783000	9
431	5030	6	112	86	1	5030504001	9
432	5031	3	113	85	1	5031131001	9
433	5031	5	111	86	1	5031951000	9
434	5032	0	110	85	1	5032856000	9
435	5032	1	111	85	1	5032551001	9
436	5032	4	110	86	1	5032542000	9
437	5033	6	112	86	1	5033538000	9
438	5033	7	113	86	1	5033562000	9
439	5034	11	113	87	1	5034001000	9
440	5035	2	112	85	1	5035866000	9
441	5035	3	113	85	1	5035425000	9
442	5035	4	110	86	1	5035910001	9
443	5035	5	111	86	1	5035712000	9
444	5037	0	110	85	1	5037465001	9
445	5037	1	111	85	1	5037765000	9
446	5039	2	112	85	1	5039038001	9
447	5039	3	113	85	1	5039122000	9
448	5040	1	111	85	1	5040365001	9
449	5041	0	110	85	1	5041100000	9
450	5050	0	110	85	1	5050309000	10
451	5121	11	113	87	0	5121603000	11
452	5149	0	110	85	0	5149430000	11
453	5442	2	112	85	0	5442457001	12
454	5445	4	110	86	0	5445229001	12
455	5446	6	112	86	0	5446589000	12
456	5448	7	113	86	0	5448281001	11
457	5450	8	110	87	0	5450413001	11
458	5451	10	112	87	0	5451050000	11
459	5456	14	112	88	0	5456214000	11
460	5458	15	113	88	0	5458020001	11
461	5485	0	110	85	0	5485390000	10
462	5486	1	111	85	0	5486220000	10
463	5487	0	110	85	0	5487921000	10
464	5487	2	112	85	0	5487024001	10
465	5487	3	113	85	0	5487262001	10
466	5489	1	111	85	0	5489298001	10
467	5489	2	112	85	0	5489783000	10
468	5489	3	113	85	0	5489756000	10
469	5489	4	110	86	0	5489236001	10
470	5489	5	111	86	0	5489423000	10
471	5490	0	110	85	0	5490879000	10
472	5490	6	112	86	0	5490661000	10
473	5490	7	113	86	0	5490976000	10
474	5492	1	111	85	0	5492574001	10
475	5492	4	110	86	0	5492759000	10
476	5492	5	111	86	0	5492132001	10
477	5493	2	112	85	0	5493262001	10
478	5493	3	113	85	0	5493595000	10
479	5493	6	112	86	0	5493262001	10
480	5493	7	113	86	0	5493262001	10
481	5493	8	110	87	0	5493544000	10
482	5493	9	111	87	0	5493765000	10
483	5494	10	112	87	0	5494726000	10
484	5494	11	113	87	0	5494688000	10
485	5495	6	112	86	0	5495906001	10
486	5496	4	110	86	0	5496181000	10
487	5496	5	111	86	0	5496023001	10
488	5496	7	113	86	0	5496009001	10
489	5496	8	110	87	0	5496649001	10
490	5496	9	111	87	0	5496881001	9
491	5496	12	110	88	0	5496794001	9
492	5497	10	112	87	0	5497291001	9
493	5497	11	113	87	0	5497492001	9
494	5497	13	111	88	0	5497148000	9
495	5498	6	112	86	0	5498553001	9
496	5498	7	113	86	0	5498763000	9
497	5498	14	112	88	0	5498057000	9
498	5499	13	111	88	0	5499355001	9
499	5499	15	113	88	0	5499081000	9
500	5500	0	110	85	0	5500610001	9
501	5500	9	111	87	0	5500191001	9
502	5500	10	112	87	0	5500418000	9
503	5500	11	113	87	0	5500903001	9
504	5500	12	110	88	0	5500161001	9
505	5500	14	112	88	0	5500561001	9
506	5501	8	110	87	0	5501065001	9
507	5501	15	113	88	0	5501684001	9
508	5502	13	111	88	0	5502372001	9
509	5504	11	113	87	0	5504347000	9
510	5504	12	110	88	0	5504140000	9
511	5504	14	112	88	0	5504097001	9
512	5504	15	113	88	0	5504743001	9
513	5505	13	111	88	0	5505993000	9
514	5506	14	112	88	0	5506787000	9
515	5511	15	113	88	0	5511980001	9
516	5512	10	112	87	0	5512028001	9
517	5530	3	113	85	1	5530836001	8
518	5534	3	113	85	1	5534962000	8
519	5534	7	113	86	1	5534348001	8
520	5535	2	112	85	1	5535886001	8
521	5538	6	112	86	1	5538440001	8
522	5538	7	113	86	1	5538383000	8
523	5538	11	113	87	1	5538504000	8
524	5539	2	112	85	1	5539568000	8
525	5540	1	111	85	1	5540388000	8
526	5540	3	113	85	1	5540863001	8
527	5541	7	113	86	1	5541943000	8
528	5542	2	112	85	1	5542652001	8
529	5542	6	112	86	1	5542995001	8
530	5542	10	112	87	1	5542995001	8
531	5542	11	113	87	1	5542445001	8
532	5542	15	113	88	1	5542375000	8
533	5543	1	111	85	1	5543580000	8
534	5544	5	111	86	1	5544048000	8
535	5545	0	110	85	1	5545076001	8
536	5545	1	111	85	1	5545824000	8
537	5545	11	113	87	1	5545967001	8
538	5545	15	113	88	1	5545835000	8
539	5546	6	112	86	1	5546118000	8
540	5546	10	112	87	1	5546340001	8
541	5547	14	112	88	1	5547398001	8
542	5548	0	110	85	1	5548583001	8
543	5548	4	110	86	1	5548866000	8
544	5548	5	111	86	1	5548191000	8
545	5548	9	111	87	1	5548067000	8
546	5548	10	112	87	1	5548892000	8
547	5548	15	113	88	1	5548794001	8
548	5551	0	110	85	1	5551365001	7
549	5551	9	111	87	1	5551824000	7
550	5551	13	111	88	1	5551677001	7
551	5551	14	112	88	1	5551114001	7
552	5552	4	110	86	1	5552638001	7
553	5552	8	110	87	1	5552034000	7
554	5553	5	111	86	1	5553716001	7
555	5553	14	112	88	1	5553780000	7
556	5555	4	110	86	1	5555521000	7
557	5555	9	111	87	1	5555448001	7
558	5555	12	110	88	1	5555933000	7
559	5555	13	111	88	1	5555159000	7
560	5556	8	110	87	1	5556053001	7
561	5557	10	112	87	1	5557694001	7
562	5558	13	111	88	1	5558195001	7
563	5559	8	110	87	1	5559120000	7
564	5559	12	110	88	1	5559970000	7
565	5563	12	110	88	1	5563175001	7
566	5576	1	111	85	1	5576773000	7
567	5578	0	110	85	1	5578084001	7
568	5822	10	112	87	0	5822849001	6
569	6571	12	110	88	0	6571243000	5
570	6574	12	110	88	0	6574752000	5
571	6576	8	110	87	0	6576063001	6
572	6576	13	111	88	0	6576926000	6
573	6578	12	110	88	0	6578467000	6
574	6579	4	110	86	0	6579584001	6
575	6579	8	110	87	0	6579217000	6
576	6579	13	111	88	0	6579771001	6
577	6581	9	111	87	0	6581742001	6
578	6581	14	112	88	0	6581514001	6
579	6583	4	110	86	0	6583072001	6
580	6583	8	110	87	0	6583407001	6
581	6583	12	110	88	0	6583211000	6
582	6583	13	111	88	0	6583391000	6
583	6584	0	110	85	0	6584484000	6
584	6584	14	112	88	0	6584861000	6
585	6585	4	110	86	0	6585825000	6
586	6585	9	111	87	0	6585041001	6
587	6585	10	112	87	0	6585525001	6
588	6586	5	111	86	0	6586518001	6
589	6586	13	111	88	0	6586107001	6
590	6587	0	110	85	0	6587718000	6
591	6587	14	112	88	0	6587401000	6
592	6587	15	113	88	0	6587850000	6
593	6588	8	110	87	0	6588656000	6
594	6588	9	111	87	0	6588566000	6
595	6589	4	110	86	0	6589736001	6
596	6589	5	111	86	0	6589793000	6
597	6589	10	112	87	0	6589266001	6
598	6590	0	110	85	0	6590280000	6
599	6590	6	112	86	0	6590012001	6
600	6591	1	111	85	0	6591907000	6
601	6591	10	112	87	0	6591707000	6
602	6591	11	113	87	0	6591250000	6
603	6591	13	111	88	0	6591464001	6
604	6591	14	112	88	0	6591228001	6
605	6591	15	113	88	0	6591173001	6
606	6592	9	111	87	0	6592704001	6
607	6593	15	113	88	0	6593950000	6
608	6594	0	110	85	0	6594792001	6
609	6594	1	111	85	0	6594581001	6
610	6594	5	111	86	0	6594834000	6
611	6594	6	112	86	0	6594638000	6
612	6594	11	113	87	0	6594969000	6
613	6595	2	112	85	0	6595427001	6
614	6595	4	110	86	0	6595991001	6
615	6595	14	112	88	0	6595021000	6
616	6597	6	112	86	0	6597899001	6
617	6597	7	113	86	0	6597136000	6
618	6597	10	112	87	0	6597618001	6
619	6597	11	113	87	0	6597593000	6
620	6597	15	113	88	0	6597734000	6
621	6598	1	111	85	0	6598262001	6
622	6598	2	112	85	0	6598879000	6
623	6599	0	110	85	0	6599588001	6
624	6599	5	111	86	0	6599587000	6
625	6600	7	113	86	0	6600375000	6
626	6600	9	111	87	0	6600102000	6
627	6600	11	113	87	0	6600129000	6
628	6601	6	112	86	0	6601475001	6
629	6601	10	112	87	0	6601302001	6
630	6602	1	111	85	0	6602521000	6
631	6602	2	112	85	0	6602149001	6
632	6602	3	113	85	0	6602845001	6
633	6603	7	113	86	0	6603114001	6
634	6604	11	113	87	0	6604238000	6
635	6605	3	113	85	0	6605748001	6
636	6605	15	113	88	0	6605138000	6
637	6606	2	112	85	0	6606584001	6
638	6606	6	112	86	0	6606668000	6
639	6607	7	113	86	0	6607120001	6
640	6609	3	113	85	0	6609082001	6
641	6611	7	113	86	0	6611615001	6
642	6613	3	113	85	0	6613451001	7
643	6634	2	112	85	0	6634417000	7
644	6640	5	111	86	0	6640635000	8
645	6660	11	113	87	0	6660649000	9
646	6668	13	111	88	1	6668620001	9
647	6668	14	112	88	1	6668215000	9
648	6668	15	113	88	1	6668031000	9
649	6669	12	110	88	1	6669738000	9
650	6671	11	113	87	1	6671296001	9
651	6671	14	112	88	1	6671284000	9
652	6671	15	113	88	1	6671856001	9
653	6672	9	111	87	1	6672996001	9
654	6672	10	112	87	1	6672275000	9
655	6672	13	111	88	1	6672447001	9
656	6673	8	110	87	1	6673809001	9
657	6673	12	110	88	1	6673140000	9
658	6673	14	112	88	1	6673598001	9
659	6674	13	111	88	1	6674813001	9
660	6675	7	113	86	1	6675557001	9
661	6675	10	112	87	1	6675691001	9
662	6675	11	113	87	1	6675161000	9
663	6675	15	113	88	1	6675557001	9
664	6676	5	111	86	1	6676297001	9
665	6676	6	112	86	1	6676203001	9
666	6676	9	111	87	1	6676188000	9
667	6676	12	110	88	1	6676157000	9
668	6677	4	110	86	1	6677661001	9
669	6677	8	110	87	1	6677297000	9
670	6678	9	111	87	1	6678844001	9
671	6678	10	112	87	1	6678023000	9
672	6678	11	113	87	1	6678396000	9
673	6679	2	112	85	1	6679866001	9
674	6679	7	113	86	1	6679722001	9
675	6680	3	113	85	1	6680309001	9
676	6680	5	111	86	1	6680615000	9
677	6680	6	112	86	1	6680147001	9
678	6681	0	110	85	1	6681064000	9
679	6681	1	111	85	1	6681180001	9
680	6681	4	110	86	1	6681499000	9
681	6681	8	110	87	1	6681039001	9
682	6683	1	111	85	1	6683876001	10
683	6683	2	112	85	1	6683771000	10
684	6683	3	113	85	1	6683725000	10
685	6683	5	111	86	1	6683531001	9
686	6683	6	112	86	1	6683093000	9
687	6684	0	110	85	1	6684800000	10
688	6684	4	110	86	1	6684522001	10
689	6684	7	113	86	1	6684491001	10
690	6686	1	111	85	1	6686134000	10
691	6686	2	112	85	1	6686342000	10
692	6686	3	113	85	1	6686498000	10
693	6687	0	110	85	1	6687312000	10
694	6695	1	111	85	1	6695034000	10
695	6915	11	113	87	0	6915764000	11
696	6924	15	113	88	0	6924538001	11
697	6967	0	110	85	0	6967613000	10
698	6968	1	111	85	0	6968416001	10
699	6968	2	112	85	0	6968869001	10
700	6969	0	110	85	0	6969949000	10
701	6969	3	113	85	0	6969581001	10
702	6971	1	111	85	0	6971547001	10
703	6971	2	112	85	0	6971461001	10
704	6971	4	110	86	0	6971398001	10
705	6972	0	110	85	0	6972905001	10
706	6972	3	113	85	0	6972215001	10
707	6972	5	111	86	0	6972134001	10
708	6972	6	112	86	0	6972192000	10
709	6973	7	113	86	0	6973170000	10
710	6974	2	112	85	0	6974300000	10
711	6974	4	110	86	0	6974778001	10
712	6974	5	111	86	0	6974760000	10
713	6974	6	112	86	0	6974499001	10
714	6975	0	110	85	0	6975557001	10
715	6975	1	111	85	0	6975042001	10
716	6975	3	113	85	0	6975124001	10
717	6975	7	113	86	0	6975739001	10
718	6975	8	110	87	0	6975191000	10
719	6975	9	111	87	0	6975847001	10
720	6976	10	112	87	0	6976619000	10
721	6977	2	112	85	1	6977291001	10
722	6977	6	112	86	0	6977733001	10
723	6977	11	113	87	0	6977272000	10
724	6978	4	110	86	0	6978514001	10
725	6978	5	111	86	0	6978105000	10
726	6978	7	113	86	0	6978788001	10
727	6978	8	110	87	0	6978297001	10
728	6978	9	111	87	0	6978247000	10
729	6978	10	112	87	0	6978726001	10
730	6978	12	110	88	0	6978867001	10
731	6979	0	110	85	0	6979482001	10
732	6979	3	113	85	0	6979105001	10
733	6979	11	113	87	0	6979972000	10
734	6979	13	111	88	0	6979099001	10
735	6979	14	112	88	0	6979971000	10
736	6980	15	113	88	0	6980897000	10
737	6981	8	110	87	0	6981882000	10
738	6981	9	111	87	0	6981209000	10
739	6981	13	111	88	0	6981480001	10
740	6982	10	112	87	0	6982020001	10
741	6982	11	113	87	0	6982861000	10
742	6982	12	110	88	0	6982483001	10
743	6982	14	112	88	0	6982223001	10
744	6983	6	112	86	0	6983410000	10
745	6984	13	111	88	0	6984145001	10
746	6984	14	112	88	0	6984310001	10
747	6984	15	113	88	1	6984025000	10
748	6986	12	110	88	0	6986723001	10
749	6986	13	111	88	0	6986843001	10
750	6986	14	112	88	0	6986941001	10
751	6987	15	113	88	0	6987231001	10
752	6989	9	111	87	0	6989956000	9
753	6994	7	113	86	0	6994477000	9
754	7018	11	113	87	0	7018103000	8
755	7041	3	113	85	1	7041203000	7
756	7045	2	112	85	1	7045636001	6
757	7045	3	113	85	1	7045139000	6
758	7045	7	113	86	1	7045874001	6
759	7048	3	113	85	1	7048193001	6
760	7049	2	112	85	1	7049394000	6
761	7050	1	111	85	1	7050848001	6
762	7050	6	112	86	1	7050550001	6
763	7050	7	113	86	1	7050177001	6
764	7050	11	113	87	1	7050086000	6
765	7052	2	112	85	1	7052551001	6
766	7053	15	113	88	1	7053844001	6
767	7054	0	110	85	1	7054525001	6
768	7054	1	111	85	1	7054410001	6
769	7054	6	112	86	1	7054564000	6
770	7054	10	112	87	1	7054599000	6
771	7054	11	113	87	1	7054526000	6
772	7055	5	111	86	1	7055523001	6
773	7056	4	110	86	1	7056993001	6
774	7057	0	110	85	1	7057485000	6
775	7057	1	111	85	1	7057295000	6
776	7057	6	112	86	1	7057882000	6
777	7057	7	113	86	1	7057255001	6
778	7057	10	112	87	1	7057443000	6
779	7057	14	112	88	1	7057523000	6
780	7057	15	113	88	1	7057637000	6
781	7058	5	111	86	1	7058439000	6
782	7058	8	110	87	1	7058912000	6
783	7058	9	111	87	1	7058439000	6
784	7058	11	113	87	1	7058548001	6
785	7059	4	110	86	1	7059909001	6
786	7060	0	110	85	1	7060062001	6
787	7060	10	112	87	1	7060166000	6
788	7060	12	110	88	1	7060642001	6
789	7061	2	112	85	1	7061651001	6
790	7061	5	111	86	1	7061182000	6
791	7061	14	112	88	1	7061261001	6
792	7061	15	113	88	1	7061870000	6
793	7062	8	110	87	1	7062199000	6
794	7062	9	111	87	1	7062283001	6
795	7062	13	111	88	1	7062168000	6
796	7063	12	110	88	1	7063984001	6
797	7063	14	112	88	1	7063824000	6
798	7064	4	110	86	1	7064145000	6
799	7064	9	111	87	1	7064850000	6
800	7065	13	111	88	1	7065806001	6
801	7066	8	110	87	1	7066251001	6
802	7066	12	110	88	1	7066923000	6
803	7067	10	112	87	1	7067544001	6
804	7068	1	111	85	1	7068372000	6
805	7068	13	111	88	1	7068585000	6
806	12762	4	110	86	0	12762851001	10
807	12762	10	112	87	0	12762180001	10
808	12763	13	111	88	0	12763976000	10
809	12763	14	112	88	0	12763615001	10
810	12764	6	112	86	0	12764281001	10
811	12764	11	113	87	0	12764700001	10
812	12768	7	113	86	0	12768358000	10
813	12770	2	112	85	0	12770748001	10
814	13713	10	112	87	0	13713903001	10
815	13714	4	110	86	0	13714838001	10
816	13716	6	112	86	0	13716156001	10
817	13716	11	113	87	0	13716464001	10
818	13717	15	113	88	0	13717913000	10
819	13719	2	112	85	0	13719987000	10
820	14466	13	111	88	0	14466996001	5
821	14467	14	112	88	0	14467339000	5
822	14468	9	111	87	0	14468493000	5
823	14468	10	112	87	0	14468501000	5
824	14468	13	111	88	0	14468909000	5
825	14468	15	113	88	0	14468981000	5
826	14469	5	111	86	0	14469605001	5
827	14469	6	112	86	0	14469474001	5
828	14469	11	113	87	0	14469649001	5
829	14469	12	110	88	0	14469426001	5
830	14469	14	112	88	0	14469213000	5
831	14470	2	112	85	0	14470775000	5
832	14470	7	113	86	0	14470730000	5
833	14470	8	110	87	0	14470860001	5
834	14470	9	111	87	0	14470937000	5
835	14470	10	112	87	0	14470227001	5
836	14470	15	113	88	0	14470982000	5
837	14471	1	111	85	0	14471101001	5
838	14471	4	110	86	0	14471553000	5
839	14471	5	111	86	0	14471744001	5
840	14471	6	112	86	0	14471447001	5
841	14471	11	113	87	0	14471765001	5
842	14471	12	110	88	0	14471828001	5
843	14471	13	111	88	0	14471624001	5
844	14472	3	113	85	0	14472158000	6
845	14472	7	113	86	0	14472920001	6
846	14473	0	110	85	0	14473359001	6
847	14473	1	111	85	0	14473738001	6
848	14473	2	112	85	0	14473028000	6
849	14473	4	110	86	0	14473823000	6
850	14473	8	110	87	0	14473278001	6
851	14473	10	112	87	0	14473438001	6
852	14474	3	113	85	0	14474611000	6
853	14475	0	110	85	0	14475577001	6
854	14475	12	110	88	0	14475535001	6
855	14475	14	112	88	0	14475183001	6
856	14476	4	110	86	0	14476543000	6
857	14476	5	111	86	0	14476373000	6
858	14476	9	111	87	0	14476791000	6
859	14477	7	113	86	0	14477178001	6
860	14477	8	110	87	0	14477189000	6
861	14478	0	110	85	0	14478050000	6
862	14478	11	113	87	0	14478809001	6
863	14488	0	110	85	0	14488470000	8
864	14489	6	112	86	0	14489706001	8
865	14497	11	113	87	0	14497232001	9
866	14507	14	112	88	1	14507971001	10
867	14508	12	110	88	1	14508489001	11
868	14508	13	111	88	1	14508695000	11
869	14508	15	113	88	1	14508489001	11
870	14510	10	112	87	1	14510884001	11
871	14510	11	113	87	1	14510449001	11
872	14510	13	111	88	1	14510843001	11
873	14510	14	112	88	1	14510278000	11
874	14510	15	113	88	1	14510959000	11
875	14511	8	110	87	1	14511031000	11
876	14511	9	111	87	1	14511143001	11
877	14511	12	110	88	1	14511030001	11
878	14513	4	110	86	1	14513439001	11
879	14513	5	111	86	1	14513709000	11
880	14513	6	112	86	1	14513220001	11
881	14513	7	113	86	1	14513661000	11
882	14513	8	110	87	1	14513610000	11
883	14513	9	111	87	1	14513475000	11
884	14513	10	112	87	1	14513114001	11
885	14513	11	113	87	1	14513406000	11
886	14513	14	112	88	1	14513114001	11
887	14516	0	110	85	1	14516416000	11
888	14516	1	111	85	1	14516975000	11
889	14516	3	113	85	1	14516577001	11
890	14516	4	110	86	1	14516267000	11
891	14516	5	111	86	1	14516313000	11
892	14516	6	112	86	1	14516337000	11
893	14516	7	113	86	1	14516532001	11
894	14517	2	112	85	1	14517133001	11
895	14519	0	110	85	1	14519334001	12
896	14519	1	111	85	1	14519685000	12
897	14519	3	113	85	1	14519834000	12
898	14520	2	112	85	1	14520056000	12
899	14520	4	110	86	1	14520711000	12
900	14521	6	112	86	1	14521303000	12
901	14522	0	110	85	1	14522228001	12
902	14522	1	111	85	1	14522996000	12
903	14526	2	112	85	1	14526833000	12
904	14573	0	110	85	0	14573861001	13
905	14573	2	112	85	0	14573719001	13
906	14574	1	111	85	0	14574000001	13
907	14574	3	113	85	0	14574461000	13
908	14576	0	110	85	0	14576244000	13
909	14576	1	111	85	0	14576259000	13
910	14576	2	112	85	0	14576316001	13
911	14577	3	113	85	0	14577371000	13
912	14577	4	110	86	0	14577061001	13
913	14577	5	111	86	0	14577967001	13
914	14577	6	112	86	0	14577095000	13
915	14577	7	113	86	1	14577686000	13
916	14579	0	110	85	0	14579689001	13
917	14579	1	111	85	0	14579968001	13
918	14579	2	112	85	0	14579240000	13
919	14579	4	110	86	0	14579421000	13
920	14579	6	112	86	0	14579602001	13
921	14580	3	113	85	0	14580890000	13
922	14580	5	111	86	0	14580851000	13
923	14580	7	113	86	0	14580087000	13
924	14580	11	113	87	0	14580742001	13
925	14581	8	110	87	0	14581326001	13
926	14581	9	111	87	0	14581066000	13
927	14581	10	112	87	0	14581093000	13
928	14582	4	110	86	0	14582959000	13
929	14582	6	112	86	0	14582531000	13
930	14582	7	113	86	0	14582766000	13
931	14583	5	111	86	0	14583969000	13
932	14583	9	111	87	0	14583393001	13
933	14583	10	112	87	0	14583699000	13
934	14583	11	113	87	0	14583225000	13
935	14583	13	111	88	0	14583742001	13
936	14583	14	112	88	0	14583335001	13
937	14583	15	113	88	1	14583802000	13
938	14584	2	112	85	0	14584830000	13
939	14584	8	110	87	0	14584655001	13
940	14584	12	110	88	0	14584070001	13
941	14585	9	111	87	0	14585979001	13
942	14585	14	112	88	0	14585826001	13
943	14586	10	112	87	0	14586609000	13
944	14586	11	113	87	0	14586350000	13
945	14586	12	110	88	0	14586954000	13
946	14586	13	111	88	0	14586392000	13
947	14586	15	113	88	0	14586514001	13
948	14588	14	112	88	0	14588524000	13
949	14589	15	113	88	0	14589028000	13
950	14590	13	111	88	0	14590590000	12
951	14592	12	110	88	0	14592875000	12
952	14595	14	112	88	0	14595169001	12
953	14608	0	110	85	1	14608469000	11
954	14609	4	110	86	1	14609427000	11
955	14610	0	110	85	1	14610489001	11
956	14611	1	111	85	1	14611153001	11
957	14611	4	110	86	1	14611373001	11
958	14611	8	110	87	1	14611028001	11
959	14612	5	111	86	1	14612068001	11
960	14612	12	110	88	1	14612093001	11
961	14613	1	111	85	1	14613001001	11
962	14613	2	112	85	1	14613058000	11
963	14613	5	111	86	1	14613956001	10
964	14613	8	110	87	1	14613258001	11
965	14613	9	111	87	1	14613467000	11
966	14614	6	112	86	1	14614694000	10
967	14614	12	110	88	1	14614140000	10
968	14614	13	111	88	1	14614815000	10
969	14615	2	112	85	1	14615065001	10
970	14615	3	113	85	1	14615772000	10
971	14615	9	111	87	1	14615211000	10
972	14615	10	112	87	1	14615766001	10
973	14616	6	112	86	1	14616865001	10
974	14616	13	111	88	1	14616616001	10
975	14616	14	112	88	1	14616888000	10
976	14617	7	113	86	1	14617302000	10
977	14617	10	112	87	1	14617783000	10
978	14618	3	113	85	1	14618080000	10
979	14618	11	113	87	1	14618362001	10
980	14618	14	112	88	1	14618726000	10
981	14619	7	113	86	1	14619868001	10
982	14619	15	113	88	1	14619796001	10
983	14620	11	113	87	1	14620439001	10
984	14622	15	113	88	1	14622031000	10
985	14871	12	110	88	0	14871815001	5
986	14873	8	110	87	0	14873251000	5
987	14873	13	111	88	0	14873214001	5
988	14874	9	111	87	0	14874723000	5
989	14874	12	110	88	0	14874424001	5
990	14875	4	110	86	0	14875018001	5
991	14875	13	111	88	0	14875602001	5
992	14875	14	112	88	0	14875041000	5
993	14876	0	110	85	0	14876529001	5
994	14876	5	111	86	0	14876183001	5
995	14876	8	110	87	0	14876167000	5
996	14876	9	111	87	0	14876774001	5
997	14876	10	112	87	0	14876019000	5
998	14876	14	112	88	0	14876874001	5
999	14876	15	113	88	0	14876860001	5
1000	14877	1	111	85	0	14877435001	5
1001	14877	4	110	86	0	14877248001	5
1002	14877	6	112	86	0	14877592000	5
1003	14877	11	113	87	0	14877892000	5
1004	14878	0	110	85	0	14878507000	5
1005	14878	2	112	85	0	14878980001	5
1006	14878	5	111	86	0	14878582001	5
1007	14878	10	112	87	0	14878250001	5
1008	14878	15	113	88	0	14878910001	5
1009	14879	6	112	86	0	14879824000	5
1010	14879	7	113	86	0	14879017001	5
1011	14880	1	111	85	0	14880038000	5
1012	14880	3	113	85	0	14880887001	5
1013	14880	4	110	86	0	14880866001	5
1014	14880	9	111	87	0	14880739001	5
1015	14880	11	113	87	0	14880194000	5
1016	14881	2	112	85	0	14881415001	5
1017	14881	7	113	86	0	14881387000	5
1018	14882	0	110	85	0	14882372000	5
1019	14882	11	113	87	0	14882653001	5
1020	14882	15	113	88	0	14882791001	5
1021	14883	3	113	85	0	14883236000	5
1022	14883	6	112	86	0	14883065001	5
1023	14883	8	110	87	0	14883749001	5
1024	14883	14	112	88	0	14883454001	5
1025	14887	5	111	86	0	14887314000	6
1026	14888	7	113	86	0	14888641000	6
1027	14892	10	112	87	0	14892471001	6
1028	14898	2	112	85	1	14898082000	7
1029	14911	12	110	88	1	14911684001	9
1030	14911	13	111	88	1	14911406000	8
1031	14911	14	112	88	1	14911035001	8
1032	14911	15	113	88	1	14911123000	8
1033	14912	9	111	87	1	14912724001	9
1034	14912	10	112	87	1	14912200001	9
1035	14912	11	113	87	1	14912545001	9
1036	14912	13	111	88	1	14912997001	9
1037	14912	14	112	88	1	14912786001	9
1038	14912	15	113	88	1	14912958000	9
1039	14913	7	113	86	1	14913916001	9
1040	14913	8	110	87	1	14913076000	9
1041	14913	10	112	87	1	14913919000	9
1042	14913	12	110	88	1	14913711000	9
1043	14914	4	110	86	1	14914428001	9
1044	14914	5	111	86	1	14914086001	9
1045	14914	6	112	86	1	14914274000	9
1046	14914	9	111	87	1	14914602001	9
1047	14914	11	113	87	1	14914530000	9
1048	14915	2	112	85	1	14915975000	9
1049	14915	3	113	85	1	14915594000	9
1050	14915	5	111	86	1	14915998001	9
1051	14915	7	113	86	1	14915948000	9
1052	14915	8	110	87	1	14915176000	9
1053	14916	0	110	85	1	14916307000	9
1054	14916	1	111	85	1	14916127000	9
1055	14916	4	110	86	1	14916231000	9
1056	14916	6	112	86	1	14916303000	9
1057	14917	1	111	85	1	14917691001	9
1058	14917	2	112	85	1	14917806000	9
1059	14917	3	113	85	1	14917317001	9
1060	14918	0	110	85	1	14918002001	9
1061	15014	0	110	85	0	15014800001	12
1062	15015	1	111	85	0	15015273001	12
1063	15015	2	112	85	0	15015260001	12
1064	15015	3	113	85	0	15015330000	12
1065	15016	4	110	86	0	15016677001	12
1066	15016	5	111	86	0	15016553001	12
1067	15016	6	112	86	0	15016664000	12
1068	15016	7	113	86	0	15016664000	12
1069	15017	0	110	85	0	15017550000	11
1070	15017	1	111	85	0	15017469001	11
1071	15017	2	112	85	0	15017626000	11
1072	15017	3	113	85	0	15017914001	11
1073	15018	5	111	86	0	15018830001	11
1074	15018	6	112	86	0	15018896001	11
1075	15018	7	113	86	0	15018958001	11
1076	15018	8	110	87	0	15018187001	11
1077	15018	9	111	87	0	15018304001	11
1078	15018	10	112	87	0	15018518000	11
1079	15018	11	113	87	0	15018334000	11
1080	15019	4	110	86	0	15019431001	11
1081	15019	12	110	88	0	15019883000	11
1082	15019	13	111	88	0	15019695000	11
1083	15019	14	112	88	0	15019894001	11
1084	15019	15	113	88	0	15019950001	11
1085	15020	9	111	87	0	15020710001	11
1086	15020	10	112	87	0	15020540001	11
1087	15020	11	113	87	0	15020719000	11
1088	15021	8	110	87	0	15021013000	11
1089	15021	13	111	88	0	15021778001	11
1090	15021	15	113	88	0	15021966000	11
1091	15022	12	110	88	0	15022551000	11
1092	15022	14	112	88	0	15022153000	11
1093	15025	15	113	88	0	15025975000	11
1094	15027	0	110	85	1	15027386000	11
1095	15027	7	113	86	0	15027121001	11
1096	15028	4	110	86	1	15028740000	10
1097	15028	13	111	88	0	15028749001	10
1098	15029	0	110	85	1	15029578001	10
1099	15030	1	111	85	1	15030985001	10
1100	15030	4	110	86	1	15030902001	10
1101	15030	8	110	87	1	15030843001	10
1102	15032	12	110	88	1	15032071001	10
1103	15033	1	111	85	1	15033211001	10
1104	15033	5	111	86	1	15033011001	10
1105	15033	8	110	87	1	15033281000	10
1106	15034	2	112	85	1	15034327001	10
1107	15034	9	111	87	1	15034541001	10
1108	15034	12	110	88	1	15034157001	10
1109	15035	4	110	86	1	15035826000	10
1110	15035	5	111	86	1	15035320000	10
1111	15035	6	112	86	1	15035983001	10
1112	15035	13	111	88	1	15035627001	10
1113	15036	0	110	85	1	15036074000	10
1114	15036	2	112	85	1	15036453001	10
1115	15036	9	111	87	1	15036537000	10
1116	15037	3	113	85	1	15037415000	10
1117	15037	10	112	87	1	15037261001	10
1118	15037	13	111	88	1	15037565001	10
1119	15038	6	112	86	1	15038129001	10
1120	15038	7	113	86	1	15038855001	10
1121	15038	14	112	88	1	15038539000	10
1122	15039	3	113	85	1	15039656001	9
1123	15039	10	112	87	1	15039200001	9
1124	15040	1	111	85	1	15040916000	9
1125	15040	11	113	87	1	15040679001	9
1126	15040	14	112	88	1	15040224001	9
1127	15041	7	113	86	1	15041088001	9
1128	15041	15	113	88	1	15041587000	9
1129	15043	11	113	87	1	15043299001	9
1130	15043	15	113	88	1	15043710001	9
1131	15047	2	112	85	1	15047052001	9
1132	15050	15	113	88	1	15050885001	8
1133	15052	14	112	88	1	15052987001	8
1134	15282	12	110	88	0	15282617001	4
1135	15283	4	110	86	0	15283922001	5
1136	15283	8	110	87	0	15283220000	4
1137	15283	13	111	88	0	15283413000	4
1138	15284	0	110	85	0	15284774000	5
1139	15284	9	111	87	0	15284395000	5
1140	15284	14	112	88	0	15284245001	5
1141	15285	5	111	86	0	15285202001	5
1142	15285	8	110	87	0	15285833000	5
1143	15285	10	112	87	0	15285285001	5
1144	15285	12	110	88	0	15285602001	5
1145	15285	13	111	88	0	15285439000	5
1146	15285	15	113	88	0	15285308001	5
1147	15286	0	110	85	0	15286883000	5
1148	15286	1	111	85	0	15286125001	5
1149	15286	2	112	85	0	15286716001	5
1150	15286	4	110	86	0	15286469000	5
1151	15286	6	112	86	0	15286176001	5
1152	15286	9	111	87	0	15286286001	5
1153	15286	11	113	87	0	15286323000	5
1154	15286	14	112	88	0	15286028001	5
1155	15287	5	111	86	0	15287584000	5
1156	15287	7	113	86	0	15287312000	5
1157	15287	10	112	87	0	15287147001	5
1158	15287	15	113	88	0	15287544001	5
1159	15288	1	111	85	0	15288319001	5
1160	15288	2	112	85	0	15288759000	5
1161	15288	3	113	85	0	15288601000	5
1162	15288	6	112	86	0	15288468001	5
1163	15288	11	113	87	0	15288383000	5
1164	15289	7	113	86	0	15289748000	5
1165	15291	3	113	85	0	15291347001	5
1166	15296	5	111	86	0	15296028000	6
1167	15299	11	113	87	0	15299927000	7
1168	15300	14	112	88	0	15300215001	7
1169	15310	14	112	88	1	15310983000	9
1170	15311	12	110	88	1	15311761001	9
1171	15311	13	111	88	1	15311527001	9
1172	15311	15	113	88	1	15311339000	9
1173	15312	10	112	87	1	15312902001	9
1174	15312	11	113	87	1	15312461000	9
1175	15312	14	112	88	1	15312723001	9
1176	15313	8	110	87	1	15313503001	9
1177	15313	9	111	87	1	15313314001	9
1178	15313	12	110	88	1	15313623000	9
1179	15313	13	111	88	1	15313172001	9
1180	15313	15	113	88	1	15313188000	9
1181	15314	5	111	86	1	15314545000	9
1182	15314	6	112	86	1	15314842000	9
1183	15314	7	113	86	1	15314521000	9
1184	15314	9	111	87	1	15314983001	9
1185	15314	10	112	87	1	15314623001	9
1186	15314	11	113	87	1	15314558001	9
1187	15315	4	110	86	1	15315026000	9
1188	15315	8	110	87	1	15315527000	9
1189	15316	1	111	85	1	15316710001	9
1190	15316	2	112	85	1	15316839001	9
1191	15316	3	113	85	1	15316212000	9
1192	15316	4	110	86	1	15316992000	9
1193	15316	5	111	86	1	15316495000	9
1194	15316	6	112	86	1	15316698000	9
1195	15316	7	113	86	1	15316634001	9
1196	15317	0	110	85	1	15317038000	9
1197	15318	1	111	85	1	15318519001	9
1198	15318	2	112	85	1	15318878001	9
1199	15318	3	113	85	1	15318225001	9
1200	15319	0	110	85	1	15319037001	9
1201	15390	0	110	85	0	15390991000	11
1202	15391	1	111	85	0	15391797001	11
1203	15391	2	112	85	0	15391197001	11
1204	15391	3	113	85	0	15391948000	11
1205	15393	0	110	85	0	15393438000	11
1206	15393	2	112	85	1	15393427000	11
1207	15394	1	111	85	0	15394525001	11
1208	15394	3	113	85	0	15394890000	11
1209	15394	4	110	86	0	15394747000	11
1210	15394	6	112	86	0	15394927000	11
1211	15395	5	111	86	0	15395108001	11
1212	15395	7	113	86	0	15395165000	11
1213	15397	0	110	85	0	15397317001	11
1214	15397	2	112	85	0	15397117001	11
1215	15397	4	110	86	0	15397510001	11
1216	15397	6	112	86	0	15397223000	11
1217	15397	7	113	86	0	15397680001	11
1218	15398	1	111	85	0	15398323001	11
1219	15398	3	113	85	0	15398971000	11
1220	15398	5	111	86	0	15398342000	11
1221	15398	8	110	87	0	15398536000	11
1222	15398	10	112	87	0	15398713001	11
1223	15398	11	113	87	1	15398704000	11
1224	15399	6	112	86	0	15399656000	11
1225	15399	9	111	87	0	15399241000	11
1226	15400	11	113	87	0	15400923000	11
1227	15401	4	110	86	0	15401208001	11
1228	15401	5	111	86	1	15401419001	11
1229	15401	7	113	86	0	15401062000	11
1230	15401	8	110	87	0	15401726000	11
1231	15401	10	112	87	0	15401002001	11
1232	15402	6	112	86	0	15402888001	11
1233	15402	9	111	87	0	15402002000	11
1234	15402	12	110	88	0	15402042001	11
1235	15402	13	111	88	0	15402051000	11
1236	15402	14	112	88	0	15402143000	11
1237	15402	15	113	88	0	15402261000	11
1238	15403	10	112	87	0	15403556001	11
1239	15403	11	113	87	0	15403445001	11
1240	15404	2	112	85	0	15404920001	11
1241	15404	13	111	88	0	15404120000	11
1242	15404	14	112	88	1	15404158000	11
1243	15404	15	113	88	0	15404645000	11
1244	15405	8	110	87	0	15405648000	11
1245	15405	9	111	87	0	15405475000	11
1246	15405	12	110	88	0	15405225001	11
1247	15406	13	111	88	0	15406745001	11
1248	15406	14	112	88	0	15406305000	11
1249	15407	10	112	87	0	15407864000	11
1250	15407	11	113	87	0	15407256000	11
1251	15407	14	112	88	0	15407968000	11
1252	15407	15	113	88	0	15407544001	11
1253	15408	12	110	88	0	15408848000	11
1254	15410	5	111	86	0	15410292001	11
1255	15419	15	113	88	0	15419599001	10
1256	15440	0	110	85	1	15440112000	9
1257	15442	0	110	85	1	15442664001	8
1258	15442	4	110	86	1	15442986001	8
1259	15445	0	110	85	1	15445954001	8
1260	15445	4	110	86	1	15445901000	8
1261	15445	8	110	87	1	15445242001	8
1262	15446	1	111	85	1	15446337000	8
1263	15448	8	110	87	1	15448931001	8
1264	15448	12	110	88	1	15448409001	8
1265	15449	1	111	85	1	15449354000	8
1266	15449	4	110	86	1	15449340000	8
1267	15449	5	111	86	1	15449084000	8
1268	15451	2	112	85	1	15451257001	8
1269	15451	8	110	87	1	15451900001	8
1270	15451	9	111	87	1	15451358000	8
1271	15451	12	110	88	1	15451575001	8
1272	15452	1	111	85	1	15452176001	8
1273	15452	3	113	85	1	15452823000	8
1274	15452	5	111	86	1	15452415001	8
1275	15453	6	112	86	1	15453952001	7
1276	15454	2	112	85	1	15454251000	7
1277	15454	3	113	85	1	15454788001	7
1278	15454	7	113	86	1	15454402001	7
1279	15454	13	111	88	1	15454689001	7
1280	15455	9	111	87	1	15455611001	7
1281	15455	10	112	87	1	15455762000	7
1282	15455	11	113	87	1	15455279001	7
1283	15455	12	110	88	1	15455213001	7
1284	15456	2	112	85	1	15456736000	7
1285	15456	5	111	86	1	15456453000	7
1286	15456	6	112	86	1	15456506001	7
1287	15456	7	113	86	1	15456475001	7
1288	15456	15	113	88	1	15456956001	7
1289	15457	11	113	87	1	15457303000	7
1290	15457	13	111	88	1	15457393000	7
1291	15457	14	112	88	1	15457837001	7
1292	15458	6	112	86	1	15458958000	7
1293	15458	9	111	87	1	15458806000	7
1294	15458	10	112	87	1	15458285000	7
1295	15458	15	113	88	1	15458927000	7
1296	15459	14	112	88	1	15459936000	7
1297	15460	13	111	88	1	15460116000	7
1298	15463	10	112	87	1	15463405001	7
1299	15476	14	112	88	1	15476267000	6
1300	18880	2	112	85	0	18880220001	17
1301	18881	0	110	85	0	18881324000	17
1302	18882	6	112	86	0	18882616000	17
1303	18883	4	110	86	0	18883993001	17
1304	18885	10	112	87	0	18885061001	17
1305	18888	13	111	88	0	18888549000	18
1306	19019	12	110	88	0	19019924001	17
1307	19020	8	110	87	0	19020371000	17
1308	19023	9	111	87	0	19023633001	16
1309	19023	13	111	88	0	19023036000	16
1310	19024	8	110	87	1	19024371001	16
1311	19025	5	111	86	0	19025144000	16
1312	19025	13	111	88	0	19025276000	16
1313	19025	14	112	88	0	19025127000	16
1314	19026	10	112	87	0	19026476001	16
1315	19026	12	110	88	1	19026023001	16
1316	19027	14	112	88	0	19027352001	16
1317	19028	6	112	86	0	19028044001	16
1318	19028	9	111	87	1	19028771000	16
1319	19028	13	111	88	1	19028907001	16
1320	19029	10	112	87	0	19029296001	16
1321	19029	11	113	87	0	19029521001	16
1322	19029	15	113	88	0	19029021000	16
1323	19030	7	113	86	0	19030729001	15
1324	19031	11	113	87	0	19031481000	15
1325	19031	15	113	88	0	19031212001	15
1326	19032	10	112	87	1	19032054001	15
1327	19032	14	112	88	1	19032623001	15
1328	19034	6	112	86	1	19034786000	15
1329	19035	7	113	86	1	19035491001	15
1330	19036	11	113	87	1	19036214001	15
1331	19036	13	111	88	1	19036958000	15
1332	19037	15	113	88	1	19037513000	15
1333	19038	14	112	88	1	19038194000	15
1334	19045	15	113	88	1	19045223000	14
1335	19054	13	111	88	1	19054689001	13
1336	19054	14	112	88	0	19054492001	13
1337	19054	15	113	88	0	19054404000	13
1338	19055	12	110	88	0	19055428000	12
1339	19056	8	110	87	0	19056948000	12
1340	19056	10	112	87	0	19056965000	12
1341	19056	14	112	88	0	19056267000	12
1342	19056	15	113	88	0	19056350001	12
1343	19057	9	111	87	0	19057136000	12
1344	19057	11	113	87	0	19057065001	12
1345	19057	12	110	88	0	19057877000	12
1346	19057	13	111	88	0	19057019000	12
1347	19058	4	110	86	0	19058717001	12
1348	19058	5	111	86	0	19058609000	12
1349	19058	6	112	86	0	19058582001	12
1350	19058	7	113	86	0	19058814000	12
1351	19059	8	110	87	0	19059630000	12
1352	19059	9	111	87	0	19059993000	12
1353	19059	10	112	87	0	19059059000	12
1354	19059	11	113	87	0	19059837001	12
1355	19060	0	110	85	0	19060384000	12
1356	19060	1	111	85	0	19060298001	12
1357	19060	2	112	85	0	19060047000	12
1358	19060	3	113	85	0	19060182000	12
1359	19060	6	112	86	0	19060644001	12
1360	19060	7	113	86	0	19060942000	12
1361	19060	12	110	88	1	19060630001	12
1362	19060	13	111	88	1	19060913000	12
1363	19061	2	112	85	0	19061990001	12
1364	19061	4	110	86	0	19061088000	12
1365	19061	5	111	86	0	19061353000	12
1366	19061	14	112	88	1	19061710000	12
1367	19062	1	111	85	0	19062779000	11
1368	19062	3	113	85	0	19062946001	11
1369	19062	8	110	87	1	19062115000	11
1370	19062	9	111	87	1	19062671001	11
1371	19062	10	112	87	1	19062997001	11
1372	19062	13	111	88	1	19062555001	11
1373	19062	15	113	88	1	19062716001	11
1374	19063	4	110	86	1	19063265001	11
1375	19063	5	111	86	1	19063696000	11
1376	19063	11	113	87	1	19063884001	11
1377	19063	14	112	88	1	19063305000	11
1378	19064	0	110	85	1	19064562001	11
1379	19064	1	111	85	1	19064862000	11
1380	19064	6	112	86	1	19064296000	11
1381	19064	10	112	87	1	19064796001	11
1382	19064	15	113	88	1	19064777000	11
1383	19065	2	112	85	1	19065812001	11
1384	19065	7	113	86	1	19065319001	11
1385	19066	1	111	85	1	19066480000	11
1386	19066	3	113	85	1	19066168000	11
1387	19066	6	112	86	1	19066408001	11
1388	19066	11	113	87	1	19066282001	11
1389	19067	5	111	86	1	19067080000	11
1390	19068	3	113	85	1	19068478000	10
1391	19070	2	112	85	1	19070500001	10
1392	19189	12	110	88	0	19189105000	6
1393	19192	8	110	87	0	19192266001	6
1394	19192	13	111	88	0	19192417000	6
1395	19193	12	110	88	0	19193006000	6
1396	19194	13	111	88	0	19194902000	7
1397	19195	8	110	87	0	19195377001	7
1398	19195	14	112	88	0	19195979001	7
1399	19197	4	110	86	0	19197865000	7
1400	19197	12	110	88	0	19197964000	7
1401	19197	13	111	88	0	19197906001	7
1402	19198	9	111	87	0	19198496000	7
1403	19198	14	112	88	0	19198905001	7
1404	19199	8	110	87	0	19199661000	7
1405	19200	4	110	86	0	19200674000	7
1406	19201	0	110	85	0	19201011001	7
1407	19201	5	111	86	0	19201507000	7
1408	19201	9	111	87	0	19201190000	7
1409	19201	10	112	87	0	19201101001	7
1410	19201	13	111	88	0	19201463000	7
1411	19201	14	112	88	0	19201234000	7
1412	19202	15	113	88	0	19202763000	7
1413	19203	0	110	85	0	19203502000	7
1414	19203	4	110	86	0	19203770000	7
1415	19203	10	112	87	0	19203596000	7
1416	19204	5	111	86	0	19204382001	7
1417	19204	8	110	87	0	19204027001	7
1418	19204	14	112	88	0	19204043000	7
1419	19205	6	112	86	0	19205019000	7
1420	19205	9	111	87	0	19205172000	7
1421	19205	11	113	87	0	19205493000	7
1422	19205	15	113	88	0	19205680001	7
1423	19206	0	110	85	0	19206881001	7
1424	19206	1	111	85	0	19206355001	7
1425	19206	4	110	86	0	19206607000	7
1426	19206	10	112	87	0	19206278000	7
1427	19207	5	111	86	0	19207621001	7
1428	19207	13	111	88	0	19207508000	7
1429	19207	14	112	88	0	19207247001	7
1430	19208	6	112	86	0	19208324000	7
1431	19209	1	111	85	0	19209621000	7
1432	19209	11	113	87	0	19209138001	7
1433	19209	15	113	88	0	19209035000	7
1434	19210	0	110	85	0	19210411001	7
1435	19210	2	112	85	0	19210372000	7
1436	19210	4	110	86	0	19210827001	7
1437	19210	6	112	86	0	19210900001	7
1438	19210	9	111	87	0	19210223000	7
1439	19210	10	112	87	0	19210688000	7
1440	19211	11	113	87	0	19211965000	8
1441	19212	5	111	86	0	19212138001	8
1442	19212	15	113	88	0	19212488001	8
1443	19213	1	111	85	0	19213826000	8
1444	19213	2	112	85	0	19213464001	8
1445	19213	7	113	86	0	19213520001	8
1446	19214	6	112	86	0	19214201001	8
1447	19215	11	113	87	0	19215691000	8
1448	19216	2	112	85	0	19216516000	8
1449	19216	7	113	86	0	19216403000	8
1450	19217	3	113	85	0	19217279000	8
1451	19218	6	112	86	0	19218201001	8
1452	19219	1	111	85	0	19219775000	8
1453	19219	7	113	86	0	19219215000	8
1454	19220	3	113	85	0	19220764001	8
1455	19221	2	112	85	0	19221320000	8
1456	19222	7	113	86	0	19222506001	8
1457	19224	3	113	85	0	19224697000	9
1458	19224	13	111	88	1	19224642001	9
1459	19224	14	112	88	1	19224350001	8
1460	19224	15	113	88	1	19224475000	9
1461	19225	12	110	88	1	19225449000	9
1462	19226	14	112	88	1	19226625000	9
1463	19226	15	113	88	1	19226652001	9
1464	19227	8	110	87	1	19227276001	9
1465	19227	9	111	87	1	19227616000	9
1466	19227	10	112	87	1	19227012001	9
1467	19227	11	113	87	1	19227213000	9
1468	19227	12	110	88	1	19227936000	9
1469	19227	13	111	88	1	19227265001	9
1470	19228	3	113	85	0	19228915001	9
1471	19228	6	112	86	1	19228890000	9
1472	19229	5	111	86	1	19229968000	9
1473	19229	7	113	86	1	19229230001	9
1474	19229	8	110	87	1	19229987001	9
1475	19229	9	111	87	1	19229790001	9
1476	19229	10	112	87	1	19229340001	9
1477	19229	11	113	87	1	19229423000	9
1478	19230	4	110	86	1	19230130001	9
1479	19230	14	112	88	1	19230868001	9
1480	19231	1	111	85	1	19231523001	9
1481	19231	6	112	86	1	19231397001	9
1482	19231	7	113	86	1	19231607001	9
1483	19232	0	110	85	1	19232637000	9
1484	19232	2	112	85	1	19232529000	9
1485	19232	3	113	85	1	19232308001	9
1486	19232	4	110	86	1	19232242000	9
1487	19232	5	111	86	1	19232178000	9
1488	19233	1	111	85	1	19233805001	9
1489	19234	0	110	85	1	19234857000	9
1490	19234	2	112	85	1	19234646000	9
1491	19234	3	113	85	1	19234456001	9
1492	19235	1	111	85	1	19235552000	9
1493	19235	6	112	86	1	19235659000	9
1494	19239	4	110	86	1	19239629001	9
1495	19259	6	112	86	0	19259892001	11
1496	19260	4	110	86	0	19260939001	11
1497	19489	6	112	86	0	19489415001	11
1498	19489	7	113	86	0	19489204001	11
1499	19490	4	110	86	0	19490172001	11
1500	19491	10	112	87	0	19491175000	11
1501	19491	11	113	87	0	19491215000	11
1502	19492	14	112	88	0	19492891000	11
1503	19493	13	111	88	0	19493467001	11
1504	19513	3	113	85	0	19513183000	11
1505	19515	2	112	85	0	19515236001	11
1506	19515	3	113	85	0	19515644001	11
1507	19516	7	113	86	0	19516035001	11
1508	19517	0	110	85	0	19517514000	11
1509	19517	1	111	85	0	19517675000	11
1510	19517	2	112	85	0	19517489000	11
1511	19517	6	112	86	0	19517780001	11
1512	19518	7	113	86	0	19518444001	11
1513	19518	11	113	87	0	19518809000	11
1514	19519	4	110	86	0	19519338000	11
1515	19519	6	112	86	0	19519992001	11
1516	19520	0	110	85	0	19520447000	11
1517	19520	1	111	85	0	19520068001	11
1518	19520	2	112	85	0	19520385000	11
1519	19520	3	113	85	0	19520336001	11
1520	19520	5	111	86	0	19520164001	11
1521	19520	11	113	87	0	19520999001	11
1522	19521	8	110	87	0	19521501001	11
1523	19521	10	112	87	0	19521346001	11
1524	19521	15	113	88	0	19521985001	11
1525	19522	1	111	85	0	19522677001	11
1526	19522	4	110	86	0	19522300001	11
1527	19522	5	111	86	0	19522540000	11
1528	19522	7	113	86	0	19522067000	11
1529	19522	9	111	87	0	19522469001	11
1530	19523	6	112	86	0	19523516001	11
1531	19523	10	112	87	0	19523552001	11
1532	19523	12	110	88	0	19523659001	11
1533	19524	8	110	87	0	19524636001	11
1534	19524	11	113	87	0	19524301001	11
1535	19524	13	111	88	0	19524417000	11
1536	19524	14	112	88	0	19524631000	11
1537	19524	15	113	88	0	19524365001	11
1538	19525	4	110	86	0	19525747001	11
1539	19525	9	111	87	0	19525037000	11
1540	19526	10	112	87	0	19526879001	11
1541	19526	12	110	88	0	19526826000	11
1542	19526	13	111	88	0	19526619001	11
1543	19526	14	112	88	0	19526453001	11
1544	19527	15	113	88	0	19527542000	11
1545	19529	14	112	88	0	19529203001	11
1546	19530	13	111	88	0	19530349001	11
1547	19547	0	110	85	1	19547717000	11
1548	19548	1	111	85	1	19548126001	11
1549	19548	14	112	88	0	19548016000	11
1550	19549	0	110	85	1	19549789000	11
1551	19549	2	112	85	1	19549595001	11
1552	19550	1	111	85	1	19550207001	11
1553	19551	4	110	86	1	19551868000	11
1554	19552	3	113	85	1	19552181000	11
1555	19552	5	111	86	1	19552957000	11
1556	19553	2	112	85	1	19553629001	11
1557	19553	6	112	86	1	19553388000	11
1558	19554	1	111	85	1	19554926001	11
1559	19554	3	113	85	1	19554546001	11
1560	19554	4	110	86	1	19554401000	11
1561	19554	7	113	86	1	19554393000	11
1562	19556	5	111	86	1	19556036000	11
1563	19556	6	112	86	1	19556331000	11
1564	19556	8	110	87	1	19556628001	11
1565	19557	9	111	87	1	19557401000	11
1566	19557	10	112	87	1	19557201000	11
1567	19558	7	113	86	1	19558185001	11
1568	19558	11	113	87	1	19558107000	11
1569	19559	0	110	85	1	19559858000	11
1570	19559	8	110	87	1	19559458000	11
1571	19559	10	112	87	1	19559458000	11
1572	19560	9	111	87	1	19560095000	11
1573	19561	11	113	87	1	19561019001	11
1574	19561	12	110	88	1	19561726000	11
1575	19562	13	111	88	1	19562160000	11
1576	19563	14	112	88	1	19563188001	11
1577	19563	15	113	88	1	19563733000	11
1578	19564	12	110	88	1	19564328001	11
1579	19564	13	111	88	1	19564609000	11
1580	19565	10	112	87	1	19565282001	11
1581	19565	14	112	88	1	19565281000	11
1582	19566	15	113	88	1	19566544001	11
1583	19568	13	111	88	1	19568879001	11
1584	19571	12	110	88	1	19571856000	11
1585	19571	14	112	88	1	19571678000	11
1586	19572	8	110	87	1	19572869000	11
1587	19607	4	110	86	1	19607471001	12
1588	19803	11	113	87	0	19803977001	11
1589	19803	15	113	88	0	19803918001	11
1590	19804	7	113	86	0	19804085001	11
1591	19805	3	113	85	0	19805124000	11
1592	19805	10	112	87	0	19805892000	11
1593	19805	14	112	88	0	19805620000	11
1594	19806	6	112	86	0	19806996000	11
1595	19806	7	113	86	0	19806003000	11
1596	19806	11	113	87	0	19806203001	11
1597	19806	15	113	88	0	19806066001	11
1598	19807	2	112	85	1	19807476001	11
1599	19807	10	112	87	0	19807754001	11
1600	19807	13	111	88	0	19807976001	11
1601	19807	14	112	88	0	19807339000	11
1602	19808	3	113	85	0	19808174001	11
1603	19808	5	111	86	0	19808933001	11
1604	19808	7	113	86	0	19808436001	11
1605	19808	9	111	87	0	19808959001	11
1606	19809	1	111	85	0	19809654001	11
1607	19809	2	112	85	0	19809395001	11
1608	19809	6	112	86	0	19809003000	11
1609	19809	13	111	88	0	19809792001	11
1610	19810	5	111	86	0	19810786000	10
1611	19810	8	110	87	0	19810923001	10
1612	19810	10	112	87	0	19810272000	10
1613	19810	12	110	88	0	19810501001	10
1614	19810	14	112	88	0	19810094000	10
1615	19811	0	110	85	0	19811634000	10
1616	19811	4	110	86	0	19811252001	10
1617	19811	6	112	86	0	19811827001	10
1618	19811	9	111	87	0	19811189000	10
1619	19812	1	111	85	0	19812218001	10
1620	19812	12	110	88	0	19812895000	10
1621	19813	0	110	85	0	19813781000	10
1622	19813	4	110	86	0	19813328000	10
1623	19813	5	111	86	0	19813908000	10
1624	19813	8	110	87	0	19813337000	10
1625	19814	2	112	85	0	19814377001	10
1626	19818	0	110	85	0	19818304000	10
1627	19818	4	110	86	0	19818182000	10
1628	19822	13	111	88	0	19822343001	10
1629	19833	6	112	86	0	19833513001	9
1630	19836	15	113	88	1	19836739001	9
1631	19837	13	111	88	1	19837449000	9
1632	19837	14	112	88	1	19837521001	9
1633	19839	10	112	87	1	19839615001	9
1634	19839	12	110	88	1	19839032001	9
1635	19839	15	113	88	1	19839447000	9
1636	19840	11	113	87	1	19840114000	9
1637	19840	13	111	88	1	19840264000	9
1638	19840	14	112	88	1	19840479001	9
1639	19841	8	110	87	1	19841960000	9
1640	19841	9	111	87	1	19841120001	9
1641	19841	15	113	88	1	19841781000	9
1642	19842	6	112	86	1	19842861000	9
1643	19842	7	113	86	1	19842974000	9
1644	19842	10	112	87	1	19842683001	9
1645	19842	12	110	88	1	19842074001	9
1646	19842	13	111	88	1	19842433000	9
1647	19843	11	113	87	1	19843561001	9
1648	19843	14	112	88	1	19843182000	9
1649	19844	4	110	86	1	19844968001	9
1650	19844	5	111	86	1	19844597000	9
1651	19844	9	111	87	1	19844665000	9
1652	19844	10	112	87	1	19844939001	9
1653	19845	8	110	87	1	19845418001	9
1654	19846	3	113	85	1	19846739000	9
1655	19846	6	112	86	1	19846974001	9
1656	19846	7	113	86	1	19846494000	9
1657	19847	0	110	85	1	19847811000	9
1658	19847	2	112	85	1	19847530000	9
1659	19848	1	111	85	1	19848168001	9
1660	19848	4	110	86	1	19848077001	9
1661	19848	5	111	86	1	19848484000	9
1662	19849	6	112	86	1	19849630000	9
1663	19849	7	113	86	1	19849405000	9
1664	19849	9	111	87	1	19849631001	9
1665	19850	3	113	85	1	19850398000	9
1666	19850	4	110	86	1	19850456001	9
1667	19850	11	113	87	1	19850398000	9
1668	19851	0	110	85	1	19851000000	9
1669	19851	1	111	85	1	19851335000	9
1670	19851	2	112	85	1	19851355000	9
1671	19852	8	110	87	1	19852761001	9
1672	19852	12	110	88	1	19852695000	9
1673	19853	0	110	85	1	19853228001	9
1674	19853	1	111	85	1	19853340001	9
1675	19853	3	113	85	1	19853455001	9
1676	19854	2	112	85	1	19854730001	9
1677	19854	5	111	86	1	19854037000	9
1678	19861	0	110	85	1	19861543000	10
1679	20123	8	110	87	0	20123958001	12
1680	20126	12	110	88	0	20126760000	11
1681	20880	11	113	87	0	20880776000	14
1682	20882	14	112	88	0	20882432001	14
1683	21304	12	110	88	0	21304575000	15
1684	21632	3	113	85	0	21632814001	13
1685	21805	6	112	86	0	21805739001	10
1686	22243	6	112	86	0	22243882000	8
1687	22253	11	113	87	0	22253290000	9
1688	22254	10	112	87	0	22254833000	9
1689	22266	14	112	88	0	22266400000	9
1690	22266	15	113	88	0	22266150001	9
1691	22267	10	112	87	1	22267978000	9
1692	22335	10	112	87	0	22335037000	8
1693	22371	2	112	85	0	22371708000	7
1694	23944	7	113	86	0	23944728000	10
1695	23945	3	113	85	0	23945793001	10
1696	23947	6	112	86	0	23947695001	10
1697	23947	7	113	86	0	23947593000	10
1698	23947	10	112	87	0	23947014001	10
1699	23947	11	113	87	0	23947857000	10
1700	23948	3	113	85	0	23948516000	10
1701	23949	2	112	85	0	23949024001	10
1702	23949	6	112	86	0	23949789001	10
1703	23949	9	111	87	0	23949915000	10
1704	23949	10	112	87	0	23949536001	10
1705	23949	13	111	88	0	23949213001	10
1706	23950	5	111	86	0	23950816001	10
1707	23950	11	113	87	0	23950485001	10
1708	23950	14	112	88	0	23950107001	10
1709	23951	2	112	85	0	23951018000	10
1710	23951	7	113	86	0	23951527000	10
1711	23951	9	111	87	0	23951973001	10
1712	23951	13	111	88	0	23951426000	10
1713	23952	6	112	86	0	23952125001	10
1714	23952	12	110	88	0	23952486001	10
1715	23952	14	112	88	0	23952442000	10
1716	23953	1	111	85	0	23953050000	10
1717	23953	5	111	86	0	23953028001	10
1718	23953	8	110	87	0	23953241000	10
1719	23953	10	112	87	0	23953222001	10
1720	23953	15	113	88	0	23953998000	10
1721	23954	2	112	85	0	23954650001	10
1722	23954	9	111	87	0	23954747000	10
1723	23954	13	111	88	0	23954971001	10
1724	23955	1	111	85	0	23955497001	10
1725	23955	4	110	86	0	23955347001	10
1726	23955	11	113	87	0	23955413000	10
1727	23955	12	110	88	0	23955675000	10
1728	23956	0	110	85	0	23956915001	10
1729	23956	5	111	86	0	23956489000	10
1730	23956	7	113	86	0	23956264000	10
1731	23956	8	110	87	0	23956130001	10
1732	23956	10	112	87	0	23956345000	10
1733	23957	4	110	86	0	23957642000	10
1734	23957	14	112	88	0	23957068000	10
1735	23957	15	113	88	0	23957453001	10
1736	23958	1	111	85	0	23958782000	10
1737	23958	6	112	86	0	23958226001	10
1738	23958	11	113	87	0	23958030001	10
1739	23959	0	110	85	0	23959343000	10
1740	23959	3	113	85	0	23959585000	10
1741	23959	8	110	87	0	23959519000	10
1742	23959	13	111	88	0	23959438000	10
1743	23960	4	110	86	0	23960944000	10
1744	23962	0	110	85	0	23962321001	10
1745	23962	14	112	88	0	23962877000	10
1746	23963	15	113	88	0	23963271000	10
1747	23964	11	113	87	0	23964085000	10
1748	23965	12	110	88	0	23965659001	10
1749	23967	15	113	88	0	23967291001	10
1750	23969	14	112	88	0	23969633001	10
1751	23974	6	112	86	0	23974801000	11
1752	23988	1	111	85	1	23988530000	11
1753	23989	0	110	85	1	23989740000	11
1754	23989	2	112	85	1	23989356001	11
1755	23989	3	113	85	1	23989071001	11
1756	23990	1	111	85	1	23990902000	11
1757	23991	0	110	85	1	23991710000	11
1758	23991	2	112	85	1	23991876000	11
1759	23991	3	113	85	1	23991668000	11
1760	23993	4	110	86	1	23993105000	11
1761	23993	5	111	86	1	23993868000	11
1762	23993	6	112	86	1	23993623000	11
1763	23993	7	113	86	1	23993594001	11
1764	23995	4	110	86	1	23995716001	11
1765	23995	7	113	86	1	23995967000	11
1766	23996	5	111	86	1	23996525000	11
1767	23996	6	112	86	1	23996494000	11
1768	23998	8	110	87	1	23998885001	11
1769	23998	10	112	87	1	23998885001	11
1770	23999	9	111	87	1	23999477000	11
1771	23999	11	113	87	1	23999214001	11
1772	24000	1	111	85	1	24000127000	11
1773	24001	8	110	87	1	24001548000	11
1774	24002	9	111	87	1	24002343001	11
1775	24002	10	112	87	1	24002042001	11
1776	24002	11	113	87	1	24002440000	11
1777	24003	4	110	86	1	24003029000	11
1778	24005	12	110	88	1	24005059001	12
1779	24006	10	112	87	1	24006189000	12
1780	24006	13	111	88	1	24006216001	12
1781	24006	14	112	88	1	24006222001	12
1782	24006	15	113	88	1	24006875001	12
1783	24008	11	113	87	1	24008212000	12
1784	24008	12	110	88	1	24008564000	12
1785	24010	7	113	86	1	24010569001	12
1786	24010	13	111	88	1	24010817001	12
1787	24011	14	112	88	1	24011950000	12
1788	24012	15	113	88	1	24012980000	12
1789	24013	9	111	87	1	24013786001	12
1790	24014	12	110	88	1	24014600001	12
1791	24020	15	113	88	1	24020758001	12
1792	24022	14	112	88	1	24022820001	12
1793	24024	12	110	88	0	24024669001	12
1794	24026	13	111	88	1	24026640001	12
1795	24026	14	112	88	1	24026850001	12
1796	24029	12	110	88	1	24029454001	12
1797	24069	8	110	87	1	24069933000	13
1798	24083	10	112	87	1	24083902001	13
1799	24225	12	110	88	0	24225623000	8
1800	24226	8	110	87	0	24226371000	8
1801	24226	13	111	88	0	24226367001	8
1802	24227	4	110	86	0	24227446001	8
1803	24227	9	111	87	0	24227735001	8
1804	24227	14	112	88	0	24227430000	8
1805	24228	0	110	85	0	24228753000	8
1806	24228	5	111	86	0	24228782001	8
1807	24228	8	110	87	0	24228842000	8
1808	24228	10	112	87	0	24228531001	8
1809	24228	12	110	88	0	24228501001	8
1810	24228	13	111	88	0	24228145000	8
1811	24228	15	113	88	0	24228574001	8
1812	24229	1	111	85	0	24229807001	8
1813	24229	4	110	86	0	24229665000	8
1814	24229	6	112	86	0	24229896001	8
1815	24229	9	111	87	0	24229592001	8
1816	24229	11	113	87	0	24229664000	8
1817	24229	14	112	88	0	24229267000	8
1818	24230	0	110	85	0	24230948000	8
1819	24230	2	112	85	0	24230965000	8
1820	24230	5	111	86	0	24230806001	8
1821	24230	7	113	86	0	24230405000	8
1822	24230	10	112	87	0	24230493001	8
1823	24230	15	113	88	0	24230529000	8
1824	24231	1	111	85	0	24231807001	8
1825	24231	11	113	87	0	24231658001	8
1826	24232	3	113	85	0	24232193001	8
1827	24232	6	112	86	0	24232109001	8
1828	24232	7	113	86	0	24232522001	8
1829	24233	2	112	85	0	24233378001	8
1830	24234	3	113	85	0	24234599001	8
1831	24250	4	110	86	0	24250523001	9
1832	24260	13	111	88	1	24260548000	9
1833	24260	14	112	88	1	24260009001	9
1834	24260	15	113	88	1	24260392001	9
1835	24263	12	110	88	1	24263080001	10
1836	24266	14	112	88	1	24266230000	10
1837	24268	13	111	88	1	24268015000	10
1838	24268	15	113	88	1	24268387000	10
1839	24269	11	113	87	1	24269681000	10
1840	24271	10	112	87	1	24271888000	10
1841	24274	12	110	88	1	24274462000	10
1842	24277	8	110	87	1	24277775000	11
1843	24286	8	110	87	0	24286539000	11
1844	24286	10	112	87	0	24286148000	11
1845	24287	12	110	88	0	24287893000	11
1846	24288	15	113	88	0	24288755001	11
1847	24289	11	113	87	0	24289875001	11
1848	24289	13	111	88	0	24289991001	11
1849	24289	14	112	88	0	24289019001	11
1850	24290	10	112	87	0	24290921000	11
1851	24292	14	112	88	0	24292816001	11
1852	24293	0	110	85	1	24293127000	11
1853	24293	15	113	88	0	24293766000	11
1854	24294	4	110	86	1	24294553001	11
1855	24294	13	111	88	0	24294831001	11
1856	24295	0	110	85	1	24295372001	11
1857	24295	12	110	88	0	24295104001	11
1858	24296	1	111	85	1	24296906000	11
1859	24296	4	110	86	1	24296780000	11
1860	24296	8	110	87	1	24296207001	11
1861	24296	14	112	88	0	24296647000	11
1862	24298	1	111	85	1	24298707000	11
1863	24298	5	111	86	1	24298025001	11
1864	24298	8	110	87	1	24298379000	11
1865	24298	12	110	88	1	24298078001	11
1866	24298	15	113	88	0	24298063000	11
1867	24299	2	112	85	1	24299806001	11
1868	24299	9	111	87	1	24299739001	11
1869	24300	5	111	86	1	24300041000	11
1870	24300	12	110	88	1	24300590000	11
1871	24301	6	112	86	1	24301256001	11
1872	24301	9	111	87	1	24301674000	11
1873	24301	10	112	87	1	24301674000	11
1874	24301	13	111	88	1	24301036001	11
1875	24302	2	112	85	1	24302063000	11
1876	24302	3	113	85	1	24302521000	11
1877	24303	6	112	86	1	24303332000	11
1878	24303	10	112	87	1	24303701001	11
1879	24303	13	111	88	1	24303050000	11
1880	24303	14	112	88	1	24303516001	11
1881	24304	3	113	85	1	24304606000	11
1882	24304	7	113	86	1	24304187000	11
1883	24305	1	111	85	1	24305317001	11
1884	24305	11	113	87	1	24305653000	11
1885	24305	14	112	88	1	24305353001	11
1886	24306	7	113	86	1	24306169000	11
1887	24306	15	113	88	1	24306552001	11
1888	24308	11	113	87	1	24308592000	11
1889	24308	15	113	88	1	24308654000	11
1890	24311	10	112	87	1	24311915000	11
1891	24448	4	110	86	1	24448761000	6
1892	24475	3	113	85	0	24475354001	9
1893	24476	1	111	85	0	24476697001	9
1894	24476	2	112	85	0	24476119000	9
1895	24476	7	113	86	0	24476432001	9
1896	24477	0	110	85	0	24477604000	9
1897	24477	3	113	85	0	24477991001	9
1898	24477	5	111	86	0	24477864001	9
1899	24477	6	112	86	0	24477194000	9
1900	24477	11	113	87	0	24477642001	9
1901	24478	2	112	85	0	24478257000	9
1902	24478	4	110	86	0	24478545000	9
1903	24478	7	113	86	0	24478784000	9
1904	24478	10	112	87	0	24478488000	9
1905	24479	6	112	86	0	24479565001	9
1906	24479	9	111	87	0	24479366000	9
1907	24479	11	113	87	0	24479907000	9
1908	24479	15	113	88	0	24479243001	9
1909	24480	0	110	85	1	24480849000	9
1910	24480	2	112	85	1	24480860000	9
1911	24480	3	113	85	1	24480897000	9
1912	24480	4	110	86	0	24480942000	9
1913	24480	5	111	86	0	24480296001	9
1914	24480	8	110	87	0	24480238000	9
1915	24480	10	112	87	0	24480657001	9
1916	24480	13	111	88	0	24480522001	9
1917	24480	14	112	88	0	24480060001	9
1918	24481	1	111	85	1	24481046000	9
1919	24481	9	111	87	0	24481839001	9
1920	24481	12	110	88	0	24481585001	9
1921	24481	15	113	88	1	24481568001	9
1922	24482	4	110	86	1	24482948001	9
1923	24482	5	111	86	1	24482594000	9
1924	24482	14	112	88	0	24482112001	9
1925	24483	6	112	86	1	24483029001	9
1926	24483	7	113	86	1	24483324001	9
1927	24483	13	111	88	0	24483293001	9
1928	24484	8	110	87	1	24484994001	10
1929	24484	9	111	87	1	24484695001	9
1930	24484	10	112	87	1	24484416001	9
1931	24484	12	110	88	0	24484744000	9
1932	24485	11	113	87	1	24485233001	10
1933	24486	2	112	85	1	24486168000	10
1934	24486	10	112	87	1	24486311001	10
1935	24486	12	110	88	1	24486942000	10
1936	24486	13	111	88	1	24486876001	10
1937	24486	14	112	88	1	24486866000	10
1938	24487	15	113	88	1	24487190000	10
1939	24488	9	111	87	1	24488734001	10
1940	24489	14	112	88	1	24489045000	10
1941	24490	13	111	88	1	24490156000	10
1942	24490	15	113	88	1	24490954001	10
1943	24495	6	112	86	1	24495693001	11
1944	24497	15	113	88	0	24497845000	11
1945	24500	11	113	87	0	24500598001	11
1946	24500	15	113	88	0	24500598001	11
1947	24501	7	113	86	0	24501200000	11
1948	24503	3	113	85	0	24503804001	11
1949	24503	11	113	87	0	24503718000	11
1950	24503	14	112	88	0	24503651000	11
1951	24503	15	113	88	0	24503967001	11
1952	24504	7	113	86	0	24504305001	11
1953	24505	10	112	87	0	24505049000	12
1954	24505	14	112	88	0	24505829000	12
1955	24506	3	113	85	1	24506924000	12
1956	24506	6	112	86	0	24506055001	12
1957	24506	7	113	86	1	24506620000	12
1958	24506	11	113	87	1	24506835001	12
1959	24507	9	111	87	0	24507965000	12
1960	24507	15	113	88	1	24507316001	12
1961	24508	13	111	88	0	24508061000	12
1962	24509	6	112	86	1	24509853000	12
1963	24509	10	112	87	1	24509957000	12
1964	24509	14	112	88	1	24509898000	12
1965	24510	13	111	88	0	24510134001	12
1966	24512	13	111	88	1	24512782001	12
1967	24512	15	113	88	1	24512253001	12
1968	24514	14	112	88	1	24514715001	12
1969	24537	5	111	86	1	24537108001	14
1970	24642	13	111	88	0	24642768001	14
1971	24642	14	112	88	0	24642797001	14
1972	24643	12	110	88	0	24643325000	14
1973	24643	15	113	88	1	24643395000	14
1974	24644	10	112	87	0	24644849001	14
1975	24644	13	111	88	0	24644683001	14
1976	24644	14	112	88	0	24644762000	14
1977	24645	8	110	87	0	24645056001	14
1978	24645	9	111	87	0	24645403001	14
1979	24645	11	113	87	0	24645380001	14
1980	24645	12	110	88	0	24645697000	14
1981	24645	15	113	88	1	24645687001	14
1982	24646	5	111	86	0	24646821001	14
1983	24646	6	112	86	0	24646674000	14
1984	24646	10	112	87	0	24646723001	14
1985	24647	4	110	86	0	24647110000	14
1986	24647	7	113	86	0	24647337000	14
1987	24647	9	111	87	0	24647922001	14
1988	24647	11	113	87	0	24647801001	14
1989	24648	5	111	86	0	24648908000	14
1990	24648	6	112	86	0	24648496001	14
1991	24648	8	110	87	0	24648041000	14
1992	24649	0	110	85	0	24649030001	14
1993	24649	1	111	85	0	24649421001	14
1994	24649	2	112	85	0	24649092001	14
1995	24649	3	113	85	0	24649511000	14
1996	24649	4	110	86	0	24649394001	14
1997	24649	7	113	86	0	24649457000	14
1998	24649	15	113	88	1	24649542001	14
1999	24650	14	112	88	1	24650731001	14
2000	24651	0	110	85	0	24651295000	14
2001	24651	2	112	85	0	24651103000	14
2002	24651	3	113	85	0	24651865001	14
2003	24651	13	111	88	1	24651507001	14
2004	24652	1	111	85	0	24652077000	14
2005	24652	11	113	87	1	24652884000	14
2006	24652	15	113	88	1	24652445000	14
2007	24653	10	112	87	1	24653164001	14
2008	24653	14	112	88	1	24653096000	14
2009	24654	12	110	88	1	24654236000	14
2010	24654	13	111	88	1	24654096001	14
2011	24655	7	113	86	1	24655246000	14
2012	24655	9	111	87	1	24655402001	14
2013	24655	11	113	87	1	24655475001	14
2014	24655	14	112	88	1	24655483001	14
2015	24656	6	112	86	1	24656751000	14
2016	24656	10	112	87	1	24656032001	14
2017	24657	3	113	85	1	24657974001	14
2018	24657	7	113	86	1	24657711000	14
2019	24657	13	111	88	0	24657937000	14
2020	24658	2	112	85	1	24658545001	14
2021	24658	5	111	86	1	24658187000	14
2022	24658	12	110	88	0	24658461001	14
2023	24659	6	112	86	1	24659126001	14
2024	24659	14	112	88	0	24659078001	14
2025	24660	3	113	85	1	24660553000	14
2026	24660	9	111	87	0	24660167001	14
2027	24660	10	112	87	0	24660271001	14
2028	24660	13	111	88	0	24660014001	14
2029	24661	5	111	86	0	24661529001	14
2030	24661	6	112	86	0	24661139000	14
2031	24661	14	112	88	0	24661009000	14
2032	24661	15	113	88	0	24661936000	14
2033	24662	7	113	86	0	24662661000	14
2034	24662	10	112	87	0	24662779001	14
2035	24662	11	113	87	0	24662093000	14
2036	24663	3	113	85	0	24663352001	14
2037	24663	6	112	86	0	24663342000	14
2038	24664	2	112	85	0	24664550000	14
2039	24664	7	113	86	0	24664685000	14
2040	24664	11	113	87	0	24664512001	14
2041	24664	14	112	88	0	24664146001	14
2042	24664	15	113	88	0	24664453001	14
2043	24665	12	110	88	1	24665360000	14
2044	24666	3	113	85	0	24666316001	14
2045	24666	8	110	87	1	24666412001	14
2046	24666	13	111	88	1	24666523000	14
2047	24667	4	110	86	1	24667278001	14
2048	24667	9	111	87	1	24667640000	14
2049	24667	12	110	88	1	24667887001	14
2050	24667	14	112	88	1	24667390000	14
2051	24668	0	110	85	1	24668309001	14
2052	24668	5	111	86	1	24668528001	14
2053	24668	10	112	87	1	24668304000	14
2054	24668	13	111	88	1	24668643001	14
2055	24668	15	113	88	1	24668520001	14
2056	24669	1	111	85	1	24669625001	14
2057	24669	4	110	86	1	24669712000	14
2058	24669	6	112	86	1	24669792001	14
2059	24669	11	113	87	1	24669697000	14
2060	24669	14	112	88	1	24669336001	14
2061	24670	0	110	85	1	24670166001	14
2062	24670	2	112	85	1	24670615000	14
2063	24670	7	113	86	1	24670991001	14
2064	24670	10	112	87	1	24670221000	14
2065	24671	1	111	85	1	24671535000	14
2066	24671	3	113	85	1	24671595001	14
2067	24671	8	110	87	1	24671766000	14
2068	24671	15	113	88	1	24671826001	14
2069	24672	2	112	85	1	24672842001	14
2070	24672	5	111	86	1	24672479001	14
2071	24672	6	112	86	1	24672644000	14
2072	24674	3	113	85	1	24674995001	14
2073	24675	9	111	87	1	24675150001	14
2074	24954	2	112	85	0	24954650001	13
2075	24955	0	110	85	0	24955138000	13
2076	24957	4	110	86	0	24957778000	13
2077	24957	6	112	86	0	24957140001	13
2078	24959	10	112	87	0	24959903000	13
2079	24962	14	112	88	0	24962722000	14
2080	24963	13	111	88	0	24963016001	14
2081	24964	12	110	88	0	24964100001	14
2082	25132	3	113	85	0	25132492000	9
2083	25132	7	113	86	0	25132229001	9
2084	25134	2	112	85	0	25134582001	9
2085	25134	6	112	86	0	25134502000	9
2086	25134	10	112	87	0	25134377001	9
2087	25136	5	111	86	0	25136470001	9
2088	25136	9	111	87	0	25136517000	9
2089	25136	13	111	88	0	25136441000	9
2090	25137	1	111	85	0	25137200000	9
2091	25137	2	112	85	0	25137004000	9
2092	25137	6	112	86	0	25137513000	9
2093	25139	1	111	85	0	25139840000	9
2094	25139	4	110	86	0	25139536000	9
2095	25139	5	111	86	0	25139181001	9
2096	25139	8	110	87	0	25139099001	9
2097	25139	12	110	88	0	25139160000	9
2098	25140	0	110	85	0	25140011001	9
2099	25140	9	111	87	0	25140100001	9
2100	25142	0	110	85	0	25142523000	9
2101	25142	4	110	86	0	25142201000	9
2102	25142	7	113	86	1	25142650001	9
2103	25142	8	110	87	0	25142075000	9
2104	25144	10	112	87	1	25144464000	9
2105	25148	7	113	86	0	25148834001	8
2106	25149	10	112	87	0	25149663001	8
2107	25151	3	113	85	0	25151584000	8
2108	25151	12	110	88	0	25151291001	8
2109	25152	7	113	86	0	25152535000	8
2110	25152	13	111	88	0	25152655001	8
2111	25153	6	112	86	0	25153439000	8
2112	25153	9	111	87	0	25153275001	8
2113	25154	10	112	87	0	25154187000	8
2114	25154	11	113	87	0	25154212001	8
2115	25155	2	112	85	0	25155660000	8
2116	25155	5	111	86	0	25155019001	8
2117	25155	7	113	86	0	25155705000	8
2118	25155	8	110	87	0	25155294000	8
2119	25156	11	113	87	0	25156352000	8
2120	25156	14	112	88	0	25156095001	8
2121	25156	15	113	88	0	25156717001	8
2122	25157	9	111	87	0	25157848001	8
2123	25157	10	112	87	0	25157889000	8
2124	25157	13	111	88	0	25157464000	8
2125	25158	11	113	87	0	25158911001	8
2126	25158	14	112	88	0	25158037000	8
2127	25158	15	113	88	0	25158632000	8
2128	25159	12	110	88	0	25159974000	8
2129	25160	13	111	88	0	25160100000	8
2130	25160	14	112	88	0	25160558001	8
2131	25160	15	113	88	0	25160911000	8
2132	25168	6	112	86	0	25168493000	9
2133	25176	0	110	85	1	25176809000	10
2134	25176	2	112	85	1	25176541000	10
2135	25177	1	111	85	1	25177004001	10
2136	25177	3	113	85	1	25177314001	10
2137	25178	2	112	85	1	25178640001	10
2138	25179	0	110	85	1	25179415000	10
2139	25179	1	111	85	1	25179113001	10
2140	25179	4	110	86	1	25179681001	10
2141	25179	5	111	86	1	25179573000	10
2142	25179	6	112	86	1	25179573000	10
2143	25179	7	113	86	1	25179789000	10
2144	25182	3	113	85	1	25182013000	10
2145	25182	6	112	86	1	25182224000	10
2146	25182	8	110	87	1	25182228001	10
2147	25182	9	111	87	1	25182286000	10
2148	25182	10	112	87	1	25182198000	10
2149	25182	11	113	87	1	25182201000	10
2150	25183	4	110	86	1	25183193001	10
2151	25184	10	112	87	1	25184647000	11
2152	25184	12	110	88	1	25184777000	11
2153	25184	13	111	88	1	25184581001	11
2154	25184	14	112	88	1	25184406001	11
2155	25184	15	113	88	1	25184646001	11
2156	25185	7	113	86	1	25185875001	11
2157	25185	8	110	87	1	25185764000	11
2158	25185	9	111	87	1	25185002000	11
2159	25185	11	113	87	1	25185189001	11
2160	25186	13	111	88	1	25186515000	11
2161	25186	14	112	88	1	25186281001	11
2162	25187	5	111	86	1	25187070000	11
2163	25187	12	110	88	1	25187532000	11
2164	25187	15	113	88	1	25187372001	11
2165	25419	8	110	87	0	25419686000	16
2166	25419	12	110	88	0	25419302001	16
2167	25420	0	110	85	0	25420914001	17
2168	25420	4	110	86	0	25420052000	17
2169	25420	13	111	88	0	25420595000	17
2170	25421	5	111	86	0	25421648000	17
2171	25421	9	111	87	0	25421338000	17
2172	25421	14	112	88	0	25421948001	17
2173	25422	1	111	85	0	25422541001	17
2174	25422	4	110	86	0	25422836001	17
2175	25422	8	110	87	0	25422647000	17
2176	25422	10	112	87	0	25422783001	17
2177	25422	12	110	88	0	25422093001	17
2178	25422	13	111	88	0	25422490001	17
2179	25423	0	110	85	0	25423302000	17
2180	25423	5	111	86	0	25423743001	17
2181	25423	6	112	86	0	25423066000	17
2182	25423	9	111	87	0	25423248001	17
2183	25423	15	113	88	0	25423733000	17
2184	25424	2	112	85	0	25424116000	17
2185	25424	7	113	86	0	25424783000	17
2186	25424	10	112	87	0	25424862000	17
2187	25424	11	113	87	0	25424133000	17
2188	25424	14	112	88	0	25424139001	17
2189	25425	1	111	85	0	25425045000	17
2190	25425	3	113	85	0	25425538001	17
2191	25425	6	112	86	0	25425482001	17
2192	25425	15	113	88	0	25425780001	17
2193	25426	2	112	85	0	25426474000	17
2194	25426	7	113	86	0	25426999001	17
2195	25426	11	113	87	0	25426117000	17
2196	25427	3	113	85	0	25427897001	17
2197	25430	11	113	87	0	25430563000	17
2198	25435	2	112	85	0	25435452000	17
2199	25443	12	110	88	1	25443213000	18
2200	25443	13	111	88	1	25443157000	18
2201	25443	14	112	88	1	25443676001	18
2202	25445	6	112	86	0	25445604001	18
2203	25445	8	110	87	1	25445987001	18
2204	25445	13	111	88	1	25445956001	18
2205	25445	15	113	88	1	25445334001	18
2206	25446	12	110	88	1	25446137000	18
2207	25446	14	112	88	1	25446248000	18
2208	25447	9	111	87	1	25447279001	18
2209	25447	10	112	87	1	25447183001	18
2210	25447	11	113	87	1	25447637000	18
2211	25448	4	110	86	1	25448427001	18
2212	25448	8	110	87	1	25448856000	18
2213	25448	13	111	88	1	25448386000	18
2214	25448	14	112	88	1	25448393001	18
2215	25448	15	113	88	1	25448076001	18
2216	25449	9	111	87	1	25449754000	18
2217	25450	5	111	86	1	25450215000	18
2218	25450	6	112	86	1	25450138001	18
2219	25450	10	112	87	1	25450099001	18
2220	25450	11	113	87	1	25450731000	18
2221	25451	4	110	86	1	25451778000	18
2222	25451	7	113	86	1	25451315001	18
2223	25452	0	110	85	1	25452135000	18
2224	25452	1	111	85	1	25452352000	18
2225	25452	2	112	85	1	25452956001	18
2226	25452	5	111	86	1	25452625000	18
2227	25452	6	112	86	1	25452745000	18
2228	25453	3	113	85	1	25453447000	18
2229	25453	7	113	86	1	25453945000	18
2230	25454	0	110	85	1	25454686001	18
2231	25455	1	111	85	1	25455427000	18
2232	25455	2	112	85	1	25455792001	18
2233	25456	3	113	85	1	25456366001	18
2234	25457	6	112	86	1	25457793001	18
2235	25458	1	111	85	1	25458998001	18
2236	25458	4	110	86	1	25458532000	18
2237	25459	0	110	85	1	25459180001	18
2238	25460	2	112	85	1	25460517001	18
2239	25462	3	113	85	1	25462800001	18
2240	25557	0	110	85	0	25557349001	14
2241	25557	1	111	85	0	25557687001	14
2242	25557	2	112	85	0	25557769001	14
2243	25557	3	113	85	0	25557832000	14
2244	25558	4	110	86	0	25558556001	14
2245	25558	5	111	86	0	25558795001	14
2246	25558	6	112	86	0	25558955000	14
2247	25559	0	110	85	0	25559693001	14
2248	25559	7	113	86	0	25559220001	14
2249	25560	1	111	85	0	25560045001	14
2250	25560	2	112	85	0	25560240000	14
2251	25560	3	113	85	0	25560719000	14
2252	25560	4	110	86	0	25560796001	14
2253	25560	5	111	86	0	25560964000	14
2254	25560	6	112	86	0	25560846000	14
2255	25560	8	110	87	0	25560112001	14
2256	25560	9	111	87	0	25560366001	14
2257	25560	10	112	87	0	25560297000	14
2258	25560	11	113	87	0	25560466000	14
2259	25560	13	111	88	0	25560938000	14
2260	25561	7	113	86	0	25561709001	14
2261	25561	12	110	88	0	25561377000	14
2262	25561	14	112	88	0	25561267001	14
2263	25561	15	113	88	0	25561600000	14
2264	25562	8	110	87	0	25562563000	14
2265	25562	9	111	87	0	25562342001	14
2266	25562	10	112	87	0	25562413000	14
2267	25562	11	113	87	0	25562626001	14
2268	25562	13	111	88	0	25562617001	14
2269	25563	12	110	88	0	25563989000	14
2270	25563	14	112	88	0	25563275000	14
2271	25563	15	113	88	0	25563799001	14
2272	25571	0	110	85	1	25571849000	15
2273	25572	1	111	85	1	25572132001	15
2274	25572	2	112	85	1	25572559000	15
2275	25572	3	113	85	1	25572910000	15
2276	25573	4	110	86	1	25573037000	15
2277	25573	5	111	86	1	25573268000	15
2278	25573	6	112	86	1	25573880001	15
2279	25574	7	113	86	1	25574139001	15
2280	25574	8	110	87	1	25574316001	15
2281	25574	9	111	87	1	25574637001	15
2282	25574	10	112	87	1	25574963001	15
2283	25575	1	111	85	1	25575649000	15
2284	25575	11	113	87	1	25575495001	15
2285	25576	12	110	88	1	25576021000	15
2286	25576	13	111	88	1	25576040000	15
2287	25576	14	112	88	1	25576097000	15
2288	25576	15	113	88	1	25576804001	15
2289	25578	0	110	85	0	25578975000	15
2290	25578	4	110	86	0	25578232000	15
2291	25578	8	110	87	0	25578113001	15
2292	25579	12	110	88	0	25579465000	15
2293	25580	4	110	86	0	25580989001	15
2294	25580	13	111	88	0	25580072001	15
2295	25581	0	110	85	0	25581481001	16
2296	25581	8	110	87	0	25581405001	16
2297	25581	9	111	87	0	25581379000	15
2298	25582	1	111	85	0	25582239001	16
2299	25582	5	111	86	0	25582056001	16
2300	25582	13	111	88	0	25582536000	16
2301	25583	4	110	86	0	25583910001	16
2302	25583	9	111	87	0	25583827000	16
2303	25583	14	112	88	0	25583633000	16
2304	25584	0	110	85	0	25584619001	16
2305	25584	10	112	87	0	25584392001	16
2306	25585	1	111	85	0	25585423000	16
2307	25585	6	112	86	0	25585475001	16
2308	25585	12	110	88	0	25585079001	16
2309	25585	13	111	88	0	25585597000	16
2310	25585	14	112	88	0	25585825000	16
2311	25586	2	112	85	0	25586810000	16
2312	25586	5	111	86	0	25586091001	16
2313	25586	9	111	87	0	25586920000	16
2314	25587	0	110	85	1	25587461000	16
2315	25587	10	112	87	0	25587465001	16
2316	25587	15	113	88	0	25587088001	16
2317	25588	1	111	85	1	25588334001	16
2318	25588	4	110	86	1	25588810001	16
2319	25588	6	112	86	0	25588081001	16
2320	25588	11	113	87	0	25588365001	16
2321	25588	14	112	88	0	25588930000	16
2322	25589	2	112	85	1	25589254000	16
2323	25589	5	111	86	1	25589388000	16
2324	25589	7	113	86	0	25589679001	16
2325	25589	15	113	88	0	25589863001	17
2326	25590	6	112	86	1	25590337000	17
2327	25590	8	110	87	1	25590121001	17
2328	25590	9	111	87	1	25590768000	17
2329	25591	10	112	87	1	25591372000	17
2330	25591	12	110	88	1	25591477000	17
2331	25591	13	111	88	1	25591840000	17
2332	25592	11	113	87	1	25592308001	17
2333	25592	14	112	88	1	25592338000	17
2334	25593	0	110	85	1	25593718001	17
2335	25593	15	113	88	1	25593354000	17
2336	25597	14	112	88	1	25597097000	17
2337	25601	13	111	88	1	25601937000	18
2338	25648	0	110	85	0	25648768000	22
2339	25656	0	110	85	1	25656745001	22
2340	25659	11	113	87	0	25659196001	22
2341	25662	14	112	88	0	25662597000	22
2342	25663	13	111	88	0	25663493001	22
2343	26345	11	113	87	0	26345592001	22
2344	26345	15	113	88	0	26345109001	22
2345	26346	7	113	86	0	26346253000	22
2346	26348	10	112	87	0	26348448000	22
2347	26350	6	112	86	0	26350499000	21
2348	26352	2	112	85	0	26352538001	21
2349	26356	13	111	88	0	26356819001	20
2350	26359	14	112	88	0	26359928001	19
2351	26365	0	110	85	0	26365339000	18
2352	26366	4	110	86	0	26366687000	18
2353	26472	3	113	85	0	26472340001	24
2354	26474	2	112	85	0	26474330001	25
2355	26475	1	111	85	0	26475888000	25
2356	26475	3	113	85	0	26475069000	25
2357	26475	7	113	86	0	26475011001	25
2358	26476	2	112	85	0	26476893000	25
2359	26476	6	112	86	0	26476431000	25
2360	26477	0	110	85	0	26477958001	25
2361	26477	5	111	86	0	26477244000	25
2362	26477	7	113	86	0	26477455000	25
2363	26478	1	111	85	0	26478703001	25
2364	26478	3	113	85	0	26478383001	25
2365	26478	4	110	86	0	26478827001	25
2366	26478	6	112	86	0	26478894000	25
2367	26478	11	113	87	0	26478034001	25
2368	26479	2	112	85	0	26479515000	26
2369	26479	5	111	86	0	26479671001	26
2370	26479	10	112	87	0	26479049001	25
2371	26480	0	110	85	0	26480515000	26
2372	26480	7	113	86	0	26480454001	26
2373	26480	9	111	87	0	26480135000	26
2374	26480	11	113	87	0	26480446001	26
2375	26480	15	113	88	0	26480596000	26
2376	26481	4	110	86	0	26481605001	26
2377	26481	6	112	86	0	26481899000	26
2378	26481	8	110	87	0	26481277000	26
2379	26481	10	112	87	0	26481604000	26
2380	26481	14	112	88	0	26481391001	26
2381	26482	5	111	86	0	26482381001	26
2382	26482	9	111	87	0	26482628000	26
2383	26482	13	111	88	0	26482665000	26
2384	26482	15	113	88	0	26482914001	26
2385	26483	1	111	85	0	26483792001	26
2386	26483	8	110	87	0	26483859001	26
2387	26483	11	113	87	0	26483012001	26
2388	26483	12	110	88	0	26483708000	26
2389	26483	14	112	88	0	26483725000	26
2390	26484	10	112	87	0	26484194001	26
2391	26484	13	111	88	0	26484647001	26
2392	26485	9	111	87	0	26485771000	26
2393	26485	15	113	88	0	26485978001	26
2394	26486	4	110	86	0	26486592001	26
2395	26486	12	110	88	0	26486630000	26
2396	26486	13	111	88	0	26486834001	26
2397	26486	14	112	88	0	26486150001	26
2398	26487	8	110	87	0	26487503001	27
2399	26489	12	110	88	0	26489868001	27
2400	26510	3	113	85	1	26510413000	28
2401	26510	7	113	86	1	26510457001	29
2402	26510	11	113	87	1	26510534000	29
2403	26510	15	113	88	1	26510644000	29
2404	26511	2	112	85	1	26511752001	29
2405	26511	6	112	86	1	26511773000	29
2406	26511	10	112	87	1	26511660000	29
2407	26511	14	112	88	1	26511601000	29
2408	26512	1	111	85	1	26512517001	29
2409	26512	5	111	86	1	26512633001	29
2410	26512	9	111	87	1	26512790001	29
2411	26512	13	111	88	1	26512680001	29
2412	26513	0	110	85	1	26513931000	29
2413	26513	1	111	85	1	26513885001	29
2414	26513	4	110	86	1	26513932000	29
2415	26513	8	110	87	1	26513982000	29
2416	26513	10	112	87	1	26513991000	29
2417	26513	14	112	88	1	26513244000	29
2418	26514	9	111	87	1	26514938001	29
2419	26514	12	110	88	1	26514056001	29
2420	26514	13	111	88	1	26514295000	29
2421	26515	5	111	86	1	26515010001	29
2422	26516	0	110	85	1	26516558001	29
2423	26516	2	112	85	1	26516357000	29
2424	26516	12	110	88	1	26516764001	29
2425	26518	4	110	86	1	26518715000	29
2426	26518	8	110	87	1	26518855001	29
2427	26518	15	113	88	1	26518683001	29
2428	26519	3	113	85	1	26519957000	29
2429	26519	6	112	86	1	26519616000	29
2430	26523	11	113	87	1	26523251001	29
2431	26931	15	113	88	0	26931864000	31
2432	26932	13	111	88	0	26932837000	31
2433	26932	14	112	88	0	26932194001	31
2434	26933	10	112	87	0	26933828000	30
2435	26933	11	113	87	0	26933007001	31
2436	26934	9	111	87	0	26934916001	30
2437	26934	12	110	88	0	26934309000	30
2438	26935	6	112	86	0	26935864001	30
2439	26935	7	113	86	0	26935623000	30
2440	26935	8	110	87	0	26935594001	30
2441	26936	5	111	86	0	26936588001	30
2442	26937	2	112	85	0	26937731000	30
2443	26937	3	113	85	0	26937264000	30
2444	26937	4	110	86	0	26937259000	30
2445	26938	1	111	85	0	26938767000	29
2446	26939	0	110	85	0	26939032000	29
2447	26946	10	112	87	1	26946241001	28
2448	27228	8	110	87	0	27228823000	6
2449	27228	12	110	88	0	27228211001	6
2450	27228	13	111	88	0	27228909001	6
2451	27229	4	110	86	0	27229600000	6
2452	27229	9	111	87	0	27229931001	6
2453	27229	14	112	88	0	27229836000	6
2454	27230	0	110	85	0	27230506000	6
2455	27230	5	111	86	0	27230603001	6
2456	27230	10	112	87	0	27230334000	6
2457	27230	12	110	88	0	27230909000	6
2458	27230	13	111	88	0	27230834001	6
2459	27230	15	113	88	0	27230820001	6
2460	27231	1	111	85	0	27231515001	6
2461	27231	6	112	86	0	27231162000	6
2462	27231	8	110	87	0	27231365001	6
2463	27231	9	111	87	0	27231823000	6
2464	27231	11	113	87	0	27231587000	6
2465	27231	14	112	88	0	27231783000	6
2466	27232	0	110	85	0	27232906000	6
2467	27232	2	112	85	0	27232210001	6
2468	27232	4	110	86	0	27232063001	6
2469	27232	5	111	86	0	27232719001	6
2470	27232	7	113	86	0	27232113000	6
2471	27232	10	112	87	0	27232600000	6
2472	27232	15	113	88	0	27232780000	6
2473	27233	3	113	85	0	27233169001	6
2474	27233	6	112	86	0	27233164001	6
2475	27233	11	113	87	0	27233749001	6
2476	27234	1	111	85	0	27234954001	6
2477	27234	2	112	85	0	27234221000	6
2478	27234	7	113	86	0	27234017001	6
2479	27234	13	111	88	0	27234873000	6
2480	27236	3	113	85	0	27236627000	6
2481	27236	9	111	87	0	27236781001	6
2482	27249	0	110	85	1	27249756000	7
2483	27251	4	110	86	1	27251135000	8
2484	27252	0	110	85	1	27252015000	8
2485	27252	8	110	87	1	27252761000	8
2486	27253	1	111	85	1	27253935000	8
2487	27253	4	110	86	1	27253746000	8
2488	27254	12	110	88	1	27254376001	8
2489	27255	0	110	85	1	27255985001	8
2490	27255	5	111	86	1	27255894000	8
2491	27255	8	110	87	1	27255204000	8
2492	27256	1	111	85	1	27256394000	8
2493	27256	12	110	88	1	27256739001	8
2494	27257	9	111	87	1	27257403001	8
2495	27258	1	111	85	1	27258874000	9
2496	27258	2	112	85	1	27258425001	9
2497	27258	5	111	86	1	27258013000	9
2498	27258	13	111	88	1	27258039001	9
2499	27259	6	112	86	1	27259658001	9
2500	27259	9	111	87	1	27259664001	9
2501	27260	2	112	85	1	27260861000	9
2502	27260	10	112	87	1	27260478000	9
2503	27260	13	111	88	1	27260539001	9
2504	27262	6	112	86	1	27262303001	9
2505	27262	14	112	88	1	27262215000	9
2506	27263	3	113	85	1	27263068000	9
2507	27263	4	110	86	1	27263451001	9
2508	27263	10	112	87	1	27263144000	9
2509	27264	7	113	86	1	27264791001	10
2510	27264	13	111	88	1	27264462001	9
2511	27264	14	112	88	1	27264387000	9
2512	27264	15	113	88	1	27264095000	9
2513	27265	3	113	85	1	27265686001	10
2514	27265	11	113	87	1	27265195000	10
2515	27266	10	112	87	1	27266572001	10
2516	27266	15	113	88	1	27266351000	10
2517	27267	7	113	86	1	27267383001	10
2518	27267	11	113	87	1	27267830001	10
2519	27267	14	112	88	1	27267317000	10
2520	27271	9	111	87	1	27271513000	10
2521	27272	2	112	85	1	27272624001	11
2522	27272	6	112	86	1	27272479000	11
2523	27274	3	113	85	1	27274667001	11
2524	27505	0	110	85	0	27505382000	13
2525	27505	1	111	85	0	27505668000	13
2526	27505	2	112	85	0	27505712001	13
2527	27506	3	113	85	0	27506047001	13
2528	27506	4	110	86	0	27506248000	13
2529	27506	5	111	86	0	27506515000	13
2530	27506	6	112	86	0	27506578000	13
2531	27506	7	113	86	0	27506867000	13
2532	27507	0	110	85	0	27507854001	13
2533	27507	1	111	85	0	27507711001	13
2534	27507	2	112	85	0	27507881000	13
2535	27507	8	110	87	0	27507482001	13
2536	27507	9	111	87	0	27507515000	13
2537	27507	10	112	87	0	27507565000	13
2538	27507	11	113	87	0	27507710001	13
2539	27508	4	110	86	0	27508905000	13
2540	27508	5	111	86	0	27508465001	13
2541	27508	6	112	86	0	27508662001	13
2542	27508	12	110	88	0	27508530001	13
2543	27508	13	111	88	0	27508163001	13
2544	27508	14	112	88	0	27508476001	13
2545	27508	15	113	88	0	27508770000	13
2546	27509	3	113	85	0	27509237000	13
2547	27509	7	113	86	0	27509343001	13
2548	27509	9	111	87	0	27509492001	13
2549	27509	10	112	87	0	27509904000	13
2550	27509	11	113	87	0	27509731001	13
2551	27510	8	110	87	0	27510734000	13
2552	27510	12	110	88	0	27510847000	13
2553	27510	13	111	88	0	27510196001	13
2554	27510	14	112	88	0	27510568000	13
2555	27510	15	113	88	0	27510701000	13
2556	27517	0	110	85	1	27517056001	14
2557	27517	1	111	85	1	27517397001	14
2558	27517	2	112	85	1	27517810000	14
2559	27518	3	113	85	1	27518132001	14
2560	27518	4	110	86	1	27518205001	14
2561	27518	5	111	86	1	27518455001	14
2562	27518	6	112	86	1	27518873000	14
2563	27519	7	113	86	1	27519169000	14
2564	27519	8	110	87	1	27519117001	14
2565	27519	9	111	87	1	27519545001	14
2566	27519	10	112	87	1	27519852000	14
2567	27520	11	113	87	1	27520198001	14
2568	27520	12	110	88	1	27520108001	14
2569	27520	13	111	88	1	27520535001	14
2570	27520	14	112	88	1	27520654001	14
2571	27521	15	113	88	1	27521198000	14
2572	27544	1	111	85	1	27544367001	16
2573	27547	14	112	88	1	27547819000	17
2574	27571	14	112	88	0	27571894001	20
2575	27929	15	113	88	0	27929819001	15
2576	27930	11	113	87	0	27930855001	15
2577	27931	14	112	88	0	27931658000	15
2578	27931	15	113	88	0	27931849000	15
2579	27932	7	113	86	0	27932324001	15
2580	27932	10	112	87	0	27932797001	15
2581	27932	11	113	87	0	27932863000	15
2582	27933	13	111	88	0	27933415001	15
2583	27933	14	112	88	0	27933518000	15
2584	27934	3	113	85	0	27934191000	15
2585	27934	6	112	86	0	27934204001	15
2586	27934	7	113	86	0	27934324001	15
2587	27934	9	111	87	0	27934925000	15
2588	27934	10	112	87	0	27934694001	15
2589	27934	11	113	87	0	27934858000	15
2590	27935	2	112	85	0	27935562000	15
2591	27935	12	110	88	0	27935471000	15
2592	27935	13	111	88	0	27935223001	15
2593	27936	3	113	85	0	27936460001	15
2594	27936	5	111	86	0	27936125000	15
2595	27936	6	112	86	0	27936050001	15
2596	27936	8	110	87	0	27936734001	15
2597	27936	14	112	88	0	27936290000	15
2598	27937	1	111	85	0	27937674001	15
2599	27937	2	112	85	0	27937486000	15
2600	27937	4	110	86	0	27937858000	15
2601	27937	7	113	86	0	27937459000	15
2602	27937	9	111	87	0	27937011000	15
2603	27937	12	110	88	0	27937837001	15
2604	27938	5	111	86	0	27938329001	16
2605	27938	6	112	86	0	27938708000	16
2606	27939	0	110	85	0	27939222001	16
2607	27939	1	111	85	0	27939767001	16
2608	27939	2	112	85	0	27939875001	16
2609	27939	4	110	86	0	27939874001	16
2610	27939	8	110	87	0	27939408000	16
2611	27939	10	112	87	0	27939454000	16
2612	27941	0	110	85	0	27941130001	16
2613	27950	12	110	88	1	27950254001	16
2614	27950	13	111	88	1	27950584000	16
2615	27950	14	112	88	1	27950201000	16
2616	27951	8	110	87	1	27951245000	16
2617	27951	9	111	87	1	27951822000	17
2618	27951	10	112	87	1	27951499000	16
2619	27951	11	113	87	1	27951920001	17
2620	27951	14	112	88	1	27951831000	17
2621	27951	15	113	88	1	27951001000	16
2622	27952	4	110	86	1	27952863001	17
2623	27952	12	110	88	1	27952480001	17
2624	27952	13	111	88	1	27952370001	17
2625	27953	5	111	86	1	27953161001	17
2626	27953	6	112	86	1	27953404000	17
2627	27953	7	113	86	1	27953482001	17
2628	27953	8	110	87	1	27953203001	17
2629	27953	9	111	87	1	27953735001	17
2630	27953	10	112	87	1	27953099001	17
2631	27953	11	113	87	1	27953810000	17
2632	27953	15	113	88	1	27953482001	17
2633	27954	0	110	85	1	27954169000	17
2634	27954	1	111	85	1	27954304001	17
2635	27954	2	112	85	1	27954483001	17
2636	27954	3	113	85	1	27954797000	17
2637	27954	4	110	86	1	27954802001	17
2638	27955	0	110	85	1	27955856000	17
2639	27955	1	111	85	1	27955705001	17
2640	27955	5	111	86	1	27955320001	17
2641	27955	6	112	86	1	27955522001	17
2642	27955	7	113	86	1	27955531001	17
2643	27956	2	112	85	1	27956156000	17
2644	27956	3	113	85	1	27956753000	17
2645	28093	4	110	86	0	28093107001	16
2646	28094	0	110	85	0	28094233001	16
2647	28094	5	111	86	0	28094865000	16
2648	28094	6	112	86	0	28094364000	16
2649	28096	8	110	87	0	28096258000	15
2650	28096	10	112	87	0	28096395001	15
2651	28097	13	111	88	0	28097424001	15
2652	28099	12	110	88	0	28099734000	15
2653	28099	14	112	88	0	28099231001	15
2654	28151	7	113	86	0	28151454001	12
2655	28412	2	112	85	0	28412570001	11
2656	28415	6	112	86	0	28415123001	11
2657	28415	7	113	86	0	28415190001	11
2658	28417	11	113	87	0	28417625001	12
2659	28419	8	110	87	0	28419842001	12
2660	28419	9	111	87	0	28419045000	12
2661	28421	15	113	88	0	28421046000	12
2662	28422	12	110	88	0	28422644000	12
2663	28492	0	110	85	0	28492271001	18
2664	28492	4	110	86	0	28492300000	18
2665	28494	0	110	85	1	28494894001	17
2666	28494	1	111	85	0	28494966000	17
2667	28497	1	111	85	1	28497173001	17
2668	28497	2	112	85	0	28497438001	17
2669	28499	3	113	85	0	28499239001	17
2670	28504	2	112	85	1	28504185000	17
2671	28719	15	113	88	0	28719239001	11
2672	28720	11	113	87	0	28720808000	11
2673	28721	15	113	88	0	28721588000	11
2674	28723	7	113	86	0	28723279000	11
2675	28723	11	113	87	0	28723200000	11
2676	28723	14	112	88	0	28723516001	11
2677	28724	10	112	87	0	28724376000	11
2678	28724	15	113	88	0	28724324001	11
2679	28725	3	113	85	0	28725750000	11
2680	28725	7	113	86	0	28725763001	11
2681	28725	11	113	87	0	28725474000	11
2682	28726	14	112	88	0	28726287000	11
2683	28727	6	112	86	0	28727662001	11
2684	28727	10	112	87	0	28727817001	11
2685	28728	3	113	85	0	28728360001	11
2686	28728	7	113	86	0	28728587000	11
2687	28728	13	111	88	0	28728234001	11
2688	28728	14	112	88	0	28728544000	11
2689	28729	2	112	85	0	28729995001	11
2690	28729	10	112	87	0	28729676000	11
2691	28729	11	113	87	0	28729174001	11
2692	28730	6	112	86	0	28730636000	11
2693	28731	3	113	85	0	28731765001	11
2694	28731	7	113	86	0	28731574001	11
2695	28731	9	111	87	0	28731048001	11
2696	28731	13	111	88	0	28731120000	11
2697	28732	2	112	85	0	28732919001	11
2698	28732	5	111	86	0	28732857001	11
2699	28732	10	112	87	0	28732332000	11
2700	28733	6	112	86	0	28733374000	11
2701	28733	9	111	87	0	28733751000	11
2702	28734	13	111	88	0	28734578000	11
2703	28734	15	113	88	1	28734558000	11
2704	28735	1	111	85	0	28735647000	11
2705	28735	2	112	85	0	28735379001	11
2706	28735	5	111	86	0	28735601001	11
2707	28735	6	112	86	0	28735968000	11
2708	28735	12	110	88	0	28735229001	11
2709	28736	8	110	87	0	28736633000	11
2710	28736	9	111	87	0	28736552001	11
2711	28738	1	111	85	0	28738443001	11
2712	28738	2	112	85	0	28738907000	11
2713	28738	4	110	86	0	28738744000	11
2714	28738	5	111	86	0	28738385001	11
2715	28738	12	110	88	0	28738766000	11
2716	28738	14	112	88	1	28738301000	11
2717	28739	8	110	87	0	28739750001	11
2718	28740	0	110	85	0	28740977001	12
2719	28740	11	113	87	1	28740690001	11
2720	28740	15	113	88	1	28740342000	11
2721	28741	1	111	85	0	28741843001	12
2722	28741	4	110	86	0	28741739001	12
2723	28741	13	111	88	1	28741047001	12
2724	28742	14	112	88	1	28742685001	12
2725	28743	5	111	86	0	28743775000	12
2726	28744	0	110	85	0	28744235001	12
2727	28744	4	110	86	0	28744151001	12
2728	28745	1	111	85	0	28745267000	12
2729	28745	10	112	87	1	28745497000	12
2730	28745	12	110	88	1	28745200000	12
2731	28746	8	110	87	0	28746916000	12
2732	28746	15	113	88	1	28746632000	12
2733	28747	0	110	85	0	28747163001	12
2734	28747	13	111	88	1	28747866001	12
2735	28748	4	110	86	0	28748280001	12
2736	28749	9	111	87	1	28749903001	12
2737	28751	0	110	85	0	28751042000	12
2738	28754	14	112	88	1	28754835000	12
2739	28758	10	112	87	1	28758993001	13
2740	28758	11	113	87	1	28758408001	13
2741	28775	11	113	87	0	28775010001	14
2742	28778	10	112	87	0	28778660001	14
2743	28781	15	113	88	0	28781376001	14
2744	28783	10	112	87	0	28783476000	15
2745	28783	11	113	87	0	28783387000	15
2746	28783	14	112	88	0	28783597001	15
2747	28785	4	110	86	0	28785843000	15
2748	28786	9	111	87	0	28786405001	15
2749	28786	15	113	88	0	28786419001	15
2750	28787	13	111	88	0	28787168001	15
2751	28787	14	112	88	0	28787647000	15
2752	28790	8	110	87	0	28790233001	15
2753	28790	10	112	87	0	28790487000	15
2754	28790	12	110	88	0	28790936001	15
2755	28791	13	111	88	0	28791195001	15
2756	28791	15	113	88	0	28791096001	15
2757	28792	11	113	87	0	28792405001	15
2758	28794	13	111	88	0	28794784000	15
2759	28794	14	112	88	0	28794423001	15
2760	28795	10	112	87	0	28795975000	16
2761	28795	12	110	88	0	28795595000	16
2762	28797	9	111	87	0	28797407000	16
2763	28798	11	113	87	0	28798492001	16
2764	28798	15	113	88	0	28798882000	16
2765	28799	14	112	88	0	28799944001	16
2766	28800	8	110	87	0	28800226001	16
2767	28800	13	111	88	0	28800905000	16
2768	28801	10	112	87	0	28801541000	16
2769	28801	12	110	88	0	28801346001	16
2770	28803	14	112	88	0	28803122001	16
2771	28804	15	113	88	0	28804748001	16
2772	28806	5	111	86	0	28806733001	16
2773	28807	12	110	88	0	28807579000	16
2774	28807	13	111	88	0	28807314000	16
2775	28808	14	112	88	0	28808093000	16
2776	28812	12	110	88	0	28812962000	17
2777	28814	13	111	88	0	28814016001	17
2778	28821	15	113	88	0	28821294001	17
2779	28832	14	112	88	0	28832342000	17
2780	28859	3	113	85	1	28859025001	16
2781	28859	7	113	86	1	28859996001	16
2782	28860	3	113	85	1	28860964001	16
2783	28860	11	113	87	1	28860618001	16
2784	28861	2	112	85	1	28861571000	16
2785	28861	15	113	88	1	28861712000	16
2786	28862	6	112	86	1	28862326001	16
2787	28862	7	113	86	1	28862141001	16
2788	28862	10	112	87	1	28862963001	16
2789	28862	11	113	87	1	28862654000	16
2790	28863	1	111	85	1	28863108000	16
2791	28863	2	112	85	1	28863545001	16
2792	28863	5	111	86	1	28863343001	16
2793	28863	14	112	88	1	28863841001	15
2794	28863	15	113	88	1	28863668000	16
2795	28864	6	112	86	1	28864303000	15
2796	28864	10	112	87	1	28864715001	15
2797	28865	0	110	85	1	28865047000	15
2798	28865	1	111	85	1	28865060000	15
2799	28865	5	111	86	1	28865690001	15
2800	28865	9	111	87	1	28865188001	15
2801	28865	13	111	88	1	28865646000	15
2802	28865	14	112	88	1	28865684001	15
2803	28866	0	110	85	1	28866918000	15
2804	28866	4	110	86	1	28866242000	15
2805	28867	8	110	87	1	28867172001	15
2806	28867	9	111	87	1	28867139001	15
2807	28867	12	110	88	1	28867949001	15
2808	28867	13	111	88	1	28867666000	15
2809	28868	4	110	86	1	28868225001	15
2810	28869	8	110	87	1	28869395000	15
2811	28870	12	110	88	1	28870321000	15
2812	28875	0	110	85	1	28875319000	14
2813	28899	14	112	88	1	28899316000	11
2814	29494	10	112	87	0	29494783000	12
2815	29494	13	111	88	0	29494222001	11
2816	29495	6	112	86	0	29495771000	12
2817	29497	4	110	86	0	29497358000	12
2818	29497	11	113	87	0	29497947001	12
2819	29497	14	112	88	0	29497243000	12
2820	29498	2	112	85	0	29498721001	13
2821	29498	7	113	86	0	29498874001	13
2822	29520	15	113	88	0	29520840000	18
2823	29720	15	113	88	0	29720767001	14
2824	29753	15	113	88	1	29753101001	16
2825	30284	13	111	88	0	30284074000	18
2826	30284	14	112	88	0	30284534001	18
2827	30285	8	110	87	0	30285771000	18
2828	30285	15	113	88	0	30285207000	18
2829	30286	9	111	87	0	30286658001	18
2830	30286	10	112	87	0	30286483000	18
2831	30287	4	110	86	0	30287509000	18
2832	30287	11	113	87	0	30287015001	18
2833	30288	6	112	86	0	30288695000	18
2834	30289	0	110	85	0	30289525000	18
2835	30289	7	113	86	0	30289401000	18
2836	30290	2	112	85	0	30290627001	18
2837	30386	8	110	87	0	30386793000	11
2838	30386	12	110	88	0	30386255000	11
2839	30387	0	110	85	0	30387869001	11
2840	30387	4	110	86	0	30387076001	11
2841	30387	9	111	87	0	30387662000	11
2842	30387	13	111	88	0	30387019001	11
2843	30388	1	111	85	0	30388883000	11
2844	30388	5	111	86	0	30388097001	11
2845	30388	10	112	87	0	30388576001	11
2846	30388	12	110	88	0	30388918001	11
2847	30388	13	111	88	0	30388904001	11
2848	30388	14	112	88	0	30388016001	11
2849	30389	2	112	85	0	30389740001	11
2850	30389	4	110	86	0	30389462001	11
2851	30389	6	112	86	0	30389069000	11
2852	30389	7	113	86	0	30389898001	11
2853	30389	8	110	87	0	30389481001	11
2854	30389	9	111	87	0	30389583001	11
2855	30389	11	113	87	0	30389536000	11
2856	30389	14	112	88	0	30389756000	11
2857	30389	15	113	88	0	30389176000	11
2858	30390	0	110	85	0	30390229000	11
2859	30390	1	111	85	0	30390997000	11
2860	30390	3	113	85	0	30390688000	11
2861	30390	5	111	86	0	30390419001	11
2862	30390	10	112	87	0	30390466001	11
2863	30391	6	112	86	0	30391223001	11
2864	30391	7	113	86	0	30391990000	11
2865	30391	11	113	87	0	30391428000	11
2866	30391	15	113	88	0	30391342001	11
2867	30392	2	112	85	0	30392319001	11
2868	30394	3	113	85	0	30394793000	11
2869	30397	14	112	88	0	30397794000	11
2870	30399	6	112	86	0	30399255001	11
2871	30404	13	111	88	0	30404231001	11
2872	30407	0	110	85	1	30407069000	11
2873	30408	0	110	85	1	30408953001	11
2874	30408	4	110	86	1	30408119000	11
2875	30409	1	111	85	1	30409672001	11
2876	30409	8	110	87	1	30409523000	11
2877	30410	4	110	86	1	30410547001	11
2878	30410	5	111	86	1	30410338001	11
2879	30410	12	110	88	1	30410245001	11
2880	30411	1	111	85	1	30411317000	11
2881	30411	2	112	85	1	30411713000	11
2882	30411	9	111	87	1	30411997000	11
2883	30412	5	111	86	1	30412193001	11
2884	30412	6	112	86	1	30412708001	11
2885	30412	8	110	87	1	30412538000	11
2886	30412	12	110	88	1	30412277001	11
2887	30412	13	111	88	1	30412555000	11
2888	30413	2	112	85	1	30413732001	11
2889	30413	10	112	87	1	30413818000	11
2890	30414	3	113	85	1	30414173000	11
2891	30414	6	112	86	1	30414914001	11
2892	30414	9	111	87	1	30414369001	11
2893	30414	13	111	88	1	30414206000	11
2894	30414	14	112	88	1	30414677000	11
2895	30415	7	113	86	1	30415238001	11
2896	30415	10	112	87	1	30415757000	11
2897	30416	3	113	85	1	30416405000	11
2898	30416	11	113	87	1	30416309000	11
2899	30416	14	112	88	1	30416396000	11
2900	30417	7	113	86	1	30417923001	11
2901	30417	15	113	88	1	30417469000	11
2902	30418	11	113	87	1	30418411000	11
2903	30419	15	113	88	1	30419668001	11
2904	30735	6	112	86	0	30735208000	12
2905	30736	7	113	86	0	30736311001	12
2906	30741	2	112	85	0	30741278001	12
2907	30850	12	110	88	0	30850244001	18
2908	30850	13	111	88	0	30850397001	18
2909	30895	12	110	88	0	30895971001	16
2910	30896	4	110	86	0	30896628000	16
2911	30896	8	110	87	0	30896118001	16
2912	30897	0	110	85	0	30897266001	16
2913	30897	9	111	87	0	30897647000	16
2914	30897	13	111	88	0	30897131001	16
2915	30898	5	111	86	0	30898227000	16
2916	30898	10	112	87	0	30898776000	16
2917	30898	12	110	88	0	30898480000	16
2918	30898	14	112	88	0	30898322000	16
2919	30899	0	110	85	0	30899512001	16
2920	30899	1	111	85	0	30899098001	16
2921	30899	4	110	86	0	30899009000	16
2922	30899	6	112	86	0	30899892001	16
2923	30899	8	110	87	0	30899059001	16
2924	30899	9	111	87	0	30899753000	16
2925	30899	13	111	88	0	30899150000	16
2926	30899	15	113	88	0	30899995000	16
2927	30900	2	112	85	0	30900568000	16
2928	30900	5	111	86	0	30900906000	16
2929	30900	10	112	87	0	30900824000	16
2930	30900	11	113	87	0	30900398001	16
2931	30900	14	112	88	0	30900207001	16
2932	30901	1	111	85	0	30901738001	16
2933	30901	3	113	85	0	30901933000	16
2934	30901	7	113	86	0	30901349001	16
2935	30902	2	112	85	0	30902878001	16
2936	30902	6	112	86	0	30902120001	16
2937	30902	11	113	87	0	30902322000	16
2938	30902	15	113	88	0	30902195000	16
2939	30903	7	113	86	0	30903799000	15
2940	30904	3	113	85	0	30904564001	15
2941	30905	0	110	85	1	30905376000	15
2942	30906	4	110	86	1	30906384001	15
2943	30906	11	113	87	0	30906244001	15
2944	30907	0	110	85	1	30907685001	15
2945	30907	1	111	85	1	30907005000	15
2946	30907	8	110	87	1	30907463000	15
2947	30908	1	111	85	1	30908787001	15
2948	30908	2	112	85	1	30908714001	15
2949	30908	5	111	86	1	30908250001	15
2950	30908	12	110	88	1	30908776001	15
2951	30909	4	110	86	1	30909502001	15
2952	30909	6	112	86	1	30909580000	15
2953	30909	9	111	87	1	30909256000	15
2954	30910	3	113	85	1	30910095000	15
2955	30910	10	112	87	1	30910365000	15
2956	30910	13	111	88	1	30910290001	15
2957	30911	7	113	86	1	30911272001	15
2958	30911	8	110	87	1	30911110001	15
2959	30911	14	112	88	1	30911606000	15
2960	30912	2	112	85	1	30912884000	15
2961	30912	9	111	87	1	30912556001	15
2962	30912	10	112	87	1	30912356001	15
2963	30912	11	113	87	1	30912049001	15
2964	30913	6	112	86	1	30913699001	15
2965	30913	12	110	88	1	30913112000	15
2966	30913	15	113	88	1	30913112000	15
2967	30915	3	113	85	1	30915696000	15
2968	30916	14	112	88	1	30916260001	15
2969	30917	11	113	87	1	30917226000	14
2970	30917	15	113	88	1	30917813001	14
2971	30919	13	111	88	1	30919025000	14
2972	30969	4	110	86	0	30969132001	10
2973	30969	13	111	88	0	30969280000	10
2974	30969	14	112	88	0	30969829000	10
2975	30977	11	113	87	0	30977910001	10
2976	31536	12	110	88	0	31536646000	7
2977	31537	4	110	86	0	31537837001	7
2978	31537	8	110	87	0	31537182001	7
2979	31537	13	111	88	0	31537287000	7
2980	31538	0	110	85	0	31538534000	7
2981	31538	5	111	86	0	31538986001	7
2982	31538	9	111	87	0	31538267000	7
2983	31538	10	112	87	0	31538994001	7
2984	31538	14	112	88	0	31538392001	7
2985	31539	1	111	85	0	31539854000	7
2986	31539	6	112	86	0	31539854000	7
2987	31539	12	110	88	0	31539020001	7
2988	31539	13	111	88	0	31539234001	7
2989	31539	15	113	88	0	31539539000	7
2990	31540	2	112	85	0	31540669001	8
2991	31540	4	110	86	0	31540343000	7
2992	31540	7	113	86	0	31540975001	8
2993	31540	8	110	87	0	31540085000	7
2994	31540	9	111	87	0	31540473000	8
2995	31540	11	113	87	0	31540221001	7
2996	31540	14	112	88	0	31540276000	7
2997	31541	0	110	85	0	31541058000	8
2998	31541	3	113	85	0	31541808001	8
2999	31541	5	111	86	0	31541068001	8
3000	31541	6	112	86	0	31541753000	8
3001	31541	10	112	87	0	31541024000	8
3002	31541	15	113	88	0	31541668001	8
3003	31542	1	111	85	0	31542118001	8
3004	31542	2	112	85	0	31542735001	8
3005	31542	11	113	87	0	31542247001	8
3006	31543	7	113	86	0	31543221001	8
3007	31544	3	113	85	0	31544182000	8
3008	31555	9	111	87	0	31555663001	11
3009	31559	12	110	88	1	31559488001	11
3010	31559	13	111	88	1	31559488001	11
3011	31559	14	112	88	1	31559142001	11
3012	31559	15	113	88	1	31559300001	11
3013	31560	8	110	87	1	31560524001	12
3014	31560	9	111	87	1	31560574001	12
3015	31560	10	112	87	1	31560397001	12
3016	31560	11	113	87	1	31560570000	12
3017	31560	14	112	88	1	31560558001	12
3018	31561	4	110	86	1	31561397000	12
3019	31561	5	111	86	1	31561706001	12
3020	31561	6	112	86	1	31561811000	12
3021	31561	7	113	86	1	31561544000	12
3022	31561	12	110	88	1	31561901000	12
3023	31561	13	111	88	1	31561454000	12
3024	31561	15	113	88	1	31561348001	12
3025	31562	0	110	85	1	31562864000	12
3026	31562	1	111	85	1	31562788000	12
3027	31562	2	112	85	1	31562950001	12
3028	31562	3	113	85	1	31562729000	12
3029	31562	9	111	87	1	31562961001	12
3030	31562	10	112	87	1	31562196000	12
3031	31563	4	110	86	1	31563214001	12
3032	31563	8	110	87	1	31563784000	12
3033	31564	0	110	85	1	31564721000	12
3034	31564	1	111	85	1	31564172000	12
3035	31564	7	113	86	1	31564445000	12
3036	31565	2	112	85	1	31565134001	12
3037	31565	3	113	85	1	31565303000	12
3038	31565	5	111	86	1	31565038001	12
3039	31565	6	112	86	1	31565018001	12
3040	31667	0	110	85	0	31667190000	15
3041	31667	1	111	85	0	31667240000	15
3042	31667	2	112	85	0	31667087001	15
3043	31667	3	113	85	0	31667214001	15
3044	31668	4	110	86	0	31668504000	15
3045	31668	5	111	86	0	31668224001	15
3046	31668	6	112	86	0	31668244001	15
3047	31668	7	113	86	0	31668277001	15
3048	31669	0	110	85	0	31669477001	15
3049	31669	1	111	85	0	31669535001	15
3050	31669	2	112	85	0	31669269000	15
3051	31669	3	113	85	0	31669551000	15
3052	31669	8	110	87	0	31669789001	15
3053	31669	9	111	87	1	31669866000	15
3054	31669	10	112	87	1	31669546000	15
3055	31669	11	113	87	0	31669894000	15
3056	31670	4	110	86	0	31670659001	15
3057	31670	5	111	86	0	31670217001	15
3058	31670	6	112	86	0	31670202001	15
3059	31670	7	113	86	0	31670307001	15
3060	31670	13	111	88	0	31670702000	15
3061	31670	14	112	88	0	31670729001	15
3062	31670	15	113	88	0	31670794001	15
3063	31671	10	112	87	0	31671572000	15
3064	31671	11	113	87	1	31671978001	15
3065	31671	12	110	88	0	31671146000	15
3066	31672	8	110	87	0	31672361001	14
3067	31672	9	111	87	0	31672022000	15
3068	31672	13	111	88	0	31672556000	14
3069	31672	14	112	88	0	31672506000	14
3070	31673	2	112	85	0	31673766001	14
3071	31673	12	110	88	0	31673716000	14
3072	31673	15	113	88	0	31673110001	14
3073	31676	13	111	88	0	31676778000	14
3074	31690	0	110	85	1	31690379000	12
3075	31691	4	110	86	1	31691212000	12
3076	31692	0	110	85	1	31692347000	12
3077	31692	1	111	85	1	31692476000	12
3078	31692	8	110	87	1	31692673000	12
3079	31693	4	110	86	1	31693044001	12
3080	31693	5	111	86	1	31693646001	12
3081	31693	12	110	88	1	31693540000	12
3082	31694	1	111	85	1	31694097000	12
3083	31694	2	112	85	1	31694400001	12
3084	31694	8	110	87	1	31694958000	12
3085	31694	9	111	87	1	31694537000	12
3086	31695	5	111	86	1	31695877001	11
3087	31695	6	112	86	1	31695377001	12
3088	31695	12	110	88	1	31695540001	12
3089	31695	13	111	88	1	31695740001	11
3090	31696	2	112	85	1	31696416000	11
3091	31696	3	113	85	1	31696121000	11
3092	31696	9	111	87	1	31696367001	11
3093	31696	10	112	87	1	31696484000	11
3094	31697	6	112	86	1	31697394001	11
3095	31697	7	113	86	1	31697575001	11
3096	31697	13	111	88	1	31697495001	11
3097	31697	14	112	88	1	31697537000	11
3098	31698	3	113	85	1	31698178000	11
3099	31698	10	112	87	1	31698274000	11
3100	31698	11	113	87	1	31698530000	11
3101	31699	14	112	88	1	31699369000	11
3102	31699	15	113	88	1	31699676001	11
3103	31700	7	113	86	1	31700091001	11
3104	31700	11	113	87	1	31700599000	11
3105	31701	15	113	88	1	31701540001	11
3106	32029	15	113	88	0	32029525000	7
3107	32032	11	113	87	0	32032100000	7
3108	32032	15	113	88	0	32032341001	7
3109	32033	7	113	86	0	32033032000	7
3110	32034	11	113	87	0	32034801001	7
3111	32035	3	113	85	0	32035712001	7
3112	32035	7	113	86	0	32035954001	7
3113	32035	14	112	88	0	32035289000	7
3114	32035	15	113	88	0	32035190000	7
3115	32036	10	112	87	0	32036720001	7
3116	32037	11	113	87	0	32037308001	7
3117	32037	14	112	88	0	32037561001	7
3118	32038	3	113	85	0	32038969001	7
3119	32038	6	112	86	0	32038181001	7
3120	32038	7	113	86	0	32038271001	7
3121	32039	10	112	87	0	32039031001	7
3122	32039	14	112	88	0	32039857000	7
3123	32040	7	113	86	0	32040599000	7
3124	32040	13	111	88	0	32040248000	7
3125	32040	15	113	88	0	32040079000	7
3126	32041	2	112	85	0	32041610000	7
3127	32041	6	112	86	0	32041859001	7
3128	32041	10	112	87	0	32041243001	7
3129	32041	11	113	87	0	32041450000	7
3130	32042	3	113	85	0	32042145000	7
3131	32042	9	111	87	0	32042961000	7
3132	32042	13	111	88	0	32042336000	7
3133	32043	7	113	86	0	32043347000	7
3134	32043	10	112	87	0	32043862000	7
3135	32043	14	112	88	0	32043107000	7
3136	32044	2	112	85	0	32044493001	7
3137	32044	5	111	86	0	32044734000	7
3138	32044	6	112	86	0	32044190001	7
3139	32044	13	111	88	0	32044363000	7
3140	32045	9	111	87	0	32045353000	7
3141	32045	12	110	88	0	32045730000	8
3142	32046	2	112	85	0	32046904000	8
3143	32046	5	111	86	0	32046934000	8
3144	32046	6	112	86	0	32046899001	8
3145	32047	1	111	85	0	32047712000	8
3146	32047	8	110	87	0	32047277001	8
3147	32047	10	112	87	0	32047232001	8
3148	32048	9	111	87	0	32048385001	8
3149	32048	12	110	88	0	32048311000	8
3150	32048	13	111	88	0	32048031001	8
3151	32049	3	113	85	0	32049616000	8
3152	32049	4	110	86	0	32049089001	8
3153	32049	5	111	86	0	32049822000	8
3154	32049	8	110	87	0	32049905001	8
3155	32050	1	111	85	0	32050073000	8
3156	32050	2	112	85	0	32050425000	8
3157	32051	0	110	85	0	32051090001	8
3158	32051	4	110	86	0	32051620000	8
3159	32051	12	110	88	0	32051276001	8
3160	32052	8	110	87	0	32052614000	8
3161	32053	0	110	85	0	32053658000	8
3162	32053	1	111	85	0	32053123000	8
3163	32053	4	110	86	0	32053891000	8
3164	32053	7	113	86	0	32053255000	8
3165	32055	0	110	85	0	32055911001	9
3166	32058	3	113	85	1	32058144000	9
3167	32060	7	113	86	1	32060094000	9
3168	32061	3	113	85	1	32061111001	9
3169	32062	0	110	85	0	32062611000	10
3170	32063	2	112	85	1	32063397001	10
3171	32063	3	113	85	1	32063619001	10
3172	32063	11	113	87	1	32063176000	10
3173	32064	7	113	86	1	32064021001	10
3174	32065	15	113	88	1	32065001001	10
3175	32066	1	111	85	1	32066609000	11
3176	32066	2	112	85	1	32066376000	11
3177	32066	6	112	86	1	32066035000	11
3178	32066	11	113	87	1	32066339000	11
3179	32067	10	112	87	1	32067082000	11
3180	32067	14	112	88	1	32067946000	11
3181	32067	15	113	88	1	32067817000	11
3182	32068	6	112	86	1	32068718000	11
3183	32069	5	111	86	1	32069621000	12
3184	32069	10	112	87	1	32069828001	12
3185	32070	1	111	85	1	32070024001	12
3186	32070	2	112	85	1	32070096000	12
3187	32070	14	112	88	1	32070739001	12
3188	32071	0	110	85	1	32071679001	12
3189	32071	9	111	87	1	32071243001	12
3190	32072	1	111	85	1	32072183001	12
3191	32072	5	111	86	1	32072636001	12
3192	32072	13	111	88	1	32072550000	12
3193	32072	14	112	88	1	32072761000	12
3194	32073	4	110	86	1	32073983000	13
3195	32073	7	113	86	1	32073689001	13
3196	32073	10	112	87	1	32073097000	12
3197	32074	0	110	85	1	32074729000	13
3198	32074	8	110	87	1	32074227001	13
3199	32074	9	111	87	1	32074186000	13
3200	32074	15	113	88	1	32074698000	13
3201	32075	6	112	86	1	32075623000	13
3202	32075	13	111	88	1	32075316001	13
3203	32076	4	110	86	1	32076827001	14
3204	32076	12	110	88	1	32076679000	14
3205	32077	8	110	87	1	32077626001	14
3206	32078	0	110	85	1	32078155001	14
3207	32079	12	110	88	1	32079845000	15
3208	32079	13	111	88	1	32079041001	14
3209	32080	8	110	87	1	32080902001	15
3210	32082	4	110	86	1	32082061001	15
3211	32082	9	111	87	1	32082959001	16
3212	32085	12	110	88	1	32085391001	16
3213	32087	11	113	87	1	32087498001	17
3214	32728	0	110	85	0	32728485000	21
3215	32728	4	110	86	0	32728282000	21
3216	32728	8	110	87	0	32728116000	21
3217	32728	9	111	87	0	32728980000	21
3218	32728	12	110	88	0	32728003001	21
3219	32728	13	111	88	0	32728667001	21
3220	32729	1	111	85	0	32729698000	21
3221	32729	5	111	86	0	32729344000	21
3222	32729	10	112	87	0	32729800000	21
3223	32729	14	112	88	0	32729650000	21
3224	32730	0	110	85	0	32730463001	21
3225	32730	2	112	85	0	32730539000	21
3226	32730	4	110	86	0	32730361001	21
3227	32730	6	112	86	0	32730161001	21
3228	32730	8	110	87	0	32730565000	21
3229	32730	11	113	87	0	32730948000	21
3230	32730	12	110	88	0	32730309000	21
3231	32730	13	111	88	0	32730414001	21
3232	32730	15	113	88	0	32730823001	21
3233	32731	3	113	85	0	32731702000	21
3234	32731	5	111	86	0	32731377001	21
3235	32731	7	113	86	0	32731179000	21
3236	32731	9	111	87	0	32731367000	21
3237	32731	10	112	87	0	32731660000	21
3238	32731	14	112	88	0	32731416001	21
3239	32732	1	111	85	0	32732472001	21
3240	32732	2	112	85	0	32732590001	21
3241	32732	6	112	86	0	32732126001	21
3242	32732	11	113	87	0	32732903001	21
3243	32732	15	113	88	0	32732674001	21
3244	32733	7	113	86	0	32733269000	21
3245	32735	3	113	85	0	32735335000	21
3246	32745	12	110	88	1	32745356001	22
3247	32745	13	111	88	1	32745720000	22
3248	32746	14	112	88	1	32746126001	22
3249	32747	8	110	87	1	32747201000	22
3250	32747	9	111	87	1	32747830001	22
3251	32747	10	112	87	1	32747742001	22
3252	32747	12	110	88	1	32747450001	22
3253	32747	13	111	88	1	32747627001	22
3254	32747	15	113	88	1	32747262000	22
3255	32748	11	113	87	1	32748765000	22
3256	32748	14	112	88	1	32748167001	22
3257	32749	4	110	86	1	32749055000	22
3258	32749	5	111	86	1	32749941000	22
3259	32749	8	110	87	1	32749172001	22
3260	32749	9	111	87	1	32749644001	22
3261	32749	10	112	87	1	32749939000	22
3262	32749	15	113	88	1	32749155001	22
3263	32750	6	112	86	1	32750577000	22
3264	32750	11	113	87	1	32750863001	22
3265	32751	0	110	85	1	32751398001	22
3266	32751	1	111	85	1	32751905001	22
3267	32751	4	110	86	1	32751054001	22
3268	32751	5	111	86	1	32751831001	22
3269	32751	7	113	86	1	32751076000	22
3270	32752	2	112	85	1	32752581000	22
3271	32752	3	113	85	1	32752698001	22
3272	32752	6	112	86	1	32752467001	22
3273	32753	0	110	85	1	32753320001	22
3274	32753	1	111	85	1	32753766000	22
3275	32753	7	113	86	1	32753155000	22
3276	32754	2	112	85	1	32754628001	22
3277	32754	3	113	85	1	32754847000	22
3278	33041	7	113	86	0	33041594001	19
3279	33085	4	110	86	0	33085982001	25
3280	33085	8	110	87	0	33085837000	25
3281	33085	12	110	88	0	33085764000	25
3282	33086	0	110	85	0	33086152000	25
3283	33086	13	111	88	0	33086904000	25
3284	33087	1	111	85	0	33087917000	25
3285	33087	5	111	86	0	33087408001	25
3286	33087	9	111	87	0	33087335001	25
3287	33088	0	110	85	0	33088326001	25
3288	33088	4	110	86	0	33088326001	25
3289	33088	6	112	86	0	33088649001	25
3290	33088	8	110	87	0	33088391001	25
3291	33088	10	112	87	0	33088616001	25
3292	33088	12	110	88	0	33088410001	25
3293	33088	13	111	88	0	33088693000	25
3294	33088	14	112	88	0	33088348001	25
3295	33089	2	112	85	0	33089039000	25
3296	33089	5	111	86	0	33089492000	25
3297	33089	9	111	87	0	33089475000	25
3298	33089	11	113	87	0	33089900000	25
3299	33089	15	113	88	1	33089792001	25
3300	33090	1	111	85	0	33090598000	25
3301	33090	3	113	85	0	33090634001	25
3302	33090	6	112	86	0	33090618000	25
3303	33090	7	113	86	0	33090329000	25
3304	33090	10	112	87	0	33090584000	25
3305	33090	14	112	88	0	33090377001	25
3306	33091	2	112	85	0	33091476000	25
3307	33091	15	113	88	0	33091701001	25
3308	33092	7	113	86	0	33092537000	25
3309	33092	11	113	87	0	33092494001	25
3310	33093	3	113	85	0	33093165000	25
3311	33095	8	110	87	0	33095142001	25
3312	33095	11	113	87	0	33095176001	25
3313	33095	13	111	88	0	33095098000	25
3314	33118	12	110	88	1	33118872001	24
3315	33119	13	111	88	1	33119264001	24
3316	33121	12	110	88	1	33121853001	23
3317	33121	14	112	88	1	33121274000	24
3318	33122	8	110	87	1	33122270000	23
3319	33122	13	111	88	1	33122612001	23
3320	33123	15	113	88	1	33123650000	23
3321	33124	9	111	87	1	33124092000	23
3322	33124	12	110	88	1	33124781000	23
3323	33124	14	112	88	1	33124658001	23
3324	33125	10	112	87	1	33125411000	23
3325	33125	13	111	88	1	33125521000	23
3326	33126	0	110	85	1	33126128001	23
3327	33126	8	110	87	1	33126475000	23
3328	33127	0	110	85	1	33127917001	23
3329	33127	4	110	86	1	33127213000	23
3330	33127	9	111	87	1	33127947000	23
3331	33127	11	113	87	1	33127413000	23
3332	33127	14	112	88	1	33127424000	23
3333	33128	1	111	85	1	33128568001	23
3334	33128	15	113	88	1	33128322000	23
3335	33129	4	110	86	1	33129466001	23
3336	33130	1	111	85	1	33130325000	23
3337	33130	2	112	85	1	33130691000	23
3338	33130	5	111	86	1	33130131000	23
3339	33130	8	110	87	1	33130211001	23
3340	33130	10	112	87	1	33130751001	23
3341	33132	2	112	85	1	33132787001	23
3342	33132	3	113	85	1	33132982000	23
3343	33132	5	111	86	1	33132372001	23
3344	33132	6	112	86	1	33132011000	23
3345	33132	9	111	87	1	33132694001	23
3346	33134	6	112	86	1	33134391001	22
3347	33134	7	113	86	1	33134732000	22
3348	33135	3	113	85	1	33135126000	22
3349	33135	10	112	87	1	33135524001	22
3350	33135	11	113	87	1	33135389001	22
3351	33136	9	111	87	1	33136802001	22
3352	33136	15	113	88	1	33136308000	22
3353	33137	7	113	86	1	33137035000	22
3354	33138	11	113	87	1	33138322001	22
3355	33141	14	112	88	1	33141743000	22
3356	33144	8	110	87	1	33144667000	21
3357	33253	0	110	85	1	33253880001	4
3358	33399	0	110	85	0	33399605001	33
3359	33467	4	110	86	0	33467755000	23
3360	33467	8	110	87	0	33467172000	23
3361	33467	12	110	88	0	33467044001	23
3362	33468	0	110	85	0	33468248001	23
3363	33468	9	111	87	0	33468615000	23
3364	33468	13	111	88	0	33468219000	23
3365	33469	1	111	85	0	33469892001	22
3366	33469	5	111	86	0	33469106001	22
3367	33469	8	110	87	0	33469664001	22
3368	33469	12	110	88	0	33469549001	22
3369	33469	14	112	88	0	33469324000	22
3370	33470	0	110	85	1	33470717001	22
3371	33470	4	110	86	0	33470361000	22
3372	33470	6	112	86	0	33470593001	22
3373	33470	9	111	87	0	33470831000	22
3374	33470	10	112	87	0	33470259000	22
3375	33470	13	111	88	0	33470235001	22
3376	33471	1	111	85	1	33471964000	21
3377	33471	2	112	85	0	33471059001	22
3378	33471	5	111	86	0	33471523000	22
3379	33471	7	113	86	0	33471963001	21
3380	33471	11	113	87	0	33471514000	22
3381	33471	14	112	88	0	33471100000	22
3382	33471	15	113	88	0	33471368000	22
3383	33472	3	113	85	1	33472656001	21
3384	33472	4	110	86	1	33472218000	21
3385	33472	6	112	86	0	33472993001	21
3386	33472	8	110	87	1	33472428001	21
3387	33472	10	112	87	0	33472233001	21
3388	33473	2	112	85	1	33473550001	21
3389	33473	5	111	86	1	33473197000	21
3390	33473	9	111	87	1	33473841000	21
3391	33473	11	113	87	0	33473596001	21
3392	33473	12	110	88	1	33473661000	21
3393	33473	15	113	88	0	33473428000	21
3394	33474	3	113	85	1	33474997001	20
3395	33474	6	112	86	1	33474670001	20
3396	33474	7	113	86	0	33474119001	21
3397	33474	10	112	87	1	33474534000	20
3398	33474	13	111	88	1	33474919000	20
3399	33475	7	113	86	1	33475919000	20
3400	33475	14	112	88	1	33475995000	20
3401	33476	10	112	87	1	33476488001	20
3402	33476	11	113	87	1	33476424001	20
3403	33477	15	113	88	1	33477398001	19
3404	33478	9	111	87	1	33478360001	19
3405	33480	14	112	88	1	33480758001	18
3406	33528	14	112	88	0	33528200000	10
3407	34018	13	111	88	0	34018735000	14
3408	34018	14	112	88	0	34018443000	14
3409	34019	10	112	87	0	34019829001	14
3410	34019	15	113	88	0	34019477001	14
3411	34020	6	112	86	0	34020435000	14
3412	34020	11	113	87	0	34020422001	14
3413	34021	7	113	86	0	34021871000	14
3414	34021	9	111	87	0	34021497001	14
3415	34022	2	112	85	0	34022009000	15
3416	34024	3	113	85	0	34024339000	15
3417	34080	0	110	85	0	34080983001	19
3418	34110	2	112	85	0	34110907000	20
3419	34110	3	113	85	0	34110490000	20
3420	34111	1	111	85	0	34111222000	20
3421	34111	7	113	86	0	34111767001	20
3422	34112	0	110	85	0	34112809000	20
3423	34112	4	110	86	0	34112948001	20
3424	34112	5	111	86	0	34112388001	20
3425	34112	6	112	86	0	34112197001	20
3426	34113	1	111	85	0	34113770001	20
3427	34113	2	112	85	0	34113026000	20
3428	34113	3	113	85	0	34113072001	20
3429	34113	10	112	87	0	34113793001	20
3430	34113	11	113	87	0	34113309001	20
3431	34114	5	111	86	0	34114565000	20
3432	34114	6	112	86	0	34114394000	20
3433	34114	7	113	86	0	34114141001	20
3434	34114	8	110	87	0	34114492000	20
3435	34114	9	111	87	0	34114336001	20
3436	34115	0	110	85	0	34115300000	21
3437	34115	4	110	86	0	34115362000	21
3438	34115	11	113	87	0	34115712001	21
3439	34115	13	111	88	0	34115591001	21
3440	34115	14	112	88	0	34115443000	21
3441	34115	15	113	88	0	34115064001	20
3442	34116	8	110	87	0	34116971000	21
3443	34116	9	111	87	0	34116368001	21
3444	34116	10	112	87	0	34116165001	21
3445	34116	12	110	88	0	34116088000	21
3446	34117	13	111	88	0	34117583001	21
3447	34117	14	112	88	0	34117183000	21
3448	34117	15	113	88	0	34117037001	21
3449	34118	12	110	88	1	34118476001	21
3450	34119	7	113	86	0	34119861000	21
3451	34120	0	110	85	0	34120714000	21
3452	34120	14	112	88	1	34120732001	21
3453	34124	6	112	86	0	34124155001	21
3454	34125	13	111	88	0	34125783000	21
3455	34139	3	113	85	1	34139247000	22
3456	34139	7	113	86	1	34139404000	22
3457	34139	11	113	87	1	34139381000	22
3458	34140	2	112	85	1	34140414000	22
3459	34140	6	112	86	1	34140266000	22
3460	34140	10	112	87	1	34140795000	22
3461	34140	14	112	88	1	34140808000	22
3462	34140	15	113	88	1	34140005001	22
3463	34141	1	111	85	1	34141222000	22
3464	34141	5	111	86	1	34141493000	22
3465	34141	9	111	87	1	34141718000	22
3466	34141	11	113	87	1	34141669000	22
3467	34141	13	111	88	1	34141643001	22
3468	34142	0	110	85	1	34142113001	22
3469	34142	1	111	85	1	34142949001	22
3470	34142	4	110	86	1	34142422001	22
3471	34142	6	112	86	1	34142286000	22
3472	34142	8	110	87	1	34142841000	22
3473	34142	12	110	88	1	34142840000	22
3474	34142	14	112	88	1	34142935001	22
3475	34143	13	111	88	1	34143111000	22
3476	34144	0	110	85	1	34144051000	22
3477	34144	9	111	87	1	34144608000	22
3478	34144	12	110	88	1	34144794000	22
3479	34145	4	110	86	1	34145337000	22
3480	34150	10	112	87	1	34150606001	22
3481	34347	0	110	85	0	34347711001	13
3482	34348	1	111	85	0	34348430001	13
3483	34348	2	112	85	0	34348983000	13
3484	34349	3	113	85	0	34349118000	13
3485	34350	0	110	85	0	34350178000	12
3486	34350	4	110	86	0	34350997000	12
3487	34351	1	111	85	0	34351229001	12
3488	34351	2	112	85	0	34351465000	12
3489	34351	3	113	85	0	34351852001	12
3490	34351	5	111	86	0	34351535000	12
3491	34351	6	112	86	0	34351204001	12
3492	34351	7	113	86	0	34351682001	12
3493	34353	0	110	85	0	34353173000	12
3494	34353	4	110	86	0	34353792000	12
3495	34353	6	112	86	0	34353419001	12
3496	34353	9	111	87	0	34353929001	12
3497	34353	10	112	87	0	34353885000	12
3498	34353	11	113	87	0	34353977001	12
3499	34354	1	111	85	0	34354341000	12
3500	34354	2	112	85	0	34354567001	12
3501	34354	5	111	86	0	34354103001	12
3502	34354	7	113	86	0	34354555000	12
3503	34354	8	110	87	0	34354270000	12
3504	34355	3	113	85	0	34355205000	12
3505	34356	5	111	86	0	34356982001	12
3506	34356	6	112	86	0	34356295001	12
3507	34356	9	111	87	0	34356441001	12
3508	34356	10	112	87	0	34356246000	12
3509	34356	11	113	87	0	34356169001	12
3510	34356	12	110	88	0	34356289001	12
3511	34356	13	111	88	0	34356041000	12
3512	34356	14	112	88	0	34356098001	12
3513	34356	15	113	88	0	34356373000	12
3514	34357	4	110	86	0	34357553001	12
3515	34357	8	110	87	0	34357064001	12
3516	34357	14	112	88	0	34357930001	12
3517	34358	10	112	87	0	34358856001	12
3518	34358	13	111	88	0	34358108001	12
3519	34358	15	113	88	0	34358767000	12
3520	34359	9	111	87	0	34359921000	12
3521	34359	11	113	87	0	34359317000	12
3522	34359	12	110	88	0	34359185001	12
3523	34360	13	111	88	0	34360986000	13
3524	34360	14	112	88	0	34360285000	12
3525	34361	5	111	86	0	34361703000	13
3526	34373	3	113	85	1	34373400001	15
3527	34374	2	112	85	1	34374839001	16
3528	34374	7	113	86	1	34374223001	15
3529	34374	11	113	87	1	34374506001	15
3530	34375	3	113	85	1	34375513000	16
3531	34375	6	112	86	1	34375861001	16
3532	34375	15	113	88	1	34375405001	16
3533	34376	1	111	85	1	34376544001	16
3534	34376	2	112	85	1	34376730001	16
3535	34376	5	111	86	1	34376888001	16
3536	34376	10	112	87	1	34376048000	16
3537	34376	11	113	87	1	34376445000	16
3538	34376	14	112	88	1	34376667000	16
3539	34377	1	111	85	1	34377983001	17
3540	34377	6	112	86	1	34377960001	16
3541	34377	9	111	87	1	34377704001	16
3542	34377	10	112	87	1	34377872001	16
3543	34377	15	113	88	1	34377825001	16
3544	34378	0	110	85	1	34378167000	17
3545	34378	4	110	86	1	34378538000	17
3546	34378	5	111	86	1	34378773001	17
3547	34378	7	113	86	1	34378234000	17
3548	34378	13	111	88	1	34378060000	17
3549	34378	14	112	88	1	34378276000	17
3550	34379	8	110	87	1	34379322001	17
3551	34379	9	111	87	1	34379440001	17
3552	34379	13	111	88	1	34379600001	17
3553	34380	0	110	85	1	34380021000	17
3554	34380	4	110	86	1	34380446000	17
3555	34380	12	110	88	1	34380022001	17
3556	34381	8	110	87	1	34381303001	18
3557	34381	12	110	88	1	34381879000	18
3558	34500	8	110	87	0	34500608000	21
3559	34500	12	110	88	0	34500075001	21
3560	34501	0	110	85	0	34501815001	20
3561	34501	4	110	86	0	34501035001	21
3562	34501	13	111	88	0	34501529000	20
3563	34502	5	111	86	0	34502779001	20
3564	34502	9	111	87	0	34502461001	20
3565	34502	12	110	88	0	34502874000	20
3566	34503	1	111	85	0	34503769000	20
3567	34503	4	110	86	0	34503336000	20
3568	34503	8	110	87	0	34503254000	20
3569	34503	10	112	87	0	34503732000	20
3570	34503	13	111	88	0	34503540001	20
3571	34503	14	112	88	0	34503481001	20
3572	34504	0	110	85	0	34504313001	19
3573	34504	6	112	86	0	34504302001	19
3574	34504	9	111	87	0	34504723000	19
3575	34504	15	113	88	0	34504871001	19
3576	34505	2	112	85	0	34505066000	19
3577	34505	5	111	86	0	34505231001	19
3578	34505	7	113	86	0	34505808001	19
3579	34505	11	113	87	0	34505384000	19
3580	34505	14	112	88	0	34505756000	19
3581	34506	1	111	85	0	34506387001	19
3582	34506	3	113	85	0	34506886001	19
3583	34506	6	112	86	0	34506139000	19
3584	34506	10	112	87	0	34506140001	19
3585	34507	0	110	85	1	34507603001	18
3586	34507	2	112	85	0	34507197000	18
3587	34507	11	113	87	0	34507667000	18
3588	34507	15	113	88	0	34507058001	19
3589	34508	4	110	86	1	34508833001	18
3590	34508	7	113	86	0	34508068001	18
3591	34509	0	110	85	1	34509764000	18
3592	34509	1	111	85	1	34509923001	18
3593	34509	3	113	85	0	34509625000	18
3594	34510	4	110	86	1	34510853000	17
3595	34510	8	110	87	1	34510615001	17
3596	34510	10	112	87	0	34510800001	17
3597	34511	1	111	85	1	34511959000	17
3598	34511	2	112	85	1	34511698001	17
3599	34511	5	111	86	1	34511321001	17
3600	34512	9	111	87	1	34512819001	17
3601	34512	12	110	88	1	34512224001	17
3602	34513	2	112	85	1	34513787001	16
3603	34513	3	113	85	1	34513633000	16
3604	34513	6	112	86	1	34513491001	16
3605	34513	8	110	87	1	34513238001	16
3606	34513	13	111	88	1	34513975001	16
3607	34514	10	112	87	1	34514019000	16
3608	34514	12	110	88	1	34514858001	16
3609	34515	5	111	86	1	34515777000	16
3610	34515	7	113	86	1	34515333000	16
3611	34515	10	112	87	1	34515825000	16
3612	34515	13	111	88	1	34515834000	16
3613	34515	14	112	88	1	34515536000	16
3614	34516	3	113	85	1	34516222000	15
3615	34516	9	111	87	1	34516185000	15
3616	34516	11	113	87	1	34516790000	15
3617	34517	6	112	86	1	34517133001	15
3618	34517	14	112	88	1	34517322000	15
3619	34517	15	113	88	1	34517923001	15
3620	34519	7	113	86	1	34519094001	15
3621	34519	11	113	87	1	34519482001	14
3622	34520	15	113	88	1	34520476001	14
3623	34574	11	113	87	0	34574637001	11
3624	34574	15	113	88	0	34574343000	11
3625	34575	7	113	86	0	34575014001	11
3626	34576	3	113	85	0	34576081001	11
3627	34576	11	113	87	0	34576780000	11
3628	34576	14	112	88	0	34576476000	11
3629	34576	15	113	88	0	34576359001	11
3630	34577	6	112	86	0	34577007001	11
3631	34577	7	113	86	0	34577127000	11
3632	34577	10	112	87	0	34577003000	11
3633	34578	2	112	85	0	34578318001	11
3634	34578	3	113	85	0	34578470001	11
3635	34578	6	112	86	0	34578984000	11
3636	34578	9	111	87	0	34578621000	11
3637	34578	10	112	87	0	34578942000	11
3638	34578	13	111	88	0	34578134000	11
3639	34578	14	112	88	0	34578451001	11
3640	34579	5	111	86	0	34579209000	11
3641	34579	13	111	88	0	34579860001	11
3642	34580	1	111	85	0	34580198001	11
3643	34580	2	112	85	0	34580601001	11
3644	34580	8	110	87	0	34580966001	11
3645	34580	9	111	87	0	34580615001	11
3646	34580	12	110	88	0	34580543000	11
3647	34581	4	110	86	0	34581634001	11
3648	34581	5	111	86	0	34581134000	11
3649	34582	0	110	85	0	34582212000	11
3650	34582	1	111	85	0	34582435001	11
3651	34582	15	113	88	0	34582540001	11
3652	34583	8	110	87	0	34583268001	11
3653	34583	12	110	88	0	34583067000	11
3654	34584	0	110	85	0	34584233000	11
3655	34584	4	110	86	0	34584027000	11
3656	34584	6	112	86	0	34584912001	11
3657	34612	3	113	85	1	34612163001	10
3658	34613	2	112	85	1	34613612001	10
3659	34613	7	113	86	1	34613001000	10
3660	34613	11	113	87	1	34613684000	10
3661	34614	1	111	85	1	34614308001	10
3662	34614	3	113	85	1	34614340000	10
3663	34614	6	112	86	1	34614205000	10
3664	34614	15	113	88	1	34614416000	10
3665	34615	0	110	85	1	34615903001	11
3666	34615	1	111	85	1	34615811001	11
3667	34615	2	112	85	1	34615701001	11
3668	34615	5	111	86	1	34615209000	11
3669	34615	10	112	87	1	34615026000	10
3670	34615	11	113	87	1	34615967000	11
3671	34615	14	112	88	1	34615779001	11
3672	34616	4	110	86	1	34616853000	11
3673	34616	5	111	86	1	34616883001	11
3674	34616	6	112	86	1	34616177001	11
3675	34616	9	111	87	1	34616294001	11
3676	34616	10	112	87	1	34616963000	11
3677	34616	13	111	88	1	34616894001	11
3678	34616	15	113	88	1	34616794000	11
3679	34617	0	110	85	1	34617526000	11
3680	34617	7	113	86	1	34617207001	11
3681	34617	8	110	87	1	34617479001	11
3682	34617	14	112	88	1	34617369001	11
3683	34618	9	111	87	1	34618238000	11
3684	34618	12	110	88	1	34618053001	11
3685	34618	13	111	88	1	34618593000	11
3686	34619	4	110	86	1	34619468000	11
3687	34619	12	110	88	1	34619864000	11
3688	34620	8	110	87	1	34620027001	11
3689	34664	7	113	86	0	34664585001	21
3690	34665	6	112	86	0	34665985000	21
3691	34665	11	113	87	0	34665399001	21
3692	34666	10	112	87	0	34666428001	22
3693	34794	12	110	88	0	34794333001	13
3694	34795	8	110	87	0	34795033001	13
3695	34795	9	111	87	0	34795787000	13
3696	34795	13	111	88	0	34795019001	13
3697	34795	14	112	88	0	34795790001	13
3698	34796	10	112	87	0	34796745001	12
3699	34796	12	110	88	1	34796428000	12
3700	34796	15	113	88	0	34796903001	12
3701	34797	6	112	86	0	34797481000	12
3702	34797	9	111	87	1	34797777001	12
3703	34797	11	113	87	0	34797374000	12
3704	34797	13	111	88	0	34797094001	12
3705	34797	14	112	88	0	34797556000	12
3706	34798	3	113	85	0	34798981000	12
3707	34798	7	113	86	0	34798137000	12
3708	34798	13	111	88	1	34798875001	12
3709	34799	10	112	87	1	34799173001	12
3710	34799	11	113	87	0	34799398001	12
3711	34799	14	112	88	1	34799798001	11
3712	34799	15	113	88	0	34799254000	12
3713	34800	7	113	86	1	34800397001	11
3714	34801	11	113	87	1	34801413001	11
3715	34801	15	113	88	1	34801685000	11
3716	34803	14	112	88	1	34803276001	11
3717	34804	6	112	86	1	34804016000	10
3718	34805	15	113	88	1	34805363000	10
3719	35119	13	111	88	0	35119373001	16
3720	35119	14	112	88	0	35119738000	16
3721	35120	15	113	88	0	35120463001	16
3722	35122	9	111	87	0	35122654000	16
3723	35124	4	110	86	0	35124393000	16
3724	35125	5	111	86	0	35125127000	16
3725	35125	6	112	86	0	35125512001	16
3726	35126	0	110	85	0	35126996000	17
3727	35126	7	113	86	0	35126626001	17
3728	35128	2	112	85	0	35128254000	17
3729	35219	0	110	85	0	35219937001	15
3730	35219	4	110	86	0	35219592000	15
3731	35219	8	110	87	0	35219234000	15
3732	35219	9	111	87	0	35219964000	15
3733	35219	12	110	88	0	35219025001	15
3734	35219	13	111	88	0	35219599001	15
3735	35220	1	111	85	0	35220619000	15
3736	35220	5	111	86	0	35220178000	15
3737	35220	10	112	87	0	35220481000	15
3738	35220	14	112	88	0	35220281000	15
3739	35221	2	112	85	0	35221391000	15
3740	35221	3	113	85	0	35221967000	15
3741	35221	6	112	86	0	35221050000	15
3742	35221	7	113	86	0	35221619000	15
3743	35221	11	113	87	0	35221187001	15
3744	35221	15	113	88	0	35221135001	15
3745	35222	14	112	88	0	35222259001	15
3746	35223	9	111	87	0	35223641001	15
3747	35223	10	112	87	0	35223144000	15
3748	35223	11	113	87	0	35223237000	15
3749	35223	13	111	88	0	35223796000	15
3750	35225	4	110	86	0	35225449000	15
3751	35229	6	112	86	0	35229883001	15
3752	35231	2	112	85	0	35231632000	15
3753	35231	3	113	85	0	35231162000	15
3754	35233	0	110	85	0	35233181001	15
3755	35233	12	110	88	1	35233874000	15
3756	35233	13	111	88	1	35233766001	15
3757	35233	14	112	88	1	35233687001	15
3758	35234	8	110	87	1	35234914001	15
3759	35234	9	111	87	1	35234874000	15
3760	35234	15	113	88	1	35234268000	15
3761	35235	4	110	86	1	35235721000	15
3762	35235	10	112	87	1	35235062000	15
3763	35235	11	113	87	1	35235142001	15
3764	35235	13	111	88	1	35235479000	15
3765	35235	14	112	88	1	35235151001	15
3766	35236	0	110	85	1	35236945000	15
3767	35236	5	111	86	1	35236225000	15
3768	35236	6	112	86	1	35236194000	15
3769	35236	7	113	86	1	35236494001	15
3770	35236	9	111	87	1	35236644000	15
3771	35236	10	112	87	1	35236965000	15
3772	35237	1	111	85	1	35237403001	15
3773	35237	2	112	85	1	35237369001	15
3774	35237	3	113	85	1	35237301001	15
3775	35237	4	110	86	1	35237516000	15
3776	35237	11	113	87	1	35237760001	15
3777	35238	0	110	85	1	35238551001	15
3778	35238	6	112	86	1	35238125001	15
3779	35239	1	111	85	1	35239248001	15
3780	35239	2	112	85	1	35239150001	15
3781	35239	3	113	85	1	35239102001	15
3782	35239	15	113	88	1	35239188000	15
3783	36000	7	113	86	0	36000931001	13
3784	36000	11	113	87	0	36000234000	13
3785	36000	15	113	88	0	36000309001	13
3786	36001	3	113	85	0	36001570001	13
3787	36002	10	112	87	0	36002819001	12
3788	36002	11	113	87	0	36002074000	13
3789	36002	14	112	88	0	36002188001	12
3790	36002	15	113	88	0	36002389001	12
3791	36003	2	112	85	0	36003892001	12
3792	36003	6	112	86	0	36003144000	12
3793	36003	7	113	86	0	36003028001	12
3794	36003	14	112	88	0	36003901000	12
3795	36004	3	113	85	0	36004057001	12
3796	36004	6	112	86	0	36004981001	12
3797	36004	10	112	87	0	36004608000	12
3798	36004	11	113	87	0	36004942000	12
3799	36004	13	111	88	0	36004470000	12
3800	36005	2	112	85	0	36005834000	12
3801	36005	5	111	86	0	36005862001	12
3802	36005	9	111	87	0	36005500000	12
3803	36005	15	113	88	0	36005816001	12
3804	36006	1	111	85	0	36006589000	12
3805	36006	13	111	88	0	36006127000	12
3806	36006	14	112	88	0	36006638001	12
3807	36007	4	110	86	0	36007908001	12
3808	36007	5	111	86	0	36007836000	12
3809	36007	6	112	86	0	36007073000	12
3810	36007	8	110	87	0	36007855000	12
3811	36007	9	111	87	0	36007514001	12
3812	36007	10	112	87	0	36007055001	12
3813	36007	12	110	88	0	36007492000	12
3814	36007	13	111	88	0	36007801001	12
3815	36008	0	110	85	0	36008896000	11
3816	36008	1	111	85	0	36008509001	11
3817	36008	2	112	85	0	36008997001	11
3818	36009	12	110	88	0	36009769000	11
3819	36010	0	110	85	0	36010899001	11
3820	36010	4	110	86	0	36010034000	11
3821	36010	8	110	87	0	36010406001	11
3822	36012	4	110	86	0	36012546001	11
3823	36012	14	112	88	0	36012746000	11
3824	36014	0	110	85	0	36014464001	10
3825	36031	3	113	85	1	36031210001	8
3826	36032	2	112	85	1	36032700000	8
3827	36032	7	113	86	1	36032457001	8
3828	36033	3	113	85	1	36033278001	8
3829	36033	6	112	86	1	36033673000	8
3830	36033	11	113	87	1	36033168001	8
3831	36034	1	111	85	1	36034100001	8
3832	36034	2	112	85	1	36034522001	8
3833	36034	5	111	86	1	36034990001	8
3834	36034	10	112	87	1	36034614000	8
3835	36034	15	113	88	1	36034328001	8
3836	36035	0	110	85	1	36035922000	8
3837	36035	1	111	85	1	36035761001	8
3838	36035	6	112	86	1	36035644000	8
3839	36035	7	113	86	1	36035983001	8
3840	36035	11	113	87	1	36035050000	8
3841	36035	14	112	88	1	36035489000	8
3842	36036	4	110	86	1	36036564000	8
3843	36036	5	111	86	1	36036889001	8
3844	36036	9	111	87	1	36036488000	8
3845	36036	10	112	87	1	36036453001	8
3846	36036	15	113	88	1	36036125000	8
3847	36037	0	110	85	1	36037644000	8
3848	36037	8	110	87	1	36037865001	8
3849	36037	13	111	88	1	36037109001	8
3850	36037	14	112	88	1	36037093000	8
3851	36038	4	110	86	1	36038436000	8
3852	36038	9	111	87	1	36038344001	8
3853	36038	13	111	88	1	36038892000	8
3854	36039	12	110	88	1	36039095001	8
3855	36040	8	110	87	1	36040105000	8
3856	36041	12	110	88	1	36041126000	9
3857	36162	8	110	87	0	36162686001	21
3858	36162	12	110	88	0	36162512000	21
3859	36163	0	110	85	0	36163288001	21
3860	36163	4	110	86	0	36163138001	21
3861	36163	9	111	87	0	36163944001	21
3862	36163	13	111	88	0	36163423001	21
3863	36164	1	111	85	0	36164708000	21
3864	36164	5	111	86	0	36164044000	21
3865	36164	10	112	87	0	36164822001	21
3866	36164	12	110	88	0	36164999001	21
3867	36164	14	112	88	0	36164523001	21
3868	36165	0	110	85	0	36165511001	21
3869	36165	2	112	85	0	36165657001	20
3870	36165	6	112	86	0	36165256000	21
3871	36165	8	110	87	0	36165884000	20
3872	36165	9	111	87	0	36165910001	20
3873	36165	11	113	87	0	36165910001	20
3874	36165	13	111	88	0	36165336001	21
3875	36165	15	113	88	0	36165690000	20
3876	36166	1	111	85	0	36166784000	20
3877	36166	3	113	85	0	36166903000	20
3878	36166	5	111	86	0	36166273001	20
3879	36166	7	113	86	0	36166177000	20
3880	36166	14	112	88	0	36166687001	20
3881	36167	2	112	85	0	36167590000	20
3882	36167	6	112	86	0	36167706001	20
3883	36167	10	112	87	0	36167027000	20
3884	36167	11	113	87	0	36167806000	20
3885	36168	7	113	86	0	36168272001	20
3886	36168	15	113	88	0	36168035001	20
3887	36170	12	110	88	0	36170302000	19
3888	36171	3	113	85	0	36171961001	19
3889	36171	4	110	86	0	36171076000	19
3890	36176	9	111	87	0	36176421000	17
3891	36178	7	113	86	0	36178259000	17
3892	36184	10	112	87	0	36184745000	15
3893	36194	12	110	88	1	36194997001	13
3894	36194	13	111	88	1	36194971001	13
3895	36194	14	112	88	1	36194191001	13
3896	36195	0	110	85	1	36195732000	13
3897	36195	15	113	88	1	36195108000	13
3898	36196	4	110	86	1	36196504000	13
3899	36196	10	112	87	1	36196666001	13
3900	36197	8	110	87	1	36197431001	13
3901	36197	9	111	87	1	36197943001	12
3902	36197	11	113	87	1	36197808001	13
3903	36197	12	110	88	1	36197989000	12
3904	36197	13	111	88	1	36197684001	13
3905	36197	14	112	88	1	36197042001	13
3906	36197	15	113	88	1	36197665001	13
3907	36198	0	110	85	1	36198170000	12
3908	36199	1	111	85	1	36199805000	12
3909	36199	4	110	86	1	36199030001	12
3910	36199	10	112	87	1	36199985000	12
3911	36200	5	111	86	1	36200234001	12
3912	36200	7	113	86	1	36200627000	12
3913	36200	8	110	87	1	36200140000	12
3914	36200	9	111	87	1	36200939000	12
3915	36200	11	113	87	1	36200507001	12
3916	36200	14	112	88	1	36200352001	12
3917	36201	1	111	85	1	36201949000	12
3918	36201	6	112	86	1	36201076001	12
3919	36202	4	110	86	1	36202088001	12
3920	36202	10	112	87	1	36202405000	12
3921	36203	2	112	85	1	36203174000	12
3922	36203	3	113	85	1	36203420001	12
3923	36203	5	111	86	1	36203342000	12
3924	36203	7	113	86	1	36203779000	12
3925	36203	13	111	88	1	36203746001	12
3926	36204	1	111	85	1	36204148001	12
3927	36204	6	112	86	1	36204135001	12
3928	36204	9	111	87	1	36204554001	12
3929	36205	8	110	87	1	36205045000	12
3930	36206	2	112	85	1	36206487001	12
3931	36207	3	113	85	1	36207285000	12
3932	36207	6	112	86	1	36207966000	12
3933	36208	7	113	86	1	36208715000	12
3934	36210	2	112	85	1	36210279000	12
3935	36211	3	113	85	1	36211126000	12
3936	36212	12	110	88	1	36212136001	12
3937	36239	0	110	85	0	36239313001	13
3938	36240	1	111	85	0	36240320000	13
3939	36240	2	112	85	0	36240922000	13
3940	36242	0	110	85	0	36242543000	13
3941	36243	1	111	85	0	36243887001	13
3942	36243	2	112	85	0	36243644001	13
3943	36243	3	113	85	0	36243042001	13
3944	36243	4	110	86	0	36243013000	13
3945	36245	4	110	86	0	36245733001	13
3946	36245	5	111	86	0	36245468001	13
3947	36245	6	112	86	0	36245617001	13
3948	36246	0	110	85	0	36246935001	13
3949	36246	2	112	85	0	36246954001	13
3950	36246	3	113	85	0	36246057001	13
3951	36246	7	113	86	0	36246401000	13
3952	36247	1	111	85	0	36247456000	13
3953	36247	5	111	86	0	36247980000	13
3954	36247	6	112	86	0	36247955000	13
3955	36247	8	110	87	0	36247941000	13
3956	36248	9	111	87	0	36248620001	13
3957	36249	2	112	85	0	36249907000	13
3958	36249	3	113	85	1	36249293001	13
3959	36249	4	110	86	0	36249503000	13
3960	36249	7	113	86	0	36249024000	13
3961	36249	10	112	87	0	36249653001	13
3962	36250	6	112	86	0	36250472001	13
3963	36250	8	110	87	0	36250711001	13
3964	36250	11	113	87	0	36250777000	13
3965	36250	12	110	88	0	36250962001	13
3966	36251	5	111	86	0	36251112000	13
3967	36251	7	113	86	0	36251758001	12
3968	36251	9	111	87	0	36251020000	13
3969	36251	10	112	87	0	36251698000	12
3970	36251	13	111	88	0	36251403001	13
3971	36252	6	112	86	0	36252962001	12
3972	36252	14	112	88	0	36252172001	12
3973	36253	7	113	86	0	36253969000	12
3974	36253	11	113	87	0	36253380000	12
3975	36253	12	110	88	0	36253348001	12
3976	36253	13	111	88	0	36253433001	12
3977	36253	15	113	88	0	36253617000	12
3978	36254	8	110	87	0	36254204001	12
3979	36254	9	111	87	0	36254149000	12
3980	36254	10	112	87	0	36254255001	12
3981	36254	14	112	88	0	36254652000	12
3982	36255	11	113	87	0	36255932001	12
3983	36256	12	110	88	0	36256196001	12
3984	36256	13	111	88	0	36256078001	12
3985	36256	15	113	88	0	36256297001	12
3986	36257	14	112	88	0	36257463001	12
3987	36259	11	113	87	0	36259613001	12
3988	36259	15	113	88	0	36259878001	12
3989	36263	0	110	85	0	36263876001	11
3990	36283	3	113	85	1	36283830001	9
3991	36284	7	113	86	1	36284978001	9
3992	36285	2	112	85	1	36285421000	9
3993	36285	3	113	85	1	36285864001	9
3994	36286	6	112	86	1	36286772000	9
3995	36286	11	113	87	1	36286170000	9
3996	36287	1	111	85	1	36287180000	9
3997	36287	2	112	85	1	36287294001	9
3998	36287	7	113	86	1	36287349000	9
3999	36287	10	112	87	1	36287715000	9
4000	36287	15	113	88	1	36287133000	9
4001	36288	0	110	85	1	36288026001	9
4002	36288	1	111	85	1	36288694000	9
4003	36288	5	111	86	1	36288166000	9
4004	36288	6	112	86	1	36288766001	9
4005	36288	11	113	87	1	36288171000	9
4006	36288	14	112	88	1	36288766001	9
4007	36289	9	111	87	1	36289589000	9
4008	36289	10	112	87	1	36289450001	9
4009	36289	15	113	88	1	36289092001	9
4010	36290	0	110	85	1	36290235001	9
4011	36290	4	110	86	1	36290289001	9
4012	36290	5	111	86	1	36290178000	9
4013	36290	14	112	88	1	36290778001	9
4014	36291	8	110	87	1	36291183001	9
4015	36291	9	111	87	1	36291476001	9
4016	36291	13	111	88	1	36291160000	9
4017	36292	4	110	86	1	36292305000	9
4018	36292	12	110	88	1	36292779001	9
4019	36292	13	111	88	1	36292901001	9
4020	36293	8	110	87	1	36293344000	9
4021	36294	12	110	88	1	36294861000	9
4022	36299	0	110	85	1	36299948001	8
4023	36454	15	113	88	0	36454427001	12
4024	36455	11	113	87	0	36455020000	12
4025	36456	7	113	86	0	36456104001	12
4026	36456	14	112	88	0	36456777001	12
4027	36456	15	113	88	0	36456542000	12
4028	36457	3	113	85	0	36457391001	12
4029	36457	10	112	87	0	36457335001	12
4030	36457	11	113	87	0	36457198000	12
4031	36458	6	112	86	0	36458375001	12
4032	36458	7	113	86	0	36458053000	12
4033	36458	13	111	88	0	36458128001	12
4034	36458	14	112	88	0	36458931000	12
4035	36459	2	112	85	0	36459504001	12
4036	36459	3	113	85	0	36459708000	12
4037	36459	9	111	87	0	36459513001	12
4038	36459	10	112	87	0	36459369001	12
4039	36459	13	111	88	0	36459809000	12
4040	36460	5	111	86	0	36460594001	12
4041	36460	6	112	86	0	36460517001	12
4042	36460	12	110	88	0	36460560001	12
4043	36461	1	111	85	0	36461832001	12
4044	36461	2	112	85	0	36461558001	12
4045	36461	8	110	87	0	36461477001	12
4046	36461	9	111	87	0	36461531001	12
4047	36462	4	110	86	0	36462761001	12
4048	36462	5	111	86	0	36462628001	12
4049	36462	12	110	88	0	36462824000	12
4050	36462	13	111	88	0	36462484001	12
4051	36463	0	110	85	0	36463254000	12
4052	36463	6	112	86	0	36463000001	12
4053	36463	8	110	87	0	36463958000	12
4054	36464	1	111	85	0	36464052001	12
4055	36464	4	110	86	0	36464889000	12
4056	36465	0	110	85	0	36465304001	12
4057	36471	0	110	85	0	36471547001	12
4058	36485	3	113	85	1	36485022001	15
4059	36485	7	113	86	1	36485689001	15
4060	36486	2	112	85	1	36486819000	15
4061	36486	11	113	87	1	36486126000	15
4062	36486	15	113	88	1	36486784000	15
4063	36487	1	111	85	1	36487693000	15
4064	36487	6	112	86	1	36487014001	15
4065	36487	10	112	87	1	36487449000	15
4066	36487	14	112	88	1	36487863000	15
4067	36488	0	110	85	1	36488802000	15
4068	36488	3	113	85	1	36488040000	15
4069	36488	5	111	86	1	36488314001	15
4070	36488	6	112	86	1	36488932000	15
4071	36488	9	111	87	1	36488724000	15
4072	36488	11	113	87	1	36488284000	15
4073	36489	1	111	85	1	36489245000	15
4074	36489	4	110	86	1	36489627000	15
4075	36489	7	113	86	1	36489280001	15
4076	36489	8	110	87	1	36489919001	16
4077	36489	10	112	87	1	36489611001	15
4078	36489	13	111	88	1	36489206001	15
4079	36489	14	112	88	1	36489407000	15
4080	36490	0	110	85	1	36490426000	16
4081	36490	9	111	87	1	36490401000	16
4082	36490	12	110	88	1	36490659001	16
4083	36490	13	111	88	1	36490972000	16
4084	36491	2	112	85	1	36491098001	16
4085	36491	5	111	86	1	36491973001	16
4086	36491	8	110	87	1	36491880001	16
4087	36492	4	110	86	1	36492127001	16
4088	36492	12	110	88	1	36492902001	16
4089	36500	15	113	88	1	36500067001	18
4090	36653	12	110	88	0	36653891001	19
4091	36654	0	110	85	0	36654952001	19
4092	36654	4	110	86	0	36654548000	19
4093	36654	8	110	87	0	36654241000	19
4094	36654	13	111	88	0	36654555001	19
4095	36655	1	111	85	0	36655949000	19
4096	36655	5	111	86	0	36655300000	19
4097	36655	9	111	87	0	36655170000	19
4098	36655	10	112	87	0	36655899000	19
4099	36655	14	112	88	0	36655566001	19
4100	36656	0	110	85	0	36656985000	19
4101	36656	2	112	85	0	36656682001	19
4102	36656	6	112	86	0	36656201001	19
4103	36656	7	113	86	0	36656992001	19
4104	36656	11	113	87	0	36656633000	19
4105	36656	12	110	88	0	36656903000	19
4106	36656	13	111	88	0	36656464000	19
4107	36656	15	113	88	0	36656344000	19
4108	36657	3	113	85	0	36657640001	19
4109	36657	9	111	87	0	36657293001	19
4110	36657	10	112	87	0	36657969001	19
4111	36657	14	112	88	0	36657286000	19
4112	36658	5	111	86	0	36658018000	19
4113	36659	6	112	86	0	36659559001	18
4114	36659	7	113	86	0	36659527000	18
4115	36659	11	113	87	0	36659299000	19
4116	36659	13	111	88	1	36659738000	18
4117	36659	15	113	88	0	36659192000	19
4118	36660	2	112	85	0	36660132000	18
4119	36660	3	113	85	1	36660124001	18
4120	36660	12	110	88	1	36660153001	18
4121	36660	14	112	88	1	36660197001	18
4122	36661	1	111	85	1	36661677000	18
4123	36661	13	111	88	1	36661795000	18
4124	36661	15	113	88	1	36661638001	18
4125	36662	8	110	87	1	36662561001	18
4126	36662	9	111	87	1	36662991000	18
4127	36662	10	112	87	1	36662194000	18
4128	36662	12	110	88	1	36662191000	18
4129	36662	14	112	88	1	36662105000	18
4130	36663	4	110	86	1	36663935001	18
4131	36663	5	111	86	1	36663650000	18
4132	36663	11	113	87	1	36663113001	18
4133	36664	6	112	86	1	36664178000	18
4134	36664	7	113	86	1	36664517001	18
4135	36664	8	110	87	1	36664680000	18
4136	36664	9	111	87	1	36664828000	18
4137	36664	10	112	87	1	36664680000	18
4138	36665	11	113	87	1	36665412001	17
4139	36665	15	113	88	1	36665058001	17
4140	36666	0	110	85	1	36666376000	17
4141	36666	1	111	85	1	36666708000	17
4142	36666	2	112	85	1	36666905000	17
4143	36666	3	113	85	1	36666953000	17
4144	36666	4	110	86	1	36666353001	17
4145	36666	5	111	86	1	36666333001	17
4146	36666	6	112	86	1	36666794001	17
4147	36667	7	113	86	1	36667248001	17
4148	36669	0	110	85	1	36669498000	17
4149	36669	1	111	85	1	36669106000	17
4150	36670	2	112	85	1	36670034001	16
4151	36670	3	113	85	1	36670143001	16
4152	36671	1	111	85	1	36671364000	16
4153	36674	0	110	85	1	36674258001	16
4154	36675	2	112	85	1	36675840001	15
4155	36810	15	113	88	0	36810520001	12
4156	36811	11	113	87	0	36811320001	12
4157	36812	7	113	86	0	36812618001	12
4158	36812	14	112	88	0	36812505001	12
4159	36812	15	113	88	0	36812594000	12
4160	36813	10	112	87	0	36813828001	12
4161	36813	11	113	87	0	36813319000	12
4162	36814	3	113	85	0	36814806000	12
4163	36814	7	113	86	0	36814717001	12
4164	36814	13	111	88	0	36814649001	12
4165	36814	14	112	88	0	36814310000	12
4166	36815	6	112	86	0	36815775001	12
4167	36815	9	111	87	0	36815959000	12
4168	36815	10	112	87	0	36815884000	12
4169	36816	2	112	85	0	36816457000	12
4170	36816	11	113	87	0	36816590000	12
4171	36816	13	111	88	0	36816477000	12
4172	36816	14	112	88	0	36816514000	12
4173	36817	3	113	85	0	36817566000	12
4174	36817	5	111	86	0	36817751001	12
4175	36817	6	112	86	0	36817804001	12
4176	36817	12	110	88	0	36817021000	12
4177	36818	2	112	85	0	36818742001	12
4178	36818	8	110	87	0	36818287000	12
4179	36818	9	111	87	0	36818080001	12
4180	36819	1	111	85	0	36819119001	12
4181	36819	4	110	86	0	36819685000	12
4182	36819	5	111	86	0	36819769001	12
4183	36819	12	110	88	0	36819453001	12
4184	36820	0	110	85	0	36820529001	12
4185	36820	8	110	87	0	36820515001	12
4186	36820	10	112	87	0	36820287001	12
4187	36821	1	111	85	0	36821556001	13
4188	36821	13	111	88	0	36821134001	12
4189	36822	0	110	85	0	36822826000	13
4190	36822	2	112	85	0	36822287001	13
4191	36822	4	110	86	0	36822023001	13
4192	36838	3	113	85	1	36838111000	15
4193	36838	7	113	86	1	36838886001	15
4194	36839	2	112	85	1	36839502001	15
4195	36839	11	113	87	1	36839052001	15
4196	36839	15	113	88	1	36839752000	15
4197	36840	1	111	85	1	36840637001	16
4198	36840	5	111	86	1	36840883000	16
4199	36840	6	112	86	1	36840059001	16
4200	36840	10	112	87	1	36840569001	16
4201	36840	14	112	88	1	36840931000	16
4202	36841	2	112	85	1	36841445000	16
4203	36841	3	113	85	1	36841351001	16
4204	36841	9	111	87	1	36841934001	16
4205	36841	11	113	87	1	36841370000	16
4206	36842	0	110	85	1	36842252001	16
4207	36842	1	111	85	1	36842154001	16
4208	36842	4	110	86	1	36842603000	16
4209	36842	5	111	86	1	36842683001	16
4210	36842	6	112	86	1	36842491001	16
4211	36842	8	110	87	1	36842973001	16
4212	36842	10	112	87	1	36842808000	16
4213	36842	13	111	88	1	36842137001	16
4214	36842	14	112	88	1	36842517001	16
4215	36843	12	110	88	1	36843438000	16
4216	36843	13	111	88	1	36843684001	16
4217	36843	15	113	88	1	36843338001	16
4218	36844	0	110	85	1	36844097000	16
4219	36845	4	110	86	1	36845221001	16
4220	36845	8	110	87	1	36845271001	16
4221	36845	9	111	87	1	36845084000	16
4222	36845	12	110	88	1	36845392000	16
4223	36947	8	110	87	0	36947891000	12
4224	36947	12	110	88	0	36947325000	12
4225	36948	4	110	86	0	36948435001	12
4226	36948	9	111	87	0	36948884000	12
4227	36948	13	111	88	0	36948256001	12
4228	36949	0	110	85	0	36949183000	12
4229	36949	5	111	86	0	36949442000	12
4230	36949	10	112	87	0	36949676001	11
4231	36949	12	110	88	0	36949586001	12
4232	36949	13	111	88	0	36949901000	11
4233	36949	14	112	88	0	36949216000	12
4234	36950	1	111	85	0	36950388001	11
4235	36950	6	112	86	0	36950440001	11
4236	36950	8	110	87	0	36950563001	11
4237	36950	11	113	87	0	36950824000	11
4238	36950	15	113	88	0	36950214001	11
4239	36951	0	110	85	0	36951375000	11
4240	36951	2	112	85	0	36951152001	11
4241	36951	4	110	86	0	36951033001	11
4242	36951	5	111	86	0	36951606000	11
4243	36951	7	113	86	0	36951726001	11
4244	36951	9	111	87	0	36951214000	11
4245	36951	10	112	87	0	36951456001	11
4246	36951	14	112	88	0	36951064001	11
4247	36952	1	111	85	0	36952684000	11
4248	36952	3	113	85	0	36952177000	11
4249	36952	6	112	86	0	36952358001	11
4250	36952	11	113	87	0	36952878000	11
4251	36952	15	113	88	0	36952198001	11
4252	36953	2	112	85	0	36953196000	11
4253	36954	3	113	85	0	36954993001	11
4254	36954	7	113	86	0	36954438001	11
4255	36960	13	111	88	0	36960760001	10
4256	36965	10	112	87	0	36965464000	10
4257	36968	13	111	88	1	36968532001	10
4258	36968	14	112	88	1	36968399000	10
4259	36968	15	113	88	1	36968772001	10
4260	36969	10	112	87	1	36969881001	10
4261	36969	11	113	87	1	36969679000	10
4262	36969	12	110	88	1	36969237000	10
4263	36969	14	112	88	1	36969944000	10
4264	36970	7	113	86	1	36970847000	10
4265	36970	8	110	87	1	36970295000	10
4266	36970	9	111	87	1	36970393001	10
4267	36970	12	110	88	1	36970998001	10
4268	36970	13	111	88	1	36970262000	10
4269	36970	15	113	88	1	36970885001	10
4270	36971	4	110	86	1	36971818000	10
4271	36971	5	111	86	1	36971548000	10
4272	36971	6	112	86	1	36971588000	10
4273	36971	10	112	87	1	36971489000	10
4274	36971	11	113	87	1	36971480000	10
4275	36972	2	112	85	1	36972816001	10
4276	36972	3	113	85	1	36972556000	10
4277	36972	7	113	86	1	36972784000	10
4278	36972	8	110	87	1	36972136000	10
4279	36972	9	111	87	1	36972091000	10
4280	36973	0	110	85	1	36973190001	10
4281	36973	1	111	85	1	36973010001	10
4282	36973	4	110	86	1	36973764001	10
4283	36973	5	111	86	1	36973286001	10
4284	36973	6	112	86	1	36973489001	10
4285	36974	0	110	85	1	36974876001	11
4286	36974	1	111	85	1	36974405000	10
4287	36974	2	112	85	1	36974512000	11
4288	36974	3	113	85	1	36974683000	11
4289	37153	3	113	85	0	37153991000	21
4290	37154	0	110	85	0	37154584000	21
4291	37154	1	111	85	0	37154548000	21
4292	37154	2	112	85	0	37154281000	21
4293	37154	7	113	86	0	37154672000	21
4294	37155	4	110	86	0	37155468000	21
4295	37155	5	111	86	0	37155134001	21
4296	37155	6	112	86	0	37155024000	21
4297	37155	10	112	87	0	37155868000	21
4298	37155	11	113	87	0	37155564000	21
4299	37156	1	111	85	0	37156881000	21
4300	37156	2	112	85	0	37156496000	21
4301	37156	7	113	86	0	37156703000	21
4302	37156	8	110	87	0	37156492000	21
4303	37156	9	111	87	0	37156146000	21
4304	37156	13	111	88	0	37156816000	21
4305	37156	14	112	88	0	37156795001	21
4306	37156	15	113	88	0	37156473000	21
4307	37157	0	110	85	0	37157115000	21
4308	37157	4	110	86	0	37157586001	21
4309	37157	6	112	86	0	37157119001	21
4310	37157	10	112	87	0	37157668001	21
4311	37157	12	110	88	0	37157435000	21
4312	37158	3	113	85	1	37158909001	21
4313	37158	5	111	86	0	37158163001	21
4314	37158	11	113	87	0	37158271000	21
4315	37158	13	111	88	0	37158845000	21
4316	37159	2	112	85	1	37159875000	21
4317	37159	7	113	86	1	37159136001	21
4318	37159	11	113	87	1	37159978001	21
4319	37159	12	110	88	0	37159633000	21
4320	37160	1	111	85	1	37160339001	21
4321	37160	5	111	86	1	37160943001	21
4322	37160	6	112	86	1	37160171000	21
4323	37160	8	110	87	0	37160581001	21
4324	37160	9	111	87	0	37160217001	21
4325	37160	10	112	87	1	37160569001	21
4326	37160	14	112	88	1	37160963001	21
4327	37160	15	113	88	1	37160094001	21
4328	37161	0	110	85	1	37161750000	21
4329	37161	1	111	85	1	37161771001	21
4330	37161	4	110	86	1	37161938000	21
4331	37161	9	111	87	1	37161724000	21
4332	37161	13	111	88	1	37161403000	21
4333	37162	8	110	87	1	37162520001	21
4334	37162	12	110	88	1	37162598001	21
4335	37183	13	111	88	1	37183604001	22
4336	37552	1	111	85	0	37552880001	38
4337	37552	2	112	85	0	37552541000	38
4338	37552	3	113	85	0	37552162001	38
4339	37552	7	113	86	0	37552911001	38
4340	37553	0	110	85	0	37553107000	38
4341	37553	5	111	86	0	37553673001	37
4342	37553	6	112	86	0	37553394000	37
4343	37554	3	113	85	0	37554700000	37
4344	37554	4	110	86	0	37554182000	37
4345	37554	7	113	86	0	37554931001	37
4346	37554	9	111	87	0	37554826000	37
4347	37554	10	112	87	0	37554332001	37
4348	37554	11	113	87	0	37554044000	37
4349	37555	0	110	85	0	37555214000	37
4350	37555	1	111	85	0	37555277001	37
4351	37555	2	112	85	0	37555094000	37
4352	37555	6	112	86	0	37555248000	37
4353	37555	8	110	87	0	37555226000	37
4354	37555	11	113	87	0	37555927000	37
4355	37555	13	111	88	0	37555700001	37
4356	37555	14	112	88	0	37555456000	37
4357	37555	15	113	88	0	37555163000	37
4358	37556	4	110	86	0	37556632001	37
4359	37556	5	111	86	0	37556211000	37
4360	37556	9	111	87	0	37556785000	37
4361	37556	10	112	87	0	37556283001	37
4362	37556	12	110	88	0	37556287000	37
4363	37557	13	111	88	0	37557502000	37
4364	37557	14	112	88	0	37557274000	37
4365	37557	15	113	88	0	37557114000	37
4366	37558	8	110	87	0	37558707000	37
4367	37559	11	113	87	0	37559983001	37
4368	37559	12	110	88	0	37559313001	37
4369	37568	0	110	85	1	37568730001	36
4370	37569	4	110	86	1	37569847001	36
4371	37571	0	110	85	1	37571563000	36
4372	37571	1	111	85	1	37571699001	36
4373	37571	2	112	85	1	37571621001	36
4374	37571	3	113	85	1	37571366000	36
4375	37571	8	110	87	1	37571884000	36
4376	37572	4	110	86	1	37572967000	36
4377	37572	5	111	86	1	37572793000	36
4378	37572	6	112	86	1	37572779000	36
4379	37572	7	113	86	1	37572561001	36
4380	37573	9	111	87	1	37573987001	36
4381	37573	10	112	87	1	37573732000	36
4382	37573	11	113	87	1	37573335000	36
4383	37573	12	110	88	1	37573291000	36
4384	37574	8	110	87	1	37574307000	35
4385	37574	13	111	88	1	37574988000	35
4386	37574	14	112	88	1	37574843001	35
4387	37574	15	113	88	1	37574610000	35
4388	37575	12	110	88	1	37575490001	35
4389	37601	0	110	85	0	37601664000	30
4390	37602	4	110	86	0	37602589001	30
4391	37602	5	111	86	0	37602350001	30
4392	37603	1	111	85	0	37603828000	29
4393	37603	8	110	87	0	37603875001	29
4394	37603	9	111	87	0	37603593001	29
4395	37604	13	111	88	0	37604522001	29
4396	37605	4	110	86	0	37605494000	29
4397	37605	5	111	86	0	37605778001	29
4398	37605	12	110	88	0	37605041000	29
4399	37607	0	110	85	0	37607241001	28
4400	37607	8	110	87	0	37607487000	28
4401	37607	12	110	88	0	37607729000	28
4402	37610	13	111	88	0	37610287000	27
4403	37620	1	111	85	1	37620115000	24
4404	37620	5	111	86	1	37620912000	24
4405	37625	0	110	85	1	37625853000	22
4406	37625	9	111	87	1	37625650000	22
4407	37625	13	111	88	1	37625701000	22
4408	37626	4	110	86	1	37626432001	22
4409	37628	5	111	86	1	37628006000	21
4410	37629	0	110	85	1	37629479001	21
4411	37629	13	111	88	1	37629567001	21
4412	37630	8	110	87	1	37630157000	21
4413	37631	12	110	88	1	37631813001	20
4414	37632	4	110	86	1	37632175001	20
4415	37633	9	111	87	1	37633429000	20
4416	37635	8	110	87	1	37635073000	19
4417	37636	0	110	85	1	37636510001	19
4418	37636	4	110	86	1	37636868000	18
4419	37637	12	110	88	1	37637759001	18
4420	37638	13	111	88	1	37638425000	18
4421	37639	8	110	87	1	37639527001	18
4422	37641	12	110	88	1	37641961001	17
4423	37650	1	111	85	1	37650180000	14
4424	37652	12	110	88	1	37652855001	14
4425	37897	12	110	88	0	37897462000	5
4426	37897	13	111	88	0	37897899001	5
4427	37898	4	110	86	0	37898539000	5
4428	37898	8	110	87	0	37898001001	5
4429	37898	9	111	87	0	37898608001	5
4430	37898	14	112	88	0	37898752001	5
4431	37899	0	110	85	0	37899057000	5
4432	37899	1	111	85	0	37899757001	5
4433	37899	5	111	86	0	37899137001	5
4434	37899	6	112	86	0	37899613001	5
4435	37899	10	112	87	0	37899134001	5
4436	37899	11	113	87	0	37899871000	6
4437	37899	13	111	88	0	37899553000	5
4438	37899	15	113	88	0	37899445000	5
4439	37900	2	112	85	0	37900403000	6
4440	37900	7	113	86	0	37900379001	6
4441	37900	9	111	87	0	37900729000	6
4442	37900	14	112	88	0	37900774000	6
4443	37901	3	113	85	0	37901126000	6
4444	37901	6	112	86	0	37901770000	6
4445	37902	2	112	85	0	37902792000	6
4446	37902	4	110	86	0	37902942001	6
4447	37902	7	113	86	0	37902783000	6
4448	37902	11	113	87	0	37902554001	6
4449	37902	15	113	88	0	37902038000	6
4450	37903	1	111	85	0	37903940000	6
4451	37906	8	110	87	0	37906464000	7
4452	37907	5	111	86	0	37907533001	7
4453	37912	13	111	88	1	37912892000	9
4454	37912	14	112	88	1	37912717001	8
4455	37912	15	113	88	1	37912596001	8
4456	37913	8	110	87	1	37913690001	9
4457	37913	9	111	87	1	37913539000	9
4458	37913	10	112	87	1	37913647000	9
4459	37913	11	113	87	1	37913532001	9
4460	37913	12	110	88	1	37913273001	9
4461	37914	1	111	85	1	37914924000	9
4462	37914	4	110	86	1	37914378000	9
4463	37914	5	111	86	1	37914248001	9
4464	37914	6	112	86	1	37914244001	9
4465	37914	7	113	86	1	37914219001	9
4466	37915	0	110	85	1	37915208000	9
4467	37915	2	112	85	1	37915088000	9
4468	37915	3	113	85	1	37915057000	9
4469	37918	1	111	85	1	37918488001	10
4470	38082	10	112	87	0	38082033001	24
4471	38532	4	110	86	0	38532887001	29
4472	38532	8	110	87	0	38532927001	29
4473	38532	12	110	88	0	38532909001	29
4474	38533	0	110	85	0	38533136000	29
4475	38533	5	111	86	0	38533712001	29
4476	38533	9	111	87	0	38533882000	29
4477	38533	13	111	88	0	38533460000	29
4478	38534	1	111	85	0	38534072001	29
4479	38534	2	112	85	0	38534742001	28
4480	38534	6	112	86	0	38534532000	29
4481	38534	10	112	87	0	38534412001	29
4482	38534	14	112	88	0	38534311001	29
4483	38535	3	113	85	0	38535737000	28
4484	38535	5	111	86	0	38535958001	28
4485	38535	7	113	86	0	38535426001	28
4486	38535	11	113	87	0	38535321001	28
4487	38535	13	111	88	0	38535300000	28
4488	38535	14	112	88	0	38535991001	28
4489	38535	15	113	88	0	38535383001	28
4490	38536	0	110	85	0	38536642001	28
4491	38536	1	111	85	0	38536662000	28
4492	38536	4	110	86	0	38536326001	28
4493	38536	6	112	86	0	38536405001	28
4494	38536	9	111	87	0	38536359000	28
4495	38536	10	112	87	0	38536244001	28
4496	38537	2	112	85	0	38537229001	28
4497	38537	7	113	86	0	38537868001	28
4498	38537	11	113	87	0	38537340001	28
4499	38537	15	113	88	0	38537729000	28
4500	38540	8	110	87	1	38540657001	27
4501	38541	12	110	88	0	38541052001	27
4502	38542	3	113	85	0	38542046000	27
4503	38542	10	112	87	0	38542720001	27
4504	38553	0	110	85	1	38553566001	24
4505	38555	0	110	85	1	38555539001	24
4506	38555	1	111	85	1	38555217000	24
4507	38555	4	110	86	1	38555093000	24
4508	38555	8	110	87	1	38555915000	24
4509	38556	1	111	85	1	38556999000	24
4510	38556	2	112	85	1	38556684000	24
4511	38556	5	111	86	1	38556798001	24
4512	38556	12	110	88	1	38556298000	24
4513	38557	4	110	86	1	38557919000	23
4514	38557	8	110	87	1	38557906001	23
4515	38557	9	111	87	1	38557977001	23
4516	38557	13	111	88	1	38557275000	24
4517	38557	14	112	88	1	38557354001	23
4518	38558	3	113	85	1	38558265000	23
4519	38558	6	112	86	1	38558113000	23
4520	38558	10	112	87	1	38558382001	23
4521	38558	12	110	88	1	38558200000	23
4522	38558	13	111	88	1	38558899001	23
4523	38558	15	113	88	1	38558200000	23
4524	38559	2	112	85	1	38559147001	23
4525	38559	7	113	86	1	38559753001	23
4526	38559	11	113	87	1	38559383000	23
4527	38559	14	112	88	1	38559039000	23
4528	38560	6	112	86	1	38560331000	23
4529	38560	9	111	87	1	38560708000	23
4530	38560	10	112	87	1	38560110001	23
4531	38560	15	113	88	1	38560018000	23
4532	38561	3	113	85	1	38561620000	23
4533	38561	11	113	87	1	38561286001	23
4534	38562	5	111	86	1	38562101000	23
4535	38582	10	112	87	0	38582646000	20
4536	38720	15	113	88	0	38720685001	17
4537	38721	11	113	87	0	38721197001	17
4538	38721	14	112	88	0	38721568000	17
4539	38722	7	113	86	0	38722397001	17
4540	38722	10	112	87	0	38722468000	17
4541	38722	13	111	88	0	38722383001	17
4542	38723	3	113	85	0	38723022000	17
4543	38723	5	111	86	0	38723927001	17
4544	38723	6	112	86	0	38723183000	17
4545	38723	9	111	87	0	38723333001	17
4546	38723	11	113	87	0	38723040000	17
4547	38723	12	110	88	0	38723675000	17
4548	38723	14	112	88	0	38723425000	17
4549	38723	15	113	88	0	38723448000	17
4550	38724	2	112	85	0	38724202000	17
4551	38724	8	110	87	0	38724571000	17
4552	38724	10	112	87	0	38724874000	17
4553	38724	13	111	88	0	38724134000	17
4554	38725	1	111	85	0	38725165000	17
4555	38725	4	110	86	0	38725191001	17
4556	38725	5	111	86	0	38725756000	17
4557	38725	6	112	86	0	38725167000	17
4558	38725	9	111	87	0	38725510000	17
4559	38726	0	110	85	0	38726008000	17
4560	38726	2	112	85	0	38726113000	17
4561	38726	12	110	88	0	38726993000	17
4562	38727	3	113	85	0	38727658000	17
4563	38728	0	110	85	0	38728487001	17
4564	38728	4	110	86	0	38728198000	17
4565	38731	3	113	85	1	38731240000	18
4566	38731	7	113	86	1	38731651000	18
4567	38731	11	113	87	1	38731679000	18
4568	38732	1	111	85	1	38732817000	18
4569	38732	2	112	85	1	38732264001	18
4570	38732	5	111	86	1	38732731001	18
4571	38732	6	112	86	1	38732338000	18
4572	38732	10	112	87	1	38732422000	18
4573	38732	14	112	88	1	38732671001	18
4574	38732	15	113	88	1	38732078001	18
4575	38733	0	110	85	1	38733278000	18
4576	38733	4	110	86	1	38733633000	18
4577	38733	8	110	87	1	38733967000	18
4578	38733	9	111	87	1	38733140000	18
4579	38733	13	111	88	1	38733253000	18
4580	38734	12	110	88	1	38734041000	18
4581	38874	10	112	87	0	38874360001	20
4582	39287	15	113	88	0	39287384001	21
4583	39288	11	113	87	0	39288091001	21
4584	39289	10	112	87	0	39289948001	21
4585	39290	6	112	86	0	39290073000	21
4586	39290	13	111	88	0	39290033001	21
4587	39290	14	112	88	0	39290107000	21
4588	39291	5	111	86	0	39291191000	20
4589	39291	9	111	87	0	39291946001	20
4590	39292	4	110	86	0	39292489001	20
4591	39292	8	110	87	0	39292472001	20
4592	39294	12	110	88	0	39294571000	20
4593	39368	10	112	87	1	39368159000	22
4594	39439	10	112	87	0	39439621001	32
4595	39477	7	113	86	0	39477688001	25
4596	39578	6	112	86	0	39578325000	16
4597	39755	7	113	86	0	39755741001	11
4598	39755	11	113	87	0	39755520000	11
4599	39755	15	113	88	0	39755169001	11
4600	39756	3	113	85	0	39756457000	11
4601	39756	10	112	87	0	39756915000	11
4602	39756	14	112	88	0	39756436001	11
4603	39757	2	112	85	0	39757786001	10
4604	39757	6	112	86	0	39757509000	11
4605	39757	7	113	86	0	39757911000	10
4606	39757	11	113	87	0	39757396000	11
4607	39757	13	111	88	0	39757453000	11
4608	39757	15	113	88	0	39757209001	11
4609	39758	3	113	85	0	39758953000	10
4610	39758	5	111	86	0	39758401000	10
4611	39758	9	111	87	0	39758182000	10
4612	39758	10	112	87	0	39758869000	10
4613	39758	14	112	88	0	39758283000	10
4614	39759	1	111	85	0	39759159000	10
4615	39759	2	112	85	0	39759723001	10
4616	39759	4	110	86	0	39759852001	10
4617	39759	6	112	86	0	39759974000	10
4618	39759	8	110	87	0	39759434000	10
4619	39759	12	110	88	0	39759139000	10
4620	39759	13	111	88	0	39759120001	10
4621	39760	0	110	85	0	39760257001	10
4622	39760	5	111	86	0	39760369000	10
4623	39760	9	111	87	0	39760490000	10
4624	39761	1	111	85	0	39761645001	10
4625	39761	8	110	87	0	39761877000	10
4626	39761	12	110	88	0	39761587000	10
4627	39762	0	110	85	0	39762254000	10
4628	39762	4	110	86	0	39762666001	10
4629	39780	3	113	85	1	39780734001	11
4630	39781	2	112	85	1	39781982000	11
4631	39781	7	113	86	1	39781329000	11
4632	39781	11	113	87	1	39781971000	11
4633	39782	1	111	85	1	39782946001	12
4634	39782	6	112	86	1	39782666000	12
4635	39782	10	112	87	1	39782766001	12
4636	39782	15	113	88	1	39782501001	11
4637	39783	5	111	86	1	39783598000	12
4638	39783	14	112	88	1	39783471000	12
4639	39784	0	110	85	1	39784464000	12
4640	39784	1	111	85	1	39784464000	12
4641	39784	2	112	85	1	39784150001	12
4642	39784	9	111	87	1	39784090000	12
4643	39784	10	112	87	1	39784410001	12
4644	39784	13	111	88	1	39784807001	12
4645	39784	14	112	88	1	39784919001	12
4646	39785	4	110	86	1	39785044000	12
4647	39785	5	111	86	1	39785775001	13
4648	39785	6	112	86	1	39785182000	12
4649	39785	7	113	86	1	39785323000	13
4650	39785	8	110	87	1	39785627000	13
4651	39785	9	111	87	1	39785620001	13
4652	39785	15	113	88	1	39785096001	12
4653	39786	0	110	85	1	39786277000	13
4654	39786	12	110	88	1	39786053001	13
4655	39786	13	111	88	1	39786352001	13
4656	39787	12	110	88	1	39787910001	13
4657	39788	4	110	86	1	39788144001	13
4658	39788	11	113	87	1	39788109000	13
4659	39789	3	113	85	1	39789156000	14
4660	39791	8	110	87	1	39791049001	14
4661	40231	0	110	85	0	40231755000	8
4662	40232	6	112	86	0	40232008001	8
4663	40451	2	112	85	0	40451998001	22
4664	40451	3	113	85	0	40451765001	22
4665	40452	0	110	85	0	40452346000	22
4666	40452	1	111	85	0	40452190001	22
4667	40452	4	110	86	0	40452998001	22
4668	40452	5	111	86	0	40452685001	22
4669	40452	6	112	86	0	40452673000	22
4670	40452	7	113	86	0	40452355000	22
4671	40453	8	110	87	0	40453915001	22
4672	40453	9	111	87	0	40453615000	22
4673	40453	10	112	87	0	40453364001	22
4674	40453	11	113	87	0	40453082001	22
4675	40453	15	113	88	0	40453932001	22
4676	40454	1	111	85	0	40454733000	22
4677	40454	6	112	86	0	40454797000	22
4678	40454	7	113	86	0	40454781000	22
4679	40454	12	110	88	0	40454649001	22
4680	40454	13	111	88	0	40454170000	22
4681	40454	14	112	88	0	40454083000	22
4682	40455	0	110	85	0	40455907001	22
4683	40455	3	113	85	0	40455629001	22
4684	40455	5	111	86	0	40455605000	22
4685	40455	9	111	87	0	40455920000	22
4686	40455	10	112	87	0	40455339001	22
4687	40455	13	111	88	0	40455938001	22
4688	40455	14	112	88	0	40455798001	22
4689	40456	11	113	87	0	40456020001	22
4690	40456	15	113	88	1	40456183001	22
4691	40457	4	110	86	0	40457365001	22
4692	40459	3	113	85	1	40459847001	21
4693	40460	7	113	86	1	40460345001	21
4694	40460	11	113	87	1	40460984001	21
4695	40461	3	113	85	1	40461816000	21
4696	40461	15	113	88	1	40461609001	21
4697	40462	1	111	85	1	40462815000	21
4698	40462	2	112	85	1	40462113001	21
4699	40462	6	112	86	1	40462256001	21
4700	40462	7	113	86	1	40462503000	21
4701	40462	10	112	87	1	40462672000	21
4702	40463	5	111	86	1	40463379001	21
4703	40463	9	111	87	1	40463617000	21
4704	40463	11	113	87	1	40463071000	21
4705	40463	14	112	88	1	40463077000	21
4706	40463	15	113	88	1	40463742001	21
4707	40464	0	110	85	1	40464196001	21
4708	40464	1	111	85	1	40464492000	21
4709	40464	6	112	86	1	40464291001	21
4710	40464	10	112	87	1	40464383000	21
4711	40464	13	111	88	1	40464538000	21
4712	40464	14	112	88	1	40464638001	21
4713	40465	0	110	85	1	40465970000	21
4714	40465	2	112	85	1	40465721001	21
4715	40465	4	110	86	1	40465638000	21
4716	40465	5	111	86	1	40465125001	21
4717	40465	9	111	87	1	40465388000	21
4718	40466	8	110	87	1	40466105000	21
4719	40466	12	110	88	1	40466669001	21
4720	40466	13	111	88	1	40466182001	21
4721	40468	4	110	86	1	40468386001	20
4722	40468	8	110	87	1	40468387000	20
4723	40468	12	110	88	1	40468848001	20
4724	40852	0	110	85	0	40852929001	37
4725	40853	4	110	86	0	40853066000	37
4726	40853	8	110	87	0	40853327000	37
4727	40853	12	110	88	0	40853497000	37
4728	40854	5	111	86	0	40854894001	37
4729	40855	0	110	85	0	40855399000	37
4730	40855	1	111	85	0	40855089000	37
4731	40855	4	110	86	0	40855471001	37
4732	40855	9	111	87	0	40855199000	37
4733	40855	12	110	88	0	40855785000	37
4734	40855	13	111	88	0	40855003001	37
4735	40856	2	112	85	0	40856480000	36
4736	40856	6	112	86	0	40856368001	36
4737	40856	8	110	87	0	40856047001	36
4738	40856	10	112	87	0	40856560001	36
4739	40856	14	112	88	0	40856699000	36
4740	40857	1	111	85	0	40857330000	36
4741	40857	5	111	86	0	40857094001	36
4742	40857	9	111	87	0	40857601001	36
4743	40857	13	111	88	0	40857397000	36
4744	40858	2	112	85	0	40858428001	36
4745	40858	3	113	85	0	40858622000	36
4746	40858	6	112	86	0	40858475000	36
4747	40858	7	113	86	0	40858303000	36
4748	40858	10	112	87	0	40858671001	36
4749	40858	11	113	87	0	40858408000	36
4750	40858	14	112	88	0	40858495000	36
4751	40858	15	113	88	0	40858613000	36
4752	40860	7	113	86	0	40860530000	35
4753	40860	11	113	87	0	40860379001	35
4754	40860	15	113	88	0	40860979001	35
4755	40861	2	112	85	0	40861600001	34
4756	40861	3	113	85	0	40861191000	34
4757	40865	9	111	87	0	40865517000	32
4758	40867	12	110	88	0	40867656001	32
4759	40868	14	112	88	0	40868118001	31
4760	40869	0	110	85	1	40869320001	31
4761	40870	1	111	85	1	40870136001	31
4762	40870	2	112	85	1	40870805000	31
4763	40870	4	110	86	1	40870378001	31
4764	40871	3	113	85	1	40871596001	30
4765	40871	5	111	86	1	40871121001	30
4766	40871	6	112	86	1	40871818000	30
4767	40871	8	110	87	1	40871304001	30
4768	40871	9	111	87	1	40871909001	30
4769	40872	7	113	86	1	40872510000	30
4770	40872	10	112	87	1	40872500001	30
4771	40872	12	110	88	1	40872279000	30
4772	40872	13	111	88	1	40872866001	30
4773	40873	11	113	87	1	40873406001	30
4774	40873	14	112	88	1	40873393000	30
4775	40874	15	113	88	1	40874287001	29
4776	41286	15	113	88	0	41286267001	14
4777	41287	11	113	87	0	41287304000	14
4778	41288	7	113	86	0	41288544001	14
4779	41288	15	113	88	0	41288634001	14
4780	41289	11	113	87	0	41289385001	14
4781	41290	3	113	85	0	41290732000	13
4782	41290	7	113	86	0	41290856000	13
4783	41290	14	112	88	0	41290117001	13
4784	41291	15	113	88	0	41291356001	13
4785	41292	10	112	87	0	41292073001	13
4786	41292	11	113	87	0	41292114000	13
4787	41292	14	112	88	0	41292528000	13
4788	41293	3	113	85	0	41293335000	13
4789	41293	13	111	88	1	41293562001	13
4790	41294	5	111	86	0	41294984000	12
4791	41294	6	112	86	0	41294175001	13
4792	41294	7	113	86	0	41294130001	13
4793	41294	8	110	87	0	41294621000	12
4794	41294	9	111	87	0	41294470000	12
4795	41294	10	112	87	0	41294300000	12
4796	41294	12	110	88	0	41294007001	13
4797	41294	14	112	88	0	41294398001	12
4798	41295	0	110	85	0	41295847001	12
4799	41295	1	111	85	0	41295957001	12
4800	41295	2	112	85	0	41295500000	12
4801	41295	4	110	86	1	41295241000	12
4802	41295	6	112	86	0	41295978000	12
4803	41296	3	113	85	0	41296473000	12
4804	41297	12	110	88	1	41297475000	12
4805	41298	4	110	86	1	41298468000	11
4806	41298	8	110	87	1	41298149001	11
4807	41298	9	111	87	1	41298691000	11
4808	41298	13	111	88	1	41298158001	11
4809	41299	0	110	85	1	41299284000	11
4810	41299	1	111	85	1	41299647000	11
4811	41299	5	111	86	1	41299158000	11
4812	41299	6	112	86	1	41299854001	11
4813	41300	2	112	85	1	41300415001	11
4814	41301	13	111	88	0	41301031001	11
4815	41302	9	111	87	0	41302488001	10
4816	41303	2	112	85	0	41303319001	10
4817	41303	6	112	86	0	41303968000	10
4818	41303	14	112	88	1	41303905000	10
4819	41303	15	113	88	1	41303523000	10
4820	41304	5	111	86	0	41304145000	10
4821	41304	10	112	87	1	41304592000	10
4822	41304	11	113	87	1	41304345000	10
4823	41305	3	113	85	1	41305702001	9
4824	41305	6	112	86	1	41305879000	9
4825	41305	7	113	86	1	41305133000	9
4826	41305	9	111	87	1	41305862000	9
4827	41305	13	111	88	1	41305070001	9
4828	41306	2	112	85	1	41306688001	9
4829	41306	5	111	86	1	41306825001	9
4830	41307	14	112	88	1	41307791001	9
4831	41349	12	110	88	0	41349681001	7
4832	41349	13	111	88	0	41349903000	7
4833	41350	4	110	86	0	41350868000	7
4834	41350	8	110	87	0	41350186001	7
4835	41350	9	111	87	0	41350697001	7
4836	41350	14	112	88	0	41350704001	7
4837	41351	0	110	85	0	41351362001	7
4838	41351	5	111	86	0	41351383000	7
4839	41351	10	112	87	0	41351874001	7
4840	41351	13	111	88	0	41351560000	7
4841	41352	1	111	85	0	41352554000	7
4842	41352	6	112	86	0	41352329000	7
4843	41352	9	111	87	0	41352706000	7
4844	41352	11	113	87	0	41352348000	7
4845	41352	14	112	88	0	41352575001	7
4846	41352	15	113	88	0	41352019000	7
4847	41353	0	110	85	0	41353580001	8
4848	41353	2	112	85	0	41353167000	8
4849	41353	5	111	86	0	41353228001	8
4850	41353	7	113	86	0	41353111000	7
4851	41353	10	112	87	0	41353848000	8
4852	41353	12	110	88	0	41353360001	8
4853	41353	15	113	88	0	41353994000	8
4854	41354	1	111	85	0	41354902001	8
4855	41354	3	113	85	0	41354152000	8
4856	41354	4	110	86	0	41354066001	8
4857	41354	6	112	86	0	41354314001	8
4858	41354	11	113	87	0	41354218001	8
4859	41355	2	112	85	0	41355364001	8
4860	41355	7	113	86	0	41355060001	8
4861	41356	3	113	85	0	41356261001	8
4862	41356	8	110	87	0	41356596001	8
4863	41358	4	110	86	0	41358830000	9
4864	41365	12	110	88	1	41365952000	10
4865	41365	14	112	88	1	41365893000	10
4866	41365	15	113	88	1	41365918001	10
4867	41366	10	112	87	1	41366762001	10
4868	41366	11	113	87	1	41366803000	10
4869	41366	13	111	88	1	41366020000	10
4870	41367	5	111	86	1	41367816000	11
4871	41367	6	112	86	1	41367905001	11
4872	41367	7	113	86	1	41367635000	11
4873	41367	8	110	87	1	41367106000	10
4874	41367	9	111	87	1	41367156001	11
4875	41368	0	110	85	1	41368748001	11
4876	41368	1	111	85	1	41368888000	11
4877	41368	3	113	85	1	41368659001	11
4878	41368	4	110	86	1	41368038000	11
4879	41368	10	112	87	1	41368792000	11
4880	41368	12	110	88	1	41368189001	11
4881	41368	13	111	88	1	41368813001	11
4882	41368	14	112	88	1	41368309001	11
4883	41369	2	112	85	1	41369066001	11
4884	41370	0	110	85	1	41370297001	11
4885	41370	1	111	85	1	41370411000	11
4886	41370	5	111	86	1	41370442000	11
4887	41371	6	112	86	1	41371371001	11
4888	41372	7	113	86	1	41372173001	11
4889	41374	2	112	85	1	41374590000	12
4890	41376	3	113	85	1	41376802000	12
4891	41380	10	112	87	0	41380160001	13
4892	41388	4	110	86	1	41388838000	15
4893	41528	0	110	85	0	41528404001	25
4894	41528	1	111	85	0	41528354000	25
4895	41529	4	110	86	0	41529504001	25
4896	41529	5	111	86	0	41529253000	25
4897	41530	9	111	87	0	41530928001	25
4898	41531	1	111	85	1	41531436000	25
4899	41531	4	110	86	0	41531980000	25
4900	41531	8	110	87	0	41531130000	25
4901	41531	13	111	88	0	41531732000	25
4902	41532	5	111	86	1	41532421000	25
4903	41532	12	110	88	0	41532155001	25
4904	41534	0	110	85	1	41534322001	25
4905	41534	9	111	87	1	41534844000	24
4906	41535	4	110	86	1	41535442001	24
4907	41535	13	111	88	1	41535027000	24
4908	41536	8	110	87	1	41536513000	24
4909	41538	12	110	88	1	41538119001	24
4910	41541	8	110	87	1	41541640001	24
4911	41542	4	110	86	1	41542991001	23
4912	41543	12	110	88	1	41543343000	23
4913	41564	0	110	85	1	41564504000	19
4914	41884	2	112	85	0	41884828000	21
4915	41884	3	113	85	0	41884630001	21
4916	41885	0	110	85	0	41885258001	21
4917	41885	1	111	85	0	41885171000	21
4918	41885	5	111	86	0	41885977000	21
4919	41885	6	112	86	0	41885845001	21
4920	41885	7	113	86	0	41885531000	21
4921	41886	2	112	85	0	41886929001	21
4922	41886	4	110	86	0	41886404000	21
4923	41886	11	113	87	0	41886774001	21
4924	41887	0	110	85	0	41887340001	21
4925	41887	1	111	85	0	41887340001	21
4926	41887	3	113	85	0	41887397000	21
4927	41887	5	111	86	0	41887857001	21
4928	41887	6	112	86	0	41887721000	21
4929	41887	7	113	86	0	41887473000	21
4930	41887	8	110	87	0	41887648000	21
4931	41887	9	111	87	0	41887344000	21
4932	41887	10	112	87	0	41887047001	21
4933	41887	15	113	88	0	41887968001	21
4934	41888	11	113	87	0	41888902001	21
4935	41888	12	110	88	0	41888969001	21
4936	41888	13	111	88	0	41888386000	21
4937	41888	14	112	88	0	41888191000	21
4938	41889	4	110	86	0	41889156000	21
4939	41889	9	111	87	0	41889490001	21
4940	41889	10	112	87	0	41889258000	21
4941	41890	7	113	86	0	41890612000	20
4942	41890	8	110	87	0	41890348001	21
4943	41890	13	111	88	0	41890097000	21
4944	41890	14	112	88	0	41890181000	21
4945	41890	15	113	88	0	41890163001	21
4946	41891	12	110	88	0	41891865001	20
4947	41892	3	113	85	1	41892086000	20
4948	41893	7	113	86	1	41893151001	20
4949	41893	11	113	87	1	41893711001	20
4950	41894	2	112	85	1	41894312000	20
4951	41894	3	113	85	1	41894379001	20
4952	41894	15	113	88	1	41894378001	20
4953	41895	6	112	86	1	41895391001	20
4954	41895	7	113	86	1	41895621000	20
4955	41895	10	112	87	1	41895636001	20
4956	41895	11	113	87	1	41895803001	20
4957	41896	1	111	85	1	41896354001	20
4958	41896	2	112	85	1	41896293000	20
4959	41896	14	112	88	1	41896687000	20
4960	41896	15	113	88	1	41896300001	20
4961	41897	5	111	86	1	41897508001	20
4962	41897	6	112	86	1	41897287000	20
4963	41897	10	112	87	1	41897699001	19
4964	41898	0	110	85	1	41898541001	19
4965	41898	1	111	85	1	41898154000	19
4966	41898	9	111	87	1	41898048001	19
4967	41898	13	111	88	1	41898875001	19
4968	41898	14	112	88	1	41898352001	19
4969	41899	4	110	86	1	41899348001	19
4970	41899	5	111	86	1	41899732000	19
4971	41899	8	110	87	1	41899863001	19
4972	41900	0	110	85	1	41900520000	19
4973	41900	9	111	87	1	41900077001	19
4974	41900	12	110	88	1	41900845001	19
4975	41900	13	111	88	1	41900752000	19
4976	41901	4	110	86	1	41901328000	19
4977	41902	8	110	87	1	41902241001	19
4978	41902	12	110	88	1	41902919000	19
4979	42265	11	113	87	0	42265672001	9
4980	42265	15	113	88	0	42265754001	9
4981	42267	7	113	86	0	42267107001	10
4982	42277	15	113	88	1	42277287001	13
4983	42635	3	113	85	0	42635871001	18
4984	42635	7	113	86	0	42635683000	18
4985	42635	11	113	87	0	42635906000	18
4986	42635	15	113	88	0	42635672000	18
4987	42636	14	112	88	0	42636923001	18
4988	42637	2	112	85	0	42637127000	18
4989	42637	3	113	85	0	42637970001	18
4990	42637	6	112	86	0	42637177001	18
4991	42637	7	113	86	0	42637585001	18
4992	42637	10	112	87	0	42637012000	18
4993	42637	15	113	88	0	42637620000	18
4994	42638	1	111	85	0	42638744001	18
4995	42638	5	111	86	0	42638235001	18
4996	42638	9	111	87	0	42638576001	18
4997	42638	10	112	87	0	42638856000	18
4998	42638	11	113	87	0	42638166000	18
4999	42638	13	111	88	0	42638325001	18
5000	42638	14	112	88	0	42638787001	18
5001	42639	0	110	85	0	42639985001	18
5002	42639	2	112	85	0	42639219000	18
5003	42639	4	110	86	0	42639947000	18
5004	42639	6	112	86	0	42639090001	18
5005	42639	8	110	87	0	42639994001	18
5006	42639	13	111	88	0	42639965001	18
5007	42640	1	111	85	0	42640992000	17
5008	42640	5	111	86	0	42640119000	18
5009	42640	9	111	87	0	42640670000	17
5010	42640	12	110	88	0	42640214000	18
5011	42642	0	110	85	0	42642261000	17
5012	42642	4	110	86	0	42642675000	17
5013	42642	8	110	87	0	42642844001	17
5014	42642	12	110	88	0	42642629000	17
5015	42676	3	113	85	1	42676003001	12
5016	42677	1	111	85	1	42677698000	11
5017	42677	2	112	85	1	42677007001	11
5018	42677	7	113	86	1	42677161000	11
5019	42678	0	110	85	1	42678813000	11
5020	42678	5	111	86	1	42678770000	11
5021	42678	6	112	86	1	42678080001	11
5022	42678	11	113	87	1	42678119001	11
5023	42679	1	111	85	1	42679259001	11
5024	42679	4	110	86	1	42679888000	11
5025	42679	9	111	87	1	42679883001	11
5026	42679	10	112	87	1	42679031001	11
5027	42679	14	112	88	1	42679661001	11
5028	42679	15	113	88	1	42679051001	11
5029	42680	2	112	85	1	42680176001	11
5030	42680	8	110	87	1	42680806000	11
5031	42680	13	111	88	1	42680741000	11
5032	42681	0	110	85	1	42681201001	11
5033	42681	10	112	87	1	42681427000	11
5034	42681	12	110	88	1	42681762000	11
5035	42681	14	112	88	1	42681093000	11
5036	42682	6	112	86	1	42682963001	10
5037	42682	9	111	87	1	42682278001	10
5038	42682	13	111	88	1	42682531000	10
5039	42682	15	113	88	1	42682196000	10
5040	42683	4	110	86	1	42683804001	10
5041	42683	5	111	86	1	42683971000	10
5042	42683	8	110	87	1	42683745001	10
5043	42683	12	110	88	1	42683827001	10
5044	42690	3	113	85	1	42690177000	9
5045	42734	6	112	86	0	42734427001	6
5046	42736	10	112	87	0	42736753000	6
5047	42910	0	110	85	0	42910446001	27
5048	42910	1	111	85	0	42910702001	27
5049	42910	2	112	85	0	42910506000	27
5050	42910	3	113	85	0	42910522000	27
5051	42911	4	110	86	1	42911382001	27
5052	42911	5	111	86	0	42911214001	27
5053	42911	6	112	86	0	42911474000	27
5054	42911	7	113	86	0	42911420000	27
5055	42912	0	110	85	0	42912296000	27
5056	42912	2	112	85	0	42912472001	27
5057	42912	8	110	87	0	42912524000	27
5058	42912	9	111	87	0	42912378001	27
5059	42912	10	112	87	0	42912321000	27
5060	42912	11	113	87	0	42912475001	27
5061	42913	1	111	85	0	42913255000	27
5062	42913	3	113	85	0	42913883000	27
5063	42913	4	110	86	1	42913958001	27
5064	42913	5	111	86	0	42913250000	27
5065	42913	6	112	86	0	42913758001	27
5066	42913	7	113	86	0	42913636001	27
5067	42913	12	110	88	0	42913493001	27
5068	42913	13	111	88	0	42913171000	27
5069	42913	14	112	88	0	42913249001	27
5070	42913	15	113	88	0	42913303000	27
5071	42914	9	111	87	0	42914352001	27
5072	42914	10	112	87	0	42914076001	27
5073	42914	11	113	87	0	42914803000	27
5074	42915	8	110	87	0	42915939001	27
5075	42915	12	110	88	0	42915667000	27
5076	42915	13	111	88	0	42915171001	27
5077	42915	14	112	88	0	42915052001	27
5078	42915	15	113	88	0	42915248000	27
5079	42921	14	112	88	0	42921247001	28
5080	42922	10	112	87	0	42922999000	28
5081	42926	0	110	85	1	42926816001	29
5082	42926	1	111	85	1	42926769000	29
5083	42926	2	112	85	1	42926816001	29
5084	42926	3	113	85	1	42926523001	29
5085	42927	4	110	86	1	42927714001	29
5086	42927	5	111	86	1	42927679000	29
5087	42927	6	112	86	1	42927726000	29
5088	42927	7	113	86	1	42927437000	29
5089	42928	8	110	87	1	42928582000	29
5090	42928	9	111	87	1	42928510001	29
5091	42928	10	112	87	1	42928277001	29
5092	42928	11	113	87	1	42928271001	29
5093	42929	12	110	88	1	42929544000	29
5094	42929	13	111	88	1	42929364000	29
5095	42929	14	112	88	1	42929155001	29
5096	42929	15	113	88	1	42929216001	29
5097	43060	0	110	85	0	43060219001	41
5098	43060	4	110	86	0	43060429000	41
5099	43060	8	110	87	0	43060736000	41
5100	43061	1	111	85	0	43061777000	41
5101	43061	5	111	86	0	43061612001	41
5102	43061	9	111	87	0	43061956001	41
5103	43061	12	110	88	0	43061150000	41
5104	43062	0	110	85	0	43062345001	40
5105	43062	2	112	85	0	43062793000	40
5106	43062	4	110	86	0	43062680000	40
5107	43062	6	112	86	0	43062715000	40
5108	43062	10	112	87	0	43062949001	40
5109	43062	13	111	88	0	43062099001	41
5110	43063	5	111	86	0	43063766001	40
5111	43063	8	110	87	0	43063129001	40
5112	43063	12	110	88	0	43063630001	40
5113	43063	14	112	88	0	43063304001	40
5114	43064	1	111	85	0	43064135000	40
5115	43064	3	113	85	0	43064111000	40
5116	43064	6	112	86	0	43064773001	39
5117	43064	7	113	86	0	43064032000	40
5118	43064	9	111	87	0	43064161000	40
5119	43064	11	113	87	1	43064093000	40
5120	43064	13	111	88	0	43064119000	40
5121	43064	15	113	88	0	43064596001	39
5122	43065	2	112	85	0	43065101000	39
5123	43065	10	112	87	0	43065122001	39
5124	43065	11	113	87	0	43065945000	39
5125	43065	14	112	88	0	43065176001	39
5126	43066	3	113	85	0	43066515001	39
5127	43066	7	113	86	0	43066108000	39
5128	43066	15	113	88	0	43066529001	39
5129	43068	14	112	88	0	43068350001	38
5130	43073	11	113	87	0	43073638001	37
5131	43075	0	110	85	1	43075317000	36
5132	43075	15	113	88	0	43075280000	36
5133	43076	1	111	85	1	43076059001	35
5134	43076	2	112	85	1	43076827001	35
5135	43076	4	110	86	1	43076668000	35
5136	43077	3	113	85	1	43077270000	35
5137	43077	5	111	86	1	43077150001	35
5138	43077	6	112	86	1	43077979000	35
5139	43077	8	110	87	1	43077800001	35
5140	43078	7	113	86	1	43078726001	34
5141	43078	9	111	87	1	43078530001	35
5142	43079	1	111	85	1	43079245000	34
5143	43079	10	112	87	1	43079177001	34
5144	43079	11	113	87	1	43079834000	34
5145	43079	12	110	88	1	43079053001	34
5146	43079	13	111	88	1	43079579001	34
5147	43080	14	112	88	1	43080268001	34
5148	43081	15	113	88	1	43081047000	34
5149	43085	13	111	88	1	43085578000	32
5150	43086	14	112	88	1	43086904000	32
5151	43466	12	110	88	0	43466628000	16
5152	43470	8	110	87	0	43470487000	17
5153	43472	12	110	88	0	43472472001	17
5154	43479	12	110	88	1	43479358000	18
5155	43919	13	111	88	0	43919369001	19
5156	43921	6	112	86	0	43921997000	20
5157	43921	10	112	87	1	43921365001	20
5158	43922	0	110	85	0	43922513001	20
5159	43922	14	112	88	0	43922586001	20
5160	43925	2	112	85	0	43925453000	21
5161	43925	11	113	87	0	43925035001	21
5162	43928	7	113	86	0	43928684000	22
5163	44078	3	113	85	0	44078402000	20
5164	44079	2	112	85	0	44079321000	20
5165	44080	1	111	85	0	44080053000	20
5166	44081	0	110	85	0	44081175001	21
5167	44081	2	112	85	0	44081775001	21
5168	44081	3	113	85	0	44081256001	21
5169	44081	7	113	86	0	44081264000	21
5170	44082	1	111	85	0	44082854000	21
5171	44082	5	111	86	0	44082430001	21
5172	44082	6	112	86	0	44082041001	21
5173	44083	0	110	85	0	44083572001	21
5174	44083	4	110	86	0	44083468001	21
5175	44083	7	113	86	0	44083711001	21
5176	44084	5	111	86	0	44084919000	21
5177	44084	6	112	86	0	44084274001	21
5178	44084	10	112	87	0	44084728000	21
5179	44084	11	113	87	0	44084041000	21
5180	44085	3	113	85	1	44085196001	22
5181	44085	9	111	87	0	44085490000	22
5182	44086	0	110	85	0	44086496001	22
5183	44086	1	111	85	0	44086032001	22
5184	44086	2	112	85	1	44086909000	22
5185	44086	4	110	86	0	44086287000	22
5186	44086	7	113	86	1	44086065000	22
5187	44086	8	110	87	0	44086437001	22
5188	44086	11	113	87	1	44086504000	22
5189	44087	1	111	85	1	44087750000	22
5190	44087	6	112	86	1	44087263000	22
5191	44087	10	112	87	1	44087844000	22
5192	44087	13	111	88	0	44087860000	22
5193	44087	14	112	88	0	44087383001	22
5194	44088	0	110	85	1	44088747000	22
5195	44088	5	111	86	1	44088116000	22
5196	44088	9	111	87	1	44088911001	23
5197	44088	12	110	88	0	44088941000	23
5198	44089	4	110	86	1	44089588000	23
5199	44089	13	111	88	1	44089738000	23
5200	44090	8	110	87	1	44090382000	23
5201	44090	12	110	88	1	44090855000	23
5202	44091	0	110	85	1	44091270001	23
5203	44567	0	110	85	0	44567763000	39
5204	44567	4	110	86	0	44567574001	39
5205	44572	2	112	85	0	44572124001	39
5206	44572	6	112	86	0	44572711000	39
5207	44573	10	112	87	0	44573260000	39
5208	44573	14	112	88	0	44573335000	39
5209	44575	7	113	86	0	44575275000	39
5210	44577	11	113	87	0	44577587001	38
5211	44621	0	110	85	0	44621280000	32
5212	44621	4	110	86	0	44621250001	32
5213	44621	5	111	86	0	44621967000	32
5214	44621	8	110	87	0	44621058000	32
5215	44621	12	110	88	0	44621079001	32
5216	44621	13	111	88	0	44621899000	32
5217	44622	1	111	85	0	44622321000	31
5218	44622	9	111	87	0	44622076000	31
5219	44623	2	112	85	0	44623421001	31
5220	44623	6	112	86	0	44623264000	31
5221	44623	10	112	87	0	44623150001	31
5222	44623	12	110	88	0	44623711000	31
5223	44623	13	111	88	0	44623839001	31
5224	44623	14	112	88	0	44623079000	31
5225	44624	0	110	85	0	44624817000	31
5226	44624	1	111	85	0	44624929001	31
5227	44624	3	113	85	0	44624407000	31
5228	44624	5	111	86	0	44624189001	31
5229	44624	7	113	86	0	44624270001	31
5230	44624	9	111	87	0	44624574001	31
5231	44624	11	113	87	0	44624223001	31
5232	44624	14	112	88	0	44624955000	31
5233	44624	15	113	88	0	44624122000	31
5234	44625	2	112	85	0	44625612001	31
5235	44625	4	110	86	0	44625139000	31
5236	44625	6	112	86	0	44625436001	31
5237	44625	8	110	87	0	44625804001	31
5238	44625	10	112	87	0	44625264001	31
5239	44625	11	113	87	0	44625945001	31
5240	44626	7	113	86	0	44626132000	31
5241	44626	15	113	88	0	44626134001	31
5242	44627	3	113	85	0	44627256001	31
5243	44632	12	110	88	1	44632700000	30
5244	44633	8	110	87	1	44633927000	30
5245	44633	13	111	88	1	44633247000	30
5246	44633	14	112	88	1	44633691000	30
5247	44634	9	111	87	1	44634579001	29
5248	44634	10	112	87	1	44634788001	29
5249	44634	13	111	88	1	44634994000	29
5250	44634	15	113	88	1	44634661001	29
5251	44635	4	110	86	1	44635031000	29
5252	44635	11	113	87	1	44635733001	29
5253	44635	12	110	88	1	44635317001	29
5254	44635	14	112	88	1	44635217000	29
5255	44636	0	110	85	1	44636305000	29
5256	44636	4	110	86	1	44636935001	29
5257	44636	5	111	86	1	44636063000	29
5258	44636	6	112	86	1	44636427000	29
5259	44636	7	113	86	1	44636858001	29
5260	44636	8	110	87	1	44636448001	29
5261	44636	9	111	87	1	44636236001	29
5262	44636	10	112	87	1	44636400001	29
5263	44637	0	110	85	1	44637945001	29
5264	44637	1	111	85	1	44637142000	29
5265	44637	11	113	87	1	44637611000	29
5266	44637	15	113	88	1	44637030001	29
5267	44638	1	111	85	1	44638686000	29
5268	44638	2	112	85	1	44638181001	29
5269	44638	3	113	85	1	44638027001	29
5270	44638	5	111	86	1	44638518000	29
5271	44638	6	112	86	1	44638205000	29
5272	44638	7	113	86	1	44638792001	29
5273	44639	3	113	85	1	44639878001	28
5274	44640	2	112	85	1	44640333000	28
5275	44768	2	112	85	0	44768410001	18
5276	44768	3	113	85	0	44768383000	18
5277	44769	0	110	85	0	44769377000	18
5278	44769	1	111	85	0	44769116001	18
5279	44769	7	113	86	0	44769660001	18
5280	44770	2	112	85	0	44770789001	18
5281	44770	4	110	86	0	44770691000	18
5282	44770	5	111	86	0	44770308000	18
5283	44770	6	112	86	0	44770188000	18
5284	44771	0	110	85	0	44771937001	18
5285	44771	1	111	85	0	44771701000	18
5286	44771	3	113	85	0	44771104001	18
5287	44771	10	112	87	0	44771746000	18
5288	44771	11	113	87	0	44771318001	18
5289	44772	5	111	86	0	44772450000	18
5290	44772	6	112	86	0	44772705001	18
5291	44772	7	113	86	0	44772070000	18
5292	44772	8	110	87	0	44772413000	18
5293	44772	9	111	87	0	44772123001	18
5294	44773	4	110	86	0	44773034001	18
5295	44773	10	112	87	0	44773749001	18
5296	44773	11	113	87	0	44773448001	18
5297	44773	13	111	88	0	44773519000	18
5298	44773	14	112	88	0	44773223001	18
5299	44773	15	113	88	0	44773020001	18
5300	44774	8	110	87	0	44774735000	18
5301	44774	9	111	87	0	44774636001	18
5302	44774	12	110	88	0	44774109001	18
5303	44774	14	112	88	0	44774984001	18
5304	44775	13	111	88	0	44775634001	18
5305	44775	15	113	88	0	44775068000	18
5306	44776	2	112	85	0	44776791001	18
5307	44776	11	113	87	0	44776188000	18
5308	44776	12	110	88	0	44776628001	18
5309	44777	6	112	86	0	44777185001	18
5310	44780	14	112	88	0	44780057000	18
5311	44785	15	113	88	0	44785602000	18
5312	44786	8	110	87	0	44786753000	18
5313	44788	5	111	86	0	44788063001	18
5314	44795	3	113	85	1	44795186001	19
5315	44795	7	113	86	1	44795672001	19
5316	44795	11	113	87	1	44795723001	19
5317	44796	1	111	85	1	44796985000	19
5318	44796	2	112	85	1	44796223000	19
5319	44796	6	112	86	1	44796511001	19
5320	44796	10	112	87	1	44796851001	19
5321	44796	14	112	88	1	44796887000	19
5322	44796	15	113	88	1	44796249001	19
5323	44797	5	111	86	1	44797278000	19
5324	44797	9	111	87	1	44797689000	19
5325	44797	13	111	88	1	44797978001	19
5326	44798	0	110	85	1	44798218000	19
5327	44798	1	111	85	1	44798893000	19
5328	44798	4	110	86	1	44798535001	19
5329	44798	8	110	87	1	44798574001	19
5330	44798	12	110	88	1	44798813001	19
5331	44798	14	112	88	1	44798961000	19
5332	44802	12	110	88	1	44802548001	19
5333	44805	2	112	85	1	44805590001	20
5334	44816	6	112	86	1	44816515001	21
5335	44824	10	112	87	1	44824990000	22
5336	45060	15	113	88	0	45060561000	11
5337	45061	7	113	86	0	45061623000	10
5338	45061	11	113	87	0	45061273000	10
5339	45061	14	112	88	0	45061914001	10
5340	45062	3	113	85	0	45062570001	10
5341	45062	10	112	87	0	45062325001	10
5342	45062	15	113	88	0	45062768000	10
5343	45063	2	112	85	0	45063740001	10
5344	45063	6	112	86	0	45063187000	10
5345	45063	7	113	86	0	45063709001	10
5346	45063	11	113	87	0	45063140000	10
5347	45063	13	111	88	0	45063207000	10
5348	45063	14	112	88	0	45063733000	10
5349	45064	5	111	86	0	45064567001	10
5350	45064	9	111	87	0	45064136000	10
5351	45064	10	112	87	0	45064582001	10
5352	45064	13	111	88	0	45064947001	10
5353	45065	1	111	85	0	45065380000	10
5354	45065	2	112	85	0	45065770001	10
5355	45065	3	113	85	1	45065682001	10
5356	45065	6	112	86	0	45065092000	10
5357	45065	8	110	87	0	45065549000	10
5358	45065	12	110	88	0	45065034000	10
5359	45066	0	110	85	0	45066728000	9
5360	45066	4	110	86	0	45066202000	10
5361	45066	5	111	86	0	45066879000	9
5362	45066	7	113	86	1	45066044000	10
5363	45066	9	111	87	0	45066649000	9
5364	45066	11	113	87	1	45066896000	9
5365	45067	1	111	85	1	45067921000	9
5366	45067	2	112	85	1	45067432001	9
5367	45067	6	112	86	1	45067404001	9
5368	45067	10	112	87	1	45067920001	9
5369	45067	12	110	88	0	45067188001	9
5370	45067	15	113	88	1	45067548001	9
5371	45068	5	111	86	1	45068681000	10
5372	45068	14	112	88	1	45068549000	10
5373	45069	0	110	85	1	45069197001	10
5374	45069	4	110	86	1	45069663000	10
5375	45069	9	111	87	1	45069035000	10
5376	45069	13	111	88	1	45069477000	10
5377	45070	8	110	87	1	45070338000	10
5378	45070	12	110	88	1	45070588001	10
5379	45071	13	111	88	1	45071652000	10
5380	45071	14	112	88	1	45071436000	10
5381	45072	10	112	87	1	45072792000	10
5382	45073	12	110	88	1	45073302000	10
5383	45116	9	111	87	1	45116810001	24
5384	45231	12	110	88	0	45231338001	20
5385	45232	8	110	87	0	45232235001	19
5386	45233	4	110	86	0	45233363000	19
5387	45233	13	111	88	0	45233436000	19
5388	45234	0	110	85	0	45234176000	19
5389	45234	9	111	87	0	45234415000	19
5390	45234	12	110	88	0	45234083000	19
5391	45235	4	110	86	0	45235956001	19
5392	45235	5	111	86	0	45235784001	19
5393	45235	8	110	87	0	45235264001	19
5394	45235	13	111	88	0	45235322001	19
5395	45235	14	112	88	0	45235776001	19
5396	45236	0	110	85	0	45236380000	19
5397	45236	9	111	87	0	45236444000	19
5398	45236	10	112	87	0	45236459001	19
5399	45237	1	111	85	0	45237195000	18
5400	45237	14	112	88	0	45237497000	18
5401	45238	2	112	85	0	45238833000	18
5402	45238	5	111	86	0	45238002001	18
5403	45238	6	112	86	0	45238075001	18
5404	45238	9	111	87	0	45238965000	18
5405	45238	10	112	87	0	45238690000	18
5406	45239	12	110	88	0	45239494001	18
5407	45239	13	111	88	0	45239084000	18
5408	45239	15	113	88	0	45239514000	18
5409	45240	0	110	85	0	45240165000	18
5410	45240	1	111	85	0	45240124001	18
5411	45240	2	112	85	0	45240894000	18
5412	45240	4	110	86	0	45240119000	18
5413	45240	5	111	86	0	45240564000	18
5414	45240	6	112	86	0	45240335001	18
5415	45240	11	113	87	0	45240118001	18
5416	45240	14	112	88	0	45240222001	18
5417	45241	7	113	86	0	45241269001	18
5418	45241	10	112	87	0	45241259000	18
5419	45242	11	113	87	0	45242600001	17
5420	45242	15	113	88	0	45242129000	17
5421	45243	3	113	85	0	45243000001	17
5422	45243	6	112	86	0	45243495001	17
5423	45243	7	113	86	0	45243935001	17
5424	45243	10	112	87	0	45243222001	17
5425	45244	2	112	85	0	45244031000	17
5426	45244	11	113	87	0	45244793001	17
5427	45245	15	113	88	0	45245573000	17
5428	45246	3	113	85	0	45246093001	17
5429	45247	7	113	86	0	45247846001	17
5430	45249	3	113	85	0	45249894000	16
5431	45251	7	113	86	0	45251304000	16
5432	45277	3	113	85	1	45277774001	12
5433	45279	3	113	85	1	45279880000	11
5434	45279	7	113	86	1	45279636001	11
5435	45280	2	112	85	1	45280771001	11
5436	45281	6	112	86	1	45281960000	11
5437	45281	7	113	86	1	45281769000	11
5438	45281	11	113	87	1	45281216001	11
5439	45282	1	111	85	1	45282606001	11
5440	45282	2	112	85	1	45282698001	11
5441	45282	15	113	88	1	45282546001	11
5442	45283	0	110	85	1	45283707000	11
5443	45283	5	111	86	1	45283640000	11
5444	45283	6	112	86	1	45283912001	11
5445	45283	10	112	87	1	45283158000	11
5446	45283	11	113	87	1	45283193000	11
5447	45284	1	111	85	1	45284184001	10
5448	45284	9	111	87	1	45284947001	10
5449	45284	10	112	87	1	45284970001	10
5450	45284	14	112	88	1	45284293000	10
5451	45284	15	113	88	1	45284547001	10
5452	45285	0	110	85	1	45285774001	10
5453	45285	4	110	86	1	45285465001	10
5454	45285	5	111	86	1	45285575001	10
5455	45285	13	111	88	1	45285926001	10
5456	45286	8	110	87	1	45286784000	10
5457	45286	9	111	87	1	45286799001	10
5458	45286	14	112	88	1	45286049000	10
5459	45287	4	110	86	1	45287292001	10
5460	45287	12	110	88	1	45287781001	10
5461	45287	13	111	88	1	45287677001	10
5462	45289	8	110	87	1	45289029000	9
5463	45289	12	110	88	1	45289613001	9
5464	45294	1	111	85	1	45294137000	8
5465	45509	7	113	86	0	45509962001	18
5466	45510	3	113	85	0	45510496001	18
5467	45510	11	113	87	1	45510017000	18
5468	45510	15	113	88	0	45510195001	18
5469	45511	6	112	86	0	45511798000	18
5470	45511	10	112	87	0	45511505000	18
5471	45511	14	112	88	0	45511727001	18
5472	45512	2	112	85	0	45512085000	18
5473	45512	7	113	86	0	45512150000	18
5474	45512	11	113	87	0	45512037000	18
5475	45512	15	113	88	0	45512268000	18
5476	45513	1	111	85	0	45513595001	17
5477	45513	3	113	85	0	45513293000	18
5478	45513	5	111	86	0	45513201001	18
5479	45513	6	112	86	0	45513819000	17
5480	45513	9	111	87	0	45513224001	18
5481	45513	10	112	87	0	45513238001	18
5482	45513	13	111	88	0	45513232001	18
5483	45513	14	112	88	0	45513540000	17
5484	45514	2	112	85	0	45514260000	17
5485	45514	4	110	86	0	45514945000	17
5486	45514	8	110	87	0	45514872000	17
5487	45515	0	110	85	0	45515235000	17
5488	45515	1	111	85	0	45515833001	17
5489	45515	5	111	86	0	45515274000	17
5490	45515	9	111	87	0	45515636001	17
5491	45515	12	110	88	0	45515030001	17
5492	45515	13	111	88	0	45515061001	17
5493	45517	0	110	85	0	45517794001	17
5494	45517	4	110	86	0	45517322000	17
5495	45517	8	110	87	0	45517273001	17
5496	45517	10	112	87	0	45517121001	17
5497	45517	12	110	88	0	45517139000	17
5498	45522	10	112	87	0	45522360000	16
5499	45533	3	113	85	1	45533616001	13
5500	45534	2	112	85	1	45534818001	13
5501	45534	7	113	86	1	45534878000	13
5502	45535	1	111	85	1	45535074001	13
5503	45535	6	112	86	1	45535885001	12
5504	45535	11	113	87	1	45535719000	12
5505	45536	0	110	85	1	45536376000	12
5506	45536	1	111	85	1	45536471000	12
5507	45536	5	111	86	1	45536552001	12
5508	45536	10	112	87	1	45536482000	12
5509	45536	15	113	88	1	45536580001	12
5510	45537	4	110	86	1	45537525001	12
5511	45537	9	111	87	1	45537347000	12
5512	45537	14	112	88	1	45537495000	12
5513	45538	0	110	85	1	45538218001	12
5514	45538	2	112	85	1	45538259001	12
5515	45538	3	113	85	1	45538655000	12
5516	45538	8	110	87	1	45538473001	12
5517	45538	10	112	87	1	45538386001	12
5518	45538	13	111	88	1	45538319001	12
5519	45539	9	111	87	1	45539502000	11
5520	45539	12	110	88	1	45539086000	12
5521	45539	14	112	88	1	45539351001	11
5522	45540	15	113	88	1	45540666001	11
5523	45541	12	110	88	1	45541305001	11
5524	45541	13	111	88	1	45541890001	11
5525	45543	11	113	87	1	45543015000	11
5526	45567	6	112	86	1	45567130000	10
5527	45712	6	112	86	0	45712518001	20
5528	45768	12	110	88	0	45768529001	9
5529	45861	11	113	87	0	45861549001	20
5530	46001	11	113	87	0	46001573001	12
5531	46059	12	110	88	0	46059495000	12
5532	46059	13	111	88	0	46059583001	12
5533	46060	4	110	86	0	46060912001	13
5534	46060	8	110	87	0	46060218000	12
5535	46060	9	111	87	0	46060486000	12
5536	46060	10	112	87	0	46060857000	13
5537	46060	14	112	88	0	46060054001	12
5538	46060	15	113	88	0	46060653001	12
5539	46061	0	110	85	0	46061743000	13
5540	46061	5	111	86	0	46061395000	13
5541	46061	6	112	86	0	46061596001	13
5542	46061	11	113	87	0	46061377000	13
5543	46061	13	111	88	0	46061367000	13
5544	46061	14	112	88	0	46061754001	13
5545	46062	1	111	85	0	46062431001	13
5546	46062	2	112	85	0	46062676001	13
5547	46062	7	113	86	0	46062106000	13
5548	46062	9	111	87	0	46062750001	13
5549	46062	10	112	87	0	46062891001	13
5550	46062	12	110	88	0	46062085001	13
5551	46062	15	113	88	0	46062866000	13
5552	46063	3	113	85	0	46063210000	13
5553	46063	4	110	86	0	46063813001	13
5554	46063	6	112	86	0	46063663000	13
5555	46063	11	113	87	0	46063394001	13
5556	46064	2	112	85	0	46064971000	14
5557	46064	5	111	86	0	46064334001	13
5558	46064	7	113	86	0	46064398000	14
5559	46065	0	110	85	0	46065072001	14
5560	46070	3	113	85	0	46070851000	15
5561	46071	8	110	87	0	46071351000	15
5562	46074	14	112	88	0	46074365000	16
5563	46077	9	111	87	0	46077886000	16
5564	46080	14	112	88	1	46080879001	17
5565	46080	15	113	88	1	46080886000	17
5566	46081	11	113	87	1	46081827000	17
5567	46081	13	111	88	1	46081785001	17
5568	46082	10	112	87	1	46082372000	17
5569	46082	12	110	88	1	46082500001	17
5570	46082	14	112	88	1	46082465000	17
5571	46082	15	113	88	1	46082848000	17
5572	46083	6	112	86	1	46083929000	17
5573	46083	7	113	86	1	46083056000	17
5574	46083	8	110	87	1	46083720000	17
5575	46083	9	111	87	1	46083030001	17
5576	46083	11	113	87	1	46083711001	17
5577	46083	13	111	88	1	46083359001	17
5578	46084	3	113	85	1	46084134000	17
5579	46084	5	111	86	1	46084429000	17
5580	46084	9	111	87	1	46084794001	17
5581	46084	10	112	87	1	46084116001	17
5582	46084	12	110	88	1	46084274001	17
5583	46085	1	111	85	1	46085764000	17
5584	46085	2	112	85	1	46085173000	17
5585	46085	4	110	86	1	46085225001	17
5586	46085	6	112	86	1	46085886001	17
5587	46085	7	113	86	1	46085180001	17
5588	46085	8	110	87	1	46085627001	17
5589	46086	0	110	85	1	46086702001	17
5590	46086	2	112	85	1	46086931000	17
5591	46086	3	113	85	1	46086050000	17
5592	46086	5	111	86	1	46086286001	17
5593	46087	1	111	85	1	46087513001	17
5594	46087	4	110	86	1	46087107001	17
5595	46088	0	110	85	1	46088422001	17
5596	46134	0	110	85	0	46134197000	12
5597	46135	1	111	85	0	46135498000	12
5598	46136	0	110	85	0	46136663000	12
5599	46137	1	111	85	1	46137368001	12
5600	46137	4	110	86	0	46137718000	12
5601	46138	0	110	85	1	46138705001	11
5602	46140	4	110	86	1	46140350000	11
5603	46305	8	110	87	0	46305700001	17
5604	46305	12	110	88	0	46305330000	17
5605	46306	0	110	85	0	46306677001	17
5606	46306	4	110	86	0	46306145001	17
5607	46306	9	111	87	0	46306616000	17
5608	46306	13	111	88	0	46306071001	17
5609	46306	14	112	88	0	46306963001	17
5610	46307	1	111	85	0	46307788001	17
5611	46307	5	111	86	0	46307054001	17
5612	46307	10	112	87	0	46307312001	17
5613	46307	13	111	88	0	46307808001	17
5614	46307	15	113	88	0	46307999001	17
5615	46308	0	110	85	0	46308987001	16
5616	46308	2	112	85	0	46308793001	16
5617	46308	4	110	86	0	46308400000	16
5618	46308	6	112	86	0	46308153000	17
5619	46308	7	113	86	0	46308999000	16
5620	46308	8	110	87	0	46308515000	16
5621	46308	9	111	87	0	46308572000	16
5622	46308	11	113	87	0	46308354001	17
5623	46308	12	110	88	0	46308053001	17
5624	46308	14	112	88	0	46308772000	16
5625	46309	1	111	85	0	46309869000	16
5626	46309	3	113	85	0	46309791000	16
5627	46309	5	111	86	0	46309364001	16
5628	46309	6	112	86	0	46309953000	16
5629	46309	10	112	87	0	46309352000	16
5630	46309	15	113	88	0	46309886000	16
5631	46310	2	112	85	0	46310844001	16
5632	46310	11	113	87	0	46310256001	16
5633	46310	13	111	88	0	46310666000	16
5634	46311	7	113	86	0	46311381000	16
5635	46312	3	113	85	0	46312398001	16
5636	46326	10	112	87	0	46326800000	14
5637	46328	14	112	88	0	46328418000	14
5638	46336	0	110	85	1	46336028000	14
5639	46336	4	110	86	1	46336435001	14
5640	46337	1	111	85	1	46337392001	13
5641	46337	5	111	86	1	46337974001	13
5642	46337	8	110	87	1	46337011000	13
5643	46337	12	110	88	1	46337587000	13
5644	46338	9	111	87	1	46338558000	13
5645	46338	13	111	88	1	46338938000	13
5646	46339	1	111	85	1	46339084000	13
5647	46339	2	112	85	1	46339121000	13
5648	46339	6	112	86	1	46339543000	13
5649	46339	10	112	87	1	46339640001	13
5650	46340	3	113	85	1	46340747001	13
5651	46340	4	110	86	1	46340706000	13
5652	46340	14	112	88	1	46340035000	13
5653	46341	0	110	85	1	46341052000	13
5654	46341	7	113	86	1	46341169001	13
5655	46341	10	112	87	1	46341510000	13
5656	46341	11	113	87	1	46341728001	13
5657	46341	14	112	88	1	46341868000	13
5658	46342	2	112	85	1	46342589001	13
5659	46342	9	111	87	1	46342508001	13
5660	46342	13	111	88	1	46342480001	13
5661	46342	15	113	88	1	46342101000	13
5662	46343	6	112	86	1	46343261000	13
5663	46345	7	113	86	1	46345507000	13
5664	46345	12	110	88	1	46345619000	13
5665	46345	15	113	88	1	46345084000	13
5666	46346	11	113	87	1	46346868001	13
5667	46348	3	113	85	1	46348392000	13
5668	46370	11	113	87	0	46370881000	12
5669	46371	15	113	88	0	46371439001	12
5670	46373	15	113	88	1	46373242000	12
5671	46374	11	113	87	1	46374129001	12
5672	46388	5	111	86	1	46388947001	9
5673	46469	3	113	85	0	46469315001	16
5674	46470	7	113	86	0	46470343000	16
5675	46471	2	112	85	0	46471036000	16
5676	46471	3	113	85	0	46471866000	16
5677	46471	11	113	87	0	46471922000	16
5678	46472	6	112	86	0	46472495001	16
5679	46473	1	111	85	0	46473080001	16
5680	46473	2	112	85	0	46473447000	16
5681	46473	5	111	86	0	46473984001	16
5682	46473	7	113	86	0	46473010001	16
5683	46473	10	112	87	0	46473852001	16
5684	46473	15	113	88	0	46473479000	16
5685	46474	0	110	85	0	46474729001	16
5686	46474	6	112	86	0	46474807000	17
5687	46474	11	113	87	0	46474181001	16
5688	46475	9	111	87	0	46475729001	17
5689	46475	10	112	87	0	46475939001	17
5690	46475	14	112	88	0	46475490001	17
5691	46475	15	113	88	0	46475858001	17
5692	46476	1	111	85	0	46476363000	17
5693	46476	4	110	86	0	46476054000	17
5694	46476	5	111	86	0	46476718000	17
5695	46476	13	111	88	0	46476991000	17
5696	46477	0	110	85	0	46477112000	17
5697	46477	6	112	86	0	46477714000	17
5698	46478	4	110	86	0	46478533000	17
5699	46478	8	110	87	0	46478354001	17
5700	46478	9	111	87	0	46478099000	17
5701	46478	13	111	88	0	46478943001	17
5702	46478	14	112	88	0	46478442001	17
5703	46479	0	110	85	0	46479853000	17
5704	46479	10	112	87	0	46479080001	17
5705	46479	12	110	88	0	46479435001	17
5706	46480	3	113	85	1	46480227000	17
5707	46480	5	111	86	0	46480952001	17
5708	46480	7	113	86	1	46480622001	17
5709	46480	15	113	88	1	46480963001	17
5710	46481	8	110	87	0	46481906001	17
5711	46481	11	113	87	1	46481352001	17
5712	46481	13	111	88	0	46481358000	17
5713	46482	4	110	86	0	46482674001	17
5714	46482	9	111	87	0	46482015000	17
5715	46482	10	112	87	1	46482901000	17
5716	46482	12	110	88	0	46482344000	17
5717	46483	3	113	85	1	46483093001	17
5718	46483	7	113	86	1	46483915001	17
5719	46483	15	113	88	1	46483844000	17
5720	46484	11	113	87	1	46484495001	17
5721	46484	14	112	88	1	46484902000	17
5722	46485	2	112	85	1	46485272001	17
5723	46485	6	112	86	1	46485363000	17
5724	46487	10	112	87	1	46487376000	18
5725	46488	2	112	85	1	46488055001	18
5726	46488	6	112	86	1	46488703001	18
5727	46488	14	112	88	1	46488481000	18
5728	46489	1	111	85	1	46489126000	18
5729	46489	5	111	86	1	46489599000	18
5730	46489	9	111	87	1	46489598001	18
5731	46489	13	111	88	1	46489445001	18
5732	46490	10	112	87	1	46490402001	18
5733	46491	14	112	88	1	46491683001	18
5734	46492	1	111	85	1	46492231001	18
5735	46493	0	110	85	1	46493384000	18
5736	46493	2	112	85	1	46493831000	18
5737	46493	5	111	86	1	46493452000	18
5738	46493	9	111	87	1	46493481001	18
5739	46493	13	111	88	1	46493240000	18
5740	46494	1	111	85	1	46494886001	18
5741	46495	8	110	87	1	46495439000	18
5742	46496	4	110	86	1	46496161001	18
5743	46496	12	110	88	1	46496707001	18
5744	46496	13	111	88	1	46496911000	18
5745	46498	9	111	87	1	46498866000	18
5746	46499	8	110	87	1	46499982001	18
5747	46500	1	111	85	0	46500051000	18
5748	46500	2	112	85	0	46500305000	18
5749	46500	4	110	86	1	46500026000	18
5750	46500	12	110	88	1	46500671000	18
5751	46503	2	112	85	0	46503009000	18
5752	46503	3	113	85	0	46503847001	18
5753	46504	1	111	85	0	46504048000	18
5754	46504	4	110	86	0	46504076000	18
5755	46505	5	111	86	0	46505949001	18
5756	46505	12	110	88	1	46505025001	18
5757	46507	2	112	85	0	46507538001	17
5758	46507	6	112	86	0	46507043001	17
5759	46508	0	110	85	0	46508757001	17
5760	46508	3	113	85	0	46508004000	17
5761	46508	7	113	86	0	46508735001	17
5762	46509	1	111	85	0	46509001000	17
5763	46509	4	110	86	0	46509158000	17
5764	46509	5	111	86	0	46509464001	17
5765	46509	9	111	87	0	46509991000	17
5766	46510	2	112	85	0	46510965000	17
5767	46510	6	112	86	0	46510313001	17
5768	46510	8	110	87	0	46510072001	17
5769	46511	7	113	86	0	46511312001	17
5770	46512	6	112	86	0	46512615001	17
5771	46512	9	111	87	0	46512632001	17
5772	46512	10	112	87	0	46512259000	17
5773	46513	3	113	85	0	46513538000	17
5774	46514	5	111	86	0	46514230000	17
5775	46514	8	110	87	0	46514952001	17
5776	46514	10	112	87	0	46514499001	17
5777	46514	11	113	87	0	46514107001	17
5778	46514	12	110	88	0	46514181001	17
5779	46515	7	113	86	0	46515618001	17
5780	46515	13	111	88	0	46515462000	17
5781	46516	9	111	87	0	46516681000	17
5782	46516	11	113	87	0	46516252001	17
5783	46517	10	112	87	0	46517643000	17
5784	46517	12	110	88	0	46517161001	17
5785	46517	13	111	88	0	46517648001	17
5786	46517	14	112	88	0	46517087001	17
5787	46518	6	112	86	0	46518132001	17
5788	46518	7	113	86	0	46518738000	17
5789	46519	11	113	87	0	46519515000	17
5790	46519	14	112	88	0	46519636000	17
5791	46520	13	111	88	0	46520996001	17
5792	46520	15	113	88	0	46520176000	17
5793	46521	8	110	87	0	46521083000	17
5794	46521	9	111	87	0	46521732000	16
5795	46521	10	112	87	0	46521339000	16
5796	46521	12	110	88	0	46521387000	16
5797	46523	14	112	88	0	46523244000	16
5798	46523	15	113	88	0	46523508000	16
5799	46524	11	113	87	0	46524952000	16
5800	46524	13	111	88	0	46524895001	16
5801	46526	3	113	85	1	46526413000	16
5802	46526	5	111	86	0	46526744001	16
5803	46526	14	112	88	0	46526780001	16
5804	46526	15	113	88	0	46526999001	16
5805	46527	1	111	85	1	46527874000	16
5806	46527	2	112	85	1	46527357001	16
5807	46528	0	110	85	1	46528785000	16
5808	46528	3	113	85	1	46528977000	16
5809	46529	1	111	85	1	46529858000	16
5810	46529	2	112	85	1	46529924001	16
5811	46530	0	110	85	1	46530958000	16
5812	46530	7	113	86	1	46530716000	16
5813	46531	5	111	86	1	46531307000	16
5814	46531	6	112	86	1	46531643001	16
5815	46532	4	110	86	1	46532847001	15
5816	46533	5	111	86	1	46533822001	15
5817	46533	7	113	86	1	46533240000	15
5818	46534	6	112	86	1	46534336001	15
5819	46534	11	113	87	1	46534875000	15
5820	46535	4	110	86	1	46535007000	15
5821	46535	10	112	87	1	46535370001	15
5822	46536	1	111	85	1	46536996001	15
5823	46536	8	110	87	1	46536494000	15
5824	46536	9	111	87	1	46536053001	15
5825	46537	10	112	87	1	46537416001	15
5826	46537	11	113	87	1	46537496000	15
5827	46538	8	110	87	1	46538958001	15
5828	46538	9	111	87	1	46538249001	15
5829	46538	14	112	88	1	46538203001	15
5830	46538	15	113	88	1	46538672000	15
5831	46539	13	111	88	1	46539445001	15
5832	46540	12	110	88	1	46540603000	15
5833	46540	14	112	88	1	46540465000	15
5834	46541	13	111	88	1	46541688001	15
5835	46541	15	113	88	1	46541146000	15
5836	46543	12	110	88	1	46543157001	14
5837	46548	14	112	88	1	46548444001	14
5838	46553	10	112	87	1	46553303000	14
5839	46653	10	112	87	0	46653283001	15
5840	46798	12	110	88	0	46798935000	13
5841	46800	8	110	87	0	46800604000	13
5842	46801	12	110	88	0	46801985001	14
5843	46802	4	110	86	0	46802348001	14
5844	46802	13	111	88	0	46802393001	14
5845	46803	0	110	85	0	46803958001	14
5846	46803	8	110	87	0	46803338001	14
5847	46804	9	111	87	0	46804275000	14
5848	46805	4	110	86	0	46805732000	14
5849	46805	14	112	88	0	46805453000	14
5850	46806	0	110	85	0	46806678000	15
5851	46806	5	111	86	0	46806351000	15
5852	46806	10	112	87	0	46806427000	15
5853	46806	12	110	88	1	46806583001	15
5854	46807	1	111	85	0	46807245001	15
5855	46808	13	111	88	1	46808192000	15
5856	46809	5	111	86	0	46809604000	15
5857	46809	8	110	87	1	46809165000	15
5858	46809	10	112	87	0	46809467000	15
5859	46809	12	110	88	1	46809447000	15
5860	46810	0	110	85	0	46810304001	15
5861	46810	1	111	85	0	46810081001	15
5862	46810	4	110	86	1	46810891000	15
5863	46810	6	112	86	0	46810135001	15
5864	46811	9	111	87	1	46811032000	15
5865	46811	14	112	88	1	46811183000	15
5866	46812	8	110	87	1	46812035001	16
5867	46812	10	112	87	1	46812306000	16
5868	46813	0	110	85	1	46813561000	16
5869	46813	2	112	85	0	46813027000	16
5870	46813	4	110	86	1	46813911000	16
5871	46814	5	111	86	1	46814473000	16
5872	46817	0	110	85	1	46817397000	16
5873	46817	2	112	85	0	46817273000	16
5874	46817	6	112	86	1	46817210001	16
5875	46819	1	111	85	1	46819689001	17
5876	46820	0	110	85	1	46820588001	17
5877	46821	4	110	86	1	46821870000	17
5878	46822	2	112	85	1	46822177001	17
5879	46828	1	111	85	1	46828471001	18
5880	46833	2	112	85	0	46833334001	18
5881	46834	0	110	85	0	46834851001	18
5882	46834	1	111	85	0	46834257001	18
5883	46838	0	110	85	0	46838365001	18
5884	46838	4	110	86	0	46838493000	18
5885	46838	6	112	86	0	46838342000	18
5886	46839	1	111	85	0	46839987001	18
5887	46839	2	112	85	1	46839365001	18
5888	46839	5	111	86	0	46839590001	18
5889	46841	4	110	86	0	46841341000	19
5890	46843	1	111	85	1	46843264000	19
5891	46843	8	110	87	0	46843759000	19
5892	46843	9	111	87	0	46843728000	19
5893	46845	4	110	86	0	46845890000	19
5894	46846	5	111	86	1	46846352001	19
5895	46846	12	110	88	0	46846996000	19
5896	46846	13	111	88	0	46846673001	19
5897	46847	8	110	87	0	46847425001	19
5898	46848	0	110	85	1	46848002001	19
5899	46849	1	111	85	1	46849333001	19
5900	46849	9	111	87	1	46849185000	19
5901	46850	0	110	85	1	46850731001	19
5902	46850	4	110	86	1	46850180001	19
5903	46850	12	110	88	0	46850875001	19
5904	46850	13	111	88	1	46850548001	19
5905	46852	8	110	87	1	46852141001	19
5906	46854	12	110	88	1	46854069001	19
5907	46855	4	110	86	1	46855832000	19
5908	46855	8	110	87	1	46855559000	19
5909	46858	12	110	88	1	46858041000	19
5910	47130	2	112	85	0	47130064000	9
5911	47130	3	113	85	0	47130724001	9
5912	47132	0	110	85	0	47132096000	9
5913	47132	7	113	86	0	47132350001	10
5914	47134	2	112	85	1	47134803000	10
5915	47134	6	112	86	0	47134919001	10
5916	47135	4	110	86	0	47135541001	11
5917	47136	11	113	87	0	47136477000	11
5918	47137	10	112	87	0	47137821001	11
5919	47140	8	110	87	0	47140627001	12
5920	47141	9	111	87	0	47141793000	12
5921	47142	14	112	88	0	47142221000	13
5922	47142	15	113	88	0	47142381000	13
5923	47143	13	111	88	0	47143957000	13
5924	47145	4	110	86	1	47145871000	14
5925	47146	12	110	88	0	47146307000	14
5926	47152	11	113	87	1	47152554001	16
5927	47156	13	111	88	1	47156974000	17
5928	47157	14	112	88	1	47157018001	17
5929	47245	13	111	88	0	47245644000	19
5930	47246	14	112	88	0	47246601000	19
5931	47249	11	113	87	0	47249385001	18
5932	47250	4	110	86	0	47250804001	18
5933	47254	2	112	85	0	47254629001	17
5934	47954	7	113	86	0	47954554001	14
5935	47954	11	113	87	0	47954065000	14
5936	47954	15	113	88	0	47954195000	14
5937	47955	3	113	85	0	47955023000	14
5938	47955	11	113	87	0	47955955001	14
5939	47955	14	112	88	0	47955801001	14
5940	47956	2	112	85	0	47956864001	14
5941	47956	6	112	86	0	47956428001	14
5942	47956	7	113	86	0	47956794001	14
5943	47956	10	112	87	0	47956283000	14
5944	47956	15	113	88	0	47956072000	14
5945	47957	3	113	85	0	47957288000	14
5946	47957	13	111	88	0	47957605001	14
5947	47957	14	112	88	0	47957521000	14
5948	47958	1	111	85	0	47958790001	14
5949	47958	2	112	85	0	47958871001	14
5950	47958	5	111	86	0	47958124000	14
5951	47958	6	112	86	0	47958145001	14
5952	47958	9	111	87	0	47958187001	14
5953	47958	10	112	87	0	47958014000	14
5954	47959	12	110	88	0	47959981000	13
5955	47959	13	111	88	0	47959264000	13
5956	47960	0	110	85	0	47960361000	13
5957	47960	1	111	85	0	47960811000	13
5958	47960	4	110	86	0	47960084001	13
5959	47960	5	111	86	0	47960266000	13
5960	47960	8	110	87	0	47960146001	13
5961	47960	9	111	87	1	47960139000	13
5962	47960	10	112	87	0	47960713000	13
5963	47960	14	112	88	0	47960117001	13
5964	47962	0	110	85	0	47962432000	13
5965	47962	4	110	86	0	47962238000	13
5966	47962	8	110	87	0	47962672000	13
5967	47962	12	110	88	0	47962276001	13
5968	47965	4	110	86	0	47965521001	12
5969	47966	6	112	86	0	47966845000	12
5970	47969	11	113	87	0	47969932000	12
5971	47969	13	111	88	0	47969795000	12
5972	47975	3	113	85	1	47975879000	10
5973	47976	2	112	85	1	47976840001	10
5974	47976	7	113	86	1	47976762001	10
5975	47977	1	111	85	1	47977505001	10
5976	47977	6	112	86	1	47977701001	10
5977	47977	11	113	87	1	47977508000	10
5978	47978	0	110	85	1	47978574001	10
5979	47978	5	111	86	1	47978412000	10
5980	47978	10	112	87	1	47978421000	10
5981	47978	15	113	88	1	47978656001	10
5982	47979	1	111	85	1	47979750001	10
5983	47979	4	110	86	1	47979303001	10
5984	47979	9	111	87	1	47979160000	10
5985	47979	13	111	88	1	47979843001	10
5986	47979	14	112	88	1	47979206000	10
5987	47980	8	110	87	1	47980073000	10
5988	47981	9	111	87	1	47981727000	9
5989	47981	12	110	88	1	47981022001	10
5990	47981	13	111	88	1	47981377001	10
5991	47981	14	112	88	1	47981424000	10
5992	47982	10	112	87	1	47982019001	9
5993	47984	2	112	85	1	47984692001	9
5994	47984	4	110	86	1	47984221000	9
5995	47993	12	110	88	1	47993911000	7
5996	47994	8	110	87	1	47994347000	7
5997	48004	11	113	87	1	48004993000	8
5998	48007	6	112	86	1	48007146000	8
5999	48079	11	113	87	0	48079696000	29
6000	48081	6	112	86	0	48081806000	30
6001	48156	10	112	87	0	48156727001	23
6002	48159	2	112	85	0	48159389000	23
6003	48217	12	110	88	0	48217905001	12
6004	48218	4	110	86	0	48218704001	12
6005	48218	8	110	87	0	48218307001	12
6006	48218	13	111	88	0	48218350001	12
6007	48219	0	110	85	0	48219348001	12
6008	48219	5	111	86	0	48219530000	12
6009	48219	9	111	87	0	48219039001	12
6010	48219	10	112	87	0	48219544000	12
6011	48219	14	112	88	0	48219097000	12
6012	48220	1	111	85	0	48220089001	12
6013	48220	2	112	85	0	48220539001	12
6014	48220	4	110	86	0	48220956001	12
6015	48220	6	112	86	0	48220102000	12
6016	48220	7	113	86	0	48220937000	12
6017	48220	11	113	87	0	48220418001	12
6018	48220	12	110	88	0	48220219000	12
6019	48220	13	111	88	0	48220113000	12
6020	48220	15	113	88	0	48220075001	12
6021	48221	3	113	85	0	48221646000	12
6022	48221	8	110	87	0	48221112000	12
6023	48221	9	111	87	0	48221806001	12
6024	48221	10	112	87	0	48221325000	12
6025	48221	14	112	88	0	48221013000	12
6026	48222	2	112	85	0	48222432000	12
6027	48222	6	112	86	0	48222219001	12
6028	48222	11	113	87	0	48222647001	12
6029	48223	5	111	86	0	48223304000	12
6030	48223	7	113	86	0	48223376001	12
6031	48225	3	113	85	0	48225577001	13
6032	48225	15	113	88	0	48225408001	12
6033	48226	0	110	85	0	48226106001	13
6034	48227	1	111	85	0	48227784000	13
6035	48255	0	110	85	1	48255950000	15
6036	48283	0	110	85	1	48283352001	14
6037	48286	0	110	85	1	48286281001	14
6038	48286	4	110	86	1	48286930000	14
6039	48288	0	110	85	1	48288768000	14
6040	48289	1	111	85	1	48289532001	14
6041	48289	4	110	86	1	48289686001	14
6042	48290	8	110	87	1	48290138000	14
6043	48291	5	111	86	1	48291966001	14
6044	48292	1	111	85	1	48292030000	14
6045	48292	8	110	87	1	48292740001	14
6046	48292	12	110	88	1	48292258001	14
6047	48293	2	112	85	1	48293301000	14
6048	48293	4	110	86	1	48293543000	14
6049	48294	3	113	85	1	48294897000	14
6050	48294	5	111	86	1	48294455000	14
6051	48294	9	111	87	1	48294083001	14
6052	48294	12	110	88	1	48294884001	14
6053	48295	1	111	85	1	48295211001	14
6054	48295	2	112	85	1	48295797000	14
6055	48295	6	112	86	1	48295362000	14
6056	48296	3	113	85	1	48296933001	14
6057	48296	7	113	86	1	48296270000	14
6058	48296	9	111	87	1	48296555000	14
6059	48296	13	111	88	1	48296254000	14
6060	48297	6	112	86	1	48297624000	14
6061	48297	10	112	87	1	48297092000	14
6062	48297	11	113	87	1	48297092000	14
6063	48298	7	113	86	1	48298289000	14
6064	48298	13	111	88	1	48298479001	14
6065	48298	15	113	88	1	48298107001	14
6066	48299	10	112	87	1	48299184001	14
6067	48299	11	113	87	1	48299310000	14
6068	48299	12	110	88	1	48299889000	14
6069	48299	14	112	88	1	48299197000	14
6070	48299	15	113	88	1	48299965000	14
6071	48301	9	111	87	1	48301285000	14
6072	48301	14	112	88	1	48301086000	14
6073	48303	8	110	87	1	48303172001	14
6074	48303	13	111	88	1	48303271001	14
6075	48304	5	111	86	1	48304162000	14
6076	48305	2	112	85	1	48305199001	15
6077	48305	10	112	87	1	48305200000	15
6078	48421	0	110	85	0	48421783000	20
6079	48422	4	110	86	0	48422104000	20
6080	48422	8	110	87	0	48422817001	20
6081	48423	12	110	88	0	48423899000	20
6082	48424	5	111	86	0	48424438001	19
6083	48424	9	111	87	0	48424913001	19
6084	48425	0	110	85	0	48425178001	19
6085	48425	4	110	86	0	48425584001	19
6086	48425	8	110	87	0	48425195001	19
6087	48425	13	111	88	0	48425245001	19
6088	48426	1	111	85	0	48426241000	19
6089	48426	5	111	86	0	48426697000	19
6090	48426	10	112	87	0	48426970000	19
6091	48426	12	110	88	0	48426862000	19
6092	48427	9	111	87	0	48427856000	19
6093	48427	13	111	88	0	48427409000	19
6094	48427	14	112	88	0	48427951000	19
6095	48429	10	112	87	0	48429955000	19
6096	48430	4	110	86	0	48430747001	19
6097	48430	8	110	87	0	48430817000	19
6098	48430	13	111	88	0	48430411000	19
6099	48430	14	112	88	0	48430073000	19
6100	48431	9	111	87	0	48431593000	19
6101	48432	6	112	86	0	48432206001	19
6102	48433	15	113	88	0	48433524000	19
6103	48434	13	111	88	0	48434405000	19
6104	48434	14	112	88	0	48434016000	19
6105	48435	0	110	85	1	48435871000	18
6106	48436	1	111	85	1	48436131001	18
6107	48437	4	110	86	1	48437019000	18
6108	48438	5	111	86	1	48438969000	18
6109	48439	0	110	85	1	48439754001	18
6110	48441	10	112	87	1	48441574001	18
6111	48442	4	110	86	1	48442447001	18
6112	48444	9	111	87	1	48444606000	18
6113	48445	4	110	86	1	48445696000	18
6114	48446	8	110	87	1	48446151001	18
6115	48447	5	111	86	1	48447978000	18
6116	48448	9	111	87	1	48448954001	18
6117	48448	10	112	87	1	48448920001	18
6118	48448	14	112	88	1	48448230001	18
6119	48449	13	111	88	1	48449049001	18
6120	48450	8	110	87	1	48450557001	17
6121	48454	0	110	85	1	48454487000	17
6122	48454	14	112	88	1	48454425001	17
6123	48455	4	110	86	1	48455408000	17
6124	48455	8	110	87	1	48455434001	17
6125	48458	12	110	88	1	48458044001	17
6126	48464	14	112	88	0	48464255001	17
6127	48468	12	110	88	0	48468390000	17
6128	48468	15	113	88	0	48468399000	17
6129	48469	8	110	87	0	48469235000	17
6130	48469	14	112	88	0	48469489001	17
6131	48470	13	111	88	0	48470096000	17
6132	48471	9	111	87	0	48471236000	17
6133	48471	10	112	87	0	48471743001	17
6134	48471	15	113	88	0	48471552001	17
6135	48472	8	110	87	0	48472781000	17
6136	48472	11	113	87	0	48472751001	17
6137	48472	14	112	88	0	48472564000	17
6138	48473	9	111	87	0	48473842000	17
6139	48474	4	110	86	0	48474649000	17
6140	48474	10	112	87	0	48474341001	17
6141	48475	11	113	87	0	48475728001	17
6142	48476	5	111	86	0	48476858000	17
6143	48476	8	110	87	0	48476951000	17
6144	48476	9	111	87	0	48476930001	17
6145	48476	10	112	87	0	48476749000	17
6146	48476	15	113	88	0	48476223000	17
6147	48477	4	110	86	0	48477433000	17
6148	48478	7	113	86	0	48478834000	17
6149	48478	11	113	87	0	48478901001	17
6150	48479	5	111	86	0	48479419000	17
6151	48479	6	112	86	0	48479908001	17
6152	48480	4	110	86	0	48480756000	17
6153	48480	10	112	87	0	48480793000	17
6154	48481	0	110	85	0	48481115001	17
6155	48481	5	111	86	0	48481982001	17
6156	48481	9	111	87	0	48481503001	17
6157	48482	6	112	86	0	48482205001	17
6158	48482	7	113	86	0	48482131001	17
6159	48483	0	110	85	0	48483869000	18
6160	48483	2	112	85	0	48483291001	18
6161	48483	4	110	86	0	48483391000	18
6162	48483	11	113	87	0	48483345000	18
6163	48484	1	111	85	0	48484336000	18
6164	48484	6	112	86	0	48484959001	18
6165	48485	7	113	86	0	48485558000	18
6166	48486	2	112	85	0	48486399000	18
6167	48486	3	113	85	0	48486840001	18
6168	48486	5	111	86	1	48486321001	18
6169	48487	0	110	85	0	48487402001	18
6170	48487	1	111	85	0	48487365000	18
6171	48489	2	112	85	0	48489419000	18
6172	48489	6	112	86	0	48489027000	18
6173	48489	7	113	86	0	48489565000	18
6174	48490	3	113	85	0	48490783001	18
6175	48491	1	111	85	0	48491394000	18
6176	48495	7	113	86	1	48495781001	18
6177	48496	3	113	85	1	48496249000	18
6178	48497	6	112	86	1	48497828000	18
6179	48497	11	113	87	1	48497155000	18
6180	48497	15	113	88	1	48497142001	18
6181	48498	2	112	85	1	48498354000	18
6182	48498	7	113	86	1	48498098000	18
6183	48498	10	112	87	1	48498628001	18
6184	48498	14	112	88	1	48498484000	18
6185	48498	15	113	88	1	48498978001	18
6186	48499	1	111	85	1	48499636001	18
6187	48499	5	111	86	1	48499975000	18
6188	48499	6	112	86	1	48499873001	18
6189	48499	9	111	87	1	48499734001	18
6190	48499	11	113	87	1	48499566001	18
6191	48499	13	111	88	1	48499735001	18
6192	48500	10	112	87	1	48500399001	18
6193	48500	14	112	88	1	48500051000	18
6194	48501	0	110	85	1	48501246001	18
6195	48501	1	111	85	1	48501462001	18
6196	48501	4	110	86	1	48501299001	18
6197	48501	8	110	87	1	48501351000	18
6198	48501	9	111	87	1	48501426001	18
6199	48501	12	110	88	1	48501200000	18
6200	48501	13	111	88	1	48501300001	18
6201	48502	0	110	85	1	48502955000	18
6202	48502	2	112	85	1	48502704001	18
6203	48502	5	111	86	1	48502182000	18
6204	48503	4	110	86	1	48503064001	18
6205	48503	12	110	88	1	48503852001	18
6206	48504	8	110	87	1	48504156001	18
6207	48858	3	113	85	0	48858953000	17
6208	48859	0	110	85	0	48859173000	17
6209	48859	1	111	85	0	48859207000	17
6210	48859	2	112	85	0	48859039001	17
6211	48860	4	110	86	0	48860632001	17
6212	48860	5	111	86	0	48860296000	17
6213	48860	6	112	86	0	48860214000	17
6214	48860	7	113	86	0	48860092001	17
6215	48861	0	110	85	0	48861211000	17
6216	48861	1	111	85	0	48861335000	17
6217	48861	2	112	85	0	48861107000	17
6218	48861	3	113	85	0	48861507001	17
6219	48861	9	111	87	0	48861920000	17
6220	48861	10	112	87	0	48861640001	17
6221	48861	11	113	87	0	48861375001	17
6222	48862	4	110	86	0	48862725000	17
6223	48862	5	111	86	0	48862544000	17
6224	48862	6	112	86	0	48862360001	17
6225	48862	7	113	86	0	48862286000	17
6226	48862	8	110	87	0	48862181000	17
6227	48862	14	112	88	0	48862991001	17
6228	48862	15	113	88	0	48862942001	17
6229	48863	9	111	87	0	48863898000	17
6230	48863	10	112	87	0	48863607001	17
6231	48863	11	113	87	0	48863431000	17
6232	48863	12	110	88	0	48863664000	17
6233	48863	13	111	88	0	48863141000	17
6234	48864	8	110	87	0	48864670001	17
6235	48865	13	111	88	0	48865141001	17
6236	48865	14	112	88	0	48865131000	17
6237	48865	15	113	88	0	48865010000	17
6238	48866	12	110	88	0	48866080001	17
6239	48867	6	112	86	0	48867435001	17
6240	48867	11	113	87	0	48867607000	17
6241	48868	10	112	87	0	48868060000	17
6242	48870	13	111	88	0	48870494001	18
6243	48871	14	112	88	0	48871049000	18
6244	48873	3	113	85	1	48873641000	18
6245	48874	2	112	85	1	48874821000	18
6246	48874	6	112	86	1	48874932001	18
6247	48874	7	113	86	1	48874169001	18
6248	48874	11	113	87	1	48874242001	18
6249	48874	15	113	88	1	48874804000	18
6250	48875	1	111	85	1	48875481001	18
6251	48875	5	111	86	1	48875642000	18
6252	48875	10	112	87	1	48875411000	18
6253	48875	14	112	88	1	48875543001	18
6254	48876	0	110	85	1	48876444000	18
6255	48876	4	110	86	1	48876806001	18
6256	48876	9	111	87	1	48876249001	18
6257	48876	13	111	88	1	48876329000	18
6258	48877	8	110	87	1	48877124001	18
6259	48877	12	110	88	1	48877413000	18
6260	48879	13	111	88	1	48879594000	19
6261	48909	13	111	88	0	48909328001	23
6262	48952	7	113	86	0	48952598001	27
6263	48953	11	113	87	0	48953804000	27
6264	48954	15	113	88	0	48954976001	27
6265	49288	12	110	88	0	49288924001	26
6266	49289	0	110	85	0	49289208000	26
6267	49289	4	110	86	0	49289012001	26
6268	49289	8	110	87	0	49289037001	26
6269	49289	13	111	88	0	49289901000	26
6270	49290	1	111	85	0	49290484000	26
6271	49290	5	111	86	0	49290206001	26
6272	49290	9	111	87	0	49290084000	26
6273	49290	14	112	88	0	49290806000	26
6274	49291	0	110	85	0	49291871000	26
6275	49291	2	112	85	0	49291331001	26
6276	49291	4	110	86	0	49291146001	26
6277	49291	6	112	86	0	49291134001	26
6278	49291	10	112	87	0	49291027001	26
6279	49291	12	110	88	0	49291100001	26
6280	49291	13	111	88	0	49291684000	26
6281	49292	3	113	85	0	49292612000	26
6282	49292	5	111	86	0	49292457001	26
6283	49292	7	113	86	0	49292164001	26
6284	49292	9	111	87	0	49292018001	26
6285	49292	11	113	87	0	49292152000	26
6286	49292	14	112	88	0	49292947001	26
6287	49292	15	113	88	0	49292275000	26
6288	49293	1	111	85	0	49293231000	26
6289	49293	2	112	85	0	49293503000	26
6290	49293	6	112	86	0	49293248000	26
6291	49293	8	110	87	0	49293128001	26
6292	49293	10	112	87	0	49293040000	26
6293	49294	7	113	86	0	49294277001	26
6294	49294	11	113	87	0	49294009000	26
6295	49294	15	113	88	0	49294818000	26
6296	49295	3	113	85	0	49295384001	26
6297	49300	14	112	88	0	49300457001	27
6298	49304	8	110	87	1	49304889000	27
6299	49304	12	110	88	1	49304168000	27
6300	49304	13	111	88	1	49304517000	27
6301	49304	14	112	88	1	49304884000	27
6302	49305	4	110	86	1	49305437001	27
6303	49305	9	111	87	1	49305428000	27
6304	49305	10	112	87	1	49305496000	27
6305	49305	15	113	88	1	49305238000	27
6306	49306	0	110	85	1	49306270001	27
6307	49306	1	111	85	1	49306925000	27
6308	49306	5	111	86	1	49306074001	27
6309	49306	6	112	86	1	49306747000	27
6310	49306	7	113	86	1	49306912001	27
6311	49306	11	113	87	1	49306166000	27
6312	49307	2	112	85	1	49307306001	27
6313	49307	3	113	85	1	49307719000	27
6314	49308	0	110	85	1	49308470001	27
6315	49308	4	110	86	1	49308737001	27
6316	49309	1	111	85	1	49309265001	27
6317	49309	10	112	87	1	49309512001	27
6318	49326	2	112	85	1	49326917001	28
6319	49396	0	110	85	0	49396504000	26
6320	49477	0	110	85	0	49477822000	21
6321	49477	1	111	85	0	49477575000	21
6322	49477	2	112	85	0	49477325001	21
6323	49477	3	113	85	0	49477284001	21
6324	49477	6	112	86	0	49477952000	21
6325	49477	7	113	86	0	49477741001	21
6326	49478	4	110	86	0	49478172000	21
6327	49478	5	111	86	0	49478067001	21
6328	49478	9	111	87	0	49478943000	21
6329	49478	10	112	87	0	49478582000	21
6330	49478	11	113	87	0	49478395000	21
6331	49479	6	112	86	0	49479928000	20
6332	49479	7	113	86	0	49479783001	20
6333	49479	8	110	87	0	49479042000	21
6334	49479	12	110	88	0	49479839001	20
6335	49479	13	111	88	0	49479463001	20
6336	49479	14	112	88	0	49479360001	21
6337	49479	15	113	88	0	49479302000	21
6338	49480	0	110	85	0	49480095000	20
6339	49481	2	112	85	0	49481270001	20
6340	49481	5	111	86	0	49481730001	20
6341	49481	11	113	87	0	49481082000	20
6342	49481	14	112	88	0	49481976000	20
6343	49482	4	110	86	0	49482463001	20
6344	49482	10	112	87	0	49482540001	20
6345	49482	13	111	88	0	49482635000	20
6346	49483	12	110	88	0	49483207000	20
6347	49486	8	110	87	0	49486430001	19
6348	49494	3	113	85	1	49494932000	19
6349	49495	0	110	85	1	49495049001	19
6350	49495	2	112	85	1	49495669000	19
6351	49495	6	112	86	1	49495971001	19
6352	49495	7	113	86	1	49495119000	19
6353	49495	11	113	87	1	49495418000	19
6354	49495	15	113	88	1	49495924000	19
6355	49496	1	111	85	1	49496501001	19
6356	49496	5	111	86	1	49496636001	19
6357	49496	10	112	87	1	49496177000	19
6358	49496	14	112	88	1	49496340000	19
6359	49497	0	110	85	1	49497428001	19
6360	49497	4	110	86	1	49497490001	19
6361	49497	8	110	87	1	49497846001	18
6362	49497	9	111	87	1	49497094000	19
6363	49497	13	111	88	1	49497007001	19
6364	49498	12	110	88	1	49498266000	18
6365	49498	13	111	88	1	49498942001	18
6366	49500	14	112	88	1	49500567000	18
6367	49582	3	113	85	0	49582840000	15
6368	49583	7	113	86	0	49583872001	15
6369	49585	11	113	87	1	49585371001	15
6370	49742	14	112	88	0	49742268001	19
6371	49743	10	112	87	0	49743980001	18
6372	49743	13	111	88	0	49743725001	18
6373	49790	15	113	88	0	49790904001	11
6374	49791	11	113	87	0	49791331001	11
6375	49792	3	113	85	0	49792752000	11
6376	49792	7	113	86	0	49792151000	11
6377	49792	14	112	88	0	49792617000	11
6378	49792	15	113	88	0	49792891001	11
6379	49793	6	112	86	0	49793766000	11
6380	49793	10	112	87	0	49793232000	11
6381	49793	11	113	87	0	49793238000	11
6382	49793	13	111	88	0	49793949001	11
6383	49794	2	112	85	0	49794476000	11
6384	49794	3	113	85	0	49794873001	11
6385	49794	7	113	86	0	49794192001	11
6386	49794	9	111	87	0	49794626001	11
6387	49794	14	112	88	0	49794398000	11
6388	49795	5	111	86	0	49795093001	11
6389	49795	6	112	86	0	49795920001	11
6390	49795	10	112	87	0	49795395001	11
6391	49795	12	110	88	0	49795528000	11
6392	49795	13	111	88	0	49795802001	11
6393	49796	1	111	85	0	49796085000	11
6394	49796	2	112	85	0	49796820001	11
6395	49796	4	110	86	0	49796717000	11
6396	49796	8	110	87	0	49796256001	11
6397	49796	9	111	87	0	49796606001	11
6398	49797	0	110	85	0	49797384001	11
6399	49797	5	111	86	0	49797041000	11
6400	49797	12	110	88	0	49797752000	11
6401	49798	1	111	85	0	49798803000	11
6402	49799	0	110	85	0	49799392001	11
6403	49799	4	110	86	0	49799059001	11
6404	49799	8	110	87	0	49799825001	11
6405	49803	12	110	88	1	49803876000	12
6406	49803	13	111	88	1	49803798000	12
6407	49803	14	112	88	1	49803077000	12
6408	49803	15	113	88	1	49803569001	12
6409	49806	14	112	88	1	49806913001	12
6410	49807	10	112	87	1	49807935000	12
6411	49807	11	113	87	1	49807811000	12
6412	49807	12	110	88	1	49807371000	12
6413	49807	13	111	88	1	49807273001	12
6414	49807	15	113	88	1	49807700001	12
6415	49808	8	110	87	1	49808629001	12
6416	49808	9	111	87	1	49808813000	12
6417	49809	14	112	88	1	49809697001	13
6418	49810	4	110	86	1	49810269000	13
6419	49810	12	110	88	1	49810801001	13
6420	49810	13	111	88	1	49810336000	13
6421	49811	15	113	88	1	49811110001	13
6422	49812	5	111	86	1	49812683000	13
6423	49812	6	112	86	1	49812801001	13
6424	49812	8	110	87	1	49812148001	13
6425	49812	9	111	87	1	49812136001	13
6426	49812	10	112	87	1	49812404000	13
6427	49813	4	110	86	1	49813736000	14
6428	49813	7	113	86	1	49813751001	14
6429	49813	11	113	87	1	49813086001	13
6430	49814	9	111	87	1	49814772000	14
6431	49815	0	110	85	1	49815667000	14
6432	49815	10	112	87	1	49815135001	14
6433	49817	1	111	85	1	49817057000	15
6434	49817	2	112	85	1	49817995001	15
6435	49817	3	113	85	1	49817995001	15
6436	49817	4	110	86	1	49817334000	15
6437	49817	5	111	86	1	49817342001	15
6438	49817	6	112	86	1	49817507000	15
6439	49817	7	113	86	1	49817922001	15
6440	49818	11	113	87	1	49818554000	15
6441	49819	0	110	85	1	49819516000	15
6442	49820	7	113	86	1	49820705000	16
6443	49821	1	111	85	1	49821251000	16
6444	49821	5	111	86	1	49821534001	16
6445	49821	6	112	86	1	49821725000	16
6446	49822	0	110	85	1	49822085000	16
6447	49822	2	112	85	1	49822514001	16
6448	49823	1	111	85	1	49823741001	17
6449	49823	3	113	85	1	49823290001	16
6450	49824	4	110	86	1	49824922000	17
6451	49825	2	112	85	1	49825463001	17
6452	49825	3	113	85	1	49825901000	17
6453	49833	0	110	85	1	49833671001	19
6454	49843	8	110	87	1	49843562000	23
6455	50127	10	112	87	0	50127455001	20
6456	50128	4	110	86	0	50128309000	20
6457	50128	6	112	86	0	50128075001	20
6458	50129	2	112	85	0	50129292000	20
6459	50153	13	111	88	0	50153687000	24
6460	50153	14	112	88	0	50153665000	24
6461	50153	15	113	88	1	50153661001	24
6462	50154	9	111	87	0	50154736001	24
6463	50154	10	112	87	0	50154577000	24
6464	50154	11	113	87	0	50154488000	24
6465	50154	12	110	88	0	50154714001	24
6466	50155	5	111	86	0	50155281000	24
6467	50155	6	112	86	0	50155317001	24
6468	50155	7	113	86	0	50155343000	24
6469	50155	8	110	87	0	50155402001	24
6470	50155	13	111	88	0	50155344001	24
6471	50155	14	112	88	0	50155506000	24
6472	50155	15	113	88	0	50155749001	24
6473	50156	0	110	85	0	50156630000	24
6474	50156	1	111	85	0	50156408001	24
6475	50156	2	112	85	0	50156248000	24
6476	50156	3	113	85	0	50156843001	24
6477	50156	4	110	86	0	50156315000	24
6478	50156	11	113	87	0	50156459001	24
6479	50157	6	112	86	0	50157493000	24
6480	50157	7	113	86	0	50157316001	24
6481	50157	9	111	87	0	50157450001	24
6482	50158	0	110	85	0	50158875001	24
6483	50158	2	112	85	0	50158597001	24
6484	50158	3	113	85	0	50158981001	24
6485	50158	8	110	87	0	50158137001	24
6486	50160	10	112	87	0	50160944000	24
6487	50161	11	113	87	0	50161611001	24
6488	50163	15	113	88	1	50163802000	24
6489	50164	10	112	87	1	50164840001	24
6490	50164	11	113	87	1	50164433000	24
6491	50164	13	111	88	1	50164404000	24
6492	50164	14	112	88	1	50164091001	24
6493	50165	3	113	85	1	50165854001	24
6494	50165	5	111	86	1	50165845000	24
6495	50165	6	112	86	1	50165294000	24
6496	50165	7	113	86	1	50165251001	24
6497	50165	8	110	87	1	50165555001	24
6498	50165	9	111	87	1	50165046000	24
6499	50165	12	110	88	1	50165044001	24
6500	50166	0	110	85	1	50166796000	24
6501	50166	1	111	85	1	50166531000	24
6502	50166	2	112	85	1	50166284000	24
6503	50166	4	110	86	1	50166096001	24
6504	50252	11	113	87	0	50252493000	14
6505	50252	15	113	88	0	50252245000	14
6506	50253	7	113	86	0	50253412001	14
6507	50253	14	112	88	0	50253905000	14
6508	50254	3	113	85	0	50254518000	14
6509	50254	10	112	87	0	50254401000	14
6510	50254	11	113	87	0	50254692000	14
6511	50255	6	112	86	0	50255597001	14
6512	50255	7	113	86	0	50255487000	14
6513	50255	13	111	88	0	50255358000	14
6514	50256	2	112	85	0	50256369000	14
6515	50256	3	113	85	0	50256904000	14
6516	50256	5	111	86	0	50256453001	14
6517	50256	9	111	87	0	50256126001	14
6518	50256	10	112	87	0	50256936001	14
6519	50257	6	112	86	0	50257899001	15
6520	50257	8	110	87	0	50257588001	14
6521	50257	12	110	88	0	50257145001	14
6522	50257	14	112	88	0	50257002001	14
6523	50257	15	113	88	0	50257399000	14
6524	50258	1	111	85	0	50258059000	15
6525	50258	2	112	85	0	50258576000	15
6526	50258	4	110	86	0	50258669001	15
6527	50258	5	111	86	0	50258354001	15
6528	50258	9	111	87	0	50258182000	15
6529	50258	13	111	88	0	50258384000	15
6530	50259	0	110	85	0	50259844000	15
6531	50259	1	111	85	0	50259944000	15
6532	50260	4	110	86	0	50260993001	15
6533	50260	6	112	86	0	50260026001	15
6534	50260	8	110	87	0	50260017000	15
6535	50260	12	110	88	0	50260487001	15
6536	50261	0	110	85	0	50261774000	15
6537	50261	10	112	87	0	50261237001	15
6538	50261	11	113	87	0	50261180001	15
6539	50261	14	112	88	0	50261850001	15
6540	50262	13	111	88	0	50262421000	15
6541	50262	15	113	88	0	50262132001	15
6542	50265	12	110	88	0	50265887000	15
6543	50265	15	113	88	0	50265817001	15
6544	50266	13	111	88	0	50266478000	15
6545	50266	14	112	88	0	50266209000	15
6546	50268	9	111	87	0	50268450000	16
6547	50278	12	110	88	0	50278451000	17
6548	50293	3	113	85	1	50293500001	18
6549	50293	7	113	86	1	50293851000	18
6550	50294	2	112	85	1	50294971000	18
6551	50294	11	113	87	1	50294356001	18
6552	50294	15	113	88	1	50294877001	18
6553	50295	6	112	86	1	50295446001	18
6554	50295	10	112	87	1	50295586001	18
6555	50296	1	111	85	1	50296169000	18
6556	50296	3	113	85	1	50296347001	18
6557	50296	5	111	86	1	50296510001	18
6558	50296	7	113	86	1	50296168001	18
6559	50296	9	111	87	1	50296905001	18
6560	50296	14	112	88	1	50296131000	18
6561	50297	0	110	85	1	50297402000	19
6562	50297	1	111	85	1	50297635001	19
6563	50297	2	112	85	1	50297003000	19
6564	50297	6	112	86	1	50297379000	19
6565	50297	10	112	87	1	50297180001	19
6566	50297	11	113	87	1	50297076000	19
6567	50297	13	111	88	1	50297526000	19
6568	50297	14	112	88	1	50297664001	19
6569	50297	15	113	88	1	50297233000	19
6570	50298	0	110	85	1	50298994001	19
6571	50298	4	110	86	1	50298001001	19
6572	50298	5	111	86	1	50298470001	19
6573	50298	8	110	87	1	50298711001	19
6574	50298	9	111	87	1	50298554001	19
6575	50298	12	110	88	1	50298977001	19
6576	50299	4	110	86	1	50299933001	19
6577	50299	13	111	88	1	50299060001	19
6578	50300	12	110	88	1	50300907001	19
6579	50301	8	110	87	1	50301140000	19
6580	50384	4	110	86	0	50384633001	25
6581	50384	8	110	87	0	50384279000	25
6582	50384	12	110	88	0	50384373001	25
6583	50385	0	110	85	0	50385074000	24
6584	50385	13	111	88	0	50385663001	24
6585	50386	1	111	85	0	50386905001	24
6586	50386	4	110	86	0	50386968001	24
6587	50386	5	111	86	0	50386249000	24
6588	50386	8	110	87	0	50386568001	24
6589	50386	9	111	87	0	50386007000	24
6590	50386	12	110	88	0	50386986000	24
6591	50387	0	110	85	0	50387340001	24
6592	50387	6	112	86	0	50387809000	24
6593	50387	10	112	87	0	50387497001	24
6594	50387	13	111	88	0	50387560001	24
6595	50387	14	112	88	0	50387291000	24
6596	50388	2	112	85	0	50388153000	24
6597	50388	5	111	86	0	50388277000	24
6598	50388	9	111	87	0	50388446000	24
6599	50388	11	113	87	0	50388950001	24
6600	50388	15	113	88	0	50388859001	24
6601	50389	1	111	85	0	50389517001	24
6602	50389	3	113	85	0	50389727001	24
6603	50389	7	113	86	0	50389261000	24
6604	50389	10	112	87	0	50389877001	24
6605	50389	14	112	88	0	50389374000	24
6606	50390	2	112	85	0	50390414000	24
6607	50390	6	112	86	0	50390059001	24
6608	50390	11	113	87	0	50390986001	24
6609	50390	15	113	88	0	50390820000	24
6610	50391	7	113	86	0	50391471001	24
6611	50392	3	113	85	0	50392071000	24
6612	50394	0	110	85	1	50394526001	24
6613	50396	0	110	85	1	50396630000	23
6614	50397	4	110	86	1	50397817000	23
6615	50398	1	111	85	1	50398057001	23
6616	50398	7	113	86	0	50398282001	23
6617	50399	6	112	86	0	50399100000	23
6618	50400	1	111	85	1	50400264000	23
6619	50400	2	112	85	1	50400978001	23
6620	50400	4	110	86	1	50400069000	23
6621	50401	5	111	86	1	50401975000	23
6622	50402	0	110	85	1	50402165001	23
6623	50402	8	110	87	1	50402011000	23
6624	50403	2	112	85	1	50403399000	22
6625	50404	4	110	86	1	50404719001	22
6626	50404	5	111	86	1	50404282001	22
6627	50404	8	110	87	1	50404842000	22
6628	50404	12	110	88	1	50404803000	22
6629	50405	1	111	85	1	50405149001	22
6630	50405	3	113	85	1	50405059001	22
6631	50405	6	112	86	1	50405076001	22
6632	50405	9	111	87	1	50405519001	22
6633	50405	14	112	88	0	50405692000	22
6634	50407	2	112	85	1	50407033001	22
6635	50407	3	113	85	1	50407370001	22
6636	50407	6	112	86	1	50407713000	22
6637	50407	10	112	87	1	50407958001	22
6638	50407	12	110	88	1	50407247001	22
6639	50408	7	113	86	1	50408981001	22
6640	50408	9	111	87	1	50408138001	22
6641	50408	13	111	88	1	50408558001	22
6642	50410	10	112	87	1	50410280001	21
6643	50410	13	111	88	1	50410597001	21
6644	50411	7	113	86	1	50411670000	21
6645	50411	14	112	88	1	50411149001	21
6646	50412	11	113	87	1	50412314001	21
6647	50413	3	113	85	1	50413943000	21
6648	50413	10	112	87	1	50413679000	21
6649	50413	14	112	88	1	50413552001	21
6650	50414	11	113	87	1	50414789001	21
6651	50415	15	113	88	1	50415676000	21
6652	50417	14	112	88	1	50417071000	21
6653	50418	13	111	88	1	50418654000	21
6654	50418	15	113	88	1	50418057000	21
6655	50423	15	113	88	1	50423652000	20
6656	50579	0	110	85	0	50579614000	20
6657	50579	1	111	85	0	50579583001	20
6658	50579	2	112	85	0	50579313001	20
6659	50579	3	113	85	0	50579073001	20
6660	50580	4	110	86	0	50580562000	20
6661	50580	5	111	86	0	50580314000	20
6662	50580	6	112	86	0	50580437000	20
6663	50580	7	113	86	0	50580170001	20
6664	50581	1	111	85	0	50581893001	20
6665	50581	2	112	85	0	50581326000	20
6666	50581	3	113	85	0	50581208000	20
6667	50581	8	110	87	0	50581707001	20
6668	50581	9	111	87	0	50581580000	20
6669	50581	10	112	87	0	50581285001	20
6670	50581	11	113	87	0	50581230000	20
6671	50581	15	113	88	0	50581978000	20
6672	50582	0	110	85	0	50582548000	19
6673	50582	4	110	86	0	50582565000	19
6674	50582	6	112	86	0	50582565000	19
6675	50582	7	113	86	0	50582041000	20
6676	50582	12	110	88	0	50582918000	19
6677	50582	13	111	88	0	50582157001	20
6678	50582	14	112	88	0	50582229001	19
6679	50583	5	111	86	0	50583353000	19
6680	50583	10	112	87	0	50583497001	19
6681	50583	11	113	87	1	50583199001	19
6682	50584	9	111	87	0	50584527001	19
6683	50584	13	111	88	0	50584195001	19
6684	50584	14	112	88	0	50584208000	19
6685	50584	15	113	88	0	50584388000	19
6686	50585	12	110	88	0	50585120000	19
6687	50586	8	110	87	0	50586029001	19
6688	50588	11	113	87	0	50588673001	19
6689	50596	3	113	85	1	50596780001	18
6690	50597	2	112	85	1	50597673001	18
6691	50597	6	112	86	1	50597996001	18
6692	50597	7	113	86	1	50597224001	18
6693	50597	11	113	87	1	50597315001	18
6694	50597	15	113	88	1	50597710000	18
6695	50598	1	111	85	1	50598260001	18
6696	50598	5	111	86	1	50598669000	18
6697	50598	9	111	87	1	50598876000	18
6698	50598	10	112	87	1	50598281001	18
6699	50598	14	112	88	1	50598581001	18
6700	50599	0	110	85	1	50599214000	18
6701	50599	4	110	86	1	50599506000	18
6702	50599	8	110	87	1	50599376000	18
6703	50599	13	111	88	1	50599190000	18
6704	50600	12	110	88	1	50600084001	18
6705	50604	8	110	87	1	50604354000	18
6706	50606	14	112	88	1	50606786001	18
6707	50614	1	111	85	1	50614055001	17
6708	50616	9	111	87	1	50616991001	17
6709	50657	3	113	85	0	50657014000	17
6710	50657	7	113	86	0	50657750000	17
6711	50659	10	112	87	0	50659094001	17
6712	50659	11	113	87	0	50659100001	17
6713	50659	14	112	88	0	50659898001	17
6714	50660	3	113	85	1	50660032000	17
6715	50660	15	113	88	0	50660411001	17
6716	50661	7	113	86	1	50661801001	18
6717	50661	11	113	87	0	50661081001	18
6718	50662	10	112	87	1	50662369001	18
6719	50662	15	113	88	0	50662771000	18
6720	50663	14	112	88	1	50663478001	18
6721	50664	11	113	87	1	50664090000	18
6722	50666	15	113	88	1	50666578000	18
6723	50667	14	112	88	1	50667444000	18
6724	50668	11	113	87	1	50668364001	18
6725	50669	3	113	85	0	50669728000	18
6726	50669	15	113	88	1	50669632000	18
6727	50670	2	112	85	0	50670819001	18
6728	50670	7	113	86	0	50670534000	18
6729	50670	11	113	87	0	50670918001	18
6730	50671	1	111	85	0	50671513000	18
6731	50671	6	112	86	0	50671489001	18
6732	50671	15	113	88	0	50671958000	18
6733	50672	0	110	85	0	50672709001	18
6734	50672	3	113	85	0	50672917001	18
6735	50672	5	111	86	0	50672144000	18
6736	50672	10	112	87	0	50672220001	18
6737	50672	14	112	88	0	50672700000	18
6738	50673	1	111	85	0	50673802001	18
6739	50673	2	112	85	0	50673081001	18
6740	50673	4	110	86	0	50673471000	18
6741	50673	6	112	86	1	50673464001	18
6742	50673	9	111	87	0	50673057001	18
6743	50673	11	113	87	0	50673315000	18
6744	50673	13	111	88	0	50673994001	18
6745	50674	5	111	86	0	50674791001	18
6746	50674	8	110	87	0	50674265000	18
6747	50674	14	112	88	0	50674592000	18
6748	50674	15	113	88	0	50674774001	18
6749	50675	9	111	87	0	50675645000	18
6750	50675	12	110	88	0	50675464000	18
6751	50675	13	111	88	0	50675850001	18
6752	50676	0	110	85	0	50676251001	19
6753	50676	2	112	85	1	50676842001	19
6754	50676	3	113	85	1	50676543001	19
6755	50676	4	110	86	0	50676479000	19
6756	50677	0	110	85	1	50677945001	19
6757	50677	1	111	85	1	50677351000	19
6758	50677	7	113	86	1	50677984001	19
6759	50677	8	110	87	0	50677621000	19
6760	50677	10	112	87	0	50677210000	19
6761	50678	4	110	86	1	50678964001	19
6762	50678	5	111	86	1	50678479001	19
6763	50678	6	112	86	1	50678405001	19
6764	50679	10	112	87	1	50679794000	19
6765	50679	11	113	87	1	50679130000	19
6766	50680	8	110	87	1	50680419000	19
6767	50680	9	111	87	1	50680099001	19
6768	50680	12	110	88	0	50680090000	19
6769	50680	14	112	88	1	50680837001	19
6770	50680	15	113	88	1	50680363001	19
6771	50681	13	111	88	1	50681226001	19
6772	50682	2	112	85	1	50682170001	19
6773	50682	12	110	88	1	50682267001	19
6774	50683	13	111	88	1	50683000000	19
6775	50683	14	112	88	1	50683429000	19
6776	50686	15	113	88	1	50686752001	19
6777	50777	15	113	88	0	50777357001	16
6778	50780	15	113	88	0	50780005000	16
6779	50781	11	113	87	0	50781272000	16
6780	50781	13	111	88	0	50781602000	16
6781	50781	14	112	88	0	50781193000	16
6782	50782	12	110	88	1	50782092000	16
6783	50782	14	112	88	0	50782942000	15
6784	50782	15	113	88	0	50782395001	16
6785	50783	7	113	86	0	50783316001	15
6786	50783	8	110	87	0	50783656001	15
6787	50783	9	111	87	0	50783908001	15
6788	50783	10	112	87	0	50783560001	15
6789	50783	11	113	87	0	50783552001	15
6790	50783	13	111	88	0	50783339001	15
6791	50784	5	111	86	0	50784998000	15
6792	50785	4	110	86	0	50785256000	15
6793	50785	6	112	86	0	50785329000	15
6794	50785	7	113	86	0	50785434001	15
6795	50785	10	112	87	0	50785642001	15
6796	50786	0	110	85	0	50786529000	15
6797	50786	2	112	85	0	50786239001	15
6798	50786	3	113	85	0	50786404000	15
6799	50786	11	113	87	0	50786655001	15
6800	50787	1	111	85	0	50787015001	15
6801	50787	6	112	86	0	50787426001	15
6802	50788	0	110	85	0	50788730000	14
6803	50788	2	112	85	0	50788370000	14
6804	50788	3	113	85	0	50788761001	14
6805	50788	5	111	86	0	50788437000	14
6806	50788	9	111	87	0	50788067001	14
6807	50790	1	111	85	0	50790569000	14
6808	50790	12	110	88	1	50790775001	14
6809	50791	8	110	87	1	50791946001	13
6810	50792	9	111	87	1	50792948001	13
6811	50792	13	111	88	1	50792077000	13
6812	50793	0	110	85	1	50793908000	13
6813	50793	4	110	86	1	50793155001	13
6814	50793	5	111	86	1	50793993000	13
6815	50795	0	110	85	1	50795546000	13
6816	50795	1	111	85	1	50795064001	13
6817	50795	6	112	86	1	50795399000	13
6818	50795	13	111	88	0	50795003001	13
6819	50796	1	111	85	1	50796636000	13
6820	50796	2	112	85	1	50796621000	13
6821	50797	9	111	87	0	50797884001	12
6822	50798	13	111	88	0	50798853001	12
6823	50799	6	112	86	0	50799635001	12
6824	50800	5	111	86	0	50800072001	12
6825	50801	9	111	87	0	50801113000	12
6826	50802	2	112	85	0	50802388001	12
6827	50802	15	113	88	1	50802726000	11
6828	50803	1	111	85	0	50803475000	11
6829	50803	5	111	86	0	50803289000	11
6830	50803	11	113	87	1	50803751000	11
6831	50803	14	112	88	1	50803716001	11
6832	50804	10	112	87	1	50804940000	11
6833	50804	12	110	88	0	50804763001	11
6834	50804	15	113	88	1	50804673001	11
6835	50805	7	113	86	1	50805915001	11
6836	50805	11	113	87	1	50805927001	11
6837	50805	13	111	88	1	50805462000	11
6838	50805	14	112	88	1	50805485000	11
6839	50806	3	113	85	1	50806637001	10
6840	50806	9	111	87	1	50806982000	10
6841	50806	10	112	87	1	50806955000	10
6842	50807	6	112	86	1	50807059001	10
6843	50807	13	111	88	1	50807798000	10
6844	50808	2	112	85	1	50808968000	10
6845	50808	3	113	85	1	50808838001	10
6846	50808	5	111	86	1	50808888001	10
6847	50808	7	113	86	1	50808095001	10
6848	50808	12	110	88	1	50808122001	10
6849	50809	6	112	86	1	50809107001	10
6850	50809	9	111	87	1	50809456001	10
6851	50810	1	111	85	1	50810914001	9
6852	50811	2	112	85	1	50811688000	9
6853	50987	15	113	88	0	50987232000	12
6854	50988	11	113	87	0	50988023001	12
6855	50989	7	113	86	0	50989285001	12
6856	50989	11	113	87	0	50989901000	12
6857	50989	14	112	88	0	50989429000	12
6858	50989	15	113	88	0	50989054001	12
6859	50990	3	113	85	0	50990917001	12
6860	50990	10	112	87	0	50990822001	12
6861	50991	6	112	86	0	50991871000	12
6862	50991	7	113	86	0	50991284000	12
6863	50991	13	111	88	0	50991739001	12
6864	50991	14	112	88	0	50991170001	12
6865	50991	15	113	88	0	50991322001	12
6866	50992	10	112	87	0	50992834000	12
6867	50992	11	113	87	0	50992074000	12
6868	50993	2	112	85	0	50993388001	12
6869	50993	3	113	85	0	50993059000	12
6870	50993	6	112	86	0	50993804001	12
6871	50993	7	113	86	0	50993918001	12
6872	50993	9	111	87	0	50993376001	12
6873	50993	13	111	88	0	50993626000	12
6874	50993	14	112	88	0	50993012000	12
6875	50994	5	111	86	0	50994289001	12
6876	50994	12	110	88	0	50994872000	12
6877	50995	2	112	85	0	50995422000	12
6878	50995	6	112	86	0	50995920001	12
6879	50995	9	111	87	0	50995228001	12
6880	50995	10	112	87	0	50995068000	12
6881	50995	13	111	88	0	50995754000	12
6882	50996	1	111	85	0	50996352000	12
6883	50996	5	111	86	0	50996313000	12
6884	50996	8	110	87	0	50996212001	12
6885	50997	2	112	85	0	50997740000	12
6886	50997	3	113	85	0	50997729000	12
6887	50997	4	110	86	0	50997645000	12
6888	50997	9	111	87	0	50997828001	12
6889	50997	12	110	88	0	50997256000	12
6890	50998	0	110	85	0	50998663001	12
6891	50998	1	111	85	0	50998582001	12
6892	50998	8	110	87	0	50998741001	12
6893	50999	4	110	86	0	50999710000	13
6894	50999	5	111	86	0	50999981000	13
6895	51000	0	110	85	0	51000952001	13
6896	51021	3	113	85	1	51021227001	18
6897	51021	7	113	86	1	51021536001	18
6898	51021	11	113	87	1	51021947001	19
6899	51022	2	112	85	1	51022811000	19
6900	51022	15	113	88	1	51022197000	19
6901	51023	1	111	85	1	51023684000	19
6902	51023	6	112	86	1	51023035000	19
6903	51023	10	112	87	1	51023191001	19
6904	51023	14	112	88	1	51023453000	19
6905	51024	3	113	85	1	51024371000	19
6906	51024	5	111	86	1	51024025001	19
6907	51024	7	113	86	1	51024022000	19
6908	51024	9	111	87	1	51024412001	19
6909	51024	13	111	88	1	51024447001	20
6910	51024	15	113	88	1	51024680000	20
6911	51025	0	110	85	1	51025121001	20
6912	51025	1	111	85	1	51025155001	20
6913	51025	4	110	86	1	51025312001	20
6914	51025	8	110	87	1	51025603000	20
6915	51025	10	112	87	1	51025509001	20
6916	51025	12	110	88	1	51025932001	20
6917	51025	14	112	88	1	51025509001	20
6918	51026	2	112	85	1	51026580001	20
6919	51026	6	112	86	1	51026465000	20
6920	51026	9	111	87	1	51026976000	21
6921	51026	13	111	88	1	51026165000	20
6922	51027	0	110	85	1	51027162000	21
6923	51027	4	110	86	1	51027628000	21
6924	51027	5	111	86	1	51027046001	21
6925	51029	8	110	87	1	51029862001	22
6926	51029	12	110	88	1	51029061001	21
6927	51036	11	113	87	1	51036713000	25
6928	51061	6	112	86	0	51061961001	37
6929	51062	7	113	86	0	51062461001	37
6930	51525	3	113	85	0	51525653000	19
6931	51526	2	112	85	0	51526778000	19
6932	51526	7	113	86	0	51526312000	19
6933	51527	1	111	85	0	51527893000	19
6934	51527	6	112	86	0	51527449000	19
6935	51527	11	113	87	0	51527102001	19
6936	51528	5	111	86	0	51528460001	19
6937	51528	10	112	87	0	51528234001	19
6938	51528	15	113	88	0	51528058000	19
6939	51529	0	110	85	0	51529058000	19
6940	51529	1	111	85	0	51529806001	19
6941	51529	3	113	85	1	51529295000	19
6942	51529	4	110	86	0	51529741000	19
6943	51529	6	112	86	1	51529736001	19
6944	51529	7	113	86	1	51529491000	19
6945	51529	9	111	87	0	51529451001	19
6946	51529	11	113	87	1	51529634000	19
6947	51529	14	112	88	0	51529081000	19
6948	51529	15	113	88	1	51529959000	20
6949	51530	8	110	87	0	51530686000	20
6950	51530	13	111	88	0	51530071000	20
6951	51531	1	111	85	1	51531920001	20
6952	51531	2	112	85	1	51531070001	20
6953	51531	6	112	86	1	51531615000	20
6954	51531	10	112	87	1	51531264000	20
6955	51531	12	110	88	0	51531743000	20
6956	51531	14	112	88	1	51531383000	20
6957	51532	4	110	86	0	51532179001	20
6958	51532	5	111	86	1	51532387001	20
6959	51532	9	111	87	1	51532838001	20
6960	51532	13	111	88	1	51532948000	20
6961	51533	1	111	85	1	51533755001	20
6962	51534	0	110	85	1	51534019000	20
6963	51534	4	110	86	1	51534423000	20
6964	51534	8	110	87	1	51534378000	20
6965	51534	12	110	88	1	51534601001	20
6966	51601	4	110	86	0	51601768000	17
6967	51601	8	110	87	0	51601537001	17
6968	51601	12	110	88	0	51601328001	17
6969	51602	0	110	85	0	51602136000	17
6970	51602	13	111	88	0	51602807001	17
6971	51603	1	111	85	0	51603554000	17
6972	51603	5	111	86	0	51603322000	17
6973	51603	8	110	87	1	51603823000	17
6974	51603	9	111	87	0	51603087000	17
6975	51603	12	110	88	1	51603192000	17
6976	51604	4	110	86	1	51604484001	17
6977	51604	6	112	86	0	51604812001	17
6978	51604	9	111	87	1	51604900000	16
6979	51604	10	112	87	0	51604443000	17
6980	51604	14	112	88	0	51604409000	17
6981	51605	0	110	85	1	51605458001	16
6982	51605	2	112	85	0	51605063000	16
6983	51605	5	111	86	1	51605583001	16
6984	51605	13	111	88	1	51605023000	16
6985	51606	1	111	85	1	51606617001	16
6986	51606	3	113	85	0	51606593000	16
6987	51606	6	112	86	1	51606853000	16
6988	51606	7	113	86	0	51606120000	16
6989	51606	10	112	87	1	51606575000	16
6990	51606	11	113	87	0	51606059000	16
6991	51607	2	112	85	1	51607665001	16
6992	51608	3	113	85	1	51608733000	16
6993	51608	7	113	86	1	51608196000	16
6994	51914	13	111	88	0	51914180000	38
6995	51915	9	111	87	0	51915334000	38
6996	51915	10	112	87	0	51915235001	38
6997	51915	14	112	88	0	51915153000	38
6998	51916	6	112	86	0	51916079001	38
6999	51916	7	113	86	0	51916827001	37
7000	51916	11	113	87	0	51916581001	38
7001	51916	15	113	88	0	51916591001	38
7002	51959	0	110	85	0	51959716001	29
7003	51959	4	110	86	0	51959652000	29
7004	51959	8	110	87	0	51959563000	29
7005	51959	12	110	88	0	51959537001	29
7006	51960	5	111	86	0	51960755000	29
7007	51960	9	111	87	0	51960958000	29
7008	51960	13	111	88	0	51960516001	29
7009	51961	0	110	85	0	51961756001	29
7010	51961	1	111	85	0	51961117000	29
7011	51961	10	112	87	0	51961871000	29
7012	51961	14	112	88	0	51961708000	29
7013	51962	2	112	85	0	51962032001	29
7014	51962	4	110	86	0	51962283001	29
7015	51962	6	112	86	0	51962167001	29
7016	51962	8	110	87	1	51962999001	28
7017	51962	12	110	88	1	51962121001	29
7018	51962	13	111	88	1	51962503001	28
7019	51963	1	111	85	0	51963187000	28
7020	51963	3	113	85	0	51963362000	28
7021	51963	5	111	86	0	51963026001	28
7022	51963	7	113	86	0	51963302001	28
7023	51963	9	111	87	1	51963469000	28
7024	51963	10	112	87	1	51963986000	28
7025	51963	11	113	87	0	51963097000	28
7026	51963	14	112	88	1	51963175000	28
7027	51963	15	113	88	0	51963072001	28
7028	51964	0	110	85	1	51964132000	28
7029	51964	2	112	85	0	51964122000	28
7030	51964	4	110	86	1	51964132000	28
7031	51964	5	111	86	1	51964758000	28
7032	51964	6	112	86	1	51964954000	28
7033	51964	11	113	87	1	51964867001	28
7034	51965	0	110	85	1	51965740001	28
7035	51965	1	111	85	1	51965064001	28
7036	51965	2	112	85	1	51965966001	28
7037	51965	7	113	86	1	51965608000	28
7038	51966	3	113	85	1	51966515000	28
7039	51968	1	111	85	1	51968749000	27
7040	52083	0	110	85	0	52083707000	17
7041	52083	1	111	85	0	52083821000	17
7042	52083	2	112	85	0	52083795001	17
7043	52083	3	113	85	0	52083707000	17
7044	52084	5	111	86	0	52084822000	17
7045	52084	6	112	86	0	52084883000	17
7046	52084	7	113	86	0	52084733001	17
7047	52085	0	110	85	0	52085842001	16
7048	52085	4	110	86	1	52085104000	17
7049	52085	10	112	87	1	52085853001	16
7050	52085	11	113	87	0	52085944001	16
7051	52086	1	111	85	0	52086465000	16
7052	52086	2	112	85	0	52086216000	16
7053	52086	3	113	85	0	52086287001	16
7054	52086	5	111	86	0	52086938000	16
7055	52086	6	112	86	0	52086968001	16
7056	52086	7	113	86	0	52086779000	16
7057	52086	8	110	87	0	52086252000	16
7058	52086	9	111	87	0	52086063001	16
7059	52087	4	110	86	0	52087553001	16
7060	52087	10	112	87	0	52087761000	16
7061	52087	12	110	88	0	52087395000	16
7062	52087	13	111	88	0	52087144001	16
7063	52087	14	112	88	0	52087026001	16
7064	52087	15	113	88	0	52087186000	16
7065	52088	8	110	87	0	52088653001	16
7066	52088	9	111	87	0	52088119000	16
7067	52088	11	113	87	0	52088128001	16
7068	52088	14	112	88	0	52088832001	16
7069	52089	12	110	88	0	52089610001	16
7070	52089	13	111	88	0	52089000001	16
7071	52089	15	113	88	0	52089068001	16
7072	52099	3	113	85	1	52099589001	15
7073	52100	2	112	85	1	52100724001	15
7074	52100	7	113	86	1	52100537000	15
7075	52100	11	113	87	1	52100979001	15
7076	52101	1	111	85	1	52101440001	15
7077	52101	5	111	86	1	52101932000	15
7078	52101	6	112	86	1	52101031000	15
7079	52101	10	112	87	1	52101722001	15
7080	52101	15	113	88	1	52101454000	15
7081	52102	0	110	85	1	52102500000	14
7082	52102	9	111	87	1	52102686000	14
7083	52102	13	111	88	1	52102947001	14
7084	52102	14	112	88	1	52102388000	14
7085	52103	1	111	85	1	52103254000	14
7086	52103	4	110	86	1	52103008000	14
7087	52103	8	110	87	1	52103281001	14
7088	52103	12	110	88	1	52103876001	14
7089	52104	6	112	86	1	52104065000	14
7090	52109	2	112	85	1	52109890000	14
7091	52114	3	113	85	1	52114687000	13
7092	52117	10	112	87	1	52117992000	13
7093	52189	3	113	85	0	52189192000	11
7094	52190	2	112	85	0	52190789001	11
7095	52190	7	113	86	0	52190921000	11
7096	52192	0	110	85	0	52192923001	11
7097	52192	1	111	85	0	52192415001	11
7098	52192	2	112	85	0	52192997000	11
7099	52192	3	113	85	0	52192103000	11
7100	52192	6	112	86	0	52192410001	11
7101	52192	11	113	87	0	52192944001	11
7102	52193	7	113	86	0	52193848000	11
7103	52194	4	110	86	0	52194209000	11
7104	52194	5	111	86	0	52194195001	11
7105	52194	6	112	86	0	52194716001	11
7106	52194	10	112	87	0	52194045000	11
7107	52194	15	113	88	0	52194988001	11
7108	52195	0	110	85	0	52195734000	11
7109	52195	1	111	85	0	52195069000	11
7110	52195	11	113	87	0	52195269001	11
7111	52196	2	112	85	0	52196200000	11
7112	52196	4	110	86	0	52196612000	11
7113	52196	5	111	86	0	52196555000	11
7114	52196	6	112	86	0	52196928001	11
7115	52196	8	110	87	0	52196067001	11
7116	52196	9	111	87	0	52196016001	11
7117	52196	10	112	87	0	52196477000	11
7118	52196	14	112	88	0	52196472001	11
7119	52197	12	110	88	0	52197761001	11
7120	52197	13	111	88	0	52197652000	11
7121	52197	15	113	88	0	52197372000	11
7122	52198	9	111	87	0	52198431001	11
7123	52198	14	112	88	0	52198670000	11
7124	52199	8	110	87	0	52199412001	11
7125	52199	10	112	87	0	52199385000	11
7126	52200	12	110	88	0	52200708000	11
7127	52200	13	111	88	0	52200325000	11
7128	52203	14	112	88	0	52203057000	11
7129	52209	15	113	88	0	52209618000	11
7130	52218	11	113	87	0	52218269000	11
7131	52220	10	112	87	0	52220885001	12
7132	52231	3	113	85	1	52231309001	12
7133	52237	3	113	85	0	52237363000	12
7134	52254	13	111	88	1	52254323001	11
7135	52254	14	112	88	1	52254323001	11
7136	52254	15	113	88	1	52254966001	11
7137	52255	10	112	87	1	52255847000	11
7138	52255	12	110	88	1	52255098000	11
7139	52256	9	111	87	1	52256333001	11
7140	52256	11	113	87	1	52256480001	11
7141	52256	13	111	88	1	52256186001	11
7142	52256	14	112	88	1	52256068001	11
7143	52256	15	113	88	1	52256721001	11
7144	52257	5	111	86	1	52257641000	11
7145	52257	6	112	86	1	52257737000	11
7146	52257	7	113	86	1	52257703000	11
7147	52257	8	110	87	1	52257099001	11
7148	52257	10	112	87	1	52257691001	11
7149	52257	12	110	88	1	52257631000	11
7150	52258	3	113	85	1	52258922001	11
7151	52258	9	111	87	1	52258323000	11
7152	52259	1	111	85	1	52259650001	10
7153	52259	2	112	85	1	52259425000	10
7154	52259	4	110	86	1	52259391001	10
7155	52259	6	112	86	1	52259858001	10
7156	52259	8	110	87	1	52259769000	10
7157	52260	5	111	86	1	52260297001	10
7158	52261	0	110	85	1	52261337001	10
7159	52261	2	112	85	1	52261494001	10
7160	52261	3	113	85	1	52261999000	10
7161	52261	4	110	86	1	52261820001	10
7162	52262	1	111	85	1	52262056000	10
7163	52263	0	110	85	1	52263738000	10
7164	52264	7	113	86	1	52264574001	10
7165	52792	2	112	85	0	52792886001	7
7166	52792	3	113	85	0	52792392000	7
7167	52792	7	113	86	0	52792970001	7
7168	52793	0	110	85	0	52793600001	7
7169	52793	1	111	85	0	52793364001	7
7170	52793	5	111	86	0	52793788000	7
7171	52793	6	112	86	0	52793501000	7
7172	52793	11	113	87	0	52793827000	7
7173	52794	4	110	86	0	52794367001	7
7174	52794	7	113	86	0	52794987000	8
7175	52794	9	111	87	0	52794784000	7
7176	52794	10	112	87	0	52794329000	7
7177	52794	14	112	88	0	52794996001	8
7178	52794	15	113	88	0	52794620001	7
7179	52795	8	110	87	0	52795308000	8
7180	52795	13	111	88	0	52795340001	8
7181	52796	3	113	85	1	52796549001	8
7182	52796	5	111	86	0	52796588001	8
7183	52796	6	112	86	0	52796305000	8
7184	52796	10	112	87	0	52796286001	8
7185	52796	11	113	87	0	52796609000	8
7186	52796	12	110	88	0	52796175000	8
7187	52796	14	112	88	0	52796792001	8
7188	52797	2	112	85	1	52797830000	8
7189	52797	7	113	86	1	52797167000	8
7190	52797	13	111	88	0	52797037000	8
7191	52798	1	111	85	1	52798335001	8
7192	52798	5	111	86	1	52798731000	8
7193	52798	6	112	86	1	52798139000	8
7194	52798	10	112	87	1	52798275000	8
7195	52798	11	113	87	1	52798375000	8
7196	52798	14	112	88	1	52798760000	8
7197	52798	15	113	88	1	52798144001	8
7198	52799	0	110	85	1	52799386001	9
7199	52799	4	110	86	1	52799661000	9
7200	52799	9	111	87	1	52799411000	9
7201	52799	13	111	88	1	52799590001	9
7202	52800	8	110	87	1	52800285000	9
7203	52800	12	110	88	1	52800705001	9
7204	52803	0	110	85	0	52803797000	10
7205	52806	0	110	85	0	52806927000	10
7206	52806	1	111	85	0	52806592001	10
7207	52806	4	110	86	0	52806812001	10
7208	52808	2	112	85	0	52808766000	11
7209	52809	4	110	86	0	52809811001	11
7210	52809	5	111	86	0	52809828001	11
7211	52810	0	110	85	1	52810277001	11
7212	52810	1	111	85	1	52810677001	11
7213	52810	8	110	87	0	52810596000	11
7214	52811	2	112	85	1	52811297001	11
7215	52811	4	110	86	1	52811914000	11
7216	52812	5	111	86	1	52812517001	11
7217	52814	8	110	87	1	52814207001	11
7218	53004	12	110	88	0	53004597000	5
7219	53005	4	110	86	0	53005615000	5
7220	53005	8	110	87	0	53005164001	5
7221	53005	9	111	87	0	53005828001	5
7222	53005	13	111	88	0	53005056001	5
7223	53005	14	112	88	0	53005637000	5
7224	53006	0	110	85	0	53006184000	5
7225	53006	5	111	86	0	53006294001	5
7226	53006	6	112	86	0	53006908001	5
7227	53006	10	112	87	0	53006242001	5
7228	53006	11	113	87	0	53006851001	5
7229	53006	15	113	88	0	53006459000	5
7230	53007	1	111	85	0	53007170000	5
7231	53007	2	112	85	0	53007776000	5
7232	53007	4	110	86	0	53007828000	5
7233	53007	7	113	86	0	53007688000	5
7234	53007	12	110	88	0	53007164000	5
7235	53007	13	111	88	0	53007349000	5
7236	53007	14	112	88	0	53007526001	5
7237	53008	0	110	85	0	53008665001	5
7238	53008	3	113	85	0	53008522001	5
7239	53008	6	112	86	0	53008833001	5
7240	53008	9	111	87	0	53008050001	5
7241	53008	10	112	87	0	53008072001	5
7242	53009	1	111	85	0	53009809000	5
7243	53009	2	112	85	0	53009770000	5
7244	53009	5	111	86	0	53009441001	5
7245	53009	7	113	86	0	53009759000	5
7246	53009	11	113	87	0	53009042001	5
7247	53009	15	113	88	0	53009050000	5
7248	53012	3	113	85	0	53012240000	6
7249	53014	10	112	87	0	53014163001	6
7250	53030	0	110	85	1	53030511000	9
7251	53033	4	110	86	1	53033467000	9
7252	53037	0	110	85	1	53037081000	10
7253	53039	4	110	86	1	53039116000	10
7254	53041	8	110	87	1	53041371001	10
7255	53043	0	110	85	1	53043417000	10
7256	53052	15	113	88	1	53052576000	11
7257	53053	14	112	88	1	53053979001	11
7258	53054	13	111	88	1	53054666001	11
7259	53055	12	110	88	1	53055568001	11
7260	53056	15	113	88	1	53056498000	11
7261	53057	11	113	87	1	53057754000	11
7262	53057	14	112	88	1	53057968000	11
7263	53058	10	112	87	1	53058809001	11
7264	53058	13	111	88	1	53058277000	11
7265	53059	0	110	85	0	53059066000	11
7266	53059	9	111	87	1	53059938000	11
7267	53059	15	113	88	1	53059184000	11
7268	53060	12	110	88	1	53060163000	12
7269	53060	13	111	88	1	53060684001	12
7270	53060	14	112	88	1	53060322001	12
7271	53061	7	113	86	1	53061890000	12
7272	53061	11	113	87	1	53061750000	12
7273	53062	10	112	87	1	53062550000	12
7274	53062	12	110	88	1	53062958001	12
7275	53063	5	111	86	1	53063508001	12
7276	53063	6	112	86	1	53063165001	12
7277	53063	8	110	87	1	53063466000	12
7278	53063	9	111	87	1	53063774001	12
7279	53064	0	110	85	0	53064054001	12
7280	53065	10	112	87	1	53065134000	12
7281	53065	11	113	87	1	53065370000	12
7282	53066	3	113	85	1	53066324001	12
7283	53066	7	113	86	1	53066075001	12
7284	53066	8	110	87	1	53066203000	12
7285	53067	2	112	85	1	53067299000	12
7286	53067	5	111	86	1	53067238000	12
7287	53067	6	112	86	1	53067278000	12
7288	53067	9	111	87	1	53067270001	12
7289	53068	1	111	85	1	53068045001	12
7290	53068	4	110	86	1	53068417001	12
7291	53069	7	113	86	1	53069465001	12
7292	53070	2	112	85	1	53070507000	12
7293	53070	3	113	85	1	53070153000	12
7294	53070	4	110	86	1	53070807000	12
7295	53070	5	111	86	1	53070003001	12
7296	53070	6	112	86	1	53070832001	12
7297	53071	0	110	85	1	53071089000	12
7298	53071	1	111	85	1	53071904000	12
7299	53073	0	110	85	1	53073473000	12
7300	53073	2	112	85	1	53073153000	12
7301	53073	3	113	85	1	53073616000	12
7302	53074	1	111	85	1	53074904000	12
7303	53114	0	110	85	1	53114676000	15
7304	53121	2	112	85	0	53121911001	16
7305	53121	3	113	85	0	53121760001	16
7306	53122	0	110	85	0	53122101000	16
7307	53122	1	111	85	0	53122145000	16
7308	53123	7	113	86	0	53123702001	16
7309	53124	0	110	85	0	53124827001	16
7310	53124	2	112	85	0	53124275001	16
7311	53124	3	113	85	0	53124506001	16
7312	53124	4	110	86	0	53124763000	16
7313	53124	5	111	86	0	53124354001	16
7314	53124	6	112	86	0	53124035000	16
7315	53125	1	111	85	0	53125098001	16
7316	53125	11	113	87	0	53125787000	16
7317	53126	2	112	85	0	53126823000	17
7318	53126	5	111	86	0	53126555001	17
7319	53126	6	112	86	0	53126150001	16
7320	53126	7	113	86	0	53126128001	16
7321	53126	9	111	87	0	53126590000	17
7322	53126	10	112	87	0	53126366000	17
7323	53127	4	110	86	0	53127021001	17
7324	53127	8	110	87	0	53127159000	17
7325	53127	15	113	88	0	53127958000	17
7326	53128	3	113	85	1	53128942001	17
7327	53128	6	112	86	0	53128200000	17
7328	53128	11	113	87	0	53128222001	17
7329	53128	13	111	88	0	53128562000	17
7330	53128	14	112	88	0	53128200000	17
7331	53129	7	113	86	1	53129538001	17
7332	53129	9	111	87	0	53129294000	17
7333	53129	10	112	87	0	53129294000	17
7334	53129	12	110	88	0	53129054001	17
7335	53130	2	112	85	1	53130094001	17
7336	53130	6	112	86	1	53130803001	17
7337	53130	8	110	87	0	53130576000	17
7338	53130	11	113	87	1	53130212001	17
7339	53130	13	111	88	0	53130671000	17
7340	53130	14	112	88	0	53130566000	17
7341	53130	15	113	88	1	53130949000	17
7342	53131	1	111	85	1	53131013001	17
7343	53131	5	111	86	1	53131452001	17
7344	53131	9	111	87	1	53131846001	17
7345	53131	10	112	87	1	53131178000	17
7346	53131	12	110	88	0	53131555000	17
7347	53131	14	112	88	1	53131959001	17
7348	53132	0	110	85	1	53132123000	17
7349	53132	4	110	86	1	53132343000	17
7350	53132	8	110	87	1	53132851000	17
7351	53132	13	111	88	1	53132456000	17
7352	53133	12	110	88	1	53133609000	18
7353	53134	1	111	85	1	53134288001	18
7354	53135	2	112	85	1	53135005000	18
7355	53158	4	110	86	1	53158832000	24
7356	53327	4	110	86	0	53327508001	20
7357	53327	8	110	87	0	53327362001	20
7358	53327	12	110	88	0	53327131001	20
7359	53327	13	111	88	0	53327825000	20
7360	53328	0	110	85	0	53328273001	20
7361	53328	5	111	86	0	53328941000	19
7362	53328	9	111	87	0	53328674000	19
7363	53328	14	112	88	0	53328807001	19
7364	53329	1	111	85	0	53329365001	19
7365	53329	6	112	86	0	53329929000	19
7366	53329	10	112	87	0	53329356000	19
7367	53329	13	111	88	0	53329648000	19
7368	53330	0	110	85	0	53330563001	19
7369	53330	2	112	85	0	53330285000	19
7370	53330	4	110	86	0	53330116000	19
7371	53330	7	113	86	0	53330991001	19
7372	53330	8	110	87	0	53330371001	19
7373	53330	9	111	87	0	53330714000	19
7374	53330	11	113	87	0	53330483000	19
7375	53330	12	110	88	0	53330212000	19
7376	53330	14	112	88	0	53330441001	19
7377	53330	15	113	88	0	53330037000	19
7378	53331	1	111	85	0	53331520001	18
7379	53331	3	113	85	0	53331794000	18
7380	53331	5	111	86	0	53331758001	18
7381	53331	6	112	86	0	53331825001	18
7382	53331	10	112	87	0	53331220000	19
7383	53331	15	113	88	0	53331972001	18
7384	53332	2	112	85	0	53332252001	18
7385	53332	11	113	87	0	53332612001	18
7386	53333	7	113	86	0	53333063001	18
7387	53334	3	113	85	0	53334294001	17
7388	53340	14	112	88	0	53340084000	15
7389	53347	0	110	85	1	53347295000	13
7390	53347	4	110	86	1	53347929001	13
7391	53348	1	111	85	1	53348764000	13
7392	53348	8	110	87	1	53348672001	13
7393	53349	5	111	86	1	53349565001	13
7394	53349	12	110	88	1	53349292000	13
7395	53350	2	112	85	1	53350151001	13
7396	53350	6	112	86	1	53350944001	13
7397	53350	9	111	87	1	53350150001	13
7398	53350	13	111	88	1	53350773000	13
7399	53351	1	111	85	1	53351405001	12
7400	53351	3	113	85	1	53351726001	12
7401	53351	10	112	87	1	53351460000	12
7402	53351	14	112	88	1	53351642001	12
7403	53352	0	110	85	1	53352335001	12
7404	53352	7	113	86	1	53352373001	12
7405	53352	11	113	87	1	53352994001	12
7406	53353	2	112	85	1	53353533001	12
7407	53353	4	110	86	1	53353971000	12
7408	53353	14	112	88	1	53353338001	12
7409	53353	15	113	88	1	53353768000	12
7410	53354	13	111	88	1	53354560000	12
7411	53355	10	112	87	1	53355780001	12
7412	53356	6	112	86	1	53356885000	12
7413	53365	9	111	87	1	53365074000	11
7414	53452	11	113	87	0	53452951001	13
7415	53452	15	113	88	0	53452931000	13
7416	53453	3	113	85	0	53453961000	13
7417	53453	7	113	86	0	53453193001	13
7418	53454	11	113	87	0	53454947000	13
7419	53455	6	112	86	0	53455358000	13
7420	53455	7	113	86	0	53455496001	13
7421	53455	10	112	87	0	53455314000	13
7422	53455	14	112	88	0	53455296000	13
7423	53455	15	113	88	0	53455343001	13
7424	53456	2	112	85	0	53456061000	13
7425	53456	3	113	85	0	53456554001	13
7426	53457	6	112	86	0	53457227000	13
7427	53457	10	112	87	0	53457282000	13
7428	53457	11	113	87	0	53457486000	13
7429	53457	13	111	88	0	53457775001	13
7430	53457	14	112	88	0	53457164000	13
7431	53458	2	112	85	0	53458305001	13
7432	53458	7	113	86	0	53458900001	13
7433	53458	9	111	87	0	53458272001	13
7434	53459	1	111	85	0	53459136000	13
7435	53459	5	111	86	0	53459286000	13
7436	53459	6	112	86	0	53459790001	12
7437	53459	10	112	87	0	53459683001	12
7438	53459	13	111	88	0	53459714000	12
7439	53459	14	112	88	0	53459388000	13
7440	53460	9	111	87	0	53460555001	12
7441	53461	0	110	85	0	53461692001	12
7442	53461	1	111	85	0	53461435001	12
7443	53461	2	112	85	0	53461542001	12
7444	53461	4	110	86	0	53461509000	12
7445	53461	5	111	86	0	53461861001	12
7446	53461	12	110	88	0	53461924001	12
7447	53462	8	110	87	0	53462121001	12
7448	53462	13	111	88	0	53462176001	12
7449	53463	0	110	85	0	53463743001	12
7450	53463	4	110	86	0	53463623001	12
7451	53464	8	110	87	0	53464732001	12
7452	53464	12	110	88	0	53464753000	12
7453	53466	3	113	85	1	53466473001	11
7454	53466	4	110	86	0	53466798001	11
7455	53467	0	110	85	0	53467042000	11
7456	53468	2	112	85	1	53468336001	11
7457	53468	3	113	85	1	53468548001	11
7458	53468	7	113	86	1	53468694001	11
7459	53469	1	111	85	1	53469725001	11
7460	53469	6	112	86	1	53469886000	11
7461	53470	2	112	85	1	53470545000	11
7462	53470	11	113	87	1	53470386000	11
7463	53471	0	110	85	1	53471185000	11
7464	53471	1	111	85	1	53471340001	11
7465	53471	5	111	86	1	53471149001	11
7466	53471	6	112	86	1	53471900000	11
7467	53471	7	113	86	1	53471875001	11
7468	53471	10	112	87	1	53471482001	11
7469	53472	4	110	86	1	53472713001	10
7470	53472	11	113	87	1	53472641001	10
7471	53472	15	113	88	1	53472067001	11
7472	53473	0	110	85	1	53473052001	10
7473	53473	5	111	86	1	53473011001	10
7474	53473	9	111	87	1	53473366001	10
7475	53473	10	112	87	1	53473234000	10
7476	53473	14	112	88	1	53473184000	10
7477	53474	4	110	86	1	53474846001	10
7478	53474	8	110	87	1	53474507000	10
7479	53474	13	111	88	1	53474350000	10
7480	53474	14	112	88	1	53474961001	10
7481	53474	15	113	88	1	53474275000	10
7482	53475	9	111	87	1	53475576000	10
7483	53476	8	110	87	1	53476985001	10
7484	53476	12	110	88	1	53476594000	10
7485	53476	13	111	88	1	53476004000	10
7486	53479	12	110	88	1	53479464000	10
7487	53612	12	110	88	0	53612309001	11
7488	53613	8	110	87	0	53613176001	12
7489	53614	4	110	86	0	53614326000	12
7490	53614	12	110	88	1	53614365000	12
7491	53615	0	110	85	0	53615167001	12
7492	53615	5	111	86	0	53615823000	12
7493	53615	8	110	87	1	53615387001	12
7494	53616	4	110	86	1	53616495000	12
7495	53617	0	110	85	1	53617859001	12
7496	53617	1	111	85	0	53617032001	12
7497	53619	1	111	85	1	53619376000	12
7498	53847	0	110	85	0	53847345000	37
7499	53847	1	111	85	0	53847075000	37
7500	53848	4	110	86	0	53848295000	36
7501	53849	0	110	85	1	53849979000	36
7502	53849	8	110	87	0	53849669000	36
7503	53850	4	110	86	1	53850967001	36
7504	54246	14	112	88	0	54246594000	39
7505	54248	10	112	87	0	54248476001	39
7506	54248	11	113	87	0	54248176000	39
7507	54285	0	110	85	0	54285162001	34
7508	54285	4	110	86	0	54285072001	34
7509	54285	8	110	87	0	54285238000	34
7510	54285	12	110	88	0	54285343001	34
7511	54286	1	111	85	0	54286418001	34
7512	54286	2	112	85	0	54286971001	33
7513	54286	5	111	86	0	54286054000	34
7514	54286	6	112	86	0	54286970001	33
7515	54286	9	111	87	0	54286229000	34
7516	54286	13	111	88	0	54286052001	34
7517	54287	0	110	85	0	54287745000	33
7518	54287	4	110	86	0	54287472001	33
7519	54287	10	112	87	0	54287146000	33
7520	54287	13	111	88	0	54287927001	33
7521	54287	14	112	88	0	54287109000	33
7522	54288	3	113	85	0	54288083001	33
7523	54288	5	111	86	0	54288579001	33
7524	54288	6	112	86	0	54288938000	33
7525	54288	7	113	86	0	54288008000	33
7526	54288	8	110	87	0	54288275001	33
7527	54288	9	111	87	0	54288416001	33
7528	54288	11	113	87	0	54288241001	33
7529	54288	12	110	88	0	54288046001	33
7530	54288	15	113	88	0	54288166000	33
7531	54289	2	112	85	0	54289804000	33
7532	54289	7	113	86	0	54289829001	33
7533	54289	14	112	88	0	54289438000	33
7534	54289	15	113	88	0	54289942001	33
7535	54290	1	111	85	0	54290368000	33
7536	54290	3	113	85	0	54290189001	33
7537	54290	10	112	87	0	54290956001	33
7538	54290	11	113	87	0	54290273001	33
7539	54290	12	110	88	0	54290619000	33
7540	54295	12	110	88	1	54295653000	32
7541	54296	13	111	88	1	54296492000	32
7542	54296	14	112	88	1	54296829000	32
7543	54297	8	110	87	1	54297138000	31
7544	54297	12	110	88	1	54297527000	31
7545	54297	15	113	88	1	54297999000	31
7546	54298	4	110	86	1	54298214000	31
7547	54298	5	111	86	1	54298977001	31
7548	54298	9	111	87	1	54298129000	31
7549	54298	10	112	87	1	54298168000	31
7550	54298	13	111	88	1	54298036001	31
7551	54298	14	112	88	1	54298422000	31
7552	54299	0	110	85	1	54299681000	31
7553	54299	8	110	87	1	54299373000	31
7554	54299	11	113	87	1	54299046000	31
7555	54299	15	113	88	1	54299923000	31
7556	54300	1	111	85	1	54300220001	31
7557	54300	4	110	86	1	54300154000	31
7558	54300	5	111	86	1	54300943000	31
7559	54300	6	112	86	1	54300416001	31
7560	54300	7	113	86	1	54300968001	31
7561	54300	9	111	87	1	54300522000	31
7562	54300	10	112	87	1	54300019000	31
7563	54300	11	113	87	1	54300926000	31
7564	54301	0	110	85	1	54301608000	31
7565	54301	2	112	85	1	54301963000	31
7566	54302	1	111	85	1	54302237000	31
7567	54302	3	113	85	1	54302572001	30
7568	54302	6	112	86	1	54302506001	30
7569	54303	2	112	85	1	54303885001	30
7570	54303	7	113	86	1	54303010000	30
7571	54304	3	113	85	1	54304385001	30
7572	54339	4	110	86	0	54339549000	23
7573	54343	7	113	86	0	54343294001	22
7574	54408	0	110	85	0	54408935001	16
7575	54409	1	111	85	0	54409349000	16
7576	54409	2	112	85	0	54409305000	16
7577	54409	3	113	85	0	54409423000	16
7578	54410	4	110	86	0	54410151001	16
7579	54410	5	111	86	0	54410096001	16
7580	54410	6	112	86	0	54410338001	16
7581	54410	7	113	86	0	54410505000	16
7582	54411	0	110	85	0	54411054000	16
7583	54411	1	111	85	0	54411568000	16
7584	54411	2	112	85	0	54411506000	16
7585	54411	3	113	85	0	54411848000	16
7586	54411	8	110	87	0	54411288001	16
7587	54411	9	111	87	0	54411346001	16
7588	54411	10	112	87	0	54411451001	16
7589	54411	11	113	87	0	54411563000	16
7590	54412	4	110	86	0	54412504001	16
7591	54412	5	111	86	0	54412369001	16
7592	54412	6	112	86	0	54412754000	16
7593	54412	7	113	86	0	54412657001	16
7594	54412	12	110	88	0	54412550001	16
7595	54412	13	111	88	0	54412274001	16
7596	54412	14	112	88	0	54412590001	16
7597	54412	15	113	88	0	54412715000	16
7598	54413	9	111	87	0	54413761001	16
7599	54413	10	112	87	0	54413432001	16
7600	54413	11	113	87	0	54413572000	16
7601	54414	8	110	87	0	54414101000	16
7602	54414	13	111	88	0	54414042001	16
7603	54414	14	112	88	0	54414473000	16
7604	54414	15	113	88	0	54414861000	16
7605	54415	12	110	88	0	54415142000	16
7606	54424	3	113	85	1	54424494001	15
7607	54424	7	113	86	1	54424935000	15
7608	54425	11	113	87	1	54425042000	15
7609	54425	15	113	88	1	54425381000	15
7610	54426	3	113	85	1	54426981001	15
7611	54427	0	110	85	1	54427486000	15
7612	54427	1	111	85	1	54427667001	15
7613	54427	2	112	85	1	54427289000	15
7614	54427	6	112	86	1	54427462000	15
7615	54427	7	113	86	1	54427179001	15
7616	54427	10	112	87	1	54427508000	15
7617	54427	11	113	87	1	54427409001	15
7618	54427	15	113	88	1	54427691001	15
7619	54428	5	111	86	1	54428815001	15
7620	54428	14	112	88	1	54428263000	15
7621	54429	1	111	85	1	54429962000	15
7622	54429	2	112	85	1	54429284001	15
7623	54429	4	110	86	1	54429061000	15
7624	54429	6	112	86	1	54429545000	15
7625	54429	10	112	87	1	54429682001	15
7626	54430	5	111	86	1	54430651001	15
7627	54430	8	110	87	1	54430730001	15
7628	54430	9	111	87	1	54430056001	15
7629	54430	13	111	88	1	54430752001	15
7630	54430	14	112	88	1	54430276000	15
7631	54431	0	110	85	1	54431284000	15
7632	54431	4	110	86	1	54431692001	15
7633	54431	9	111	87	1	54431847000	15
7634	54432	8	110	87	1	54432998001	15
7635	54432	12	110	88	1	54432498001	15
7636	54432	13	111	88	1	54432420001	15
7637	54434	12	110	88	1	54434500001	15
7638	54549	3	113	85	0	54549223001	21
7639	54550	2	112	85	0	54550386000	21
7640	54551	1	111	85	0	54551591000	21
7641	54552	0	110	85	0	54552758001	21
7642	54552	5	111	86	0	54552425001	21
7643	54553	1	111	85	1	54553395001	21
7644	54553	2	112	85	1	54553769000	22
7645	54553	4	110	86	0	54553836000	22
7646	54554	0	110	85	1	54554737000	22
7647	54656	13	111	88	0	54656061001	24
7648	54658	5	111	86	0	54658659001	24
7649	54660	2	112	85	0	54660493000	23
7650	54872	7	113	86	0	54872996000	8
7651	54872	11	113	87	0	54872581001	8
7652	54872	15	113	88	0	54872335000	8
7653	54873	3	113	85	0	54873533001	8
7654	54873	10	112	87	0	54873552000	8
7655	54873	13	111	88	0	54873928000	9
7656	54873	14	112	88	0	54873211001	8
7657	54874	2	112	85	0	54874580001	9
7658	54874	5	111	86	0	54874926000	9
7659	54874	6	112	86	0	54874076000	9
7660	54874	9	111	87	0	54874628000	9
7661	54875	1	111	85	0	54875621001	9
7662	54875	7	113	86	0	54875888000	9
7663	54875	8	110	87	0	54875674000	9
7664	54875	12	110	88	0	54875291000	9
7665	54876	0	110	85	0	54876428000	9
7666	54876	4	110	86	0	54876104001	9
7667	54876	14	112	88	1	54876412000	9
7668	54876	15	113	88	1	54876066001	9
7669	54877	2	112	85	0	54877269001	9
7670	54877	11	113	87	1	54877065000	9
7671	54877	13	111	88	1	54877408000	9
7672	54878	7	113	86	1	54878910000	10
7673	54878	10	112	87	1	54878309000	10
7674	54878	12	110	88	1	54878104001	9
7675	54878	14	112	88	1	54878098001	9
7676	54879	3	113	85	1	54879842001	10
7677	54879	6	112	86	1	54879905001	10
7678	54879	8	110	87	1	54879482001	10
7679	54879	9	111	87	1	54879024000	10
7680	54879	11	113	87	1	54879085000	10
7681	54879	13	111	88	1	54879429000	10
7682	54879	15	113	88	1	54879056000	10
7683	54880	4	110	86	1	54880557001	10
7684	54880	5	111	86	1	54880258001	10
7685	54880	10	112	87	1	54880937000	10
7686	54880	12	110	88	1	54880565000	10
7687	54881	1	111	85	1	54881897001	10
7688	54881	2	112	85	1	54881391001	10
7689	54881	3	113	85	1	54881816000	10
7690	54881	7	113	86	1	54881393000	10
7691	54881	9	111	87	1	54881865000	10
7692	54882	0	110	85	1	54882668001	11
7693	54882	4	110	86	1	54882566001	11
7694	54882	5	111	86	1	54882224001	10
7695	54882	6	112	86	1	54882293000	10
7696	54882	8	110	87	1	54882181000	10
7697	54883	1	111	85	1	54883432001	11
7698	54884	0	110	85	1	54884521000	11
7699	54884	3	113	85	0	54884049000	11
7700	54884	7	113	86	0	54884819000	11
7701	54886	2	112	85	0	54886291001	12
7702	54886	6	112	86	0	54886321001	12
7703	54886	11	113	87	0	54886504000	12
7704	54887	1	111	85	0	54887273001	12
7705	54887	3	113	85	0	54887205001	12
7706	54887	7	113	86	0	54887306001	12
7707	54888	5	111	86	0	54888499001	13
7708	54888	6	112	86	0	54888479000	13
7709	54888	10	112	87	0	54888228001	12
7710	54888	11	113	87	0	54888829000	13
7711	54888	15	113	88	0	54888519000	13
7712	54889	0	110	85	0	54889325001	13
7713	54889	2	112	85	0	54889395001	13
7714	54890	1	111	85	0	54890958001	14
7715	54890	5	111	86	0	54890660001	13
7716	54890	9	111	87	0	54890993001	14
7717	54890	10	112	87	0	54890343000	13
7718	54890	14	112	88	0	54890600000	13
7719	54891	0	110	85	0	54891979000	14
7720	54891	4	110	86	0	54891670000	14
7721	54891	6	112	86	1	54891184001	14
7722	54891	15	113	88	0	54891165000	14
7723	54892	13	111	88	0	54892871001	14
7724	54892	14	112	88	0	54892736001	14
7725	54893	3	113	85	1	54893685000	14
7726	54893	9	111	87	0	54893532001	14
7727	54893	10	112	87	0	54893138001	14
7728	54894	4	110	86	0	54894874000	15
7729	54894	5	111	86	0	54894206001	15
7730	54894	7	113	86	1	54894843001	15
7731	54894	8	110	87	0	54894136000	15
7732	54894	13	111	88	0	54894948001	15
7733	54895	3	113	85	1	54895770001	15
7734	54895	11	113	87	1	54895018001	15
7735	54895	15	113	88	1	54895254001	15
7736	54896	0	110	85	0	54896018001	15
7737	54896	2	112	85	1	54896987001	16
7738	54896	10	112	87	1	54896870000	15
7739	54897	6	112	86	1	54897017000	16
7740	54897	8	110	87	0	54897385001	16
7741	54898	7	113	86	1	54898021001	16
7742	54898	10	112	87	1	54898914000	16
7743	54898	11	113	87	1	54898022001	16
7744	54898	12	110	88	0	54898099000	16
7745	54898	14	112	88	1	54898558001	16
7746	54899	1	111	85	1	54899452001	16
7747	54899	2	112	85	1	54899559001	16
7748	54899	5	111	86	1	54899453001	16
7749	54899	6	112	86	1	54899452001	16
7750	54899	15	113	88	1	54899658000	16
7751	54901	9	111	87	1	54901565000	17
7752	54902	1	111	85	1	54902500000	17
7753	54902	5	111	86	1	54902052001	17
7754	54902	13	111	88	1	54902405000	17
7755	54903	0	110	85	1	54903060001	17
7756	54903	14	112	88	1	54903093001	17
7757	54904	9	111	87	1	54904467001	18
7758	54906	4	110	86	1	54906223001	18
7759	54906	8	110	87	1	54906180000	18
7760	54908	12	110	88	1	54908633001	19
7761	54908	13	111	88	1	54908412001	19
7762	54910	0	110	85	1	54910696000	19
7763	54911	4	110	86	1	54911403000	19
7764	54911	8	110	87	1	54911019001	19
7765	54914	0	110	85	1	54914479001	20
7766	54914	4	110	86	1	54914479001	20
7767	54917	5	111	86	1	54917877000	21
7768	54919	1	111	85	1	54919983000	21
7769	54936	13	111	88	0	54936467001	24
7770	54937	14	112	88	0	54937686001	24
7771	54938	15	113	88	0	54938484000	24
7772	54940	5	111	86	0	54940215001	24
7773	54940	11	113	87	0	54940497001	24
7774	55138	2	112	85	0	55138162001	15
7775	55138	6	112	86	0	55138006000	15
7776	55139	7	113	86	0	55139727001	15
7777	55140	11	113	87	0	55140720000	15
7778	55140	14	112	88	0	55140067000	15
7779	55250	7	113	86	0	55250901001	9
7780	55250	11	113	87	0	55250568000	9
7781	55250	15	113	88	0	55250301000	9
7782	55251	3	113	85	0	55251072001	9
7783	55251	10	112	87	0	55251659000	9
7784	55251	14	112	88	0	55251584001	9
7785	55252	2	112	85	0	55252465000	9
7786	55252	5	111	86	0	55252935001	9
7787	55252	6	112	86	0	55252060001	9
7788	55252	9	111	87	0	55252842000	9
7789	55252	13	111	88	0	55252350000	9
7790	55253	1	111	85	0	55253390001	9
7791	55253	10	112	87	0	55253590000	9
7792	55253	12	110	88	0	55253939000	9
7793	55254	0	110	85	0	55254597000	9
7794	55254	4	110	86	0	55254224001	9
7795	55254	8	110	87	0	55254050000	9
7796	55255	5	111	86	0	55255118001	9
7797	55255	13	111	88	0	55255346000	9
7798	55255	15	113	88	1	55255155000	9
7799	55256	11	113	87	1	55256100000	9
7800	55256	14	112	88	1	55256070001	9
7801	55257	7	113	86	1	55257800000	9
7802	55257	10	112	87	1	55257202000	9
7803	55257	13	111	88	1	55257634001	9
7804	55257	14	112	88	1	55257978001	9
7805	55257	15	113	88	1	55257918000	9
7806	55258	9	111	87	1	55258955001	9
7807	55258	11	113	87	1	55258246001	9
7808	55258	12	110	88	1	55258619001	9
7809	55259	6	112	86	1	55259841001	9
7810	55259	10	112	87	1	55259198001	9
7811	55259	13	111	88	1	55259605001	9
7812	55260	5	111	86	1	55260026001	9
7813	55260	7	113	86	1	55260076001	9
7814	55260	8	110	87	1	55260448001	9
7815	55260	9	111	87	1	55260922001	9
7816	55260	12	110	88	1	55260638001	9
7817	55262	4	110	86	1	55262106000	9
7818	55262	5	111	86	1	55262424001	9
7819	55262	7	113	86	0	55262064001	9
7820	55262	8	110	87	1	55262735000	9
7821	55263	11	113	87	0	55263876001	9
7822	55264	0	110	85	1	55264427001	9
7823	55264	4	110	86	1	55264549000	9
7824	55264	5	111	86	0	55264825000	9
7825	55264	6	112	86	0	55264561000	9
7826	55264	7	113	86	0	55264741000	9
7827	55265	10	112	87	0	55265823001	9
7828	55266	4	110	86	0	55266783000	9
7829	55266	11	113	87	0	55266185000	9
7830	55266	15	113	88	0	55266193000	9
7831	55267	5	111	86	0	55267360001	9
7832	55267	6	112	86	0	55267271001	9
7833	55267	9	111	87	0	55267553000	9
7834	55267	14	112	88	0	55267918001	9
7835	55268	0	110	85	0	55268928000	9
7836	55268	8	110	87	0	55268868001	9
7837	55268	10	112	87	0	55268064001	9
7838	55268	11	113	87	0	55268905000	9
7839	55268	15	113	88	0	55268620001	9
7840	55269	4	110	86	0	55269508000	9
7841	55269	13	111	88	0	55269561001	9
7842	55269	14	112	88	0	55269811000	9
7843	55271	9	111	87	0	55271287000	9
7844	55271	10	112	87	0	55271468001	9
7845	55271	12	110	88	0	55271766001	10
7846	55271	15	113	88	0	55271188001	9
7847	55272	3	113	85	1	55272662001	10
7848	55272	8	110	87	0	55272353001	10
7849	55272	13	111	88	0	55272186000	10
7850	55272	14	112	88	0	55272914001	10
7851	55273	7	113	86	1	55273131000	10
7852	55273	11	113	87	1	55273660000	10
7853	55274	2	112	85	1	55274561000	10
7854	55274	12	110	88	0	55274887000	10
7855	55274	15	113	88	1	55274308000	10
7856	55275	6	112	86	1	55275020001	10
7857	55275	10	112	87	1	55275533001	10
7858	55275	11	113	87	1	55275734001	10
7859	55276	1	111	85	1	55276312000	10
7860	55276	7	113	86	1	55276763000	9
7861	55276	14	112	88	1	55276235001	10
7862	55276	15	113	88	1	55276297001	10
7863	55277	0	110	85	1	55277791001	10
7864	55277	2	112	85	1	55277132001	9
7865	55277	5	111	86	1	55277086001	9
7866	55277	6	112	86	1	55277419001	9
7867	55277	9	111	87	1	55277791001	10
7868	55277	10	112	87	1	55277203001	9
7869	55277	14	112	88	1	55277986001	10
7870	55278	1	111	85	1	55278106001	10
7871	55278	4	110	86	1	55278498001	10
7872	55278	13	111	88	1	55278709000	10
7873	55279	0	110	85	1	55279808000	10
7874	55279	5	111	86	1	55279604000	10
7875	55279	8	110	87	1	55279593000	10
7876	55279	9	111	87	1	55279752000	10
7877	55280	3	113	85	1	55280013001	10
7878	55280	4	110	86	1	55280451001	10
7879	55281	8	110	87	1	55281897000	10
7880	55281	12	110	88	1	55281045000	10
7881	55281	13	111	88	1	55281745000	10
7882	55285	12	110	88	1	55285990001	11
7883	55378	12	110	88	0	55378472000	24
7884	55380	9	111	87	0	55380671000	24
7885	55381	11	113	87	0	55381895001	24
7886	55385	3	113	85	0	55385400000	24
7887	55470	8	110	87	0	55470632001	21
7888	55470	12	110	88	0	55470442000	21
7889	55471	0	110	85	0	55471449000	21
7890	55471	4	110	86	0	55471025001	21
7891	55471	13	111	88	0	55471360000	21
7892	55472	1	111	85	0	55472853000	21
7893	55472	5	111	86	0	55472232000	21
7894	55472	9	111	87	0	55472158000	21
7895	55472	10	112	87	0	55472967001	21
7896	55472	12	110	88	0	55472743001	21
7897	55472	14	112	88	0	55472681001	21
7898	55473	0	110	85	0	55473743001	21
7899	55473	2	112	85	0	55473916000	21
7900	55473	4	110	86	0	55473235000	21
7901	55473	6	112	86	0	55473340000	21
7902	55473	8	110	87	0	55473177000	21
7903	55473	13	111	88	0	55473119001	21
7904	55474	5	111	86	0	55474213000	21
7905	55474	7	113	86	0	55474897001	21
7906	55474	9	111	87	0	55474303000	21
7907	55474	11	113	87	0	55474351001	21
7908	55474	14	112	88	0	55474606001	21
7909	55474	15	113	88	0	55474197000	21
7910	55475	1	111	85	0	55475407000	21
7911	55475	2	112	85	0	55475940001	21
7912	55475	3	113	85	0	55475347001	21
7913	55475	6	112	86	0	55475251001	21
7914	55475	10	112	87	0	55475138000	21
7915	55476	7	113	86	0	55476944000	20
7916	55476	11	113	87	0	55476744001	20
7917	55476	15	113	88	0	55476338001	20
7918	55477	3	113	85	0	55477718001	20
7919	55478	13	111	88	0	55478268001	20
7920	55489	0	110	85	1	55489127001	18
7921	55489	4	110	86	1	55489947000	18
7922	55490	1	111	85	1	55490077001	18
7923	55490	5	111	86	1	55490929001	18
7924	55490	8	110	87	1	55490687001	18
7925	55491	2	112	85	1	55491197001	18
7926	55491	6	112	86	1	55491977000	18
7927	55491	9	111	87	1	55491762001	18
7928	55491	12	110	88	1	55491439001	18
7929	55492	3	113	85	1	55492292000	18
7930	55492	10	112	87	1	55492528000	18
7931	55492	13	111	88	1	55492314001	18
7932	55493	7	113	86	1	55493004001	17
7933	55493	11	113	87	1	55493767000	17
7934	55493	14	112	88	1	55493211000	17
7935	55494	15	113	88	1	55494574001	17
7936	55496	10	112	87	1	55496365001	17
7937	55496	13	111	88	1	55496244000	17
7938	55977	12	110	88	0	55977827000	9
7939	55980	13	111	88	0	55980252000	9
7940	55981	12	110	88	1	55981162001	8
7941	55994	13	111	88	1	55994066000	7
7942	56079	4	110	86	0	56079721000	22
7943	56080	6	112	86	0	56080344001	22
7944	56082	10	112	87	0	56082700000	22
7945	56083	11	113	87	0	56083597001	22
7946	56084	13	111	88	0	56084735001	23
7947	56085	14	112	88	0	56085976000	23
7948	56086	15	113	88	0	56086426000	23
7949	56257	2	112	85	0	56257703000	22
7950	56258	7	113	86	0	56258428001	22
7951	56259	0	110	85	0	56259663000	22
7952	56259	6	112	86	0	56259635000	22
7953	56262	9	111	87	0	56262619000	23
7954	56263	8	110	87	0	56263463000	23
7955	56336	13	111	88	0	56336557001	25
7956	56339	10	112	87	0	56339413001	24
7957	56340	11	113	87	0	56340112000	24
7958	56341	6	112	86	0	56341322000	24
7959	56341	7	113	86	0	56341796000	24
7960	56342	2	112	85	0	56342737001	24
7961	56467	12	110	88	0	56467277001	21
7962	56468	8	110	87	0	56468896000	21
7963	56469	4	110	86	0	56469478001	21
7964	56469	12	110	88	0	56469750000	21
7965	56470	13	111	88	0	56470301000	21
7966	56471	4	110	86	0	56471956000	21
7967	56471	8	110	87	0	56471642000	21
7968	56472	0	110	85	0	56472096001	21
7969	56472	9	111	87	0	56472062001	21
7970	56472	13	111	88	0	56472823000	21
7971	56472	14	112	88	0	56472371001	21
7972	56473	5	111	86	0	56473711001	21
7973	56474	9	111	87	0	56474914001	22
7974	56474	12	110	88	0	56474084000	22
7975	56475	13	111	88	0	56475416001	22
7976	56476	4	110	86	1	56476722001	22
7977	56476	14	112	88	0	56476636001	22
7978	56477	10	112	87	0	56477001000	22
7979	56479	8	110	87	1	56479941001	22
7980	56483	8	110	87	1	56483476001	23
7981	56483	9	111	87	1	56483105001	23
7982	56483	12	110	88	1	56483107000	23
7983	56484	13	111	88	1	56484596001	23
7984	56485	14	112	88	1	56485049000	23
7985	56486	12	110	88	1	56486167001	23
7986	56488	13	111	88	1	56488209001	23
7987	56492	12	110	88	1	56492872000	23
7988	56564	4	110	86	1	56564593000	4
7989	56614	3	113	85	0	56614185000	18
7990	56614	7	113	86	0	56614937001	18
7991	56615	2	112	85	0	56615564000	19
7992	56615	11	113	87	0	56615804001	19
7993	56616	3	113	85	0	56616594000	19
7994	56616	6	112	86	0	56616382000	19
7995	56616	15	113	88	0	56616667000	19
7996	56617	1	111	85	0	56617024000	19
7997	56617	2	112	85	0	56617702001	19
7998	56617	5	111	86	0	56617895000	19
7999	56617	7	113	86	0	56617300001	19
8000	56617	10	112	87	0	56617480000	19
8001	56617	11	113	87	0	56617865001	19
8002	56618	0	110	85	0	56618646001	20
8003	56618	6	112	86	0	56618686001	20
8004	56618	14	112	88	0	56618355001	19
8005	56618	15	113	88	0	56618848001	20
8006	56619	1	111	85	0	56619638001	20
8007	56619	4	110	86	0	56619272001	20
8008	56619	9	111	87	0	56619144000	20
8009	56619	10	112	87	0	56619675000	20
8010	56619	13	111	88	0	56619456001	20
8011	56620	5	111	86	0	56620415001	20
8012	56620	8	110	87	0	56620459001	20
8013	56620	14	112	88	0	56620753001	20
8014	56621	0	110	85	0	56621101001	20
8015	56621	9	111	87	0	56621532000	20
8016	56621	12	110	88	0	56621253001	20
8017	56621	13	111	88	0	56621093000	20
8018	56622	4	110	86	0	56622043000	20
8019	56623	8	110	87	0	56623240001	21
8020	56623	11	113	87	1	56623674001	21
8021	56623	12	110	88	0	56623797001	21
8022	56623	15	113	88	1	56623673001	21
8023	56624	3	113	85	1	56624530000	21
8024	56624	7	113	86	1	56624257001	21
8025	56625	15	113	88	1	56625976001	22
8026	56626	2	112	85	1	56626886001	22
8027	56626	7	113	86	1	56626681000	22
8028	56626	10	112	87	1	56626273001	22
8029	56626	11	113	87	1	56626089001	22
8030	56626	14	112	88	1	56626678001	22
8031	56627	6	112	86	1	56627206000	22
8032	56629	10	112	87	1	56629543001	22
8033	56629	13	111	88	1	56629981000	22
8034	56629	14	112	88	1	56629272001	22
8035	56630	3	113	85	0	56630310001	23
8036	56630	5	111	86	1	56630814000	23
8037	56630	7	113	86	0	56630849001	23
8038	56630	9	111	87	1	56630211000	23
8039	56632	2	112	85	0	56632407000	23
8040	56632	14	112	88	1	56632213000	23
8041	56633	3	113	85	0	56633089001	23
8042	56633	13	111	88	1	56633518001	23
8043	56634	7	113	86	0	56634186001	23
8044	56634	10	112	87	0	56634816000	24
8045	56634	11	113	87	0	56634801001	24
8046	56635	6	112	86	0	56635695001	24
8047	56635	12	110	88	1	56635215000	24
8048	56637	10	112	87	0	56637874001	24
8049	56637	14	112	88	0	56637379001	24
8050	56638	7	113	86	0	56638698000	24
8051	56638	9	111	87	0	56638627001	24
8052	56638	11	113	87	0	56638101000	24
8053	56638	13	111	88	1	56638498001	24
8054	56638	15	113	88	0	56638471001	24
8055	56639	14	112	88	0	56639617000	24
8056	56640	5	111	86	0	56640876000	25
8057	56641	10	112	87	0	56641451000	25
8058	56641	11	113	87	0	56641466001	25
8059	56641	13	111	88	0	56641948001	25
8060	56642	14	112	88	0	56642970000	25
8061	56642	15	113	88	0	56642029001	25
8062	56645	13	111	88	0	56645342001	25
8063	56646	14	112	88	0	56646509001	25
8064	56646	15	113	88	0	56646210001	25
8065	56650	6	112	86	0	56650296001	26
8066	56650	12	110	88	0	56650066001	26
8067	56680	12	110	88	1	56680192000	25
8068	56681	13	111	88	1	56681465000	24
8069	56681	14	112	88	1	56681844001	24
8070	56683	14	112	88	1	56683607001	24
8071	56683	15	113	88	1	56683881001	24
8072	56684	8	110	87	1	56684514000	24
8073	56684	9	111	87	1	56684782001	24
8074	56684	10	112	87	1	56684205000	24
8075	56684	12	110	88	1	56684602001	24
8076	56684	13	111	88	1	56684292001	24
8077	56685	11	113	87	1	56685178001	24
8078	56687	5	111	86	1	56687666000	24
8079	56687	6	112	86	1	56687648001	24
8080	56687	7	113	86	1	56687639000	24
8081	56687	10	112	87	1	56687437000	24
8082	56687	11	113	87	1	56687697001	24
8083	56687	13	111	88	1	56687949000	23
8084	56688	4	110	86	1	56688958001	23
8085	56688	9	111	87	1	56688864001	23
8086	56688	12	110	88	1	56688312001	23
8087	56688	15	113	88	1	56688282000	23
8088	56689	8	110	87	1	56689572001	23
8089	56689	10	112	87	1	56689970000	23
8090	56689	14	112	88	1	56689804001	23
8091	56691	3	113	85	1	56691875001	23
8092	56692	2	112	85	1	56692939001	23
8093	56692	5	111	86	1	56692964000	23
8094	56692	6	112	86	1	56692167001	23
8095	56692	7	113	86	1	56692206001	23
8096	56693	1	111	85	1	56693422001	22
8097	56693	8	110	87	1	56693060000	22
8098	56693	9	111	87	1	56693730000	22
8099	56694	0	110	85	1	56694515001	22
8100	56694	4	110	86	1	56694460000	22
8101	56694	6	112	86	1	56694838000	22
8102	56695	5	111	86	1	56695926001	22
8103	56696	3	113	85	1	56696062001	22
8104	56696	7	113	86	1	56696349001	22
8105	56697	2	112	85	1	56697193001	22
8106	56697	4	110	86	1	56697029000	22
8107	56698	0	110	85	1	56698485000	21
8108	56698	1	111	85	1	56698253001	21
8109	56699	3	113	85	1	56699110000	21
8110	56700	2	112	85	1	56700147000	21
8111	56701	0	110	85	1	56701058000	21
8112	56701	1	111	85	1	56701036000	21
8113	57124	8	110	87	0	57124707000	17
8114	57124	12	110	88	0	57124141001	17
8115	57125	4	110	86	0	57125350001	17
8116	57125	13	111	88	0	57125241000	17
8117	57126	0	110	85	0	57126047001	17
8118	57126	5	111	86	0	57126880001	17
8119	57126	9	111	87	0	57126016000	17
8120	57126	12	110	88	0	57126873000	17
8121	57126	14	112	88	0	57126531001	17
8122	57127	1	111	85	0	57127752000	16
8123	57127	4	110	86	0	57127487000	16
8124	57127	6	112	86	0	57127674001	16
8125	57127	8	110	87	0	57127080000	16
8126	57127	10	112	87	0	57127199000	16
8127	57127	13	111	88	0	57127142000	16
8128	57128	0	110	85	0	57128307000	16
8129	57128	2	112	85	0	57128779001	16
8130	57128	9	111	87	0	57128494000	16
8131	57128	11	113	87	0	57128636001	16
8132	57128	14	112	88	0	57128346001	16
8133	57128	15	113	88	0	57128121000	16
8134	57129	5	111	86	0	57129185000	16
8135	57129	6	112	86	0	57129538001	16
8136	57129	7	113	86	0	57129247000	16
8137	57129	10	112	87	0	57129324001	16
8138	57130	1	111	85	0	57130311000	16
8139	57130	2	112	85	0	57130745000	15
8140	57130	3	113	85	0	57130374000	16
8141	57130	11	113	87	0	57130655000	15
8142	57130	15	113	88	0	57130105001	16
8143	57131	7	113	86	0	57131459000	15
8144	57132	3	113	85	0	57132610001	15
8145	57133	0	110	85	1	57133991001	15
8146	57134	4	110	86	1	57134662000	14
8147	57135	1	111	85	1	57135282000	14
8148	57135	8	110	87	1	57135569000	14
8149	57135	14	112	88	0	57135661001	14
8150	57136	5	111	86	1	57136319001	14
8151	57136	12	110	88	1	57136527000	14
8152	57137	1	111	85	1	57137065000	14
8153	57137	2	112	85	1	57137230000	14
8154	57137	6	112	86	1	57137984000	14
8155	57137	9	111	87	1	57137065000	14
8156	57137	13	111	88	1	57137989000	14
8157	57138	0	110	85	1	57138349000	14
8158	57138	3	113	85	1	57138190001	14
8159	57138	4	110	86	1	57138086000	14
8160	57138	10	112	87	1	57138515001	14
8161	57138	14	112	88	1	57138935000	13
8162	57139	7	113	86	1	57139485001	13
8163	57139	9	111	87	1	57139775001	13
8164	57140	3	113	85	1	57140438000	13
8165	57140	11	113	87	1	57140171001	13
8166	57140	14	112	88	1	57140956000	13
8167	57140	15	113	88	1	57140719000	13
8168	57142	13	111	88	1	57142303001	13
8169	57143	5	111	86	1	57143554001	12
8170	57143	10	112	87	1	57143133000	12
8171	57144	8	110	87	1	57144806000	12
8172	57144	15	113	88	1	57144397001	12
8173	57146	2	112	85	1	57146154001	12
8174	57473	2	112	85	0	57473882000	12
8175	57528	13	111	88	0	57528993001	9
8176	57529	14	112	88	0	57529956001	9
8177	57530	8	110	87	0	57530025001	9
8178	57530	10	112	87	0	57530131001	9
8179	57531	15	113	88	0	57531019000	9
8180	57561	6	112	86	0	57561649000	16
8181	57610	0	110	85	0	57610953001	19
8182	57612	1	111	85	0	57612611000	19
8183	57613	0	110	85	0	57613903001	19
8184	57613	2	112	85	0	57613404000	19
8185	57614	3	113	85	0	57614707001	19
8186	57614	4	110	86	0	57614398001	19
8187	57615	1	111	85	0	57615629001	19
8188	57615	5	111	86	0	57615526000	19
8189	57616	0	110	85	0	57616871000	19
8190	57616	2	112	85	0	57616077000	19
8191	57617	3	113	85	0	57617835001	19
8192	57617	4	110	86	0	57617517000	19
8193	57617	6	112	86	0	57617120001	19
8194	57617	7	113	86	0	57617637000	19
8195	57618	1	111	85	0	57618585001	18
8196	57618	5	111	86	0	57618894001	18
8197	57618	8	110	87	0	57618275001	19
8198	57619	2	112	85	0	57619386000	18
8199	57619	6	112	86	0	57619308000	18
8200	57619	9	111	87	0	57619108001	18
8201	57620	7	113	86	0	57620237000	18
8202	57620	10	112	87	0	57620033000	18
8203	57620	11	113	87	1	57620759000	18
8204	57621	3	113	85	0	57621718000	18
8205	57621	4	110	86	0	57621643000	18
8206	57621	5	111	86	0	57621866001	18
8207	57621	8	110	87	0	57621727000	18
8208	57621	9	111	87	0	57621973001	18
8209	57621	12	110	88	0	57621504000	18
8210	57622	6	112	86	0	57622064001	18
8211	57622	7	113	86	0	57622672001	18
8212	57622	10	112	87	0	57622685000	18
8213	57622	11	113	87	0	57622991001	18
8214	57622	13	111	88	0	57622232001	18
8215	57623	14	112	88	0	57623098001	18
8216	57624	12	110	88	0	57624624001	18
8217	57624	13	111	88	0	57624804001	18
8218	57624	15	113	88	0	57624125000	18
8219	57625	8	110	87	0	57625637001	18
8220	57625	9	111	87	0	57625019001	18
8221	57625	10	112	87	0	57625839001	18
8222	57625	11	113	87	0	57625658000	18
8223	57625	14	112	88	0	57625307000	18
8224	57626	15	113	88	0	57626586000	17
8225	57627	13	111	88	0	57627609000	17
8226	57628	10	112	87	0	57628820000	17
8227	57628	12	110	88	0	57628360000	17
8228	57628	14	112	88	0	57628796001	17
8229	57630	15	113	88	0	57630167001	17
8230	57632	3	113	85	1	57632536000	17
8231	57633	7	113	86	1	57633332001	16
8232	57633	11	113	87	1	57633837001	16
8233	57633	15	113	88	1	57633972001	16
8234	57634	2	112	85	1	57634411001	16
8235	57634	3	113	85	1	57634448000	16
8236	57634	6	112	86	1	57634838000	16
8237	57634	10	112	87	1	57634484000	16
8238	57635	1	111	85	1	57635609000	16
8239	57635	5	111	86	1	57635945000	16
8240	57635	14	112	88	1	57635175000	16
8241	57636	2	112	85	1	57636842000	16
8242	57636	9	111	87	1	57636010001	16
8243	57636	10	112	87	1	57636246001	16
8244	57636	13	111	88	1	57636513001	16
8245	57636	14	112	88	1	57636748001	16
8246	57636	15	113	88	1	57636948000	16
8247	57637	0	110	85	1	57637165001	16
8248	57637	1	111	85	1	57637083000	16
8249	57637	4	110	86	1	57637476000	16
8250	57637	8	110	87	1	57637724000	16
8251	57637	9	111	87	1	57637721001	16
8252	57638	5	111	86	1	57638643000	16
8253	57638	6	112	86	1	57638280001	16
8254	57638	12	110	88	1	57638253000	16
8255	57638	13	111	88	1	57638167001	16
8256	57640	0	110	85	1	57640132001	15
8257	57641	4	110	86	1	57641933001	15
8258	57642	8	110	87	1	57642584001	15
8259	57647	12	110	88	1	57647876001	14
8260	57710	7	113	86	1	57710738000	12
8261	57726	6	112	86	0	57726649001	18
8262	57726	7	113	86	0	57726051001	18
8263	57729	13	111	88	0	57729969001	19
8264	57875	8	110	87	0	57875766001	15
8265	57875	12	110	88	0	57875407001	15
8266	57875	13	111	88	0	57875878001	15
8267	57876	0	110	85	0	57876565001	15
8268	57876	4	110	86	0	57876110001	15
8269	57876	5	111	86	0	57876798001	15
8270	57876	9	111	87	0	57876549001	15
8271	57876	14	112	88	0	57876724001	15
8272	57877	1	111	85	0	57877506001	15
8273	57877	6	112	86	0	57877505001	15
8274	57877	10	112	87	0	57877119001	15
8275	57877	13	111	88	0	57877635001	15
8276	57877	15	113	88	0	57877583000	15
8277	57878	2	112	85	0	57878058001	15
8278	57878	3	113	85	0	57878917000	14
8279	57878	5	111	86	0	57878756001	14
8280	57878	7	113	86	0	57878300001	15
8281	57878	11	113	87	0	57878052001	15
8282	57878	14	112	88	0	57878632001	14
8283	57879	6	112	86	0	57879872000	14
8284	57879	10	112	87	0	57879970001	14
8285	57880	7	113	86	0	57880392000	14
8286	57880	11	113	87	0	57880093000	14
8287	57880	12	110	88	0	57880906001	14
8288	57880	15	113	88	0	57880292001	14
8289	57881	0	110	85	0	57881054000	14
8290	57881	1	111	85	0	57881673000	14
8291	57881	2	112	85	0	57881276001	14
8292	57881	8	110	87	0	57881926000	14
8293	57885	9	111	87	0	57885769001	14
8294	57891	12	110	88	1	57891490000	13
8295	57891	13	111	88	1	57891900000	13
8296	57891	14	112	88	1	57891660000	13
8297	57891	15	113	88	1	57891603000	13
8298	57894	8	110	87	1	57894599001	13
8299	57894	11	113	87	1	57894599001	13
8300	57894	14	112	88	1	57894877001	13
8301	57895	10	112	87	1	57895523001	13
8302	57895	12	110	88	1	57895705000	13
8303	57895	13	111	88	1	57895166000	13
8304	57895	15	113	88	1	57895012001	13
8305	57896	9	111	87	1	57896007001	13
8306	57897	13	111	88	1	57897906000	13
8307	57897	14	112	88	1	57897586000	13
8308	57898	8	110	87	1	57898060000	13
8309	57898	11	113	87	1	57898106001	13
8310	57899	5	111	86	1	57899785001	13
8311	57899	7	113	86	1	57899059001	13
8312	57899	10	112	87	1	57899338001	13
8313	57899	12	110	88	1	57899267001	13
8314	57900	6	112	86	1	57900146000	13
8315	57900	9	111	87	1	57900113000	13
8316	57900	11	113	87	1	57900947000	13
8317	57901	4	110	86	1	57901296000	13
8318	57902	8	110	87	1	57902026000	13
8319	57902	10	112	87	1	57902456000	13
8320	57903	6	112	86	1	57903875001	13
8321	57903	7	113	86	1	57903877001	13
8322	57903	9	111	87	1	57903299000	13
8323	57905	0	110	85	1	57905582001	13
8324	57905	1	111	85	1	57905706001	13
8325	57905	2	112	85	1	57905303000	13
8326	57906	5	111	86	1	57906556001	13
8327	57907	0	110	85	1	57907597001	13
8328	57907	3	113	85	1	57907095001	13
8329	57907	4	110	86	1	57907077000	13
8330	57908	1	111	85	1	57908806001	13
8331	57908	7	113	86	1	57908556000	13
8332	57909	4	110	86	1	57909220000	13
8333	57909	5	111	86	1	57909943001	13
8334	57909	6	112	86	1	57909912000	13
8335	57910	2	112	85	1	57910263000	13
8336	57910	8	110	87	1	57910035001	13
8337	57911	1	111	85	1	57911214000	13
8338	57912	2	112	85	1	57912482001	14
8339	57912	3	113	85	1	57912215000	14
8340	57914	3	113	85	1	57914523000	14
8341	57917	7	113	86	1	57917628001	14
8342	58467	0	110	85	0	58467997001	26
8343	58467	4	110	86	0	58467528000	26
8344	58467	8	110	87	0	58467442000	26
8345	58467	12	110	88	0	58467472000	26
8346	58468	9	111	87	0	58468841001	25
8347	58468	13	111	88	0	58468470001	26
8348	58469	1	111	85	0	58469659000	25
8349	58469	5	111	86	0	58469033001	25
8350	58469	14	112	88	0	58469997000	25
8351	58470	0	110	85	0	58470323001	25
8352	58470	2	112	85	0	58470794001	25
8353	58470	4	110	86	0	58470389001	25
8354	58470	6	112	86	0	58470611000	25
8355	58470	8	110	87	0	58470377001	25
8356	58470	10	112	87	0	58470063001	25
8357	58470	13	111	88	0	58470385000	25
8358	58471	1	111	85	0	58471905000	25
8359	58471	5	111	86	0	58471244001	25
8360	58471	7	113	86	0	58471803001	25
8361	58471	9	111	87	0	58471272001	25
8362	58471	10	112	87	0	58471960001	25
8363	58471	11	113	87	0	58471572001	25
8364	58471	12	110	88	0	58471482001	25
8365	58471	15	113	88	0	58471510001	25
8366	58472	3	113	85	0	58472384000	24
8367	58472	6	112	86	0	58472810001	24
8368	58472	14	112	88	0	58472275001	24
8369	58473	0	110	85	0	58473888000	24
8370	58473	2	112	85	0	58473078000	24
8371	58473	7	113	86	0	58473789001	24
8372	58473	11	113	87	0	58473703000	24
8373	58473	15	113	88	0	58473825000	24
8374	58475	3	113	85	0	58475132000	24
8375	58476	13	111	88	0	58476311001	23
8376	58477	12	110	88	0	58477213000	23
8377	58478	14	112	88	0	58478755000	23
8378	58481	9	111	87	0	58481360001	22
8379	58481	12	110	88	0	58481904001	22
8380	58481	14	112	88	0	58481851000	22
8381	58482	11	113	87	0	58482677001	22
8382	58482	13	111	88	0	58482152001	22
8383	58483	5	111	86	0	58483155001	21
8384	58483	7	113	86	0	58483862000	21
8385	58486	12	110	88	0	58486332000	21
8386	58487	6	112	86	0	58487684000	20
8387	58488	8	110	87	0	58488038000	20
8388	58491	15	113	88	0	58491194000	19
8389	58497	7	113	86	0	58497919001	18
8390	58499	14	112	88	0	58499609000	17
8391	58500	0	110	85	1	58500994000	17
8392	58501	4	110	86	1	58501756001	17
8393	58502	1	111	85	1	58502089001	17
8394	58502	5	111	86	1	58502873001	16
8395	58502	8	110	87	1	58502423000	17
8396	58502	12	110	88	1	58502883001	16
8397	58503	2	112	85	1	58503260001	16
8398	58503	6	112	86	1	58503892001	16
8399	58503	9	111	87	1	58503502001	16
8400	58504	3	113	85	1	58504318001	16
8401	58504	7	113	86	1	58504695001	16
8402	58504	10	112	87	1	58504291001	16
8403	58504	13	111	88	1	58504010001	16
8404	58504	14	112	88	1	58504737000	16
8405	58505	1	111	85	1	58505799001	16
8406	58505	11	113	87	1	58505593000	16
8407	58506	15	113	88	1	58506019001	16
8408	58508	14	112	88	1	58508285000	15
8409	58976	12	110	88	0	58976999000	20
8410	58977	0	110	85	0	58977756001	20
8411	58977	4	110	86	0	58977417000	20
8412	58977	8	110	87	0	58977112000	20
8413	58977	13	111	88	0	58977710000	20
8414	58978	1	111	85	0	58978857000	20
8415	58978	5	111	86	0	58978337001	20
8416	58978	9	111	87	0	58978081000	20
8417	58978	10	112	87	0	58978944001	20
8418	58978	14	112	88	0	58978783000	20
8419	58979	2	112	85	0	58979663000	20
8420	58979	6	112	86	0	58979222000	20
8421	58979	8	110	87	1	58979812001	20
8422	58979	11	113	87	0	58979892000	20
8423	58979	12	110	88	1	58979712000	20
8424	58980	0	110	85	0	58980359000	20
8425	58980	3	113	85	0	58980740001	20
8426	58980	7	113	86	0	58980173001	20
8427	58980	9	111	87	1	58980740001	20
8428	58981	1	111	85	0	58981179001	20
8429	58981	2	112	85	0	58981686001	20
8430	58981	4	110	86	1	58981505001	20
8431	58981	10	112	87	1	58981288000	20
8432	58982	5	111	86	1	58982698001	19
8433	58982	11	113	87	1	58982486001	19
8434	58983	0	110	85	1	58983029000	19
8435	58983	1	111	85	1	58983797001	19
8436	58983	4	110	86	1	58983921001	19
8437	58983	6	112	86	1	58983318001	19
8438	58983	7	113	86	1	58983940000	19
8439	58983	13	111	88	1	58983395000	19
8440	58984	2	112	85	1	58984727000	19
8441	58985	0	110	85	1	58985817001	19
8442	58985	1	111	85	1	58985882000	19
8443	58985	3	113	85	1	58985033000	19
8444	58986	2	112	85	1	58986955001	19
8445	58986	5	111	86	1	58986523000	19
8446	58987	3	113	85	1	58987292001	18
8447	58990	1	111	85	1	58990498000	18
8448	59048	13	111	88	0	59048063001	16
8449	59052	14	112	88	0	59052766000	17
8450	59054	15	113	88	0	59054338000	17
8451	59286	3	113	85	0	59286890001	25
8452	59287	2	112	85	0	59287897000	25
8453	59289	7	113	86	0	59289047001	25
8454	59292	6	112	86	0	59292090000	26
8455	59293	11	113	87	0	59293053000	26
8456	59295	0	110	85	0	59295584000	27
8457	59296	5	111	86	0	59296446000	27
8458	59297	10	112	87	0	59297565000	27
8459	59298	6	112	86	1	59298969001	28
8460	59303	4	110	86	0	59303516000	28
8461	59312	6	112	86	0	59312888000	30
8462	59412	8	110	87	0	59412953000	21
8463	59412	12	110	88	0	59412877001	21
8464	59413	0	110	85	0	59413852000	20
8465	59413	4	110	86	0	59413544000	20
8466	59413	13	111	88	0	59413567000	20
8467	59414	1	111	85	0	59414730000	20
8468	59414	5	111	86	0	59414408001	20
8469	59414	9	111	87	0	59414100000	20
8470	59414	14	112	88	0	59414520001	20
8471	59415	2	112	85	0	59415792001	20
8472	59415	6	112	86	0	59415363001	20
8473	59415	8	110	87	0	59415430000	20
8474	59415	10	112	87	0	59415005001	20
8475	59415	11	113	87	0	59415876001	20
8476	59415	13	111	88	0	59415248000	20
8477	59415	15	113	88	0	59415594001	20
8478	59416	0	110	85	1	59416044001	20
8479	59416	3	113	85	0	59416592001	20
8480	59416	4	110	86	1	59416902000	20
8481	59416	7	113	86	0	59416225001	20
8482	59416	9	111	87	0	59416791000	20
8483	59416	14	112	88	0	59416607001	20
8484	59417	1	111	85	1	59417395001	19
8485	59417	8	110	87	1	59417993001	19
8486	59417	10	112	87	1	59417840001	19
8487	59417	11	113	87	0	59417805000	19
8488	59417	12	110	88	0	59417777000	19
8489	59418	2	112	85	1	59418649000	19
8490	59418	5	111	86	1	59418250000	19
8491	59418	15	113	88	0	59418183001	19
8492	59419	3	113	85	1	59419699001	19
8493	59419	6	112	86	1	59419551001	19
8494	59419	9	111	87	1	59419338001	19
8495	59419	12	110	88	1	59419543000	19
8496	59420	7	113	86	1	59420792000	19
8497	59420	10	112	87	1	59420291000	19
8498	59420	13	111	88	1	59420143001	19
8499	59420	14	112	88	1	59420927000	18
8500	59421	11	113	87	1	59421440000	18
8501	59422	15	113	88	1	59422237001	18
8502	59424	14	112	88	1	59424593000	18
