event_id	cycle	source	x	y	polarity	occurrence_timestamp_ns	theta_idx
0	3056	3	112	84	0	3056529001	11
1	3350	3	112	84	0	3350847001	12
2	3382	12	109	86	0	3382886000	11
3	4091	3	112	84	0	4091502001	5
4	4101	15	112	86	0	4101324001	5
5	4106	21	112	87	0	4106671000	6
6	4110	24	109	88	0	4110570000	6
7	4110	29	114	88	0	4110991001	6
8	4139	0	109	84	0	4139117000	7
9	4141	1	110	84	0	4141665000	7
10	4143	0	109	84	0	4143253001	7
11	4144	1	110	84	0	4144189001	7
12	4144	2	111	84	0	4144696000	7
13	4144	6	109	85	0	4144125000	7
14	4146	7	110	85	0	4146523001	7
15	4147	1	110	84	0	4147501001	7
16	4147	2	111	84	0	4147185000	7
17	4147	12	109	86	0	4147559001	7
18	4148	3	112	84	0	4148074001	7
19	4148	6	109	85	0	4148702000	7
20	4148	7	110	85	0	4148676001	7
21	4149	8	111	85	0	4149701000	7
22	4150	3	112	84	0	4150735001	7
23	4150	4	113	84	0	4150932001	7
24	4150	12	109	86	0	4150233000	7
25	4150	13	110	86	0	4150743001	7
26	4151	0	109	84	1	4151164001	7
27	4151	2	111	84	0	4151782001	7
28	4151	7	110	85	0	4151889001	7
29	4151	9	112	85	0	4151871000	7
30	4152	8	111	85	0	4152698001	7
31	4152	18	109	87	0	4152895001	7
32	4153	3	112	84	0	4153700001	7
33	4153	4	113	84	0	4153496001	7
34	4153	5	114	84	0	4153686001	7
35	4153	13	110	86	0	4153745001	7
36	4153	14	111	86	0	4153643000	7
37	4154	9	112	85	0	4154333001	7
38	4155	6	109	85	1	4155189000	7
39	4155	10	113	85	0	4155607000	7
40	4155	19	110	87	0	4155358000	7
41	4156	2	111	84	0	4156417001	7
42	4156	5	114	84	1	4156403001	7
43	4156	14	111	86	0	4156661000	7
44	4156	18	109	87	0	4156549001	7
45	4156	24	109	88	0	4156923000	7
46	4157	1	110	84	1	4157755001	7
47	4157	4	113	84	0	4157759000	7
48	4157	8	111	85	0	4157102001	7
49	4157	9	112	85	0	4157439000	7
50	4157	11	114	85	0	4157826000	7
51	4157	13	110	86	0	4157355000	7
52	4157	15	112	86	0	4157252000	7
53	4158	3	112	84	0	4158439001	7
54	4158	10	113	85	0	4158601001	7
55	4158	19	110	87	0	4158973000	7
56	4158	20	111	87	0	4158405001	7
57	4159	12	109	86	1	4159004000	7
58	4159	14	111	86	0	4159752001	7
59	4159	16	113	86	0	4159407001	7
60	4159	25	110	88	0	4159808001	7
61	4160	1	110	84	1	4160939000	8
62	4160	5	114	84	0	4160474001	7
63	4160	11	114	85	0	4160617001	7
64	4160	15	112	86	0	4160609001	7
65	4160	24	109	88	0	4160133001	7
66	4161	7	110	85	1	4161843001	8
67	4161	20	111	87	0	4161957001	8
68	4161	21	112	87	0	4161466001	8
69	4161	30	109	89	0	4161522001	8
70	4162	4	113	84	0	4162968000	8
71	4162	9	112	85	0	4162116001	8
72	4162	16	113	86	0	4162128000	8
73	4162	17	114	86	0	4162622000	8
74	4162	26	111	88	0	4162382001	8
75	4163	10	113	85	0	4163077001	8
76	4163	18	109	87	1	4163829000	8
77	4163	22	113	87	0	4163482001	8
78	4163	25	110	88	0	4163033000	8
79	4164	11	114	85	0	4164554000	8
80	4164	15	112	86	0	4164518001	8
81	4164	21	112	87	0	4164052001	8
82	4164	26	111	88	0	4164646001	8
83	4164	31	110	89	0	4164135001	8
84	4165	5	114	84	0	4165488000	8
85	4165	7	110	85	1	4165244001	8
86	4165	13	110	86	1	4165312000	8
87	4165	14	111	86	0	4165600001	8
88	4165	16	113	86	0	4165920000	8
89	4165	17	114	86	0	4165591000	8
90	4165	20	111	87	0	4165574000	8
91	4165	27	112	88	0	4165087000	8
92	4166	2	111	84	1	4166889001	8
93	4166	6	109	85	1	4166027000	8
94	4166	22	113	87	0	4166169000	8
95	4166	23	114	87	0	4166992001	8
96	4166	24	109	88	1	4166944001	8
97	4166	26	111	88	0	4166875001	8
98	4166	30	109	89	0	4166660000	8
99	4166	31	110	89	0	4166554001	8
100	4167	21	112	87	0	4167139000	8
101	4167	27	112	88	0	4167268000	8
102	4167	32	111	89	0	4167079001	8
103	4168	0	109	84	1	4168331001	8
104	4168	11	114	85	0	4168304000	8
105	4168	13	110	86	1	4168947000	8
106	4168	28	113	88	0	4168166000	8
107	4169	23	114	87	0	4169759000	8
108	4170	2	111	84	1	4170984001	8
109	4170	16	113	86	0	4170878001	8
110	4170	17	114	86	0	4170728001	8
111	4170	19	110	87	1	4170763001	8
112	4170	21	112	87	0	4170644000	8
113	4170	22	113	87	0	4170240000	8
114	4170	27	112	88	0	4170417001	8
115	4170	28	113	88	0	4170897000	8
116	4170	32	111	89	0	4170285000	8
117	4170	33	112	89	0	4170262001	8
118	4171	1	110	84	1	4171994001	8
119	4171	8	111	85	1	4171514001	8
120	4171	15	112	86	0	4171405000	8
121	4171	26	111	88	0	4171429000	8
122	4171	29	114	88	0	4171658001	8
123	4172	14	111	86	1	4172808000	8
124	4172	30	109	89	1	4172230000	8
125	4172	34	113	89	0	4172665001	8
126	4173	33	112	89	0	4173063000	8
127	4174	3	112	84	1	4174637001	8
128	4174	12	109	86	1	4174752001	8
129	4174	22	113	87	0	4174029001	8
130	4174	23	114	87	0	4174348001	8
131	4174	27	112	88	0	4174100000	8
132	4174	29	114	88	0	4174268001	8
133	4175	8	111	85	1	4175405001	8
134	4175	17	114	86	0	4175804000	8
135	4175	19	110	87	1	4175993001	8
136	4175	25	110	88	1	4175030000	8
137	4175	28	113	88	0	4175124000	8
138	4175	32	111	89	0	4175233000	8
139	4175	34	113	89	0	4175174001	8
140	4175	35	114	89	0	4175430000	8
141	4177	14	111	86	1	4177241000	8
142	4177	29	114	88	0	4177840000	8
143	4177	33	112	89	0	4177521000	8
144	4177	35	114	89	0	4177867000	8
145	4178	13	110	86	1	4178038001	8
146	4178	28	113	88	0	4178857001	8
147	4178	34	113	89	0	4178488001	8
148	4179	2	111	84	1	4179245001	8
149	4179	9	112	85	1	4179833001	8
150	4179	25	110	88	1	4179014000	8
151	4179	31	110	89	1	4179101000	8
152	4180	3	112	84	1	4180010000	8
153	4180	20	111	87	1	4180413001	8
154	4181	29	114	88	0	4181473001	8
155	4181	35	114	89	0	4181540001	8
156	4182	14	111	86	1	4182120001	8
157	4182	15	112	86	1	4182689000	8
158	4182	26	111	88	1	4182767001	8
159	4182	33	112	89	0	4182514001	8
160	4182	34	113	89	0	4182342001	8
161	4183	7	110	85	1	4183851001	8
162	4183	8	111	85	1	4183323001	8
163	4183	31	110	89	1	4183614000	8
164	4184	9	112	85	1	4184539001	8
165	4184	20	111	87	1	4184965001	8
166	4185	3	112	84	1	4185323001	8
167	4185	35	114	89	0	4185811001	8
168	4187	15	112	86	1	4187728000	9
169	4187	26	111	88	1	4187114001	9
170	4188	9	112	85	1	4188682000	9
171	4188	21	112	87	1	4188492000	9
172	4188	32	111	89	1	4188851000	9
173	4189	3	112	84	0	4189158000	9
174	4190	26	111	88	1	4190760001	9
175	4190	35	114	89	0	4190858000	9
176	4191	3	112	84	0	4191821001	9
177	4191	15	112	86	1	4191499000	9
178	4192	2	111	84	0	4192696001	9
179	4193	21	112	87	1	4193918000	9
180	4193	27	112	88	1	4193396000	9
181	4193	32	111	89	1	4193784001	9
182	4195	2	111	84	0	4195496001	9
183	4195	9	112	85	0	4195247001	9
184	4196	1	110	84	0	4196183001	9
185	4196	3	112	84	0	4196062001	9
186	4197	9	112	85	0	4197997001	9
187	4197	33	112	89	1	4197898001	9
188	4199	0	109	84	0	4199758000	9
189	4199	1	110	84	0	4199514001	9
190	4199	2	111	84	0	4199196001	9
191	4199	8	111	85	0	4199339001	9
192	4199	27	112	88	1	4199067000	9
193	4200	21	112	87	1	4200137001	9
194	4201	3	112	84	0	4201247000	9
195	4202	0	109	84	0	4202786000	9
196	4202	7	110	85	0	4202193001	9
197	4202	9	112	85	0	4202480001	9
198	4202	15	112	86	0	4202209000	9
199	4203	2	111	84	0	4203489001	9
200	4203	8	111	85	0	4203245000	9
201	4203	27	112	88	1	4203933000	9
202	4204	1	110	84	0	4204215001	9
203	4204	3	112	84	0	4204871001	9
204	4204	7	110	85	0	4204695001	9
205	4205	9	112	85	0	4205964001	9
206	4205	14	111	86	0	4205501001	9
207	4205	33	112	89	1	4205120001	9
208	4206	6	109	85	0	4206798000	9
209	4206	15	112	86	0	4206973001	9
210	4206	21	112	87	0	4206115001	9
211	4208	0	109	84	0	4208495000	9
212	4208	7	110	85	0	4208411001	9
213	4208	8	111	85	0	4208843001	9
214	4208	13	110	86	0	4208128001	9
215	4208	14	111	86	0	4208842001	9
216	4208	21	112	87	0	4208711001	9
217	4208	28	113	88	1	4208566001	9
218	4209	1	110	84	0	4209022001	9
219	4210	6	109	85	0	4210704000	9
220	4210	33	112	89	1	4210732000	9
221	4211	2	111	84	0	4211508001	9
222	4211	9	112	85	0	4211800000	9
223	4211	12	109	86	0	4211069001	9
224	4211	13	110	86	0	4211436000	9
225	4211	14	111	86	0	4211959000	9
226	4211	20	111	87	0	4211729001	9
227	4212	15	112	86	0	4212242000	9
228	4212	21	112	87	0	4212505000	9
229	4212	27	112	88	0	4212738001	9
230	4213	7	110	85	0	4213595001	9
231	4213	12	109	86	0	4213619001	9
232	4214	20	111	87	0	4214748000	9
233	4215	6	109	85	0	4215424000	9
234	4215	13	110	86	0	4215704000	9
235	4215	19	110	87	0	4215007000	9
236	4215	27	112	88	0	4215401000	9
237	4216	0	109	84	0	4216191001	9
238	4216	21	112	87	0	4216879000	9
239	4216	26	111	88	0	4216895001	9
240	4216	28	113	88	0	4216794000	9
241	4217	12	109	86	0	4217637000	9
242	4218	19	110	87	0	4218259000	9
243	4218	33	112	89	0	4218616001	9
244	4219	18	109	87	0	4219292000	9
245	4219	20	111	87	0	4219453001	9
246	4220	13	110	86	0	4220494000	9
247	4220	25	110	88	0	4220840000	9
248	4220	27	112	88	0	4220328001	9
249	4221	14	111	86	0	4221223001	9
250	4221	26	111	88	0	4221086000	9
251	4222	0	109	84	1	4222967001	10
252	4222	12	109	86	0	4222681001	10
253	4222	33	112	89	0	4222221001	9
254	4223	1	110	84	1	4223220001	10
255	4223	2	111	84	1	4223178001	10
256	4223	3	112	84	1	4223606000	10
257	4223	4	113	84	1	4223663001	10
258	4223	5	114	84	1	4223421001	10
259	4223	18	109	87	0	4223351001	10
260	4223	19	110	87	0	4223144001	10
261	4223	24	109	88	0	4223992000	10
262	4223	32	111	89	0	4223030001	10
263	4224	25	110	88	1	4224396000	10
264	4224	26	111	88	0	4224411000	10
265	4224	27	112	88	0	4224822000	10
266	4225	1	110	84	1	4225489000	10
267	4226	0	109	84	1	4226038000	10
268	4226	2	111	84	1	4226138000	10
269	4226	3	112	84	1	4226515000	10
270	4226	4	113	84	1	4226404000	10
271	4226	5	114	84	1	4226251001	10
272	4226	24	109	88	0	4226968000	10
273	4226	31	110	89	0	4226078001	10
274	4227	18	109	87	0	4227690000	10
275	4227	25	110	88	0	4227851001	10
276	4227	33	112	89	0	4227830001	10
277	4228	32	111	89	0	4228115000	10
278	4229	6	109	85	1	4229720001	10
279	4229	7	110	85	1	4229879001	10
280	4229	8	111	85	1	4229475001	10
281	4229	9	112	85	1	4229600001	10
282	4229	11	114	85	1	4229923000	10
283	4229	31	110	89	0	4229339000	10
284	4230	10	113	85	1	4230077001	10
285	4230	24	109	88	0	4230371001	10
286	4230	30	109	89	0	4230338000	10
287	4232	6	109	85	1	4232676001	10
288	4232	7	110	85	1	4232897001	10
289	4232	8	111	85	1	4232249000	10
290	4232	9	112	85	1	4232437001	10
291	4232	11	114	85	1	4232529000	10
292	4232	26	111	88	0	4232840000	10
293	4233	1	110	84	1	4233683000	10
294	4233	10	113	85	1	4233232001	10
295	4233	31	110	89	0	4233876000	10
296	4234	30	109	89	0	4234528001	10
297	4235	12	109	86	1	4235758001	10
298	4235	13	110	86	1	4235125000	10
299	4235	14	111	86	1	4235666001	10
300	4235	15	112	86	1	4235999000	10
301	4235	16	113	86	1	4235666001	10
302	4236	17	114	86	1	4236134000	10
303	4236	25	110	88	0	4236555000	10
304	4237	13	110	86	1	4237887001	10
305	4237	24	109	88	0	4237116000	10
306	4238	8	111	85	1	4238318000	10
307	4238	14	111	86	1	4238524001	10
308	4238	15	112	86	1	4238945001	10
309	4238	16	113	86	1	4238503001	10
310	4238	17	114	86	1	4238766001	10
311	4238	34	113	89	0	4238530001	10
312	4239	2	111	84	1	4239387001	10
313	4239	12	109	86	1	4239289000	10
314	4239	30	109	89	0	4239547001	10
315	4239	32	111	89	1	4239249001	10
316	4241	19	110	87	1	4241958000	10
317	4241	21	112	87	1	4241891000	10
318	4241	31	110	89	0	4241544001	10
319	4242	5	114	84	1	4242063001	10
320	4242	9	112	85	1	4242850001	10
321	4242	11	114	85	1	4242699001	10
322	4242	18	109	87	1	4242433001	10
323	4242	20	111	87	1	4242184001	10
324	4242	22	113	87	1	4242252001	10
325	4242	23	114	87	1	4242972001	10
326	4243	4	113	84	1	4243733000	10
327	4244	19	110	87	1	4244976001	10
328	4244	20	111	87	1	4244843000	10
329	4244	21	112	87	1	4244912000	10
330	4245	13	110	86	1	4245490000	10
331	4245	18	109	87	1	4245149001	10
332	4245	22	113	87	1	4245566000	10
333	4245	23	114	87	1	4245922000	10
334	4246	17	114	86	1	4246788000	10
335	4246	25	110	88	1	4246960001	10
336	4247	24	109	88	1	4247996001	10
337	4247	26	111	88	1	4247543000	10
338	4247	27	112	88	1	4247687000	10
339	4248	7	110	85	1	4248524000	10
340	4248	28	113	88	1	4248867001	10
341	4248	29	114	88	1	4248620000	10
342	4250	16	113	86	1	4250035001	10
343	4250	25	110	88	1	4250353001	10
344	4250	26	111	88	1	4250771000	10
345	4250	27	112	88	1	4250464001	10
346	4251	20	111	87	1	4251819001	10
347	4251	24	109	88	1	4251043000	10
348	4251	28	113	88	1	4251976000	10
349	4251	29	114	88	1	4251433000	10
350	4252	14	111	86	1	4252721001	10
351	4253	21	112	87	1	4253054000	10
352	4253	27	112	88	1	4253901000	10
353	4254	25	110	88	1	4254308001	10
354	4254	30	109	89	1	4254965001	10
355	4254	31	110	89	1	4254045001	10
356	4254	32	111	89	1	4254635001	10
357	4254	33	112	89	1	4254592000	10
358	4254	34	113	89	1	4254751000	10
359	4255	35	114	89	1	4255691000	10
360	4256	23	114	87	1	4256158000	10
361	4256	26	111	88	1	4256227000	10
362	4256	31	110	89	1	4256946000	10
363	4257	0	109	84	1	4257066001	10
364	4257	33	112	89	1	4257717000	10
365	4257	34	113	89	1	4257866000	11
366	4258	19	110	87	1	4258421001	11
367	4258	24	109	88	1	4258853001	11
368	4258	29	114	88	1	4258881000	11
369	4258	30	109	89	1	4258067001	11
370	4258	32	111	89	1	4258492001	11
371	4258	35	114	89	1	4258800001	11
372	4259	22	113	87	1	4259644001	11
373	4262	31	110	89	1	4262112001	11
374	4268	34	113	89	1	4268424000	11
375	4269	33	112	89	1	4269736001	11
376	4275	35	114	89	1	4275165001	11
377	4277	15	112	86	1	4277810000	11
378	4520	35	114	89	0	4520778000	11
379	4522	31	110	89	0	4522516000	11
380	4522	32	111	89	0	4522893000	11
381	4522	33	112	89	0	4522450000	11
382	4522	34	113	89	0	4522003001	11
383	4523	30	109	89	0	4523833000	11
384	4523	35	114	89	0	4523484000	11
385	4524	24	109	88	0	4524572000	11
386	4524	31	110	89	0	4524829001	11
387	4524	34	113	89	1	4524134000	11
388	4525	29	114	88	0	4525636000	11
389	4525	33	112	89	0	4525048001	11
390	4526	25	110	88	1	4526559000	11
391	4526	26	111	88	0	4526164001	11
392	4526	27	112	88	0	4526569001	11
393	4526	28	113	88	0	4526743000	11
394	4526	30	109	89	0	4526910001	11
395	4526	32	111	89	0	4526151000	11
396	4526	34	113	89	0	4526685001	11
397	4526	35	114	89	0	4526322001	11
398	4527	24	109	88	0	4527066001	11
399	4527	29	114	88	0	4527616001	11
400	4527	31	110	89	0	4527728000	11
401	4528	21	112	87	0	4528714001	11
402	4528	22	113	87	0	4528865000	11
403	4528	23	114	87	0	4528785000	11
404	4528	26	111	88	0	4528308000	11
405	4528	27	112	88	0	4528528001	11
406	4528	28	113	88	1	4528702000	11
407	4528	33	112	89	0	4528913000	11
408	4529	19	110	87	0	4529572001	11
409	4529	20	111	87	0	4529716001	11
410	4529	24	109	88	0	4529189000	11
411	4529	25	110	88	0	4529004001	11
412	4530	18	109	87	0	4530776000	10
413	4530	21	112	87	1	4530769000	10
414	4530	22	113	87	0	4530910000	10
415	4530	23	114	87	0	4530953000	10
416	4530	29	114	88	0	4530699001	10
417	4531	15	112	86	0	4531801001	10
418	4531	16	113	86	0	4531871000	10
419	4531	20	111	87	0	4531943001	10
420	4531	24	109	88	0	4531828001	10
421	4531	26	111	88	0	4531267000	10
422	4531	27	112	88	0	4531792000	10
423	4531	28	113	88	0	4531252001	10
424	4532	13	110	86	0	4532626001	10
425	4532	14	111	86	0	4532507000	10
426	4532	17	114	86	0	4532584000	10
427	4532	19	110	87	0	4532153001	10
428	4533	12	109	86	0	4533081000	10
429	4533	15	112	86	0	4533968001	10
430	4533	16	113	86	0	4533820000	10
431	4533	18	109	87	0	4533683000	10
432	4533	21	112	87	0	4533227000	10
433	4533	22	113	87	0	4533525001	10
434	4533	23	114	87	0	4533810000	10
435	4533	30	109	89	1	4533580001	10
436	4534	9	112	85	0	4534921001	10
437	4534	11	114	85	0	4534784001	10
438	4534	13	110	86	0	4534681000	10
439	4534	14	111	86	1	4534513001	10
440	4534	17	114	86	0	4534764000	10
441	4535	7	110	85	0	4535683000	10
442	4535	12	109	86	0	4535411000	10
443	4536	6	109	85	0	4536595001	10
444	4536	8	111	85	0	4536062001	10
445	4536	10	113	85	0	4536469001	10
446	4536	15	112	86	0	4536234001	10
447	4536	16	113	86	0	4536035001	10
448	4536	20	111	87	0	4536948000	10
449	4536	30	109	89	1	4536738000	10
450	4536	31	110	89	1	4536086001	10
451	4537	7	110	85	0	4537931001	10
452	4537	9	112	85	0	4537119001	10
453	4537	11	114	85	0	4537135000	10
454	4537	14	111	86	0	4537582001	10
455	4537	24	109	88	1	4537273000	10
456	4538	1	110	84	0	4538653000	10
457	4538	2	111	84	0	4538082000	10
458	4538	3	112	84	0	4538809001	10
459	4538	4	113	84	0	4538635000	10
460	4538	5	114	84	0	4538304000	10
461	4538	8	111	85	0	4538434000	10
462	4538	17	114	86	0	4538331000	10
463	4538	31	110	89	1	4538780000	10
464	4538	32	111	89	1	4538303000	10
465	4539	0	109	84	0	4539079001	10
466	4539	2	111	84	0	4539992001	10
467	4539	6	109	85	0	4539235001	10
468	4539	9	112	85	0	4539625001	10
469	4539	10	113	85	0	4539259001	10
470	4539	11	114	85	0	4539711001	10
471	4539	13	110	86	0	4539329000	10
472	4539	25	110	88	1	4539576000	10
473	4539	33	112	89	1	4539406000	10
474	4540	1	110	84	0	4540738001	10
475	4540	3	112	84	0	4540804001	10
476	4540	4	113	84	0	4540766001	10
477	4540	5	114	84	0	4540706000	10
478	4540	7	110	85	0	4540637000	10
479	4540	18	109	87	1	4540602000	10
480	4540	24	109	88	1	4540383001	10
481	4540	26	111	88	1	4540830000	10
482	4541	0	109	84	0	4541465000	10
483	4541	32	111	89	1	4541161000	10
484	4542	2	111	84	0	4542121001	10
485	4542	19	110	87	1	4542740001	10
486	4542	25	110	88	1	4542167000	10
487	4542	33	112	89	1	4542765000	10
488	4543	3	112	84	0	4543221000	10
489	4543	12	109	86	1	4543918001	10
490	4543	18	109	87	1	4543035000	10
491	4543	20	111	87	1	4543935001	10
492	4543	26	111	88	1	4543770001	10
493	4543	27	112	88	1	4543035000	10
494	4545	1	110	84	0	4545807000	10
495	4545	13	110	86	1	4545299000	10
496	4545	19	110	87	1	4545362001	10
497	4545	27	112	88	1	4545887001	10
498	4546	6	109	85	1	4546515000	10
499	4546	7	110	85	1	4546969001	10
500	4546	12	109	86	1	4546619000	10
501	4546	14	111	86	1	4546936000	10
502	4546	20	111	87	1	4546858000	10
503	4546	21	112	87	1	4546507001	10
504	4546	31	110	89	1	4546037001	10
505	4547	13	110	86	1	4547977000	10
506	4548	15	112	86	1	4548721001	9
507	4548	30	109	89	1	4548264000	10
508	4548	33	112	89	0	4548795001	9
509	4549	0	109	84	1	4549880001	9
510	4549	6	109	85	1	4549206001	9
511	4549	14	111	86	1	4549771000	9
512	4549	21	112	87	1	4549049000	9
513	4550	1	110	84	1	4550127000	9
514	4550	7	110	85	1	4550395001	9
515	4550	8	111	85	1	4550687000	9
516	4551	9	112	85	1	4551352001	9
517	4551	27	112	88	0	4551671000	9
518	4552	0	109	84	1	4552486001	9
519	4552	2	111	84	1	4552726000	9
520	4552	15	112	86	1	4552185001	9
521	4552	33	112	89	0	4552996000	9
522	4553	1	110	84	1	4553221001	9
523	4553	8	111	85	1	4553065000	9
524	4553	16	113	86	1	4553999001	9
525	4553	21	112	87	0	4553949000	9
526	4554	3	112	84	1	4554384000	9
527	4554	7	110	85	1	4554671000	9
528	4554	9	112	85	1	4554441001	9
529	4554	27	112	88	0	4554689000	9
530	4555	1	110	84	1	4555966001	9
531	4555	2	111	84	1	4555826000	9
532	4555	32	111	89	0	4555105001	9
533	4556	15	112	86	0	4556975001	9
534	4556	21	112	87	0	4556462000	9
535	4557	3	112	84	1	4557401000	9
536	4558	16	113	86	0	4558746000	9
537	4558	26	111	88	0	4558848001	9
538	4558	27	112	88	0	4558433001	9
539	4559	32	111	89	0	4559238001	9
540	4560	15	112	86	0	4560047001	9
541	4560	21	112	87	0	4560726000	9
542	4560	33	112	89	0	4560250000	9
543	4561	9	112	85	0	4561171001	9
544	4561	20	111	87	0	4561763000	9
545	4561	26	111	88	0	4561586001	9
546	4561	31	110	89	0	4561294000	9
547	4561	35	114	89	1	4561544001	9
548	4563	3	112	84	0	4563207001	9
549	4563	15	112	86	0	4563706000	9
550	4564	9	112	85	0	4564601000	8
551	4564	14	111	86	0	4564616001	8
552	4564	20	111	87	0	4564777000	8
553	4564	29	114	88	1	4564662001	8
554	4564	34	113	89	1	4564060001	8
555	4564	35	114	89	1	4564941001	8
556	4565	26	111	88	0	4565485000	8
557	4565	31	110	89	0	4565108000	8
558	4566	3	112	84	0	4566328000	8
559	4566	28	113	88	1	4566655001	8
560	4566	33	112	89	1	4566583001	8
561	4567	14	111	86	0	4567879001	8
562	4567	23	114	87	1	4567252000	8
563	4567	25	110	88	0	4567958001	8
564	4567	34	113	89	1	4567205001	8
565	4568	8	111	85	0	4568431001	8
566	4568	9	112	85	0	4568363001	8
567	4568	15	112	86	0	4568979000	8
568	4568	20	111	87	0	4568207001	8
569	4568	21	112	87	0	4568991001	8
570	4568	29	114	88	1	4568008000	8
571	4569	3	112	84	0	4569550000	8
572	4569	22	113	87	1	4569574000	8
573	4569	27	112	88	1	4569659001	8
574	4569	31	110	89	0	4569260000	8
575	4569	33	112	89	1	4569329000	8
576	4570	17	114	86	1	4570393000	8
577	4570	23	114	87	1	4570539000	8
578	4570	28	113	88	1	4570252000	8
579	4570	32	111	89	1	4570543001	8
580	4571	14	111	86	0	4571779000	8
581	4571	19	110	87	0	4571599000	8
582	4572	2	111	84	0	4572488000	8
583	4572	8	111	85	0	4572008000	8
584	4572	25	110	88	0	4572109001	8
585	4572	26	111	88	1	4572763001	8
586	4572	27	112	88	1	4572549000	8
587	4573	16	113	86	1	4573105001	8
588	4573	21	112	87	1	4573580000	8
589	4573	22	113	87	1	4573244000	8
590	4573	23	114	87	1	4573270001	8
591	4573	29	114	88	1	4573082000	8
592	4573	33	112	89	1	4573724001	8
593	4574	3	112	84	0	4574237000	8
594	4574	11	114	85	1	4574399000	8
595	4574	17	114	86	1	4574020001	8
596	4574	31	110	89	1	4574435001	8
597	4574	32	111	89	1	4574426000	8
598	4574	35	114	89	1	4574297001	8
599	4575	2	111	84	0	4575790001	8
600	4575	7	110	85	0	4575704001	8
601	4575	10	113	85	1	4575992000	8
602	4575	13	110	86	0	4575510001	8
603	4575	15	112	86	1	4575587000	8
604	4575	19	110	87	0	4575596001	8
605	4575	26	111	88	1	4575558001	8
606	4575	27	112	88	1	4575525000	8
607	4576	16	113	86	1	4576808000	8
608	4576	17	114	86	1	4576648000	8
609	4576	20	111	87	1	4576981000	8
610	4576	21	112	87	1	4576177001	8
611	4577	5	114	84	1	4577881001	8
612	4577	11	114	85	1	4577881001	8
613	4577	25	110	88	1	4577783000	8
614	4578	28	113	88	1	4578838001	8
615	4579	9	112	85	1	4579897000	7
616	4579	15	112	86	1	4579587000	8
617	4579	20	111	87	1	4579383000	8
618	4579	22	113	87	1	4579188001	8
619	4580	2	111	84	0	4580377000	7
620	4580	4	113	84	1	4580795001	7
621	4580	7	110	85	0	4580944000	7
622	4580	10	113	85	1	4580228001	7
623	4580	14	111	86	1	4580533000	7
624	4580	21	112	87	1	4580649001	7
625	4581	1	110	84	0	4581787001	7
626	4581	5	114	84	1	4581572001	7
627	4581	11	114	85	1	4581476001	7
628	4581	19	110	87	1	4581375001	7
629	4582	16	113	86	1	4582293000	7
630	4582	26	111	88	1	4582417000	7
631	4583	3	112	84	1	4583520000	7
632	4583	9	112	85	1	4583064000	7
633	4583	14	111	86	1	4583465001	7
634	4584	4	113	84	1	4584384000	7
635	4584	10	113	85	1	4584529000	7
636	4584	15	112	86	1	4584498000	7
637	4585	5	114	84	1	4585521000	7
638	4585	8	111	85	1	4585011001	7
639	4586	13	110	86	1	4586034001	7
640	4587	1	110	84	0	4587142000	7
641	4587	3	112	84	1	4587279000	7
642	4587	8	111	85	1	4587251001	7
643	4587	9	112	85	1	4587046001	7
644	4588	2	111	84	1	4588142001	7
645	4589	7	110	85	1	4589949001	7
646	4591	2	111	84	1	4591155001	7
647	4592	3	112	84	1	4592547000	7
648	4593	1	110	84	1	4593549000	7
649	4594	4	113	84	1	4594663001	7
650	4612	29	114	88	0	4612718001	6
651	4621	15	112	86	0	4621880001	5
652	4629	3	112	84	0	4629329001	5
653	4960	30	109	89	0	4960602001	7
654	4963	24	109	88	0	4963486000	7
655	4963	30	109	89	0	4963393000	7
656	4965	31	110	89	0	4965744001	7
657	4966	24	109	88	0	4966232001	7
658	4968	30	109	89	0	4968024000	7
659	4968	31	110	89	0	4968268001	7
660	4969	18	109	87	0	4969536001	7
661	4969	24	109	88	0	4969449001	7
662	4969	25	110	88	0	4969715001	7
663	4970	32	111	89	0	4970833000	7
664	4971	31	110	89	0	4971514000	7
665	4972	12	109	86	0	4972192000	8
666	4972	18	109	87	0	4972746001	8
667	4972	25	110	88	0	4972874001	8
668	4972	30	109	89	0	4972987000	8
669	4973	19	110	87	0	4973596001	8
670	4974	24	109	88	0	4974099000	8
671	4974	26	111	88	0	4974138000	8
672	4974	32	111	89	0	4974219001	8
673	4974	33	112	89	0	4974763000	8
674	4975	12	109	86	0	4975065001	8
675	4976	19	110	87	0	4976501000	8
676	4976	25	110	88	0	4976404000	8
677	4976	31	110	89	0	4976184000	8
678	4977	6	109	85	0	4977915000	8
679	4977	12	109	86	0	4977652000	8
680	4977	13	110	86	0	4977758001	8
681	4977	18	109	87	0	4977224000	8
682	4977	26	111	88	0	4977290000	8
683	4978	33	112	89	0	4978236000	8
684	4979	20	111	87	0	4979722000	8
685	4979	26	111	88	0	4979510001	8
686	4979	27	112	88	0	4979600001	8
687	4979	32	111	89	0	4979035000	8
688	4980	13	110	86	0	4980669000	8
689	4980	19	110	87	0	4980562000	8
690	4981	0	109	84	0	4981750001	8
691	4981	6	109	85	0	4981328001	8
692	4981	12	109	86	0	4981617000	8
693	4981	25	110	88	0	4981863001	8
694	4981	34	113	89	0	4981964001	8
695	4982	7	110	85	0	4982110000	8
696	4982	18	109	87	0	4982675001	8
697	4982	20	111	87	0	4982980001	8
698	4982	24	109	88	0	4982024000	8
699	4982	26	111	88	0	4982623000	8
700	4982	27	112	88	1	4982617001	8
701	4982	33	112	89	0	4982161001	8
702	4983	14	111	86	0	4983858001	8
703	4983	21	112	87	0	4983145001	8
704	4983	32	111	89	0	4983078000	8
705	4984	13	110	86	0	4984224001	8
706	4984	34	113	89	0	4984535001	8
707	4985	0	109	84	0	4985026001	8
708	4985	6	109	85	0	4985613001	8
709	4985	7	110	85	0	4985437001	8
710	4985	19	110	87	0	4985304000	8
711	4985	20	111	87	0	4985628001	8
712	4985	27	112	88	0	4985068001	8
713	4985	28	113	88	0	4985113001	8
714	4985	33	112	89	0	4985817001	8
715	4985	35	114	89	0	4985053001	8
716	4986	12	109	86	0	4986352000	8
717	4986	21	112	87	0	4986954001	8
718	4987	1	110	84	0	4987688001	8
719	4987	7	110	85	0	4987927000	8
720	4987	13	110	86	0	4987868000	8
721	4987	14	111	86	0	4987110001	8
722	4987	26	111	88	0	4987411001	8
723	4988	0	109	84	0	4988026001	8
724	4988	15	112	86	0	4988945001	8
725	4988	27	112	88	0	4988510001	8
726	4988	28	113	88	0	4988657000	8
727	4988	34	113	89	0	4988356000	8
728	4988	35	114	89	0	4988389001	8
729	4989	8	111	85	0	4989667001	8
730	4989	20	111	87	0	4989327000	8
731	4989	21	112	87	0	4989860000	8
732	4989	29	114	88	0	4989751001	8
733	4990	1	110	84	0	4990630000	8
734	4990	14	111	86	0	4990297001	8
735	4990	22	113	87	0	4990197001	8
736	4991	15	112	86	0	4991921001	8
737	4991	35	114	89	0	4991069000	8
738	4992	0	109	84	0	4992686000	8
739	4992	6	109	85	0	4992891000	8
740	4992	7	110	85	0	4992489000	8
741	4992	8	111	85	0	4992785001	8
742	4992	13	110	86	0	4992836001	8
743	4992	21	112	87	0	4992802001	8
744	4992	27	112	88	0	4992061000	8
745	4992	28	113	88	0	4992261000	8
746	4992	34	113	89	0	4992893000	8
747	4993	1	110	84	0	4993743001	8
748	4993	2	111	84	0	4993075001	8
749	4993	20	111	87	0	4993454000	8
750	4993	22	113	87	0	4993497001	8
751	4993	29	114	88	0	4993275001	8
752	4994	9	112	85	0	4994422000	8
753	4994	14	111	86	0	4994662001	8
754	4994	15	112	86	0	4994480000	8
755	4995	16	113	86	0	4995525001	8
756	4995	23	114	87	0	4995899001	8
757	4995	27	112	88	0	4995956000	8
758	4995	35	114	89	0	4995327000	8
759	4996	2	111	84	0	4996073000	8
760	4996	8	111	85	0	4996518001	8
761	4996	21	112	87	0	4996136000	8
762	4996	22	113	87	0	4996748000	8
763	4996	28	113	88	0	4996016001	8
764	4996	29	114	88	0	4996291000	8
765	4997	1	110	84	0	4997383000	8
766	4997	9	112	85	0	4997392001	8
767	4997	15	112	86	0	4997598000	8
768	4998	2	111	84	0	4998661001	8
769	4998	3	112	84	0	4998771001	8
770	4998	16	113	86	0	4998579000	8
771	4998	21	112	87	0	4998603000	8
772	4999	23	114	87	0	4999102001	8
773	4999	28	113	88	0	4999488000	8
774	4999	29	114	88	0	4999320001	8
775	5000	8	111	85	0	5000087001	8
776	5000	9	112	85	0	5000612000	8
777	5000	22	113	87	0	5000278001	8
778	5000	35	114	89	0	5000859001	9
779	5001	10	113	85	0	5001712001	9
780	5001	16	113	86	0	5001161000	9
781	5001	17	114	86	0	5001763001	9
782	5001	23	114	87	0	5001851001	9
783	5002	2	111	84	0	5002502000	9
784	5002	3	112	84	0	5002027001	9
785	5002	15	112	86	0	5002060000	9
786	5002	29	114	88	0	5002677001	9
787	5003	9	112	85	0	5003854001	9
788	5004	3	112	84	0	5004922001	9
789	5004	16	113	86	0	5004204001	9
790	5004	22	113	87	0	5004354000	9
791	5005	10	113	85	0	5005065001	9
792	5005	17	114	86	0	5005199001	9
793	5005	35	114	89	1	5005947000	9
794	5006	4	113	84	0	5006559000	9
795	5006	11	114	85	0	5006964000	9
796	5007	3	112	84	0	5007697000	9
797	5007	16	113	86	0	5007792001	9
798	5007	17	114	86	0	5007833001	9
799	5007	23	114	87	0	5007471000	9
800	5007	31	110	89	1	5007938000	9
801	5007	34	113	89	1	5007100001	9
802	5008	2	111	84	0	5008201000	9
803	5008	10	113	85	0	5008696001	9
804	5008	32	111	89	1	5008730000	9
805	5008	33	112	89	1	5008076000	9
806	5009	4	113	84	0	5009857000	9
807	5010	3	112	84	0	5010741000	9
808	5010	11	114	85	0	5010344000	9
809	5010	30	109	89	1	5010438001	9
810	5010	35	114	89	1	5010438001	9
811	5011	5	114	84	0	5011157001	9
812	5011	34	113	89	1	5011648001	9
813	5012	9	112	85	0	5012307000	9
814	5012	17	114	86	0	5012515001	9
815	5012	29	114	88	1	5012939000	9
816	5012	31	110	89	1	5012708000	9
817	5012	33	112	89	1	5012633001	9
818	5013	4	113	84	0	5013847001	9
819	5013	10	113	85	0	5013567001	9
820	5013	11	114	85	0	5013491001	9
821	5013	26	111	88	1	5013985001	9
822	5013	27	112	88	1	5013264000	9
823	5013	28	113	88	1	5013673001	9
824	5013	32	111	89	1	5013960001	9
825	5013	35	114	89	1	5013041001	9
826	5015	5	114	84	0	5015668001	9
827	5015	25	110	88	1	5015869001	9
828	5015	33	112	89	1	5015899001	9
829	5015	34	113	89	1	5015216000	9
830	5016	24	109	88	1	5016305000	9
831	5016	29	114	88	1	5016841000	9
832	5016	30	109	89	1	5016050000	9
833	5016	31	110	89	1	5016271000	9
834	5017	22	113	87	1	5017327001	9
835	5018	3	112	84	0	5018836000	9
836	5018	4	113	84	0	5018021001	9
837	5018	11	114	85	0	5018981000	9
838	5018	23	114	87	1	5018720001	9
839	5018	26	111	88	1	5018400000	9
840	5018	27	112	88	1	5018237000	9
841	5018	28	113	88	1	5018417000	9
842	5019	5	114	84	0	5019819001	9
843	5019	20	111	87	1	5019573001	9
844	5019	21	112	87	1	5019665000	9
845	5019	29	114	88	1	5019900000	9
846	5020	19	110	87	1	5020885000	9
847	5020	27	112	88	1	5020714001	9
848	5020	30	109	89	1	5020281001	9
849	5020	32	111	89	1	5020823000	9
850	5021	24	109	88	1	5021438000	9
851	5021	25	110	88	1	5021040000	9
852	5021	26	111	88	1	5021821000	9
853	5022	18	109	87	1	5022838000	9
854	5022	22	113	87	1	5022087000	9
855	5022	28	113	88	1	5022188000	9
856	5023	5	114	84	0	5023528000	9
857	5023	23	114	87	1	5023316001	9
858	5024	16	113	86	1	5024624000	9
859	5024	17	114	86	1	5024555000	9
860	5024	20	111	87	1	5024459000	9
861	5024	21	112	87	1	5024926001	9
862	5024	24	109	88	1	5024398001	9
863	5024	25	110	88	1	5024637001	9
864	5025	15	112	86	1	5025885000	9
865	5025	19	110	87	1	5025811001	9
866	5025	22	113	87	1	5025449001	9
867	5026	14	111	86	1	5026885000	9
868	5027	12	109	86	1	5027918000	9
869	5027	13	110	86	1	5027900000	9
870	5027	18	109	87	1	5027608001	9
871	5027	20	111	87	1	5027537000	9
872	5027	21	112	87	1	5027932000	9
873	5027	23	114	87	1	5027774001	9
874	5028	19	110	87	1	5028976000	9
875	5028	27	112	88	1	5028718001	9
876	5029	5	114	84	0	5029273000	9
877	5029	16	113	86	1	5029696001	9
878	5029	17	114	86	1	5029093000	9
879	5030	9	112	85	1	5030783000	9
880	5030	11	114	85	1	5030928000	9
881	5030	15	112	86	1	5030504001	9
882	5030	18	109	87	1	5030958001	9
883	5031	10	113	85	1	5031131001	9
884	5031	14	111	86	1	5031951000	9
885	5032	7	110	85	1	5032856000	9
886	5032	8	111	85	1	5032551001	9
887	5032	13	110	86	1	5032542000	9
888	5032	17	114	86	1	5032142000	9
889	5033	6	109	85	1	5033204001	9
890	5033	12	109	86	1	5033435001	9
891	5033	15	112	86	1	5033538000	9
892	5033	16	113	86	1	5033562000	9
893	5034	22	113	87	1	5034001000	9
894	5035	9	112	85	1	5035866000	9
895	5035	10	113	85	1	5035425000	9
896	5035	11	114	85	1	5035957000	9
897	5035	13	110	86	1	5035910001	9
898	5035	14	111	86	1	5035712000	9
899	5035	31	110	89	1	5035660000	9
900	5036	3	112	84	1	5036941000	9
901	5036	5	114	84	1	5036054000	9
902	5036	12	109	86	1	5036496000	9
903	5037	4	113	84	1	5037064001	9
904	5037	7	110	85	1	5037465001	9
905	5037	8	111	85	1	5037765000	9
906	5038	2	111	84	1	5038497000	9
907	5038	6	109	85	1	5038086000	9
908	5039	1	110	84	1	5039825001	9
909	5039	9	112	85	1	5039038001	9
910	5039	10	113	85	1	5039122000	9
911	5040	0	109	84	1	5040354001	9
912	5040	5	114	84	1	5040766001	9
913	5040	8	111	85	1	5040365001	9
914	5041	4	113	84	1	5041942000	9
915	5041	6	109	85	1	5041549000	9
916	5041	7	110	85	1	5041100000	9
917	5042	3	112	84	1	5042697001	10
918	5043	2	111	84	1	5043209001	10
919	5044	5	114	84	1	5044297000	10
920	5044	11	114	85	1	5044011001	10
921	5045	1	110	84	1	5045553001	10
922	5045	4	113	84	1	5045041001	10
923	5046	0	109	84	1	5046564000	10
924	5046	2	111	84	1	5046934000	10
925	5046	3	112	84	1	5046467000	10
926	5048	1	110	84	1	5048708001	10
927	5049	0	109	84	1	5049836000	10
928	5050	7	110	85	1	5050309000	10
929	5057	6	109	85	1	5057090000	10
930	5064	2	111	84	1	5064835000	10
931	5108	31	110	89	0	5108119001	11
932	5121	22	113	87	0	5121603000	11
933	5149	7	110	85	0	5149430000	11
934	5157	2	111	84	0	5157681000	11
935	5435	2	111	84	0	5435818001	12
936	5435	3	112	84	0	5435317001	12
937	5442	9	112	85	0	5442457001	12
938	5443	11	114	85	0	5443738000	12
939	5443	12	109	86	0	5443904000	12
940	5445	13	110	86	0	5445229001	12
941	5446	15	112	86	0	5446589000	12
942	5448	16	113	86	0	5448281001	11
943	5449	17	114	86	0	5449076001	11
944	5450	19	110	87	0	5450413001	11
945	5451	21	112	87	0	5451050000	11
946	5453	23	114	87	0	5453265001	11
947	5453	24	109	88	0	5453660000	11
948	5456	27	112	88	0	5456214000	11
949	5457	29	114	88	0	5457334000	11
950	5458	28	113	88	0	5458020001	11
951	5460	32	111	89	0	5460943000	11
952	5460	33	112	89	0	5460551000	11
953	5460	34	113	89	0	5460974000	11
954	5461	35	114	89	0	5461817000	11
955	5480	0	109	84	0	5480931001	10
956	5481	1	110	84	0	5481402000	10
957	5482	2	111	84	0	5482182001	10
958	5482	3	112	84	0	5482878000	10
959	5483	4	113	84	0	5483107001	10
960	5483	5	114	84	0	5483961001	10
961	5484	0	109	84	0	5484594001	10
962	5484	1	110	84	0	5484326000	10
963	5484	2	111	84	0	5484805001	10
964	5484	6	109	85	0	5484753001	10
965	5485	4	113	84	0	5485888000	10
966	5485	7	110	85	0	5485390000	10
967	5486	3	112	84	0	5486412001	10
968	5486	8	111	85	0	5486220000	10
969	5487	5	114	84	0	5487328001	10
970	5487	6	109	85	0	5487599000	10
971	5487	7	110	85	0	5487921000	10
972	5487	9	112	85	0	5487024001	10
973	5487	10	113	85	0	5487262001	10
974	5488	1	110	84	0	5488016001	10
975	5488	2	111	84	0	5488192001	10
976	5488	4	113	84	0	5488620001	10
977	5488	11	114	85	0	5488281001	10
978	5488	12	109	86	0	5488681000	10
979	5489	0	109	84	0	5489310000	10
980	5489	3	112	84	0	5489266001	10
981	5489	8	111	85	0	5489298001	10
982	5489	9	112	85	0	5489783000	10
983	5489	10	113	85	0	5489756000	10
984	5489	13	110	86	0	5489236001	10
985	5489	14	111	86	0	5489423000	10
986	5490	5	114	84	0	5490661000	10
987	5490	7	110	85	0	5490879000	10
988	5490	15	112	86	0	5490661000	10
989	5490	16	113	86	0	5490976000	10
990	5491	6	109	85	0	5491230001	10
991	5491	11	114	85	0	5491645001	10
992	5491	12	109	86	0	5491430001	10
993	5491	17	114	86	0	5491917001	10
994	5492	8	111	85	0	5492574001	10
995	5492	13	110	86	0	5492759000	10
996	5492	14	111	86	0	5492132001	10
997	5492	18	109	87	0	5492537000	10
998	5493	9	112	85	0	5493262001	10
999	5493	10	113	85	0	5493595000	10
1000	5493	15	112	86	0	5493262001	10
1001	5493	16	113	86	0	5493262001	10
1002	5493	19	110	87	0	5493544000	10
1003	5493	20	111	87	0	5493765000	10
1004	5494	2	111	84	0	5494195001	10
1005	5494	11	114	85	0	5494347001	10
1006	5494	12	109	86	0	5494000000	10
1007	5494	21	112	87	0	5494726000	10
1008	5494	22	113	87	0	5494688000	10
1009	5495	15	112	86	0	5495906001	10
1010	5495	17	114	86	0	5495537000	10
1011	5495	23	114	87	0	5495796001	10
1012	5496	13	110	86	0	5496181000	10
1013	5496	14	111	86	0	5496023001	10
1014	5496	16	113	86	0	5496009001	10
1015	5496	18	109	87	0	5496237001	10
1016	5496	19	110	87	0	5496649001	10
1017	5496	20	111	87	0	5496881001	9
1018	5496	24	109	88	0	5496214001	10
1019	5496	25	110	88	0	5496794001	9
1020	5497	12	109	86	0	5497555001	9
1021	5497	21	112	87	0	5497291001	9
1022	5497	22	113	87	0	5497492001	9
1023	5497	26	111	88	0	5497148000	9
1024	5498	15	112	86	0	5498553001	9
1025	5498	16	113	86	0	5498763000	9
1026	5498	23	114	87	0	5498517000	9
1027	5498	24	109	88	0	5498663001	9
1028	5498	27	112	88	0	5498057000	9
1029	5499	17	114	86	0	5499024001	9
1030	5499	26	111	88	0	5499355001	9
1031	5499	28	113	88	0	5499081000	9
1032	5499	29	114	88	0	5499623000	9
1033	5500	7	110	85	0	5500610001	9
1034	5500	18	109	87	0	5500109001	9
1035	5500	20	111	87	0	5500191001	9
1036	5500	21	112	87	0	5500418000	9
1037	5500	22	113	87	0	5500903001	9
1038	5500	25	110	88	0	5500161001	9
1039	5500	27	112	88	0	5500561001	9
1040	5500	30	109	89	0	5500306001	9
1041	5501	19	110	87	0	5501065001	9
1042	5501	24	109	88	0	5501315001	9
1043	5501	28	113	88	0	5501684001	9
1044	5501	31	110	89	0	5501239001	9
1045	5502	23	114	87	0	5502458001	9
1046	5502	26	111	88	0	5502372001	9
1047	5502	29	114	88	0	5502241001	9
1048	5502	30	109	89	0	5502615000	9
1049	5502	32	111	89	0	5502101000	9
1050	5502	33	112	89	0	5502768000	9
1051	5503	34	113	89	0	5503198001	9
1052	5504	22	113	87	0	5504347000	9
1053	5504	24	109	88	0	5504714000	9
1054	5504	25	110	88	0	5504140000	9
1055	5504	27	112	88	0	5504097001	9
1056	5504	28	113	88	0	5504743001	9
1057	5504	31	110	89	0	5504309000	9
1058	5504	35	114	89	0	5504040000	9
1059	5505	26	111	88	0	5505993000	9
1060	5505	29	114	88	0	5505260000	9
1061	5505	32	111	89	1	5505660000	9
1062	5505	34	113	89	0	5505662001	9
1063	5506	27	112	88	0	5506787000	9
1064	5506	30	109	89	0	5506283000	9
1065	5506	33	112	89	0	5506245000	9
1066	5507	31	110	89	0	5507808001	9
1067	5507	35	114	89	0	5507272001	9
1068	5509	32	111	89	0	5509306000	9
1069	5509	34	113	89	0	5509313000	9
1070	5510	29	114	88	0	5510440000	9
1071	5510	33	112	89	0	5510064000	9
1072	5510	35	114	89	0	5510290001	9
1073	5511	28	113	88	0	5511980001	9
1074	5512	12	109	86	0	5512593000	9
1075	5512	21	112	87	0	5512028001	9
1076	5514	35	114	89	0	5514617001	9
1077	5517	34	113	89	0	5517948001	8
1078	5522	5	114	84	1	5522310001	8
1079	5525	5	114	84	1	5525760001	8
1080	5526	11	114	85	1	5526016001	8
1081	5527	4	113	84	1	5527582000	8
1082	5529	5	114	84	1	5529770000	8
1083	5529	11	114	85	1	5529909000	8
1084	5529	17	114	86	1	5529837001	8
1085	5530	10	113	85	1	5530836001	8
1086	5531	3	112	84	1	5531507001	8
1087	5531	4	113	84	1	5531006001	8
1088	5533	17	114	86	1	5533514000	8
1089	5534	10	113	85	1	5534962000	8
1090	5534	11	114	85	1	5534186001	8
1091	5534	16	113	86	1	5534348001	8
1092	5534	23	114	87	1	5534308000	8
1093	5535	3	112	84	1	5535163001	8
1094	5535	9	112	85	1	5535886001	8
1095	5536	2	111	84	1	5536845000	8
1096	5536	4	113	84	1	5536620000	8
1097	5536	17	114	86	1	5536742000	8
1098	5537	29	114	88	1	5537191000	8
1099	5538	3	112	84	1	5538262000	8
1100	5538	15	112	86	1	5538440001	8
1101	5538	16	113	86	1	5538383000	8
1102	5538	22	113	87	1	5538504000	8
1103	5538	23	114	87	1	5538005001	8
1104	5539	9	112	85	1	5539568000	8
1105	5540	2	111	84	1	5540315000	8
1106	5540	8	111	85	1	5540388000	8
1107	5540	10	113	85	1	5540863001	8
1108	5541	1	110	84	1	5541684000	8
1109	5541	16	113	86	1	5541943000	8
1110	5541	29	114	88	1	5541051000	8
1111	5541	35	114	89	1	5541515001	8
1112	5542	9	112	85	1	5542652001	8
1113	5542	15	112	86	1	5542995001	8
1114	5542	21	112	87	1	5542995001	8
1115	5542	22	113	87	1	5542445001	8
1116	5542	23	114	87	1	5542696000	8
1117	5542	28	113	88	1	5542375000	8
1118	5543	2	111	84	1	5543975000	8
1119	5543	8	111	85	1	5543580000	8
1120	5543	29	114	88	1	5543757000	8
1121	5544	14	111	86	1	5544048000	8
1122	5545	0	109	84	1	5545773001	8
1123	5545	1	110	84	1	5545322000	8
1124	5545	7	110	85	1	5545076001	8
1125	5545	8	111	85	1	5545824000	8
1126	5545	22	113	87	1	5545967001	8
1127	5545	28	113	88	1	5545835000	8
1128	5545	35	114	89	1	5545272001	8
1129	5546	15	112	86	1	5546118000	8
1130	5546	21	112	87	1	5546340001	8
1131	5546	34	113	89	1	5546175001	8
1132	5547	27	112	88	1	5547398001	8
1133	5548	1	110	84	1	5548088000	8
1134	5548	7	110	85	1	5548583001	8
1135	5548	13	110	86	1	5548866000	8
1136	5548	14	111	86	1	5548191000	8
1137	5548	20	111	87	1	5548067000	8
1138	5548	21	112	87	1	5548892000	8
1139	5548	28	113	88	1	5548794001	8
1140	5548	35	114	89	1	5548421001	8
1141	5549	0	109	84	1	5549618000	7
1142	5549	6	109	85	1	5549885000	7
1143	5550	33	112	89	1	5550738000	7
1144	5550	34	113	89	1	5550340001	7
1145	5551	7	110	85	1	5551365001	7
1146	5551	20	111	87	1	5551824000	7
1147	5551	26	111	88	1	5551677001	7
1148	5551	27	112	88	1	5551114001	7
1149	5552	0	109	84	1	5552855001	7
1150	5552	13	110	86	1	5552638001	7
1151	5552	19	110	87	1	5552034000	7
1152	5553	6	109	85	1	5553594001	7
1153	5553	12	109	86	1	5553549000	7
1154	5553	14	111	86	1	5553716001	7
1155	5553	27	112	88	1	5553780000	7
1156	5553	29	114	88	1	5553605001	7
1157	5553	34	113	89	1	5553826001	7
1158	5554	32	111	89	1	5554617001	7
1159	5554	33	112	89	1	5554962000	7
1160	5555	13	110	86	1	5555521000	7
1161	5555	20	111	87	1	5555448001	7
1162	5555	25	110	88	1	5555933000	7
1163	5555	26	111	88	1	5555159000	7
1164	5556	6	109	85	1	5556717000	7
1165	5556	18	109	87	1	5556717000	7
1166	5556	19	110	87	1	5556053001	7
1167	5557	12	109	86	1	5557872000	7
1168	5557	21	112	87	1	5557694001	7
1169	5558	26	111	88	1	5558195001	7
1170	5559	19	110	87	1	5559120000	7
1171	5559	25	110	88	1	5559970000	7
1172	5559	31	110	89	1	5559689000	7
1173	5559	32	111	89	1	5559052001	7
1174	5559	33	112	89	1	5559708001	7
1175	5560	18	109	87	1	5560855000	7
1176	5560	24	109	88	1	5560121000	7
1177	5563	24	109	88	1	5563854000	7
1178	5563	25	110	88	1	5563175001	7
1179	5563	31	110	89	1	5563654000	7
1180	5564	18	109	87	1	5564390000	7
1181	5564	30	109	89	1	5564519001	7
1182	5565	12	109	86	1	5565237000	7
1183	5565	32	111	89	1	5565676000	7
1184	5567	24	109	88	1	5567325001	7
1185	5568	30	109	89	1	5568071000	7
1186	5568	31	110	89	1	5568049001	7
1187	5572	30	109	89	1	5572802000	7
1188	5576	8	111	85	1	5576773000	7
1189	5578	7	110	85	1	5578084001	7
1190	5822	21	112	87	0	5822849001	6
1191	6343	3	112	84	0	6343376000	6
1192	6561	30	109	89	0	6561886001	5
1193	6564	24	109	88	0	6564308001	5
1194	6564	30	109	89	0	6564912000	5
1195	6566	31	110	89	0	6566910000	5
1196	6567	24	109	88	0	6567995000	5
1197	6568	30	109	89	0	6568849000	5
1198	6569	31	110	89	0	6569851000	5
1199	6570	18	109	87	0	6570900001	5
1200	6570	24	109	88	0	6570508000	5
1201	6571	25	110	88	0	6571243000	5
1202	6572	30	109	89	0	6572987001	5
1203	6572	32	111	89	0	6572865000	5
1204	6573	12	109	86	0	6573668001	5
1205	6573	24	109	88	0	6573299000	5
1206	6573	31	110	89	0	6573273001	5
1207	6574	18	109	87	0	6574546001	5
1208	6574	25	110	88	0	6574752000	5
1209	6576	19	110	87	0	6576063001	6
1210	6576	24	109	88	0	6576692001	6
1211	6576	26	111	88	0	6576926000	6
1212	6576	32	111	89	0	6576406000	6
1213	6577	12	109	86	0	6577283001	6
1214	6577	33	112	89	0	6577739001	6
1215	6578	25	110	88	0	6578467000	6
1216	6578	31	110	89	0	6578179000	6
1217	6579	12	109	86	0	6579896001	6
1218	6579	13	110	86	0	6579584001	6
1219	6579	18	109	87	0	6579051000	6
1220	6579	19	110	87	0	6579217000	6
1221	6579	26	111	88	0	6579771001	6
1222	6580	6	109	85	0	6580445001	6
1223	6581	20	111	87	0	6581742001	6
1224	6581	27	112	88	0	6581514001	6
1225	6581	32	111	89	0	6581368001	6
1226	6581	33	112	89	0	6581588000	6
1227	6582	34	113	89	0	6582315001	6
1228	6583	6	109	85	0	6583712001	6
1229	6583	13	110	86	0	6583072001	6
1230	6583	19	110	87	0	6583407001	6
1231	6583	25	110	88	0	6583211000	6
1232	6583	26	111	88	0	6583391000	6
1233	6584	7	110	85	0	6584484000	6
1234	6584	12	109	86	0	6584564001	6
1235	6584	27	112	88	0	6584861000	6
1236	6585	0	109	84	0	6585018001	6
1237	6585	13	110	86	0	6585825000	6
1238	6585	18	109	87	0	6585734000	6
1239	6585	20	111	87	0	6585041001	6
1240	6585	21	112	87	0	6585525001	6
1241	6585	24	109	88	0	6585727001	6
1242	6585	32	111	89	0	6585143000	6
1243	6585	33	112	89	0	6585200001	6
1244	6585	34	113	89	0	6585347000	6
1245	6586	14	111	86	0	6586518001	6
1246	6586	26	111	88	0	6586107001	6
1247	6586	35	114	89	0	6586615001	6
1248	6587	7	110	85	0	6587718000	6
1249	6587	27	112	88	0	6587401000	6
1250	6587	28	113	88	0	6587850000	6
1251	6587	34	113	89	0	6587922000	6
1252	6588	0	109	84	0	6588721000	6
1253	6588	6	109	85	0	6588692001	6
1254	6588	12	109	86	0	6588671001	6
1255	6588	19	110	87	0	6588656000	6
1256	6588	20	111	87	0	6588566000	6
1257	6589	1	110	84	0	6589225000	6
1258	6589	13	110	86	0	6589736001	6
1259	6589	14	111	86	0	6589793000	6
1260	6589	21	112	87	0	6589266001	6
1261	6590	7	110	85	0	6590280000	6
1262	6590	15	112	86	0	6590012001	6
1263	6590	33	112	89	0	6590317000	6
1264	6590	35	114	89	0	6590705000	6
1265	6591	8	111	85	0	6591907000	6
1266	6591	21	112	87	0	6591707000	6
1267	6591	22	113	87	0	6591250000	6
1268	6591	26	111	88	0	6591464001	6
1269	6591	27	112	88	0	6591228001	6
1270	6591	28	113	88	0	6591173001	6
1271	6591	34	113	89	0	6591867001	6
1272	6592	1	110	84	0	6592649001	6
1273	6592	20	111	87	0	6592704001	6
1274	6592	29	114	88	0	6592191000	6
1275	6593	0	109	84	0	6593855001	6
1276	6593	28	113	88	0	6593950000	6
1277	6593	35	114	89	0	6593092000	6
1278	6594	7	110	85	0	6594792001	6
1279	6594	8	111	85	0	6594581001	6
1280	6594	14	111	86	0	6594834000	6
1281	6594	15	112	86	0	6594638000	6
1282	6594	22	113	87	0	6594969000	6
1283	6595	2	111	84	0	6595002001	6
1284	6595	9	112	85	0	6595427001	6
1285	6595	13	110	86	0	6595991001	6
1286	6595	23	114	87	0	6595686001	6
1287	6595	27	112	88	0	6595021000	6
1288	6595	29	114	88	0	6595495000	6
1289	6596	1	110	84	0	6596425000	6
1290	6596	6	109	85	0	6596478001	6
1291	6596	34	113	89	0	6596340001	6
1292	6596	35	114	89	0	6596029001	6
1293	6597	15	112	86	0	6597899001	6
1294	6597	16	113	86	0	6597136000	6
1295	6597	21	112	87	0	6597618001	6
1296	6597	22	113	87	0	6597593000	6
1297	6597	28	113	88	0	6597734000	6
1298	6597	29	114	88	0	6597973000	6
1299	6598	2	111	84	0	6598363000	6
1300	6598	3	112	84	0	6598350000	6
1301	6598	8	111	85	0	6598262001	6
1302	6598	9	112	85	0	6598879000	6
1303	6599	7	110	85	0	6599588001	6
1304	6599	14	111	86	0	6599587000	6
1305	6599	23	114	87	0	6599082000	6
1306	6599	35	114	89	0	6599794000	6
1307	6600	16	113	86	0	6600375000	6
1308	6600	20	111	87	0	6600102000	6
1309	6600	22	113	87	0	6600129000	6
1310	6600	30	109	89	0	6600073001	6
1311	6601	0	109	84	0	6601762001	6
1312	6601	1	110	84	0	6601092001	6
1313	6601	2	111	84	0	6601008000	6
1314	6601	15	112	86	0	6601475001	6
1315	6601	21	112	87	0	6601302001	6
1316	6601	23	114	87	0	6601814001	6
1317	6601	29	114	88	0	6601140001	6
1318	6602	3	112	84	0	6602927001	6
1319	6602	8	111	85	0	6602521000	6
1320	6602	9	112	85	0	6602149001	6
1321	6602	10	113	85	0	6602845001	6
1322	6602	17	114	86	0	6602877000	6
1323	6603	16	113	86	0	6603114001	6
1324	6603	29	114	88	0	6603579000	6
1325	6604	2	111	84	0	6604746000	6
1326	6604	22	113	87	0	6604238000	6
1327	6604	23	114	87	0	6604989000	6
1328	6605	3	112	84	0	6605509001	6
1329	6605	10	113	85	0	6605748001	6
1330	6605	28	113	88	0	6605138000	6
1331	6606	4	113	84	0	6606531001	6
1332	6606	9	112	85	0	6606584001	6
1333	6606	15	112	86	0	6606668000	6
1334	6606	17	114	86	0	6606551000	6
1335	6607	11	114	85	0	6607174001	6
1336	6607	16	113	86	0	6607120001	6
1337	6608	2	111	84	0	6608504000	6
1338	6608	23	114	87	0	6608003000	6
1339	6609	3	112	84	0	6609203001	6
1340	6609	4	113	84	0	6609891001	6
1341	6609	10	113	85	0	6609082001	6
1342	6609	17	114	86	0	6609543000	6
1343	6610	5	114	84	0	6610684000	6
1344	6610	11	114	85	0	6610299001	6
1345	6610	29	114	88	0	6610563000	6
1346	6611	16	113	86	0	6611615001	6
1347	6612	4	113	84	0	6612841000	7
1348	6613	10	113	85	0	6613451001	7
1349	6613	11	114	85	0	6613169000	7
1350	6613	17	114	86	0	6613192001	7
1351	6613	35	114	89	0	6613337001	7
1352	6614	3	112	84	0	6614218001	7
1353	6614	5	114	84	0	6614103000	7
1354	6617	3	112	84	0	6617223000	7
1355	6617	4	113	84	0	6617095000	7
1356	6617	5	114	84	0	6617028001	7
1357	6617	11	114	85	0	6617252001	7
1358	6619	5	114	84	0	6619683001	7
1359	6620	23	114	87	0	6620032001	7
1360	6622	31	110	89	0	6622099000	7
1361	6634	9	112	85	0	6634417000	7
1362	6640	14	111	86	0	6640635000	8
1363	6654	5	114	84	1	6654004001	8
1364	6660	22	113	87	0	6660649000	9
1365	6663	35	114	89	1	6663463000	9
1366	6664	33	112	89	1	6664537000	9
1367	6664	34	113	89	1	6664079001	9
1368	6665	31	110	89	1	6665457000	9
1369	6665	32	111	89	1	6665623000	9
1370	6666	30	109	89	1	6666295001	9
1371	6666	35	114	89	1	6666920001	9
1372	6667	29	114	88	1	6667243000	9
1373	6667	34	113	89	1	6667527000	9
1374	6668	26	111	88	1	6668620001	9
1375	6668	27	112	88	1	6668215000	9
1376	6668	28	113	88	1	6668031000	9
1377	6668	31	110	89	1	6668824001	9
1378	6668	33	112	89	1	6668237001	9
1379	6669	25	110	88	1	6669738000	9
1380	6669	32	111	89	1	6669187001	9
1381	6670	23	114	87	1	6670278000	9
1382	6670	24	109	88	1	6670620000	9
1383	6670	29	114	88	1	6670719001	9
1384	6670	30	109	89	1	6670055001	9
1385	6671	22	113	87	1	6671296001	9
1386	6671	27	112	88	1	6671284000	9
1387	6671	28	113	88	1	6671856001	9
1388	6671	31	110	89	1	6671109001	9
1389	6671	35	114	89	1	6671729000	9
1390	6672	20	111	87	1	6672996001	9
1391	6672	21	112	87	1	6672275000	9
1392	6672	26	111	88	1	6672447001	9
1393	6672	33	112	89	1	6672885001	9
1394	6672	34	113	89	1	6672190001	9
1395	6673	19	110	87	1	6673809001	9
1396	6673	25	110	88	1	6673140000	9
1397	6673	27	112	88	1	6673598001	9
1398	6673	29	114	88	1	6673416000	9
1399	6674	18	109	87	1	6674487000	9
1400	6674	23	114	87	1	6674349000	9
1401	6674	24	109	88	1	6674250001	9
1402	6674	26	111	88	1	6674813001	9
1403	6674	30	109	89	1	6674428000	9
1404	6675	16	113	86	1	6675557001	9
1405	6675	17	114	86	1	6675692001	9
1406	6675	21	112	87	1	6675691001	9
1407	6675	22	113	87	1	6675161000	9
1408	6675	28	113	88	1	6675557001	9
1409	6676	14	111	86	1	6676297001	9
1410	6676	15	112	86	1	6676203001	9
1411	6676	20	111	87	1	6676188000	9
1412	6676	25	110	88	1	6676157000	9
1413	6677	13	110	86	1	6677661001	9
1414	6677	19	110	87	1	6677297000	9
1415	6677	23	114	87	1	6677126001	9
1416	6678	12	109	86	1	6678712001	9
1417	6678	18	109	87	1	6678128001	9
1418	6678	20	111	87	1	6678844001	9
1419	6678	21	112	87	1	6678023000	9
1420	6678	22	113	87	1	6678396000	9
1421	6679	9	112	85	1	6679866001	9
1422	6679	11	114	85	1	6679615001	9
1423	6679	16	113	86	1	6679722001	9
1424	6679	17	114	86	1	6679348001	9
1425	6680	10	113	85	1	6680309001	9
1426	6680	14	111	86	1	6680615000	9
1427	6680	15	112	86	1	6680147001	9
1428	6681	7	110	85	1	6681064000	9
1429	6681	8	111	85	1	6681180001	9
1430	6681	13	110	86	1	6681499000	9
1431	6681	18	109	87	1	6681418001	9
1432	6681	19	110	87	1	6681039001	9
1433	6681	24	109	88	1	6681733001	9
1434	6682	5	114	84	1	6682799000	9
1435	6682	6	109	85	1	6682329000	9
1436	6682	12	109	86	1	6682456001	9
1437	6682	17	114	86	1	6682700001	9
1438	6683	8	111	85	1	6683876001	10
1439	6683	9	112	85	1	6683771000	10
1440	6683	10	113	85	1	6683725000	10
1441	6683	11	114	85	1	6683558001	9
1442	6683	14	111	86	1	6683531001	9
1443	6683	15	112	86	1	6683093000	9
1444	6684	3	112	84	1	6684883000	10
1445	6684	4	113	84	1	6684412001	10
1446	6684	7	110	85	1	6684800000	10
1447	6684	13	110	86	1	6684522001	10
1448	6684	16	113	86	1	6684491001	10
1449	6685	2	111	84	1	6685934000	10
1450	6686	1	110	84	1	6686134000	10
1451	6686	6	109	85	1	6686582001	10
1452	6686	8	111	85	1	6686134000	10
1453	6686	9	112	85	1	6686342000	10
1454	6686	10	113	85	1	6686498000	10
1455	6687	0	109	84	1	6687446001	10
1456	6687	4	113	84	1	6687668000	10
1457	6687	5	114	84	1	6687308001	10
1458	6687	7	110	85	1	6687312000	10
1459	6687	12	109	86	1	6687497001	10
1460	6688	11	114	85	1	6688242000	10
1461	6689	3	112	84	1	6689075000	10
1462	6690	1	110	84	1	6690421001	10
1463	6690	2	111	84	1	6690389000	10
1464	6690	4	113	84	1	6690365000	10
1465	6690	5	114	84	1	6690054000	10
1466	6691	0	109	84	1	6691914001	10
1467	6691	6	109	85	1	6691023001	10
1468	6692	1	110	84	1	6692770000	10
1469	6692	3	112	84	1	6692810001	10
1470	6695	2	111	84	1	6695558001	10
1471	6695	8	111	85	1	6695034000	10
1472	6698	0	109	84	1	6698261000	10
1473	6731	35	114	89	0	6731496000	11
1474	6784	23	114	87	0	6784259000	11
1475	6807	11	114	85	0	6807249000	11
1476	6836	3	112	84	0	6836292000	12
1477	6915	22	113	87	0	6915764000	11
1478	6923	29	114	88	0	6923713000	11
1479	6924	28	113	88	0	6924538001	11
1480	6962	0	109	84	0	6962087001	10
1481	6962	1	110	84	0	6962846000	10
1482	6963	2	111	84	0	6963514000	10
1483	6964	3	112	84	0	6964405000	10
1484	6965	0	109	84	0	6965701000	10
1485	6965	1	110	84	0	6965491000	10
1486	6965	2	111	84	0	6965888000	10
1487	6965	4	113	84	0	6965435000	10
1488	6966	3	112	84	0	6966521000	10
1489	6966	5	114	84	0	6966377001	10
1490	6966	6	109	85	0	6966753001	10
1491	6967	4	113	84	0	6967911001	10
1492	6967	7	110	85	0	6967613000	10
1493	6968	8	111	85	0	6968416001	10
1494	6968	9	112	85	0	6968869001	10
1495	6969	0	109	84	0	6969993000	10
1496	6969	1	110	84	0	6969817000	10
1497	6969	2	111	84	0	6969863000	10
1498	6969	3	112	84	0	6969474001	10
1499	6969	5	114	84	0	6969896001	10
1500	6969	6	109	85	0	6969616001	10
1501	6969	7	110	85	0	6969949000	10
1502	6969	10	113	85	0	6969581001	10
1503	6970	11	114	85	0	6970323001	10
1504	6970	12	109	86	0	6970417001	10
1505	6971	4	113	84	0	6971433001	10
1506	6971	8	111	85	0	6971547001	10
1507	6971	9	112	85	0	6971461001	10
1508	6971	13	110	86	0	6971398001	10
1509	6972	2	111	84	0	6972719001	10
1510	6972	6	109	85	0	6972936001	10
1511	6972	7	110	85	0	6972905001	10
1512	6972	10	113	85	0	6972215001	10
1513	6972	12	109	86	0	6972902001	10
1514	6972	14	111	86	0	6972134001	10
1515	6972	15	112	86	0	6972192000	10
1516	6973	3	112	84	0	6973650000	10
1517	6973	5	114	84	0	6973413001	10
1518	6973	11	114	85	0	6973005001	10
1519	6973	16	113	86	0	6973170000	10
1520	6974	9	112	85	0	6974300000	10
1521	6974	13	110	86	0	6974778001	10
1522	6974	14	111	86	0	6974760000	10
1523	6974	15	112	86	0	6974499001	10
1524	6974	17	114	86	0	6974233001	10
1525	6974	18	109	87	0	6974898000	10
1526	6975	7	110	85	0	6975557001	10
1527	6975	8	111	85	0	6975042001	10
1528	6975	10	113	85	0	6975124001	10
1529	6975	12	109	86	0	6975941000	10
1530	6975	16	113	86	0	6975739001	10
1531	6975	19	110	87	0	6975191000	10
1532	6975	20	111	87	0	6975847001	10
1533	6976	4	113	84	0	6976812000	10
1534	6976	21	112	87	0	6976619000	10
1535	6977	9	112	85	1	6977291001	10
1536	6977	11	114	85	0	6977318001	10
1537	6977	15	112	86	0	6977733001	10
1538	6977	17	114	86	0	6977040000	10
1539	6977	18	109	87	0	6977789001	10
1540	6977	22	113	87	0	6977272000	10
1541	6977	23	114	87	0	6977831001	10
1542	6977	24	109	88	0	6977345000	10
1543	6978	13	110	86	0	6978514001	10
1544	6978	14	111	86	0	6978105000	10
1545	6978	16	113	86	0	6978788001	10
1546	6978	19	110	87	0	6978297001	10
1547	6978	20	111	87	0	6978247000	10
1548	6978	21	112	87	0	6978726001	10
1549	6978	25	110	88	0	6978867001	10
1550	6979	7	110	85	0	6979482001	10
1551	6979	10	113	85	0	6979105001	10
1552	6979	12	109	86	0	6979366000	10
1553	6979	22	113	87	0	6979972000	10
1554	6979	24	109	88	0	6979487000	10
1555	6979	26	111	88	0	6979099001	10
1556	6979	27	112	88	0	6979971000	10
1557	6980	17	114	86	0	6980166001	10
1558	6980	23	114	87	0	6980696001	10
1559	6980	28	113	88	0	6980897000	10
1560	6981	5	114	84	0	6981487001	10
1561	6981	18	109	87	0	6981811001	10
1562	6981	19	110	87	0	6981882000	10
1563	6981	20	111	87	0	6981209000	10
1564	6981	24	109	88	0	6981732001	10
1565	6981	26	111	88	0	6981480001	10
1566	6981	29	114	88	0	6981457000	10
1567	6981	30	109	89	0	6981648000	10
1568	6982	21	112	87	0	6982020001	10
1569	6982	22	113	87	0	6982861000	10
1570	6982	25	110	88	0	6982483001	10
1571	6982	27	112	88	0	6982223001	10
1572	6982	31	110	89	0	6982255001	10
1573	6982	32	111	89	0	6982809000	10
1574	6983	15	112	86	0	6983410000	10
1575	6983	23	114	87	0	6983793000	10
1576	6983	33	112	89	0	6983410000	10
1577	6983	34	113	89	0	6983678001	10
1578	6984	24	109	88	0	6984067000	10
1579	6984	26	111	88	0	6984145001	10
1580	6984	27	112	88	0	6984310001	10
1581	6984	28	113	88	1	6984025000	10
1582	6984	29	114	88	0	6984034001	10
1583	6984	30	109	89	0	6984354000	10
1584	6984	35	114	89	0	6984267000	10
1585	6985	31	110	89	0	6985609000	10
1586	6986	25	110	88	0	6986723001	10
1587	6986	26	111	88	0	6986843001	10
1588	6986	27	112	88	0	6986941001	10
1589	6986	32	111	89	0	6986244000	10
1590	6986	33	112	89	0	6986543001	10
1591	6986	34	113	89	0	6986110000	10
1592	6986	35	114	89	0	6986611000	10
1593	6987	28	113	88	0	6987231001	10
1594	6987	29	114	88	0	6987116001	10
1595	6987	30	109	89	0	6987461000	10
1596	6988	31	110	89	0	6988040001	10
1597	6988	34	113	89	0	6988562001	10
1598	6989	20	111	87	0	6989956000	9
1599	6989	35	114	89	0	6989364001	9
1600	6990	32	111	89	0	6990264000	9
1601	6990	33	112	89	0	6990863001	9
1602	6993	35	114	89	0	6993379001	9
1603	6994	16	113	86	0	6994477000	9
1604	6994	34	113	89	0	6994282001	9
1605	7018	22	113	87	0	7018103000	8
1606	7033	5	114	84	1	7033317000	7
1607	7037	5	114	84	1	7037001000	7
1608	7037	11	114	85	1	7037471000	7
1609	7038	4	113	84	1	7038397000	7
1610	7040	5	114	84	1	7040303001	7
1611	7041	4	113	84	1	7041475001	7
1612	7041	10	113	85	1	7041203000	7
1613	7041	11	114	85	1	7041569000	7
1614	7041	17	114	86	1	7041844001	7
1615	7042	3	112	84	1	7042304001	7
1616	7045	4	113	84	1	7045068001	7
1617	7045	9	112	85	1	7045636001	6
1618	7045	10	113	85	1	7045139000	6
1619	7045	11	114	85	1	7045039000	7
1620	7045	16	113	86	1	7045874001	6
1621	7045	17	114	86	1	7045039000	7
1622	7045	23	114	87	1	7045567001	6
1623	7046	3	112	84	1	7046284000	6
1624	7047	2	111	84	1	7047134000	6
1625	7048	0	109	84	1	7048182001	6
1626	7048	10	113	85	1	7048193001	6
1627	7048	17	114	86	1	7048164000	6
1628	7049	3	112	84	1	7049824001	6
1629	7049	9	112	85	1	7049394000	6
1630	7049	23	114	87	1	7049364001	6
1631	7049	29	114	88	1	7049379001	6
1632	7050	6	109	85	1	7050164000	6
1633	7050	8	111	85	1	7050848001	6
1634	7050	15	112	86	1	7050550001	6
1635	7050	16	113	86	1	7050177001	6
1636	7050	22	113	87	1	7050086000	6
1637	7051	0	109	84	1	7051285000	6
1638	7051	1	110	84	1	7051593001	6
1639	7051	2	111	84	1	7051572000	6
1640	7052	9	112	85	1	7052551001	6
1641	7052	12	109	86	1	7052303001	6
1642	7052	23	114	87	1	7052559000	6
1643	7052	29	114	88	1	7052986001	6
1644	7053	6	109	85	1	7053483000	6
1645	7053	28	113	88	1	7053844001	6
1646	7053	35	114	89	1	7053501001	6
1647	7054	1	110	84	1	7054963001	6
1648	7054	7	110	85	1	7054525001	6
1649	7054	8	111	85	1	7054410001	6
1650	7054	15	112	86	1	7054564000	6
1651	7054	18	109	87	1	7054079001	6
1652	7054	21	112	87	1	7054599000	6
1653	7054	22	113	87	1	7054526000	6
1654	7055	12	109	86	1	7055434001	6
1655	7055	14	111	86	1	7055523001	6
1656	7055	24	109	88	1	7055517001	6
1657	7056	2	111	84	1	7056782001	6
1658	7056	13	110	86	1	7056993001	6
1659	7056	18	109	87	1	7056815000	6
1660	7056	29	114	88	1	7056268000	6
1661	7056	34	113	89	1	7056820001	6
1662	7056	35	114	89	1	7056302000	6
1663	7057	0	109	84	1	7057652001	6
1664	7057	1	110	84	1	7057381000	6
1665	7057	7	110	85	1	7057485000	6
1666	7057	8	111	85	1	7057295000	6
1667	7057	15	112	86	1	7057882000	6
1668	7057	16	113	86	1	7057255001	6
1669	7057	21	112	87	1	7057443000	6
1670	7057	27	112	88	1	7057523000	6
1671	7057	28	113	88	1	7057637000	6
1672	7057	30	109	89	1	7057979000	6
1673	7058	14	111	86	1	7058439000	6
1674	7058	19	110	87	1	7058912000	6
1675	7058	20	111	87	1	7058439000	6
1676	7058	22	113	87	1	7058548001	6
1677	7058	24	109	88	1	7058395001	6
1678	7059	13	110	86	1	7059909001	6
1679	7059	35	114	89	1	7059039001	6
1680	7060	7	110	85	1	7060062001	6
1681	7060	21	112	87	1	7060166000	6
1682	7060	25	110	88	1	7060642001	6
1683	7061	9	112	85	1	7061651001	6
1684	7061	14	111	86	1	7061182000	6
1685	7061	18	109	87	1	7061866001	6
1686	7061	27	112	88	1	7061261001	6
1687	7061	28	113	88	1	7061870000	6
1688	7061	30	109	89	1	7061075000	6
1689	7061	33	112	89	1	7061005001	6
1690	7061	34	113	89	1	7061043001	6
1691	7062	19	110	87	1	7062199000	6
1692	7062	20	111	87	1	7062283001	6
1693	7062	24	109	88	1	7062526001	6
1694	7062	26	111	88	1	7062168000	6
1695	7062	31	110	89	1	7062720000	6
1696	7063	25	110	88	1	7063984001	6
1697	7063	27	112	88	1	7063824000	6
1698	7064	6	109	85	1	7064236001	6
1699	7064	12	109	86	1	7064622000	6
1700	7064	13	110	86	1	7064145000	6
1701	7064	20	111	87	1	7064850000	6
1702	7064	34	113	89	1	7064178001	6
1703	7065	26	111	88	1	7065806001	6
1704	7065	31	110	89	1	7065660001	6
1705	7065	32	111	89	1	7065633001	6
1706	7065	33	112	89	1	7065482000	6
1707	7066	19	110	87	1	7066251001	6
1708	7066	25	110	88	1	7066923000	6
1709	7067	21	112	87	1	7067544001	6
1710	7068	8	111	85	1	7068372000	6
1711	7068	26	111	88	1	7068585000	6
1712	7068	30	109	89	1	7068887000	6
1713	7068	31	110	89	1	7068878001	6
1714	7068	33	112	89	1	7068474001	6
1715	7068	35	114	89	1	7068055001	6
1716	7069	32	111	89	1	7069033001	6
1717	7073	32	111	89	1	7073525000	6
1718	12308	12	109	86	0	12308790001	10
1719	12756	12	109	86	0	12756268000	9
1720	12757	24	109	88	0	12757084000	9
1721	12762	13	110	86	0	12762851001	10
1722	12762	21	112	87	0	12762180001	10
1723	12763	26	111	88	0	12763976000	10
1724	12763	27	112	88	0	12763615001	10
1725	12764	15	112	86	0	12764281001	10
1726	12764	22	113	87	0	12764700001	10
1727	12768	16	113	86	0	12768358000	10
1728	12768	29	114	88	0	12768797000	10
1729	12769	23	114	87	0	12769930000	10
1730	12770	3	112	84	0	12770739000	10
1731	12770	9	112	85	0	12770748001	10
1732	13709	12	109	86	0	13709312001	9
1733	13710	24	109	88	0	13710343001	10
1734	13713	21	112	87	0	13713903001	10
1735	13714	13	110	86	0	13714838001	10
1736	13716	15	112	86	0	13716156001	10
1737	13716	22	113	87	0	13716464001	10
1738	13717	28	113	88	0	13717913000	10
1739	13718	23	114	87	0	13718962001	10
1740	13718	29	114	88	0	13718739000	10
1741	13719	9	112	85	0	13719987000	10
1742	13722	3	112	84	0	13722888001	11
1743	14466	26	111	88	0	14466996001	5
1744	14466	32	111	89	0	14466159001	5
1745	14466	33	112	89	0	14466681001	5
1746	14467	27	112	88	0	14467339000	5
1747	14467	34	113	89	0	14467802000	5
1748	14468	20	111	87	0	14468493000	5
1749	14468	21	112	87	0	14468501000	5
1750	14468	26	111	88	0	14468909000	5
1751	14468	28	113	88	0	14468981000	5
1752	14468	31	110	89	0	14468211000	5
1753	14468	32	111	89	0	14468881000	5
1754	14468	35	114	89	0	14468920001	5
1755	14469	14	111	86	0	14469605001	5
1756	14469	15	112	86	0	14469474001	5
1757	14469	22	113	87	0	14469649001	5
1758	14469	25	110	88	0	14469426001	5
1759	14469	27	112	88	0	14469213000	5
1760	14469	29	114	88	0	14469933001	5
1761	14469	33	112	89	0	14469158000	5
1762	14469	34	113	89	0	14469722001	5
1763	14470	9	112	85	0	14470775000	5
1764	14470	16	113	86	0	14470730000	5
1765	14470	19	110	87	0	14470860001	5
1766	14470	20	111	87	0	14470937000	5
1767	14470	21	112	87	0	14470227001	5
1768	14470	24	109	88	0	14470675000	5
1769	14470	28	113	88	0	14470982000	5
1770	14470	30	109	89	0	14470787001	5
1771	14470	31	110	89	0	14470581000	5
1772	14471	2	111	84	0	14471841001	5
1773	14471	3	112	84	0	14471602001	5
1774	14471	8	111	85	0	14471101001	5
1775	14471	13	110	86	0	14471553000	5
1776	14471	14	111	86	0	14471744001	5
1777	14471	15	112	86	0	14471447001	5
1778	14471	22	113	87	0	14471765001	5
1779	14471	23	114	87	0	14471131000	5
1780	14471	25	110	88	0	14471828001	5
1781	14471	26	111	88	0	14471624001	5
1782	14471	29	114	88	0	14471954000	5
1783	14471	35	114	89	0	14471104001	5
1784	14472	10	113	85	0	14472158000	6
1785	14472	16	113	86	0	14472920001	6
1786	14472	17	114	86	0	14472384001	6
1787	14473	2	111	84	0	14473881000	6
1788	14473	3	112	84	0	14473567000	6
1789	14473	4	113	84	0	14473384000	6
1790	14473	7	110	85	0	14473359001	6
1791	14473	8	111	85	0	14473738001	6
1792	14473	9	112	85	0	14473028000	6
1793	14473	11	114	85	0	14473163000	6
1794	14473	13	110	86	0	14473823000	6
1795	14473	18	109	87	0	14473895000	6
1796	14473	19	110	87	0	14473278001	6
1797	14473	21	112	87	0	14473438001	6
1798	14473	23	114	87	0	14473450000	6
1799	14473	24	109	88	0	14473314001	6
1800	14473	30	109	89	0	14473021000	6
1801	14474	1	110	84	0	14474822000	6
1802	14474	5	114	84	0	14474463000	6
1803	14474	10	113	85	0	14474611000	6
1804	14474	12	109	86	0	14474070001	6
1805	14474	17	114	86	0	14474742000	6
1806	14474	29	114	88	0	14474280000	6
1807	14474	31	110	89	0	14474104001	6
1808	14475	4	113	84	0	14475720000	6
1809	14475	7	110	85	0	14475577001	6
1810	14475	11	114	85	0	14475275000	6
1811	14475	24	109	88	0	14475647000	6
1812	14475	25	110	88	0	14475535001	6
1813	14475	27	112	88	0	14475183001	6
1814	14475	30	109	89	0	14475742001	6
1815	14475	34	113	89	0	14475573001	6
1816	14476	2	111	84	0	14476019001	6
1817	14476	6	109	85	0	14476952001	6
1818	14476	12	109	86	0	14476702000	6
1819	14476	13	110	86	0	14476543000	6
1820	14476	14	111	86	0	14476373000	6
1821	14476	18	109	87	0	14476367000	6
1822	14476	20	111	87	0	14476791000	6
1823	14477	1	110	84	0	14477125001	6
1824	14477	5	114	84	0	14477107000	6
1825	14477	16	113	86	0	14477178001	6
1826	14477	19	110	87	0	14477189000	6
1827	14477	35	114	89	0	14477857000	6
1828	14478	0	109	84	0	14478289000	6
1829	14478	7	110	85	0	14478050000	6
1830	14478	18	109	87	0	14478786000	6
1831	14478	22	113	87	0	14478809001	6
1832	14479	6	109	85	0	14479311000	7
1833	14479	11	114	85	0	14479236000	7
1834	14479	12	109	86	0	14479254001	7
1835	14480	0	109	84	0	14480672001	7
1836	14480	1	110	84	0	14480128001	7
1837	14482	6	109	85	0	14482719000	7
1838	14483	12	109	86	0	14483842000	7
1839	14484	0	109	84	0	14484461000	7
1840	14486	3	112	84	0	14486661001	8
1841	14486	24	109	88	0	14486685001	8
1842	14488	7	110	85	0	14488470000	8
1843	14489	15	112	86	0	14489706001	8
1844	14491	23	114	87	0	14491345000	9
1845	14497	22	113	87	0	14497232001	9
1846	14505	33	112	89	1	14505929001	10
1847	14505	34	113	89	1	14505591000	10
1848	14505	35	114	89	1	14505775000	10
1849	14506	30	109	89	1	14506385001	10
1850	14506	31	110	89	1	14506028001	10
1851	14506	32	111	89	1	14506180001	10
1852	14507	27	112	88	1	14507971001	10
1853	14507	29	114	88	1	14507773000	10
1854	14507	35	114	89	1	14507987000	10
1855	14508	24	109	88	1	14508036001	10
1856	14508	25	110	88	1	14508489001	11
1857	14508	26	111	88	1	14508695000	11
1858	14508	28	113	88	1	14508489001	11
1859	14508	30	109	89	1	14508524001	11
1860	14508	31	110	89	1	14508208000	10
1861	14508	32	111	89	1	14508664000	11
1862	14508	33	112	89	1	14508182001	10
1863	14508	34	113	89	1	14508067001	10
1864	14510	18	109	87	1	14510730000	11
1865	14510	21	112	87	1	14510884001	11
1866	14510	22	113	87	1	14510449001	11
1867	14510	23	114	87	1	14510015000	11
1868	14510	24	109	88	1	14510745000	11
1869	14510	26	111	88	1	14510843001	11
1870	14510	27	112	88	1	14510278000	11
1871	14510	28	113	88	1	14510959000	11
1872	14510	29	114	88	1	14510413000	11
1873	14511	19	110	87	1	14511031000	11
1874	14511	20	111	87	1	14511143001	11
1875	14511	25	110	88	1	14511030001	11
1876	14512	23	114	87	1	14512846000	11
1877	14513	12	109	86	1	14513413000	11
1878	14513	13	110	86	1	14513439001	11
1879	14513	14	111	86	1	14513709000	11
1880	14513	15	112	86	1	14513220001	11
1881	14513	16	113	86	1	14513661000	11
1882	14513	17	114	86	1	14513099001	11
1883	14513	18	109	87	1	14513656001	11
1884	14513	19	110	87	1	14513610000	11
1885	14513	20	111	87	1	14513475000	11
1886	14513	21	112	87	1	14513114001	11
1887	14513	22	113	87	1	14513406000	11
1888	14513	27	112	88	1	14513114001	11
1889	14515	17	114	86	1	14515976001	11
1890	14516	6	109	85	1	14516549001	11
1891	14516	7	110	85	1	14516416000	11
1892	14516	8	111	85	1	14516975000	11
1893	14516	10	113	85	1	14516577001	11
1894	14516	11	114	85	1	14516758000	11
1895	14516	12	109	86	1	14516475000	11
1896	14516	13	110	86	1	14516267000	11
1897	14516	14	111	86	1	14516313000	11
1898	14516	15	112	86	1	14516337000	11
1899	14516	16	113	86	1	14516532001	11
1900	14516	23	114	87	1	14516380001	11
1901	14517	9	112	85	1	14517133001	11
1902	14519	0	109	84	1	14519997000	12
1903	14519	1	110	84	1	14519472001	12
1904	14519	3	112	84	1	14519016001	11
1905	14519	5	114	84	1	14519893000	12
1906	14519	6	109	85	1	14519810000	12
1907	14519	7	110	85	1	14519334001	12
1908	14519	8	111	85	1	14519685000	12
1909	14519	10	113	85	1	14519834000	12
1910	14519	11	114	85	1	14519674001	12
1911	14519	17	114	86	1	14519437000	12
1912	14520	2	111	84	1	14520476000	12
1913	14520	4	113	84	1	14520159000	12
1914	14520	9	112	85	1	14520056000	12
1915	14520	13	110	86	1	14520711000	12
1916	14521	15	112	86	1	14521303000	12
1917	14522	7	110	85	1	14522228001	12
1918	14522	8	111	85	1	14522996000	12
1919	14523	0	109	84	1	14523895000	12
1920	14523	1	110	84	1	14523508000	12
1921	14523	2	111	84	1	14523500001	12
1922	14523	3	112	84	1	14523033001	12
1923	14523	4	113	84	1	14523846000	12
1924	14523	5	114	84	1	14523471001	12
1925	14525	6	109	85	1	14525313001	12
1926	14525	11	114	85	1	14525033001	12
1927	14526	1	110	84	1	14526172000	12
1928	14526	3	112	84	1	14526172000	12
1929	14526	9	112	85	1	14526833000	12
1930	14527	5	114	84	1	14527729001	12
1931	14528	2	111	84	1	14528158001	12
1932	14529	4	113	84	1	14529849000	12
1933	14569	1	110	84	0	14569936001	13
1934	14569	2	111	84	0	14569452001	13
1935	14569	3	112	84	0	14569311000	13
1936	14569	4	113	84	0	14569498000	13
1937	14569	5	114	84	0	14569670001	13
1938	14570	0	109	84	0	14570842000	13
1939	14571	3	112	84	0	14571619001	13
1940	14571	4	113	84	0	14571891001	13
1941	14572	1	110	84	0	14572926000	13
1942	14572	2	111	84	0	14572076000	13
1943	14572	5	114	84	0	14572750000	13
1944	14573	7	110	85	0	14573861001	13
1945	14573	9	112	85	0	14573719001	13
1946	14573	11	114	85	0	14573385001	13
1947	14574	0	109	84	0	14574164000	13
1948	14574	3	112	84	0	14574786000	13
1949	14574	4	113	84	0	14574778001	13
1950	14574	6	109	85	0	14574135001	13
1951	14574	8	111	85	0	14574000001	13
1952	14574	10	113	85	0	14574461000	13
1953	14575	1	110	84	0	14575667000	13
1954	14575	2	111	84	0	14575388000	13
1955	14575	5	114	84	0	14575957000	13
1956	14576	3	112	84	0	14576876000	13
1957	14576	6	109	85	0	14576851001	13
1958	14576	7	110	85	0	14576244000	13
1959	14576	8	111	85	0	14576259000	13
1960	14576	9	112	85	0	14576316001	13
1961	14576	11	114	85	0	14576127000	13
1962	14577	10	113	85	0	14577371000	13
1963	14577	12	109	86	0	14577943001	13
1964	14577	13	110	86	0	14577061001	13
1965	14577	14	111	86	0	14577967001	13
1966	14577	15	112	86	0	14577095000	13
1967	14577	16	113	86	1	14577686000	13
1968	14577	17	114	86	0	14577285000	13
1969	14578	0	109	84	0	14578296001	13
1970	14578	4	113	84	0	14578129001	13
1971	14578	11	114	85	0	14578835001	13
1972	14579	7	110	85	0	14579689001	13
1973	14579	8	111	85	0	14579968001	13
1974	14579	9	112	85	0	14579240000	13
1975	14579	13	110	86	0	14579421000	13
1976	14579	15	112	86	0	14579602001	13
1977	14579	17	114	86	0	14579920001	13
1978	14580	6	109	85	0	14580098000	13
1979	14580	10	113	85	0	14580890000	13
1980	14580	12	109	86	0	14580418001	13
1981	14580	14	111	86	0	14580851000	13
1982	14580	16	113	86	0	14580087000	13
1983	14580	22	113	87	0	14580742001	13
1984	14580	23	114	87	0	14580386001	13
1985	14581	18	109	87	0	14581251001	13
1986	14581	19	110	87	0	14581326001	13
1987	14581	20	111	87	0	14581066000	13
1988	14581	21	112	87	0	14581093000	13
1989	14582	13	110	86	0	14582959000	13
1990	14582	15	112	86	0	14582531000	13
1991	14582	16	113	86	0	14582766000	13
1992	14582	17	114	86	0	14582369000	13
1993	14583	12	109	86	0	14583318001	13
1994	14583	14	111	86	0	14583969000	13
1995	14583	20	111	87	0	14583393001	13
1996	14583	21	112	87	0	14583699000	13
1997	14583	22	113	87	0	14583225000	13
1998	14583	23	114	87	0	14583299000	13
1999	14583	24	109	88	0	14583779000	13
2000	14583	26	111	88	0	14583742001	13
2001	14583	27	112	88	0	14583335001	13
2002	14583	28	113	88	1	14583802000	13
2003	14583	29	114	88	0	14583681001	13
2004	14584	9	112	85	0	14584830000	13
2005	14584	18	109	87	1	14584536000	13
2006	14584	19	110	87	0	14584655001	13
2007	14584	25	110	88	0	14584070001	13
2008	14585	2	111	84	0	14585162001	13
2009	14585	20	111	87	0	14585979001	13
2010	14585	27	112	88	0	14585826001	13
2011	14585	29	114	88	0	14585816001	13
2012	14586	5	114	84	0	14586837000	13
2013	14586	11	114	85	0	14586539001	13
2014	14586	21	112	87	0	14586609000	13
2015	14586	22	113	87	0	14586350000	13
2016	14586	23	114	87	0	14586259001	13
2017	14586	24	109	88	0	14586220001	13
2018	14586	25	110	88	0	14586954000	13
2019	14586	26	111	88	0	14586392000	13
2020	14586	28	113	88	0	14586514001	13
2021	14586	30	109	89	0	14586628001	13
2022	14586	31	110	89	0	14586721001	13
2023	14586	32	111	89	0	14586448001	13
2024	14586	33	112	89	0	14586682000	13
2025	14586	34	113	89	0	14586543000	13
2026	14586	35	114	89	1	14586538001	13
2027	14587	29	114	88	0	14587803001	13
2028	14588	24	109	88	0	14588463001	13
2029	14588	27	112	88	0	14588524000	13
2030	14588	30	109	89	0	14588906001	13
2031	14589	28	113	88	0	14589028000	13
2032	14589	31	110	89	0	14589742001	13
2033	14589	32	111	89	1	14589261001	13
2034	14589	33	112	89	0	14589563001	13
2035	14589	34	113	89	0	14589270000	13
2036	14589	35	114	89	0	14589251001	13
2037	14590	26	111	88	0	14590590000	12
2038	14592	25	110	88	0	14592875000	12
2039	14592	30	109	89	0	14592315000	12
2040	14594	18	109	87	0	14594510000	12
2041	14594	35	114	89	0	14594230000	12
2042	14595	27	112	88	0	14595169001	12
2043	14604	0	109	84	1	14604390000	11
2044	14606	0	109	84	1	14606644000	11
2045	14606	6	109	85	1	14606086001	11
2046	14607	1	110	84	1	14607125000	11
2047	14607	12	109	86	1	14607551001	11
2048	14608	6	109	85	1	14608288001	11
2049	14608	7	110	85	1	14608469000	11
2050	14608	18	109	87	1	14608563000	11
2051	14609	1	110	84	1	14609123001	11
2052	14609	2	111	84	1	14609664000	11
2053	14609	13	110	86	1	14609427000	11
2054	14610	7	110	85	1	14610489001	11
2055	14610	12	109	86	1	14610088001	11
2056	14610	18	109	87	1	14610564000	11
2057	14610	24	109	88	1	14610025000	11
2058	14611	2	111	84	1	14611825000	11
2059	14611	3	112	84	1	14611921000	11
2060	14611	8	111	85	1	14611153001	11
2061	14611	13	110	86	1	14611373001	11
2062	14611	19	110	87	1	14611028001	11
2063	14611	30	109	89	1	14611498001	11
2064	14612	14	111	86	1	14612068001	11
2065	14612	24	109	88	1	14612544000	11
2066	14612	25	110	88	1	14612093001	11
2067	14613	8	111	85	1	14613001001	11
2068	14613	9	112	85	1	14613058000	11
2069	14613	14	111	86	1	14613956001	10
2070	14613	19	110	87	1	14613258001	11
2071	14613	20	111	87	1	14613467000	11
2072	14613	30	109	89	1	14613800001	10
2073	14613	31	110	89	1	14613234001	11
2074	14614	3	112	84	1	14614306000	10
2075	14614	4	113	84	1	14614674001	10
2076	14614	15	112	86	1	14614694000	10
2077	14614	25	110	88	1	14614140000	10
2078	14614	26	111	88	1	14614815000	10
2079	14615	9	112	85	1	14615065001	10
2080	14615	10	113	85	1	14615772000	10
2081	14615	20	111	87	1	14615211000	10
2082	14615	21	112	87	1	14615766001	10
2083	14615	31	110	89	1	14615185001	10
2084	14616	4	113	84	1	14616957000	10
2085	14616	5	114	84	1	14616338000	10
2086	14616	15	112	86	1	14616865001	10
2087	14616	26	111	88	1	14616616001	10
2088	14616	27	112	88	1	14616888000	10
2089	14616	32	111	89	1	14616326001	10
2090	14617	16	113	86	1	14617302000	10
2091	14617	21	112	87	1	14617783000	10
2092	14618	5	114	84	1	14618514001	10
2093	14618	10	113	85	1	14618080000	10
2094	14618	11	114	85	1	14618071001	10
2095	14618	22	113	87	1	14618362001	10
2096	14618	27	112	88	1	14618726000	10
2097	14618	33	112	89	1	14618266001	10
2098	14619	16	113	86	1	14619868001	10
2099	14619	17	114	86	1	14619252000	10
2100	14619	28	113	88	1	14619796001	10
2101	14620	11	114	85	1	14620546001	10
2102	14620	22	113	87	1	14620439001	10
2103	14620	23	114	87	1	14620139001	10
2104	14620	32	111	89	1	14620062001	10
2105	14620	33	112	89	1	14620529001	10
2106	14620	34	113	89	1	14620893000	10
2107	14621	17	114	86	1	14621262001	10
2108	14621	29	114	88	1	14621530000	10
2109	14622	23	114	87	1	14622313001	10
2110	14622	28	113	88	1	14622031000	10
2111	14623	29	114	88	1	14623609001	9
2112	14623	34	113	89	1	14623100001	10
2113	14623	35	114	89	1	14623182000	10
2114	14625	35	114	89	1	14625001001	9
2115	14633	23	114	87	1	14633849001	8
2116	14870	31	110	89	0	14870428001	5
2117	14871	25	110	88	0	14871815001	5
2118	14871	32	111	89	0	14871617001	5
2119	14872	24	109	88	0	14872582001	5
2120	14872	30	109	89	0	14872087001	5
2121	14873	19	110	87	0	14873251000	5
2122	14873	26	111	88	0	14873214001	5
2123	14873	31	110	89	0	14873159001	5
2124	14873	33	112	89	0	14873426001	5
2125	14874	20	111	87	0	14874723000	5
2126	14874	25	110	88	0	14874424001	5
2127	14874	30	109	89	0	14874533000	5
2128	14874	32	111	89	0	14874412000	5
2129	14875	13	110	86	0	14875018001	5
2130	14875	18	109	87	0	14875917001	5
2131	14875	24	109	88	0	14875030000	5
2132	14875	26	111	88	0	14875602001	5
2133	14875	27	112	88	0	14875041000	5
2134	14875	33	112	89	0	14875831001	5
2135	14875	34	113	89	0	14875157001	5
2136	14876	7	110	85	0	14876529001	5
2137	14876	12	109	86	0	14876150000	5
2138	14876	14	111	86	0	14876183001	5
2139	14876	19	110	87	0	14876167000	5
2140	14876	20	111	87	0	14876774001	5
2141	14876	21	112	87	0	14876019000	5
2142	14876	27	112	88	0	14876874001	5
2143	14876	28	113	88	0	14876860001	5
2144	14877	1	110	84	0	14877907001	5
2145	14877	8	111	85	0	14877435001	5
2146	14877	13	110	86	0	14877248001	5
2147	14877	15	112	86	0	14877592000	5
2148	14877	22	113	87	0	14877892000	5
2149	14877	24	109	88	0	14877316001	5
2150	14877	30	109	89	0	14877883001	5
2151	14877	34	113	89	0	14877176000	5
2152	14877	35	114	89	0	14877030001	5
2153	14878	2	111	84	0	14878391001	5
2154	14878	7	110	85	0	14878507000	5
2155	14878	9	112	85	0	14878980001	5
2156	14878	12	109	86	0	14878542000	5
2157	14878	14	111	86	0	14878582001	5
2158	14878	18	109	87	0	14878381001	5
2159	14878	21	112	87	0	14878250001	5
2160	14878	28	113	88	0	14878910001	5
2161	14878	29	114	88	0	14878352000	5
2162	14879	3	112	84	0	14879586000	5
2163	14879	6	109	85	0	14879460001	5
2164	14879	15	112	86	0	14879824000	5
2165	14879	16	113	86	0	14879017001	5
2166	14879	23	114	87	0	14879478000	5
2167	14879	33	112	89	0	14879105000	5
2168	14879	34	113	89	0	14879795001	5
2169	14879	35	114	89	0	14879087001	5
2170	14880	1	110	84	0	14880354001	5
2171	14880	2	111	84	0	14880489001	5
2172	14880	8	111	85	0	14880038000	5
2173	14880	10	113	85	0	14880887001	5
2174	14880	13	110	86	0	14880866001	5
2175	14880	17	114	86	0	14880970001	5
2176	14880	20	111	87	0	14880739001	5
2177	14880	22	113	87	0	14880194000	5
2178	14880	24	109	88	0	14880209001	5
2179	14880	29	114	88	0	14880528001	5
2180	14881	0	109	84	0	14881865001	5
2181	14881	3	112	84	0	14881779001	5
2182	14881	9	112	85	0	14881415001	5
2183	14881	12	109	86	0	14881036001	5
2184	14881	16	113	86	0	14881387000	5
2185	14881	23	114	87	0	14881843000	5
2186	14882	1	110	84	0	14882719001	5
2187	14882	4	113	84	0	14882011001	5
2188	14882	6	109	85	0	14882207001	5
2189	14882	7	110	85	0	14882372000	5
2190	14882	11	114	85	0	14882102000	5
2191	14882	18	109	87	0	14882344000	5
2192	14882	22	113	87	0	14882653001	5
2193	14882	28	113	88	0	14882791001	5
2194	14883	5	114	84	0	14883912000	5
2195	14883	10	113	85	0	14883236000	5
2196	14883	15	112	86	0	14883065001	5
2197	14883	17	114	86	0	14883290000	5
2198	14883	19	110	87	0	14883749001	5
2199	14883	27	112	88	0	14883454001	5
2200	14883	35	114	89	0	14883835001	5
2201	14884	0	109	84	0	14884734001	6
2202	14884	3	112	84	0	14884581001	6
2203	14884	4	113	84	0	14884235001	6
2204	14884	11	114	85	0	14884163001	6
2205	14885	2	111	84	0	14885483001	6
2206	14885	6	109	85	0	14885015000	6
2207	14885	12	109	86	0	14885370001	6
2208	14886	5	114	84	0	14886443000	6
2209	14886	17	114	86	0	14886780001	6
2210	14887	14	111	86	0	14887314000	6
2211	14888	16	113	86	0	14888641000	6
2212	14889	0	109	84	0	14889064001	6
2213	14889	31	110	89	0	14889314000	6
2214	14889	34	113	89	0	14889713001	6
2215	14891	32	111	89	0	14891069001	6
2216	14892	21	112	87	0	14892471001	6
2217	14894	23	114	87	0	14894267000	6
2218	14895	11	114	85	0	14895166000	6
2219	14896	29	114	88	0	14896410000	7
2220	14898	9	112	85	1	14898082000	7
2221	14900	12	109	86	0	14900687001	7
2222	14901	17	114	86	0	14901155000	7
2223	14909	31	110	89	1	14909559001	8
2224	14909	32	111	89	1	14909483001	8
2225	14909	33	112	89	1	14909473001	8
2226	14909	34	113	89	1	14909201000	8
2227	14909	35	114	89	1	14909176000	8
2228	14910	29	114	88	1	14910515000	8
2229	14910	30	109	89	1	14910149001	8
2230	14911	24	109	88	1	14911504001	9
2231	14911	25	110	88	1	14911684001	9
2232	14911	26	111	88	1	14911406000	8
2233	14911	27	112	88	1	14911035001	8
2234	14911	28	113	88	1	14911123000	8
2235	14911	30	109	89	1	14911960001	9
2236	14911	31	110	89	1	14911305000	8
2237	14911	32	111	89	1	14911889000	9
2238	14911	33	112	89	1	14911334000	8
2239	14911	34	113	89	1	14911030000	8
2240	14911	35	114	89	1	14911014001	8
2241	14912	20	111	87	1	14912724001	9
2242	14912	21	112	87	1	14912200001	9
2243	14912	22	113	87	1	14912545001	9
2244	14912	23	114	87	1	14912044001	9
2245	14912	26	111	88	1	14912997001	9
2246	14912	27	112	88	1	14912786001	9
2247	14912	28	113	88	1	14912958000	9
2248	14912	29	114	88	1	14912380000	9
2249	14913	16	113	86	1	14913916001	9
2250	14913	17	114	86	1	14913793001	9
2251	14913	18	109	87	1	14913203000	9
2252	14913	19	110	87	1	14913076000	9
2253	14913	21	112	87	1	14913919000	9
2254	14913	24	109	88	1	14913427000	9
2255	14913	25	110	88	1	14913711000	9
2256	14914	12	109	86	1	14914602001	9
2257	14914	13	110	86	1	14914428001	9
2258	14914	14	111	86	1	14914086001	9
2259	14914	15	112	86	1	14914274000	9
2260	14914	20	111	87	1	14914602001	9
2261	14914	22	113	87	1	14914530000	9
2262	14914	23	114	87	1	14914113001	9
2263	14915	9	112	85	1	14915975000	9
2264	14915	10	113	85	1	14915594000	9
2265	14915	11	114	85	1	14915489001	9
2266	14915	14	111	86	1	14915998001	9
2267	14915	16	113	86	1	14915948000	9
2268	14915	17	114	86	1	14915606001	9
2269	14915	18	109	87	1	14915062000	9
2270	14915	19	110	87	1	14915176000	9
2271	14916	6	109	85	1	14916397000	9
2272	14916	7	110	85	1	14916307000	9
2273	14916	8	111	85	1	14916127000	9
2274	14916	12	109	86	1	14916685001	9
2275	14916	13	110	86	1	14916231000	9
2276	14916	15	112	86	1	14916303000	9
2277	14917	0	109	84	1	14917788001	9
2278	14917	1	110	84	1	14917773001	9
2279	14917	2	111	84	1	14917855000	9
2280	14917	3	112	84	1	14917396000	9
2281	14917	4	113	84	1	14917280001	9
2282	14917	5	114	84	1	14917000001	9
2283	14917	8	111	85	1	14917691001	9
2284	14917	9	112	85	1	14917806000	9
2285	14917	10	113	85	1	14917317001	9
2286	14917	11	114	85	1	14917337000	9
2287	14918	6	109	85	1	14918203001	9
2288	14918	7	110	85	1	14918002001	9
2289	14919	0	109	84	1	14919991000	9
2290	14919	1	110	84	1	14919466000	9
2291	14919	2	111	84	1	14919837001	9
2292	14919	3	112	84	1	14919545000	9
2293	14919	4	113	84	1	14919245000	9
2294	14919	5	114	84	1	14919063001	9
2295	15012	0	109	84	0	15012811000	12
2296	15012	3	112	84	0	15012891000	12
2297	15013	1	110	84	0	15013160000	12
2298	15013	2	111	84	0	15013024001	12
2299	15013	4	113	84	0	15013607001	12
2300	15013	5	114	84	0	15013637000	12
2301	15014	7	110	85	0	15014800001	12
2302	15015	0	109	84	0	15015688001	12
2303	15015	1	110	84	0	15015576000	12
2304	15015	2	111	84	0	15015119001	12
2305	15015	3	112	84	0	15015023000	12
2306	15015	6	109	85	0	15015005000	12
2307	15015	8	111	85	0	15015273001	12
2308	15015	9	112	85	0	15015260001	12
2309	15015	10	113	85	0	15015330000	12
2310	15015	11	114	85	0	15015476000	12
2311	15016	4	113	84	0	15016228001	12
2312	15016	5	114	84	0	15016249001	12
2313	15016	12	109	86	0	15016259001	12
2314	15016	13	110	86	0	15016677001	12
2315	15016	14	111	86	0	15016553001	12
2316	15016	15	112	86	0	15016664000	12
2317	15016	16	113	86	0	15016664000	12
2318	15017	6	109	85	0	15017892000	11
2319	15017	7	110	85	0	15017550000	11
2320	15017	8	111	85	0	15017469001	11
2321	15017	9	112	85	0	15017626000	11
2322	15017	10	113	85	0	15017914001	11
2323	15017	11	114	85	0	15017729000	11
2324	15017	17	114	86	0	15017121000	12
2325	15018	12	109	86	0	15018679000	11
2326	15018	14	111	86	0	15018830001	11
2327	15018	15	112	86	0	15018896001	11
2328	15018	16	113	86	0	15018958001	11
2329	15018	18	109	87	0	15018437000	11
2330	15018	19	110	87	0	15018187001	11
2331	15018	20	111	87	0	15018304001	11
2332	15018	21	112	87	0	15018518000	11
2333	15018	22	113	87	0	15018334000	11
2334	15018	23	114	87	0	15018780000	11
2335	15019	2	111	84	0	15019274000	11
2336	15019	3	112	84	0	15019735001	11
2337	15019	13	110	86	0	15019431001	11
2338	15019	17	114	86	0	15019657000	11
2339	15019	24	109	88	0	15019273001	11
2340	15019	25	110	88	0	15019883000	11
2341	15019	26	111	88	0	15019695000	11
2342	15019	27	112	88	0	15019894001	11
2343	15019	28	113	88	0	15019950001	11
2344	15019	29	114	88	0	15019904001	11
2345	15020	20	111	87	0	15020710001	11
2346	15020	21	112	87	0	15020540001	11
2347	15020	22	113	87	0	15020719000	11
2348	15020	23	114	87	0	15020945001	11
2349	15021	18	109	87	0	15021068000	11
2350	15021	19	110	87	0	15021013000	11
2351	15021	24	109	88	0	15021461000	11
2352	15021	26	111	88	0	15021778001	11
2353	15021	28	113	88	0	15021966000	11
2354	15021	29	114	88	0	15021939000	11
2355	15021	30	109	89	0	15021444000	11
2356	15021	31	110	89	0	15021419001	11
2357	15021	32	111	89	0	15021456001	11
2358	15021	33	112	89	0	15021697000	11
2359	15021	34	113	89	0	15021637001	11
2360	15021	35	114	89	0	15021736001	11
2361	15022	25	110	88	0	15022551000	11
2362	15022	27	112	88	0	15022153000	11
2363	15023	0	109	84	1	15023053001	11
2364	15023	31	110	89	0	15023558001	11
2365	15023	32	111	89	0	15023927001	11
2366	15023	35	114	89	0	15023856001	11
2367	15024	6	109	85	1	15024922000	11
2368	15024	30	109	89	0	15024410000	11
2369	15024	33	112	89	0	15024185000	11
2370	15024	34	113	89	0	15024098000	11
2371	15025	0	109	84	1	15025884001	11
2372	15025	28	113	88	0	15025975000	11
2373	15026	1	110	84	1	15026047001	11
2374	15026	12	109	86	1	15026730001	11
2375	15026	29	114	88	0	15026731001	11
2376	15027	6	109	85	1	15027284001	11
2377	15027	7	110	85	1	15027386000	11
2378	15027	16	113	86	0	15027121001	11
2379	15027	18	109	87	1	15027837001	11
2380	15027	23	114	87	0	15027635000	11
2381	15028	1	110	84	1	15028218000	11
2382	15028	13	110	86	1	15028740000	10
2383	15028	26	111	88	0	15028749001	10
2384	15029	7	110	85	1	15029578001	10
2385	15029	12	109	86	1	15029352000	10
2386	15029	24	109	88	1	15029561001	10
2387	15030	2	111	84	1	15030287001	10
2388	15030	8	111	85	1	15030985001	10
2389	15030	13	110	86	1	15030902001	10
2390	15030	18	109	87	1	15030131001	10
2391	15030	19	110	87	1	15030843001	10
2392	15030	30	109	89	1	15030835000	10
2393	15032	2	111	84	1	15032612000	10
2394	15032	3	112	84	1	15032586001	10
2395	15032	24	109	88	1	15032053001	10
2396	15032	25	110	88	1	15032071001	10
2397	15032	30	109	89	1	15032913001	10
2398	15033	8	111	85	1	15033211001	10
2399	15033	14	111	86	1	15033011001	10
2400	15033	19	110	87	1	15033281000	10
2401	15033	31	110	89	1	15033417000	10
2402	15033	35	114	89	0	15033751000	10
2403	15034	3	112	84	1	15034835001	10
2404	15034	9	112	85	1	15034327001	10
2405	15034	20	111	87	1	15034541001	10
2406	15034	25	110	88	1	15034157001	10
2407	15035	13	110	86	1	15035826000	10
2408	15035	14	111	86	1	15035320000	10
2409	15035	15	112	86	1	15035983001	10
2410	15035	26	111	88	1	15035627001	10
2411	15035	31	110	89	1	15035436001	10
2412	15036	4	113	84	1	15036441000	10
2413	15036	7	110	85	1	15036074000	10
2414	15036	9	112	85	1	15036453001	10
2415	15036	20	111	87	1	15036537000	10
2416	15037	10	113	85	1	15037415000	10
2417	15037	21	112	87	1	15037261001	10
2418	15037	26	111	88	1	15037565001	10
2419	15037	32	111	89	1	15037336000	10
2420	15038	4	113	84	1	15038408001	10
2421	15038	15	112	86	1	15038129001	10
2422	15038	16	113	86	1	15038855001	10
2423	15038	27	112	88	1	15038539000	10
2424	15039	5	114	84	1	15039015000	10
2425	15039	10	113	85	1	15039656001	9
2426	15039	21	112	87	1	15039200001	9
2427	15040	8	111	85	1	15040916000	9
2428	15040	11	114	85	1	15040658001	9
2429	15040	22	113	87	1	15040679001	9
2430	15040	27	112	88	1	15040224001	9
2431	15040	32	111	89	1	15040023001	9
2432	15040	33	112	89	1	15040166000	9
2433	15041	5	114	84	1	15041207000	9
2434	15041	16	113	86	1	15041088001	9
2435	15041	17	114	86	1	15041693000	9
2436	15041	28	113	88	1	15041587000	9
2437	15041	31	110	89	1	15041577000	9
2438	15042	11	114	85	1	15042731000	9
2439	15042	23	114	87	1	15042909001	9
2440	15042	33	112	89	1	15042269001	9
2441	15043	17	114	86	1	15043833000	9
2442	15043	22	113	87	1	15043299001	9
2443	15043	28	113	88	1	15043710001	9
2444	15043	29	114	88	1	15043702000	9
2445	15043	34	113	89	1	15043067001	9
2446	15045	23	114	87	1	15045059001	9
2447	15045	34	113	89	1	15045151001	9
2448	15045	35	114	89	1	15045940001	9
2449	15046	29	114	88	1	15046025000	9
2450	15047	9	112	85	1	15047052001	9
2451	15048	35	114	89	1	15048144001	9
2452	15050	28	113	88	1	15050885001	8
2453	15051	29	114	88	1	15051295000	8
2454	15052	27	112	88	1	15052987001	8
2455	15057	23	114	87	1	15057339000	7
2456	15280	30	109	89	0	15280732001	4
2457	15281	24	109	88	0	15281216001	4
2458	15281	31	110	89	0	15281324001	4
2459	15282	12	109	86	0	15282900001	4
2460	15282	18	109	87	0	15282450001	4
2461	15282	25	110	88	0	15282617001	4
2462	15282	32	111	89	0	15282478001	4
2463	15283	6	109	85	0	15283915001	5
2464	15283	13	110	86	0	15283922001	5
2465	15283	19	110	87	0	15283220000	4
2466	15283	24	109	88	0	15283750001	5
2467	15283	26	111	88	0	15283413000	4
2468	15283	30	109	89	0	15283319000	4
2469	15283	31	110	89	0	15283941000	5
2470	15283	33	112	89	0	15283653001	4
2471	15284	0	109	84	0	15284830000	5
2472	15284	7	110	85	0	15284774000	5
2473	15284	18	109	87	0	15284957001	5
2474	15284	20	111	87	0	15284395000	5
2475	15284	27	112	88	0	15284245001	5
2476	15284	34	113	89	0	15284843000	5
2477	15285	1	110	84	0	15285967000	5
2478	15285	12	109	86	0	15285416001	5
2479	15285	14	111	86	0	15285202001	5
2480	15285	19	110	87	0	15285833000	5
2481	15285	21	112	87	0	15285285001	5
2482	15285	25	110	88	0	15285602001	5
2483	15285	26	111	88	0	15285439000	5
2484	15285	28	113	88	0	15285308001	5
2485	15285	32	111	89	0	15285765001	5
2486	15285	35	114	89	0	15285576000	5
2487	15286	2	111	84	0	15286815001	5
2488	15286	6	109	85	0	15286341000	5
2489	15286	7	110	85	0	15286883000	5
2490	15286	8	111	85	0	15286125001	5
2491	15286	9	112	85	0	15286716001	5
2492	15286	13	110	86	0	15286469000	5
2493	15286	15	112	86	0	15286176001	5
2494	15286	20	111	87	0	15286286001	5
2495	15286	22	113	87	0	15286323000	5
2496	15286	27	112	88	0	15286028001	5
2497	15286	29	114	88	0	15286125001	5
2498	15286	33	112	89	0	15286003001	5
2499	15286	34	113	89	0	15286994000	5
2500	15287	0	109	84	0	15287957000	5
2501	15287	3	112	84	0	15287851000	5
2502	15287	14	111	86	0	15287584000	5
2503	15287	16	113	86	0	15287312000	5
2504	15287	21	112	87	0	15287147001	5
2505	15287	23	114	87	0	15287202001	5
2506	15287	28	113	88	0	15287544001	5
2507	15287	35	114	89	0	15287725001	5
2508	15288	1	110	84	0	15288318000	5
2509	15288	2	111	84	0	15288859000	5
2510	15288	8	111	85	0	15288319001	5
2511	15288	9	112	85	0	15288759000	5
2512	15288	10	113	85	0	15288601000	5
2513	15288	11	114	85	0	15288957000	5
2514	15288	15	112	86	0	15288468001	5
2515	15288	17	114	86	0	15288574001	5
2516	15288	22	113	87	0	15288383000	5
2517	15288	29	114	88	0	15288095001	5
2518	15289	4	113	84	0	15289181000	5
2519	15289	16	113	86	0	15289748000	5
2520	15289	23	114	87	0	15289447000	5
2521	15290	3	112	84	0	15290080000	5
2522	15290	5	114	84	0	15290542001	5
2523	15290	17	114	86	0	15290845001	5
2524	15291	4	113	84	0	15291366000	5
2525	15291	10	113	85	0	15291347001	5
2526	15291	11	114	85	0	15291179000	5
2527	15293	5	114	84	0	15293191000	6
2528	15296	14	111	86	0	15296028000	6
2529	15299	22	113	87	0	15299927000	7
2530	15300	27	112	88	0	15300215001	7
2531	15309	31	110	89	1	15309879000	8
2532	15309	33	112	89	1	15309745000	8
2533	15309	34	113	89	1	15309589000	8
2534	15309	35	114	89	1	15309293000	8
2535	15310	27	112	88	1	15310983000	9
2536	15310	29	114	88	1	15310773001	8
2537	15310	30	109	89	1	15310497001	8
2538	15310	32	111	89	1	15310031000	8
2539	15311	24	109	88	1	15311776001	9
2540	15311	25	110	88	1	15311761001	9
2541	15311	26	111	88	1	15311527001	9
2542	15311	28	113	88	1	15311339000	9
2543	15311	31	110	89	1	15311761001	9
2544	15311	33	112	89	1	15311624001	9
2545	15311	34	113	89	1	15311394000	9
2546	15311	35	114	89	1	15311077001	9
2547	15312	21	112	87	1	15312902001	9
2548	15312	22	113	87	1	15312461000	9
2549	15312	23	114	87	1	15312319000	9
2550	15312	27	112	88	1	15312723001	9
2551	15312	29	114	88	1	15312637000	9
2552	15312	30	109	89	1	15312364000	9
2553	15313	18	109	87	1	15313677001	9
2554	15313	19	110	87	1	15313503001	9
2555	15313	20	111	87	1	15313314001	9
2556	15313	24	109	88	1	15313814001	9
2557	15313	25	110	88	1	15313623000	9
2558	15313	26	111	88	1	15313172001	9
2559	15313	28	113	88	1	15313188000	9
2560	15313	32	111	89	1	15313385000	9
2561	15314	14	111	86	1	15314545000	9
2562	15314	15	112	86	1	15314842000	9
2563	15314	16	113	86	1	15314521000	9
2564	15314	17	114	86	1	15314405001	9
2565	15314	20	111	87	1	15314983001	9
2566	15314	21	112	87	1	15314623001	9
2567	15314	22	113	87	1	15314558001	9
2568	15314	23	114	87	1	15314322001	9
2569	15315	12	109	86	1	15315474001	9
2570	15315	13	110	86	1	15315026000	9
2571	15315	18	109	87	1	15315612001	9
2572	15315	19	110	87	1	15315527000	9
2573	15316	8	111	85	1	15316710001	9
2574	15316	9	112	85	1	15316839001	9
2575	15316	10	113	85	1	15316212000	9
2576	15316	11	114	85	1	15316171001	9
2577	15316	13	110	86	1	15316992000	9
2578	15316	14	111	86	1	15316495000	9
2579	15316	15	112	86	1	15316698000	9
2580	15316	16	113	86	1	15316634001	9
2581	15316	17	114	86	1	15316482001	9
2582	15317	3	112	84	1	15317931001	9
2583	15317	5	114	84	1	15317830001	9
2584	15317	6	109	85	1	15317135001	9
2585	15317	7	110	85	1	15317038000	9
2586	15317	12	109	86	1	15317483000	9
2587	15318	1	110	84	1	15318962000	9
2588	15318	2	111	84	1	15318766000	9
2589	15318	4	113	84	1	15318287001	9
2590	15318	8	111	85	1	15318519001	9
2591	15318	9	112	85	1	15318878001	9
2592	15318	10	113	85	1	15318225001	9
2593	15318	11	114	85	1	15318234001	9
2594	15319	0	109	84	1	15319145000	9
2595	15319	6	109	85	1	15319133001	9
2596	15319	7	110	85	1	15319037001	9
2597	15320	3	112	84	1	15320428000	9
2598	15320	4	113	84	1	15320464001	10
2599	15320	5	114	84	1	15320131000	9
2600	15321	0	109	84	1	15321324001	10
2601	15321	1	110	84	1	15321024001	10
2602	15321	2	111	84	1	15321012000	10
2603	15386	0	109	84	0	15386423001	12
2604	15386	1	110	84	0	15386810001	11
2605	15386	2	111	84	0	15386903000	11
2606	15387	3	112	84	0	15387302001	11
2607	15387	4	113	84	0	15387678001	11
2608	15387	5	114	84	0	15387900001	11
2609	15389	0	109	84	0	15389656000	11
2610	15389	1	110	84	0	15389291000	11
2611	15389	2	111	84	0	15389274001	11
2612	15389	3	112	84	0	15389959001	11
2613	15390	4	113	84	0	15390356001	11
2614	15390	6	109	85	0	15390725000	11
2615	15390	7	110	85	0	15390991000	11
2616	15391	5	114	84	0	15391441001	11
2617	15391	8	111	85	0	15391797001	11
2618	15391	9	112	85	0	15391197001	11
2619	15391	10	113	85	0	15391948000	11
2620	15391	11	114	85	0	15391918001	11
2621	15392	0	109	84	0	15392788000	11
2622	15392	2	111	84	0	15392846000	11
2623	15393	1	110	84	0	15393105001	11
2624	15393	3	112	84	0	15393170001	11
2625	15393	7	110	85	0	15393438000	11
2626	15393	9	112	85	1	15393427000	11
2627	15394	4	113	84	0	15394073000	11
2628	15394	5	114	84	0	15394562001	11
2629	15394	6	109	85	0	15394555001	11
2630	15394	8	111	85	0	15394525001	11
2631	15394	10	113	85	0	15394890000	11
2632	15394	11	114	85	0	15394291000	11
2633	15394	12	109	86	0	15394253000	11
2634	15394	13	110	86	0	15394747000	11
2635	15394	15	112	86	0	15394927000	11
2636	15395	14	111	86	0	15395108001	11
2637	15395	16	113	86	0	15395165000	11
2638	15395	17	114	86	0	15395861000	11
2639	15396	1	110	84	0	15396486000	11
2640	15396	12	109	86	0	15396848001	11
2641	15397	7	110	85	0	15397317001	11
2642	15397	9	112	85	0	15397117001	11
2643	15397	11	114	85	0	15397346000	11
2644	15397	13	110	86	0	15397510001	11
2645	15397	15	112	86	0	15397223000	11
2646	15397	16	113	86	0	15397680001	11
2647	15398	8	111	85	0	15398323001	11
2648	15398	10	113	85	0	15398971000	11
2649	15398	14	111	86	0	15398342000	11
2650	15398	17	114	86	0	15398652001	11
2651	15398	18	109	87	0	15398517001	11
2652	15398	19	110	87	0	15398536000	11
2653	15398	21	112	87	0	15398713001	11
2654	15398	22	113	87	1	15398704000	11
2655	15399	2	111	84	0	15399771001	11
2656	15399	6	109	85	0	15399594001	11
2657	15399	11	114	85	0	15399672000	11
2658	15399	15	112	86	0	15399656000	11
2659	15399	20	111	87	0	15399241000	11
2660	15399	23	114	87	0	15399569000	11
2661	15400	12	109	86	0	15400087000	11
2662	15400	22	113	87	0	15400923000	11
2663	15401	13	110	86	0	15401208001	11
2664	15401	14	111	86	1	15401419001	11
2665	15401	16	113	86	0	15401062000	11
2666	15401	19	110	87	0	15401726000	11
2667	15401	21	112	87	0	15401002001	11
2668	15401	24	109	88	0	15401081001	11
2669	15402	15	112	86	0	15402888001	11
2670	15402	17	114	86	0	15402697000	11
2671	15402	18	109	87	0	15402260001	11
2672	15402	20	111	87	0	15402002000	11
2673	15402	23	114	87	0	15402375000	11
2674	15402	25	110	88	0	15402042001	11
2675	15402	26	111	88	0	15402051000	11
2676	15402	27	112	88	0	15402143000	11
2677	15402	28	113	88	0	15402261000	11
2678	15402	29	114	88	0	15402676000	11
2679	15403	21	112	87	0	15403556001	11
2680	15403	22	113	87	0	15403445001	11
2681	15403	24	109	88	0	15403291000	11
2682	15404	9	112	85	0	15404920001	11
2683	15404	26	111	88	0	15404120000	11
2684	15404	27	112	88	1	15404158000	11
2685	15404	28	113	88	0	15404645000	11
2686	15404	29	114	88	0	15404869001	11
2687	15405	12	109	86	0	15405646001	11
2688	15405	19	110	87	0	15405648000	11
2689	15405	20	111	87	0	15405475000	11
2690	15405	23	114	87	0	15405801000	11
2691	15405	25	110	88	0	15405225001	11
2692	15405	30	109	89	0	15405283001	11
2693	15405	31	110	89	0	15405307001	11
2694	15405	32	111	89	0	15405616001	11
2695	15405	33	112	89	0	15405718000	11
2696	15405	34	113	89	0	15405634000	11
2697	15405	35	114	89	0	15405975001	11
2698	15406	24	109	88	0	15406040001	11
2699	15406	26	111	88	0	15406745001	11
2700	15406	27	112	88	0	15406305000	11
2701	15407	3	112	84	0	15407095001	11
2702	15407	18	109	87	0	15407377000	11
2703	15407	21	112	87	0	15407864000	11
2704	15407	22	113	87	0	15407256000	11
2705	15407	27	112	88	0	15407968000	11
2706	15407	28	113	88	0	15407544001	11
2707	15407	29	114	88	0	15407667000	11
2708	15407	30	109	89	0	15407949001	11
2709	15408	25	110	88	0	15408848000	11
2710	15408	31	110	89	0	15408808001	11
2711	15408	33	112	89	0	15408838000	11
2712	15408	34	113	89	0	15408347000	11
2713	15408	35	114	89	0	15408404001	11
2714	15409	24	109	88	0	15409252000	11
2715	15409	32	111	89	1	15409079001	11
2716	15410	14	111	86	0	15410292001	11
2717	15410	31	110	89	0	15410988000	11
2718	15410	34	113	89	0	15410798000	11
2719	15411	30	109	89	0	15411481001	10
2720	15411	33	112	89	0	15411530000	10
2721	15411	35	114	89	0	15411492000	10
2722	15417	5	114	84	0	15417460001	10
2723	15419	28	113	88	0	15419599001	10
2724	15433	0	109	84	1	15433044000	9
2725	15435	6	109	85	1	15435254001	9
2726	15436	0	109	84	1	15436220000	9
2727	15436	1	110	84	1	15436805000	9
2728	15437	12	109	86	1	15437546001	9
2729	15438	6	109	85	1	15438269001	9
2730	15440	1	110	84	1	15440392000	9
2731	15440	7	110	85	1	15440112000	9
2732	15440	18	109	87	1	15440643001	9
2733	15441	12	109	86	1	15441005001	9
2734	15442	7	110	85	1	15442664001	8
2735	15442	13	110	86	1	15442986001	8
2736	15442	24	109	88	1	15442518000	8
2737	15443	1	110	84	1	15443048001	8
2738	15443	2	111	84	1	15443820000	8
2739	15443	6	109	85	1	15443515001	8
2740	15443	18	109	87	1	15443730000	8
2741	15445	7	110	85	1	15445954001	8
2742	15445	13	110	86	1	15445901000	8
2743	15445	19	110	87	1	15445242001	8
2744	15446	2	111	84	1	15446647000	8
2745	15446	8	111	85	1	15446337000	8
2746	15446	24	109	88	1	15446017001	8
2747	15446	30	109	89	1	15446131001	8
2748	15447	12	109	86	1	15447796000	8
2749	15448	3	112	84	1	15448690000	8
2750	15448	18	109	87	1	15448585001	8
2751	15448	19	110	87	1	15448931001	8
2752	15448	25	110	88	1	15448409001	8
2753	15449	2	111	84	1	15449557000	8
2754	15449	5	114	84	1	15449406000	8
2755	15449	8	111	85	1	15449354000	8
2756	15449	13	110	86	1	15449340000	8
2757	15449	14	111	86	1	15449084000	8
2758	15449	30	109	89	1	15449445001	8
2759	15450	11	114	85	1	15450959001	8
2760	15450	24	109	88	1	15450084001	8
2761	15450	31	110	89	1	15450399001	8
2762	15451	4	113	84	1	15451618000	8
2763	15451	5	114	84	1	15451548000	8
2764	15451	9	112	85	1	15451257001	8
2765	15451	19	110	87	1	15451900001	8
2766	15451	20	111	87	1	15451358000	8
2767	15451	25	110	88	1	15451575001	8
2768	15452	3	112	84	1	15452448001	8
2769	15452	8	111	85	1	15452176001	8
2770	15452	10	113	85	1	15452823000	8
2771	15452	14	111	86	1	15452415001	8
2772	15452	17	114	86	1	15452844000	8
2773	15453	4	113	84	1	15453656000	8
2774	15453	11	114	85	1	15453038000	8
2775	15453	15	112	86	1	15453952001	7
2776	15453	23	114	87	1	15453764000	8
2777	15453	31	110	89	1	15453261001	8
2778	15454	9	112	85	1	15454251000	7
2779	15454	10	113	85	1	15454788001	7
2780	15454	16	113	86	1	15454402001	7
2781	15454	17	114	86	1	15454754001	7
2782	15454	26	111	88	1	15454689001	7
2783	15455	3	112	84	1	15455669000	7
2784	15455	20	111	87	1	15455611001	7
2785	15455	21	112	87	1	15455762000	7
2786	15455	22	113	87	1	15455279001	7
2787	15455	23	114	87	1	15455869000	7
2788	15455	25	110	88	1	15455213001	7
2789	15455	29	114	88	1	15455050000	7
2790	15456	9	112	85	1	15456736000	7
2791	15456	14	111	86	1	15456453000	7
2792	15456	15	112	86	1	15456506001	7
2793	15456	16	113	86	1	15456475001	7
2794	15456	28	113	88	1	15456956001	7
2795	15456	31	110	89	1	15456074001	7
2796	15456	35	114	89	1	15456339000	7
2797	15457	22	113	87	1	15457303000	7
2798	15457	26	111	88	1	15457393000	7
2799	15457	27	112	88	1	15457837001	7
2800	15457	29	114	88	1	15457035001	7
2801	15457	32	111	89	1	15457543001	7
2802	15457	34	113	89	1	15457896001	7
2803	15458	15	112	86	1	15458958000	7
2804	15458	20	111	87	1	15458806000	7
2805	15458	21	112	87	1	15458285000	7
2806	15458	28	113	88	1	15458927000	7
2807	15458	30	109	89	1	15458586001	7
2808	15458	35	114	89	1	15458299000	7
2809	15459	27	112	88	1	15459936000	7
2810	15459	33	112	89	1	15459845001	7
2811	15460	26	111	88	1	15460116000	7
2812	15460	34	113	89	1	15460003001	7
2813	15461	32	111	89	1	15461196001	7
2814	15461	33	112	89	1	15461993000	7
2815	15463	21	112	87	1	15463405001	7
2816	15467	31	110	89	1	15467373001	6
2817	15469	0	109	84	1	15469073001	6
2818	15476	27	112	88	1	15476267000	6
2819	18876	3	112	84	0	18876296001	17
2820	18877	2	111	84	0	18877826000	17
2821	18878	1	110	84	0	18878969000	17
2822	18878	11	114	85	0	18878523001	17
2823	18880	9	112	85	0	18880220001	17
2824	18881	7	110	85	0	18881324000	17
2825	18882	6	109	85	0	18882825000	17
2826	18882	15	112	86	0	18882616000	17
2827	18883	13	110	86	0	18883993001	17
2828	18884	12	109	86	0	18884173000	17
2829	18885	21	112	87	0	18885061001	17
2830	18888	26	111	88	0	18888549000	18
2831	18889	24	109	88	0	18889514000	18
2832	18891	31	110	89	0	18891858000	18
2833	18966	30	109	89	0	18966516000	20
2834	18973	30	109	89	1	18973955001	20
2835	19016	24	109	88	0	19016619000	17
2836	19016	30	109	89	0	19016154000	17
2837	19017	18	109	87	0	19017332001	17
2838	19018	30	109	89	0	19018956001	17
2839	19019	24	109	88	0	19019441001	17
2840	19019	25	110	88	0	19019924001	17
2841	19019	31	110	89	0	19019221001	17
2842	19020	19	110	87	0	19020371000	17
2843	19021	31	110	89	0	19021880001	16
2844	19022	18	109	87	1	19022198001	16
2845	19022	24	109	88	1	19022560000	16
2846	19022	32	111	89	0	19022297001	16
2847	19023	20	111	87	0	19023633001	16
2848	19023	26	111	88	0	19023036000	16
2849	19023	30	109	89	1	19023815000	16
2850	19024	19	110	87	1	19024371001	16
2851	19025	14	111	86	0	19025144000	16
2852	19025	26	111	88	0	19025276000	16
2853	19025	27	112	88	0	19025127000	16
2854	19025	32	111	89	0	19025694001	16
2855	19025	33	112	89	0	19025433000	16
2856	19026	21	112	87	0	19026476001	16
2857	19026	25	110	88	1	19026023001	16
2858	19026	31	110	89	1	19026106000	16
2859	19027	27	112	88	0	19027352001	16
2860	19028	15	112	86	0	19028044001	16
2861	19028	20	111	87	1	19028771000	16
2862	19028	26	111	88	1	19028907001	16
2863	19028	31	110	89	1	19028837001	16
2864	19028	33	112	89	0	19028239000	16
2865	19028	34	113	89	0	19028205000	16
2866	19029	21	112	87	0	19029296001	16
2867	19029	22	113	87	0	19029521001	16
2868	19029	28	113	88	0	19029021000	16
2869	19030	16	113	86	0	19030729001	15
2870	19030	32	111	89	1	19030280000	16
2871	19030	34	113	89	0	19030538000	15
2872	19030	35	114	89	0	19030705000	15
2873	19031	22	113	87	0	19031481000	15
2874	19031	28	113	88	0	19031212001	15
2875	19031	29	114	88	0	19031410001	15
2876	19032	21	112	87	1	19032054001	15
2877	19032	23	114	87	0	19032697000	15
2878	19032	27	112	88	1	19032623001	15
2879	19032	35	114	89	0	19032649000	15
2880	19033	17	114	86	0	19033648000	15
2881	19033	29	114	88	0	19033350000	15
2882	19033	34	113	89	0	19033194001	15
2883	19034	11	114	85	0	19034985000	15
2884	19034	15	112	86	1	19034786000	15
2885	19034	33	112	89	1	19034003000	15
2886	19035	16	113	86	1	19035491001	15
2887	19035	23	114	87	0	19035186001	15
2888	19035	35	114	89	0	19035028000	15
2889	19036	22	113	87	1	19036214001	15
2890	19036	26	111	88	1	19036958000	15
2891	19036	29	114	88	0	19036052000	15
2892	19037	28	113	88	1	19037513000	15
2893	19037	33	112	89	1	19037878000	15
2894	19038	27	112	88	1	19038194000	15
2895	19038	34	113	89	1	19038640001	15
2896	19039	23	114	87	1	19039853001	14
2897	19039	32	111	89	1	19039888000	14
2898	19040	17	114	86	1	19040093000	14
2899	19040	29	114	88	1	19040505001	14
2900	19041	34	113	89	1	19041613000	14
2901	19042	35	114	89	1	19042992000	14
2902	19043	23	114	87	1	19043802000	14
2903	19043	29	114	88	1	19043358000	14
2904	19045	28	113	88	1	19045223000	14
2905	19046	35	114	89	1	19046008001	14
2906	19047	11	114	85	1	19047711000	13
2907	19052	32	111	89	0	19052696000	13
2908	19053	30	109	89	0	19053321000	13
2909	19053	31	110	89	0	19053051001	13
2910	19053	33	112	89	0	19053000000	13
2911	19053	34	113	89	1	19053150001	13
2912	19053	35	114	89	0	19053388000	13
2913	19054	24	109	88	0	19054987000	12
2914	19054	26	111	88	1	19054689001	13
2915	19054	27	112	88	0	19054492001	13
2916	19054	28	113	88	0	19054404000	13
2917	19055	25	110	88	0	19055428000	12
2918	19055	29	114	88	0	19055350000	12
2919	19055	30	109	89	0	19055894001	12
2920	19055	31	110	89	0	19055818001	12
2921	19055	32	111	89	0	19055690000	12
2922	19055	33	112	89	0	19055769000	12
2923	19055	34	113	89	0	19055488000	12
2924	19055	35	114	89	0	19055905001	12
2925	19056	19	110	87	0	19056948000	12
2926	19056	21	112	87	0	19056965000	12
2927	19056	27	112	88	0	19056267000	12
2928	19056	28	113	88	0	19056350001	12
2929	19057	18	109	87	0	19057027000	12
2930	19057	20	111	87	0	19057136000	12
2931	19057	22	113	87	0	19057065001	12
2932	19057	23	114	87	0	19057084001	12
2933	19057	24	109	88	0	19057076001	12
2934	19057	25	110	88	0	19057877000	12
2935	19057	26	111	88	0	19057019000	12
2936	19058	12	109	86	0	19058699000	12
2937	19058	13	110	86	0	19058717001	12
2938	19058	14	111	86	0	19058609000	12
2939	19058	15	112	86	0	19058582001	12
2940	19058	16	113	86	0	19058814000	12
2941	19058	29	114	88	0	19058361000	12
2942	19058	30	109	89	1	19058114001	12
2943	19058	31	110	89	1	19058763000	12
2944	19059	17	114	86	0	19059119001	12
2945	19059	19	110	87	0	19059630000	12
2946	19059	20	111	87	0	19059993000	12
2947	19059	21	112	87	0	19059059000	12
2948	19059	22	113	87	0	19059837001	12
2949	19059	23	114	87	0	19059807000	12
2950	19059	24	109	88	1	19059563000	12
2951	19060	6	109	85	0	19060426000	12
2952	19060	7	110	85	0	19060384000	12
2953	19060	8	111	85	0	19060298001	12
2954	19060	9	112	85	0	19060047000	12
2955	19060	10	113	85	0	19060182000	12
2956	19060	11	114	85	0	19060096001	12
2957	19060	15	112	86	0	19060644001	12
2958	19060	16	113	86	0	19060942000	12
2959	19060	25	110	88	1	19060630001	12
2960	19060	26	111	88	1	19060913000	12
2961	19060	31	110	89	1	19060756000	12
2962	19060	32	111	89	1	19060049000	12
2963	19060	33	112	89	1	19060305000	12
2964	19061	0	109	84	0	19061958000	12
2965	19061	1	110	84	0	19061797000	12
2966	19061	2	111	84	0	19061688001	12
2967	19061	3	112	84	0	19061634000	12
2968	19061	4	113	84	0	19061788000	12
2969	19061	5	114	84	0	19061552000	12
2970	19061	9	112	85	0	19061990001	12
2971	19061	11	114	85	0	19061990001	12
2972	19061	12	109	86	0	19061072001	12
2973	19061	13	110	86	0	19061088000	12
2974	19061	14	111	86	0	19061353000	12
2975	19061	18	109	87	1	19061543000	12
2976	19061	27	112	88	1	19061710000	12
2977	19061	30	109	89	1	19061533000	12
2978	19061	34	113	89	1	19061635001	12
2979	19061	35	114	89	1	19061953001	12
2980	19062	8	111	85	0	19062779000	11
2981	19062	10	113	85	0	19062946001	11
2982	19062	17	114	86	0	19062679001	11
2983	19062	19	110	87	1	19062115000	11
2984	19062	20	111	87	1	19062671001	11
2985	19062	21	112	87	1	19062997001	11
2986	19062	26	111	88	1	19062555001	11
2987	19062	28	113	88	1	19062716001	11
2988	19062	33	112	89	1	19062256000	11
2989	19063	1	110	84	0	19063968001	11
2990	19063	2	111	84	0	19063751001	11
2991	19063	3	112	84	0	19063809000	11
2992	19063	4	113	84	0	19063731000	11
2993	19063	5	114	84	0	19063797001	11
2994	19063	6	109	85	1	19063717000	11
2995	19063	12	109	86	1	19063083000	11
2996	19063	13	110	86	1	19063265001	11
2997	19063	14	111	86	1	19063696000	11
2998	19063	22	113	87	1	19063884001	11
2999	19063	27	112	88	1	19063305000	11
3000	19063	29	114	88	1	19063484001	11
3001	19063	35	114	89	1	19063721001	11
3002	19064	7	110	85	1	19064562001	11
3003	19064	8	111	85	1	19064862000	11
3004	19064	15	112	86	1	19064296000	11
3005	19064	21	112	87	1	19064796001	11
3006	19064	23	114	87	1	19064803000	11
3007	19064	28	113	88	1	19064777000	11
3008	19065	0	109	84	1	19065246001	11
3009	19065	9	112	85	1	19065812001	11
3010	19065	16	113	86	1	19065319001	11
3011	19066	1	110	84	1	19066020001	11
3012	19066	2	111	84	1	19066258000	11
3013	19066	3	112	84	1	19066879000	11
3014	19066	8	111	85	1	19066480000	11
3015	19066	10	113	85	1	19066168000	11
3016	19066	15	112	86	1	19066408001	11
3017	19066	17	114	86	1	19066134000	11
3018	19066	22	113	87	1	19066282001	11
3019	19066	29	114	88	1	19066011001	11
3020	19067	4	113	84	1	19067377001	11
3021	19067	11	114	85	1	19067170000	11
3022	19067	14	111	86	1	19067080000	11
3023	19068	5	114	84	1	19068098000	10
3024	19068	10	113	85	1	19068478000	10
3025	19069	4	113	84	1	19069236001	10
3026	19069	17	114	86	1	19069214001	10
3027	19070	2	111	84	1	19070190001	10
3028	19070	5	114	84	1	19070967001	10
3029	19070	9	112	85	1	19070500001	10
3030	19070	11	114	85	1	19070382001	10
3031	19072	23	114	87	1	19072339000	10
3032	19179	30	109	89	0	19179069000	6
3033	19181	30	109	89	0	19181779000	6
3034	19182	31	110	89	0	19182491000	6
3035	19184	24	109	88	0	19184152000	6
3036	19185	30	109	89	0	19185136000	6
3037	19185	31	110	89	0	19185383001	6
3038	19186	24	109	88	0	19186527000	6
3039	19187	18	109	87	0	19187872000	6
3040	19188	24	109	88	0	19188956000	6
3041	19188	31	110	89	0	19188273001	6
3042	19188	32	111	89	0	19188950000	6
3043	19189	25	110	88	0	19189105000	6
3044	19189	30	109	89	0	19189353000	6
3045	19190	12	109	86	0	19190978001	6
3046	19191	18	109	87	0	19191040001	6
3047	19191	24	109	88	0	19191939000	6
3048	19192	19	110	87	0	19192266001	6
3049	19192	26	111	88	0	19192417000	6
3050	19192	31	110	89	0	19192433001	6
3051	19192	32	111	89	0	19192668000	6
3052	19192	33	112	89	0	19192424001	6
3053	19193	12	109	86	0	19193920000	6
3054	19193	25	110	88	0	19193006000	6
3055	19194	26	111	88	0	19194902000	7
3056	19195	18	109	87	0	19195608000	7
3057	19195	19	110	87	0	19195377001	7
3058	19195	27	112	88	0	19195979001	7
3059	19195	33	112	89	0	19195923001	7
3060	19196	12	109	86	0	19196822000	7
3061	19196	32	111	89	0	19196940000	7
3062	19197	6	109	85	0	19197233000	7
3063	19197	13	110	86	0	19197865000	7
3064	19197	25	110	88	0	19197964000	7
3065	19197	26	111	88	0	19197906001	7
3066	19198	20	111	87	0	19198496000	7
3067	19198	27	112	88	0	19198905001	7
3068	19199	12	109	86	0	19199843001	7
3069	19199	19	110	87	0	19199661000	7
3070	19199	33	112	89	0	19199928000	7
3071	19199	34	113	89	0	19199155000	7
3072	19200	0	109	84	0	19200887001	7
3073	19200	6	109	85	0	19200262001	7
3074	19200	13	110	86	0	19200674000	7
3075	19200	18	109	87	0	19200852000	7
3076	19200	24	109	88	0	19200664001	7
3077	19201	7	110	85	0	19201011001	7
3078	19201	14	111	86	0	19201507000	7
3079	19201	20	111	87	0	19201190000	7
3080	19201	21	112	87	0	19201101001	7
3081	19201	26	111	88	0	19201463000	7
3082	19201	27	112	88	0	19201234000	7
3083	19201	34	113	89	0	19201643000	7
3084	19202	28	113	88	0	19202763000	7
3085	19202	35	114	89	1	19202339001	7
3086	19203	7	110	85	0	19203502000	7
3087	19203	12	109	86	0	19203412000	7
3088	19203	13	110	86	0	19203770000	7
3089	19203	21	112	87	0	19203596000	7
3090	19204	0	109	84	0	19204109001	7
3091	19204	14	111	86	0	19204382001	7
3092	19204	19	110	87	0	19204027001	7
3093	19204	27	112	88	0	19204043000	7
3094	19204	34	113	89	0	19204445000	7
3095	19204	35	114	89	0	19204894001	7
3096	19205	1	110	84	0	19205874001	7
3097	19205	6	109	85	0	19205543000	7
3098	19205	15	112	86	0	19205019000	7
3099	19205	20	111	87	0	19205172000	7
3100	19205	22	113	87	0	19205493000	7
3101	19205	28	113	88	0	19205680001	7
3102	19205	33	112	89	0	19205511001	7
3103	19206	7	110	85	0	19206881001	7
3104	19206	8	111	85	0	19206355001	7
3105	19206	13	110	86	0	19206607000	7
3106	19206	21	112	87	0	19206278000	7
3107	19206	29	114	88	0	19206137000	7
3108	19207	0	109	84	0	19207555000	7
3109	19207	14	111	86	0	19207621001	7
3110	19207	26	111	88	0	19207508000	7
3111	19207	27	112	88	0	19207247001	7
3112	19207	34	113	89	0	19207479000	7
3113	19207	35	114	89	0	19207299000	7
3114	19208	1	110	84	0	19208519001	7
3115	19208	15	112	86	0	19208324000	7
3116	19209	8	111	85	0	19209621000	7
3117	19209	22	113	87	0	19209138001	7
3118	19209	28	113	88	0	19209035000	7
3119	19209	29	114	88	0	19209285001	7
3120	19210	2	111	84	0	19210498001	7
3121	19210	7	110	85	0	19210411001	7
3122	19210	9	112	85	0	19210372000	7
3123	19210	13	110	86	0	19210827001	7
3124	19210	15	112	86	0	19210900001	7
3125	19210	20	111	87	0	19210223000	7
3126	19210	21	112	87	0	19210688000	7
3127	19210	35	114	89	0	19210134001	7
3128	19211	0	109	84	0	19211115000	7
3129	19211	22	113	87	0	19211965000	8
3130	19211	23	114	87	0	19211641000	7
3131	19211	29	114	88	0	19211912000	8
3132	19212	1	110	84	0	19212002000	8
3133	19212	14	111	86	0	19212138001	8
3134	19212	28	113	88	0	19212488001	8
3135	19213	2	111	84	0	19213287001	8
3136	19213	8	111	85	0	19213826000	8
3137	19213	9	112	85	0	19213464001	8
3138	19213	16	113	86	0	19213520001	8
3139	19214	15	112	86	0	19214201001	8
3140	19214	23	114	87	0	19214691001	8
3141	19215	1	110	84	0	19215093001	8
3142	19215	2	111	84	0	19215885000	8
3143	19215	22	113	87	0	19215691000	8
3144	19215	29	114	88	0	19215562000	8
3145	19215	35	114	89	0	19215115000	8
3146	19216	9	112	85	0	19216516000	8
3147	19216	16	113	86	0	19216403000	8
3148	19217	3	112	84	0	19217147000	8
3149	19217	10	113	85	0	19217279000	8
3150	19217	17	114	86	0	19217190001	8
3151	19218	15	112	86	0	19218201001	8
3152	19218	23	114	87	0	19218144001	8
3153	19219	2	111	84	0	19219287001	8
3154	19219	3	112	84	0	19219791001	8
3155	19219	8	111	85	0	19219775000	8
3156	19219	16	113	86	0	19219215000	8
3157	19219	29	114	88	0	19219282000	8
3158	19220	10	113	85	0	19220764001	8
3159	19220	17	114	86	0	19220677001	8
3160	19221	9	112	85	0	19221320000	8
3161	19221	11	114	85	0	19221852000	8
3162	19221	23	114	87	0	19221368000	8
3163	19221	33	112	89	1	19221842001	8
3164	19221	34	113	89	1	19221797001	8
3165	19221	35	114	89	1	19221081000	8
3166	19222	2	111	84	0	19222102000	8
3167	19222	3	112	84	0	19222583000	8
3168	19222	4	113	84	0	19222560001	8
3169	19222	16	113	86	0	19222506001	8
3170	19222	31	110	89	1	19222676000	8
3171	19222	32	111	89	1	19222913000	8
3172	19223	29	114	88	1	19223747001	8
3173	19223	30	109	89	1	19223885001	8
3174	19223	35	114	89	1	19223490000	8
3175	19224	10	113	85	0	19224697000	9
3176	19224	17	114	86	0	19224108001	8
3177	19224	26	111	88	1	19224642001	9
3178	19224	27	112	88	1	19224350001	8
3179	19224	28	113	88	1	19224475000	9
3180	19224	33	112	89	1	19224399000	9
3181	19224	34	113	89	1	19224175001	8
3182	19225	4	113	84	0	19225917001	9
3183	19225	11	114	85	0	19225634000	9
3184	19225	24	109	88	1	19225811000	9
3185	19225	25	110	88	1	19225449000	9
3186	19225	31	110	89	1	19225088000	9
3187	19225	32	111	89	1	19225391001	9
3188	19226	3	112	84	0	19226295001	9
3189	19226	23	114	87	1	19226652001	9
3190	19226	27	112	88	1	19226625000	9
3191	19226	28	113	88	1	19226652001	9
3192	19226	29	114	88	1	19226188001	9
3193	19226	30	109	89	1	19226154001	9
3194	19227	19	110	87	1	19227276001	9
3195	19227	20	111	87	1	19227616000	9
3196	19227	21	112	87	1	19227012001	9
3197	19227	22	113	87	1	19227213000	9
3198	19227	25	110	88	1	19227936000	9
3199	19227	26	111	88	1	19227265001	9
3200	19228	5	114	84	0	19228079001	9
3201	19228	10	113	85	0	19228915001	9
3202	19228	11	114	85	0	19228656001	9
3203	19228	15	112	86	1	19228890000	9
3204	19228	18	109	87	1	19228263000	9
3205	19228	23	114	87	1	19228844001	9
3206	19228	24	109	88	1	19228427001	9
3207	19229	3	112	84	0	19229294001	9
3208	19229	4	113	84	0	19229019001	9
3209	19229	14	111	86	1	19229968000	9
3210	19229	16	113	86	1	19229230001	9
3211	19229	19	110	87	1	19229987001	9
3212	19229	20	111	87	1	19229790001	9
3213	19229	21	112	87	1	19229340001	9
3214	19229	22	113	87	1	19229423000	9
3215	19230	12	109	86	1	19230481000	9
3216	19230	13	110	86	1	19230130001	9
3217	19230	17	114	86	1	19230502001	9
3218	19230	18	109	87	1	19230648001	9
3219	19230	27	112	88	1	19230868001	9
3220	19231	8	111	85	1	19231523001	9
3221	19231	15	112	86	1	19231397001	9
3222	19231	16	113	86	1	19231607001	9
3223	19232	5	114	84	0	19232161000	9
3224	19232	6	109	85	1	19232939001	9
3225	19232	7	110	85	1	19232637000	9
3226	19232	9	112	85	1	19232529000	9
3227	19232	10	113	85	1	19232308001	9
3228	19232	13	110	86	1	19232242000	9
3229	19232	14	111	86	1	19232178000	9
3230	19233	8	111	85	1	19233805001	9
3231	19233	11	114	85	1	19233431001	9
3232	19233	12	109	86	1	19233129000	9
3233	19234	2	111	84	1	19234950000	9
3234	19234	3	112	84	1	19234247001	9
3235	19234	7	110	85	1	19234857000	9
3236	19234	9	112	85	1	19234646000	9
3237	19234	10	113	85	1	19234456001	9
3238	19234	17	114	86	1	19234122000	9
3239	19235	0	109	84	1	19235559001	9
3240	19235	1	110	84	1	19235360000	9
3241	19235	6	109	85	1	19235395000	9
3242	19235	8	111	85	1	19235552000	9
3243	19235	15	112	86	1	19235659000	9
3244	19236	3	112	84	1	19236876001	9
3245	19236	4	113	84	1	19236155001	9
3246	19236	5	114	84	1	19236712000	9
3247	19237	1	110	84	1	19237732001	9
3248	19237	2	111	84	1	19237201000	9
3249	19238	0	109	84	1	19238178000	9
3250	19239	13	110	86	1	19239629001	9
3251	19259	15	112	86	0	19259892001	11
3252	19260	13	110	86	0	19260939001	11
3253	19485	3	112	84	0	19485603000	11
3254	19485	4	113	84	0	19485864000	11
3255	19485	5	114	84	0	19485632001	11
3256	19487	11	114	85	0	19487321001	11
3257	19489	15	112	86	0	19489415001	11
3258	19489	16	113	86	0	19489204001	11
3259	19489	17	114	86	0	19489313001	11
3260	19490	13	110	86	0	19490172001	11
3261	19490	23	114	87	0	19490786000	11
3262	19491	21	112	87	0	19491175000	11
3263	19491	22	113	87	0	19491215000	11
3264	19492	27	112	88	0	19492891000	11
3265	19492	29	114	88	0	19492272000	11
3266	19493	26	111	88	0	19493467001	11
3267	19494	24	109	88	0	19494027001	11
3268	19494	35	114	89	0	19494648000	11
3269	19508	5	114	84	0	19508563001	10
3270	19510	4	113	84	0	19510830000	11
3271	19511	3	112	84	0	19511949001	11
3272	19511	5	114	84	0	19511709001	11
3273	19511	11	114	85	0	19511165000	11
3274	19513	4	113	84	0	19513667000	11
3275	19513	10	113	85	0	19513183000	11
3276	19513	11	114	85	0	19513606001	11
3277	19514	0	109	84	0	19514641000	11
3278	19514	2	111	84	0	19514177001	11
3279	19514	3	112	84	0	19514082001	11
3280	19514	17	114	86	0	19514044000	11
3281	19515	1	110	84	0	19515374001	11
3282	19515	9	112	85	0	19515236001	11
3283	19515	10	113	85	0	19515644001	11
3284	19516	2	111	84	0	19516166000	11
3285	19516	5	114	84	0	19516982000	11
3286	19516	6	109	85	0	19516633000	11
3287	19516	11	114	85	0	19516724001	11
3288	19516	16	113	86	0	19516035001	11
3289	19517	0	109	84	0	19517827000	11
3290	19517	1	110	84	0	19517872000	11
3291	19517	3	112	84	0	19517178001	11
3292	19517	7	110	85	0	19517514000	11
3293	19517	8	111	85	0	19517675000	11
3294	19517	9	112	85	0	19517489000	11
3295	19517	15	112	86	0	19517780001	11
3296	19517	17	114	86	0	19517017001	11
3297	19517	23	114	87	0	19517100000	11
3298	19518	2	111	84	0	19518562001	11
3299	19518	4	113	84	0	19518380001	11
3300	19518	12	109	86	0	19518085000	11
3301	19518	16	113	86	0	19518444001	11
3302	19518	22	113	87	0	19518809000	11
3303	19519	3	112	84	0	19519921001	11
3304	19519	6	109	85	0	19519321000	11
3305	19519	13	110	86	0	19519338000	11
3306	19519	15	112	86	0	19519992001	11
3307	19519	23	114	87	0	19519440001	11
3308	19519	29	114	88	0	19519886000	11
3309	19520	7	110	85	0	19520447000	11
3310	19520	8	111	85	0	19520068001	11
3311	19520	9	112	85	0	19520385000	11
3312	19520	10	113	85	0	19520336001	11
3313	19520	12	109	86	0	19520264000	11
3314	19520	14	111	86	0	19520164001	11
3315	19520	17	114	86	0	19520773000	11
3316	19520	18	109	87	0	19520518001	11
3317	19520	22	113	87	0	19520999001	11
3318	19521	19	110	87	0	19521501001	11
3319	19521	21	112	87	0	19521346001	11
3320	19521	28	113	88	0	19521985001	11
3321	19522	8	111	85	0	19522677001	11
3322	19522	13	110	86	0	19522300001	11
3323	19522	14	111	86	0	19522540000	11
3324	19522	16	113	86	0	19522067000	11
3325	19522	20	111	87	0	19522469001	11
3326	19522	23	114	87	0	19522320001	11
3327	19522	24	109	88	0	19522013001	11
3328	19522	29	114	88	0	19522233000	11
3329	19522	35	114	89	0	19522816000	11
3330	19523	12	109	86	0	19523632000	11
3331	19523	15	112	86	0	19523516001	11
3332	19523	18	109	87	0	19523299001	11
3333	19523	21	112	87	0	19523552001	11
3334	19523	25	110	88	0	19523659001	11
3335	19524	19	110	87	0	19524636001	11
3336	19524	22	113	87	0	19524301001	11
3337	19524	24	109	88	0	19524289001	11
3338	19524	26	111	88	0	19524417000	11
3339	19524	27	112	88	0	19524631000	11
3340	19524	28	113	88	0	19524365001	11
3341	19524	30	109	89	0	19524471000	11
3342	19525	2	111	84	0	19525258001	11
3343	19525	13	110	86	0	19525747001	11
3344	19525	20	111	87	0	19525037000	11
3345	19525	29	114	88	0	19525543000	11
3346	19525	31	110	89	0	19525614000	11
3347	19525	34	113	89	0	19525461000	11
3348	19525	35	114	89	0	19525192000	11
3349	19526	21	112	87	0	19526879001	11
3350	19526	24	109	88	0	19526483000	11
3351	19526	25	110	88	0	19526826000	11
3352	19526	26	111	88	0	19526619001	11
3353	19526	27	112	88	0	19526453001	11
3354	19526	30	109	89	0	19526946001	11
3355	19526	32	111	89	0	19526782000	11
3356	19527	28	113	88	0	19527542000	11
3357	19527	33	112	89	0	19527767000	11
3358	19527	34	113	89	0	19527985001	11
3359	19528	31	110	89	0	19528283001	11
3360	19528	35	114	89	0	19528369000	11
3361	19529	27	112	88	0	19529203001	11
3362	19530	26	111	88	0	19530349001	11
3363	19530	32	111	89	0	19530116000	11
3364	19530	33	112	89	0	19530328000	11
3365	19530	34	113	89	0	19530587000	11
3366	19531	29	114	88	0	19531146000	11
3367	19534	35	114	89	0	19534253000	11
3368	19535	33	112	89	0	19535623001	11
3369	19539	35	114	89	0	19539431001	11
3370	19540	34	113	89	0	19540560000	11
3371	19544	0	109	84	1	19544022000	11
3372	19544	1	110	84	1	19544422000	11
3373	19545	2	111	84	1	19545032000	11
3374	19546	0	109	84	1	19546589000	11
3375	19546	1	110	84	1	19546589000	11
3376	19546	3	112	84	1	19546913001	11
3377	19547	2	111	84	1	19547683000	11
3378	19547	7	110	85	1	19547717000	11
3379	19548	6	109	85	1	19548486000	11
3380	19548	8	111	85	1	19548126001	11
3381	19548	27	112	88	0	19548016000	11
3382	19549	7	110	85	1	19549789000	11
3383	19549	9	112	85	1	19549595001	11
3384	19550	3	112	84	1	19550442001	11
3385	19550	4	113	84	1	19550698000	11
3386	19550	8	111	85	1	19550207001	11
3387	19551	6	109	85	1	19551494000	11
3388	19551	13	110	86	1	19551868000	11
3389	19552	10	113	85	1	19552181000	11
3390	19552	12	109	86	1	19552030001	11
3391	19552	14	111	86	1	19552957000	11
3392	19553	4	113	84	1	19553490001	11
3393	19553	5	114	84	1	19553848001	11
3394	19553	9	112	85	1	19553629001	11
3395	19553	15	112	86	1	19553388000	11
3396	19554	8	111	85	1	19554926001	11
3397	19554	10	113	85	1	19554546001	11
3398	19554	12	109	86	1	19554672001	11
3399	19554	13	110	86	1	19554401000	11
3400	19554	16	113	86	1	19554393000	11
3401	19555	11	114	85	1	19555329001	11
3402	19556	5	114	84	1	19556386001	11
3403	19556	14	111	86	1	19556036000	11
3404	19556	15	112	86	1	19556331000	11
3405	19556	17	114	86	1	19556952001	11
3406	19556	19	110	87	1	19556628001	11
3407	19557	11	114	85	1	19557701001	11
3408	19557	18	109	87	1	19557339000	11
3409	19557	20	111	87	1	19557401000	11
3410	19557	21	112	87	1	19557201000	11
3411	19558	16	113	86	1	19558185001	11
3412	19558	22	113	87	1	19558107000	11
3413	19559	7	110	85	1	19559858000	11
3414	19559	17	114	86	1	19559317000	11
3415	19559	19	110	87	1	19559458000	11
3416	19559	21	112	87	1	19559458000	11
3417	19559	23	114	87	1	19559229001	11
3418	19560	18	109	87	1	19560328000	11
3419	19560	20	111	87	1	19560095000	11
3420	19561	22	113	87	1	19561019001	11
3421	19561	23	114	87	1	19561915000	11
3422	19561	24	109	88	1	19561983000	11
3423	19561	25	110	88	1	19561726000	11
3424	19562	26	111	88	1	19562160000	11
3425	19563	27	112	88	1	19563188001	11
3426	19563	28	113	88	1	19563733000	11
3427	19563	29	114	88	1	19563341001	11
3428	19564	25	110	88	1	19564328001	11
3429	19564	26	111	88	1	19564609000	11
3430	19565	21	112	87	1	19565282001	11
3431	19565	24	109	88	1	19565002000	11
3432	19565	27	112	88	1	19565281000	11
3433	19566	28	113	88	1	19566544001	11
3434	19566	29	114	88	1	19566515001	11
3435	19567	30	109	89	1	19567839000	11
3436	19567	31	110	89	1	19567438001	11
3437	19568	26	111	88	1	19568879001	11
3438	19568	32	111	89	1	19568451001	11
3439	19568	33	112	89	1	19568301000	11
3440	19568	35	114	89	1	19568181001	11
3441	19569	34	113	89	1	19569324001	11
3442	19570	31	110	89	1	19570200000	11
3443	19571	25	110	88	1	19571856000	11
3444	19571	27	112	88	1	19571678000	11
3445	19571	30	109	89	1	19571056000	11
3446	19571	33	112	89	1	19571633000	11
3447	19572	19	110	87	1	19572869000	11
3448	19572	32	111	89	1	19572315001	11
3449	19572	34	113	89	1	19572214001	11
3450	19572	35	114	89	1	19572031001	11
3451	19573	31	110	89	1	19573363001	11
3452	19575	35	114	89	1	19575317000	11
3453	19576	34	113	89	1	19576751001	11
3454	19577	33	112	89	1	19577920000	11
3455	19580	29	114	88	1	19580260001	11
3456	19607	13	110	86	1	19607471001	12
3457	19800	29	114	88	1	19800752001	11
3458	19800	35	114	89	0	19800679001	11
3459	19801	23	114	87	0	19801835000	11
3460	19802	11	114	85	0	19802405000	11
3461	19802	17	114	86	0	19802136000	11
3462	19802	29	114	88	0	19802606000	11
3463	19802	35	114	89	0	19802771000	11
3464	19803	5	114	84	0	19803179000	11
3465	19803	22	113	87	0	19803977001	11
3466	19803	28	113	88	0	19803918001	11
3467	19803	34	113	89	0	19803089000	11
3468	19804	4	113	84	0	19804931001	11
3469	19804	11	114	85	0	19804584000	11
3470	19804	16	113	86	0	19804085001	11
3471	19804	17	114	86	0	19804619001	11
3472	19804	23	114	87	0	19804364000	11
3473	19804	29	114	88	0	19804583001	11
3474	19805	5	114	84	0	19805957000	11
3475	19805	10	113	85	0	19805124000	11
3476	19805	21	112	87	0	19805892000	11
3477	19805	27	112	88	0	19805620000	11
3478	19805	33	112	89	0	19805591000	11
3479	19805	34	113	89	0	19805398001	11
3480	19806	4	113	84	0	19806937000	11
3481	19806	15	112	86	0	19806996000	11
3482	19806	16	113	86	0	19806003000	11
3483	19806	22	113	87	0	19806203001	11
3484	19806	28	113	88	0	19806066001	11
3485	19806	35	114	89	0	19806162001	11
3486	19807	3	112	84	0	19807380001	11
3487	19807	9	112	85	1	19807476001	11
3488	19807	21	112	87	0	19807754001	11
3489	19807	26	111	88	0	19807976001	11
3490	19807	27	112	88	0	19807339000	11
3491	19807	32	111	89	0	19807792000	11
3492	19808	10	113	85	0	19808174001	11
3493	19808	14	111	86	0	19808933001	11
3494	19808	16	113	86	0	19808436001	11
3495	19808	20	111	87	0	19808959001	11
3496	19808	33	112	89	0	19808207001	11
3497	19809	2	111	84	0	19809722001	11
3498	19809	3	112	84	0	19809376001	11
3499	19809	4	113	84	0	19809552001	11
3500	19809	8	111	85	0	19809654001	11
3501	19809	9	112	85	0	19809395001	11
3502	19809	15	112	86	0	19809003000	11
3503	19809	26	111	88	0	19809792001	11
3504	19810	14	111	86	0	19810786000	10
3505	19810	19	110	87	0	19810923001	10
3506	19810	21	112	87	0	19810272000	10
3507	19810	25	110	88	0	19810501001	10
3508	19810	27	112	88	0	19810094000	10
3509	19810	31	110	89	0	19810500000	10
3510	19810	32	111	89	0	19810590000	10
3511	19811	2	111	84	0	19811818001	10
3512	19811	7	110	85	0	19811634000	10
3513	19811	13	110	86	0	19811252001	10
3514	19811	15	112	86	0	19811827001	10
3515	19811	20	111	87	0	19811189000	10
3516	19812	1	110	84	0	19812368000	10
3517	19812	8	111	85	0	19812218001	10
3518	19812	24	109	88	0	19812846001	10
3519	19812	25	110	88	0	19812895000	10
3520	19812	30	109	89	0	19812751000	10
3521	19812	31	110	89	0	19812973000	10
3522	19813	7	110	85	0	19813781000	10
3523	19813	12	109	86	0	19813761000	10
3524	19813	13	110	86	0	19813328000	10
3525	19813	14	111	86	0	19813908000	10
3526	19813	18	109	87	0	19813542000	10
3527	19813	19	110	87	0	19813337000	10
3528	19814	0	109	84	0	19814859000	10
3529	19814	1	110	84	0	19814382001	10
3530	19814	3	112	84	0	19814187000	10
3531	19814	6	109	85	0	19814398000	10
3532	19814	9	112	85	0	19814377001	10
3533	19814	24	109	88	0	19814977000	10
3534	19814	30	109	89	0	19814850000	10
3535	19815	2	111	84	0	19815784001	10
3536	19815	12	109	86	0	19815991001	10
3537	19816	18	109	87	0	19816192001	10
3538	19817	0	109	84	0	19817537001	10
3539	19817	1	110	84	0	19817179001	10
3540	19817	6	109	85	0	19817259000	10
3541	19818	7	110	85	0	19818304000	10
3542	19818	13	110	86	0	19818182000	10
3543	19822	24	109	88	0	19822699000	10
3544	19822	26	111	88	0	19822343001	10
3545	19832	35	114	89	1	19832942001	9
3546	19833	15	112	86	0	19833513001	9
3547	19833	34	113	89	1	19833999000	9
3548	19834	33	112	89	1	19834682001	9
3549	19835	29	114	88	1	19835980000	9
3550	19835	31	110	89	1	19835697001	9
3551	19835	32	111	89	1	19835654000	9
3552	19835	35	114	89	1	19835980000	9
3553	19836	28	113	88	1	19836739001	9
3554	19836	30	109	89	1	19836095000	9
3555	19836	34	113	89	1	19836556001	9
3556	19837	26	111	88	1	19837449000	9
3557	19837	27	112	88	1	19837521001	9
3558	19837	33	112	89	1	19837560001	9
3559	19838	23	114	87	1	19838875001	9
3560	19838	30	109	89	1	19838862000	9
3561	19838	31	110	89	1	19838498001	9
3562	19838	32	111	89	1	19838645000	9
3563	19839	21	112	87	1	19839615001	9
3564	19839	24	109	88	1	19839266001	9
3565	19839	25	110	88	1	19839032001	9
3566	19839	28	113	88	1	19839447000	9
3567	19839	29	114	88	1	19839082000	9
3568	19840	22	113	87	1	19840114000	9
3569	19840	26	111	88	1	19840264000	9
3570	19840	27	112	88	1	19840479001	9
3571	19840	35	114	89	1	19840707001	9
3572	19841	19	110	87	1	19841960000	9
3573	19841	20	111	87	1	19841120001	9
3574	19841	28	113	88	1	19841781000	9
3575	19841	30	109	89	1	19841784000	9
3576	19842	15	112	86	1	19842861000	9
3577	19842	16	113	86	1	19842974000	9
3578	19842	21	112	87	1	19842683001	9
3579	19842	23	114	87	1	19842190001	9
3580	19842	24	109	88	1	19842628000	9
3581	19842	25	110	88	1	19842074001	9
3582	19842	26	111	88	1	19842433000	9
3583	19842	29	114	88	1	19842038001	9
3584	19843	17	114	86	1	19843191000	9
3585	19843	18	109	87	1	19843178001	9
3586	19843	22	113	87	1	19843561001	9
3587	19843	27	112	88	1	19843182000	9
3588	19843	31	110	89	1	19843810000	9
3589	19843	34	113	89	1	19843999001	9
3590	19844	13	110	86	1	19844968001	9
3591	19844	14	111	86	1	19844597000	9
3592	19844	20	111	87	1	19844665000	9
3593	19844	21	112	87	1	19844939001	9
3594	19845	19	110	87	1	19845418001	9
3595	19845	23	114	87	1	19845032001	9
3596	19845	33	112	89	1	19845396001	9
3597	19846	10	113	85	1	19846739000	9
3598	19846	11	114	85	1	19846430000	9
3599	19846	12	109	86	1	19846487001	9
3600	19846	15	112	86	1	19846974001	9
3601	19846	16	113	86	1	19846494000	9
3602	19846	17	114	86	1	19846263001	9
3603	19846	18	109	87	1	19846262001	9
3604	19847	7	110	85	1	19847811000	9
3605	19847	9	112	85	1	19847530000	9
3606	19848	8	111	85	1	19848168001	9
3607	19848	13	110	86	1	19848077001	9
3608	19848	14	111	86	1	19848484000	9
3609	19849	6	109	85	1	19849387000	9
3610	19849	15	112	86	1	19849630000	9
3611	19849	16	113	86	1	19849405000	9
3612	19849	17	114	86	1	19849908000	9
3613	19849	20	111	87	1	19849631001	9
3614	19850	3	112	84	1	19850700001	9
3615	19850	4	113	84	1	19850242001	9
3616	19850	5	114	84	1	19850096001	9
3617	19850	10	113	85	1	19850398000	9
3618	19850	11	114	85	1	19850000001	9
3619	19850	12	109	86	1	19850065001	9
3620	19850	13	110	86	1	19850456001	9
3621	19850	22	113	87	1	19850398000	9
3622	19851	2	111	84	1	19851262000	9
3623	19851	7	110	85	1	19851000000	9
3624	19851	8	111	85	1	19851335000	9
3625	19851	9	112	85	1	19851355000	9
3626	19852	1	110	84	1	19852212001	9
3627	19852	6	109	85	1	19852207000	9
3628	19852	19	110	87	1	19852761001	9
3629	19852	25	110	88	1	19852695000	9
3630	19853	0	109	84	1	19853148000	9
3631	19853	4	113	84	1	19853720001	9
3632	19853	5	114	84	1	19853828000	9
3633	19853	7	110	85	1	19853228001	9
3634	19853	8	111	85	1	19853340001	9
3635	19853	10	113	85	1	19853455001	9
3636	19853	11	114	85	1	19853440000	9
3637	19854	3	112	84	1	19854830000	9
3638	19854	6	109	85	1	19854800000	9
3639	19854	9	112	85	1	19854730001	9
3640	19854	14	111	86	1	19854037000	9
3641	19855	1	110	84	1	19855435000	9
3642	19855	2	111	84	1	19855581001	9
3643	19856	4	113	84	1	19856501001	9
3644	19856	5	114	84	1	19856374001	9
3645	19857	0	109	84	1	19857229001	9
3646	19857	1	110	84	1	19857780000	10
3647	19857	3	112	84	1	19857727000	10
3648	19858	2	111	84	1	19858575001	10
3649	19860	0	109	84	1	19860941000	10
3650	19861	7	110	85	1	19861543000	10
3651	19864	1	110	84	1	19864566001	10
3652	19901	24	109	88	1	19901561001	13
3653	19913	24	109	88	0	19913035001	14
3654	20123	19	110	87	0	20123958001	12
3655	20126	24	109	88	0	20126852000	11
3656	20126	25	110	88	0	20126760000	11
3657	20130	30	109	89	0	20130730000	11
3658	20130	31	110	89	0	20130476001	11
3659	20130	32	111	89	0	20130619001	11
3660	20130	33	112	89	0	20130784000	11
3661	20130	34	113	89	0	20130229000	11
3662	20131	35	114	89	0	20131026000	11
3663	20161	0	109	84	0	20161073001	9
3664	20163	1	110	84	0	20163420001	9
3665	20166	2	111	84	0	20166105001	9
3666	20167	1	110	84	1	20167968001	9
3667	20168	3	112	84	0	20168589000	8
3668	20171	2	111	84	1	20171420000	8
3669	20171	4	113	84	0	20171012000	8
3670	20173	3	112	84	1	20173213000	8
3671	20173	5	114	84	0	20173414001	8
3672	20174	4	113	84	1	20174585001	8
3673	20178	5	114	84	1	20178784000	8
3674	20223	29	114	88	0	20223321000	10
3675	20240	3	112	84	0	20240862000	12
3676	20738	24	109	88	0	20738422000	11
3677	20749	34	113	89	0	20749172001	11
3678	20875	5	114	84	0	20875666001	14
3679	20880	11	114	85	0	20880874000	14
3680	20880	22	113	87	0	20880776000	14
3681	20882	23	114	87	0	20882096000	14
3682	20882	27	112	88	0	20882432001	14
3683	20886	29	114	88	0	20886717000	14
3684	21303	30	109	89	0	21303356001	15
3685	21303	31	110	89	0	21303084000	15
3686	21303	32	111	89	0	21303116001	15
3687	21304	24	109	88	0	21304147001	15
3688	21304	25	110	88	0	21304575000	15
3689	21305	18	109	87	0	21305806000	15
3690	21305	30	109	89	1	21305078001	15
3691	21305	31	110	89	1	21305075001	15
3692	21306	12	109	86	0	21306746000	15
3693	21306	24	109	88	1	21306006001	15
3694	21532	35	114	89	0	21532819001	18
3695	21538	34	113	89	0	21538274001	18
3696	21630	3	112	84	0	21630804000	13
3697	21631	4	113	84	0	21631292001	13
3698	21631	5	114	84	0	21631394000	13
3699	21632	10	113	85	0	21632814001	13
3700	21632	11	114	85	0	21632863001	13
3701	21633	4	113	84	1	21633502000	13
3702	21633	5	114	84	1	21633839001	13
3703	21634	17	114	86	0	21634585001	12
3704	21635	11	114	85	1	21635047000	12
3705	21805	15	112	86	0	21805739001	10
3706	21826	24	109	88	0	21826538000	9
3707	22226	3	112	84	0	22226630000	8
3708	22234	11	114	85	0	22234100000	8
3709	22243	15	112	86	0	22243882000	8
3710	22253	22	113	87	0	22253290000	9
3711	22253	23	114	87	0	22253201000	9
3712	22254	21	112	87	0	22254833000	9
3713	22261	29	114	88	0	22261271001	9
3714	22266	27	112	88	0	22266400000	9
3715	22266	28	113	88	0	22266150001	9
3716	22267	21	112	87	1	22267978000	9
3717	22277	24	109	88	0	22277750000	9
3718	22335	21	112	87	0	22335037000	8
3719	22355	12	109	86	0	22355149000	8
3720	22371	9	112	85	0	22371708000	7
3721	22373	11	114	85	0	22373008000	7
3722	22382	2	111	84	0	22382090000	8
3723	22679	3	112	84	0	22679533000	8
3724	23497	3	112	84	0	23497708001	20
3725	23942	11	114	85	0	23942824001	10
3726	23944	5	114	84	0	23944052000	10
3727	23944	16	113	86	0	23944728000	10
3728	23945	10	113	85	0	23945793001	10
3729	23945	11	114	85	0	23945676000	10
3730	23945	17	114	86	0	23945414000	10
3731	23946	5	114	84	0	23946751000	10
3732	23947	4	113	84	0	23947003001	10
3733	23947	15	112	86	0	23947695001	10
3734	23947	16	113	86	0	23947593000	10
3735	23947	21	112	87	0	23947014001	10
3736	23947	22	113	87	0	23947857000	10
3737	23948	10	113	85	0	23948516000	10
3738	23948	17	114	86	0	23948246000	10
3739	23949	4	113	84	0	23949245000	10
3740	23949	9	112	85	0	23949024001	10
3741	23949	15	112	86	0	23949789001	10
3742	23949	20	111	87	0	23949915000	10
3743	23949	21	112	87	0	23949536001	10
3744	23949	26	111	88	0	23949213001	10
3745	23950	3	112	84	0	23950358001	10
3746	23950	11	114	85	0	23950104001	10
3747	23950	14	111	86	0	23950816001	10
3748	23950	22	113	87	0	23950485001	10
3749	23950	27	112	88	0	23950107001	10
3750	23951	4	113	84	0	23951980000	10
3751	23951	9	112	85	0	23951018000	10
3752	23951	16	113	86	0	23951527000	10
3753	23951	20	111	87	0	23951973001	10
3754	23951	23	114	87	0	23951274000	10
3755	23951	26	111	88	0	23951426000	10
3756	23951	31	110	89	0	23951871000	10
3757	23952	3	112	84	0	23952449001	10
3758	23952	15	112	86	0	23952125001	10
3759	23952	17	114	86	0	23952085001	10
3760	23952	25	110	88	0	23952486001	10
3761	23952	27	112	88	0	23952442000	10
3762	23953	2	111	84	0	23953909001	10
3763	23953	8	111	85	0	23953050000	10
3764	23953	14	111	86	0	23953028001	10
3765	23953	19	110	87	0	23953241000	10
3766	23953	21	112	87	0	23953222001	10
3767	23953	28	113	88	0	23953998000	10
3768	23953	32	111	89	0	23953874000	10
3769	23954	9	112	85	0	23954650001	10
3770	23954	20	111	87	0	23954747000	10
3771	23954	23	114	87	0	23954191001	10
3772	23954	24	109	88	0	23954818001	10
3773	23954	26	111	88	0	23954971001	10
3774	23954	30	109	89	0	23954598000	10
3775	23955	3	112	84	0	23955061001	10
3776	23955	8	111	85	0	23955497001	10
3777	23955	13	110	86	0	23955347001	10
3778	23955	22	113	87	0	23955413000	10
3779	23955	25	110	88	0	23955675000	10
3780	23955	31	110	89	0	23955072001	10
3781	23956	2	111	84	0	23956179000	10
3782	23956	7	110	85	0	23956915001	10
3783	23956	14	111	86	0	23956489000	10
3784	23956	16	113	86	0	23956264000	10
3785	23956	19	110	87	0	23956130001	10
3786	23956	21	112	87	0	23956345000	10
3787	23956	24	109	88	0	23956968001	10
3788	23957	13	110	86	0	23957642000	10
3789	23957	17	114	86	0	23957630001	10
3790	23957	18	109	87	0	23957696000	10
3791	23957	27	112	88	0	23957068000	10
3792	23957	28	113	88	0	23957453001	10
3793	23957	29	114	88	0	23957046000	10
3794	23957	30	109	89	0	23957336000	10
3795	23957	33	112	89	0	23957023000	10
3796	23958	8	111	85	0	23958782000	10
3797	23958	11	114	85	0	23958433000	10
3798	23958	12	109	86	0	23958536001	10
3799	23958	15	112	86	0	23958226001	10
3800	23958	22	113	87	0	23958030001	10
3801	23958	23	114	87	0	23958118000	10
3802	23958	32	111	89	0	23958343000	10
3803	23959	1	110	84	0	23959081000	10
3804	23959	2	111	84	0	23959120000	10
3805	23959	7	110	85	0	23959343000	10
3806	23959	10	113	85	0	23959585000	10
3807	23959	18	109	87	0	23959904001	10
3808	23959	19	110	87	0	23959519000	10
3809	23959	24	109	88	0	23959933000	10
3810	23959	26	111	88	0	23959438000	10
3811	23959	29	114	88	0	23959690001	10
3812	23959	31	110	89	0	23959645001	10
3813	23960	5	114	84	0	23960223000	10
3814	23960	13	110	86	0	23960944000	10
3815	23960	30	109	89	0	23960690000	10
3816	23960	33	112	89	0	23960908001	10
3817	23960	34	113	89	0	23960352001	10
3818	23961	1	110	84	0	23961732000	10
3819	23961	6	109	85	0	23961595001	10
3820	23961	12	109	86	0	23961144000	10
3821	23962	7	110	85	0	23962321001	10
3822	23962	27	112	88	0	23962877000	10
3823	23963	0	109	84	0	23963189000	10
3824	23963	12	109	86	0	23963752000	10
3825	23963	18	109	87	0	23963269000	10
3826	23963	28	113	88	0	23963271000	10
3827	23963	31	110	89	0	23963690000	10
3828	23963	34	113	89	0	23963618001	10
3829	23964	1	110	84	0	23964732000	10
3830	23964	6	109	85	0	23964115000	10
3831	23964	22	113	87	0	23964085000	10
3832	23964	23	114	87	0	23964464000	10
3833	23964	29	114	88	0	23964303001	10
3834	23964	32	111	89	0	23964349000	10
3835	23964	35	114	89	0	23964290000	10
3836	23965	0	109	84	0	23965609001	10
3837	23965	3	112	84	0	23965508000	10
3838	23965	25	110	88	0	23965659001	10
3839	23966	33	112	89	0	23966153000	10
3840	23966	34	113	89	0	23966886001	10
3841	23966	35	114	89	0	23966695001	10
3842	23967	17	114	86	0	23967716001	10
3843	23967	28	113	88	0	23967291001	10
3844	23967	29	114	88	0	23967439000	10
3845	23968	6	109	85	0	23968980001	10
3846	23968	35	114	89	0	23968716001	10
3847	23969	27	112	88	0	23969633001	10
3848	23969	34	113	89	0	23969819001	10
3849	23971	29	114	88	0	23971921001	10
3850	23971	33	112	89	0	23971874000	10
3851	23974	15	112	86	0	23974801000	11
3852	23974	35	114	89	0	23974907001	11
3853	23976	24	109	88	0	23976625000	11
3854	23984	3	112	84	1	23984952000	11
3855	23984	5	114	84	1	23984696000	11
3856	23985	4	113	84	1	23985232001	11
3857	23986	2	111	84	1	23986666000	11
3858	23987	1	110	84	1	23987982001	11
3859	23987	3	112	84	1	23987570000	11
3860	23987	4	113	84	1	23987848000	11
3861	23987	5	114	84	1	23987338001	11
3862	23987	35	114	89	1	23987991001	11
3863	23988	8	111	85	1	23988530000	11
3864	23989	1	110	84	1	23989937000	11
3865	23989	7	110	85	1	23989740000	11
3866	23989	9	112	85	1	23989356001	11
3867	23989	10	113	85	1	23989071001	11
3868	23989	11	114	85	1	23989113001	11
3869	23990	0	109	84	1	23990568001	11
3870	23990	8	111	85	1	23990902000	11
3871	23991	6	109	85	1	23991355000	11
3872	23991	7	110	85	1	23991710000	11
3873	23991	9	112	85	1	23991876000	11
3874	23991	10	113	85	1	23991668000	11
3875	23991	11	114	85	1	23991921000	11
3876	23993	6	109	85	1	23993484001	11
3877	23993	12	109	86	1	23993902000	11
3878	23993	13	110	86	1	23993105000	11
3879	23993	14	111	86	1	23993868000	11
3880	23993	15	112	86	1	23993623000	11
3881	23993	16	113	86	1	23993594001	11
3882	23993	17	114	86	1	23993994001	11
3883	23995	0	109	84	1	23995331000	11
3884	23995	13	110	86	1	23995716001	11
3885	23995	16	113	86	1	23995967000	11
3886	23996	14	111	86	1	23996525000	11
3887	23996	15	112	86	1	23996494000	11
3888	23996	17	114	86	1	23996525000	11
3889	23997	12	109	86	1	23997089001	11
3890	23998	2	111	84	1	23998028000	11
3891	23998	19	110	87	1	23998885001	11
3892	23998	21	112	87	1	23998885001	11
3893	23998	23	114	87	1	23998704001	11
3894	23999	18	109	87	1	23999076001	11
3895	23999	20	111	87	1	23999477000	11
3896	23999	22	113	87	1	23999214001	11
3897	24000	8	111	85	1	24000127000	11
3898	24001	18	109	87	1	24001981001	11
3899	24001	19	110	87	1	24001548000	11
3900	24002	20	111	87	1	24002343001	11
3901	24002	21	112	87	1	24002042001	11
3902	24002	22	113	87	1	24002440000	11
3903	24002	23	114	87	1	24002238000	11
3904	24003	13	110	86	1	24003029000	11
3905	24003	24	109	88	1	24003866001	11
3906	24005	25	110	88	1	24005059001	12
3907	24005	29	114	88	1	24005747000	12
3908	24006	21	112	87	1	24006189000	12
3909	24006	26	111	88	1	24006216001	12
3910	24006	27	112	88	1	24006222001	12
3911	24006	28	113	88	1	24006875001	12
3912	24006	35	114	89	1	24006569000	12
3913	24007	23	114	87	1	24007247000	12
3914	24008	22	113	87	1	24008212000	12
3915	24008	24	109	88	1	24008118001	12
3916	24008	25	110	88	1	24008564000	12
3917	24009	34	113	89	1	24009187000	12
3918	24010	16	113	86	1	24010569001	12
3919	24010	26	111	88	1	24010817001	12
3920	24011	27	112	88	1	24011950000	12
3921	24011	33	112	89	1	24011974001	12
3922	24011	35	114	89	1	24011588001	12
3923	24012	28	113	88	1	24012980000	12
3924	24012	29	114	88	1	24012457000	12
3925	24013	20	111	87	1	24013786001	12
3926	24013	24	109	88	1	24013161001	12
3927	24014	25	110	88	1	24014600001	12
3928	24014	34	113	89	1	24014758001	12
3929	24016	33	112	89	1	24016820001	11
3930	24016	35	114	89	1	24016768000	11
3931	24017	29	114	88	1	24017487001	11
3932	24017	32	111	89	1	24017004000	11
3933	24018	31	110	89	1	24018905001	12
3934	24018	34	113	89	1	24018622001	11
3935	24020	28	113	88	1	24020758001	12
3936	24020	33	112	89	1	24020150001	12
3937	24022	27	112	88	1	24022820001	12
3938	24022	32	111	89	1	24022122001	12
3939	24023	24	109	88	0	24023907001	12
3940	24023	30	109	89	1	24023994001	12
3941	24023	31	110	89	1	24023380001	12
3942	24024	25	110	88	0	24024669001	12
3943	24026	26	111	88	1	24026640001	12
3944	24026	27	112	88	1	24026850001	12
3945	24026	31	110	89	1	24026216000	12
3946	24028	30	109	89	1	24028102000	12
3947	24029	25	110	88	1	24029454001	12
3948	24031	24	109	88	1	24031886000	12
3949	24035	30	109	89	1	24035258000	12
3950	24037	18	109	87	1	24037446001	12
3951	24069	19	110	87	1	24069933000	13
3952	24083	21	112	87	1	24083902001	13
3953	24223	30	109	89	0	24223454001	8
3954	24224	24	109	88	0	24224266000	8
3955	24224	31	110	89	0	24224578001	8
3956	24225	18	109	87	0	24225493000	8
3957	24225	25	110	88	0	24225623000	8
3958	24225	30	109	89	0	24225650001	8
3959	24225	32	111	89	0	24225685000	8
3960	24226	12	109	86	0	24226448000	8
3961	24226	19	110	87	0	24226371000	8
3962	24226	24	109	88	0	24226338000	8
3963	24226	26	111	88	0	24226367001	8
3964	24226	31	110	89	0	24226874001	8
3965	24226	33	112	89	0	24226641001	8
3966	24227	6	109	85	0	24227943001	8
3967	24227	13	110	86	0	24227446001	8
3968	24227	20	111	87	0	24227735001	8
3969	24227	27	112	88	0	24227430000	8
3970	24227	34	113	89	0	24227360000	8
3971	24228	0	109	84	0	24228723001	8
3972	24228	7	110	85	0	24228753000	8
3973	24228	12	109	86	0	24228533000	8
3974	24228	14	111	86	0	24228782001	8
3975	24228	18	109	87	0	24228099000	8
3976	24228	19	110	87	0	24228842000	8
3977	24228	21	112	87	0	24228531001	8
3978	24228	25	110	88	0	24228501001	8
3979	24228	26	111	88	0	24228145000	8
3980	24228	28	113	88	0	24228574001	8
3981	24228	32	111	89	0	24228405001	8
3982	24228	35	114	89	0	24228326001	8
3983	24229	1	110	84	0	24229686001	8
3984	24229	8	111	85	0	24229807001	8
3985	24229	13	110	86	0	24229665000	8
3986	24229	15	112	86	0	24229896001	8
3987	24229	20	111	87	0	24229592001	8
3988	24229	22	113	87	0	24229664000	8
3989	24229	27	112	88	0	24229267000	8
3990	24229	29	114	88	0	24229361000	8
3991	24229	33	112	89	0	24229416001	8
3992	24229	34	113	89	0	24229293000	8
3993	24230	2	111	84	0	24230441000	8
3994	24230	7	110	85	0	24230948000	8
3995	24230	9	112	85	0	24230965000	8
3996	24230	14	111	86	0	24230806001	8
3997	24230	16	113	86	0	24230405000	8
3998	24230	21	112	87	0	24230493001	8
3999	24230	23	114	87	0	24230808001	8
4000	24230	28	113	88	0	24230529000	8
4001	24230	35	114	89	0	24230421000	8
4002	24231	0	109	84	0	24231642001	8
4003	24231	1	110	84	0	24231839001	8
4004	24231	3	112	84	0	24231903001	8
4005	24231	8	111	85	0	24231807001	8
4006	24231	22	113	87	0	24231658001	8
4007	24231	29	114	88	0	24231275001	8
4008	24232	2	111	84	0	24232629001	8
4009	24232	4	113	84	0	24232976001	8
4010	24232	6	109	85	0	24232752000	8
4011	24232	10	113	85	0	24232193001	8
4012	24232	11	114	85	0	24232614000	8
4013	24232	15	112	86	0	24232109001	8
4014	24232	16	113	86	0	24232522001	8
4015	24232	17	114	86	0	24232085000	8
4016	24233	9	112	85	0	24233378001	8
4017	24233	23	114	87	0	24233230000	8
4018	24234	3	112	84	0	24234324001	8
4019	24234	5	114	84	0	24234073001	8
4020	24234	10	113	85	0	24234599001	8
4021	24234	11	114	85	0	24234668000	8
4022	24234	17	114	86	0	24234645001	8
4023	24235	4	113	84	0	24235206000	8
4024	24236	5	114	84	0	24236554000	8
4025	24239	29	114	88	0	24239602000	8
4026	24243	2	111	84	0	24243653001	8
4027	24250	13	110	86	0	24250523001	9
4028	24252	34	113	89	1	24252932001	9
4029	24252	35	114	89	1	24252268001	9
4030	24253	33	112	89	1	24253589000	9
4031	24255	29	114	88	1	24255547000	9
4032	24255	31	110	89	1	24255419001	9
4033	24255	32	111	89	1	24255318001	9
4034	24256	35	114	89	1	24256970001	9
4035	24257	30	109	89	1	24257452001	9
4036	24257	34	113	89	1	24257522001	9
4037	24258	33	112	89	1	24258269000	9
4038	24259	29	114	88	1	24259865000	9
4039	24259	31	110	89	1	24259723001	9
4040	24259	32	111	89	1	24259541000	9
4041	24259	35	114	89	1	24259821001	9
4042	24260	26	111	88	1	24260548000	9
4043	24260	27	112	88	1	24260009001	9
4044	24260	28	113	88	1	24260392001	9
4045	24260	34	113	89	1	24260943000	9
4046	24261	33	112	89	1	24261686000	10
4047	24262	30	109	89	1	24262773001	10
4048	24263	24	109	88	1	24263383000	10
4049	24263	25	110	88	1	24263080001	10
4050	24263	31	110	89	1	24263924001	10
4051	24263	32	111	89	1	24263864000	10
4052	24266	23	114	87	1	24266322001	10
4053	24266	27	112	88	1	24266230000	10
4054	24266	29	114	88	1	24266416000	10
4055	24266	30	109	89	1	24266884000	10
4056	24268	26	111	88	1	24268015000	10
4057	24268	28	113	88	1	24268387000	10
4058	24269	22	113	87	1	24269681000	10
4059	24269	31	110	89	1	24269395001	10
4060	24271	21	112	87	1	24271888000	10
4061	24271	24	109	88	1	24271182001	10
4062	24272	29	114	88	1	24272323000	10
4063	24272	33	112	89	1	24272724001	10
4064	24274	25	110	88	1	24274462000	10
4065	24277	19	110	87	1	24277775000	11
4066	24284	29	114	88	0	24284320001	11
4067	24286	19	110	87	0	24286539000	11
4068	24286	21	112	87	0	24286148000	11
4069	24287	25	110	88	0	24287893000	11
4070	24288	24	109	88	0	24288729001	11
4071	24288	28	113	88	0	24288755001	11
4072	24289	0	109	84	1	24289342000	11
4073	24289	22	113	87	0	24289875001	11
4074	24289	23	114	87	0	24289077000	11
4075	24289	26	111	88	0	24289991001	11
4076	24289	27	112	88	0	24289019001	11
4077	24289	29	114	88	0	24289075000	11
4078	24289	30	109	89	0	24289966000	11
4079	24289	31	110	89	0	24289446000	11
4080	24290	6	109	85	1	24290395001	11
4081	24290	21	112	87	0	24290921000	11
4082	24290	33	112	89	0	24290765001	11
4083	24291	1	110	84	1	24291855000	11
4084	24291	12	109	86	1	24291867001	11
4085	24291	32	111	89	0	24291498000	11
4086	24292	0	109	84	1	24292836001	11
4087	24292	6	109	85	1	24292607001	11
4088	24292	27	112	88	0	24292816001	11
4089	24292	29	114	88	0	24292857000	11
4090	24292	31	110	89	0	24292978000	11
4091	24293	1	110	84	1	24293966000	11
4092	24293	7	110	85	1	24293127000	11
4093	24293	18	109	87	1	24293044001	11
4094	24293	23	114	87	0	24293069001	11
4095	24293	28	113	88	0	24293766000	11
4096	24293	34	113	89	0	24293451000	11
4097	24293	35	114	89	0	24293934000	11
4098	24294	12	109	86	1	24294221000	11
4099	24294	13	110	86	1	24294553001	11
4100	24294	26	111	88	0	24294831001	11
4101	24294	30	109	89	0	24294807000	11
4102	24294	33	112	89	0	24294381001	11
4103	24295	2	111	84	1	24295922000	11
4104	24295	7	110	85	1	24295372001	11
4105	24295	18	109	87	1	24295211001	11
4106	24295	24	109	88	1	24295396001	11
4107	24295	25	110	88	0	24295104001	11
4108	24295	32	111	89	0	24295260000	11
4109	24296	8	111	85	1	24296906000	11
4110	24296	13	110	86	1	24296780000	11
4111	24296	19	110	87	1	24296207001	11
4112	24296	27	112	88	0	24296647000	11
4113	24296	34	113	89	0	24296481000	11
4114	24296	35	114	89	0	24296270000	11
4115	24297	29	114	88	0	24297021001	11
4116	24297	30	109	89	1	24297843000	11
4117	24298	2	111	84	1	24298092000	11
4118	24298	3	112	84	1	24298487001	11
4119	24298	8	111	85	1	24298707000	11
4120	24298	14	111	86	1	24298025001	11
4121	24298	19	110	87	1	24298379000	11
4122	24298	25	110	88	1	24298078001	11
4123	24298	28	113	88	0	24298063000	11
4124	24298	33	112	89	0	24298974001	11
4125	24299	9	112	85	1	24299806001	11
4126	24299	20	111	87	1	24299739001	11
4127	24299	32	111	89	0	24299963000	11
4128	24300	3	112	84	1	24300751000	11
4129	24300	14	111	86	1	24300041000	11
4130	24300	24	109	88	1	24300716001	11
4131	24300	25	110	88	1	24300590000	11
4132	24300	29	114	88	0	24300463001	11
4133	24300	31	110	89	1	24300283000	11
4134	24300	35	114	89	0	24300073000	11
4135	24301	4	113	84	1	24301505000	11
4136	24301	15	112	86	1	24301256001	11
4137	24301	20	111	87	1	24301674000	11
4138	24301	21	112	87	1	24301674000	11
4139	24301	26	111	88	1	24301036001	11
4140	24301	34	113	89	0	24301011001	11
4141	24302	9	112	85	1	24302063000	11
4142	24302	10	113	85	1	24302521000	11
4143	24303	1	110	84	1	24303042000	11
4144	24303	4	113	84	1	24303512000	11
4145	24303	15	112	86	1	24303332000	11
4146	24303	21	112	87	1	24303701001	11
4147	24303	26	111	88	1	24303050000	11
4148	24303	27	112	88	1	24303516001	11
4149	24303	32	111	89	1	24303220001	11
4150	24303	35	114	89	0	24303748000	11
4151	24304	5	114	84	1	24304098001	11
4152	24304	10	113	85	1	24304606000	11
4153	24304	16	113	86	1	24304187000	11
4154	24305	8	111	85	1	24305317001	11
4155	24305	11	114	85	1	24305621001	11
4156	24305	22	113	87	1	24305653000	11
4157	24305	27	112	88	1	24305353001	11
4158	24305	33	112	89	1	24305682000	11
4159	24306	5	114	84	1	24306325001	11
4160	24306	16	113	86	1	24306169000	11
4161	24306	17	114	86	1	24306603001	11
4162	24306	28	113	88	1	24306552001	11
4163	24307	11	114	85	1	24307703001	11
4164	24307	23	114	87	1	24307186001	11
4165	24308	17	114	86	1	24308622000	11
4166	24308	22	113	87	1	24308592000	11
4167	24308	28	113	88	1	24308654000	11
4168	24308	29	114	88	1	24308864000	11
4169	24308	34	113	89	1	24308041001	11
4170	24309	23	114	87	1	24309373001	11
4171	24310	29	114	88	1	24310992000	11
4172	24310	34	113	89	1	24310807000	11
4173	24310	35	114	89	1	24310066000	11
4174	24311	21	112	87	1	24311915000	11
4175	24312	35	114	89	1	24312197000	11
4176	24448	13	110	86	1	24448761000	6
4177	24473	5	114	84	0	24473441001	8
4178	24474	3	112	84	0	24474488001	8
4179	24474	4	113	84	0	24474046001	8
4180	24474	11	114	85	0	24474515001	8
4181	24475	1	110	84	0	24475889001	9
4182	24475	2	111	84	0	24475259001	9
4183	24475	10	113	85	0	24475354001	9
4184	24475	17	114	86	0	24475899000	9
4185	24476	0	109	84	0	24476724000	9
4186	24476	3	112	84	0	24476762001	9
4187	24476	4	113	84	0	24476982000	9
4188	24476	5	114	84	0	24476333001	9
4189	24476	8	111	85	0	24476697001	9
4190	24476	9	112	85	0	24476119000	9
4191	24476	11	114	85	0	24476771000	9
4192	24476	16	113	86	0	24476432001	9
4193	24477	2	111	84	0	24477524001	9
4194	24477	7	110	85	0	24477604000	9
4195	24477	10	113	85	0	24477991001	9
4196	24477	14	111	86	0	24477864001	9
4197	24477	15	112	86	0	24477194000	9
4198	24477	22	113	87	0	24477642001	9
4199	24477	23	114	87	0	24477439000	9
4200	24478	3	112	84	1	24478950000	9
4201	24478	6	109	85	0	24478276001	9
4202	24478	9	112	85	0	24478257000	9
4203	24478	13	110	86	0	24478545000	9
4204	24478	16	113	86	0	24478784000	9
4205	24478	17	114	86	0	24478466000	9
4206	24478	21	112	87	0	24478488000	9
4207	24478	29	114	88	0	24478426000	9
4208	24479	0	109	84	1	24479000000	9
4209	24479	1	110	84	1	24479010001	9
4210	24479	2	111	84	1	24479367001	9
4211	24479	4	113	84	1	24479251000	9
4212	24479	5	114	84	1	24479065000	9
4213	24479	12	109	86	0	24479345001	9
4214	24479	15	112	86	0	24479565001	9
4215	24479	20	111	87	0	24479366000	9
4216	24479	22	113	87	0	24479907000	9
4217	24479	28	113	88	0	24479243001	9
4218	24479	35	114	89	0	24479892000	9
4219	24480	6	109	85	1	24480734000	9
4220	24480	7	110	85	1	24480849000	9
4221	24480	9	112	85	1	24480860000	9
4222	24480	10	113	85	1	24480897000	9
4223	24480	13	110	86	0	24480942000	9
4224	24480	14	111	86	0	24480296001	9
4225	24480	19	110	87	0	24480238000	9
4226	24480	21	112	87	0	24480657001	9
4227	24480	23	114	87	0	24480341001	9
4228	24480	26	111	88	0	24480522001	9
4229	24480	27	112	88	0	24480060001	9
4230	24480	29	114	88	0	24480519001	9
4231	24480	34	113	89	0	24480579000	9
4232	24481	8	111	85	1	24481046000	9
4233	24481	11	114	85	1	24481485000	9
4234	24481	18	109	87	0	24481113001	9
4235	24481	20	111	87	0	24481839001	9
4236	24481	24	109	88	0	24481815000	9
4237	24481	25	110	88	0	24481585001	9
4238	24481	28	113	88	1	24481568001	9
4239	24481	33	112	89	0	24481705000	9
4240	24481	35	114	89	0	24481860000	9
4241	24482	12	109	86	1	24482875000	9
4242	24482	13	110	86	1	24482948001	9
4243	24482	14	111	86	1	24482594000	9
4244	24482	27	112	88	0	24482112001	9
4245	24482	31	110	89	0	24482977000	9
4246	24482	32	111	89	0	24482114001	9
4247	24482	34	113	89	0	24482993001	9
4248	24483	5	114	84	1	24483725000	9
4249	24483	15	112	86	1	24483029001	9
4250	24483	16	113	86	1	24483324001	9
4251	24483	17	114	86	1	24483273000	9
4252	24483	26	111	88	0	24483293001	9
4253	24483	30	109	89	0	24483704001	9
4254	24484	18	109	87	1	24484914001	9
4255	24484	19	110	87	1	24484994001	10
4256	24484	20	111	87	1	24484695001	9
4257	24484	21	112	87	1	24484416001	9
4258	24484	24	109	88	0	24484060000	9
4259	24484	25	110	88	0	24484744000	9
4260	24484	32	111	89	0	24484904000	9
4261	24485	22	113	87	1	24485233001	10
4262	24485	23	114	87	1	24485299000	10
4263	24485	31	110	89	0	24485598001	10
4264	24485	33	112	89	0	24485317001	10
4265	24486	9	112	85	1	24486168000	10
4266	24486	21	112	87	1	24486311001	10
4267	24486	24	109	88	1	24486606001	10
4268	24486	25	110	88	1	24486942000	10
4269	24486	26	111	88	1	24486876001	10
4270	24486	27	112	88	1	24486866000	10
4271	24487	17	114	86	1	24487829000	10
4272	24487	28	113	88	1	24487190000	10
4273	24487	29	114	88	1	24487006001	10
4274	24487	30	109	89	0	24487251001	10
4275	24488	20	111	87	1	24488734001	10
4276	24488	31	110	89	1	24488442000	10
4277	24489	27	112	88	1	24489045000	10
4278	24489	29	114	88	1	24489354000	10
4279	24489	30	109	89	1	24489284000	10
4280	24489	32	111	89	1	24489121000	10
4281	24489	33	112	89	1	24489331000	10
4282	24489	34	113	89	1	24489483000	10
4283	24489	35	114	89	1	24489633000	10
4284	24490	26	111	88	1	24490156000	10
4285	24490	28	113	88	1	24490954001	10
4286	24490	31	110	89	1	24490819001	10
4287	24493	29	114	88	0	24493624000	10
4288	24494	35	114	89	0	24494117001	10
4289	24495	15	112	86	1	24495693001	11
4290	24495	17	114	86	0	24495708001	11
4291	24495	23	114	87	0	24495734000	11
4292	24496	29	114	88	0	24496195000	11
4293	24497	11	114	85	0	24497895000	11
4294	24497	28	113	88	0	24497845000	11
4295	24497	35	114	89	0	24497301000	11
4296	24498	5	114	84	0	24498222000	11
4297	24498	17	114	86	0	24498915001	11
4298	24498	34	113	89	0	24498135000	11
4299	24499	23	114	87	0	24499407000	11
4300	24499	29	114	88	0	24499101001	11
4301	24500	22	113	87	0	24500598001	11
4302	24500	28	113	88	0	24500598001	11
4303	24500	34	113	89	0	24500940000	11
4304	24501	16	113	86	0	24501200000	11
4305	24502	5	114	84	1	24502841001	11
4306	24503	10	113	85	0	24503804001	11
4307	24503	11	114	85	1	24503561000	11
4308	24503	17	114	86	1	24503938000	11
4309	24503	22	113	87	0	24503718000	11
4310	24503	27	112	88	0	24503651000	11
4311	24503	28	113	88	0	24503967001	11
4312	24503	33	112	89	0	24503500001	11
4313	24504	16	113	86	0	24504305001	11
4314	24504	23	114	87	1	24504266001	11
4315	24504	29	114	88	1	24504734000	11
4316	24504	34	113	89	0	24504065000	11
4317	24505	21	112	87	0	24505049000	12
4318	24505	27	112	88	0	24505829000	12
4319	24505	35	114	89	1	24505738001	12
4320	24506	10	113	85	1	24506924000	12
4321	24506	15	112	86	0	24506055001	12
4322	24506	16	113	86	1	24506620000	12
4323	24506	22	113	87	1	24506835001	12
4324	24506	29	114	88	1	24506726001	12
4325	24506	33	112	89	0	24506618001	12
4326	24507	20	111	87	0	24507965000	12
4327	24507	28	113	88	1	24507316001	12
4328	24507	35	114	89	1	24507801001	12
4329	24508	23	114	87	1	24508099001	12
4330	24508	26	111	88	0	24508061000	12
4331	24508	32	111	89	0	24508234001	12
4332	24508	34	113	89	1	24508097000	12
4333	24509	15	112	86	1	24509853000	12
4334	24509	21	112	87	1	24509957000	12
4335	24509	27	112	88	1	24509898000	12
4336	24510	26	111	88	0	24510134001	12
4337	24510	33	112	89	1	24510600001	12
4338	24510	34	113	89	1	24510637001	12
4339	24512	26	111	88	1	24512782001	12
4340	24512	28	113	88	1	24512253001	12
4341	24512	31	110	89	0	24512583000	12
4342	24513	32	111	89	1	24513746000	12
4343	24514	27	112	88	1	24514715001	12
4344	24514	33	112	89	1	24514498001	12
4345	24516	31	110	89	1	24516681000	12
4346	24537	14	111	86	1	24537108001	14
4347	24640	30	109	89	0	24640781000	14
4348	24640	31	110	89	0	24640424001	14
4349	24640	32	111	89	1	24640680001	14
4350	24640	33	112	89	0	24640701000	14
4351	24640	34	113	89	0	24640535000	14
4352	24641	35	114	89	0	24641184001	14
4353	24642	24	109	88	0	24642716000	14
4354	24642	26	111	88	0	24642768001	14
4355	24642	27	112	88	0	24642797001	14
4356	24642	31	110	89	0	24642804000	14
4357	24642	34	113	89	0	24642537000	14
4358	24643	25	110	88	0	24643325000	14
4359	24643	28	113	88	1	24643395000	14
4360	24643	29	114	88	0	24643218000	14
4361	24643	30	109	89	0	24643775000	14
4362	24643	32	111	89	0	24643420000	14
4363	24643	33	112	89	0	24643637000	14
4364	24643	35	114	89	0	24643637000	14
4365	24644	21	112	87	0	24644849001	14
4366	24644	24	109	88	0	24644898000	14
4367	24644	26	111	88	0	24644683001	14
4368	24644	27	112	88	0	24644762000	14
4369	24645	18	109	87	0	24645071001	14
4370	24645	19	110	87	0	24645056001	14
4371	24645	20	111	87	0	24645403001	14
4372	24645	22	113	87	0	24645380001	14
4373	24645	23	114	87	0	24645129000	14
4374	24645	25	110	88	0	24645697000	14
4375	24645	28	113	88	1	24645687001	14
4376	24645	29	114	88	0	24645420001	14
4377	24646	12	109	86	0	24646360001	14
4378	24646	14	111	86	0	24646821001	14
4379	24646	15	112	86	0	24646674000	14
4380	24646	21	112	87	0	24646723001	14
4381	24646	34	113	89	1	24646926001	14
4382	24646	35	114	89	1	24647000000	14
4383	24647	13	110	86	0	24647110000	14
4384	24647	16	113	86	0	24647337000	14
4385	24647	17	114	86	0	24647755001	14
4386	24647	18	109	87	0	24647666001	14
4387	24647	20	111	87	0	24647922001	14
4388	24647	22	113	87	0	24647801001	14
4389	24647	23	114	87	0	24647424001	14
4390	24647	33	112	89	1	24647850000	14
4391	24648	6	109	85	0	24648748000	14
4392	24648	12	109	86	0	24648543001	14
4393	24648	14	111	86	0	24648908000	14
4394	24648	15	112	86	0	24648496001	14
4395	24648	19	110	87	0	24648041000	14
4396	24648	29	114	88	1	24648899000	14
4397	24649	7	110	85	0	24649030001	14
4398	24649	8	111	85	0	24649421001	14
4399	24649	9	112	85	0	24649092001	14
4400	24649	10	113	85	0	24649511000	14
4401	24649	11	114	85	0	24649411001	14
4402	24649	13	110	86	0	24649394001	14
4403	24649	16	113	86	0	24649457000	14
4404	24649	28	113	88	1	24649542001	14
4405	24649	32	111	89	1	24649787001	14
4406	24649	34	113	89	1	24649610001	14
4407	24649	35	114	89	1	24649563001	14
4408	24650	0	109	84	0	24650800001	14
4409	24650	1	110	84	0	24650966000	14
4410	24650	2	111	84	0	24650852001	14
4411	24650	17	114	86	0	24650260001	14
4412	24650	23	114	87	1	24650910001	14
4413	24650	27	112	88	1	24650731001	14
4414	24650	31	110	89	1	24650235001	14
4415	24650	33	112	89	1	24650706000	14
4416	24651	3	112	84	0	24651087000	14
4417	24651	4	113	84	0	24651835000	14
4418	24651	5	114	84	0	24651546001	14
4419	24651	6	109	85	0	24651384000	14
4420	24651	7	110	85	0	24651295000	14
4421	24651	9	112	85	0	24651103000	14
4422	24651	10	113	85	0	24651865001	14
4423	24651	11	114	85	0	24651627000	14
4424	24651	26	111	88	1	24651507001	14
4425	24651	29	114	88	1	24651365000	14
4426	24652	2	111	84	0	24652920001	14
4427	24652	8	111	85	0	24652077000	14
4428	24652	22	113	87	1	24652884000	14
4429	24652	28	113	88	1	24652445000	14
4430	24652	32	111	89	1	24652853001	14
4431	24653	0	109	84	0	24653201001	14
4432	24653	1	110	84	1	24653190001	14
4433	24653	3	112	84	0	24653443001	14
4434	24653	21	112	87	1	24653164001	14
4435	24653	23	114	87	1	24653625000	14
4436	24653	27	112	88	1	24653096000	14
4437	24653	31	110	89	1	24653686001	14
4438	24654	4	113	84	0	24654404000	14
4439	24654	5	114	84	0	24654001001	14
4440	24654	17	114	86	1	24654348000	14
4441	24654	25	110	88	1	24654236000	14
4442	24654	26	111	88	1	24654096001	14
4443	24655	16	113	86	1	24655246000	14
4444	24655	20	111	87	1	24655402001	14
4445	24655	22	113	87	1	24655475001	14
4446	24655	27	112	88	1	24655483001	14
4447	24656	15	112	86	1	24656751000	14
4448	24656	21	112	87	1	24656032001	14
4449	24656	31	110	89	0	24656833000	14
4450	24656	32	111	89	0	24656721000	14
4451	24657	10	113	85	1	24657974001	14
4452	24657	11	114	85	1	24657327001	14
4453	24657	16	113	86	1	24657711000	14
4454	24657	17	114	86	1	24657079001	14
4455	24657	26	111	88	0	24657937000	14
4456	24658	9	112	85	1	24658545001	14
4457	24658	14	111	86	1	24658187000	14
4458	24658	25	110	88	0	24658461001	14
4459	24659	5	114	84	1	24659817001	14
4460	24659	11	114	85	1	24659691001	14
4461	24659	15	112	86	1	24659126001	14
4462	24659	27	112	88	0	24659078001	14
4463	24659	32	111	89	0	24659557000	14
4464	24659	33	112	89	0	24659125001	14
4465	24660	3	112	84	1	24660735001	14
4466	24660	4	113	84	1	24660830000	14
4467	24660	10	113	85	1	24660553000	14
4468	24660	20	111	87	0	24660167001	14
4469	24660	21	112	87	0	24660271001	14
4470	24660	26	111	88	0	24660014001	14
4471	24661	14	111	86	0	24661529001	14
4472	24661	15	112	86	0	24661139000	14
4473	24661	27	112	88	0	24661009000	14
4474	24661	28	113	88	0	24661936000	14
4475	24661	34	113	89	0	24661431001	14
4476	24662	5	114	84	1	24662382001	14
4477	24662	16	113	86	0	24662661000	14
4478	24662	21	112	87	0	24662779001	14
4479	24662	22	113	87	0	24662093000	14
4480	24662	33	112	89	0	24662103001	14
4481	24663	10	113	85	0	24663352001	14
4482	24663	15	112	86	0	24663342000	14
4483	24663	29	114	88	0	24663748000	14
4484	24663	30	109	89	1	24663235000	14
4485	24663	31	110	89	1	24663855000	14
4486	24663	35	114	89	0	24663373000	14
4487	24664	3	112	84	0	24664587000	14
4488	24664	9	112	85	0	24664550000	14
4489	24664	16	113	86	0	24664685000	14
4490	24664	22	113	87	0	24664512001	14
4491	24664	23	114	87	0	24664543001	14
4492	24664	24	109	88	1	24664330000	14
4493	24664	27	112	88	0	24664146001	14
4494	24664	28	113	88	0	24664453001	14
4495	24664	34	113	89	0	24664301001	14
4496	24665	5	114	84	0	24665542001	14
4497	24665	11	114	85	0	24665168001	14
4498	24665	17	114	86	0	24665068000	14
4499	24665	18	109	87	1	24665178000	14
4500	24665	25	110	88	1	24665360000	14
4501	24665	29	114	88	0	24665915000	14
4502	24665	31	110	89	1	24665825000	14
4503	24665	32	111	89	1	24665397000	14
4504	24665	35	114	89	0	24665673000	14
4505	24666	4	113	84	0	24666101000	14
4506	24666	10	113	85	0	24666316001	14
4507	24666	12	109	86	1	24666618000	14
4508	24666	19	110	87	1	24666412001	14
4509	24666	26	111	88	1	24666523000	14
4510	24666	30	109	89	1	24666329000	14
4511	24666	33	112	89	1	24666384001	14
4512	24667	6	109	85	1	24667492001	14
4513	24667	11	114	85	0	24667390000	14
4514	24667	13	110	86	1	24667278001	14
4515	24667	17	114	86	0	24667427001	14
4516	24667	18	109	87	1	24667198000	14
4517	24667	20	111	87	1	24667640000	14
4518	24667	23	114	87	0	24667110001	14
4519	24667	25	110	88	1	24667887001	14
4520	24667	27	112	88	1	24667390000	14
4521	24667	34	113	89	1	24667525000	14
4522	24668	0	109	84	1	24668138000	14
4523	24668	7	110	85	1	24668309001	14
4524	24668	14	111	86	1	24668528001	14
4525	24668	21	112	87	1	24668304000	14
4526	24668	26	111	88	1	24668643001	14
4527	24668	28	113	88	1	24668520001	14
4528	24668	35	114	89	1	24668649001	14
4529	24669	1	110	84	1	24669619000	14
4530	24669	5	114	84	0	24669393000	14
4531	24669	8	111	85	1	24669625001	14
4532	24669	13	110	86	1	24669712000	14
4533	24669	15	112	86	1	24669792001	14
4534	24669	22	113	87	1	24669697000	14
4535	24669	24	109	88	1	24669682001	14
4536	24669	27	112	88	1	24669336001	14
4537	24669	29	114	88	1	24669829000	14
4538	24670	0	109	84	1	24670197001	14
4539	24670	2	111	84	1	24670673001	14
4540	24670	6	109	85	1	24670166001	14
4541	24670	7	110	85	1	24670166001	14
4542	24670	9	112	85	1	24670615000	14
4543	24670	16	113	86	1	24670991001	14
4544	24670	21	112	87	1	24670221000	14
4545	24670	23	114	87	1	24670732001	14
4546	24671	1	110	84	1	24671905001	14
4547	24671	3	112	84	1	24671690000	14
4548	24671	8	111	85	1	24671535000	14
4549	24671	10	113	85	1	24671595001	14
4550	24671	17	114	86	1	24671849001	14
4551	24671	19	110	87	1	24671766000	14
4552	24671	28	113	88	1	24671826001	14
4553	24671	33	112	89	1	24671198000	14
4554	24671	35	114	89	1	24671985000	14
4555	24672	4	113	84	1	24672986001	14
4556	24672	9	112	85	1	24672842001	14
4557	24672	11	114	85	1	24672834001	14
4558	24672	14	111	86	1	24672479001	14
4559	24672	15	112	86	1	24672644000	14
4560	24673	2	111	84	1	24673305000	14
4561	24673	5	114	84	1	24673299000	14
4562	24674	10	113	85	1	24674995001	14
4563	24675	5	114	84	1	24675557000	14
4564	24675	20	111	87	1	24675150001	14
4565	24677	34	113	89	1	24677346000	14
4566	24678	4	113	84	1	24678152000	14
4567	24680	11	114	85	1	24680081001	14
4568	24681	17	114	86	1	24681877000	14
4569	24687	35	114	89	0	24687769001	14
4570	24951	2	111	84	0	24951695001	14
4571	24952	1	110	84	0	24952134001	14
4572	24954	9	112	85	0	24954650001	13
4573	24955	6	109	85	0	24955936001	13
4574	24955	7	110	85	0	24955138000	13
4575	24957	13	110	86	0	24957778000	13
4576	24957	15	112	86	0	24957140001	13
4577	24958	12	109	86	0	24958232001	13
4578	24959	21	112	87	0	24959903000	13
4579	24962	27	112	88	0	24962722000	14
4580	24963	24	109	88	0	24963006000	14
4581	24963	26	111	88	0	24963016001	14
4582	24964	25	110	88	0	24964100001	14
4583	25130	5	114	84	0	25130760001	10
4584	25130	11	114	85	0	25130439001	10
4585	25130	17	114	86	0	25130833001	10
4586	25132	4	113	84	0	25132606001	9
4587	25132	10	113	85	0	25132492000	9
4588	25132	16	113	86	0	25132229001	9
4589	25133	5	114	84	0	25133787000	9
4590	25134	3	112	84	0	25134548001	9
4591	25134	9	112	85	0	25134582001	9
4592	25134	15	112	86	0	25134502000	9
4593	25134	21	112	87	0	25134377001	9
4594	25135	4	113	84	0	25135325001	9
4595	25135	17	114	86	1	25135072001	9
4596	25136	3	112	84	0	25136910000	9
4597	25136	14	111	86	0	25136470001	9
4598	25136	20	111	87	0	25136517000	9
4599	25136	26	111	88	0	25136441000	9
4600	25137	2	111	84	0	25137062000	9
4601	25137	8	111	85	0	25137200000	9
4602	25137	9	112	85	0	25137004000	9
4603	25137	15	112	86	0	25137513000	9
4604	25139	2	111	84	0	25139044000	9
4605	25139	3	112	84	0	25139504001	9
4606	25139	8	111	85	0	25139840000	9
4607	25139	13	110	86	0	25139536000	9
4608	25139	14	111	86	0	25139181001	9
4609	25139	19	110	87	0	25139099001	9
4610	25139	25	110	88	0	25139160000	9
4611	25139	31	110	89	0	25139590000	9
4612	25140	1	110	84	0	25140331001	9
4613	25140	7	110	85	0	25140011001	9
4614	25140	11	114	85	1	25140292001	9
4615	25140	20	111	87	0	25140100001	9
4616	25141	12	109	86	0	25141943000	9
4617	25141	18	109	87	0	25141648001	9
4618	25141	24	109	88	0	25141329000	9
4619	25141	30	109	89	0	25141164001	9
4620	25142	1	110	84	0	25142441000	9
4621	25142	6	109	85	0	25142801000	9
4622	25142	7	110	85	0	25142523000	9
4623	25142	13	110	86	0	25142201000	9
4624	25142	16	113	86	1	25142650001	9
4625	25142	19	110	87	0	25142075000	9
4626	25143	0	109	84	0	25143225001	9
4627	25144	12	109	86	0	25144195001	9
4628	25144	18	109	87	0	25144422000	9
4629	25144	21	112	87	1	25144464000	9
4630	25144	24	109	88	0	25144150001	9
4631	25145	0	109	84	0	25145825001	8
4632	25145	1	110	84	0	25145188000	9
4633	25145	6	109	85	0	25145763001	8
4634	25147	30	109	89	0	25147873000	8
4635	25148	2	111	84	0	25148632000	8
4636	25148	11	114	85	0	25148553000	8
4637	25148	16	113	86	0	25148834001	8
4638	25149	12	109	86	0	25149611000	8
4639	25149	21	112	87	0	25149663001	8
4640	25150	5	114	84	0	25150091001	8
4641	25151	10	113	85	0	25151584000	8
4642	25151	24	109	88	0	25151029001	8
4643	25151	25	110	88	0	25151291001	8
4644	25152	11	114	85	0	25152160001	8
4645	25152	16	113	86	0	25152535000	8
4646	25152	17	114	86	0	25152251000	8
4647	25152	26	111	88	0	25152655001	8
4648	25152	31	110	89	0	25152355000	8
4649	25153	15	112	86	0	25153439000	8
4650	25153	20	111	87	0	25153275001	8
4651	25154	17	114	86	0	25154718001	8
4652	25154	21	112	87	0	25154187000	8
4653	25154	22	113	87	0	25154212001	8
4654	25154	23	114	87	0	25154110001	8
4655	25155	9	112	85	0	25155660000	8
4656	25155	14	111	86	0	25155019001	8
4657	25155	16	113	86	0	25155705000	8
4658	25155	19	110	87	0	25155294000	8
4659	25155	29	114	88	0	25155718000	8
4660	25156	22	113	87	0	25156352000	8
4661	25156	24	109	88	0	25156707000	8
4662	25156	27	112	88	0	25156095001	8
4663	25156	28	113	88	0	25156717001	8
4664	25156	30	109	89	0	25156646001	8
4665	25157	20	111	87	0	25157848001	8
4666	25157	21	112	87	0	25157889000	8
4667	25157	23	114	87	0	25157099001	8
4668	25157	26	111	88	0	25157464000	8
4669	25157	31	110	89	0	25157332001	8
4670	25157	35	114	89	0	25157441000	8
4671	25158	17	114	86	0	25158683001	8
4672	25158	22	113	87	0	25158911001	8
4673	25158	27	112	88	0	25158037000	8
4674	25158	28	113	88	0	25158632000	8
4675	25158	29	114	88	0	25158269000	8
4676	25158	32	111	89	0	25158097000	8
4677	25158	34	113	89	0	25158372000	8
4678	25159	25	110	88	0	25159974000	8
4679	25159	33	112	89	0	25159551001	8
4680	25159	35	114	89	0	25159561001	8
4681	25160	26	111	88	0	25160100000	8
4682	25160	27	112	88	0	25160558001	8
4683	25160	28	113	88	0	25160911000	8
4684	25161	32	111	89	0	25161003001	8
4685	25161	34	113	89	0	25161031001	8
4686	25162	30	109	89	0	25162521000	9
4687	25162	31	110	89	0	25162022000	9
4688	25162	33	112	89	0	25162438001	9
4689	25162	35	114	89	0	25162369000	9
4690	25164	32	111	89	0	25164826000	9
4691	25165	24	109	88	0	25165009000	9
4692	25165	29	114	88	0	25165352000	9
4693	25168	15	112	86	0	25168493000	9
4694	25168	29	114	88	1	25168573001	9
4695	25168	35	114	89	1	25168630000	9
4696	25169	23	114	87	1	25169327001	9
4697	25169	31	110	89	0	25169603001	9
4698	25170	35	114	89	1	25170620000	9
4699	25171	34	113	89	1	25171711001	9
4700	25172	23	114	87	0	25172829000	9
4701	25173	35	114	89	0	25173854000	9
4702	25174	1	110	84	1	25174442000	10
4703	25174	2	111	84	1	25174505001	10
4704	25174	3	112	84	1	25174339001	10
4705	25174	4	113	84	1	25174799000	10
4706	25174	5	114	84	1	25174769000	10
4707	25174	29	114	88	0	25174404001	10
4708	25175	0	109	84	1	25175958001	10
4709	25176	7	110	85	1	25176809000	10
4710	25176	9	112	85	1	25176541000	10
4711	25176	35	114	89	0	25176626000	10
4712	25177	1	110	84	1	25177578000	10
4713	25177	6	109	85	1	25177296000	10
4714	25177	8	111	85	1	25177004001	10
4715	25177	10	113	85	1	25177314001	10
4716	25177	11	114	85	1	25177503001	10
4717	25178	3	112	84	1	25178400001	10
4718	25178	9	112	85	1	25178640001	10
4719	25178	24	109	88	0	25178627000	10
4720	25178	34	113	89	0	25178001001	10
4721	25179	2	111	84	1	25179534001	10
4722	25179	7	110	85	1	25179415000	10
4723	25179	8	111	85	1	25179113001	10
4724	25179	12	109	86	1	25179393000	10
4725	25179	13	110	86	1	25179681001	10
4726	25179	14	111	86	1	25179573000	10
4727	25179	15	112	86	1	25179573000	10
4728	25179	16	113	86	1	25179789000	10
4729	25179	17	114	86	1	25179602001	10
4730	25179	29	114	88	0	25179150000	10
4731	25179	35	114	89	0	25179837000	10
4732	25180	4	113	84	1	25180442000	10
4733	25181	5	114	84	1	25181230000	10
4734	25181	34	113	89	0	25181230000	10
4735	25182	6	109	85	1	25182353000	10
4736	25182	10	113	85	1	25182013000	10
4737	25182	12	109	86	1	25182253001	10
4738	25182	15	112	86	1	25182224000	10
4739	25182	17	114	86	1	25182060000	10
4740	25182	18	109	87	1	25182146001	10
4741	25182	19	110	87	1	25182228001	10
4742	25182	20	111	87	1	25182286000	10
4743	25182	21	112	87	1	25182198000	10
4744	25182	22	113	87	1	25182201000	10
4745	25182	23	114	87	1	25182228001	10
4746	25183	13	110	86	1	25183193001	10
4747	25183	35	114	89	0	25183975001	10
4748	25184	0	109	84	1	25184694001	11
4749	25184	11	114	85	1	25184228000	10
4750	25184	21	112	87	1	25184647000	11
4751	25184	24	109	88	1	25184286000	11
4752	25184	25	110	88	1	25184777000	11
4753	25184	26	111	88	1	25184581001	11
4754	25184	27	112	88	1	25184406001	11
4755	25184	28	113	88	1	25184646001	11
4756	25184	29	114	88	1	25184760000	11
4757	25185	16	113	86	1	25185875001	11
4758	25185	18	109	87	1	25185405001	11
4759	25185	19	110	87	1	25185764000	11
4760	25185	20	111	87	1	25185002000	11
4761	25185	22	113	87	1	25185189001	11
4762	25185	23	114	87	1	25185457000	11
4763	25186	24	109	88	1	25186679000	11
4764	25186	26	111	88	1	25186515000	11
4765	25186	27	112	88	1	25186281001	11
4766	25187	14	111	86	1	25187070000	11
4767	25187	25	110	88	1	25187532000	11
4768	25187	28	113	88	1	25187372001	11
4769	25187	29	114	88	1	25187844000	11
4770	25187	30	109	89	1	25187709000	11
4771	25187	31	110	89	1	25187284000	11
4772	25187	32	111	89	1	25187624000	11
4773	25187	33	112	89	1	25187415001	11
4774	25187	34	113	89	1	25187506000	11
4775	25187	35	114	89	1	25187174000	11
4776	25189	31	110	89	1	25189386000	11
4777	25189	35	114	89	1	25189162001	11
4778	25190	33	112	89	1	25190497001	12
4779	25191	30	109	89	1	25191096001	12
4780	25191	34	113	89	1	25191469000	12
4781	25384	3	112	84	0	25384392000	15
4782	25417	24	109	88	0	25417522000	16
4783	25417	30	109	89	0	25417204000	16
4784	25418	12	109	86	0	25418646001	16
4785	25418	18	109	87	0	25418406000	16
4786	25418	31	110	89	0	25418795001	16
4787	25419	0	109	84	0	25419987000	17
4788	25419	6	109	85	0	25419457001	16
4789	25419	19	110	87	0	25419686000	16
4790	25419	24	109	88	0	25419673001	16
4791	25419	25	110	88	0	25419302001	16
4792	25419	30	109	89	0	25419425000	16
4793	25420	7	110	85	0	25420914001	17
4794	25420	12	109	86	0	25420828000	17
4795	25420	13	110	86	0	25420052000	17
4796	25420	26	111	88	0	25420595000	17
4797	25420	32	111	89	0	25420397001	17
4798	25421	1	110	84	0	25421129001	17
4799	25421	6	109	85	1	25421903001	17
4800	25421	14	111	86	0	25421648000	17
4801	25421	18	109	87	0	25421022001	17
4802	25421	20	111	87	0	25421338000	17
4803	25421	27	112	88	0	25421948001	17
4804	25421	31	110	89	0	25421307000	17
4805	25421	33	112	89	0	25421597000	17
4806	25422	0	109	84	0	25422486000	17
4807	25422	2	111	84	0	25422705001	17
4808	25422	8	111	85	0	25422541001	17
4809	25422	13	110	86	0	25422836001	17
4810	25422	19	110	87	0	25422647000	17
4811	25422	21	112	87	0	25422783001	17
4812	25422	25	110	88	0	25422093001	17
4813	25422	26	111	88	0	25422490001	17
4814	25422	32	111	89	0	25422948000	17
4815	25423	1	110	84	0	25423675001	17
4816	25423	7	110	85	0	25423302000	17
4817	25423	14	111	86	0	25423743001	17
4818	25423	15	112	86	0	25423066000	17
4819	25423	20	111	87	0	25423248001	17
4820	25423	28	113	88	0	25423733000	17
4821	25423	34	113	89	0	25423089000	17
4822	25424	2	111	84	0	25424768000	17
4823	25424	3	112	84	0	25424468000	17
4824	25424	9	112	85	0	25424116000	17
4825	25424	16	113	86	0	25424783000	17
4826	25424	21	112	87	0	25424862000	17
4827	25424	22	113	87	0	25424133000	17
4828	25424	27	112	88	0	25424139001	17
4829	25424	33	112	89	0	25424072001	17
4830	25424	35	114	89	0	25424583000	17
4831	25425	8	111	85	0	25425045000	17
4832	25425	10	113	85	0	25425538001	17
4833	25425	15	112	86	0	25425482001	17
4834	25425	23	114	87	0	25425775001	17
4835	25425	28	113	88	0	25425780001	17
4836	25425	29	114	88	0	25425041000	17
4837	25425	34	113	89	0	25425012001	17
4838	25426	3	112	84	0	25426674000	17
4839	25426	4	113	84	0	25426236001	17
4840	25426	9	112	85	0	25426474000	17
4841	25426	11	114	85	0	25426622001	17
4842	25426	16	113	86	0	25426999001	17
4843	25426	17	114	86	0	25426449000	17
4844	25426	22	113	87	0	25426117000	17
4845	25426	35	114	89	0	25426523001	17
4846	25427	5	114	84	0	25427683001	17
4847	25427	10	113	85	0	25427897001	17
4848	25427	29	114	88	0	25427140001	17
4849	25428	4	113	84	0	25428641000	17
4850	25428	11	114	85	0	25428755001	17
4851	25428	23	114	87	0	25428045000	17
4852	25429	3	112	84	0	25429762001	17
4853	25429	17	114	86	0	25429089000	17
4854	25430	5	114	84	0	25430345001	17
4855	25430	22	113	87	0	25430563000	17
4856	25435	9	112	85	0	25435452000	17
4857	25439	31	110	89	1	25439679000	17
4858	25440	30	109	89	1	25440248000	17
4859	25440	32	111	89	1	25440744001	17
4860	25441	33	112	89	1	25441260000	18
4861	25441	34	113	89	1	25441965001	18
4862	25442	24	109	88	1	25442763000	18
4863	25442	30	109	89	1	25442588001	18
4864	25442	31	110	89	1	25442500001	18
4865	25442	35	114	89	1	25442609000	18
4866	25443	25	110	88	1	25443213000	18
4867	25443	26	111	88	1	25443157000	18
4868	25443	27	112	88	1	25443676001	18
4869	25443	32	111	89	1	25443370001	18
4870	25443	33	112	89	1	25443939000	18
4871	25444	34	113	89	1	25444699000	18
4872	25444	35	114	89	1	25444910000	18
4873	25445	15	112	86	0	25445604001	18
4874	25445	19	110	87	1	25445987001	18
4875	25445	24	109	88	1	25445481001	18
4876	25445	26	111	88	1	25445956001	18
4877	25445	28	113	88	1	25445334001	18
4878	25445	29	114	88	1	25445250001	18
4879	25446	18	109	87	1	25446201001	18
4880	25446	25	110	88	1	25446137000	18
4881	25446	27	112	88	1	25446248000	18
4882	25447	20	111	87	1	25447279001	18
4883	25447	21	112	87	1	25447183001	18
4884	25447	22	113	87	1	25447637000	18
4885	25447	31	110	89	1	25447410000	18
4886	25448	12	109	86	1	25448801001	18
4887	25448	13	110	86	1	25448427001	18
4888	25448	18	109	87	1	25448729000	18
4889	25448	19	110	87	1	25448856000	18
4890	25448	23	114	87	1	25448383000	18
4891	25448	26	111	88	1	25448386000	18
4892	25448	27	112	88	1	25448393001	18
4893	25448	28	113	88	1	25448076001	18
4894	25448	29	114	88	1	25448113000	18
4895	25449	20	111	87	1	25449754000	18
4896	25450	14	111	86	1	25450215000	18
4897	25450	15	112	86	1	25450138001	18
4898	25450	21	112	87	1	25450099001	18
4899	25450	22	113	87	1	25450731000	18
4900	25451	6	109	85	1	25451711001	18
4901	25451	12	109	86	1	25451649001	18
4902	25451	13	110	86	1	25451778000	18
4903	25451	16	113	86	1	25451315001	18
4904	25451	17	114	86	1	25451689001	18
4905	25451	23	114	87	1	25451096000	18
4906	25452	7	110	85	1	25452135000	18
4907	25452	8	111	85	1	25452352000	18
4908	25452	9	112	85	1	25452956001	18
4909	25452	14	111	86	1	25452625000	18
4910	25452	15	112	86	1	25452745000	18
4911	25453	10	113	85	1	25453447000	18
4912	25453	16	113	86	1	25453945000	18
4913	25453	35	114	89	1	25453350001	18
4914	25454	1	110	84	1	25454821001	18
4915	25454	6	109	85	1	25454541000	18
4916	25454	7	110	85	1	25454686001	18
4917	25454	11	114	85	1	25454964000	18
4918	25454	17	114	86	1	25454552000	18
4919	25455	0	109	84	1	25455031000	18
4920	25455	8	111	85	1	25455427000	18
4921	25455	9	112	85	1	25455792001	18
4922	25456	2	111	84	1	25456083000	18
4923	25456	3	112	84	1	25456271001	18
4924	25456	5	114	84	1	25456768001	18
4925	25456	10	113	85	1	25456366001	18
4926	25457	0	109	84	1	25457748001	18
4927	25457	1	110	84	1	25457762001	18
4928	25457	4	113	84	1	25457110000	18
4929	25457	11	114	85	1	25457396001	18
4930	25457	15	112	86	1	25457793001	18
4931	25458	2	111	84	1	25458717000	18
4932	25458	8	111	85	1	25458998001	18
4933	25458	13	110	86	1	25458532000	18
4934	25459	3	112	84	1	25459094001	18
4935	25459	7	110	85	1	25459180001	18
4936	25460	1	110	84	1	25460441001	18
4937	25460	4	113	84	1	25460074000	18
4938	25460	5	114	84	1	25460116000	18
4939	25460	9	112	85	1	25460517001	18
4940	25462	10	113	85	1	25462800001	18
4941	25467	5	114	84	1	25467582000	18
4942	25556	0	109	84	0	25556197000	14
4943	25556	1	110	84	0	25556014000	14
4944	25556	2	111	84	0	25556526000	14
4945	25556	3	112	84	0	25556607000	14
4946	25556	4	113	84	0	25556993000	14
4947	25556	5	114	84	0	25556750001	14
4948	25557	6	109	85	0	25557532001	14
4949	25557	7	110	85	0	25557349001	14
4950	25557	8	111	85	0	25557687001	14
4951	25557	9	112	85	0	25557769001	14
4952	25557	10	113	85	0	25557832000	14
4953	25558	0	109	84	0	25558898000	14
4954	25558	1	110	84	0	25558208001	14
4955	25558	2	111	84	0	25558377000	14
4956	25558	11	114	85	0	25558291000	14
4957	25558	12	109	86	0	25558473000	14
4958	25558	13	110	86	0	25558556001	14
4959	25558	14	111	86	0	25558795001	14
4960	25558	15	112	86	0	25558955000	14
4961	25559	3	112	84	0	25559849000	14
4962	25559	4	113	84	0	25559269001	14
4963	25559	5	114	84	0	25559666000	14
4964	25559	7	110	85	0	25559693001	14
4965	25559	16	113	86	0	25559220001	14
4966	25559	17	114	86	0	25559632001	14
4967	25560	6	109	85	1	25560526001	14
4968	25560	8	111	85	0	25560045001	14
4969	25560	9	112	85	0	25560240000	14
4970	25560	10	113	85	0	25560719000	14
4971	25560	11	114	85	0	25560448001	14
4972	25560	12	109	86	0	25560812000	14
4973	25560	13	110	86	0	25560796001	14
4974	25560	14	111	86	0	25560964000	14
4975	25560	15	112	86	0	25560846000	14
4976	25560	18	109	87	0	25560023001	14
4977	25560	19	110	87	0	25560112001	14
4978	25560	20	111	87	0	25560366001	14
4979	25560	21	112	87	0	25560297000	14
4980	25560	22	113	87	0	25560466000	14
4981	25560	23	114	87	0	25560805001	14
4982	25560	24	109	88	0	25560822001	14
4983	25560	26	111	88	0	25560938000	14
4984	25561	16	113	86	0	25561709001	14
4985	25561	17	114	86	0	25561889001	14
4986	25561	25	110	88	0	25561377000	14
4987	25561	27	112	88	0	25561267001	14
4988	25561	28	113	88	0	25561600000	14
4989	25561	29	114	88	0	25561871001	14
4990	25562	18	109	87	0	25562966001	14
4991	25562	19	110	87	0	25562563000	14
4992	25562	20	111	87	0	25562342001	14
4993	25562	21	112	87	0	25562413000	14
4994	25562	22	113	87	0	25562626001	14
4995	25562	24	109	88	0	25562970000	14
4996	25562	26	111	88	0	25562617001	14
4997	25562	30	109	89	0	25562361001	14
4998	25562	31	110	89	0	25562245000	14
4999	25562	32	111	89	0	25562617001	14
5000	25562	34	113	89	0	25562909000	14
5001	25562	35	114	89	0	25562898000	14
5002	25563	23	114	87	0	25563701001	14
5003	25563	25	110	88	0	25563989000	14
5004	25563	27	112	88	0	25563275000	14
5005	25563	28	113	88	0	25563799001	14
5006	25563	29	114	88	0	25563599001	14
5007	25563	33	112	89	0	25563047000	14
5008	25564	30	109	89	0	25564816001	15
5009	25564	31	110	89	0	25564320001	14
5010	25564	35	114	89	0	25564796001	15
5011	25565	33	112	89	0	25565345001	15
5012	25565	34	113	89	0	25565284000	15
5013	25566	32	111	89	0	25566448001	15
5014	25570	0	109	84	1	25570450001	15
5015	25570	1	110	84	1	25570487000	15
5016	25571	2	111	84	1	25571066001	15
5017	25571	3	112	84	1	25571330001	15
5018	25571	4	113	84	1	25571635001	15
5019	25571	5	114	84	1	25571850000	15
5020	25571	6	109	85	1	25571721001	15
5021	25571	7	110	85	1	25571849000	15
5022	25572	8	111	85	1	25572132001	15
5023	25572	9	112	85	1	25572559000	15
5024	25572	10	113	85	1	25572910000	15
5025	25572	12	109	86	1	25572912001	15
5026	25573	11	114	85	1	25573148001	15
5027	25573	13	110	86	1	25573037000	15
5028	25573	14	111	86	1	25573268000	15
5029	25573	15	112	86	1	25573880001	15
5030	25574	16	113	86	1	25574139001	15
5031	25574	17	114	86	1	25574513001	15
5032	25574	18	109	87	1	25574589001	15
5033	25574	19	110	87	1	25574316001	15
5034	25574	20	111	87	1	25574637001	15
5035	25574	21	112	87	1	25574963001	15
5036	25575	8	111	85	1	25575649000	15
5037	25575	12	109	86	0	25575347001	15
5038	25575	22	113	87	1	25575495001	15
5039	25575	23	114	87	1	25575643000	15
5040	25576	0	109	84	0	25576570001	15
5041	25576	6	109	85	0	25576014001	15
5042	25576	25	110	88	1	25576021000	15
5043	25576	26	111	88	1	25576040000	15
5044	25576	27	112	88	1	25576097000	15
5045	25576	28	113	88	1	25576804001	15
5046	25576	29	114	88	1	25576928001	15
5047	25577	32	111	89	1	25577274001	15
5048	25577	33	112	89	1	25577460001	15
5049	25577	34	113	89	1	25577872000	15
5050	25578	7	110	85	0	25578975000	15
5051	25578	12	109	86	0	25578531000	15
5052	25578	13	110	86	0	25578232000	15
5053	25578	18	109	87	0	25578590000	15
5054	25578	19	110	87	0	25578113001	15
5055	25578	35	114	89	1	25578244000	15
5056	25579	6	109	85	0	25579322000	15
5057	25579	25	110	88	0	25579465000	15
5058	25579	31	110	89	1	25579282000	15
5059	25580	0	109	84	0	25580934000	15
5060	25580	1	110	84	0	25580061001	15
5061	25580	13	110	86	0	25580989001	15
5062	25580	26	111	88	0	25580072001	15
5063	25580	32	111	89	0	25580348001	15
5064	25581	7	110	85	0	25581481001	16
5065	25581	12	109	86	0	25581221000	15
5066	25581	19	110	87	0	25581405001	16
5067	25581	20	111	87	0	25581379000	15
5068	25582	8	111	85	0	25582239001	16
5069	25582	14	111	86	0	25582056001	16
5070	25582	26	111	88	0	25582536000	16
5071	25582	33	112	89	0	25582888000	16
5072	25583	1	110	84	0	25583371000	16
5073	25583	2	111	84	0	25583708001	16
5074	25583	13	110	86	0	25583910001	16
5075	25583	20	111	87	0	25583827000	16
5076	25583	27	112	88	0	25583633000	16
5077	25584	7	110	85	0	25584619001	16
5078	25584	21	112	87	0	25584392001	16
5079	25584	32	111	89	0	25584694000	16
5080	25585	0	109	84	1	25585767000	16
5081	25585	8	111	85	0	25585423000	16
5082	25585	15	112	86	0	25585475001	16
5083	25585	25	110	88	0	25585079001	16
5084	25585	26	111	88	0	25585597000	16
5085	25585	27	112	88	0	25585825000	16
5086	25586	1	110	84	1	25586453000	16
5087	25586	9	112	85	0	25586810000	16
5088	25586	14	111	86	0	25586091001	16
5089	25586	20	111	87	0	25586920000	16
5090	25586	33	112	89	0	25586132000	16
5091	25586	34	113	89	0	25586401001	16
5092	25587	2	111	84	1	25587497000	16
5093	25587	6	109	85	1	25587294000	16
5094	25587	7	110	85	1	25587461000	16
5095	25587	21	112	87	0	25587465001	16
5096	25587	28	113	88	0	25587088001	16
5097	25588	8	111	85	1	25588334001	16
5098	25588	12	109	86	1	25588307001	16
5099	25588	13	110	86	1	25588810001	16
5100	25588	15	112	86	0	25588081001	16
5101	25588	22	113	87	0	25588365001	16
5102	25588	27	112	88	0	25588930000	16
5103	25589	9	112	85	1	25589254000	16
5104	25589	14	111	86	1	25589388000	16
5105	25589	16	113	86	0	25589679001	16
5106	25589	18	109	87	1	25589738000	17
5107	25589	28	113	88	0	25589863001	17
5108	25589	34	113	89	0	25589717000	17
5109	25589	35	114	89	0	25589962000	17
5110	25590	15	112	86	1	25590337000	17
5111	25590	19	110	87	1	25590121001	17
5112	25590	20	111	87	1	25590768000	17
5113	25590	24	109	88	1	25590805001	17
5114	25590	29	114	88	0	25590982001	17
5115	25591	21	112	87	1	25591372000	17
5116	25591	25	110	88	1	25591477000	17
5117	25591	26	111	88	1	25591840000	17
5118	25592	22	113	87	1	25592308001	17
5119	25592	27	112	88	1	25592338000	17
5120	25592	30	109	89	1	25592301000	17
5121	25592	31	110	89	1	25592757000	17
5122	25592	35	114	89	0	25592698000	17
5123	25593	7	110	85	1	25593718001	17
5124	25593	28	113	88	1	25593354000	17
5125	25593	29	114	88	1	25593968001	17
5126	25593	32	111	89	1	25593280000	17
5127	25593	33	112	89	1	25593954001	17
5128	25594	34	113	89	1	25594513000	17
5129	25595	35	114	89	1	25595031000	17
5130	25597	27	112	88	1	25597097000	17
5131	25601	26	111	88	1	25601937000	18
5132	25607	31	110	89	1	25607302000	19
5133	25648	7	110	85	0	25648768000	22
5134	25656	7	110	85	1	25656745001	22
5135	25659	22	113	87	0	25659196001	22
5136	25662	27	112	88	0	25662597000	22
5137	25663	26	111	88	0	25663493001	22
5138	25664	29	114	88	0	25664192000	22
5139	25669	31	110	89	0	25669002000	21
5140	25701	31	110	89	1	25701225001	16
5141	26331	35	114	89	0	26331382000	25
5142	26335	29	114	88	0	26335026000	25
5143	26337	23	114	87	0	26337295000	24
5144	26339	34	113	89	0	26339652001	24
5145	26344	11	114	85	0	26344075001	23
5146	26345	22	113	87	0	26345592001	22
5147	26345	28	113	88	0	26345109001	22
5148	26346	16	113	86	0	26346253000	22
5149	26348	21	112	87	0	26348448000	22
5150	26350	15	112	86	0	26350499000	21
5151	26352	9	112	85	0	26352538001	21
5152	26354	3	112	84	0	26354172000	21
5153	26356	26	111	88	0	26356819001	20
5154	26359	27	112	88	0	26359928001	19
5155	26365	2	111	84	0	26365429000	18
5156	26365	7	110	85	0	26365339000	18
5157	26366	13	110	86	0	26366687000	18
5158	26471	5	114	84	0	26471105001	24
5159	26471	11	114	85	0	26471065001	24
5160	26472	10	113	85	0	26472340001	24
5161	26473	4	113	84	0	26473061001	25
5162	26473	5	114	84	0	26473897001	25
5163	26473	11	114	85	0	26473976001	25
5164	26473	17	114	86	0	26473897001	25
5165	26474	3	112	84	0	26474982000	25
5166	26474	9	112	85	0	26474330001	25
5167	26475	4	113	84	0	26475257000	25
5168	26475	8	111	85	0	26475888000	25
5169	26475	10	113	85	0	26475069000	25
5170	26475	16	113	86	0	26475011001	25
5171	26476	9	112	85	0	26476893000	25
5172	26476	11	114	85	0	26476500001	25
5173	26476	15	112	86	0	26476431000	25
5174	26476	17	114	86	0	26476219001	25
5175	26476	23	114	87	0	26476870000	25
5176	26477	2	111	84	0	26477525000	25
5177	26477	3	112	84	0	26477369001	25
5178	26477	7	110	85	0	26477958001	25
5179	26477	14	111	86	0	26477244000	25
5180	26477	16	113	86	0	26477455000	25
5181	26478	4	113	84	0	26478401000	25
5182	26478	8	111	85	0	26478703001	25
5183	26478	10	113	85	0	26478383001	25
5184	26478	13	110	86	0	26478827001	25
5185	26478	15	112	86	0	26478894000	25
5186	26478	22	113	87	0	26478034001	25
5187	26479	1	110	84	0	26479389000	25
5188	26479	2	111	84	0	26479701000	26
5189	26479	6	109	85	0	26479747001	26
5190	26479	9	112	85	0	26479515000	26
5191	26479	12	109	86	0	26479572000	26
5192	26479	14	111	86	0	26479671001	26
5193	26479	17	114	86	0	26479211000	25
5194	26479	21	112	87	0	26479049001	25
5195	26479	23	114	87	0	26479652001	26
5196	26479	29	114	88	0	26479515000	26
5197	26480	5	114	84	0	26480722000	26
5198	26480	7	110	85	0	26480515000	26
5199	26480	16	113	86	0	26480454001	26
5200	26480	20	111	87	0	26480135000	26
5201	26480	22	113	87	0	26480446001	26
5202	26480	28	113	88	0	26480596000	26
5203	26481	0	109	84	0	26481467001	26
5204	26481	1	110	84	0	26481635000	26
5205	26481	3	112	84	0	26481521001	26
5206	26481	13	110	86	0	26481605001	26
5207	26481	15	112	86	0	26481899000	26
5208	26481	19	110	87	0	26481277000	26
5209	26481	21	112	87	0	26481604000	26
5210	26481	27	112	88	0	26481391001	26
5211	26481	29	114	88	0	26481930000	26
5212	26481	35	114	89	0	26481925000	26
5213	26482	6	109	85	0	26482161000	26
5214	26482	12	109	86	0	26482126001	26
5215	26482	14	111	86	0	26482381001	26
5216	26482	18	109	87	0	26482362001	26
5217	26482	20	111	87	0	26482628000	26
5218	26482	23	114	87	0	26482448000	26
5219	26482	26	111	88	0	26482665000	26
5220	26482	28	113	88	0	26482914001	26
5221	26482	34	113	89	0	26482817000	26
5222	26483	2	111	84	0	26483421000	26
5223	26483	8	111	85	0	26483792001	26
5224	26483	19	110	87	0	26483859001	26
5225	26483	22	113	87	0	26483012001	26
5226	26483	24	109	88	0	26483980001	26
5227	26483	25	110	88	0	26483708000	26
5228	26483	27	112	88	0	26483725000	26
5229	26483	33	112	89	0	26483862001	26
5230	26484	0	109	84	0	26484039001	26
5231	26484	1	110	84	0	26484357001	26
5232	26484	12	109	86	0	26484642001	26
5233	26484	21	112	87	0	26484194001	26
5234	26484	26	111	88	0	26484647001	26
5235	26484	29	114	88	0	26484946001	26
5236	26484	32	111	89	0	26484795000	26
5237	26484	35	114	89	0	26484254000	26
5238	26485	18	109	87	0	26485056000	26
5239	26485	20	111	87	0	26485771000	26
5240	26485	28	113	88	0	26485978001	26
5241	26485	31	110	89	0	26485566000	26
5242	26485	34	113	89	0	26485190001	26
5243	26486	13	110	86	0	26486592001	26
5244	26486	24	109	88	0	26486511000	26
5245	26486	25	110	88	0	26486630000	26
5246	26486	26	111	88	0	26486834001	26
5247	26486	27	112	88	0	26486150001	26
5248	26486	30	109	89	0	26486635000	26
5249	26486	33	112	89	0	26486398001	26
5250	26486	35	114	89	0	26486962000	26
5251	26487	0	109	84	0	26487127001	26
5252	26487	19	110	87	0	26487503001	27
5253	26487	32	111	89	0	26487797001	27
5254	26488	31	110	89	0	26488659000	27
5255	26488	34	113	89	0	26488418001	27
5256	26489	24	109	88	0	26489299001	27
5257	26489	25	110	88	0	26489868001	27
5258	26489	30	109	89	0	26489108001	27
5259	26492	6	109	85	0	26492587000	27
5260	26493	30	109	89	0	26493457000	27
5261	26500	24	109	88	0	26500902001	28
5262	26509	5	114	84	1	26509232000	28
5263	26509	11	114	85	1	26509321000	28
5264	26509	17	114	86	1	26509608000	28
5265	26509	23	114	87	1	26509320001	28
5266	26509	29	114	88	1	26509421001	28
5267	26509	35	114	89	1	26509358000	28
5268	26510	4	113	84	1	26510476000	29
5269	26510	10	113	85	1	26510413000	28
5270	26510	16	113	86	1	26510457001	29
5271	26510	22	113	87	1	26510534000	29
5272	26510	28	113	88	1	26510644000	29
5273	26510	34	113	89	1	26510380000	28
5274	26511	3	112	84	1	26511320000	29
5275	26511	9	112	85	1	26511752001	29
5276	26511	15	112	86	1	26511773000	29
5277	26511	21	112	87	1	26511660000	29
5278	26511	27	112	88	1	26511601000	29
5279	26511	33	112	89	1	26511774001	29
5280	26511	35	114	89	1	26511147001	29
5281	26512	2	111	84	1	26512653000	29
5282	26512	8	111	85	1	26512517001	29
5283	26512	14	111	86	1	26512633001	29
5284	26512	20	111	87	1	26512790001	29
5285	26512	26	111	88	1	26512680001	29
5286	26512	32	111	89	1	26512952000	29
5287	26512	34	113	89	1	26512630001	29
5288	26513	1	110	84	1	26513623001	29
5289	26513	3	112	84	1	26513787001	29
5290	26513	7	110	85	1	26513931000	29
5291	26513	8	111	85	1	26513885001	29
5292	26513	13	110	86	1	26513932000	29
5293	26513	19	110	87	1	26513982000	29
5294	26513	21	112	87	1	26513991000	29
5295	26513	27	112	88	1	26513244000	29
5296	26513	29	114	88	1	26513888001	29
5297	26513	31	110	89	1	26513959000	29
5298	26514	0	109	84	1	26514603001	29
5299	26514	6	109	85	1	26514773000	29
5300	26514	11	114	85	1	26514045001	29
5301	26514	20	111	87	1	26514938001	29
5302	26514	24	109	88	1	26514859001	29
5303	26514	25	110	88	1	26514056001	29
5304	26514	26	111	88	1	26514295000	29
5305	26515	1	110	84	1	26515153000	29
5306	26515	2	111	84	1	26515714001	29
5307	26515	12	109	86	1	26515305000	29
5308	26515	14	111	86	1	26515010001	29
5309	26515	18	109	87	1	26515267001	29
5310	26515	30	109	89	1	26515246000	29
5311	26515	31	110	89	1	26515965001	29
5312	26516	0	109	84	1	26516699001	29
5313	26516	6	109	85	1	26516631001	29
5314	26516	7	110	85	1	26516558001	29
5315	26516	9	112	85	1	26516357000	29
5316	26516	25	110	88	1	26516764001	29
5317	26517	24	109	88	1	26517077001	29
5318	26518	13	110	86	1	26518715000	29
5319	26518	19	110	87	1	26518855001	29
5320	26518	28	113	88	1	26518683001	29
5321	26518	30	109	89	1	26518165001	29
5322	26519	10	113	85	1	26519957000	29
5323	26519	15	112	86	1	26519616000	29
5324	26519	23	114	87	1	26519319001	29
5325	26520	5	114	84	1	26520595000	29
5326	26522	33	112	89	1	26522650000	29
5327	26523	22	113	87	1	26523251001	29
5328	26726	35	114	89	0	26726880001	7
5329	26728	29	114	88	1	26728287001	7
5330	26878	12	109	86	0	26878304000	37
5331	26880	24	109	88	0	26880464001	37
5332	26881	6	109	85	0	26881050001	37
5333	26881	18	109	87	0	26881306001	37
5334	26882	12	109	86	0	26882473000	37
5335	26883	0	109	84	0	26883969001	37
5336	26885	6	109	85	0	26885262000	37
5337	26888	0	109	84	0	26888272001	36
5338	26890	12	109	86	0	26890058001	36
5339	26896	12	109	86	1	26896940001	36
5340	26899	6	109	85	1	26899015000	36
5341	26900	18	109	87	1	26900735000	35
5342	26901	0	109	84	1	26901893001	35
5343	26910	6	109	85	1	26910939000	34
5344	26929	34	113	89	0	26929356000	31
5345	26930	29	114	88	0	26930923000	31
5346	26930	33	112	89	0	26930767001	31
5347	26931	28	113	88	0	26931864000	31
5348	26931	31	110	89	0	26931986001	31
5349	26931	32	111	89	0	26931238001	31
5350	26932	23	114	87	0	26932634000	31
5351	26932	26	111	88	0	26932837000	31
5352	26932	27	112	88	0	26932194001	31
5353	26932	30	109	89	0	26932830001	31
5354	26933	21	112	87	0	26933828000	30
5355	26933	22	113	87	0	26933007001	31
5356	26934	20	111	87	0	26934916001	30
5357	26934	25	110	88	0	26934309000	30
5358	26935	15	112	86	0	26935864001	30
5359	26935	16	113	86	0	26935623000	30
5360	26935	19	110	87	0	26935594001	30
5361	26936	11	114	85	0	26936866001	30
5362	26936	14	111	86	0	26936588001	30
5363	26936	18	109	87	0	26936524000	30
5364	26937	9	112	85	0	26937731000	30
5365	26937	10	113	85	0	26937264000	30
5366	26937	13	110	86	0	26937259000	30
5367	26938	5	114	84	0	26938767000	29
5368	26938	8	111	85	0	26938767000	29
5369	26939	3	112	84	0	26939394000	29
5370	26939	4	113	84	0	26939201000	29
5371	26939	7	110	85	0	26939032000	29
5372	26940	2	111	84	0	26940278000	29
5373	26940	6	109	85	0	26940361001	29
5374	26941	1	110	84	0	26941065001	29
5375	26946	21	112	87	1	26946241001	28
5376	27226	30	109	89	0	27226617000	6
5377	27227	24	109	88	0	27227032001	6
5378	27227	31	110	89	0	27227499001	6
5379	27228	12	109	86	0	27228620000	6
5380	27228	18	109	87	0	27228087001	6
5381	27228	19	110	87	0	27228823000	6
5382	27228	25	110	88	0	27228211001	6
5383	27228	26	111	88	0	27228909001	6
5384	27228	32	111	89	0	27228315001	6
5385	27229	6	109	85	0	27229468000	6
5386	27229	13	110	86	0	27229600000	6
5387	27229	20	111	87	0	27229931001	6
5388	27229	24	109	88	0	27229224001	6
5389	27229	27	112	88	0	27229836000	6
5390	27229	30	109	89	0	27229034000	6
5391	27229	33	112	89	0	27229296000	6
5392	27230	0	109	84	0	27230342000	6
5393	27230	1	110	84	0	27230909000	6
5394	27230	7	110	85	0	27230506000	6
5395	27230	14	111	86	0	27230603001	6
5396	27230	18	109	87	0	27230908000	6
5397	27230	21	112	87	0	27230334000	6
5398	27230	25	110	88	0	27230909000	6
5399	27230	26	111	88	0	27230834001	6
5400	27230	28	113	88	0	27230820001	6
5401	27230	31	110	89	0	27230991001	6
5402	27230	34	113	89	0	27230287000	6
5403	27230	35	114	89	0	27230806001	6
5404	27231	2	111	84	0	27231890000	6
5405	27231	8	111	85	0	27231515001	6
5406	27231	12	109	86	0	27231034001	6
5407	27231	15	112	86	0	27231162000	6
5408	27231	19	110	87	0	27231365001	6
5409	27231	20	111	87	0	27231823000	6
5410	27231	22	113	87	0	27231587000	6
5411	27231	27	112	88	0	27231783000	6
5412	27231	29	114	88	0	27231389000	6
5413	27231	32	111	89	0	27231129001	6
5414	27232	1	110	84	0	27232883001	6
5415	27232	3	112	84	0	27232759001	6
5416	27232	7	110	85	0	27232906000	6
5417	27232	9	112	85	0	27232210001	6
5418	27232	13	110	86	0	27232063001	6
5419	27232	14	111	86	0	27232719001	6
5420	27232	16	113	86	0	27232113000	6
5421	27232	21	112	87	0	27232600000	6
5422	27232	23	114	87	0	27232301000	6
5423	27232	28	113	88	0	27232780000	6
5424	27232	34	113	89	0	27232819000	6
5425	27232	35	114	89	0	27232744001	6
5426	27233	4	113	84	0	27233691000	6
5427	27233	10	113	85	0	27233169001	6
5428	27233	11	114	85	0	27233787000	6
5429	27233	15	112	86	0	27233164001	6
5430	27233	17	114	86	0	27233218001	6
5431	27233	22	113	87	0	27233749001	6
5432	27233	29	114	88	0	27233486000	6
5433	27234	2	111	84	0	27234058000	6
5434	27234	3	112	84	0	27234835001	6
5435	27234	5	114	84	0	27234589000	6
5436	27234	8	111	85	0	27234954001	6
5437	27234	9	112	85	0	27234221000	6
5438	27234	16	113	86	0	27234017001	6
5439	27234	26	111	88	0	27234873000	6
5440	27234	33	112	89	0	27234854000	6
5441	27235	4	113	84	0	27235701000	6
5442	27235	11	114	85	0	27235903001	6
5443	27235	17	114	86	0	27235868001	6
5444	27235	23	114	87	0	27235066001	6
5445	27236	10	113	85	0	27236627000	6
5446	27236	20	111	87	0	27236781001	6
5447	27237	5	114	84	0	27237445001	6
5448	27240	6	109	85	0	27240195000	7
5449	27241	0	109	84	0	27241124000	7
5450	27244	0	109	84	1	27244810001	7
5451	27245	6	109	85	1	27245374000	7
5452	27247	0	109	84	1	27247485000	7
5453	27247	12	109	86	1	27247811000	7
5454	27248	1	110	84	1	27248579000	7
5455	27248	6	109	85	1	27248053000	7
5456	27249	7	110	85	1	27249756000	7
5457	27249	18	109	87	1	27249512001	7
5458	27250	1	110	84	1	27250693000	8
5459	27250	12	109	86	1	27250184000	7
5460	27250	24	109	88	1	27250003000	7
5461	27251	13	110	86	1	27251135000	8
5462	27252	6	109	85	1	27252980001	8
5463	27252	7	110	85	1	27252015000	8
5464	27252	18	109	87	1	27252045001	8
5465	27252	19	110	87	1	27252761000	8
5466	27252	24	109	88	1	27252543001	8
5467	27252	30	109	89	1	27252278000	8
5468	27253	2	111	84	1	27253214000	8
5469	27253	8	111	85	1	27253935000	8
5470	27253	13	110	86	1	27253746000	8
5471	27254	25	110	88	1	27254376001	8
5472	27254	30	109	89	1	27254712000	8
5473	27255	1	110	84	1	27255141001	8
5474	27255	2	111	84	1	27255863000	8
5475	27255	7	110	85	1	27255985001	8
5476	27255	14	111	86	1	27255894000	8
5477	27255	19	110	87	1	27255204000	8
5478	27255	31	110	89	1	27255290001	8
5479	27256	3	112	84	1	27256879000	8
5480	27256	8	111	85	1	27256394000	8
5481	27256	25	110	88	1	27256739001	8
5482	27257	20	111	87	1	27257403001	8
5483	27257	31	110	89	1	27257626001	8
5484	27258	8	111	85	1	27258874000	9
5485	27258	9	112	85	1	27258425001	9
5486	27258	14	111	86	1	27258013000	9
5487	27258	26	111	88	1	27258039001	9
5488	27259	3	112	84	1	27259242001	9
5489	27259	15	112	86	1	27259658001	9
5490	27259	20	111	87	1	27259664001	9
5491	27259	32	111	89	1	27259939001	9
5492	27260	9	112	85	1	27260861000	9
5493	27260	21	112	87	1	27260478000	9
5494	27260	26	111	88	1	27260539001	9
5495	27261	4	113	84	1	27261614001	9
5496	27261	33	112	89	1	27261543001	9
5497	27261	34	113	89	1	27261484001	9
5498	27261	35	114	89	1	27261325000	9
5499	27262	15	112	86	1	27262303001	9
5500	27262	27	112	88	1	27262215000	9
5501	27262	32	111	89	1	27262718000	9
5502	27263	10	113	85	1	27263068000	9
5503	27263	13	110	86	1	27263451001	9
5504	27263	21	112	87	1	27263144000	9
5505	27263	29	114	88	1	27263125001	9
5506	27263	34	113	89	1	27263788000	9
5507	27263	35	114	89	1	27263364001	9
5508	27264	4	113	84	1	27264041000	9
5509	27264	16	113	86	1	27264791001	10
5510	27264	26	111	88	1	27264462001	9
5511	27264	27	112	88	1	27264387000	9
5512	27264	28	113	88	1	27264095000	9
5513	27264	33	112	89	1	27264128000	9
5514	27265	5	114	84	1	27265731001	10
5515	27265	10	113	85	1	27265686001	10
5516	27265	22	113	87	1	27265195000	10
5517	27265	23	114	87	1	27265559001	10
5518	27265	29	114	88	1	27265634000	10
5519	27265	31	110	89	1	27265764000	10
5520	27266	21	112	87	1	27266572001	10
5521	27266	28	113	88	1	27266351000	10
5522	27267	11	114	85	1	27267135001	10
5523	27267	16	113	86	1	27267383001	10
5524	27267	17	114	86	1	27267444000	10
5525	27267	22	113	87	1	27267830001	10
5526	27267	27	112	88	1	27267317000	10
5527	27268	5	114	84	1	27268358000	10
5528	27268	23	114	87	1	27268018000	10
5529	27269	11	114	85	1	27269932000	10
5530	27270	17	114	86	1	27270341001	10
5531	27271	3	112	84	1	27271654000	11
5532	27271	20	111	87	1	27271513000	10
5533	27272	5	114	84	1	27272598001	11
5534	27272	9	112	85	1	27272624001	11
5535	27272	15	112	86	1	27272479000	11
5536	27273	11	114	85	1	27273823000	11
5537	27274	4	113	84	1	27274060000	11
5538	27274	10	113	85	1	27274667001	11
5539	27504	0	109	84	0	27504306000	13
5540	27504	1	110	84	0	27504317001	13
5541	27504	2	111	84	0	27504527001	13
5542	27504	3	112	84	0	27504548000	13
5543	27505	4	113	84	0	27505127001	13
5544	27505	6	109	85	0	27505176000	13
5545	27505	7	110	85	0	27505382000	13
5546	27505	8	111	85	0	27505668000	13
5547	27505	9	112	85	0	27505712001	13
5548	27506	1	110	84	0	27506308000	13
5549	27506	2	111	84	0	27506624001	13
5550	27506	3	112	84	0	27506624001	13
5551	27506	10	113	85	0	27506047001	13
5552	27506	11	114	85	0	27506926000	13
5553	27506	12	109	86	0	27506127000	13
5554	27506	13	110	86	0	27506248000	13
5555	27506	14	111	86	0	27506515000	13
5556	27506	15	112	86	0	27506578000	13
5557	27506	16	113	86	0	27506867000	13
5558	27507	4	113	84	0	27507890001	13
5559	27507	5	114	84	0	27507936001	13
5560	27507	7	110	85	0	27507854001	13
5561	27507	8	111	85	0	27507711001	13
5562	27507	9	112	85	0	27507881000	13
5563	27507	17	114	86	0	27507489000	13
5564	27507	18	109	87	0	27507296001	13
5565	27507	19	110	87	0	27507482001	13
5566	27507	20	111	87	0	27507515000	13
5567	27507	21	112	87	0	27507565000	13
5568	27507	22	113	87	0	27507710001	13
5569	27507	24	109	88	0	27507994001	13
5570	27508	0	109	84	0	27508846000	13
5571	27508	13	110	86	0	27508905000	13
5572	27508	14	111	86	0	27508465001	13
5573	27508	15	112	86	0	27508662001	13
5574	27508	23	114	87	0	27508148000	13
5575	27508	25	110	88	0	27508530001	13
5576	27508	26	111	88	0	27508163001	13
5577	27508	27	112	88	0	27508476001	13
5578	27508	28	113	88	0	27508770000	13
5579	27509	10	113	85	0	27509237000	13
5580	27509	11	114	85	0	27509633001	13
5581	27509	12	109	86	0	27509222001	13
5582	27509	16	113	86	0	27509343001	13
5583	27509	20	111	87	0	27509492001	13
5584	27509	21	112	87	0	27509904000	13
5585	27509	22	113	87	0	27509731001	13
5586	27509	24	109	88	0	27509986000	13
5587	27509	29	114	88	0	27509001000	13
5588	27509	30	109	89	0	27509257000	13
5589	27509	31	110	89	0	27509189000	13
5590	27509	32	111	89	0	27509387001	13
5591	27509	33	112	89	0	27509651000	13
5592	27509	34	113	89	0	27509797000	13
5593	27509	35	114	89	0	27509941000	13
5594	27510	17	114	86	0	27510590001	13
5595	27510	18	109	87	0	27510498000	13
5596	27510	19	110	87	0	27510734000	13
5597	27510	25	110	88	0	27510847000	13
5598	27510	26	111	88	0	27510196001	13
5599	27510	27	112	88	0	27510568000	13
5600	27510	28	113	88	0	27510701000	13
5601	27511	5	114	84	0	27511306000	13
5602	27511	6	109	85	0	27511561001	13
5603	27511	23	114	87	0	27511937001	13
5604	27511	29	114	88	0	27511535001	13
5605	27511	30	109	89	0	27511401000	13
5606	27511	31	110	89	0	27511329001	13
5607	27511	35	114	89	0	27511758001	13
5608	27512	4	113	84	0	27512536000	13
5609	27512	32	111	89	0	27512514001	13
5610	27512	34	113	89	0	27512176001	13
5611	27513	3	112	84	0	27513075001	13
5612	27513	11	114	85	0	27513974000	13
5613	27513	33	112	89	0	27513812001	13
5614	27515	0	109	84	1	27515877001	13
5615	27515	17	114	86	0	27515431000	13
5616	27515	23	114	87	0	27515332001	13
5617	27516	1	110	84	1	27516142001	13
5618	27516	2	111	84	1	27516588000	13
5619	27516	3	112	84	1	27516815001	13
5620	27516	6	109	85	1	27516801001	13
5621	27517	4	113	84	1	27517180001	14
5622	27517	5	114	84	1	27517721001	14
5623	27517	7	110	85	1	27517056001	14
5624	27517	8	111	85	1	27517397001	14
5625	27517	9	112	85	1	27517810000	14
5626	27517	12	109	86	1	27517956000	14
5627	27517	29	114	88	0	27517632000	14
5628	27518	10	113	85	1	27518132001	14
5629	27518	11	114	85	1	27518453001	14
5630	27518	13	110	86	1	27518205001	14
5631	27518	14	111	86	1	27518455001	14
5632	27518	15	112	86	1	27518873000	14
5633	27518	18	109	87	1	27518834000	14
5634	27519	16	113	86	1	27519169000	14
5635	27519	17	114	86	1	27519398001	14
5636	27519	19	110	87	1	27519117001	14
5637	27519	20	111	87	1	27519545001	14
5638	27519	21	112	87	1	27519852000	14
5639	27519	24	109	88	1	27519831001	14
5640	27520	22	113	87	1	27520198001	14
5641	27520	23	114	87	1	27520311000	14
5642	27520	25	110	88	1	27520108001	14
5643	27520	26	111	88	1	27520535001	14
5644	27520	27	112	88	1	27520654001	14
5645	27520	30	109	89	1	27520947000	14
5646	27521	28	113	88	1	27521198000	14
5647	27521	29	114	88	1	27521296000	14
5648	27521	31	110	89	1	27521196001	14
5649	27521	32	111	89	1	27521626000	14
5650	27521	33	112	89	1	27521606000	14
5651	27522	34	113	89	1	27522220000	14
5652	27522	35	114	89	1	27522402000	14
5653	27544	8	111	85	1	27544367001	16
5654	27547	27	112	88	1	27547819000	17
5655	27549	33	112	89	1	27549737001	17
5656	27571	27	112	88	0	27571894001	20
5657	27574	33	112	89	0	27574208000	20
5658	27926	35	114	89	0	27926638000	14
5659	27928	29	114	88	0	27928128001	15
5660	27928	34	113	89	0	27928558001	15
5661	27928	35	114	89	0	27928648001	15
5662	27929	23	114	87	0	27929612000	15
5663	27929	28	113	88	0	27929819001	15
5664	27930	22	113	87	0	27930855001	15
5665	27930	29	114	88	0	27930084001	15
5666	27930	33	112	89	0	27930443001	15
5667	27930	34	113	89	0	27930501000	15
5668	27931	11	114	85	0	27931943000	15
5669	27931	17	114	86	0	27931133001	15
5670	27931	27	112	88	0	27931658000	15
5671	27931	28	113	88	0	27931849000	15
5672	27932	16	113	86	0	27932324001	15
5673	27932	21	112	87	0	27932797001	15
5674	27932	22	113	87	0	27932863000	15
5675	27932	23	114	87	0	27932071001	15
5676	27932	32	111	89	0	27932234001	15
5677	27932	33	112	89	0	27932772000	15
5678	27933	5	114	84	0	27933731001	15
5679	27933	11	114	85	0	27933880001	15
5680	27933	17	114	86	0	27933618001	15
5681	27933	26	111	88	0	27933415001	15
5682	27933	27	112	88	0	27933518000	15
5683	27933	29	114	88	0	27933138000	15
5684	27934	10	113	85	0	27934191000	15
5685	27934	15	112	86	0	27934204001	15
5686	27934	16	113	86	0	27934324001	15
5687	27934	20	111	87	0	27934925000	15
5688	27934	21	112	87	0	27934694001	15
5689	27934	22	113	87	0	27934858000	15
5690	27934	31	110	89	0	27934142001	15
5691	27935	4	113	84	0	27935206001	15
5692	27935	9	112	85	0	27935562000	15
5693	27935	25	110	88	0	27935471000	15
5694	27935	26	111	88	0	27935223001	15
5695	27935	30	109	89	0	27935905000	15
5696	27935	32	111	89	0	27935008001	15
5697	27935	34	113	89	0	27935136000	15
5698	27936	3	112	84	0	27936390001	15
5699	27936	5	114	84	0	27936052001	15
5700	27936	10	113	85	0	27936460001	15
5701	27936	11	114	85	0	27936613001	15
5702	27936	14	111	86	0	27936125000	15
5703	27936	15	112	86	0	27936050001	15
5704	27936	19	110	87	0	27936734001	15
5705	27936	24	109	88	0	27936539001	15
5706	27936	27	112	88	0	27936290000	15
5707	27936	31	110	89	0	27936226000	15
5708	27937	4	113	84	0	27937280001	15
5709	27937	8	111	85	0	27937674001	15
5710	27937	9	112	85	0	27937486000	15
5711	27937	13	110	86	0	27937858000	15
5712	27937	16	113	86	0	27937459000	15
5713	27937	17	114	86	0	27937788000	15
5714	27937	20	111	87	0	27937011000	15
5715	27937	25	110	88	0	27937837001	15
5716	27937	35	114	89	0	27937335000	15
5717	27938	2	111	84	0	27938374001	16
5718	27938	3	112	84	0	27938340001	16
5719	27938	14	111	86	0	27938329001	16
5720	27938	15	112	86	0	27938708000	16
5721	27938	18	109	87	0	27938619001	16
5722	27938	24	109	88	0	27938392001	16
5723	27938	30	109	89	0	27938001000	16
5724	27939	7	110	85	0	27939222001	16
5725	27939	8	111	85	0	27939767001	16
5726	27939	9	112	85	0	27939875001	16
5727	27939	12	109	86	0	27939347000	16
5728	27939	13	110	86	0	27939874001	16
5729	27939	19	110	87	0	27939408000	16
5730	27939	21	112	87	0	27939454000	16
5731	27940	1	110	84	0	27940324000	16
5732	27940	2	111	84	0	27940279001	16
5733	27940	3	112	84	0	27940886000	16
5734	27940	18	109	87	0	27940728000	16
5735	27941	6	109	85	0	27941300000	16
5736	27941	7	110	85	0	27941130001	16
5737	27941	12	109	86	0	27941339000	16
5738	27941	24	109	88	0	27941036000	16
5739	27942	0	109	84	0	27942558000	16
5740	27942	1	110	84	0	27942406000	16
5741	27942	2	111	84	0	27942569000	16
5742	27943	6	109	85	0	27943705001	16
5743	27943	12	109	86	0	27943961001	16
5744	27944	0	109	84	0	27944993001	16
5745	27947	4	113	84	0	27947863000	16
5746	27948	30	109	89	1	27948743001	16
5747	27949	31	110	89	1	27949027001	16
5748	27949	32	111	89	1	27949136001	16
5749	27949	33	112	89	1	27949498000	16
5750	27949	34	113	89	1	27949512000	16
5751	27949	35	114	89	1	27949479001	16
5752	27950	24	109	88	1	27950113001	16
5753	27950	25	110	88	1	27950254001	16
5754	27950	26	111	88	1	27950584000	16
5755	27950	27	112	88	1	27950201000	16
5756	27950	29	114	88	1	27950847001	16
5757	27950	30	109	89	1	27950549001	16
5758	27951	18	109	87	1	27951388001	16
5759	27951	19	110	87	1	27951245000	16
5760	27951	20	111	87	1	27951822000	17
5761	27951	21	112	87	1	27951499000	16
5762	27951	22	113	87	1	27951920001	17
5763	27951	27	112	88	1	27951831000	17
5764	27951	28	113	88	1	27951001000	16
5765	27951	31	110	89	1	27951628000	17
5766	27951	34	113	89	1	27951809000	17
5767	27951	35	114	89	1	27951183001	16
5768	27952	12	109	86	1	27952740000	17
5769	27952	13	110	86	1	27952863001	17
5770	27952	23	114	87	1	27952369000	17
5771	27952	25	110	88	1	27952480001	17
5772	27952	26	111	88	1	27952370001	17
5773	27952	29	114	88	1	27952563000	17
5774	27953	6	109	85	1	27953784000	17
5775	27953	14	111	86	1	27953161001	17
5776	27953	15	112	86	1	27953404000	17
5777	27953	16	113	86	1	27953482001	17
5778	27953	17	114	86	1	27953568000	17
5779	27953	18	109	87	1	27953526001	17
5780	27953	19	110	87	1	27953203001	17
5781	27953	20	111	87	1	27953735001	17
5782	27953	21	112	87	1	27953099001	17
5783	27953	22	113	87	1	27953810000	17
5784	27953	24	109	88	1	27953670001	17
5785	27953	28	113	88	1	27953482001	17
5786	27954	7	110	85	1	27954169000	17
5787	27954	8	111	85	1	27954304001	17
5788	27954	9	112	85	1	27954483001	17
5789	27954	10	113	85	1	27954797000	17
5790	27954	13	110	86	1	27954802001	17
5791	27955	0	109	84	1	27955495000	17
5792	27955	1	110	84	1	27955483001	17
5793	27955	2	111	84	1	27955736001	17
5794	27955	3	112	84	1	27955792001	17
5795	27955	6	109	85	1	27955528001	17
5796	27955	7	110	85	1	27955856000	17
5797	27955	8	111	85	1	27955705001	17
5798	27955	11	114	85	1	27955012001	17
5799	27955	12	109	86	1	27955373001	17
5800	27955	14	111	86	1	27955320001	17
5801	27955	15	112	86	1	27955522001	17
5802	27955	16	113	86	1	27955531001	17
5803	27955	17	114	86	1	27955305001	17
5804	27955	23	114	87	1	27955378001	17
5805	27956	4	113	84	1	27956373000	17
5806	27956	5	114	84	1	27956449000	17
5807	27956	9	112	85	1	27956156000	17
5808	27956	10	113	85	1	27956753000	17
5809	27956	11	114	85	1	27956964000	17
5810	27956	33	112	89	1	27956023001	17
5811	27957	1	110	84	1	27957099000	17
5812	27957	2	111	84	1	27957580000	17
5813	27957	3	112	84	1	27957824001	17
5814	27958	0	109	84	1	27958973000	17
5815	27958	4	113	84	1	27958275001	17
5816	27958	5	114	84	1	27958696001	17
5817	28092	0	109	84	0	28092317001	16
5818	28093	12	109	86	0	28093815000	16
5819	28093	13	110	86	0	28093107001	16
5820	28094	7	110	85	0	28094233001	16
5821	28094	14	111	86	0	28094865000	16
5822	28094	15	112	86	0	28094364000	16
5823	28096	19	110	87	0	28096258000	15
5824	28096	21	112	87	0	28096395001	15
5825	28097	24	109	88	0	28097151001	15
5826	28097	26	111	88	0	28097424001	15
5827	28098	31	110	89	0	28098522001	15
5828	28098	35	114	89	0	28098948000	15
5829	28099	18	109	87	0	28099377000	15
5830	28099	25	110	88	0	28099734000	15
5831	28099	27	112	88	0	28099231001	15
5832	28099	33	112	89	0	28099869000	15
5833	28099	34	113	89	0	28099411001	15
5834	28147	3	112	84	0	28147509000	12
5835	28151	16	113	86	0	28151454001	12
5836	28154	11	114	85	0	28154984000	12
5837	28409	2	111	84	0	28409367001	10
5838	28409	3	112	84	0	28409374000	10
5839	28409	4	113	84	0	28409265000	10
5840	28409	5	114	84	0	28409454001	11
5841	28410	1	110	84	0	28410104000	11
5842	28411	11	114	85	0	28411899000	11
5843	28412	9	112	85	0	28412570001	11
5844	28414	6	109	85	0	28414364000	11
5845	28415	15	112	86	0	28415123001	11
5846	28415	16	113	86	0	28415190001	11
5847	28415	17	114	86	0	28415276000	11
5848	28416	12	109	86	0	28416193000	12
5849	28417	22	113	87	0	28417625001	12
5850	28417	23	114	87	0	28417367000	12
5851	28419	19	110	87	0	28419842001	12
5852	28419	20	111	87	0	28419045000	12
5853	28420	29	114	88	0	28420174001	12
5854	28421	28	113	88	0	28421046000	12
5855	28422	25	110	88	0	28422644000	12
5856	28424	32	111	89	0	28424866001	13
5857	28426	30	109	89	0	28426402001	13
5858	28490	0	109	84	0	28490258000	18
5859	28490	6	109	85	0	28490176000	18
5860	28490	12	109	86	0	28490227000	18
5861	28492	1	110	84	0	28492751000	18
5862	28492	7	110	85	0	28492271001	18
5863	28492	13	110	86	0	28492300000	18
5864	28493	6	109	85	1	28493214001	18
5865	28494	0	109	84	1	28494505001	17
5866	28494	2	111	84	0	28494939001	17
5867	28494	7	110	85	1	28494894001	17
5868	28494	8	111	85	0	28494966000	17
5869	28495	12	109	86	1	28495188000	17
5870	28496	1	110	84	1	28496317000	17
5871	28497	3	112	84	0	28497009000	17
5872	28497	8	111	85	1	28497173001	17
5873	28497	9	112	85	0	28497438001	17
5874	28498	2	111	84	1	28498217001	17
5875	28499	3	112	84	1	28499955000	17
5876	28499	4	113	84	0	28499341001	17
5877	28499	10	113	85	0	28499239001	17
5878	28501	4	113	84	1	28501549000	17
5879	28501	5	114	84	0	28501221001	17
5880	28504	5	114	84	1	28504815001	17
5881	28504	9	112	85	1	28504185000	17
5882	28514	35	114	89	0	28514279001	16
5883	28712	35	114	89	0	28712626000	10
5884	28714	29	114	88	0	28714603001	10
5885	28715	35	114	89	0	28715397001	10
5886	28716	23	114	87	0	28716749000	10
5887	28717	29	114	88	0	28717333001	10
5888	28717	34	113	89	0	28717020000	10
5889	28717	35	114	89	0	28717519001	10
5890	28718	17	114	86	0	28718831001	11
5891	28719	23	114	87	0	28719449000	11
5892	28719	28	113	88	0	28719239001	11
5893	28719	29	114	88	0	28719820000	11
5894	28719	34	113	89	0	28719772000	11
5895	28720	11	114	85	0	28720417000	11
5896	28720	22	113	87	0	28720808000	11
5897	28721	5	114	84	0	28721295000	11
5898	28721	17	114	86	0	28721512000	11
5899	28721	28	113	88	0	28721588000	11
5900	28721	35	114	89	0	28721450000	11
5901	28722	23	114	87	0	28722407000	11
5902	28722	29	114	88	0	28722773001	11
5903	28722	34	113	89	0	28722306001	11
5904	28723	11	114	85	0	28723021001	11
5905	28723	16	113	86	0	28723279000	11
5906	28723	22	113	87	0	28723200000	11
5907	28723	27	112	88	0	28723516001	11
5908	28723	33	112	89	0	28723587001	11
5909	28724	5	114	84	0	28724817001	11
5910	28724	17	114	86	0	28724767000	11
5911	28724	21	112	87	0	28724376000	11
5912	28724	28	113	88	0	28724324001	11
5913	28725	10	113	85	0	28725750000	11
5914	28725	16	113	86	0	28725763001	11
5915	28725	22	113	87	0	28725474000	11
5916	28725	35	114	89	1	28725987001	11
5917	28726	4	113	84	0	28726761001	11
5918	28726	11	114	85	0	28726078001	11
5919	28726	27	112	88	0	28726287000	11
5920	28726	33	112	89	0	28726634000	11
5921	28727	5	114	84	0	28727774001	11
5922	28727	15	112	86	0	28727662001	11
5923	28727	21	112	87	0	28727817001	11
5924	28728	10	113	85	0	28728360001	11
5925	28728	16	113	86	0	28728587000	11
5926	28728	26	111	88	0	28728234001	11
5927	28728	27	112	88	0	28728544000	11
5928	28728	32	111	89	0	28728183001	11
5929	28729	4	113	84	0	28729759001	11
5930	28729	9	112	85	0	28729995001	11
5931	28729	11	114	85	0	28729103001	11
5932	28729	21	112	87	0	28729676000	11
5933	28729	22	113	87	0	28729174001	11
5934	28729	29	114	88	1	28729013001	11
5935	28729	34	113	89	1	28729337001	11
5936	28729	35	114	89	1	28729517001	11
5937	28730	15	112	86	0	28730636000	11
5938	28731	3	112	84	0	28731049000	11
5939	28731	5	114	84	0	28731479000	11
5940	28731	10	113	85	0	28731765001	11
5941	28731	16	113	86	0	28731574001	11
5942	28731	20	111	87	0	28731048001	11
5943	28731	26	111	88	0	28731120000	11
5944	28731	33	112	89	1	28731786000	11
5945	28732	4	113	84	0	28732466001	11
5946	28732	9	112	85	0	28732919001	11
5947	28732	14	111	86	0	28732857001	11
5948	28732	21	112	87	0	28732332000	11
5949	28732	34	113	89	1	28732730001	11
5950	28733	15	112	86	0	28733374000	11
5951	28733	20	111	87	0	28733751000	11
5952	28734	3	112	84	0	28734298001	11
5953	28734	26	111	88	0	28734578000	11
5954	28734	28	113	88	1	28734558000	11
5955	28735	8	111	85	0	28735647000	11
5956	28735	9	112	85	0	28735379001	11
5957	28735	14	111	86	0	28735601001	11
5958	28735	15	112	86	0	28735968000	11
5959	28735	25	110	88	0	28735229001	11
5960	28735	29	114	88	1	28735143001	11
5961	28735	35	114	89	1	28735143001	11
5962	28736	2	111	84	0	28736745000	11
5963	28736	3	112	84	0	28736795001	11
5964	28736	4	113	84	0	28736430000	11
5965	28736	19	110	87	0	28736633000	11
5966	28736	20	111	87	0	28736552001	11
5967	28737	32	111	89	1	28737974001	11
5968	28738	8	111	85	0	28738443001	11
5969	28738	9	112	85	0	28738907000	11
5970	28738	13	110	86	0	28738744000	11
5971	28738	14	111	86	0	28738385001	11
5972	28738	25	110	88	0	28738766000	11
5973	28738	27	112	88	1	28738301000	11
5974	28739	19	110	87	0	28739750001	11
5975	28739	23	114	87	1	28739287000	11
5976	28739	24	109	88	0	28739531000	11
5977	28739	29	114	88	1	28739570001	11
5978	28740	2	111	84	0	28740070001	11
5979	28740	3	112	84	0	28740000001	11
5980	28740	7	110	85	0	28740977001	12
5981	28740	22	113	87	1	28740690001	11
5982	28740	28	113	88	1	28740342000	11
5983	28741	8	111	85	0	28741843001	12
5984	28741	13	110	86	0	28741739001	12
5985	28741	26	111	88	1	28741047001	12
5986	28742	2	111	84	0	28742324001	12
5987	28742	12	109	86	0	28742053000	12
5988	28742	18	109	87	0	28742641000	12
5989	28742	27	112	88	1	28742685001	12
5990	28743	1	110	84	0	28743405001	12
5991	28743	14	111	86	0	28743775000	12
5992	28744	7	110	85	0	28744235001	12
5993	28744	13	110	86	0	28744151001	12
5994	28745	2	111	84	0	28745791000	12
5995	28745	8	111	85	0	28745267000	12
5996	28745	12	109	86	0	28745862001	12
5997	28745	18	109	87	0	28745665001	12
5998	28745	21	112	87	1	28745497000	12
5999	28745	25	110	88	1	28745200000	12
6000	28745	33	112	89	1	28745744001	12
6001	28746	19	110	87	0	28746916000	12
6002	28746	28	113	88	1	28746632000	12
6003	28747	1	110	84	0	28747009000	12
6004	28747	3	112	84	0	28747444001	12
6005	28747	6	109	85	0	28747276000	12
6006	28747	7	110	85	0	28747163001	12
6007	28747	23	114	87	1	28747345001	12
6008	28747	26	111	88	1	28747866001	12
6009	28748	12	109	86	0	28748514000	12
6010	28748	13	110	86	0	28748280001	12
6011	28748	29	114	88	1	28748498000	12
6012	28749	20	111	87	1	28749903001	12
6013	28750	0	109	84	0	28750543001	12
6014	28750	1	110	84	0	28750189000	12
6015	28750	6	109	85	0	28750428000	12
6016	28751	7	110	85	0	28751042000	12
6017	28751	12	109	86	0	28751122001	12
6018	28753	0	109	84	0	28753987001	12
6019	28753	1	110	84	0	28753593001	12
6020	28754	6	109	85	0	28754136001	12
6021	28754	27	112	88	1	28754835000	12
6022	28755	3	112	84	0	28755916000	12
6023	28757	0	109	84	0	28757741001	13
6024	28758	6	109	85	0	28758335001	13
6025	28758	21	112	87	1	28758993001	13
6026	28758	22	113	87	1	28758408001	13
6027	28762	0	109	84	0	28762883001	13
6028	28775	22	113	87	0	28775010001	14
6029	28777	29	114	88	0	28777055000	14
6030	28778	21	112	87	0	28778660001	14
6031	28780	23	114	87	0	28780466000	14
6032	28781	28	113	88	0	28781376001	14
6033	28782	29	114	88	0	28782361001	14
6034	28783	21	112	87	0	28783476000	15
6035	28783	22	113	87	0	28783387000	15
6036	28783	27	112	88	0	28783597001	15
6037	28784	12	109	86	0	28784997000	15
6038	28785	13	110	86	0	28785843000	15
6039	28786	20	111	87	0	28786405001	15
6040	28786	28	113	88	0	28786419001	15
6041	28787	26	111	88	0	28787168001	15
6042	28787	27	112	88	0	28787647000	15
6043	28787	29	114	88	0	28787947001	15
6044	28789	18	109	87	0	28789820000	15
6045	28789	23	114	87	0	28789212000	15
6046	28790	19	110	87	0	28790233001	15
6047	28790	21	112	87	0	28790487000	15
6048	28790	25	110	88	0	28790936001	15
6049	28791	26	111	88	0	28791195001	15
6050	28791	28	113	88	0	28791096001	15
6051	28792	22	113	87	0	28792405001	15
6052	28792	24	109	88	0	28792657000	15
6053	28794	26	111	88	0	28794784000	15
6054	28794	27	112	88	0	28794423001	15
6055	28794	29	114	88	0	28794107001	15
6056	28795	21	112	87	0	28795975000	16
6057	28795	25	110	88	0	28795595000	16
6058	28795	35	114	89	0	28795817000	16
6059	28796	23	114	87	0	28796906000	16
6060	28796	24	109	88	0	28796116000	16
6061	28797	20	111	87	0	28797407000	16
6062	28798	22	113	87	0	28798492001	16
6063	28798	24	109	88	0	28798805001	16
6064	28798	28	113	88	0	28798882000	16
6065	28798	34	113	89	0	28798843000	16
6066	28799	18	109	87	0	28799881000	16
6067	28799	27	112	88	0	28799944001	16
6068	28799	29	114	88	0	28799771000	16
6069	28799	33	112	89	0	28799562001	16
6070	28799	35	114	89	0	28799688001	16
6071	28800	19	110	87	0	28800226001	16
6072	28800	26	111	88	0	28800905000	16
6073	28801	21	112	87	0	28801541000	16
6074	28801	25	110	88	0	28801346001	16
6075	28801	32	111	89	0	28801188001	16
6076	28801	34	113	89	0	28801888000	16
6077	28802	31	110	89	0	28802520001	16
6078	28802	35	114	89	0	28802948001	16
6079	28803	27	112	88	0	28803122001	16
6080	28803	29	114	88	0	28803865001	16
6081	28803	33	112	89	0	28803751000	16
6082	28804	24	109	88	0	28804725000	16
6083	28804	28	113	88	0	28804748001	16
6084	28804	30	109	89	0	28804189001	16
6085	28804	34	113	89	0	28804904001	16
6086	28805	32	111	89	0	28805202001	16
6087	28806	14	111	86	0	28806733001	16
6088	28806	31	110	89	0	28806437001	16
6089	28807	18	109	87	0	28807678001	16
6090	28807	24	109	88	0	28807946001	16
6091	28807	25	110	88	0	28807579000	16
6092	28807	26	111	88	0	28807314000	16
6093	28807	30	109	89	0	28807925000	16
6094	28807	33	112	89	0	28807686001	16
6095	28808	27	112	88	0	28808093000	16
6096	28808	35	114	89	0	28808233001	16
6097	28809	31	110	89	0	28809965000	16
6098	28810	24	109	88	0	28810309001	16
6099	28810	32	111	89	0	28810615000	16
6100	28811	34	113	89	0	28811123001	17
6101	28812	25	110	88	0	28812962000	17
6102	28812	33	112	89	0	28812641000	17
6103	28813	30	109	89	0	28813575000	17
6104	28814	24	109	88	0	28814310000	17
6105	28814	26	111	88	0	28814016001	17
6106	28814	31	110	89	0	28814606000	17
6107	28814	35	114	89	0	28814196001	17
6108	28815	29	114	88	0	28815950001	17
6109	28815	32	111	89	0	28815786001	17
6110	28816	34	113	89	0	28816754001	17
6111	28817	23	114	87	0	28817560000	17
6112	28817	31	110	89	0	28817849001	17
6113	28818	30	109	89	0	28818271001	17
6114	28818	33	112	89	0	28818761001	17
6115	28821	28	113	88	0	28821294001	17
6116	28832	27	112	88	0	28832342000	17
6117	28855	5	114	84	1	28855725000	16
6118	28857	5	114	84	1	28857992001	16
6119	28857	11	114	85	1	28857054000	16
6120	28857	17	114	86	1	28857847000	16
6121	28858	4	113	84	1	28858343000	16
6122	28858	23	114	87	1	28858006001	16
6123	28859	10	113	85	1	28859025001	16
6124	28859	11	114	85	1	28859072000	16
6125	28859	16	113	86	1	28859996001	16
6126	28859	17	114	86	1	28859953000	16
6127	28859	29	114	88	1	28859030000	16
6128	28860	3	112	84	1	28860172000	16
6129	28860	4	113	84	1	28860350000	16
6130	28860	10	113	85	1	28860964001	16
6131	28860	22	113	87	1	28860618001	16
6132	28860	23	114	87	1	28860389000	16
6133	28860	35	114	89	1	28860321000	16
6134	28861	9	112	85	1	28861571000	16
6135	28861	28	113	88	1	28861712000	16
6136	28861	29	114	88	1	28861423001	16
6137	28862	2	111	84	1	28862347000	16
6138	28862	3	112	84	1	28862283000	16
6139	28862	15	112	86	1	28862326001	16
6140	28862	16	113	86	1	28862141001	16
6141	28862	21	112	87	1	28862963001	16
6142	28862	22	113	87	1	28862654000	16
6143	28862	34	113	89	1	28862575000	16
6144	28862	35	114	89	1	28862556000	16
6145	28863	8	111	85	1	28863108000	16
6146	28863	9	112	85	1	28863545001	16
6147	28863	14	111	86	1	28863343001	16
6148	28863	27	112	88	1	28863841001	15
6149	28863	28	113	88	1	28863668000	16
6150	28864	1	110	84	1	28864194000	15
6151	28864	2	111	84	1	28864222000	15
6152	28864	15	112	86	1	28864303000	15
6153	28864	21	112	87	1	28864715001	15
6154	28864	33	112	89	1	28864569001	15
6155	28864	34	113	89	1	28864834001	15
6156	28865	7	110	85	1	28865047000	15
6157	28865	8	111	85	1	28865060000	15
6158	28865	14	111	86	1	28865690001	15
6159	28865	20	111	87	1	28865188001	15
6160	28865	26	111	88	1	28865646000	15
6161	28865	27	112	88	1	28865684001	15
6162	28866	0	109	84	1	28866401001	15
6163	28866	1	110	84	1	28866191001	15
6164	28866	7	110	85	1	28866918000	15
6165	28866	13	110	86	1	28866242000	15
6166	28866	32	111	89	1	28866735000	15
6167	28866	33	112	89	1	28866740000	15
6168	28867	6	109	85	1	28867243001	15
6169	28867	19	110	87	1	28867172001	15
6170	28867	20	111	87	1	28867139001	15
6171	28867	25	110	88	1	28867949001	15
6172	28867	26	111	88	1	28867666000	15
6173	28868	0	109	84	1	28868675001	15
6174	28868	12	109	86	1	28868615000	15
6175	28868	13	110	86	1	28868225001	15
6176	28869	6	109	85	1	28869588000	15
6177	28869	18	109	87	1	28869513000	15
6178	28869	19	110	87	1	28869395000	15
6179	28869	31	110	89	1	28869123001	15
6180	28869	32	111	89	1	28869154001	15
6181	28870	12	109	86	1	28870832000	15
6182	28870	24	109	88	1	28870117001	15
6183	28870	25	110	88	1	28870321000	15
6184	28871	18	109	87	1	28871846000	15
6185	28871	30	109	89	1	28871257000	15
6186	28871	31	110	89	1	28871101001	15
6187	28872	24	109	88	1	28872241001	15
6188	28873	30	109	89	1	28873233000	14
6189	28875	7	110	85	1	28875319000	14
6190	28899	27	112	88	1	28899316000	11
6191	29488	24	109	88	0	29488300001	10
6192	29494	12	109	86	0	29494489001	11
6193	29494	21	112	87	0	29494783000	12
6194	29494	26	111	88	0	29494222001	11
6195	29495	15	112	86	0	29495771000	12
6196	29497	13	110	86	0	29497358000	12
6197	29497	22	113	87	0	29497947001	12
6198	29497	27	112	88	0	29497243000	12
6199	29498	2	111	84	0	29498217001	12
6200	29498	3	112	84	0	29498950001	13
6201	29498	9	112	85	0	29498721001	13
6202	29498	16	113	86	0	29498874001	13
6203	29504	4	113	84	0	29504146000	14
6204	29505	11	114	85	0	29505182000	14
6205	29516	34	113	89	0	29516340000	17
6206	29518	35	114	89	0	29518450001	17
6207	29519	29	114	88	0	29519796000	18
6208	29520	28	113	88	0	29520840000	18
6209	29523	23	114	87	0	29523792000	18
6210	29705	35	114	89	0	29705834001	12
6211	29708	35	114	89	0	29708658000	13
6212	29710	29	114	88	0	29710974000	13
6213	29711	35	114	89	0	29711275001	13
6214	29713	34	113	89	0	29713100000	13
6215	29714	29	114	88	0	29714123001	14
6216	29715	35	114	89	0	29715576000	14
6217	29716	34	113	89	0	29716295001	14
6218	29717	23	114	87	0	29717956001	14
6219	29717	29	114	88	0	29717240001	14
6220	29719	34	113	89	0	29719667001	14
6221	29720	28	113	88	0	29720767001	14
6222	29723	23	114	87	0	29723577000	14
6223	29723	29	114	88	0	29723394000	14
6224	29725	33	112	89	0	29725341000	15
6225	29734	23	114	87	1	29734041000	15
6226	29734	29	114	88	1	29734936000	15
6227	29736	34	113	89	1	29736985000	16
6228	29737	35	114	89	1	29737124001	16
6229	29738	29	114	88	1	29738393001	16
6230	29740	35	114	89	1	29740284001	16
6231	29741	34	113	89	1	29741236001	16
6232	29749	35	114	89	1	29749881001	16
6233	29753	28	113	88	1	29753101001	16
6234	30240	5	114	84	0	30240457000	16
6235	30244	5	114	84	0	30244004001	16
6236	30245	11	114	85	0	30245177000	17
6237	30247	4	113	84	0	30247313000	17
6238	30250	5	114	84	0	30250419001	17
6239	30250	11	114	85	0	30250819000	17
6240	30262	5	114	84	1	30262740001	17
6241	30263	11	114	85	1	30263118000	17
6242	30266	5	114	84	1	30266102001	17
6243	30273	4	113	84	1	30273261000	18
6244	30282	24	109	88	0	30282485001	18
6245	30282	33	112	89	0	30282934000	18
6246	30283	34	113	89	0	30283206000	18
6247	30283	35	114	89	0	30283608001	18
6248	30284	26	111	88	0	30284074000	18
6249	30284	27	112	88	0	30284534001	18
6250	30285	19	110	87	0	30285771000	18
6251	30285	28	113	88	0	30285207000	18
6252	30285	29	114	88	0	30285437001	18
6253	30286	20	111	87	0	30286658001	18
6254	30286	21	112	87	0	30286483000	18
6255	30287	12	109	86	0	30287151001	18
6256	30287	13	110	86	0	30287509000	18
6257	30287	22	113	87	0	30287015001	18
6258	30287	23	114	87	0	30287972001	18
6259	30288	15	112	86	0	30288695000	18
6260	30289	7	110	85	0	30289525000	18
6261	30289	16	113	86	0	30289401000	18
6262	30290	9	112	85	0	30290627001	18
6263	30291	2	111	84	0	30291881001	18
6264	30292	3	112	84	0	30292323001	18
6265	30352	17	114	86	0	30352445001	14
6266	30384	30	109	89	0	30384747000	11
6267	30385	18	109	87	0	30385909000	11
6268	30385	24	109	88	0	30385157000	11
6269	30385	31	110	89	0	30385612001	11
6270	30386	6	109	85	0	30386829000	11
6271	30386	12	109	86	0	30386103000	11
6272	30386	19	110	87	0	30386793000	11
6273	30386	25	110	88	0	30386255000	11
6274	30386	30	109	89	0	30386822001	11
6275	30386	32	111	89	0	30386591001	11
6276	30387	0	109	84	0	30387355000	11
6277	30387	7	110	85	0	30387869001	11
6278	30387	13	110	86	0	30387076001	11
6279	30387	20	111	87	0	30387662000	11
6280	30387	24	109	88	0	30387273001	11
6281	30387	26	111	88	0	30387019001	11
6282	30387	33	112	89	0	30387651000	11
6283	30388	1	110	84	0	30388320000	11
6284	30388	6	109	85	0	30388958001	11
6285	30388	8	111	85	0	30388883000	11
6286	30388	12	109	86	0	30388240001	11
6287	30388	14	111	86	0	30388097001	11
6288	30388	18	109	87	0	30388563000	11
6289	30388	21	112	87	0	30388576001	11
6290	30388	25	110	88	0	30388918001	11
6291	30388	26	111	88	0	30388904001	11
6292	30388	27	112	88	0	30388016001	11
6293	30388	31	110	89	0	30388477001	11
6294	30388	34	113	89	0	30388519001	11
6295	30389	2	111	84	0	30389260000	11
6296	30389	3	112	84	0	30389798000	11
6297	30389	9	112	85	0	30389740001	11
6298	30389	13	110	86	0	30389462001	11
6299	30389	15	112	86	0	30389069000	11
6300	30389	16	113	86	0	30389898001	11
6301	30389	19	110	87	0	30389481001	11
6302	30389	20	111	87	0	30389583001	11
6303	30389	22	113	87	0	30389536000	11
6304	30389	27	112	88	0	30389756000	11
6305	30389	28	113	88	0	30389176000	11
6306	30389	35	114	89	0	30389497000	11
6307	30390	0	109	84	0	30390073001	11
6308	30390	1	110	84	0	30390297001	11
6309	30390	7	110	85	0	30390229000	11
6310	30390	8	111	85	0	30390997000	11
6311	30390	10	113	85	0	30390688000	11
6312	30390	14	111	86	0	30390419001	11
6313	30390	21	112	87	0	30390466001	11
6314	30390	23	114	87	0	30390387000	11
6315	30390	29	114	88	0	30390031001	11
6316	30390	32	111	89	0	30390605001	11
6317	30390	34	113	89	0	30390525001	11
6318	30391	2	111	84	0	30391165001	11
6319	30391	3	112	84	0	30391863001	11
6320	30391	4	113	84	0	30391234000	11
6321	30391	11	114	85	0	30391403000	11
6322	30391	15	112	86	0	30391223001	11
6323	30391	16	113	86	0	30391990000	11
6324	30391	17	114	86	0	30391165001	11
6325	30391	22	113	87	0	30391428000	11
6326	30391	28	113	88	0	30391342001	11
6327	30392	5	114	84	0	30392294000	11
6328	30392	9	112	85	0	30392319001	11
6329	30392	29	114	88	0	30392037001	11
6330	30393	4	113	84	0	30393146001	11
6331	30393	11	114	85	0	30393720001	11
6332	30393	12	109	86	0	30393135001	11
6333	30393	17	114	86	0	30393329001	11
6334	30393	23	114	87	0	30393412000	11
6335	30393	35	114	89	0	30393185001	11
6336	30394	2	111	84	0	30394166000	11
6337	30394	3	112	84	0	30394965000	11
6338	30394	10	113	85	0	30394793000	11
6339	30394	33	112	89	0	30394114001	11
6340	30395	5	114	84	0	30395218000	11
6341	30397	27	112	88	0	30397794000	11
6342	30399	15	112	86	0	30399255001	11
6343	30403	0	109	84	1	30403819000	11
6344	30404	6	109	85	1	30404996000	11
6345	30404	26	111	88	0	30404231001	11
6346	30405	1	110	84	1	30405814000	11
6347	30406	0	109	84	1	30406966000	11
6348	30406	12	109	86	1	30406113000	11
6349	30407	1	110	84	1	30407565000	11
6350	30407	6	109	85	1	30407056000	11
6351	30407	7	110	85	1	30407069000	11
6352	30407	18	109	87	1	30407306000	11
6353	30408	2	111	84	1	30408359000	11
6354	30408	7	110	85	1	30408953001	11
6355	30408	12	109	86	1	30408859000	11
6356	30408	13	110	86	1	30408119000	11
6357	30408	24	109	88	1	30408401000	11
6358	30409	8	111	85	1	30409672001	11
6359	30409	18	109	87	1	30409889000	11
6360	30409	19	110	87	1	30409523000	11
6361	30409	30	109	89	1	30409734000	11
6362	30410	2	111	84	1	30410406001	11
6363	30410	3	112	84	1	30410456001	11
6364	30410	13	110	86	1	30410547001	11
6365	30410	14	111	86	1	30410338001	11
6366	30410	25	110	88	1	30410245001	11
6367	30411	8	111	85	1	30411317000	11
6368	30411	9	112	85	1	30411713000	11
6369	30411	20	111	87	1	30411997000	11
6370	30411	24	109	88	1	30411975000	11
6371	30411	31	110	89	1	30411278001	11
6372	30412	3	112	84	1	30412634000	11
6373	30412	14	111	86	1	30412193001	11
6374	30412	15	112	86	1	30412708001	11
6375	30412	19	110	87	1	30412538000	11
6376	30412	25	110	88	1	30412277001	11
6377	30412	26	111	88	1	30412555000	11
6378	30412	30	109	89	1	30412769000	11
6379	30413	4	113	84	1	30413198001	11
6380	30413	9	112	85	1	30413732001	11
6381	30413	21	112	87	1	30413818000	11
6382	30413	31	110	89	1	30413255000	11
6383	30413	32	111	89	1	30413802000	11
6384	30414	10	113	85	1	30414173000	11
6385	30414	15	112	86	1	30414914001	11
6386	30414	20	111	87	1	30414369001	11
6387	30414	26	111	88	1	30414206000	11
6388	30414	27	112	88	1	30414677000	11
6389	30415	4	113	84	1	30415413001	11
6390	30415	5	114	84	1	30415099000	11
6391	30415	11	114	85	1	30415832001	11
6392	30415	16	113	86	1	30415238001	11
6393	30415	21	112	87	1	30415757000	11
6394	30415	33	112	89	1	30415880001	11
6395	30416	10	113	85	1	30416405000	11
6396	30416	22	113	87	1	30416309000	11
6397	30416	27	112	88	1	30416396000	11
6398	30417	5	114	84	1	30417501001	11
6399	30417	11	114	85	1	30417886001	11
6400	30417	16	113	86	1	30417923001	11
6401	30417	17	114	86	1	30417425001	11
6402	30417	28	113	88	1	30417469000	11
6403	30418	22	113	87	1	30418411000	11
6404	30418	23	114	87	1	30418078001	11
6405	30418	32	111	89	1	30418067001	11
6406	30418	33	112	89	1	30418047001	11
6407	30418	34	113	89	1	30418197000	11
6408	30419	17	114	86	1	30419579000	11
6409	30419	28	113	88	1	30419668001	11
6410	30419	29	114	88	1	30419177000	11
6411	30420	23	114	87	1	30420150000	11
6412	30420	34	113	89	1	30420203001	11
6413	30420	35	114	89	1	30420195000	11
6414	30421	29	114	88	1	30421193001	11
6415	30422	35	114	89	1	30422051001	11
6416	30718	35	114	89	0	30718886000	10
6417	30730	23	114	87	0	30730976000	11
6418	30735	15	112	86	0	30735208000	12
6419	30736	16	113	86	0	30736311001	12
6420	30737	17	114	86	0	30737185001	12
6421	30741	9	112	85	0	30741278001	12
6422	30742	11	114	85	0	30742234001	13
6423	30745	2	111	84	0	30745150001	13
6424	30745	3	112	84	0	30745350001	13
6425	30746	4	113	84	0	30746868000	13
6426	30848	24	109	88	0	30848095001	18
6427	30850	25	110	88	0	30850244001	18
6428	30850	26	111	88	0	30850397001	18
6429	30893	30	109	89	0	30893457000	16
6430	30894	12	109	86	0	30894908001	16
6431	30894	18	109	87	0	30894714001	16
6432	30894	24	109	88	0	30894085000	16
6433	30894	31	110	89	0	30894907001	16
6434	30895	6	109	85	0	30895916000	16
6435	30895	25	110	88	0	30895971001	16
6436	30895	30	109	89	0	30895795000	16
6437	30896	0	109	84	0	30896539000	16
6438	30896	13	110	86	0	30896628000	16
6439	30896	19	110	87	0	30896118001	16
6440	30896	24	109	88	0	30896133000	16
6441	30896	32	111	89	0	30896302000	16
6442	30897	1	110	84	0	30897902001	16
6443	30897	7	110	85	0	30897266001	16
6444	30897	12	109	86	0	30897432001	16
6445	30897	18	109	87	0	30897286001	16
6446	30897	20	111	87	0	30897647000	16
6447	30897	26	111	88	0	30897131001	16
6448	30897	31	110	89	0	30897312000	16
6449	30897	33	112	89	0	30897808000	16
6450	30898	0	109	84	0	30898945000	16
6451	30898	6	109	85	0	30898472000	16
6452	30898	14	111	86	0	30898227000	16
6453	30898	21	112	87	0	30898776000	16
6454	30898	25	110	88	0	30898480000	16
6455	30898	27	112	88	0	30898322000	16
6456	30899	2	111	84	0	30899522000	16
6457	30899	7	110	85	0	30899512001	16
6458	30899	8	111	85	0	30899098001	16
6459	30899	13	110	86	0	30899009000	16
6460	30899	15	112	86	0	30899892001	16
6461	30899	19	110	87	0	30899059001	16
6462	30899	20	111	87	0	30899753000	16
6463	30899	26	111	88	0	30899150000	16
6464	30899	28	113	88	0	30899995000	16
6465	30899	32	111	89	0	30899081001	16
6466	30899	34	113	89	0	30899102000	16
6467	30900	1	110	84	0	30900300001	16
6468	30900	9	112	85	0	30900568000	16
6469	30900	14	111	86	0	30900906000	16
6470	30900	21	112	87	0	30900824000	16
6471	30900	22	113	87	0	30900398001	16
6472	30900	27	112	88	0	30900207001	16
6473	30900	33	112	89	0	30900421001	16
6474	30900	35	114	89	0	30900826001	16
6475	30901	2	111	84	0	30901467001	16
6476	30901	3	112	84	0	30901134000	16
6477	30901	8	111	85	0	30901738001	16
6478	30901	10	113	85	0	30901933000	16
6479	30901	16	113	86	0	30901349001	16
6480	30901	29	114	88	0	30901363001	16
6481	30901	34	113	89	0	30901244000	16
6482	30902	0	109	84	1	30902780000	16
6483	30902	4	113	84	0	30902865000	16
6484	30902	9	112	85	0	30902878001	16
6485	30902	15	112	86	0	30902120001	16
6486	30902	22	113	87	0	30902322000	16
6487	30902	23	114	87	0	30902428001	16
6488	30902	28	113	88	0	30902195000	16
6489	30903	3	112	84	0	30903311001	15
6490	30903	6	109	85	1	30903838001	15
6491	30903	11	114	85	0	30903812001	15
6492	30903	16	113	86	0	30903799000	15
6493	30903	17	114	86	0	30903121000	15
6494	30903	29	114	88	0	30903330000	15
6495	30903	35	114	89	0	30903118000	15
6496	30904	1	110	84	1	30904269000	15
6497	30904	5	114	84	0	30904234001	15
6498	30904	10	113	85	0	30904564001	15
6499	30904	23	114	87	0	30904720000	15
6500	30905	3	112	84	0	30905588001	15
6501	30905	4	113	84	0	30905252000	15
6502	30905	7	110	85	1	30905376000	15
6503	30905	11	114	85	0	30905942001	15
6504	30905	12	109	86	1	30905236001	15
6505	30905	17	114	86	0	30905428001	15
6506	30906	2	111	84	1	30906289001	15
6507	30906	5	114	84	0	30906787001	15
6508	30906	6	109	85	1	30906745001	15
6509	30906	13	110	86	1	30906384001	15
6510	30906	18	109	87	1	30906479000	15
6511	30906	22	113	87	0	30906244001	15
6512	30907	1	110	84	1	30907939000	15
6513	30907	3	112	84	1	30907676001	15
6514	30907	7	110	85	1	30907685001	15
6515	30907	8	111	85	1	30907005000	15
6516	30907	19	110	87	1	30907463000	15
6517	30907	24	109	88	1	30907481000	15
6518	30908	8	111	85	1	30908787001	15
6519	30908	9	112	85	1	30908714001	15
6520	30908	14	111	86	1	30908250001	15
6521	30908	25	110	88	1	30908776001	15
6522	30908	30	109	89	1	30908526001	15
6523	30909	4	113	84	1	30909176001	15
6524	30909	13	110	86	1	30909502001	15
6525	30909	15	112	86	1	30909580000	15
6526	30909	20	111	87	1	30909256000	15
6527	30909	31	110	89	1	30909682001	15
6528	30910	0	109	84	1	30910076001	15
6529	30910	5	114	84	1	30910484001	15
6530	30910	10	113	85	1	30910095000	15
6531	30910	21	112	87	1	30910365000	15
6532	30910	26	111	88	1	30910290001	15
6533	30911	11	114	85	1	30911593001	15
6534	30911	16	113	86	1	30911272001	15
6535	30911	19	110	87	1	30911110001	15
6536	30911	27	112	88	1	30911606000	15
6537	30911	32	111	89	1	30911298001	15
6538	30912	9	112	85	1	30912884000	15
6539	30912	17	114	86	1	30912237000	15
6540	30912	20	111	87	1	30912556001	15
6541	30912	21	112	87	1	30912356001	15
6542	30912	22	113	87	1	30912049001	15
6543	30912	31	110	89	1	30912912000	15
6544	30912	33	112	89	1	30912356001	15
6545	30913	15	112	86	1	30913699001	15
6546	30913	23	114	87	1	30913325001	15
6547	30913	25	110	88	1	30913112000	15
6548	30913	28	113	88	1	30913112000	15
6549	30914	29	114	88	1	30914323001	15
6550	30914	30	109	89	1	30914580001	15
6551	30914	34	113	89	1	30914021000	15
6552	30915	10	113	85	1	30915696000	15
6553	30915	17	114	86	1	30915122001	15
6554	30915	33	112	89	1	30915725001	15
6555	30915	35	114	89	1	30915277001	15
6556	30916	4	113	84	1	30916598001	15
6557	30916	27	112	88	1	30916260001	15
6558	30917	22	113	87	1	30917226000	14
6559	30917	28	113	88	1	30917813001	14
6560	30919	26	111	88	1	30919025000	14
6561	30920	35	114	89	1	30920885000	14
6562	30969	13	110	86	0	30969132001	10
6563	30969	26	111	88	0	30969280000	10
6564	30969	27	112	88	0	30969829000	10
6565	30977	22	113	87	0	30977910001	10
6566	31534	30	109	89	0	31534792001	6
6567	31535	24	109	88	0	31535197001	6
6568	31535	31	110	89	0	31535561001	6
6569	31536	12	109	86	0	31536693000	7
6570	31536	18	109	87	0	31536389000	7
6571	31536	25	110	88	0	31536646000	7
6572	31536	32	111	89	0	31536702000	7
6573	31537	6	109	85	0	31537655001	7
6574	31537	13	110	86	0	31537837001	7
6575	31537	19	110	87	0	31537182001	7
6576	31537	24	109	88	0	31537408000	7
6577	31537	26	111	88	0	31537287000	7
6578	31537	30	109	89	0	31537254000	7
6579	31537	31	110	89	0	31537847000	7
6580	31537	33	112	89	0	31537779001	7
6581	31538	0	109	84	0	31538497000	7
6582	31538	7	110	85	0	31538534000	7
6583	31538	12	109	86	0	31538729001	7
6584	31538	14	111	86	0	31538986001	7
6585	31538	20	111	87	0	31538267000	7
6586	31538	21	112	87	0	31538994001	7
6587	31538	27	112	88	0	31538392001	7
6588	31538	34	113	89	0	31538798000	7
6589	31539	1	110	84	0	31539242001	7
6590	31539	8	111	85	0	31539854000	7
6591	31539	15	112	86	0	31539854000	7
6592	31539	18	109	87	0	31539027000	7
6593	31539	25	110	88	0	31539020001	7
6594	31539	26	111	88	0	31539234001	7
6595	31539	28	113	88	0	31539539000	7
6596	31539	32	111	89	0	31539662000	7
6597	31539	35	114	89	0	31539599001	7
6598	31540	2	111	84	0	31540197000	7
6599	31540	3	112	84	0	31540922001	8
6600	31540	6	109	85	0	31540307000	7
6601	31540	9	112	85	0	31540669001	8
6602	31540	13	110	86	0	31540343000	7
6603	31540	16	113	86	0	31540975001	8
6604	31540	19	110	87	0	31540085000	7
6605	31540	20	111	87	0	31540473000	8
6606	31540	22	113	87	0	31540221001	7
6607	31540	27	112	88	0	31540276000	7
6608	31540	29	114	88	0	31540389000	7
6609	31540	33	112	89	0	31540397000	7
6610	31540	34	113	89	0	31540885001	8
6611	31541	0	109	84	0	31541477001	8
6612	31541	1	110	84	0	31541669000	8
6613	31541	7	110	85	0	31541058000	8
6614	31541	10	113	85	0	31541808001	8
6615	31541	14	111	86	0	31541068001	8
6616	31541	15	112	86	0	31541753000	8
6617	31541	21	112	87	0	31541024000	8
6618	31541	23	114	87	0	31541208000	8
6619	31541	28	113	88	0	31541668001	8
6620	31541	35	114	89	0	31541505001	8
6621	31542	2	111	84	0	31542108000	8
6622	31542	3	112	84	0	31542999001	8
6623	31542	4	113	84	0	31542620000	8
6624	31542	8	111	85	0	31542118001	8
6625	31542	9	112	85	0	31542735001	8
6626	31542	11	114	85	0	31542828000	8
6627	31542	17	114	86	0	31542118001	8
6628	31542	22	113	87	0	31542247001	8
6629	31542	29	114	88	0	31542303000	8
6630	31543	5	114	84	0	31543727000	8
6631	31543	16	113	86	0	31543221001	8
6632	31543	23	114	87	0	31543711001	8
6633	31544	4	113	84	0	31544901001	9
6634	31544	10	113	85	0	31544182000	8
6635	31544	11	114	85	0	31544777001	8
6636	31544	17	114	86	0	31544301000	8
6637	31546	5	114	84	0	31546331001	9
6638	31555	20	111	87	0	31555663001	11
6639	31556	17	114	86	0	31556057001	11
6640	31557	35	114	89	1	31557985001	11
6641	31558	30	109	89	1	31558471000	11
6642	31558	31	110	89	1	31558382001	11
6643	31558	32	111	89	1	31558402001	11
6644	31558	33	112	89	1	31558284001	11
6645	31558	34	113	89	1	31558099000	11
6646	31559	24	109	88	1	31559336001	11
6647	31559	25	110	88	1	31559488001	11
6648	31559	26	111	88	1	31559488001	11
6649	31559	27	112	88	1	31559142001	11
6650	31559	28	113	88	1	31559300001	11
6651	31559	29	114	88	1	31559217001	11
6652	31559	35	114	89	1	31559943000	11
6653	31560	18	109	87	1	31560794001	12
6654	31560	19	110	87	1	31560524001	12
6655	31560	20	111	87	1	31560574001	12
6656	31560	21	112	87	1	31560397001	12
6657	31560	22	113	87	1	31560570000	12
6658	31560	23	114	87	1	31560266000	11
6659	31560	27	112	88	1	31560558001	12
6660	31560	34	113	89	1	31560859001	12
6661	31561	12	109	86	1	31561820000	12
6662	31561	13	110	86	1	31561397000	12
6663	31561	14	111	86	1	31561706001	12
6664	31561	15	112	86	1	31561811000	12
6665	31561	16	113	86	1	31561544000	12
6666	31561	17	114	86	1	31561634000	12
6667	31561	25	110	88	1	31561901000	12
6668	31561	26	111	88	1	31561454000	12
6669	31561	28	113	88	1	31561348001	12
6670	31561	29	114	88	1	31561427001	12
6671	31562	6	109	85	1	31562900000	12
6672	31562	7	110	85	1	31562864000	12
6673	31562	8	111	85	1	31562788000	12
6674	31562	9	112	85	1	31562950001	12
6675	31562	10	113	85	1	31562729000	12
6676	31562	11	114	85	1	31562764001	12
6677	31562	20	111	87	1	31562961001	12
6678	31562	21	112	87	1	31562196000	12
6679	31562	23	114	87	1	31562900000	12
6680	31562	24	109	88	1	31562091001	12
6681	31563	0	109	84	1	31563975000	12
6682	31563	3	112	84	1	31563747000	12
6683	31563	5	114	84	1	31563734001	12
6684	31563	13	110	86	1	31563214001	12
6685	31563	17	114	86	1	31563626000	12
6686	31563	19	110	87	1	31563784000	12
6687	31563	31	110	89	1	31563845001	12
6688	31564	1	110	84	1	31564140001	12
6689	31564	2	111	84	1	31564215000	12
6690	31564	4	113	84	1	31564013001	12
6691	31564	7	110	85	1	31564721000	12
6692	31564	8	111	85	1	31564172000	12
6693	31564	16	113	86	1	31564445000	12
6694	31565	3	112	84	1	31565887001	12
6695	31565	4	113	84	1	31565846001	12
6696	31565	5	114	84	1	31565790000	12
6697	31565	6	109	85	1	31565154000	12
6698	31565	9	112	85	1	31565134001	12
6699	31565	10	113	85	1	31565303000	12
6700	31565	11	114	85	1	31565642000	12
6701	31565	14	111	86	1	31565038001	12
6702	31565	15	112	86	1	31565018001	12
6703	31566	0	109	84	1	31566446000	13
6704	31566	1	110	84	1	31566119001	12
6705	31566	2	111	84	1	31566662001	13
6706	31579	30	109	89	1	31579710000	15
6707	31580	12	109	86	1	31580755001	15
6708	31581	3	112	84	0	31581445001	15
6709	31665	0	109	84	1	31665876000	15
6710	31665	1	110	84	1	31665811000	15
6711	31665	2	111	84	0	31665707000	16
6712	31665	3	112	84	0	31665538000	16
6713	31665	4	113	84	0	31665855001	15
6714	31665	5	114	84	0	31665777000	16
6715	31667	1	110	84	0	31667932001	15
6716	31667	2	111	84	0	31667671000	15
6717	31667	3	112	84	0	31667908000	15
6718	31667	6	109	85	0	31667240000	15
6719	31667	7	110	85	0	31667190000	15
6720	31667	8	111	85	0	31667240000	15
6721	31667	9	112	85	0	31667087001	15
6722	31667	10	113	85	0	31667214001	15
6723	31667	11	114	85	1	31667008001	15
6724	31668	0	109	84	0	31668867000	15
6725	31668	4	113	84	0	31668038001	15
6726	31668	5	114	84	0	31668451000	15
6727	31668	12	109	86	0	31668257000	15
6728	31668	13	110	86	0	31668504000	15
6729	31668	14	111	86	0	31668224001	15
6730	31668	15	112	86	0	31668244001	15
6731	31668	16	113	86	0	31668277001	15
6732	31668	17	114	86	0	31668525001	15
6733	31669	6	109	85	0	31669654001	15
6734	31669	7	110	85	0	31669477001	15
6735	31669	8	111	85	0	31669535001	15
6736	31669	9	112	85	0	31669269000	15
6737	31669	10	113	85	0	31669551000	15
6738	31669	11	114	85	0	31669321001	15
6739	31669	19	110	87	0	31669789001	15
6740	31669	20	111	87	1	31669866000	15
6741	31669	21	112	87	1	31669546000	15
6742	31669	22	113	87	0	31669894000	15
6743	31669	23	114	87	0	31669657001	15
6744	31670	12	109	86	0	31670465000	15
6745	31670	13	110	86	0	31670659001	15
6746	31670	14	111	86	0	31670217001	15
6747	31670	15	112	86	0	31670202001	15
6748	31670	16	113	86	0	31670307001	15
6749	31670	17	114	86	0	31670941000	15
6750	31670	18	109	87	0	31670253001	15
6751	31670	24	109	88	0	31670619001	15
6752	31670	26	111	88	0	31670702000	15
6753	31670	27	112	88	0	31670729001	15
6754	31670	28	113	88	0	31670794001	15
6755	31670	29	114	88	0	31670726001	15
6756	31671	21	112	87	0	31671572000	15
6757	31671	22	113	87	1	31671978001	15
6758	31671	25	110	88	0	31671146000	15
6759	31672	2	111	84	0	31672272000	14
6760	31672	19	110	87	0	31672361001	14
6761	31672	20	111	87	0	31672022000	15
6762	31672	23	114	87	0	31672114001	15
6763	31672	24	109	88	0	31672698000	14
6764	31672	26	111	88	0	31672556000	14
6765	31672	27	112	88	0	31672506000	14
6766	31672	29	114	88	0	31672771000	14
6767	31672	30	109	89	0	31672282001	14
6768	31672	31	110	89	0	31672231001	14
6769	31672	32	111	89	0	31672408000	14
6770	31672	33	112	89	0	31672623001	14
6771	31672	34	113	89	0	31672139001	14
6772	31672	35	114	89	0	31672027000	15
6773	31673	9	112	85	0	31673766001	14
6774	31673	18	109	87	0	31673125000	14
6775	31673	25	110	88	0	31673716000	14
6776	31673	28	113	88	0	31673110001	14
6777	31673	35	114	89	0	31673837000	14
6778	31674	30	109	89	0	31674538000	14
6779	31674	31	110	89	0	31674730001	14
6780	31674	34	113	89	0	31674222001	14
6781	31675	32	111	89	0	31675364001	14
6782	31675	33	112	89	0	31675927001	14
6783	31676	26	111	88	0	31676778000	14
6784	31687	0	109	84	1	31687969001	13
6785	31688	6	109	85	1	31688674000	12
6786	31689	1	110	84	1	31689390001	12
6787	31690	7	110	85	1	31690379000	12
6788	31690	12	109	86	1	31690036000	12
6789	31691	0	109	84	1	31691005000	12
6790	31691	1	110	84	1	31691093001	12
6791	31691	2	111	84	1	31691342000	12
6792	31691	6	109	85	1	31691188001	12
6793	31691	13	110	86	1	31691212000	12
6794	31691	18	109	87	1	31691040001	12
6795	31691	24	109	88	1	31691859001	12
6796	31692	7	110	85	1	31692347000	12
6797	31692	8	111	85	1	31692476000	12
6798	31692	19	110	87	1	31692673000	12
6799	31692	30	109	89	1	31692861001	12
6800	31693	2	111	84	1	31693403001	12
6801	31693	3	112	84	1	31693143000	12
6802	31693	13	110	86	1	31693044001	12
6803	31693	14	111	86	1	31693646001	12
6804	31693	25	110	88	1	31693540000	12
6805	31694	8	111	85	1	31694097000	12
6806	31694	9	112	85	1	31694400001	12
6807	31694	18	109	87	1	31694233000	12
6808	31694	19	110	87	1	31694958000	12
6809	31694	20	111	87	1	31694537000	12
6810	31694	30	109	89	1	31694828001	12
6811	31694	31	110	89	1	31694676001	12
6812	31695	3	112	84	1	31695583000	12
6813	31695	4	113	84	1	31695469001	12
6814	31695	12	109	86	1	31695077000	12
6815	31695	14	111	86	1	31695877001	11
6816	31695	15	112	86	1	31695377001	12
6817	31695	24	109	88	1	31695038001	12
6818	31695	25	110	88	1	31695540001	12
6819	31695	26	111	88	1	31695740001	11
6820	31696	5	114	84	1	31696554000	11
6821	31696	9	112	85	1	31696416000	11
6822	31696	10	113	85	1	31696121000	11
6823	31696	20	111	87	1	31696367001	11
6824	31696	21	112	87	1	31696484000	11
6825	31696	31	110	89	1	31696589001	11
6826	31696	32	111	89	1	31696911000	11
6827	31697	4	113	84	1	31697752001	11
6828	31697	15	112	86	1	31697394001	11
6829	31697	16	113	86	1	31697575001	11
6830	31697	26	111	88	1	31697495001	11
6831	31697	27	112	88	1	31697537000	11
6832	31698	5	114	84	1	31698749000	11
6833	31698	10	113	85	1	31698178000	11
6834	31698	11	114	85	1	31698043000	11
6835	31698	17	114	86	1	31698884000	11
6836	31698	21	112	87	1	31698274000	11
6837	31698	22	113	87	1	31698530000	11
6838	31698	33	112	89	1	31698618001	11
6839	31699	27	112	88	1	31699369000	11
6840	31699	28	113	88	1	31699676001	11
6841	31700	11	114	85	1	31700277000	11
6842	31700	16	113	86	1	31700091001	11
6843	31700	17	114	86	1	31700962000	11
6844	31700	22	113	87	1	31700599000	11
6845	31700	23	114	87	1	31700117000	11
6846	31700	33	112	89	1	31700441000	11
6847	31701	28	113	88	1	31701540001	11
6848	31701	29	114	88	1	31701177001	11
6849	31701	32	111	89	1	31701785001	11
6850	31701	34	113	89	1	31701082000	11
6851	31702	23	114	87	1	31702165001	11
6852	31702	35	114	89	1	31702309000	11
6853	31703	29	114	88	1	31703298001	11
6854	31703	34	113	89	1	31703296001	11
6855	31704	35	114	89	1	31704291000	11
6856	31770	12	109	86	0	31770099001	7
6857	31777	24	109	88	0	31777630001	7
6858	32016	35	114	89	0	32016107000	7
6859	32018	29	114	88	0	32018887000	7
6860	32021	35	114	89	0	32021286001	7
6861	32023	23	114	87	0	32023377001	7
6862	32023	29	114	88	0	32023415000	7
6863	32023	35	114	89	0	32023601000	7
6864	32024	34	113	89	0	32024989000	7
6865	32025	29	114	88	0	32025988000	7
6866	32026	17	114	86	0	32026769001	7
6867	32026	35	114	89	0	32026853001	7
6868	32027	23	114	87	0	32027842000	7
6869	32028	11	114	85	0	32028276000	7
6870	32028	29	114	88	0	32028610001	7
6871	32029	28	113	88	0	32029525000	7
6872	32029	34	113	89	0	32029419000	7
6873	32029	35	114	89	0	32029437001	7
6874	32030	17	114	86	0	32030648000	7
6875	32030	23	114	87	0	32030942001	7
6876	32031	29	114	88	0	32031752000	7
6877	32032	5	114	84	0	32032430000	7
6878	32032	11	114	85	0	32032367001	7
6879	32032	22	113	87	0	32032100000	7
6880	32032	28	113	88	0	32032341001	7
6881	32032	34	113	89	0	32032185000	7
6882	32033	16	113	86	0	32033032000	7
6883	32033	17	114	86	0	32033476000	7
6884	32033	33	112	89	0	32033852001	7
6885	32034	22	113	87	0	32034801001	7
6886	32034	23	114	87	0	32034546000	7
6887	32035	5	114	84	0	32035769001	7
6888	32035	10	113	85	0	32035712001	7
6889	32035	11	114	85	0	32035591001	7
6890	32035	16	113	86	0	32035954001	7
6891	32035	27	112	88	0	32035289000	7
6892	32035	28	113	88	0	32035190000	7
6893	32035	34	113	89	0	32035724001	7
6894	32036	21	112	87	0	32036720001	7
6895	32036	33	112	89	0	32036727000	7
6896	32037	17	114	86	0	32037669001	7
6897	32037	22	113	87	0	32037308001	7
6898	32037	27	112	88	0	32037561001	7
6899	32037	32	111	89	0	32037971000	7
6900	32037	35	114	89	0	32037971000	7
6901	32038	4	113	84	0	32038719001	7
6902	32038	10	113	85	0	32038969001	7
6903	32038	11	114	85	0	32038766001	7
6904	32038	15	112	86	0	32038181001	7
6905	32038	16	113	86	0	32038271001	7
6906	32039	5	114	84	0	32039103000	7
6907	32039	21	112	87	0	32039031001	7
6908	32039	27	112	88	0	32039857000	7
6909	32040	3	112	84	0	32040988000	7
6910	32040	16	113	86	0	32040599000	7
6911	32040	26	111	88	0	32040248000	7
6912	32040	28	113	88	0	32040079000	7
6913	32040	32	111	89	0	32040835001	7
6914	32040	33	112	89	0	32040598001	7
6915	32041	4	113	84	0	32041823001	7
6916	32041	9	112	85	0	32041610000	7
6917	32041	15	112	86	0	32041859001	7
6918	32041	21	112	87	0	32041243001	7
6919	32041	22	113	87	0	32041450000	7
6920	32042	5	114	84	0	32042647001	7
6921	32042	10	113	85	0	32042145000	7
6922	32042	20	111	87	0	32042961000	7
6923	32042	26	111	88	0	32042336000	7
6924	32043	16	113	86	0	32043347000	7
6925	32043	21	112	87	0	32043862000	7
6926	32043	27	112	88	0	32043107000	7
6927	32043	31	110	89	0	32043704000	7
6928	32044	3	112	84	0	32044886000	7
6929	32044	9	112	85	0	32044493001	7
6930	32044	14	111	86	0	32044734000	7
6931	32044	15	112	86	0	32044190001	7
6932	32044	26	111	88	0	32044363000	7
6933	32044	32	111	89	0	32044804000	7
6934	32045	4	113	84	0	32045085000	7
6935	32045	20	111	87	0	32045353000	7
6936	32045	25	110	88	0	32045730000	8
6937	32046	9	112	85	0	32046904000	8
6938	32046	14	111	86	0	32046934000	8
6939	32046	15	112	86	0	32046899001	8
6940	32046	31	110	89	0	32046077000	8
6941	32047	2	111	84	0	32047669000	8
6942	32047	3	112	84	0	32047292000	8
6943	32047	8	111	85	0	32047712000	8
6944	32047	19	110	87	0	32047277001	8
6945	32047	21	112	87	0	32047232001	8
6946	32047	30	109	89	0	32047579000	8
6947	32048	20	111	87	0	32048385001	8
6948	32048	24	109	88	0	32048213000	8
6949	32048	25	110	88	0	32048311000	8
6950	32048	26	111	88	0	32048031001	8
6951	32048	31	110	89	0	32048973001	8
6952	32049	3	112	84	0	32049838001	8
6953	32049	10	113	85	0	32049616000	8
6954	32049	13	110	86	0	32049089001	8
6955	32049	14	111	86	0	32049822000	8
6956	32049	19	110	87	0	32049905001	8
6957	32050	2	111	84	0	32050533001	8
6958	32050	5	114	84	1	32050167001	8
6959	32050	8	111	85	0	32050073000	8
6960	32050	9	112	85	0	32050425000	8
6961	32050	18	109	87	0	32050938001	8
6962	32050	24	109	88	0	32050825001	8
6963	32050	30	109	89	0	32050022000	8
6964	32051	7	110	85	0	32051090001	8
6965	32051	13	110	86	0	32051620000	8
6966	32051	25	110	88	0	32051276001	8
6967	32052	2	111	84	0	32052801001	8
6968	32052	12	109	86	0	32052644001	8
6969	32052	19	110	87	0	32052614000	8
6970	32052	24	109	88	0	32052950001	8
6971	32052	29	114	88	0	32052403000	8
6972	32052	30	109	89	0	32052903001	8
6973	32053	1	110	84	0	32053495000	8
6974	32053	7	110	85	0	32053658000	8
6975	32053	8	111	85	0	32053123000	8
6976	32053	13	110	86	0	32053891000	8
6977	32053	16	113	86	0	32053255000	8
6978	32053	18	109	87	0	32053623001	8
6979	32054	5	114	84	1	32054055000	8
6980	32054	11	114	85	1	32054494000	8
6981	32055	1	110	84	0	32055881000	9
6982	32055	2	111	84	0	32055614000	9
6983	32055	7	110	85	0	32055911001	9
6984	32055	12	109	86	0	32055101001	8
6985	32056	4	113	84	1	32056691001	9
6986	32056	6	109	85	0	32056103000	9
6987	32056	17	114	86	1	32056597001	9
6988	32056	24	109	88	0	32056111001	9
6989	32057	0	109	84	0	32057945001	9
6990	32057	5	114	84	1	32057926001	9
6991	32057	11	114	85	1	32057867001	9
6992	32057	12	109	86	0	32057575000	9
6993	32057	18	109	87	0	32057084001	9
6994	32058	1	110	84	0	32058619000	9
6995	32058	6	109	85	0	32058606000	9
6996	32058	10	113	85	1	32058144000	9
6997	32059	4	113	84	1	32059978001	9
6998	32059	23	114	87	1	32059363000	9
6999	32060	0	109	84	0	32060820000	9
7000	32060	16	113	86	1	32060094000	9
7001	32060	17	114	86	1	32060264001	9
7002	32061	3	112	84	1	32061507000	10
7003	32061	6	109	85	0	32061752000	10
7004	32061	10	113	85	1	32061111001	9
7005	32061	29	114	88	1	32061296000	10
7006	32062	7	110	85	0	32062611000	10
7007	32062	23	114	87	1	32062403001	10
7008	32062	35	114	89	1	32062957000	10
7009	32063	9	112	85	1	32063397001	10
7010	32063	10	113	85	1	32063619001	10
7011	32063	22	113	87	1	32063176000	10
7012	32064	0	109	84	0	32064440000	10
7013	32064	3	112	84	1	32064542001	10
7014	32064	16	113	86	1	32064021001	10
7015	32064	29	114	88	1	32064245000	10
7016	32065	2	111	84	1	32065711000	10
7017	32065	28	113	88	1	32065001001	10
7018	32065	35	114	89	1	32065904001	11
7019	32066	8	111	85	1	32066609000	11
7020	32066	9	112	85	1	32066376000	11
7021	32066	11	114	85	1	32066573000	11
7022	32066	15	112	86	1	32066035000	11
7023	32066	22	113	87	1	32066339000	11
7024	32066	34	113	89	1	32066594001	11
7025	32067	4	113	84	1	32067394000	11
7026	32067	17	114	86	1	32067075001	11
7027	32067	21	112	87	1	32067082000	11
7028	32067	27	112	88	1	32067946000	11
7029	32067	28	113	88	1	32067817000	11
7030	32068	15	112	86	1	32068718000	11
7031	32069	2	111	84	1	32069136000	11
7032	32069	14	111	86	1	32069621000	12
7033	32069	21	112	87	1	32069828001	12
7034	32069	34	113	89	1	32069329001	11
7035	32069	35	114	89	1	32069513001	11
7036	32070	1	110	84	1	32070321000	12
7037	32070	8	111	85	1	32070024001	12
7038	32070	9	112	85	1	32070096000	12
7039	32070	23	114	87	1	32070652001	12
7040	32070	27	112	88	1	32070739001	12
7041	32070	29	114	88	1	32070157001	12
7042	32070	33	112	89	1	32070530000	12
7043	32071	3	112	84	1	32071812001	12
7044	32071	7	110	85	1	32071679001	12
7045	32071	20	111	87	1	32071243001	12
7046	32072	8	111	85	1	32072183001	12
7047	32072	14	111	86	1	32072636001	12
7048	32072	26	111	88	1	32072550000	12
7049	32072	27	112	88	1	32072761000	12
7050	32073	1	110	84	1	32073760000	13
7051	32073	13	110	86	1	32073983000	13
7052	32073	16	113	86	1	32073689001	13
7053	32073	21	112	87	1	32073097000	12
7054	32073	32	111	89	1	32073853000	13
7055	32073	33	112	89	1	32073504000	13
7056	32074	0	109	84	1	32074140000	13
7057	32074	7	110	85	1	32074729000	13
7058	32074	19	110	87	1	32074227001	13
7059	32074	20	111	87	1	32074186000	13
7060	32074	28	113	88	1	32074698000	13
7061	32075	6	109	85	1	32075722000	13
7062	32075	15	112	86	1	32075623000	13
7063	32075	26	111	88	1	32075316001	13
7064	32075	34	113	89	1	32075009001	13
7065	32076	13	110	86	1	32076827001	14
7066	32076	25	110	88	1	32076679000	14
7067	32077	0	109	84	1	32077570001	14
7068	32077	12	109	86	1	32077899001	14
7069	32077	19	110	87	1	32077626001	14
7070	32077	31	110	89	1	32077306000	14
7071	32077	32	111	89	1	32077397000	14
7072	32078	7	110	85	1	32078155001	14
7073	32079	6	109	85	1	32079057000	14
7074	32079	18	109	87	1	32079416001	14
7075	32079	25	110	88	1	32079845000	15
7076	32079	26	111	88	1	32079041001	14
7077	32080	1	110	84	1	32080611000	15
7078	32080	12	109	86	1	32080962000	15
7079	32080	19	110	87	1	32080902001	15
7080	32080	24	109	88	1	32080085000	15
7081	32080	31	110	89	1	32080646001	15
7082	32081	33	112	89	1	32081760001	15
7083	32082	13	110	86	1	32082061001	15
7084	32082	18	109	87	1	32082287001	15
7085	32082	20	111	87	1	32082959001	16
7086	32082	30	109	89	1	32082055000	15
7087	32083	6	109	85	1	32083388000	16
7088	32083	24	109	88	1	32083577000	16
7089	32083	31	110	89	1	32083998001	16
7090	32084	30	109	89	1	32084538001	16
7091	32085	0	109	84	1	32085343001	16
7092	32085	25	110	88	1	32085391001	16
7093	32087	22	113	87	1	32087498001	17
7094	32089	30	109	89	1	32089716001	18
7095	32113	18	109	87	1	32113708001	26
7096	32479	34	113	89	0	32479480001	19
7097	32479	35	114	89	0	32479399001	19
7098	32696	3	112	84	0	32696544001	20
7099	32726	24	109	88	0	32726704000	21
7100	32726	30	109	89	0	32726730001	21
7101	32727	0	109	84	0	32727825001	21
7102	32727	6	109	85	0	32727651001	21
7103	32727	12	109	86	0	32727219000	21
7104	32727	18	109	87	0	32727173001	21
7105	32727	31	110	89	0	32727552001	21
7106	32728	1	110	84	0	32728733000	21
7107	32728	7	110	85	0	32728485000	21
7108	32728	13	110	86	0	32728282000	21
7109	32728	19	110	87	0	32728116000	21
7110	32728	20	111	87	0	32728980000	21
7111	32728	24	109	88	0	32728628001	21
7112	32728	25	110	88	0	32728003001	21
7113	32728	26	111	88	0	32728667001	21
7114	32728	30	109	89	0	32728718001	21
7115	32728	32	111	89	0	32728689001	21
7116	32729	2	111	84	0	32729709000	21
7117	32729	8	111	85	0	32729698000	21
7118	32729	12	109	86	0	32729266001	21
7119	32729	14	111	86	0	32729344000	21
7120	32729	21	112	87	0	32729800000	21
7121	32729	27	112	88	0	32729650000	21
7122	32729	31	110	89	0	32729770001	21
7123	32729	33	112	89	0	32729526000	21
7124	32730	0	109	84	0	32730324001	21
7125	32730	1	110	84	0	32730861000	21
7126	32730	3	112	84	0	32730739000	21
7127	32730	6	109	85	0	32730175001	21
7128	32730	7	110	85	0	32730463001	21
7129	32730	9	112	85	0	32730539000	21
7130	32730	13	110	86	0	32730361001	21
7131	32730	15	112	86	0	32730161001	21
7132	32730	18	109	87	0	32730003001	21
7133	32730	19	110	87	0	32730565000	21
7134	32730	22	113	87	0	32730948000	21
7135	32730	25	110	88	0	32730309000	21
7136	32730	26	111	88	0	32730414001	21
7137	32730	28	113	88	0	32730823001	21
7138	32730	34	113	89	0	32730628001	21
7139	32731	2	111	84	0	32731569001	21
7140	32731	4	113	84	0	32731852001	21
7141	32731	10	113	85	0	32731702000	21
7142	32731	14	111	86	0	32731377001	21
7143	32731	16	113	86	0	32731179000	21
7144	32731	20	111	87	0	32731367000	21
7145	32731	21	112	87	0	32731660000	21
7146	32731	23	114	87	0	32731899000	21
7147	32731	27	112	88	0	32731416001	21
7148	32731	29	114	88	0	32731582001	21
7149	32731	35	114	89	0	32731467001	21
7150	32732	3	112	84	0	32732724000	21
7151	32732	5	114	84	0	32732878000	21
7152	32732	8	111	85	0	32732472001	21
7153	32732	9	112	85	0	32732590001	21
7154	32732	11	114	85	0	32732472001	21
7155	32732	15	112	86	0	32732126001	21
7156	32732	17	114	86	0	32732334001	21
7157	32732	22	113	87	0	32732903001	21
7158	32732	28	113	88	0	32732674001	21
7159	32732	33	112	89	0	32732444001	21
7160	32732	34	113	89	0	32732640001	21
7161	32733	16	113	86	0	32733269000	21
7162	32733	29	114	88	0	32733593000	21
7163	32733	35	114	89	0	32733521001	21
7164	32734	4	113	84	0	32734538001	21
7165	32734	11	114	85	0	32734478001	21
7166	32734	17	114	86	0	32734425001	21
7167	32734	23	114	87	0	32734282001	21
7168	32735	10	113	85	0	32735335000	21
7169	32736	24	109	88	0	32736990000	21
7170	32742	5	114	84	0	32742981001	22
7171	32743	30	109	89	1	32743015000	22
7172	32743	31	110	89	1	32743479001	22
7173	32743	33	112	89	1	32743860000	22
7174	32744	24	109	88	1	32744720001	22
7175	32744	30	109	89	1	32744817000	22
7176	32744	32	111	89	1	32744466001	22
7177	32745	25	110	88	1	32745356001	22
7178	32745	26	111	88	1	32745720000	22
7179	32745	31	110	89	1	32745283001	22
7180	32745	34	113	89	1	32745174000	22
7181	32745	35	114	89	1	32745559000	22
7182	32746	18	109	87	1	32746606000	22
7183	32746	24	109	88	1	32746755000	22
7184	32746	27	112	88	1	32746126001	22
7185	32746	33	112	89	1	32746104001	22
7186	32747	19	110	87	1	32747201000	22
7187	32747	20	111	87	1	32747830001	22
7188	32747	21	112	87	1	32747742001	22
7189	32747	25	110	88	1	32747450001	22
7190	32747	26	111	88	1	32747627001	22
7191	32747	28	113	88	1	32747262000	22
7192	32747	29	114	88	1	32747379001	22
7193	32747	34	113	89	1	32747087001	22
7194	32747	35	114	89	1	32747512001	22
7195	32748	12	109	86	1	32748816000	22
7196	32748	18	109	87	1	32748665001	22
7197	32748	22	113	87	1	32748765000	22
7198	32748	27	112	88	1	32748167001	22
7199	32749	13	110	86	1	32749055000	22
7200	32749	14	111	86	1	32749941000	22
7201	32749	19	110	87	1	32749172001	22
7202	32749	20	111	87	1	32749644001	22
7203	32749	21	112	87	1	32749939000	22
7204	32749	23	114	87	1	32749290001	22
7205	32749	28	113	88	1	32749155001	22
7206	32749	29	114	88	1	32749367000	22
7207	32749	32	111	89	1	32749033000	22
7208	32750	6	109	85	1	32750599001	22
7209	32750	12	109	86	1	32750958000	22
7210	32750	15	112	86	1	32750577000	22
7211	32750	22	113	87	1	32750863001	22
7212	32751	7	110	85	1	32751398001	22
7213	32751	8	111	85	1	32751905001	22
7214	32751	13	110	86	1	32751054001	22
7215	32751	14	111	86	1	32751831001	22
7216	32751	16	113	86	1	32751076000	22
7217	32751	17	114	86	1	32751384001	22
7218	32751	23	114	87	1	32751422000	22
7219	32752	0	109	84	1	32752837000	22
7220	32752	1	110	84	1	32752771001	22
7221	32752	6	109	85	1	32752613001	22
7222	32752	9	112	85	1	32752581000	22
7223	32752	10	113	85	1	32752698001	22
7224	32752	15	112	86	1	32752467001	22
7225	32753	2	111	84	1	32753727000	22
7226	32753	7	110	85	1	32753320001	22
7227	32753	8	111	85	1	32753766000	22
7228	32753	11	114	85	1	32753732000	22
7229	32753	16	113	86	1	32753155000	22
7230	32753	17	114	86	1	32753688001	22
7231	32754	3	112	84	1	32754495000	22
7232	32754	9	112	85	1	32754628001	22
7233	32754	10	113	85	1	32754847000	22
7234	32755	0	109	84	1	32755137000	22
7235	32755	1	110	84	1	32755196000	22
7236	32755	4	113	84	1	32755504001	22
7237	32755	5	114	84	1	32755395000	22
7238	32755	11	114	85	1	32755954001	22
7239	32756	2	111	84	1	32756074000	22
7240	32756	3	112	84	1	32756801001	22
7241	32757	4	113	84	1	32757730001	22
7242	32758	5	114	84	1	32758037001	22
7243	33041	16	113	86	0	33041594001	19
7244	33043	11	114	85	0	33043201001	20
7245	33083	24	109	88	0	33083997001	25
7246	33084	6	109	85	0	33084821000	25
7247	33084	12	109	86	0	33084375001	25
7248	33084	18	109	87	0	33084639001	25
7249	33084	30	109	89	0	33084084000	25
7250	33085	0	109	84	0	33085175000	25
7251	33085	13	110	86	0	33085982001	25
7252	33085	19	110	87	0	33085837000	25
7253	33085	25	110	88	0	33085764000	25
7254	33085	31	110	89	0	33085446000	25
7255	33086	1	110	84	0	33086412001	25
7256	33086	7	110	85	0	33086152000	25
7257	33086	12	109	86	0	33086650000	25
7258	33086	24	109	88	0	33086254001	25
7259	33086	26	111	88	0	33086904000	25
7260	33086	30	109	89	0	33086249001	25
7261	33086	32	111	89	0	33086896001	25
7262	33087	0	109	84	0	33087732001	25
7263	33087	2	111	84	0	33087670001	25
7264	33087	6	109	85	0	33087230000	25
7265	33087	8	111	85	0	33087917000	25
7266	33087	14	111	86	0	33087408001	25
7267	33087	18	109	87	0	33087280000	25
7268	33087	20	111	87	0	33087335001	25
7269	33087	31	110	89	0	33087683000	25
7270	33088	1	110	84	0	33088685000	25
7271	33088	7	110	85	0	33088326001	25
7272	33088	13	110	86	0	33088326001	25
7273	33088	15	112	86	0	33088649001	25
7274	33088	19	110	87	0	33088391001	25
7275	33088	21	112	87	0	33088616001	25
7276	33088	25	110	88	0	33088410001	25
7277	33088	26	111	88	0	33088693000	25
7278	33088	27	112	88	0	33088348001	25
7279	33088	33	112	89	0	33088247001	25
7280	33089	3	112	84	0	33089034000	25
7281	33089	9	112	85	0	33089039000	25
7282	33089	14	111	86	0	33089492000	25
7283	33089	20	111	87	0	33089475000	25
7284	33089	22	113	87	0	33089900000	25
7285	33089	28	113	88	1	33089792001	25
7286	33089	32	111	89	0	33089669001	25
7287	33089	34	113	89	0	33089506000	25
7288	33090	2	111	84	0	33090045001	25
7289	33090	4	113	84	0	33090617001	25
7290	33090	8	111	85	0	33090598000	25
7291	33090	10	113	85	0	33090634001	25
7292	33090	15	112	86	0	33090618000	25
7293	33090	16	113	86	0	33090329000	25
7294	33090	21	112	87	0	33090584000	25
7295	33090	27	112	88	0	33090377001	25
7296	33090	35	114	89	0	33090829000	25
7297	33091	3	112	84	0	33091129001	25
7298	33091	9	112	85	0	33091476000	25
7299	33091	17	114	86	0	33091804001	25
7300	33091	23	114	87	0	33091399001	25
7301	33091	28	113	88	0	33091701001	25
7302	33091	29	114	88	0	33091075001	25
7303	33091	33	112	89	0	33091351001	25
7304	33091	34	113	89	0	33091450001	25
7305	33092	4	113	84	0	33092822000	25
7306	33092	5	114	84	0	33092273000	25
7307	33092	11	114	85	0	33092092001	25
7308	33092	16	113	86	0	33092537000	25
7309	33092	22	113	87	0	33092494001	25
7310	33092	35	114	89	0	33092858000	25
7311	33093	10	113	85	0	33093165000	25
7312	33093	23	114	87	0	33093759000	25
7313	33093	24	109	88	1	33093590000	25
7314	33093	29	114	88	0	33093014001	25
7315	33094	5	114	84	0	33094774001	25
7316	33094	11	114	85	0	33094368001	25
7317	33094	17	114	86	0	33094232000	25
7318	33095	19	110	87	0	33095142001	25
7319	33095	22	113	87	0	33095176001	25
7320	33095	26	111	88	0	33095098000	25
7321	33102	34	113	89	0	33102613000	25
7322	33114	30	109	89	1	33114747001	24
7323	33115	31	110	89	1	33115046000	24
7324	33117	24	109	88	1	33117209001	24
7325	33117	30	109	89	1	33117755001	24
7326	33117	32	111	89	1	33117386001	24
7327	33117	33	112	89	1	33117684000	24
7328	33118	25	110	88	1	33118872001	24
7329	33118	31	110	89	1	33118586001	24
7330	33119	26	111	88	1	33119264001	24
7331	33119	34	113	89	1	33119042000	24
7332	33120	32	111	89	1	33120495000	24
7333	33120	35	114	89	1	33120028000	24
7334	33121	18	109	87	1	33121764000	23
7335	33121	24	109	88	1	33121424000	23
7336	33121	25	110	88	1	33121853001	23
7337	33121	27	112	88	1	33121274000	24
7338	33121	33	112	89	1	33121232000	24
7339	33122	0	109	84	1	33122317001	23
7340	33122	19	110	87	1	33122270000	23
7341	33122	26	111	88	1	33122612001	23
7342	33122	34	113	89	1	33122435001	23
7343	33123	28	113	88	1	33123650000	23
7344	33123	35	114	89	1	33123512000	23
7345	33124	1	110	84	1	33124142000	23
7346	33124	6	109	85	1	33124158001	23
7347	33124	20	111	87	1	33124092000	23
7348	33124	25	110	88	1	33124781000	23
7349	33124	27	112	88	1	33124658001	23
7350	33124	29	114	88	1	33124039001	23
7351	33124	31	110	89	1	33124157001	23
7352	33125	0	109	84	1	33125154001	23
7353	33125	12	109	86	1	33125804001	23
7354	33125	21	112	87	1	33125411000	23
7355	33125	26	111	88	1	33125521000	23
7356	33126	1	110	84	1	33126108001	23
7357	33126	2	111	84	1	33126694001	23
7358	33126	6	109	85	1	33126232001	23
7359	33126	7	110	85	1	33126128001	23
7360	33126	18	109	87	1	33126668001	23
7361	33126	19	110	87	1	33126475000	23
7362	33126	35	114	89	1	33126473000	23
7363	33127	3	112	84	1	33127937001	23
7364	33127	7	110	85	1	33127917001	23
7365	33127	13	110	86	1	33127213000	23
7366	33127	20	111	87	1	33127947000	23
7367	33127	22	113	87	1	33127413000	23
7368	33127	27	112	88	1	33127424000	23
7369	33127	34	113	89	1	33127942000	23
7370	33128	2	111	84	1	33128872001	23
7371	33128	8	111	85	1	33128568001	23
7372	33128	12	109	86	1	33128277000	23
7373	33128	23	114	87	1	33128984001	23
7374	33128	24	109	88	1	33128766000	23
7375	33128	28	113	88	1	33128322000	23
7376	33129	13	110	86	1	33129466001	23
7377	33129	29	114	88	1	33129275000	23
7378	33130	3	112	84	1	33130163001	23
7379	33130	4	113	84	1	33130842001	23
7380	33130	8	111	85	1	33130325000	23
7381	33130	9	112	85	1	33130691000	23
7382	33130	14	111	86	1	33130131000	23
7383	33130	19	110	87	1	33130211001	23
7384	33130	21	112	87	1	33130751001	23
7385	33131	18	109	87	1	33131541000	23
7386	33132	5	114	84	1	33132767001	23
7387	33132	9	112	85	1	33132787001	23
7388	33132	10	113	85	1	33132982000	23
7389	33132	14	111	86	1	33132372001	23
7390	33132	15	112	86	1	33132011000	23
7391	33132	20	111	87	1	33132694001	23
7392	33133	4	113	84	1	33133075000	23
7393	33133	33	112	89	1	33133337000	23
7394	33134	5	114	84	1	33134944000	22
7395	33134	11	114	85	1	33134803000	22
7396	33134	15	112	86	1	33134391001	22
7397	33134	16	113	86	1	33134732000	22
7398	33134	29	114	88	1	33134615001	22
7399	33135	10	113	85	1	33135126000	22
7400	33135	21	112	87	1	33135524001	22
7401	33135	22	113	87	1	33135389001	22
7402	33136	11	114	85	1	33136844001	22
7403	33136	17	114	86	1	33136801000	22
7404	33136	20	111	87	1	33136802001	22
7405	33136	28	113	88	1	33136308000	22
7406	33137	16	113	86	1	33137035000	22
7407	33138	17	114	86	1	33138953001	22
7408	33138	22	113	87	1	33138322001	22
7409	33138	23	114	87	1	33138705001	22
7410	33140	23	114	87	1	33140985001	22
7411	33140	29	114	88	0	33140298001	22
7412	33141	27	112	88	1	33141743000	22
7413	33142	29	114	88	1	33142786001	22
7414	33144	19	110	87	1	33144667000	21
7415	33253	7	110	85	1	33253880001	4
7416	33399	7	110	85	0	33399605001	33
7417	33464	24	109	88	0	33464999000	24
7418	33465	12	109	86	0	33465953000	23
7419	33465	18	109	87	0	33465892001	23
7420	33465	30	109	89	0	33465344001	24
7421	33466	6	109	85	0	33466739000	23
7422	33466	31	110	89	0	33466304001	23
7423	33467	0	109	84	0	33467008000	23
7424	33467	13	110	86	0	33467755000	23
7425	33467	19	110	87	0	33467172000	23
7426	33467	24	109	88	0	33467366000	23
7427	33467	25	110	88	0	33467044001	23
7428	33467	30	109	89	0	33467731001	23
7429	33467	32	111	89	1	33467979000	23
7430	33468	1	110	84	0	33468510001	23
7431	33468	7	110	85	0	33468248001	23
7432	33468	12	109	86	0	33468502001	23
7433	33468	18	109	87	0	33468591001	23
7434	33468	20	111	87	0	33468615000	23
7435	33468	26	111	88	0	33468219000	23
7436	33468	31	110	89	0	33468753000	23
7437	33469	2	111	84	0	33469993001	22
7438	33469	6	109	85	1	33469509001	22
7439	33469	8	111	85	0	33469892001	22
7440	33469	14	111	86	0	33469106001	22
7441	33469	19	110	87	0	33469664001	22
7442	33469	25	110	88	0	33469549001	22
7443	33469	27	112	88	0	33469324000	22
7444	33469	33	112	89	0	33469254000	22
7445	33470	0	109	84	1	33470202001	22
7446	33470	7	110	85	1	33470717001	22
7447	33470	12	109	86	1	33470619000	22
7448	33470	13	110	86	0	33470361000	22
7449	33470	15	112	86	0	33470593001	22
7450	33470	20	111	87	0	33470831000	22
7451	33470	21	112	87	0	33470259000	22
7452	33470	26	111	88	0	33470235001	22
7453	33470	32	111	89	0	33470949000	22
7454	33470	34	113	89	0	33470530001	22
7455	33471	1	110	84	1	33471028000	22
7456	33471	3	112	84	0	33471317000	22
7457	33471	8	111	85	1	33471964000	21
7458	33471	9	112	85	0	33471059001	22
7459	33471	14	111	86	0	33471523000	22
7460	33471	16	113	86	0	33471963001	21
7461	33471	18	109	87	1	33471538001	22
7462	33471	22	113	87	0	33471514000	22
7463	33471	27	112	88	0	33471100000	22
7464	33471	28	113	88	0	33471368000	22
7465	33471	33	112	89	0	33471606001	22
7466	33472	10	113	85	1	33472656001	21
7467	33472	13	110	86	1	33472218000	21
7468	33472	15	112	86	0	33472993001	21
7469	33472	19	110	87	1	33472428001	21
7470	33472	21	112	87	0	33472233001	21
7471	33472	24	109	88	1	33472356000	21
7472	33472	29	114	88	0	33472248001	21
7473	33472	34	113	89	0	33472579001	21
7474	33472	35	114	89	0	33472031001	21
7475	33473	2	111	84	1	33473588000	21
7476	33473	4	113	84	0	33473256000	21
7477	33473	9	112	85	1	33473550001	21
7478	33473	11	114	85	0	33473818001	21
7479	33473	14	111	86	1	33473197000	21
7480	33473	17	114	86	0	33473627001	21
7481	33473	20	111	87	1	33473841000	21
7482	33473	22	113	87	0	33473596001	21
7483	33473	23	114	87	0	33473013001	21
7484	33473	25	110	88	1	33473661000	21
7485	33473	28	113	88	0	33473428000	21
7486	33473	30	109	89	1	33473657001	21
7487	33474	10	113	85	1	33474997001	20
7488	33474	15	112	86	1	33474670001	20
7489	33474	16	113	86	0	33474119001	21
7490	33474	21	112	87	1	33474534000	20
7491	33474	26	111	88	1	33474919000	20
7492	33474	29	114	88	0	33474196000	20
7493	33474	31	110	89	1	33474395001	20
7494	33474	35	114	89	0	33474051001	21
7495	33475	16	113	86	1	33475919000	20
7496	33475	23	114	87	0	33475496000	20
7497	33475	27	112	88	1	33475995000	20
7498	33475	32	111	89	1	33475965001	20
7499	33476	11	114	85	1	33476433000	20
7500	33476	17	114	86	0	33476079000	20
7501	33476	21	112	87	1	33476488001	20
7502	33476	22	113	87	1	33476424001	20
7503	33476	33	112	89	1	33476912000	19
7504	33477	23	114	87	1	33477605000	19
7505	33477	28	113	88	1	33477398001	19
7506	33477	31	110	89	1	33477056000	19
7507	33478	17	114	86	1	33478415000	19
7508	33478	20	111	87	1	33478360001	19
7509	33478	29	114	88	1	33478498001	19
7510	33478	34	113	89	1	33478266000	19
7511	33479	35	114	89	1	33479283001	19
7512	33480	27	112	88	1	33480758001	18
7513	33482	35	114	89	1	33482069001	18
7514	33483	33	112	89	1	33483816000	17
7515	33490	24	109	88	1	33490333000	15
7516	33521	24	109	88	0	33521848000	9
7517	33524	31	110	89	0	33524353000	10
7518	33528	27	112	88	0	33528200000	10
7519	33622	35	114	89	0	33622300001	8
7520	33624	29	114	88	0	33624066000	8
7521	33624	34	113	89	0	33624737001	8
7522	33624	35	114	89	0	33624845001	8
7523	33626	33	112	89	0	33626396000	8
7524	33626	34	113	89	1	33626902001	8
7525	33628	32	111	89	0	33628234000	9
7526	33628	33	112	89	1	33628544000	9
7527	33630	31	110	89	0	33630329001	9
7528	33647	35	114	89	1	33647776001	15
7529	33671	35	114	89	0	33671038001	22
7530	33672	11	114	85	0	33672943001	23
7531	33673	17	114	86	0	33673566001	23
7532	34017	31	110	89	0	34017637001	14
7533	34018	26	111	88	0	34018735000	14
7534	34018	27	112	88	0	34018443000	14
7535	34018	32	111	89	0	34018634000	14
7536	34018	34	113	89	0	34018648000	14
7537	34019	21	112	87	0	34019829001	14
7538	34019	28	113	88	0	34019477001	14
7539	34019	33	112	89	0	34019252001	14
7540	34019	35	114	89	0	34019741001	14
7541	34020	15	112	86	0	34020435000	14
7542	34020	22	113	87	0	34020422001	14
7543	34020	29	114	88	0	34020351000	14
7544	34021	16	113	86	0	34021871000	14
7545	34021	20	111	87	0	34021497001	14
7546	34021	23	114	87	0	34021615000	14
7547	34022	9	112	85	0	34022009000	15
7548	34023	17	114	86	0	34023362000	15
7549	34024	10	113	85	0	34024339000	15
7550	34024	11	114	85	0	34024500001	15
7551	34025	3	112	84	0	34025052001	15
7552	34025	5	114	84	0	34025286001	15
7553	34027	4	113	84	0	34027492001	15
7554	34078	2	111	84	0	34078568000	19
7555	34079	1	110	84	0	34079646001	19
7556	34080	7	110	85	0	34080983001	19
7557	34084	12	109	86	0	34084175001	19
7558	34108	4	113	84	0	34108811001	20
7559	34108	5	114	84	0	34108469000	20
7560	34109	3	112	84	0	34109503001	20
7561	34110	9	112	85	0	34110907000	20
7562	34110	10	113	85	0	34110490000	20
7563	34110	11	114	85	0	34110048000	20
7564	34111	2	111	84	0	34111625001	20
7565	34111	3	112	84	0	34111925000	20
7566	34111	4	113	84	0	34111111001	20
7567	34111	5	114	84	0	34111184001	20
7568	34111	8	111	85	0	34111222000	20
7569	34111	16	113	86	0	34111767001	20
7570	34111	17	114	86	0	34111885001	20
7571	34112	7	110	85	0	34112809000	20
7572	34112	11	114	85	0	34112621000	20
7573	34112	13	110	86	0	34112948001	20
7574	34112	14	111	86	0	34112388001	20
7575	34112	15	112	86	0	34112197001	20
7576	34113	2	111	84	0	34113908001	20
7577	34113	8	111	85	0	34113770001	20
7578	34113	9	112	85	0	34113026000	20
7579	34113	10	113	85	0	34113072001	20
7580	34113	12	109	86	0	34113713000	20
7581	34113	21	112	87	0	34113793001	20
7582	34113	22	113	87	0	34113309001	20
7583	34113	23	114	87	0	34113326001	20
7584	34114	14	111	86	0	34114565000	20
7585	34114	15	112	86	0	34114394000	20
7586	34114	16	113	86	0	34114141001	20
7587	34114	17	114	86	0	34114269000	20
7588	34114	18	109	87	0	34114895000	20
7589	34114	19	110	87	0	34114492000	20
7590	34114	20	111	87	0	34114336001	20
7591	34114	29	114	88	0	34114603001	20
7592	34115	1	110	84	0	34115384000	21
7593	34115	5	114	84	0	34115782001	21
7594	34115	6	109	85	0	34115024000	20
7595	34115	7	110	85	0	34115300000	21
7596	34115	12	109	86	0	34115946001	21
7597	34115	13	110	86	0	34115362000	21
7598	34115	22	113	87	0	34115712001	21
7599	34115	23	114	87	0	34115936000	21
7600	34115	24	109	88	0	34115881001	21
7601	34115	26	111	88	0	34115591001	21
7602	34115	27	112	88	0	34115443000	21
7603	34115	28	113	88	0	34115064001	20
7604	34115	35	114	89	0	34115891000	21
7605	34116	19	110	87	0	34116971000	21
7606	34116	20	111	87	0	34116368001	21
7607	34116	21	112	87	0	34116165001	21
7608	34116	25	110	88	0	34116088000	21
7609	34116	29	114	88	0	34116866001	21
7610	34116	34	113	89	0	34116478001	21
7611	34117	0	109	84	0	34117855000	21
7612	34117	1	110	84	0	34117993000	21
7613	34117	2	111	84	0	34117596000	21
7614	34117	6	109	85	0	34117726000	21
7615	34117	18	109	87	0	34117486000	21
7616	34117	24	109	88	0	34117994001	21
7617	34117	26	111	88	0	34117583001	21
7618	34117	27	112	88	0	34117183000	21
7619	34117	28	113	88	0	34117037001	21
7620	34117	30	109	89	0	34117757000	21
7621	34117	31	110	89	0	34117609001	21
7622	34117	32	111	89	0	34117194000	21
7623	34117	33	112	89	0	34117088001	21
7624	34118	25	110	88	1	34118476001	21
7625	34118	34	113	89	1	34118993001	21
7626	34118	35	114	89	0	34118067001	21
7627	34119	16	113	86	0	34119861000	21
7628	34119	31	110	89	0	34119695000	21
7629	34119	32	111	89	0	34119721000	21
7630	34119	33	112	89	0	34119695000	21
7631	34120	0	109	84	0	34120559000	21
7632	34120	7	110	85	0	34120714000	21
7633	34120	12	109	86	0	34120646001	21
7634	34120	27	112	88	1	34120732001	21
7635	34120	30	109	89	0	34120251001	21
7636	34121	1	110	84	0	34121780001	21
7637	34121	6	109	85	0	34121026001	21
7638	34124	0	109	84	0	34124099001	21
7639	34124	3	112	84	0	34124018000	21
7640	34124	15	112	86	0	34124155001	21
7641	34125	26	111	88	0	34125783000	21
7642	34126	24	109	88	0	34126845001	21
7643	34137	5	114	84	1	34137961000	22
7644	34138	11	114	85	1	34138263001	22
7645	34138	17	114	86	1	34138449001	22
7646	34138	23	114	87	1	34138526000	22
7647	34138	29	114	88	1	34138770001	22
7648	34139	3	112	84	1	34139832000	22
7649	34139	4	113	84	1	34139096001	22
7650	34139	10	113	85	1	34139247000	22
7651	34139	16	113	86	1	34139404000	22
7652	34139	22	113	87	1	34139381000	22
7653	34139	35	114	89	1	34139176000	22
7654	34140	9	112	85	1	34140414000	22
7655	34140	15	112	86	1	34140266000	22
7656	34140	21	112	87	1	34140795000	22
7657	34140	27	112	88	1	34140808000	22
7658	34140	28	113	88	1	34140005001	22
7659	34140	34	113	89	1	34140052000	22
7660	34141	2	111	84	1	34141086001	22
7661	34141	8	111	85	1	34141222000	22
7662	34141	14	111	86	1	34141493000	22
7663	34141	20	111	87	1	34141718000	22
7664	34141	22	113	87	1	34141669000	22
7665	34141	26	111	88	1	34141643001	22
7666	34141	33	112	89	1	34141278000	22
7667	34142	1	110	84	1	34142248001	22
7668	34142	7	110	85	1	34142113001	22
7669	34142	8	111	85	1	34142949001	22
7670	34142	13	110	86	1	34142422001	22
7671	34142	15	112	86	1	34142286000	22
7672	34142	17	114	86	1	34142092000	22
7673	34142	19	110	87	1	34142841000	22
7674	34142	25	110	88	1	34142840000	22
7675	34142	27	112	88	1	34142935001	22
7676	34142	32	111	89	1	34142122001	22
7677	34143	0	109	84	1	34143219001	22
7678	34143	6	109	85	1	34143358000	22
7679	34143	12	109	86	1	34143679000	22
7680	34143	26	111	88	1	34143111000	22
7681	34143	31	110	89	1	34143373000	22
7682	34144	7	110	85	1	34144051000	22
7683	34144	18	109	87	1	34144074001	22
7684	34144	20	111	87	1	34144608000	22
7685	34144	24	109	88	1	34144039000	22
7686	34144	25	110	88	1	34144794000	22
7687	34144	30	109	89	1	34144418001	22
7688	34145	13	110	86	1	34145337000	22
7689	34148	3	112	84	1	34148999001	22
7690	34148	30	109	89	1	34148227000	22
7691	34148	35	114	89	1	34148563001	22
7692	34150	21	112	87	1	34150606001	22
7693	34153	29	114	88	1	34153406000	22
7694	34157	31	110	89	1	34157912001	22
7695	34172	1	110	84	1	34172775001	23
7696	34331	5	114	84	0	34331993000	15
7697	34333	3	112	84	0	34333722001	15
7698	34333	4	113	84	0	34333197000	15
7699	34335	2	111	84	0	34335367000	14
7700	34336	1	110	84	0	34336239000	14
7701	34337	0	109	84	0	34337527001	14
7702	34344	0	109	84	0	34344142000	13
7703	34344	1	110	84	0	34344538000	13
7704	34344	2	111	84	0	34344677000	13
7705	34345	3	112	84	0	34345261001	13
7706	34345	4	113	84	0	34345969001	13
7707	34346	2	111	84	0	34346988001	13
7708	34346	5	114	84	0	34346263001	13
7709	34347	6	109	85	0	34347963000	13
7710	34347	7	110	85	0	34347711001	13
7711	34348	0	109	84	0	34348474001	13
7712	34348	1	110	84	0	34348075001	13
7713	34348	3	112	84	0	34348373001	13
7714	34348	4	113	84	0	34348989001	13
7715	34348	8	111	85	0	34348430001	13
7716	34348	9	112	85	0	34348983000	13
7717	34349	5	114	84	0	34349255000	13
7718	34349	10	113	85	0	34349118000	13
7719	34349	11	114	85	0	34349052001	13
7720	34350	2	111	84	0	34350750000	12
7721	34350	6	109	85	0	34350747000	12
7722	34350	7	110	85	0	34350178000	12
7723	34350	13	110	86	0	34350997000	12
7724	34351	1	110	84	0	34351455001	12
7725	34351	3	112	84	0	34351614000	12
7726	34351	4	113	84	0	34351408000	12
7727	34351	8	111	85	0	34351229001	12
7728	34351	9	112	85	0	34351465000	12
7729	34351	10	113	85	0	34351852001	12
7730	34351	11	114	85	0	34351430001	12
7731	34351	12	109	86	0	34351045000	12
7732	34351	14	111	86	0	34351535000	12
7733	34351	15	112	86	0	34351204001	12
7734	34351	16	113	86	0	34351682001	12
7735	34351	17	114	86	0	34351762001	12
7736	34352	5	114	84	0	34352265001	12
7737	34353	7	110	85	0	34353173000	12
7738	34353	13	110	86	0	34353792000	12
7739	34353	15	112	86	0	34353419001	12
7740	34353	20	111	87	0	34353929001	12
7741	34353	21	112	87	0	34353885000	12
7742	34353	22	113	87	0	34353977001	12
7743	34354	6	109	85	0	34354287000	12
7744	34354	8	111	85	0	34354341000	12
7745	34354	9	112	85	0	34354567001	12
7746	34354	12	109	86	0	34354150000	12
7747	34354	14	111	86	0	34354103001	12
7748	34354	16	113	86	0	34354555000	12
7749	34354	17	114	86	0	34354533001	12
7750	34354	18	109	87	0	34354339001	12
7751	34354	19	110	87	0	34354270000	12
7752	34354	23	114	87	0	34354357000	12
7753	34355	10	113	85	0	34355205000	12
7754	34355	11	114	85	0	34355156001	12
7755	34355	29	114	88	0	34355928000	12
7756	34356	2	111	84	0	34356213001	12
7757	34356	12	109	86	0	34356437000	12
7758	34356	14	111	86	0	34356982001	12
7759	34356	15	112	86	0	34356295001	12
7760	34356	20	111	87	0	34356441001	12
7761	34356	21	112	87	0	34356246000	12
7762	34356	22	113	87	0	34356169001	12
7763	34356	24	109	88	0	34356289001	12
7764	34356	25	110	88	0	34356289001	12
7765	34356	26	111	88	0	34356041000	12
7766	34356	27	112	88	0	34356098001	12
7767	34356	28	113	88	0	34356373000	12
7768	34357	0	109	84	0	34357074000	12
7769	34357	13	110	86	0	34357553001	12
7770	34357	17	114	86	0	34357792001	12
7771	34357	18	109	87	0	34357540000	12
7772	34357	19	110	87	0	34357064001	12
7773	34357	23	114	87	0	34357253000	12
7774	34357	27	112	88	0	34357930001	12
7775	34358	21	112	87	0	34358856001	12
7776	34358	24	109	88	0	34358628001	12
7777	34358	26	111	88	0	34358108001	12
7778	34358	28	113	88	0	34358767000	12
7779	34358	29	114	88	0	34358151000	12
7780	34358	30	109	89	0	34358485001	12
7781	34358	31	110	89	0	34358291001	12
7782	34358	32	111	89	0	34358415001	12
7783	34358	33	112	89	0	34358731000	12
7784	34358	34	113	89	1	34358570000	12
7785	34358	35	114	89	0	34358221001	12
7786	34359	20	111	87	0	34359921000	12
7787	34359	22	113	87	0	34359317000	12
7788	34359	25	110	88	0	34359185001	12
7789	34360	23	114	87	0	34360326001	12
7790	34360	26	111	88	0	34360986000	13
7791	34360	27	112	88	0	34360285000	12
7792	34360	30	109	89	0	34360747001	13
7793	34360	31	110	89	0	34360725001	13
7794	34360	34	113	89	0	34360677001	13
7795	34360	35	114	89	0	34360584001	13
7796	34361	14	111	86	0	34361703000	13
7797	34361	29	114	88	0	34361372001	13
7798	34361	32	111	89	0	34361376000	13
7799	34361	33	112	89	0	34361376000	13
7800	34362	24	109	88	0	34362966000	13
7801	34370	31	110	89	0	34370282001	14
7802	34371	5	114	84	1	34371250001	15
7803	34371	11	114	85	1	34371798000	15
7804	34372	4	113	84	1	34372677001	15
7805	34372	17	114	86	1	34372700001	15
7806	34372	23	114	87	1	34372994000	15
7807	34373	5	114	84	1	34373897000	15
7808	34373	10	113	85	1	34373400001	15
7809	34373	11	114	85	1	34373658000	15
7810	34373	29	114	88	1	34373716001	15
7811	34374	3	112	84	1	34374615000	15
7812	34374	4	113	84	1	34374522000	15
7813	34374	9	112	85	1	34374839001	16
7814	34374	16	113	86	1	34374223001	15
7815	34374	17	114	86	1	34374734001	16
7816	34374	22	113	87	1	34374506001	15
7817	34374	35	114	89	1	34374066000	15
7818	34375	2	111	84	1	34375801001	16
7819	34375	10	113	85	1	34375513000	16
7820	34375	15	112	86	1	34375861001	16
7821	34375	23	114	87	1	34375087001	16
7822	34375	28	113	88	1	34375405001	16
7823	34375	29	114	88	1	34375686001	16
7824	34375	34	113	89	1	34375822000	16
7825	34375	35	114	89	1	34375809001	16
7826	34376	3	112	84	1	34376888001	16
7827	34376	8	111	85	1	34376544001	16
7828	34376	9	112	85	1	34376730001	16
7829	34376	14	111	86	1	34376888001	16
7830	34376	21	112	87	1	34376048000	16
7831	34376	22	113	87	1	34376445000	16
7832	34376	27	112	88	1	34376667000	16
7833	34377	1	110	84	1	34377798000	16
7834	34377	2	111	84	1	34377633001	16
7835	34377	8	111	85	1	34377983001	17
7836	34377	15	112	86	1	34377960001	16
7837	34377	20	111	87	1	34377704001	16
7838	34377	21	112	87	1	34377872001	16
7839	34377	28	113	88	1	34377825001	16
7840	34377	33	112	89	1	34377121001	16
7841	34378	7	110	85	1	34378167000	17
7842	34378	13	110	86	1	34378538000	17
7843	34378	14	111	86	1	34378773001	17
7844	34378	16	113	86	1	34378234000	17
7845	34378	26	111	88	1	34378060000	17
7846	34378	27	112	88	1	34378276000	17
7847	34378	32	111	89	1	34378670000	17
7848	34378	34	113	89	1	34378521000	17
7849	34379	0	109	84	1	34379619000	17
7850	34379	1	110	84	1	34379627000	17
7851	34379	6	109	85	1	34379821000	17
7852	34379	19	110	87	1	34379322001	17
7853	34379	20	111	87	1	34379440001	17
7854	34379	26	111	88	1	34379600001	17
7855	34379	33	112	89	1	34379183000	17
7856	34380	7	110	85	1	34380021000	17
7857	34380	12	109	86	1	34380461000	17
7858	34380	13	110	86	1	34380446000	17
7859	34380	25	110	88	1	34380022001	17
7860	34380	31	110	89	1	34380122000	17
7861	34381	0	109	84	1	34381928001	18
7862	34381	6	109	85	1	34381750001	18
7863	34381	18	109	87	1	34381332001	18
7864	34381	19	110	87	1	34381303001	18
7865	34381	24	109	88	1	34381359001	18
7866	34381	25	110	88	1	34381879000	18
7867	34381	31	110	89	1	34381905001	18
7868	34381	32	111	89	1	34381330000	18
7869	34382	12	109	86	1	34382504000	18
7870	34382	30	109	89	1	34382034000	18
7871	34383	18	109	87	1	34383685000	18
7872	34383	24	109	88	1	34383412000	18
7873	34383	30	109	89	1	34383951001	18
7874	34497	24	109	88	0	34497771000	22
7875	34497	30	109	89	0	34497992001	22
7876	34499	12	109	86	0	34499289000	21
7877	34499	18	109	87	0	34499047000	21
7878	34499	24	109	88	0	34499706001	21
7879	34499	31	110	89	0	34499376000	21
7880	34500	0	109	84	0	34500607001	21
7881	34500	6	109	85	0	34500068000	21
7882	34500	19	110	87	0	34500608000	21
7883	34500	25	110	88	0	34500075001	21
7884	34500	30	109	89	0	34500183000	21
7885	34501	7	110	85	0	34501815001	20
7886	34501	12	109	86	0	34501584001	20
7887	34501	13	110	86	0	34501035001	21
7888	34501	26	111	88	0	34501529000	20
7889	34501	31	110	89	0	34501675000	20
7890	34501	32	111	89	0	34501112000	21
7891	34502	1	110	84	0	34502162000	20
7892	34502	6	109	85	0	34502891000	20
7893	34502	14	111	86	0	34502779001	20
7894	34502	18	109	87	0	34502101001	20
7895	34502	20	111	87	0	34502461001	20
7896	34502	25	110	88	0	34502874000	20
7897	34502	33	112	89	0	34502815000	20
7898	34503	2	111	84	0	34503907000	20
7899	34503	8	111	85	0	34503769000	20
7900	34503	13	110	86	0	34503336000	20
7901	34503	19	110	87	0	34503254000	20
7902	34503	21	112	87	0	34503732000	20
7903	34503	26	111	88	0	34503540001	20
7904	34503	27	112	88	0	34503481001	20
7905	34503	32	111	89	0	34503988000	20
7906	34504	1	110	84	0	34504262000	19
7907	34504	7	110	85	0	34504313001	19
7908	34504	15	112	86	0	34504302001	19
7909	34504	20	111	87	0	34504723000	19
7910	34504	28	113	88	0	34504871001	19
7911	34504	34	113	89	0	34504179001	20
7912	34505	0	109	84	1	34505112000	19
7913	34505	2	111	84	0	34505772001	19
7914	34505	3	112	84	0	34505274000	19
7915	34505	6	109	85	1	34505946001	19
7916	34505	9	112	85	0	34505066000	19
7917	34505	14	111	86	0	34505231001	19
7918	34505	16	113	86	0	34505808001	19
7919	34505	22	113	87	0	34505384000	19
7920	34505	27	112	88	0	34505756000	19
7921	34505	33	112	89	0	34505591001	19
7922	34505	35	114	89	0	34505779000	19
7923	34506	1	110	84	1	34506508001	19
7924	34506	8	111	85	0	34506387001	19
7925	34506	10	113	85	0	34506886001	19
7926	34506	15	112	86	0	34506139000	19
7927	34506	21	112	87	0	34506140001	19
7928	34506	23	114	87	0	34506820000	19
7929	34506	29	114	88	0	34506119000	19
7930	34506	34	113	89	0	34506422001	19
7931	34507	3	112	84	0	34507639000	18
7932	34507	4	113	84	0	34507504000	18
7933	34507	7	110	85	1	34507603001	18
7934	34507	9	112	85	0	34507197000	18
7935	34507	12	109	86	1	34507591000	18
7936	34507	17	114	86	0	34507819000	18
7937	34507	22	113	87	0	34507667000	18
7938	34507	28	113	88	0	34507058001	19
7939	34507	35	114	89	0	34507833000	18
7940	34508	2	111	84	1	34508651001	18
7941	34508	5	114	84	0	34508710001	18
7942	34508	11	114	85	0	34508023001	18
7943	34508	13	110	86	1	34508833001	18
7944	34508	16	113	86	0	34508068001	18
7945	34508	18	109	87	1	34508983001	18
7946	34508	24	109	88	0	34508052000	18
7947	34508	29	114	88	0	34508209001	18
7948	34509	6	109	85	1	34509721000	18
7949	34509	7	110	85	1	34509764000	18
7950	34509	8	111	85	1	34509923001	18
7951	34509	10	113	85	0	34509625000	18
7952	34509	23	114	87	0	34509285000	18
7953	34510	3	112	84	1	34510653000	17
7954	34510	4	113	84	0	34510069001	18
7955	34510	11	114	85	0	34510059000	18
7956	34510	13	110	86	1	34510853000	17
7957	34510	17	114	86	0	34510399000	17
7958	34510	19	110	87	1	34510615001	17
7959	34510	21	112	87	0	34510800001	17
7960	34510	24	109	88	1	34510481000	17
7961	34511	5	114	84	0	34511478001	17
7962	34511	8	111	85	1	34511959000	17
7963	34511	9	112	85	1	34511698001	17
7964	34511	14	111	86	1	34511321001	17
7965	34511	30	109	89	1	34511680000	17
7966	34512	1	110	84	1	34512225001	17
7967	34512	4	113	84	1	34512749000	17
7968	34512	18	109	87	1	34512819001	17
7969	34512	20	111	87	1	34512819001	17
7970	34512	25	110	88	1	34512224001	17
7971	34513	9	112	85	1	34513787001	16
7972	34513	10	113	85	1	34513633000	16
7973	34513	15	112	86	1	34513491001	16
7974	34513	19	110	87	1	34513238001	16
7975	34513	26	111	88	1	34513975001	16
7976	34513	31	110	89	1	34513008000	17
7977	34514	2	111	84	1	34514328000	16
7978	34514	5	114	84	1	34514443000	16
7979	34514	21	112	87	1	34514019000	16
7980	34514	25	110	88	1	34514858001	16
7981	34514	30	109	89	1	34514839001	16
7982	34515	11	114	85	1	34515883001	16
7983	34515	12	109	86	1	34515070001	16
7984	34515	14	111	86	1	34515777000	16
7985	34515	16	113	86	1	34515333000	16
7986	34515	21	112	87	1	34515825000	16
7987	34515	24	109	88	1	34515159000	16
7988	34515	26	111	88	1	34515834000	16
7989	34515	27	112	88	1	34515536000	16
7990	34515	31	110	89	1	34515005001	16
7991	34515	32	111	89	1	34515470001	16
7992	34516	4	113	84	1	34516508001	15
7993	34516	10	113	85	1	34516222000	15
7994	34516	20	111	87	1	34516185000	15
7995	34516	22	113	87	1	34516790000	15
7996	34517	3	112	84	1	34517926001	15
7997	34517	15	112	86	1	34517133001	15
7998	34517	17	114	86	1	34517194001	15
7999	34517	27	112	88	1	34517322000	15
8000	34517	28	113	88	1	34517923001	15
8001	34517	33	112	89	1	34517027000	15
8002	34518	5	114	84	1	34518109001	15
8003	34518	11	114	85	1	34518471000	15
8004	34518	23	114	87	1	34518405001	15
8005	34519	16	113	86	1	34519094001	15
8006	34519	17	114	86	1	34519397000	14
8007	34519	22	113	87	1	34519482001	14
8008	34519	29	114	88	1	34519919001	14
8009	34519	33	112	89	1	34519401001	14
8010	34519	34	113	89	1	34519085000	15
8011	34520	23	114	87	1	34520820001	14
8012	34520	28	113	88	1	34520476001	14
8013	34520	35	114	89	1	34520950000	14
8014	34521	34	113	89	1	34521190000	14
8015	34522	29	114	88	1	34522259000	14
8016	34522	32	111	89	1	34522159001	14
8017	34522	35	114	89	1	34522959000	13
8018	34571	35	114	89	0	34571578001	11
8019	34572	29	114	88	0	34572128000	11
8020	34573	11	114	85	0	34573944000	11
8021	34573	17	114	86	0	34573865000	11
8022	34573	23	114	87	0	34573020000	11
8023	34573	34	113	89	0	34573392000	11
8024	34573	35	114	89	0	34573798001	11
8025	34574	5	114	84	0	34574649001	11
8026	34574	22	113	87	0	34574637001	11
8027	34574	28	113	88	0	34574343000	11
8028	34574	29	114	88	0	34574235001	11
8029	34575	11	114	85	0	34575880000	11
8030	34575	16	113	86	0	34575014001	11
8031	34575	23	114	87	0	34575215000	11
8032	34575	33	112	89	0	34575965001	11
8033	34575	34	113	89	0	34575429000	11
8034	34576	4	113	84	0	34576322000	11
8035	34576	10	113	85	0	34576081001	11
8036	34576	17	114	86	0	34576402001	11
8037	34576	22	113	87	0	34576780000	11
8038	34576	27	112	88	0	34576476000	11
8039	34576	28	113	88	0	34576359001	11
8040	34577	5	114	84	0	34577183000	11
8041	34577	15	112	86	0	34577007001	11
8042	34577	16	113	86	0	34577127000	11
8043	34577	21	112	87	0	34577003000	11
8044	34577	29	114	88	0	34577353001	11
8045	34577	32	111	89	0	34577490000	11
8046	34578	3	112	84	0	34578507001	11
8047	34578	4	113	84	0	34578470001	11
8048	34578	9	112	85	0	34578318001	11
8049	34578	10	113	85	0	34578470001	11
8050	34578	15	112	86	0	34578984000	11
8051	34578	20	111	87	0	34578621000	11
8052	34578	21	112	87	0	34578942000	11
8053	34578	26	111	88	0	34578134000	11
8054	34578	27	112	88	0	34578451001	11
8055	34578	33	112	89	0	34578705000	11
8056	34579	2	111	84	0	34579942001	11
8057	34579	14	111	86	0	34579209000	11
8058	34579	26	111	88	0	34579860001	11
8059	34579	31	110	89	0	34579831000	11
8060	34580	3	112	84	0	34580614000	11
8061	34580	8	111	85	0	34580198001	11
8062	34580	9	112	85	0	34580601001	11
8063	34580	19	110	87	0	34580966001	11
8064	34580	20	111	87	0	34580615001	11
8065	34580	25	110	88	0	34580543000	11
8066	34580	32	111	89	0	34580225000	11
8067	34581	2	111	84	0	34581768001	11
8068	34581	13	110	86	0	34581634001	11
8069	34581	14	111	86	0	34581134000	11
8070	34581	24	109	88	0	34581212001	11
8071	34581	30	109	89	0	34581646000	11
8072	34581	31	110	89	0	34581959000	11
8073	34581	34	113	89	0	34581536000	11
8074	34582	1	110	84	0	34582622001	11
8075	34582	7	110	85	0	34582212000	11
8076	34582	8	111	85	0	34582435001	11
8077	34582	12	109	86	0	34582786000	11
8078	34582	18	109	87	0	34582717001	11
8079	34582	28	113	88	0	34582540001	11
8080	34583	6	109	85	0	34583974000	11
8081	34583	19	110	87	0	34583268001	11
8082	34583	24	109	88	0	34583146000	11
8083	34583	25	110	88	0	34583067000	11
8084	34583	30	109	89	0	34583730001	11
8085	34584	0	109	84	0	34584949001	11
8086	34584	1	110	84	0	34584892001	11
8087	34584	7	110	85	0	34584233000	11
8088	34584	12	109	86	0	34584923001	11
8089	34584	13	110	86	0	34584027000	11
8090	34584	15	112	86	0	34584912001	11
8091	34584	18	109	87	0	34584980001	11
8092	34585	2	111	84	0	34585245001	11
8093	34586	4	113	84	0	34586301000	11
8094	34586	6	109	85	0	34586480001	11
8095	34587	0	109	84	0	34587912001	11
8096	34591	24	109	88	0	34591485000	11
8097	34592	12	109	86	0	34592305001	11
8098	34610	5	114	84	1	34610361000	10
8099	34611	4	113	84	1	34611269000	10
8100	34611	11	114	85	1	34611301000	10
8101	34612	3	112	84	1	34612743001	10
8102	34612	10	113	85	1	34612163001	10
8103	34612	17	114	86	1	34612051001	10
8104	34612	23	114	87	1	34612652000	10
8105	34613	2	111	84	1	34613869001	10
8106	34613	4	113	84	1	34613109001	10
8107	34613	9	112	85	1	34613612001	10
8108	34613	16	113	86	1	34613001000	10
8109	34613	22	113	87	1	34613684000	10
8110	34613	29	114	88	1	34613194000	10
8111	34614	8	111	85	1	34614308001	10
8112	34614	10	113	85	1	34614340000	10
8113	34614	15	112	86	1	34614205000	10
8114	34614	28	113	88	1	34614416000	10
8115	34614	35	114	89	1	34614091001	10
8116	34615	1	110	84	1	34615207000	11
8117	34615	2	111	84	1	34615753000	11
8118	34615	3	112	84	1	34615661001	11
8119	34615	7	110	85	1	34615903001	11
8120	34615	8	111	85	1	34615811001	11
8121	34615	9	112	85	1	34615701001	11
8122	34615	14	111	86	1	34615209000	11
8123	34615	17	114	86	1	34615209000	11
8124	34615	21	112	87	1	34615026000	10
8125	34615	22	113	87	1	34615967000	11
8126	34615	27	112	88	1	34615779001	11
8127	34615	29	114	88	1	34615229000	11
8128	34615	34	113	89	1	34615066000	10
8129	34616	0	109	84	1	34616606000	11
8130	34616	5	114	84	1	34616650000	11
8131	34616	13	110	86	1	34616853000	11
8132	34616	14	111	86	1	34616883001	11
8133	34616	15	112	86	1	34616177001	11
8134	34616	20	111	87	1	34616294001	11
8135	34616	21	112	87	1	34616963000	11
8136	34616	23	114	87	1	34616007001	11
8137	34616	26	111	88	1	34616894001	11
8138	34616	28	113	88	1	34616794000	11
8139	34616	33	112	89	1	34616568001	11
8140	34617	1	110	84	1	34617013000	11
8141	34617	6	109	85	1	34617105001	11
8142	34617	7	110	85	1	34617526000	11
8143	34617	12	109	86	1	34617888001	11
8144	34617	16	113	86	1	34617207001	11
8145	34617	19	110	87	1	34617479001	11
8146	34617	27	112	88	1	34617369001	11
8147	34617	32	111	89	1	34617478000	11
8148	34617	34	113	89	1	34617161001	11
8149	34617	35	114	89	1	34617148000	11
8150	34618	18	109	87	1	34618855001	11
8151	34618	20	111	87	1	34618238000	11
8152	34618	25	110	88	1	34618053001	11
8153	34618	26	111	88	1	34618593000	11
8154	34618	31	110	89	1	34618725000	11
8155	34619	6	109	85	1	34619119000	11
8156	34619	13	110	86	1	34619468000	11
8157	34619	24	109	88	1	34619255001	11
8158	34619	25	110	88	1	34619864000	11
8159	34620	12	109	86	1	34620554000	11
8160	34620	19	110	87	1	34620027001	11
8161	34620	30	109	89	1	34620179000	11
8162	34620	31	110	89	1	34620757000	11
8163	34620	33	112	89	1	34620994001	11
8164	34621	24	109	88	1	34621403001	11
8165	34622	18	109	87	1	34622382001	11
8166	34622	30	109	89	1	34622537001	11
8167	34627	0	109	84	1	34627810001	12
8168	34629	11	114	85	1	34629835000	13
8169	34646	32	111	89	1	34646665000	17
8170	34662	11	114	85	0	34662117001	21
8171	34664	16	113	86	0	34664585001	21
8172	34665	15	112	86	0	34665985000	21
8173	34665	22	113	87	0	34665399001	21
8174	34666	21	112	87	0	34666428001	22
8175	34671	24	109	88	0	34671218001	22
8176	34792	30	109	89	0	34792846000	13
8177	34793	24	109	88	0	34793386000	13
8178	34793	31	110	89	0	34793595001	13
8179	34794	25	110	88	0	34794333001	13
8180	34794	32	111	89	0	34794669000	13
8181	34795	19	110	87	0	34795033001	13
8182	34795	20	111	87	0	34795787000	13
8183	34795	26	111	88	0	34795019001	13
8184	34795	27	112	88	0	34795790001	13
8185	34795	30	109	89	1	34795608001	13
8186	34795	33	112	89	0	34795558000	13
8187	34796	21	112	87	0	34796745001	12
8188	34796	24	109	88	1	34796936001	12
8189	34796	25	110	88	1	34796428000	12
8190	34796	28	113	88	0	34796903001	12
8191	34796	31	110	89	1	34796961001	12
8192	34796	34	113	89	0	34796330000	12
8193	34797	15	112	86	0	34797481000	12
8194	34797	20	111	87	1	34797777001	12
8195	34797	22	113	87	0	34797374000	12
8196	34797	26	111	88	0	34797094001	12
8197	34797	27	112	88	0	34797556000	12
8198	34797	29	114	88	0	34797657001	12
8199	34797	35	114	89	0	34797244000	12
8200	34798	10	113	85	0	34798981000	12
8201	34798	16	113	86	0	34798137000	12
8202	34798	23	114	87	0	34798207000	12
8203	34798	26	111	88	1	34798875001	12
8204	34798	34	113	89	0	34798227000	12
8205	34799	11	114	85	0	34799585001	12
8206	34799	17	114	86	0	34799028000	12
8207	34799	21	112	87	1	34799173001	12
8208	34799	22	113	87	0	34799398001	12
8209	34799	27	112	88	1	34799798001	11
8210	34799	28	113	88	0	34799254000	12
8211	34799	29	114	88	0	34799335000	12
8212	34799	32	111	89	1	34799225000	12
8213	34799	35	114	89	0	34799359001	12
8214	34800	5	114	84	0	34800993000	11
8215	34800	16	113	86	1	34800397001	11
8216	34800	23	114	87	0	34800921001	11
8217	34800	33	112	89	1	34800876001	11
8218	34801	11	114	85	1	34801909001	11
8219	34801	22	113	87	1	34801413001	11
8220	34801	28	113	88	1	34801685000	11
8221	34802	17	114	86	1	34802204001	11
8222	34802	34	113	89	1	34802616001	11
8223	34803	23	114	87	1	34803153001	11
8224	34803	27	112	88	1	34803276001	11
8225	34803	29	114	88	1	34803408000	11
8226	34804	15	112	86	1	34804016000	10
8227	34804	35	114	89	1	34804266000	10
8228	34805	28	113	88	1	34805363000	10
8229	34805	29	114	88	1	34805926000	10
8230	34806	34	113	89	1	34806579000	10
8231	34806	35	114	89	1	34806678000	10
8232	35084	5	114	84	0	35084997001	12
8233	35100	5	114	84	1	35100594001	14
8234	35117	24	109	88	0	35117222000	16
8235	35117	34	113	89	0	35117325001	16
8236	35117	35	114	89	0	35117858000	16
8237	35119	26	111	88	0	35119373001	16
8238	35119	27	112	88	0	35119738000	16
8239	35120	28	113	88	0	35120463001	16
8240	35120	29	114	88	0	35120990000	16
8241	35121	18	109	87	0	35121193000	16
8242	35122	20	111	87	0	35122654000	16
8243	35123	12	109	86	0	35123166000	16
8244	35124	13	110	86	0	35124393000	16
8245	35124	23	114	87	0	35124493001	16
8246	35125	14	111	86	0	35125127000	16
8247	35125	15	112	86	0	35125512001	16
8248	35126	7	110	85	0	35126996000	17
8249	35126	16	113	86	0	35126626001	17
8250	35127	17	114	86	0	35127094000	17
8251	35127	29	114	88	1	35127858001	17
8252	35128	9	112	85	0	35128254000	17
8253	35129	1	110	84	0	35129689000	17
8254	35129	2	111	84	0	35129813000	17
8255	35129	11	114	85	0	35129403001	17
8256	35130	3	112	84	0	35130393000	17
8257	35131	4	113	84	0	35131852001	17
8258	35218	12	109	86	0	35218893001	15
8259	35218	18	109	87	0	35218689000	15
8260	35218	24	109	88	0	35218135001	15
8261	35218	30	109	89	0	35218076001	15
8262	35218	31	110	89	0	35218653001	15
8263	35219	0	109	84	0	35219375000	15
8264	35219	6	109	85	0	35219147000	15
8265	35219	7	110	85	0	35219937001	15
8266	35219	13	110	86	0	35219592000	15
8267	35219	19	110	87	0	35219234000	15
8268	35219	20	111	87	0	35219964000	15
8269	35219	25	110	88	0	35219025001	15
8270	35219	26	111	88	0	35219599001	15
8271	35219	32	111	89	0	35219359000	15
8272	35220	1	110	84	0	35220042000	15
8273	35220	2	111	84	0	35220890000	15
8274	35220	8	111	85	0	35220619000	15
8275	35220	14	111	86	0	35220178000	15
8276	35220	21	112	87	0	35220481000	15
8277	35220	27	112	88	0	35220281000	15
8278	35220	33	112	89	0	35220153001	15
8279	35220	34	113	89	0	35220673000	15
8280	35221	3	112	84	0	35221556000	15
8281	35221	9	112	85	0	35221391000	15
8282	35221	10	113	85	0	35221967000	15
8283	35221	15	112	86	0	35221050000	15
8284	35221	16	113	86	0	35221619000	15
8285	35221	22	113	87	0	35221187001	15
8286	35221	28	113	88	0	35221135001	15
8287	35221	29	114	88	0	35221411001	15
8288	35221	30	109	89	0	35221876001	15
8289	35221	31	110	89	0	35221384001	15
8290	35221	35	114	89	0	35221466000	15
8291	35222	4	113	84	0	35222292001	15
8292	35222	5	114	84	0	35222948001	15
8293	35222	11	114	85	0	35222783000	15
8294	35222	17	114	86	0	35222572000	15
8295	35222	23	114	87	0	35222073001	15
8296	35222	27	112	88	0	35222259001	15
8297	35223	1	110	84	0	35223906000	15
8298	35223	6	109	85	0	35223857001	15
8299	35223	20	111	87	0	35223641001	15
8300	35223	21	112	87	0	35223144000	15
8301	35223	22	113	87	0	35223237000	15
8302	35223	24	109	88	0	35223725001	15
8303	35223	26	111	88	0	35223796000	15
8304	35223	34	113	89	0	35223109001	15
8305	35224	2	111	84	0	35224212001	15
8306	35224	35	114	89	0	35224663000	15
8307	35225	12	109	86	0	35225350000	15
8308	35225	13	110	86	0	35225449000	15
8309	35225	17	114	86	0	35225553000	15
8310	35225	29	114	88	0	35225531001	15
8311	35227	34	113	89	0	35227462001	14
8312	35228	4	113	84	0	35228121001	15
8313	35229	15	112	86	0	35229883001	15
8314	35231	9	112	85	0	35231632000	15
8315	35231	10	113	85	0	35231162000	15
8316	35232	1	110	84	0	35232288000	15
8317	35232	30	109	89	1	35232338000	15
8318	35232	31	110	89	1	35232513000	15
8319	35232	32	111	89	1	35232949000	15
8320	35232	33	112	89	1	35232981001	15
8321	35232	34	113	89	1	35232930001	15
8322	35232	35	114	89	1	35232999000	15
8323	35233	7	110	85	0	35233181001	15
8324	35233	24	109	88	1	35233559000	15
8325	35233	25	110	88	1	35233874000	15
8326	35233	26	111	88	1	35233766001	15
8327	35233	27	112	88	1	35233687001	15
8328	35234	18	109	87	1	35234992000	15
8329	35234	19	110	87	1	35234914001	15
8330	35234	20	111	87	1	35234874000	15
8331	35234	28	113	88	1	35234268000	15
8332	35234	29	114	88	1	35234131000	15
8333	35234	30	109	89	1	35234318001	15
8334	35235	12	109	86	1	35235760000	15
8335	35235	13	110	86	1	35235721000	15
8336	35235	21	112	87	1	35235062000	15
8337	35235	22	113	87	1	35235142001	15
8338	35235	23	114	87	1	35235359001	15
8339	35235	26	111	88	1	35235479000	15
8340	35235	27	112	88	1	35235151001	15
8341	35235	31	110	89	1	35235006000	15
8342	35235	35	114	89	1	35235177000	15
8343	35236	6	109	85	1	35236966001	15
8344	35236	7	110	85	1	35236945000	15
8345	35236	14	111	86	1	35236225000	15
8346	35236	15	112	86	1	35236194000	15
8347	35236	16	113	86	1	35236494001	15
8348	35236	17	114	86	1	35236654001	15
8349	35236	20	111	87	1	35236644000	15
8350	35236	21	112	87	1	35236965000	15
8351	35236	29	114	88	1	35236322001	15
8352	35237	8	111	85	1	35237403001	15
8353	35237	9	112	85	1	35237369001	15
8354	35237	10	113	85	1	35237301001	15
8355	35237	11	114	85	1	35237876000	15
8356	35237	13	110	86	1	35237516000	15
8357	35237	22	113	87	1	35237760001	15
8358	35237	34	113	89	1	35237880000	15
8359	35238	0	109	84	1	35238373001	15
8360	35238	1	110	84	1	35238102000	15
8361	35238	2	111	84	1	35238452001	15
8362	35238	3	112	84	1	35238775000	15
8363	35238	7	110	85	1	35238551001	15
8364	35238	12	109	86	1	35238373001	15
8365	35238	15	112	86	1	35238125001	15
8366	35239	1	110	84	1	35239774000	15
8367	35239	4	113	84	1	35239035001	15
8368	35239	5	114	84	1	35239046001	15
8369	35239	6	109	85	1	35239222000	15
8370	35239	8	111	85	1	35239248001	15
8371	35239	9	112	85	1	35239150001	15
8372	35239	10	113	85	1	35239102001	15
8373	35239	17	114	86	1	35239058000	15
8374	35239	28	113	88	1	35239188000	15
8375	35240	2	111	84	1	35240255000	15
8376	35242	4	113	84	1	35242135000	15
8377	35257	24	109	88	1	35257276000	17
8378	35262	5	114	84	1	35262659000	17
8379	35846	3	112	84	0	35846364001	11
8380	35997	35	114	89	0	35997697001	13
8381	35998	23	114	87	0	35998676001	13
8382	35998	29	114	88	0	35998161001	13
8383	35999	5	114	84	0	35999762000	13
8384	35999	11	114	85	0	35999569001	13
8385	35999	17	114	86	0	35999197001	13
8386	35999	34	113	89	0	35999543001	13
8387	35999	35	114	89	0	35999631001	13
8388	36000	16	113	86	0	36000931001	13
8389	36000	22	113	87	0	36000234000	13
8390	36000	28	113	88	0	36000309001	13
8391	36000	29	114	88	0	36000228000	13
8392	36001	10	113	85	0	36001570001	13
8393	36001	11	114	85	0	36001916001	13
8394	36001	17	114	86	0	36001497001	13
8395	36001	23	114	87	0	36001051001	13
8396	36001	34	113	89	0	36001327001	13
8397	36002	4	113	84	0	36002096001	13
8398	36002	5	114	84	0	36002254001	12
8399	36002	21	112	87	0	36002819001	12
8400	36002	22	113	87	0	36002074000	13
8401	36002	27	112	88	0	36002188001	12
8402	36002	28	113	88	0	36002389001	12
8403	36002	33	112	89	0	36002197001	12
8404	36003	9	112	85	0	36003892001	12
8405	36003	15	112	86	0	36003144000	12
8406	36003	16	113	86	0	36003028001	12
8407	36003	27	112	88	0	36003901000	12
8408	36003	34	113	89	0	36003696000	12
8409	36003	35	114	89	0	36003436001	12
8410	36004	3	112	84	0	36004493001	12
8411	36004	4	113	84	0	36004264000	12
8412	36004	10	113	85	0	36004057001	12
8413	36004	15	112	86	0	36004981001	12
8414	36004	21	112	87	0	36004608000	12
8415	36004	22	113	87	0	36004942000	12
8416	36004	26	111	88	0	36004470000	12
8417	36004	32	111	89	0	36004675000	12
8418	36004	33	112	89	0	36004555001	12
8419	36005	9	112	85	0	36005834000	12
8420	36005	14	111	86	0	36005862001	12
8421	36005	20	111	87	0	36005500000	12
8422	36005	28	113	88	0	36005816001	12
8423	36006	2	111	84	0	36006638001	12
8424	36006	3	112	84	0	36006527000	12
8425	36006	8	111	85	0	36006589000	12
8426	36006	26	111	88	0	36006127000	12
8427	36006	27	112	88	0	36006638001	12
8428	36006	31	110	89	0	36006858001	12
8429	36007	13	110	86	0	36007908001	12
8430	36007	14	111	86	0	36007836000	12
8431	36007	15	112	86	0	36007073000	12
8432	36007	19	110	87	0	36007855000	12
8433	36007	20	111	87	0	36007514001	12
8434	36007	21	112	87	0	36007055001	12
8435	36007	25	110	88	0	36007492000	12
8436	36007	26	111	88	0	36007801001	12
8437	36007	32	111	89	0	36007292000	12
8438	36008	2	111	84	0	36008645001	11
8439	36008	7	110	85	0	36008896000	11
8440	36008	8	111	85	0	36008509001	11
8441	36008	9	112	85	0	36008997001	11
8442	36008	24	109	88	0	36008583001	11
8443	36008	30	109	89	0	36008828001	11
8444	36009	1	110	84	0	36009614000	11
8445	36009	25	110	88	0	36009769000	11
8446	36009	31	110	89	0	36009049000	11
8447	36010	7	110	85	0	36010899001	11
8448	36010	12	109	86	0	36010319001	11
8449	36010	13	110	86	0	36010034000	11
8450	36010	18	109	87	0	36010361001	11
8451	36010	19	110	87	0	36010406001	11
8452	36010	24	109	88	0	36010644000	11
8453	36010	29	114	88	0	36010350001	11
8454	36010	30	109	89	0	36010839000	11
8455	36011	1	110	84	0	36011569001	11
8456	36011	2	111	84	0	36011274000	11
8457	36011	6	109	85	0	36011499001	11
8458	36012	0	109	84	0	36012401000	11
8459	36012	12	109	86	0	36012360001	11
8460	36012	13	110	86	0	36012546001	11
8461	36012	18	109	87	0	36012642000	11
8462	36012	24	109	88	0	36012610001	11
8463	36012	27	112	88	0	36012746000	11
8464	36014	6	109	85	0	36014208001	10
8465	36014	7	110	85	0	36014464001	10
8466	36014	30	109	89	0	36014825001	10
8467	36015	0	109	84	0	36015072001	10
8468	36015	12	109	86	0	36015119000	10
8469	36028	5	114	84	1	36028459000	8
8470	36029	11	114	85	1	36029621000	8
8471	36030	4	113	84	1	36030167000	8
8472	36030	5	114	84	1	36030996001	8
8473	36030	17	114	86	1	36030875001	8
8474	36031	3	112	84	1	36031379001	8
8475	36031	10	113	85	1	36031210001	8
8476	36031	11	114	85	1	36031663001	8
8477	36031	23	114	87	1	36031864000	8
8478	36032	2	111	84	1	36032935001	8
8479	36032	4	113	84	1	36032457001	8
8480	36032	9	112	85	1	36032700000	8
8481	36032	16	113	86	1	36032457001	8
8482	36032	17	114	86	1	36032817001	8
8483	36032	29	114	88	1	36032991001	8
8484	36033	3	112	84	1	36033831000	8
8485	36033	10	113	85	1	36033278001	8
8486	36033	15	112	86	1	36033673000	8
8487	36033	22	113	87	1	36033168001	8
8488	36033	35	114	89	1	36033249000	8
8489	36034	1	110	84	1	36034960000	8
8490	36034	2	111	84	1	36034841000	8
8491	36034	8	111	85	1	36034100001	8
8492	36034	9	112	85	1	36034522001	8
8493	36034	14	111	86	1	36034990001	8
8494	36034	21	112	87	1	36034614000	8
8495	36034	23	114	87	1	36034187001	8
8496	36034	28	113	88	1	36034328001	8
8497	36035	7	110	85	1	36035922000	8
8498	36035	8	111	85	1	36035761001	8
8499	36035	15	112	86	1	36035644000	8
8500	36035	16	113	86	1	36035983001	8
8501	36035	22	113	87	1	36035050000	8
8502	36035	27	112	88	1	36035489000	8
8503	36035	29	114	88	1	36035166001	8
8504	36035	34	113	89	1	36035250000	8
8505	36035	35	114	89	1	36035226001	8
8506	36036	0	109	84	1	36036004000	8
8507	36036	1	110	84	1	36036772000	8
8508	36036	13	110	86	1	36036564000	8
8509	36036	14	111	86	1	36036889001	8
8510	36036	20	111	87	1	36036488000	8
8511	36036	21	112	87	1	36036453001	8
8512	36036	28	113	88	1	36036125000	8
8513	36036	33	112	89	1	36036883001	8
8514	36037	6	109	85	1	36037166000	8
8515	36037	7	110	85	1	36037644000	8
8516	36037	19	110	87	1	36037865001	8
8517	36037	26	111	88	1	36037109001	8
8518	36037	27	112	88	1	36037093000	8
8519	36037	34	113	89	1	36037260001	8
8520	36038	0	109	84	1	36038087000	8
8521	36038	12	109	86	1	36038538001	8
8522	36038	13	110	86	1	36038436000	8
8523	36038	20	111	87	1	36038344001	8
8524	36038	26	111	88	1	36038892000	8
8525	36038	32	111	89	1	36038251001	8
8526	36038	33	112	89	1	36038996000	8
8527	36039	6	109	85	1	36039108000	8
8528	36039	18	109	87	1	36039678001	8
8529	36039	25	110	88	1	36039095001	8
8530	36040	12	109	86	1	36040746000	8
8531	36040	19	110	87	1	36040105000	8
8532	36040	24	109	88	1	36040232001	8
8533	36040	31	110	89	1	36040119000	8
8534	36041	18	109	87	1	36041724001	9
8535	36041	25	110	88	1	36041126000	9
8536	36041	30	109	89	1	36041498000	9
8537	36041	32	111	89	1	36041031001	9
8538	36042	24	109	88	1	36042357001	9
8539	36042	31	110	89	1	36042015000	9
8540	36043	30	109	89	1	36043482000	9
8541	36160	24	109	88	0	36160944001	22
8542	36160	30	109	89	0	36160995000	22
8543	36161	12	109	86	0	36161690000	22
8544	36161	18	109	87	0	36161754001	22
8545	36161	31	110	89	0	36161900001	22
8546	36162	0	109	84	0	36162740000	21
8547	36162	6	109	85	0	36162315000	22
8548	36162	19	110	87	0	36162686001	21
8549	36162	25	110	88	0	36162512000	21
8550	36163	1	110	84	0	36163565000	21
8551	36163	7	110	85	0	36163288001	21
8552	36163	13	110	86	0	36163138001	21
8553	36163	20	111	87	0	36163944001	21
8554	36163	24	109	88	0	36163029001	21
8555	36163	26	111	88	0	36163423001	21
8556	36163	30	109	89	0	36163242001	21
8557	36163	32	111	89	0	36163028000	21
8558	36164	2	111	84	0	36164624001	21
8559	36164	8	111	85	0	36164708000	21
8560	36164	12	109	86	0	36164044000	21
8561	36164	14	111	86	0	36164044000	21
8562	36164	21	112	87	0	36164822001	21
8563	36164	25	110	88	0	36164999001	21
8564	36164	27	112	88	0	36164523001	21
8565	36164	31	110	89	0	36164454000	21
8566	36164	33	112	89	0	36164296000	21
8567	36165	0	109	84	0	36165484000	21
8568	36165	1	110	84	0	36165636000	20
8569	36165	3	112	84	0	36165807001	20
8570	36165	6	109	85	0	36165479000	21
8571	36165	7	110	85	0	36165511001	21
8572	36165	9	112	85	0	36165657001	20
8573	36165	15	112	86	0	36165256000	21
8574	36165	18	109	87	0	36165053000	21
8575	36165	19	110	87	0	36165884000	20
8576	36165	20	111	87	0	36165910001	20
8577	36165	22	113	87	0	36165910001	20
8578	36165	26	111	88	0	36165336001	21
8579	36165	28	113	88	0	36165690000	20
8580	36165	32	111	89	0	36165727000	20
8581	36165	34	113	89	0	36165268000	21
8582	36166	2	111	84	0	36166636000	20
8583	36166	8	111	85	0	36166784000	20
8584	36166	10	113	85	0	36166903000	20
8585	36166	14	111	86	0	36166273001	20
8586	36166	16	113	86	0	36166177000	20
8587	36166	27	112	88	0	36166687001	20
8588	36166	29	114	88	0	36166608001	20
8589	36166	35	114	89	0	36166363000	20
8590	36167	4	113	84	0	36167159000	20
8591	36167	9	112	85	0	36167590000	20
8592	36167	11	114	85	0	36167877000	20
8593	36167	15	112	86	0	36167706001	20
8594	36167	17	114	86	0	36167528000	20
8595	36167	21	112	87	0	36167027000	20
8596	36167	22	113	87	0	36167806000	20
8597	36167	23	114	87	0	36167087001	20
8598	36167	33	112	89	0	36167140001	20
8599	36167	34	113	89	0	36167368001	20
8600	36168	3	112	84	0	36168210001	20
8601	36168	5	114	84	0	36168324000	20
8602	36168	16	113	86	0	36168272001	20
8603	36168	28	113	88	0	36168035001	20
8604	36168	29	114	88	0	36168700001	20
8605	36168	35	114	89	0	36168354001	20
8606	36169	4	113	84	0	36169456001	19
8607	36169	11	114	85	0	36169937000	19
8608	36169	17	114	86	0	36169494000	19
8609	36169	23	114	87	0	36169522001	19
8610	36170	25	110	88	0	36170302000	19
8611	36171	5	114	84	0	36171414000	19
8612	36171	10	113	85	0	36171961001	19
8613	36171	13	110	86	0	36171076000	19
8614	36176	1	110	84	0	36176950000	17
8615	36176	20	111	87	0	36176421000	17
8616	36176	34	113	89	0	36176951001	17
8617	36178	16	113	86	0	36178259000	17
8618	36181	12	109	86	0	36181801000	16
8619	36184	21	112	87	0	36184745000	15
8620	36191	0	109	84	1	36191582000	14
8621	36192	6	109	85	1	36192858001	13
8622	36192	30	109	89	1	36192771001	13
8623	36192	31	110	89	1	36192105000	14
8624	36192	32	111	89	1	36192180001	14
8625	36192	33	112	89	1	36192243000	14
8626	36192	34	113	89	1	36192447001	14
8627	36192	35	114	89	1	36192143001	14
8628	36193	1	110	84	1	36193453000	13
8629	36194	0	109	84	1	36194261000	13
8630	36194	12	109	86	1	36194430000	13
8631	36194	25	110	88	1	36194997001	13
8632	36194	26	111	88	1	36194971001	13
8633	36194	27	112	88	1	36194191001	13
8634	36194	29	114	88	1	36194393000	13
8635	36194	31	110	89	1	36194908000	13
8636	36194	33	112	89	1	36194867001	13
8637	36194	34	113	89	1	36194791001	13
8638	36194	35	114	89	1	36194545000	13
8639	36195	1	110	84	1	36195771001	13
8640	36195	6	109	85	1	36195242001	13
8641	36195	7	110	85	1	36195732000	13
8642	36195	18	109	87	1	36195965001	13
8643	36195	24	109	88	1	36195081001	13
8644	36195	28	113	88	1	36195108000	13
8645	36195	30	109	89	1	36195284001	13
8646	36195	32	111	89	1	36195221001	13
8647	36196	12	109	86	1	36196753001	13
8648	36196	13	110	86	1	36196504000	13
8649	36196	21	112	87	1	36196666001	13
8650	36196	23	114	87	1	36196579000	13
8651	36197	19	110	87	1	36197431001	13
8652	36197	20	111	87	1	36197943001	12
8653	36197	22	113	87	1	36197808001	13
8654	36197	24	109	88	1	36197793000	13
8655	36197	25	110	88	1	36197989000	12
8656	36197	26	111	88	1	36197684001	13
8657	36197	27	112	88	1	36197042001	13
8658	36197	28	113	88	1	36197665001	13
8659	36197	29	114	88	1	36197189001	13
8660	36198	2	111	84	1	36198197001	12
8661	36198	7	110	85	1	36198170000	12
8662	36198	18	109	87	1	36198455001	12
8663	36199	1	110	84	1	36199070000	12
8664	36199	8	111	85	1	36199805000	12
8665	36199	13	110	86	1	36199030001	12
8666	36199	21	112	87	1	36199985000	12
8667	36199	23	114	87	1	36199656000	12
8668	36200	14	111	86	1	36200234001	12
8669	36200	16	113	86	1	36200627000	12
8670	36200	17	114	86	1	36200200001	12
8671	36200	19	110	87	1	36200140000	12
8672	36200	20	111	87	1	36200939000	12
8673	36200	22	113	87	1	36200507001	12
8674	36200	27	112	88	1	36200352001	12
8675	36201	2	111	84	1	36201030001	12
8676	36201	3	112	84	1	36201877001	12
8677	36201	8	111	85	1	36201949000	12
8678	36201	15	112	86	1	36201076001	12
8679	36202	13	110	86	1	36202088001	12
8680	36202	21	112	87	1	36202405000	12
8681	36203	9	112	85	1	36203174000	12
8682	36203	10	113	85	1	36203420001	12
8683	36203	11	114	85	1	36203547001	12
8684	36203	14	111	86	1	36203342000	12
8685	36203	16	113	86	1	36203779000	12
8686	36203	17	114	86	1	36203292000	12
8687	36203	26	111	88	1	36203746001	12
8688	36204	3	112	84	1	36204830001	12
8689	36204	8	111	85	1	36204148001	12
8690	36204	15	112	86	1	36204135001	12
8691	36204	20	111	87	1	36204554001	12
8692	36204	23	114	87	1	36204238001	12
8693	36205	19	110	87	1	36205045000	12
8694	36206	4	113	84	1	36206442001	12
8695	36206	5	114	84	1	36206355001	12
8696	36206	9	112	85	1	36206487001	12
8697	36207	10	113	85	1	36207285000	12
8698	36207	11	114	85	1	36207463000	12
8699	36207	15	112	86	1	36207966000	12
8700	36207	17	114	86	1	36207332001	12
8701	36208	16	113	86	1	36208715000	12
8702	36210	4	113	84	1	36210604001	12
8703	36210	5	114	84	1	36210673000	12
8704	36210	9	112	85	1	36210279000	12
8705	36211	3	112	84	1	36211035001	12
8706	36211	10	113	85	1	36211126000	12
8707	36212	25	110	88	1	36212136001	12
8708	36214	4	113	84	1	36214687000	12
8709	36214	5	114	84	1	36214125001	12
8710	36214	11	114	85	1	36214125001	12
8711	36233	3	112	84	0	36233103000	13
8712	36235	2	111	84	0	36235206000	13
8713	36236	3	112	84	0	36236348000	13
8714	36236	4	113	84	0	36236465001	13
8715	36238	1	110	84	0	36238173001	13
8716	36238	2	111	84	0	36238163000	13
8717	36238	5	114	84	0	36238336001	13
8718	36239	7	110	85	0	36239313001	13
8719	36240	1	110	84	1	36240977001	13
8720	36240	3	112	84	0	36240809000	13
8721	36240	4	113	84	0	36240987000	13
8722	36240	8	111	85	0	36240320000	13
8723	36240	9	112	85	0	36240922000	13
8724	36241	0	109	84	0	36241324000	13
8725	36241	5	114	84	0	36241640001	13
8726	36241	6	109	85	0	36241236001	13
8727	36242	2	111	84	0	36242267000	13
8728	36242	7	110	85	0	36242543000	13
8729	36242	12	109	86	0	36242579000	13
8730	36243	8	111	85	0	36243887001	13
8731	36243	9	112	85	0	36243644001	13
8732	36243	10	113	85	0	36243042001	13
8733	36243	11	114	85	0	36243326001	13
8734	36243	13	110	86	0	36243013000	13
8735	36244	0	109	84	1	36244549000	13
8736	36244	1	110	84	0	36244494001	13
8737	36244	3	112	84	0	36244169000	13
8738	36244	5	114	84	0	36244561000	13
8739	36244	6	109	85	0	36244550001	13
8740	36245	4	113	84	0	36245119001	13
8741	36245	11	114	85	0	36245510001	13
8742	36245	12	109	86	0	36245388000	13
8743	36245	13	110	86	0	36245733001	13
8744	36245	14	111	86	0	36245468001	13
8745	36245	15	112	86	0	36245617001	13
8746	36246	3	112	84	0	36246682000	13
8747	36246	7	110	85	0	36246935001	13
8748	36246	9	112	85	0	36246954001	13
8749	36246	10	113	85	0	36246057001	13
8750	36246	16	113	86	0	36246401000	13
8751	36247	2	111	84	0	36247455001	13
8752	36247	4	113	84	0	36247722001	13
8753	36247	8	111	85	0	36247456000	13
8754	36247	14	111	86	0	36247980000	13
8755	36247	15	112	86	0	36247955000	13
8756	36247	17	114	86	0	36247697001	13
8757	36247	18	109	87	0	36247441001	13
8758	36247	19	110	87	0	36247941000	13
8759	36248	5	114	84	0	36248014000	13
8760	36248	11	114	85	0	36248245000	13
8761	36248	12	109	86	0	36248312000	13
8762	36248	20	111	87	0	36248620001	13
8763	36249	9	112	85	0	36249907000	13
8764	36249	10	113	85	1	36249293001	13
8765	36249	13	110	86	0	36249503000	13
8766	36249	16	113	86	0	36249024000	13
8767	36249	21	112	87	0	36249653001	13
8768	36250	15	112	86	0	36250472001	13
8769	36250	17	114	86	0	36250432001	13
8770	36250	18	109	87	0	36250601001	13
8771	36250	19	110	87	0	36250711001	13
8772	36250	22	113	87	0	36250777000	13
8773	36250	23	114	87	0	36250680001	13
8774	36250	24	109	88	0	36250574000	13
8775	36250	25	110	88	0	36250962001	13
8776	36251	11	114	85	0	36251281000	13
8777	36251	12	109	86	0	36251666000	12
8778	36251	14	111	86	0	36251112000	13
8779	36251	16	113	86	0	36251758001	12
8780	36251	20	111	87	0	36251020000	13
8781	36251	21	112	87	0	36251698000	12
8782	36251	26	111	88	0	36251403001	13
8783	36252	6	109	85	0	36252483000	12
8784	36252	15	112	86	0	36252962001	12
8785	36252	27	112	88	0	36252172001	12
8786	36253	16	113	86	0	36253969000	12
8787	36253	17	114	86	0	36253998001	12
8788	36253	18	109	87	0	36253739001	12
8789	36253	22	113	87	0	36253380000	12
8790	36253	23	114	87	0	36253339000	12
8791	36253	24	109	88	0	36253338000	12
8792	36253	25	110	88	0	36253348001	12
8793	36253	26	111	88	0	36253433001	12
8794	36253	28	113	88	0	36253617000	12
8795	36254	19	110	87	0	36254204001	12
8796	36254	20	111	87	0	36254149000	12
8797	36254	21	112	87	0	36254255001	12
8798	36254	27	112	88	0	36254652000	12
8799	36254	29	114	88	0	36254333001	12
8800	36254	30	109	89	0	36254141000	12
8801	36254	31	110	89	0	36254640001	12
8802	36255	22	113	87	0	36255932001	12
8803	36255	32	111	89	0	36255116001	12
8804	36255	33	112	89	0	36255981000	12
8805	36256	23	114	87	0	36256447001	12
8806	36256	24	109	88	0	36256738000	12
8807	36256	25	110	88	0	36256196001	12
8808	36256	26	111	88	0	36256078001	12
8809	36256	28	113	88	0	36256297001	12
8810	36256	29	114	88	0	36256658001	12
8811	36256	34	113	89	0	36256179001	12
8812	36256	35	114	89	0	36256712000	12
8813	36257	27	112	88	0	36257463001	12
8814	36257	30	109	89	0	36257314001	12
8815	36257	31	110	89	0	36257753001	12
8816	36258	3	112	84	0	36258702000	12
8817	36258	29	114	88	0	36258873001	12
8818	36258	32	111	89	0	36258790000	12
8819	36258	34	113	89	0	36258335001	12
8820	36258	35	114	89	0	36258813001	12
8821	36259	22	113	87	0	36259613001	12
8822	36259	28	113	88	0	36259878001	12
8823	36259	33	112	89	0	36259313000	12
8824	36261	34	113	89	0	36261719000	12
8825	36261	35	114	89	0	36261016000	12
8826	36263	7	110	85	0	36263876001	11
8827	36281	5	114	84	1	36281213001	9
8828	36282	4	113	84	1	36282703000	9
8829	36282	11	114	85	1	36282310001	9
8830	36283	10	113	85	1	36283830001	9
8831	36283	17	114	86	1	36283616001	9
8832	36284	3	112	84	1	36284027001	9
8833	36284	4	113	84	1	36284584001	9
8834	36284	5	114	84	1	36284019001	9
8835	36284	11	114	85	1	36284333001	9
8836	36284	16	113	86	1	36284978001	9
8837	36284	23	114	87	1	36284371000	9
8838	36285	9	112	85	1	36285421000	9
8839	36285	10	113	85	1	36285864001	9
8840	36285	17	114	86	1	36285768000	9
8841	36285	29	114	88	1	36285868001	9
8842	36286	2	111	84	1	36286132001	9
8843	36286	3	112	84	1	36286239001	9
8844	36286	15	112	86	1	36286772000	9
8845	36286	22	113	87	1	36286170000	9
8846	36286	23	114	87	1	36286378000	9
8847	36287	1	110	84	1	36287454001	9
8848	36287	8	111	85	1	36287180000	9
8849	36287	9	112	85	1	36287294001	9
8850	36287	16	113	86	1	36287349000	9
8851	36287	21	112	87	1	36287715000	9
8852	36287	28	113	88	1	36287133000	9
8853	36287	29	114	88	1	36287711001	9
8854	36287	35	114	89	1	36287054000	9
8855	36288	2	111	84	1	36288152001	9
8856	36288	7	110	85	1	36288026001	9
8857	36288	8	111	85	1	36288694000	9
8858	36288	14	111	86	1	36288166000	9
8859	36288	15	112	86	1	36288766001	9
8860	36288	22	113	87	1	36288171000	9
8861	36288	27	112	88	1	36288766001	9
8862	36288	34	113	89	1	36288498000	9
8863	36288	35	114	89	1	36288780001	9
8864	36289	0	109	84	1	36289157001	9
8865	36289	1	110	84	1	36289288000	9
8866	36289	20	111	87	1	36289589000	9
8867	36289	21	112	87	1	36289450001	9
8868	36289	28	113	88	1	36289092001	9
8869	36290	6	109	85	1	36290308001	9
8870	36290	7	110	85	1	36290235001	9
8871	36290	13	110	86	1	36290289001	9
8872	36290	14	111	86	1	36290178000	9
8873	36290	27	112	88	1	36290778001	9
8874	36290	33	112	89	1	36290294001	9
8875	36290	34	113	89	1	36290483001	9
8876	36291	0	109	84	1	36291362000	9
8877	36291	19	110	87	1	36291183001	9
8878	36291	20	111	87	1	36291476001	9
8879	36291	26	111	88	1	36291160000	9
8880	36292	6	109	85	1	36292405001	9
8881	36292	12	109	86	1	36292079001	9
8882	36292	13	110	86	1	36292305000	9
8883	36292	25	110	88	1	36292779001	9
8884	36292	26	111	88	1	36292901001	9
8885	36292	32	111	89	1	36292161000	9
8886	36292	33	112	89	1	36292206000	9
8887	36293	18	109	87	1	36293375000	9
8888	36293	19	110	87	1	36293344000	9
8889	36293	31	110	89	1	36293684000	9
8890	36294	12	109	86	1	36294221000	9
8891	36294	24	109	88	1	36294322001	9
8892	36294	25	110	88	1	36294861000	9
8893	36294	32	111	89	1	36294871001	9
8894	36295	18	109	87	1	36295570000	9
8895	36295	31	110	89	1	36295741000	8
8896	36296	24	109	88	1	36296708001	8
8897	36296	30	109	89	1	36296088000	8
8898	36298	30	109	89	1	36298390000	8
8899	36299	7	110	85	1	36299948001	8
8900	36451	35	114	89	0	36451476000	12
8901	36452	29	114	88	0	36452046001	12
8902	36453	23	114	87	0	36453392001	12
8903	36453	34	113	89	0	36453556000	12
8904	36453	35	114	89	0	36453345000	12
8905	36454	17	114	86	0	36454644001	12
8906	36454	28	113	88	0	36454427001	12
8907	36454	29	114	88	0	36454200000	12
8908	36455	11	114	85	0	36455316001	12
8909	36455	22	113	87	0	36455020000	12
8910	36455	23	114	87	0	36455919001	12
8911	36455	33	112	89	0	36455654001	12
8912	36456	5	114	84	0	36456664001	12
8913	36456	16	113	86	0	36456104001	12
8914	36456	17	114	86	0	36456773000	12
8915	36456	27	112	88	0	36456777001	12
8916	36456	28	113	88	0	36456542000	12
8917	36456	34	113	89	0	36456063000	12
8918	36457	10	113	85	0	36457391001	12
8919	36457	11	114	85	0	36457328000	12
8920	36457	21	112	87	0	36457335001	12
8921	36457	22	113	87	0	36457198000	12
8922	36457	32	111	89	0	36457311000	12
8923	36458	4	113	84	0	36458252001	12
8924	36458	15	112	86	0	36458375001	12
8925	36458	16	113	86	0	36458053000	12
8926	36458	26	111	88	0	36458128001	12
8927	36458	27	112	88	0	36458931000	12
8928	36458	33	112	89	0	36458087000	12
8929	36459	3	112	84	0	36459640000	12
8930	36459	5	114	84	0	36459262001	12
8931	36459	9	112	85	0	36459504001	12
8932	36459	10	113	85	0	36459708000	12
8933	36459	20	111	87	0	36459513001	12
8934	36459	21	112	87	0	36459369001	12
8935	36459	26	111	88	0	36459809000	12
8936	36459	29	114	88	0	36459789001	12
8937	36459	31	110	89	0	36459590000	12
8938	36459	32	111	89	0	36459946001	12
8939	36460	4	113	84	0	36460303001	12
8940	36460	11	114	85	0	36460821001	12
8941	36460	14	111	86	0	36460594001	12
8942	36460	15	112	86	0	36460517001	12
8943	36460	25	110	88	0	36460560001	12
8944	36461	3	112	84	0	36461638001	12
8945	36461	8	111	85	0	36461832001	12
8946	36461	9	112	85	0	36461558001	12
8947	36461	19	110	87	0	36461477001	12
8948	36461	20	111	87	0	36461531001	12
8949	36461	24	109	88	0	36461720000	12
8950	36461	30	109	89	0	36461376001	12
8951	36462	2	111	84	0	36462247000	12
8952	36462	13	110	86	0	36462761001	12
8953	36462	14	111	86	0	36462628001	12
8954	36462	25	110	88	0	36462824000	12
8955	36462	26	111	88	0	36462484001	12
8956	36462	31	110	89	0	36462203001	12
8957	36463	7	110	85	0	36463254000	12
8958	36463	15	112	86	0	36463000001	12
8959	36463	18	109	87	0	36463185001	12
8960	36463	19	110	87	0	36463958000	12
8961	36463	24	109	88	0	36463590001	12
8962	36463	30	109	89	0	36463882000	12
8963	36464	1	110	84	0	36464799000	12
8964	36464	2	111	84	0	36464178000	12
8965	36464	3	112	84	0	36464567001	12
8966	36464	8	111	85	0	36464052001	12
8967	36464	12	109	86	0	36464058001	12
8968	36464	13	110	86	0	36464889000	12
8969	36465	6	109	85	0	36465955001	12
8970	36465	7	110	85	0	36465304001	12
8971	36465	18	109	87	0	36465557000	12
8972	36466	0	109	84	0	36466943001	12
8973	36466	12	109	86	0	36466116000	12
8974	36466	24	109	88	0	36466443000	12
8975	36467	1	110	84	0	36467115000	12
8976	36467	2	111	84	0	36467083001	12
8977	36468	6	109	85	0	36468489000	12
8978	36469	0	109	84	0	36469463000	12
8979	36471	7	110	85	0	36471547001	12
8980	36483	5	114	84	1	36483258000	14
8981	36483	11	114	85	1	36483681000	14
8982	36484	4	113	84	1	36484731001	15
8983	36484	17	114	86	1	36484456001	14
8984	36484	23	114	87	1	36484880000	15
8985	36485	3	112	84	1	36485791000	15
8986	36485	10	113	85	1	36485022001	15
8987	36485	11	114	85	1	36485714001	15
8988	36485	16	113	86	1	36485689001	15
8989	36485	29	114	88	1	36485305001	15
8990	36485	35	114	89	1	36485890000	15
8991	36486	9	112	85	1	36486819000	15
8992	36486	22	113	87	1	36486126000	15
8993	36486	28	113	88	1	36486784000	15
8994	36486	34	113	89	1	36486833000	15
8995	36487	2	111	84	1	36487324001	15
8996	36487	8	111	85	1	36487693000	15
8997	36487	15	112	86	1	36487014001	15
8998	36487	17	114	86	1	36487155001	15
8999	36487	21	112	87	1	36487449000	15
9000	36487	27	112	88	1	36487863000	15
9001	36487	29	114	88	1	36487364000	15
9002	36488	1	110	84	1	36488590001	15
9003	36488	3	112	84	1	36488179001	15
9004	36488	7	110	85	1	36488802000	15
9005	36488	10	113	85	1	36488040000	15
9006	36488	14	111	86	1	36488314001	15
9007	36488	15	112	86	1	36488932000	15
9008	36488	20	111	87	1	36488724000	15
9009	36488	22	113	87	1	36488284000	15
9010	36488	23	114	87	1	36488665000	15
9011	36488	33	112	89	1	36488398001	15
9012	36488	34	113	89	1	36488662000	15
9013	36488	35	114	89	1	36488338000	15
9014	36489	0	109	84	1	36489785000	16
9015	36489	8	111	85	1	36489245000	15
9016	36489	13	110	86	1	36489627000	15
9017	36489	16	113	86	1	36489280001	15
9018	36489	19	110	87	1	36489919001	16
9019	36489	21	112	87	1	36489611001	15
9020	36489	26	111	88	1	36489206001	15
9021	36489	27	112	88	1	36489407000	15
9022	36489	32	111	89	1	36489581001	15
9023	36490	1	110	84	1	36490349001	16
9024	36490	2	111	84	1	36490891000	16
9025	36490	6	109	85	1	36490272000	16
9026	36490	7	110	85	1	36490426000	16
9027	36490	12	109	86	1	36490941000	16
9028	36490	20	111	87	1	36490401000	16
9029	36490	25	110	88	1	36490659001	16
9030	36490	26	111	88	1	36490972000	16
9031	36490	31	110	89	1	36490816001	16
9032	36490	33	112	89	1	36490624000	16
9033	36491	9	112	85	1	36491098001	16
9034	36491	14	111	86	1	36491973001	16
9035	36491	18	109	87	1	36491681000	16
9036	36491	19	110	87	1	36491880001	16
9037	36491	24	109	88	1	36491582001	16
9038	36492	0	109	84	1	36492504001	16
9039	36492	5	114	84	1	36492945000	16
9040	36492	6	109	85	1	36492173001	16
9041	36492	13	110	86	1	36492127001	16
9042	36492	25	110	88	1	36492902001	16
9043	36492	30	109	89	1	36492504001	16
9044	36492	31	110	89	1	36492649000	16
9045	36493	12	109	86	1	36493670001	16
9046	36493	24	109	88	1	36493556000	16
9047	36494	18	109	87	1	36494445000	17
9048	36494	30	109	89	1	36494836000	17
9049	36500	4	113	84	1	36500370001	18
9050	36500	28	113	88	1	36500067001	18
9051	36509	32	111	89	1	36509533000	20
9052	36652	24	109	88	0	36652735000	20
9053	36652	30	109	89	0	36652757001	20
9054	36653	12	109	86	0	36653543000	20
9055	36653	18	109	87	0	36653473000	20
9056	36653	25	110	88	0	36653891001	19
9057	36653	31	110	89	0	36653479000	20
9058	36654	0	109	84	0	36654437001	19
9059	36654	6	109	85	0	36654126000	19
9060	36654	7	110	85	0	36654952001	19
9061	36654	13	110	86	0	36654548000	19
9062	36654	19	110	87	0	36654241000	19
9063	36654	26	111	88	0	36654555001	19
9064	36654	30	109	89	0	36654964000	19
9065	36654	32	111	89	0	36654424000	19
9066	36655	1	110	84	0	36655190000	19
9067	36655	8	111	85	0	36655949000	19
9068	36655	12	109	86	0	36655686001	19
9069	36655	14	111	86	0	36655300000	19
9070	36655	20	111	87	0	36655170000	19
9071	36655	21	112	87	0	36655899000	19
9072	36655	24	109	88	0	36655360001	19
9073	36655	27	112	88	0	36655566001	19
9074	36655	33	112	89	0	36655242001	19
9075	36655	34	113	89	0	36655896000	19
9076	36656	2	111	84	0	36656035001	19
9077	36656	3	112	84	0	36656824000	19
9078	36656	7	110	85	0	36656985000	19
9079	36656	9	112	85	0	36656682001	19
9080	36656	15	112	86	0	36656201001	19
9081	36656	16	113	86	0	36656992001	19
9082	36656	18	109	87	0	36656406000	19
9083	36656	22	113	87	0	36656633000	19
9084	36656	25	110	88	0	36656903000	19
9085	36656	26	111	88	0	36656464000	19
9086	36656	28	113	88	0	36656344000	19
9087	36656	35	114	89	0	36656840001	19
9088	36657	0	109	84	0	36657176000	19
9089	36657	2	111	84	0	36657875000	19
9090	36657	6	109	85	0	36657746001	19
9091	36657	10	113	85	0	36657640001	19
9092	36657	20	111	87	0	36657293001	19
9093	36657	21	112	87	0	36657969001	19
9094	36657	23	114	87	0	36657556000	19
9095	36657	27	112	88	0	36657286000	19
9096	36657	29	114	88	0	36657091001	19
9097	36657	34	113	89	0	36657726001	19
9098	36658	4	113	84	0	36658040000	19
9099	36658	5	114	84	0	36658889001	19
9100	36658	11	114	85	0	36658403000	19
9101	36658	14	111	86	0	36658018000	19
9102	36658	17	114	86	0	36658108000	19
9103	36658	30	109	89	1	36658066000	19
9104	36658	31	110	89	1	36658370000	19
9105	36658	32	111	89	1	36658337001	19
9106	36658	33	112	89	1	36658702000	19
9107	36659	1	110	84	0	36659365001	19
9108	36659	3	112	84	0	36659252001	19
9109	36659	15	112	86	0	36659559001	18
9110	36659	16	113	86	0	36659527000	18
9111	36659	22	113	87	0	36659299000	19
9112	36659	24	109	88	1	36659388000	19
9113	36659	26	111	88	1	36659738000	18
9114	36659	28	113	88	0	36659192000	19
9115	36659	29	114	88	0	36659253000	19
9116	36660	4	113	84	0	36660532001	18
9117	36660	9	112	85	0	36660132000	18
9118	36660	10	113	85	1	36660124001	18
9119	36660	17	114	86	0	36660996000	18
9120	36660	23	114	87	0	36660261000	18
9121	36660	25	110	88	1	36660153001	18
9122	36660	27	112	88	1	36660197001	18
9123	36660	30	109	89	1	36660041000	18
9124	36660	31	110	89	1	36660330001	18
9125	36660	32	111	89	1	36660700000	18
9126	36660	33	112	89	1	36660558001	18
9127	36660	34	113	89	1	36660141001	18
9128	36660	35	114	89	1	36660041000	18
9129	36661	8	111	85	1	36661677000	18
9130	36661	18	109	87	1	36661890000	18
9131	36661	24	109	88	1	36661727000	18
9132	36661	26	111	88	1	36661795000	18
9133	36661	28	113	88	1	36661638001	18
9134	36661	29	114	88	1	36661795000	18
9135	36662	0	109	84	0	36662452001	18
9136	36662	19	110	87	1	36662561001	18
9137	36662	20	111	87	1	36662991000	18
9138	36662	21	112	87	1	36662194000	18
9139	36662	23	114	87	1	36662991000	18
9140	36662	25	110	88	1	36662191000	18
9141	36662	27	112	88	1	36662105000	18
9142	36663	12	109	86	1	36663488001	18
9143	36663	13	110	86	1	36663935001	18
9144	36663	14	111	86	1	36663650000	18
9145	36663	22	113	87	1	36663113001	18
9146	36663	35	114	89	1	36663593000	18
9147	36664	2	111	84	0	36664640000	18
9148	36664	15	112	86	1	36664178000	18
9149	36664	16	113	86	1	36664517001	18
9150	36664	18	109	87	1	36664114000	18
9151	36664	19	110	87	1	36664680000	18
9152	36664	20	111	87	1	36664828000	18
9153	36664	21	112	87	1	36664680000	18
9154	36664	29	114	88	1	36664164000	18
9155	36665	17	114	86	1	36665158000	17
9156	36665	22	113	87	1	36665412001	17
9157	36665	23	114	87	1	36665172000	17
9158	36665	28	113	88	1	36665058001	17
9159	36666	6	109	85	1	36666853001	17
9160	36666	7	110	85	1	36666376000	17
9161	36666	8	111	85	1	36666708000	17
9162	36666	9	112	85	1	36666905000	17
9163	36666	10	113	85	1	36666953000	17
9164	36666	12	109	86	1	36666455000	17
9165	36666	13	110	86	1	36666353001	17
9166	36666	14	111	86	1	36666333001	17
9167	36666	15	112	86	1	36666794001	17
9168	36667	16	113	86	1	36667248001	17
9169	36667	17	114	86	1	36667813001	17
9170	36668	1	110	84	1	36668334001	17
9171	36668	11	114	85	1	36668300001	17
9172	36669	2	111	84	1	36669423001	17
9173	36669	3	112	84	1	36669954000	16
9174	36669	6	109	85	1	36669634001	17
9175	36669	7	110	85	1	36669498000	17
9176	36669	8	111	85	1	36669106000	17
9177	36670	0	109	84	1	36670556000	16
9178	36670	4	113	84	1	36670216001	16
9179	36670	9	112	85	1	36670034001	16
9180	36670	10	113	85	1	36670143001	16
9181	36670	11	114	85	1	36670821001	16
9182	36671	1	110	84	1	36671963000	16
9183	36671	5	114	84	1	36671195000	16
9184	36671	8	111	85	1	36671364000	16
9185	36673	2	111	84	1	36673372001	16
9186	36673	3	112	84	1	36673909001	16
9187	36673	4	113	84	1	36673724000	16
9188	36674	0	109	84	1	36674068000	16
9189	36674	1	110	84	1	36674783000	16
9190	36674	7	110	85	1	36674258001	16
9191	36675	5	114	84	1	36675069001	16
9192	36675	9	112	85	1	36675840001	15
9193	36676	2	111	84	1	36676896000	15
9194	36677	3	112	84	1	36677728001	15
9195	36677	4	113	84	1	36677432001	15
9196	36678	0	109	84	1	36678090000	15
9197	36680	5	114	84	1	36680465000	15
9198	36693	1	110	84	1	36693293000	13
9199	36807	29	114	88	0	36807858001	12
9200	36807	35	114	89	0	36807358001	12
9201	36809	23	114	87	0	36809657001	12
9202	36809	29	114	88	0	36809631001	12
9203	36809	34	113	89	0	36809603001	12
9204	36809	35	114	89	0	36809413000	12
9205	36810	17	114	86	0	36810954001	12
9206	36810	28	113	88	0	36810520001	12
9207	36811	22	113	87	0	36811320001	12
9208	36811	29	114	88	0	36811815001	12
9209	36811	33	112	89	0	36811664001	12
9210	36811	34	113	89	0	36811941000	12
9211	36812	11	114	85	0	36812321000	12
9212	36812	16	113	86	0	36812618001	12
9213	36812	23	114	87	0	36812043001	12
9214	36812	27	112	88	0	36812505001	12
9215	36812	28	113	88	0	36812594000	12
9216	36812	35	114	89	0	36812023001	12
9217	36813	5	114	84	0	36813806000	12
9218	36813	17	114	86	0	36813170000	12
9219	36813	21	112	87	0	36813828001	12
9220	36813	22	113	87	0	36813319000	12
9221	36813	32	111	89	0	36813618000	12
9222	36814	10	113	85	0	36814806000	12
9223	36814	11	114	85	0	36814780000	12
9224	36814	16	113	86	0	36814717001	12
9225	36814	26	111	88	0	36814649001	12
9226	36814	27	112	88	0	36814310000	12
9227	36814	33	112	89	0	36814254000	12
9228	36815	4	113	84	0	36815740000	12
9229	36815	15	112	86	0	36815775001	12
9230	36815	20	111	87	0	36815959000	12
9231	36815	21	112	87	0	36815884000	12
9232	36815	31	110	89	0	36815534000	12
9233	36816	5	114	84	0	36816293001	12
9234	36816	9	112	85	0	36816457000	12
9235	36816	22	113	87	0	36816590000	12
9236	36816	26	111	88	0	36816477000	12
9237	36816	27	112	88	0	36816514000	12
9238	36816	32	111	89	0	36816288000	12
9239	36817	3	112	84	0	36817679000	12
9240	36817	4	113	84	0	36817971000	12
9241	36817	10	113	85	0	36817566000	12
9242	36817	14	111	86	0	36817751001	12
9243	36817	15	112	86	0	36817804001	12
9244	36817	25	110	88	0	36817021000	12
9245	36817	30	109	89	0	36817641001	12
9246	36817	31	110	89	0	36817837000	12
9247	36818	9	112	85	0	36818742001	12
9248	36818	19	110	87	0	36818287000	12
9249	36818	20	111	87	0	36818080001	12
9250	36818	24	109	88	0	36818224001	12
9251	36819	3	112	84	0	36819633001	12
9252	36819	8	111	85	0	36819119001	12
9253	36819	13	110	86	0	36819685000	12
9254	36819	14	111	86	0	36819769001	12
9255	36819	25	110	88	0	36819453001	12
9256	36819	30	109	89	0	36819822001	12
9257	36820	2	111	84	0	36820036001	12
9258	36820	7	110	85	0	36820529001	12
9259	36820	18	109	87	0	36820153000	12
9260	36820	19	110	87	0	36820515001	12
9261	36820	21	112	87	0	36820287001	12
9262	36820	24	109	88	0	36820058001	12
9263	36821	2	111	84	0	36821864000	13
9264	36821	8	111	85	0	36821556001	13
9265	36821	12	109	86	0	36821638000	13
9266	36821	26	111	88	0	36821134001	12
9267	36822	1	110	84	0	36822051001	13
9268	36822	7	110	85	0	36822826000	13
9269	36822	9	112	85	0	36822287001	13
9270	36822	13	110	86	0	36822023001	13
9271	36822	18	109	87	0	36822620001	13
9272	36822	24	109	88	0	36822952001	13
9273	36823	6	109	85	0	36823313000	13
9274	36823	12	109	86	0	36823786000	13
9275	36824	0	109	84	0	36824485001	13
9276	36824	1	110	84	0	36824317001	13
9277	36826	0	109	84	0	36826610001	13
9278	36826	6	109	85	0	36826025001	13
9279	36831	12	109	86	0	36831288001	14
9280	36836	5	114	84	1	36836462000	15
9281	36837	4	113	84	1	36837833001	15
9282	36837	11	114	85	1	36837228001	15
9283	36837	17	114	86	1	36837690001	15
9284	36838	10	113	85	1	36838111000	15
9285	36838	16	113	86	1	36838886001	15
9286	36838	23	114	87	1	36838032000	15
9287	36838	29	114	88	1	36838246000	15
9288	36838	35	114	89	1	36838720001	15
9289	36839	3	112	84	1	36839042000	15
9290	36839	9	112	85	1	36839502001	15
9291	36839	22	113	87	1	36839052001	15
9292	36839	28	113	88	1	36839752000	15
9293	36840	2	111	84	1	36840436000	16
9294	36840	8	111	85	1	36840637001	16
9295	36840	14	111	86	1	36840883000	16
9296	36840	15	112	86	1	36840059001	16
9297	36840	21	112	87	1	36840569001	16
9298	36840	27	112	88	1	36840931000	16
9299	36840	29	114	88	1	36840365000	16
9300	36840	34	113	89	1	36840093001	16
9301	36840	35	114	89	1	36840430000	16
9302	36841	1	110	84	1	36841447001	16
9303	36841	9	112	85	1	36841445000	16
9304	36841	10	113	85	1	36841351001	16
9305	36841	20	111	87	1	36841934001	16
9306	36841	22	113	87	1	36841370000	16
9307	36841	33	112	89	1	36841364000	16
9308	36842	4	113	84	1	36842443001	16
9309	36842	7	110	85	1	36842252001	16
9310	36842	8	111	85	1	36842154001	16
9311	36842	13	110	86	1	36842603000	16
9312	36842	14	111	86	1	36842683001	16
9313	36842	15	112	86	1	36842491001	16
9314	36842	19	110	87	1	36842973001	16
9315	36842	21	112	87	1	36842808000	16
9316	36842	26	111	88	1	36842137001	16
9317	36842	27	112	88	1	36842517001	16
9318	36842	32	111	89	1	36842725001	16
9319	36843	0	109	84	1	36843035001	16
9320	36843	1	110	84	1	36843076001	16
9321	36843	2	111	84	1	36843626001	16
9322	36843	3	112	84	1	36843185000	16
9323	36843	6	109	85	1	36843081000	16
9324	36843	17	114	86	1	36843733000	16
9325	36843	25	110	88	1	36843438000	16
9326	36843	26	111	88	1	36843684001	16
9327	36843	28	113	88	1	36843338001	16
9328	36843	31	110	89	1	36843950000	16
9329	36844	6	109	85	1	36844915001	16
9330	36844	7	110	85	1	36844097000	16
9331	36844	12	109	86	1	36844126001	16
9332	36844	18	109	87	1	36844609000	16
9333	36844	24	109	88	1	36844542000	16
9334	36844	33	112	89	1	36844200001	16
9335	36845	13	110	86	1	36845221001	16
9336	36845	19	110	87	1	36845271001	16
9337	36845	20	111	87	1	36845084000	16
9338	36845	25	110	88	1	36845392000	16
9339	36845	30	109	89	1	36845233001	16
9340	36845	31	110	89	1	36845897001	17
9341	36845	34	113	89	1	36845563000	16
9342	36846	23	114	87	1	36846577001	17
9343	36846	24	109	88	1	36846472000	17
9344	36846	30	109	89	1	36846913001	17
9345	36847	5	114	84	1	36847050001	17
9346	36848	18	109	87	1	36848220000	17
9347	36852	12	109	86	1	36852820001	18
9348	36899	0	109	84	1	36899680001	20
9349	36945	24	109	88	0	36945900001	12
9350	36945	30	109	89	0	36945648000	12
9351	36946	18	109	87	0	36946956000	12
9352	36946	31	110	89	0	36946590001	12
9353	36947	12	109	86	0	36947137000	12
9354	36947	19	110	87	0	36947891000	12
9355	36947	24	109	88	0	36947976000	12
9356	36947	25	110	88	0	36947325000	12
9357	36947	32	111	89	0	36947992000	12
9358	36948	0	109	84	0	36948720001	12
9359	36948	6	109	85	0	36948245000	12
9360	36948	13	110	86	0	36948435001	12
9361	36948	20	111	87	0	36948884000	12
9362	36948	26	111	88	0	36948256001	12
9363	36948	30	109	89	0	36948659000	12
9364	36948	31	110	89	0	36948884000	12
9365	36948	33	112	89	0	36948811000	12
9366	36949	1	110	84	0	36949606001	12
9367	36949	7	110	85	0	36949183000	12
9368	36949	12	109	86	0	36949413000	12
9369	36949	14	111	86	0	36949442000	12
9370	36949	18	109	87	0	36949742001	11
9371	36949	21	112	87	0	36949676001	11
9372	36949	25	110	88	0	36949586001	12
9373	36949	26	111	88	0	36949901000	11
9374	36949	27	112	88	0	36949216000	12
9375	36949	34	113	89	0	36949620001	12
9376	36950	2	111	84	0	36950626000	11
9377	36950	8	111	85	0	36950388001	11
9378	36950	15	112	86	0	36950440001	11
9379	36950	19	110	87	0	36950563001	11
9380	36950	22	113	87	0	36950824000	11
9381	36950	28	113	88	0	36950214001	11
9382	36950	35	114	89	0	36950546001	11
9383	36951	0	109	84	0	36951224001	11
9384	36951	1	110	84	0	36951682000	11
9385	36951	3	112	84	0	36951616001	11
9386	36951	7	110	85	0	36951375000	11
9387	36951	9	112	85	0	36951152001	11
9388	36951	13	110	86	0	36951033001	11
9389	36951	14	111	86	0	36951606000	11
9390	36951	16	113	86	0	36951726001	11
9391	36951	20	111	87	0	36951214000	11
9392	36951	21	112	87	0	36951456001	11
9393	36951	23	114	87	0	36951803000	11
9394	36951	27	112	88	0	36951064001	11
9395	36951	29	114	88	0	36951091000	11
9396	36951	33	112	89	0	36951751001	11
9397	36951	34	113	89	0	36951593001	11
9398	36952	2	111	84	0	36952376001	11
9399	36952	4	113	84	0	36952683001	11
9400	36952	6	109	85	0	36952085001	11
9401	36952	8	111	85	0	36952684000	11
9402	36952	10	113	85	0	36952177000	11
9403	36952	15	112	86	0	36952358001	11
9404	36952	17	114	86	0	36952561001	11
9405	36952	22	113	87	0	36952878000	11
9406	36952	28	113	88	0	36952198001	11
9407	36952	35	114	89	0	36952396000	11
9408	36953	3	112	84	0	36953608001	11
9409	36953	5	114	84	0	36953735001	11
9410	36953	9	112	85	0	36953196000	11
9411	36953	11	114	85	0	36953286000	11
9412	36953	29	114	88	0	36953424000	11
9413	36954	4	113	84	0	36954792000	11
9414	36954	10	113	85	0	36954993001	11
9415	36954	16	113	86	0	36954438001	11
9416	36954	17	114	86	0	36954785001	11
9417	36955	11	114	85	0	36955871001	11
9418	36955	23	114	87	0	36955468001	11
9419	36956	5	114	84	0	36956715001	11
9420	36959	3	112	84	0	36959014001	10
9421	36960	26	111	88	0	36960760001	10
9422	36965	21	112	87	0	36965464000	10
9423	36967	31	110	89	1	36967898000	10
9424	36967	32	111	89	1	36967972001	10
9425	36967	33	112	89	1	36967361001	10
9426	36967	34	113	89	1	36967285000	10
9427	36967	35	114	89	1	36967041001	10
9428	36968	26	111	88	1	36968532001	10
9429	36968	27	112	88	1	36968399000	10
9430	36968	28	113	88	1	36968772001	10
9431	36968	29	114	88	1	36968250000	10
9432	36968	30	109	89	1	36968205000	10
9433	36968	35	114	89	1	36968860000	10
9434	36969	21	112	87	1	36969881001	10
9435	36969	22	113	87	1	36969679000	10
9436	36969	23	114	87	1	36969736000	10
9437	36969	24	109	88	1	36969320001	10
9438	36969	25	110	88	1	36969237000	10
9439	36969	27	112	88	1	36969944000	10
9440	36969	29	114	88	1	36969997000	10
9441	36969	33	112	89	1	36969513000	10
9442	36969	34	113	89	1	36969843000	10
9443	36970	16	113	86	1	36970847000	10
9444	36970	18	109	87	1	36970987001	10
9445	36970	19	110	87	1	36970295000	10
9446	36970	20	111	87	1	36970393001	10
9447	36970	25	110	88	1	36970998001	10
9448	36970	26	111	88	1	36970262000	10
9449	36970	28	113	88	1	36970885001	10
9450	36970	30	109	89	1	36970378001	10
9451	36970	31	110	89	1	36970185001	10
9452	36971	13	110	86	1	36971818000	10
9453	36971	14	111	86	1	36971548000	10
9454	36971	15	112	86	1	36971588000	10
9455	36971	17	114	86	1	36971241000	10
9456	36971	21	112	87	1	36971489000	10
9457	36971	22	113	87	1	36971480000	10
9458	36971	24	109	88	1	36971379000	10
9459	36972	9	112	85	1	36972816001	10
9460	36972	10	113	85	1	36972556000	10
9461	36972	11	114	85	1	36972419001	10
9462	36972	12	109	86	1	36972215000	10
9463	36972	16	113	86	1	36972784000	10
9464	36972	19	110	87	1	36972136000	10
9465	36972	20	111	87	1	36972091000	10
9466	36972	23	114	87	1	36972227001	10
9467	36973	4	113	84	1	36973988000	10
9468	36973	5	114	84	1	36973929000	10
9469	36973	6	109	85	1	36973413001	10
9470	36973	7	110	85	1	36973190001	10
9471	36973	8	111	85	1	36973010001	10
9472	36973	13	110	86	1	36973764001	10
9473	36973	14	111	86	1	36973286001	10
9474	36973	15	112	86	1	36973489001	10
9475	36973	17	114	86	1	36973474001	10
9476	36973	18	109	87	1	36973230001	10
9477	36974	0	109	84	1	36974694000	11
9478	36974	1	110	84	1	36974319001	10
9479	36974	2	111	84	1	36974338001	10
9480	36974	3	112	84	1	36974178001	10
9481	36974	7	110	85	1	36974876001	11
9482	36974	8	111	85	1	36974405000	10
9483	36974	9	112	85	1	36974512000	11
9484	36974	10	113	85	1	36974683000	11
9485	36974	11	114	85	1	36974545000	11
9486	36974	12	109	86	1	36974723000	11
9487	36975	1	110	84	1	36975991001	11
9488	36975	6	109	85	1	36975263000	11
9489	36976	0	109	84	1	36976742001	11
9490	36976	2	111	84	1	36976147000	11
9491	36976	3	112	84	1	36976564001	11
9492	36976	4	113	84	1	36976223000	11
9493	37153	0	109	84	0	37153906000	21
9494	37153	1	110	84	0	37153694001	21
9495	37153	2	111	84	0	37153398001	21
9496	37153	3	112	84	0	37153142001	21
9497	37153	4	113	84	0	37153159001	21
9498	37153	5	114	84	0	37153197000	21
9499	37153	10	113	85	0	37153991000	21
9500	37153	11	114	85	0	37153752000	21
9501	37154	6	109	85	0	37154891000	21
9502	37154	7	110	85	0	37154584000	21
9503	37154	8	111	85	0	37154548000	21
9504	37154	9	112	85	0	37154281000	21
9505	37154	16	113	86	0	37154672000	21
9506	37154	17	114	86	0	37154740001	21
9507	37155	1	110	84	0	37155843000	21
9508	37155	2	111	84	0	37155530000	21
9509	37155	3	112	84	0	37155151001	21
9510	37155	4	113	84	0	37155929001	21
9511	37155	12	109	86	0	37155559001	21
9512	37155	13	110	86	0	37155468000	21
9513	37155	14	111	86	0	37155134001	21
9514	37155	15	112	86	0	37155024000	21
9515	37155	21	112	87	0	37155868000	21
9516	37155	22	113	87	0	37155564000	21
9517	37155	23	114	87	0	37155480000	21
9518	37156	8	111	85	0	37156881000	21
9519	37156	9	112	85	0	37156496000	21
9520	37156	16	113	86	0	37156703000	21
9521	37156	18	109	87	0	37156738000	21
9522	37156	19	110	87	0	37156492000	21
9523	37156	20	111	87	0	37156146000	21
9524	37156	26	111	88	0	37156816000	21
9525	37156	27	112	88	0	37156795001	21
9526	37156	28	113	88	0	37156473000	21
9527	37156	29	114	88	0	37156140001	21
9528	37157	5	114	84	1	37157789001	21
9529	37157	7	110	85	0	37157115000	21
9530	37157	13	110	86	0	37157586001	21
9531	37157	15	112	86	0	37157119001	21
9532	37157	21	112	87	0	37157668001	21
9533	37157	24	109	88	0	37157233000	21
9534	37157	25	110	88	0	37157435000	21
9535	37157	32	111	89	0	37157993000	21
9536	37157	33	112	89	0	37157807000	21
9537	37157	34	113	89	0	37157262001	21
9538	37157	35	114	89	0	37157090001	21
9539	37158	4	113	84	1	37158661001	21
9540	37158	10	113	85	1	37158909001	21
9541	37158	11	114	85	1	37158284001	21
9542	37158	12	109	86	0	37158180001	21
9543	37158	14	111	86	0	37158163001	21
9544	37158	17	114	86	1	37158474000	21
9545	37158	22	113	87	0	37158271000	21
9546	37158	23	114	87	1	37158666001	21
9547	37158	26	111	88	0	37158845000	21
9548	37158	29	114	88	0	37158070001	21
9549	37158	30	109	89	0	37158377001	21
9550	37158	31	110	89	0	37158139000	21
9551	37159	3	112	84	1	37159217000	21
9552	37159	9	112	85	1	37159875000	21
9553	37159	16	113	86	1	37159136001	21
9554	37159	22	113	87	1	37159978001	21
9555	37159	24	109	88	0	37159033001	21
9556	37159	25	110	88	0	37159633000	21
9557	37159	29	114	88	1	37159686001	21
9558	37159	34	113	89	0	37159241001	21
9559	37159	35	114	89	1	37159407001	21
9560	37160	2	111	84	1	37160662001	21
9561	37160	8	111	85	1	37160339001	21
9562	37160	14	111	86	1	37160943001	21
9563	37160	15	112	86	1	37160171000	21
9564	37160	18	109	87	0	37160581001	21
9565	37160	19	110	87	0	37160581001	21
9566	37160	20	111	87	0	37160217001	21
9567	37160	21	112	87	1	37160569001	21
9568	37160	27	112	88	1	37160963001	21
9569	37160	28	113	88	1	37160094001	21
9570	37160	34	113	89	1	37160944001	21
9571	37161	1	110	84	1	37161494000	21
9572	37161	7	110	85	1	37161750000	21
9573	37161	8	111	85	1	37161771001	21
9574	37161	13	110	86	1	37161938000	21
9575	37161	20	111	87	1	37161724000	21
9576	37161	26	111	88	1	37161403000	21
9577	37161	30	109	89	0	37161279001	21
9578	37161	32	111	89	1	37161972000	21
9579	37161	33	112	89	1	37161069000	21
9580	37162	0	109	84	1	37162526000	21
9581	37162	6	109	85	1	37162763000	21
9582	37162	12	109	86	1	37162922001	21
9583	37162	18	109	87	1	37162962000	21
9584	37162	19	110	87	1	37162520001	21
9585	37162	25	110	88	1	37162598001	21
9586	37162	31	110	89	1	37162915000	21
9587	37163	24	109	88	1	37163126000	21
9588	37163	30	109	89	1	37163584000	21
9589	37183	26	111	88	1	37183604001	22
9590	37192	29	114	88	0	37192481001	23
9591	37541	12	109	86	0	37541765000	38
9592	37543	24	109	88	0	37543779001	38
9593	37550	5	114	84	0	37550856001	38
9594	37551	2	111	84	0	37551517000	38
9595	37551	3	112	84	0	37551288000	38
9596	37551	4	113	84	0	37551057000	38
9597	37551	11	114	85	0	37551747000	38
9598	37552	0	109	84	0	37552365001	38
9599	37552	1	110	84	0	37552022001	38
9600	37552	8	111	85	0	37552880001	38
9601	37552	9	112	85	0	37552541000	38
9602	37552	10	113	85	0	37552162001	38
9603	37552	16	113	86	0	37552911001	38
9604	37552	17	114	86	0	37552925001	38
9605	37553	2	111	84	0	37553728000	37
9606	37553	3	112	84	0	37553425000	37
9607	37553	4	113	84	0	37553271001	37
9608	37553	5	114	84	0	37553670001	37
9609	37553	6	109	85	0	37553479001	37
9610	37553	7	110	85	0	37553107000	38
9611	37553	14	111	86	0	37553673001	37
9612	37553	15	112	86	0	37553394000	37
9613	37553	23	114	87	0	37553896001	37
9614	37554	1	110	84	0	37554324001	37
9615	37554	10	113	85	0	37554700000	37
9616	37554	11	114	85	0	37554103000	37
9617	37554	12	109	86	0	37554464001	37
9618	37554	13	110	86	0	37554182000	37
9619	37554	16	113	86	0	37554931001	37
9620	37554	20	111	87	0	37554826000	37
9621	37554	21	112	87	0	37554332001	37
9622	37554	22	113	87	0	37554044000	37
9623	37554	29	114	88	0	37554692001	37
9624	37555	7	110	85	0	37555214000	37
9625	37555	8	111	85	0	37555277001	37
9626	37555	9	112	85	0	37555094000	37
9627	37555	15	112	86	0	37555248000	37
9628	37555	17	114	86	0	37555248000	37
9629	37555	18	109	87	0	37555690000	37
9630	37555	19	110	87	0	37555226000	37
9631	37555	22	113	87	0	37555927000	37
9632	37555	26	111	88	0	37555700001	37
9633	37555	27	112	88	0	37555456000	37
9634	37555	28	113	88	0	37555163000	37
9635	37555	35	114	89	0	37555844001	37
9636	37556	6	109	85	0	37556279001	37
9637	37556	12	109	86	0	37556688001	37
9638	37556	13	110	86	0	37556632001	37
9639	37556	14	111	86	0	37556211000	37
9640	37556	20	111	87	0	37556785000	37
9641	37556	21	112	87	0	37556283001	37
9642	37556	24	109	88	0	37556335000	37
9643	37556	25	110	88	0	37556287000	37
9644	37556	29	114	88	0	37556712000	37
9645	37556	32	111	89	0	37556902001	37
9646	37556	33	112	89	0	37556738001	37
9647	37556	34	113	89	0	37556166000	37
9648	37557	23	114	87	0	37557218000	37
9649	37557	26	111	88	0	37557502000	37
9650	37557	27	112	88	0	37557274000	37
9651	37557	28	113	88	0	37557114000	37
9652	37557	30	109	89	0	37557638000	37
9653	37557	31	110	89	0	37557212000	37
9654	37557	35	114	89	0	37557798000	37
9655	37558	18	109	87	0	37558112001	37
9656	37558	19	110	87	0	37558707000	37
9657	37558	24	109	88	0	37558584001	37
9658	37558	34	113	89	0	37558326001	37
9659	37559	22	113	87	0	37559983001	37
9660	37559	25	110	88	0	37559313001	37
9661	37559	30	109	89	0	37559840001	37
9662	37559	31	110	89	0	37559334000	37
9663	37560	32	111	89	0	37560035000	37
9664	37562	0	109	84	1	37562925000	37
9665	37563	6	109	85	1	37563716000	37
9666	37565	12	109	86	1	37565153001	37
9667	37566	0	109	84	1	37566115001	37
9668	37566	1	110	84	1	37566938001	36
9669	37566	6	109	85	1	37566965001	36
9670	37567	18	109	87	1	37567555000	36
9671	37568	7	110	85	1	37568730001	36
9672	37568	12	109	86	1	37568728000	36
9673	37568	24	109	88	1	37568540000	36
9674	37569	13	110	86	1	37569847001	36
9675	37570	1	110	84	1	37570050001	36
9676	37570	2	111	84	1	37570849001	36
9677	37570	3	112	84	1	37570616001	36
9678	37570	4	113	84	1	37570461001	36
9679	37570	5	114	84	1	37570159001	36
9680	37570	18	109	87	1	37570749000	36
9681	37570	30	109	89	1	37570289001	36
9682	37571	1	110	84	1	37571979000	36
9683	37571	7	110	85	1	37571563000	36
9684	37571	8	111	85	1	37571699001	36
9685	37571	9	112	85	1	37571621001	36
9686	37571	10	113	85	1	37571366000	36
9687	37571	11	114	85	1	37571024001	36
9688	37571	19	110	87	1	37571884000	36
9689	37571	24	109	88	1	37571492000	36
9690	37572	13	110	86	1	37572967000	36
9691	37572	14	111	86	1	37572793000	36
9692	37572	15	112	86	1	37572779000	36
9693	37572	16	113	86	1	37572561001	36
9694	37572	17	114	86	1	37572348000	36
9695	37572	30	109	89	1	37572998000	36
9696	37573	20	111	87	1	37573987001	36
9697	37573	21	112	87	1	37573732000	36
9698	37573	22	113	87	1	37573335000	36
9699	37573	23	114	87	1	37573213001	36
9700	37573	25	110	88	1	37573291000	36
9701	37574	19	110	87	1	37574307000	35
9702	37574	26	111	88	1	37574988000	35
9703	37574	27	112	88	1	37574843001	35
9704	37574	28	113	88	1	37574610000	35
9705	37574	29	114	88	1	37574312000	35
9706	37574	31	110	89	1	37574039000	36
9707	37575	25	110	88	1	37575490001	35
9708	37575	33	112	89	1	37575993000	35
9709	37575	34	113	89	1	37575586001	35
9710	37575	35	114	89	1	37575337000	35
9711	37576	6	109	85	1	37576756001	35
9712	37576	31	110	89	1	37576393001	35
9713	37576	32	111	89	1	37576075001	35
9714	37579	12	109	86	1	37579955000	35
9715	37583	30	109	89	1	37583792001	34
9716	37585	24	109	88	1	37585301001	34
9717	37600	0	109	84	0	37600823000	30
9718	37600	1	110	84	0	37600168001	30
9719	37601	6	109	85	0	37601910001	30
9720	37601	7	110	85	0	37601664000	30
9721	37602	2	111	84	0	37602520000	30
9722	37602	12	109	86	0	37602729001	29
9723	37602	13	110	86	0	37602589001	30
9724	37602	14	111	86	0	37602350001	30
9725	37603	1	110	84	0	37603012000	29
9726	37603	8	111	85	0	37603828000	29
9727	37603	19	110	87	0	37603875001	29
9728	37603	20	111	87	0	37603593001	29
9729	37604	6	109	85	0	37604632001	29
9730	37604	18	109	87	0	37604646001	29
9731	37604	24	109	88	0	37604888001	29
9732	37604	26	111	88	0	37604522001	29
9733	37605	0	109	84	0	37605932001	28
9734	37605	12	109	86	0	37605193000	29
9735	37605	13	110	86	0	37605494000	29
9736	37605	14	111	86	0	37605778001	29
9737	37605	25	110	88	0	37605041000	29
9738	37605	32	111	89	0	37605901001	28
9739	37606	24	109	88	0	37606979001	28
9740	37606	30	109	89	0	37606455000	28
9741	37606	31	110	89	0	37606011001	28
9742	37607	7	110	85	0	37607241001	28
9743	37607	18	109	87	0	37607308001	28
9744	37607	19	110	87	0	37607487000	28
9745	37607	25	110	88	0	37607729000	28
9746	37607	33	112	89	0	37607491001	28
9747	37608	30	109	89	0	37608998000	28
9748	37608	31	110	89	0	37608581001	28
9749	37610	26	111	88	0	37610287000	27
9750	37620	8	111	85	1	37620115000	24
9751	37620	14	111	86	1	37620912000	24
9752	37622	1	110	84	1	37622561000	23
9753	37625	7	110	85	1	37625853000	22
9754	37625	20	111	87	1	37625650000	22
9755	37625	26	111	88	1	37625701000	22
9756	37626	0	109	84	1	37626991001	22
9757	37626	1	110	84	1	37626393000	22
9758	37626	13	110	86	1	37626432001	22
9759	37628	14	111	86	1	37628006000	21
9760	37629	6	109	85	1	37629065000	21
9761	37629	7	110	85	1	37629479001	21
9762	37629	26	111	88	1	37629567001	21
9763	37630	1	110	84	1	37630680000	20
9764	37630	19	110	87	1	37630157000	21
9765	37631	12	109	86	1	37631972000	20
9766	37631	25	110	88	1	37631813001	20
9767	37631	32	111	89	1	37631288000	20
9768	37632	0	109	84	1	37632790000	20
9769	37632	13	110	86	1	37632175001	20
9770	37633	20	111	87	1	37633429000	20
9771	37634	6	109	85	1	37634740001	19
9772	37634	31	110	89	1	37634059001	19
9773	37635	19	110	87	1	37635073000	19
9774	37635	33	112	89	1	37635822000	19
9775	37636	7	110	85	1	37636510001	19
9776	37636	12	109	86	1	37636330001	19
9777	37636	13	110	86	1	37636868000	18
9778	37637	0	109	84	1	37637220000	18
9779	37637	18	109	87	1	37637287001	18
9780	37637	25	110	88	1	37637759001	18
9781	37637	32	111	89	1	37637247001	18
9782	37638	6	109	85	1	37638379001	18
9783	37638	24	109	88	1	37638977000	18
9784	37638	26	111	88	1	37638425000	18
9785	37639	19	110	87	1	37639527001	18
9786	37639	31	110	89	1	37639591001	18
9787	37640	12	109	86	1	37640916000	17
9788	37641	25	110	88	1	37641961001	17
9789	37642	18	109	87	1	37642697000	17
9790	37642	30	109	89	1	37642158001	17
9791	37642	31	110	89	1	37642738001	17
9792	37644	24	109	88	1	37644200000	16
9793	37645	18	109	87	1	37645786001	16
9794	37646	24	109	88	1	37646988001	15
9795	37646	30	109	89	1	37646805001	15
9796	37647	31	110	89	1	37647063001	15
9797	37648	12	109	86	1	37648167001	15
9798	37648	30	109	89	1	37648820001	15
9799	37650	8	111	85	1	37650180000	14
9800	37652	25	110	88	1	37652855001	14
9801	37896	24	109	88	0	37896551001	5
9802	37896	30	109	89	0	37896351001	5
9803	37896	31	110	89	0	37896922001	5
9804	37897	12	109	86	0	37897663001	5
9805	37897	18	109	87	0	37897370001	5
9806	37897	25	110	88	0	37897462000	5
9807	37897	26	111	88	0	37897899001	5
9808	37897	32	111	89	0	37897588000	5
9809	37898	0	109	84	0	37898975000	5
9810	37898	6	109	85	0	37898539000	5
9811	37898	13	110	86	0	37898539000	5
9812	37898	19	110	87	0	37898001001	5
9813	37898	20	111	87	0	37898608001	5
9814	37898	24	109	88	0	37898619001	5
9815	37898	27	112	88	0	37898752001	5
9816	37898	30	109	89	0	37898696001	5
9817	37898	33	112	89	0	37898323000	5
9818	37898	34	113	89	0	37898806001	5
9819	37899	1	110	84	0	37899616001	5
9820	37899	7	110	85	0	37899057000	5
9821	37899	8	111	85	0	37899757001	5
9822	37899	14	111	86	0	37899137001	5
9823	37899	15	112	86	0	37899613001	5
9824	37899	21	112	87	0	37899134001	5
9825	37899	22	113	87	0	37899871000	6
9826	37899	26	111	88	0	37899553000	5
9827	37899	28	113	88	0	37899445000	5
9828	37899	29	114	88	0	37899938000	6
9829	37899	35	114	89	0	37899342000	5
9830	37900	2	111	84	0	37900348001	6
9831	37900	3	112	84	0	37900636000	6
9832	37900	9	112	85	0	37900403000	6
9833	37900	12	109	86	0	37900363000	6
9834	37900	16	113	86	0	37900379001	6
9835	37900	18	109	87	0	37900274001	6
9836	37900	20	111	87	0	37900729000	6
9837	37900	23	114	87	0	37900475000	6
9838	37900	27	112	88	0	37900774000	6
9839	37901	4	113	84	0	37901521001	6
9840	37901	10	113	85	0	37901126000	6
9841	37901	11	114	85	0	37901528000	6
9842	37901	15	112	86	0	37901770000	6
9843	37901	17	114	86	0	37901206001	6
9844	37901	34	113	89	0	37901233000	6
9845	37901	35	114	89	0	37901496001	6
9846	37902	2	111	84	0	37902609000	6
9847	37902	5	114	84	0	37902247001	6
9848	37902	9	112	85	0	37902792000	6
9849	37902	13	110	86	0	37902942001	6
9850	37902	16	113	86	0	37902783000	6
9851	37902	22	113	87	0	37902554001	6
9852	37902	28	113	88	0	37902038000	6
9853	37902	29	114	88	0	37902211001	6
9854	37903	3	112	84	0	37903011000	6
9855	37903	8	111	85	0	37903940000	6
9856	37903	24	109	88	0	37903103001	6
9857	37904	17	114	86	0	37904362000	6
9858	37904	32	111	89	0	37904531000	6
9859	37906	1	110	84	0	37906569000	7
9860	37906	4	113	84	0	37906681000	7
9861	37906	19	110	87	0	37906464000	7
9862	37907	14	111	86	0	37907533001	7
9863	37909	5	114	84	0	37909471001	8
9864	37909	11	114	85	0	37909112001	8
9865	37911	35	114	89	1	37911773001	8
9866	37912	26	111	88	1	37912892000	9
9867	37912	27	112	88	1	37912717001	8
9868	37912	28	113	88	1	37912596001	8
9869	37912	29	114	88	1	37912445000	8
9870	37912	30	109	89	1	37912585000	8
9871	37912	31	110	89	1	37912368001	8
9872	37912	32	111	89	1	37912256000	8
9873	37912	33	112	89	1	37912201001	8
9874	37912	34	113	89	1	37912046001	8
9875	37913	3	112	84	0	37913625001	9
9876	37913	18	109	87	1	37913940001	9
9877	37913	19	110	87	1	37913690001	9
9878	37913	20	111	87	1	37913539000	9
9879	37913	21	112	87	1	37913647000	9
9880	37913	22	113	87	1	37913532001	9
9881	37913	23	114	87	1	37913380001	9
9882	37913	24	109	88	1	37913092000	9
9883	37913	25	110	88	1	37913273001	9
9884	37914	8	111	85	1	37914924000	9
9885	37914	11	114	85	1	37914879000	9
9886	37914	12	109	86	1	37914819001	9
9887	37914	13	110	86	1	37914378000	9
9888	37914	14	111	86	1	37914248001	9
9889	37914	15	112	86	1	37914244001	9
9890	37914	16	113	86	1	37914219001	9
9891	37914	17	114	86	1	37914079001	9
9892	37915	1	110	84	1	37915829001	9
9893	37915	2	111	84	1	37915915000	9
9894	37915	3	112	84	1	37915852001	9
9895	37915	4	113	84	1	37915611000	9
9896	37915	5	114	84	1	37915478000	9
9897	37915	6	109	85	1	37915412001	9
9898	37915	7	110	85	1	37915208000	9
9899	37915	9	112	85	1	37915088000	9
9900	37915	10	113	85	1	37915057000	9
9901	37916	0	109	84	1	37916240001	9
9902	37918	8	111	85	1	37918488001	10
9903	38078	3	112	84	0	38078644000	24
9904	38079	11	114	85	0	38079852001	24
9905	38082	21	112	87	0	38082033001	24
9906	38082	23	114	87	0	38082245000	24
9907	38083	29	114	88	0	38083272001	23
9908	38094	0	109	84	0	38094004000	23
9909	38095	12	109	86	0	38095757000	23
9910	38097	18	109	87	0	38097246000	23
9911	38097	24	109	88	0	38097748001	23
9912	38099	30	109	89	0	38099380001	23
9913	38503	34	113	89	0	38503564000	36
9914	38531	24	109	88	0	38531876000	29
9915	38532	0	109	84	0	38532325000	29
9916	38532	6	109	85	0	38532400001	29
9917	38532	12	109	86	0	38532059001	29
9918	38532	13	110	86	0	38532887001	29
9919	38532	18	109	87	0	38532208000	29
9920	38532	19	110	87	0	38532927001	29
9921	38532	25	110	88	0	38532909001	29
9922	38532	30	109	89	0	38532079001	29
9923	38532	31	110	89	0	38532757001	29
9924	38533	1	110	84	0	38533100000	29
9925	38533	2	111	84	0	38533953001	29
9926	38533	7	110	85	0	38533136000	29
9927	38533	14	111	86	0	38533712001	29
9928	38533	20	111	87	0	38533882000	29
9929	38533	26	111	88	0	38533460000	29
9930	38533	32	111	89	0	38533622001	29
9931	38534	3	112	84	0	38534650000	28
9932	38534	8	111	85	0	38534072001	29
9933	38534	9	112	85	0	38534742001	28
9934	38534	12	109	86	0	38534471001	29
9935	38534	15	112	86	0	38534532000	29
9936	38534	21	112	87	0	38534412001	29
9937	38534	27	112	88	0	38534311001	29
9938	38534	33	112	89	0	38534550001	29
9939	38535	0	109	84	0	38535260001	28
9940	38535	1	110	84	0	38535818000	28
9941	38535	4	113	84	0	38535863000	28
9942	38535	10	113	85	0	38535737000	28
9943	38535	14	111	86	0	38535958001	28
9944	38535	16	113	86	0	38535426001	28
9945	38535	22	113	87	0	38535321001	28
9946	38535	24	109	88	0	38535087000	28
9947	38535	26	111	88	0	38535300000	28
9948	38535	27	112	88	0	38535991001	28
9949	38535	28	113	88	0	38535383001	28
9950	38535	31	110	89	0	38535311000	28
9951	38535	34	113	89	0	38535149000	28
9952	38536	2	111	84	0	38536265000	28
9953	38536	3	112	84	0	38536839001	28
9954	38536	5	114	84	0	38536618000	28
9955	38536	7	110	85	0	38536642001	28
9956	38536	8	111	85	0	38536662000	28
9957	38536	11	114	85	0	38536444001	28
9958	38536	13	110	86	0	38536326001	28
9959	38536	15	112	86	0	38536405001	28
9960	38536	17	114	86	0	38536482000	28
9961	38536	18	109	87	0	38536028001	28
9962	38536	20	111	87	0	38536359000	28
9963	38536	21	112	87	0	38536244001	28
9964	38536	23	114	87	0	38536156000	28
9965	38536	29	114	88	0	38536049000	28
9966	38536	30	109	89	0	38536342000	28
9967	38536	35	114	89	0	38536054000	28
9968	38537	9	112	85	0	38537229001	28
9969	38537	16	113	86	0	38537868001	28
9970	38537	22	113	87	0	38537340001	28
9971	38537	28	113	88	0	38537729000	28
9972	38538	4	113	84	0	38538241000	28
9973	38538	11	114	85	0	38538972001	27
9974	38538	29	114	88	0	38538031001	28
9975	38538	34	113	89	0	38538636001	28
9976	38539	17	114	86	0	38539081001	27
9977	38539	23	114	87	0	38539652001	27
9978	38539	35	114	89	0	38539330000	27
9979	38540	19	110	87	1	38540657001	27
9980	38541	25	110	88	0	38541052001	27
9981	38541	32	111	89	0	38541976000	27
9982	38542	6	109	85	0	38542626000	27
9983	38542	10	113	85	0	38542046000	27
9984	38542	21	112	87	0	38542720001	27
9985	38544	29	114	88	0	38544965000	26
9986	38546	5	114	84	0	38546552000	26
9987	38550	0	109	84	1	38550617001	25
9988	38552	1	110	84	1	38552164000	25
9989	38552	6	109	85	1	38552096000	25
9990	38552	24	109	88	0	38552325001	25
9991	38553	2	111	84	1	38553826001	24
9992	38553	7	110	85	1	38553566001	24
9993	38553	12	109	86	1	38553800001	24
9994	38554	0	109	84	1	38554898001	24
9995	38554	1	110	84	1	38554625001	24
9996	38554	6	109	85	1	38554095001	24
9997	38554	30	109	89	1	38554899000	24
9998	38555	3	112	84	1	38555110000	24
9999	38555	7	110	85	1	38555539001	24
10000	38555	8	111	85	1	38555217000	24
10001	38555	13	110	86	1	38555093000	24
10002	38555	18	109	87	1	38555305000	24
10003	38555	19	110	87	1	38555915000	24
10004	38555	31	110	89	1	38555042000	24
10005	38555	32	111	89	1	38555804001	24
10006	38556	2	111	84	1	38556708001	24
10007	38556	8	111	85	1	38556999000	24
10008	38556	9	112	85	1	38556684000	24
10009	38556	14	111	86	1	38556798001	24
10010	38556	24	109	88	1	38556425000	24
10011	38556	25	110	88	1	38556298000	24
10012	38556	30	109	89	1	38556789001	24
10013	38556	31	110	89	1	38556874001	24
10014	38556	33	112	89	1	38556066001	24
10015	38556	34	113	89	1	38556517000	24
10016	38556	35	114	89	1	38556937000	24
10017	38557	3	112	84	1	38557897000	23
10018	38557	4	113	84	1	38557102001	24
10019	38557	5	114	84	1	38557897000	23
10020	38557	13	110	86	1	38557919000	23
10021	38557	19	110	87	1	38557906001	23
10022	38557	20	111	87	1	38557977001	23
10023	38557	26	111	88	1	38557275000	24
10024	38557	27	112	88	1	38557354001	23
10025	38558	10	113	85	1	38558265000	23
10026	38558	12	109	86	1	38558249001	23
10027	38558	15	112	86	1	38558113000	23
10028	38558	18	109	87	1	38558646001	23
10029	38558	21	112	87	1	38558382001	23
10030	38558	23	114	87	1	38558926000	23
10031	38558	25	110	88	1	38558200000	23
10032	38558	26	111	88	1	38558899001	23
10033	38558	28	113	88	1	38558200000	23
10034	38558	29	114	88	1	38558242000	23
10035	38558	33	112	89	1	38558074000	23
10036	38558	34	113	89	1	38558436001	23
10037	38558	35	114	89	1	38558583000	23
10038	38559	9	112	85	1	38559147001	23
10039	38559	11	114	85	1	38559790000	23
10040	38559	16	113	86	1	38559753001	23
10041	38559	22	113	87	1	38559383000	23
10042	38559	27	112	88	1	38559039000	23
10043	38560	5	114	84	1	38560222001	23
10044	38560	15	112	86	1	38560331000	23
10045	38560	17	114	86	1	38560858001	23
10046	38560	20	111	87	1	38560708000	23
10047	38560	21	112	87	1	38560110001	23
10048	38560	28	113	88	1	38560018000	23
10049	38560	29	114	88	1	38560107001	23
10050	38561	4	113	84	1	38561104000	23
10051	38561	10	113	85	1	38561620000	23
10052	38561	22	113	87	1	38561286001	23
10053	38561	23	114	87	1	38561234000	23
10054	38561	32	111	89	1	38561176001	23
10055	38562	11	114	85	1	38562240001	23
10056	38562	14	111	86	1	38562101000	23
10057	38563	17	114	86	1	38563007000	22
10058	38582	21	112	87	0	38582646000	20
10059	38582	34	113	89	0	38582570000	20
10060	38585	3	112	84	0	38585166001	20
10061	38718	35	114	89	0	38718839001	17
10062	38719	29	114	88	0	38719531001	17
10063	38719	34	113	89	0	38719909001	17
10064	38720	23	114	87	0	38720643001	17
10065	38720	28	113	88	0	38720685001	17
10066	38720	33	112	89	0	38720989001	17
10067	38721	11	114	85	0	38721980001	17
10068	38721	17	114	86	0	38721465001	17
10069	38721	22	113	87	0	38721197001	17
10070	38721	27	112	88	0	38721568000	17
10071	38721	29	114	88	0	38721203001	17
10072	38721	32	111	89	0	38721758001	17
10073	38721	35	114	89	0	38721222000	17
10074	38722	5	114	84	0	38722909001	17
10075	38722	16	113	86	0	38722397001	17
10076	38722	21	112	87	0	38722468000	17
10077	38722	26	111	88	0	38722383001	17
10078	38723	4	113	84	0	38723805000	17
10079	38723	10	113	85	0	38723022000	17
10080	38723	14	111	86	0	38723927001	17
10081	38723	15	112	86	0	38723183000	17
10082	38723	20	111	87	0	38723333001	17
10083	38723	22	113	87	0	38723040000	17
10084	38723	25	110	88	0	38723675000	17
10085	38723	27	112	88	0	38723425000	17
10086	38723	28	113	88	0	38723448000	17
10087	38723	30	109	89	0	38723656000	17
10088	38723	31	110	89	0	38723014000	17
10089	38724	3	112	84	0	38724806001	17
10090	38724	9	112	85	0	38724202000	17
10091	38724	11	114	85	0	38724379000	17
10092	38724	17	114	86	0	38724569001	17
10093	38724	19	110	87	0	38724571000	17
10094	38724	21	112	87	0	38724874000	17
10095	38724	24	109	88	0	38724353001	17
10096	38724	26	111	88	0	38724134000	17
10097	38725	2	111	84	0	38725586000	17
10098	38725	8	111	85	0	38725165000	17
10099	38725	13	110	86	0	38725191001	17
10100	38725	14	111	86	0	38725756000	17
10101	38725	15	112	86	0	38725167000	17
10102	38725	18	109	87	0	38725461001	17
10103	38725	20	111	87	0	38725510000	17
10104	38726	1	110	84	0	38726949000	17
10105	38726	4	113	84	0	38726045000	17
10106	38726	7	110	85	0	38726008000	17
10107	38726	9	112	85	0	38726113000	17
10108	38726	12	109	86	0	38726039000	17
10109	38726	23	114	87	1	38726502001	17
10110	38726	24	109	88	0	38726341000	17
10111	38726	25	110	88	0	38726993000	17
10112	38726	30	109	89	0	38726382001	17
10113	38726	34	113	89	0	38726406000	17
10114	38727	0	109	84	0	38727785000	17
10115	38727	2	111	84	0	38727536001	17
10116	38727	3	112	84	0	38727017001	17
10117	38727	5	114	84	0	38727037001	17
10118	38727	6	109	85	0	38727061000	17
10119	38727	10	113	85	0	38727658000	17
10120	38727	33	112	89	0	38727211000	17
10121	38728	7	110	85	0	38728487001	17
10122	38728	12	109	86	0	38728321001	17
10123	38728	13	110	86	0	38728198000	17
10124	38729	1	110	84	0	38729144000	17
10125	38730	5	114	84	1	38730397001	18
10126	38730	11	114	85	1	38730707001	18
10127	38730	17	114	86	1	38730821000	18
10128	38730	23	114	87	1	38730939000	18
10129	38731	3	112	84	1	38731833001	18
10130	38731	4	113	84	1	38731203001	18
10131	38731	10	113	85	1	38731240000	18
10132	38731	16	113	86	1	38731651000	18
10133	38731	22	113	87	1	38731679000	18
10134	38731	29	114	88	1	38731266000	18
10135	38731	35	114	89	1	38731353000	18
10136	38732	2	111	84	1	38732603000	18
10137	38732	8	111	85	1	38732817000	18
10138	38732	9	112	85	1	38732264001	18
10139	38732	14	111	86	1	38732731001	18
10140	38732	15	112	86	1	38732338000	18
10141	38732	21	112	87	1	38732422000	18
10142	38732	27	112	88	1	38732671001	18
10143	38732	28	113	88	1	38732078001	18
10144	38732	33	112	89	1	38732993001	18
10145	38732	34	113	89	1	38732137001	18
10146	38733	1	110	84	1	38733099001	18
10147	38733	7	110	85	1	38733278000	18
10148	38733	13	110	86	1	38733633000	18
10149	38733	19	110	87	1	38733967000	18
10150	38733	20	111	87	1	38733140000	18
10151	38733	26	111	88	1	38733253000	18
10152	38733	32	111	89	1	38733693001	18
10153	38734	0	109	84	1	38734027000	18
10154	38734	6	109	85	1	38734160001	18
10155	38734	12	109	86	1	38734338001	18
10156	38734	18	109	87	1	38734695001	18
10157	38734	24	109	88	1	38734595000	18
10158	38734	25	110	88	1	38734041000	18
10159	38734	31	110	89	1	38734340001	18
10160	38735	30	109	89	1	38735014000	18
10161	38804	2	111	84	0	38804795000	24
10162	38808	6	109	85	0	38808351001	24
10163	38810	12	109	86	0	38810007000	24
10164	38814	24	109	88	0	38814069001	24
10165	38870	24	109	88	0	38870765000	20
10166	38873	12	109	86	0	38873949001	20
10167	38874	21	112	87	0	38874360001	20
10168	38877	11	114	85	0	38877930000	19
10169	38878	2	111	84	0	38878059001	19
10170	38878	3	112	84	0	38878784001	19
10171	39286	29	114	88	0	39286054000	21
10172	39287	23	114	87	0	39287795001	21
10173	39287	28	113	88	0	39287384001	21
10174	39287	35	114	89	0	39287816000	21
10175	39288	22	113	87	0	39288091001	21
10176	39289	21	112	87	0	39289948001	21
10177	39290	15	112	86	0	39290073000	21
10178	39290	26	111	88	0	39290033001	21
10179	39290	27	112	88	0	39290107000	21
10180	39290	34	113	89	0	39290437000	20
10181	39291	14	111	86	0	39291191000	20
10182	39291	20	111	87	0	39291946001	20
10183	39291	24	109	88	0	39291647000	20
10184	39292	13	110	86	0	39292489001	20
10185	39292	19	110	87	0	39292472001	20
10186	39294	12	109	86	0	39294085001	20
10187	39294	25	110	88	0	39294571000	20
10188	39295	31	110	89	0	39295194001	20
10189	39297	30	109	89	0	39297580001	19
10190	39309	31	110	89	1	39309814001	17
10191	39368	21	112	87	1	39368159000	22
10192	39368	34	113	89	1	39368063000	22
10193	39433	34	113	89	0	39433635001	32
10194	39439	21	112	87	0	39439621001	32
10195	39441	29	114	88	0	39441514000	32
10196	39463	3	112	84	0	39463687000	28
10197	39477	16	113	86	0	39477688001	25
10198	39575	3	112	84	0	39575458000	16
10199	39578	15	112	86	0	39578325000	16
10200	39753	29	114	88	0	39753910000	11
10201	39753	35	114	89	0	39753559001	11
10202	39754	11	114	85	0	39754781001	11
10203	39754	17	114	86	0	39754879001	11
10204	39754	23	114	87	0	39754316001	11
10205	39754	34	113	89	0	39754805000	11
10206	39755	5	114	84	0	39755687001	11
10207	39755	16	113	86	0	39755741001	11
10208	39755	22	113	87	0	39755520000	11
10209	39755	28	113	88	0	39755169001	11
10210	39755	29	114	88	0	39755835000	11
10211	39755	35	114	89	0	39755782001	11
10212	39756	4	113	84	0	39756782001	11
10213	39756	10	113	85	0	39756457000	11
10214	39756	11	114	85	0	39756690000	11
10215	39756	17	114	86	0	39756828000	11
10216	39756	21	112	87	0	39756915000	11
10217	39756	23	114	87	0	39756541000	11
10218	39756	27	112	88	0	39756436001	11
10219	39756	33	112	89	0	39756350000	11
10220	39756	34	113	89	0	39756786000	11
10221	39757	3	112	84	0	39757975001	10
10222	39757	9	112	85	0	39757786001	10
10223	39757	15	112	86	0	39757509000	11
10224	39757	16	113	86	0	39757911000	10
10225	39757	22	113	87	0	39757396000	11
10226	39757	26	111	88	0	39757453000	11
10227	39757	28	113	88	0	39757209001	11
10228	39757	32	111	89	0	39757409001	11
10229	39758	4	113	84	0	39758991001	10
10230	39758	5	114	84	0	39758532001	10
10231	39758	10	113	85	0	39758953000	10
10232	39758	14	111	86	0	39758401000	10
10233	39758	20	111	87	0	39758182000	10
10234	39758	21	112	87	0	39758869000	10
10235	39758	27	112	88	0	39758283000	10
10236	39758	31	110	89	0	39758573000	10
10237	39759	2	111	84	0	39759163001	10
10238	39759	8	111	85	0	39759159000	10
10239	39759	9	112	85	0	39759723001	10
10240	39759	13	110	86	0	39759852001	10
10241	39759	15	112	86	0	39759974000	10
10242	39759	19	110	87	0	39759434000	10
10243	39759	24	109	88	0	39759843001	10
10244	39759	25	110	88	0	39759139000	10
10245	39759	26	111	88	0	39759120001	10
10246	39759	30	109	89	0	39759859000	10
10247	39760	1	110	84	0	39760761001	10
10248	39760	3	112	84	0	39760136001	10
10249	39760	7	110	85	0	39760257001	10
10250	39760	12	109	86	0	39760854001	10
10251	39760	14	111	86	0	39760369000	10
10252	39760	18	109	87	0	39760656000	10
10253	39760	20	111	87	0	39760490000	10
10254	39760	33	112	89	0	39760854001	10
10255	39761	0	109	84	0	39761880000	10
10256	39761	2	111	84	0	39761070001	10
10257	39761	6	109	85	0	39761599001	10
10258	39761	8	111	85	0	39761645001	10
10259	39761	19	110	87	0	39761877000	10
10260	39761	24	109	88	0	39761937001	10
10261	39761	25	110	88	0	39761587000	10
10262	39761	31	110	89	0	39761034001	10
10263	39762	7	110	85	0	39762254000	10
10264	39762	12	109	86	0	39762920001	10
10265	39762	13	110	86	0	39762666001	10
10266	39762	18	109	87	0	39762921000	10
10267	39762	30	109	89	0	39762226000	10
10268	39763	1	110	84	0	39763022000	10
10269	39764	6	109	85	0	39764497000	10
10270	39778	5	114	84	1	39778801001	11
10271	39779	11	114	85	1	39779526000	11
10272	39780	4	113	84	1	39780063000	11
10273	39780	10	113	85	1	39780734001	11
10274	39780	17	114	86	1	39780119000	11
10275	39780	23	114	87	1	39780732001	11
10276	39781	3	112	84	1	39781347001	11
10277	39781	9	112	85	1	39781982000	11
10278	39781	11	114	85	1	39781876000	11
10279	39781	16	113	86	1	39781329000	11
10280	39781	22	113	87	1	39781971000	11
10281	39781	29	114	88	1	39781328001	11
10282	39781	35	114	89	1	39781987001	11
10283	39782	2	111	84	1	39782493001	11
10284	39782	4	113	84	1	39782870001	12
10285	39782	8	111	85	1	39782946001	12
10286	39782	15	112	86	1	39782666000	12
10287	39782	17	114	86	1	39782156001	11
10288	39782	21	112	87	1	39782766001	12
10289	39782	28	113	88	1	39782501001	11
10290	39783	1	110	84	1	39783508000	12
10291	39783	14	111	86	1	39783598000	12
10292	39783	27	112	88	1	39783471000	12
10293	39783	29	114	88	1	39783606000	12
10294	39783	33	112	89	1	39783655001	12
10295	39783	34	113	89	1	39783052000	12
10296	39784	2	111	84	1	39784577000	12
10297	39784	7	110	85	1	39784464000	12
10298	39784	8	111	85	1	39784464000	12
10299	39784	9	112	85	1	39784150001	12
10300	39784	20	111	87	1	39784090000	12
10301	39784	21	112	87	1	39784410001	12
10302	39784	23	114	87	1	39784944001	12
10303	39784	26	111	88	1	39784807001	12
10304	39784	27	112	88	1	39784919001	12
10305	39784	35	114	89	1	39784311001	12
10306	39785	0	109	84	1	39785315000	13
10307	39785	1	110	84	1	39785178001	12
10308	39785	6	109	85	1	39785283000	13
10309	39785	13	110	86	1	39785044000	12
10310	39785	14	111	86	1	39785775001	13
10311	39785	15	112	86	1	39785182000	12
10312	39785	16	113	86	1	39785323000	13
10313	39785	19	110	87	1	39785627000	13
10314	39785	20	111	87	1	39785620001	13
10315	39785	28	113	88	1	39785096001	12
10316	39785	32	111	89	1	39785573000	13
10317	39785	33	112	89	1	39785362000	13
10318	39786	7	110	85	1	39786277000	13
10319	39786	12	109	86	1	39786156000	13
10320	39786	18	109	87	1	39786669001	13
10321	39786	25	110	88	1	39786053001	13
10322	39786	26	111	88	1	39786352001	13
10323	39786	31	110	89	1	39786572000	13
10324	39786	34	113	89	1	39786572000	13
10325	39787	5	114	84	1	39787625000	13
10326	39787	6	109	85	1	39787135000	13
10327	39787	24	109	88	1	39787341000	13
10328	39787	25	110	88	1	39787910001	13
10329	39787	30	109	89	1	39787641001	13
10330	39788	13	110	86	1	39788144001	13
10331	39788	18	109	87	1	39788726000	14
10332	39788	22	113	87	1	39788109000	13
10333	39788	31	110	89	1	39788503000	14
10334	39789	10	113	85	1	39789156000	14
10335	39789	12	109	86	1	39789348000	14
10336	39789	30	109	89	1	39789388001	14
10337	39791	19	110	87	1	39791049001	14
10338	39819	3	112	84	1	39819013000	24
10339	40226	24	109	88	0	40226152000	9
10340	40228	12	109	86	0	40228231001	9
10341	40231	7	110	85	0	40231755000	8
10342	40232	2	111	84	0	40232790001	8
10343	40232	15	112	86	0	40232008001	8
10344	40233	3	112	84	0	40233805001	8
10345	40450	4	113	84	0	40450978000	22
10346	40450	5	114	84	0	40450865000	22
10347	40451	0	109	84	0	40451678001	22
10348	40451	1	110	84	0	40451493000	22
10349	40451	2	111	84	0	40451270001	22
10350	40451	3	112	84	0	40451039001	22
10351	40451	9	112	85	0	40451998001	22
10352	40451	10	113	85	0	40451765001	22
10353	40451	11	114	85	0	40451550000	22
10354	40452	6	109	85	0	40452515000	22
10355	40452	7	110	85	0	40452346000	22
10356	40452	8	111	85	0	40452190001	22
10357	40452	13	110	86	0	40452998001	22
10358	40452	14	111	86	0	40452685001	22
10359	40452	15	112	86	0	40452673000	22
10360	40452	16	113	86	0	40452355000	22
10361	40452	17	114	86	0	40452507000	22
10362	40453	12	109	86	0	40453159000	22
10363	40453	19	110	87	0	40453915001	22
10364	40453	20	111	87	0	40453615000	22
10365	40453	21	112	87	0	40453364001	22
10366	40453	22	113	87	0	40453082001	22
10367	40453	23	114	87	0	40453078000	22
10368	40453	28	113	88	0	40453932001	22
10369	40453	29	114	88	0	40453676001	22
10370	40454	1	110	84	0	40454123001	22
10371	40454	3	112	84	0	40454431000	22
10372	40454	4	113	84	0	40454214001	22
10373	40454	8	111	85	0	40454733000	22
10374	40454	11	114	85	0	40454167000	22
10375	40454	15	112	86	0	40454797000	22
10376	40454	16	113	86	0	40454781000	22
10377	40454	17	114	86	0	40454592000	22
10378	40454	18	109	87	0	40454077000	22
10379	40454	24	109	88	0	40454529001	22
10380	40454	25	110	88	0	40454649001	22
10381	40454	26	111	88	0	40454170000	22
10382	40454	27	112	88	0	40454083000	22
10383	40454	34	113	89	0	40454598000	22
10384	40454	35	114	89	0	40454487000	22
10385	40455	6	109	85	0	40455132000	22
10386	40455	7	110	85	0	40455907001	22
10387	40455	10	113	85	0	40455629001	22
10388	40455	12	109	86	0	40455451001	22
10389	40455	14	111	86	0	40455605000	22
10390	40455	20	111	87	0	40455920000	22
10391	40455	21	112	87	0	40455339001	22
10392	40455	26	111	88	0	40455938001	22
10393	40455	27	112	88	0	40455798001	22
10394	40455	29	114	88	0	40455753001	22
10395	40455	30	109	89	0	40455453000	22
10396	40455	31	110	89	0	40455293000	22
10397	40455	32	111	89	0	40455169000	22
10398	40455	33	112	89	0	40455091001	22
10399	40456	2	111	84	0	40456336000	22
10400	40456	22	113	87	0	40456020001	22
10401	40456	24	109	88	0	40456936000	22
10402	40456	28	113	88	1	40456183001	22
10403	40456	34	113	89	0	40456653001	22
10404	40456	35	114	89	0	40456543001	22
10405	40457	13	110	86	0	40457365001	22
10406	40458	4	113	84	1	40458854001	21
10407	40458	5	114	84	1	40458134001	22
10408	40458	11	114	85	1	40458523000	21
10409	40459	10	113	85	1	40459847001	21
10410	40459	17	114	86	1	40459081000	21
10411	40459	23	114	87	1	40459286000	21
10412	40459	29	114	88	1	40459082001	21
10413	40460	4	113	84	1	40460659000	21
10414	40460	11	114	85	1	40460839000	21
10415	40460	16	113	86	1	40460345001	21
10416	40460	22	113	87	1	40460984001	21
10417	40460	29	114	88	1	40460974000	21
10418	40460	35	114	89	1	40460282000	21
10419	40461	3	112	84	1	40461177000	21
10420	40461	10	113	85	1	40461816000	21
10421	40461	17	114	86	1	40461239000	21
10422	40461	23	114	87	1	40461204001	21
10423	40461	28	113	88	1	40461609001	21
10424	40461	34	113	89	1	40461650000	21
10425	40462	2	111	84	1	40462484001	21
10426	40462	5	114	84	1	40462281000	21
10427	40462	8	111	85	1	40462815000	21
10428	40462	9	112	85	1	40462113001	21
10429	40462	15	112	86	1	40462256001	21
10430	40462	16	113	86	1	40462503000	21
10431	40462	21	112	87	1	40462672000	21
10432	40462	35	114	89	1	40462051001	21
10433	40463	1	110	84	1	40463751001	21
10434	40463	3	112	84	1	40463618001	21
10435	40463	14	111	86	1	40463379001	21
10436	40463	20	111	87	1	40463617000	21
10437	40463	22	113	87	1	40463071000	21
10438	40463	27	112	88	1	40463077000	21
10439	40463	28	113	88	1	40463742001	21
10440	40463	30	109	89	0	40463065000	21
10441	40463	33	112	89	1	40463538000	21
10442	40463	34	113	89	1	40463469001	21
10443	40464	2	111	84	1	40464538000	21
10444	40464	7	110	85	1	40464196001	21
10445	40464	8	111	85	1	40464492000	21
10446	40464	15	112	86	1	40464291001	21
10447	40464	21	112	87	1	40464383000	21
10448	40464	26	111	88	1	40464538000	21
10449	40464	27	112	88	1	40464638001	21
10450	40465	1	110	84	1	40465505000	21
10451	40465	6	109	85	1	40465981000	21
10452	40465	7	110	85	1	40465970000	21
10453	40465	9	112	85	1	40465721001	21
10454	40465	13	110	86	1	40465638000	21
10455	40465	14	111	86	1	40465125001	21
10456	40465	20	111	87	1	40465388000	21
10457	40465	32	111	89	1	40465312000	21
10458	40465	33	112	89	1	40465563001	21
10459	40466	0	109	84	1	40466254000	21
10460	40466	12	109	86	1	40466831000	21
10461	40466	19	110	87	1	40466105000	21
10462	40466	25	110	88	1	40466669001	21
10463	40466	26	111	88	1	40466182001	21
10464	40467	6	109	85	1	40467826001	21
10465	40467	18	109	87	1	40467801001	21
10466	40467	24	109	88	1	40467894001	21
10467	40467	31	110	89	1	40467235001	21
10468	40468	12	109	86	1	40468858000	20
10469	40468	13	110	86	1	40468386001	20
10470	40468	19	110	87	1	40468387000	20
10471	40468	25	110	88	1	40468848001	20
10472	40468	30	109	89	1	40468623001	20
10473	40469	24	109	88	1	40469826000	20
10474	40469	31	110	89	1	40469917001	20
10475	40470	18	109	87	1	40470410001	20
10476	40470	30	109	89	1	40470457001	20
10477	40480	0	109	84	1	40480850001	19
10478	40483	32	111	89	1	40483076000	19
10479	40749	3	112	84	0	40749157001	28
10480	40751	2	111	84	0	40751453000	29
10481	40753	1	110	84	0	40753591000	29
10482	40755	0	109	84	0	40755015000	30
10483	40766	3	112	84	1	40766815001	33
10484	40850	0	109	84	0	40850930000	38
10485	40851	6	109	85	0	40851216001	38
10486	40851	12	109	86	0	40851069001	38
10487	40851	18	109	87	0	40851594000	38
10488	40851	24	109	88	0	40851310000	38
10489	40851	30	109	89	0	40851854001	38
10490	40852	1	110	84	0	40852885001	37
10491	40852	7	110	85	0	40852929001	37
10492	40853	12	109	86	0	40853987001	37
10493	40853	13	110	86	0	40853066000	37
10494	40853	19	110	87	0	40853327000	37
10495	40853	24	109	88	0	40853559000	37
10496	40853	25	110	88	0	40853497000	37
10497	40853	31	110	89	0	40853552001	37
10498	40854	0	109	84	0	40854129001	37
10499	40854	2	111	84	0	40854856000	37
10500	40854	6	109	85	0	40854030001	37
10501	40854	14	111	86	0	40854894001	37
10502	40854	18	109	87	0	40854502001	37
10503	40854	30	109	89	0	40854222000	37
10504	40855	1	110	84	0	40855412001	37
10505	40855	3	112	84	0	40855919000	37
10506	40855	7	110	85	0	40855399000	37
10507	40855	8	111	85	0	40855089000	37
10508	40855	13	110	86	0	40855471001	37
10509	40855	20	111	87	0	40855199000	37
10510	40855	25	110	88	0	40855785000	37
10511	40855	26	111	88	0	40855003001	37
10512	40855	31	110	89	0	40855868001	37
10513	40855	32	111	89	0	40855411001	37
10514	40856	2	111	84	0	40856908000	36
10515	40856	9	112	85	0	40856480000	36
10516	40856	15	112	86	0	40856368001	36
10517	40856	19	110	87	0	40856047001	36
10518	40856	21	112	87	0	40856560001	36
10519	40856	27	112	88	0	40856699000	36
10520	40857	8	111	85	0	40857330000	36
10521	40857	14	111	86	0	40857094001	36
10522	40857	20	111	87	0	40857601001	36
10523	40857	26	111	88	0	40857397000	36
10524	40857	33	112	89	0	40857011000	36
10525	40858	3	112	84	0	40858187001	36
10526	40858	4	113	84	0	40858554000	36
10527	40858	9	112	85	0	40858428001	36
10528	40858	10	113	85	0	40858622000	36
10529	40858	15	112	86	0	40858475000	36
10530	40858	16	113	86	0	40858303000	36
10531	40858	21	112	87	0	40858671001	36
10532	40858	22	113	87	0	40858408000	36
10533	40858	27	112	88	0	40858495000	36
10534	40858	28	113	88	0	40858613000	36
10535	40858	32	111	89	0	40858355001	36
10536	40858	34	113	89	0	40858644000	36
10537	40859	33	112	89	0	40859957001	35
10538	40860	5	114	84	0	40860066001	35
10539	40860	11	114	85	0	40860164000	35
10540	40860	16	113	86	0	40860530000	35
10541	40860	17	114	86	0	40860309001	35
10542	40860	22	113	87	0	40860379001	35
10543	40860	23	114	87	0	40860190001	35
10544	40860	28	113	88	0	40860979001	35
10545	40860	29	114	88	0	40860127000	35
10546	40860	34	113	89	0	40860779001	35
10547	40860	35	114	89	0	40860260001	35
10548	40861	4	113	84	0	40861188000	34
10549	40861	9	112	85	0	40861600001	34
10550	40861	10	113	85	0	40861191000	34
10551	40862	2	111	84	0	40862013000	34
10552	40862	3	112	84	0	40862288000	34
10553	40862	5	114	84	0	40862925000	34
10554	40862	11	114	85	0	40862492001	34
10555	40862	17	114	86	0	40862639001	34
10556	40862	23	114	87	0	40862578000	34
10557	40862	29	114	88	0	40862216001	34
10558	40862	35	114	89	0	40862383001	34
10559	40863	24	109	88	0	40863405000	33
10560	40865	20	111	87	0	40865517000	32
10561	40867	0	109	84	1	40867896001	31
10562	40867	25	110	88	0	40867656001	32
10563	40868	1	110	84	1	40868487001	31
10564	40868	6	109	85	1	40868758000	31
10565	40868	27	112	88	0	40868118001	31
10566	40869	2	111	84	1	40869315000	31
10567	40869	3	112	84	1	40869863001	31
10568	40869	7	110	85	1	40869320001	31
10569	40869	12	109	86	1	40869880001	31
10570	40870	4	113	84	1	40870677001	31
10571	40870	8	111	85	1	40870136001	31
10572	40870	9	112	85	1	40870805000	31
10573	40870	13	110	86	1	40870378001	31
10574	40870	18	109	87	1	40870788000	31
10575	40871	5	114	84	1	40871187000	30
10576	40871	10	113	85	1	40871596001	30
10577	40871	14	111	86	1	40871121001	30
10578	40871	15	112	86	1	40871818000	30
10579	40871	19	110	87	1	40871304001	30
10580	40871	20	111	87	1	40871909001	30
10581	40871	24	109	88	1	40871447001	30
10582	40872	11	114	85	1	40872291000	30
10583	40872	16	113	86	1	40872510000	30
10584	40872	21	112	87	1	40872500001	30
10585	40872	25	110	88	1	40872279000	30
10586	40872	26	111	88	1	40872866001	30
10587	40872	30	109	89	1	40872518000	30
10588	40872	31	110	89	1	40872884000	30
10589	40873	17	114	86	1	40873154000	30
10590	40873	22	113	87	1	40873406001	30
10591	40873	23	114	87	1	40873972001	29
10592	40873	27	112	88	1	40873393000	30
10593	40873	32	111	89	1	40873759000	29
10594	40874	28	113	88	1	40874287001	29
10595	40874	29	114	88	1	40874949001	29
10596	40874	33	112	89	1	40874209001	29
10597	40875	34	113	89	1	40875026000	29
10598	40875	35	114	89	1	40875650000	29
10599	41285	34	113	89	0	41285146000	14
10600	41285	35	114	89	0	41285972001	14
10601	41286	28	113	88	0	41286267001	14
10602	41286	29	114	88	0	41286373000	14
10603	41287	17	114	86	0	41287882001	14
10604	41287	22	113	87	0	41287304000	14
10605	41287	23	114	87	0	41287210001	14
10606	41287	34	113	89	0	41287539001	14
10607	41288	11	114	85	0	41288389001	14
10608	41288	16	113	86	0	41288544001	14
10609	41288	28	113	88	0	41288634001	14
10610	41288	29	114	88	0	41288369001	14
10611	41288	33	112	89	0	41288630000	14
10612	41288	35	114	89	0	41288123000	14
10613	41289	5	114	84	0	41289210000	14
10614	41289	22	113	87	0	41289385001	14
10615	41289	23	114	87	0	41289935000	13
10616	41290	10	113	85	0	41290732000	13
10617	41290	16	113	86	0	41290856000	13
10618	41290	17	114	86	0	41290541000	13
10619	41290	27	112	88	0	41290117001	13
10620	41291	11	114	85	0	41291225000	13
10621	41291	28	113	88	0	41291356001	13
10622	41291	33	112	89	0	41291312000	13
10623	41291	34	113	89	0	41291489000	13
10624	41292	4	113	84	0	41292864001	13
10625	41292	21	112	87	0	41292073001	13
10626	41292	22	113	87	0	41292114000	13
10627	41292	27	112	88	0	41292528000	13
10628	41292	32	111	89	0	41292965001	13
10629	41293	5	114	84	0	41293715000	13
10630	41293	10	113	85	0	41293335000	13
10631	41293	24	109	88	0	41293717001	13
10632	41293	26	111	88	1	41293562001	13
10633	41293	30	109	89	0	41293264001	13
10634	41293	31	110	89	0	41293152000	13
10635	41293	33	112	89	0	41293870000	13
10636	41294	14	111	86	0	41294984000	12
10637	41294	15	112	86	0	41294175001	13
10638	41294	16	113	86	0	41294130001	13
10639	41294	18	109	87	0	41294698001	12
10640	41294	19	110	87	0	41294621000	12
10641	41294	20	111	87	0	41294470000	12
10642	41294	21	112	87	0	41294300000	12
10643	41294	25	110	88	0	41294007001	13
10644	41294	27	112	88	0	41294398001	12
10645	41295	3	112	84	0	41295890000	12
10646	41295	4	113	84	0	41295450001	12
10647	41295	6	109	85	0	41295930000	12
10648	41295	7	110	85	0	41295847001	12
10649	41295	8	111	85	0	41295957001	12
10650	41295	9	112	85	0	41295500000	12
10651	41295	12	109	86	0	41295083000	12
10652	41295	13	110	86	1	41295241000	12
10653	41295	15	112	86	0	41295978000	12
10654	41296	0	109	84	0	41296528001	12
10655	41296	1	110	84	0	41296479000	12
10656	41296	2	111	84	0	41296401001	12
10657	41296	10	113	85	0	41296473000	12
10658	41296	30	109	89	1	41296819000	12
10659	41297	4	113	84	0	41297630000	12
10660	41297	11	114	85	0	41297185000	12
10661	41297	18	109	87	1	41297951000	12
10662	41297	24	109	88	1	41297347001	12
10663	41297	25	110	88	1	41297475000	12
10664	41297	31	110	89	1	41297144001	12
10665	41297	32	111	89	1	41297789001	12
10666	41298	6	109	85	1	41298986000	11
10667	41298	12	109	86	1	41298498001	11
10668	41298	13	110	86	1	41298468000	11
10669	41298	19	110	87	1	41298149001	11
10670	41298	20	111	87	1	41298691000	11
10671	41298	26	111	88	1	41298158001	11
10672	41299	0	109	84	1	41299461001	11
10673	41299	1	110	84	1	41299706001	11
10674	41299	7	110	85	1	41299284000	11
10675	41299	8	111	85	1	41299647000	11
10676	41299	14	111	86	1	41299158000	11
10677	41299	15	112	86	1	41299854001	11
10678	41300	2	111	84	1	41300199000	11
10679	41300	3	112	84	1	41300635000	11
10680	41300	9	112	85	1	41300415001	11
10681	41301	26	111	88	0	41301031001	11
10682	41301	32	111	89	0	41301827001	10
10683	41302	20	111	87	0	41302488001	10
10684	41302	29	114	88	1	41302913001	10
10685	41302	34	113	89	1	41302663001	10
10686	41302	35	114	89	1	41302357001	10
10687	41303	3	112	84	0	41303072000	10
10688	41303	9	112	85	0	41303319001	10
10689	41303	15	112	86	0	41303968000	10
10690	41303	23	114	87	1	41303563000	10
10691	41303	27	112	88	1	41303905000	10
10692	41303	28	113	88	1	41303523000	10
10693	41303	33	112	89	1	41303202000	10
10694	41304	14	111	86	0	41304145000	10
10695	41304	17	114	86	1	41304663000	10
10696	41304	21	112	87	1	41304592000	10
10697	41304	22	113	87	1	41304345000	10
10698	41304	32	111	89	1	41304247001	10
10699	41305	5	114	84	1	41305910000	9
10700	41305	10	113	85	1	41305702001	9
10701	41305	11	114	85	1	41305044001	9
10702	41305	15	112	86	1	41305879000	9
10703	41305	16	113	86	1	41305133000	9
10704	41305	20	111	87	1	41305862000	9
10705	41305	26	111	88	1	41305070001	9
10706	41306	3	112	84	0	41306502001	9
10707	41306	4	113	84	1	41306235001	9
10708	41306	9	112	85	1	41306688001	9
10709	41306	14	111	86	1	41306825001	9
10710	41307	27	112	88	1	41307791001	9
10711	41347	24	109	88	0	41347918000	6
10712	41348	30	109	89	0	41348092001	6
10713	41348	31	110	89	0	41348901000	6
10714	41349	12	109	86	0	41349596000	7
10715	41349	18	109	87	0	41349298000	7
10716	41349	24	109	88	0	41349805001	7
10717	41349	25	110	88	0	41349681001	7
10718	41349	26	111	88	0	41349903000	7
10719	41349	32	111	89	0	41349584000	7
10720	41350	6	109	85	0	41350517001	7
10721	41350	13	110	86	0	41350868000	7
10722	41350	19	110	87	0	41350186001	7
10723	41350	20	111	87	0	41350697001	7
10724	41350	27	112	88	0	41350704001	7
10725	41350	30	109	89	0	41350647001	7
10726	41350	33	112	89	0	41350541000	7
10727	41351	0	109	84	0	41351188001	7
10728	41351	7	110	85	0	41351362001	7
10729	41351	12	109	86	0	41351655001	7
10730	41351	14	111	86	0	41351383000	7
10731	41351	18	109	87	0	41351740000	7
10732	41351	21	112	87	0	41351874001	7
10733	41351	26	111	88	0	41351560000	7
10734	41351	34	113	89	0	41351403000	7
10735	41351	35	114	89	0	41351910001	7
10736	41352	1	110	84	0	41352020001	7
10737	41352	8	111	85	0	41352554000	7
10738	41352	15	112	86	0	41352329000	7
10739	41352	20	111	87	0	41352706000	7
10740	41352	22	113	87	0	41352348000	7
10741	41352	27	112	88	0	41352575001	7
10742	41352	28	113	88	0	41352019000	7
10743	41352	29	114	88	0	41352774001	7
10744	41352	31	110	89	0	41352204001	7
10745	41352	32	111	89	0	41352627000	7
10746	41353	2	111	84	0	41353091000	7
10747	41353	3	112	84	0	41353642001	8
10748	41353	7	110	85	0	41353580001	8
10749	41353	9	112	85	0	41353167000	8
10750	41353	14	111	86	0	41353228001	8
10751	41353	16	113	86	0	41353111000	7
10752	41353	21	112	87	0	41353848000	8
10753	41353	23	114	87	0	41353728001	8
10754	41353	25	110	88	0	41353360001	8
10755	41353	28	113	88	0	41353994000	8
10756	41353	34	113	89	0	41353454000	8
10757	41353	35	114	89	0	41353854000	8
10758	41354	0	109	84	0	41354182001	8
10759	41354	1	110	84	0	41354153001	8
10760	41354	6	109	85	0	41354030001	8
10761	41354	8	111	85	0	41354902001	8
10762	41354	10	113	85	0	41354152000	8
10763	41354	13	110	86	0	41354066001	8
10764	41354	15	112	86	0	41354314001	8
10765	41354	17	114	86	0	41354468000	8
10766	41354	22	113	87	0	41354218001	8
10767	41354	29	114	88	0	41354506001	8
10768	41355	2	111	84	0	41355455000	8
10769	41355	3	112	84	0	41355686000	8
10770	41355	4	113	84	0	41355061000	8
10771	41355	5	114	84	1	41355678000	8
10772	41355	9	112	85	0	41355364001	8
10773	41355	11	114	85	0	41355261000	8
10774	41355	16	113	86	0	41355060001	8
10775	41355	24	109	88	0	41355855000	8
10776	41356	10	113	85	0	41356261001	8
10777	41356	17	114	86	0	41356821001	8
10778	41356	19	110	87	0	41356596001	8
10779	41356	23	114	87	0	41356992000	8
10780	41357	4	113	84	0	41357308001	9
10781	41357	11	114	85	0	41357616000	9
10782	41357	33	112	89	0	41357074000	8
10783	41358	5	114	84	0	41358677000	9
10784	41358	13	110	86	0	41358830000	9
10785	41364	31	110	89	1	41364944001	10
10786	41364	33	112	89	1	41364617001	10
10787	41364	34	113	89	1	41364700000	10
10788	41364	35	114	89	1	41364550001	10
10789	41365	24	109	88	1	41365952000	10
10790	41365	25	110	88	1	41365952000	10
10791	41365	27	112	88	1	41365893000	10
10792	41365	28	113	88	1	41365918001	10
10793	41365	29	114	88	1	41365804000	10
10794	41365	30	109	89	1	41365018000	10
10795	41365	32	111	89	1	41365018000	10
10796	41366	21	112	87	1	41366762001	10
10797	41366	22	113	87	1	41366803000	10
10798	41366	23	114	87	1	41366550001	10
10799	41366	26	111	88	1	41366020000	10
10800	41367	14	111	86	1	41367816000	11
10801	41367	15	112	86	1	41367905001	11
10802	41367	16	113	86	1	41367635000	11
10803	41367	17	114	86	1	41367826001	11
10804	41367	18	109	87	1	41367336001	11
10805	41367	19	110	87	1	41367106000	10
10806	41367	20	111	87	1	41367156001	11
10807	41367	30	109	89	1	41367121000	10
10808	41367	33	112	89	1	41367529000	11
10809	41367	35	114	89	1	41367863000	11
10810	41368	6	109	85	1	41368836001	11
10811	41368	7	110	85	1	41368748001	11
10812	41368	8	111	85	1	41368888000	11
10813	41368	10	113	85	1	41368659001	11
10814	41368	11	114	85	1	41368748001	11
10815	41368	12	109	86	1	41368282001	11
10816	41368	13	110	86	1	41368038000	11
10817	41368	21	112	87	1	41368792000	11
10818	41368	24	109	88	1	41368562000	11
10819	41368	25	110	88	1	41368189001	11
10820	41368	26	111	88	1	41368813001	11
10821	41368	27	112	88	1	41368309001	11
10822	41368	31	110	89	1	41368346001	11
10823	41369	2	111	84	1	41369997000	11
10824	41369	3	112	84	1	41369726000	11
10825	41369	4	113	84	1	41369825000	11
10826	41369	5	114	84	1	41369709000	11
10827	41369	9	112	85	1	41369066001	11
10828	41370	0	109	84	1	41370243001	11
10829	41370	1	110	84	1	41370234001	11
10830	41370	6	109	85	1	41370453000	11
10831	41370	7	110	85	1	41370297001	11
10832	41370	8	111	85	1	41370411000	11
10833	41370	14	111	86	1	41370442000	11
10834	41371	4	113	84	1	41371926001	11
10835	41371	15	112	86	1	41371371001	11
10836	41372	1	110	84	1	41372635001	12
10837	41372	2	111	84	1	41372332000	12
10838	41372	3	112	84	1	41372187001	11
10839	41372	16	113	86	1	41372173001	11
10840	41372	17	114	86	1	41372364000	12
10841	41374	9	112	85	1	41374590000	12
10842	41376	10	113	85	1	41376802000	12
10843	41380	21	112	87	0	41380160001	13
10844	41388	13	110	86	1	41388838000	15
10845	41515	35	114	89	0	41515950001	26
10846	41526	2	111	84	0	41526705000	25
10847	41527	0	109	84	0	41527700001	25
10848	41527	1	110	84	0	41527106001	25
10849	41528	6	109	85	0	41528852001	25
10850	41528	7	110	85	0	41528404001	25
10851	41528	8	111	85	0	41528354000	25
10852	41529	13	110	86	0	41529504001	25
10853	41529	14	111	86	0	41529253000	25
10854	41530	2	111	84	1	41530160001	25
10855	41530	12	109	86	0	41530076001	25
10856	41530	20	111	87	0	41530928001	25
10857	41531	6	109	85	0	41531557000	25
10858	41531	8	111	85	1	41531436000	25
10859	41531	13	110	86	0	41531980000	25
10860	41531	18	109	87	0	41531533001	25
10861	41531	19	110	87	0	41531130000	25
10862	41531	26	111	88	0	41531732000	25
10863	41532	12	109	86	0	41532805001	25
10864	41532	14	111	86	1	41532421000	25
10865	41532	24	109	88	0	41532092000	25
10866	41532	25	110	88	0	41532155001	25
10867	41533	1	110	84	1	41533052000	25
10868	41533	30	109	89	0	41533587000	25
10869	41533	31	110	89	0	41533262001	25
10870	41533	32	111	89	0	41533210000	25
10871	41534	7	110	85	1	41534322001	25
10872	41534	18	109	87	0	41534521000	24
10873	41534	20	111	87	1	41534844000	24
10874	41534	24	109	88	0	41534141000	25
10875	41535	0	109	84	1	41535640001	24
10876	41535	6	109	85	1	41535129000	24
10877	41535	13	110	86	1	41535442001	24
10878	41535	26	111	88	1	41535027000	24
10879	41535	30	109	89	0	41535941001	24
10880	41536	19	110	87	1	41536513000	24
10881	41537	1	110	84	1	41537856000	24
10882	41537	12	109	86	1	41537441001	24
10883	41537	18	109	87	1	41537983000	24
10884	41537	32	111	89	1	41537411000	24
10885	41538	0	109	84	1	41538369001	24
10886	41538	6	109	85	1	41538846000	24
10887	41538	24	109	88	1	41538522001	24
10888	41538	25	110	88	1	41538119001	24
10889	41538	31	110	89	1	41538771000	24
10890	41539	30	109	89	1	41539979001	24
10891	41540	12	109	86	1	41540612001	24
10892	41541	18	109	87	1	41541285001	24
10893	41541	19	110	87	1	41541640001	24
10894	41542	13	110	86	1	41542991001	23
10895	41542	24	109	88	1	41542268000	24
10896	41543	25	110	88	1	41543343000	23
10897	41543	30	109	89	1	41543140001	23
10898	41543	31	110	89	1	41543575000	23
10899	41548	30	109	89	1	41548438000	23
10900	41564	7	110	85	1	41564504000	19
10901	41743	29	114	88	0	41743707001	10
10902	41743	35	114	89	0	41743347000	10
10903	41744	11	114	85	0	41744976001	10
10904	41744	17	114	86	0	41744717001	10
10905	41744	23	114	87	0	41744062000	10
10906	41745	5	114	84	0	41745725000	11
10907	41883	2	111	84	0	41883737001	21
10908	41883	3	112	84	0	41883471000	21
10909	41883	4	113	84	0	41883438000	21
10910	41883	5	114	84	0	41883302001	21
10911	41884	0	109	84	0	41884369000	21
10912	41884	1	110	84	0	41884085000	21
10913	41884	9	112	85	0	41884828000	21
10914	41884	10	113	85	0	41884630001	21
10915	41884	11	114	85	0	41884452001	21
10916	41885	2	111	84	0	41885955001	21
10917	41885	3	112	84	0	41885469001	21
10918	41885	4	113	84	0	41885597000	21
10919	41885	6	109	85	0	41885588000	21
10920	41885	7	110	85	0	41885258001	21
10921	41885	8	111	85	0	41885171000	21
10922	41885	14	111	86	0	41885977000	21
10923	41885	15	112	86	0	41885845001	21
10924	41885	16	113	86	0	41885531000	21
10925	41885	17	114	86	0	41885609001	21
10926	41886	0	109	84	0	41886938001	21
10927	41886	1	110	84	0	41886551000	21
10928	41886	5	114	84	0	41886088001	21
10929	41886	9	112	85	0	41886929001	21
10930	41886	11	114	85	0	41886600001	21
10931	41886	12	109	86	0	41886480000	21
10932	41886	13	110	86	0	41886404000	21
10933	41886	22	113	87	0	41886774001	21
10934	41886	23	114	87	0	41886673001	21
10935	41887	7	110	85	0	41887340001	21
10936	41887	8	111	85	0	41887340001	21
10937	41887	10	113	85	0	41887397000	21
10938	41887	14	111	86	0	41887857001	21
10939	41887	15	112	86	0	41887721000	21
10940	41887	16	113	86	0	41887473000	21
10941	41887	17	114	86	0	41887932000	21
10942	41887	19	110	87	0	41887648000	21
10943	41887	20	111	87	0	41887344000	21
10944	41887	21	112	87	0	41887047001	21
10945	41887	28	113	88	0	41887968001	21
10946	41887	29	114	88	0	41887634000	21
10947	41888	5	114	84	1	41888944001	21
10948	41888	12	109	86	0	41888736001	21
10949	41888	18	109	87	0	41888054001	21
10950	41888	22	113	87	0	41888902001	21
10951	41888	23	114	87	0	41888919001	21
10952	41888	24	109	88	0	41888892000	21
10953	41888	25	110	88	0	41888969001	21
10954	41888	26	111	88	0	41888386000	21
10955	41888	27	112	88	0	41888191000	21
10956	41889	6	109	85	0	41889621000	21
10957	41889	11	114	85	1	41889935001	21
10958	41889	13	110	86	0	41889156000	21
10959	41889	20	111	87	0	41889490001	21
10960	41889	21	112	87	0	41889258000	21
10961	41889	29	114	88	0	41889542000	21
10962	41889	31	110	89	0	41889909001	21
10963	41889	32	111	89	0	41889772001	21
10964	41889	33	112	89	0	41889620001	21
10965	41889	34	113	89	0	41889264000	21
10966	41889	35	114	89	0	41889031001	21
10967	41890	16	113	86	0	41890612000	20
10968	41890	18	109	87	0	41890810001	20
10969	41890	19	110	87	0	41890348001	21
10970	41890	26	111	88	0	41890097000	21
10971	41890	27	112	88	0	41890181000	21
10972	41890	28	113	88	0	41890163001	21
10973	41890	30	109	89	0	41890281001	21
10974	41891	4	113	84	1	41891590001	20
10975	41891	5	114	84	1	41891013001	20
10976	41891	17	114	86	1	41891045000	20
10977	41891	23	114	87	1	41891717000	20
10978	41891	24	109	88	0	41891229001	20
10979	41891	25	110	88	0	41891865001	20
10980	41891	34	113	89	0	41891393001	20
10981	41891	35	114	89	0	41891157000	20
10982	41892	10	113	85	1	41892086000	20
10983	41892	11	114	85	1	41892124001	20
10984	41892	17	114	86	1	41892899000	20
10985	41892	29	114	88	1	41892798000	20
10986	41892	30	109	89	0	41892516001	20
10987	41892	31	110	89	0	41892093001	20
10988	41892	32	111	89	0	41892528000	20
10989	41892	33	112	89	0	41892177001	20
10990	41893	3	112	84	1	41893401000	20
10991	41893	4	113	84	1	41893545001	20
10992	41893	16	113	86	1	41893151001	20
10993	41893	22	113	87	1	41893711001	20
10994	41893	23	114	87	1	41893726001	20
10995	41893	35	114	89	1	41893492001	20
10996	41894	9	112	85	1	41894312000	20
10997	41894	10	113	85	1	41894379001	20
10998	41894	28	113	88	1	41894378001	20
10999	41894	29	114	88	1	41894960000	20
11000	41895	2	111	84	1	41895502001	20
11001	41895	3	112	84	1	41895472000	20
11002	41895	15	112	86	1	41895391001	20
11003	41895	16	113	86	1	41895621000	20
11004	41895	21	112	87	1	41895636001	20
11005	41895	22	113	87	1	41895803001	20
11006	41895	34	113	89	1	41895199000	20
11007	41895	35	114	89	1	41895360001	20
11008	41896	8	111	85	1	41896354001	20
11009	41896	9	112	85	1	41896293000	20
11010	41896	27	112	88	1	41896687000	20
11011	41896	28	113	88	1	41896300001	20
11012	41897	1	110	84	1	41897863001	19
11013	41897	2	111	84	1	41897455001	20
11014	41897	14	111	86	1	41897508001	20
11015	41897	15	112	86	1	41897287000	20
11016	41897	21	112	87	1	41897699001	19
11017	41897	33	112	89	1	41897926000	19
11018	41897	34	113	89	1	41897304000	20
11019	41898	7	110	85	1	41898541001	19
11020	41898	8	111	85	1	41898154000	19
11021	41898	20	111	87	1	41898048001	19
11022	41898	26	111	88	1	41898875001	19
11023	41898	27	112	88	1	41898352001	19
11024	41899	1	110	84	1	41899817000	19
11025	41899	13	110	86	1	41899348001	19
11026	41899	14	111	86	1	41899732000	19
11027	41899	19	110	87	1	41899863001	19
11028	41899	32	111	89	1	41899806000	19
11029	41900	0	109	84	1	41900005000	19
11030	41900	6	109	85	1	41900884000	19
11031	41900	7	110	85	1	41900520000	19
11032	41900	20	111	87	1	41900077001	19
11033	41900	25	110	88	1	41900845001	19
11034	41900	26	111	88	1	41900752000	19
11035	41900	33	112	89	1	41900001001	19
11036	41901	12	109	86	1	41901688000	19
11037	41901	13	110	86	1	41901328000	19
11038	41901	31	110	89	1	41901809000	19
11039	41902	0	109	84	1	41902228001	19
11040	41902	6	109	85	1	41902796001	19
11041	41902	18	109	87	1	41902953001	19
11042	41902	19	110	87	1	41902241001	19
11043	41902	25	110	88	1	41902919000	19
11044	41902	32	111	89	1	41902257000	19
11045	41903	12	109	86	1	41903867000	19
11046	41903	24	109	88	1	41903150001	19
11047	41904	30	109	89	1	41904230000	19
11048	41904	31	110	89	1	41904045001	19
11049	41905	18	109	87	1	41905149001	19
11050	41905	24	109	88	1	41905356000	19
11051	41906	30	109	89	1	41906366000	19
11052	42133	35	114	89	0	42133562000	9
11053	42184	35	114	89	0	42184155000	12
11054	42185	29	114	88	0	42185476001	12
11055	42262	29	114	88	0	42262744000	8
11056	42262	35	114	89	0	42262123001	8
11057	42263	23	114	87	0	42263738001	9
11058	42263	34	113	89	0	42263827000	9
11059	42264	17	114	86	0	42264934001	9
11060	42264	29	114	88	0	42264772001	9
11061	42264	35	114	89	0	42264227000	9
11062	42265	11	114	85	0	42265575000	9
11063	42265	22	113	87	0	42265672001	9
11064	42265	28	113	88	0	42265754001	9
11065	42266	23	114	87	0	42266079000	9
11066	42266	35	114	89	1	42266326000	9
11067	42267	5	114	84	0	42267149001	10
11068	42267	11	114	85	0	42267753000	10
11069	42267	16	113	86	0	42267107001	10
11070	42267	17	114	86	0	42267227000	10
11071	42267	23	114	87	1	42267771001	10
11072	42267	29	114	88	1	42267048001	10
11073	42269	5	114	84	1	42269463001	11
11074	42269	17	114	86	1	42269869000	11
11075	42274	34	113	89	1	42274783000	12
11076	42276	11	114	85	1	42276216000	13
11077	42277	28	113	88	1	42277287001	13
11078	42602	24	109	88	1	42602633000	21
11079	42634	5	114	84	0	42634768001	18
11080	42634	11	114	85	0	42634699000	18
11081	42634	17	114	86	0	42634815001	18
11082	42634	23	114	87	0	42634613001	19
11083	42634	29	114	88	0	42634317001	19
11084	42634	35	114	89	0	42634653000	19
11085	42635	4	113	84	0	42635922001	18
11086	42635	10	113	85	0	42635871001	18
11087	42635	16	113	86	0	42635683000	18
11088	42635	22	113	87	0	42635906000	18
11089	42635	28	113	88	0	42635672000	18
11090	42635	34	113	89	0	42635600001	18
11091	42636	3	112	84	0	42636916000	18
11092	42636	11	114	85	0	42636802001	18
11093	42636	17	114	86	0	42636954001	18
11094	42636	23	114	87	0	42636947000	18
11095	42636	27	112	88	0	42636923001	18
11096	42636	29	114	88	0	42636209001	18
11097	42636	35	114	89	0	42636486000	18
11098	42637	9	112	85	0	42637127000	18
11099	42637	10	113	85	0	42637970001	18
11100	42637	15	112	86	0	42637177001	18
11101	42637	16	113	86	0	42637585001	18
11102	42637	21	112	87	0	42637012000	18
11103	42637	28	113	88	0	42637620000	18
11104	42637	33	112	89	0	42637144000	18
11105	42637	34	113	89	0	42637643000	18
11106	42638	2	111	84	0	42638412001	18
11107	42638	3	112	84	0	42638927001	18
11108	42638	4	113	84	0	42638380000	18
11109	42638	8	111	85	0	42638744001	18
11110	42638	14	111	86	0	42638235001	18
11111	42638	20	111	87	0	42638576001	18
11112	42638	21	112	87	0	42638856000	18
11113	42638	22	113	87	0	42638166000	18
11114	42638	26	111	88	0	42638325001	18
11115	42638	27	112	88	0	42638787001	18
11116	42638	32	111	89	0	42638468001	18
11117	42639	5	114	84	0	42639221000	18
11118	42639	7	110	85	0	42639985001	18
11119	42639	9	112	85	0	42639219000	18
11120	42639	13	110	86	0	42639947000	18
11121	42639	15	112	86	0	42639090001	18
11122	42639	19	110	87	0	42639994001	18
11123	42639	26	111	88	0	42639965001	18
11124	42639	33	112	89	0	42639585001	18
11125	42640	1	110	84	0	42640099000	18
11126	42640	2	111	84	0	42640396001	17
11127	42640	8	111	85	0	42640992000	17
11128	42640	14	111	86	0	42640119000	18
11129	42640	20	111	87	0	42640670000	17
11130	42640	25	110	88	0	42640214000	18
11131	42640	31	110	89	0	42640014001	18
11132	42641	0	109	84	0	42641427000	17
11133	42641	6	109	85	0	42641447000	17
11134	42641	12	109	86	0	42641289001	17
11135	42641	18	109	87	0	42641370001	17
11136	42641	24	109	88	0	42641325001	17
11137	42641	30	109	89	0	42641191000	17
11138	42641	32	111	89	0	42641317001	17
11139	42642	1	110	84	0	42642159000	17
11140	42642	4	113	84	0	42642683000	17
11141	42642	7	110	85	0	42642261000	17
11142	42642	13	110	86	0	42642675000	17
11143	42642	19	110	87	0	42642844001	17
11144	42642	25	110	88	0	42642629000	17
11145	42642	31	110	89	0	42642228001	17
11146	42643	0	109	84	0	42643920001	17
11147	42643	12	109	86	0	42643288000	17
11148	42643	18	109	87	0	42643299000	17
11149	42643	24	109	88	0	42643337001	17
11150	42643	30	109	89	0	42643263000	17
11151	42644	6	109	85	0	42644063001	17
11152	42651	35	114	89	1	42651584000	16
11153	42661	35	114	89	0	42661213001	14
11154	42673	5	114	84	1	42673707000	12
11155	42674	4	113	84	1	42674956001	12
11156	42675	3	112	84	1	42675847000	12
11157	42675	11	114	85	1	42675170001	12
11158	42676	2	111	84	1	42676823000	11
11159	42676	10	113	85	1	42676003001	12
11160	42676	17	114	86	1	42676248001	12
11161	42677	1	110	84	1	42677518000	11
11162	42677	5	114	84	1	42677249001	11
11163	42677	8	111	85	1	42677698000	11
11164	42677	9	112	85	1	42677007001	11
11165	42677	16	113	86	1	42677161000	11
11166	42677	23	114	87	1	42677124000	11
11167	42677	29	114	88	1	42677902001	11
11168	42678	0	109	84	1	42678681000	11
11169	42678	7	110	85	1	42678813000	11
11170	42678	14	111	86	1	42678770000	11
11171	42678	15	112	86	1	42678080001	11
11172	42678	22	113	87	1	42678119001	11
11173	42679	1	110	84	1	42679264001	11
11174	42679	3	112	84	1	42679134000	11
11175	42679	4	113	84	1	42679453001	11
11176	42679	6	109	85	1	42679534001	11
11177	42679	8	111	85	1	42679259001	11
11178	42679	13	110	86	1	42679888000	11
11179	42679	20	111	87	1	42679883001	11
11180	42679	21	112	87	1	42679031001	11
11181	42679	27	112	88	1	42679661001	11
11182	42679	28	113	88	1	42679051001	11
11183	42679	35	114	89	1	42679168000	11
11184	42680	9	112	85	1	42680176001	11
11185	42680	12	109	86	1	42680652001	11
11186	42680	19	110	87	1	42680806000	11
11187	42680	26	111	88	1	42680741000	11
11188	42680	29	114	88	1	42680017000	11
11189	42680	34	113	89	1	42680008001	11
11190	42681	6	109	85	1	42681648001	11
11191	42681	7	110	85	1	42681201001	11
11192	42681	11	114	85	1	42681440001	11
11193	42681	18	109	87	1	42681785000	11
11194	42681	21	112	87	1	42681427000	11
11195	42681	25	110	88	1	42681762000	11
11196	42681	27	112	88	1	42681093000	11
11197	42681	32	111	89	1	42681903000	10
11198	42681	33	112	89	1	42681130001	11
11199	42682	15	112	86	1	42682963001	10
11200	42682	20	111	87	1	42682278001	10
11201	42682	24	109	88	1	42682687001	10
11202	42682	26	111	88	1	42682531000	10
11203	42682	28	113	88	1	42682196000	10
11204	42682	31	110	89	1	42682387000	10
11205	42682	35	114	89	1	42682013000	10
11206	42683	13	110	86	1	42683804001	10
11207	42683	14	111	86	1	42683971000	10
11208	42683	19	110	87	1	42683745001	10
11209	42683	25	110	88	1	42683827001	10
11210	42683	30	109	89	1	42683806000	10
11211	42684	12	109	86	1	42684204001	10
11212	42684	31	110	89	1	42684169000	10
11213	42685	18	109	87	1	42685779001	10
11214	42686	17	114	86	1	42686323001	10
11215	42686	24	109	88	1	42686325001	10
11216	42686	30	109	89	1	42686315001	10
11217	42690	10	113	85	1	42690177000	9
11218	42698	34	113	89	1	42698369000	8
11219	42711	2	111	84	1	42711077001	7
11220	42731	3	112	84	0	42731188001	6
11221	42734	15	112	86	0	42734427001	6
11222	42735	29	114	88	0	42735699001	6
11223	42736	21	112	87	0	42736753000	6
11224	42737	35	114	89	0	42737440000	6
11225	42795	34	113	89	0	42795981000	7
11226	42800	11	114	85	0	42800915001	7
11227	42831	30	109	89	0	42831789001	8
11228	42832	24	109	88	0	42832132001	8
11229	42833	12	109	86	0	42833460001	8
11230	42833	18	109	87	1	42833162001	8
11231	42834	6	109	85	0	42834324001	8
11232	42909	0	109	84	1	42909668001	26
11233	42909	1	110	84	0	42909419000	26
11234	42909	2	111	84	0	42909389000	26
11235	42909	3	112	84	0	42909368001	26
11236	42909	4	113	84	0	42909629001	26
11237	42909	5	114	84	0	42909656000	26
11238	42910	6	109	85	0	42910514000	27
11239	42910	7	110	85	0	42910446001	27
11240	42910	8	111	85	0	42910702001	27
11241	42910	9	112	85	0	42910506000	27
11242	42910	10	113	85	0	42910522000	27
11243	42910	11	114	85	0	42910662001	27
11244	42911	1	110	84	0	42911434000	27
11245	42911	2	111	84	0	42911384000	27
11246	42911	3	112	84	0	42911554001	27
11247	42911	4	113	84	0	42911880001	27
11248	42911	12	109	86	0	42911311000	27
11249	42911	13	110	86	1	42911382001	27
11250	42911	14	111	86	0	42911214001	27
11251	42911	15	112	86	0	42911474000	27
11252	42911	16	113	86	0	42911420000	27
11253	42911	17	114	86	1	42911617000	27
11254	42912	5	114	84	0	42912287000	27
11255	42912	6	109	85	0	42912908001	27
11256	42912	7	110	85	0	42912296000	27
11257	42912	9	112	85	0	42912472001	27
11258	42912	11	114	85	0	42912684000	27
11259	42912	18	109	87	0	42912579001	27
11260	42912	19	110	87	0	42912524000	27
11261	42912	20	111	87	0	42912378001	27
11262	42912	21	112	87	0	42912321000	27
11263	42912	22	113	87	0	42912475001	27
11264	42912	23	114	87	0	42912603000	27
11265	42913	8	111	85	0	42913255000	27
11266	42913	10	113	85	0	42913883000	27
11267	42913	12	109	86	0	42913400001	27
11268	42913	13	110	86	1	42913958001	27
11269	42913	14	111	86	0	42913250000	27
11270	42913	15	112	86	0	42913758001	27
11271	42913	16	113	86	0	42913636001	27
11272	42913	17	114	86	0	42913982000	27
11273	42913	24	109	88	0	42913088001	27
11274	42913	25	110	88	0	42913493001	27
11275	42913	26	111	88	0	42913171000	27
11276	42913	27	112	88	0	42913249001	27
11277	42913	28	113	88	0	42913303000	27
11278	42913	29	114	88	0	42913238000	27
11279	42914	20	111	87	0	42914352001	27
11280	42914	21	112	87	0	42914076001	27
11281	42914	22	113	87	0	42914803000	27
11282	42914	30	109	89	0	42914354001	27
11283	42914	31	110	89	0	42914340001	27
11284	42914	32	111	89	0	42914422001	27
11285	42914	33	112	89	0	42914589000	27
11286	42914	34	113	89	0	42914246000	27
11287	42914	35	114	89	0	42914316000	27
11288	42915	18	109	87	0	42915176001	27
11289	42915	19	110	87	0	42915939001	27
11290	42915	23	114	87	0	42915338000	27
11291	42915	24	109	88	0	42915203000	27
11292	42915	25	110	88	0	42915667000	27
11293	42915	26	111	88	0	42915171001	27
11294	42915	27	112	88	0	42915052001	27
11295	42915	28	113	88	0	42915248000	27
11296	42915	29	114	88	0	42915235001	27
11297	42916	0	109	84	0	42916717000	27
11298	42916	30	109	89	0	42916965000	27
11299	42916	31	110	89	0	42916329000	27
11300	42916	34	113	89	0	42916550001	27
11301	42918	32	111	89	0	42918884000	27
11302	42918	35	114	89	0	42918965000	27
11303	42919	33	112	89	0	42919556000	27
11304	42921	27	112	88	0	42921247001	28
11305	42922	21	112	87	0	42922999000	28
11306	42925	1	110	84	1	42925988001	29
11307	42925	2	111	84	1	42925951000	29
11308	42925	3	112	84	1	42925846000	29
11309	42925	4	113	84	1	42925831001	29
11310	42925	5	114	84	1	42925695000	29
11311	42926	0	109	84	1	42926136000	29
11312	42926	7	110	85	1	42926816001	29
11313	42926	8	111	85	1	42926769000	29
11314	42926	9	112	85	1	42926816001	29
11315	42926	10	113	85	1	42926523001	29
11316	42926	11	114	85	1	42926643000	29
11317	42927	6	109	85	1	42927082000	29
11318	42927	13	110	86	1	42927714001	29
11319	42927	14	111	86	1	42927679000	29
11320	42927	15	112	86	1	42927726000	29
11321	42927	16	113	86	1	42927437000	29
11322	42927	17	114	86	1	42927496000	29
11323	42928	12	109	86	1	42928046001	29
11324	42928	18	109	87	1	42928839001	29
11325	42928	19	110	87	1	42928582000	29
11326	42928	20	111	87	1	42928510001	29
11327	42928	21	112	87	1	42928277001	29
11328	42928	22	113	87	1	42928271001	29
11329	42928	23	114	87	1	42928186001	29
11330	42929	24	109	88	1	42929616001	29
11331	42929	25	110	88	1	42929544000	29
11332	42929	26	111	88	1	42929364000	29
11333	42929	27	112	88	1	42929155001	29
11334	42929	28	113	88	1	42929216001	29
11335	42929	29	114	88	1	42929001000	29
11336	42929	34	113	89	1	42929827001	29
11337	42929	35	114	89	1	42929680000	29
11338	42930	30	109	89	1	42930559001	29
11339	42930	31	110	89	1	42930356001	29
11340	42930	32	111	89	1	42930261001	29
11341	42930	33	112	89	1	42930107000	29
11342	43058	0	109	84	0	43058661001	42
11343	43058	6	109	85	0	43058998001	42
11344	43059	12	109	86	0	43059046001	42
11345	43059	18	109	87	0	43059706000	41
11346	43059	24	109	88	0	43059523000	41
11347	43060	1	110	84	0	43060014001	41
11348	43060	7	110	85	0	43060219001	41
11349	43060	13	110	86	0	43060429000	41
11350	43060	19	110	87	0	43060736000	41
11351	43060	30	109	89	0	43060227000	41
11352	43061	0	109	84	0	43061130000	41
11353	43061	2	111	84	0	43061173001	41
11354	43061	6	109	85	0	43061421001	41
11355	43061	8	111	85	0	43061777000	41
11356	43061	12	109	86	0	43061433001	41
11357	43061	14	111	86	0	43061612001	41
11358	43061	20	111	87	0	43061956001	41
11359	43061	24	109	88	0	43061694001	41
11360	43061	25	110	88	0	43061150000	41
11361	43061	31	110	89	0	43061360001	41
11362	43062	1	110	84	0	43062259000	40
11363	43062	3	112	84	0	43062188000	41
11364	43062	7	110	85	0	43062345001	40
11365	43062	9	112	85	0	43062793000	40
11366	43062	13	110	86	0	43062680000	40
11367	43062	15	112	86	0	43062715000	40
11368	43062	18	109	87	0	43062247000	40
11369	43062	21	112	87	0	43062949001	40
11370	43062	26	111	88	0	43062099001	41
11371	43062	30	109	89	0	43062589001	40
11372	43062	32	111	89	0	43062540000	40
11373	43063	2	111	84	0	43063215000	40
11374	43063	4	113	84	0	43063848000	40
11375	43063	14	111	86	0	43063766001	40
11376	43063	19	110	87	0	43063129001	40
11377	43063	25	110	88	0	43063630001	40
11378	43063	27	112	88	0	43063304001	40
11379	43063	33	112	89	0	43063751001	40
11380	43064	3	112	84	0	43064546000	39
11381	43064	8	111	85	0	43064135000	40
11382	43064	10	113	85	0	43064111000	40
11383	43064	11	114	85	0	43064940000	39
11384	43064	15	112	86	0	43064773001	39
11385	43064	16	113	86	0	43064032000	40
11386	43064	20	111	87	0	43064161000	40
11387	43064	22	113	87	1	43064093000	40
11388	43064	26	111	88	0	43064119000	40
11389	43064	28	113	88	0	43064596001	39
11390	43064	31	110	89	0	43064414000	40
11391	43064	34	113	89	0	43064646001	39
11392	43065	4	113	84	0	43065860001	39
11393	43065	5	114	84	0	43065017000	39
11394	43065	9	112	85	0	43065101000	39
11395	43065	17	114	86	0	43065328001	39
11396	43065	21	112	87	0	43065122001	39
11397	43065	22	113	87	0	43065945000	39
11398	43065	23	114	87	0	43065445000	39
11399	43065	27	112	88	0	43065176001	39
11400	43065	29	114	88	0	43065654001	39
11401	43065	35	114	89	0	43065938001	39
11402	43066	10	113	85	0	43066515001	39
11403	43066	16	113	86	0	43066108000	39
11404	43066	28	113	88	0	43066529001	39
11405	43066	32	111	89	0	43066616001	39
11406	43066	33	112	89	0	43066216000	39
11407	43066	34	113	89	0	43066806000	39
11408	43067	5	114	84	0	43067343001	38
11409	43067	11	114	85	0	43067292001	38
11410	43067	17	114	86	0	43067524000	38
11411	43067	29	114	88	0	43067569000	38
11412	43068	23	114	87	0	43068009001	38
11413	43068	27	112	88	0	43068350001	38
11414	43068	35	114	89	0	43068271001	38
11415	43069	24	109	88	0	43069766001	38
11416	43071	31	110	89	0	43071023001	37
11417	43073	0	109	84	1	43073428000	37
11418	43073	22	113	87	0	43073638001	37
11419	43074	1	110	84	1	43074076000	36
11420	43074	2	111	84	1	43074913001	36
11421	43074	6	109	85	1	43074800001	36
11422	43075	3	112	84	1	43075414001	36
11423	43075	7	110	85	1	43075317000	36
11424	43075	12	109	86	1	43075961000	36
11425	43075	28	113	88	0	43075280000	36
11426	43076	4	113	84	1	43076225001	35
11427	43076	5	114	84	1	43076760000	35
11428	43076	8	111	85	1	43076059001	35
11429	43076	9	112	85	1	43076827001	35
11430	43076	13	110	86	1	43076668000	35
11431	43077	10	113	85	1	43077270000	35
11432	43077	14	111	86	1	43077150001	35
11433	43077	15	112	86	1	43077979000	35
11434	43077	18	109	87	1	43077411000	35
11435	43077	19	110	87	1	43077800001	35
11436	43078	11	114	85	1	43078212001	35
11437	43078	16	113	86	1	43078726001	34
11438	43078	20	111	87	1	43078530001	35
11439	43078	24	109	88	1	43078351000	35
11440	43079	8	111	85	1	43079245000	34
11441	43079	17	114	86	1	43079385001	34
11442	43079	21	112	87	1	43079177001	34
11443	43079	22	113	87	1	43079834000	34
11444	43079	25	110	88	1	43079053001	34
11445	43079	26	111	88	1	43079579001	34
11446	43079	30	109	89	1	43079658001	34
11447	43079	31	110	89	1	43079943000	34
11448	43080	23	114	87	1	43080440001	34
11449	43080	27	112	88	1	43080268001	34
11450	43081	12	109	86	1	43081451001	34
11451	43081	28	113	88	1	43081047000	34
11452	43081	29	114	88	1	43081636001	34
11453	43081	32	111	89	1	43081006001	34
11454	43081	33	112	89	1	43081411001	34
11455	43082	34	113	89	1	43082093001	33
11456	43082	35	114	89	1	43082783000	33
11457	43085	26	111	88	1	43085578000	32
11458	43086	27	112	88	1	43086904000	32
11459	43086	35	114	89	1	43086879001	32
11460	43424	35	114	89	0	43424000000	9
11461	43460	24	109	88	0	43460158000	15
11462	43460	30	109	89	0	43460245001	15
11463	43462	24	109	88	0	43462570000	15
11464	43463	18	109	87	0	43463723001	16
11465	43463	30	109	89	0	43463648000	16
11466	43464	12	109	86	0	43464354000	16
11467	43464	31	110	89	0	43464770001	16
11468	43465	24	109	88	0	43465932001	16
11469	43466	25	110	88	0	43466628000	16
11470	43467	12	109	86	0	43467987001	16
11471	43467	18	109	87	0	43467549000	16
11472	43467	30	109	89	0	43467021001	16
11473	43468	31	110	89	0	43468347001	16
11474	43470	19	110	87	0	43470487000	17
11475	43471	6	109	85	0	43471030000	17
11476	43472	25	110	88	0	43472472001	17
11477	43479	25	110	88	1	43479358000	18
11478	43480	12	109	86	1	43480469000	18
11479	43480	18	109	87	1	43480709000	18
11480	43481	31	110	89	1	43481016001	18
11481	43482	24	109	88	1	43482831000	19
11482	43484	30	109	89	1	43484997000	19
11483	43485	18	109	87	1	43485695000	19
11484	43486	24	109	88	1	43486188000	19
11485	43486	31	110	89	1	43486279001	19
11486	43488	30	109	89	1	43488450000	19
11487	43565	3	112	84	0	43565609001	22
11488	43846	30	109	89	0	43846683000	14
11489	43848	31	110	89	0	43848400000	14
11490	43849	30	109	89	1	43849328000	13
11491	43850	31	110	89	1	43850753000	13
11492	43850	32	111	89	0	43850625001	13
11493	43853	33	112	89	0	43853041000	12
11494	43918	12	109	86	0	43918723000	19
11495	43919	24	109	88	0	43919608001	19
11496	43919	26	111	88	0	43919369001	19
11497	43921	15	112	86	0	43921997000	20
11498	43921	21	112	87	1	43921365001	20
11499	43922	7	110	85	0	43922513001	20
11500	43922	27	112	88	0	43922586001	20
11501	43924	3	112	84	0	43924805000	21
11502	43925	2	111	84	0	43925803001	21
11503	43925	9	112	85	0	43925453000	21
11504	43925	22	113	87	0	43925035001	21
11505	43927	11	114	85	0	43927191001	22
11506	43928	16	113	86	0	43928684000	22
11507	43928	23	114	87	0	43928529000	22
11508	43930	29	114	88	0	43930795001	23
11509	43930	35	114	89	0	43930155000	22
11510	43931	5	114	84	0	43931072001	23
11511	44009	34	113	89	0	44009215000	22
11512	44074	4	113	84	0	44074772001	19
11513	44074	5	114	84	1	44074544001	19
11514	44075	3	112	84	0	44075401000	19
11515	44076	2	111	84	0	44076244001	20
11516	44077	1	110	84	0	44077211000	20
11517	44077	3	112	84	0	44077974000	20
11518	44077	4	113	84	0	44077346000	20
11519	44077	5	114	84	0	44077736001	20
11520	44077	11	114	85	0	44077675000	20
11521	44078	0	109	84	0	44078152001	20
11522	44078	2	111	84	0	44078754001	20
11523	44078	10	113	85	0	44078402000	20
11524	44079	1	110	84	0	44079650001	20
11525	44079	9	112	85	0	44079321000	20
11526	44080	4	113	84	0	44080568000	20
11527	44080	8	111	85	0	44080053000	20
11528	44080	11	114	85	0	44080419000	20
11529	44080	17	114	86	0	44080753001	21
11530	44081	0	109	84	0	44081303000	21
11531	44081	2	111	84	0	44081333001	21
11532	44081	3	112	84	0	44081021000	21
11533	44081	5	114	84	0	44081475000	21
11534	44081	6	109	85	0	44081620001	21
11535	44081	7	110	85	0	44081175001	21
11536	44081	9	112	85	0	44081775001	21
11537	44081	10	113	85	0	44081256001	21
11538	44081	16	113	86	0	44081264000	21
11539	44082	1	110	84	0	44082925001	21
11540	44082	8	111	85	0	44082854000	21
11541	44082	14	111	86	0	44082430001	21
11542	44082	15	112	86	0	44082041001	21
11543	44083	5	114	84	1	44083576001	21
11544	44083	7	110	85	0	44083572001	21
11545	44083	13	110	86	0	44083468001	21
11546	44083	16	113	86	0	44083711001	21
11547	44083	23	114	87	0	44083503000	21
11548	44084	0	109	84	0	44084394001	21
11549	44084	2	111	84	0	44084860000	21
11550	44084	4	113	84	1	44084772001	21
11551	44084	6	109	85	0	44084721001	21
11552	44084	11	114	85	1	44084232000	21
11553	44084	12	109	86	0	44084409001	21
11554	44084	14	111	86	0	44084919000	21
11555	44084	15	112	86	0	44084274001	21
11556	44084	21	112	87	0	44084728000	21
11557	44084	22	113	87	0	44084041000	21
11558	44085	3	112	84	1	44085631000	22
11559	44085	10	113	85	1	44085196001	22
11560	44085	17	114	86	1	44085070001	22
11561	44085	20	111	87	0	44085490000	22
11562	44085	23	114	87	1	44085589000	22
11563	44086	7	110	85	0	44086496001	22
11564	44086	8	111	85	0	44086032001	22
11565	44086	9	112	85	1	44086909000	22
11566	44086	13	110	86	0	44086287000	22
11567	44086	16	113	86	1	44086065000	22
11568	44086	19	110	87	0	44086437001	22
11569	44086	22	113	87	1	44086504000	22
11570	44087	2	111	84	1	44087011000	22
11571	44087	8	111	85	1	44087750000	22
11572	44087	12	109	86	0	44087289000	22
11573	44087	15	112	86	1	44087263000	22
11574	44087	18	109	87	0	44087274001	22
11575	44087	21	112	87	1	44087844000	22
11576	44087	26	111	88	0	44087860000	22
11577	44087	27	112	88	0	44087383001	22
11578	44088	1	110	84	1	44088472001	22
11579	44088	3	112	84	1	44088956001	23
11580	44088	7	110	85	1	44088747000	22
11581	44088	14	111	86	1	44088116000	22
11582	44088	20	111	87	1	44088911001	23
11583	44088	25	110	88	0	44088941000	23
11584	44089	0	109	84	1	44089429001	23
11585	44089	2	111	84	1	44089406001	23
11586	44089	13	110	86	1	44089588000	23
11587	44089	24	109	88	0	44089431000	23
11588	44089	26	111	88	1	44089738000	23
11589	44090	6	109	85	1	44090249000	23
11590	44090	12	109	86	1	44090650001	23
11591	44090	19	110	87	1	44090382000	23
11592	44090	25	110	88	1	44090855000	23
11593	44091	1	110	84	1	44091362001	23
11594	44091	7	110	85	1	44091270001	23
11595	44091	18	109	87	1	44091633001	23
11596	44091	24	109	88	1	44091814000	23
11597	44092	0	109	84	1	44092163000	23
11598	44563	12	109	86	0	44563087001	38
11599	44563	24	109	88	0	44563282001	38
11600	44567	7	110	85	0	44567763000	39
11601	44567	13	110	86	0	44567574001	39
11602	44568	1	110	84	0	44568615001	39
11603	44570	2	111	84	0	44570725001	39
11604	44571	3	112	84	0	44571703000	39
11605	44572	9	112	85	0	44572124001	39
11606	44572	15	112	86	0	44572711000	39
11607	44573	21	112	87	0	44573260000	39
11608	44573	27	112	88	0	44573335000	39
11609	44575	4	113	84	0	44575422001	38
11610	44575	16	113	86	0	44575275000	39
11611	44577	11	114	85	0	44577380000	38
11612	44577	22	113	87	0	44577587001	38
11613	44579	29	114	88	0	44579662000	38
11614	44580	35	114	89	0	44580052001	38
11615	44619	0	109	84	0	44619974000	32
11616	44619	18	109	87	0	44619983000	32
11617	44619	24	109	88	0	44619754001	32
11618	44619	30	109	89	0	44619943000	32
11619	44620	6	109	85	0	44620021001	32
11620	44620	12	109	86	0	44620050000	32
11621	44620	31	110	89	0	44620846000	32
11622	44621	1	110	84	0	44621255000	32
11623	44621	7	110	85	0	44621280000	32
11624	44621	13	110	86	0	44621250001	32
11625	44621	14	111	86	0	44621967000	32
11626	44621	19	110	87	0	44621058000	32
11627	44621	24	109	88	0	44621793001	32
11628	44621	25	110	88	0	44621079001	32
11629	44621	26	111	88	0	44621899000	32
11630	44621	30	109	89	0	44621970000	32
11631	44622	0	109	84	0	44622566000	31
11632	44622	2	111	84	0	44622374001	31
11633	44622	6	109	85	0	44622394000	31
11634	44622	8	111	85	0	44622321000	31
11635	44622	12	109	86	0	44622175000	31
11636	44622	18	109	87	0	44622476000	31
11637	44622	20	111	87	0	44622076000	31
11638	44622	32	111	89	0	44622060000	31
11639	44623	3	112	84	0	44623382000	31
11640	44623	9	112	85	0	44623421001	31
11641	44623	15	112	86	0	44623264000	31
11642	44623	21	112	87	0	44623150001	31
11643	44623	25	110	88	0	44623711000	31
11644	44623	26	111	88	0	44623839001	31
11645	44623	27	112	88	0	44623079000	31
11646	44623	31	110	89	0	44623171000	31
11647	44623	33	112	89	0	44623104000	31
11648	44624	1	110	84	0	44624761000	31
11649	44624	2	111	84	0	44624798000	31
11650	44624	4	113	84	0	44624701001	31
11651	44624	7	110	85	0	44624817000	31
11652	44624	8	111	85	0	44624929001	31
11653	44624	10	113	85	0	44624407000	31
11654	44624	14	111	86	0	44624189001	31
11655	44624	16	113	86	0	44624270001	31
11656	44624	20	111	87	0	44624574001	31
11657	44624	22	113	87	0	44624223001	31
11658	44624	27	112	88	0	44624955000	31
11659	44624	28	113	88	0	44624122000	31
11660	44624	34	113	89	1	44624063000	31
11661	44625	3	112	84	0	44625919001	31
11662	44625	5	114	84	0	44625437000	31
11663	44625	9	112	85	0	44625612001	31
11664	44625	11	114	85	0	44625546000	31
11665	44625	13	110	86	0	44625139000	31
11666	44625	15	112	86	0	44625436001	31
11667	44625	17	114	86	0	44625341000	31
11668	44625	19	110	87	0	44625804001	31
11669	44625	21	112	87	0	44625264001	31
11670	44625	22	113	87	0	44625945001	31
11671	44625	23	114	87	0	44625155000	31
11672	44625	29	114	88	0	44625148001	31
11673	44625	35	114	89	0	44625059000	31
11674	44626	16	113	86	0	44626132000	31
11675	44626	28	113	88	0	44626134001	31
11676	44626	32	111	89	0	44626983001	31
11677	44626	33	112	89	0	44626465001	31
11678	44626	34	113	89	0	44626057001	31
11679	44627	4	113	84	0	44627791001	31
11680	44627	10	113	85	0	44627256001	31
11681	44627	17	114	86	0	44627937001	31
11682	44627	23	114	87	0	44627515001	31
11683	44627	29	114	88	0	44627508000	31
11684	44627	35	114	89	0	44627112001	31
11685	44628	5	114	84	0	44628147000	31
11686	44628	11	114	85	0	44628044001	31
11687	44630	30	109	89	1	44630803000	30
11688	44631	24	109	88	1	44631913000	30
11689	44631	31	110	89	1	44631326001	30
11690	44632	17	114	86	0	44632713001	30
11691	44632	25	110	88	1	44632700000	30
11692	44632	32	111	89	1	44632003000	30
11693	44632	33	112	89	1	44632310000	30
11694	44632	34	113	89	1	44632931000	30
11695	44633	18	109	87	1	44633559000	30
11696	44633	19	110	87	1	44633927000	30
11697	44633	26	111	88	1	44633247000	30
11698	44633	27	112	88	1	44633691000	30
11699	44633	30	109	89	1	44633637000	30
11700	44633	35	114	89	1	44633482001	30
11701	44634	12	109	86	1	44634402001	29
11702	44634	20	111	87	1	44634579001	29
11703	44634	21	112	87	1	44634788001	29
11704	44634	24	109	88	1	44634235001	29
11705	44634	26	111	88	1	44634994000	29
11706	44634	28	113	88	1	44634661001	29
11707	44634	31	110	89	1	44634852001	29
11708	44634	33	112	89	1	44634456000	29
11709	44634	34	113	89	1	44634725001	29
11710	44635	13	110	86	1	44635031000	29
11711	44635	22	113	87	1	44635733001	29
11712	44635	25	110	88	1	44635317001	29
11713	44635	27	112	88	1	44635217000	29
11714	44635	29	114	88	1	44635058001	29
11715	44635	35	114	89	1	44635204001	29
11716	44636	6	109	85	1	44636223001	29
11717	44636	7	110	85	1	44636305000	29
11718	44636	12	109	86	1	44636395000	29
11719	44636	13	110	86	1	44636935001	29
11720	44636	14	111	86	1	44636063000	29
11721	44636	15	112	86	1	44636427000	29
11722	44636	16	113	86	1	44636858001	29
11723	44636	19	110	87	1	44636448001	29
11724	44636	20	111	87	1	44636236001	29
11725	44636	21	112	87	1	44636400001	29
11726	44636	23	114	87	1	44636638000	29
11727	44637	0	109	84	1	44637848000	29
11728	44637	1	110	84	1	44637958000	29
11729	44637	7	110	85	1	44637945001	29
11730	44637	8	111	85	1	44637142000	29
11731	44637	17	114	86	1	44637837000	29
11732	44637	22	113	87	1	44637611000	29
11733	44637	28	113	88	1	44637030001	29
11734	44637	29	114	88	1	44637073001	29
11735	44638	2	111	84	1	44638715000	29
11736	44638	3	112	84	1	44638865001	29
11737	44638	6	109	85	1	44638660001	29
11738	44638	8	111	85	1	44638686000	29
11739	44638	9	112	85	1	44638181001	29
11740	44638	10	113	85	1	44638027001	29
11741	44638	14	111	86	1	44638518000	29
11742	44638	15	112	86	1	44638205000	29
11743	44638	16	113	86	1	44638792001	29
11744	44639	1	110	84	1	44639788001	28
11745	44639	10	113	85	1	44639878001	28
11746	44639	11	114	85	1	44639434001	29
11747	44639	17	114	86	1	44639816001	28
11748	44640	2	111	84	1	44640575000	28
11749	44640	3	112	84	1	44640823000	28
11750	44640	4	113	84	1	44640127000	28
11751	44640	5	114	84	1	44640311000	28
11752	44640	9	112	85	1	44640333000	28
11753	44640	18	109	87	1	44640512001	28
11754	44642	4	113	84	1	44642210000	28
11755	44642	5	114	84	1	44642455000	28
11756	44642	23	114	87	1	44642357000	28
11757	44644	11	114	85	1	44644254001	28
11758	44766	3	112	84	0	44766698000	18
11759	44766	4	113	84	0	44766624000	18
11760	44766	5	114	84	0	44766453000	18
11761	44767	2	111	84	0	44767196000	18
11762	44768	9	112	85	0	44768410001	18
11763	44768	10	113	85	0	44768383000	18
11764	44768	11	114	85	0	44768075001	18
11765	44769	1	110	84	0	44769078001	18
11766	44769	2	111	84	0	44769329000	18
11767	44769	3	112	84	0	44769302001	18
11768	44769	4	113	84	0	44769436000	18
11769	44769	5	114	84	0	44769115000	18
11770	44769	7	110	85	0	44769377000	18
11771	44769	8	111	85	0	44769116001	18
11772	44769	16	113	86	0	44769660001	18
11773	44769	17	114	86	0	44769884000	18
11774	44770	6	109	85	0	44770144001	18
11775	44770	9	112	85	0	44770789001	18
11776	44770	11	114	85	0	44770326000	18
11777	44770	12	109	86	0	44770691000	18
11778	44770	13	110	86	0	44770691000	18
11779	44770	14	111	86	0	44770308000	18
11780	44770	15	112	86	0	44770188000	18
11781	44771	0	109	84	0	44771904000	18
11782	44771	1	110	84	0	44771349001	18
11783	44771	7	110	85	0	44771937001	18
11784	44771	8	111	85	0	44771701000	18
11785	44771	10	113	85	0	44771104001	18
11786	44771	21	112	87	0	44771746000	18
11787	44771	22	113	87	0	44771318001	18
11788	44771	23	114	87	0	44771308000	18
11789	44772	6	109	85	0	44772535000	18
11790	44772	14	111	86	0	44772450000	18
11791	44772	15	112	86	0	44772705001	18
11792	44772	16	113	86	0	44772070000	18
11793	44772	17	114	86	0	44772329000	18
11794	44772	18	109	87	0	44772636000	18
11795	44772	19	110	87	0	44772413000	18
11796	44772	20	111	87	0	44772123001	18
11797	44772	29	114	88	0	44772611000	18
11798	44773	12	109	86	0	44773217001	18
11799	44773	13	110	86	0	44773034001	18
11800	44773	21	112	87	0	44773749001	18
11801	44773	22	113	87	0	44773448001	18
11802	44773	23	114	87	0	44773767000	18
11803	44773	24	109	88	0	44773759000	18
11804	44773	26	111	88	0	44773519000	18
11805	44773	27	112	88	0	44773223001	18
11806	44773	28	113	88	0	44773020001	18
11807	44774	0	109	84	0	44774788001	18
11808	44774	19	110	87	0	44774735000	18
11809	44774	20	111	87	0	44774636001	18
11810	44774	25	110	88	0	44774109001	18
11811	44774	27	112	88	0	44774984001	18
11812	44774	29	114	88	0	44774605001	18
11813	44774	34	113	89	0	44774362001	18
11814	44774	35	114	89	0	44774377001	18
11815	44775	18	109	87	0	44775025000	18
11816	44775	26	111	88	0	44775634001	18
11817	44775	28	113	88	0	44775068000	18
11818	44775	30	109	89	0	44775789001	18
11819	44775	31	110	89	0	44775543000	18
11820	44775	32	111	89	0	44775568000	18
11821	44775	33	112	89	0	44775111001	18
11822	44776	9	112	85	0	44776791001	18
11823	44776	22	113	87	0	44776188000	18
11824	44776	24	109	88	0	44776076001	18
11825	44776	25	110	88	0	44776628001	18
11826	44776	34	113	89	0	44776412001	18
11827	44776	35	114	89	0	44776389001	18
11828	44777	6	109	85	0	44777507000	18
11829	44777	15	112	86	0	44777185001	18
11830	44777	31	110	89	0	44777988001	18
11831	44777	33	112	89	0	44777766000	18
11832	44778	1	110	84	0	44778217000	18
11833	44778	30	109	89	0	44778151001	18
11834	44778	32	111	89	0	44778172000	18
11835	44780	24	109	88	0	44780436001	18
11836	44780	27	112	88	0	44780057000	18
11837	44783	31	110	89	0	44783622001	18
11838	44785	28	113	88	0	44785602000	18
11839	44786	19	110	87	0	44786753000	18
11840	44786	23	114	87	1	44786304001	18
11841	44788	14	111	86	0	44788063001	18
11842	44793	5	114	84	1	44793967001	19
11843	44794	11	114	85	1	44794343000	19
11844	44794	17	114	86	1	44794682001	19
11845	44794	23	114	87	1	44794843000	19
11846	44795	4	113	84	1	44795040000	19
11847	44795	10	113	85	1	44795186001	19
11848	44795	16	113	86	1	44795672001	19
11849	44795	22	113	87	1	44795723001	19
11850	44795	29	114	88	1	44795169001	19
11851	44795	35	114	89	1	44795494000	19
11852	44796	2	111	84	1	44796921000	19
11853	44796	3	112	84	1	44796018001	19
11854	44796	8	111	85	1	44796985000	19
11855	44796	9	112	85	1	44796223000	19
11856	44796	15	112	86	1	44796511001	19
11857	44796	21	112	87	1	44796851001	19
11858	44796	27	112	88	1	44796887000	19
11859	44796	28	113	88	1	44796249001	19
11860	44796	34	113	89	1	44796471000	19
11861	44797	1	110	84	1	44797619000	19
11862	44797	14	111	86	1	44797278000	19
11863	44797	20	111	87	1	44797689000	19
11864	44797	26	111	88	1	44797978001	19
11865	44797	33	112	89	1	44797332000	19
11866	44798	0	109	84	1	44798640000	19
11867	44798	6	109	85	1	44798918001	19
11868	44798	7	110	85	1	44798218000	19
11869	44798	8	111	85	1	44798893000	19
11870	44798	13	110	86	1	44798535001	19
11871	44798	19	110	87	1	44798574001	19
11872	44798	25	110	88	1	44798813001	19
11873	44798	27	112	88	1	44798961000	19
11874	44798	31	110	89	1	44798937001	19
11875	44798	32	111	89	1	44798313000	19
11876	44799	12	109	86	1	44799232001	19
11877	44799	18	109	87	1	44799703001	19
11878	44799	24	109	88	1	44799736001	19
11879	44800	30	109	89	1	44800303000	19
11880	44801	1	110	84	1	44801829000	19
11881	44801	17	114	86	1	44801461001	19
11882	44801	31	110	89	1	44801081001	19
11883	44802	25	110	88	1	44802548001	19
11884	44805	9	112	85	1	44805590001	20
11885	44816	15	112	86	1	44816515001	21
11886	44824	21	112	87	1	44824990000	22
11887	45058	35	114	89	0	45058716000	11
11888	45059	23	114	87	0	45059879001	11
11889	45059	29	114	88	0	45059037001	11
11890	45060	11	114	85	0	45060762000	11
11891	45060	17	114	86	0	45060206001	11
11892	45060	28	113	88	0	45060561000	11
11893	45060	34	113	89	0	45060107001	11
11894	45061	5	114	84	0	45061577000	10
11895	45061	16	113	86	0	45061623000	10
11896	45061	22	113	87	0	45061273000	10
11897	45061	27	112	88	0	45061914001	10
11898	45061	29	114	88	0	45061019001	11
11899	45061	33	112	89	0	45061724000	10
11900	45061	35	114	89	0	45061080000	11
11901	45062	4	113	84	0	45062913001	10
11902	45062	10	113	85	0	45062570001	10
11903	45062	11	114	85	0	45062939000	10
11904	45062	17	114	86	0	45062622000	10
11905	45062	21	112	87	0	45062325001	10
11906	45062	23	114	87	0	45062356001	10
11907	45062	28	113	88	0	45062768000	10
11908	45062	32	111	89	0	45062933001	10
11909	45062	34	113	89	0	45062911000	10
11910	45063	9	112	85	0	45063740001	10
11911	45063	15	112	86	0	45063187000	10
11912	45063	16	113	86	0	45063709001	10
11913	45063	22	113	87	0	45063140000	10
11914	45063	26	111	88	0	45063207000	10
11915	45063	27	112	88	0	45063733000	10
11916	45064	3	112	84	0	45064231000	10
11917	45064	5	114	84	1	45064027001	10
11918	45064	11	114	85	1	45064832001	10
11919	45064	14	111	86	0	45064567001	10
11920	45064	20	111	87	0	45064136000	10
11921	45064	21	112	87	0	45064582001	10
11922	45064	26	111	88	0	45064947001	10
11923	45064	31	110	89	0	45064202001	10
11924	45064	33	112	89	0	45064455001	10
11925	45065	2	111	84	0	45065778001	10
11926	45065	4	113	84	1	45065320000	10
11927	45065	8	111	85	0	45065380000	10
11928	45065	9	112	85	0	45065770001	10
11929	45065	10	113	85	1	45065682001	10
11930	45065	15	112	86	0	45065092000	10
11931	45065	17	114	86	1	45065192001	10
11932	45065	19	110	87	0	45065549000	10
11933	45065	23	114	87	1	45065824000	10
11934	45065	25	110	88	0	45065034000	10
11935	45065	30	109	89	0	45065730001	10
11936	45066	3	112	84	1	45066489000	9
11937	45066	7	110	85	0	45066728000	9
11938	45066	13	110	86	0	45066202000	10
11939	45066	14	111	86	0	45066879000	9
11940	45066	16	113	86	1	45066044000	10
11941	45066	20	111	87	0	45066649000	9
11942	45066	22	113	87	1	45066896000	9
11943	45066	24	109	88	0	45066087001	10
11944	45066	29	114	88	1	45066314000	10
11945	45066	31	110	89	0	45066525000	9
11946	45066	32	111	89	0	45066368000	10
11947	45067	1	110	84	0	45067489001	9
11948	45067	2	111	84	1	45067723001	9
11949	45067	8	111	85	1	45067921000	9
11950	45067	9	112	85	1	45067432001	9
11951	45067	12	109	86	0	45067215000	9
11952	45067	15	112	86	1	45067404001	9
11953	45067	18	109	87	0	45067037000	9
11954	45067	21	112	87	1	45067920001	9
11955	45067	25	110	88	0	45067188001	9
11956	45067	28	113	88	1	45067548001	9
11957	45067	35	114	89	1	45067160001	9
11958	45068	6	109	85	0	45068441000	9
11959	45068	14	111	86	1	45068681000	10
11960	45068	24	109	88	0	45068113001	9
11961	45068	27	112	88	1	45068549000	10
11962	45068	34	113	89	1	45068178001	9
11963	45069	0	109	84	0	45069264000	10
11964	45069	1	110	84	1	45069706001	10
11965	45069	7	110	85	1	45069197001	10
11966	45069	12	109	86	0	45069510001	10
11967	45069	13	110	86	1	45069663000	10
11968	45069	20	111	87	1	45069035000	10
11969	45069	26	111	88	1	45069477000	10
11970	45069	30	109	89	0	45069173000	10
11971	45069	33	112	89	1	45069183001	10
11972	45070	6	109	85	1	45070507000	10
11973	45070	19	110	87	1	45070338000	10
11974	45070	25	110	88	1	45070588001	10
11975	45070	32	111	89	1	45070320001	10
11976	45071	12	109	86	1	45071473000	10
11977	45071	18	109	87	1	45071431000	10
11978	45071	24	109	88	1	45071677001	10
11979	45071	26	111	88	1	45071652000	10
11980	45071	27	112	88	1	45071436000	10
11981	45071	31	110	89	1	45071214000	10
11982	45072	21	112	87	1	45072792000	10
11983	45072	29	114	88	1	45072268001	10
11984	45072	30	109	89	1	45072625001	10
11985	45073	25	110	88	1	45073302000	10
11986	45073	31	110	89	1	45073636001	10
11987	45077	24	109	88	1	45077245000	10
11988	45082	35	114	89	1	45082722000	12
11989	45091	30	109	89	1	45091635001	15
11990	45091	33	112	89	1	45091027000	15
11991	45116	20	111	87	1	45116810001	24
11992	45228	24	109	88	0	45228572000	20
11993	45228	30	109	89	0	45228679000	20
11994	45230	12	109	86	0	45230409001	20
11995	45230	18	109	87	1	45230703000	20
11996	45230	24	109	88	0	45230528000	20
11997	45230	30	109	89	0	45230946001	20
11998	45230	31	110	89	0	45230686000	20
11999	45231	6	109	85	0	45231892001	19
12000	45231	25	110	88	0	45231338001	20
12001	45232	0	109	84	0	45232731001	19
12002	45232	12	109	86	0	45232750001	19
12003	45232	19	110	87	0	45232235001	19
12004	45232	24	109	88	0	45232925001	19
12005	45233	13	110	86	0	45233363000	19
12006	45233	18	109	87	0	45233425000	19
12007	45233	26	111	88	0	45233436000	19
12008	45233	31	110	89	0	45233584001	19
12009	45233	32	111	89	0	45233220001	19
12010	45234	1	110	84	0	45234879000	19
12011	45234	7	110	85	0	45234176000	19
12012	45234	20	111	87	0	45234415000	19
12013	45234	25	110	88	0	45234083000	19
12014	45234	30	109	89	0	45234595000	19
12015	45235	0	109	84	0	45235805000	19
12016	45235	6	109	85	0	45235181000	19
12017	45235	12	109	86	0	45235928001	19
12018	45235	13	110	86	0	45235956001	19
12019	45235	14	111	86	0	45235784001	19
12020	45235	19	110	87	0	45235264001	19
12021	45235	26	111	88	0	45235322001	19
12022	45235	27	112	88	0	45235776001	19
12023	45235	33	112	89	0	45235247001	19
12024	45236	7	110	85	0	45236380000	19
12025	45236	20	111	87	0	45236444000	19
12026	45236	21	112	87	0	45236459001	19
12027	45236	32	111	89	0	45236058000	19
12028	45237	1	110	84	0	45237136000	18
12029	45237	2	111	84	0	45237401000	18
12030	45237	8	111	85	0	45237195000	18
12031	45237	27	112	88	0	45237497000	18
12032	45238	9	112	85	0	45238833000	18
12033	45238	14	111	86	0	45238002001	18
12034	45238	15	112	86	0	45238075001	18
12035	45238	20	111	87	0	45238965000	18
12036	45238	21	112	87	0	45238690000	18
12037	45238	33	112	89	0	45238425000	18
12038	45238	34	113	89	0	45238150000	18
12039	45239	2	111	84	0	45239315000	18
12040	45239	3	112	84	0	45239628001	18
12041	45239	25	110	88	0	45239494001	18
12042	45239	26	111	88	0	45239084000	18
12043	45239	28	113	88	0	45239514000	18
12044	45239	35	114	89	0	45239562000	18
12045	45240	1	110	84	0	45240093001	18
12046	45240	7	110	85	0	45240165000	18
12047	45240	8	111	85	0	45240124001	18
12048	45240	9	112	85	0	45240894000	18
12049	45240	13	110	86	0	45240119000	18
12050	45240	14	111	86	0	45240564000	18
12051	45240	15	112	86	0	45240335001	18
12052	45240	22	113	87	0	45240118001	18
12053	45240	27	112	88	0	45240222001	18
12054	45240	29	114	88	0	45240695001	18
12055	45240	34	113	89	0	45240935000	18
12056	45241	3	112	84	0	45241732000	17
12057	45241	16	113	86	0	45241269001	18
12058	45241	21	112	87	0	45241259000	18
12059	45241	35	114	89	0	45241631000	17
12060	45242	2	111	84	0	45242339001	17
12061	45242	22	113	87	0	45242600001	17
12062	45242	28	113	88	0	45242129000	17
12063	45242	29	114	88	0	45242824000	17
12064	45243	0	109	84	0	45243607000	17
12065	45243	4	113	84	0	45243834000	17
12066	45243	10	113	85	0	45243000001	17
12067	45243	15	112	86	0	45243495001	17
12068	45243	16	113	86	0	45243935001	17
12069	45243	21	112	87	0	45243222001	17
12070	45243	23	114	87	0	45243073001	17
12071	45243	34	113	89	0	45243295001	17
12072	45244	3	112	84	0	45244756001	17
12073	45244	9	112	85	0	45244031000	17
12074	45244	17	114	86	0	45244395000	17
12075	45244	22	113	87	0	45244793001	17
12076	45244	29	114	88	0	45244918000	17
12077	45244	35	114	89	0	45244348001	17
12078	45245	11	114	85	0	45245322001	17
12079	45245	28	113	88	0	45245573000	17
12080	45246	4	113	84	0	45246004000	17
12081	45246	10	113	85	0	45246093001	17
12082	45246	17	114	86	0	45246998000	17
12083	45246	23	114	87	0	45246029000	17
12084	45247	3	112	84	0	45247058001	17
12085	45247	5	114	84	0	45247778001	17
12086	45247	11	114	85	0	45247762001	17
12087	45247	16	113	86	0	45247846001	17
12088	45248	29	114	88	0	45248346000	16
12089	45249	4	113	84	0	45249495001	16
12090	45249	10	113	85	0	45249894000	16
12091	45249	23	114	87	0	45249184000	16
12092	45250	5	114	84	0	45250717001	16
12093	45250	11	114	85	0	45250677001	16
12094	45250	17	114	86	0	45250154001	16
12095	45251	16	113	86	0	45251304000	16
12096	45253	2	111	84	0	45253826001	15
12097	45254	4	113	84	0	45254148001	15
12098	45254	11	114	85	0	45254011000	15
12099	45255	5	114	84	0	45255453001	15
12100	45271	5	114	84	1	45271549000	13
12101	45274	5	114	84	1	45274767000	12
12102	45275	11	114	85	1	45275693000	12
12103	45276	4	113	84	1	45276751000	12
12104	45277	5	114	84	1	45277721000	12
12105	45277	10	113	85	1	45277774001	12
12106	45277	17	114	86	1	45277618000	12
12107	45278	3	112	84	1	45278615001	11
12108	45278	4	113	84	1	45278877001	11
12109	45278	11	114	85	1	45278016001	11
12110	45278	23	114	87	1	45278766000	11
12111	45279	10	113	85	1	45279880000	11
12112	45279	16	113	86	1	45279636001	11
12113	45279	17	114	86	1	45279819001	11
12114	45280	3	112	84	1	45280974001	11
12115	45280	9	112	85	1	45280771001	11
12116	45280	23	114	87	1	45280971001	11
12117	45280	29	114	88	1	45280508000	11
12118	45281	2	111	84	1	45281348001	11
12119	45281	15	112	86	1	45281960000	11
12120	45281	16	113	86	1	45281769000	11
12121	45281	22	113	87	1	45281216001	11
12122	45282	1	110	84	1	45282906000	11
12123	45282	8	111	85	1	45282606001	11
12124	45282	9	112	85	1	45282698001	11
12125	45282	28	113	88	1	45282546001	11
12126	45282	29	114	88	1	45282372001	11
12127	45282	35	114	89	1	45282060001	11
12128	45283	2	111	84	1	45283360001	11
12129	45283	7	110	85	1	45283707000	11
12130	45283	14	111	86	1	45283640000	11
12131	45283	15	112	86	1	45283912001	11
12132	45283	21	112	87	1	45283158000	11
12133	45283	22	113	87	1	45283193000	11
12134	45283	34	113	89	1	45283829000	11
12135	45283	35	114	89	1	45283950000	11
12136	45284	0	109	84	1	45284482000	10
12137	45284	1	110	84	1	45284677001	10
12138	45284	8	111	85	1	45284184001	10
12139	45284	20	111	87	1	45284947001	10
12140	45284	21	112	87	1	45284970001	10
12141	45284	27	112	88	1	45284293000	10
12142	45284	28	113	88	1	45284547001	10
12143	45285	6	109	85	1	45285822001	10
12144	45285	7	110	85	1	45285774001	10
12145	45285	13	110	86	1	45285465001	10
12146	45285	14	111	86	1	45285575001	10
12147	45285	26	111	88	1	45285926001	10
12148	45285	33	112	89	1	45285712001	10
12149	45285	34	113	89	1	45285712001	10
12150	45286	0	109	84	1	45286581000	10
12151	45286	19	110	87	1	45286784000	10
12152	45286	20	111	87	1	45286799001	10
12153	45286	27	112	88	1	45286049000	10
12154	45287	6	109	85	1	45287705001	10
12155	45287	12	109	86	1	45287176001	10
12156	45287	13	110	86	1	45287292001	10
12157	45287	25	110	88	1	45287781001	10
12158	45287	26	111	88	1	45287677001	10
12159	45287	32	111	89	1	45287399001	10
12160	45287	33	112	89	1	45287774000	10
12161	45288	18	109	87	1	45288129000	10
12162	45288	31	110	89	1	45288813000	9
12163	45289	12	109	86	1	45289575000	9
12164	45289	19	110	87	1	45289029000	9
12165	45289	24	109	88	1	45289130000	9
12166	45289	25	110	88	1	45289613001	9
12167	45290	18	109	87	1	45290072001	9
12168	45290	30	109	89	1	45290055001	9
12169	45290	31	110	89	1	45290659000	9
12170	45290	32	111	89	1	45290943000	9
12171	45291	24	109	88	1	45291418000	9
12172	45291	30	109	89	1	45291853001	9
12173	45294	8	111	85	1	45294137000	8
12174	45508	5	114	84	0	45508327001	18
12175	45508	11	114	85	0	45508197001	18
12176	45508	17	114	86	0	45508724001	18
12177	45508	23	114	87	0	45508622001	18
12178	45508	29	114	88	0	45508495001	18
12179	45508	35	114	89	0	45508341001	18
12180	45509	16	113	86	0	45509962001	18
12181	45510	4	113	84	0	45510026001	18
12182	45510	5	114	84	0	45510663001	18
12183	45510	10	113	85	0	45510496001	18
12184	45510	11	114	85	1	45510179001	18
12185	45510	22	113	87	1	45510017000	18
12186	45510	23	114	87	0	45510883000	18
12187	45510	28	113	88	0	45510195001	18
12188	45510	29	114	88	0	45510779000	18
12189	45510	34	113	89	0	45510244000	18
12190	45510	35	114	89	0	45510135000	18
12191	45511	3	112	84	0	45511421000	18
12192	45511	15	112	86	0	45511798000	18
12193	45511	17	114	86	0	45511007000	18
12194	45511	21	112	87	0	45511505000	18
12195	45511	27	112	88	0	45511727001	18
12196	45511	33	112	89	0	45511908000	18
12197	45512	4	113	84	0	45512106001	18
12198	45512	9	112	85	0	45512085000	18
12199	45512	16	113	86	0	45512150000	18
12200	45512	22	113	87	0	45512037000	18
12201	45512	28	113	88	0	45512268000	18
12202	45512	34	113	89	0	45512216001	18
12203	45513	2	111	84	0	45513293000	18
12204	45513	3	112	84	0	45513467000	17
12205	45513	8	111	85	0	45513595001	17
12206	45513	10	113	85	0	45513293000	18
12207	45513	14	111	86	0	45513201001	18
12208	45513	15	112	86	0	45513819000	17
12209	45513	20	111	87	0	45513224001	18
12210	45513	21	112	87	0	45513238001	18
12211	45513	26	111	88	0	45513232001	18
12212	45513	27	112	88	0	45513540000	17
12213	45513	32	111	89	0	45513268001	18
12214	45514	9	112	85	0	45514260000	17
12215	45514	13	110	86	0	45514945000	17
12216	45514	19	110	87	0	45514872000	17
12217	45514	31	110	89	0	45514688000	17
12218	45514	33	112	89	0	45514173000	17
12219	45515	1	110	84	0	45515072001	17
12220	45515	2	111	84	0	45515264001	17
12221	45515	7	110	85	0	45515235000	17
12222	45515	8	111	85	0	45515833001	17
12223	45515	12	109	86	0	45515581000	17
12224	45515	14	111	86	0	45515274000	17
12225	45515	20	111	87	0	45515636001	17
12226	45515	24	109	88	0	45515798001	17
12227	45515	25	110	88	0	45515030001	17
12228	45515	26	111	88	0	45515061001	17
12229	45516	0	109	84	0	45516527001	17
12230	45516	6	109	85	0	45516316001	17
12231	45516	18	109	87	0	45516410001	17
12232	45516	30	109	89	0	45516272001	17
12233	45516	31	110	89	0	45516848001	17
12234	45516	32	111	89	0	45516239000	17
12235	45517	1	110	84	0	45517002000	17
12236	45517	7	110	85	0	45517794001	17
12237	45517	12	109	86	0	45517429000	17
12238	45517	13	110	86	0	45517322000	17
12239	45517	19	110	87	0	45517273001	17
12240	45517	21	112	87	0	45517121001	17
12241	45517	24	109	88	0	45517934001	17
12242	45517	25	110	88	0	45517139000	17
12243	45518	0	109	84	0	45518844001	16
12244	45518	6	109	85	0	45518577001	17
12245	45518	18	109	87	0	45518748001	17
12246	45518	30	109	89	0	45518313000	17
12247	45522	21	112	87	0	45522360000	16
12248	45531	5	114	84	1	45531757000	14
12249	45532	4	113	84	1	45532790000	13
12250	45533	3	112	84	1	45533685000	13
12251	45533	10	113	85	1	45533616001	13
12252	45533	11	114	85	1	45533104001	13
12253	45533	17	114	86	1	45533976001	13
12254	45534	2	111	84	1	45534510000	13
12255	45534	9	112	85	1	45534818001	13
12256	45534	16	113	86	1	45534878000	13
12257	45534	23	114	87	1	45534935000	13
12258	45535	1	110	84	1	45535560001	13
12259	45535	8	111	85	1	45535074001	13
12260	45535	15	112	86	1	45535885001	12
12261	45535	22	113	87	1	45535719000	12
12262	45535	29	114	88	1	45535939000	12
12263	45536	0	109	84	1	45536255000	12
12264	45536	7	110	85	1	45536376000	12
12265	45536	8	111	85	1	45536471000	12
12266	45536	14	111	86	1	45536552001	12
12267	45536	21	112	87	1	45536482000	12
12268	45536	28	113	88	1	45536580001	12
12269	45536	35	114	89	1	45536821001	12
12270	45537	6	109	85	1	45537365001	12
12271	45537	13	110	86	1	45537525001	12
12272	45537	17	114	86	1	45537235001	12
12273	45537	20	111	87	1	45537347000	12
12274	45537	27	112	88	1	45537495000	12
12275	45537	34	113	89	1	45537494001	12
12276	45538	2	111	84	1	45538017001	12
12277	45538	7	110	85	1	45538218001	12
12278	45538	9	112	85	1	45538259001	12
12279	45538	10	113	85	1	45538655000	12
12280	45538	12	109	86	1	45538453000	12
12281	45538	18	109	87	1	45538999000	12
12282	45538	19	110	87	1	45538473001	12
12283	45538	21	112	87	1	45538386001	12
12284	45538	26	111	88	1	45538319001	12
12285	45538	33	112	89	1	45538636001	12
12286	45539	1	110	84	1	45539979001	11
12287	45539	20	111	87	1	45539502000	11
12288	45539	25	110	88	1	45539086000	12
12289	45539	27	112	88	1	45539351001	11
12290	45539	31	110	89	1	45539952000	11
12291	45539	32	111	89	1	45539213001	12
12292	45540	24	109	88	1	45540141000	11
12293	45540	28	113	88	1	45540666001	11
12294	45540	30	109	89	1	45540987001	11
12295	45540	34	113	89	1	45540890000	11
12296	45541	18	109	87	1	45541300000	11
12297	45541	25	110	88	1	45541305001	11
12298	45541	26	111	88	1	45541890001	11
12299	45542	31	110	89	1	45542168001	11
12300	45543	4	113	84	1	45543362001	10
12301	45543	22	113	87	1	45543015000	11
12302	45545	30	109	89	1	45545096001	10
12303	45563	3	112	84	1	45563139000	10
12304	45564	35	114	89	1	45564578000	10
12305	45567	0	109	84	1	45567180001	10
12306	45567	15	112	86	1	45567130000	10
12307	45712	3	112	84	0	45712280000	20
12308	45712	15	112	86	0	45712518001	20
12309	45714	35	114	89	0	45714179001	20
12310	45761	30	109	89	0	45761937001	9
12311	45764	24	109	88	0	45764894000	9
12312	45764	30	109	89	0	45764509001	9
12313	45764	31	110	89	0	45764557001	9
12314	45767	24	109	88	0	45767361001	9
12315	45767	31	110	89	0	45767615000	9
12316	45768	25	110	88	0	45768529001	9
12317	45768	30	109	89	0	45768872001	9
12318	45770	18	109	87	0	45770243001	10
12319	45775	24	109	88	1	45775128001	10
12320	45775	30	109	89	1	45775734000	10
12321	45775	31	110	89	1	45775145001	10
12322	45778	30	109	89	1	45778611000	10
12323	45814	18	109	87	1	45814985000	12
12324	45859	2	111	84	0	45859868000	20
12325	45861	22	113	87	0	45861549001	20
12326	46001	22	113	87	0	46001573001	12
12327	46058	24	109	88	0	46058781001	12
12328	46058	30	109	89	0	46058283001	12
12329	46058	31	110	89	0	46058694001	12
12330	46059	18	109	87	0	46059718001	12
12331	46059	25	110	88	0	46059495000	12
12332	46059	26	111	88	0	46059583001	12
12333	46059	32	111	89	0	46059099001	12
12334	46059	33	112	89	0	46059538001	12
12335	46059	34	113	89	0	46059706000	12
12336	46060	12	109	86	0	46060370000	12
12337	46060	13	110	86	0	46060912001	13
12338	46060	19	110	87	0	46060218000	12
12339	46060	20	111	87	0	46060486000	12
12340	46060	21	112	87	0	46060857000	13
12341	46060	27	112	88	0	46060054001	12
12342	46060	28	113	88	0	46060653001	12
12343	46060	29	114	88	0	46060963001	13
12344	46060	35	114	89	0	46060344001	12
12345	46061	6	109	85	0	46061413001	13
12346	46061	7	110	85	0	46061743000	13
12347	46061	14	111	86	0	46061395000	13
12348	46061	15	112	86	0	46061596001	13
12349	46061	22	113	87	0	46061377000	13
12350	46061	23	114	87	0	46061976001	13
12351	46061	24	109	88	0	46061586000	13
12352	46061	26	111	88	0	46061367000	13
12353	46061	27	112	88	0	46061754001	13
12354	46061	34	113	89	0	46061717001	13
12355	46062	0	109	84	0	46062077001	13
12356	46062	1	110	84	0	46062575001	13
12357	46062	2	111	84	0	46062839001	13
12358	46062	8	111	85	0	46062431001	13
12359	46062	9	112	85	0	46062676001	13
12360	46062	16	113	86	0	46062106000	13
12361	46062	17	114	86	0	46062912000	13
12362	46062	18	109	87	0	46062217000	13
12363	46062	20	111	87	0	46062750001	13
12364	46062	21	112	87	0	46062891001	13
12365	46062	25	110	88	0	46062085001	13
12366	46062	28	113	88	0	46062866000	13
12367	46062	29	114	88	0	46062828001	13
12368	46062	35	114	89	0	46062241000	13
12369	46063	3	112	84	0	46063202000	13
12370	46063	10	113	85	0	46063210000	13
12371	46063	11	114	85	0	46063516000	13
12372	46063	13	110	86	0	46063813001	13
12373	46063	15	112	86	0	46063663000	13
12374	46063	22	113	87	0	46063394001	13
12375	46063	30	109	89	0	46063070001	13
12376	46064	2	111	84	0	46064661001	14
12377	46064	4	113	84	0	46064071000	13
12378	46064	5	114	84	0	46064633001	14
12379	46064	9	112	85	0	46064971000	14
12380	46064	12	109	86	0	46064172000	13
12381	46064	14	111	86	0	46064334001	13
12382	46064	16	113	86	0	46064398000	14
12383	46065	1	110	84	0	46065074001	14
12384	46065	3	112	84	0	46065216000	14
12385	46065	6	109	85	0	46065588000	14
12386	46065	7	110	85	0	46065072001	14
12387	46065	11	114	85	0	46065534000	14
12388	46065	17	114	86	0	46065942000	14
12389	46066	4	113	84	0	46066560001	14
12390	46068	23	114	87	0	46068103001	15
12391	46068	34	113	89	0	46068001001	15
12392	46069	2	111	84	0	46069843000	15
12393	46069	24	109	88	0	46069865000	15
12394	46069	32	111	89	0	46069437001	15
12395	46070	10	113	85	0	46070851000	15
12396	46071	19	110	87	0	46071351000	15
12397	46074	27	112	88	0	46074365000	16
12398	46077	5	114	84	0	46077184001	16
12399	46077	20	111	87	0	46077886000	16
12400	46078	35	114	89	1	46078838000	16
12401	46079	29	114	88	1	46079808000	16
12402	46079	34	113	89	1	46079336000	16
12403	46080	27	112	88	1	46080879001	17
12404	46080	28	113	88	1	46080886000	17
12405	46080	32	111	89	1	46080615001	17
12406	46080	33	112	89	1	46080099000	17
12407	46080	35	114	89	1	46080615001	17
12408	46081	22	113	87	1	46081827000	17
12409	46081	23	114	87	1	46081295000	17
12410	46081	26	111	88	1	46081785001	17
12411	46081	29	114	88	1	46081584000	17
12412	46081	31	110	89	1	46081446000	17
12413	46081	33	112	89	1	46081899000	17
12414	46081	34	113	89	1	46081093001	17
12415	46082	17	114	86	1	46082751001	17
12416	46082	21	112	87	1	46082372000	17
12417	46082	25	110	88	1	46082500001	17
12418	46082	27	112	88	1	46082465000	17
12419	46082	28	113	88	1	46082848000	17
12420	46082	30	109	89	1	46082096000	17
12421	46083	11	114	85	1	46083767001	17
12422	46083	15	112	86	1	46083929000	17
12423	46083	16	113	86	1	46083056000	17
12424	46083	19	110	87	1	46083720000	17
12425	46083	20	111	87	1	46083030001	17
12426	46083	22	113	87	1	46083711001	17
12427	46083	23	114	87	1	46083566000	17
12428	46083	24	109	88	1	46083423001	17
12429	46083	26	111	88	1	46083359001	17
12430	46083	30	109	89	1	46083734000	17
12431	46083	31	110	89	1	46083210001	17
12432	46083	32	111	89	1	46083281000	17
12433	46084	5	114	84	1	46084942000	17
12434	46084	10	113	85	1	46084134000	17
12435	46084	14	111	86	1	46084429000	17
12436	46084	17	114	86	1	46084713001	17
12437	46084	18	109	87	1	46084603001	17
12438	46084	20	111	87	1	46084794001	17
12439	46084	21	112	87	1	46084116001	17
12440	46084	25	110	88	1	46084274001	17
12441	46085	4	113	84	1	46085784001	17
12442	46085	8	111	85	1	46085764000	17
12443	46085	9	112	85	1	46085173000	17
12444	46085	11	114	85	1	46085683001	17
12445	46085	12	109	86	1	46085949000	17
12446	46085	13	110	86	1	46085225001	17
12447	46085	15	112	86	1	46085886001	17
12448	46085	16	113	86	1	46085180001	17
12449	46085	19	110	87	1	46085627001	17
12450	46085	24	109	88	1	46085511001	17
12451	46086	3	112	84	1	46086500001	17
12452	46086	7	110	85	1	46086702001	17
12453	46086	9	112	85	1	46086931000	17
12454	46086	10	113	85	1	46086050000	17
12455	46086	14	111	86	1	46086286001	17
12456	46086	18	109	87	1	46086425000	17
12457	46087	1	110	84	1	46087866000	17
12458	46087	2	111	84	1	46087062001	17
12459	46087	4	113	84	1	46087777001	17
12460	46087	5	114	84	1	46087043001	17
12461	46087	6	109	85	1	46087471001	17
12462	46087	8	111	85	1	46087513001	17
12463	46087	12	109	86	1	46087936000	17
12464	46087	13	110	86	1	46087107001	17
12465	46088	0	109	84	1	46088790001	17
12466	46088	3	112	84	1	46088665000	17
12467	46088	7	110	85	1	46088422001	17
12468	46089	1	110	84	1	46089989001	17
12469	46089	2	111	84	1	46089155000	17
12470	46089	6	109	85	1	46089403000	17
12471	46091	0	109	84	1	46091058001	17
12472	46129	0	109	84	0	46129649001	13
12473	46130	1	110	84	0	46130651000	13
12474	46131	2	111	84	0	46131294000	12
12475	46131	3	112	84	0	46131704000	12
12476	46133	0	109	84	0	46133228001	12
12477	46133	1	110	84	0	46133096001	12
12478	46133	6	109	85	0	46133535001	12
12479	46134	7	110	85	0	46134197000	12
12480	46135	3	112	84	1	46135050000	12
12481	46135	8	111	85	0	46135498000	12
12482	46136	2	111	84	1	46136263000	12
12483	46136	7	110	85	0	46136663000	12
12484	46136	12	109	86	0	46136957001	12
12485	46137	1	110	84	1	46137057000	12
12486	46137	6	109	85	0	46137236001	12
12487	46137	8	111	85	1	46137368001	12
12488	46137	13	110	86	0	46137718000	12
12489	46138	0	109	84	1	46138249001	11
12490	46138	7	110	85	1	46138705001	11
12491	46139	6	109	85	1	46139660000	11
12492	46140	13	110	86	1	46140350000	11
12493	46141	12	109	86	1	46141209001	11
12494	46303	30	109	89	0	46303748000	18
12495	46304	18	109	87	0	46304916000	17
12496	46304	24	109	88	0	46304052000	18
12497	46304	31	110	89	0	46304627001	17
12498	46305	6	109	85	0	46305831000	17
12499	46305	12	109	86	0	46305174001	17
12500	46305	19	110	87	0	46305700001	17
12501	46305	24	109	88	0	46305997000	17
12502	46305	25	110	88	0	46305330000	17
12503	46305	30	109	89	0	46305802000	17
12504	46305	32	111	89	0	46305649001	17
12505	46306	0	109	84	0	46306480001	17
12506	46306	7	110	85	0	46306677001	17
12507	46306	13	110	86	0	46306145001	17
12508	46306	20	111	87	0	46306616000	17
12509	46306	26	111	88	0	46306071001	17
12510	46306	27	112	88	0	46306963001	17
12511	46306	33	112	89	0	46306591000	17
12512	46307	1	110	84	0	46307428001	17
12513	46307	8	111	85	0	46307788001	17
12514	46307	12	109	86	0	46307460000	17
12515	46307	14	111	86	0	46307054001	17
12516	46307	18	109	87	0	46307683000	17
12517	46307	21	112	87	0	46307312001	17
12518	46307	26	111	88	0	46307808001	17
12519	46307	28	113	88	0	46307999001	17
12520	46307	31	110	89	0	46307281001	17
12521	46307	34	113	89	0	46307490001	17
12522	46308	2	111	84	0	46308140001	17
12523	46308	3	112	84	0	46308802000	16
12524	46308	6	109	85	0	46308102000	17
12525	46308	7	110	85	0	46308987001	16
12526	46308	9	112	85	0	46308793001	16
12527	46308	13	110	86	0	46308400000	16
12528	46308	15	112	86	0	46308153000	17
12529	46308	16	113	86	0	46308999000	16
12530	46308	19	110	87	0	46308515000	16
12531	46308	20	111	87	0	46308572000	16
12532	46308	22	113	87	0	46308354001	17
12533	46308	25	110	88	0	46308053001	17
12534	46308	27	112	88	0	46308772000	16
12535	46308	29	114	88	0	46308656000	16
12536	46308	32	111	89	0	46308457000	16
12537	46308	35	114	89	0	46308102000	17
12538	46309	0	109	84	0	46309573000	16
12539	46309	8	111	85	0	46309869000	16
12540	46309	10	113	85	0	46309791000	16
12541	46309	14	111	86	0	46309364001	16
12542	46309	15	112	86	0	46309953000	16
12543	46309	21	112	87	0	46309352000	16
12544	46309	23	114	87	0	46309334000	16
12545	46309	28	113	88	0	46309886000	16
12546	46309	34	113	89	0	46309718001	16
12547	46310	1	110	84	0	46310188001	16
12548	46310	2	111	84	0	46310188001	16
12549	46310	3	112	84	0	46310742000	16
12550	46310	4	113	84	0	46310324001	16
12551	46310	9	112	85	0	46310844001	16
12552	46310	11	114	85	0	46310471000	16
12553	46310	12	109	86	0	46310975000	16
12554	46310	17	114	86	1	46310128000	16
12555	46310	22	113	87	0	46310256001	16
12556	46310	26	111	88	0	46310666000	16
12557	46310	29	114	88	0	46310516000	16
12558	46310	35	114	89	0	46310127001	16
12559	46311	5	114	84	0	46311243000	16
12560	46311	16	113	86	0	46311381000	16
12561	46311	18	109	87	0	46311680001	16
12562	46311	23	114	87	0	46311503001	16
12563	46312	4	113	84	0	46312982000	16
12564	46312	10	113	85	0	46312398001	16
12565	46312	11	114	85	0	46312800001	16
12566	46312	17	114	86	0	46312665001	16
12567	46316	5	114	84	0	46316731000	15
12568	46316	33	112	89	0	46316290001	15
12569	46317	6	109	85	0	46317054000	15
12570	46326	21	112	87	0	46326800000	14
12571	46327	2	111	84	0	46327833000	14
12572	46328	27	112	88	0	46328418000	14
12573	46334	0	109	84	1	46334488001	14
12574	46334	6	109	85	1	46334846000	14
12575	46335	1	110	84	1	46335633001	14
12576	46335	12	109	86	1	46335245001	14
12577	46335	18	109	87	1	46335704000	14
12578	46336	7	110	85	1	46336028000	14
12579	46336	13	110	86	1	46336435001	14
12580	46336	24	109	88	1	46336171000	14
12581	46336	30	109	89	1	46336611000	14
12582	46337	2	111	84	1	46337257001	13
12583	46337	8	111	85	1	46337392001	13
12584	46337	14	111	86	1	46337974001	13
12585	46337	19	110	87	1	46337011000	13
12586	46337	25	110	88	1	46337587000	13
12587	46337	31	110	89	1	46337646000	13
12588	46338	1	110	84	1	46338662000	13
12589	46338	3	112	84	1	46338401000	13
12590	46338	11	114	85	0	46338569000	13
12591	46338	20	111	87	1	46338558000	13
12592	46338	26	111	88	1	46338938000	13
12593	46339	8	111	85	1	46339084000	13
12594	46339	9	112	85	1	46339121000	13
12595	46339	15	112	86	1	46339543000	13
12596	46339	21	112	87	1	46339640001	13
12597	46339	32	111	89	1	46339427001	13
12598	46340	4	113	84	1	46340347001	13
12599	46340	10	113	85	1	46340747001	13
12600	46340	13	110	86	1	46340706000	13
12601	46340	27	112	88	1	46340035000	13
12602	46340	33	112	89	1	46340739000	13
12603	46341	5	114	84	1	46341516000	13
12604	46341	7	110	85	1	46341052000	13
12605	46341	16	113	86	1	46341169001	13
12606	46341	21	112	87	1	46341510000	13
12607	46341	22	113	87	1	46341728001	13
12608	46341	27	112	88	1	46341868000	13
12609	46341	31	110	89	1	46341053001	13
12610	46342	9	112	85	1	46342589001	13
12611	46342	11	114	85	1	46342203000	13
12612	46342	17	114	86	1	46342894001	13
12613	46342	20	111	87	1	46342508001	13
12614	46342	26	111	88	1	46342480001	13
12615	46342	28	113	88	1	46342101000	13
12616	46342	34	113	89	1	46342348001	13
12617	46343	3	112	84	1	46343750000	13
12618	46343	15	112	86	1	46343261000	13
12619	46343	23	114	87	1	46343257001	13
12620	46343	29	114	88	1	46343713001	13
12621	46343	30	109	89	1	46343770000	13
12622	46343	33	112	89	1	46343779000	13
12623	46344	5	114	84	1	46344069000	13
12624	46344	11	114	85	1	46344623000	13
12625	46344	34	113	89	1	46344358000	13
12626	46344	35	114	89	1	46344258001	13
12627	46345	16	113	86	1	46345507000	13
12628	46345	25	110	88	1	46345619000	13
12629	46345	28	113	88	1	46345084000	13
12630	46345	29	114	88	1	46345835001	13
12631	46346	4	113	84	1	46346527001	13
12632	46346	22	113	87	1	46346868001	13
12633	46346	23	114	87	1	46346067000	13
12634	46346	35	114	89	1	46346407000	13
12635	46347	17	114	86	1	46347705000	13
12636	46348	10	113	85	1	46348392000	13
12637	46356	18	109	87	1	46356238000	13
12638	46368	29	114	88	0	46368974001	12
12639	46368	35	114	89	0	46368798000	12
12640	46369	23	114	87	0	46369662000	12
12641	46370	17	114	86	0	46370022000	12
12642	46370	22	113	87	0	46370881000	12
12643	46370	29	114	88	0	46370924001	12
12644	46370	34	113	89	0	46370808001	12
12645	46371	23	114	87	1	46371762000	12
12646	46371	28	113	88	0	46371439001	12
12647	46371	35	114	89	0	46371202001	12
12648	46372	29	114	88	1	46372498000	12
12649	46372	35	114	89	1	46372867000	12
12650	46373	17	114	86	1	46373607000	12
12651	46373	28	113	88	1	46373242000	12
12652	46373	33	112	89	0	46373068001	12
12653	46373	34	113	89	1	46373591000	12
12654	46374	22	113	87	1	46374129001	12
12655	46375	33	112	89	1	46375334001	12
12656	46385	12	109	86	1	46385767001	10
12657	46387	2	111	84	1	46387821001	9
12658	46388	14	111	86	1	46388947001	9
12659	46466	5	114	84	0	46466757001	15
12660	46467	11	114	85	0	46467755000	16
12661	46468	4	113	84	0	46468016000	16
12662	46469	3	112	84	0	46469279000	16
12663	46469	10	113	85	0	46469315001	16
12664	46469	17	114	86	0	46469249000	16
12665	46470	2	111	84	0	46470815001	16
12666	46470	4	113	84	0	46470546000	16
12667	46470	5	114	84	0	46470263001	16
12668	46470	11	114	85	0	46470238001	16
12669	46470	16	113	86	0	46470343000	16
12670	46470	23	114	87	0	46470367001	16
12671	46471	3	112	84	0	46471671001	16
12672	46471	9	112	85	0	46471036000	16
12673	46471	10	113	85	0	46471866000	16
12674	46471	22	113	87	0	46471922000	16
12675	46471	29	114	88	0	46471566001	16
12676	46472	1	110	84	0	46472967000	16
12677	46472	2	111	84	0	46472794001	16
12678	46472	15	112	86	0	46472495001	16
12679	46472	17	114	86	0	46472342000	16
12680	46473	8	111	85	0	46473080001	16
12681	46473	9	112	85	0	46473447000	16
12682	46473	14	111	86	0	46473984001	16
12683	46473	16	113	86	0	46473010001	16
12684	46473	21	112	87	0	46473852001	16
12685	46473	23	114	87	0	46473117001	16
12686	46473	28	113	88	0	46473479000	16
12687	46473	29	114	88	0	46473502001	16
12688	46473	35	114	89	0	46473333001	16
12689	46474	7	110	85	0	46474729001	16
12690	46474	15	112	86	0	46474807000	17
12691	46474	22	113	87	0	46474181001	16
12692	46474	34	113	89	0	46474770000	17
12693	46475	0	109	84	0	46475250001	17
12694	46475	1	110	84	1	46475325000	17
12695	46475	2	111	84	0	46475333000	17
12696	46475	5	114	84	1	46475614000	17
12697	46475	20	111	87	0	46475729001	17
12698	46475	21	112	87	0	46475939001	17
12699	46475	27	112	88	0	46475490001	17
12700	46475	28	113	88	0	46475858001	17
12701	46475	35	114	89	0	46475802001	17
12702	46476	6	109	85	0	46476882001	17
12703	46476	8	111	85	0	46476363000	17
12704	46476	11	114	85	1	46476578001	17
12705	46476	13	110	86	0	46476054000	17
12706	46476	14	111	86	0	46476718000	17
12707	46476	17	114	86	1	46476783000	17
12708	46476	23	114	87	1	46476843001	17
12709	46476	26	111	88	0	46476991000	17
12710	46476	34	113	89	0	46476899001	17
12711	46477	7	110	85	0	46477112000	17
12712	46477	12	109	86	0	46477410000	17
12713	46477	15	112	86	0	46477714000	17
12714	46477	33	112	89	0	46477168000	17
12715	46478	0	109	84	0	46478266000	17
12716	46478	5	114	84	1	46478748001	17
12717	46478	13	110	86	0	46478533000	17
12718	46478	19	110	87	0	46478354001	17
12719	46478	20	111	87	0	46478099000	17
12720	46478	26	111	88	0	46478943001	17
12721	46478	27	112	88	0	46478442001	17
12722	46478	29	114	88	1	46478248001	17
12723	46479	7	110	85	0	46479853000	17
12724	46479	11	114	85	1	46479332000	17
12725	46479	12	109	86	0	46479838001	17
12726	46479	17	114	86	1	46479355000	17
12727	46479	18	109	87	0	46479869001	17
12728	46479	21	112	87	0	46479080001	17
12729	46479	23	114	87	1	46479541000	17
12730	46479	25	110	88	0	46479435001	17
12731	46479	32	111	89	0	46479439000	17
12732	46479	35	114	89	1	46479068000	17
12733	46480	4	113	84	1	46480159001	17
12734	46480	6	109	85	0	46480089000	17
12735	46480	10	113	85	1	46480227000	17
12736	46480	14	111	86	0	46480952001	17
12737	46480	16	113	86	1	46480622001	17
12738	46480	28	113	88	1	46480963001	17
12739	46480	33	112	89	0	46480132000	17
12740	46481	19	110	87	0	46481906001	17
12741	46481	22	113	87	1	46481352001	17
12742	46481	24	109	88	0	46481742000	17
12743	46481	26	111	88	0	46481358000	17
12744	46481	29	114	88	1	46481202001	17
12745	46481	31	110	89	0	46481281001	17
12746	46482	4	113	84	1	46482986001	17
12747	46482	12	109	86	0	46482914001	17
12748	46482	13	110	86	0	46482674001	17
12749	46482	18	109	87	0	46482698000	17
12750	46482	20	111	87	0	46482015000	17
12751	46482	21	112	87	1	46482901000	17
12752	46482	25	110	88	0	46482344000	17
12753	46482	32	111	89	0	46482380000	17
12754	46482	34	113	89	1	46482480001	17
12755	46482	35	114	89	1	46482442000	17
12756	46483	10	113	85	1	46483093001	17
12757	46483	16	113	86	1	46483915001	17
12758	46483	28	113	88	1	46483844000	17
12759	46483	30	109	89	0	46483551000	17
12760	46483	31	110	89	0	46483551000	17
12761	46484	3	112	84	1	46484682000	17
12762	46484	22	113	87	1	46484495001	17
12763	46484	24	109	88	0	46484545000	17
12764	46484	27	112	88	1	46484902000	17
12765	46485	9	112	85	1	46485272001	17
12766	46485	15	112	86	1	46485363000	17
12767	46485	33	112	89	1	46485903001	17
12768	46485	34	113	89	1	46485370001	17
12769	46486	30	109	89	0	46486292000	17
12770	46487	2	111	84	1	46487891000	18
12771	46487	3	112	84	1	46487467001	18
12772	46487	21	112	87	1	46487376000	18
12773	46487	31	110	89	0	46487453001	18
12774	46488	9	112	85	1	46488055001	18
12775	46488	15	112	86	1	46488703001	18
12776	46488	27	112	88	1	46488481000	18
12777	46489	8	111	85	1	46489126000	18
12778	46489	14	111	86	1	46489599000	18
12779	46489	18	109	87	0	46489405000	18
12780	46489	20	111	87	1	46489598001	18
12781	46489	26	111	88	1	46489445001	18
12782	46489	33	112	89	1	46489052001	18
12783	46490	21	112	87	1	46490402001	18
12784	46490	32	111	89	1	46490657000	18
12785	46491	24	109	88	0	46491731001	18
12786	46491	27	112	88	1	46491683001	18
12787	46492	3	112	84	1	46492698000	18
12788	46492	8	111	85	1	46492231001	18
12789	46493	2	111	84	1	46493158001	18
12790	46493	7	110	85	1	46493384000	18
12791	46493	9	112	85	1	46493831000	18
12792	46493	14	111	86	1	46493452000	18
12793	46493	20	111	87	1	46493481001	18
12794	46493	26	111	88	1	46493240000	18
12795	46494	8	111	85	1	46494886001	18
12796	46494	32	111	89	1	46494866001	18
12797	46494	33	112	89	1	46494807001	18
12798	46495	3	112	84	0	46495490001	18
12799	46495	19	110	87	1	46495439000	18
12800	46496	13	110	86	1	46496161001	18
12801	46496	25	110	88	1	46496707001	18
12802	46496	26	111	88	1	46496911000	18
12803	46496	31	110	89	1	46496000001	18
12804	46498	2	111	84	0	46498026001	18
12805	46498	3	112	84	0	46498905001	18
12806	46498	4	113	84	0	46498047000	18
12807	46498	20	111	87	1	46498866000	18
12808	46499	5	114	84	0	46499179000	18
12809	46499	19	110	87	1	46499982001	18
12810	46500	8	111	85	0	46500051000	18
12811	46500	9	112	85	0	46500305000	18
12812	46500	13	110	86	1	46500026000	18
12813	46500	25	110	88	1	46500671000	18
12814	46500	31	110	89	1	46500470000	18
12815	46501	2	111	84	0	46501415001	18
12816	46501	4	113	84	0	46501924001	18
12817	46501	18	109	87	1	46501831001	18
12818	46502	3	112	84	0	46502798000	18
12819	46502	24	109	88	1	46502981000	18
12820	46503	5	114	84	0	46503113000	18
12821	46503	9	112	85	0	46503009000	18
12822	46503	10	113	85	0	46503847001	18
12823	46503	12	109	86	1	46503482000	18
12824	46503	31	110	89	1	46503872001	18
12825	46504	8	111	85	0	46504048000	18
12826	46504	13	110	86	0	46504076000	18
12827	46504	30	109	89	1	46504430000	18
12828	46505	11	114	85	0	46505252000	18
12829	46505	14	111	86	0	46505949001	18
12830	46505	25	110	88	1	46505025001	18
12831	46506	4	113	84	0	46506741000	17
12832	46507	2	111	84	0	46507361001	17
12833	46507	5	114	84	1	46507070000	17
12834	46507	9	112	85	0	46507538001	17
12835	46507	15	112	86	0	46507043001	17
12836	46508	7	110	85	0	46508757001	17
12837	46508	10	113	85	0	46508004000	17
12838	46508	16	113	86	0	46508735001	17
12839	46508	24	109	88	1	46508983001	17
12840	46509	8	111	85	0	46509001000	17
12841	46509	11	114	85	0	46509920001	17
12842	46509	13	110	86	0	46509158000	17
12843	46509	14	111	86	0	46509464001	17
12844	46509	20	111	87	0	46509991000	17
12845	46509	30	109	89	1	46509885000	17
12846	46510	3	112	84	0	46510908001	17
12847	46510	9	112	85	0	46510965000	17
12848	46510	15	112	86	0	46510313001	17
12849	46510	19	110	87	0	46510072001	17
12850	46511	12	109	86	0	46511028001	17
12851	46511	16	113	86	0	46511312001	17
12852	46511	17	114	86	0	46511439001	17
12853	46512	15	112	86	0	46512615001	17
12854	46512	20	111	87	0	46512632001	17
12855	46512	21	112	87	0	46512259000	17
12856	46513	10	113	85	0	46513538000	17
12857	46513	11	114	85	0	46513876001	17
12858	46513	24	109	88	0	46513042000	17
12859	46514	14	111	86	0	46514230000	17
12860	46514	18	109	87	0	46514594001	17
12861	46514	19	110	87	0	46514952001	17
12862	46514	21	112	87	0	46514499001	17
12863	46514	22	113	87	0	46514107001	17
12864	46514	25	110	88	0	46514181001	17
12865	46515	16	113	86	0	46515618001	17
12866	46515	17	114	86	0	46515249000	17
12867	46515	26	111	88	0	46515462000	17
12868	46516	20	111	87	0	46516681000	17
12869	46516	22	113	87	0	46516252001	17
12870	46516	23	114	87	0	46516578001	17
12871	46517	21	112	87	0	46517643000	17
12872	46517	24	109	88	0	46517694000	17
12873	46517	25	110	88	0	46517161001	17
12874	46517	26	111	88	0	46517648001	17
12875	46517	27	112	88	0	46517087001	17
12876	46518	15	112	86	0	46518132001	17
12877	46518	16	113	86	0	46518738000	17
12878	46518	30	109	89	0	46518520001	17
12879	46519	17	114	86	0	46519636000	17
12880	46519	22	113	87	0	46519515000	17
12881	46519	27	112	88	0	46519636000	17
12882	46519	31	110	89	0	46519134001	17
12883	46520	5	114	84	1	46520521001	17
12884	46520	23	114	87	0	46520209001	17
12885	46520	26	111	88	0	46520996001	17
12886	46520	28	113	88	0	46520176000	17
12887	46520	29	114	88	0	46520820001	17
12888	46521	19	110	87	0	46521083000	17
12889	46521	20	111	87	0	46521732000	16
12890	46521	21	112	87	0	46521339000	16
12891	46521	24	109	88	0	46521008001	17
12892	46521	25	110	88	0	46521387000	16
12893	46521	32	111	89	0	46521450001	16
12894	46522	3	112	84	1	46522591000	16
12895	46522	4	113	84	1	46522046001	16
12896	46522	30	109	89	0	46522051000	16
12897	46522	31	110	89	0	46522690000	16
12898	46522	33	112	89	0	46522346000	16
12899	46523	2	111	84	1	46523690001	16
12900	46523	5	114	84	1	46523132000	16
12901	46523	23	114	87	0	46523875001	16
12902	46523	27	112	88	0	46523244000	16
12903	46523	28	113	88	0	46523508000	16
12904	46523	29	114	88	0	46523020001	16
12905	46524	1	110	84	1	46524514001	16
12906	46524	4	113	84	1	46524776001	16
12907	46524	22	113	87	0	46524952000	16
12908	46524	26	111	88	0	46524895001	16
12909	46524	34	113	89	0	46524077000	16
12910	46524	35	114	89	0	46524741000	16
12911	46525	0	109	84	1	46525522001	16
12912	46525	2	111	84	1	46525951000	16
12913	46525	3	112	84	1	46525601001	16
12914	46525	11	114	85	1	46525881000	16
12915	46525	30	109	89	0	46525284000	16
12916	46525	33	112	89	0	46525891001	16
12917	46526	10	113	85	1	46526413000	16
12918	46526	14	111	86	0	46526744001	16
12919	46526	27	112	88	0	46526780001	16
12920	46526	28	113	88	0	46526999001	16
12921	46526	29	114	88	0	46526180001	16
12922	46526	31	110	89	0	46526822001	16
12923	46526	32	111	89	0	46526159000	16
12924	46526	34	113	89	0	46526372001	16
12925	46527	1	110	84	1	46527142000	16
12926	46527	8	111	85	1	46527874000	16
12927	46527	9	112	85	1	46527357001	16
12928	46527	35	114	89	0	46527040000	16
12929	46528	0	109	84	1	46528268000	16
12930	46528	7	110	85	1	46528785000	16
12931	46528	10	113	85	1	46528977000	16
12932	46528	11	114	85	1	46528496000	16
12933	46529	6	109	85	1	46529643000	16
12934	46529	8	111	85	1	46529858000	16
12935	46529	9	112	85	1	46529924001	16
12936	46529	35	114	89	0	46529913001	16
12937	46530	7	110	85	1	46530958000	16
12938	46530	16	113	86	1	46530716000	16
12939	46530	17	114	86	1	46530139000	16
12940	46530	29	114	88	0	46530755000	16
12941	46530	33	112	89	0	46530129001	16
12942	46530	34	113	89	0	46530089001	16
12943	46531	6	109	85	1	46531856000	16
12944	46531	14	111	86	1	46531307000	16
12945	46531	15	112	86	1	46531643001	16
12946	46532	13	110	86	1	46532847001	15
12947	46532	17	114	86	1	46532671001	16
12948	46532	32	111	89	0	46532946001	15
12949	46533	12	109	86	1	46533310000	15
12950	46533	14	111	86	1	46533822001	15
12951	46533	16	113	86	1	46533240000	15
12952	46533	35	114	89	0	46533624001	15
12953	46534	15	112	86	1	46534336001	15
12954	46534	22	113	87	1	46534875000	15
12955	46534	23	114	87	1	46534240000	15
12956	46535	12	109	86	1	46535811001	15
12957	46535	13	110	86	1	46535007000	15
12958	46535	21	112	87	1	46535370001	15
12959	46536	8	111	85	1	46536996001	15
12960	46536	19	110	87	1	46536494000	15
12961	46536	20	111	87	1	46536053001	15
12962	46536	23	114	87	1	46536947000	15
12963	46537	18	109	87	1	46537647000	15
12964	46537	21	112	87	1	46537416001	15
12965	46537	22	113	87	1	46537496000	15
12966	46537	29	114	88	1	46537689001	15
12967	46538	19	110	87	1	46538958001	15
12968	46538	20	111	87	1	46538249001	15
12969	46538	27	112	88	1	46538203001	15
12970	46538	28	113	88	1	46538672000	15
12971	46539	26	111	88	1	46539445001	15
12972	46540	24	109	88	1	46540643001	15
12973	46540	25	110	88	1	46540603000	15
12974	46540	27	112	88	1	46540465000	15
12975	46540	29	114	88	1	46540006000	15
12976	46541	18	109	87	1	46541256000	15
12977	46541	26	111	88	1	46541688001	15
12978	46541	28	113	88	1	46541146000	15
12979	46541	35	114	89	1	46541367001	15
12980	46542	33	112	89	1	46542440000	15
12981	46542	34	113	89	1	46542602001	15
12982	46543	24	109	88	1	46543256000	14
12983	46543	25	110	88	1	46543157001	14
12984	46543	31	110	89	1	46543425000	14
12985	46543	32	111	89	1	46543299000	14
12986	46543	35	114	89	1	46543679000	14
12987	46544	30	109	89	1	46544217001	14
12988	46544	33	112	89	1	46544784000	14
12989	46544	34	113	89	1	46544977001	14
12990	46545	31	110	89	1	46545654000	14
12991	46546	30	109	89	1	46546449001	14
12992	46546	32	111	89	1	46546417000	14
12993	46548	27	112	88	1	46548444001	14
12994	46552	29	114	88	1	46552872001	14
12995	46553	21	112	87	1	46553303000	14
12996	46649	31	110	89	1	46649692001	15
12997	46653	21	112	87	0	46653283001	15
12998	46795	30	109	89	0	46795498001	12
12999	46796	24	109	88	0	46796167000	13
13000	46797	18	109	87	0	46797770000	13
13001	46797	31	110	89	0	46797119001	13
13002	46798	12	109	86	0	46798984000	13
13003	46798	24	109	88	0	46798329001	13
13004	46798	25	110	88	0	46798935000	13
13005	46798	30	109	89	0	46798004000	13
13006	46799	31	110	89	0	46799640001	13
13007	46800	6	109	85	0	46800881000	14
13008	46800	18	109	87	0	46800190001	13
13009	46800	19	110	87	0	46800604000	13
13010	46800	32	111	89	0	46800497000	13
13011	46801	12	109	86	0	46801460000	14
13012	46801	25	110	88	0	46801985001	14
13013	46802	0	109	84	0	46802615001	14
13014	46802	13	110	86	0	46802348001	14
13015	46802	24	109	88	0	46802328001	14
13016	46802	26	111	88	0	46802393001	14
13017	46803	6	109	85	0	46803716001	14
13018	46803	7	110	85	0	46803958001	14
13019	46803	18	109	87	0	46803628001	14
13020	46803	19	110	87	0	46803338001	14
13021	46803	30	109	89	1	46803679001	14
13022	46804	20	111	87	0	46804275000	14
13023	46804	31	110	89	1	46804138001	14
13024	46805	0	109	84	0	46805902001	15
13025	46805	1	110	84	0	46805398001	14
13026	46805	12	109	86	0	46805121000	14
13027	46805	13	110	86	0	46805732000	14
13028	46805	24	109	88	1	46805350000	14
13029	46805	27	112	88	0	46805453000	14
13030	46805	32	111	89	1	46805911001	15
13031	46806	7	110	85	0	46806678000	15
13032	46806	14	111	86	0	46806351000	15
13033	46806	21	112	87	0	46806427000	15
13034	46806	25	110	88	1	46806583001	15
13035	46807	6	109	85	0	46807626000	15
13036	46807	8	111	85	0	46807245001	15
13037	46807	18	109	87	1	46807406000	15
13038	46807	24	109	88	1	46807589000	15
13039	46807	30	109	89	1	46807769001	15
13040	46808	1	110	84	0	46808212000	15
13041	46808	26	111	88	1	46808192000	15
13042	46808	31	110	89	1	46808352000	15
13043	46809	2	111	84	0	46809836000	15
13044	46809	14	111	86	0	46809604000	15
13045	46809	18	109	87	1	46809972001	15
13046	46809	19	110	87	1	46809165000	15
13047	46809	21	112	87	0	46809467000	15
13048	46809	25	110	88	1	46809447000	15
13049	46810	0	109	84	0	46810596001	15
13050	46810	7	110	85	0	46810304001	15
13051	46810	8	111	85	0	46810081001	15
13052	46810	12	109	86	1	46810123000	15
13053	46810	13	110	86	1	46810891000	15
13054	46810	15	112	86	0	46810135001	15
13055	46811	1	110	84	0	46811962001	16
13056	46811	20	111	87	1	46811032000	15
13057	46811	27	112	88	1	46811183000	15
13058	46812	2	111	84	0	46812557000	16
13059	46812	19	110	87	1	46812035001	16
13060	46812	21	112	87	1	46812306000	16
13061	46813	7	110	85	1	46813561000	16
13062	46813	9	112	85	0	46813027000	16
13063	46813	12	109	86	1	46813216000	16
13064	46813	13	110	86	1	46813911000	16
13065	46814	3	112	84	0	46814610001	16
13066	46814	6	109	85	1	46814066000	16
13067	46814	14	111	86	1	46814473000	16
13068	46817	0	109	84	1	46817559001	16
13069	46817	3	112	84	0	46817895000	17
13070	46817	6	109	85	1	46817558000	16
13071	46817	7	110	85	1	46817397000	16
13072	46817	9	112	85	0	46817273000	16
13073	46817	15	112	86	1	46817210001	16
13074	46818	1	110	84	1	46818816000	17
13075	46819	8	111	85	1	46819689001	17
13076	46820	7	110	85	1	46820588001	17
13077	46821	13	110	86	1	46821870000	17
13078	46822	9	112	85	1	46822177001	17
13079	46824	0	109	84	1	46824278000	17
13080	46824	1	110	84	1	46824073000	17
13081	46824	6	109	85	1	46824574000	17
13082	46828	8	111	85	1	46828471001	18
13083	46833	1	110	84	0	46833919001	18
13084	46833	9	112	85	0	46833334001	18
13085	46834	0	109	84	0	46834972001	18
13086	46834	3	112	84	1	46834874000	18
13087	46834	6	109	85	0	46834820001	18
13088	46834	7	110	85	0	46834851001	18
13089	46834	8	111	85	0	46834257001	18
13090	46837	1	110	84	0	46837974001	18
13091	46838	6	109	85	0	46838159000	18
13092	46838	7	110	85	0	46838365001	18
13093	46838	13	110	86	0	46838493000	18
13094	46838	15	112	86	0	46838342000	18
13095	46839	8	111	85	0	46839987001	18
13096	46839	9	112	85	1	46839365001	18
13097	46839	14	111	86	0	46839590001	18
13098	46840	0	109	84	0	46840262001	18
13099	46840	2	111	84	1	46840349001	18
13100	46840	12	109	86	0	46840668001	19
13101	46841	6	109	85	0	46841894001	19
13102	46841	13	110	86	0	46841341000	19
13103	46843	8	111	85	1	46843264000	19
13104	46843	12	109	86	0	46843283000	19
13105	46843	19	110	87	0	46843759000	19
13106	46843	20	111	87	0	46843728000	19
13107	46844	1	110	84	1	46844074000	19
13108	46845	13	110	86	0	46845890000	19
13109	46845	18	109	87	0	46845111001	19
13110	46846	12	109	86	0	46846123000	19
13111	46846	14	111	86	1	46846352001	19
13112	46846	25	110	88	0	46846996000	19
13113	46846	26	111	88	0	46846673001	19
13114	46847	0	109	84	1	46847512001	19
13115	46847	1	110	84	1	46847268000	19
13116	46847	19	110	87	0	46847425001	19
13117	46847	24	109	88	0	46847115001	19
13118	46848	2	111	84	1	46848815001	19
13119	46848	7	110	85	1	46848002001	19
13120	46848	18	109	87	0	46848463001	19
13121	46849	6	109	85	1	46849560001	19
13122	46849	8	111	85	1	46849333001	19
13123	46849	20	111	87	1	46849185000	19
13124	46849	24	109	88	0	46849341001	19
13125	46850	7	110	85	1	46850731001	19
13126	46850	13	110	86	1	46850180001	19
13127	46850	25	110	88	0	46850875001	19
13128	46850	26	111	88	1	46850548001	19
13129	46850	30	109	89	0	46850405001	19
13130	46850	31	110	89	0	46850030001	19
13131	46850	32	111	89	0	46850226000	19
13132	46851	0	109	84	1	46851577000	19
13133	46851	12	109	86	1	46851355000	19
13134	46852	19	110	87	1	46852141001	19
13135	46852	24	109	88	0	46852353001	19
13136	46853	6	109	85	1	46853179000	19
13137	46853	30	109	89	0	46853045001	19
13138	46853	31	110	89	0	46853327000	19
13139	46854	12	109	86	1	46854979000	19
13140	46854	18	109	87	1	46854590001	19
13141	46854	25	110	88	1	46854069001	19
13142	46855	1	110	84	1	46855703000	19
13143	46855	13	110	86	1	46855832000	19
13144	46855	19	110	87	1	46855559000	19
13145	46856	24	109	88	1	46856821001	19
13146	46856	31	110	89	1	46856623000	19
13147	46857	6	109	85	1	46857702001	19
13148	46857	18	109	87	1	46857728001	19
13149	46858	25	110	88	1	46858041000	19
13150	46859	24	109	88	1	46859465000	18
13151	46860	30	109	89	1	46860269001	18
13152	46863	12	109	86	1	46863499000	18
13153	46863	31	110	89	1	46863617000	18
13154	46864	30	109	89	1	46864134000	18
13155	47125	3	112	84	0	47125208001	7
13156	47125	4	113	84	0	47125466001	7
13157	47125	5	114	84	0	47125593001	7
13158	47126	2	111	84	0	47126257001	7
13159	47127	1	110	84	0	47127101001	8
13160	47128	11	114	85	0	47128331001	8
13161	47130	9	112	85	0	47130064000	9
13162	47130	10	113	85	0	47130724001	9
13163	47132	7	110	85	0	47132096000	9
13164	47132	16	113	86	0	47132350001	10
13165	47132	17	114	86	0	47132371000	10
13166	47134	9	112	85	1	47134803000	10
13167	47134	15	112	86	0	47134919001	10
13168	47135	12	109	86	0	47135741001	11
13169	47135	13	110	86	0	47135541001	11
13170	47136	22	113	87	0	47136477000	11
13171	47136	23	114	87	0	47136447000	11
13172	47137	21	112	87	0	47137821001	11
13173	47139	29	114	88	0	47139965001	12
13174	47140	19	110	87	0	47140627001	12
13175	47141	3	112	84	1	47141538000	12
13176	47141	20	111	87	0	47141793000	12
13177	47142	23	114	87	1	47142440001	13
13178	47142	27	112	88	0	47142221000	13
13179	47142	28	113	88	0	47142381000	13
13180	47143	26	111	88	0	47143957000	13
13181	47145	13	110	86	1	47145871000	14
13182	47145	35	114	89	0	47145916000	14
13183	47146	24	109	88	0	47146106001	14
13184	47146	25	110	88	0	47146307000	14
13185	47147	34	113	89	0	47147356001	14
13186	47149	33	112	89	0	47149234000	15
13187	47150	31	110	89	0	47150786001	15
13188	47152	22	113	87	1	47152554001	16
13189	47155	30	109	89	0	47155426000	16
13190	47156	26	111	88	1	47156974000	17
13191	47157	27	112	88	1	47157018001	17
13192	47243	32	111	89	0	47243975000	19
13193	47245	26	111	88	0	47245644000	19
13194	47246	27	112	88	0	47246601000	19
13195	47249	22	113	87	0	47249385001	18
13196	47250	13	110	86	0	47250804001	18
13197	47250	23	114	87	0	47250444001	18
13198	47254	9	112	85	0	47254629001	17
13199	47256	3	112	84	0	47256584001	16
13200	47377	29	114	88	0	47377367000	17
13201	47377	35	114	89	0	47377041000	17
13202	47379	29	114	88	1	47379918001	17
13203	47379	35	114	89	0	47379138000	17
13204	47380	34	113	89	0	47380084001	17
13205	47381	35	114	89	1	47381480001	16
13206	47383	34	113	89	1	47383300000	16
13207	47566	32	111	89	0	47566388001	18
13208	47836	35	114	89	0	47836513001	8
13209	47879	34	113	89	0	47879219000	5
13210	47879	35	114	89	0	47879931000	5
13211	47952	11	114	85	0	47952915000	14
13212	47952	23	114	87	0	47952630000	14
13213	47952	29	114	88	0	47952122001	14
13214	47952	35	114	89	0	47952754000	14
13215	47953	5	114	84	0	47953351000	14
13216	47953	17	114	86	0	47953000001	14
13217	47953	29	114	88	0	47953920001	14
13218	47954	16	113	86	0	47954554001	14
13219	47954	22	113	87	0	47954065000	14
13220	47954	23	114	87	0	47954918000	14
13221	47954	28	113	88	0	47954195000	14
13222	47954	34	113	89	0	47954381000	14
13223	47955	4	113	84	0	47955202000	14
13224	47955	5	114	84	0	47955822000	14
13225	47955	10	113	85	0	47955023000	14
13226	47955	11	114	85	0	47955094001	14
13227	47955	17	114	86	0	47955128001	14
13228	47955	22	113	87	0	47955955001	14
13229	47955	27	112	88	0	47955801001	14
13230	47955	35	114	89	0	47955062000	14
13231	47956	3	112	84	0	47956440001	14
13232	47956	9	112	85	0	47956864001	14
13233	47956	15	112	86	0	47956428001	14
13234	47956	16	113	86	0	47956794001	14
13235	47956	21	112	87	0	47956283000	14
13236	47956	28	113	88	0	47956072000	14
13237	47956	29	114	88	0	47956742000	14
13238	47956	33	112	89	0	47956191000	14
13239	47956	34	113	89	0	47956606001	14
13240	47957	4	113	84	0	47957209000	14
13241	47957	10	113	85	0	47957288000	14
13242	47957	26	111	88	0	47957605001	14
13243	47957	27	112	88	0	47957521000	14
13244	47957	32	111	89	0	47957893000	14
13245	47958	2	111	84	0	47958391000	14
13246	47958	3	112	84	0	47958374000	14
13247	47958	8	111	85	0	47958790001	14
13248	47958	9	112	85	0	47958871001	14
13249	47958	14	111	86	0	47958124000	14
13250	47958	15	112	86	0	47958145001	14
13251	47958	20	111	87	0	47958187001	14
13252	47958	21	112	87	0	47958014000	14
13253	47958	33	112	89	0	47958692000	14
13254	47959	25	110	88	0	47959981000	13
13255	47959	26	111	88	0	47959264000	13
13256	47959	31	110	89	0	47959631001	13
13257	47960	1	110	84	0	47960353000	13
13258	47960	2	111	84	0	47960185001	13
13259	47960	7	110	85	0	47960361000	13
13260	47960	8	111	85	0	47960811000	13
13261	47960	13	110	86	0	47960084001	13
13262	47960	14	111	86	0	47960266000	13
13263	47960	19	110	87	0	47960146001	13
13264	47960	20	111	87	1	47960139000	13
13265	47960	21	112	87	0	47960713000	13
13266	47960	24	109	88	0	47960712001	13
13267	47960	27	112	88	0	47960117001	13
13268	47960	32	111	89	0	47960410001	13
13269	47961	3	112	84	0	47961274001	13
13270	47961	12	109	86	0	47961395001	13
13271	47961	18	109	87	0	47961888001	13
13272	47961	30	109	89	0	47961167001	13
13273	47961	31	110	89	0	47961739001	13
13274	47962	0	109	84	0	47962213000	13
13275	47962	1	110	84	0	47962407000	13
13276	47962	6	109	85	0	47962272000	13
13277	47962	7	110	85	0	47962432000	13
13278	47962	13	110	86	0	47962238000	13
13279	47962	19	110	87	0	47962672000	13
13280	47962	24	109	88	0	47962569001	13
13281	47962	25	110	88	0	47962276001	13
13282	47963	12	109	86	0	47963366001	13
13283	47963	30	109	89	0	47963101001	13
13284	47964	0	109	84	0	47964544001	13
13285	47964	2	111	84	0	47964437001	13
13286	47964	6	109	85	0	47964942001	12
13287	47964	18	109	87	0	47964866001	12
13288	47965	13	110	86	0	47965521001	12
13289	47965	24	109	88	0	47965041000	12
13290	47966	15	112	86	0	47966845000	12
13291	47969	22	113	87	0	47969932000	12
13292	47969	26	111	88	0	47969795000	12
13293	47973	5	114	84	1	47973820001	11
13294	47974	4	113	84	1	47974886000	11
13295	47975	3	112	84	1	47975762001	11
13296	47975	10	113	85	1	47975879000	10
13297	47975	11	114	85	1	47975071000	11
13298	47976	2	111	84	1	47976612001	10
13299	47976	9	112	85	1	47976840001	10
13300	47976	16	113	86	1	47976762001	10
13301	47976	17	114	86	1	47976070000	10
13302	47976	23	114	87	1	47976643001	10
13303	47977	1	110	84	1	47977565000	10
13304	47977	8	111	85	1	47977505001	10
13305	47977	15	112	86	1	47977701001	10
13306	47977	22	113	87	1	47977508000	10
13307	47977	29	114	88	1	47977614001	10
13308	47978	0	109	84	1	47978423000	10
13309	47978	7	110	85	1	47978574001	10
13310	47978	14	111	86	1	47978412000	10
13311	47978	21	112	87	1	47978421000	10
13312	47978	28	113	88	1	47978656001	10
13313	47978	35	114	89	1	47978538001	10
13314	47979	6	109	85	1	47979229001	10
13315	47979	8	111	85	1	47979750001	10
13316	47979	13	110	86	1	47979303001	10
13317	47979	20	111	87	1	47979160000	10
13318	47979	26	111	88	1	47979843001	10
13319	47979	27	112	88	1	47979206000	10
13320	47979	34	113	89	1	47979076000	10
13321	47980	12	109	86	1	47980213000	10
13322	47980	18	109	87	1	47980985000	10
13323	47980	19	110	87	1	47980073000	10
13324	47980	32	111	89	1	47980777001	10
13325	47980	33	112	89	1	47980104000	10
13326	47981	1	110	84	1	47981271000	10
13327	47981	20	111	87	1	47981727000	9
13328	47981	24	109	88	1	47981850001	9
13329	47981	25	110	88	1	47981022001	10
13330	47981	26	111	88	1	47981377001	10
13331	47981	27	112	88	1	47981424000	10
13332	47981	31	110	89	1	47981732001	9
13333	47982	21	112	87	1	47982019001	9
13334	47982	30	109	89	1	47982555000	9
13335	47982	34	113	89	1	47982109001	9
13336	47983	35	114	89	1	47983510001	9
13337	47984	9	112	85	1	47984692001	9
13338	47984	13	110	86	1	47984221000	9
13339	47986	30	109	89	1	47986245001	9
13340	47986	31	110	89	1	47986681000	8
13341	47993	25	110	88	1	47993911000	7
13342	47994	19	110	87	1	47994347000	7
13343	47995	2	111	84	1	47995987000	7
13344	47995	3	112	84	1	47995288001	7
13345	47996	29	114	88	1	47996988001	7
13346	47998	5	114	84	1	47998806001	7
13347	48000	4	113	84	1	48000792000	8
13348	48004	22	113	87	1	48004993000	8
13349	48004	23	114	87	1	48004393000	8
13350	48005	6	109	85	1	48005188000	8
13351	48007	15	112	86	1	48007146000	8
13352	48079	22	113	87	0	48079696000	29
13353	48081	15	112	86	0	48081806000	30
13354	48156	21	112	87	0	48156727001	23
13355	48157	29	114	88	0	48157063001	23
13356	48159	2	111	84	0	48159464000	23
13357	48159	3	112	84	0	48159690000	23
13358	48159	9	112	85	0	48159389000	23
13359	48216	24	109	88	0	48216969000	12
13360	48216	30	109	89	0	48216680001	12
13361	48217	12	109	86	0	48217976000	12
13362	48217	18	109	87	0	48217851001	12
13363	48217	25	110	88	0	48217905001	12
13364	48217	31	110	89	0	48217321000	12
13365	48218	6	109	85	0	48218490001	12
13366	48218	13	110	86	0	48218704001	12
13367	48218	19	110	87	0	48218307001	12
13368	48218	26	111	88	0	48218350001	12
13369	48218	30	109	89	0	48218736000	12
13370	48218	32	111	89	0	48218106000	12
13371	48218	33	112	89	0	48218940001	12
13372	48219	0	109	84	0	48219233001	12
13373	48219	1	110	84	0	48219646000	12
13374	48219	7	110	85	0	48219348001	12
13375	48219	14	111	86	0	48219530000	12
13376	48219	20	111	87	0	48219039001	12
13377	48219	21	112	87	0	48219544000	12
13378	48219	24	109	88	0	48219310000	12
13379	48219	27	112	88	0	48219097000	12
13380	48219	34	113	89	0	48219397001	12
13381	48220	2	111	84	0	48220227001	12
13382	48220	3	112	84	0	48220935000	12
13383	48220	8	111	85	0	48220089001	12
13384	48220	9	112	85	0	48220539001	12
13385	48220	12	109	86	0	48220945001	12
13386	48220	13	110	86	0	48220956001	12
13387	48220	15	112	86	0	48220102000	12
13388	48220	16	113	86	0	48220937000	12
13389	48220	18	109	87	0	48220518000	12
13390	48220	22	113	87	0	48220418001	12
13391	48220	25	110	88	0	48220219000	12
13392	48220	26	111	88	0	48220113000	12
13393	48220	28	113	88	0	48220075001	12
13394	48220	29	114	88	0	48220485001	12
13395	48220	35	114	89	0	48220067000	12
13396	48221	1	110	84	0	48221782000	12
13397	48221	4	113	84	0	48221829000	12
13398	48221	6	109	85	0	48221608001	12
13399	48221	10	113	85	0	48221646000	12
13400	48221	17	114	86	0	48221784000	12
13401	48221	19	110	87	0	48221112000	12
13402	48221	20	111	87	0	48221806001	12
13403	48221	21	112	87	0	48221325000	12
13404	48221	23	114	87	0	48221218001	12
13405	48221	27	112	88	0	48221013000	12
13406	48222	2	111	84	0	48222105000	12
13407	48222	5	114	84	0	48222626000	12
13408	48222	9	112	85	0	48222432000	12
13409	48222	11	114	85	0	48222231001	12
13410	48222	15	112	86	0	48222219001	12
13411	48222	22	113	87	0	48222647001	12
13412	48222	29	114	88	0	48222307001	12
13413	48222	31	110	89	0	48222578000	12
13414	48222	34	113	89	0	48222301001	12
13415	48222	35	114	89	0	48222192000	12
13416	48223	3	112	84	0	48223098000	12
13417	48223	14	111	86	0	48223304000	12
13418	48223	16	113	86	0	48223376001	12
13419	48224	4	113	84	0	48224324001	12
13420	48225	5	114	84	0	48225137001	12
13421	48225	10	113	85	0	48225577001	13
13422	48225	11	114	85	0	48225602001	13
13423	48225	17	114	86	0	48225853001	13
13424	48225	28	113	88	0	48225408001	12
13425	48226	2	111	84	0	48226101000	13
13426	48226	7	110	85	0	48226106001	13
13427	48227	8	111	85	0	48227784000	13
13428	48228	32	111	89	0	48228429000	13
13429	48230	34	113	89	0	48230021001	13
13430	48233	33	112	89	0	48233600001	13
13431	48237	23	114	87	0	48237411001	13
13432	48246	0	109	84	1	48246651000	14
13433	48248	6	109	85	1	48248691001	14
13434	48250	0	109	84	1	48250187000	15
13435	48252	1	110	84	1	48252403001	15
13436	48253	12	109	86	1	48253288000	15
13437	48254	6	109	85	1	48254860001	15
13438	48255	7	110	85	1	48255950000	15
13439	48265	12	109	86	0	48265613001	14
13440	48266	6	109	85	0	48266558001	14
13441	48267	1	110	84	0	48267955001	14
13442	48272	0	109	84	0	48272828000	14
13443	48280	1	110	84	1	48280237000	14
13444	48280	6	109	85	1	48280361000	14
13445	48281	0	109	84	1	48281170001	14
13446	48282	12	109	86	1	48282338001	14
13447	48283	1	110	84	1	48283492001	14
13448	48283	6	109	85	1	48283289001	14
13449	48283	7	110	85	1	48283352001	14
13450	48285	12	109	86	1	48285289000	14
13451	48285	18	109	87	1	48285697000	14
13452	48286	2	111	84	1	48286438000	14
13453	48286	7	110	85	1	48286281001	14
13454	48286	13	110	86	1	48286930000	14
13455	48287	1	110	84	1	48287021001	14
13456	48288	7	110	85	1	48288768000	14
13457	48288	18	109	87	1	48288284000	14
13458	48288	24	109	88	1	48288624000	14
13459	48289	2	111	84	1	48289162000	14
13460	48289	8	111	85	1	48289532001	14
13461	48289	13	110	86	1	48289686001	14
13462	48290	3	112	84	1	48290849001	14
13463	48290	19	110	87	1	48290138000	14
13464	48291	14	111	86	1	48291966001	14
13465	48291	24	109	88	1	48291249001	14
13466	48291	30	109	89	1	48291804000	14
13467	48292	5	114	84	1	48292263000	14
13468	48292	8	111	85	1	48292030000	14
13469	48292	12	109	86	1	48292802001	14
13470	48292	19	110	87	1	48292740001	14
13471	48292	25	110	88	1	48292258001	14
13472	48293	3	112	84	1	48293477001	14
13473	48293	4	113	84	1	48293673000	14
13474	48293	9	112	85	1	48293301000	14
13475	48293	11	114	85	1	48293396001	14
13476	48293	13	110	86	1	48293543000	14
13477	48293	18	109	87	1	48293675001	14
13478	48294	2	111	84	1	48294850001	14
13479	48294	5	114	84	1	48294337000	14
13480	48294	10	113	85	1	48294897000	14
13481	48294	14	111	86	1	48294455000	14
13482	48294	17	114	86	1	48294455000	14
13483	48294	20	111	87	1	48294083001	14
13484	48294	23	114	87	1	48294856001	14
13485	48294	25	110	88	1	48294884001	14
13486	48294	30	109	89	1	48294162000	14
13487	48294	31	110	89	1	48294902001	14
13488	48295	4	113	84	1	48295785001	14
13489	48295	8	111	85	1	48295211001	14
13490	48295	9	112	85	1	48295797000	14
13491	48295	11	114	85	1	48295494000	14
13492	48295	15	112	86	1	48295362000	14
13493	48296	10	113	85	1	48296933001	14
13494	48296	16	113	86	1	48296270000	14
13495	48296	17	114	86	1	48296464000	14
13496	48296	20	111	87	1	48296555000	14
13497	48296	26	111	88	1	48296254000	14
13498	48296	29	114	88	1	48296126001	14
13499	48297	15	112	86	1	48297624000	14
13500	48297	21	112	87	1	48297092000	14
13501	48297	22	113	87	1	48297092000	14
13502	48297	23	114	87	1	48297080001	14
13503	48297	24	109	88	1	48297982000	14
13504	48297	31	110	89	1	48297159001	14
13505	48297	35	114	89	1	48297383001	14
13506	48298	16	113	86	1	48298289000	14
13507	48298	26	111	88	1	48298479001	14
13508	48298	28	113	88	1	48298107001	14
13509	48298	29	114	88	1	48298152001	14
13510	48298	32	111	89	1	48298525000	14
13511	48298	34	113	89	1	48298816001	14
13512	48299	21	112	87	1	48299184001	14
13513	48299	22	113	87	1	48299310000	14
13514	48299	25	110	88	1	48299889000	14
13515	48299	27	112	88	1	48299197000	14
13516	48299	28	113	88	1	48299965000	14
13517	48299	35	114	89	1	48299157001	14
13518	48300	33	112	89	1	48300433000	14
13519	48300	34	113	89	1	48300867001	14
13520	48301	3	112	84	1	48301926001	14
13521	48301	20	111	87	1	48301285000	14
13522	48301	27	112	88	1	48301086000	14
13523	48301	32	111	89	1	48301091000	14
13524	48302	30	109	89	1	48302619000	14
13525	48302	31	110	89	1	48302284000	14
13526	48302	33	112	89	1	48302673000	14
13527	48303	19	110	87	1	48303172001	14
13528	48303	26	111	88	1	48303271001	14
13529	48304	14	111	86	1	48304162000	14
13530	48305	9	112	85	1	48305199001	15
13531	48305	21	112	87	1	48305200000	15
13532	48419	0	109	84	0	48419129000	20
13533	48419	6	109	85	0	48419910001	20
13534	48420	12	109	86	0	48420337001	20
13535	48421	0	109	84	0	48421830000	20
13536	48421	1	110	84	0	48421610001	20
13537	48421	7	110	85	0	48421783000	20
13538	48421	18	109	87	0	48421751001	20
13539	48422	6	109	85	0	48422711000	20
13540	48422	12	109	86	0	48422625001	20
13541	48422	13	110	86	0	48422104000	20
13542	48422	19	110	87	0	48422817001	20
13543	48422	24	109	88	0	48422285001	20
13544	48423	25	110	88	0	48423899000	20
13545	48423	30	109	89	0	48423841001	20
13546	48424	1	110	84	0	48424765001	19
13547	48424	14	111	86	0	48424438001	19
13548	48424	18	109	87	0	48424868001	19
13549	48424	20	111	87	0	48424913001	19
13550	48424	24	109	88	0	48424616000	19
13551	48424	31	110	89	0	48424693000	19
13552	48425	7	110	85	0	48425178001	19
13553	48425	13	110	86	0	48425584001	19
13554	48425	19	110	87	0	48425195001	19
13555	48425	26	111	88	0	48425245001	19
13556	48426	2	111	84	0	48426428001	19
13557	48426	8	111	85	0	48426241000	19
13558	48426	12	109	86	0	48426011001	19
13559	48426	14	111	86	0	48426697000	19
13560	48426	21	112	87	0	48426970000	19
13561	48426	25	110	88	0	48426862000	19
13562	48426	30	109	89	0	48426451000	19
13563	48426	32	111	89	0	48426427001	19
13564	48427	0	109	84	0	48427540001	19
13565	48427	20	111	87	0	48427856000	19
13566	48427	26	111	88	0	48427409000	19
13567	48427	27	112	88	0	48427951000	19
13568	48427	31	110	89	0	48427250001	19
13569	48428	33	112	89	0	48428281000	19
13570	48429	21	112	87	0	48429955000	19
13571	48429	32	111	89	0	48429935001	19
13572	48430	13	110	86	0	48430747001	19
13573	48430	19	110	87	0	48430817000	19
13574	48430	26	111	88	0	48430411000	19
13575	48430	27	112	88	0	48430073000	19
13576	48431	1	110	84	1	48431623001	19
13577	48431	20	111	87	0	48431593000	19
13578	48431	24	109	88	0	48431504001	19
13579	48431	33	112	89	0	48431396000	19
13580	48431	34	113	89	0	48431805000	19
13581	48432	15	112	86	0	48432206001	19
13582	48433	28	113	88	0	48433524000	19
13583	48434	1	110	84	1	48434794001	18
13584	48434	26	111	88	0	48434405000	19
13585	48434	27	112	88	0	48434016000	19
13586	48434	34	113	89	0	48434545000	19
13587	48435	0	109	84	1	48435068001	18
13588	48435	7	110	85	1	48435871000	18
13589	48435	33	112	89	0	48435605001	18
13590	48436	8	111	85	1	48436131001	18
13591	48437	13	110	86	1	48437019000	18
13592	48437	35	114	89	0	48437233000	18
13593	48438	0	109	84	1	48438622001	18
13594	48438	6	109	85	1	48438754001	18
13595	48438	14	111	86	1	48438969000	18
13596	48439	7	110	85	1	48439754001	18
13597	48441	6	109	85	1	48441923001	18
13598	48441	21	112	87	1	48441574001	18
13599	48442	13	110	86	1	48442447001	18
13600	48444	12	109	86	1	48444004000	18
13601	48444	20	111	87	1	48444606000	18
13602	48445	6	109	85	1	48445599001	18
13603	48445	13	110	86	1	48445696000	18
13604	48446	19	110	87	1	48446151001	18
13605	48447	14	111	86	1	48447978000	18
13606	48448	12	109	86	1	48448293000	18
13607	48448	20	111	87	1	48448954001	18
13608	48448	21	112	87	1	48448920001	18
13609	48448	27	112	88	1	48448230001	18
13610	48449	26	111	88	1	48449049001	18
13611	48450	19	110	87	1	48450557001	17
13612	48451	18	109	87	1	48451689001	17
13613	48454	7	110	85	1	48454487000	17
13614	48454	12	109	86	1	48454407001	17
13615	48454	27	112	88	1	48454425001	17
13616	48455	13	110	86	1	48455408000	17
13617	48455	19	110	87	1	48455434001	17
13618	48457	18	109	87	1	48457692001	17
13619	48458	25	110	88	1	48458044001	17
13620	48459	35	114	89	0	48459133001	17
13621	48463	35	114	89	0	48463168001	17
13622	48464	27	112	88	0	48464255001	17
13623	48464	34	113	89	0	48464466001	17
13624	48467	29	114	88	0	48467453000	17
13625	48468	25	110	88	0	48468390000	17
13626	48468	28	113	88	0	48468399000	17
13627	48468	35	114	89	0	48468563001	17
13628	48469	18	109	87	0	48469813001	17
13629	48469	19	110	87	0	48469235000	17
13630	48469	27	112	88	0	48469489001	17
13631	48469	34	113	89	0	48469945001	17
13632	48470	26	111	88	0	48470096000	17
13633	48470	29	114	88	0	48470773001	17
13634	48471	20	111	87	0	48471236000	17
13635	48471	21	112	87	0	48471743001	17
13636	48471	28	113	88	0	48471552001	17
13637	48472	19	110	87	0	48472781000	17
13638	48472	22	113	87	0	48472751001	17
13639	48472	27	112	88	0	48472564000	17
13640	48472	35	114	89	0	48472539000	17
13641	48473	18	109	87	0	48473214000	17
13642	48473	20	111	87	0	48473842000	17
13643	48473	29	114	88	0	48473424001	17
13644	48474	12	109	86	0	48474121001	17
13645	48474	13	110	86	0	48474649000	17
13646	48474	21	112	87	0	48474341001	17
13647	48475	22	113	87	0	48475728001	17
13648	48476	12	109	86	0	48476847000	17
13649	48476	14	111	86	0	48476858000	17
13650	48476	19	110	87	0	48476951000	17
13651	48476	20	111	87	0	48476930001	17
13652	48476	21	112	87	0	48476749000	17
13653	48476	23	114	87	0	48476616000	17
13654	48476	28	113	88	0	48476223000	17
13655	48476	29	114	88	0	48476599000	17
13656	48477	13	110	86	0	48477433000	17
13657	48478	16	113	86	0	48478834000	17
13658	48478	22	113	87	0	48478901001	17
13659	48479	12	109	86	0	48479748001	17
13660	48479	14	111	86	0	48479419000	17
13661	48479	15	112	86	0	48479908001	17
13662	48479	18	109	87	0	48479413001	17
13663	48479	23	114	87	0	48479537001	17
13664	48480	13	110	86	0	48480756000	17
13665	48480	21	112	87	0	48480793000	17
13666	48480	29	114	88	0	48480773000	17
13667	48481	6	109	85	0	48481465000	17
13668	48481	7	110	85	0	48481115001	17
13669	48481	14	111	86	0	48481982001	17
13670	48481	17	114	86	0	48481496000	17
13671	48481	20	111	87	0	48481503001	17
13672	48482	15	112	86	0	48482205001	17
13673	48482	16	113	86	0	48482131001	17
13674	48483	7	110	85	0	48483869000	18
13675	48483	9	112	85	0	48483291001	18
13676	48483	13	110	86	0	48483391000	18
13677	48483	22	113	87	0	48483345000	18
13678	48483	23	114	87	0	48483639001	18
13679	48484	6	109	85	0	48484468000	18
13680	48484	8	111	85	0	48484336000	18
13681	48484	15	112	86	0	48484959001	18
13682	48485	12	109	86	0	48485532000	18
13683	48485	16	113	86	0	48485558000	18
13684	48485	17	114	86	0	48485043000	18
13685	48486	9	112	85	0	48486399000	18
13686	48486	10	113	85	0	48486840001	18
13687	48486	14	111	86	1	48486321001	18
13688	48487	0	109	84	0	48487104001	18
13689	48487	3	112	84	0	48487710000	18
13690	48487	7	110	85	0	48487402001	18
13691	48487	8	111	85	0	48487365000	18
13692	48487	17	114	86	0	48487586000	18
13693	48488	1	110	84	0	48488430001	18
13694	48488	6	109	85	0	48488009000	18
13695	48488	11	114	85	0	48488576001	18
13696	48488	23	114	87	0	48488189000	18
13697	48489	9	112	85	0	48489419000	18
13698	48489	15	112	86	0	48489027000	18
13699	48489	16	113	86	0	48489565000	18
13700	48490	0	109	84	0	48490617000	18
13701	48490	2	111	84	0	48490004000	18
13702	48490	10	113	85	0	48490783001	18
13703	48491	1	110	84	0	48491143001	18
13704	48491	8	111	85	0	48491394000	18
13705	48492	3	112	84	0	48492704001	18
13706	48493	2	111	84	0	48493393000	18
13707	48493	23	114	87	1	48493828001	18
13708	48495	1	110	84	0	48495919001	18
13709	48495	16	113	86	1	48495781001	18
13710	48495	17	114	86	1	48495219000	18
13711	48495	29	114	88	1	48495174000	18
13712	48495	35	114	89	1	48495483000	18
13713	48496	0	109	84	0	48496715001	18
13714	48496	10	113	85	1	48496249000	18
13715	48496	23	114	87	1	48496372001	18
13716	48496	34	113	89	1	48496949001	18
13717	48497	15	112	86	1	48497828000	18
13718	48497	22	113	87	1	48497155000	18
13719	48497	28	113	88	1	48497142001	18
13720	48497	29	114	88	1	48497142001	18
13721	48497	35	114	89	1	48497475001	18
13722	48498	2	111	84	1	48498960001	18
13723	48498	9	112	85	1	48498354000	18
13724	48498	16	113	86	1	48498098000	18
13725	48498	21	112	87	1	48498628001	18
13726	48498	27	112	88	1	48498484000	18
13727	48498	28	113	88	1	48498978001	18
13728	48498	33	112	89	1	48498048000	18
13729	48499	8	111	85	1	48499636001	18
13730	48499	14	111	86	1	48499975000	18
13731	48499	15	112	86	1	48499873001	18
13732	48499	20	111	87	1	48499734001	18
13733	48499	22	113	87	1	48499566001	18
13734	48499	26	111	88	1	48499735001	18
13735	48499	32	111	89	1	48499203001	18
13736	48499	34	113	89	1	48499261000	18
13737	48500	1	110	84	1	48500484000	18
13738	48500	3	112	84	1	48500305000	18
13739	48500	21	112	87	1	48500399001	18
13740	48500	27	112	88	1	48500051000	18
13741	48500	31	110	89	1	48500143001	18
13742	48500	33	112	89	1	48500102000	18
13743	48501	0	109	84	1	48501689000	18
13744	48501	7	110	85	1	48501246001	18
13745	48501	8	111	85	1	48501462001	18
13746	48501	13	110	86	1	48501299001	18
13747	48501	19	110	87	1	48501351000	18
13748	48501	20	111	87	1	48501426001	18
13749	48501	24	109	88	1	48501940000	18
13750	48501	25	110	88	1	48501200000	18
13751	48501	26	111	88	1	48501300001	18
13752	48501	30	109	89	1	48501397000	18
13753	48501	31	110	89	1	48501898000	18
13754	48502	1	110	84	1	48502461001	18
13755	48502	6	109	85	1	48502572001	18
13756	48502	7	110	85	1	48502955000	18
13757	48502	9	112	85	1	48502704001	18
13758	48502	12	109	86	1	48502820000	18
13759	48502	14	111	86	1	48502182000	18
13760	48502	18	109	87	1	48502489000	18
13761	48503	0	109	84	1	48503841001	18
13762	48503	13	110	86	1	48503064001	18
13763	48503	25	110	88	1	48503852001	18
13764	48503	30	109	89	1	48503447001	18
13765	48504	6	109	85	1	48504697000	18
13766	48504	18	109	87	1	48504468001	18
13767	48504	19	110	87	1	48504156001	18
13768	48504	24	109	88	1	48504381001	18
13769	48505	12	109	86	1	48505753000	18
13770	48743	35	114	89	0	48743521001	13
13771	48857	0	109	84	0	48857895000	17
13772	48857	1	110	84	0	48857769000	17
13773	48857	2	111	84	0	48857580000	17
13774	48857	3	112	84	0	48857407001	17
13775	48857	4	113	84	0	48857502001	17
13776	48857	5	114	84	0	48857362001	17
13777	48858	10	113	85	0	48858953000	17
13778	48858	11	114	85	0	48858743000	17
13779	48859	1	110	84	0	48859953000	17
13780	48859	2	111	84	0	48859539000	17
13781	48859	3	112	84	0	48859559000	17
13782	48859	4	113	84	0	48859871000	17
13783	48859	5	114	84	0	48859899000	17
13784	48859	6	109	85	0	48859585001	17
13785	48859	7	110	85	0	48859173000	17
13786	48859	8	111	85	0	48859207000	17
13787	48859	9	112	85	0	48859039001	17
13788	48860	0	109	84	0	48860353001	17
13789	48860	11	114	85	0	48860908001	17
13790	48860	12	109	86	0	48860520001	17
13791	48860	13	110	86	0	48860632001	17
13792	48860	14	111	86	0	48860296000	17
13793	48860	15	112	86	0	48860214000	17
13794	48860	16	113	86	0	48860092001	17
13795	48860	17	114	86	0	48860250001	17
13796	48861	7	110	85	0	48861211000	17
13797	48861	8	111	85	0	48861335000	17
13798	48861	9	112	85	0	48861107000	17
13799	48861	10	113	85	0	48861507001	17
13800	48861	20	111	87	0	48861920000	17
13801	48861	21	112	87	0	48861640001	17
13802	48861	22	113	87	0	48861375001	17
13803	48861	23	114	87	0	48861546000	17
13804	48862	6	109	85	0	48862315001	17
13805	48862	12	109	86	0	48862805001	17
13806	48862	13	110	86	0	48862725000	17
13807	48862	14	111	86	0	48862544000	17
13808	48862	15	112	86	0	48862360001	17
13809	48862	16	113	86	0	48862286000	17
13810	48862	17	114	86	0	48862758000	17
13811	48862	18	109	87	0	48862402001	17
13812	48862	19	110	87	0	48862181000	17
13813	48862	27	112	88	0	48862991001	17
13814	48862	28	113	88	0	48862942001	17
13815	48862	29	114	88	0	48862604000	17
13816	48863	20	111	87	0	48863898000	17
13817	48863	21	112	87	0	48863607001	17
13818	48863	22	113	87	0	48863431000	17
13819	48863	23	114	87	0	48863984001	17
13820	48863	24	109	88	0	48863329000	17
13821	48863	25	110	88	0	48863664000	17
13822	48863	26	111	88	0	48863141000	17
13823	48864	19	110	87	0	48864670001	17
13824	48864	29	114	88	0	48864584001	17
13825	48864	31	110	89	0	48864849000	17
13826	48864	32	111	89	0	48864799000	17
13827	48864	33	112	89	0	48864724001	17
13828	48864	34	113	89	0	48864313001	17
13829	48864	35	114	89	0	48864194000	17
13830	48865	18	109	87	0	48865014001	17
13831	48865	24	109	88	0	48865495001	17
13832	48865	26	111	88	0	48865141001	17
13833	48865	27	112	88	0	48865131000	17
13834	48865	28	113	88	0	48865010000	17
13835	48865	30	109	89	0	48865125000	17
13836	48866	25	110	88	0	48866080001	17
13837	48866	34	113	89	0	48866408000	17
13838	48866	35	114	89	0	48866260000	17
13839	48867	15	112	86	0	48867435001	17
13840	48867	22	113	87	0	48867607000	17
13841	48867	30	109	89	0	48867529000	17
13842	48867	31	110	89	0	48867168000	17
13843	48867	32	111	89	0	48867374000	17
13844	48867	33	112	89	0	48867253000	17
13845	48868	21	112	87	0	48868060000	17
13846	48870	26	111	88	0	48870494001	18
13847	48871	27	112	88	0	48871049000	18
13848	48872	5	114	84	1	48872418001	18
13849	48873	4	113	84	1	48873324001	18
13850	48873	10	113	85	1	48873641000	18
13851	48873	11	114	85	1	48873061000	18
13852	48873	17	114	86	1	48873417001	18
13853	48873	23	114	87	1	48873627000	18
13854	48874	3	112	84	1	48874005000	18
13855	48874	9	112	85	1	48874821000	18
13856	48874	15	112	86	1	48874932001	18
13857	48874	16	113	86	1	48874169001	18
13858	48874	22	113	87	1	48874242001	18
13859	48874	28	113	88	1	48874804000	18
13860	48874	29	114	88	1	48874025001	18
13861	48874	35	114	89	1	48874320000	18
13862	48875	2	111	84	1	48875240000	18
13863	48875	8	111	85	1	48875481001	18
13864	48875	14	111	86	1	48875642000	18
13865	48875	21	112	87	1	48875411000	18
13866	48875	27	112	88	1	48875543001	18
13867	48875	34	113	89	1	48875105000	18
13868	48876	0	109	84	1	48876857001	18
13869	48876	1	110	84	1	48876053000	18
13870	48876	6	109	85	1	48876995001	18
13871	48876	7	110	85	1	48876444000	18
13872	48876	13	110	86	1	48876806001	18
13873	48876	20	111	87	1	48876249001	18
13874	48876	26	111	88	1	48876329000	18
13875	48876	32	111	89	1	48876852000	18
13876	48876	33	112	89	1	48876067000	18
13877	48877	12	109	86	1	48877690001	18
13878	48877	18	109	87	1	48877743001	18
13879	48877	19	110	87	1	48877124001	18
13880	48877	25	110	88	1	48877413000	18
13881	48877	31	110	89	1	48877543001	18
13882	48878	24	109	88	1	48878195000	18
13883	48878	30	109	89	1	48878545001	18
13884	48879	26	111	88	1	48879594000	19
13885	48909	26	111	88	0	48909328001	23
13886	48950	4	113	84	0	48950823000	26
13887	48950	5	114	84	0	48950571001	26
13888	48951	11	114	85	0	48951672001	26
13889	48952	16	113	86	0	48952598001	27
13890	48952	17	114	86	0	48952812001	27
13891	48953	11	114	85	1	48953785001	27
13892	48953	22	113	87	0	48953804000	27
13893	48953	23	114	87	0	48953875001	27
13894	48954	5	114	84	1	48954195000	27
13895	48954	17	114	86	1	48954655001	27
13896	48954	28	113	88	0	48954976001	27
13897	48954	29	114	88	0	48954717001	27
13898	48955	23	114	87	1	48955799000	27
13899	48956	29	114	88	1	48956915001	27
13900	48956	34	113	89	0	48956119001	27
13901	48956	35	114	89	0	48956054001	27
13902	48957	35	114	89	1	48957925001	27
13903	48965	34	113	89	1	48965629000	26
13904	49133	11	114	85	0	49133526000	21
13905	49137	3	112	84	0	49137709000	20
13906	49139	2	111	84	0	49139537000	20
13907	49287	12	109	86	0	49287687000	26
13908	49287	24	109	88	0	49287484000	26
13909	49287	30	109	89	0	49287768001	26
13910	49288	0	109	84	0	49288276001	26
13911	49288	6	109	85	0	49288219001	26
13912	49288	18	109	87	0	49288121000	26
13913	49288	25	110	88	0	49288924001	26
13914	49288	31	110	89	0	49288847000	26
13915	49289	1	110	84	0	49289340001	26
13916	49289	7	110	85	0	49289208000	26
13917	49289	12	109	86	0	49289764000	26
13918	49289	13	110	86	0	49289012001	26
13919	49289	19	110	87	0	49289037001	26
13920	49289	24	109	88	0	49289419001	26
13921	49289	26	111	88	0	49289901000	26
13922	49289	32	111	89	0	49289959001	26
13923	49290	2	111	84	0	49290430000	26
13924	49290	8	111	85	0	49290484000	26
13925	49290	14	111	86	0	49290206001	26
13926	49290	18	109	87	0	49290636000	26
13927	49290	20	111	87	0	49290084000	26
13928	49290	27	112	88	0	49290806000	26
13929	49290	30	109	89	0	49290049001	26
13930	49290	31	110	89	0	49290934000	26
13931	49291	3	112	84	0	49291384001	26
13932	49291	7	110	85	0	49291871000	26
13933	49291	9	112	85	0	49291331001	26
13934	49291	13	110	86	0	49291146001	26
13935	49291	15	112	86	0	49291134001	26
13936	49291	21	112	87	0	49291027001	26
13937	49291	25	110	88	0	49291100001	26
13938	49291	26	111	88	0	49291684000	26
13939	49291	33	112	89	0	49291000001	26
13940	49291	34	113	89	0	49291932000	26
13941	49292	1	110	84	0	49292533000	26
13942	49292	2	111	84	0	49292345001	26
13943	49292	4	113	84	0	49292520001	26
13944	49292	6	109	85	0	49292726000	26
13945	49292	10	113	85	0	49292612000	26
13946	49292	14	111	86	0	49292457001	26
13947	49292	16	113	86	0	49292164001	26
13948	49292	20	111	87	0	49292018001	26
13949	49292	22	113	87	0	49292152000	26
13950	49292	27	112	88	0	49292947001	26
13951	49292	28	113	88	0	49292275000	26
13952	49292	29	114	88	0	49292929000	26
13953	49292	35	114	89	0	49292888000	26
13954	49293	0	109	84	0	49293502000	26
13955	49293	3	112	84	0	49293643000	26
13956	49293	5	114	84	0	49293561001	26
13957	49293	8	111	85	0	49293231000	26
13958	49293	9	112	85	0	49293503000	26
13959	49293	11	114	85	0	49293532001	26
13960	49293	15	112	86	0	49293248000	26
13961	49293	17	114	86	0	49293493001	26
13962	49293	19	110	87	0	49293128001	26
13963	49293	21	112	87	0	49293040000	26
13964	49293	23	114	87	0	49293211001	26
13965	49293	32	111	89	0	49293939001	26
13966	49293	34	113	89	0	49293912000	26
13967	49294	4	113	84	0	49294783001	26
13968	49294	16	113	86	0	49294277001	26
13969	49294	22	113	87	0	49294009000	26
13970	49294	28	113	88	0	49294818000	26
13971	49294	29	114	88	0	49294708001	26
13972	49294	33	112	89	0	49294261000	26
13973	49294	35	114	89	0	49294756000	26
13974	49295	10	113	85	0	49295384001	26
13975	49295	11	114	85	0	49295676001	27
13976	49295	17	114	86	0	49295597000	27
13977	49296	23	114	87	0	49296008000	27
13978	49297	5	114	84	0	49297565000	27
13979	49300	5	114	84	0	49300961000	27
13980	49300	27	112	88	0	49300457001	27
13981	49303	24	109	88	1	49303621000	27
13982	49303	30	109	89	1	49303009000	27
13983	49303	31	110	89	1	49303259001	27
13984	49303	32	111	89	1	49303768000	27
13985	49303	33	112	89	1	49303984001	27
13986	49304	18	109	87	1	49304475001	27
13987	49304	19	110	87	1	49304889000	27
13988	49304	25	110	88	1	49304168000	27
13989	49304	26	111	88	1	49304517000	27
13990	49304	27	112	88	1	49304884000	27
13991	49304	34	113	89	1	49304179000	27
13992	49304	35	114	89	1	49304673001	27
13993	49305	12	109	86	1	49305410001	27
13994	49305	13	110	86	1	49305437001	27
13995	49305	20	111	87	1	49305428000	27
13996	49305	21	112	87	1	49305496000	27
13997	49305	28	113	88	1	49305238000	27
13998	49305	29	114	88	1	49305483001	27
13999	49306	0	109	84	1	49306770001	27
14000	49306	6	109	85	1	49306342000	27
14001	49306	7	110	85	1	49306270001	27
14002	49306	8	111	85	1	49306925000	27
14003	49306	14	111	86	1	49306074001	27
14004	49306	15	112	86	1	49306747000	27
14005	49306	16	113	86	1	49306912001	27
14006	49306	22	113	87	1	49306166000	27
14007	49306	23	114	87	1	49306348001	27
14008	49307	1	110	84	1	49307258000	27
14009	49307	2	111	84	1	49307892001	27
14010	49307	9	112	85	1	49307306001	27
14011	49307	10	113	85	1	49307719000	27
14012	49307	17	114	86	1	49307410000	27
14013	49308	3	112	84	1	49308106001	27
14014	49308	4	113	84	1	49308712001	27
14015	49308	5	114	84	1	49308701001	27
14016	49308	7	110	85	1	49308470001	27
14017	49308	11	114	85	1	49308097000	27
14018	49308	13	110	86	1	49308737001	27
14019	49309	8	111	85	1	49309265001	27
14020	49309	21	112	87	1	49309512001	27
14021	49310	1	110	84	1	49310713000	28
14022	49325	35	114	89	1	49325799000	28
14023	49326	9	112	85	1	49326917001	28
14024	49393	12	109	86	0	49393824001	26
14025	49396	7	110	85	0	49396504000	26
14026	49397	1	110	84	0	49397948001	26
14027	49476	2	111	84	0	49476720001	21
14028	49476	3	112	84	0	49476599000	21
14029	49476	4	113	84	0	49476697000	21
14030	49476	5	114	84	0	49476552001	21
14031	49477	0	109	84	0	49477096000	21
14032	49477	1	110	84	0	49477032001	21
14033	49477	6	109	85	0	49477822000	21
14034	49477	7	110	85	0	49477822000	21
14035	49477	8	111	85	0	49477575000	21
14036	49477	9	112	85	0	49477325001	21
14037	49477	10	113	85	0	49477284001	21
14038	49477	11	114	85	0	49477118000	21
14039	49477	15	112	86	0	49477952000	21
14040	49477	16	113	86	0	49477741001	21
14041	49477	17	114	86	0	49477952000	21
14042	49478	12	109	86	0	49478398001	21
14043	49478	13	110	86	0	49478172000	21
14044	49478	14	111	86	0	49478067001	21
14045	49478	20	111	87	0	49478943000	21
14046	49478	21	112	87	0	49478582000	21
14047	49478	22	113	87	0	49478395000	21
14048	49478	23	114	87	0	49478438001	21
14049	49479	15	112	86	0	49479928000	20
14050	49479	16	113	86	0	49479783001	20
14051	49479	18	109	87	0	49479291000	21
14052	49479	19	110	87	0	49479042000	21
14053	49479	24	109	88	0	49479551000	20
14054	49479	25	110	88	0	49479839001	20
14055	49479	26	111	88	0	49479463001	20
14056	49479	27	112	88	0	49479360001	21
14057	49479	28	113	88	0	49479302000	21
14058	49479	29	114	88	0	49479084001	21
14059	49479	34	113	89	0	49479904000	20
14060	49479	35	114	89	0	49479627001	20
14061	49480	2	111	84	0	49480515001	20
14062	49480	6	109	85	0	49480805000	20
14063	49480	7	110	85	0	49480095000	20
14064	49480	30	109	89	0	49480603000	20
14065	49480	31	110	89	0	49480369001	20
14066	49480	32	111	89	1	49480077001	20
14067	49480	33	112	89	0	49480135000	20
14068	49481	3	112	84	0	49481159000	20
14069	49481	4	113	84	0	49481014000	20
14070	49481	9	112	85	0	49481270001	20
14071	49481	14	111	86	0	49481730001	20
14072	49481	17	114	86	0	49481890000	20
14073	49481	22	113	87	0	49481082000	20
14074	49481	27	112	88	0	49481976000	20
14075	49482	1	110	84	0	49482935001	20
14076	49482	13	110	86	0	49482463001	20
14077	49482	21	112	87	0	49482540001	20
14078	49482	24	109	88	0	49482348000	20
14079	49482	26	111	88	0	49482635000	20
14080	49482	35	114	89	0	49482062001	20
14081	49483	25	110	88	0	49483207000	20
14082	49483	32	111	89	0	49483616001	20
14083	49485	1	110	84	0	49485562000	20
14084	49485	34	113	89	0	49485244001	20
14085	49486	19	110	87	0	49486430001	19
14086	49490	29	114	88	0	49490284000	19
14087	49494	4	113	84	1	49494646000	19
14088	49494	5	114	84	1	49494017001	19
14089	49494	10	113	85	1	49494932000	19
14090	49494	11	114	85	1	49494382000	19
14091	49494	17	114	86	1	49494673000	19
14092	49494	23	114	87	1	49494742000	19
14093	49494	29	114	88	1	49494922000	19
14094	49495	0	109	84	1	49495052000	19
14095	49495	1	110	84	1	49495171001	19
14096	49495	3	112	84	1	49495343000	19
14097	49495	7	110	85	1	49495049001	19
14098	49495	9	112	85	1	49495669000	19
14099	49495	15	112	86	1	49495971001	19
14100	49495	16	113	86	1	49495119000	19
14101	49495	22	113	87	1	49495418000	19
14102	49495	28	113	88	1	49495924000	19
14103	49495	34	113	89	1	49495818001	19
14104	49495	35	114	89	1	49495215000	19
14105	49496	2	111	84	1	49496034001	19
14106	49496	8	111	85	1	49496501001	19
14107	49496	14	111	86	1	49496636001	19
14108	49496	21	112	87	1	49496177000	19
14109	49496	27	112	88	1	49496340000	19
14110	49496	33	112	89	1	49496893001	19
14111	49497	0	109	84	1	49497518001	19
14112	49497	1	110	84	1	49497029001	19
14113	49497	6	109	85	1	49497166000	19
14114	49497	7	110	85	1	49497428001	19
14115	49497	13	110	86	1	49497490001	19
14116	49497	19	110	87	1	49497846001	18
14117	49497	20	111	87	1	49497094000	19
14118	49497	26	111	88	1	49497007001	19
14119	49497	32	111	89	1	49497492001	19
14120	49498	6	109	85	1	49498862000	18
14121	49498	12	109	86	1	49498353001	18
14122	49498	18	109	87	1	49498707001	18
14123	49498	24	109	88	1	49498681000	18
14124	49498	25	110	88	1	49498266000	18
14125	49498	26	111	88	1	49498942001	18
14126	49498	31	110	89	1	49498479000	18
14127	49499	30	109	89	1	49499237001	18
14128	49500	27	112	88	1	49500567000	18
14129	49579	5	114	84	0	49579909000	15
14130	49581	4	113	84	0	49581395000	15
14131	49581	11	114	85	0	49581298000	15
14132	49582	5	114	84	1	49582055001	15
14133	49582	10	113	85	0	49582840000	15
14134	49582	17	114	86	0	49582847000	15
14135	49583	11	114	85	1	49583351001	15
14136	49583	16	113	86	0	49583872001	15
14137	49583	23	114	87	0	49583957001	15
14138	49584	17	114	86	1	49584876001	15
14139	49585	22	113	87	1	49585371001	15
14140	49585	23	114	87	1	49585859001	15
14141	49585	29	114	88	0	49585193000	15
14142	49586	35	114	89	0	49586961000	15
14143	49587	29	114	88	1	49587292000	15
14144	49588	35	114	89	1	49588962001	15
14145	49740	35	114	89	0	49740877001	19
14146	49742	27	112	88	0	49742268001	19
14147	49743	21	112	87	0	49743980001	18
14148	49743	26	111	88	0	49743725001	18
14149	49744	3	112	84	0	49744600000	18
14150	49744	31	110	89	0	49744959001	18
14151	49745	12	109	86	0	49745978001	18
14152	49745	24	109	88	0	49745159000	18
14153	49789	23	114	87	0	49789992001	11
14154	49789	29	114	88	0	49789174000	11
14155	49789	35	114	89	0	49789078000	11
14156	49790	11	114	85	0	49790787001	11
14157	49790	17	114	86	0	49790888001	11
14158	49790	28	113	88	0	49790904001	11
14159	49790	29	114	88	0	49790993001	11
14160	49790	34	113	89	0	49790206001	11
14161	49791	5	114	84	0	49791833001	11
14162	49791	22	113	87	0	49791331001	11
14163	49791	35	114	89	0	49791109000	11
14164	49792	10	113	85	0	49792752000	11
14165	49792	11	114	85	0	49792854000	11
14166	49792	16	113	86	0	49792151000	11
14167	49792	23	114	87	0	49792032000	11
14168	49792	27	112	88	0	49792617000	11
14169	49792	28	113	88	0	49792891001	11
14170	49792	33	112	89	0	49792032000	11
14171	49792	34	113	89	0	49792233001	11
14172	49793	4	113	84	0	49793464001	11
14173	49793	15	112	86	0	49793766000	11
14174	49793	17	114	86	0	49793375001	11
14175	49793	21	112	87	0	49793232000	11
14176	49793	22	113	87	0	49793238000	11
14177	49793	26	111	88	0	49793949001	11
14178	49793	32	111	89	0	49793224001	11
14179	49794	5	114	84	0	49794352000	11
14180	49794	9	112	85	0	49794476000	11
14181	49794	10	113	85	0	49794873001	11
14182	49794	16	113	86	0	49794192001	11
14183	49794	20	111	87	0	49794626001	11
14184	49794	27	112	88	0	49794398000	11
14185	49794	33	112	89	0	49794895001	11
14186	49795	3	112	84	0	49795082001	11
14187	49795	4	113	84	0	49795647000	11
14188	49795	14	111	86	0	49795093001	11
14189	49795	15	112	86	0	49795920001	11
14190	49795	21	112	87	0	49795395001	11
14191	49795	25	110	88	0	49795528000	11
14192	49795	26	111	88	0	49795802001	11
14193	49795	31	110	89	0	49795029001	11
14194	49796	2	111	84	0	49796143000	11
14195	49796	8	111	85	0	49796085000	11
14196	49796	9	112	85	0	49796820001	11
14197	49796	13	110	86	0	49796717000	11
14198	49796	19	110	87	0	49796256001	11
14199	49796	20	111	87	0	49796606001	11
14200	49796	24	109	88	0	49796797001	11
14201	49796	30	109	89	0	49796146000	11
14202	49796	32	111	89	0	49796462000	11
14203	49797	1	110	84	0	49797883001	11
14204	49797	3	112	84	0	49797195000	11
14205	49797	7	110	85	0	49797384001	11
14206	49797	14	111	86	0	49797041000	11
14207	49797	18	109	87	0	49797408000	11
14208	49797	25	110	88	0	49797752000	11
14209	49797	31	110	89	0	49797533000	11
14210	49798	2	111	84	0	49798014001	11
14211	49798	6	109	85	0	49798727001	11
14212	49798	8	111	85	0	49798803000	11
14213	49798	11	114	85	0	49798430001	11
14214	49798	12	109	86	0	49798221001	11
14215	49798	24	109	88	0	49798954001	11
14216	49798	30	109	89	0	49798345001	11
14217	49798	33	112	89	1	49798951000	11
14218	49798	35	114	89	1	49798669000	11
14219	49799	0	109	84	0	49799462000	11
14220	49799	1	110	84	0	49799889000	11
14221	49799	7	110	85	0	49799392001	11
14222	49799	13	110	86	0	49799059001	11
14223	49799	18	109	87	0	49799721000	11
14224	49799	19	110	87	0	49799825001	11
14225	49799	34	113	89	1	49799718001	11
14226	49800	12	109	86	0	49800329000	11
14227	49800	32	111	89	1	49800407000	11
14228	49801	0	109	84	0	49801895000	11
14229	49801	6	109	85	0	49801275000	11
14230	49801	30	109	89	1	49801957000	11
14231	49801	31	110	89	1	49801117000	11
14232	49802	33	112	89	1	49802056001	11
14233	49802	35	114	89	1	49802380001	11
14234	49803	24	109	88	1	49803499000	12
14235	49803	25	110	88	1	49803876000	12
14236	49803	26	111	88	1	49803798000	12
14237	49803	27	112	88	1	49803077000	12
14238	49803	28	113	88	1	49803569001	12
14239	49803	29	114	88	1	49803443000	12
14240	49803	31	110	89	1	49803538000	12
14241	49803	32	111	89	1	49803760001	12
14242	49803	34	113	89	1	49803130001	12
14243	49804	2	111	84	0	49804591000	12
14244	49804	30	109	89	1	49804428000	12
14245	49804	33	112	89	1	49804573000	12
14246	49804	35	114	89	1	49804583001	12
14247	49806	27	112	88	1	49806913001	12
14248	49806	29	114	88	1	49806925000	12
14249	49807	18	109	87	1	49807408001	12
14250	49807	21	112	87	1	49807935000	12
14251	49807	22	113	87	1	49807811000	12
14252	49807	24	109	88	1	49807273001	12
14253	49807	25	110	88	1	49807371000	12
14254	49807	26	111	88	1	49807273001	12
14255	49807	28	113	88	1	49807700001	12
14256	49807	34	113	89	1	49807166001	12
14257	49808	19	110	87	1	49808629001	12
14258	49808	20	111	87	1	49808813000	12
14259	49808	23	114	87	1	49808120000	12
14260	49809	27	112	88	1	49809697001	13
14261	49810	13	110	86	1	49810269000	13
14262	49810	25	110	88	1	49810801001	13
14263	49810	26	111	88	1	49810336000	13
14264	49810	29	114	88	1	49810110001	13
14265	49811	18	109	87	1	49811548000	13
14266	49811	24	109	88	1	49811242000	13
14267	49811	28	113	88	1	49811110001	13
14268	49811	31	110	89	1	49811274001	13
14269	49812	12	109	86	1	49812000001	13
14270	49812	14	111	86	1	49812683000	13
14271	49812	15	112	86	1	49812801001	13
14272	49812	17	114	86	1	49812722001	13
14273	49812	19	110	87	1	49812148001	13
14274	49812	20	111	87	1	49812136001	13
14275	49812	21	112	87	1	49812404000	13
14276	49812	23	114	87	1	49812544000	13
14277	49813	13	110	86	1	49813736000	14
14278	49813	16	113	86	1	49813751001	14
14279	49813	22	113	87	1	49813086001	13
14280	49814	20	111	87	1	49814772000	14
14281	49815	7	110	85	1	49815667000	14
14282	49815	12	109	86	1	49815617000	14
14283	49815	21	112	87	1	49815135001	14
14284	49815	23	114	87	1	49815900001	14
14285	49816	6	109	85	1	49816358001	14
14286	49816	35	114	89	1	49816235000	14
14287	49817	8	111	85	1	49817057000	15
14288	49817	9	112	85	1	49817995001	15
14289	49817	10	113	85	1	49817995001	15
14290	49817	13	110	86	1	49817334000	15
14291	49817	14	111	86	1	49817342001	15
14292	49817	15	112	86	1	49817507000	15
14293	49817	16	113	86	1	49817922001	15
14294	49817	17	114	86	1	49817412000	15
14295	49818	11	114	85	1	49818664001	15
14296	49818	22	113	87	1	49818554000	15
14297	49819	7	110	85	1	49819516000	15
14298	49819	12	109	86	1	49819900000	15
14299	49820	0	109	84	1	49820344000	16
14300	49820	1	110	84	1	49820035000	15
14301	49820	6	109	85	1	49820239000	16
14302	49820	16	113	86	1	49820705000	16
14303	49820	17	114	86	1	49820660000	16
14304	49821	8	111	85	1	49821251000	16
14305	49821	14	111	86	1	49821534001	16
14306	49821	15	112	86	1	49821725000	16
14307	49822	2	111	84	1	49822123000	16
14308	49822	3	112	84	1	49822080001	16
14309	49822	7	110	85	1	49822085000	16
14310	49822	9	112	85	1	49822514001	16
14311	49823	1	110	84	1	49823854001	17
14312	49823	4	113	84	1	49823686001	16
14313	49823	5	114	84	1	49823660000	16
14314	49823	8	111	85	1	49823741001	17
14315	49823	10	113	85	1	49823290001	16
14316	49823	11	114	85	1	49823069000	16
14317	49823	18	109	87	1	49823360001	16
14318	49824	0	109	84	1	49824849000	17
14319	49824	6	109	85	1	49824934001	17
14320	49824	13	110	86	1	49824922000	17
14321	49825	9	112	85	1	49825463001	17
14322	49825	10	113	85	1	49825901000	17
14323	49826	1	110	84	1	49826963000	17
14324	49826	2	111	84	1	49826391000	17
14325	49826	3	112	84	1	49826580000	17
14326	49826	11	114	85	1	49826593000	17
14327	49828	0	109	84	1	49828822000	18
14328	49828	2	111	84	1	49828769001	18
14329	49828	4	113	84	1	49828505000	18
14330	49829	3	112	84	1	49829579001	18
14331	49829	5	114	84	1	49829643000	18
14332	49831	1	110	84	1	49831722001	19
14333	49831	4	113	84	1	49831722001	19
14334	49831	17	114	86	1	49831613000	19
14335	49833	5	114	84	1	49833639000	19
14336	49833	7	110	85	1	49833671001	19
14337	49843	19	110	87	1	49843562000	23
14338	49845	3	112	84	1	49845520001	23
14339	50124	24	109	88	0	50124948000	19
14340	50127	21	112	87	0	50127455001	20
14341	50128	12	109	86	0	50128030001	20
14342	50128	13	110	86	0	50128309000	20
14343	50128	15	112	86	0	50128075001	20
14344	50129	3	112	84	0	50129909001	20
14345	50129	9	112	85	0	50129292000	20
14346	50152	34	113	89	0	50152641000	24
14347	50153	26	111	88	0	50153687000	24
14348	50153	27	112	88	0	50153665000	24
14349	50153	28	113	88	1	50153661001	24
14350	50153	31	110	89	0	50153674001	24
14351	50153	32	111	89	0	50153316000	24
14352	50153	33	112	89	0	50153014001	24
14353	50153	35	114	89	0	50153688000	24
14354	50154	20	111	87	0	50154736001	24
14355	50154	21	112	87	0	50154577000	24
14356	50154	22	113	87	0	50154488000	24
14357	50154	25	110	88	0	50154714001	24
14358	50154	29	114	88	0	50154849001	24
14359	50154	30	109	89	0	50154384000	24
14360	50154	34	113	89	0	50154717000	24
14361	50155	14	111	86	0	50155281000	24
14362	50155	15	112	86	0	50155317001	24
14363	50155	16	113	86	0	50155343000	24
14364	50155	18	109	87	0	50155859000	24
14365	50155	19	110	87	0	50155402001	24
14366	50155	23	114	87	0	50155691000	24
14367	50155	24	109	88	0	50155061000	24
14368	50155	26	111	88	0	50155344001	24
14369	50155	27	112	88	0	50155506000	24
14370	50155	28	113	88	0	50155749001	24
14371	50155	31	110	89	0	50155995000	24
14372	50155	35	114	89	0	50155505000	24
14373	50156	2	111	84	0	50156929000	24
14374	50156	3	112	84	0	50156744000	24
14375	50156	7	110	85	0	50156630000	24
14376	50156	8	111	85	0	50156408001	24
14377	50156	9	112	85	0	50156248000	24
14378	50156	10	113	85	0	50156843001	24
14379	50156	12	109	86	0	50156604000	24
14380	50156	13	110	86	0	50156315000	24
14381	50156	22	113	87	0	50156459001	24
14382	50156	29	114	88	0	50156774001	24
14383	50157	0	109	84	1	50157889001	24
14384	50157	1	110	84	0	50157427001	24
14385	50157	4	113	84	0	50157740000	24
14386	50157	6	109	85	0	50157236001	24
14387	50157	11	114	85	0	50157971000	24
14388	50157	15	112	86	0	50157493000	24
14389	50157	16	113	86	0	50157316001	24
14390	50157	17	114	86	0	50157246000	24
14391	50157	20	111	87	0	50157450001	24
14392	50157	33	112	89	0	50157845001	24
14393	50158	7	110	85	0	50158875001	24
14394	50158	9	112	85	0	50158597001	24
14395	50158	10	113	85	0	50158981001	24
14396	50158	19	110	87	0	50158137001	24
14397	50158	23	114	87	0	50158079000	24
14398	50158	30	109	89	0	50158283001	24
14399	50159	3	112	84	0	50159580000	24
14400	50159	5	114	84	0	50159570000	24
14401	50159	17	114	86	0	50159871001	24
14402	50160	4	113	84	0	50160107001	24
14403	50160	11	114	85	0	50160219001	24
14404	50160	12	109	86	0	50160983000	24
14405	50160	21	112	87	0	50160944000	24
14406	50161	2	111	84	0	50161060000	24
14407	50161	22	113	87	0	50161611001	24
14408	50161	35	114	89	0	50161667001	24
14409	50162	5	114	84	0	50162357001	24
14410	50163	28	113	88	1	50163802000	24
14411	50163	29	114	88	1	50163424000	24
14412	50163	33	112	89	1	50163474001	24
14413	50163	34	113	89	1	50163066000	24
14414	50163	35	114	89	1	50163173000	24
14415	50164	17	114	86	1	50164852001	24
14416	50164	21	112	87	1	50164840001	24
14417	50164	22	113	87	1	50164433000	24
14418	50164	23	114	87	1	50164021000	24
14419	50164	26	111	88	1	50164404000	24
14420	50164	27	112	88	1	50164091001	24
14421	50164	30	109	89	1	50164508001	24
14422	50164	31	110	89	1	50164216001	24
14423	50164	32	111	89	1	50164043000	24
14424	50165	10	113	85	1	50165854001	24
14425	50165	11	114	85	1	50165536000	24
14426	50165	14	111	86	1	50165845000	24
14427	50165	15	112	86	1	50165294000	24
14428	50165	16	113	86	1	50165251001	24
14429	50165	19	110	87	1	50165555001	24
14430	50165	20	111	87	1	50165046000	24
14431	50165	24	109	88	1	50165357001	24
14432	50165	25	110	88	1	50165044001	24
14433	50166	3	112	84	1	50166717000	24
14434	50166	4	113	84	1	50166598001	24
14435	50166	5	114	84	1	50166104000	24
14436	50166	7	110	85	1	50166796000	24
14437	50166	8	111	85	1	50166531000	24
14438	50166	9	112	85	1	50166284000	24
14439	50166	12	109	86	1	50166735000	24
14440	50166	13	110	86	1	50166096001	24
14441	50166	18	109	87	1	50166062001	24
14442	50167	0	109	84	1	50167964001	24
14443	50167	1	110	84	1	50167588001	24
14444	50167	2	111	84	1	50167274000	24
14445	50167	6	109	85	1	50167349000	24
14446	50250	29	114	88	0	50250635000	14
14447	50251	23	114	87	0	50251311000	14
14448	50252	11	114	85	0	50252762000	14
14449	50252	17	114	86	0	50252107001	14
14450	50252	22	113	87	0	50252493000	14
14451	50252	28	113	88	0	50252245000	14
14452	50253	16	113	86	0	50253412001	14
14453	50253	27	112	88	0	50253905000	14
14454	50254	5	114	84	0	50254066001	14
14455	50254	10	113	85	0	50254518000	14
14456	50254	11	114	85	0	50254740001	14
14457	50254	17	114	86	0	50254489000	14
14458	50254	21	112	87	0	50254401000	14
14459	50254	22	113	87	0	50254692000	14
14460	50254	23	114	87	0	50254058000	14
14461	50254	29	114	88	0	50254207001	14
14462	50255	4	113	84	0	50255715001	14
14463	50255	15	112	86	0	50255597001	14
14464	50255	16	113	86	0	50255487000	14
14465	50255	26	111	88	0	50255358000	14
14466	50256	3	112	84	0	50256837000	14
14467	50256	5	114	84	0	50256590000	14
14468	50256	9	112	85	0	50256369000	14
14469	50256	10	113	85	0	50256904000	14
14470	50256	14	111	86	0	50256453001	14
14471	50256	20	111	87	0	50256126001	14
14472	50256	21	112	87	0	50256936001	14
14473	50257	4	113	84	0	50257825001	15
14474	50257	15	112	86	0	50257899001	15
14475	50257	19	110	87	0	50257588001	14
14476	50257	25	110	88	0	50257145001	14
14477	50257	27	112	88	0	50257002001	14
14478	50257	28	113	88	0	50257399000	14
14479	50257	35	114	89	0	50257245001	14
14480	50258	2	111	84	0	50258507001	15
14481	50258	3	112	84	0	50258985001	15
14482	50258	8	111	85	0	50258059000	15
14483	50258	9	112	85	0	50258576000	15
14484	50258	13	110	86	0	50258669001	15
14485	50258	14	111	86	0	50258354001	15
14486	50258	20	111	87	0	50258182000	15
14487	50258	24	109	88	0	50258240000	15
14488	50258	26	111	88	0	50258384000	15
14489	50258	29	114	88	0	50258029001	15
14490	50259	7	110	85	0	50259844000	15
14491	50259	8	111	85	0	50259944000	15
14492	50259	12	109	86	0	50259734001	15
14493	50259	18	109	87	0	50259347000	15
14494	50259	32	111	89	0	50259937001	15
14495	50259	34	113	89	0	50259118000	15
14496	50260	1	110	84	0	50260716000	15
14497	50260	2	111	84	0	50260215000	15
14498	50260	13	110	86	0	50260993001	15
14499	50260	15	112	86	0	50260026001	15
14500	50260	19	110	87	0	50260017000	15
14501	50260	23	114	87	0	50260495000	15
14502	50260	24	109	88	0	50260146000	15
14503	50260	25	110	88	0	50260487001	15
14504	50260	29	114	88	0	50260120000	15
14505	50260	33	112	89	0	50260072001	15
14506	50260	35	114	89	0	50260136000	15
14507	50261	6	109	85	0	50261150000	15
14508	50261	7	110	85	0	50261774000	15
14509	50261	12	109	86	0	50261671000	15
14510	50261	21	112	87	0	50261237001	15
14511	50261	22	113	87	0	50261180001	15
14512	50261	27	112	88	0	50261850001	15
14513	50261	31	110	89	0	50261268000	15
14514	50262	0	109	84	0	50262167000	15
14515	50262	18	109	87	0	50262502001	15
14516	50262	26	111	88	0	50262421000	15
14517	50262	28	113	88	0	50262132001	15
14518	50262	30	109	89	0	50262964001	15
14519	50262	34	113	89	0	50262070001	15
14520	50263	1	110	84	0	50263262001	15
14521	50263	6	109	85	0	50263416000	15
14522	50263	29	114	88	0	50263530000	15
14523	50263	32	111	89	0	50263462000	15
14524	50263	33	112	89	0	50263031001	15
14525	50263	35	114	89	0	50263265000	15
14526	50264	0	109	84	0	50264686001	15
14527	50264	31	110	89	0	50264148000	15
14528	50265	24	109	88	0	50265420000	15
14529	50265	25	110	88	0	50265887000	15
14530	50265	28	113	88	0	50265817001	15
14531	50265	30	109	89	0	50265552001	15
14532	50265	34	113	89	0	50265204001	15
14533	50266	26	111	88	0	50266478000	15
14534	50266	27	112	88	0	50266209000	15
14535	50266	29	114	88	0	50266444000	15
14536	50266	33	112	89	0	50266941000	15
14537	50267	31	110	89	0	50267015000	15
14538	50267	32	111	89	0	50267164001	15
14539	50267	35	114	89	0	50267260000	15
14540	50268	20	111	87	0	50268450000	16
14541	50269	34	113	89	0	50269639001	16
14542	50270	24	109	88	0	50270760001	16
14543	50270	30	109	89	0	50270578000	16
14544	50270	31	110	89	0	50270022001	16
14545	50270	32	111	89	1	50270751000	16
14546	50271	33	112	89	0	50271041001	16
14547	50271	35	114	89	0	50271171001	16
14548	50272	2	111	84	0	50272599001	16
14549	50273	31	110	89	0	50273599000	16
14550	50278	25	110	88	0	50278451000	17
14551	50281	30	109	89	0	50281668001	17
14552	50291	5	114	84	1	50291720001	18
14553	50292	11	114	85	1	50292343000	18
14554	50292	17	114	86	1	50292932001	18
14555	50293	4	113	84	1	50293312001	18
14556	50293	10	113	85	1	50293500001	18
14557	50293	16	113	86	1	50293851000	18
14558	50293	23	114	87	1	50293214000	18
14559	50293	29	114	88	1	50293486000	18
14560	50293	35	114	89	1	50293850000	18
14561	50294	3	112	84	1	50294129001	18
14562	50294	9	112	85	1	50294971000	18
14563	50294	22	113	87	1	50294356001	18
14564	50294	28	113	88	1	50294877001	18
14565	50295	2	111	84	1	50295121001	18
14566	50295	5	114	84	1	50295351001	18
14567	50295	15	112	86	1	50295446001	18
14568	50295	21	112	87	1	50295586001	18
14569	50295	29	114	88	1	50295678001	18
14570	50295	34	113	89	1	50295244001	18
14571	50295	35	114	89	1	50295574000	18
14572	50296	2	111	84	1	50296865001	18
14573	50296	3	112	84	1	50296273001	18
14574	50296	8	111	85	1	50296169000	18
14575	50296	10	113	85	1	50296347001	18
14576	50296	11	114	85	1	50296313001	18
14577	50296	14	111	86	1	50296510001	18
14578	50296	16	113	86	1	50296168001	18
14579	50296	17	114	86	1	50296537000	18
14580	50296	20	111	87	1	50296905001	18
14581	50296	27	112	88	1	50296131000	18
14582	50296	33	112	89	1	50296722000	18
14583	50297	1	110	84	1	50297179001	19
14584	50297	4	113	84	1	50297861001	19
14585	50297	7	110	85	1	50297402000	19
14586	50297	8	111	85	1	50297635001	19
14587	50297	9	112	85	1	50297003000	19
14588	50297	15	112	86	1	50297379000	19
14589	50297	21	112	87	1	50297180001	19
14590	50297	22	113	87	1	50297076000	19
14591	50297	26	111	88	1	50297526000	19
14592	50297	27	112	88	1	50297664001	19
14593	50297	28	113	88	1	50297233000	19
14594	50297	34	113	89	1	50297506001	19
14595	50298	0	109	84	1	50298467000	19
14596	50298	1	110	84	1	50298788000	19
14597	50298	6	109	85	1	50298906000	19
14598	50298	7	110	85	1	50298994001	19
14599	50298	13	110	86	1	50298001001	19
14600	50298	14	111	86	1	50298470001	19
14601	50298	19	110	87	1	50298711001	19
14602	50298	20	111	87	1	50298554001	19
14603	50298	25	110	88	1	50298977001	19
14604	50298	32	111	89	1	50298101000	19
14605	50299	12	109	86	1	50299183001	19
14606	50299	13	110	86	1	50299933001	19
14607	50299	26	111	88	1	50299060001	19
14608	50299	31	110	89	1	50299162001	19
14609	50299	33	112	89	1	50299626000	19
14610	50300	0	109	84	1	50300710001	19
14611	50300	6	109	85	1	50300755001	19
14612	50300	18	109	87	1	50300035001	19
14613	50300	24	109	88	1	50300287001	19
14614	50300	25	110	88	1	50300907001	19
14615	50300	30	109	89	1	50300769000	19
14616	50300	31	110	89	1	50300957001	19
14617	50301	12	109	86	1	50301110001	19
14618	50301	18	109	87	1	50301961000	19
14619	50301	19	110	87	1	50301140000	19
14620	50302	24	109	88	1	50302408001	19
14621	50302	30	109	89	1	50302469000	19
14622	50306	23	114	87	1	50306482000	20
14623	50382	12	109	86	0	50382869001	25
14624	50382	18	109	87	0	50382974000	25
14625	50382	24	109	88	0	50382287000	25
14626	50382	30	109	89	0	50382557000	25
14627	50383	0	109	84	0	50383771001	25
14628	50383	6	109	85	0	50383508000	25
14629	50384	13	110	86	0	50384633001	25
14630	50384	19	110	87	0	50384279000	25
14631	50384	24	109	88	0	50384645000	25
14632	50384	25	110	88	0	50384373001	25
14633	50384	30	109	89	0	50384824001	25
14634	50384	31	110	89	0	50384076000	25
14635	50385	1	110	84	0	50385370001	24
14636	50385	7	110	85	0	50385074000	24
14637	50385	12	109	86	0	50385287000	24
14638	50385	18	109	87	0	50385354000	24
14639	50385	26	111	88	0	50385663001	24
14640	50385	32	111	89	0	50385983001	24
14641	50386	0	109	84	0	50386685001	24
14642	50386	2	111	84	0	50386795000	24
14643	50386	6	109	85	0	50386024000	24
14644	50386	8	111	85	0	50386905001	24
14645	50386	13	110	86	0	50386968001	24
14646	50386	14	111	86	0	50386249000	24
14647	50386	19	110	87	0	50386568001	24
14648	50386	20	111	87	0	50386007000	24
14649	50386	25	110	88	0	50386986000	24
14650	50386	31	110	89	0	50386831000	24
14651	50387	1	110	84	0	50387380000	24
14652	50387	7	110	85	0	50387340001	24
14653	50387	15	112	86	0	50387809000	24
14654	50387	21	112	87	0	50387497001	24
14655	50387	26	111	88	0	50387560001	24
14656	50387	27	112	88	0	50387291000	24
14657	50387	33	112	89	0	50387069001	24
14658	50388	2	111	84	0	50388965001	24
14659	50388	3	112	84	0	50388004001	24
14660	50388	9	112	85	0	50388153000	24
14661	50388	14	111	86	0	50388277000	24
14662	50388	20	111	87	0	50388446000	24
14663	50388	22	113	87	0	50388950001	24
14664	50388	28	113	88	0	50388859001	24
14665	50388	32	111	89	0	50388565001	24
14666	50388	34	113	89	0	50388322000	24
14667	50389	0	109	84	1	50389612001	24
14668	50389	8	111	85	0	50389517001	24
14669	50389	10	113	85	0	50389727001	24
14670	50389	16	113	86	0	50389261000	24
14671	50389	21	112	87	0	50389877001	24
14672	50389	27	112	88	0	50389374000	24
14673	50389	33	112	89	0	50389426001	24
14674	50389	35	114	89	0	50389852000	24
14675	50390	1	110	84	1	50390940000	24
14676	50390	3	112	84	0	50390029001	24
14677	50390	4	113	84	0	50390045000	24
14678	50390	9	112	85	0	50390414000	24
14679	50390	11	114	85	0	50390991001	24
14680	50390	15	112	86	0	50390059001	24
14681	50390	17	114	86	0	50390947001	24
14682	50390	22	113	87	0	50390986001	24
14683	50390	23	114	87	0	50390475001	24
14684	50390	28	113	88	0	50390820000	24
14685	50390	29	114	88	0	50390116000	24
14686	50390	34	113	89	0	50390473001	24
14687	50391	5	114	84	0	50391467000	24
14688	50391	6	109	85	1	50391877001	24
14689	50391	16	113	86	0	50391471001	24
14690	50391	35	114	89	0	50391862000	24
14691	50392	1	110	84	1	50392878001	24
14692	50392	4	113	84	0	50392151001	24
14693	50392	10	113	85	0	50392071000	24
14694	50392	23	114	87	0	50392589000	24
14695	50392	29	114	88	0	50392356000	24
14696	50393	11	114	85	0	50393425001	24
14697	50393	17	114	86	0	50393466000	24
14698	50394	0	109	84	1	50394966001	23
14699	50394	2	111	84	1	50394750000	23
14700	50394	5	114	84	0	50394284001	24
14701	50394	6	109	85	1	50394086000	24
14702	50394	7	110	85	1	50394526001	24
14703	50395	12	109	86	1	50395543000	23
14704	50396	7	110	85	1	50396630000	23
14705	50397	2	111	84	1	50397553000	23
14706	50397	3	112	84	1	50397542000	23
14707	50397	13	110	86	1	50397817000	23
14708	50398	8	111	85	1	50398057001	23
14709	50398	12	109	86	1	50398180001	23
14710	50398	16	113	86	0	50398282001	23
14711	50398	18	109	87	1	50398998000	23
14712	50399	1	110	84	1	50399048001	23
14713	50399	15	112	86	0	50399100000	23
14714	50400	3	112	84	1	50400160001	23
14715	50400	8	111	85	1	50400264000	23
14716	50400	9	112	85	1	50400978001	23
14717	50400	13	110	86	1	50400069000	23
14718	50401	4	113	84	1	50401674001	23
14719	50401	14	111	86	1	50401975000	23
14720	50401	18	109	87	1	50401502001	23
14721	50401	24	109	88	1	50401731001	23
14722	50402	7	110	85	1	50402165001	23
14723	50402	19	110	87	1	50402011000	23
14724	50403	9	112	85	1	50403399000	22
14725	50404	4	113	84	1	50404081000	22
14726	50404	5	114	84	1	50404355001	22
14727	50404	13	110	86	1	50404719001	22
14728	50404	14	111	86	1	50404282001	22
14729	50404	19	110	87	1	50404842000	22
14730	50404	24	109	88	1	50404328000	22
14731	50404	25	110	88	1	50404803000	22
14732	50405	8	111	85	1	50405149001	22
14733	50405	10	113	85	1	50405059001	22
14734	50405	15	112	86	1	50405076001	22
14735	50405	20	111	87	1	50405519001	22
14736	50405	27	112	88	0	50405692000	22
14737	50405	30	109	89	1	50405371000	22
14738	50406	34	113	89	0	50406817000	22
14739	50407	5	114	84	1	50407319000	22
14740	50407	9	112	85	1	50407033001	22
14741	50407	10	113	85	1	50407370001	22
14742	50407	15	112	86	1	50407713000	22
14743	50407	21	112	87	1	50407958001	22
14744	50407	25	110	88	1	50407247001	22
14745	50407	30	109	89	1	50407826001	22
14746	50407	31	110	89	1	50407733001	22
14747	50408	11	114	85	1	50408334001	22
14748	50408	16	113	86	1	50408981001	22
14749	50408	20	111	87	1	50408138001	22
14750	50408	26	111	88	1	50408558001	22
14751	50410	21	112	87	1	50410280001	21
14752	50410	26	111	88	1	50410597001	21
14753	50410	31	110	89	1	50410235001	21
14754	50411	11	114	85	1	50411055000	21
14755	50411	16	113	86	1	50411670000	21
14756	50411	27	112	88	1	50411149001	21
14757	50412	17	114	86	1	50412278000	21
14758	50412	22	113	87	1	50412314001	21
14759	50412	32	111	89	1	50412026001	21
14760	50413	10	113	85	1	50413943000	21
14761	50413	21	112	87	1	50413679000	21
14762	50413	27	112	88	1	50413552001	21
14763	50414	17	114	86	1	50414906000	21
14764	50414	22	113	87	1	50414789001	21
14765	50414	32	111	89	1	50414913001	21
14766	50414	33	112	89	1	50414461000	21
14767	50415	23	114	87	1	50415384000	21
14768	50415	28	113	88	1	50415676000	21
14769	50417	11	114	85	1	50417276000	21
14770	50417	27	112	88	1	50417071000	21
14771	50417	33	112	89	1	50417242000	21
14772	50418	5	114	84	1	50418288000	21
14773	50418	23	114	87	1	50418487001	21
14774	50418	26	111	88	1	50418654000	21
14775	50418	28	113	88	1	50418057000	21
14776	50418	34	113	89	1	50418689000	21
14777	50419	29	114	88	1	50419045001	21
14778	50419	31	110	89	1	50419908000	21
14779	50421	29	114	88	1	50421679001	20
14780	50421	33	112	89	1	50421883001	20
14781	50421	34	113	89	1	50421551001	20
14782	50422	35	114	89	1	50422142001	20
14783	50423	28	113	88	1	50423652000	20
14784	50424	35	114	89	1	50424054001	20
14785	50425	29	114	88	1	50425090001	20
14786	50426	23	114	87	1	50426589000	20
14787	50437	34	113	89	1	50437712000	20
14788	50449	17	114	86	1	50449448000	20
14789	50467	34	113	89	0	50467423001	23
14790	50469	29	114	88	0	50469203000	23
14791	50470	23	114	87	0	50470876000	24
14792	50472	17	114	86	0	50472309001	24
14793	50577	5	114	84	0	50577939000	20
14794	50578	0	109	84	0	50578700001	20
14795	50578	1	110	84	0	50578559001	20
14796	50578	2	111	84	0	50578350000	20
14797	50578	3	112	84	0	50578312001	20
14798	50578	4	113	84	0	50578271000	20
14799	50578	11	114	85	0	50578905000	20
14800	50579	6	109	85	0	50579995001	20
14801	50579	7	110	85	0	50579614000	20
14802	50579	8	111	85	0	50579583001	20
14803	50579	9	112	85	0	50579313001	20
14804	50579	10	113	85	0	50579073001	20
14805	50580	1	110	84	0	50580768000	20
14806	50580	2	111	84	0	50580252000	20
14807	50580	3	112	84	0	50580586001	20
14808	50580	4	113	84	0	50580309001	20
14809	50580	5	114	84	0	50580357000	20
14810	50580	11	114	85	0	50580878001	20
14811	50580	12	109	86	0	50580724000	20
14812	50580	13	110	86	0	50580562000	20
14813	50580	14	111	86	0	50580314000	20
14814	50580	15	112	86	0	50580437000	20
14815	50580	16	113	86	0	50580170001	20
14816	50580	17	114	86	0	50580170001	20
14817	50581	0	109	84	0	50581400000	20
14818	50581	8	111	85	0	50581893001	20
14819	50581	9	112	85	0	50581326000	20
14820	50581	10	113	85	0	50581208000	20
14821	50581	19	110	87	0	50581707001	20
14822	50581	20	111	87	0	50581580000	20
14823	50581	21	112	87	0	50581285001	20
14824	50581	22	113	87	0	50581230000	20
14825	50581	23	114	87	0	50581071001	20
14826	50581	28	113	88	0	50581978000	20
14827	50581	29	114	88	0	50581893001	20
14828	50582	7	110	85	0	50582548000	19
14829	50582	12	109	86	0	50582834000	19
14830	50582	13	110	86	0	50582565000	19
14831	50582	15	112	86	0	50582565000	19
14832	50582	16	113	86	0	50582041000	20
14833	50582	17	114	86	0	50582336001	19
14834	50582	18	109	87	0	50582072001	20
14835	50582	24	109	88	0	50582678000	19
14836	50582	25	110	88	0	50582918000	19
14837	50582	26	111	88	0	50582157001	20
14838	50582	27	112	88	0	50582229001	19
14839	50582	35	114	89	0	50582819000	19
14840	50583	6	109	85	0	50583389001	19
14841	50583	14	111	86	0	50583353000	19
14842	50583	21	112	87	0	50583497001	19
14843	50583	22	113	87	1	50583199001	19
14844	50583	30	109	89	0	50583988000	19
14845	50583	31	110	89	0	50583568001	19
14846	50583	32	111	89	0	50583483000	19
14847	50583	33	112	89	0	50583300001	19
14848	50583	34	113	89	0	50583010000	19
14849	50584	20	111	87	0	50584527001	19
14850	50584	24	109	88	0	50584783000	19
14851	50584	26	111	88	0	50584195001	19
14852	50584	27	112	88	0	50584208000	19
14853	50584	28	113	88	0	50584388000	19
14854	50584	29	114	88	0	50584376000	19
14855	50584	34	113	89	0	50584832000	19
14856	50584	35	114	89	0	50584729001	19
14857	50585	18	109	87	0	50585171000	19
14858	50585	23	114	87	0	50585417000	19
14859	50585	25	110	88	0	50585120000	19
14860	50585	33	112	89	0	50585659000	19
14861	50586	19	110	87	0	50586029001	19
14862	50586	31	110	89	0	50586506001	19
14863	50587	30	109	89	0	50587040000	19
14864	50588	12	109	86	0	50588556001	19
14865	50588	22	113	87	0	50588673001	19
14866	50595	5	114	84	1	50595762001	18
14867	50595	11	114	85	1	50595815000	18
14868	50596	4	113	84	1	50596730001	18
14869	50596	10	113	85	1	50596780001	18
14870	50596	17	114	86	1	50596551000	18
14871	50596	23	114	87	1	50596584000	18
14872	50596	29	114	88	1	50596970001	18
14873	50597	3	112	84	1	50597240001	18
14874	50597	9	112	85	1	50597673001	18
14875	50597	15	112	86	1	50597996001	18
14876	50597	16	113	86	1	50597224001	18
14877	50597	22	113	87	1	50597315001	18
14878	50597	28	113	88	1	50597710000	18
14879	50597	34	113	89	1	50597915000	18
14880	50597	35	114	89	1	50597140001	18
14881	50598	1	110	84	1	50598982000	18
14882	50598	2	111	84	1	50598212000	18
14883	50598	8	111	85	1	50598260001	18
14884	50598	14	111	86	1	50598669000	18
14885	50598	20	111	87	1	50598876000	18
14886	50598	21	112	87	1	50598281001	18
14887	50598	27	112	88	1	50598581001	18
14888	50598	33	112	89	1	50598805001	18
14889	50599	0	109	84	1	50599692000	18
14890	50599	6	109	85	1	50599973000	18
14891	50599	7	110	85	1	50599214000	18
14892	50599	13	110	86	1	50599506000	18
14893	50599	19	110	87	1	50599376000	18
14894	50599	26	111	88	1	50599190000	18
14895	50599	32	111	89	1	50599761000	18
14896	50600	12	109	86	1	50600297001	18
14897	50600	18	109	87	1	50600598000	18
14898	50600	24	109	88	1	50600876001	18
14899	50600	25	110	88	1	50600084001	18
14900	50600	31	110	89	1	50600072001	18
14901	50601	30	109	89	1	50601151000	18
14902	50604	19	110	87	1	50604354000	18
14903	50604	31	110	89	1	50604353000	18
14904	50606	27	112	88	1	50606786001	18
14905	50614	8	111	85	1	50614055001	17
14906	50616	20	111	87	1	50616991001	17
14907	50656	5	114	84	0	50656038001	17
14908	50657	10	113	85	0	50657014000	17
14909	50657	11	114	85	0	50657311000	17
14910	50657	16	113	86	0	50657750000	17
14911	50658	17	114	86	0	50658580000	17
14912	50659	5	114	84	1	50659188001	17
14913	50659	21	112	87	0	50659094001	17
14914	50659	22	113	87	0	50659100001	17
14915	50659	23	114	87	0	50659642000	17
14916	50659	27	112	88	0	50659898001	17
14917	50660	10	113	85	1	50660032000	17
14918	50660	17	114	86	0	50660892000	17
14919	50660	28	113	88	0	50660411001	17
14920	50660	29	114	88	0	50660558001	17
14921	50661	16	113	86	1	50661801001	18
14922	50661	22	113	87	0	50661081001	18
14923	50661	32	111	89	0	50661092001	18
14924	50661	33	112	89	0	50661653000	18
14925	50661	34	113	89	0	50661618000	18
14926	50662	11	114	85	1	50662021001	18
14927	50662	21	112	87	1	50662369001	18
14928	50662	28	113	88	0	50662771000	18
14929	50662	29	114	88	0	50662665000	18
14930	50662	35	114	89	0	50662021001	18
14931	50663	17	114	86	1	50663992001	18
14932	50663	27	112	88	1	50663478001	18
14933	50664	22	113	87	1	50664090000	18
14934	50664	23	114	87	0	50664045000	18
14935	50664	32	111	89	1	50664547001	18
14936	50664	34	113	89	0	50664319000	18
14937	50664	35	114	89	0	50664076001	18
14938	50666	28	113	88	1	50666578000	18
14939	50666	33	112	89	1	50666496001	18
14940	50667	17	114	86	1	50667303000	18
14941	50667	23	114	87	1	50667973000	18
14942	50667	27	112	88	1	50667444000	18
14943	50668	4	113	84	0	50668926001	18
14944	50668	5	114	84	0	50668242000	18
14945	50668	22	113	87	1	50668364001	18
14946	50669	3	112	84	0	50669714001	18
14947	50669	10	113	85	0	50669728000	18
14948	50669	11	114	85	0	50669093000	18
14949	50669	17	114	86	0	50669706000	18
14950	50669	28	113	88	1	50669632000	18
14951	50669	29	114	88	1	50669994000	18
14952	50669	34	113	89	1	50669631001	18
14953	50670	2	111	84	0	50670718001	18
14954	50670	9	112	85	0	50670819001	18
14955	50670	16	113	86	0	50670534000	18
14956	50670	22	113	87	0	50670918001	18
14957	50670	23	114	87	0	50670739001	18
14958	50671	1	110	84	0	50671816000	18
14959	50671	8	111	85	0	50671513000	18
14960	50671	15	112	86	0	50671489001	18
14961	50671	28	113	88	0	50671958000	18
14962	50671	33	112	89	1	50671385000	18
14963	50672	0	109	84	0	50672736000	18
14964	50672	4	113	84	0	50672707000	18
14965	50672	7	110	85	0	50672709001	18
14966	50672	10	113	85	0	50672917001	18
14967	50672	14	111	86	0	50672144000	18
14968	50672	21	112	87	0	50672220001	18
14969	50672	27	112	88	0	50672700000	18
14970	50672	29	114	88	0	50672831000	18
14971	50673	2	111	84	0	50673523000	18
14972	50673	6	109	85	0	50673623000	18
14973	50673	8	111	85	0	50673802001	18
14974	50673	9	112	85	0	50673081001	18
14975	50673	13	110	86	0	50673471000	18
14976	50673	15	112	86	1	50673464001	18
14977	50673	17	114	86	0	50673110001	18
14978	50673	20	111	87	0	50673057001	18
14979	50673	22	113	87	0	50673315000	18
14980	50673	26	111	88	0	50673994001	18
14981	50673	34	113	89	0	50673853001	18
14982	50674	1	110	84	0	50674045000	18
14983	50674	3	112	84	0	50674303001	18
14984	50674	5	114	84	1	50674987000	18
14985	50674	12	109	86	0	50674325001	18
14986	50674	14	111	86	0	50674791001	18
14987	50674	19	110	87	0	50674265000	18
14988	50674	27	112	88	0	50674592000	18
14989	50674	28	113	88	0	50674774001	18
14990	50674	32	111	89	1	50674958000	18
14991	50674	33	112	89	0	50674017000	18
14992	50675	4	113	84	1	50675304001	18
14993	50675	18	109	87	0	50675475000	18
14994	50675	20	111	87	0	50675645000	18
14995	50675	24	109	88	0	50675916000	18
14996	50675	25	110	88	0	50675464000	18
14997	50675	26	111	88	0	50675850001	18
14998	50675	31	110	89	0	50675880000	18
14999	50676	1	110	84	1	50676653000	19
15000	50676	2	111	84	1	50676022000	18
15001	50676	3	112	84	1	50676177001	19
15002	50676	7	110	85	0	50676251001	19
15003	50676	9	112	85	1	50676842001	19
15004	50676	10	113	85	1	50676543001	19
15005	50676	11	114	85	1	50676354000	19
15006	50676	12	109	86	0	50676853001	19
15007	50676	13	110	86	0	50676479000	19
15008	50677	0	109	84	1	50677108000	19
15009	50677	7	110	85	1	50677945001	19
15010	50677	8	111	85	1	50677351000	19
15011	50677	16	113	86	1	50677984001	19
15012	50677	17	114	86	1	50677478001	19
15013	50677	19	110	87	0	50677621000	19
15014	50677	21	112	87	0	50677210000	19
15015	50677	30	109	89	0	50677288000	19
15016	50678	6	109	85	1	50678440001	19
15017	50678	13	110	86	1	50678964001	19
15018	50678	14	111	86	1	50678479001	19
15019	50678	15	112	86	1	50678405001	19
15020	50678	23	114	87	1	50678882000	19
15021	50678	24	109	88	0	50678155000	19
15022	50678	31	110	89	0	50678755001	19
15023	50679	12	109	86	1	50679657000	19
15024	50679	21	112	87	1	50679794000	19
15025	50679	22	113	87	1	50679130000	19
15026	50679	30	109	89	0	50679439000	19
15027	50680	19	110	87	1	50680419000	19
15028	50680	20	111	87	1	50680099001	19
15029	50680	25	110	88	0	50680090000	19
15030	50680	27	112	88	1	50680837001	19
15031	50680	28	113	88	1	50680363001	19
15032	50680	29	114	88	1	50680010001	19
15033	50681	18	109	87	1	50681371001	19
15034	50681	26	111	88	1	50681226001	19
15035	50681	34	113	89	1	50681621000	19
15036	50681	35	114	89	1	50681832001	19
15037	50682	9	112	85	1	50682170001	19
15038	50682	24	109	88	1	50682482000	19
15039	50682	25	110	88	1	50682267001	19
15040	50682	33	112	89	1	50682774001	19
15041	50683	26	111	88	1	50683000000	19
15042	50683	27	112	88	1	50683429000	19
15043	50683	31	110	89	1	50683226000	19
15044	50683	32	111	89	1	50683233000	19
15045	50683	34	113	89	1	50683757001	19
15046	50684	30	109	89	1	50684036000	19
15047	50686	28	113	88	1	50686752001	19
15048	50686	31	110	89	1	50686112001	19
15049	50694	17	114	86	1	50694199001	20
15050	50694	35	114	89	1	50694729001	20
15051	50696	29	114	88	1	50696734000	20
15052	50768	35	114	89	0	50768690000	18
15053	50771	29	114	88	0	50771229000	17
15054	50771	35	114	89	0	50771474001	17
15055	50773	29	114	88	0	50773477001	17
15056	50773	34	113	89	0	50773118001	17
15057	50774	35	114	89	0	50774311001	17
15058	50775	23	114	87	0	50775956001	17
15059	50775	34	113	89	0	50775930000	17
15060	50776	29	114	88	0	50776360001	17
15061	50777	17	114	86	0	50777439000	16
15062	50777	28	113	88	0	50777357001	16
15063	50777	35	114	89	0	50777950000	16
15064	50778	23	114	87	0	50778316000	16
15065	50778	29	114	88	0	50778825001	16
15066	50778	34	113	89	0	50778915001	16
15067	50779	11	114	85	0	50779839001	16
15068	50779	31	110	89	0	50779818000	16
15069	50780	17	114	86	0	50780181001	16
15070	50780	28	113	88	0	50780005000	16
15071	50780	30	109	89	0	50780279000	16
15072	50780	32	111	89	0	50780256001	16
15073	50780	33	112	89	0	50780340001	16
15074	50781	22	113	87	0	50781272000	16
15075	50781	24	109	88	0	50781549001	16
15076	50781	26	111	88	0	50781602000	16
15077	50781	27	112	88	0	50781193000	16
15078	50782	11	114	85	0	50782976000	15
15079	50782	23	114	87	0	50782260001	16
15080	50782	25	110	88	1	50782092000	16
15081	50782	27	112	88	0	50782942000	15
15082	50782	28	113	88	0	50782395001	16
15083	50782	30	109	89	0	50782642001	15
15084	50782	31	110	89	0	50782286001	16
15085	50782	34	113	89	0	50782135001	16
15086	50783	5	114	84	0	50783412001	15
15087	50783	16	113	86	0	50783316001	15
15088	50783	17	114	86	0	50783600000	15
15089	50783	18	109	87	0	50783305001	15
15090	50783	19	110	87	0	50783656001	15
15091	50783	20	111	87	0	50783908001	15
15092	50783	21	112	87	0	50783560001	15
15093	50783	22	113	87	0	50783552001	15
15094	50783	24	109	88	0	50783715000	15
15095	50783	26	111	88	0	50783339001	15
15096	50783	33	112	89	0	50783335001	15
15097	50784	12	109	86	0	50784777000	15
15098	50784	14	111	86	0	50784998000	15
15099	50785	13	110	86	0	50785256000	15
15100	50785	15	112	86	0	50785329000	15
15101	50785	16	113	86	0	50785434001	15
15102	50785	21	112	87	0	50785642001	15
15103	50786	5	114	84	0	50786258000	15
15104	50786	6	109	85	0	50786387000	15
15105	50786	7	110	85	0	50786529000	15
15106	50786	9	112	85	0	50786239001	15
15107	50786	10	113	85	0	50786404000	15
15108	50786	11	114	85	0	50786252000	15
15109	50786	18	109	87	0	50786916000	15
15110	50786	22	113	87	0	50786655001	15
15111	50787	8	111	85	0	50787015001	15
15112	50787	12	109	86	0	50787022001	15
15113	50787	15	112	86	0	50787426001	15
15114	50788	0	109	84	0	50788076000	14
15115	50788	1	110	84	0	50788094000	14
15116	50788	2	111	84	0	50788190001	14
15117	50788	3	112	84	0	50788069000	14
15118	50788	4	113	84	0	50788051001	14
15119	50788	5	114	84	0	50788893000	14
15120	50788	7	110	85	0	50788730000	14
15121	50788	9	112	85	0	50788370000	14
15122	50788	10	113	85	0	50788761001	14
15123	50788	11	114	85	1	50788860001	14
15124	50788	14	111	86	0	50788437000	14
15125	50788	17	114	86	0	50788524001	14
15126	50788	20	111	87	0	50788067001	14
15127	50788	30	109	89	1	50788598001	14
15128	50788	31	110	89	1	50788836000	14
15129	50789	24	109	88	1	50789444000	14
15130	50790	2	111	84	0	50790488001	14
15131	50790	4	113	84	0	50790735001	14
15132	50790	6	109	85	0	50790120000	14
15133	50790	8	111	85	0	50790569000	14
15134	50790	18	109	87	1	50790947000	14
15135	50790	25	110	88	1	50790775001	14
15136	50790	31	110	89	1	50790624001	14
15137	50791	1	110	84	0	50791119001	14
15138	50791	3	112	84	0	50791071000	14
15139	50791	12	109	86	1	50791838001	13
15140	50791	19	110	87	1	50791946001	13
15141	50791	32	111	89	1	50791782001	13
15142	50792	20	111	87	1	50792948001	13
15143	50792	24	109	88	1	50792279001	13
15144	50792	26	111	88	1	50792077000	13
15145	50793	6	109	85	1	50793130000	13
15146	50793	7	110	85	1	50793908000	13
15147	50793	13	110	86	1	50793155001	13
15148	50793	14	111	86	1	50793993000	13
15149	50794	0	109	84	1	50794367001	13
15150	50794	12	109	86	1	50794133000	13
15151	50795	1	110	84	1	50795209001	13
15152	50795	6	109	85	1	50795403001	13
15153	50795	7	110	85	1	50795546000	13
15154	50795	8	111	85	1	50795064001	13
15155	50795	15	112	86	1	50795399000	13
15156	50795	26	111	88	0	50795003001	13
15157	50796	0	109	84	1	50796985000	13
15158	50796	2	111	84	1	50796636000	13
15159	50796	8	111	85	1	50796636000	13
15160	50796	9	112	85	1	50796621000	13
15161	50796	32	111	89	0	50796696001	13
15162	50797	1	110	84	1	50797151001	13
15163	50797	3	112	84	1	50797386000	12
15164	50797	20	111	87	0	50797884001	12
15165	50797	31	110	89	0	50797321001	12
15166	50798	26	111	88	0	50798853001	12
15167	50799	15	112	86	0	50799635001	12
15168	50800	3	112	84	0	50800652001	12
15169	50800	14	111	86	0	50800072001	12
15170	50800	31	110	89	0	50800998000	12
15171	50800	35	114	89	1	50800242001	12
15172	50801	20	111	87	0	50801113000	12
15173	50801	29	114	88	1	50801882000	12
15174	50801	34	113	89	1	50801331000	12
15175	50802	9	112	85	0	50802388001	12
15176	50802	28	113	88	1	50802726000	11
15177	50802	33	112	89	1	50802196001	12
15178	50802	35	114	89	1	50802178001	12
15179	50803	8	111	85	0	50803475000	11
15180	50803	14	111	86	0	50803289000	11
15181	50803	22	113	87	1	50803751000	11
15182	50803	23	114	87	1	50803261000	11
15183	50803	27	112	88	1	50803716001	11
15184	50803	29	114	88	1	50803731001	11
15185	50803	32	111	89	1	50803610000	11
15186	50803	34	113	89	1	50803353000	11
15187	50804	3	112	84	0	50804835001	11
15188	50804	17	114	86	1	50804206001	11
15189	50804	21	112	87	1	50804940000	11
15190	50804	25	110	88	0	50804763001	11
15191	50804	28	113	88	1	50804673001	11
15192	50804	33	112	89	1	50804292000	11
15193	50805	16	113	86	1	50805915001	11
15194	50805	22	113	87	1	50805927001	11
15195	50805	23	114	87	1	50805346001	11
15196	50805	26	111	88	1	50805462000	11
15197	50805	27	112	88	1	50805485000	11
15198	50805	31	110	89	1	50805705000	11
15199	50806	10	113	85	1	50806637001	10
15200	50806	11	114	85	1	50806103000	11
15201	50806	17	114	86	1	50806401001	10
15202	50806	20	111	87	1	50806982000	10
15203	50806	21	112	87	1	50806955000	10
15204	50807	2	111	84	0	50807578000	10
15205	50807	5	114	84	1	50807453001	10
15206	50807	15	112	86	1	50807059001	10
15207	50807	26	111	88	1	50807798000	10
15208	50808	4	113	84	1	50808424000	10
15209	50808	9	112	85	1	50808968000	10
15210	50808	10	113	85	1	50808838001	10
15211	50808	11	114	85	1	50808140001	10
15212	50808	14	111	86	1	50808888001	10
15213	50808	16	113	86	1	50808095001	10
15214	50808	25	110	88	1	50808122001	10
15215	50809	3	112	84	1	50809966000	10
15216	50809	5	114	84	1	50809647001	10
15217	50809	15	112	86	1	50809107001	10
15218	50809	20	111	87	1	50809456001	10
15219	50809	30	109	89	1	50809805001	10
15220	50810	4	113	84	1	50810359000	10
15221	50810	8	111	85	1	50810914001	9
15222	50811	9	112	85	1	50811688000	9
15223	50812	2	111	84	1	50812705001	9
15224	50812	3	112	84	1	50812147001	9
15225	50983	35	114	89	0	50983449000	13
15226	50984	29	114	88	0	50984420001	13
15227	50985	35	114	89	0	50985497001	13
15228	50986	23	114	87	0	50986001000	13
15229	50986	29	114	88	0	50986284001	13
15230	50986	34	113	89	0	50986123000	13
15231	50987	17	114	86	0	50987401000	12
15232	50987	28	113	88	0	50987232000	12
15233	50987	35	114	89	0	50987821001	12
15234	50988	11	114	85	0	50988546001	12
15235	50988	22	113	87	0	50988023001	12
15236	50988	23	114	87	0	50988228000	12
15237	50988	29	114	88	0	50988446001	12
15238	50988	33	112	89	0	50988943000	12
15239	50988	34	113	89	0	50988134000	12
15240	50989	5	114	84	0	50989774001	12
15241	50989	16	113	86	0	50989285001	12
15242	50989	17	114	86	0	50989714000	12
15243	50989	22	113	87	0	50989901000	12
15244	50989	27	112	88	0	50989429000	12
15245	50989	28	113	88	0	50989054001	12
15246	50990	10	113	85	0	50990917001	12
15247	50990	11	114	85	0	50990568001	12
15248	50990	21	112	87	0	50990822001	12
15249	50990	34	113	89	0	50990438001	12
15250	50991	15	112	86	0	50991871000	12
15251	50991	16	113	86	0	50991284000	12
15252	50991	26	111	88	0	50991739001	12
15253	50991	27	112	88	0	50991170001	12
15254	50991	28	113	88	0	50991322001	12
15255	50991	32	111	89	0	50991527000	12
15256	50991	33	112	89	0	50991403000	12
15257	50992	4	113	84	0	50992443001	12
15258	50992	5	114	84	0	50992443001	12
15259	50992	21	112	87	0	50992834000	12
15260	50992	22	113	87	0	50992074000	12
15261	50992	23	114	87	0	50992539001	12
15262	50993	9	112	85	0	50993388001	12
15263	50993	10	113	85	0	50993059000	12
15264	50993	15	112	86	0	50993804001	12
15265	50993	16	113	86	0	50993918001	12
15266	50993	17	114	86	0	50993203001	12
15267	50993	20	111	87	0	50993376001	12
15268	50993	26	111	88	0	50993626000	12
15269	50993	27	112	88	0	50993012000	12
15270	50993	31	110	89	0	50993405001	12
15271	50994	3	112	84	0	50994258000	12
15272	50994	4	113	84	0	50994811001	12
15273	50994	11	114	85	0	50994864000	12
15274	50994	14	111	86	0	50994289001	12
15275	50994	25	110	88	0	50994872000	12
15276	50994	32	111	89	0	50994158001	12
15277	50995	9	112	85	0	50995422000	12
15278	50995	15	112	86	0	50995920001	12
15279	50995	20	111	87	0	50995228001	12
15280	50995	21	112	87	0	50995068000	12
15281	50995	24	109	88	0	50995686000	12
15282	50995	26	111	88	0	50995754000	12
15283	50995	30	109	89	0	50995565001	12
15284	50995	31	110	89	0	50995876001	12
15285	50996	2	111	84	0	50996992000	12
15286	50996	3	112	84	0	50996429000	12
15287	50996	8	111	85	0	50996352000	12
15288	50996	14	111	86	0	50996313000	12
15289	50996	19	110	87	0	50996212001	12
15290	50997	9	112	85	0	50997740000	12
15291	50997	10	113	85	0	50997729000	12
15292	50997	13	110	86	0	50997645000	12
15293	50997	20	111	87	0	50997828001	12
15294	50997	24	109	88	0	50997711001	12
15295	50997	25	110	88	0	50997256000	12
15296	50997	30	109	89	0	50997677001	12
15297	50998	2	111	84	0	50998889000	13
15298	50998	3	112	84	0	50998795000	13
15299	50998	4	113	84	0	50998312001	12
15300	50998	7	110	85	0	50998663001	12
15301	50998	8	111	85	0	50998582001	12
15302	50998	12	109	86	0	50998651001	12
15303	50998	18	109	87	0	50998856000	13
15304	50998	19	110	87	0	50998741001	12
15305	50999	1	110	84	0	50999801000	13
15306	50999	13	110	86	0	50999710000	13
15307	50999	14	111	86	0	50999981000	13
15308	50999	24	109	88	0	50999766001	13
15309	51000	6	109	85	0	51000684000	13
15310	51000	7	110	85	0	51000952001	13
15311	51000	12	109	86	0	51000735000	13
15312	51001	1	110	84	0	51001765000	13
15313	51001	2	111	84	0	51001438000	13
15314	51001	18	109	87	0	51001637000	13
15315	51002	0	109	84	0	51002075000	13
15316	51003	6	109	85	0	51003295001	13
15317	51004	0	109	84	0	51004586000	13
15318	51005	1	110	84	0	51005482000	14
15319	51005	12	109	86	0	51005324000	14
15320	51006	31	110	89	0	51006786000	14
15321	51011	3	112	84	0	51011296000	15
15322	51019	5	114	84	1	51019876001	18
15323	51020	11	114	85	1	51020141001	18
15324	51020	17	114	86	1	51020661000	18
15325	51020	23	114	87	1	51020661000	18
15326	51021	4	113	84	1	51021169000	18
15327	51021	10	113	85	1	51021227001	18
15328	51021	16	113	86	1	51021536001	18
15329	51021	22	113	87	1	51021947001	19
15330	51021	29	114	88	1	51021059001	18
15331	51021	35	114	89	1	51021333001	18
15332	51022	3	112	84	1	51022140000	19
15333	51022	9	112	85	1	51022811000	19
15334	51022	11	114	85	1	51022711000	19
15335	51022	28	113	88	1	51022197000	19
15336	51022	34	113	89	1	51022371000	19
15337	51023	2	111	84	1	51023639000	19
15338	51023	8	111	85	1	51023684000	19
15339	51023	15	112	86	1	51023035000	19
15340	51023	21	112	87	1	51023191001	19
15341	51023	23	114	87	1	51023674001	19
15342	51023	27	112	88	1	51023453000	19
15343	51023	33	112	89	1	51023797000	19
15344	51024	1	110	84	1	51024586001	20
15345	51024	3	112	84	1	51024792000	20
15346	51024	4	113	84	1	51024331000	19
15347	51024	5	114	84	1	51024950000	20
15348	51024	10	113	85	1	51024371000	19
15349	51024	14	111	86	1	51024025001	19
15350	51024	16	113	86	1	51024022000	19
15351	51024	20	111	87	1	51024412001	19
15352	51024	26	111	88	1	51024447001	20
15353	51024	28	113	88	1	51024680000	20
15354	51024	32	111	89	1	51024855000	20
15355	51024	35	114	89	1	51024168000	19
15356	51025	7	110	85	1	51025121001	20
15357	51025	8	111	85	1	51025155001	20
15358	51025	13	110	86	1	51025312001	20
15359	51025	19	110	87	1	51025603000	20
15360	51025	21	112	87	1	51025509001	20
15361	51025	25	110	88	1	51025932001	20
15362	51025	27	112	88	1	51025509001	20
15363	51025	31	110	89	1	51025638000	20
15364	51026	0	109	84	1	51026075000	20
15365	51026	1	110	84	1	51026181001	20
15366	51026	6	109	85	1	51026353001	20
15367	51026	9	112	85	1	51026580001	20
15368	51026	12	109	86	1	51026585001	20
15369	51026	15	112	86	1	51026465000	20
15370	51026	18	109	87	1	51026791000	20
15371	51026	20	111	87	1	51026976000	21
15372	51026	24	109	88	1	51026724000	20
15373	51026	26	111	88	1	51026165000	20
15374	51026	34	113	89	1	51026586001	20
15375	51027	2	111	84	1	51027047001	21
15376	51027	7	110	85	1	51027162000	21
15377	51027	13	110	86	1	51027628000	21
15378	51027	14	111	86	1	51027046001	21
15379	51027	17	114	86	1	51027101000	21
15380	51027	30	109	89	1	51027240000	21
15381	51027	31	110	89	1	51027253000	21
15382	51028	24	109	88	1	51028911001	21
15383	51029	18	109	87	1	51029567001	22
15384	51029	19	110	87	1	51029862001	22
15385	51029	25	110	88	1	51029061001	21
15386	51033	12	109	86	1	51033140000	23
15387	51035	6	109	85	1	51035524001	24
15388	51035	30	109	89	1	51035851001	25
15389	51036	22	113	87	1	51036713000	25
15390	51040	29	114	88	1	51040187000	27
15391	51061	15	112	86	0	51061961001	37
15392	51061	29	114	88	0	51061433001	37
15393	51062	16	113	86	0	51062461001	37
15394	51066	12	109	86	0	51066417000	39
15395	51523	5	114	84	0	51523790000	19
15396	51524	4	113	84	0	51524832000	19
15397	51524	11	114	85	0	51524659001	19
15398	51525	3	112	84	0	51525794000	19
15399	51525	10	113	85	0	51525653000	19
15400	51525	17	114	86	0	51525460001	19
15401	51526	2	111	84	0	51526777001	19
15402	51526	9	112	85	0	51526778000	19
15403	51526	16	113	86	0	51526312000	19
15404	51526	23	114	87	0	51526244000	19
15405	51526	29	114	88	0	51526897000	19
15406	51527	4	113	84	0	51527299001	19
15407	51527	5	114	84	1	51527698000	19
15408	51527	8	111	85	0	51527893000	19
15409	51527	11	114	85	1	51527893000	19
15410	51527	15	112	86	0	51527449000	19
15411	51527	22	113	87	0	51527102001	19
15412	51528	1	110	84	0	51528204000	19
15413	51528	2	111	84	0	51528995001	19
15414	51528	3	112	84	0	51528012000	19
15415	51528	14	111	86	0	51528460001	19
15416	51528	17	114	86	1	51528137000	19
15417	51528	21	112	87	0	51528234001	19
15418	51528	23	114	87	1	51528425001	19
15419	51528	28	113	88	0	51528058000	19
15420	51528	34	113	89	0	51528851000	19
15421	51528	35	114	89	0	51528005000	19
15422	51529	0	109	84	0	51529356000	19
15423	51529	4	113	84	1	51529369000	19
15424	51529	7	110	85	0	51529058000	19
15425	51529	8	111	85	0	51529806001	19
15426	51529	10	113	85	1	51529295000	19
15427	51529	13	110	86	0	51529741000	19
15428	51529	15	112	86	1	51529736001	19
15429	51529	16	113	86	1	51529491000	19
15430	51529	20	111	87	0	51529451001	19
15431	51529	22	113	87	1	51529634000	19
15432	51529	27	112	88	0	51529081000	19
15433	51529	28	113	88	1	51529959000	20
15434	51529	29	114	88	1	51529280001	19
15435	51530	1	110	84	0	51530826000	20
15436	51530	3	112	84	1	51530839001	20
15437	51530	6	109	85	0	51530102001	20
15438	51530	12	109	86	0	51530786000	20
15439	51530	19	110	87	0	51530686000	20
15440	51530	26	111	88	0	51530071000	20
15441	51530	33	112	89	0	51530355001	20
15442	51531	8	111	85	1	51531920001	20
15443	51531	9	112	85	1	51531070001	20
15444	51531	15	112	86	1	51531615000	20
15445	51531	18	109	87	0	51531923000	20
15446	51531	21	112	87	1	51531264000	20
15447	51531	25	110	88	0	51531743000	20
15448	51531	27	112	88	1	51531383000	20
15449	51531	32	111	89	0	51531267001	20
15450	51532	2	111	84	1	51532022001	20
15451	51532	6	109	85	0	51532715001	20
15452	51532	13	110	86	0	51532179001	20
15453	51532	14	111	86	1	51532387001	20
15454	51532	20	111	87	1	51532838001	20
15455	51532	24	109	88	0	51532377001	20
15456	51532	26	111	88	1	51532948000	20
15457	51532	31	110	89	0	51532391000	20
15458	51533	1	110	84	1	51533299001	20
15459	51533	8	111	85	1	51533755001	20
15460	51533	12	109	86	0	51533367001	20
15461	51533	30	109	89	0	51533669000	20
15462	51534	1	110	84	1	51534977001	20
15463	51534	2	111	84	1	51534854001	20
15464	51534	7	110	85	1	51534019000	20
15465	51534	13	110	86	1	51534423000	20
15466	51534	19	110	87	1	51534378000	20
15467	51534	25	110	88	1	51534601001	20
15468	51534	31	110	89	1	51534884000	20
15469	51534	32	111	89	1	51534169000	20
15470	51535	0	109	84	1	51535825000	20
15471	51535	6	109	85	1	51535310001	20
15472	51535	33	112	89	1	51535694000	20
15473	51536	12	109	86	1	51536084000	20
15474	51536	18	109	87	1	51536115001	20
15475	51536	24	109	88	1	51536162000	20
15476	51536	30	109	89	1	51536516000	20
15477	51537	6	109	85	1	51537753001	20
15478	51599	24	109	88	0	51599383000	18
15479	51599	30	109	89	0	51599502000	18
15480	51600	0	109	84	0	51600624001	17
15481	51600	6	109	85	0	51600222000	17
15482	51600	12	109	86	0	51600082000	17
15483	51600	18	109	87	0	51600066001	17
15484	51601	1	110	84	0	51601994000	17
15485	51601	13	110	86	0	51601768000	17
15486	51601	19	110	87	0	51601537001	17
15487	51601	24	109	88	1	51601932000	17
15488	51601	25	110	88	0	51601328001	17
15489	51601	30	109	89	1	51601423001	17
15490	51601	31	110	89	0	51601160000	17
15491	51602	7	110	85	0	51602136000	17
15492	51602	18	109	87	1	51602864001	17
15493	51602	26	111	88	0	51602807001	17
15494	51603	0	109	84	0	51603319001	17
15495	51603	2	111	84	0	51603520000	17
15496	51603	8	111	85	0	51603554000	17
15497	51603	12	109	86	1	51603769001	17
15498	51603	14	111	86	0	51603322000	17
15499	51603	19	110	87	1	51603823000	17
15500	51603	20	111	87	0	51603087000	17
15501	51603	25	110	88	1	51603192000	17
15502	51604	1	110	84	0	51604069001	17
15503	51604	6	109	85	1	51604683001	17
15504	51604	13	110	86	1	51604484001	17
15505	51604	15	112	86	0	51604812001	17
15506	51604	20	111	87	1	51604900000	16
15507	51604	21	112	87	0	51604443000	17
15508	51604	27	112	88	0	51604409000	17
15509	51605	0	109	84	1	51605620000	16
15510	51605	3	112	84	0	51605123000	16
15511	51605	7	110	85	1	51605458001	16
15512	51605	9	112	85	0	51605063000	16
15513	51605	14	111	86	1	51605583001	16
15514	51605	26	111	88	1	51605023000	16
15515	51606	1	110	84	1	51606186001	16
15516	51606	4	113	84	0	51606914000	16
15517	51606	8	111	85	1	51606617001	16
15518	51606	10	113	85	0	51606593000	16
15519	51606	15	112	86	1	51606853000	16
15520	51606	16	113	86	0	51606120000	16
15521	51606	21	112	87	1	51606575000	16
15522	51606	22	113	87	0	51606059000	16
15523	51607	2	111	84	1	51607661000	16
15524	51607	9	112	85	1	51607665001	16
15525	51607	11	114	85	0	51607801001	16
15526	51607	17	114	86	0	51607986001	16
15527	51608	3	112	84	1	51608332000	16
15528	51608	5	114	84	0	51608280001	16
15529	51608	10	113	85	1	51608733000	16
15530	51608	16	113	86	1	51608196000	16
15531	51609	4	113	84	1	51609554000	15
15532	51609	11	114	85	1	51609894001	15
15533	51610	5	114	84	1	51610430001	15
15534	51912	24	109	88	0	51912456000	38
15535	51914	26	111	88	0	51914180000	38
15536	51915	20	111	87	0	51915334000	38
15537	51915	21	112	87	0	51915235001	38
15538	51915	27	112	88	0	51915153000	38
15539	51916	15	112	86	0	51916079001	38
15540	51916	16	113	86	0	51916827001	37
15541	51916	22	113	87	0	51916581001	38
15542	51916	28	113	88	0	51916591001	38
15543	51917	23	114	87	0	51917761001	37
15544	51918	3	112	84	0	51918495000	37
15545	51918	11	114	85	0	51918574000	37
15546	51918	17	114	86	0	51918608000	37
15547	51958	0	109	84	0	51958977000	29
15548	51958	6	109	85	0	51958767001	29
15549	51958	12	109	86	0	51958479001	29
15550	51958	18	109	87	0	51958561000	29
15551	51958	24	109	88	0	51958295000	29
15552	51958	30	109	89	0	51958306001	29
15553	51959	1	110	84	0	51959958001	29
15554	51959	7	110	85	0	51959716001	29
15555	51959	13	110	86	0	51959652000	29
15556	51959	19	110	87	0	51959563000	29
15557	51959	25	110	88	0	51959537001	29
15558	51959	31	110	89	0	51959217001	29
15559	51960	12	109	86	0	51960772000	29
15560	51960	14	111	86	0	51960755000	29
15561	51960	20	111	87	0	51960958000	29
15562	51960	26	111	88	0	51960516001	29
15563	51960	30	109	89	1	51960752001	29
15564	51960	32	111	89	0	51960472001	29
15565	51961	2	111	84	0	51961113001	29
15566	51961	6	109	85	0	51961497001	29
15567	51961	7	110	85	0	51961756001	29
15568	51961	8	111	85	0	51961117000	29
15569	51961	18	109	87	0	51961308000	29
15570	51961	21	112	87	0	51961871000	29
15571	51961	24	109	88	1	51961449000	29
15572	51961	27	112	88	0	51961708000	29
15573	51961	31	110	89	1	51961107001	29
15574	51961	33	112	89	0	51961848000	29
15575	51962	0	109	84	0	51962385001	28
15576	51962	1	110	84	0	51962416000	28
15577	51962	3	112	84	0	51962263000	29
15578	51962	9	112	85	0	51962032001	29
15579	51962	13	110	86	0	51962283001	29
15580	51962	15	112	86	0	51962167001	29
15581	51962	18	109	87	1	51962987001	28
15582	51962	19	110	87	1	51962999001	28
15583	51962	25	110	88	1	51962121001	29
15584	51962	26	111	88	1	51962503001	28
15585	51963	2	111	84	0	51963236001	28
15586	51963	4	113	84	0	51963524000	28
15587	51963	6	109	85	1	51963992000	28
15588	51963	8	111	85	0	51963187000	28
15589	51963	10	113	85	0	51963362000	28
15590	51963	12	109	86	1	51963197001	28
15591	51963	14	111	86	0	51963026001	28
15592	51963	16	113	86	0	51963302001	28
15593	51963	20	111	87	1	51963469000	28
15594	51963	21	112	87	1	51963986000	28
15595	51963	22	113	87	0	51963097000	28
15596	51963	27	112	88	1	51963175000	28
15597	51963	28	113	88	0	51963072001	28
15598	51964	3	112	84	0	51964453000	28
15599	51964	5	114	84	0	51964656000	28
15600	51964	7	110	85	1	51964132000	28
15601	51964	9	112	85	0	51964122000	28
15602	51964	11	114	85	0	51964712000	28
15603	51964	13	110	86	1	51964132000	28
15604	51964	14	111	86	1	51964758000	28
15605	51964	15	112	86	1	51964954000	28
15606	51964	17	114	86	0	51964695000	28
15607	51964	22	113	87	1	51964867001	28
15608	51964	23	114	87	0	51964380000	28
15609	51965	0	109	84	1	51965207000	28
15610	51965	1	110	84	1	51965307001	28
15611	51965	4	113	84	0	51965852001	28
15612	51965	7	110	85	1	51965740001	28
15613	51965	8	111	85	1	51965064001	28
15614	51965	9	112	85	1	51965966001	28
15615	51965	16	113	86	1	51965608000	28
15616	51966	2	111	84	1	51966256000	28
15617	51966	3	112	84	1	51966882001	28
15618	51966	10	113	85	1	51966515000	28
15619	51966	17	114	86	1	51966492000	28
15620	51967	1	110	84	1	51967018001	28
15621	51967	4	113	84	1	51967658001	28
15622	51967	5	114	84	1	51967514001	28
15623	51967	11	114	85	1	51967005001	28
15624	51968	8	111	85	1	51968749000	27
15625	52082	0	109	84	0	52082640001	17
15626	52082	1	110	84	0	52082457000	17
15627	52082	2	111	84	0	52082545001	17
15628	52082	3	112	84	0	52082334000	17
15629	52082	4	113	84	0	52082413000	17
15630	52082	5	114	84	0	52082524000	17
15631	52083	7	110	85	0	52083707000	17
15632	52083	8	111	85	0	52083821000	17
15633	52083	9	112	85	0	52083795001	17
15634	52083	10	113	85	0	52083707000	17
15635	52083	11	114	85	0	52083667000	17
15636	52084	1	110	84	0	52084738000	17
15637	52084	2	111	84	0	52084441001	17
15638	52084	3	112	84	0	52084618000	17
15639	52084	4	113	84	0	52084668001	17
15640	52084	6	109	85	0	52084103001	17
15641	52084	12	109	86	0	52084909001	17
15642	52084	14	111	86	0	52084822000	17
15643	52084	15	112	86	0	52084883000	17
15644	52084	16	113	86	0	52084733001	17
15645	52084	17	114	86	0	52084959001	17
15646	52085	0	109	84	0	52085462000	17
15647	52085	5	114	84	0	52085274001	17
15648	52085	7	110	85	0	52085842001	16
15649	52085	13	110	86	1	52085104000	17
15650	52085	21	112	87	1	52085853001	16
15651	52085	22	113	87	0	52085944001	16
15652	52086	6	109	85	0	52086656000	16
15653	52086	8	111	85	0	52086465000	16
15654	52086	9	112	85	0	52086216000	16
15655	52086	10	113	85	0	52086287001	16
15656	52086	11	114	85	0	52086142001	16
15657	52086	14	111	86	0	52086938000	16
15658	52086	15	112	86	0	52086968001	16
15659	52086	16	113	86	0	52086779000	16
15660	52086	18	109	87	0	52086309001	16
15661	52086	19	110	87	0	52086252000	16
15662	52086	20	111	87	0	52086063001	16
15663	52086	23	114	87	0	52086079001	16
15664	52086	29	114	88	0	52086945001	16
15665	52087	12	109	86	0	52087019001	16
15666	52087	13	110	86	0	52087553001	16
15667	52087	17	114	86	0	52087424001	16
15668	52087	21	112	87	0	52087761000	16
15669	52087	24	109	88	1	52087130000	16
15670	52087	25	110	88	0	52087395000	16
15671	52087	26	111	88	0	52087144001	16
15672	52087	27	112	88	0	52087026001	16
15673	52087	28	113	88	0	52087186000	16
15674	52088	18	109	87	0	52088525000	16
15675	52088	19	110	87	0	52088653001	16
15676	52088	20	111	87	0	52088119000	16
15677	52088	22	113	87	0	52088128001	16
15678	52088	23	114	87	0	52088277000	16
15679	52088	27	112	88	0	52088832001	16
15680	52088	29	114	88	0	52088832001	16
15681	52088	30	109	89	0	52088551001	16
15682	52088	31	110	89	0	52088476001	16
15683	52088	32	111	89	0	52088608001	16
15684	52088	33	112	89	0	52088476001	16
15685	52088	34	113	89	0	52088234001	16
15686	52088	35	114	89	0	52088193000	16
15687	52089	24	109	88	1	52089066000	16
15688	52089	25	110	88	0	52089610001	16
15689	52089	26	111	88	0	52089000001	16
15690	52089	28	113	88	0	52089068001	16
15691	52090	30	109	89	0	52090796001	16
15692	52090	31	110	89	0	52090630000	16
15693	52090	34	113	89	0	52090219000	16
15694	52090	35	114	89	0	52090270000	16
15695	52091	32	111	89	0	52091356000	16
15696	52091	33	112	89	0	52091029000	16
15697	52098	5	114	84	1	52098676001	15
15698	52098	11	114	85	1	52098932000	15
15699	52099	4	113	84	1	52099489000	15
15700	52099	10	113	85	1	52099589001	15
15701	52099	17	114	86	1	52099500000	15
15702	52100	3	112	84	1	52100312000	15
15703	52100	9	112	85	1	52100724001	15
15704	52100	16	113	86	1	52100537000	15
15705	52100	22	113	87	1	52100979001	15
15706	52100	23	114	87	1	52100026001	15
15707	52100	29	114	88	1	52100549000	15
15708	52101	2	111	84	1	52101318000	15
15709	52101	8	111	85	1	52101440001	15
15710	52101	14	111	86	1	52101932000	15
15711	52101	15	112	86	1	52101031000	15
15712	52101	21	112	87	1	52101722001	15
15713	52101	28	113	88	1	52101454000	15
15714	52101	35	114	89	1	52101117000	15
15715	52102	0	109	84	1	52102769001	14
15716	52102	1	110	84	1	52102136000	15
15717	52102	7	110	85	1	52102500000	14
15718	52102	20	111	87	1	52102686000	14
15719	52102	26	111	88	1	52102947001	14
15720	52102	27	112	88	1	52102388000	14
15721	52102	33	112	89	1	52102906000	14
15722	52102	34	113	89	1	52102048001	15
15723	52103	6	109	85	1	52103384000	14
15724	52103	8	111	85	1	52103254000	14
15725	52103	12	109	86	1	52103918000	14
15726	52103	13	110	86	1	52103008000	14
15727	52103	19	110	87	1	52103281001	14
15728	52103	25	110	88	1	52103876001	14
15729	52103	32	111	89	1	52103603000	14
15730	52104	15	112	86	1	52104065000	14
15731	52104	18	109	87	1	52104247000	14
15732	52104	24	109	88	1	52104728001	14
15733	52104	31	110	89	1	52104157000	14
15734	52105	30	109	89	1	52105152000	14
15735	52109	9	112	85	1	52109890000	14
15736	52114	10	113	85	1	52114687000	13
15737	52114	11	114	85	1	52114884000	13
15738	52114	31	110	89	1	52114494001	13
15739	52117	21	112	87	1	52117992000	13
15740	52120	29	114	88	1	52120671000	13
15741	52171	29	114	88	0	52171077001	11
15742	52186	5	114	84	0	52186582000	11
15743	52187	4	113	84	0	52187938000	11
15744	52187	11	114	85	0	52187894001	11
15745	52189	3	112	84	0	52189065001	11
15746	52189	10	113	85	0	52189192000	11
15747	52190	0	109	84	0	52190560000	11
15748	52190	2	111	84	0	52190378001	11
15749	52190	4	113	84	0	52190606000	11
15750	52190	5	114	84	0	52190070000	11
15751	52190	9	112	85	0	52190789001	11
15752	52190	11	114	85	0	52190404000	11
15753	52190	16	113	86	0	52190921000	11
15754	52190	17	114	86	0	52190278000	11
15755	52191	1	110	84	0	52191233001	11
15756	52191	3	112	84	0	52191637001	11
15757	52191	23	114	87	0	52191779001	11
15758	52192	2	111	84	0	52192572001	11
15759	52192	6	109	85	0	52192298001	11
15760	52192	7	110	85	0	52192923001	11
15761	52192	8	111	85	0	52192415001	11
15762	52192	9	112	85	0	52192997000	11
15763	52192	10	113	85	0	52192103000	11
15764	52192	15	112	86	0	52192410001	11
15765	52192	22	113	87	0	52192944001	11
15766	52192	29	114	88	0	52192804001	11
15767	52193	0	109	84	0	52193331000	11
15768	52193	12	109	86	0	52193413000	11
15769	52193	16	113	86	0	52193848000	11
15770	52193	17	114	86	0	52193173000	11
15771	52194	1	110	84	0	52194219000	11
15772	52194	13	110	86	0	52194209000	11
15773	52194	14	111	86	0	52194195001	11
15774	52194	15	112	86	0	52194716001	11
15775	52194	21	112	87	0	52194045000	11
15776	52194	23	114	87	0	52194334001	11
15777	52194	28	113	88	0	52194988001	11
15778	52195	6	109	85	0	52195107000	11
15779	52195	7	110	85	0	52195734000	11
15780	52195	8	111	85	0	52195069000	11
15781	52195	12	109	86	0	52195745000	11
15782	52195	18	109	87	0	52195495001	11
15783	52195	22	113	87	0	52195269001	11
15784	52195	29	114	88	0	52195102000	11
15785	52195	35	114	89	0	52195239000	11
15786	52196	9	112	85	0	52196200000	11
15787	52196	13	110	86	0	52196612000	11
15788	52196	14	111	86	0	52196555000	11
15789	52196	15	112	86	0	52196928001	11
15790	52196	19	110	87	0	52196067001	11
15791	52196	20	111	87	0	52196016001	11
15792	52196	21	112	87	0	52196477000	11
15793	52196	24	109	88	0	52196152001	11
15794	52196	27	112	88	0	52196472001	11
15795	52196	34	113	89	0	52196613001	11
15796	52197	18	109	87	0	52197969000	11
15797	52197	25	110	88	0	52197761001	11
15798	52197	26	111	88	0	52197652000	11
15799	52197	28	113	88	0	52197372000	11
15800	52197	29	114	88	0	52197997000	11
15801	52197	35	114	89	0	52197345001	11
15802	52198	20	111	87	0	52198431001	11
15803	52198	24	109	88	0	52198543000	11
15804	52198	27	112	88	0	52198670000	11
15805	52198	30	109	89	0	52198513000	11
15806	52198	31	110	89	0	52198663001	11
15807	52198	33	112	89	0	52198312000	11
15808	52198	34	113	89	0	52198810001	11
15809	52199	19	110	87	0	52199412001	11
15810	52199	21	112	87	0	52199385000	11
15811	52199	32	111	89	0	52199347000	11
15812	52200	25	110	88	0	52200708000	11
15813	52200	26	111	88	0	52200325000	11
15814	52200	35	114	89	0	52200827000	11
15815	52201	30	109	89	0	52201421001	11
15816	52201	31	110	89	0	52201218001	11
15817	52201	33	112	89	0	52201091000	11
15818	52202	3	112	84	0	52202106000	11
15819	52202	32	111	89	0	52202696000	11
15820	52202	34	113	89	0	52202435001	11
15821	52203	27	112	88	0	52203057000	11
15822	52209	28	113	88	0	52209618000	11
15823	52218	22	113	87	0	52218269000	11
15824	52218	24	109	88	0	52218658000	11
15825	52219	5	114	84	1	52219793001	12
15826	52220	21	112	87	0	52220885001	12
15827	52223	5	114	84	1	52223441001	12
15828	52223	11	114	85	1	52223998001	12
15829	52226	4	113	84	1	52226507001	12
15830	52226	5	114	84	1	52226954000	12
15831	52227	17	114	86	1	52227151000	12
15832	52228	11	114	85	1	52228164000	12
15833	52231	10	113	85	1	52231309001	12
15834	52234	17	114	86	0	52234700000	12
15835	52235	11	114	85	0	52235850001	12
15836	52237	10	113	85	0	52237363000	12
15837	52238	5	114	84	0	52238838000	12
15838	52238	11	114	85	0	52238336000	12
15839	52240	4	113	84	0	52240505001	12
15840	52241	5	114	84	0	52241320000	12
15841	52252	31	110	89	1	52252954000	11
15842	52252	32	111	89	1	52252849001	11
15843	52253	33	112	89	1	52253133000	11
15844	52253	34	113	89	1	52253692000	11
15845	52254	26	111	88	1	52254323001	11
15846	52254	27	112	88	1	52254323001	11
15847	52254	28	113	88	1	52254966001	11
15848	52254	30	109	89	1	52254871001	11
15849	52254	35	114	89	1	52254414001	11
15850	52255	21	112	87	1	52255847000	11
15851	52255	25	110	88	1	52255098000	11
15852	52255	29	114	88	1	52255668001	11
15853	52255	31	110	89	1	52255401000	11
15854	52256	20	111	87	1	52256333001	11
15855	52256	22	113	87	1	52256480001	11
15856	52256	24	109	88	1	52256740001	11
15857	52256	26	111	88	1	52256186001	11
15858	52256	27	112	88	1	52256068001	11
15859	52256	28	113	88	1	52256721001	11
15860	52256	34	113	89	1	52256310001	11
15861	52256	35	114	89	1	52256298000	11
15862	52257	14	111	86	1	52257641000	11
15863	52257	15	112	86	1	52257737000	11
15864	52257	16	113	86	1	52257703000	11
15865	52257	19	110	87	1	52257099001	11
15866	52257	21	112	87	1	52257691001	11
15867	52257	23	114	87	1	52257000000	11
15868	52257	25	110	88	1	52257631000	11
15869	52257	29	114	88	1	52257769001	11
15870	52257	30	109	89	1	52257159000	11
15871	52258	10	113	85	1	52258922001	11
15872	52258	17	114	86	1	52258474000	11
15873	52258	18	109	87	1	52258794001	11
15874	52258	20	111	87	1	52258323000	11
15875	52259	8	111	85	1	52259650001	10
15876	52259	9	112	85	1	52259425000	10
15877	52259	11	114	85	1	52259605001	10
15878	52259	13	110	86	1	52259391001	10
15879	52259	15	112	86	1	52259858001	10
15880	52259	19	110	87	1	52259769000	10
15881	52259	24	109	88	1	52259276001	10
15882	52260	3	112	84	1	52260909001	10
15883	52260	4	113	84	1	52260576000	10
15884	52260	5	114	84	1	52260044001	10
15885	52260	14	111	86	1	52260297001	10
15886	52260	23	114	87	1	52260159000	10
15887	52261	7	110	85	1	52261337001	10
15888	52261	9	112	85	1	52261494001	10
15889	52261	10	113	85	1	52261999000	10
15890	52261	12	109	86	1	52261189000	10
15891	52261	13	110	86	1	52261820001	10
15892	52261	18	109	87	1	52261220001	10
15893	52262	2	111	84	1	52262135000	10
15894	52262	5	114	84	1	52262000000	10
15895	52262	8	111	85	1	52262056000	10
15896	52262	17	114	86	1	52262478000	10
15897	52263	1	110	84	1	52263037001	10
15898	52263	3	112	84	1	52263430001	10
15899	52263	4	113	84	1	52263062000	10
15900	52263	6	109	85	1	52263167001	10
15901	52263	7	110	85	1	52263738000	10
15902	52263	11	114	85	1	52263902000	10
15903	52263	12	109	86	1	52263645001	10
15904	52264	0	109	84	1	52264971000	10
15905	52264	2	111	84	1	52264212000	10
15906	52264	16	113	86	1	52264574001	10
15907	52264	32	111	89	1	52264852000	10
15908	52265	1	110	84	1	52265529000	10
15909	52265	6	109	85	1	52265409000	10
15910	52267	0	109	84	1	52267475000	9
15911	52791	3	112	84	0	52791884001	7
15912	52791	4	113	84	0	52791679000	7
15913	52791	5	114	84	0	52791260001	7
15914	52791	11	114	85	0	52791973001	7
15915	52792	1	110	84	0	52792816000	7
15916	52792	2	111	84	0	52792315000	7
15917	52792	9	112	85	0	52792886001	7
15918	52792	10	113	85	0	52792392000	7
15919	52792	16	113	86	0	52792970001	7
15920	52792	17	114	86	0	52792925001	7
15921	52793	0	109	84	0	52793221000	7
15922	52793	7	110	85	0	52793600001	7
15923	52793	8	111	85	0	52793364001	7
15924	52793	14	111	86	0	52793788000	7
15925	52793	15	112	86	0	52793501000	7
15926	52793	22	113	87	0	52793827000	7
15927	52793	23	114	87	0	52793560001	7
15928	52794	3	112	84	0	52794649000	7
15929	52794	6	109	85	0	52794149000	7
15930	52794	12	109	86	0	52794695000	7
15931	52794	13	110	86	0	52794367001	7
15932	52794	16	113	86	0	52794987000	8
15933	52794	20	111	87	0	52794784000	7
15934	52794	21	112	87	0	52794329000	7
15935	52794	27	112	88	0	52794996001	8
15936	52794	28	113	88	0	52794620001	7
15937	52794	29	114	88	0	52794188000	7
15938	52795	2	111	84	0	52795214000	8
15939	52795	5	114	84	1	52795290001	8
15940	52795	11	114	85	1	52795956000	8
15941	52795	18	109	87	0	52795739001	8
15942	52795	19	110	87	0	52795308000	8
15943	52795	26	111	88	0	52795340001	8
15944	52795	34	113	89	0	52795395001	8
15945	52795	35	114	89	0	52795029001	8
15946	52796	1	110	84	0	52796906000	8
15947	52796	4	113	84	1	52796288000	8
15948	52796	10	113	85	1	52796549001	8
15949	52796	14	111	86	0	52796588001	8
15950	52796	15	112	86	0	52796305000	8
15951	52796	17	114	86	1	52796340000	8
15952	52796	21	112	87	0	52796286001	8
15953	52796	22	113	87	0	52796609000	8
15954	52796	23	114	87	1	52796733000	8
15955	52796	24	109	88	0	52796146000	8
15956	52796	25	110	88	0	52796175000	8
15957	52796	27	112	88	0	52796792001	8
15958	52796	29	114	88	0	52796139001	8
15959	52796	31	110	89	0	52796786001	8
15960	52796	32	111	89	0	52796435000	8
15961	52796	33	112	89	0	52796083001	8
15962	52797	2	111	84	1	52797835000	8
15963	52797	3	112	84	1	52797109000	8
15964	52797	9	112	85	1	52797830000	8
15965	52797	12	109	86	0	52797007001	8
15966	52797	16	113	86	1	52797167000	8
15967	52797	26	111	88	0	52797037000	8
15968	52797	29	114	88	1	52797815001	8
15969	52797	30	109	89	0	52797211000	8
15970	52797	35	114	89	1	52797600000	8
15971	52798	1	110	84	1	52798831000	8
15972	52798	8	111	85	1	52798335001	8
15973	52798	14	111	86	1	52798731000	8
15974	52798	15	112	86	1	52798139000	8
15975	52798	21	112	87	1	52798275000	8
15976	52798	22	113	87	1	52798375000	8
15977	52798	27	112	88	1	52798760000	8
15978	52798	28	113	88	1	52798144001	8
15979	52798	34	113	89	1	52798416000	8
15980	52799	7	110	85	1	52799386001	9
15981	52799	13	110	86	1	52799661000	9
15982	52799	20	111	87	1	52799411000	9
15983	52799	26	111	88	1	52799590001	9
15984	52799	33	112	89	1	52799298000	8
15985	52800	6	109	85	1	52800202001	9
15986	52800	12	109	86	1	52800668000	9
15987	52800	19	110	87	1	52800285000	9
15988	52800	25	110	88	1	52800705001	9
15989	52800	32	111	89	1	52800118001	9
15990	52801	1	110	84	0	52801546000	9
15991	52801	18	109	87	1	52801122000	9
15992	52801	24	109	88	1	52801568000	9
15993	52801	31	110	89	1	52801123000	9
15994	52802	2	111	84	0	52802752001	9
15995	52802	30	109	89	1	52802021001	9
15996	52803	6	109	85	0	52803432000	9
15997	52803	7	110	85	0	52803797000	10
15998	52804	3	112	84	0	52804388000	10
15999	52804	12	109	86	0	52804227001	10
16000	52805	1	110	84	0	52805455001	10
16001	52806	2	111	84	0	52806185001	10
16002	52806	3	112	84	0	52806805001	10
16003	52806	7	110	85	0	52806927000	10
16004	52806	8	111	85	0	52806592001	10
16005	52806	13	110	86	0	52806812001	10
16006	52807	4	113	84	0	52807993001	11
16007	52807	6	109	85	0	52807498001	11
16008	52807	12	109	86	0	52807452001	11
16009	52808	0	109	84	1	52808667001	11
16010	52808	1	110	84	1	52808619000	11
16011	52808	9	112	85	0	52808766000	11
16012	52808	18	109	87	0	52808445000	11
16013	52809	2	111	84	1	52809021000	11
16014	52809	3	112	84	1	52809212000	11
16015	52809	13	110	86	0	52809811001	11
16016	52809	14	111	86	0	52809828001	11
16017	52810	6	109	85	1	52810081001	11
16018	52810	7	110	85	1	52810277001	11
16019	52810	8	111	85	1	52810677001	11
16020	52810	19	110	87	0	52810596000	11
16021	52811	9	112	85	1	52811297001	11
16022	52811	12	109	86	1	52811997000	11
16023	52811	13	110	86	1	52811914000	11
16024	52811	24	109	88	0	52811403001	11
16025	52812	14	111	86	1	52812517001	11
16026	52813	18	109	87	1	52813855000	11
16027	52814	19	110	87	1	52814207001	11
16028	52815	24	109	88	1	52815942000	12
16029	52816	4	113	84	1	52816725000	12
16030	52849	24	109	88	0	52849256001	17
16031	52950	29	114	88	0	52950485000	14
16032	53003	24	109	88	0	53003612000	5
16033	53003	30	109	89	0	53003246000	5
16034	53003	31	110	89	0	53003769000	5
16035	53004	12	109	86	0	53004913000	5
16036	53004	18	109	87	0	53004568000	5
16037	53004	25	110	88	0	53004597000	5
16038	53004	32	111	89	0	53004526001	5
16039	53005	6	109	85	0	53005834000	5
16040	53005	13	110	86	0	53005615000	5
16041	53005	19	110	87	0	53005164001	5
16042	53005	20	111	87	0	53005828001	5
16043	53005	24	109	88	0	53005787001	5
16044	53005	26	111	88	0	53005056001	5
16045	53005	27	112	88	0	53005637000	5
16046	53005	33	112	89	0	53005237001	5
16047	53005	34	113	89	0	53005718000	5
16048	53006	0	109	84	0	53006437000	5
16049	53006	7	110	85	0	53006184000	5
16050	53006	14	111	86	0	53006294001	5
16051	53006	15	112	86	0	53006908001	5
16052	53006	21	112	87	0	53006242001	5
16053	53006	22	113	87	0	53006851001	5
16054	53006	28	113	88	0	53006459000	5
16055	53006	29	114	88	0	53006855000	5
16056	53006	30	109	89	0	53006161000	5
16057	53006	31	110	89	0	53006838000	5
16058	53006	35	114	89	0	53006306001	5
16059	53007	1	110	84	0	53007112000	5
16060	53007	2	111	84	0	53007695001	5
16061	53007	8	111	85	0	53007170000	5
16062	53007	9	112	85	0	53007776000	5
16063	53007	12	109	86	0	53007327000	5
16064	53007	13	110	86	0	53007828000	5
16065	53007	16	113	86	0	53007688000	5
16066	53007	23	114	87	0	53007869001	5
16067	53007	25	110	88	0	53007164000	5
16068	53007	26	111	88	0	53007349000	5
16069	53007	27	112	88	0	53007526001	5
16070	53007	34	113	89	0	53007942001	5
16071	53008	3	112	84	0	53008125000	5
16072	53008	6	109	85	0	53008935001	5
16073	53008	7	110	85	0	53008665001	5
16074	53008	10	113	85	0	53008522001	5
16075	53008	15	112	86	0	53008833001	5
16076	53008	17	114	86	0	53008462001	5
16077	53008	20	111	87	0	53008050001	5
16078	53008	21	112	87	0	53008072001	5
16079	53008	29	114	88	0	53008695000	5
16080	53008	35	114	89	0	53008350000	5
16081	53009	1	110	84	0	53009759000	5
16082	53009	2	111	84	0	53009992001	5
16083	53009	4	113	84	0	53009118000	5
16084	53009	5	114	84	0	53009934000	5
16085	53009	8	111	85	0	53009809000	5
16086	53009	9	112	85	0	53009770000	5
16087	53009	11	114	85	0	53009061000	5
16088	53009	14	111	86	0	53009441001	5
16089	53009	16	113	86	0	53009759000	5
16090	53009	18	109	87	0	53009308000	5
16091	53009	22	113	87	0	53009042001	5
16092	53009	28	113	88	0	53009050000	5
16093	53009	32	111	89	0	53009114001	5
16094	53010	3	112	84	0	53010619000	5
16095	53010	17	114	86	0	53010806000	6
16096	53010	24	109	88	0	53010763001	6
16097	53011	4	113	84	0	53011468001	6
16098	53011	11	114	85	0	53011188000	6
16099	53012	10	113	85	0	53012240000	6
16100	53014	21	112	87	0	53014163001	6
16101	53015	23	114	87	0	53015673000	6
16102	53015	33	112	89	0	53015628000	6
16103	53020	0	109	84	1	53020311000	7
16104	53021	6	109	85	1	53021340001	7
16105	53022	5	114	84	0	53022184001	7
16106	53023	0	109	84	1	53023695000	8
16107	53023	12	109	86	1	53023900001	8
16108	53026	6	109	85	1	53026306000	8
16109	53027	1	110	84	1	53027198001	8
16110	53027	18	109	87	1	53027961000	9
16111	53027	24	109	88	1	53027418001	9
16112	53028	0	109	84	1	53028598000	9
16113	53028	12	109	86	1	53028750000	9
16114	53030	6	109	85	1	53030413001	9
16115	53030	7	110	85	1	53030511000	9
16116	53032	1	110	84	1	53032926000	9
16117	53033	12	109	86	1	53033236000	9
16118	53033	13	110	86	1	53033467000	9
16119	53033	18	109	87	1	53033452001	9
16120	53033	24	109	88	1	53033600000	9
16121	53033	30	109	89	1	53033860000	9
16122	53036	1	110	84	1	53036936001	10
16123	53037	7	110	85	1	53037081000	10
16124	53039	13	110	86	1	53039116000	10
16125	53039	18	109	87	1	53039418001	10
16126	53039	24	109	88	1	53039628001	10
16127	53041	19	110	87	1	53041371001	10
16128	53042	30	109	89	1	53042901000	10
16129	53043	7	110	85	1	53043417000	10
16130	53048	35	114	89	1	53048412001	11
16131	53049	33	112	89	1	53049346001	11
16132	53049	34	113	89	1	53049539001	11
16133	53050	31	110	89	1	53050600000	11
16134	53051	32	111	89	1	53051510001	11
16135	53052	28	113	88	1	53052576000	11
16136	53052	29	114	88	1	53052778000	11
16137	53052	35	114	89	1	53052101001	11
16138	53053	27	112	88	1	53053979001	11
16139	53053	33	112	89	1	53053299001	11
16140	53053	34	113	89	1	53053265001	11
16141	53054	26	111	88	1	53054666001	11
16142	53054	31	110	89	1	53054315000	11
16143	53055	23	114	87	1	53055611001	11
16144	53055	25	110	88	1	53055568001	11
16145	53055	32	111	89	1	53055196001	11
16146	53055	33	112	89	1	53055904001	11
16147	53055	35	114	89	1	53055754000	11
16148	53056	28	113	88	1	53056498000	11
16149	53056	29	114	88	1	53056853000	11
16150	53056	30	109	89	1	53056390001	11
16151	53056	31	110	89	1	53056953000	11
16152	53057	22	113	87	1	53057754000	11
16153	53057	27	112	88	1	53057968000	11
16154	53057	34	113	89	1	53057266001	11
16155	53058	21	112	87	1	53058809001	11
16156	53058	26	111	88	1	53058277000	11
16157	53059	7	110	85	0	53059066000	11
16158	53059	20	111	87	1	53059938000	11
16159	53059	23	114	87	1	53059560000	11
16160	53059	28	113	88	1	53059184000	11
16161	53059	30	109	89	1	53059682001	11
16162	53060	25	110	88	1	53060163000	12
16163	53060	26	111	88	1	53060684001	12
16164	53060	27	112	88	1	53060322001	12
16165	53061	16	113	86	1	53061890000	12
16166	53061	17	114	86	1	53061211001	12
16167	53061	22	113	87	1	53061750000	12
16168	53062	1	110	84	0	53062222000	12
16169	53062	18	109	87	0	53062830000	12
16170	53062	21	112	87	1	53062550000	12
16171	53062	23	114	87	1	53062160000	12
16172	53062	25	110	88	1	53062958001	12
16173	53062	29	114	88	1	53062221001	12
16174	53063	14	111	86	1	53063508001	12
16175	53063	15	112	86	1	53063165001	12
16176	53063	19	110	87	1	53063466000	12
16177	53063	20	111	87	1	53063774001	12
16178	53063	24	109	88	1	53063236000	12
16179	53064	7	110	85	0	53064054001	12
16180	53064	12	109	86	0	53064134001	12
16181	53065	11	114	85	1	53065335000	12
16182	53065	17	114	86	1	53065398000	12
16183	53065	21	112	87	1	53065134000	12
16184	53065	22	113	87	1	53065370000	12
16185	53066	1	110	84	0	53066444000	12
16186	53066	10	113	85	1	53066324001	12
16187	53066	16	113	86	1	53066075001	12
16188	53066	19	110	87	1	53066203000	12
16189	53067	6	109	85	0	53067068000	12
16190	53067	9	112	85	1	53067299000	12
16191	53067	12	109	86	0	53067677000	12
16192	53067	14	111	86	1	53067238000	12
16193	53067	15	112	86	1	53067278000	12
16194	53067	18	109	87	1	53067677000	12
16195	53067	20	111	87	1	53067270001	12
16196	53068	0	109	84	0	53068537000	12
16197	53068	5	114	84	1	53068878001	12
16198	53068	8	111	85	1	53068045001	12
16199	53068	13	110	86	1	53068417001	12
16200	53069	1	110	84	0	53069293000	12
16201	53069	11	114	85	1	53069322001	12
16202	53069	16	113	86	1	53069465001	12
16203	53069	17	114	86	1	53069238001	12
16204	53070	3	112	84	1	53070767000	12
16205	53070	4	113	84	1	53070649000	12
16206	53070	9	112	85	1	53070507000	12
16207	53070	10	113	85	1	53070153000	12
16208	53070	13	110	86	1	53070807000	12
16209	53070	14	111	86	1	53070003001	12
16210	53070	15	112	86	1	53070832001	12
16211	53071	0	109	84	0	53071334000	12
16212	53071	6	109	85	0	53071823001	12
16213	53071	7	110	85	1	53071089000	12
16214	53071	8	111	85	1	53071904000	12
16215	53071	12	109	86	1	53071366001	12
16216	53072	2	111	84	1	53072759000	12
16217	53072	5	114	84	1	53072489000	12
16218	53072	11	114	85	1	53072170001	12
16219	53073	1	110	84	1	53073264001	12
16220	53073	7	110	85	1	53073473000	12
16221	53073	9	112	85	1	53073153000	12
16222	53073	10	113	85	1	53073616000	12
16223	53074	3	112	84	1	53074723000	12
16224	53074	4	113	84	1	53074557001	12
16225	53074	6	109	85	1	53074626001	12
16226	53074	8	111	85	1	53074904000	12
16227	53075	5	114	84	1	53075417000	12
16228	53076	0	109	84	1	53076911001	12
16229	53076	1	110	84	1	53076679001	12
16230	53076	2	111	84	1	53076365001	12
16231	53077	3	112	84	1	53077380000	12
16232	53078	4	113	84	1	53078827000	12
16233	53079	1	110	84	1	53079722000	13
16234	53080	0	109	84	1	53080060000	13
16235	53087	2	111	84	1	53087604001	13
16236	53114	7	110	85	1	53114676000	15
16237	53118	2	111	84	0	53118958000	15
16238	53118	3	112	84	0	53118940001	15
16239	53118	5	114	84	0	53118690000	15
16240	53119	0	109	84	0	53119680000	16
16241	53119	1	110	84	0	53119196000	16
16242	53119	4	113	84	0	53119101000	15
16243	53121	1	110	84	0	53121942000	16
16244	53121	2	111	84	0	53121206000	16
16245	53121	3	112	84	0	53121437001	16
16246	53121	4	113	84	0	53121557001	16
16247	53121	5	114	84	0	53121542000	16
16248	53121	9	112	85	0	53121911001	16
16249	53121	10	113	85	0	53121760001	16
16250	53121	11	114	85	0	53121385000	16
16251	53121	31	110	89	1	53121898000	16
16252	53122	0	109	84	0	53122676001	16
16253	53122	6	109	85	0	53122754000	16
16254	53122	7	110	85	0	53122101000	16
16255	53122	8	111	85	0	53122145000	16
16256	53123	2	111	84	0	53123773001	16
16257	53123	3	112	84	0	53123915001	16
16258	53123	4	113	84	0	53123896000	16
16259	53123	16	113	86	0	53123702001	16
16260	53123	17	114	86	0	53123626000	16
16261	53124	7	110	85	0	53124827001	16
16262	53124	9	112	85	0	53124275001	16
16263	53124	10	113	85	0	53124506001	16
16264	53124	11	114	85	0	53124197001	16
16265	53124	12	109	86	0	53124730001	16
16266	53124	13	110	86	0	53124763000	16
16267	53124	14	111	86	0	53124354001	16
16268	53124	15	112	86	0	53124035000	16
16269	53125	1	110	84	0	53125070001	16
16270	53125	6	109	85	0	53125879001	16
16271	53125	8	111	85	0	53125098001	16
16272	53125	22	113	87	0	53125787000	16
16273	53125	23	114	87	0	53125939000	16
16274	53126	0	109	84	0	53126488001	17
16275	53126	9	112	85	0	53126823000	17
16276	53126	14	111	86	0	53126555001	17
16277	53126	15	112	86	0	53126150001	16
16278	53126	16	113	86	0	53126128001	16
16279	53126	17	114	86	0	53126614000	17
16280	53126	20	111	87	0	53126590000	17
16281	53126	21	112	87	0	53126366000	17
16282	53127	5	114	84	1	53127688000	17
16283	53127	12	109	86	0	53127118001	17
16284	53127	13	110	86	0	53127021001	17
16285	53127	18	109	87	0	53127396000	17
16286	53127	19	110	87	0	53127159000	17
16287	53127	28	113	88	0	53127958000	17
16288	53127	29	114	88	0	53127301000	17
16289	53128	4	113	84	1	53128738001	17
16290	53128	10	113	85	1	53128942001	17
16291	53128	11	114	85	1	53128279000	17
16292	53128	15	112	86	0	53128200000	17
16293	53128	17	114	86	1	53128725000	17
16294	53128	22	113	87	0	53128222001	17
16295	53128	26	111	88	0	53128562000	17
16296	53128	27	112	88	0	53128200000	17
16297	53129	3	112	84	1	53129657001	17
16298	53129	16	113	86	1	53129538001	17
16299	53129	20	111	87	0	53129294000	17
16300	53129	21	112	87	0	53129294000	17
16301	53129	23	114	87	1	53129424001	17
16302	53129	24	109	88	0	53129068000	17
16303	53129	25	110	88	0	53129054001	17
16304	53129	29	114	88	1	53129821000	17
16305	53129	34	113	89	0	53129573001	17
16306	53129	35	114	89	0	53129702001	17
16307	53130	2	111	84	1	53130852000	17
16308	53130	9	112	85	1	53130094001	17
16309	53130	15	112	86	1	53130803001	17
16310	53130	18	109	87	0	53130501001	17
16311	53130	19	110	87	0	53130576000	17
16312	53130	22	113	87	1	53130212001	17
16313	53130	26	111	88	0	53130671000	17
16314	53130	27	112	88	0	53130566000	17
16315	53130	28	113	88	1	53130949000	17
16316	53130	31	110	89	0	53130660000	17
16317	53130	32	111	89	0	53130802000	17
16318	53130	33	112	89	0	53130368000	17
16319	53131	1	110	84	1	53131308000	17
16320	53131	8	111	85	1	53131013001	17
16321	53131	12	109	86	0	53131736000	17
16322	53131	14	111	86	1	53131452001	17
16323	53131	20	111	87	1	53131846001	17
16324	53131	21	112	87	1	53131178000	17
16325	53131	24	109	88	0	53131594000	17
16326	53131	25	110	88	0	53131555000	17
16327	53131	27	112	88	1	53131959001	17
16328	53131	30	109	89	0	53131172000	17
16329	53131	34	113	89	1	53131498001	17
16330	53132	0	109	84	1	53132671000	17
16331	53132	6	109	85	1	53132956000	17
16332	53132	7	110	85	1	53132123000	17
16333	53132	13	110	86	1	53132343000	17
16334	53132	19	110	87	1	53132851000	17
16335	53132	26	111	88	1	53132456000	17
16336	53132	33	112	89	1	53132405000	17
16337	53133	1	110	84	1	53133213001	18
16338	53133	12	109	86	1	53133734000	18
16339	53133	18	109	87	1	53133719001	18
16340	53133	25	110	88	1	53133609000	18
16341	53133	30	109	89	0	53133396000	18
16342	53133	32	111	89	1	53133166000	18
16343	53134	8	111	85	1	53134288001	18
16344	53134	24	109	88	1	53134112000	18
16345	53134	31	110	89	1	53134272001	18
16346	53135	9	112	85	1	53135005000	18
16347	53135	30	109	89	1	53135146000	18
16348	53158	13	110	86	1	53158832000	24
16349	53325	24	109	88	0	53325674000	21
16350	53325	30	109	89	0	53325503001	21
16351	53326	12	109	86	0	53326322000	20
16352	53326	18	109	87	0	53326596001	20
16353	53326	31	110	89	0	53326457000	20
16354	53327	0	109	84	0	53327666001	20
16355	53327	6	109	85	0	53327251000	20
16356	53327	13	110	86	0	53327508001	20
16357	53327	19	110	87	0	53327362001	20
16358	53327	24	109	88	0	53327594000	20
16359	53327	25	110	88	0	53327131001	20
16360	53327	26	111	88	0	53327825000	20
16361	53327	30	109	89	0	53327768000	20
16362	53327	32	111	89	0	53327516000	20
16363	53328	1	110	84	0	53328326000	20
16364	53328	7	110	85	0	53328273001	20
16365	53328	12	109	86	0	53328369001	20
16366	53328	14	111	86	0	53328941000	19
16367	53328	20	111	87	0	53328674000	19
16368	53328	27	112	88	0	53328807001	19
16369	53328	31	110	89	0	53328944000	19
16370	53328	33	112	89	0	53328630000	19
16371	53329	2	111	84	0	53329691001	19
16372	53329	6	109	85	0	53329928001	19
16373	53329	8	111	85	0	53329365001	19
16374	53329	15	112	86	0	53329929000	19
16375	53329	21	112	87	0	53329356000	19
16376	53329	26	111	88	0	53329648000	19
16377	53329	34	113	89	0	53329498000	19
16378	53330	0	109	84	0	53330698001	19
16379	53330	1	110	84	0	53330433001	19
16380	53330	3	112	84	0	53330789001	19
16381	53330	7	110	85	0	53330563001	19
16382	53330	9	112	85	0	53330285000	19
16383	53330	13	110	86	0	53330116000	19
16384	53330	16	113	86	0	53330991001	19
16385	53330	18	109	87	0	53330430000	19
16386	53330	19	110	87	0	53330371001	19
16387	53330	20	111	87	0	53330714000	19
16388	53330	22	113	87	0	53330483000	19
16389	53330	24	109	88	0	53330969001	19
16390	53330	25	110	88	0	53330212000	19
16391	53330	27	112	88	0	53330441001	19
16392	53330	28	113	88	0	53330037000	19
16393	53330	29	114	88	0	53330862001	19
16394	53330	32	111	89	0	53330273000	19
16395	53330	35	114	89	0	53330654001	19
16396	53331	2	111	84	0	53331828000	18
16397	53331	8	111	85	0	53331520001	18
16398	53331	10	113	85	0	53331794000	18
16399	53331	14	111	86	0	53331758001	18
16400	53331	15	112	86	0	53331825001	18
16401	53331	21	112	87	0	53331220000	19
16402	53331	23	114	87	0	53331551000	18
16403	53331	28	113	88	0	53331972001	18
16404	53331	34	113	89	0	53331480001	18
16405	53332	4	113	84	0	53332146001	18
16406	53332	9	112	85	0	53332252001	18
16407	53332	11	114	85	0	53332570000	18
16408	53332	17	114	86	0	53332320001	18
16409	53332	22	113	87	0	53332612001	18
16410	53332	29	114	88	0	53332808001	18
16411	53332	33	112	89	0	53332514000	18
16412	53332	35	114	89	0	53332550001	18
16413	53333	3	112	84	0	53333166000	18
16414	53333	5	114	84	0	53333172000	18
16415	53333	16	113	86	0	53333063001	18
16416	53333	23	114	87	0	53333857001	18
16417	53334	4	113	84	0	53334543001	17
16418	53334	10	113	85	0	53334294001	17
16419	53334	11	114	85	0	53334888000	17
16420	53334	17	114	86	0	53334980000	17
16421	53335	5	114	84	0	53335714001	17
16422	53338	35	114	89	0	53338907000	16
16423	53340	27	112	88	0	53340084000	15
16424	53341	34	113	89	0	53341637000	15
16425	53345	0	109	84	1	53345402000	14
16426	53346	1	110	84	1	53346731000	14
16427	53346	6	109	85	1	53346117000	14
16428	53346	12	109	86	1	53346965001	14
16429	53347	7	110	85	1	53347295000	13
16430	53347	13	110	86	1	53347929001	13
16431	53347	18	109	87	1	53347465001	13
16432	53348	2	111	84	1	53348233001	13
16433	53348	8	111	85	1	53348764000	13
16434	53348	19	110	87	1	53348672001	13
16435	53348	24	109	88	1	53348146001	13
16436	53348	30	109	89	1	53348927000	13
16437	53349	3	112	84	1	53349692000	13
16438	53349	14	111	86	1	53349565001	13
16439	53349	25	110	88	1	53349292000	13
16440	53349	31	110	89	1	53349999001	13
16441	53350	9	112	85	1	53350151001	13
16442	53350	15	112	86	1	53350944001	13
16443	53350	20	111	87	1	53350150001	13
16444	53350	26	111	88	1	53350773000	13
16445	53351	4	113	84	1	53351167000	13
16446	53351	8	111	85	1	53351405001	12
16447	53351	10	113	85	1	53351726001	12
16448	53351	21	112	87	1	53351460000	12
16449	53351	27	112	88	1	53351642001	12
16450	53351	32	111	89	1	53351495001	12
16451	53352	5	114	84	1	53352373001	12
16452	53352	7	110	85	1	53352335001	12
16453	53352	16	113	86	1	53352373001	12
16454	53352	22	113	87	1	53352994001	12
16455	53352	33	112	89	1	53352659000	12
16456	53353	9	112	85	1	53353533001	12
16457	53353	11	114	85	1	53353108000	12
16458	53353	13	110	86	1	53353971000	12
16459	53353	17	114	86	1	53353685001	12
16460	53353	27	112	88	1	53353338001	12
16461	53353	28	113	88	1	53353768000	12
16462	53353	34	113	89	1	53353963000	12
16463	53354	1	110	84	1	53354066000	12
16464	53354	23	114	87	1	53354177000	12
16465	53354	26	111	88	1	53354560000	12
16466	53354	29	114	88	1	53354795001	12
16467	53355	21	112	87	1	53355780001	12
16468	53355	35	114	89	1	53355118000	12
16469	53356	15	112	86	1	53356885000	12
16470	53357	35	114	89	1	53357098001	11
16471	53358	17	114	86	1	53358820001	11
16472	53358	34	113	89	1	53358172001	11
16473	53365	20	111	87	1	53365074000	11
16474	53449	35	114	89	0	53449167000	14
16475	53450	17	114	86	0	53450274000	14
16476	53450	23	114	87	0	53450534000	14
16477	53450	29	114	88	0	53450241000	14
16478	53451	5	114	84	0	53451635001	14
16479	53451	11	114	85	0	53451261000	14
16480	53451	34	113	89	0	53451456000	14
16481	53451	35	114	89	0	53451294000	14
16482	53452	17	114	86	0	53452743001	13
16483	53452	22	113	87	0	53452951001	13
16484	53452	23	114	87	0	53452881000	13
16485	53452	28	113	88	0	53452931000	13
16486	53452	29	114	88	0	53452363000	13
16487	53453	10	113	85	0	53453961000	13
16488	53453	11	114	85	0	53453663000	13
16489	53453	16	113	86	0	53453193001	13
16490	53453	34	113	89	0	53453600001	13
16491	53453	35	114	89	0	53453697000	13
16492	53454	4	113	84	0	53454017001	13
16493	53454	5	114	84	0	53454701001	13
16494	53454	22	113	87	0	53454947000	13
16495	53455	15	112	86	0	53455358000	13
16496	53455	16	113	86	0	53455496001	13
16497	53455	21	112	87	0	53455314000	13
16498	53455	27	112	88	0	53455296000	13
16499	53455	28	113	88	0	53455343001	13
16500	53455	33	112	89	0	53455418001	13
16501	53455	34	113	89	0	53455743001	13
16502	53456	3	112	84	0	53456741001	13
16503	53456	4	113	84	0	53456180000	13
16504	53456	9	112	85	0	53456061000	13
16505	53456	10	113	85	0	53456554001	13
16506	53456	23	114	87	0	53456488000	13
16507	53457	15	112	86	0	53457227000	13
16508	53457	21	112	87	0	53457282000	13
16509	53457	22	113	87	0	53457486000	13
16510	53457	26	111	88	0	53457775001	13
16511	53457	27	112	88	0	53457164000	13
16512	53458	3	112	84	0	53458618000	13
16513	53458	9	112	85	0	53458305001	13
16514	53458	16	113	86	0	53458900001	13
16515	53458	20	111	87	0	53458272001	13
16516	53458	32	111	89	0	53458032000	13
16517	53458	33	112	89	0	53458499000	13
16518	53459	2	111	84	0	53459917000	12
16519	53459	8	111	85	0	53459136000	13
16520	53459	14	111	86	0	53459286000	13
16521	53459	15	112	86	0	53459790001	12
16522	53459	21	112	87	0	53459683001	12
16523	53459	26	111	88	0	53459714000	12
16524	53459	27	112	88	0	53459388000	13
16525	53460	20	111	87	0	53460555001	12
16526	53460	32	111	89	0	53460624001	12
16527	53461	2	111	84	0	53461931000	12
16528	53461	3	112	84	0	53461102001	12
16529	53461	4	113	84	1	53461095001	12
16530	53461	7	110	85	0	53461692001	12
16531	53461	8	111	85	0	53461435001	12
16532	53461	9	112	85	0	53461542001	12
16533	53461	13	110	86	0	53461509000	12
16534	53461	14	111	86	0	53461861001	12
16535	53461	25	110	88	0	53461924001	12
16536	53461	31	110	89	0	53461250000	12
16537	53462	1	110	84	0	53462334001	12
16538	53462	19	110	87	0	53462121001	12
16539	53462	26	111	88	0	53462176001	12
16540	53463	5	114	84	1	53463633000	12
16541	53463	7	110	85	0	53463743001	12
16542	53463	13	110	86	0	53463623001	12
16543	53463	29	114	88	0	53463756000	12
16544	53463	30	109	89	0	53463984001	12
16545	53463	31	110	89	0	53463888001	12
16546	53464	1	110	84	0	53464511000	12
16547	53464	4	113	84	1	53464701000	12
16548	53464	18	109	87	0	53464995000	12
16549	53464	19	110	87	0	53464732001	12
16550	53464	24	109	88	0	53464036000	12
16551	53464	25	110	88	0	53464753000	12
16552	53465	5	114	84	1	53465992001	11
16553	53465	6	109	85	0	53465675000	12
16554	53465	11	114	85	1	53465690001	12
16555	53465	12	109	86	0	53465055000	12
16556	53466	0	109	84	0	53466158000	11
16557	53466	3	112	84	1	53466782001	11
16558	53466	4	113	84	1	53466579001	11
16559	53466	10	113	85	1	53466473001	11
16560	53466	13	110	86	0	53466798001	11
16561	53466	24	109	88	0	53466316000	11
16562	53466	30	109	89	0	53466471001	11
16563	53467	1	110	84	0	53467723000	11
16564	53467	7	110	85	0	53467042000	11
16565	53467	12	109	86	0	53467408000	11
16566	53467	17	114	86	1	53467408000	11
16567	53467	18	109	87	0	53467423001	11
16568	53468	2	111	84	1	53468203000	11
16569	53468	6	109	85	0	53468669000	11
16570	53468	9	112	85	1	53468336001	11
16571	53468	10	113	85	1	53468548001	11
16572	53468	11	114	85	1	53468329001	11
16573	53468	16	113	86	1	53468694001	11
16574	53468	23	114	87	1	53468213000	11
16575	53468	24	109	88	0	53468985000	11
16576	53469	0	109	84	0	53469284000	11
16577	53469	1	110	84	1	53469648000	11
16578	53469	3	112	84	1	53469836000	11
16579	53469	8	111	85	1	53469725001	11
16580	53469	15	112	86	1	53469886000	11
16581	53469	17	114	86	1	53469656000	11
16582	53470	9	112	85	1	53470545000	11
16583	53470	22	113	87	1	53470386000	11
16584	53470	23	114	87	1	53470251000	11
16585	53470	29	114	88	1	53470406001	11
16586	53471	0	109	84	1	53471809001	11
16587	53471	1	110	84	1	53471935000	11
16588	53471	2	111	84	1	53471819001	11
16589	53471	7	110	85	1	53471185000	11
16590	53471	8	111	85	1	53471340001	11
16591	53471	14	111	86	1	53471149001	11
16592	53471	15	112	86	1	53471900000	11
16593	53471	16	113	86	1	53471875001	11
16594	53471	21	112	87	1	53471482001	11
16595	53472	6	109	85	1	53472348001	11
16596	53472	13	110	86	1	53472713001	10
16597	53472	22	113	87	1	53472641001	10
16598	53472	28	113	88	1	53472067001	11
16599	53472	29	114	88	1	53472278000	11
16600	53472	35	114	89	1	53472278000	11
16601	53473	7	110	85	1	53473052001	10
16602	53473	14	111	86	1	53473011001	10
16603	53473	20	111	87	1	53473366001	10
16604	53473	21	112	87	1	53473234000	10
16605	53473	27	112	88	1	53473184000	10
16606	53473	34	113	89	1	53473543000	10
16607	53474	6	109	85	1	53474422000	10
16608	53474	12	109	86	1	53474435001	10
16609	53474	13	110	86	1	53474846001	10
16610	53474	19	110	87	1	53474507000	10
16611	53474	26	111	88	1	53474350000	10
16612	53474	27	112	88	1	53474961001	10
16613	53474	28	113	88	1	53474275000	10
16614	53474	33	112	89	1	53474998001	10
16615	53474	35	114	89	1	53474167001	10
16616	53475	18	109	87	1	53475675001	10
16617	53475	20	111	87	1	53475576000	10
16618	53475	34	113	89	1	53475758001	10
16619	53476	19	110	87	1	53476985001	10
16620	53476	25	110	88	1	53476594000	10
16621	53476	26	111	88	1	53476004000	10
16622	53476	32	111	89	1	53476454000	10
16623	53477	12	109	86	1	53477680000	10
16624	53477	18	109	87	1	53477728001	10
16625	53477	24	109	88	1	53477531001	10
16626	53477	31	110	89	1	53477731000	10
16627	53477	33	112	89	1	53477138001	10
16628	53479	24	109	88	1	53479905000	10
16629	53479	25	110	88	1	53479464000	10
16630	53479	30	109	89	1	53479367001	10
16631	53479	31	110	89	1	53479686000	10
16632	53480	32	111	89	1	53480091000	10
16633	53481	30	109	89	1	53481436000	9
16634	53609	30	109	89	0	53609575000	11
16635	53610	24	109	88	0	53610356001	11
16636	53611	18	109	87	0	53611731000	11
16637	53611	31	110	89	0	53611546000	11
16638	53612	12	109	86	0	53612105001	11
16639	53612	25	110	88	0	53612309001	11
16640	53612	30	109	89	1	53612259001	11
16641	53613	6	109	85	0	53613793000	12
16642	53613	19	110	87	0	53613176001	12
16643	53613	24	109	88	1	53613616001	12
16644	53614	0	109	84	0	53614852001	12
16645	53614	12	109	86	0	53614637000	12
16646	53614	13	110	86	0	53614326000	12
16647	53614	25	110	88	1	53614365000	12
16648	53615	1	110	84	0	53615894001	12
16649	53615	7	110	85	0	53615167001	12
16650	53615	14	111	86	0	53615823000	12
16651	53615	18	109	87	1	53615083001	12
16652	53615	19	110	87	1	53615387001	12
16653	53616	12	109	86	1	53616657000	12
16654	53616	13	110	86	1	53616495000	12
16655	53617	2	111	84	0	53617279001	12
16656	53617	6	109	85	1	53617534000	12
16657	53617	7	110	85	1	53617859001	12
16658	53617	8	111	85	0	53617032001	12
16659	53618	3	112	84	0	53618584001	12
16660	53619	0	109	84	1	53619016000	12
16661	53619	1	110	84	1	53619165001	12
16662	53619	2	111	84	1	53619628000	12
16663	53619	8	111	85	1	53619376000	12
16664	53845	2	111	84	0	53845693001	37
16665	53845	3	112	84	0	53845357000	37
16666	53846	1	110	84	0	53846453001	37
16667	53847	0	109	84	0	53847057000	37
16668	53847	7	110	85	0	53847345000	37
16669	53847	8	111	85	0	53847075000	37
16670	53848	2	111	84	1	53848137001	36
16671	53848	6	109	85	0	53848040001	36
16672	53848	12	109	86	0	53848726001	36
16673	53848	13	110	86	0	53848295000	36
16674	53849	7	110	85	1	53849979000	36
16675	53849	18	109	87	0	53849921001	36
16676	53849	19	110	87	0	53849669000	36
16677	53850	1	110	84	1	53850079001	36
16678	53850	13	110	86	1	53850967001	36
16679	53850	24	109	88	0	53850513000	36
16680	53851	0	109	84	1	53851445001	36
16681	53851	6	109	85	1	53851997001	36
16682	53852	12	109	86	1	53852209000	36
16683	53852	18	109	87	1	53852388000	36
16684	53855	24	109	88	1	53855510001	36
16685	53856	0	109	84	1	53856567001	35
16686	54083	35	114	89	0	54083783001	7
16687	54245	24	109	88	0	54245200001	39
16688	54245	31	110	89	0	54245025001	39
16689	54246	27	112	88	0	54246594000	39
16690	54248	21	112	87	0	54248476001	39
16691	54248	22	113	87	0	54248176000	39
16692	54248	29	114	88	0	54248795000	39
16693	54249	23	114	87	0	54249500001	39
16694	54284	0	109	84	0	54284097000	34
16695	54284	6	109	85	0	54284142000	34
16696	54284	12	109	86	0	54284030000	34
16697	54284	18	109	87	0	54284427001	34
16698	54284	24	109	88	0	54284225000	34
16699	54284	30	109	89	0	54284396000	34
16700	54285	1	110	84	0	54285073001	34
16701	54285	2	111	84	0	54285924001	34
16702	54285	7	110	85	0	54285162001	34
16703	54285	13	110	86	0	54285072001	34
16704	54285	19	110	87	0	54285238000	34
16705	54285	25	110	88	0	54285343001	34
16706	54285	31	110	89	0	54285390000	34
16707	54286	3	112	84	0	54286784001	34
16708	54286	8	111	85	0	54286418001	34
16709	54286	9	112	85	0	54286971001	33
16710	54286	12	109	86	0	54286031001	34
16711	54286	14	111	86	0	54286054000	34
16712	54286	15	112	86	0	54286970001	33
16713	54286	18	109	87	0	54286849000	33
16714	54286	20	111	87	0	54286229000	34
16715	54286	24	109	88	0	54286386000	34
16716	54286	26	111	88	0	54286052001	34
16717	54286	30	109	89	0	54286562000	34
16718	54286	32	111	89	0	54286332000	34
16719	54287	0	109	84	0	54287167001	33
16720	54287	1	110	84	0	54287787001	33
16721	54287	2	111	84	0	54287823000	33
16722	54287	6	109	85	0	54287454001	33
16723	54287	7	110	85	0	54287745000	33
16724	54287	13	110	86	0	54287472001	33
16725	54287	21	112	87	0	54287146000	33
16726	54287	26	111	88	0	54287927001	33
16727	54287	27	112	88	0	54287109000	33
16728	54287	33	112	89	0	54287317000	33
16729	54288	3	112	84	0	54288857000	33
16730	54288	4	113	84	0	54288099000	33
16731	54288	10	113	85	0	54288083001	33
16732	54288	11	114	85	0	54288890001	33
16733	54288	14	111	86	0	54288579001	33
16734	54288	15	112	86	0	54288938000	33
16735	54288	16	113	86	0	54288008000	33
16736	54288	19	110	87	0	54288275001	33
16737	54288	20	111	87	0	54288416001	33
16738	54288	22	113	87	0	54288241001	33
16739	54288	25	110	88	0	54288046001	33
16740	54288	28	113	88	0	54288166000	33
16741	54288	31	110	89	0	54288260001	33
16742	54288	34	113	89	0	54288086000	33
16743	54289	5	114	84	0	54289083000	33
16744	54289	9	112	85	0	54289804000	33
16745	54289	16	113	86	0	54289829001	33
16746	54289	17	114	86	0	54289132001	33
16747	54289	23	114	87	0	54289317001	33
16748	54289	27	112	88	0	54289438000	33
16749	54289	28	113	88	0	54289942001	33
16750	54289	29	114	88	0	54289102001	33
16751	54289	34	113	89	0	54289838000	33
16752	54289	35	114	89	0	54289067000	33
16753	54290	4	113	84	0	54290045000	33
16754	54290	8	111	85	0	54290368000	33
16755	54290	10	113	85	0	54290189001	33
16756	54290	21	112	87	0	54290956001	33
16757	54290	22	113	87	0	54290273001	33
16758	54290	25	110	88	0	54290619000	33
16759	54291	11	114	85	0	54291340000	33
16760	54291	17	114	86	0	54291254001	33
16761	54291	23	114	87	0	54291566000	32
16762	54291	29	114	88	0	54291068001	33
16763	54291	35	114	89	0	54291176000	33
16764	54292	5	114	84	0	54292540000	32
16765	54293	30	109	89	1	54293610000	32
16766	54293	31	110	89	1	54293982001	32
16767	54294	24	109	88	1	54294748001	32
16768	54295	25	110	88	1	54295653000	32
16769	54295	30	109	89	1	54295525001	32
16770	54295	31	110	89	1	54295826000	32
16771	54295	32	111	89	1	54295396001	32
16772	54295	33	112	89	1	54295878000	32
16773	54296	18	109	87	1	54296000000	32
16774	54296	24	109	88	1	54296940000	31
16775	54296	26	111	88	1	54296492000	32
16776	54296	27	112	88	1	54296829000	32
16777	54296	34	113	89	1	54296300000	32
16778	54297	18	109	87	1	54297886000	31
16779	54297	19	110	87	1	54297138000	31
16780	54297	25	110	88	1	54297527000	31
16781	54297	28	113	88	1	54297999000	31
16782	54297	35	114	89	1	54297038000	31
16783	54298	6	109	85	1	54298886001	31
16784	54298	12	109	86	1	54298062000	31
16785	54298	13	110	86	1	54298214000	31
16786	54298	14	111	86	1	54298977001	31
16787	54298	20	111	87	1	54298129000	31
16788	54298	21	112	87	1	54298168000	31
16789	54298	26	111	88	1	54298036001	31
16790	54298	27	112	88	1	54298422000	31
16791	54298	29	114	88	1	54298319000	31
16792	54298	33	112	89	1	54298645001	31
16793	54298	34	113	89	1	54298248000	31
16794	54298	35	114	89	1	54298747000	31
16795	54299	7	110	85	1	54299681000	31
16796	54299	19	110	87	1	54299373000	31
16797	54299	22	113	87	1	54299046000	31
16798	54299	23	114	87	1	54299306000	31
16799	54299	28	113	88	1	54299923000	31
16800	54300	6	109	85	1	54300750001	31
16801	54300	8	111	85	1	54300220001	31
16802	54300	13	110	86	1	54300154000	31
16803	54300	14	111	86	1	54300943000	31
16804	54300	15	112	86	1	54300416001	31
16805	54300	16	113	86	1	54300968001	31
16806	54300	20	111	87	1	54300522000	31
16807	54300	21	112	87	1	54300019000	31
16808	54300	22	113	87	1	54300926000	31
16809	54300	29	114	88	1	54300173000	31
16810	54301	0	109	84	1	54301054001	31
16811	54301	1	110	84	1	54301427000	31
16812	54301	7	110	85	1	54301608000	31
16813	54301	9	112	85	1	54301963000	31
16814	54301	12	109	86	1	54301120001	31
16815	54301	17	114	86	1	54301633001	31
16816	54301	23	114	87	1	54301420000	31
16817	54302	8	111	85	1	54302237000	31
16818	54302	10	113	85	1	54302572001	30
16819	54302	15	112	86	1	54302506001	30
16820	54303	0	109	84	1	54303323000	30
16821	54303	1	110	84	1	54303415000	30
16822	54303	2	111	84	1	54303206000	30
16823	54303	3	112	84	1	54303619001	30
16824	54303	9	112	85	1	54303885001	30
16825	54303	11	114	85	1	54303446001	30
16826	54303	16	113	86	1	54303010000	30
16827	54303	17	114	86	1	54303530001	30
16828	54304	4	113	84	1	54304426000	30
16829	54304	10	113	85	1	54304385001	30
16830	54305	2	111	84	1	54305602001	30
16831	54305	3	112	84	1	54305821001	30
16832	54305	5	114	84	1	54305220000	30
16833	54305	11	114	85	1	54305438001	30
16834	54306	4	113	84	1	54306477000	30
16835	54307	5	114	84	1	54307425001	29
16836	54335	12	109	86	0	54335719001	23
16837	54336	24	109	88	0	54336497001	23
16838	54339	13	110	86	0	54339549000	23
16839	54340	34	113	89	0	54340940000	23
16840	54341	3	112	84	0	54341751000	23
16841	54341	35	114	89	0	54341801000	23
16842	54342	29	114	88	0	54342453000	22
16843	54343	16	113	86	0	54343294001	22
16844	54407	0	109	84	0	54407709001	16
16845	54407	1	110	84	0	54407924001	16
16846	54407	2	111	84	0	54407917001	16
16847	54408	3	112	84	0	54408069001	16
16848	54408	4	113	84	0	54408351001	16
16849	54408	5	114	84	0	54408458001	16
16850	54408	7	110	85	0	54408935001	16
16851	54409	6	109	85	0	54409001000	16
16852	54409	8	111	85	0	54409349000	16
16853	54409	9	112	85	0	54409305000	16
16854	54409	10	113	85	0	54409423000	16
16855	54409	11	114	85	0	54409476001	16
16856	54410	0	109	84	0	54410808000	16
16857	54410	1	110	84	0	54410280001	16
16858	54410	2	111	84	0	54410210000	16
16859	54410	3	112	84	0	54410947000	16
16860	54410	4	113	84	0	54410580001	16
16861	54410	12	109	86	0	54410019000	16
16862	54410	13	110	86	0	54410151001	16
16863	54410	14	111	86	0	54410096001	16
16864	54410	15	112	86	0	54410338001	16
16865	54410	16	113	86	0	54410505000	16
16866	54410	17	114	86	0	54410868001	16
16867	54411	5	114	84	0	54411039000	16
16868	54411	6	109	85	0	54411937001	16
16869	54411	7	110	85	0	54411054000	16
16870	54411	8	111	85	0	54411568000	16
16871	54411	9	112	85	0	54411506000	16
16872	54411	10	113	85	0	54411848000	16
16873	54411	11	114	85	0	54411911000	16
16874	54411	18	109	87	0	54411252000	16
16875	54411	19	110	87	0	54411288001	16
16876	54411	20	111	87	0	54411346001	16
16877	54411	21	112	87	0	54411451001	16
16878	54411	22	113	87	0	54411563000	16
16879	54411	23	114	87	0	54411891001	16
16880	54412	12	109	86	0	54412168001	16
16881	54412	13	110	86	0	54412504001	16
16882	54412	14	111	86	0	54412369001	16
16883	54412	15	112	86	0	54412754000	16
16884	54412	16	113	86	0	54412657001	16
16885	54412	24	109	88	0	54412097000	16
16886	54412	25	110	88	0	54412550001	16
16887	54412	26	111	88	0	54412274001	16
16888	54412	27	112	88	0	54412590001	16
16889	54412	28	113	88	0	54412715000	16
16890	54413	17	114	86	0	54413204001	16
16891	54413	18	109	87	0	54413951001	16
16892	54413	20	111	87	0	54413761001	16
16893	54413	21	112	87	0	54413432001	16
16894	54413	22	113	87	0	54413572000	16
16895	54413	29	114	88	0	54413009000	16
16896	54413	30	109	89	0	54413367001	16
16897	54413	31	110	89	0	54413532000	16
16898	54413	32	111	89	0	54413855001	16
16899	54413	33	112	89	0	54413936000	16
16900	54414	19	110	87	0	54414101000	16
16901	54414	23	114	87	0	54414101000	16
16902	54414	24	109	88	0	54414101000	16
16903	54414	26	111	88	0	54414042001	16
16904	54414	27	112	88	0	54414473000	16
16905	54414	28	113	88	0	54414861000	16
16906	54414	34	113	89	0	54414059001	16
16907	54414	35	114	89	0	54414319000	16
16908	54415	25	110	88	0	54415142000	16
16909	54415	29	114	88	0	54415155001	16
16910	54415	30	109	89	0	54415992000	16
16911	54415	31	110	89	0	54415885000	16
16912	54416	32	111	89	0	54416768000	16
16913	54416	33	112	89	0	54416478001	16
16914	54416	34	113	89	0	54416157001	16
16915	54416	35	114	89	0	54416388001	16
16916	54417	24	109	88	0	54417770000	15
16917	54420	5	114	84	1	54420050000	15
16918	54421	11	114	85	1	54421277000	15
16919	54421	17	114	86	1	54421803001	15
16920	54422	23	114	87	1	54422343001	15
16921	54422	29	114	88	1	54422507001	15
16922	54423	4	113	84	1	54423929000	15
16923	54423	5	114	84	1	54423167000	15
16924	54423	35	114	89	1	54423288001	15
16925	54424	10	113	85	1	54424494001	15
16926	54424	11	114	85	1	54424027001	15
16927	54424	16	113	86	1	54424935000	15
16928	54424	17	114	86	1	54424392001	15
16929	54425	0	109	84	1	54425229000	15
16930	54425	1	110	84	1	54425741000	15
16931	54425	2	111	84	1	54425988000	15
16932	54425	3	112	84	1	54425917001	15
16933	54425	22	113	87	1	54425042000	15
16934	54425	23	114	87	1	54425174001	15
16935	54425	28	113	88	1	54425381000	15
16936	54425	29	114	88	1	54425062001	15
16937	54425	35	114	89	1	54425853000	15
16938	54426	4	113	84	1	54426132001	15
16939	54426	6	109	85	1	54426755001	15
16940	54426	10	113	85	1	54426981001	15
16941	54426	34	113	89	1	54426404000	15
16942	54427	7	110	85	1	54427486000	15
16943	54427	8	111	85	1	54427667001	15
16944	54427	9	112	85	1	54427289000	15
16945	54427	15	112	86	1	54427462000	15
16946	54427	16	113	86	1	54427179001	15
16947	54427	21	112	87	1	54427508000	15
16948	54427	22	113	87	1	54427409001	15
16949	54427	28	113	88	1	54427691001	15
16950	54428	12	109	86	1	54428828001	15
16951	54428	14	111	86	1	54428815001	15
16952	54428	27	112	88	1	54428263000	15
16953	54428	33	112	89	1	54428667000	15
16954	54428	34	113	89	1	54428523001	15
16955	54429	6	109	85	1	54429540000	15
16956	54429	8	111	85	1	54429962000	15
16957	54429	9	112	85	1	54429284001	15
16958	54429	13	110	86	1	54429061000	15
16959	54429	15	112	86	1	54429545000	15
16960	54429	21	112	87	1	54429682001	15
16961	54429	29	114	88	1	54429035001	15
16962	54430	1	110	84	1	54430441000	15
16963	54430	2	111	84	1	54430254000	15
16964	54430	3	112	84	1	54430137000	15
16965	54430	14	111	86	1	54430651001	15
16966	54430	18	109	87	1	54430710000	15
16967	54430	19	110	87	1	54430730001	15
16968	54430	20	111	87	1	54430056001	15
16969	54430	26	111	88	1	54430752001	15
16970	54430	27	112	88	1	54430276000	15
16971	54430	32	111	89	1	54430786001	15
16972	54430	33	112	89	1	54430763001	15
16973	54431	7	110	85	1	54431284000	15
16974	54431	13	110	86	1	54431692001	15
16975	54431	20	111	87	1	54431847000	15
16976	54432	0	109	84	1	54432702000	15
16977	54432	12	109	86	1	54432082001	15
16978	54432	18	109	87	1	54432861000	15
16979	54432	19	110	87	1	54432998001	15
16980	54432	24	109	88	1	54432911000	15
16981	54432	25	110	88	1	54432498001	15
16982	54432	26	111	88	1	54432420001	15
16983	54433	31	110	89	1	54433134001	15
16984	54433	32	111	89	1	54433191001	15
16985	54434	17	114	86	1	54434475000	15
16986	54434	25	110	88	1	54434500001	15
16987	54434	30	109	89	1	54434550000	15
16988	54435	31	110	89	1	54435005000	14
16989	54436	24	109	88	1	54436236001	14
16990	54436	30	109	89	1	54436542000	14
16991	54508	5	114	84	1	54508276001	9
16992	54546	5	114	84	0	54546855001	20
16993	54548	4	113	84	0	54548307001	20
16994	54548	11	114	85	0	54548381000	20
16995	54549	3	112	84	0	54549247001	21
16996	54549	5	114	84	1	54549052000	21
16997	54549	10	113	85	0	54549223001	21
16998	54550	2	111	84	0	54550337001	21
16999	54550	4	113	84	1	54550234000	21
17000	54550	9	112	85	0	54550386000	21
17001	54551	1	110	84	0	54551871000	21
17002	54551	3	112	84	1	54551467000	21
17003	54551	8	111	85	0	54551591000	21
17004	54552	2	111	84	1	54552954001	21
17005	54552	7	110	85	0	54552758001	21
17006	54552	14	111	86	0	54552425001	21
17007	54553	0	109	84	0	54553172000	21
17008	54553	8	111	85	1	54553395001	21
17009	54553	9	112	85	1	54553769000	22
17010	54553	13	110	86	0	54553836000	22
17011	54554	1	110	84	1	54554528000	22
17012	54554	6	109	85	0	54554217001	22
17013	54554	7	110	85	1	54554737000	22
17014	54555	12	109	86	0	54555056001	22
17015	54556	0	109	84	1	54556041001	22
17016	54556	6	109	85	1	54556255000	22
17017	54654	24	109	88	0	54654507001	24
17018	54654	32	111	89	0	54654796000	24
17019	54656	26	111	88	0	54656061001	24
17020	54657	29	114	88	0	54657792000	24
17021	54658	14	111	86	0	54658659001	24
17022	54660	3	112	84	0	54660984001	23
17023	54660	9	112	85	0	54660493000	23
17024	54660	17	114	86	0	54660509000	23
17025	54661	11	114	85	0	54661094000	23
17026	54662	4	113	84	0	54662080000	23
17027	54662	5	114	84	0	54662382001	23
17028	54870	35	114	89	0	54870961001	8
17029	54871	23	114	87	0	54871824000	8
17030	54871	29	114	88	0	54871262000	8
17031	54871	34	113	89	0	54871818000	8
17032	54872	11	114	85	0	54872615001	8
17033	54872	16	113	86	0	54872996000	8
17034	54872	17	114	86	0	54872351001	8
17035	54872	22	113	87	0	54872581001	8
17036	54872	28	113	88	0	54872335000	8
17037	54872	33	112	89	0	54872967000	8
17038	54873	5	114	84	0	54873112000	8
17039	54873	10	113	85	0	54873533001	8
17040	54873	21	112	87	0	54873552000	8
17041	54873	26	111	88	0	54873928000	9
17042	54873	27	112	88	0	54873211001	8
17043	54873	32	111	89	0	54873764001	9
17044	54873	35	114	89	1	54873753001	9
17045	54874	3	112	84	0	54874823000	9
17046	54874	4	113	84	0	54874021001	9
17047	54874	9	112	85	0	54874580001	9
17048	54874	14	111	86	0	54874926000	9
17049	54874	15	112	86	0	54874076000	9
17050	54874	20	111	87	0	54874628000	9
17051	54874	31	110	89	0	54874707000	9
17052	54874	34	113	89	1	54874822001	9
17053	54875	2	111	84	0	54875882000	9
17054	54875	8	111	85	0	54875621001	9
17055	54875	11	114	85	0	54875574001	9
17056	54875	16	113	86	0	54875888000	9
17057	54875	19	110	87	0	54875674000	9
17058	54875	24	109	88	0	54875799000	9
17059	54875	25	110	88	0	54875291000	9
17060	54875	29	114	88	1	54875353000	9
17061	54875	30	109	89	0	54875593001	9
17062	54875	33	112	89	1	54875453000	9
17063	54875	35	114	89	1	54875875001	9
17064	54876	1	110	84	0	54876950001	9
17065	54876	7	110	85	0	54876428000	9
17066	54876	12	109	86	0	54876927001	9
17067	54876	13	110	86	0	54876104001	9
17068	54876	18	109	87	0	54876610001	9
17069	54876	23	114	87	1	54876218001	9
17070	54876	27	112	88	1	54876412000	9
17071	54876	28	113	88	1	54876066001	9
17072	54876	32	111	89	1	54876635000	9
17073	54877	0	109	84	0	54877912001	9
17074	54877	3	112	84	0	54877771001	9
17075	54877	6	109	85	0	54877507001	9
17076	54877	9	112	85	0	54877269001	9
17077	54877	22	113	87	1	54877065000	9
17078	54877	26	111	88	1	54877408000	9
17079	54877	31	110	89	1	54877241001	9
17080	54878	16	113	86	1	54878910000	10
17081	54878	17	114	86	1	54878489000	10
17082	54878	21	112	87	1	54878309000	10
17083	54878	23	114	87	1	54878295001	10
17084	54878	24	109	88	1	54878878001	10
17085	54878	25	110	88	1	54878104001	9
17086	54878	27	112	88	1	54878098001	9
17087	54878	30	109	89	1	54878192001	9
17088	54879	10	113	85	1	54879842001	10
17089	54879	11	114	85	1	54879472000	10
17090	54879	15	112	86	1	54879905001	10
17091	54879	19	110	87	1	54879482001	10
17092	54879	20	111	87	1	54879024000	10
17093	54879	22	113	87	1	54879085000	10
17094	54879	26	111	88	1	54879429000	10
17095	54879	28	113	88	1	54879056000	10
17096	54879	29	114	88	1	54879621001	10
17097	54880	13	110	86	1	54880557001	10
17098	54880	14	111	86	1	54880258001	10
17099	54880	18	109	87	1	54880027001	10
17100	54880	21	112	87	1	54880937000	10
17101	54880	25	110	88	1	54880565000	10
17102	54881	8	111	85	1	54881897001	10
17103	54881	9	112	85	1	54881391001	10
17104	54881	10	113	85	1	54881816000	10
17105	54881	12	109	86	1	54881639000	10
17106	54881	16	113	86	1	54881393000	10
17107	54881	18	109	87	1	54881922000	10
17108	54881	20	111	87	1	54881865000	10
17109	54882	3	112	84	1	54882668001	11
17110	54882	7	110	85	1	54882668001	11
17111	54882	13	110	86	1	54882566001	11
17112	54882	14	111	86	1	54882224001	10
17113	54882	15	112	86	1	54882293000	10
17114	54882	19	110	87	1	54882181000	10
17115	54883	6	109	85	1	54883269001	11
17116	54883	8	111	85	1	54883432001	11
17117	54883	11	114	85	0	54883307000	11
17118	54883	12	109	86	1	54883852000	11
17119	54884	1	110	84	1	54884277001	11
17120	54884	2	111	84	1	54884029001	11
17121	54884	7	110	85	1	54884521000	11
17122	54884	10	113	85	0	54884049000	11
17123	54884	16	113	86	0	54884819000	11
17124	54884	17	114	86	0	54884303000	11
17125	54884	23	114	87	0	54884906000	11
17126	54885	0	109	84	1	54885133001	11
17127	54885	3	112	84	0	54885689001	12
17128	54885	6	109	85	1	54885239001	11
17129	54885	24	109	88	1	54885952000	12
17130	54886	1	110	84	1	54886322000	12
17131	54886	2	111	84	0	54886553000	12
17132	54886	9	112	85	0	54886291001	12
17133	54886	15	112	86	0	54886321001	12
17134	54886	22	113	87	0	54886504000	12
17135	54886	29	114	88	0	54886429000	12
17136	54887	0	109	84	1	54887657000	12
17137	54887	8	111	85	0	54887273001	12
17138	54887	10	113	85	0	54887205001	12
17139	54887	11	114	85	0	54887102001	12
17140	54887	16	113	86	0	54887306001	12
17141	54887	17	114	86	0	54887145000	12
17142	54887	23	114	87	0	54887364000	12
17143	54888	1	110	84	1	54888600001	13
17144	54888	14	111	86	0	54888499001	13
17145	54888	15	112	86	0	54888479000	13
17146	54888	21	112	87	0	54888228001	12
17147	54888	22	113	87	0	54888829000	13
17148	54888	28	113	88	0	54888519000	13
17149	54888	29	114	88	0	54888593001	13
17150	54888	35	114	89	0	54888456000	12
17151	54889	2	111	84	0	54889932000	13
17152	54889	7	110	85	0	54889325001	13
17153	54889	9	112	85	0	54889395001	13
17154	54890	0	109	84	0	54890152000	13
17155	54890	8	111	85	0	54890958001	14
17156	54890	14	111	86	0	54890660001	13
17157	54890	20	111	87	0	54890993001	14
17158	54890	21	112	87	0	54890343000	13
17159	54890	27	112	88	0	54890600000	13
17160	54890	35	114	89	0	54890927000	13
17161	54891	1	110	84	0	54891843001	14
17162	54891	3	112	84	0	54891760000	14
17163	54891	6	109	85	0	54891568000	14
17164	54891	7	110	85	0	54891979000	14
17165	54891	13	110	86	0	54891670000	14
17166	54891	15	112	86	1	54891184001	14
17167	54891	28	113	88	0	54891165000	14
17168	54891	34	113	89	0	54891202000	14
17169	54892	5	114	84	1	54892376001	14
17170	54892	11	114	85	1	54892474000	14
17171	54892	17	114	86	1	54892426000	14
17172	54892	23	114	87	1	54892890001	14
17173	54892	26	111	88	0	54892871001	14
17174	54892	27	112	88	0	54892736001	14
17175	54893	0	109	84	0	54893436001	14
17176	54893	10	113	85	1	54893685000	14
17177	54893	12	109	86	0	54893662000	14
17178	54893	20	111	87	0	54893532001	14
17179	54893	21	112	87	0	54893138001	14
17180	54893	29	114	88	1	54893443000	14
17181	54893	35	114	89	1	54893870000	15
17182	54894	4	113	84	1	54894402001	15
17183	54894	13	110	86	0	54894874000	15
17184	54894	14	111	86	0	54894206001	15
17185	54894	16	113	86	1	54894843001	15
17186	54894	17	114	86	1	54894573001	15
17187	54894	19	110	87	0	54894136000	15
17188	54894	26	111	88	0	54894948001	15
17189	54894	33	112	89	0	54894424000	15
17190	54895	6	109	85	0	54895443001	15
17191	54895	10	113	85	1	54895770001	15
17192	54895	22	113	87	1	54895018001	15
17193	54895	28	113	88	1	54895254001	15
17194	54896	3	112	84	1	54896540000	15
17195	54896	5	114	84	1	54896648001	15
17196	54896	7	110	85	0	54896018001	15
17197	54896	9	112	85	1	54896987001	16
17198	54896	11	114	85	1	54896125001	15
17199	54896	12	109	86	0	54896478000	15
17200	54896	21	112	87	1	54896870000	15
17201	54896	23	114	87	1	54896436001	15
17202	54896	34	113	89	1	54896370000	15
17203	54897	4	113	84	1	54897017000	16
17204	54897	15	112	86	1	54897017000	16
17205	54897	19	110	87	0	54897385001	16
17206	54897	32	111	89	0	54897427001	16
17207	54898	2	111	84	1	54898970000	16
17208	54898	3	112	84	1	54898796000	16
17209	54898	16	113	86	1	54898021001	16
17210	54898	21	112	87	1	54898914000	16
17211	54898	22	113	87	1	54898022001	16
17212	54898	25	110	88	0	54898099000	16
17213	54898	27	112	88	1	54898558001	16
17214	54899	8	111	85	1	54899452001	16
17215	54899	9	112	85	1	54899559001	16
17216	54899	12	109	86	0	54899267001	16
17217	54899	14	111	86	1	54899453001	16
17218	54899	15	112	86	1	54899452001	16
17219	54899	18	109	87	0	54899697000	16
17220	54899	28	113	88	1	54899658000	16
17221	54899	33	112	89	1	54899089000	16
17222	54901	20	111	87	1	54901565000	17
17223	54902	1	110	84	1	54902556000	17
17224	54902	2	111	84	1	54902275000	17
17225	54902	8	111	85	1	54902500000	17
17226	54902	14	111	86	1	54902052001	17
17227	54902	26	111	88	1	54902405000	17
17228	54903	7	110	85	1	54903060001	17
17229	54903	27	112	88	1	54903093001	17
17230	54904	20	111	87	1	54904467001	18
17231	54904	32	111	89	1	54904490001	18
17232	54906	13	110	86	1	54906223001	18
17233	54906	19	110	87	1	54906180000	18
17234	54907	1	110	84	1	54907103000	18
17235	54908	12	109	86	1	54908069001	19
17236	54908	25	110	88	1	54908633001	19
17237	54908	26	111	88	1	54908412001	19
17238	54909	6	109	85	1	54909879000	19
17239	54910	7	110	85	1	54910696000	19
17240	54911	13	110	86	1	54911403000	19
17241	54911	18	109	87	1	54911893000	20
17242	54911	19	110	87	1	54911019001	19
17243	54912	0	109	84	1	54912499001	20
17244	54912	6	109	85	1	54912773000	20
17245	54913	12	109	86	1	54913099000	20
17246	54914	7	110	85	1	54914479001	20
17247	54914	13	110	86	1	54914479001	20
17248	54915	0	109	84	1	54915152000	20
17249	54916	1	110	84	1	54916398000	21
17250	54916	2	111	84	0	54916635001	21
17251	54917	14	111	86	1	54917877000	21
17252	54919	8	111	85	1	54919983000	21
17253	54920	2	111	84	1	54920197000	21
17254	54921	3	112	84	0	54921688000	22
17255	54922	1	110	84	1	54922390000	22
17256	54934	24	109	88	0	54934367001	24
17257	54934	32	111	89	0	54934816001	24
17258	54936	26	111	88	0	54936467001	24
17259	54937	27	112	88	0	54937686001	24
17260	54938	12	109	86	0	54938424001	24
17261	54938	28	113	88	0	54938484000	24
17262	54940	14	111	86	0	54940215001	24
17263	54940	22	113	87	0	54940497001	24
17264	54941	23	114	87	0	54941591000	24
17265	54944	3	112	84	0	54944880001	25
17266	54944	11	114	85	0	54944843000	25
17267	54945	4	113	84	0	54945757000	25
17268	54946	5	114	84	0	54946259001	25
17269	54988	3	112	84	0	54988828001	27
17270	55017	0	109	84	0	55017880000	29
17271	55018	1	110	84	0	55018889000	29
17272	55018	6	109	85	0	55018007001	29
17273	55020	0	109	84	1	55020012001	29
17274	55024	1	110	84	1	55024016000	30
17275	55136	3	112	84	0	55136212000	16
17276	55138	9	112	85	0	55138162001	15
17277	55138	15	112	86	0	55138006000	15
17278	55139	16	113	86	0	55139727001	15
17279	55140	22	113	87	0	55140720000	15
17280	55140	27	112	88	0	55140067000	15
17281	55143	35	114	89	0	55143031001	14
17282	55249	17	114	86	0	55249850001	9
17283	55249	23	114	87	0	55249573001	9
17284	55249	29	114	88	0	55249276001	9
17285	55249	35	114	89	0	55249285000	9
17286	55250	5	114	84	0	55250248001	9
17287	55250	11	114	85	0	55250024001	9
17288	55250	16	113	86	0	55250901001	9
17289	55250	22	113	87	0	55250568000	9
17290	55250	28	113	88	0	55250301000	9
17291	55250	34	113	89	0	55250010000	9
17292	55251	4	113	84	0	55251182001	9
17293	55251	10	113	85	0	55251072001	9
17294	55251	21	112	87	0	55251659000	9
17295	55251	27	112	88	0	55251584001	9
17296	55251	33	112	89	0	55251393000	9
17297	55252	3	112	84	0	55252564000	9
17298	55252	9	112	85	0	55252465000	9
17299	55252	14	111	86	0	55252935001	9
17300	55252	15	112	86	0	55252060001	9
17301	55252	20	111	87	0	55252842000	9
17302	55252	26	111	88	0	55252350000	9
17303	55252	32	111	89	0	55252387001	9
17304	55252	35	114	89	1	55252371001	9
17305	55253	2	111	84	0	55253310001	9
17306	55253	8	111	85	0	55253390001	9
17307	55253	21	112	87	0	55253590000	9
17308	55253	25	110	88	0	55253939000	9
17309	55253	29	114	88	1	55253681001	9
17310	55253	31	110	89	0	55253423001	9
17311	55253	34	113	89	1	55253464001	9
17312	55254	1	110	84	0	55254844000	9
17313	55254	7	110	85	0	55254597000	9
17314	55254	13	110	86	0	55254224001	9
17315	55254	19	110	87	0	55254050000	9
17316	55254	23	114	87	1	55254705000	9
17317	55254	24	109	88	0	55254556001	9
17318	55254	30	109	89	0	55254685001	9
17319	55254	33	112	89	1	55254873000	9
17320	55254	35	114	89	1	55254685001	9
17321	55255	0	109	84	0	55255979001	9
17322	55255	2	111	84	0	55255725001	9
17323	55255	6	109	85	0	55255826001	9
17324	55255	12	109	86	0	55255226001	9
17325	55255	14	111	86	0	55255118001	9
17326	55255	18	109	87	0	55255172000	9
17327	55255	26	111	88	0	55255346000	9
17328	55255	28	113	88	1	55255155000	9
17329	55255	29	114	88	1	55255814000	9
17330	55255	34	113	89	1	55255725001	9
17331	55256	17	114	86	1	55256804000	9
17332	55256	22	113	87	1	55256100000	9
17333	55256	23	114	87	1	55256923000	9
17334	55256	24	109	88	0	55256800001	9
17335	55256	27	112	88	1	55256070001	9
17336	55256	32	111	89	1	55256242001	9
17337	55257	16	113	86	1	55257800000	9
17338	55257	21	112	87	1	55257202000	9
17339	55257	26	111	88	1	55257634001	9
17340	55257	27	112	88	1	55257978001	9
17341	55257	28	113	88	1	55257918000	9
17342	55257	31	110	89	1	55257030001	9
17343	55258	20	111	87	1	55258955001	9
17344	55258	22	113	87	1	55258246001	9
17345	55258	25	110	88	1	55258619001	9
17346	55258	31	110	89	1	55258948000	9
17347	55258	33	112	89	1	55258257000	9
17348	55259	1	110	84	0	55259571001	9
17349	55259	15	112	86	1	55259841001	9
17350	55259	17	114	86	1	55259012001	9
17351	55259	21	112	87	1	55259198001	9
17352	55259	24	109	88	1	55259942001	9
17353	55259	26	111	88	1	55259605001	9
17354	55259	30	109	89	1	55259048000	9
17355	55260	14	111	86	1	55260026001	9
17356	55260	16	113	86	1	55260076001	9
17357	55260	19	110	87	1	55260448001	9
17358	55260	20	111	87	1	55260922001	9
17359	55260	25	110	88	1	55260638001	9
17360	55261	17	114	86	0	55261325001	9
17361	55262	13	110	86	1	55262106000	9
17362	55262	14	111	86	1	55262424001	9
17363	55262	16	113	86	0	55262064001	9
17364	55262	18	109	87	1	55262255001	9
17365	55262	19	110	87	1	55262735000	9
17366	55262	23	114	87	0	55262187001	9
17367	55262	24	109	88	1	55262200000	9
17368	55262	30	109	89	1	55262073000	9
17369	55263	12	109	86	1	55263654000	9
17370	55263	22	113	87	0	55263876001	9
17371	55264	7	110	85	1	55264427001	9
17372	55264	13	110	86	1	55264549000	9
17373	55264	14	111	86	0	55264825000	9
17374	55264	15	112	86	0	55264561000	9
17375	55264	16	113	86	0	55264741000	9
17376	55264	17	114	86	0	55264532000	9
17377	55264	18	109	87	1	55264571000	9
17378	55264	23	114	87	0	55264555000	9
17379	55264	29	114	88	0	55264372001	9
17380	55265	21	112	87	0	55265823001	9
17381	55266	12	109	86	1	55266073000	9
17382	55266	13	110	86	0	55266783000	9
17383	55266	22	113	87	0	55266185000	9
17384	55266	28	113	88	0	55266193000	9
17385	55266	29	114	88	0	55266423000	9
17386	55266	35	114	89	0	55266904001	9
17387	55267	14	111	86	0	55267360001	9
17388	55267	15	112	86	0	55267271001	9
17389	55267	20	111	87	0	55267553000	9
17390	55267	23	114	87	0	55267271001	9
17391	55267	27	112	88	0	55267918001	9
17392	55268	7	110	85	0	55268928000	9
17393	55268	12	109	86	0	55268475001	9
17394	55268	19	110	87	0	55268868001	9
17395	55268	21	112	87	0	55268064001	9
17396	55268	22	113	87	0	55268905000	9
17397	55268	28	113	88	0	55268620001	9
17398	55268	34	113	89	0	55268667001	9
17399	55268	35	114	89	0	55268922000	9
17400	55269	5	114	84	1	55269827000	9
17401	55269	13	110	86	0	55269508000	9
17402	55269	26	111	88	0	55269561001	9
17403	55269	27	112	88	0	55269811000	9
17404	55269	29	114	88	0	55269225000	9
17405	55270	18	109	87	0	55270503000	9
17406	55270	33	112	89	0	55270647001	9
17407	55271	4	113	84	1	55271930001	10
17408	55271	11	114	85	1	55271014001	9
17409	55271	12	109	86	0	55271365000	9
17410	55271	17	114	86	1	55271386000	9
17411	55271	20	111	87	0	55271287000	9
17412	55271	21	112	87	0	55271468001	9
17413	55271	23	114	87	1	55271715000	10
17414	55271	25	110	88	0	55271766001	10
17415	55271	28	113	88	0	55271188001	9
17416	55271	34	113	89	0	55271031001	9
17417	55271	35	114	89	0	55271966000	10
17418	55272	5	114	84	1	55272869001	10
17419	55272	10	113	85	1	55272662001	10
17420	55272	19	110	87	0	55272353001	10
17421	55272	24	109	88	0	55272932001	10
17422	55272	26	111	88	0	55272186000	10
17423	55272	27	112	88	0	55272914001	10
17424	55272	29	114	88	1	55272653000	10
17425	55272	32	111	89	0	55272949001	10
17426	55273	3	112	84	1	55273531000	10
17427	55273	16	113	86	1	55273131000	10
17428	55273	17	114	86	1	55273609001	10
17429	55273	18	109	87	0	55273715001	10
17430	55273	22	113	87	1	55273660000	10
17431	55273	23	114	87	1	55273848000	10
17432	55273	33	112	89	0	55273485001	10
17433	55274	9	112	85	1	55274561000	10
17434	55274	25	110	88	0	55274887000	10
17435	55274	28	113	88	1	55274308000	10
17436	55274	31	110	89	0	55274501000	10
17437	55274	35	114	89	1	55274215001	10
17438	55275	2	111	84	1	55275103000	10
17439	55275	3	112	84	1	55275933001	10
17440	55275	15	112	86	1	55275020001	10
17441	55275	21	112	87	1	55275533001	10
17442	55275	22	113	87	1	55275734001	10
17443	55275	24	109	88	0	55275218001	10
17444	55275	29	114	88	1	55275071001	10
17445	55275	34	113	89	1	55275777000	10
17446	55276	4	113	84	1	55276600000	9
17447	55276	8	111	85	1	55276312000	10
17448	55276	16	113	86	1	55276763000	9
17449	55276	27	112	88	1	55276235001	10
17450	55276	28	113	88	1	55276297001	10
17451	55276	30	109	89	0	55276238000	10
17452	55276	32	111	89	0	55276375000	10
17453	55277	1	110	84	1	55277229000	9
17454	55277	2	111	84	1	55277126001	9
17455	55277	7	110	85	1	55277791001	10
17456	55277	9	112	85	1	55277132001	9
17457	55277	11	114	85	1	55277382000	9
17458	55277	14	111	86	1	55277086001	9
17459	55277	15	112	86	1	55277419001	9
17460	55277	20	111	87	1	55277791001	10
17461	55277	21	112	87	1	55277203001	9
17462	55277	27	112	88	1	55277986001	10
17463	55277	31	110	89	0	55277550000	10
17464	55277	33	112	89	1	55277699001	10
17465	55278	8	111	85	1	55278106001	10
17466	55278	13	110	86	1	55278498001	10
17467	55278	24	109	88	0	55278190001	10
17468	55278	26	111	88	1	55278709000	10
17469	55278	30	109	89	0	55278505001	10
17470	55279	0	109	84	1	55279713000	10
17471	55279	1	110	84	1	55279097000	10
17472	55279	7	110	85	1	55279808000	10
17473	55279	14	111	86	1	55279604000	10
17474	55279	19	110	87	1	55279593000	10
17475	55279	20	111	87	1	55279752000	10
17476	55279	32	111	89	1	55279906001	10
17477	55280	6	109	85	1	55280137001	10
17478	55280	10	113	85	1	55280013001	10
17479	55280	13	110	86	1	55280451001	10
17480	55281	12	109	86	1	55281215000	10
17481	55281	19	110	87	1	55281897000	10
17482	55281	25	110	88	1	55281045000	10
17483	55281	26	111	88	1	55281745000	10
17484	55281	31	110	89	1	55281678001	10
17485	55282	0	109	84	1	55282493000	10
17486	55282	6	109	85	1	55282070000	10
17487	55282	18	109	87	1	55282259001	10
17488	55282	24	109	88	1	55282287001	10
17489	55283	12	109	86	1	55283919001	10
17490	55284	24	109	88	1	55284520000	11
17491	55284	30	109	89	1	55284304000	11
17492	55285	18	109	87	1	55285414000	11
17493	55285	25	110	88	1	55285990001	11
17494	55286	31	110	89	1	55286257000	11
17495	55376	24	109	88	0	55376695001	24
17496	55378	25	110	88	0	55378472000	24
17497	55379	12	109	86	0	55379995001	24
17498	55380	20	111	87	0	55380671000	24
17499	55381	22	113	87	0	55381895001	24
17500	55385	3	112	84	0	55385394000	24
17501	55385	10	113	85	0	55385400000	24
17502	55385	11	114	85	0	55385751001	24
17503	55387	5	114	84	0	55387369000	24
17504	55468	24	109	88	0	55468919001	21
17505	55468	30	109	89	0	55468959001	21
17506	55469	12	109	86	0	55469800000	21
17507	55469	18	109	87	0	55469545001	21
17508	55469	31	110	89	0	55469808000	21
17509	55470	0	109	84	0	55470357000	21
17510	55470	6	109	85	0	55470281001	21
17511	55470	19	110	87	0	55470632001	21
17512	55470	25	110	88	0	55470442000	21
17513	55471	1	110	84	0	55471767001	21
17514	55471	7	110	85	0	55471449000	21
17515	55471	12	109	86	0	55471905000	21
17516	55471	13	110	86	0	55471025001	21
17517	55471	18	109	87	0	55471942001	21
17518	55471	24	109	88	0	55471492001	21
17519	55471	26	111	88	0	55471360000	21
17520	55471	30	109	89	0	55471309000	21
17521	55471	32	111	89	0	55471252000	21
17522	55472	0	109	84	0	55472791000	21
17523	55472	2	111	84	0	55472939001	21
17524	55472	6	109	85	0	55472704000	21
17525	55472	8	111	85	0	55472853000	21
17526	55472	14	111	86	0	55472232000	21
17527	55472	20	111	87	0	55472158000	21
17528	55472	21	112	87	0	55472967001	21
17529	55472	25	110	88	0	55472743001	21
17530	55472	27	112	88	0	55472681001	21
17531	55472	31	110	89	0	55472075000	21
17532	55472	33	112	89	0	55472712000	21
17533	55473	7	110	85	0	55473743001	21
17534	55473	9	112	85	0	55473916000	21
17535	55473	13	110	86	0	55473235000	21
17536	55473	15	112	86	0	55473340000	21
17537	55473	19	110	87	0	55473177000	21
17538	55473	26	111	88	0	55473119001	21
17539	55473	34	113	89	0	55473743001	21
17540	55474	1	110	84	0	55474186000	21
17541	55474	2	111	84	0	55474926001	21
17542	55474	3	112	84	0	55474269000	21
17543	55474	14	111	86	0	55474213000	21
17544	55474	16	113	86	0	55474897001	21
17545	55474	20	111	87	0	55474303000	21
17546	55474	22	113	87	0	55474351001	21
17547	55474	27	112	88	0	55474606001	21
17548	55474	28	113	88	0	55474197000	21
17549	55474	35	114	89	0	55474992001	21
17550	55475	4	113	84	0	55475736001	21
17551	55475	8	111	85	0	55475407000	21
17552	55475	9	112	85	0	55475940001	21
17553	55475	10	113	85	0	55475347001	21
17554	55475	15	112	86	0	55475251001	21
17555	55475	21	112	87	0	55475138000	21
17556	55475	23	114	87	0	55475611000	21
17557	55475	29	114	88	0	55475036000	21
17558	55475	32	111	89	0	55475147000	21
17559	55475	33	112	89	0	55475914000	21
17560	55475	34	113	89	0	55475824000	21
17561	55476	3	112	84	0	55476248001	20
17562	55476	11	114	85	0	55476410000	20
17563	55476	16	113	86	0	55476944000	20
17564	55476	17	114	86	0	55476358000	20
17565	55476	22	113	87	0	55476744001	20
17566	55476	28	113	88	0	55476338001	20
17567	55476	29	114	88	0	55476991001	20
17568	55477	4	113	84	0	55477966001	20
17569	55477	5	114	84	0	55477135000	20
17570	55477	10	113	85	0	55477718001	20
17571	55477	23	114	87	0	55477819001	20
17572	55477	35	114	89	0	55477173001	20
17573	55478	11	114	85	0	55478593000	20
17574	55478	17	114	86	0	55478622000	20
17575	55478	26	111	88	0	55478268001	20
17576	55479	5	114	84	0	55479658000	20
17577	55482	33	112	89	0	55482995000	19
17578	55487	0	109	84	1	55487464000	18
17579	55487	23	114	87	0	55487353001	18
17580	55488	1	110	84	1	55488307000	18
17581	55488	6	109	85	1	55488174000	18
17582	55489	2	111	84	1	55489559001	18
17583	55489	7	110	85	1	55489127001	18
17584	55489	12	109	86	1	55489042001	18
17585	55489	13	110	86	1	55489947000	18
17586	55489	18	109	87	1	55489854001	18
17587	55490	3	112	84	1	55490422001	18
17588	55490	8	111	85	1	55490077001	18
17589	55490	14	111	86	1	55490929001	18
17590	55490	19	110	87	1	55490687001	18
17591	55490	24	109	88	1	55490433001	18
17592	55491	4	113	84	1	55491507001	18
17593	55491	9	112	85	1	55491197001	18
17594	55491	15	112	86	1	55491977000	18
17595	55491	20	111	87	1	55491762001	18
17596	55491	25	110	88	1	55491439001	18
17597	55491	30	109	89	1	55491318000	18
17598	55492	5	114	84	1	55492397001	18
17599	55492	10	113	85	1	55492292000	18
17600	55492	21	112	87	1	55492528000	18
17601	55492	26	111	88	1	55492314001	18
17602	55492	31	110	89	1	55492058001	18
17603	55493	11	114	85	1	55493350000	17
17604	55493	16	113	86	1	55493004001	17
17605	55493	22	113	87	1	55493767000	17
17606	55493	27	112	88	1	55493211000	17
17607	55493	32	111	89	1	55493172000	17
17608	55494	17	114	86	1	55494026000	17
17609	55494	23	114	87	1	55494458001	17
17610	55494	28	113	88	1	55494574001	17
17611	55494	33	112	89	1	55494024001	17
17612	55495	29	114	88	1	55495356000	17
17613	55495	34	113	89	1	55495185000	17
17614	55496	21	112	87	1	55496365001	17
17615	55496	26	111	88	1	55496244000	17
17616	55496	35	114	89	1	55496049001	17
17617	55970	30	109	89	0	55970804000	10
17618	55972	24	109	88	0	55972813000	10
17619	55973	30	109	89	0	55973578000	9
17620	55974	31	110	89	0	55974865001	9
17621	55975	24	109	88	0	55975223001	9
17622	55977	18	109	87	0	55977595001	9
17623	55977	25	110	88	0	55977827000	9
17624	55977	30	109	89	0	55977333000	9
17625	55977	31	110	89	0	55977489000	9
17626	55978	32	111	89	0	55978685001	9
17627	55979	24	109	88	1	55979221001	9
17628	55979	30	109	89	1	55979344001	9
17629	55980	26	111	88	0	55980252000	9
17630	55980	31	110	89	1	55980894000	8
17631	55980	33	112	89	0	55980846001	8
17632	55981	25	110	88	1	55981162001	8
17633	55982	32	111	89	1	55982961000	8
17634	55984	34	113	89	0	55984209000	8
17635	55985	33	112	89	1	55985000001	8
17636	55985	35	114	89	0	55985936001	8
17637	55987	34	113	89	1	55987257001	8
17638	55994	26	111	88	1	55994066000	7
17639	56076	3	112	84	0	56076893001	21
17640	56078	12	109	86	0	56078599001	22
17641	56079	13	110	86	0	56079721000	22
17642	56080	15	112	86	0	56080344001	22
17643	56082	21	112	87	0	56082700000	22
17644	56083	22	113	87	0	56083597001	22
17645	56083	24	109	88	0	56083323000	22
17646	56084	26	111	88	0	56084735001	23
17647	56085	27	112	88	0	56085976000	23
17648	56086	28	113	88	0	56086426000	23
17649	56087	29	114	88	0	56087015001	23
17650	56088	32	111	89	0	56088798001	23
17651	56090	34	113	89	0	56090303000	23
17652	56255	3	112	84	0	56255662000	21
17653	56256	2	111	84	0	56256676001	21
17654	56256	11	114	85	0	56256076000	21
17655	56257	1	110	84	0	56257639001	22
17656	56257	9	112	85	0	56257703000	22
17657	56258	16	113	86	0	56258428001	22
17658	56258	17	114	86	0	56258131000	22
17659	56259	7	110	85	0	56259663000	22
17660	56259	15	112	86	0	56259635000	22
17661	56259	23	114	87	0	56259734001	22
17662	56261	12	109	86	0	56261894001	23
17663	56262	20	111	87	0	56262619000	23
17664	56263	19	110	87	0	56263463000	23
17665	56263	35	114	89	0	56263435000	23
17666	56266	24	109	88	0	56266800000	24
17667	56334	24	109	88	0	56334587001	25
17668	56335	33	112	89	0	56335707001	25
17669	56336	26	111	88	0	56336557001	25
17670	56339	21	112	87	0	56339413001	24
17671	56340	22	113	87	0	56340112000	24
17672	56340	23	114	87	0	56340666001	24
17673	56341	15	112	86	0	56341322000	24
17674	56341	16	113	86	0	56341796000	24
17675	56342	9	112	85	0	56342737001	24
17676	56344	3	112	84	0	56344186001	23
17677	56344	11	114	85	0	56344043001	23
17678	56345	4	113	84	0	56345290000	23
17679	56448	34	113	89	0	56448677000	16
17680	56448	35	114	89	0	56448840000	16
17681	56464	30	109	89	0	56464325000	20
17682	56465	24	109	88	0	56465030001	20
17683	56465	31	110	89	0	56465834000	20
17684	56466	18	109	87	0	56466500001	20
17685	56466	30	109	89	0	56466650000	20
17686	56467	12	109	86	0	56467020000	21
17687	56467	24	109	88	0	56467558001	21
17688	56467	25	110	88	0	56467277001	21
17689	56468	19	110	87	0	56468896000	21
17690	56468	31	110	89	0	56468118000	21
17691	56468	32	111	89	0	56468937001	21
17692	56469	6	109	85	0	56469244000	21
17693	56469	12	109	86	0	56469058000	21
17694	56469	13	110	86	0	56469478001	21
17695	56469	18	109	87	0	56469459000	21
17696	56469	24	109	88	0	56469977001	21
17697	56469	25	110	88	0	56469750000	21
17698	56469	30	109	89	0	56469888001	21
17699	56470	26	111	88	0	56470301000	21
17700	56471	13	110	86	0	56471956000	21
17701	56471	19	110	87	0	56471642000	21
17702	56471	31	110	89	0	56471371000	21
17703	56471	33	112	89	0	56471554001	21
17704	56472	7	110	85	0	56472096001	21
17705	56472	20	111	87	0	56472062001	21
17706	56472	26	111	88	0	56472823000	21
17707	56472	27	112	88	0	56472371001	21
17708	56472	32	111	89	0	56472375001	21
17709	56473	6	109	85	1	56473437000	21
17710	56473	14	111	86	0	56473711001	21
17711	56474	12	109	86	1	56474426001	22
17712	56474	20	111	87	0	56474914001	22
17713	56474	25	110	88	0	56474084000	22
17714	56474	33	112	89	0	56474476001	22
17715	56475	26	111	88	0	56475416001	22
17716	56476	13	110	86	1	56476722001	22
17717	56476	27	112	88	0	56476636001	22
17718	56477	18	109	87	1	56477544001	22
17719	56477	21	112	87	0	56477001000	22
17720	56479	19	110	87	1	56479941001	22
17721	56480	18	109	87	1	56480912000	22
17722	56480	24	109	88	1	56480470001	22
17723	56483	19	110	87	1	56483476001	23
17724	56483	20	111	87	1	56483105001	23
17725	56483	24	109	88	1	56483247000	23
17726	56483	25	110	88	1	56483107000	23
17727	56483	33	112	89	1	56483770000	23
17728	56484	26	111	88	1	56484596001	23
17729	56484	30	109	89	1	56484914000	23
17730	56485	12	109	86	1	56485710001	23
17731	56485	27	112	88	1	56485049000	23
17732	56486	25	110	88	1	56486167001	23
17733	56486	31	110	89	1	56486284001	23
17734	56486	32	111	89	1	56486221000	23
17735	56488	26	111	88	1	56488209001	23
17736	56488	30	109	89	1	56488601000	23
17737	56489	31	110	89	1	56489747001	23
17738	56491	24	109	88	1	56491590000	23
17739	56491	32	111	89	1	56491375000	23
17740	56492	25	110	88	1	56492872000	23
17741	56492	30	109	89	1	56492492001	23
17742	56564	13	110	86	1	56564593000	4
17743	56612	5	114	84	0	56612128001	18
17744	56613	4	113	84	0	56613434001	18
17745	56613	11	114	85	0	56613030001	18
17746	56613	17	114	86	0	56613880001	18
17747	56614	3	112	84	0	56614271000	18
17748	56614	5	114	84	0	56614696001	18
17749	56614	10	113	85	0	56614185000	18
17750	56614	16	113	86	0	56614937001	18
17751	56614	23	114	87	0	56614755000	18
17752	56615	2	111	84	0	56615735000	19
17753	56615	9	112	85	0	56615564000	19
17754	56615	11	114	85	0	56615298001	19
17755	56615	22	113	87	0	56615804001	19
17756	56615	29	114	88	0	56615432001	19
17757	56616	3	112	84	0	56616422001	19
17758	56616	4	113	84	0	56616114001	19
17759	56616	10	113	85	0	56616594000	19
17760	56616	15	112	86	0	56616382000	19
17761	56616	17	114	86	0	56616528000	19
17762	56616	28	113	88	0	56616667000	19
17763	56616	35	114	89	0	56616551000	19
17764	56617	1	110	84	0	56617436001	19
17765	56617	2	111	84	0	56617909001	19
17766	56617	8	111	85	0	56617024000	19
17767	56617	9	112	85	0	56617702001	19
17768	56617	14	111	86	0	56617895000	19
17769	56617	16	113	86	0	56617300001	19
17770	56617	21	112	87	0	56617480000	19
17771	56617	22	113	87	0	56617865001	19
17772	56617	23	114	87	0	56617393000	19
17773	56617	29	114	88	0	56617443001	19
17774	56617	34	113	89	0	56617778000	19
17775	56618	0	109	84	0	56618786001	20
17776	56618	7	110	85	0	56618646001	20
17777	56618	15	112	86	0	56618686001	20
17778	56618	27	112	88	0	56618355001	19
17779	56618	28	113	88	0	56618848001	20
17780	56618	35	114	89	0	56618756000	20
17781	56619	1	110	84	0	56619594000	20
17782	56619	6	109	85	0	56619901001	20
17783	56619	8	111	85	0	56619638001	20
17784	56619	13	110	86	0	56619272001	20
17785	56619	20	111	87	0	56619144000	20
17786	56619	21	112	87	0	56619675000	20
17787	56619	26	111	88	0	56619456001	20
17788	56619	33	112	89	0	56619709001	20
17789	56620	12	109	86	0	56620462000	20
17790	56620	14	111	86	0	56620415001	20
17791	56620	19	110	87	0	56620459001	20
17792	56620	23	114	87	1	56620679001	20
17793	56620	27	112	88	0	56620753001	20
17794	56620	29	114	88	1	56620594001	20
17795	56620	32	111	89	0	56620513000	20
17796	56620	34	113	89	0	56620022000	20
17797	56621	0	109	84	0	56621877001	20
17798	56621	5	114	84	1	56621623001	20
17799	56621	7	110	85	0	56621101001	20
17800	56621	11	114	85	1	56621623001	20
17801	56621	17	114	86	1	56621047000	20
17802	56621	20	111	87	0	56621532000	20
17803	56621	25	110	88	0	56621253001	20
17804	56621	26	111	88	0	56621093000	20
17805	56621	35	114	89	1	56621745000	20
17806	56622	12	109	86	0	56622880001	21
17807	56622	13	110	86	0	56622043000	20
17808	56622	18	109	87	0	56622137001	21
17809	56622	24	109	88	0	56622282001	21
17810	56622	29	114	88	1	56622822001	21
17811	56622	31	110	89	0	56622496001	21
17812	56622	33	112	89	0	56622764000	21
17813	56623	4	113	84	1	56623911000	21
17814	56623	6	109	85	0	56623178001	21
17815	56623	17	114	86	1	56623350000	21
17816	56623	19	110	87	0	56623240001	21
17817	56623	22	113	87	1	56623674001	21
17818	56623	23	114	87	1	56623035000	21
17819	56623	25	110	88	0	56623797001	21
17820	56623	28	113	88	1	56623673001	21
17821	56623	30	109	89	0	56623875001	21
17822	56623	32	111	89	0	56623781001	21
17823	56623	34	113	89	1	56623519000	21
17824	56624	5	114	84	1	56624198000	21
17825	56624	10	113	85	1	56624530000	21
17826	56624	11	114	85	1	56624227000	21
17827	56624	16	113	86	1	56624257001	21
17828	56624	24	109	88	0	56624789000	21
17829	56624	35	114	89	1	56624678000	21
17830	56625	18	109	87	0	56625341000	21
17831	56625	28	113	88	1	56625976001	22
17832	56625	31	110	89	0	56625595000	21
17833	56625	33	112	89	1	56625758000	21
17834	56625	34	113	89	1	56625678001	21
17835	56626	9	112	85	1	56626886001	22
17836	56626	16	113	86	1	56626681000	22
17837	56626	21	112	87	1	56626273001	22
17838	56626	22	113	87	1	56626089001	22
17839	56626	27	112	88	1	56626678001	22
17840	56626	30	109	89	0	56626479000	22
17841	56627	5	114	84	0	56627329000	22
17842	56627	15	112	86	1	56627206000	22
17843	56628	11	114	85	0	56628256001	22
17844	56628	33	112	89	1	56628761001	22
17845	56629	21	112	87	1	56629543001	22
17846	56629	26	111	88	1	56629981000	22
17847	56629	27	112	88	1	56629272001	22
17848	56630	4	113	84	0	56630302000	23
17849	56630	5	114	84	0	56630441000	23
17850	56630	10	113	85	0	56630310001	23
17851	56630	11	114	85	0	56630850001	23
17852	56630	14	111	86	1	56630814000	23
17853	56630	16	113	86	0	56630849001	23
17854	56630	20	111	87	1	56630211000	23
17855	56630	32	111	89	1	56630059000	23
17856	56631	17	114	86	0	56631770000	23
17857	56632	9	112	85	0	56632407000	23
17858	56632	27	112	88	1	56632213000	23
17859	56633	10	113	85	0	56633089001	23
17860	56633	11	114	85	0	56633254001	23
17861	56633	26	111	88	1	56633518001	23
17862	56633	33	112	89	1	56633149000	23
17863	56634	16	113	86	0	56634186001	23
17864	56634	17	114	86	0	56634733001	23
17865	56634	21	112	87	0	56634816000	24
17866	56634	22	113	87	0	56634801001	24
17867	56634	23	114	87	0	56634792000	24
17868	56634	31	110	89	1	56634150000	23
17869	56634	32	111	89	1	56634372001	23
17870	56635	15	112	86	0	56635695001	24
17871	56635	25	110	88	1	56635215000	24
17872	56637	3	112	84	0	56637146000	24
17873	56637	21	112	87	0	56637874001	24
17874	56637	27	112	88	0	56637379001	24
17875	56638	16	113	86	0	56638698000	24
17876	56638	20	111	87	0	56638627001	24
17877	56638	22	113	87	0	56638101000	24
17878	56638	23	114	87	0	56638069000	24
17879	56638	26	111	88	1	56638498001	24
17880	56638	28	113	88	0	56638471001	24
17881	56638	29	114	88	0	56638283000	24
17882	56639	17	114	86	0	56639554000	24
17883	56639	27	112	88	0	56639617000	24
17884	56640	14	111	86	0	56640876000	25
17885	56640	29	114	88	0	56640862001	25
17886	56641	21	112	87	0	56641451000	25
17887	56641	22	113	87	0	56641466001	25
17888	56641	23	114	87	0	56641227000	25
17889	56641	26	111	88	0	56641948001	25
17890	56642	27	112	88	0	56642970000	25
17891	56642	28	113	88	0	56642029001	25
17892	56642	32	111	89	0	56642514000	25
17893	56642	33	112	89	0	56642251000	25
17894	56642	34	113	89	0	56642821001	25
17895	56642	35	114	89	0	56642285000	25
17896	56643	5	114	84	1	56643550000	25
17897	56643	29	114	88	0	56643911000	25
17898	56644	35	114	89	0	56644858001	25
17899	56645	4	113	84	1	56645951001	25
17900	56645	26	111	88	0	56645342001	25
17901	56645	33	112	89	0	56645881000	25
17902	56645	34	113	89	0	56645999000	25
17903	56646	5	114	84	1	56646966000	25
17904	56646	27	112	88	0	56646509001	25
17905	56646	28	113	88	0	56646210001	25
17906	56646	32	111	89	0	56646824001	25
17907	56648	29	114	88	0	56648305001	25
17908	56648	31	110	89	0	56648525000	25
17909	56648	35	114	89	0	56648007000	25
17910	56650	3	112	84	1	56650659000	26
17911	56650	11	114	85	1	56650594001	26
17912	56650	15	112	86	0	56650296001	26
17913	56650	25	110	88	0	56650066001	26
17914	56650	34	113	89	0	56650726000	26
17915	56651	33	112	89	0	56651883001	26
17916	56652	4	113	84	1	56652535001	26
17917	56654	32	111	89	1	56654178000	26
17918	56654	35	114	89	0	56654193000	26
17919	56657	35	114	89	0	56657688000	26
17920	56658	4	113	84	0	56658813001	26
17921	56659	3	112	84	0	56659085000	26
17922	56660	5	114	84	0	56660532000	26
17923	56661	11	114	85	0	56661502001	26
17924	56662	4	113	84	0	56662084000	26
17925	56662	33	112	89	0	56662309001	26
17926	56663	5	114	84	0	56663793001	26
17927	56670	34	113	89	0	56670868001	25
17928	56671	5	114	84	0	56671128001	25
17929	56674	35	114	89	0	56674305000	25
17930	56677	30	109	89	1	56677037001	25
17931	56677	31	110	89	1	56677766000	25
17932	56679	24	109	88	1	56679955000	25
17933	56679	32	111	89	1	56679291000	25
17934	56680	25	110	88	1	56680192000	25
17935	56680	30	109	89	1	56680653000	25
17936	56680	31	110	89	1	56680287000	25
17937	56680	33	112	89	1	56680495001	25
17938	56681	26	111	88	1	56681465000	24
17939	56681	27	112	88	1	56681844001	24
17940	56682	33	112	89	1	56682414001	24
17941	56682	34	113	89	1	56682432000	24
17942	56683	24	109	88	1	56683881001	24
17943	56683	27	112	88	1	56683607001	24
17944	56683	28	113	88	1	56683881001	24
17945	56683	35	114	89	1	56683673001	24
17946	56684	19	110	87	1	56684514000	24
17947	56684	20	111	87	1	56684782001	24
17948	56684	21	112	87	1	56684205000	24
17949	56684	25	110	88	1	56684602001	24
17950	56684	26	111	88	1	56684292001	24
17951	56684	29	114	88	1	56684602001	24
17952	56684	32	111	89	1	56684137000	24
17953	56685	22	113	87	1	56685178001	24
17954	56685	23	114	87	1	56685615001	24
17955	56685	34	113	89	1	56685368001	24
17956	56685	35	114	89	1	56685464001	24
17957	56686	18	109	87	1	56686405001	24
17958	56686	24	109	88	1	56686917001	24
17959	56686	29	114	88	1	56686443001	24
17960	56687	14	111	86	1	56687666000	24
17961	56687	15	112	86	1	56687648001	24
17962	56687	16	113	86	1	56687639000	24
17963	56687	17	114	86	1	56687813000	23
17964	56687	21	112	87	1	56687437000	24
17965	56687	22	113	87	1	56687697001	24
17966	56687	23	114	87	1	56687894001	23
17967	56687	26	111	88	1	56687949000	23
17968	56688	13	110	86	1	56688958001	23
17969	56688	20	111	87	1	56688864001	23
17970	56688	25	110	88	1	56688312001	23
17971	56688	28	113	88	1	56688282000	23
17972	56689	19	110	87	1	56689572001	23
17973	56689	21	112	87	1	56689970000	23
17974	56689	27	112	88	1	56689804001	23
17975	56690	18	109	87	1	56690962001	23
17976	56690	31	110	89	1	56690331000	23
17977	56691	10	113	85	1	56691875001	23
17978	56691	11	114	85	1	56691450000	23
17979	56691	12	109	86	1	56691207000	23
17980	56691	17	114	86	1	56691524000	23
17981	56692	0	109	84	1	56692931000	23
17982	56692	9	112	85	1	56692939001	23
17983	56692	14	111	86	1	56692964000	23
17984	56692	15	112	86	1	56692167001	23
17985	56692	16	113	86	1	56692206001	23
17986	56693	8	111	85	1	56693422001	22
17987	56693	19	110	87	1	56693060000	22
17988	56693	20	111	87	1	56693730000	22
17989	56694	5	114	84	1	56694930001	22
17990	56694	6	109	85	1	56694759000	22
17991	56694	7	110	85	1	56694515001	22
17992	56694	13	110	86	1	56694460000	22
17993	56694	15	112	86	1	56694838000	22
17994	56695	0	109	84	1	56695798001	22
17995	56695	1	110	84	1	56695867000	22
17996	56695	11	114	85	1	56695829000	22
17997	56695	12	109	86	1	56695882001	22
17998	56695	14	111	86	1	56695926001	22
17999	56696	10	113	85	1	56696062001	22
18000	56696	16	113	86	1	56696349001	22
18001	56696	18	109	87	1	56696713000	22
18002	56697	1	110	84	1	56697962000	21
18003	56697	3	112	84	1	56697326000	22
18004	56697	4	113	84	1	56697352001	22
18005	56697	6	109	85	1	56697492001	22
18006	56697	9	112	85	1	56697193001	22
18007	56697	13	110	86	1	56697029000	22
18008	56698	2	111	84	1	56698334000	21
18009	56698	7	110	85	1	56698485000	21
18010	56698	8	111	85	1	56698253001	21
18011	56699	5	114	84	1	56699110000	21
18012	56699	10	113	85	1	56699110000	21
18013	56699	12	109	86	1	56699068001	21
18014	56700	9	112	85	1	56700147000	21
18015	56700	17	114	86	1	56700540000	21
18016	56701	2	111	84	1	56701285001	21
18017	56701	3	112	84	1	56701180001	21
18018	56701	7	110	85	1	56701058000	21
18019	56701	8	111	85	1	56701036000	21
18020	56701	11	114	85	1	56701372000	21
18021	56702	4	113	84	1	56702514001	20
18022	56702	5	114	84	1	56702794001	20
18023	56703	3	112	84	1	56703906000	20
18024	56706	4	113	84	1	56706021000	19
18025	56715	34	113	89	0	56715287000	16
18026	57072	12	109	86	0	57072303000	30
18027	57077	3	112	84	0	57077373001	29
18028	57122	24	109	88	0	57122607000	18
18029	57122	30	109	89	0	57122470000	18
18030	57123	18	109	87	0	57123559001	18
18031	57123	31	110	89	0	57123368001	18
18032	57124	6	109	85	0	57124864000	17
18033	57124	12	109	86	0	57124223000	17
18034	57124	19	110	87	0	57124707000	17
18035	57124	24	109	88	0	57124697001	17
18036	57124	25	110	88	0	57124141001	17
18037	57124	32	111	89	0	57124829000	17
18038	57125	0	109	84	0	57125614001	17
18039	57125	13	110	86	0	57125350001	17
18040	57125	18	109	87	0	57125967000	17
18041	57125	26	111	88	0	57125241000	17
18042	57125	30	109	89	0	57125118000	17
18043	57126	1	110	84	0	57126683001	17
18044	57126	7	110	85	0	57126047001	17
18045	57126	12	109	86	0	57126470001	17
18046	57126	14	111	86	0	57126880001	17
18047	57126	20	111	87	0	57126016000	17
18048	57126	25	110	88	0	57126873000	17
18049	57126	27	112	88	0	57126531001	17
18050	57126	31	110	89	0	57126168000	17
18051	57126	33	112	89	0	57126144001	17
18052	57127	6	109	85	0	57127480000	16
18053	57127	8	111	85	0	57127752000	16
18054	57127	13	110	86	0	57127487000	16
18055	57127	15	112	86	0	57127674001	16
18056	57127	19	110	87	0	57127080000	16
18057	57127	21	112	87	0	57127199000	16
18058	57127	26	111	88	0	57127142000	16
18059	57127	32	111	89	0	57127486000	16
18060	57127	34	113	89	0	57127240000	16
18061	57128	0	109	84	0	57128542001	16
18062	57128	1	110	84	0	57128812001	16
18063	57128	2	111	84	0	57128111000	16
18064	57128	7	110	85	0	57128307000	16
18065	57128	9	112	85	0	57128779001	16
18066	57128	20	111	87	0	57128494000	16
18067	57128	22	113	87	0	57128636001	16
18068	57128	27	112	88	0	57128346001	16
18069	57128	28	113	88	0	57128121000	16
18070	57128	33	112	89	0	57128612000	16
18071	57128	35	114	89	0	57128419001	16
18072	57129	3	112	84	0	57129488001	16
18073	57129	14	111	86	0	57129185000	16
18074	57129	15	112	86	0	57129538001	16
18075	57129	16	113	86	0	57129247000	16
18076	57129	21	112	87	0	57129324001	16
18077	57129	23	114	87	0	57129768001	16
18078	57129	29	114	88	0	57129010001	16
18079	57129	34	113	89	0	57129459001	16
18080	57130	2	111	84	0	57130148000	16
18081	57130	8	111	85	0	57130311000	16
18082	57130	9	112	85	0	57130745000	15
18083	57130	10	113	85	0	57130374000	16
18084	57130	17	114	86	0	57130888001	15
18085	57130	22	113	87	0	57130655000	15
18086	57130	28	113	88	0	57130105001	16
18087	57130	35	114	89	0	57130486000	16
18088	57131	0	109	84	1	57131681000	15
18089	57131	3	112	84	0	57131626001	15
18090	57131	4	113	84	0	57131074001	15
18091	57131	11	114	85	0	57131562000	15
18092	57131	16	113	86	0	57131459000	15
18093	57131	29	114	88	0	57131003000	15
18094	57132	5	114	84	0	57132491000	15
18095	57132	6	109	85	1	57132533001	15
18096	57132	10	113	85	0	57132610001	15
18097	57132	23	114	87	0	57132144001	15
18098	57133	1	110	84	1	57133048000	15
18099	57133	4	113	84	0	57133255000	15
18100	57133	7	110	85	1	57133991001	15
18101	57133	11	114	85	0	57133781001	15
18102	57133	12	109	86	1	57133435000	15
18103	57133	17	114	86	0	57133229001	15
18104	57134	2	111	84	1	57134527000	14
18105	57134	13	110	86	1	57134662000	14
18106	57134	18	109	87	1	57134414000	15
18107	57135	3	112	84	1	57135919000	14
18108	57135	5	114	84	0	57135205001	14
18109	57135	8	111	85	1	57135282000	14
18110	57135	19	110	87	1	57135569000	14
18111	57135	24	109	88	1	57135032001	14
18112	57135	27	112	88	0	57135661001	14
18113	57135	30	109	89	1	57135932001	14
18114	57136	14	111	86	1	57136319001	14
18115	57136	25	110	88	1	57136527000	14
18116	57137	4	113	84	1	57137721001	14
18117	57137	8	111	85	1	57137065000	14
18118	57137	9	112	85	1	57137230000	14
18119	57137	15	112	86	1	57137984000	14
18120	57137	20	111	87	1	57137065000	14
18121	57137	26	111	88	1	57137989000	14
18122	57137	31	110	89	1	57137195000	14
18123	57138	1	110	84	1	57138140000	14
18124	57138	2	111	84	1	57138514000	14
18125	57138	5	114	84	1	57138775001	13
18126	57138	7	110	85	1	57138349000	14
18127	57138	10	113	85	1	57138190001	14
18128	57138	13	110	86	1	57138086000	14
18129	57138	21	112	87	1	57138515001	14
18130	57138	27	112	88	1	57138935000	13
18131	57138	32	111	89	1	57138926001	13
18132	57139	11	114	85	1	57139851000	13
18133	57139	16	113	86	1	57139485001	13
18134	57139	20	111	87	1	57139775001	13
18135	57140	10	113	85	1	57140438000	13
18136	57140	22	113	87	1	57140171001	13
18137	57140	27	112	88	1	57140956000	13
18138	57140	28	113	88	1	57140719000	13
18139	57140	33	112	89	1	57140077000	13
18140	57141	3	112	84	1	57141393001	13
18141	57141	4	113	84	1	57141990000	13
18142	57141	5	114	84	1	57141695001	13
18143	57141	17	114	86	1	57141043001	13
18144	57141	23	114	87	1	57141394000	13
18145	57141	34	113	89	1	57141647000	13
18146	57142	26	111	88	1	57142303001	13
18147	57142	29	114	88	1	57142274000	13
18148	57142	35	114	89	1	57142944001	12
18149	57143	11	114	85	1	57143491001	12
18150	57143	14	111	86	1	57143554001	12
18151	57143	21	112	87	1	57143133000	12
18152	57143	31	110	89	1	57143509001	12
18153	57144	19	110	87	1	57144806000	12
18154	57144	23	114	87	1	57144699000	12
18155	57144	28	113	88	1	57144397001	12
18156	57146	9	112	85	1	57146154001	12
18157	57146	35	114	89	1	57146109001	12
18158	57148	29	114	88	1	57148573001	11
18159	57148	33	112	89	1	57148151001	11
18160	57259	34	113	89	1	57259244001	15
18161	57473	2	111	84	0	57473543000	12
18162	57473	3	112	84	0	57473945000	12
18163	57473	9	112	85	0	57473882000	12
18164	57475	4	113	84	0	57475426001	12
18165	57475	11	114	85	0	57475541000	12
18166	57476	5	114	84	0	57476355001	12
18167	57528	26	111	88	0	57528993001	9
18168	57529	27	112	88	0	57529956001	9
18169	57530	19	110	87	0	57530025001	9
18170	57530	21	112	87	0	57530131001	9
18171	57530	32	111	89	0	57530416000	9
18172	57531	23	114	87	0	57531639001	9
18173	57531	28	113	88	0	57531019000	9
18174	57531	29	114	88	0	57531419001	9
18175	57531	34	113	89	0	57531272000	9
18176	57533	17	114	86	0	57533016000	10
18177	57561	15	112	86	0	57561649000	16
18178	57606	0	109	84	0	57606184001	20
18179	57607	1	110	84	0	57607338001	20
18180	57608	2	111	84	0	57608538001	20
18181	57609	0	109	84	0	57609477001	20
18182	57609	1	110	84	0	57609906001	19
18183	57609	3	112	84	0	57609644000	19
18184	57610	6	109	85	0	57610211000	19
18185	57610	7	110	85	0	57610953001	19
18186	57611	2	111	84	0	57611284001	19
18187	57611	4	113	84	0	57611187000	19
18188	57612	3	112	84	0	57612129001	19
18189	57612	5	114	84	0	57612326001	19
18190	57612	6	109	85	0	57612869000	19
18191	57612	8	111	85	0	57612611000	19
18192	57613	0	109	84	0	57613345001	19
18193	57613	1	110	84	0	57613664001	19
18194	57613	4	113	84	0	57613980001	19
18195	57613	7	110	85	0	57613903001	19
18196	57613	9	112	85	0	57613404000	19
18197	57613	12	109	86	0	57613346000	19
18198	57614	2	111	84	0	57614191000	19
18199	57614	3	112	84	0	57614992000	19
18200	57614	10	113	85	0	57614707001	19
18201	57614	13	110	86	0	57614398001	19
18202	57615	5	114	84	0	57615664001	19
18203	57615	8	111	85	0	57615629001	19
18204	57615	11	114	85	0	57615424000	19
18205	57615	14	111	86	0	57615526000	19
18206	57616	6	109	85	0	57616406001	19
18207	57616	7	110	85	0	57616871000	19
18208	57616	9	112	85	0	57616077000	19
18209	57616	12	109	86	0	57616116000	19
18210	57617	4	113	84	0	57617179000	19
18211	57617	10	113	85	0	57617835001	19
18212	57617	11	114	85	0	57617905001	19
18213	57617	13	110	86	0	57617517000	19
18214	57617	15	112	86	0	57617120001	19
18215	57617	16	113	86	0	57617637000	19
18216	57617	18	109	87	0	57617361000	19
18217	57618	3	112	84	0	57618923001	18
18218	57618	8	111	85	0	57618585001	18
18219	57618	14	111	86	0	57618894001	18
18220	57618	17	114	86	0	57618983001	18
18221	57618	19	110	87	0	57618275001	19
18222	57619	2	111	84	0	57619754001	18
18223	57619	5	114	84	0	57619350001	18
18224	57619	9	112	85	0	57619386000	18
18225	57619	12	109	86	0	57619516000	18
18226	57619	15	112	86	0	57619308000	18
18227	57619	20	111	87	0	57619108001	18
18228	57620	11	114	85	0	57620559001	18
18229	57620	16	113	86	0	57620237000	18
18230	57620	18	109	87	0	57620774001	18
18231	57620	21	112	87	0	57620033000	18
18232	57620	22	113	87	1	57620759000	18
18233	57620	24	109	88	0	57620001000	18
18234	57621	10	113	85	0	57621718000	18
18235	57621	13	110	86	0	57621643000	18
18236	57621	14	111	86	0	57621866001	18
18237	57621	19	110	87	0	57621727000	18
18238	57621	20	111	87	0	57621973001	18
18239	57621	25	110	88	0	57621504000	18
18240	57622	15	112	86	0	57622064001	18
18241	57622	16	113	86	0	57622672001	18
18242	57622	17	114	86	0	57622246000	18
18243	57622	21	112	87	0	57622685000	18
18244	57622	22	113	87	0	57622991001	18
18245	57622	23	114	87	0	57622032000	18
18246	57622	24	109	88	0	57622136001	18
18247	57622	26	111	88	0	57622232001	18
18248	57623	18	109	87	0	57623995001	18
18249	57623	27	112	88	0	57623098001	18
18250	57623	30	109	89	0	57623805000	18
18251	57624	23	114	87	0	57624967001	18
18252	57624	24	109	88	0	57624909000	18
18253	57624	25	110	88	0	57624624001	18
18254	57624	26	111	88	0	57624804001	18
18255	57624	28	113	88	0	57624125000	18
18256	57624	31	110	89	0	57624268000	18
18257	57625	11	114	85	0	57625024001	18
18258	57625	17	114	86	0	57625547001	18
18259	57625	19	110	87	0	57625637001	18
18260	57625	20	111	87	0	57625019001	18
18261	57625	21	112	87	0	57625839001	18
18262	57625	22	113	87	0	57625658000	18
18263	57625	27	112	88	0	57625307000	18
18264	57625	29	114	88	0	57625133000	18
18265	57625	32	111	89	0	57625501001	18
18266	57626	28	113	88	0	57626586000	17
18267	57626	30	109	89	0	57626641000	17
18268	57626	33	112	89	0	57626307001	17
18269	57627	26	111	88	0	57627609000	17
18270	57627	29	114	88	0	57627691001	17
18271	57627	31	110	89	0	57627410001	17
18272	57627	34	113	89	0	57627269001	17
18273	57627	35	114	89	0	57627662000	17
18274	57628	21	112	87	0	57628820000	17
18275	57628	25	110	88	0	57628360000	17
18276	57628	27	112	88	0	57628796001	17
18277	57628	32	111	89	0	57628974001	17
18278	57629	23	114	87	0	57629061000	17
18279	57629	24	109	88	0	57629941000	17
18280	57629	33	112	89	0	57629311000	17
18281	57629	34	113	89	0	57629461000	17
18282	57630	28	113	88	0	57630167001	17
18283	57630	29	114	88	0	57630675001	17
18284	57630	30	109	89	0	57630541001	17
18285	57630	35	114	89	0	57630195000	17
18286	57631	5	114	84	1	57631025001	17
18287	57631	11	114	85	1	57631189000	17
18288	57631	17	114	86	1	57631850001	17
18289	57631	31	110	89	0	57631487000	17
18290	57631	32	111	89	0	57631999001	17
18291	57632	4	113	84	1	57632726000	17
18292	57632	10	113	85	1	57632536000	17
18293	57632	23	114	87	1	57632038001	17
18294	57632	33	112	89	0	57632313001	17
18295	57632	34	113	89	0	57632669000	17
18296	57633	3	112	84	1	57633502000	16
18297	57633	11	114	85	1	57633230001	16
18298	57633	16	113	86	1	57633332001	16
18299	57633	22	113	87	1	57633837001	16
18300	57633	28	113	88	1	57633972001	16
18301	57633	29	114	88	1	57633001000	16
18302	57633	35	114	89	1	57633786000	16
18303	57634	2	111	84	1	57634939000	16
18304	57634	9	112	85	1	57634411001	16
18305	57634	10	113	85	1	57634448000	16
18306	57634	15	112	86	1	57634838000	16
18307	57634	17	114	86	1	57634187001	16
18308	57634	21	112	87	1	57634484000	16
18309	57634	23	114	87	1	57634431000	16
18310	57634	34	113	89	1	57634866000	16
18311	57635	3	112	84	1	57635529000	16
18312	57635	5	114	84	1	57635391001	16
18313	57635	8	111	85	1	57635609000	16
18314	57635	14	111	86	1	57635945000	16
18315	57635	27	112	88	1	57635175000	16
18316	57635	33	112	89	1	57635530000	16
18317	57636	1	110	84	1	57636744000	16
18318	57636	2	111	84	1	57636702001	16
18319	57636	9	112	85	1	57636842000	16
18320	57636	20	111	87	1	57636010001	16
18321	57636	21	112	87	1	57636246001	16
18322	57636	26	111	88	1	57636513001	16
18323	57636	27	112	88	1	57636748001	16
18324	57636	28	113	88	1	57636948000	16
18325	57637	0	109	84	1	57637892001	16
18326	57637	4	113	84	1	57637234000	16
18327	57637	7	110	85	1	57637165001	16
18328	57637	8	111	85	1	57637083000	16
18329	57637	13	110	86	1	57637476000	16
18330	57637	19	110	87	1	57637724000	16
18331	57637	20	111	87	1	57637721001	16
18332	57637	31	110	89	1	57637908001	16
18333	57637	32	111	89	1	57637115001	16
18334	57637	33	112	89	1	57637758000	16
18335	57638	6	109	85	1	57638300000	16
18336	57638	12	109	86	1	57638685001	16
18337	57638	14	111	86	1	57638643000	16
18338	57638	15	112	86	1	57638280001	16
18339	57638	18	109	87	1	57638714000	16
18340	57638	25	110	88	1	57638253000	16
18341	57638	26	111	88	1	57638167001	16
18342	57639	1	110	84	1	57639012001	15
18343	57639	24	109	88	1	57639024000	15
18344	57639	30	109	89	1	57639489001	15
18345	57639	31	110	89	1	57639596001	15
18346	57640	6	109	85	1	57640980001	15
18347	57640	7	110	85	1	57640132001	15
18348	57640	18	109	87	1	57640621001	15
18349	57641	13	110	86	1	57641933001	15
18350	57641	24	109	88	1	57641754000	15
18351	57641	30	109	89	1	57641754000	15
18352	57642	19	110	87	1	57642584001	15
18353	57647	25	110	88	1	57647876001	14
18354	57656	0	109	84	1	57656300000	12
18355	57710	16	113	86	1	57710738000	12
18356	57723	3	112	84	0	57723802000	17
18357	57726	15	112	86	0	57726649001	18
18358	57726	16	113	86	0	57726051001	18
18359	57729	26	111	88	0	57729969001	19
18360	57810	3	112	84	0	57810728001	28
18361	57874	24	109	88	0	57874464000	15
18362	57874	30	109	89	0	57874297001	15
18363	57874	31	110	89	0	57874955001	15
18364	57875	6	109	85	0	57875788001	15
18365	57875	12	109	86	0	57875554001	15
18366	57875	18	109	87	0	57875081001	15
18367	57875	19	110	87	0	57875766001	15
18368	57875	25	110	88	0	57875407001	15
18369	57875	26	111	88	0	57875878001	15
18370	57875	32	111	89	0	57875664000	15
18371	57876	0	109	84	0	57876282000	15
18372	57876	1	110	84	0	57876987001	15
18373	57876	7	110	85	0	57876565001	15
18374	57876	13	110	86	0	57876110001	15
18375	57876	14	111	86	0	57876798001	15
18376	57876	20	111	87	0	57876549001	15
18377	57876	24	109	88	0	57876807001	15
18378	57876	27	112	88	0	57876724001	15
18379	57876	33	112	89	0	57876471001	15
18380	57877	2	111	84	0	57877582000	15
18381	57877	8	111	85	0	57877506001	15
18382	57877	15	112	86	0	57877505001	15
18383	57877	21	112	87	0	57877119001	15
18384	57877	26	111	88	0	57877635001	15
18385	57877	28	113	88	0	57877583000	15
18386	57877	34	113	89	0	57877147001	15
18387	57877	35	114	89	0	57877778000	15
18388	57878	3	112	84	0	57878295001	15
18389	57878	9	112	85	0	57878058001	15
18390	57878	10	113	85	0	57878917000	14
18391	57878	14	111	86	0	57878756001	14
18392	57878	16	113	86	0	57878300001	15
18393	57878	18	109	87	0	57878083000	15
18394	57878	22	113	87	0	57878052001	15
18395	57878	23	114	87	0	57878733001	14
18396	57878	27	112	88	0	57878632001	14
18397	57878	29	114	88	0	57878348000	15
18398	57878	30	109	89	0	57878584000	15
18399	57879	2	111	84	0	57879957000	14
18400	57879	4	113	84	0	57879332000	14
18401	57879	11	114	85	0	57879662001	14
18402	57879	15	112	86	0	57879872000	14
18403	57879	17	114	86	0	57879292000	14
18404	57879	21	112	87	0	57879970001	14
18405	57879	34	113	89	0	57879478000	14
18406	57880	1	110	84	0	57880984001	14
18407	57880	3	112	84	0	57880769000	14
18408	57880	5	114	84	0	57880169001	14
18409	57880	16	113	86	0	57880392000	14
18410	57880	22	113	87	0	57880093000	14
18411	57880	25	110	88	0	57880906001	14
18412	57880	28	113	88	0	57880292001	14
18413	57880	29	114	88	0	57880292001	14
18414	57880	35	114	89	0	57880507001	14
18415	57881	4	113	84	0	57881937001	14
18416	57881	7	110	85	0	57881054000	14
18417	57881	8	111	85	0	57881673000	14
18418	57881	9	112	85	0	57881276001	14
18419	57881	19	110	87	0	57881926000	14
18420	57882	11	114	85	0	57882493001	14
18421	57882	30	109	89	0	57882842001	14
18422	57883	3	112	84	0	57883530001	14
18423	57883	31	110	89	0	57883462001	14
18424	57883	32	111	89	0	57883045001	14
18425	57885	12	109	86	0	57885986000	14
18426	57885	20	111	87	0	57885769001	14
18427	57885	24	109	88	0	57885983001	14
18428	57886	5	114	84	0	57886670001	14
18429	57887	23	114	87	0	57887630000	14
18430	57887	35	114	89	1	57887769000	14
18431	57888	30	109	89	1	57888977001	14
18432	57888	31	110	89	1	57888676000	14
18433	57888	33	112	89	1	57888752001	14
18434	57888	34	113	89	1	57888642000	14
18435	57889	32	111	89	1	57889003000	14
18436	57890	35	114	89	1	57890201000	14
18437	57891	24	109	88	1	57891447001	13
18438	57891	25	110	88	1	57891490000	13
18439	57891	26	111	88	1	57891900000	13
18440	57891	27	112	88	1	57891660000	13
18441	57891	28	113	88	1	57891603000	13
18442	57891	29	114	88	1	57891024000	14
18443	57891	31	110	89	1	57891693000	13
18444	57891	33	112	89	1	57891729001	13
18445	57891	34	113	89	1	57891571001	13
18446	57892	30	109	89	1	57892192001	13
18447	57892	32	111	89	1	57892201001	13
18448	57892	35	114	89	1	57892201001	13
18449	57893	23	114	87	1	57893958001	13
18450	57894	19	110	87	1	57894599001	13
18451	57894	22	113	87	1	57894599001	13
18452	57894	24	109	88	1	57894804001	13
18453	57894	27	112	88	1	57894877001	13
18454	57894	29	114	88	1	57894460001	13
18455	57895	21	112	87	1	57895523001	13
18456	57895	25	110	88	1	57895705000	13
18457	57895	26	111	88	1	57895166000	13
18458	57895	28	113	88	1	57895012001	13
18459	57896	3	112	84	0	57896380001	13
18460	57896	18	109	87	1	57896831000	13
18461	57896	20	111	87	1	57896007001	13
18462	57896	31	110	89	1	57896200001	13
18463	57897	23	114	87	1	57897780001	13
18464	57897	24	109	88	1	57897692000	13
18465	57897	26	111	88	1	57897906000	13
18466	57897	27	112	88	1	57897586000	13
18467	57898	19	110	87	1	57898060000	13
18468	57898	22	113	87	1	57898106001	13
18469	57898	29	114	88	1	57898244000	13
18470	57899	14	111	86	1	57899785001	13
18471	57899	16	113	86	1	57899059001	13
18472	57899	17	114	86	1	57899943001	13
18473	57899	21	112	87	1	57899338001	13
18474	57899	25	110	88	1	57899267001	13
18475	57900	15	112	86	1	57900146000	13
18476	57900	20	111	87	1	57900113000	13
18477	57900	22	113	87	1	57900947000	13
18478	57901	12	109	86	1	57901799001	13
18479	57901	13	110	86	1	57901296000	13
18480	57901	18	109	87	1	57901593000	13
18481	57901	23	114	87	1	57901422001	13
18482	57902	19	110	87	1	57902026000	13
18483	57902	21	112	87	1	57902456000	13
18484	57903	15	112	86	1	57903875001	13
18485	57903	16	113	86	1	57903877001	13
18486	57903	20	111	87	1	57903299000	13
18487	57903	30	109	89	1	57903358001	13
18488	57904	0	109	84	1	57904744001	13
18489	57904	11	114	85	1	57904752000	13
18490	57905	6	109	85	1	57905286000	13
18491	57905	7	110	85	1	57905582001	13
18492	57905	8	111	85	1	57905706001	13
18493	57905	9	112	85	1	57905303000	13
18494	57905	17	114	86	1	57905011000	13
18495	57906	1	110	84	1	57906160001	13
18496	57906	12	109	86	1	57906138001	13
18497	57906	14	111	86	1	57906556001	13
18498	57906	18	109	87	1	57906446000	13
18499	57907	2	111	84	1	57907971000	13
18500	57907	7	110	85	1	57907597001	13
18501	57907	10	113	85	1	57907095001	13
18502	57907	13	110	86	1	57907077000	13
18503	57908	1	110	84	1	57908163000	13
18504	57908	8	111	85	1	57908806001	13
18505	57908	16	113	86	1	57908556000	13
18506	57909	3	112	84	1	57909580000	13
18507	57909	6	109	85	1	57909655000	13
18508	57909	13	110	86	1	57909220000	13
18509	57909	14	111	86	1	57909943001	13
18510	57909	15	112	86	1	57909912000	13
18511	57910	2	111	84	1	57910211000	13
18512	57910	9	112	85	1	57910263000	13
18513	57910	17	114	86	1	57910135001	13
18514	57910	19	110	87	1	57910035001	13
18515	57911	4	113	84	1	57911651000	14
18516	57911	8	111	85	1	57911214000	13
18517	57912	3	112	84	1	57912155001	14
18518	57912	5	114	84	1	57912896000	14
18519	57912	9	112	85	1	57912482001	14
18520	57912	10	113	85	1	57912215000	14
18521	57913	4	113	84	1	57913650000	14
18522	57914	10	113	85	1	57914523000	14
18523	57914	11	114	85	1	57914269000	14
18524	57915	5	114	84	1	57915084000	14
18525	57916	11	114	85	1	57916928001	14
18526	57917	16	113	86	1	57917628001	14
18527	58391	29	114	88	0	58391852001	41
18528	58392	35	114	89	0	58392764001	41
18529	58465	24	109	88	0	58465797001	26
18530	58466	6	109	85	0	58466646001	26
18531	58466	12	109	86	0	58466112001	26
18532	58466	18	109	87	0	58466129001	26
18533	58467	0	109	84	0	58467062001	26
18534	58467	7	110	85	0	58467997001	26
18535	58467	13	110	86	0	58467528000	26
18536	58467	19	110	87	0	58467442000	26
18537	58467	25	110	88	0	58467472000	26
18538	58468	1	110	84	0	58468143001	26
18539	58468	12	109	86	0	58468413001	26
18540	58468	20	111	87	0	58468841001	25
18541	58468	24	109	88	0	58468842001	25
18542	58468	26	111	88	0	58468470001	26
18543	58469	1	110	84	0	58469997000	25
18544	58469	2	111	84	0	58469753001	25
18545	58469	6	109	85	0	58469412000	25
18546	58469	8	111	85	0	58469659000	25
18547	58469	14	111	86	0	58469033001	25
18548	58469	18	109	87	0	58469224001	25
18549	58469	27	112	88	0	58469997000	25
18550	58469	32	111	89	0	58469332001	25
18551	58470	0	109	84	0	58470372001	25
18552	58470	3	112	84	0	58470836000	25
18553	58470	7	110	85	0	58470323001	25
18554	58470	9	112	85	0	58470794001	25
18555	58470	13	110	86	0	58470389001	25
18556	58470	15	112	86	0	58470611000	25
18557	58470	19	110	87	0	58470377001	25
18558	58470	21	112	87	0	58470063001	25
18559	58470	26	111	88	0	58470385000	25
18560	58470	31	110	89	0	58470501001	25
18561	58470	33	112	89	0	58470004000	25
18562	58471	2	111	84	0	58471981001	25
18563	58471	8	111	85	0	58471905000	25
18564	58471	14	111	86	0	58471244001	25
18565	58471	16	113	86	0	58471803001	25
18566	58471	20	111	87	0	58471272001	25
18567	58471	21	112	87	0	58471960001	25
18568	58471	22	113	87	0	58471572001	25
18569	58471	25	110	88	0	58471482001	25
18570	58471	28	113	88	0	58471510001	25
18571	58471	34	113	89	0	58471269000	25
18572	58472	4	113	84	0	58472801000	24
18573	58472	10	113	85	0	58472384000	24
18574	58472	15	112	86	0	58472810001	24
18575	58472	23	114	87	0	58472765001	24
18576	58472	24	109	88	0	58472258001	24
18577	58472	27	112	88	0	58472275001	24
18578	58472	29	114	88	0	58472630001	24
18579	58472	35	114	89	0	58472695000	24
18580	58473	3	112	84	0	58473023001	24
18581	58473	7	110	85	0	58473888000	24
18582	58473	9	112	85	0	58473078000	24
18583	58473	11	114	85	0	58473837000	24
18584	58473	12	109	86	0	58473211000	24
18585	58473	16	113	86	0	58473789001	24
18586	58473	17	114	86	0	58473458001	24
18587	58473	22	113	87	0	58473703000	24
18588	58473	28	113	88	0	58473825000	24
18589	58473	32	111	89	0	58473256000	24
18590	58473	34	113	89	0	58473795001	24
18591	58474	5	114	84	0	58474322000	24
18592	58474	30	109	89	0	58474323001	24
18593	58474	33	112	89	0	58474998001	24
18594	58475	4	113	84	0	58475344000	24
18595	58475	10	113	85	0	58475132000	24
18596	58475	17	114	86	0	58475461001	24
18597	58475	23	114	87	0	58475156001	24
18598	58475	29	114	88	0	58475107001	24
18599	58475	31	110	89	0	58475876001	24
18600	58476	3	112	84	0	58476183000	23
18601	58476	11	114	85	0	58476045001	23
18602	58476	12	109	86	0	58476639000	23
18603	58476	26	111	88	0	58476311001	23
18604	58476	35	114	89	0	58476297000	23
18605	58477	5	114	84	0	58477260000	23
18606	58477	18	109	87	0	58477024001	23
18607	58477	24	109	88	0	58477733000	23
18608	58477	25	110	88	0	58477213000	23
18609	58477	30	109	89	0	58477993001	23
18610	58478	27	112	88	0	58478755000	23
18611	58478	32	111	89	0	58478332001	23
18612	58479	31	110	89	0	58479638001	22
18613	58480	34	113	89	0	58480351001	22
18614	58481	20	111	87	0	58481360001	22
18615	58481	24	109	88	0	58481818000	22
18616	58481	25	110	88	0	58481904001	22
18617	58481	27	112	88	0	58481851000	22
18618	58481	30	109	89	0	58481245000	22
18619	58481	33	112	89	0	58481583000	22
18620	58482	2	111	84	0	58482240000	22
18621	58482	22	113	87	0	58482677001	22
18622	58482	26	111	88	0	58482152001	22
18623	58482	35	114	89	0	58482965000	21
18624	58483	14	111	86	0	58483155001	21
18625	58483	16	113	86	0	58483862000	21
18626	58484	32	111	89	0	58484888001	21
18627	58485	30	109	89	0	58485452001	21
18628	58485	31	110	89	0	58485980001	21
18629	58485	33	112	89	0	58485626001	21
18630	58485	34	113	89	0	58485288001	21
18631	58486	24	109	88	0	58486216001	21
18632	58486	25	110	88	0	58486332000	21
18633	58487	11	114	85	0	58487482001	20
18634	58487	15	112	86	0	58487684000	20
18635	58487	35	114	89	0	58487075000	20
18636	58488	19	110	87	0	58488038000	20
18637	58490	30	109	89	0	58490676001	19
18638	58491	28	113	88	0	58491194000	19
18639	58491	31	110	89	0	58491902001	19
18640	58491	32	111	89	0	58491146000	19
18641	58492	3	112	84	0	58492999001	19
18642	58496	3	112	84	1	58496625001	18
18643	58496	23	114	87	0	58496581000	18
18644	58497	16	113	86	0	58497919001	18
18645	58499	0	109	84	1	58499523001	17
18646	58499	27	112	88	0	58499609000	17
18647	58499	29	114	88	0	58499521000	17
18648	58500	1	110	84	1	58500493000	17
18649	58500	6	109	85	1	58500279000	17
18650	58500	7	110	85	1	58500994000	17
18651	58500	12	109	86	1	58500883000	17
18652	58501	2	111	84	1	58501458001	17
18653	58501	13	110	86	1	58501756001	17
18654	58501	18	109	87	1	58501513000	17
18655	58501	24	109	88	1	58501976001	17
18656	58502	3	112	84	1	58502308001	17
18657	58502	8	111	85	1	58502089001	17
18658	58502	14	111	86	1	58502873001	16
18659	58502	19	110	87	1	58502423000	17
18660	58502	25	110	88	1	58502883001	16
18661	58502	30	109	89	1	58502633000	17
18662	58503	4	113	84	1	58503753000	16
18663	58503	9	112	85	1	58503260001	16
18664	58503	15	112	86	1	58503892001	16
18665	58503	20	111	87	1	58503502001	16
18666	58503	31	110	89	1	58503551000	16
18667	58504	5	114	84	1	58504392001	16
18668	58504	10	113	85	1	58504318001	16
18669	58504	16	113	86	1	58504695001	16
18670	58504	21	112	87	1	58504291001	16
18671	58504	26	111	88	1	58504010001	16
18672	58504	27	112	88	1	58504737000	16
18673	58504	32	111	89	1	58504777000	16
18674	58505	8	111	85	1	58505799001	16
18675	58505	11	114	85	1	58505259001	16
18676	58505	17	114	86	1	58505975000	16
18677	58505	22	113	87	1	58505593000	16
18678	58505	33	112	89	1	58505561001	16
18679	58506	23	114	87	1	58506296000	16
18680	58506	28	113	88	1	58506019001	16
18681	58506	29	114	88	1	58506912001	16
18682	58506	34	113	89	1	58506692000	16
18683	58507	35	114	89	1	58507368001	16
18684	58508	27	112	88	1	58508285000	15
18685	58539	35	114	89	1	58539706001	12
18686	58736	35	114	89	0	58736186000	9
18687	58748	35	114	89	1	58748887001	8
18688	58757	0	109	84	0	58757431001	9
18689	58975	24	109	88	0	58975730001	21
18690	58976	6	109	85	0	58976770000	20
18691	58976	12	109	86	0	58976320000	21
18692	58976	18	109	87	0	58976172000	21
18693	58976	25	110	88	0	58976999000	20
18694	58977	0	109	84	0	58977278001	20
18695	58977	1	110	84	0	58977985000	20
18696	58977	7	110	85	0	58977756001	20
18697	58977	13	110	86	0	58977417000	20
18698	58977	19	110	87	0	58977112000	20
18699	58977	26	111	88	0	58977710000	20
18700	58978	2	111	84	0	58978842001	20
18701	58978	8	111	85	0	58978857000	20
18702	58978	12	109	86	0	58978481000	20
18703	58978	14	111	86	0	58978337001	20
18704	58978	20	111	87	0	58978081000	20
18705	58978	21	112	87	0	58978944001	20
18706	58978	24	109	88	1	58978201001	20
18707	58978	27	112	88	0	58978783000	20
18708	58979	3	112	84	0	58979814000	20
18709	58979	6	109	85	0	58979767001	20
18710	58979	9	112	85	0	58979663000	20
18711	58979	15	112	86	0	58979222000	20
18712	58979	18	109	87	1	58979806001	20
18713	58979	19	110	87	1	58979812001	20
18714	58979	22	113	87	0	58979892000	20
18715	58979	25	110	88	1	58979712000	20
18716	58980	1	110	84	0	58980566001	20
18717	58980	2	111	84	0	58980692000	20
18718	58980	7	110	85	0	58980359000	20
18719	58980	10	113	85	0	58980740001	20
18720	58980	16	113	86	0	58980173001	20
18721	58980	20	111	87	1	58980740001	20
18722	58981	4	113	84	0	58981064000	20
18723	58981	8	111	85	0	58981179001	20
18724	58981	9	112	85	0	58981686001	20
18725	58981	11	114	85	0	58981511001	20
18726	58981	12	109	86	1	58981932000	20
18727	58981	13	110	86	1	58981505001	20
18728	58981	17	114	86	0	58981345000	20
18729	58981	21	112	87	1	58981288000	20
18730	58981	23	114	87	0	58981036000	20
18731	58982	3	112	84	0	58982239000	20
18732	58982	5	114	84	0	58982141001	20
18733	58982	14	111	86	1	58982698001	19
18734	58982	22	113	87	1	58982486001	19
18735	58983	4	113	84	0	58983692000	19
18736	58983	6	109	85	1	58983129000	19
18737	58983	7	110	85	1	58983029000	19
18738	58983	8	111	85	1	58983797001	19
18739	58983	13	110	86	1	58983921001	19
18740	58983	15	112	86	1	58983318001	19
18741	58983	16	113	86	1	58983940000	19
18742	58983	26	111	88	1	58983395000	19
18743	58984	9	112	85	1	58984727000	19
18744	58984	17	114	86	1	58984151001	19
18745	58985	6	109	85	1	58985634000	19
18746	58985	7	110	85	1	58985817001	19
18747	58985	8	111	85	1	58985882000	19
18748	58985	10	113	85	1	58985033000	19
18749	58986	0	109	84	1	58986360000	19
18750	58986	1	110	84	1	58986236000	19
18751	58986	2	111	84	1	58986190001	19
18752	58986	3	112	84	1	58986157000	19
18753	58986	4	113	84	1	58986493001	19
18754	58986	9	112	85	1	58986955001	19
18755	58986	11	114	85	1	58986227001	19
18756	58986	14	111	86	1	58986523000	19
18757	58987	5	114	84	1	58987501001	18
18758	58987	10	113	85	1	58987292001	18
18759	58988	1	110	84	1	58988778001	18
18760	58989	0	109	84	1	58989181000	18
18761	58989	2	111	84	1	58989202000	18
18762	58989	3	112	84	1	58989295001	18
18763	58989	4	113	84	1	58989503001	18
18764	58989	11	114	85	1	58989747001	18
18765	58990	5	114	84	1	58990304001	18
18766	58990	8	111	85	1	58990498000	18
18767	58992	1	110	84	1	58992849000	18
18768	59044	31	110	89	0	59044187001	16
18769	59045	24	109	88	0	59045059001	16
18770	59046	32	111	89	0	59046760000	16
18771	59048	26	111	88	0	59048063001	16
18772	59048	34	113	89	0	59048923000	16
18773	59049	33	112	89	0	59049013000	16
18774	59049	35	114	89	0	59049711000	16
18775	59052	27	112	88	0	59052766000	17
18776	59054	28	113	88	0	59054338000	17
18777	59055	29	114	88	0	59055367000	17
18778	59283	3	112	84	0	59283797000	24
18779	59283	4	113	84	0	59283037000	24
18780	59283	11	114	85	0	59283106000	24
18781	59286	10	113	85	0	59286890001	25
18782	59287	9	112	85	0	59287897000	25
18783	59287	17	114	86	0	59287052000	25
18784	59288	1	110	84	0	59288364000	25
18785	59289	16	113	86	0	59289047001	25
18786	59291	23	114	87	0	59291912001	26
18787	59292	15	112	86	0	59292090000	26
18788	59293	0	109	84	0	59293263001	26
18789	59293	3	112	84	1	59293725001	27
18790	59293	22	113	87	0	59293053000	26
18791	59295	7	110	85	0	59295584000	27
18792	59296	14	111	86	0	59296446000	27
18793	59297	21	112	87	0	59297565000	27
18794	59297	29	114	88	0	59297447000	27
18795	59298	1	110	84	1	59298420000	27
18796	59298	6	109	85	0	59298143001	27
18797	59298	15	112	86	1	59298969001	28
18798	59298	23	114	87	1	59298978000	28
18799	59303	13	110	86	0	59303516000	28
18800	59312	15	112	86	0	59312888000	30
18801	59312	23	114	87	0	59312528000	30
18802	59314	1	110	84	0	59314687000	30
18803	59318	3	112	84	0	59318733001	30
18804	59322	4	113	84	0	59322622001	31
18805	59324	5	114	84	0	59324486000	31
18806	59328	3	112	84	1	59328032000	31
18807	59411	24	109	88	0	59411754000	21
18808	59411	30	109	89	0	59411718001	21
18809	59412	6	109	85	0	59412998000	21
18810	59412	12	109	86	0	59412435000	21
18811	59412	18	109	87	0	59412398001	21
18812	59412	19	110	87	0	59412953000	21
18813	59412	25	110	88	0	59412877001	21
18814	59412	31	110	89	0	59412693000	21
18815	59413	0	109	84	0	59413131000	20
18816	59413	7	110	85	0	59413852000	20
18817	59413	13	110	86	0	59413544000	20
18818	59413	26	111	88	0	59413567000	20
18819	59413	32	111	89	0	59413493000	20
18820	59414	1	110	84	0	59414125001	20
18821	59414	2	111	84	0	59414884000	20
18822	59414	8	111	85	0	59414730000	20
18823	59414	14	111	86	0	59414408001	20
18824	59414	20	111	87	0	59414100000	20
18825	59414	24	109	88	0	59414085001	20
18826	59414	27	112	88	0	59414520001	20
18827	59414	33	112	89	0	59414451001	20
18828	59415	0	109	84	1	59415829000	20
18829	59415	1	110	84	1	59415793001	20
18830	59415	3	112	84	0	59415417000	20
18831	59415	6	109	85	1	59415107000	20
18832	59415	9	112	85	0	59415792001	20
18833	59415	15	112	86	0	59415363001	20
18834	59415	18	109	87	0	59415232000	20
18835	59415	19	110	87	0	59415430000	20
18836	59415	21	112	87	0	59415005001	20
18837	59415	22	113	87	0	59415876001	20
18838	59415	26	111	88	0	59415248000	20
18839	59415	28	113	88	0	59415594001	20
18840	59415	34	113	89	0	59415225000	20
18841	59415	35	114	89	0	59415963000	20
18842	59416	2	111	84	1	59416767000	20
18843	59416	4	113	84	0	59416924001	20
18844	59416	7	110	85	1	59416044001	20
18845	59416	10	113	85	0	59416592001	20
18846	59416	12	109	86	1	59416289000	20
18847	59416	13	110	86	1	59416902000	20
18848	59416	16	113	86	0	59416225001	20
18849	59416	20	111	87	0	59416791000	20
18850	59416	23	114	87	0	59416954000	20
18851	59416	27	112	88	0	59416607001	20
18852	59416	29	114	88	0	59416441000	20
18853	59416	30	109	89	0	59416412001	20
18854	59416	31	110	89	0	59416574001	20
18855	59417	3	112	84	1	59417853001	19
18856	59417	5	114	84	0	59417764000	19
18857	59417	8	111	85	1	59417395001	19
18858	59417	11	114	85	0	59417361001	19
18859	59417	17	114	86	0	59417281000	19
18860	59417	18	109	87	1	59417164001	19
18861	59417	19	110	87	1	59417993001	19
18862	59417	21	112	87	1	59417840001	19
18863	59417	22	113	87	0	59417805000	19
18864	59417	24	109	88	1	59417852001	19
18865	59417	25	110	88	0	59417777000	19
18866	59417	32	111	89	0	59417876000	19
18867	59417	34	113	89	0	59417606000	19
18868	59418	4	113	84	1	59418987000	19
18869	59418	9	112	85	1	59418649000	19
18870	59418	14	111	86	1	59418250000	19
18871	59418	28	113	88	0	59418183001	19
18872	59418	29	114	88	0	59418610000	19
18873	59418	30	109	89	1	59418901000	19
18874	59418	35	114	89	0	59418086000	19
18875	59419	10	113	85	1	59419699001	19
18876	59419	15	112	86	1	59419551001	19
18877	59419	20	111	87	1	59419338001	19
18878	59419	25	110	88	1	59419543000	19
18879	59419	31	110	89	1	59419799001	19
18880	59420	5	114	84	1	59420022000	19
18881	59420	11	114	85	1	59420909001	18
18882	59420	16	113	86	1	59420792000	19
18883	59420	21	112	87	1	59420291000	19
18884	59420	23	114	87	0	59420333001	19
18885	59420	26	111	88	1	59420143001	19
18886	59420	27	112	88	1	59420927000	18
18887	59421	17	114	86	1	59421821001	18
18888	59421	22	113	87	1	59421440000	18
18889	59421	32	111	89	1	59421036000	18
18890	59422	23	114	87	1	59422449001	18
18891	59422	28	113	88	1	59422237001	18
18892	59422	33	112	89	1	59422193000	18
18893	59423	29	114	88	1	59423248000	18
18894	59423	34	113	89	1	59423221001	18
18895	59424	27	112	88	1	59424593000	18
18896	59424	35	114	89	1	59424298000	18
18897	59429	35	114	89	1	59429360000	16
18898	59431	29	114	88	1	59431155000	16
18899	59476	3	112	84	0	59476822001	13
18900	59485	35	114	89	0	59485123000	14
