event_id	cycle	source	x	y	polarity	occurrence_timestamp_ns	theta_idx
0	3056	3	112	84	0	3056529001	11
1	3350	3	112	84	0	3350847001	12
2	3382	8	109	86	0	3382886000	11
3	4091	3	112	84	0	4091502001	5
4	4101	11	112	86	0	4101324001	5
5	4106	15	112	87	0	4106671000	6
6	4139	0	109	84	0	4139117000	7
7	4141	1	110	84	0	4141665000	7
8	4143	0	109	84	0	4143253001	7
9	4144	1	110	84	0	4144189001	7
10	4144	2	111	84	0	4144696000	7
11	4144	4	109	85	0	4144125000	7
12	4146	5	110	85	0	4146523001	7
13	4147	1	110	84	0	4147501001	7
14	4147	2	111	84	0	4147185000	7
15	4147	8	109	86	0	4147559001	7
16	4148	3	112	84	0	4148074001	7
17	4148	4	109	85	0	4148702000	7
18	4148	5	110	85	0	4148676001	7
19	4149	6	111	85	0	4149701000	7
20	4150	3	112	84	0	4150735001	7
21	4150	8	109	86	0	4150233000	7
22	4150	9	110	86	0	4150743001	7
23	4151	0	109	84	1	4151164001	7
24	4151	2	111	84	0	4151782001	7
25	4151	5	110	85	0	4151889001	7
26	4151	7	112	85	0	4151871000	7
27	4152	6	111	85	0	4152698001	7
28	4152	12	109	87	0	4152895001	7
29	4153	3	112	84	0	4153700001	7
30	4153	9	110	86	0	4153745001	7
31	4153	10	111	86	0	4153643000	7
32	4154	7	112	85	0	4154333001	7
33	4155	4	109	85	1	4155189000	7
34	4155	13	110	87	0	4155358000	7
35	4156	2	111	84	0	4156417001	7
36	4156	10	111	86	0	4156661000	7
37	4156	12	109	87	0	4156549001	7
38	4157	1	110	84	1	4157755001	7
39	4157	6	111	85	0	4157102001	7
40	4157	7	112	85	0	4157439000	7
41	4157	9	110	86	0	4157355000	7
42	4157	11	112	86	0	4157252000	7
43	4158	3	112	84	0	4158439001	7
44	4158	13	110	87	0	4158973000	7
45	4158	14	111	87	0	4158405001	7
46	4159	8	109	86	1	4159004000	7
47	4159	10	111	86	0	4159752001	7
48	4160	1	110	84	1	4160939000	8
49	4160	11	112	86	0	4160609001	7
50	4161	5	110	85	1	4161843001	8
51	4161	14	111	87	0	4161957001	8
52	4161	15	112	87	0	4161466001	8
53	4162	7	112	85	0	4162116001	8
54	4163	12	109	87	1	4163829000	8
55	4164	11	112	86	0	4164518001	8
56	4164	15	112	87	0	4164052001	8
57	4165	5	110	85	1	4165244001	8
58	4165	9	110	86	1	4165312000	8
59	4165	10	111	86	0	4165600001	8
60	4165	14	111	87	0	4165574000	8
61	4166	2	111	84	1	4166889001	8
62	4166	4	109	85	1	4166027000	8
63	4167	15	112	87	0	4167139000	8
64	4168	0	109	84	1	4168331001	8
65	4168	9	110	86	1	4168947000	8
66	4170	2	111	84	1	4170984001	8
67	4170	13	110	87	1	4170763001	8
68	4170	15	112	87	0	4170644000	8
69	4171	1	110	84	1	4171994001	8
70	4171	6	111	85	1	4171514001	8
71	4171	11	112	86	0	4171405000	8
72	4172	10	111	86	1	4172808000	8
73	4174	3	112	84	1	4174637001	8
74	4174	8	109	86	1	4174752001	8
75	4175	6	111	85	1	4175405001	8
76	4175	13	110	87	1	4175993001	8
77	4177	10	111	86	1	4177241000	8
78	4178	9	110	86	1	4178038001	8
79	4179	2	111	84	1	4179245001	8
80	4179	7	112	85	1	4179833001	8
81	4180	3	112	84	1	4180010000	8
82	4180	14	111	87	1	4180413001	8
83	4182	10	111	86	1	4182120001	8
84	4182	11	112	86	1	4182689000	8
85	4183	5	110	85	1	4183851001	8
86	4183	6	111	85	1	4183323001	8
87	4184	7	112	85	1	4184539001	8
88	4184	14	111	87	1	4184965001	8
89	4185	3	112	84	1	4185323001	8
90	4187	11	112	86	1	4187728000	9
91	4188	7	112	85	1	4188682000	9
92	4188	15	112	87	1	4188492000	9
93	4189	3	112	84	0	4189158000	9
94	4191	3	112	84	0	4191821001	9
95	4191	11	112	86	1	4191499000	9
96	4192	2	111	84	0	4192696001	9
97	4193	15	112	87	1	4193918000	9
98	4195	2	111	84	0	4195496001	9
99	4195	7	112	85	0	4195247001	9
100	4196	1	110	84	0	4196183001	9
101	4196	3	112	84	0	4196062001	9
102	4197	7	112	85	0	4197997001	9
103	4199	0	109	84	0	4199758000	9
104	4199	1	110	84	0	4199514001	9
105	4199	2	111	84	0	4199196001	9
106	4199	6	111	85	0	4199339001	9
107	4200	15	112	87	1	4200137001	9
108	4201	3	112	84	0	4201247000	9
109	4202	0	109	84	0	4202786000	9
110	4202	5	110	85	0	4202193001	9
111	4202	7	112	85	0	4202480001	9
112	4202	11	112	86	0	4202209000	9
113	4203	2	111	84	0	4203489001	9
114	4203	6	111	85	0	4203245000	9
115	4204	1	110	84	0	4204215001	9
116	4204	3	112	84	0	4204871001	9
117	4204	5	110	85	0	4204695001	9
118	4205	7	112	85	0	4205964001	9
119	4205	10	111	86	0	4205501001	9
120	4206	4	109	85	0	4206798000	9
121	4206	11	112	86	0	4206973001	9
122	4206	15	112	87	0	4206115001	9
123	4208	0	109	84	0	4208495000	9
124	4208	5	110	85	0	4208411001	9
125	4208	6	111	85	0	4208843001	9
126	4208	9	110	86	0	4208128001	9
127	4208	10	111	86	0	4208842001	9
128	4208	15	112	87	0	4208711001	9
129	4209	1	110	84	0	4209022001	9
130	4210	4	109	85	0	4210704000	9
131	4211	2	111	84	0	4211508001	9
132	4211	7	112	85	0	4211800000	9
133	4211	8	109	86	0	4211069001	9
134	4211	9	110	86	0	4211436000	9
135	4211	10	111	86	0	4211959000	9
136	4211	14	111	87	0	4211729001	9
137	4212	11	112	86	0	4212242000	9
138	4212	15	112	87	0	4212505000	9
139	4213	5	110	85	0	4213595001	9
140	4213	8	109	86	0	4213619001	9
141	4214	14	111	87	0	4214748000	9
142	4215	4	109	85	0	4215424000	9
143	4215	9	110	86	0	4215704000	9
144	4215	13	110	87	0	4215007000	9
145	4216	0	109	84	0	4216191001	9
146	4216	15	112	87	0	4216879000	9
147	4217	8	109	86	0	4217637000	9
148	4218	13	110	87	0	4218259000	9
149	4219	12	109	87	0	4219292000	9
150	4219	14	111	87	0	4219453001	9
151	4220	9	110	86	0	4220494000	9
152	4221	10	111	86	0	4221223001	9
153	4222	0	109	84	1	4222967001	10
154	4222	8	109	86	0	4222681001	10
155	4223	1	110	84	1	4223220001	10
156	4223	2	111	84	1	4223178001	10
157	4223	3	112	84	1	4223606000	10
158	4223	12	109	87	0	4223351001	10
159	4223	13	110	87	0	4223144001	10
160	4225	1	110	84	1	4225489000	10
161	4226	0	109	84	1	4226038000	10
162	4226	2	111	84	1	4226138000	10
163	4226	3	112	84	1	4226515000	10
164	4227	12	109	87	0	4227690000	10
165	4229	4	109	85	1	4229720001	10
166	4229	5	110	85	1	4229879001	10
167	4229	6	111	85	1	4229475001	10
168	4229	7	112	85	1	4229600001	10
169	4232	4	109	85	1	4232676001	10
170	4232	5	110	85	1	4232897001	10
171	4232	6	111	85	1	4232249000	10
172	4232	7	112	85	1	4232437001	10
173	4233	1	110	84	1	4233683000	10
174	4235	8	109	86	1	4235758001	10
175	4235	9	110	86	1	4235125000	10
176	4235	10	111	86	1	4235666001	10
177	4235	11	112	86	1	4235999000	10
178	4237	9	110	86	1	4237887001	10
179	4238	6	111	85	1	4238318000	10
180	4238	10	111	86	1	4238524001	10
181	4238	11	112	86	1	4238945001	10
182	4239	2	111	84	1	4239387001	10
183	4239	8	109	86	1	4239289000	10
184	4241	13	110	87	1	4241958000	10
185	4241	15	112	87	1	4241891000	10
186	4242	7	112	85	1	4242850001	10
187	4242	12	109	87	1	4242433001	10
188	4242	14	111	87	1	4242184001	10
189	4244	13	110	87	1	4244976001	10
190	4244	14	111	87	1	4244843000	10
191	4244	15	112	87	1	4244912000	10
192	4245	9	110	86	1	4245490000	10
193	4245	12	109	87	1	4245149001	10
194	4248	5	110	85	1	4248524000	10
195	4251	14	111	87	1	4251819001	10
196	4252	10	111	86	1	4252721001	10
197	4253	15	112	87	1	4253054000	10
198	4257	0	109	84	1	4257066001	10
199	4258	13	110	87	1	4258421001	11
200	4277	11	112	86	1	4277810000	11
201	4528	15	112	87	0	4528714001	11
202	4529	13	110	87	0	4529572001	11
203	4529	14	111	87	0	4529716001	11
204	4530	12	109	87	0	4530776000	10
205	4530	15	112	87	1	4530769000	10
206	4531	11	112	86	0	4531801001	10
207	4531	14	111	87	0	4531943001	10
208	4532	9	110	86	0	4532626001	10
209	4532	10	111	86	0	4532507000	10
210	4532	13	110	87	0	4532153001	10
211	4533	8	109	86	0	4533081000	10
212	4533	11	112	86	0	4533968001	10
213	4533	12	109	87	0	4533683000	10
214	4533	15	112	87	0	4533227000	10
215	4534	7	112	85	0	4534921001	10
216	4534	9	110	86	0	4534681000	10
217	4534	10	111	86	1	4534513001	10
218	4535	5	110	85	0	4535683000	10
219	4535	8	109	86	0	4535411000	10
220	4536	4	109	85	0	4536595001	10
221	4536	6	111	85	0	4536062001	10
222	4536	11	112	86	0	4536234001	10
223	4536	14	111	87	0	4536948000	10
224	4537	5	110	85	0	4537931001	10
225	4537	7	112	85	0	4537119001	10
226	4537	10	111	86	0	4537582001	10
227	4538	1	110	84	0	4538653000	10
228	4538	2	111	84	0	4538082000	10
229	4538	3	112	84	0	4538809001	10
230	4538	6	111	85	0	4538434000	10
231	4539	0	109	84	0	4539079001	10
232	4539	2	111	84	0	4539992001	10
233	4539	4	109	85	0	4539235001	10
234	4539	7	112	85	0	4539625001	10
235	4539	9	110	86	0	4539329000	10
236	4540	1	110	84	0	4540738001	10
237	4540	3	112	84	0	4540804001	10
238	4540	5	110	85	0	4540637000	10
239	4540	12	109	87	1	4540602000	10
240	4541	0	109	84	0	4541465000	10
241	4542	2	111	84	0	4542121001	10
242	4542	13	110	87	1	4542740001	10
243	4543	3	112	84	0	4543221000	10
244	4543	8	109	86	1	4543918001	10
245	4543	12	109	87	1	4543035000	10
246	4543	14	111	87	1	4543935001	10
247	4545	1	110	84	0	4545807000	10
248	4545	9	110	86	1	4545299000	10
249	4545	13	110	87	1	4545362001	10
250	4546	4	109	85	1	4546515000	10
251	4546	5	110	85	1	4546969001	10
252	4546	8	109	86	1	4546619000	10
253	4546	10	111	86	1	4546936000	10
254	4546	14	111	87	1	4546858000	10
255	4546	15	112	87	1	4546507001	10
256	4547	9	110	86	1	4547977000	10
257	4548	11	112	86	1	4548721001	9
258	4549	0	109	84	1	4549880001	9
259	4549	4	109	85	1	4549206001	9
260	4549	10	111	86	1	4549771000	9
261	4549	15	112	87	1	4549049000	9
262	4550	1	110	84	1	4550127000	9
263	4550	5	110	85	1	4550395001	9
264	4550	6	111	85	1	4550687000	9
265	4551	7	112	85	1	4551352001	9
266	4552	0	109	84	1	4552486001	9
267	4552	2	111	84	1	4552726000	9
268	4552	11	112	86	1	4552185001	9
269	4553	1	110	84	1	4553221001	9
270	4553	6	111	85	1	4553065000	9
271	4553	15	112	87	0	4553949000	9
272	4554	3	112	84	1	4554384000	9
273	4554	5	110	85	1	4554671000	9
274	4554	7	112	85	1	4554441001	9
275	4555	1	110	84	1	4555966001	9
276	4555	2	111	84	1	4555826000	9
277	4556	11	112	86	0	4556975001	9
278	4556	15	112	87	0	4556462000	9
279	4557	3	112	84	1	4557401000	9
280	4560	11	112	86	0	4560047001	9
281	4560	15	112	87	0	4560726000	9
282	4561	7	112	85	0	4561171001	9
283	4561	14	111	87	0	4561763000	9
284	4563	3	112	84	0	4563207001	9
285	4563	11	112	86	0	4563706000	9
286	4564	7	112	85	0	4564601000	8
287	4564	10	111	86	0	4564616001	8
288	4564	14	111	87	0	4564777000	8
289	4566	3	112	84	0	4566328000	8
290	4567	10	111	86	0	4567879001	8
291	4568	6	111	85	0	4568431001	8
292	4568	7	112	85	0	4568363001	8
293	4568	11	112	86	0	4568979000	8
294	4568	14	111	87	0	4568207001	8
295	4568	15	112	87	0	4568991001	8
296	4569	3	112	84	0	4569550000	8
297	4571	10	111	86	0	4571779000	8
298	4571	13	110	87	0	4571599000	8
299	4572	2	111	84	0	4572488000	8
300	4572	6	111	85	0	4572008000	8
301	4573	15	112	87	1	4573580000	8
302	4574	3	112	84	0	4574237000	8
303	4575	2	111	84	0	4575790001	8
304	4575	5	110	85	0	4575704001	8
305	4575	9	110	86	0	4575510001	8
306	4575	11	112	86	1	4575587000	8
307	4575	13	110	87	0	4575596001	8
308	4576	14	111	87	1	4576981000	8
309	4576	15	112	87	1	4576177001	8
310	4579	7	112	85	1	4579897000	7
311	4579	11	112	86	1	4579587000	8
312	4579	14	111	87	1	4579383000	8
313	4580	2	111	84	0	4580377000	7
314	4580	5	110	85	0	4580944000	7
315	4580	10	111	86	1	4580533000	7
316	4580	15	112	87	1	4580649001	7
317	4581	1	110	84	0	4581787001	7
318	4581	13	110	87	1	4581375001	7
319	4583	3	112	84	1	4583520000	7
320	4583	7	112	85	1	4583064000	7
321	4583	10	111	86	1	4583465001	7
322	4584	11	112	86	1	4584498000	7
323	4585	6	111	85	1	4585011001	7
324	4586	9	110	86	1	4586034001	7
325	4587	1	110	84	0	4587142000	7
326	4587	3	112	84	1	4587279000	7
327	4587	6	111	85	1	4587251001	7
328	4587	7	112	85	1	4587046001	7
329	4588	2	111	84	1	4588142001	7
330	4589	5	110	85	1	4589949001	7
331	4591	2	111	84	1	4591155001	7
332	4592	3	112	84	1	4592547000	7
333	4593	1	110	84	1	4593549000	7
334	4621	11	112	86	0	4621880001	5
335	4629	3	112	84	0	4629329001	5
336	4969	12	109	87	0	4969536001	7
337	4972	8	109	86	0	4972192000	8
338	4972	12	109	87	0	4972746001	8
339	4973	13	110	87	0	4973596001	8
340	4975	8	109	86	0	4975065001	8
341	4976	13	110	87	0	4976501000	8
342	4977	4	109	85	0	4977915000	8
343	4977	8	109	86	0	4977652000	8
344	4977	9	110	86	0	4977758001	8
345	4977	12	109	87	0	4977224000	8
346	4979	14	111	87	0	4979722000	8
347	4980	9	110	86	0	4980669000	8
348	4980	13	110	87	0	4980562000	8
349	4981	0	109	84	0	4981750001	8
350	4981	4	109	85	0	4981328001	8
351	4981	8	109	86	0	4981617000	8
352	4982	5	110	85	0	4982110000	8
353	4982	12	109	87	0	4982675001	8
354	4982	14	111	87	0	4982980001	8
355	4983	10	111	86	0	4983858001	8
356	4983	15	112	87	0	4983145001	8
357	4984	9	110	86	0	4984224001	8
358	4985	0	109	84	0	4985026001	8
359	4985	4	109	85	0	4985613001	8
360	4985	5	110	85	0	4985437001	8
361	4985	13	110	87	0	4985304000	8
362	4985	14	111	87	0	4985628001	8
363	4986	8	109	86	0	4986352000	8
364	4986	15	112	87	0	4986954001	8
365	4987	1	110	84	0	4987688001	8
366	4987	5	110	85	0	4987927000	8
367	4987	9	110	86	0	4987868000	8
368	4987	10	111	86	0	4987110001	8
369	4988	0	109	84	0	4988026001	8
370	4988	11	112	86	0	4988945001	8
371	4989	6	111	85	0	4989667001	8
372	4989	14	111	87	0	4989327000	8
373	4989	15	112	87	0	4989860000	8
374	4990	1	110	84	0	4990630000	8
375	4990	10	111	86	0	4990297001	8
376	4991	11	112	86	0	4991921001	8
377	4992	0	109	84	0	4992686000	8
378	4992	4	109	85	0	4992891000	8
379	4992	5	110	85	0	4992489000	8
380	4992	6	111	85	0	4992785001	8
381	4992	9	110	86	0	4992836001	8
382	4992	15	112	87	0	4992802001	8
383	4993	1	110	84	0	4993743001	8
384	4993	2	111	84	0	4993075001	8
385	4993	14	111	87	0	4993454000	8
386	4994	7	112	85	0	4994422000	8
387	4994	10	111	86	0	4994662001	8
388	4994	11	112	86	0	4994480000	8
389	4996	2	111	84	0	4996073000	8
390	4996	6	111	85	0	4996518001	8
391	4996	15	112	87	0	4996136000	8
392	4997	1	110	84	0	4997383000	8
393	4997	7	112	85	0	4997392001	8
394	4997	11	112	86	0	4997598000	8
395	4998	2	111	84	0	4998661001	8
396	4998	3	112	84	0	4998771001	8
397	4998	15	112	87	0	4998603000	8
398	5000	6	111	85	0	5000087001	8
399	5000	7	112	85	0	5000612000	8
400	5002	2	111	84	0	5002502000	9
401	5002	3	112	84	0	5002027001	9
402	5002	11	112	86	0	5002060000	9
403	5003	7	112	85	0	5003854001	9
404	5004	3	112	84	0	5004922001	9
405	5007	3	112	84	0	5007697000	9
406	5008	2	111	84	0	5008201000	9
407	5010	3	112	84	0	5010741000	9
408	5012	7	112	85	0	5012307000	9
409	5018	3	112	84	0	5018836000	9
410	5019	14	111	87	1	5019573001	9
411	5019	15	112	87	1	5019665000	9
412	5020	13	110	87	1	5020885000	9
413	5022	12	109	87	1	5022838000	9
414	5024	14	111	87	1	5024459000	9
415	5024	15	112	87	1	5024926001	9
416	5025	11	112	86	1	5025885000	9
417	5025	13	110	87	1	5025811001	9
418	5026	10	111	86	1	5026885000	9
419	5027	8	109	86	1	5027918000	9
420	5027	9	110	86	1	5027900000	9
421	5027	12	109	87	1	5027608001	9
422	5027	14	111	87	1	5027537000	9
423	5027	15	112	87	1	5027932000	9
424	5028	13	110	87	1	5028976000	9
425	5030	7	112	85	1	5030783000	9
426	5030	11	112	86	1	5030504001	9
427	5030	12	109	87	1	5030958001	9
428	5031	10	111	86	1	5031951000	9
429	5032	5	110	85	1	5032856000	9
430	5032	6	111	85	1	5032551001	9
431	5032	9	110	86	1	5032542000	9
432	5033	4	109	85	1	5033204001	9
433	5033	8	109	86	1	5033435001	9
434	5033	11	112	86	1	5033538000	9
435	5035	7	112	85	1	5035866000	9
436	5035	9	110	86	1	5035910001	9
437	5035	10	111	86	1	5035712000	9
438	5036	3	112	84	1	5036941000	9
439	5036	8	109	86	1	5036496000	9
440	5037	5	110	85	1	5037465001	9
441	5037	6	111	85	1	5037765000	9
442	5038	2	111	84	1	5038497000	9
443	5038	4	109	85	1	5038086000	9
444	5039	1	110	84	1	5039825001	9
445	5039	7	112	85	1	5039038001	9
446	5040	0	109	84	1	5040354001	9
447	5040	6	111	85	1	5040365001	9
448	5041	4	109	85	1	5041549000	9
449	5041	5	110	85	1	5041100000	9
450	5042	3	112	84	1	5042697001	10
451	5043	2	111	84	1	5043209001	10
452	5045	1	110	84	1	5045553001	10
453	5046	0	109	84	1	5046564000	10
454	5046	2	111	84	1	5046934000	10
455	5046	3	112	84	1	5046467000	10
456	5048	1	110	84	1	5048708001	10
457	5049	0	109	84	1	5049836000	10
458	5050	5	110	85	1	5050309000	10
459	5057	4	109	85	1	5057090000	10
460	5064	2	111	84	1	5064835000	10
461	5149	5	110	85	0	5149430000	11
462	5157	2	111	84	0	5157681000	11
463	5435	2	111	84	0	5435818001	12
464	5435	3	112	84	0	5435317001	12
465	5442	7	112	85	0	5442457001	12
466	5443	8	109	86	0	5443904000	12
467	5445	9	110	86	0	5445229001	12
468	5446	11	112	86	0	5446589000	12
469	5450	13	110	87	0	5450413001	11
470	5451	15	112	87	0	5451050000	11
471	5480	0	109	84	0	5480931001	10
472	5481	1	110	84	0	5481402000	10
473	5482	2	111	84	0	5482182001	10
474	5482	3	112	84	0	5482878000	10
475	5484	0	109	84	0	5484594001	10
476	5484	1	110	84	0	5484326000	10
477	5484	2	111	84	0	5484805001	10
478	5484	4	109	85	0	5484753001	10
479	5485	5	110	85	0	5485390000	10
480	5486	3	112	84	0	5486412001	10
481	5486	6	111	85	0	5486220000	10
482	5487	4	109	85	0	5487599000	10
483	5487	5	110	85	0	5487921000	10
484	5487	7	112	85	0	5487024001	10
485	5488	1	110	84	0	5488016001	10
486	5488	2	111	84	0	5488192001	10
487	5488	8	109	86	0	5488681000	10
488	5489	0	109	84	0	5489310000	10
489	5489	3	112	84	0	5489266001	10
490	5489	6	111	85	0	5489298001	10
491	5489	7	112	85	0	5489783000	10
492	5489	9	110	86	0	5489236001	10
493	5489	10	111	86	0	5489423000	10
494	5490	5	110	85	0	5490879000	10
495	5490	11	112	86	0	5490661000	10
496	5491	4	109	85	0	5491230001	10
497	5491	8	109	86	0	5491430001	10
498	5492	6	111	85	0	5492574001	10
499	5492	9	110	86	0	5492759000	10
500	5492	10	111	86	0	5492132001	10
501	5492	12	109	87	0	5492537000	10
502	5493	7	112	85	0	5493262001	10
503	5493	11	112	86	0	5493262001	10
504	5493	13	110	87	0	5493544000	10
505	5493	14	111	87	0	5493765000	10
506	5494	2	111	84	0	5494195001	10
507	5494	8	109	86	0	5494000000	10
508	5494	15	112	87	0	5494726000	10
509	5495	11	112	86	0	5495906001	10
510	5496	9	110	86	0	5496181000	10
511	5496	10	111	86	0	5496023001	10
512	5496	12	109	87	0	5496237001	10
513	5496	13	110	87	0	5496649001	10
514	5496	14	111	87	0	5496881001	9
515	5497	8	109	86	0	5497555001	9
516	5497	15	112	87	0	5497291001	9
517	5498	11	112	86	0	5498553001	9
518	5500	5	110	85	0	5500610001	9
519	5500	12	109	87	0	5500109001	9
520	5500	14	111	87	0	5500191001	9
521	5500	15	112	87	0	5500418000	9
522	5501	13	110	87	0	5501065001	9
523	5512	8	109	86	0	5512593000	9
524	5512	15	112	87	0	5512028001	9
525	5531	3	112	84	1	5531507001	8
526	5535	3	112	84	1	5535163001	8
527	5535	7	112	85	1	5535886001	8
528	5536	2	111	84	1	5536845000	8
529	5538	3	112	84	1	5538262000	8
530	5538	11	112	86	1	5538440001	8
531	5539	7	112	85	1	5539568000	8
532	5540	2	111	84	1	5540315000	8
533	5540	6	111	85	1	5540388000	8
534	5541	1	110	84	1	5541684000	8
535	5542	7	112	85	1	5542652001	8
536	5542	11	112	86	1	5542995001	8
537	5542	15	112	87	1	5542995001	8
538	5543	2	111	84	1	5543975000	8
539	5543	6	111	85	1	5543580000	8
540	5544	10	111	86	1	5544048000	8
541	5545	0	109	84	1	5545773001	8
542	5545	1	110	84	1	5545322000	8
543	5545	5	110	85	1	5545076001	8
544	5545	6	111	85	1	5545824000	8
545	5546	11	112	86	1	5546118000	8
546	5546	15	112	87	1	5546340001	8
547	5548	1	110	84	1	5548088000	8
548	5548	5	110	85	1	5548583001	8
549	5548	9	110	86	1	5548866000	8
550	5548	10	111	86	1	5548191000	8
551	5548	14	111	87	1	5548067000	8
552	5548	15	112	87	1	5548892000	8
553	5549	0	109	84	1	5549618000	7
554	5549	4	109	85	1	5549885000	7
555	5551	5	110	85	1	5551365001	7
556	5551	14	111	87	1	5551824000	7
557	5552	0	109	84	1	5552855001	7
558	5552	9	110	86	1	5552638001	7
559	5552	13	110	87	1	5552034000	7
560	5553	4	109	85	1	5553594001	7
561	5553	8	109	86	1	5553549000	7
562	5553	10	111	86	1	5553716001	7
563	5555	9	110	86	1	5555521000	7
564	5555	14	111	87	1	5555448001	7
565	5556	4	109	85	1	5556717000	7
566	5556	12	109	87	1	5556717000	7
567	5556	13	110	87	1	5556053001	7
568	5557	8	109	86	1	5557872000	7
569	5557	15	112	87	1	5557694001	7
570	5559	13	110	87	1	5559120000	7
571	5560	12	109	87	1	5560855000	7
572	5564	12	109	87	1	5564390000	7
573	5565	8	109	86	1	5565237000	7
574	5576	6	111	85	1	5576773000	7
575	5578	5	110	85	1	5578084001	7
576	5822	15	112	87	0	5822849001	6
577	6343	3	112	84	0	6343376000	6
578	6570	12	109	87	0	6570900001	5
579	6573	8	109	86	0	6573668001	5
580	6574	12	109	87	0	6574546001	5
581	6576	13	110	87	0	6576063001	6
582	6577	8	109	86	0	6577283001	6
583	6579	8	109	86	0	6579896001	6
584	6579	9	110	86	0	6579584001	6
585	6579	12	109	87	0	6579051000	6
586	6579	13	110	87	0	6579217000	6
587	6580	4	109	85	0	6580445001	6
588	6581	14	111	87	0	6581742001	6
589	6583	4	109	85	0	6583712001	6
590	6583	9	110	86	0	6583072001	6
591	6583	13	110	87	0	6583407001	6
592	6584	5	110	85	0	6584484000	6
593	6584	8	109	86	0	6584564001	6
594	6585	0	109	84	0	6585018001	6
595	6585	9	110	86	0	6585825000	6
596	6585	12	109	87	0	6585734000	6
597	6585	14	111	87	0	6585041001	6
598	6585	15	112	87	0	6585525001	6
599	6586	10	111	86	0	6586518001	6
600	6587	5	110	85	0	6587718000	6
601	6588	0	109	84	0	6588721000	6
602	6588	4	109	85	0	6588692001	6
603	6588	8	109	86	0	6588671001	6
604	6588	13	110	87	0	6588656000	6
605	6588	14	111	87	0	6588566000	6
606	6589	1	110	84	0	6589225000	6
607	6589	9	110	86	0	6589736001	6
608	6589	10	111	86	0	6589793000	6
609	6589	15	112	87	0	6589266001	6
610	6590	5	110	85	0	6590280000	6
611	6590	11	112	86	0	6590012001	6
612	6591	6	111	85	0	6591907000	6
613	6591	15	112	87	0	6591707000	6
614	6592	1	110	84	0	6592649001	6
615	6592	14	111	87	0	6592704001	6
616	6593	0	109	84	0	6593855001	6
617	6594	5	110	85	0	6594792001	6
618	6594	6	111	85	0	6594581001	6
619	6594	10	111	86	0	6594834000	6
620	6594	11	112	86	0	6594638000	6
621	6595	2	111	84	0	6595002001	6
622	6595	7	112	85	0	6595427001	6
623	6595	9	110	86	0	6595991001	6
624	6596	1	110	84	0	6596425000	6
625	6596	4	109	85	0	6596478001	6
626	6597	11	112	86	0	6597899001	6
627	6597	15	112	87	0	6597618001	6
628	6598	2	111	84	0	6598363000	6
629	6598	3	112	84	0	6598350000	6
630	6598	6	111	85	0	6598262001	6
631	6598	7	112	85	0	6598879000	6
632	6599	5	110	85	0	6599588001	6
633	6599	10	111	86	0	6599587000	6
634	6600	14	111	87	0	6600102000	6
635	6601	0	109	84	0	6601762001	6
636	6601	1	110	84	0	6601092001	6
637	6601	2	111	84	0	6601008000	6
638	6601	11	112	86	0	6601475001	6
639	6601	15	112	87	0	6601302001	6
640	6602	3	112	84	0	6602927001	6
641	6602	6	111	85	0	6602521000	6
642	6602	7	112	85	0	6602149001	6
643	6604	2	111	84	0	6604746000	6
644	6605	3	112	84	0	6605509001	6
645	6606	7	112	85	0	6606584001	6
646	6606	11	112	86	0	6606668000	6
647	6608	2	111	84	0	6608504000	6
648	6609	3	112	84	0	6609203001	6
649	6614	3	112	84	0	6614218001	7
650	6617	3	112	84	0	6617223000	7
651	6634	7	112	85	0	6634417000	7
652	6640	10	111	86	0	6640635000	8
653	6672	14	111	87	1	6672996001	9
654	6672	15	112	87	1	6672275000	9
655	6673	13	110	87	1	6673809001	9
656	6674	12	109	87	1	6674487000	9
657	6675	15	112	87	1	6675691001	9
658	6676	10	111	86	1	6676297001	9
659	6676	11	112	86	1	6676203001	9
660	6676	14	111	87	1	6676188000	9
661	6677	9	110	86	1	6677661001	9
662	6677	13	110	87	1	6677297000	9
663	6678	8	109	86	1	6678712001	9
664	6678	12	109	87	1	6678128001	9
665	6678	14	111	87	1	6678844001	9
666	6678	15	112	87	1	6678023000	9
667	6679	7	112	85	1	6679866001	9
668	6680	10	111	86	1	6680615000	9
669	6680	11	112	86	1	6680147001	9
670	6681	5	110	85	1	6681064000	9
671	6681	6	111	85	1	6681180001	9
672	6681	9	110	86	1	6681499000	9
673	6681	12	109	87	1	6681418001	9
674	6681	13	110	87	1	6681039001	9
675	6682	4	109	85	1	6682329000	9
676	6682	8	109	86	1	6682456001	9
677	6683	6	111	85	1	6683876001	10
678	6683	7	112	85	1	6683771000	10
679	6683	10	111	86	1	6683531001	9
680	6683	11	112	86	1	6683093000	9
681	6684	3	112	84	1	6684883000	10
682	6684	5	110	85	1	6684800000	10
683	6684	9	110	86	1	6684522001	10
684	6685	2	111	84	1	6685934000	10
685	6686	1	110	84	1	6686134000	10
686	6686	4	109	85	1	6686582001	10
687	6686	6	111	85	1	6686134000	10
688	6686	7	112	85	1	6686342000	10
689	6687	0	109	84	1	6687446001	10
690	6687	5	110	85	1	6687312000	10
691	6687	8	109	86	1	6687497001	10
692	6689	3	112	84	1	6689075000	10
693	6690	1	110	84	1	6690421001	10
694	6690	2	111	84	1	6690389000	10
695	6691	0	109	84	1	6691914001	10
696	6691	4	109	85	1	6691023001	10
697	6692	1	110	84	1	6692770000	10
698	6692	3	112	84	1	6692810001	10
699	6695	2	111	84	1	6695558001	10
700	6695	6	111	85	1	6695034000	10
701	6698	0	109	84	1	6698261000	10
702	6836	3	112	84	0	6836292000	12
703	6962	0	109	84	0	6962087001	10
704	6962	1	110	84	0	6962846000	10
705	6963	2	111	84	0	6963514000	10
706	6964	3	112	84	0	6964405000	10
707	6965	0	109	84	0	6965701000	10
708	6965	1	110	84	0	6965491000	10
709	6965	2	111	84	0	6965888000	10
710	6966	3	112	84	0	6966521000	10
711	6966	4	109	85	0	6966753001	10
712	6967	5	110	85	0	6967613000	10
713	6968	6	111	85	0	6968416001	10
714	6968	7	112	85	0	6968869001	10
715	6969	0	109	84	0	6969993000	10
716	6969	1	110	84	0	6969817000	10
717	6969	2	111	84	0	6969863000	10
718	6969	3	112	84	0	6969474001	10
719	6969	4	109	85	0	6969616001	10
720	6969	5	110	85	0	6969949000	10
721	6970	8	109	86	0	6970417001	10
722	6971	6	111	85	0	6971547001	10
723	6971	7	112	85	0	6971461001	10
724	6971	9	110	86	0	6971398001	10
725	6972	2	111	84	0	6972719001	10
726	6972	4	109	85	0	6972936001	10
727	6972	5	110	85	0	6972905001	10
728	6972	8	109	86	0	6972902001	10
729	6972	10	111	86	0	6972134001	10
730	6972	11	112	86	0	6972192000	10
731	6973	3	112	84	0	6973650000	10
732	6974	7	112	85	0	6974300000	10
733	6974	9	110	86	0	6974778001	10
734	6974	10	111	86	0	6974760000	10
735	6974	11	112	86	0	6974499001	10
736	6974	12	109	87	0	6974898000	10
737	6975	5	110	85	0	6975557001	10
738	6975	6	111	85	0	6975042001	10
739	6975	8	109	86	0	6975941000	10
740	6975	13	110	87	0	6975191000	10
741	6975	14	111	87	0	6975847001	10
742	6976	15	112	87	0	6976619000	10
743	6977	7	112	85	1	6977291001	10
744	6977	11	112	86	0	6977733001	10
745	6977	12	109	87	0	6977789001	10
746	6978	9	110	86	0	6978514001	10
747	6978	10	111	86	0	6978105000	10
748	6978	13	110	87	0	6978297001	10
749	6978	14	111	87	0	6978247000	10
750	6978	15	112	87	0	6978726001	10
751	6979	5	110	85	0	6979482001	10
752	6979	8	109	86	0	6979366000	10
753	6981	12	109	87	0	6981811001	10
754	6981	13	110	87	0	6981882000	10
755	6981	14	111	87	0	6981209000	10
756	6982	15	112	87	0	6982020001	10
757	6983	11	112	86	0	6983410000	10
758	6989	14	111	87	0	6989956000	9
759	7042	3	112	84	1	7042304001	7
760	7045	7	112	85	1	7045636001	6
761	7046	3	112	84	1	7046284000	6
762	7047	2	111	84	1	7047134000	6
763	7048	0	109	84	1	7048182001	6
764	7049	3	112	84	1	7049824001	6
765	7049	7	112	85	1	7049394000	6
766	7050	4	109	85	1	7050164000	6
767	7050	6	111	85	1	7050848001	6
768	7050	11	112	86	1	7050550001	6
769	7051	0	109	84	1	7051285000	6
770	7051	1	110	84	1	7051593001	6
771	7051	2	111	84	1	7051572000	6
772	7052	7	112	85	1	7052551001	6
773	7052	8	109	86	1	7052303001	6
774	7053	4	109	85	1	7053483000	6
775	7054	1	110	84	1	7054963001	6
776	7054	5	110	85	1	7054525001	6
777	7054	6	111	85	1	7054410001	6
778	7054	11	112	86	1	7054564000	6
779	7054	12	109	87	1	7054079001	6
780	7054	15	112	87	1	7054599000	6
781	7055	8	109	86	1	7055434001	6
782	7055	10	111	86	1	7055523001	6
783	7056	2	111	84	1	7056782001	6
784	7056	9	110	86	1	7056993001	6
785	7056	12	109	87	1	7056815000	6
786	7057	0	109	84	1	7057652001	6
787	7057	1	110	84	1	7057381000	6
788	7057	5	110	85	1	7057485000	6
789	7057	6	111	85	1	7057295000	6
790	7057	11	112	86	1	7057882000	6
791	7057	15	112	87	1	7057443000	6
792	7058	10	111	86	1	7058439000	6
793	7058	13	110	87	1	7058912000	6
794	7058	14	111	87	1	7058439000	6
795	7059	9	110	86	1	7059909001	6
796	7060	5	110	85	1	7060062001	6
797	7060	15	112	87	1	7060166000	6
798	7061	7	112	85	1	7061651001	6
799	7061	10	111	86	1	7061182000	6
800	7061	12	109	87	1	7061866001	6
801	7062	13	110	87	1	7062199000	6
802	7062	14	111	87	1	7062283001	6
803	7064	4	109	85	1	7064236001	6
804	7064	8	109	86	1	7064622000	6
805	7064	9	110	86	1	7064145000	6
806	7064	14	111	87	1	7064850000	6
807	7066	13	110	87	1	7066251001	6
808	7067	15	112	87	1	7067544001	6
809	7068	6	111	85	1	7068372000	6
810	12308	8	109	86	0	12308790001	10
811	12756	8	109	86	0	12756268000	9
812	12762	9	110	86	0	12762851001	10
813	12762	15	112	87	0	12762180001	10
814	12764	11	112	86	0	12764281001	10
815	12770	3	112	84	0	12770739000	10
816	12770	7	112	85	0	12770748001	10
817	13709	8	109	86	0	13709312001	9
818	13713	15	112	87	0	13713903001	10
819	13714	9	110	86	0	13714838001	10
820	13716	11	112	86	0	13716156001	10
821	13719	7	112	85	0	13719987000	10
822	13722	3	112	84	0	13722888001	11
823	14468	14	111	87	0	14468493000	5
824	14468	15	112	87	0	14468501000	5
825	14469	10	111	86	0	14469605001	5
826	14469	11	112	86	0	14469474001	5
827	14470	7	112	85	0	14470775000	5
828	14470	13	110	87	0	14470860001	5
829	14470	14	111	87	0	14470937000	5
830	14470	15	112	87	0	14470227001	5
831	14471	2	111	84	0	14471841001	5
832	14471	3	112	84	0	14471602001	5
833	14471	6	111	85	0	14471101001	5
834	14471	9	110	86	0	14471553000	5
835	14471	10	111	86	0	14471744001	5
836	14471	11	112	86	0	14471447001	5
837	14473	2	111	84	0	14473881000	6
838	14473	3	112	84	0	14473567000	6
839	14473	5	110	85	0	14473359001	6
840	14473	6	111	85	0	14473738001	6
841	14473	7	112	85	0	14473028000	6
842	14473	9	110	86	0	14473823000	6
843	14473	12	109	87	0	14473895000	6
844	14473	13	110	87	0	14473278001	6
845	14473	15	112	87	0	14473438001	6
846	14474	1	110	84	0	14474822000	6
847	14474	8	109	86	0	14474070001	6
848	14475	5	110	85	0	14475577001	6
849	14476	2	111	84	0	14476019001	6
850	14476	4	109	85	0	14476952001	6
851	14476	8	109	86	0	14476702000	6
852	14476	9	110	86	0	14476543000	6
853	14476	10	111	86	0	14476373000	6
854	14476	12	109	87	0	14476367000	6
855	14476	14	111	87	0	14476791000	6
856	14477	1	110	84	0	14477125001	6
857	14477	13	110	87	0	14477189000	6
858	14478	0	109	84	0	14478289000	6
859	14478	5	110	85	0	14478050000	6
860	14478	12	109	87	0	14478786000	6
861	14479	4	109	85	0	14479311000	7
862	14479	8	109	86	0	14479254001	7
863	14480	0	109	84	0	14480672001	7
864	14480	1	110	84	0	14480128001	7
865	14482	4	109	85	0	14482719000	7
866	14483	8	109	86	0	14483842000	7
867	14484	0	109	84	0	14484461000	7
868	14486	3	112	84	0	14486661001	8
869	14488	5	110	85	0	14488470000	8
870	14489	11	112	86	0	14489706001	8
871	14510	12	109	87	1	14510730000	11
872	14510	15	112	87	1	14510884001	11
873	14511	13	110	87	1	14511031000	11
874	14511	14	111	87	1	14511143001	11
875	14513	8	109	86	1	14513413000	11
876	14513	9	110	86	1	14513439001	11
877	14513	10	111	86	1	14513709000	11
878	14513	11	112	86	1	14513220001	11
879	14513	12	109	87	1	14513656001	11
880	14513	13	110	87	1	14513610000	11
881	14513	14	111	87	1	14513475000	11
882	14513	15	112	87	1	14513114001	11
883	14516	4	109	85	1	14516549001	11
884	14516	5	110	85	1	14516416000	11
885	14516	6	111	85	1	14516975000	11
886	14516	8	109	86	1	14516475000	11
887	14516	9	110	86	1	14516267000	11
888	14516	10	111	86	1	14516313000	11
889	14516	11	112	86	1	14516337000	11
890	14517	7	112	85	1	14517133001	11
891	14519	0	109	84	1	14519997000	12
892	14519	1	110	84	1	14519472001	12
893	14519	3	112	84	1	14519016001	11
894	14519	4	109	85	1	14519810000	12
895	14519	5	110	85	1	14519334001	12
896	14519	6	111	85	1	14519685000	12
897	14520	2	111	84	1	14520476000	12
898	14520	7	112	85	1	14520056000	12
899	14520	9	110	86	1	14520711000	12
900	14521	11	112	86	1	14521303000	12
901	14522	5	110	85	1	14522228001	12
902	14522	6	111	85	1	14522996000	12
903	14523	0	109	84	1	14523895000	12
904	14523	1	110	84	1	14523508000	12
905	14523	2	111	84	1	14523500001	12
906	14523	3	112	84	1	14523033001	12
907	14525	4	109	85	1	14525313001	12
908	14526	1	110	84	1	14526172000	12
909	14526	3	112	84	1	14526172000	12
910	14526	7	112	85	1	14526833000	12
911	14528	2	111	84	1	14528158001	12
912	14569	1	110	84	0	14569936001	13
913	14569	2	111	84	0	14569452001	13
914	14569	3	112	84	0	14569311000	13
915	14570	0	109	84	0	14570842000	13
916	14571	3	112	84	0	14571619001	13
917	14572	1	110	84	0	14572926000	13
918	14572	2	111	84	0	14572076000	13
919	14573	5	110	85	0	14573861001	13
920	14573	7	112	85	0	14573719001	13
921	14574	0	109	84	0	14574164000	13
922	14574	3	112	84	0	14574786000	13
923	14574	4	109	85	0	14574135001	13
924	14574	6	111	85	0	14574000001	13
925	14575	1	110	84	0	14575667000	13
926	14575	2	111	84	0	14575388000	13
927	14576	3	112	84	0	14576876000	13
928	14576	4	109	85	0	14576851001	13
929	14576	5	110	85	0	14576244000	13
930	14576	6	111	85	0	14576259000	13
931	14576	7	112	85	0	14576316001	13
932	14577	8	109	86	0	14577943001	13
933	14577	9	110	86	0	14577061001	13
934	14577	10	111	86	0	14577967001	13
935	14577	11	112	86	0	14577095000	13
936	14578	0	109	84	0	14578296001	13
937	14579	5	110	85	0	14579689001	13
938	14579	6	111	85	0	14579968001	13
939	14579	7	112	85	0	14579240000	13
940	14579	9	110	86	0	14579421000	13
941	14579	11	112	86	0	14579602001	13
942	14580	4	109	85	0	14580098000	13
943	14580	8	109	86	0	14580418001	13
944	14580	10	111	86	0	14580851000	13
945	14581	12	109	87	0	14581251001	13
946	14581	13	110	87	0	14581326001	13
947	14581	14	111	87	0	14581066000	13
948	14581	15	112	87	0	14581093000	13
949	14582	9	110	86	0	14582959000	13
950	14582	11	112	86	0	14582531000	13
951	14583	8	109	86	0	14583318001	13
952	14583	10	111	86	0	14583969000	13
953	14583	14	111	87	0	14583393001	13
954	14583	15	112	87	0	14583699000	13
955	14584	7	112	85	0	14584830000	13
956	14584	12	109	87	1	14584536000	13
957	14584	13	110	87	0	14584655001	13
958	14585	2	111	84	0	14585162001	13
959	14585	14	111	87	0	14585979001	13
960	14586	15	112	87	0	14586609000	13
961	14594	12	109	87	0	14594510000	12
962	14604	0	109	84	1	14604390000	11
963	14606	0	109	84	1	14606644000	11
964	14606	4	109	85	1	14606086001	11
965	14607	1	110	84	1	14607125000	11
966	14607	8	109	86	1	14607551001	11
967	14608	4	109	85	1	14608288001	11
968	14608	5	110	85	1	14608469000	11
969	14608	12	109	87	1	14608563000	11
970	14609	1	110	84	1	14609123001	11
971	14609	2	111	84	1	14609664000	11
972	14609	9	110	86	1	14609427000	11
973	14610	5	110	85	1	14610489001	11
974	14610	8	109	86	1	14610088001	11
975	14610	12	109	87	1	14610564000	11
976	14611	2	111	84	1	14611825000	11
977	14611	3	112	84	1	14611921000	11
978	14611	6	111	85	1	14611153001	11
979	14611	9	110	86	1	14611373001	11
980	14611	13	110	87	1	14611028001	11
981	14612	10	111	86	1	14612068001	11
982	14613	6	111	85	1	14613001001	11
983	14613	7	112	85	1	14613058000	11
984	14613	10	111	86	1	14613956001	10
985	14613	13	110	87	1	14613258001	11
986	14613	14	111	87	1	14613467000	11
987	14614	3	112	84	1	14614306000	10
988	14614	11	112	86	1	14614694000	10
989	14615	7	112	85	1	14615065001	10
990	14615	14	111	87	1	14615211000	10
991	14615	15	112	87	1	14615766001	10
992	14616	11	112	86	1	14616865001	10
993	14617	15	112	87	1	14617783000	10
994	14873	13	110	87	0	14873251000	5
995	14874	14	111	87	0	14874723000	5
996	14875	9	110	86	0	14875018001	5
997	14875	12	109	87	0	14875917001	5
998	14876	5	110	85	0	14876529001	5
999	14876	8	109	86	0	14876150000	5
1000	14876	10	111	86	0	14876183001	5
1001	14876	13	110	87	0	14876167000	5
1002	14876	14	111	87	0	14876774001	5
1003	14876	15	112	87	0	14876019000	5
1004	14877	1	110	84	0	14877907001	5
1005	14877	6	111	85	0	14877435001	5
1006	14877	9	110	86	0	14877248001	5
1007	14877	11	112	86	0	14877592000	5
1008	14878	2	111	84	0	14878391001	5
1009	14878	5	110	85	0	14878507000	5
1010	14878	7	112	85	0	14878980001	5
1011	14878	8	109	86	0	14878542000	5
1012	14878	10	111	86	0	14878582001	5
1013	14878	12	109	87	0	14878381001	5
1014	14878	15	112	87	0	14878250001	5
1015	14879	3	112	84	0	14879586000	5
1016	14879	4	109	85	0	14879460001	5
1017	14879	11	112	86	0	14879824000	5
1018	14880	1	110	84	0	14880354001	5
1019	14880	2	111	84	0	14880489001	5
1020	14880	6	111	85	0	14880038000	5
1021	14880	9	110	86	0	14880866001	5
1022	14880	14	111	87	0	14880739001	5
1023	14881	0	109	84	0	14881865001	5
1024	14881	3	112	84	0	14881779001	5
1025	14881	7	112	85	0	14881415001	5
1026	14881	8	109	86	0	14881036001	5
1027	14882	1	110	84	0	14882719001	5
1028	14882	4	109	85	0	14882207001	5
1029	14882	5	110	85	0	14882372000	5
1030	14882	12	109	87	0	14882344000	5
1031	14883	11	112	86	0	14883065001	5
1032	14883	13	110	87	0	14883749001	5
1033	14884	0	109	84	0	14884734001	6
1034	14884	3	112	84	0	14884581001	6
1035	14885	2	111	84	0	14885483001	6
1036	14885	4	109	85	0	14885015000	6
1037	14885	8	109	86	0	14885370001	6
1038	14887	10	111	86	0	14887314000	6
1039	14889	0	109	84	0	14889064001	6
1040	14892	15	112	87	0	14892471001	6
1041	14898	7	112	85	1	14898082000	7
1042	14900	8	109	86	0	14900687001	7
1043	14912	14	111	87	1	14912724001	9
1044	14912	15	112	87	1	14912200001	9
1045	14913	12	109	87	1	14913203000	9
1046	14913	13	110	87	1	14913076000	9
1047	14913	15	112	87	1	14913919000	9
1048	14914	8	109	86	1	14914602001	9
1049	14914	9	110	86	1	14914428001	9
1050	14914	10	111	86	1	14914086001	9
1051	14914	11	112	86	1	14914274000	9
1052	14914	14	111	87	1	14914602001	9
1053	14915	7	112	85	1	14915975000	9
1054	14915	10	111	86	1	14915998001	9
1055	14915	12	109	87	1	14915062000	9
1056	14915	13	110	87	1	14915176000	9
1057	14916	4	109	85	1	14916397000	9
1058	14916	5	110	85	1	14916307000	9
1059	14916	6	111	85	1	14916127000	9
1060	14916	8	109	86	1	14916685001	9
1061	14916	9	110	86	1	14916231000	9
1062	14916	11	112	86	1	14916303000	9
1063	14917	0	109	84	1	14917788001	9
1064	14917	1	110	84	1	14917773001	9
1065	14917	2	111	84	1	14917855000	9
1066	14917	3	112	84	1	14917396000	9
1067	14917	6	111	85	1	14917691001	9
1068	14917	7	112	85	1	14917806000	9
1069	14918	4	109	85	1	14918203001	9
1070	14918	5	110	85	1	14918002001	9
1071	14919	0	109	84	1	14919991000	9
1072	14919	1	110	84	1	14919466000	9
1073	14919	2	111	84	1	14919837001	9
1074	14919	3	112	84	1	14919545000	9
1075	15012	0	109	84	0	15012811000	12
1076	15012	3	112	84	0	15012891000	12
1077	15013	1	110	84	0	15013160000	12
1078	15013	2	111	84	0	15013024001	12
1079	15014	5	110	85	0	15014800001	12
1080	15015	0	109	84	0	15015688001	12
1081	15015	1	110	84	0	15015576000	12
1082	15015	2	111	84	0	15015119001	12
1083	15015	3	112	84	0	15015023000	12
1084	15015	4	109	85	0	15015005000	12
1085	15015	6	111	85	0	15015273001	12
1086	15015	7	112	85	0	15015260001	12
1087	15016	8	109	86	0	15016259001	12
1088	15016	9	110	86	0	15016677001	12
1089	15016	10	111	86	0	15016553001	12
1090	15016	11	112	86	0	15016664000	12
1091	15017	4	109	85	0	15017892000	11
1092	15017	5	110	85	0	15017550000	11
1093	15017	6	111	85	0	15017469001	11
1094	15017	7	112	85	0	15017626000	11
1095	15018	8	109	86	0	15018679000	11
1096	15018	10	111	86	0	15018830001	11
1097	15018	11	112	86	0	15018896001	11
1098	15018	12	109	87	0	15018437000	11
1099	15018	13	110	87	0	15018187001	11
1100	15018	14	111	87	0	15018304001	11
1101	15018	15	112	87	0	15018518000	11
1102	15019	2	111	84	0	15019274000	11
1103	15019	3	112	84	0	15019735001	11
1104	15019	9	110	86	0	15019431001	11
1105	15020	14	111	87	0	15020710001	11
1106	15020	15	112	87	0	15020540001	11
1107	15021	12	109	87	0	15021068000	11
1108	15021	13	110	87	0	15021013000	11
1109	15023	0	109	84	1	15023053001	11
1110	15024	4	109	85	1	15024922000	11
1111	15025	0	109	84	1	15025884001	11
1112	15026	1	110	84	1	15026047001	11
1113	15026	8	109	86	1	15026730001	11
1114	15027	4	109	85	1	15027284001	11
1115	15027	5	110	85	1	15027386000	11
1116	15027	12	109	87	1	15027837001	11
1117	15028	1	110	84	1	15028218000	11
1118	15028	9	110	86	1	15028740000	10
1119	15029	5	110	85	1	15029578001	10
1120	15029	8	109	86	1	15029352000	10
1121	15030	2	111	84	1	15030287001	10
1122	15030	6	111	85	1	15030985001	10
1123	15030	9	110	86	1	15030902001	10
1124	15030	12	109	87	1	15030131001	10
1125	15030	13	110	87	1	15030843001	10
1126	15032	2	111	84	1	15032612000	10
1127	15032	3	112	84	1	15032586001	10
1128	15033	6	111	85	1	15033211001	10
1129	15033	10	111	86	1	15033011001	10
1130	15033	13	110	87	1	15033281000	10
1131	15034	3	112	84	1	15034835001	10
1132	15034	7	112	85	1	15034327001	10
1133	15034	14	111	87	1	15034541001	10
1134	15035	9	110	86	1	15035826000	10
1135	15035	10	111	86	1	15035320000	10
1136	15035	11	112	86	1	15035983001	10
1137	15036	5	110	85	1	15036074000	10
1138	15036	7	112	85	1	15036453001	10
1139	15036	14	111	87	1	15036537000	10
1140	15037	15	112	87	1	15037261001	10
1141	15038	11	112	86	1	15038129001	10
1142	15039	15	112	87	1	15039200001	9
1143	15040	6	111	85	1	15040916000	9
1144	15047	7	112	85	1	15047052001	9
1145	15282	8	109	86	0	15282900001	4
1146	15282	12	109	87	0	15282450001	4
1147	15283	4	109	85	0	15283915001	5
1148	15283	9	110	86	0	15283922001	5
1149	15283	13	110	87	0	15283220000	4
1150	15284	0	109	84	0	15284830000	5
1151	15284	5	110	85	0	15284774000	5
1152	15284	12	109	87	0	15284957001	5
1153	15284	14	111	87	0	15284395000	5
1154	15285	1	110	84	0	15285967000	5
1155	15285	8	109	86	0	15285416001	5
1156	15285	10	111	86	0	15285202001	5
1157	15285	13	110	87	0	15285833000	5
1158	15285	15	112	87	0	15285285001	5
1159	15286	2	111	84	0	15286815001	5
1160	15286	4	109	85	0	15286341000	5
1161	15286	5	110	85	0	15286883000	5
1162	15286	6	111	85	0	15286125001	5
1163	15286	7	112	85	0	15286716001	5
1164	15286	9	110	86	0	15286469000	5
1165	15286	11	112	86	0	15286176001	5
1166	15286	14	111	87	0	15286286001	5
1167	15287	0	109	84	0	15287957000	5
1168	15287	3	112	84	0	15287851000	5
1169	15287	10	111	86	0	15287584000	5
1170	15287	15	112	87	0	15287147001	5
1171	15288	1	110	84	0	15288318000	5
1172	15288	2	111	84	0	15288859000	5
1173	15288	6	111	85	0	15288319001	5
1174	15288	7	112	85	0	15288759000	5
1175	15288	11	112	86	0	15288468001	5
1176	15290	3	112	84	0	15290080000	5
1177	15296	10	111	86	0	15296028000	6
1178	15312	15	112	87	1	15312902001	9
1179	15313	12	109	87	1	15313677001	9
1180	15313	13	110	87	1	15313503001	9
1181	15313	14	111	87	1	15313314001	9
1182	15314	10	111	86	1	15314545000	9
1183	15314	11	112	86	1	15314842000	9
1184	15314	14	111	87	1	15314983001	9
1185	15314	15	112	87	1	15314623001	9
1186	15315	8	109	86	1	15315474001	9
1187	15315	9	110	86	1	15315026000	9
1188	15315	12	109	87	1	15315612001	9
1189	15315	13	110	87	1	15315527000	9
1190	15316	6	111	85	1	15316710001	9
1191	15316	7	112	85	1	15316839001	9
1192	15316	9	110	86	1	15316992000	9
1193	15316	10	111	86	1	15316495000	9
1194	15316	11	112	86	1	15316698000	9
1195	15317	3	112	84	1	15317931001	9
1196	15317	4	109	85	1	15317135001	9
1197	15317	5	110	85	1	15317038000	9
1198	15317	8	109	86	1	15317483000	9
1199	15318	1	110	84	1	15318962000	9
1200	15318	2	111	84	1	15318766000	9
1201	15318	6	111	85	1	15318519001	9
1202	15318	7	112	85	1	15318878001	9
1203	15319	0	109	84	1	15319145000	9
1204	15319	4	109	85	1	15319133001	9
1205	15319	5	110	85	1	15319037001	9
1206	15320	3	112	84	1	15320428000	9
1207	15321	0	109	84	1	15321324001	10
1208	15321	1	110	84	1	15321024001	10
1209	15321	2	111	84	1	15321012000	10
1210	15386	0	109	84	0	15386423001	12
1211	15386	1	110	84	0	15386810001	11
1212	15386	2	111	84	0	15386903000	11
1213	15387	3	112	84	0	15387302001	11
1214	15389	0	109	84	0	15389656000	11
1215	15389	1	110	84	0	15389291000	11
1216	15389	2	111	84	0	15389274001	11
1217	15389	3	112	84	0	15389959001	11
1218	15390	4	109	85	0	15390725000	11
1219	15390	5	110	85	0	15390991000	11
1220	15391	6	111	85	0	15391797001	11
1221	15391	7	112	85	0	15391197001	11
1222	15392	0	109	84	0	15392788000	11
1223	15392	2	111	84	0	15392846000	11
1224	15393	1	110	84	0	15393105001	11
1225	15393	3	112	84	0	15393170001	11
1226	15393	5	110	85	0	15393438000	11
1227	15393	7	112	85	1	15393427000	11
1228	15394	4	109	85	0	15394555001	11
1229	15394	6	111	85	0	15394525001	11
1230	15394	8	109	86	0	15394253000	11
1231	15394	9	110	86	0	15394747000	11
1232	15394	11	112	86	0	15394927000	11
1233	15395	10	111	86	0	15395108001	11
1234	15396	1	110	84	0	15396486000	11
1235	15396	8	109	86	0	15396848001	11
1236	15397	5	110	85	0	15397317001	11
1237	15397	7	112	85	0	15397117001	11
1238	15397	9	110	86	0	15397510001	11
1239	15397	11	112	86	0	15397223000	11
1240	15398	6	111	85	0	15398323001	11
1241	15398	10	111	86	0	15398342000	11
1242	15398	12	109	87	0	15398517001	11
1243	15398	13	110	87	0	15398536000	11
1244	15398	15	112	87	0	15398713001	11
1245	15399	2	111	84	0	15399771001	11
1246	15399	4	109	85	0	15399594001	11
1247	15399	11	112	86	0	15399656000	11
1248	15399	14	111	87	0	15399241000	11
1249	15400	8	109	86	0	15400087000	11
1250	15401	9	110	86	0	15401208001	11
1251	15401	10	111	86	1	15401419001	11
1252	15401	13	110	87	0	15401726000	11
1253	15401	15	112	87	0	15401002001	11
1254	15402	11	112	86	0	15402888001	11
1255	15402	12	109	87	0	15402260001	11
1256	15402	14	111	87	0	15402002000	11
1257	15403	15	112	87	0	15403556001	11
1258	15404	7	112	85	0	15404920001	11
1259	15405	8	109	86	0	15405646001	11
1260	15405	13	110	87	0	15405648000	11
1261	15405	14	111	87	0	15405475000	11
1262	15407	3	112	84	0	15407095001	11
1263	15407	12	109	87	0	15407377000	11
1264	15407	15	112	87	0	15407864000	11
1265	15410	10	111	86	0	15410292001	11
1266	15433	0	109	84	1	15433044000	9
1267	15435	4	109	85	1	15435254001	9
1268	15436	0	109	84	1	15436220000	9
1269	15436	1	110	84	1	15436805000	9
1270	15437	8	109	86	1	15437546001	9
1271	15438	4	109	85	1	15438269001	9
1272	15440	1	110	84	1	15440392000	9
1273	15440	5	110	85	1	15440112000	9
1274	15440	12	109	87	1	15440643001	9
1275	15441	8	109	86	1	15441005001	9
1276	15442	5	110	85	1	15442664001	8
1277	15442	9	110	86	1	15442986001	8
1278	15443	1	110	84	1	15443048001	8
1279	15443	2	111	84	1	15443820000	8
1280	15443	4	109	85	1	15443515001	8
1281	15443	12	109	87	1	15443730000	8
1282	15445	5	110	85	1	15445954001	8
1283	15445	9	110	86	1	15445901000	8
1284	15445	13	110	87	1	15445242001	8
1285	15446	2	111	84	1	15446647000	8
1286	15446	6	111	85	1	15446337000	8
1287	15447	8	109	86	1	15447796000	8
1288	15448	3	112	84	1	15448690000	8
1289	15448	12	109	87	1	15448585001	8
1290	15448	13	110	87	1	15448931001	8
1291	15449	2	111	84	1	15449557000	8
1292	15449	6	111	85	1	15449354000	8
1293	15449	9	110	86	1	15449340000	8
1294	15449	10	111	86	1	15449084000	8
1295	15451	7	112	85	1	15451257001	8
1296	15451	13	110	87	1	15451900001	8
1297	15451	14	111	87	1	15451358000	8
1298	15452	3	112	84	1	15452448001	8
1299	15452	6	111	85	1	15452176001	8
1300	15452	10	111	86	1	15452415001	8
1301	15453	11	112	86	1	15453952001	7
1302	15454	7	112	85	1	15454251000	7
1303	15455	3	112	84	1	15455669000	7
1304	15455	14	111	87	1	15455611001	7
1305	15455	15	112	87	1	15455762000	7
1306	15456	7	112	85	1	15456736000	7
1307	15456	10	111	86	1	15456453000	7
1308	15456	11	112	86	1	15456506001	7
1309	15458	11	112	86	1	15458958000	7
1310	15458	14	111	87	1	15458806000	7
1311	15458	15	112	87	1	15458285000	7
1312	15463	15	112	87	1	15463405001	7
1313	15469	0	109	84	1	15469073001	6
1314	18876	3	112	84	0	18876296001	17
1315	18877	2	111	84	0	18877826000	17
1316	18878	1	110	84	0	18878969000	17
1317	18880	7	112	85	0	18880220001	17
1318	18881	5	110	85	0	18881324000	17
1319	18882	4	109	85	0	18882825000	17
1320	18882	11	112	86	0	18882616000	17
1321	18883	9	110	86	0	18883993001	17
1322	18884	8	109	86	0	18884173000	17
1323	18885	15	112	87	0	18885061001	17
1324	19017	12	109	87	0	19017332001	17
1325	19020	13	110	87	0	19020371000	17
1326	19022	12	109	87	1	19022198001	16
1327	19023	14	111	87	0	19023633001	16
1328	19024	13	110	87	1	19024371001	16
1329	19025	10	111	86	0	19025144000	16
1330	19026	15	112	87	0	19026476001	16
1331	19028	11	112	86	0	19028044001	16
1332	19028	14	111	87	1	19028771000	16
1333	19029	15	112	87	0	19029296001	16
1334	19032	15	112	87	1	19032054001	15
1335	19034	11	112	86	1	19034786000	15
1336	19056	13	110	87	0	19056948000	12
1337	19056	15	112	87	0	19056965000	12
1338	19057	12	109	87	0	19057027000	12
1339	19057	14	111	87	0	19057136000	12
1340	19058	8	109	86	0	19058699000	12
1341	19058	9	110	86	0	19058717001	12
1342	19058	10	111	86	0	19058609000	12
1343	19058	11	112	86	0	19058582001	12
1344	19059	13	110	87	0	19059630000	12
1345	19059	14	111	87	0	19059993000	12
1346	19059	15	112	87	0	19059059000	12
1347	19060	4	109	85	0	19060426000	12
1348	19060	5	110	85	0	19060384000	12
1349	19060	6	111	85	0	19060298001	12
1350	19060	7	112	85	0	19060047000	12
1351	19060	11	112	86	0	19060644001	12
1352	19061	0	109	84	0	19061958000	12
1353	19061	1	110	84	0	19061797000	12
1354	19061	2	111	84	0	19061688001	12
1355	19061	3	112	84	0	19061634000	12
1356	19061	7	112	85	0	19061990001	12
1357	19061	8	109	86	0	19061072001	12
1358	19061	9	110	86	0	19061088000	12
1359	19061	10	111	86	0	19061353000	12
1360	19061	12	109	87	1	19061543000	12
1361	19062	6	111	85	0	19062779000	11
1362	19062	13	110	87	1	19062115000	11
1363	19062	14	111	87	1	19062671001	11
1364	19062	15	112	87	1	19062997001	11
1365	19063	1	110	84	0	19063968001	11
1366	19063	2	111	84	0	19063751001	11
1367	19063	3	112	84	0	19063809000	11
1368	19063	4	109	85	1	19063717000	11
1369	19063	8	109	86	1	19063083000	11
1370	19063	9	110	86	1	19063265001	11
1371	19063	10	111	86	1	19063696000	11
1372	19064	5	110	85	1	19064562001	11
1373	19064	6	111	85	1	19064862000	11
1374	19064	11	112	86	1	19064296000	11
1375	19064	15	112	87	1	19064796001	11
1376	19065	0	109	84	1	19065246001	11
1377	19065	7	112	85	1	19065812001	11
1378	19066	1	110	84	1	19066020001	11
1379	19066	2	111	84	1	19066258000	11
1380	19066	3	112	84	1	19066879000	11
1381	19066	6	111	85	1	19066480000	11
1382	19066	11	112	86	1	19066408001	11
1383	19067	10	111	86	1	19067080000	11
1384	19070	2	111	84	1	19070190001	10
1385	19070	7	112	85	1	19070500001	10
1386	19187	12	109	87	0	19187872000	6
1387	19190	8	109	86	0	19190978001	6
1388	19191	12	109	87	0	19191040001	6
1389	19192	13	110	87	0	19192266001	6
1390	19193	8	109	86	0	19193920000	6
1391	19195	12	109	87	0	19195608000	7
1392	19195	13	110	87	0	19195377001	7
1393	19196	8	109	86	0	19196822000	7
1394	19197	4	109	85	0	19197233000	7
1395	19197	9	110	86	0	19197865000	7
1396	19198	14	111	87	0	19198496000	7
1397	19199	8	109	86	0	19199843001	7
1398	19199	13	110	87	0	19199661000	7
1399	19200	0	109	84	0	19200887001	7
1400	19200	4	109	85	0	19200262001	7
1401	19200	9	110	86	0	19200674000	7
1402	19200	12	109	87	0	19200852000	7
1403	19201	5	110	85	0	19201011001	7
1404	19201	10	111	86	0	19201507000	7
1405	19201	14	111	87	0	19201190000	7
1406	19201	15	112	87	0	19201101001	7
1407	19203	5	110	85	0	19203502000	7
1408	19203	8	109	86	0	19203412000	7
1409	19203	9	110	86	0	19203770000	7
1410	19203	15	112	87	0	19203596000	7
1411	19204	0	109	84	0	19204109001	7
1412	19204	10	111	86	0	19204382001	7
1413	19204	13	110	87	0	19204027001	7
1414	19205	1	110	84	0	19205874001	7
1415	19205	4	109	85	0	19205543000	7
1416	19205	11	112	86	0	19205019000	7
1417	19205	14	111	87	0	19205172000	7
1418	19206	5	110	85	0	19206881001	7
1419	19206	6	111	85	0	19206355001	7
1420	19206	9	110	86	0	19206607000	7
1421	19206	15	112	87	0	19206278000	7
1422	19207	0	109	84	0	19207555000	7
1423	19207	10	111	86	0	19207621001	7
1424	19208	1	110	84	0	19208519001	7
1425	19208	11	112	86	0	19208324000	7
1426	19209	6	111	85	0	19209621000	7
1427	19210	2	111	84	0	19210498001	7
1428	19210	5	110	85	0	19210411001	7
1429	19210	7	112	85	0	19210372000	7
1430	19210	9	110	86	0	19210827001	7
1431	19210	11	112	86	0	19210900001	7
1432	19210	14	111	87	0	19210223000	7
1433	19210	15	112	87	0	19210688000	7
1434	19211	0	109	84	0	19211115000	7
1435	19212	1	110	84	0	19212002000	8
1436	19212	10	111	86	0	19212138001	8
1437	19213	2	111	84	0	19213287001	8
1438	19213	6	111	85	0	19213826000	8
1439	19213	7	112	85	0	19213464001	8
1440	19214	11	112	86	0	19214201001	8
1441	19215	1	110	84	0	19215093001	8
1442	19215	2	111	84	0	19215885000	8
1443	19216	7	112	85	0	19216516000	8
1444	19217	3	112	84	0	19217147000	8
1445	19218	11	112	86	0	19218201001	8
1446	19219	2	111	84	0	19219287001	8
1447	19219	3	112	84	0	19219791001	8
1448	19219	6	111	85	0	19219775000	8
1449	19221	7	112	85	0	19221320000	8
1450	19222	2	111	84	0	19222102000	8
1451	19222	3	112	84	0	19222583000	8
1452	19226	3	112	84	0	19226295001	9
1453	19227	13	110	87	1	19227276001	9
1454	19227	14	111	87	1	19227616000	9
1455	19227	15	112	87	1	19227012001	9
1456	19228	11	112	86	1	19228890000	9
1457	19228	12	109	87	1	19228263000	9
1458	19229	3	112	84	0	19229294001	9
1459	19229	10	111	86	1	19229968000	9
1460	19229	13	110	87	1	19229987001	9
1461	19229	14	111	87	1	19229790001	9
1462	19229	15	112	87	1	19229340001	9
1463	19230	8	109	86	1	19230481000	9
1464	19230	9	110	86	1	19230130001	9
1465	19230	12	109	87	1	19230648001	9
1466	19231	6	111	85	1	19231523001	9
1467	19231	11	112	86	1	19231397001	9
1468	19232	4	109	85	1	19232939001	9
1469	19232	5	110	85	1	19232637000	9
1470	19232	7	112	85	1	19232529000	9
1471	19232	9	110	86	1	19232242000	9
1472	19232	10	111	86	1	19232178000	9
1473	19233	6	111	85	1	19233805001	9
1474	19233	8	109	86	1	19233129000	9
1475	19234	2	111	84	1	19234950000	9
1476	19234	3	112	84	1	19234247001	9
1477	19234	5	110	85	1	19234857000	9
1478	19234	7	112	85	1	19234646000	9
1479	19235	0	109	84	1	19235559001	9
1480	19235	1	110	84	1	19235360000	9
1481	19235	4	109	85	1	19235395000	9
1482	19235	6	111	85	1	19235552000	9
1483	19235	11	112	86	1	19235659000	9
1484	19236	3	112	84	1	19236876001	9
1485	19237	1	110	84	1	19237732001	9
1486	19237	2	111	84	1	19237201000	9
1487	19238	0	109	84	1	19238178000	9
1488	19239	9	110	86	1	19239629001	9
1489	19259	11	112	86	0	19259892001	11
1490	19260	9	110	86	0	19260939001	11
1491	19485	3	112	84	0	19485603000	11
1492	19489	11	112	86	0	19489415001	11
1493	19490	9	110	86	0	19490172001	11
1494	19491	15	112	87	0	19491175000	11
1495	19511	3	112	84	0	19511949001	11
1496	19514	0	109	84	0	19514641000	11
1497	19514	2	111	84	0	19514177001	11
1498	19514	3	112	84	0	19514082001	11
1499	19515	1	110	84	0	19515374001	11
1500	19515	7	112	85	0	19515236001	11
1501	19516	2	111	84	0	19516166000	11
1502	19516	4	109	85	0	19516633000	11
1503	19517	0	109	84	0	19517827000	11
1504	19517	1	110	84	0	19517872000	11
1505	19517	3	112	84	0	19517178001	11
1506	19517	5	110	85	0	19517514000	11
1507	19517	6	111	85	0	19517675000	11
1508	19517	7	112	85	0	19517489000	11
1509	19517	11	112	86	0	19517780001	11
1510	19518	2	111	84	0	19518562001	11
1511	19518	8	109	86	0	19518085000	11
1512	19519	3	112	84	0	19519921001	11
1513	19519	4	109	85	0	19519321000	11
1514	19519	9	110	86	0	19519338000	11
1515	19519	11	112	86	0	19519992001	11
1516	19520	5	110	85	0	19520447000	11
1517	19520	6	111	85	0	19520068001	11
1518	19520	7	112	85	0	19520385000	11
1519	19520	8	109	86	0	19520264000	11
1520	19520	10	111	86	0	19520164001	11
1521	19520	12	109	87	0	19520518001	11
1522	19521	13	110	87	0	19521501001	11
1523	19521	15	112	87	0	19521346001	11
1524	19522	6	111	85	0	19522677001	11
1525	19522	9	110	86	0	19522300001	11
1526	19522	10	111	86	0	19522540000	11
1527	19522	14	111	87	0	19522469001	11
1528	19523	8	109	86	0	19523632000	11
1529	19523	11	112	86	0	19523516001	11
1530	19523	12	109	87	0	19523299001	11
1531	19523	15	112	87	0	19523552001	11
1532	19524	13	110	87	0	19524636001	11
1533	19525	2	111	84	0	19525258001	11
1534	19525	9	110	86	0	19525747001	11
1535	19525	14	111	87	0	19525037000	11
1536	19526	15	112	87	0	19526879001	11
1537	19544	0	109	84	1	19544022000	11
1538	19544	1	110	84	1	19544422000	11
1539	19545	2	111	84	1	19545032000	11
1540	19546	0	109	84	1	19546589000	11
1541	19546	1	110	84	1	19546589000	11
1542	19546	3	112	84	1	19546913001	11
1543	19547	2	111	84	1	19547683000	11
1544	19547	5	110	85	1	19547717000	11
1545	19548	4	109	85	1	19548486000	11
1546	19548	6	111	85	1	19548126001	11
1547	19549	5	110	85	1	19549789000	11
1548	19549	7	112	85	1	19549595001	11
1549	19550	3	112	84	1	19550442001	11
1550	19550	6	111	85	1	19550207001	11
1551	19551	4	109	85	1	19551494000	11
1552	19551	9	110	86	1	19551868000	11
1553	19552	8	109	86	1	19552030001	11
1554	19552	10	111	86	1	19552957000	11
1555	19553	7	112	85	1	19553629001	11
1556	19553	11	112	86	1	19553388000	11
1557	19554	6	111	85	1	19554926001	11
1558	19554	8	109	86	1	19554672001	11
1559	19554	9	110	86	1	19554401000	11
1560	19556	10	111	86	1	19556036000	11
1561	19556	11	112	86	1	19556331000	11
1562	19556	13	110	87	1	19556628001	11
1563	19557	12	109	87	1	19557339000	11
1564	19557	14	111	87	1	19557401000	11
1565	19557	15	112	87	1	19557201000	11
1566	19559	5	110	85	1	19559858000	11
1567	19559	13	110	87	1	19559458000	11
1568	19559	15	112	87	1	19559458000	11
1569	19560	12	109	87	1	19560328000	11
1570	19560	14	111	87	1	19560095000	11
1571	19565	15	112	87	1	19565282001	11
1572	19572	13	110	87	1	19572869000	11
1573	19607	9	110	86	1	19607471001	12
1574	19805	15	112	87	0	19805892000	11
1575	19806	11	112	86	0	19806996000	11
1576	19807	3	112	84	0	19807380001	11
1577	19807	7	112	85	1	19807476001	11
1578	19807	15	112	87	0	19807754001	11
1579	19808	10	111	86	0	19808933001	11
1580	19808	14	111	87	0	19808959001	11
1581	19809	2	111	84	0	19809722001	11
1582	19809	3	112	84	0	19809376001	11
1583	19809	6	111	85	0	19809654001	11
1584	19809	7	112	85	0	19809395001	11
1585	19809	11	112	86	0	19809003000	11
1586	19810	10	111	86	0	19810786000	10
1587	19810	13	110	87	0	19810923001	10
1588	19810	15	112	87	0	19810272000	10
1589	19811	2	111	84	0	19811818001	10
1590	19811	5	110	85	0	19811634000	10
1591	19811	9	110	86	0	19811252001	10
1592	19811	11	112	86	0	19811827001	10
1593	19811	14	111	87	0	19811189000	10
1594	19812	1	110	84	0	19812368000	10
1595	19812	6	111	85	0	19812218001	10
1596	19813	5	110	85	0	19813781000	10
1597	19813	8	109	86	0	19813761000	10
1598	19813	9	110	86	0	19813328000	10
1599	19813	10	111	86	0	19813908000	10
1600	19813	12	109	87	0	19813542000	10
1601	19813	13	110	87	0	19813337000	10
1602	19814	0	109	84	0	19814859000	10
1603	19814	1	110	84	0	19814382001	10
1604	19814	3	112	84	0	19814187000	10
1605	19814	4	109	85	0	19814398000	10
1606	19814	7	112	85	0	19814377001	10
1607	19815	2	111	84	0	19815784001	10
1608	19815	8	109	86	0	19815991001	10
1609	19816	12	109	87	0	19816192001	10
1610	19817	0	109	84	0	19817537001	10
1611	19817	1	110	84	0	19817179001	10
1612	19817	4	109	85	0	19817259000	10
1613	19818	5	110	85	0	19818304000	10
1614	19818	9	110	86	0	19818182000	10
1615	19833	11	112	86	0	19833513001	9
1616	19839	15	112	87	1	19839615001	9
1617	19841	13	110	87	1	19841960000	9
1618	19841	14	111	87	1	19841120001	9
1619	19842	11	112	86	1	19842861000	9
1620	19842	15	112	87	1	19842683001	9
1621	19843	12	109	87	1	19843178001	9
1622	19844	9	110	86	1	19844968001	9
1623	19844	10	111	86	1	19844597000	9
1624	19844	14	111	87	1	19844665000	9
1625	19844	15	112	87	1	19844939001	9
1626	19845	13	110	87	1	19845418001	9
1627	19846	8	109	86	1	19846487001	9
1628	19846	11	112	86	1	19846974001	9
1629	19846	12	109	87	1	19846262001	9
1630	19847	5	110	85	1	19847811000	9
1631	19847	7	112	85	1	19847530000	9
1632	19848	6	111	85	1	19848168001	9
1633	19848	9	110	86	1	19848077001	9
1634	19848	10	111	86	1	19848484000	9
1635	19849	4	109	85	1	19849387000	9
1636	19849	11	112	86	1	19849630000	9
1637	19849	14	111	87	1	19849631001	9
1638	19850	3	112	84	1	19850700001	9
1639	19850	8	109	86	1	19850065001	9
1640	19850	9	110	86	1	19850456001	9
1641	19851	2	111	84	1	19851262000	9
1642	19851	5	110	85	1	19851000000	9
1643	19851	6	111	85	1	19851335000	9
1644	19851	7	112	85	1	19851355000	9
1645	19852	1	110	84	1	19852212001	9
1646	19852	4	109	85	1	19852207000	9
1647	19852	13	110	87	1	19852761001	9
1648	19853	0	109	84	1	19853148000	9
1649	19853	5	110	85	1	19853228001	9
1650	19853	6	111	85	1	19853340001	9
1651	19854	3	112	84	1	19854830000	9
1652	19854	4	109	85	1	19854800000	9
1653	19854	7	112	85	1	19854730001	9
1654	19854	10	111	86	1	19854037000	9
1655	19855	1	110	84	1	19855435000	9
1656	19855	2	111	84	1	19855581001	9
1657	19857	0	109	84	1	19857229001	9
1658	19857	1	110	84	1	19857780000	10
1659	19857	3	112	84	1	19857727000	10
1660	19858	2	111	84	1	19858575001	10
1661	19860	0	109	84	1	19860941000	10
1662	19861	5	110	85	1	19861543000	10
1663	19864	1	110	84	1	19864566001	10
1664	20123	13	110	87	0	20123958001	12
1665	20161	0	109	84	0	20161073001	9
1666	20163	1	110	84	0	20163420001	9
1667	20166	2	111	84	0	20166105001	9
1668	20167	1	110	84	1	20167968001	9
1669	20168	3	112	84	0	20168589000	8
1670	20171	2	111	84	1	20171420000	8
1671	20173	3	112	84	1	20173213000	8
1672	20240	3	112	84	0	20240862000	12
1673	21305	12	109	87	0	21305806000	15
1674	21306	8	109	86	0	21306746000	15
1675	21630	3	112	84	0	21630804000	13
1676	21805	11	112	86	0	21805739001	10
1677	22226	3	112	84	0	22226630000	8
1678	22243	11	112	86	0	22243882000	8
1679	22254	15	112	87	0	22254833000	9
1680	22267	15	112	87	1	22267978000	9
1681	22335	15	112	87	0	22335037000	8
1682	22355	8	109	86	0	22355149000	8
1683	22371	7	112	85	0	22371708000	7
1684	22382	2	111	84	0	22382090000	8
1685	22679	3	112	84	0	22679533000	8
1686	23497	3	112	84	0	23497708001	20
1687	23947	11	112	86	0	23947695001	10
1688	23947	15	112	87	0	23947014001	10
1689	23949	7	112	85	0	23949024001	10
1690	23949	11	112	86	0	23949789001	10
1691	23949	14	111	87	0	23949915000	10
1692	23949	15	112	87	0	23949536001	10
1693	23950	3	112	84	0	23950358001	10
1694	23950	10	111	86	0	23950816001	10
1695	23951	7	112	85	0	23951018000	10
1696	23951	14	111	87	0	23951973001	10
1697	23952	3	112	84	0	23952449001	10
1698	23952	11	112	86	0	23952125001	10
1699	23953	2	111	84	0	23953909001	10
1700	23953	6	111	85	0	23953050000	10
1701	23953	10	111	86	0	23953028001	10
1702	23953	13	110	87	0	23953241000	10
1703	23953	15	112	87	0	23953222001	10
1704	23954	7	112	85	0	23954650001	10
1705	23954	14	111	87	0	23954747000	10
1706	23955	3	112	84	0	23955061001	10
1707	23955	6	111	85	0	23955497001	10
1708	23955	9	110	86	0	23955347001	10
1709	23956	2	111	84	0	23956179000	10
1710	23956	5	110	85	0	23956915001	10
1711	23956	10	111	86	0	23956489000	10
1712	23956	13	110	87	0	23956130001	10
1713	23956	15	112	87	0	23956345000	10
1714	23957	9	110	86	0	23957642000	10
1715	23957	12	109	87	0	23957696000	10
1716	23958	6	111	85	0	23958782000	10
1717	23958	8	109	86	0	23958536001	10
1718	23958	11	112	86	0	23958226001	10
1719	23959	1	110	84	0	23959081000	10
1720	23959	2	111	84	0	23959120000	10
1721	23959	5	110	85	0	23959343000	10
1722	23959	12	109	87	0	23959904001	10
1723	23959	13	110	87	0	23959519000	10
1724	23960	9	110	86	0	23960944000	10
1725	23961	1	110	84	0	23961732000	10
1726	23961	4	109	85	0	23961595001	10
1727	23961	8	109	86	0	23961144000	10
1728	23962	5	110	85	0	23962321001	10
1729	23963	0	109	84	0	23963189000	10
1730	23963	8	109	86	0	23963752000	10
1731	23963	12	109	87	0	23963269000	10
1732	23964	1	110	84	0	23964732000	10
1733	23964	4	109	85	0	23964115000	10
1734	23965	0	109	84	0	23965609001	10
1735	23965	3	112	84	0	23965508000	10
1736	23968	4	109	85	0	23968980001	10
1737	23974	11	112	86	0	23974801000	11
1738	23984	3	112	84	1	23984952000	11
1739	23986	2	111	84	1	23986666000	11
1740	23987	1	110	84	1	23987982001	11
1741	23987	3	112	84	1	23987570000	11
1742	23988	6	111	85	1	23988530000	11
1743	23989	1	110	84	1	23989937000	11
1744	23989	5	110	85	1	23989740000	11
1745	23989	7	112	85	1	23989356001	11
1746	23990	0	109	84	1	23990568001	11
1747	23990	6	111	85	1	23990902000	11
1748	23991	4	109	85	1	23991355000	11
1749	23991	5	110	85	1	23991710000	11
1750	23991	7	112	85	1	23991876000	11
1751	23993	4	109	85	1	23993484001	11
1752	23993	8	109	86	1	23993902000	11
1753	23993	9	110	86	1	23993105000	11
1754	23993	10	111	86	1	23993868000	11
1755	23993	11	112	86	1	23993623000	11
1756	23995	0	109	84	1	23995331000	11
1757	23995	9	110	86	1	23995716001	11
1758	23996	10	111	86	1	23996525000	11
1759	23996	11	112	86	1	23996494000	11
1760	23997	8	109	86	1	23997089001	11
1761	23998	2	111	84	1	23998028000	11
1762	23998	13	110	87	1	23998885001	11
1763	23998	15	112	87	1	23998885001	11
1764	23999	12	109	87	1	23999076001	11
1765	23999	14	111	87	1	23999477000	11
1766	24000	6	111	85	1	24000127000	11
1767	24001	12	109	87	1	24001981001	11
1768	24001	13	110	87	1	24001548000	11
1769	24002	14	111	87	1	24002343001	11
1770	24002	15	112	87	1	24002042001	11
1771	24003	9	110	86	1	24003029000	11
1772	24006	15	112	87	1	24006189000	12
1773	24013	14	111	87	1	24013786001	12
1774	24037	12	109	87	1	24037446001	12
1775	24069	13	110	87	1	24069933000	13
1776	24083	15	112	87	1	24083902001	13
1777	24225	12	109	87	0	24225493000	8
1778	24226	8	109	86	0	24226448000	8
1779	24226	13	110	87	0	24226371000	8
1780	24227	4	109	85	0	24227943001	8
1781	24227	9	110	86	0	24227446001	8
1782	24227	14	111	87	0	24227735001	8
1783	24228	0	109	84	0	24228723001	8
1784	24228	5	110	85	0	24228753000	8
1785	24228	8	109	86	0	24228533000	8
1786	24228	10	111	86	0	24228782001	8
1787	24228	12	109	87	0	24228099000	8
1788	24228	13	110	87	0	24228842000	8
1789	24228	15	112	87	0	24228531001	8
1790	24229	1	110	84	0	24229686001	8
1791	24229	6	111	85	0	24229807001	8
1792	24229	9	110	86	0	24229665000	8
1793	24229	11	112	86	0	24229896001	8
1794	24229	14	111	87	0	24229592001	8
1795	24230	2	111	84	0	24230441000	8
1796	24230	5	110	85	0	24230948000	8
1797	24230	7	112	85	0	24230965000	8
1798	24230	10	111	86	0	24230806001	8
1799	24230	15	112	87	0	24230493001	8
1800	24231	0	109	84	0	24231642001	8
1801	24231	1	110	84	0	24231839001	8
1802	24231	3	112	84	0	24231903001	8
1803	24231	6	111	85	0	24231807001	8
1804	24232	2	111	84	0	24232629001	8
1805	24232	4	109	85	0	24232752000	8
1806	24232	11	112	86	0	24232109001	8
1807	24233	7	112	85	0	24233378001	8
1808	24234	3	112	84	0	24234324001	8
1809	24243	2	111	84	0	24243653001	8
1810	24250	9	110	86	0	24250523001	9
1811	24271	15	112	87	1	24271888000	10
1812	24277	13	110	87	1	24277775000	11
1813	24286	13	110	87	0	24286539000	11
1814	24286	15	112	87	0	24286148000	11
1815	24289	0	109	84	1	24289342000	11
1816	24290	4	109	85	1	24290395001	11
1817	24290	15	112	87	0	24290921000	11
1818	24291	1	110	84	1	24291855000	11
1819	24291	8	109	86	1	24291867001	11
1820	24292	0	109	84	1	24292836001	11
1821	24292	4	109	85	1	24292607001	11
1822	24293	1	110	84	1	24293966000	11
1823	24293	5	110	85	1	24293127000	11
1824	24293	12	109	87	1	24293044001	11
1825	24294	8	109	86	1	24294221000	11
1826	24294	9	110	86	1	24294553001	11
1827	24295	2	111	84	1	24295922000	11
1828	24295	5	110	85	1	24295372001	11
1829	24295	12	109	87	1	24295211001	11
1830	24296	6	111	85	1	24296906000	11
1831	24296	9	110	86	1	24296780000	11
1832	24296	13	110	87	1	24296207001	11
1833	24298	2	111	84	1	24298092000	11
1834	24298	3	112	84	1	24298487001	11
1835	24298	6	111	85	1	24298707000	11
1836	24298	10	111	86	1	24298025001	11
1837	24298	13	110	87	1	24298379000	11
1838	24299	7	112	85	1	24299806001	11
1839	24299	14	111	87	1	24299739001	11
1840	24300	3	112	84	1	24300751000	11
1841	24300	10	111	86	1	24300041000	11
1842	24301	11	112	86	1	24301256001	11
1843	24301	14	111	87	1	24301674000	11
1844	24301	15	112	87	1	24301674000	11
1845	24302	7	112	85	1	24302063000	11
1846	24303	1	110	84	1	24303042000	11
1847	24303	11	112	86	1	24303332000	11
1848	24303	15	112	87	1	24303701001	11
1849	24305	6	111	85	1	24305317001	11
1850	24311	15	112	87	1	24311915000	11
1851	24448	9	110	86	1	24448761000	6
1852	24474	3	112	84	0	24474488001	8
1853	24475	1	110	84	0	24475889001	9
1854	24475	2	111	84	0	24475259001	9
1855	24476	0	109	84	0	24476724000	9
1856	24476	3	112	84	0	24476762001	9
1857	24476	6	111	85	0	24476697001	9
1858	24476	7	112	85	0	24476119000	9
1859	24477	2	111	84	0	24477524001	9
1860	24477	5	110	85	0	24477604000	9
1861	24477	10	111	86	0	24477864001	9
1862	24477	11	112	86	0	24477194000	9
1863	24478	3	112	84	1	24478950000	9
1864	24478	4	109	85	0	24478276001	9
1865	24478	7	112	85	0	24478257000	9
1866	24478	9	110	86	0	24478545000	9
1867	24478	15	112	87	0	24478488000	9
1868	24479	0	109	84	1	24479000000	9
1869	24479	1	110	84	1	24479010001	9
1870	24479	2	111	84	1	24479367001	9
1871	24479	8	109	86	0	24479345001	9
1872	24479	11	112	86	0	24479565001	9
1873	24479	14	111	87	0	24479366000	9
1874	24480	4	109	85	1	24480734000	9
1875	24480	5	110	85	1	24480849000	9
1876	24480	7	112	85	1	24480860000	9
1877	24480	9	110	86	0	24480942000	9
1878	24480	10	111	86	0	24480296001	9
1879	24480	13	110	87	0	24480238000	9
1880	24480	15	112	87	0	24480657001	9
1881	24481	6	111	85	1	24481046000	9
1882	24481	12	109	87	0	24481113001	9
1883	24481	14	111	87	0	24481839001	9
1884	24482	8	109	86	1	24482875000	9
1885	24482	9	110	86	1	24482948001	9
1886	24482	10	111	86	1	24482594000	9
1887	24483	11	112	86	1	24483029001	9
1888	24484	12	109	87	1	24484914001	9
1889	24484	13	110	87	1	24484994001	10
1890	24484	14	111	87	1	24484695001	9
1891	24484	15	112	87	1	24484416001	9
1892	24486	7	112	85	1	24486168000	10
1893	24486	15	112	87	1	24486311001	10
1894	24488	14	111	87	1	24488734001	10
1895	24495	11	112	86	1	24495693001	11
1896	24505	15	112	87	0	24505049000	12
1897	24506	11	112	86	0	24506055001	12
1898	24507	14	111	87	0	24507965000	12
1899	24509	11	112	86	1	24509853000	12
1900	24509	15	112	87	1	24509957000	12
1901	24537	10	111	86	1	24537108001	14
1902	24644	15	112	87	0	24644849001	14
1903	24645	12	109	87	0	24645071001	14
1904	24645	13	110	87	0	24645056001	14
1905	24645	14	111	87	0	24645403001	14
1906	24646	8	109	86	0	24646360001	14
1907	24646	10	111	86	0	24646821001	14
1908	24646	11	112	86	0	24646674000	14
1909	24646	15	112	87	0	24646723001	14
1910	24647	9	110	86	0	24647110000	14
1911	24647	12	109	87	0	24647666001	14
1912	24647	14	111	87	0	24647922001	14
1913	24648	4	109	85	0	24648748000	14
1914	24648	8	109	86	0	24648543001	14
1915	24648	10	111	86	0	24648908000	14
1916	24648	11	112	86	0	24648496001	14
1917	24648	13	110	87	0	24648041000	14
1918	24649	5	110	85	0	24649030001	14
1919	24649	6	111	85	0	24649421001	14
1920	24649	7	112	85	0	24649092001	14
1921	24649	9	110	86	0	24649394001	14
1922	24650	0	109	84	0	24650800001	14
1923	24650	1	110	84	0	24650966000	14
1924	24650	2	111	84	0	24650852001	14
1925	24651	3	112	84	0	24651087000	14
1926	24651	4	109	85	0	24651384000	14
1927	24651	5	110	85	0	24651295000	14
1928	24651	7	112	85	0	24651103000	14
1929	24652	2	111	84	0	24652920001	14
1930	24652	6	111	85	0	24652077000	14
1931	24653	0	109	84	0	24653201001	14
1932	24653	1	110	84	1	24653190001	14
1933	24653	3	112	84	0	24653443001	14
1934	24653	15	112	87	1	24653164001	14
1935	24655	14	111	87	1	24655402001	14
1936	24656	11	112	86	1	24656751000	14
1937	24656	15	112	87	1	24656032001	14
1938	24658	7	112	85	1	24658545001	14
1939	24658	10	111	86	1	24658187000	14
1940	24659	11	112	86	1	24659126001	14
1941	24660	3	112	84	1	24660735001	14
1942	24660	14	111	87	0	24660167001	14
1943	24660	15	112	87	0	24660271001	14
1944	24661	10	111	86	0	24661529001	14
1945	24661	11	112	86	0	24661139000	14
1946	24662	15	112	87	0	24662779001	14
1947	24663	11	112	86	0	24663342000	14
1948	24664	3	112	84	0	24664587000	14
1949	24664	7	112	85	0	24664550000	14
1950	24665	12	109	87	1	24665178000	14
1951	24666	8	109	86	1	24666618000	14
1952	24666	13	110	87	1	24666412001	14
1953	24667	4	109	85	1	24667492001	14
1954	24667	9	110	86	1	24667278001	14
1955	24667	12	109	87	1	24667198000	14
1956	24667	14	111	87	1	24667640000	14
1957	24668	0	109	84	1	24668138000	14
1958	24668	5	110	85	1	24668309001	14
1959	24668	10	111	86	1	24668528001	14
1960	24668	15	112	87	1	24668304000	14
1961	24669	1	110	84	1	24669619000	14
1962	24669	6	111	85	1	24669625001	14
1963	24669	9	110	86	1	24669712000	14
1964	24669	11	112	86	1	24669792001	14
1965	24670	0	109	84	1	24670197001	14
1966	24670	2	111	84	1	24670673001	14
1967	24670	4	109	85	1	24670166001	14
1968	24670	5	110	85	1	24670166001	14
1969	24670	7	112	85	1	24670615000	14
1970	24670	15	112	87	1	24670221000	14
1971	24671	1	110	84	1	24671905001	14
1972	24671	3	112	84	1	24671690000	14
1973	24671	6	111	85	1	24671535000	14
1974	24671	13	110	87	1	24671766000	14
1975	24672	7	112	85	1	24672842001	14
1976	24672	10	111	86	1	24672479001	14
1977	24672	11	112	86	1	24672644000	14
1978	24673	2	111	84	1	24673305000	14
1979	24675	14	111	87	1	24675150001	14
1980	24951	2	111	84	0	24951695001	14
1981	24952	1	110	84	0	24952134001	14
1982	24954	7	112	85	0	24954650001	13
1983	24955	4	109	85	0	24955936001	13
1984	24955	5	110	85	0	24955138000	13
1985	24957	9	110	86	0	24957778000	13
1986	24957	11	112	86	0	24957140001	13
1987	24958	8	109	86	0	24958232001	13
1988	24959	15	112	87	0	24959903000	13
1989	25134	3	112	84	0	25134548001	9
1990	25134	7	112	85	0	25134582001	9
1991	25134	11	112	86	0	25134502000	9
1992	25134	15	112	87	0	25134377001	9
1993	25136	3	112	84	0	25136910000	9
1994	25136	10	111	86	0	25136470001	9
1995	25136	14	111	87	0	25136517000	9
1996	25137	2	111	84	0	25137062000	9
1997	25137	6	111	85	0	25137200000	9
1998	25137	7	112	85	0	25137004000	9
1999	25137	11	112	86	0	25137513000	9
2000	25139	2	111	84	0	25139044000	9
2001	25139	3	112	84	0	25139504001	9
2002	25139	6	111	85	0	25139840000	9
2003	25139	9	110	86	0	25139536000	9
2004	25139	10	111	86	0	25139181001	9
2005	25139	13	110	87	0	25139099001	9
2006	25140	1	110	84	0	25140331001	9
2007	25140	5	110	85	0	25140011001	9
2008	25140	14	111	87	0	25140100001	9
2009	25141	8	109	86	0	25141943000	9
2010	25141	12	109	87	0	25141648001	9
2011	25142	1	110	84	0	25142441000	9
2012	25142	4	109	85	0	25142801000	9
2013	25142	5	110	85	0	25142523000	9
2014	25142	9	110	86	0	25142201000	9
2015	25142	13	110	87	0	25142075000	9
2016	25143	0	109	84	0	25143225001	9
2017	25144	8	109	86	0	25144195001	9
2018	25144	12	109	87	0	25144422000	9
2019	25144	15	112	87	1	25144464000	9
2020	25145	0	109	84	0	25145825001	8
2021	25145	1	110	84	0	25145188000	9
2022	25145	4	109	85	0	25145763001	8
2023	25148	2	111	84	0	25148632000	8
2024	25149	8	109	86	0	25149611000	8
2025	25149	15	112	87	0	25149663001	8
2026	25153	11	112	86	0	25153439000	8
2027	25153	14	111	87	0	25153275001	8
2028	25154	15	112	87	0	25154187000	8
2029	25155	7	112	85	0	25155660000	8
2030	25155	10	111	86	0	25155019001	8
2031	25155	13	110	87	0	25155294000	8
2032	25157	14	111	87	0	25157848001	8
2033	25157	15	112	87	0	25157889000	8
2034	25168	11	112	86	0	25168493000	9
2035	25174	1	110	84	1	25174442000	10
2036	25174	2	111	84	1	25174505001	10
2037	25174	3	112	84	1	25174339001	10
2038	25175	0	109	84	1	25175958001	10
2039	25176	5	110	85	1	25176809000	10
2040	25176	7	112	85	1	25176541000	10
2041	25177	1	110	84	1	25177578000	10
2042	25177	4	109	85	1	25177296000	10
2043	25177	6	111	85	1	25177004001	10
2044	25178	3	112	84	1	25178400001	10
2045	25178	7	112	85	1	25178640001	10
2046	25179	2	111	84	1	25179534001	10
2047	25179	5	110	85	1	25179415000	10
2048	25179	6	111	85	1	25179113001	10
2049	25179	8	109	86	1	25179393000	10
2050	25179	9	110	86	1	25179681001	10
2051	25179	10	111	86	1	25179573000	10
2052	25179	11	112	86	1	25179573000	10
2053	25182	4	109	85	1	25182353000	10
2054	25182	8	109	86	1	25182253001	10
2055	25182	11	112	86	1	25182224000	10
2056	25182	12	109	87	1	25182146001	10
2057	25182	13	110	87	1	25182228001	10
2058	25182	14	111	87	1	25182286000	10
2059	25182	15	112	87	1	25182198000	10
2060	25183	9	110	86	1	25183193001	10
2061	25184	0	109	84	1	25184694001	11
2062	25184	15	112	87	1	25184647000	11
2063	25185	12	109	87	1	25185405001	11
2064	25185	13	110	87	1	25185764000	11
2065	25185	14	111	87	1	25185002000	11
2066	25187	10	111	86	1	25187070000	11
2067	25384	3	112	84	0	25384392000	15
2068	25418	8	109	86	0	25418646001	16
2069	25418	12	109	87	0	25418406000	16
2070	25419	0	109	84	0	25419987000	17
2071	25419	4	109	85	0	25419457001	16
2072	25419	13	110	87	0	25419686000	16
2073	25420	5	110	85	0	25420914001	17
2074	25420	8	109	86	0	25420828000	17
2075	25420	9	110	86	0	25420052000	17
2076	25421	1	110	84	0	25421129001	17
2077	25421	4	109	85	1	25421903001	17
2078	25421	10	111	86	0	25421648000	17
2079	25421	12	109	87	0	25421022001	17
2080	25421	14	111	87	0	25421338000	17
2081	25422	0	109	84	0	25422486000	17
2082	25422	2	111	84	0	25422705001	17
2083	25422	6	111	85	0	25422541001	17
2084	25422	9	110	86	0	25422836001	17
2085	25422	13	110	87	0	25422647000	17
2086	25422	15	112	87	0	25422783001	17
2087	25423	1	110	84	0	25423675001	17
2088	25423	5	110	85	0	25423302000	17
2089	25423	10	111	86	0	25423743001	17
2090	25423	11	112	86	0	25423066000	17
2091	25423	14	111	87	0	25423248001	17
2092	25424	2	111	84	0	25424768000	17
2093	25424	3	112	84	0	25424468000	17
2094	25424	7	112	85	0	25424116000	17
2095	25424	15	112	87	0	25424862000	17
2096	25425	6	111	85	0	25425045000	17
2097	25425	11	112	86	0	25425482001	17
2098	25426	3	112	84	0	25426674000	17
2099	25426	7	112	85	0	25426474000	17
2100	25429	3	112	84	0	25429762001	17
2101	25435	7	112	85	0	25435452000	17
2102	25445	11	112	86	0	25445604001	18
2103	25445	13	110	87	1	25445987001	18
2104	25446	12	109	87	1	25446201001	18
2105	25447	14	111	87	1	25447279001	18
2106	25447	15	112	87	1	25447183001	18
2107	25448	8	109	86	1	25448801001	18
2108	25448	9	110	86	1	25448427001	18
2109	25448	12	109	87	1	25448729000	18
2110	25448	13	110	87	1	25448856000	18
2111	25449	14	111	87	1	25449754000	18
2112	25450	10	111	86	1	25450215000	18
2113	25450	11	112	86	1	25450138001	18
2114	25450	15	112	87	1	25450099001	18
2115	25451	4	109	85	1	25451711001	18
2116	25451	8	109	86	1	25451649001	18
2117	25451	9	110	86	1	25451778000	18
2118	25452	5	110	85	1	25452135000	18
2119	25452	6	111	85	1	25452352000	18
2120	25452	7	112	85	1	25452956001	18
2121	25452	10	111	86	1	25452625000	18
2122	25452	11	112	86	1	25452745000	18
2123	25454	1	110	84	1	25454821001	18
2124	25454	4	109	85	1	25454541000	18
2125	25454	5	110	85	1	25454686001	18
2126	25455	0	109	84	1	25455031000	18
2127	25455	6	111	85	1	25455427000	18
2128	25455	7	112	85	1	25455792001	18
2129	25456	2	111	84	1	25456083000	18
2130	25456	3	112	84	1	25456271001	18
2131	25457	0	109	84	1	25457748001	18
2132	25457	1	110	84	1	25457762001	18
2133	25457	11	112	86	1	25457793001	18
2134	25458	2	111	84	1	25458717000	18
2135	25458	6	111	85	1	25458998001	18
2136	25458	9	110	86	1	25458532000	18
2137	25459	3	112	84	1	25459094001	18
2138	25459	5	110	85	1	25459180001	18
2139	25460	1	110	84	1	25460441001	18
2140	25460	7	112	85	1	25460517001	18
2141	25556	0	109	84	0	25556197000	14
2142	25556	1	110	84	0	25556014000	14
2143	25556	2	111	84	0	25556526000	14
2144	25556	3	112	84	0	25556607000	14
2145	25557	4	109	85	0	25557532001	14
2146	25557	5	110	85	0	25557349001	14
2147	25557	6	111	85	0	25557687001	14
2148	25557	7	112	85	0	25557769001	14
2149	25558	0	109	84	0	25558898000	14
2150	25558	1	110	84	0	25558208001	14
2151	25558	2	111	84	0	25558377000	14
2152	25558	8	109	86	0	25558473000	14
2153	25558	9	110	86	0	25558556001	14
2154	25558	10	111	86	0	25558795001	14
2155	25558	11	112	86	0	25558955000	14
2156	25559	3	112	84	0	25559849000	14
2157	25559	5	110	85	0	25559693001	14
2158	25560	4	109	85	1	25560526001	14
2159	25560	6	111	85	0	25560045001	14
2160	25560	7	112	85	0	25560240000	14
2161	25560	8	109	86	0	25560812000	14
2162	25560	9	110	86	0	25560796001	14
2163	25560	10	111	86	0	25560964000	14
2164	25560	11	112	86	0	25560846000	14
2165	25560	12	109	87	0	25560023001	14
2166	25560	13	110	87	0	25560112001	14
2167	25560	14	111	87	0	25560366001	14
2168	25560	15	112	87	0	25560297000	14
2169	25562	12	109	87	0	25562966001	14
2170	25562	13	110	87	0	25562563000	14
2171	25562	14	111	87	0	25562342001	14
2172	25562	15	112	87	0	25562413000	14
2173	25570	0	109	84	1	25570450001	15
2174	25570	1	110	84	1	25570487000	15
2175	25571	2	111	84	1	25571066001	15
2176	25571	3	112	84	1	25571330001	15
2177	25571	4	109	85	1	25571721001	15
2178	25571	5	110	85	1	25571849000	15
2179	25572	6	111	85	1	25572132001	15
2180	25572	7	112	85	1	25572559000	15
2181	25572	8	109	86	1	25572912001	15
2182	25573	9	110	86	1	25573037000	15
2183	25573	10	111	86	1	25573268000	15
2184	25573	11	112	86	1	25573880001	15
2185	25574	12	109	87	1	25574589001	15
2186	25574	13	110	87	1	25574316001	15
2187	25574	14	111	87	1	25574637001	15
2188	25574	15	112	87	1	25574963001	15
2189	25575	6	111	85	1	25575649000	15
2190	25575	8	109	86	0	25575347001	15
2191	25576	0	109	84	0	25576570001	15
2192	25576	4	109	85	0	25576014001	15
2193	25578	5	110	85	0	25578975000	15
2194	25578	8	109	86	0	25578531000	15
2195	25578	9	110	86	0	25578232000	15
2196	25578	12	109	87	0	25578590000	15
2197	25578	13	110	87	0	25578113001	15
2198	25579	4	109	85	0	25579322000	15
2199	25580	0	109	84	0	25580934000	15
2200	25580	1	110	84	0	25580061001	15
2201	25580	9	110	86	0	25580989001	15
2202	25581	5	110	85	0	25581481001	16
2203	25581	8	109	86	0	25581221000	15
2204	25581	13	110	87	0	25581405001	16
2205	25581	14	111	87	0	25581379000	15
2206	25582	6	111	85	0	25582239001	16
2207	25582	10	111	86	0	25582056001	16
2208	25583	1	110	84	0	25583371000	16
2209	25583	2	111	84	0	25583708001	16
2210	25583	9	110	86	0	25583910001	16
2211	25583	14	111	87	0	25583827000	16
2212	25584	5	110	85	0	25584619001	16
2213	25584	15	112	87	0	25584392001	16
2214	25585	0	109	84	1	25585767000	16
2215	25585	6	111	85	0	25585423000	16
2216	25585	11	112	86	0	25585475001	16
2217	25586	1	110	84	1	25586453000	16
2218	25586	7	112	85	0	25586810000	16
2219	25586	10	111	86	0	25586091001	16
2220	25586	14	111	87	0	25586920000	16
2221	25587	2	111	84	1	25587497000	16
2222	25587	4	109	85	1	25587294000	16
2223	25587	5	110	85	1	25587461000	16
2224	25587	15	112	87	0	25587465001	16
2225	25588	6	111	85	1	25588334001	16
2226	25588	8	109	86	1	25588307001	16
2227	25588	9	110	86	1	25588810001	16
2228	25588	11	112	86	0	25588081001	16
2229	25589	7	112	85	1	25589254000	16
2230	25589	10	111	86	1	25589388000	16
2231	25589	12	109	87	1	25589738000	17
2232	25590	11	112	86	1	25590337000	17
2233	25590	13	110	87	1	25590121001	17
2234	25590	14	111	87	1	25590768000	17
2235	25591	15	112	87	1	25591372000	17
2236	25593	5	110	85	1	25593718001	17
2237	25648	5	110	85	0	25648768000	22
2238	25656	5	110	85	1	25656745001	22
2239	26348	15	112	87	0	26348448000	22
2240	26350	11	112	86	0	26350499000	21
2241	26352	7	112	85	0	26352538001	21
2242	26354	3	112	84	0	26354172000	21
2243	26365	2	111	84	0	26365429000	18
2244	26365	5	110	85	0	26365339000	18
2245	26366	9	110	86	0	26366687000	18
2246	26474	3	112	84	0	26474982000	25
2247	26474	7	112	85	0	26474330001	25
2248	26475	6	111	85	0	26475888000	25
2249	26476	7	112	85	0	26476893000	25
2250	26476	11	112	86	0	26476431000	25
2251	26477	2	111	84	0	26477525000	25
2252	26477	3	112	84	0	26477369001	25
2253	26477	5	110	85	0	26477958001	25
2254	26477	10	111	86	0	26477244000	25
2255	26478	6	111	85	0	26478703001	25
2256	26478	9	110	86	0	26478827001	25
2257	26478	11	112	86	0	26478894000	25
2258	26479	1	110	84	0	26479389000	25
2259	26479	2	111	84	0	26479701000	26
2260	26479	4	109	85	0	26479747001	26
2261	26479	7	112	85	0	26479515000	26
2262	26479	8	109	86	0	26479572000	26
2263	26479	10	111	86	0	26479671001	26
2264	26479	15	112	87	0	26479049001	25
2265	26480	5	110	85	0	26480515000	26
2266	26480	14	111	87	0	26480135000	26
2267	26481	0	109	84	0	26481467001	26
2268	26481	1	110	84	0	26481635000	26
2269	26481	3	112	84	0	26481521001	26
2270	26481	9	110	86	0	26481605001	26
2271	26481	11	112	86	0	26481899000	26
2272	26481	13	110	87	0	26481277000	26
2273	26481	15	112	87	0	26481604000	26
2274	26482	4	109	85	0	26482161000	26
2275	26482	8	109	86	0	26482126001	26
2276	26482	10	111	86	0	26482381001	26
2277	26482	12	109	87	0	26482362001	26
2278	26482	14	111	87	0	26482628000	26
2279	26483	2	111	84	0	26483421000	26
2280	26483	6	111	85	0	26483792001	26
2281	26483	13	110	87	0	26483859001	26
2282	26484	0	109	84	0	26484039001	26
2283	26484	1	110	84	0	26484357001	26
2284	26484	8	109	86	0	26484642001	26
2285	26484	15	112	87	0	26484194001	26
2286	26485	12	109	87	0	26485056000	26
2287	26485	14	111	87	0	26485771000	26
2288	26486	9	110	86	0	26486592001	26
2289	26487	0	109	84	0	26487127001	26
2290	26487	13	110	87	0	26487503001	27
2291	26492	4	109	85	0	26492587000	27
2292	26511	3	112	84	1	26511320000	29
2293	26511	7	112	85	1	26511752001	29
2294	26511	11	112	86	1	26511773000	29
2295	26511	15	112	87	1	26511660000	29
2296	26512	2	111	84	1	26512653000	29
2297	26512	6	111	85	1	26512517001	29
2298	26512	10	111	86	1	26512633001	29
2299	26512	14	111	87	1	26512790001	29
2300	26513	1	110	84	1	26513623001	29
2301	26513	3	112	84	1	26513787001	29
2302	26513	5	110	85	1	26513931000	29
2303	26513	6	111	85	1	26513885001	29
2304	26513	9	110	86	1	26513932000	29
2305	26513	13	110	87	1	26513982000	29
2306	26513	15	112	87	1	26513991000	29
2307	26514	0	109	84	1	26514603001	29
2308	26514	4	109	85	1	26514773000	29
2309	26514	14	111	87	1	26514938001	29
2310	26515	1	110	84	1	26515153000	29
2311	26515	2	111	84	1	26515714001	29
2312	26515	8	109	86	1	26515305000	29
2313	26515	10	111	86	1	26515010001	29
2314	26515	12	109	87	1	26515267001	29
2315	26516	0	109	84	1	26516699001	29
2316	26516	4	109	85	1	26516631001	29
2317	26516	5	110	85	1	26516558001	29
2318	26516	7	112	85	1	26516357000	29
2319	26518	9	110	86	1	26518715000	29
2320	26518	13	110	87	1	26518855001	29
2321	26519	11	112	86	1	26519616000	29
2322	26878	8	109	86	0	26878304000	37
2323	26881	4	109	85	0	26881050001	37
2324	26881	12	109	87	0	26881306001	37
2325	26882	8	109	86	0	26882473000	37
2326	26883	0	109	84	0	26883969001	37
2327	26885	4	109	85	0	26885262000	37
2328	26888	0	109	84	0	26888272001	36
2329	26890	8	109	86	0	26890058001	36
2330	26896	8	109	86	1	26896940001	36
2331	26899	4	109	85	1	26899015000	36
2332	26900	12	109	87	1	26900735000	35
2333	26901	0	109	84	1	26901893001	35
2334	26910	4	109	85	1	26910939000	34
2335	26933	15	112	87	0	26933828000	30
2336	26934	14	111	87	0	26934916001	30
2337	26935	11	112	86	0	26935864001	30
2338	26935	13	110	87	0	26935594001	30
2339	26936	10	111	86	0	26936588001	30
2340	26936	12	109	87	0	26936524000	30
2341	26937	7	112	85	0	26937731000	30
2342	26937	9	110	86	0	26937259000	30
2343	26938	6	111	85	0	26938767000	29
2344	26939	3	112	84	0	26939394000	29
2345	26939	5	110	85	0	26939032000	29
2346	26940	2	111	84	0	26940278000	29
2347	26940	4	109	85	0	26940361001	29
2348	26941	1	110	84	0	26941065001	29
2349	26946	15	112	87	1	26946241001	28
2350	27228	8	109	86	0	27228620000	6
2351	27228	12	109	87	0	27228087001	6
2352	27228	13	110	87	0	27228823000	6
2353	27229	4	109	85	0	27229468000	6
2354	27229	9	110	86	0	27229600000	6
2355	27229	14	111	87	0	27229931001	6
2356	27230	0	109	84	0	27230342000	6
2357	27230	1	110	84	0	27230909000	6
2358	27230	5	110	85	0	27230506000	6
2359	27230	10	111	86	0	27230603001	6
2360	27230	12	109	87	0	27230908000	6
2361	27230	15	112	87	0	27230334000	6
2362	27231	2	111	84	0	27231890000	6
2363	27231	6	111	85	0	27231515001	6
2364	27231	8	109	86	0	27231034001	6
2365	27231	11	112	86	0	27231162000	6
2366	27231	13	110	87	0	27231365001	6
2367	27231	14	111	87	0	27231823000	6
2368	27232	1	110	84	0	27232883001	6
2369	27232	3	112	84	0	27232759001	6
2370	27232	5	110	85	0	27232906000	6
2371	27232	7	112	85	0	27232210001	6
2372	27232	9	110	86	0	27232063001	6
2373	27232	10	111	86	0	27232719001	6
2374	27232	15	112	87	0	27232600000	6
2375	27233	11	112	86	0	27233164001	6
2376	27234	2	111	84	0	27234058000	6
2377	27234	3	112	84	0	27234835001	6
2378	27234	6	111	85	0	27234954001	6
2379	27234	7	112	85	0	27234221000	6
2380	27236	14	111	87	0	27236781001	6
2381	27240	4	109	85	0	27240195000	7
2382	27241	0	109	84	0	27241124000	7
2383	27244	0	109	84	1	27244810001	7
2384	27245	4	109	85	1	27245374000	7
2385	27247	0	109	84	1	27247485000	7
2386	27247	8	109	86	1	27247811000	7
2387	27248	1	110	84	1	27248579000	7
2388	27248	4	109	85	1	27248053000	7
2389	27249	5	110	85	1	27249756000	7
2390	27249	12	109	87	1	27249512001	7
2391	27250	1	110	84	1	27250693000	8
2392	27250	8	109	86	1	27250184000	7
2393	27251	9	110	86	1	27251135000	8
2394	27252	4	109	85	1	27252980001	8
2395	27252	5	110	85	1	27252015000	8
2396	27252	12	109	87	1	27252045001	8
2397	27252	13	110	87	1	27252761000	8
2398	27253	2	111	84	1	27253214000	8
2399	27253	6	111	85	1	27253935000	8
2400	27253	9	110	86	1	27253746000	8
2401	27255	1	110	84	1	27255141001	8
2402	27255	2	111	84	1	27255863000	8
2403	27255	5	110	85	1	27255985001	8
2404	27255	10	111	86	1	27255894000	8
2405	27255	13	110	87	1	27255204000	8
2406	27256	3	112	84	1	27256879000	8
2407	27256	6	111	85	1	27256394000	8
2408	27257	14	111	87	1	27257403001	8
2409	27258	6	111	85	1	27258874000	9
2410	27258	7	112	85	1	27258425001	9
2411	27258	10	111	86	1	27258013000	9
2412	27259	3	112	84	1	27259242001	9
2413	27259	11	112	86	1	27259658001	9
2414	27259	14	111	87	1	27259664001	9
2415	27260	7	112	85	1	27260861000	9
2416	27260	15	112	87	1	27260478000	9
2417	27262	11	112	86	1	27262303001	9
2418	27263	9	110	86	1	27263451001	9
2419	27263	15	112	87	1	27263144000	9
2420	27266	15	112	87	1	27266572001	10
2421	27271	3	112	84	1	27271654000	11
2422	27271	14	111	87	1	27271513000	10
2423	27272	7	112	85	1	27272624001	11
2424	27272	11	112	86	1	27272479000	11
2425	27504	0	109	84	0	27504306000	13
2426	27504	1	110	84	0	27504317001	13
2427	27504	2	111	84	0	27504527001	13
2428	27504	3	112	84	0	27504548000	13
2429	27505	4	109	85	0	27505176000	13
2430	27505	5	110	85	0	27505382000	13
2431	27505	6	111	85	0	27505668000	13
2432	27505	7	112	85	0	27505712001	13
2433	27506	1	110	84	0	27506308000	13
2434	27506	2	111	84	0	27506624001	13
2435	27506	3	112	84	0	27506624001	13
2436	27506	8	109	86	0	27506127000	13
2437	27506	9	110	86	0	27506248000	13
2438	27506	10	111	86	0	27506515000	13
2439	27506	11	112	86	0	27506578000	13
2440	27507	5	110	85	0	27507854001	13
2441	27507	6	111	85	0	27507711001	13
2442	27507	7	112	85	0	27507881000	13
2443	27507	12	109	87	0	27507296001	13
2444	27507	13	110	87	0	27507482001	13
2445	27507	14	111	87	0	27507515000	13
2446	27507	15	112	87	0	27507565000	13
2447	27508	0	109	84	0	27508846000	13
2448	27508	9	110	86	0	27508905000	13
2449	27508	10	111	86	0	27508465001	13
2450	27508	11	112	86	0	27508662001	13
2451	27509	8	109	86	0	27509222001	13
2452	27509	14	111	87	0	27509492001	13
2453	27509	15	112	87	0	27509904000	13
2454	27510	12	109	87	0	27510498000	13
2455	27510	13	110	87	0	27510734000	13
2456	27511	4	109	85	0	27511561001	13
2457	27513	3	112	84	0	27513075001	13
2458	27515	0	109	84	1	27515877001	13
2459	27516	1	110	84	1	27516142001	13
2460	27516	2	111	84	1	27516588000	13
2461	27516	3	112	84	1	27516815001	13
2462	27516	4	109	85	1	27516801001	13
2463	27517	5	110	85	1	27517056001	14
2464	27517	6	111	85	1	27517397001	14
2465	27517	7	112	85	1	27517810000	14
2466	27517	8	109	86	1	27517956000	14
2467	27518	9	110	86	1	27518205001	14
2468	27518	10	111	86	1	27518455001	14
2469	27518	11	112	86	1	27518873000	14
2470	27518	12	109	87	1	27518834000	14
2471	27519	13	110	87	1	27519117001	14
2472	27519	14	111	87	1	27519545001	14
2473	27519	15	112	87	1	27519852000	14
2474	27544	6	111	85	1	27544367001	16
2475	27932	15	112	87	0	27932797001	15
2476	27934	11	112	86	0	27934204001	15
2477	27934	14	111	87	0	27934925000	15
2478	27934	15	112	87	0	27934694001	15
2479	27935	7	112	85	0	27935562000	15
2480	27936	3	112	84	0	27936390001	15
2481	27936	10	111	86	0	27936125000	15
2482	27936	11	112	86	0	27936050001	15
2483	27936	13	110	87	0	27936734001	15
2484	27937	6	111	85	0	27937674001	15
2485	27937	7	112	85	0	27937486000	15
2486	27937	9	110	86	0	27937858000	15
2487	27937	14	111	87	0	27937011000	15
2488	27938	2	111	84	0	27938374001	16
2489	27938	3	112	84	0	27938340001	16
2490	27938	10	111	86	0	27938329001	16
2491	27938	11	112	86	0	27938708000	16
2492	27938	12	109	87	0	27938619001	16
2493	27939	5	110	85	0	27939222001	16
2494	27939	6	111	85	0	27939767001	16
2495	27939	7	112	85	0	27939875001	16
2496	27939	8	109	86	0	27939347000	16
2497	27939	9	110	86	0	27939874001	16
2498	27939	13	110	87	0	27939408000	16
2499	27939	15	112	87	0	27939454000	16
2500	27940	1	110	84	0	27940324000	16
2501	27940	2	111	84	0	27940279001	16
2502	27940	3	112	84	0	27940886000	16
2503	27940	12	109	87	0	27940728000	16
2504	27941	4	109	85	0	27941300000	16
2505	27941	5	110	85	0	27941130001	16
2506	27941	8	109	86	0	27941339000	16
2507	27942	0	109	84	0	27942558000	16
2508	27942	1	110	84	0	27942406000	16
2509	27942	2	111	84	0	27942569000	16
2510	27943	4	109	85	0	27943705001	16
2511	27943	8	109	86	0	27943961001	16
2512	27944	0	109	84	0	27944993001	16
2513	27951	12	109	87	1	27951388001	16
2514	27951	13	110	87	1	27951245000	16
2515	27951	14	111	87	1	27951822000	17
2516	27951	15	112	87	1	27951499000	16
2517	27952	8	109	86	1	27952740000	17
2518	27952	9	110	86	1	27952863001	17
2519	27953	4	109	85	1	27953784000	17
2520	27953	10	111	86	1	27953161001	17
2521	27953	11	112	86	1	27953404000	17
2522	27953	12	109	87	1	27953526001	17
2523	27953	13	110	87	1	27953203001	17
2524	27953	14	111	87	1	27953735001	17
2525	27953	15	112	87	1	27953099001	17
2526	27954	5	110	85	1	27954169000	17
2527	27954	6	111	85	1	27954304001	17
2528	27954	7	112	85	1	27954483001	17
2529	27954	9	110	86	1	27954802001	17
2530	27955	0	109	84	1	27955495000	17
2531	27955	1	110	84	1	27955483001	17
2532	27955	2	111	84	1	27955736001	17
2533	27955	3	112	84	1	27955792001	17
2534	27955	4	109	85	1	27955528001	17
2535	27955	5	110	85	1	27955856000	17
2536	27955	6	111	85	1	27955705001	17
2537	27955	8	109	86	1	27955373001	17
2538	27955	10	111	86	1	27955320001	17
2539	27955	11	112	86	1	27955522001	17
2540	27956	7	112	85	1	27956156000	17
2541	27957	1	110	84	1	27957099000	17
2542	27957	2	111	84	1	27957580000	17
2543	27957	3	112	84	1	27957824001	17
2544	27958	0	109	84	1	27958973000	17
2545	28092	0	109	84	0	28092317001	16
2546	28093	8	109	86	0	28093815000	16
2547	28093	9	110	86	0	28093107001	16
2548	28094	5	110	85	0	28094233001	16
2549	28094	10	111	86	0	28094865000	16
2550	28094	11	112	86	0	28094364000	16
2551	28096	13	110	87	0	28096258000	15
2552	28096	15	112	87	0	28096395001	15
2553	28099	12	109	87	0	28099377000	15
2554	28147	3	112	84	0	28147509000	12
2555	28409	2	111	84	0	28409367001	10
2556	28409	3	112	84	0	28409374000	10
2557	28410	1	110	84	0	28410104000	11
2558	28412	7	112	85	0	28412570001	11
2559	28414	4	109	85	0	28414364000	11
2560	28415	11	112	86	0	28415123001	11
2561	28416	8	109	86	0	28416193000	12
2562	28419	13	110	87	0	28419842001	12
2563	28419	14	111	87	0	28419045000	12
2564	28490	0	109	84	0	28490258000	18
2565	28490	4	109	85	0	28490176000	18
2566	28490	8	109	86	0	28490227000	18
2567	28492	1	110	84	0	28492751000	18
2568	28492	5	110	85	0	28492271001	18
2569	28492	9	110	86	0	28492300000	18
2570	28493	4	109	85	1	28493214001	18
2571	28494	0	109	84	1	28494505001	17
2572	28494	2	111	84	0	28494939001	17
2573	28494	5	110	85	1	28494894001	17
2574	28494	6	111	85	0	28494966000	17
2575	28495	8	109	86	1	28495188000	17
2576	28496	1	110	84	1	28496317000	17
2577	28497	3	112	84	0	28497009000	17
2578	28497	6	111	85	1	28497173001	17
2579	28497	7	112	85	0	28497438001	17
2580	28498	2	111	84	1	28498217001	17
2581	28499	3	112	84	1	28499955000	17
2582	28504	7	112	85	1	28504185000	17
2583	28724	15	112	87	0	28724376000	11
2584	28727	11	112	86	0	28727662001	11
2585	28727	15	112	87	0	28727817001	11
2586	28729	7	112	85	0	28729995001	11
2587	28729	15	112	87	0	28729676000	11
2588	28730	11	112	86	0	28730636000	11
2589	28731	3	112	84	0	28731049000	11
2590	28731	14	111	87	0	28731048001	11
2591	28732	7	112	85	0	28732919001	11
2592	28732	10	111	86	0	28732857001	11
2593	28732	15	112	87	0	28732332000	11
2594	28733	11	112	86	0	28733374000	11
2595	28733	14	111	87	0	28733751000	11
2596	28734	3	112	84	0	28734298001	11
2597	28735	6	111	85	0	28735647000	11
2598	28735	7	112	85	0	28735379001	11
2599	28735	10	111	86	0	28735601001	11
2600	28735	11	112	86	0	28735968000	11
2601	28736	2	111	84	0	28736745000	11
2602	28736	3	112	84	0	28736795001	11
2603	28736	13	110	87	0	28736633000	11
2604	28736	14	111	87	0	28736552001	11
2605	28738	6	111	85	0	28738443001	11
2606	28738	7	112	85	0	28738907000	11
2607	28738	9	110	86	0	28738744000	11
2608	28738	10	111	86	0	28738385001	11
2609	28739	13	110	87	0	28739750001	11
2610	28740	2	111	84	0	28740070001	11
2611	28740	3	112	84	0	28740000001	11
2612	28740	5	110	85	0	28740977001	12
2613	28741	6	111	85	0	28741843001	12
2614	28741	9	110	86	0	28741739001	12
2615	28742	2	111	84	0	28742324001	12
2616	28742	8	109	86	0	28742053000	12
2617	28742	12	109	87	0	28742641000	12
2618	28743	1	110	84	0	28743405001	12
2619	28743	10	111	86	0	28743775000	12
2620	28744	5	110	85	0	28744235001	12
2621	28744	9	110	86	0	28744151001	12
2622	28745	2	111	84	0	28745791000	12
2623	28745	6	111	85	0	28745267000	12
2624	28745	8	109	86	0	28745862001	12
2625	28745	12	109	87	0	28745665001	12
2626	28745	15	112	87	1	28745497000	12
2627	28746	13	110	87	0	28746916000	12
2628	28747	1	110	84	0	28747009000	12
2629	28747	3	112	84	0	28747444001	12
2630	28747	4	109	85	0	28747276000	12
2631	28747	5	110	85	0	28747163001	12
2632	28748	8	109	86	0	28748514000	12
2633	28748	9	110	86	0	28748280001	12
2634	28749	14	111	87	1	28749903001	12
2635	28750	0	109	84	0	28750543001	12
2636	28750	1	110	84	0	28750189000	12
2637	28750	4	109	85	0	28750428000	12
2638	28751	5	110	85	0	28751042000	12
2639	28751	8	109	86	0	28751122001	12
2640	28753	0	109	84	0	28753987001	12
2641	28753	1	110	84	0	28753593001	12
2642	28754	4	109	85	0	28754136001	12
2643	28755	3	112	84	0	28755916000	12
2644	28757	0	109	84	0	28757741001	13
2645	28758	4	109	85	0	28758335001	13
2646	28758	15	112	87	1	28758993001	13
2647	28762	0	109	84	0	28762883001	13
2648	28778	15	112	87	0	28778660001	14
2649	28783	15	112	87	0	28783476000	15
2650	28784	8	109	86	0	28784997000	15
2651	28785	9	110	86	0	28785843000	15
2652	28786	14	111	87	0	28786405001	15
2653	28789	12	109	87	0	28789820000	15
2654	28790	13	110	87	0	28790233001	15
2655	28790	15	112	87	0	28790487000	15
2656	28795	15	112	87	0	28795975000	16
2657	28797	14	111	87	0	28797407000	16
2658	28799	12	109	87	0	28799881000	16
2659	28800	13	110	87	0	28800226001	16
2660	28801	15	112	87	0	28801541000	16
2661	28806	10	111	86	0	28806733001	16
2662	28807	12	109	87	0	28807678001	16
2663	28860	3	112	84	1	28860172000	16
2664	28861	7	112	85	1	28861571000	16
2665	28862	2	111	84	1	28862347000	16
2666	28862	3	112	84	1	28862283000	16
2667	28862	11	112	86	1	28862326001	16
2668	28862	15	112	87	1	28862963001	16
2669	28863	6	111	85	1	28863108000	16
2670	28863	7	112	85	1	28863545001	16
2671	28863	10	111	86	1	28863343001	16
2672	28864	1	110	84	1	28864194000	15
2673	28864	2	111	84	1	28864222000	15
2674	28864	11	112	86	1	28864303000	15
2675	28864	15	112	87	1	28864715001	15
2676	28865	5	110	85	1	28865047000	15
2677	28865	6	111	85	1	28865060000	15
2678	28865	10	111	86	1	28865690001	15
2679	28865	14	111	87	1	28865188001	15
2680	28866	0	109	84	1	28866401001	15
2681	28866	1	110	84	1	28866191001	15
2682	28866	5	110	85	1	28866918000	15
2683	28866	9	110	86	1	28866242000	15
2684	28867	4	109	85	1	28867243001	15
2685	28867	13	110	87	1	28867172001	15
2686	28867	14	111	87	1	28867139001	15
2687	28868	0	109	84	1	28868675001	15
2688	28868	8	109	86	1	28868615000	15
2689	28868	9	110	86	1	28868225001	15
2690	28869	4	109	85	1	28869588000	15
2691	28869	12	109	87	1	28869513000	15
2692	28869	13	110	87	1	28869395000	15
2693	28870	8	109	86	1	28870832000	15
2694	28871	12	109	87	1	28871846000	15
2695	28875	5	110	85	1	28875319000	14
2696	29494	8	109	86	0	29494489001	11
2697	29494	15	112	87	0	29494783000	12
2698	29495	11	112	86	0	29495771000	12
2699	29497	9	110	86	0	29497358000	12
2700	29498	2	111	84	0	29498217001	12
2701	29498	3	112	84	0	29498950001	13
2702	29498	7	112	85	0	29498721001	13
2703	30285	13	110	87	0	30285771000	18
2704	30286	14	111	87	0	30286658001	18
2705	30286	15	112	87	0	30286483000	18
2706	30287	8	109	86	0	30287151001	18
2707	30287	9	110	86	0	30287509000	18
2708	30288	11	112	86	0	30288695000	18
2709	30289	5	110	85	0	30289525000	18
2710	30290	7	112	85	0	30290627001	18
2711	30291	2	111	84	0	30291881001	18
2712	30292	3	112	84	0	30292323001	18
2713	30385	12	109	87	0	30385909000	11
2714	30386	4	109	85	0	30386829000	11
2715	30386	8	109	86	0	30386103000	11
2716	30386	13	110	87	0	30386793000	11
2717	30387	0	109	84	0	30387355000	11
2718	30387	5	110	85	0	30387869001	11
2719	30387	9	110	86	0	30387076001	11
2720	30387	14	111	87	0	30387662000	11
2721	30388	1	110	84	0	30388320000	11
2722	30388	4	109	85	0	30388958001	11
2723	30388	6	111	85	0	30388883000	11
2724	30388	8	109	86	0	30388240001	11
2725	30388	10	111	86	0	30388097001	11
2726	30388	12	109	87	0	30388563000	11
2727	30388	15	112	87	0	30388576001	11
2728	30389	2	111	84	0	30389260000	11
2729	30389	3	112	84	0	30389798000	11
2730	30389	7	112	85	0	30389740001	11
2731	30389	9	110	86	0	30389462001	11
2732	30389	11	112	86	0	30389069000	11
2733	30389	13	110	87	0	30389481001	11
2734	30389	14	111	87	0	30389583001	11
2735	30390	0	109	84	0	30390073001	11
2736	30390	1	110	84	0	30390297001	11
2737	30390	5	110	85	0	30390229000	11
2738	30390	6	111	85	0	30390997000	11
2739	30390	10	111	86	0	30390419001	11
2740	30390	15	112	87	0	30390466001	11
2741	30391	2	111	84	0	30391165001	11
2742	30391	3	112	84	0	30391863001	11
2743	30391	11	112	86	0	30391223001	11
2744	30392	7	112	85	0	30392319001	11
2745	30393	8	109	86	0	30393135001	11
2746	30394	2	111	84	0	30394166000	11
2747	30394	3	112	84	0	30394965000	11
2748	30399	11	112	86	0	30399255001	11
2749	30403	0	109	84	1	30403819000	11
2750	30404	4	109	85	1	30404996000	11
2751	30405	1	110	84	1	30405814000	11
2752	30406	0	109	84	1	30406966000	11
2753	30406	8	109	86	1	30406113000	11
2754	30407	1	110	84	1	30407565000	11
2755	30407	4	109	85	1	30407056000	11
2756	30407	5	110	85	1	30407069000	11
2757	30407	12	109	87	1	30407306000	11
2758	30408	2	111	84	1	30408359000	11
2759	30408	5	110	85	1	30408953001	11
2760	30408	8	109	86	1	30408859000	11
2761	30408	9	110	86	1	30408119000	11
2762	30409	6	111	85	1	30409672001	11
2763	30409	12	109	87	1	30409889000	11
2764	30409	13	110	87	1	30409523000	11
2765	30410	2	111	84	1	30410406001	11
2766	30410	3	112	84	1	30410456001	11
2767	30410	9	110	86	1	30410547001	11
2768	30410	10	111	86	1	30410338001	11
2769	30411	6	111	85	1	30411317000	11
2770	30411	7	112	85	1	30411713000	11
2771	30411	14	111	87	1	30411997000	11
2772	30412	3	112	84	1	30412634000	11
2773	30412	10	111	86	1	30412193001	11
2774	30412	11	112	86	1	30412708001	11
2775	30412	13	110	87	1	30412538000	11
2776	30413	7	112	85	1	30413732001	11
2777	30413	15	112	87	1	30413818000	11
2778	30414	11	112	86	1	30414914001	11
2779	30414	14	111	87	1	30414369001	11
2780	30415	15	112	87	1	30415757000	11
2781	30735	11	112	86	0	30735208000	12
2782	30741	7	112	85	0	30741278001	12
2783	30745	2	111	84	0	30745150001	13
2784	30745	3	112	84	0	30745350001	13
2785	30894	8	109	86	0	30894908001	16
2786	30894	12	109	87	0	30894714001	16
2787	30895	4	109	85	0	30895916000	16
2788	30896	0	109	84	0	30896539000	16
2789	30896	9	110	86	0	30896628000	16
2790	30896	13	110	87	0	30896118001	16
2791	30897	1	110	84	0	30897902001	16
2792	30897	5	110	85	0	30897266001	16
2793	30897	8	109	86	0	30897432001	16
2794	30897	12	109	87	0	30897286001	16
2795	30897	14	111	87	0	30897647000	16
2796	30898	0	109	84	0	30898945000	16
2797	30898	4	109	85	0	30898472000	16
2798	30898	10	111	86	0	30898227000	16
2799	30898	15	112	87	0	30898776000	16
2800	30899	2	111	84	0	30899522000	16
2801	30899	5	110	85	0	30899512001	16
2802	30899	6	111	85	0	30899098001	16
2803	30899	9	110	86	0	30899009000	16
2804	30899	11	112	86	0	30899892001	16
2805	30899	13	110	87	0	30899059001	16
2806	30899	14	111	87	0	30899753000	16
2807	30900	1	110	84	0	30900300001	16
2808	30900	7	112	85	0	30900568000	16
2809	30900	10	111	86	0	30900906000	16
2810	30900	15	112	87	0	30900824000	16
2811	30901	2	111	84	0	30901467001	16
2812	30901	3	112	84	0	30901134000	16
2813	30901	6	111	85	0	30901738001	16
2814	30902	0	109	84	1	30902780000	16
2815	30902	7	112	85	0	30902878001	16
2816	30902	11	112	86	0	30902120001	16
2817	30903	3	112	84	0	30903311001	15
2818	30903	4	109	85	1	30903838001	15
2819	30904	1	110	84	1	30904269000	15
2820	30905	3	112	84	0	30905588001	15
2821	30905	5	110	85	1	30905376000	15
2822	30905	8	109	86	1	30905236001	15
2823	30906	2	111	84	1	30906289001	15
2824	30906	4	109	85	1	30906745001	15
2825	30906	9	110	86	1	30906384001	15
2826	30906	12	109	87	1	30906479000	15
2827	30907	1	110	84	1	30907939000	15
2828	30907	3	112	84	1	30907676001	15
2829	30907	5	110	85	1	30907685001	15
2830	30907	6	111	85	1	30907005000	15
2831	30907	13	110	87	1	30907463000	15
2832	30908	6	111	85	1	30908787001	15
2833	30908	7	112	85	1	30908714001	15
2834	30908	10	111	86	1	30908250001	15
2835	30909	9	110	86	1	30909502001	15
2836	30909	11	112	86	1	30909580000	15
2837	30909	14	111	87	1	30909256000	15
2838	30910	0	109	84	1	30910076001	15
2839	30910	15	112	87	1	30910365000	15
2840	30911	13	110	87	1	30911110001	15
2841	30912	7	112	85	1	30912884000	15
2842	30912	14	111	87	1	30912556001	15
2843	30912	15	112	87	1	30912356001	15
2844	30913	11	112	86	1	30913699001	15
2845	30969	9	110	86	0	30969132001	10
2846	31536	8	109	86	0	31536693000	7
2847	31536	12	109	87	0	31536389000	7
2848	31537	4	109	85	0	31537655001	7
2849	31537	9	110	86	0	31537837001	7
2850	31537	13	110	87	0	31537182001	7
2851	31538	0	109	84	0	31538497000	7
2852	31538	5	110	85	0	31538534000	7
2853	31538	8	109	86	0	31538729001	7
2854	31538	10	111	86	0	31538986001	7
2855	31538	14	111	87	0	31538267000	7
2856	31538	15	112	87	0	31538994001	7
2857	31539	1	110	84	0	31539242001	7
2858	31539	6	111	85	0	31539854000	7
2859	31539	11	112	86	0	31539854000	7
2860	31539	12	109	87	0	31539027000	7
2861	31540	2	111	84	0	31540197000	7
2862	31540	3	112	84	0	31540922001	8
2863	31540	4	109	85	0	31540307000	7
2864	31540	7	112	85	0	31540669001	8
2865	31540	9	110	86	0	31540343000	7
2866	31540	13	110	87	0	31540085000	7
2867	31540	14	111	87	0	31540473000	8
2868	31541	0	109	84	0	31541477001	8
2869	31541	1	110	84	0	31541669000	8
2870	31541	5	110	85	0	31541058000	8
2871	31541	10	111	86	0	31541068001	8
2872	31541	11	112	86	0	31541753000	8
2873	31541	15	112	87	0	31541024000	8
2874	31542	2	111	84	0	31542108000	8
2875	31542	3	112	84	0	31542999001	8
2876	31542	6	111	85	0	31542118001	8
2877	31542	7	112	85	0	31542735001	8
2878	31555	14	111	87	0	31555663001	11
2879	31560	12	109	87	1	31560794001	12
2880	31560	13	110	87	1	31560524001	12
2881	31560	14	111	87	1	31560574001	12
2882	31560	15	112	87	1	31560397001	12
2883	31561	8	109	86	1	31561820000	12
2884	31561	9	110	86	1	31561397000	12
2885	31561	10	111	86	1	31561706001	12
2886	31561	11	112	86	1	31561811000	12
2887	31562	4	109	85	1	31562900000	12
2888	31562	5	110	85	1	31562864000	12
2889	31562	6	111	85	1	31562788000	12
2890	31562	7	112	85	1	31562950001	12
2891	31562	14	111	87	1	31562961001	12
2892	31562	15	112	87	1	31562196000	12
2893	31563	0	109	84	1	31563975000	12
2894	31563	3	112	84	1	31563747000	12
2895	31563	9	110	86	1	31563214001	12
2896	31563	13	110	87	1	31563784000	12
2897	31564	1	110	84	1	31564140001	12
2898	31564	2	111	84	1	31564215000	12
2899	31564	5	110	85	1	31564721000	12
2900	31564	6	111	85	1	31564172000	12
2901	31565	3	112	84	1	31565887001	12
2902	31565	4	109	85	1	31565154000	12
2903	31565	7	112	85	1	31565134001	12
2904	31565	10	111	86	1	31565038001	12
2905	31565	11	112	86	1	31565018001	12
2906	31566	0	109	84	1	31566446000	13
2907	31566	1	110	84	1	31566119001	12
2908	31566	2	111	84	1	31566662001	13
2909	31580	8	109	86	1	31580755001	15
2910	31581	3	112	84	0	31581445001	15
2911	31665	0	109	84	1	31665876000	15
2912	31665	1	110	84	1	31665811000	15
2913	31665	2	111	84	0	31665707000	16
2914	31665	3	112	84	0	31665538000	16
2915	31667	1	110	84	0	31667932001	15
2916	31667	2	111	84	0	31667671000	15
2917	31667	3	112	84	0	31667908000	15
2918	31667	4	109	85	0	31667240000	15
2919	31667	5	110	85	0	31667190000	15
2920	31667	6	111	85	0	31667240000	15
2921	31667	7	112	85	0	31667087001	15
2922	31668	0	109	84	0	31668867000	15
2923	31668	8	109	86	0	31668257000	15
2924	31668	9	110	86	0	31668504000	15
2925	31668	10	111	86	0	31668224001	15
2926	31668	11	112	86	0	31668244001	15
2927	31669	4	109	85	0	31669654001	15
2928	31669	5	110	85	0	31669477001	15
2929	31669	6	111	85	0	31669535001	15
2930	31669	7	112	85	0	31669269000	15
2931	31669	13	110	87	0	31669789001	15
2932	31669	14	111	87	1	31669866000	15
2933	31669	15	112	87	1	31669546000	15
2934	31670	8	109	86	0	31670465000	15
2935	31670	9	110	86	0	31670659001	15
2936	31670	10	111	86	0	31670217001	15
2937	31670	11	112	86	0	31670202001	15
2938	31670	12	109	87	0	31670253001	15
2939	31671	15	112	87	0	31671572000	15
2940	31672	2	111	84	0	31672272000	14
2941	31672	13	110	87	0	31672361001	14
2942	31672	14	111	87	0	31672022000	15
2943	31673	7	112	85	0	31673766001	14
2944	31673	12	109	87	0	31673125000	14
2945	31687	0	109	84	1	31687969001	13
2946	31688	4	109	85	1	31688674000	12
2947	31689	1	110	84	1	31689390001	12
2948	31690	5	110	85	1	31690379000	12
2949	31690	8	109	86	1	31690036000	12
2950	31691	0	109	84	1	31691005000	12
2951	31691	1	110	84	1	31691093001	12
2952	31691	2	111	84	1	31691342000	12
2953	31691	4	109	85	1	31691188001	12
2954	31691	9	110	86	1	31691212000	12
2955	31691	12	109	87	1	31691040001	12
2956	31692	5	110	85	1	31692347000	12
2957	31692	6	111	85	1	31692476000	12
2958	31692	13	110	87	1	31692673000	12
2959	31693	2	111	84	1	31693403001	12
2960	31693	3	112	84	1	31693143000	12
2961	31693	9	110	86	1	31693044001	12
2962	31693	10	111	86	1	31693646001	12
2963	31694	6	111	85	1	31694097000	12
2964	31694	7	112	85	1	31694400001	12
2965	31694	12	109	87	1	31694233000	12
2966	31694	13	110	87	1	31694958000	12
2967	31694	14	111	87	1	31694537000	12
2968	31695	3	112	84	1	31695583000	12
2969	31695	8	109	86	1	31695077000	12
2970	31695	10	111	86	1	31695877001	11
2971	31695	11	112	86	1	31695377001	12
2972	31696	7	112	85	1	31696416000	11
2973	31696	14	111	87	1	31696367001	11
2974	31696	15	112	87	1	31696484000	11
2975	31697	11	112	86	1	31697394001	11
2976	31698	15	112	87	1	31698274000	11
2977	31770	8	109	86	0	31770099001	7
2978	32036	15	112	87	0	32036720001	7
2979	32038	11	112	86	0	32038181001	7
2980	32039	15	112	87	0	32039031001	7
2981	32040	3	112	84	0	32040988000	7
2982	32041	7	112	85	0	32041610000	7
2983	32041	11	112	86	0	32041859001	7
2984	32041	15	112	87	0	32041243001	7
2985	32042	14	111	87	0	32042961000	7
2986	32043	15	112	87	0	32043862000	7
2987	32044	3	112	84	0	32044886000	7
2988	32044	7	112	85	0	32044493001	7
2989	32044	10	111	86	0	32044734000	7
2990	32044	11	112	86	0	32044190001	7
2991	32045	14	111	87	0	32045353000	7
2992	32046	7	112	85	0	32046904000	8
2993	32046	10	111	86	0	32046934000	8
2994	32046	11	112	86	0	32046899001	8
2995	32047	2	111	84	0	32047669000	8
2996	32047	3	112	84	0	32047292000	8
2997	32047	6	111	85	0	32047712000	8
2998	32047	13	110	87	0	32047277001	8
2999	32047	15	112	87	0	32047232001	8
3000	32048	14	111	87	0	32048385001	8
3001	32049	3	112	84	0	32049838001	8
3002	32049	9	110	86	0	32049089001	8
3003	32049	10	111	86	0	32049822000	8
3004	32049	13	110	87	0	32049905001	8
3005	32050	2	111	84	0	32050533001	8
3006	32050	6	111	85	0	32050073000	8
3007	32050	7	112	85	0	32050425000	8
3008	32050	12	109	87	0	32050938001	8
3009	32051	5	110	85	0	32051090001	8
3010	32051	9	110	86	0	32051620000	8
3011	32052	2	111	84	0	32052801001	8
3012	32052	8	109	86	0	32052644001	8
3013	32052	13	110	87	0	32052614000	8
3014	32053	1	110	84	0	32053495000	8
3015	32053	5	110	85	0	32053658000	8
3016	32053	6	111	85	0	32053123000	8
3017	32053	9	110	86	0	32053891000	8
3018	32053	12	109	87	0	32053623001	8
3019	32055	1	110	84	0	32055881000	9
3020	32055	2	111	84	0	32055614000	9
3021	32055	5	110	85	0	32055911001	9
3022	32055	8	109	86	0	32055101001	8
3023	32056	4	109	85	0	32056103000	9
3024	32057	0	109	84	0	32057945001	9
3025	32057	8	109	86	0	32057575000	9
3026	32057	12	109	87	0	32057084001	9
3027	32058	1	110	84	0	32058619000	9
3028	32058	4	109	85	0	32058606000	9
3029	32060	0	109	84	0	32060820000	9
3030	32061	3	112	84	1	32061507000	10
3031	32061	4	109	85	0	32061752000	10
3032	32062	5	110	85	0	32062611000	10
3033	32063	7	112	85	1	32063397001	10
3034	32064	0	109	84	0	32064440000	10
3035	32064	3	112	84	1	32064542001	10
3036	32065	2	111	84	1	32065711000	10
3037	32066	6	111	85	1	32066609000	11
3038	32066	7	112	85	1	32066376000	11
3039	32066	11	112	86	1	32066035000	11
3040	32067	15	112	87	1	32067082000	11
3041	32068	11	112	86	1	32068718000	11
3042	32069	2	111	84	1	32069136000	11
3043	32069	10	111	86	1	32069621000	12
3044	32069	15	112	87	1	32069828001	12
3045	32070	1	110	84	1	32070321000	12
3046	32070	6	111	85	1	32070024001	12
3047	32070	7	112	85	1	32070096000	12
3048	32071	3	112	84	1	32071812001	12
3049	32071	5	110	85	1	32071679001	12
3050	32071	14	111	87	1	32071243001	12
3051	32072	6	111	85	1	32072183001	12
3052	32072	10	111	86	1	32072636001	12
3053	32073	1	110	84	1	32073760000	13
3054	32073	9	110	86	1	32073983000	13
3055	32073	15	112	87	1	32073097000	12
3056	32074	0	109	84	1	32074140000	13
3057	32074	5	110	85	1	32074729000	13
3058	32074	13	110	87	1	32074227001	13
3059	32074	14	111	87	1	32074186000	13
3060	32075	4	109	85	1	32075722000	13
3061	32075	11	112	86	1	32075623000	13
3062	32076	9	110	86	1	32076827001	14
3063	32077	0	109	84	1	32077570001	14
3064	32077	8	109	86	1	32077899001	14
3065	32077	13	110	87	1	32077626001	14
3066	32078	5	110	85	1	32078155001	14
3067	32079	4	109	85	1	32079057000	14
3068	32079	12	109	87	1	32079416001	14
3069	32080	1	110	84	1	32080611000	15
3070	32080	8	109	86	1	32080962000	15
3071	32080	13	110	87	1	32080902001	15
3072	32082	9	110	86	1	32082061001	15
3073	32082	12	109	87	1	32082287001	15
3074	32082	14	111	87	1	32082959001	16
3075	32083	4	109	85	1	32083388000	16
3076	32085	0	109	84	1	32085343001	16
3077	32113	12	109	87	1	32113708001	26
3078	32696	3	112	84	0	32696544001	20
3079	32727	0	109	84	0	32727825001	21
3080	32727	4	109	85	0	32727651001	21
3081	32727	8	109	86	0	32727219000	21
3082	32727	12	109	87	0	32727173001	21
3083	32728	1	110	84	0	32728733000	21
3084	32728	5	110	85	0	32728485000	21
3085	32728	9	110	86	0	32728282000	21
3086	32728	13	110	87	0	32728116000	21
3087	32728	14	111	87	0	32728980000	21
3088	32729	2	111	84	0	32729709000	21
3089	32729	6	111	85	0	32729698000	21
3090	32729	8	109	86	0	32729266001	21
3091	32729	10	111	86	0	32729344000	21
3092	32729	15	112	87	0	32729800000	21
3093	32730	0	109	84	0	32730324001	21
3094	32730	1	110	84	0	32730861000	21
3095	32730	3	112	84	0	32730739000	21
3096	32730	4	109	85	0	32730175001	21
3097	32730	5	110	85	0	32730463001	21
3098	32730	7	112	85	0	32730539000	21
3099	32730	9	110	86	0	32730361001	21
3100	32730	11	112	86	0	32730161001	21
3101	32730	12	109	87	0	32730003001	21
3102	32730	13	110	87	0	32730565000	21
3103	32731	2	111	84	0	32731569001	21
3104	32731	10	111	86	0	32731377001	21
3105	32731	14	111	87	0	32731367000	21
3106	32731	15	112	87	0	32731660000	21
3107	32732	3	112	84	0	32732724000	21
3108	32732	6	111	85	0	32732472001	21
3109	32732	7	112	85	0	32732590001	21
3110	32732	11	112	86	0	32732126001	21
3111	32746	12	109	87	1	32746606000	22
3112	32747	13	110	87	1	32747201000	22
3113	32747	14	111	87	1	32747830001	22
3114	32747	15	112	87	1	32747742001	22
3115	32748	8	109	86	1	32748816000	22
3116	32748	12	109	87	1	32748665001	22
3117	32749	9	110	86	1	32749055000	22
3118	32749	10	111	86	1	32749941000	22
3119	32749	13	110	87	1	32749172001	22
3120	32749	14	111	87	1	32749644001	22
3121	32749	15	112	87	1	32749939000	22
3122	32750	4	109	85	1	32750599001	22
3123	32750	8	109	86	1	32750958000	22
3124	32750	11	112	86	1	32750577000	22
3125	32751	5	110	85	1	32751398001	22
3126	32751	6	111	85	1	32751905001	22
3127	32751	9	110	86	1	32751054001	22
3128	32751	10	111	86	1	32751831001	22
3129	32752	0	109	84	1	32752837000	22
3130	32752	1	110	84	1	32752771001	22
3131	32752	4	109	85	1	32752613001	22
3132	32752	7	112	85	1	32752581000	22
3133	32752	11	112	86	1	32752467001	22
3134	32753	2	111	84	1	32753727000	22
3135	32753	5	110	85	1	32753320001	22
3136	32753	6	111	85	1	32753766000	22
3137	32754	3	112	84	1	32754495000	22
3138	32754	7	112	85	1	32754628001	22
3139	32755	0	109	84	1	32755137000	22
3140	32755	1	110	84	1	32755196000	22
3141	32756	2	111	84	1	32756074000	22
3142	32756	3	112	84	1	32756801001	22
3143	33084	4	109	85	0	33084821000	25
3144	33084	8	109	86	0	33084375001	25
3145	33084	12	109	87	0	33084639001	25
3146	33085	0	109	84	0	33085175000	25
3147	33085	9	110	86	0	33085982001	25
3148	33085	13	110	87	0	33085837000	25
3149	33086	1	110	84	0	33086412001	25
3150	33086	5	110	85	0	33086152000	25
3151	33086	8	109	86	0	33086650000	25
3152	33087	0	109	84	0	33087732001	25
3153	33087	2	111	84	0	33087670001	25
3154	33087	4	109	85	0	33087230000	25
3155	33087	6	111	85	0	33087917000	25
3156	33087	10	111	86	0	33087408001	25
3157	33087	12	109	87	0	33087280000	25
3158	33087	14	111	87	0	33087335001	25
3159	33088	1	110	84	0	33088685000	25
3160	33088	5	110	85	0	33088326001	25
3161	33088	9	110	86	0	33088326001	25
3162	33088	11	112	86	0	33088649001	25
3163	33088	13	110	87	0	33088391001	25
3164	33088	15	112	87	0	33088616001	25
3165	33089	3	112	84	0	33089034000	25
3166	33089	7	112	85	0	33089039000	25
3167	33089	10	111	86	0	33089492000	25
3168	33089	14	111	87	0	33089475000	25
3169	33090	2	111	84	0	33090045001	25
3170	33090	6	111	85	0	33090598000	25
3171	33090	11	112	86	0	33090618000	25
3172	33090	15	112	87	0	33090584000	25
3173	33091	3	112	84	0	33091129001	25
3174	33091	7	112	85	0	33091476000	25
3175	33095	13	110	87	0	33095142001	25
3176	33121	12	109	87	1	33121764000	23
3177	33122	0	109	84	1	33122317001	23
3178	33122	13	110	87	1	33122270000	23
3179	33124	1	110	84	1	33124142000	23
3180	33124	4	109	85	1	33124158001	23
3181	33124	14	111	87	1	33124092000	23
3182	33125	0	109	84	1	33125154001	23
3183	33125	8	109	86	1	33125804001	23
3184	33125	15	112	87	1	33125411000	23
3185	33126	1	110	84	1	33126108001	23
3186	33126	2	111	84	1	33126694001	23
3187	33126	4	109	85	1	33126232001	23
3188	33126	5	110	85	1	33126128001	23
3189	33126	12	109	87	1	33126668001	23
3190	33126	13	110	87	1	33126475000	23
3191	33127	3	112	84	1	33127937001	23
3192	33127	5	110	85	1	33127917001	23
3193	33127	9	110	86	1	33127213000	23
3194	33127	14	111	87	1	33127947000	23
3195	33128	2	111	84	1	33128872001	23
3196	33128	6	111	85	1	33128568001	23
3197	33128	8	109	86	1	33128277000	23
3198	33129	9	110	86	1	33129466001	23
3199	33130	3	112	84	1	33130163001	23
3200	33130	6	111	85	1	33130325000	23
3201	33130	7	112	85	1	33130691000	23
3202	33130	10	111	86	1	33130131000	23
3203	33130	13	110	87	1	33130211001	23
3204	33130	15	112	87	1	33130751001	23
3205	33131	12	109	87	1	33131541000	23
3206	33132	7	112	85	1	33132787001	23
3207	33132	10	111	86	1	33132372001	23
3208	33132	11	112	86	1	33132011000	23
3209	33132	14	111	87	1	33132694001	23
3210	33134	11	112	86	1	33134391001	22
3211	33135	15	112	87	1	33135524001	22
3212	33136	14	111	87	1	33136802001	22
3213	33144	13	110	87	1	33144667000	21
3214	33253	5	110	85	1	33253880001	4
3215	33399	5	110	85	0	33399605001	33
3216	33465	8	109	86	0	33465953000	23
3217	33465	12	109	87	0	33465892001	23
3218	33466	4	109	85	0	33466739000	23
3219	33467	0	109	84	0	33467008000	23
3220	33467	9	110	86	0	33467755000	23
3221	33467	13	110	87	0	33467172000	23
3222	33468	1	110	84	0	33468510001	23
3223	33468	5	110	85	0	33468248001	23
3224	33468	8	109	86	0	33468502001	23
3225	33468	12	109	87	0	33468591001	23
3226	33468	14	111	87	0	33468615000	23
3227	33469	2	111	84	0	33469993001	22
3228	33469	4	109	85	1	33469509001	22
3229	33469	6	111	85	0	33469892001	22
3230	33469	10	111	86	0	33469106001	22
3231	33469	13	110	87	0	33469664001	22
3232	33470	0	109	84	1	33470202001	22
3233	33470	5	110	85	1	33470717001	22
3234	33470	8	109	86	1	33470619000	22
3235	33470	9	110	86	0	33470361000	22
3236	33470	11	112	86	0	33470593001	22
3237	33470	14	111	87	0	33470831000	22
3238	33470	15	112	87	0	33470259000	22
3239	33471	1	110	84	1	33471028000	22
3240	33471	3	112	84	0	33471317000	22
3241	33471	6	111	85	1	33471964000	21
3242	33471	7	112	85	0	33471059001	22
3243	33471	10	111	86	0	33471523000	22
3244	33471	12	109	87	1	33471538001	22
3245	33472	9	110	86	1	33472218000	21
3246	33472	11	112	86	0	33472993001	21
3247	33472	13	110	87	1	33472428001	21
3248	33472	15	112	87	0	33472233001	21
3249	33473	2	111	84	1	33473588000	21
3250	33473	7	112	85	1	33473550001	21
3251	33473	10	111	86	1	33473197000	21
3252	33473	14	111	87	1	33473841000	21
3253	33474	11	112	86	1	33474670001	20
3254	33474	15	112	87	1	33474534000	20
3255	33476	15	112	87	1	33476488001	20
3256	33478	14	111	87	1	33478360001	19
3257	34019	15	112	87	0	34019829001	14
3258	34020	11	112	86	0	34020435000	14
3259	34021	14	111	87	0	34021497001	14
3260	34022	7	112	85	0	34022009000	15
3261	34025	3	112	84	0	34025052001	15
3262	34078	2	111	84	0	34078568000	19
3263	34079	1	110	84	0	34079646001	19
3264	34080	5	110	85	0	34080983001	19
3265	34084	8	109	86	0	34084175001	19
3266	34109	3	112	84	0	34109503001	20
3267	34110	7	112	85	0	34110907000	20
3268	34111	2	111	84	0	34111625001	20
3269	34111	3	112	84	0	34111925000	20
3270	34111	6	111	85	0	34111222000	20
3271	34112	5	110	85	0	34112809000	20
3272	34112	9	110	86	0	34112948001	20
3273	34112	10	111	86	0	34112388001	20
3274	34112	11	112	86	0	34112197001	20
3275	34113	2	111	84	0	34113908001	20
3276	34113	6	111	85	0	34113770001	20
3277	34113	7	112	85	0	34113026000	20
3278	34113	8	109	86	0	34113713000	20
3279	34113	15	112	87	0	34113793001	20
3280	34114	10	111	86	0	34114565000	20
3281	34114	11	112	86	0	34114394000	20
3282	34114	12	109	87	0	34114895000	20
3283	34114	13	110	87	0	34114492000	20
3284	34114	14	111	87	0	34114336001	20
3285	34115	1	110	84	0	34115384000	21
3286	34115	4	109	85	0	34115024000	20
3287	34115	5	110	85	0	34115300000	21
3288	34115	8	109	86	0	34115946001	21
3289	34115	9	110	86	0	34115362000	21
3290	34116	13	110	87	0	34116971000	21
3291	34116	14	111	87	0	34116368001	21
3292	34116	15	112	87	0	34116165001	21
3293	34117	0	109	84	0	34117855000	21
3294	34117	1	110	84	0	34117993000	21
3295	34117	2	111	84	0	34117596000	21
3296	34117	4	109	85	0	34117726000	21
3297	34117	12	109	87	0	34117486000	21
3298	34120	0	109	84	0	34120559000	21
3299	34120	5	110	85	0	34120714000	21
3300	34120	8	109	86	0	34120646001	21
3301	34121	1	110	84	0	34121780001	21
3302	34121	4	109	85	0	34121026001	21
3303	34124	0	109	84	0	34124099001	21
3304	34124	3	112	84	0	34124018000	21
3305	34124	11	112	86	0	34124155001	21
3306	34139	3	112	84	1	34139832000	22
3307	34140	7	112	85	1	34140414000	22
3308	34140	11	112	86	1	34140266000	22
3309	34140	15	112	87	1	34140795000	22
3310	34141	2	111	84	1	34141086001	22
3311	34141	6	111	85	1	34141222000	22
3312	34141	10	111	86	1	34141493000	22
3313	34141	14	111	87	1	34141718000	22
3314	34142	1	110	84	1	34142248001	22
3315	34142	5	110	85	1	34142113001	22
3316	34142	6	111	85	1	34142949001	22
3317	34142	9	110	86	1	34142422001	22
3318	34142	11	112	86	1	34142286000	22
3319	34142	13	110	87	1	34142841000	22
3320	34143	0	109	84	1	34143219001	22
3321	34143	4	109	85	1	34143358000	22
3322	34143	8	109	86	1	34143679000	22
3323	34144	5	110	85	1	34144051000	22
3324	34144	12	109	87	1	34144074001	22
3325	34144	14	111	87	1	34144608000	22
3326	34145	9	110	86	1	34145337000	22
3327	34148	3	112	84	1	34148999001	22
3328	34150	15	112	87	1	34150606001	22
3329	34172	1	110	84	1	34172775001	23
3330	34333	3	112	84	0	34333722001	15
3331	34335	2	111	84	0	34335367000	14
3332	34336	1	110	84	0	34336239000	14
3333	34337	0	109	84	0	34337527001	14
3334	34344	0	109	84	0	34344142000	13
3335	34344	1	110	84	0	34344538000	13
3336	34344	2	111	84	0	34344677000	13
3337	34345	3	112	84	0	34345261001	13
3338	34346	2	111	84	0	34346988001	13
3339	34347	4	109	85	0	34347963000	13
3340	34347	5	110	85	0	34347711001	13
3341	34348	0	109	84	0	34348474001	13
3342	34348	1	110	84	0	34348075001	13
3343	34348	3	112	84	0	34348373001	13
3344	34348	6	111	85	0	34348430001	13
3345	34348	7	112	85	0	34348983000	13
3346	34350	2	111	84	0	34350750000	12
3347	34350	4	109	85	0	34350747000	12
3348	34350	5	110	85	0	34350178000	12
3349	34350	9	110	86	0	34350997000	12
3350	34351	1	110	84	0	34351455001	12
3351	34351	3	112	84	0	34351614000	12
3352	34351	6	111	85	0	34351229001	12
3353	34351	7	112	85	0	34351465000	12
3354	34351	8	109	86	0	34351045000	12
3355	34351	10	111	86	0	34351535000	12
3356	34351	11	112	86	0	34351204001	12
3357	34353	5	110	85	0	34353173000	12
3358	34353	9	110	86	0	34353792000	12
3359	34353	11	112	86	0	34353419001	12
3360	34353	14	111	87	0	34353929001	12
3361	34353	15	112	87	0	34353885000	12
3362	34354	4	109	85	0	34354287000	12
3363	34354	6	111	85	0	34354341000	12
3364	34354	7	112	85	0	34354567001	12
3365	34354	8	109	86	0	34354150000	12
3366	34354	10	111	86	0	34354103001	12
3367	34354	12	109	87	0	34354339001	12
3368	34354	13	110	87	0	34354270000	12
3369	34356	2	111	84	0	34356213001	12
3370	34356	8	109	86	0	34356437000	12
3371	34356	10	111	86	0	34356982001	12
3372	34356	11	112	86	0	34356295001	12
3373	34356	14	111	87	0	34356441001	12
3374	34356	15	112	87	0	34356246000	12
3375	34357	0	109	84	0	34357074000	12
3376	34357	9	110	86	0	34357553001	12
3377	34357	12	109	87	0	34357540000	12
3378	34357	13	110	87	0	34357064001	12
3379	34358	15	112	87	0	34358856001	12
3380	34359	14	111	87	0	34359921000	12
3381	34361	10	111	86	0	34361703000	13
3382	34374	3	112	84	1	34374615000	15
3383	34374	7	112	85	1	34374839001	16
3384	34375	2	111	84	1	34375801001	16
3385	34375	11	112	86	1	34375861001	16
3386	34376	3	112	84	1	34376888001	16
3387	34376	6	111	85	1	34376544001	16
3388	34376	7	112	85	1	34376730001	16
3389	34376	10	111	86	1	34376888001	16
3390	34376	15	112	87	1	34376048000	16
3391	34377	1	110	84	1	34377798000	16
3392	34377	2	111	84	1	34377633001	16
3393	34377	6	111	85	1	34377983001	17
3394	34377	11	112	86	1	34377960001	16
3395	34377	14	111	87	1	34377704001	16
3396	34377	15	112	87	1	34377872001	16
3397	34378	5	110	85	1	34378167000	17
3398	34378	9	110	86	1	34378538000	17
3399	34378	10	111	86	1	34378773001	17
3400	34379	0	109	84	1	34379619000	17
3401	34379	1	110	84	1	34379627000	17
3402	34379	4	109	85	1	34379821000	17
3403	34379	13	110	87	1	34379322001	17
3404	34379	14	111	87	1	34379440001	17
3405	34380	5	110	85	1	34380021000	17
3406	34380	8	109	86	1	34380461000	17
3407	34380	9	110	86	1	34380446000	17
3408	34381	0	109	84	1	34381928001	18
3409	34381	4	109	85	1	34381750001	18
3410	34381	12	109	87	1	34381332001	18
3411	34381	13	110	87	1	34381303001	18
3412	34382	8	109	86	1	34382504000	18
3413	34383	12	109	87	1	34383685000	18
3414	34499	8	109	86	0	34499289000	21
3415	34499	12	109	87	0	34499047000	21
3416	34500	0	109	84	0	34500607001	21
3417	34500	4	109	85	0	34500068000	21
3418	34500	13	110	87	0	34500608000	21
3419	34501	5	110	85	0	34501815001	20
3420	34501	8	109	86	0	34501584001	20
3421	34501	9	110	86	0	34501035001	21
3422	34502	1	110	84	0	34502162000	20
3423	34502	4	109	85	0	34502891000	20
3424	34502	10	111	86	0	34502779001	20
3425	34502	12	109	87	0	34502101001	20
3426	34502	14	111	87	0	34502461001	20
3427	34503	2	111	84	0	34503907000	20
3428	34503	6	111	85	0	34503769000	20
3429	34503	9	110	86	0	34503336000	20
3430	34503	13	110	87	0	34503254000	20
3431	34503	15	112	87	0	34503732000	20
3432	34504	1	110	84	0	34504262000	19
3433	34504	5	110	85	0	34504313001	19
3434	34504	11	112	86	0	34504302001	19
3435	34504	14	111	87	0	34504723000	19
3436	34505	0	109	84	1	34505112000	19
3437	34505	2	111	84	0	34505772001	19
3438	34505	3	112	84	0	34505274000	19
3439	34505	4	109	85	1	34505946001	19
3440	34505	7	112	85	0	34505066000	19
3441	34505	10	111	86	0	34505231001	19
3442	34506	1	110	84	1	34506508001	19
3443	34506	6	111	85	0	34506387001	19
3444	34506	11	112	86	0	34506139000	19
3445	34506	15	112	87	0	34506140001	19
3446	34507	3	112	84	0	34507639000	18
3447	34507	5	110	85	1	34507603001	18
3448	34507	7	112	85	0	34507197000	18
3449	34507	8	109	86	1	34507591000	18
3450	34508	2	111	84	1	34508651001	18
3451	34508	9	110	86	1	34508833001	18
3452	34508	12	109	87	1	34508983001	18
3453	34509	4	109	85	1	34509721000	18
3454	34509	5	110	85	1	34509764000	18
3455	34509	6	111	85	1	34509923001	18
3456	34510	3	112	84	1	34510653000	17
3457	34510	9	110	86	1	34510853000	17
3458	34510	13	110	87	1	34510615001	17
3459	34510	15	112	87	0	34510800001	17
3460	34511	6	111	85	1	34511959000	17
3461	34511	7	112	85	1	34511698001	17
3462	34511	10	111	86	1	34511321001	17
3463	34512	1	110	84	1	34512225001	17
3464	34512	12	109	87	1	34512819001	17
3465	34512	14	111	87	1	34512819001	17
3466	34513	7	112	85	1	34513787001	16
3467	34513	11	112	86	1	34513491001	16
3468	34513	13	110	87	1	34513238001	16
3469	34514	2	111	84	1	34514328000	16
3470	34514	15	112	87	1	34514019000	16
3471	34515	8	109	86	1	34515070001	16
3472	34515	10	111	86	1	34515777000	16
3473	34515	15	112	87	1	34515825000	16
3474	34516	14	111	87	1	34516185000	15
3475	34517	3	112	84	1	34517926001	15
3476	34517	11	112	86	1	34517133001	15
3477	34577	11	112	86	0	34577007001	11
3478	34577	15	112	87	0	34577003000	11
3479	34578	3	112	84	0	34578507001	11
3480	34578	7	112	85	0	34578318001	11
3481	34578	11	112	86	0	34578984000	11
3482	34578	14	111	87	0	34578621000	11
3483	34578	15	112	87	0	34578942000	11
3484	34579	2	111	84	0	34579942001	11
3485	34579	10	111	86	0	34579209000	11
3486	34580	3	112	84	0	34580614000	11
3487	34580	6	111	85	0	34580198001	11
3488	34580	7	112	85	0	34580601001	11
3489	34580	13	110	87	0	34580966001	11
3490	34580	14	111	87	0	34580615001	11
3491	34581	2	111	84	0	34581768001	11
3492	34581	9	110	86	0	34581634001	11
3493	34581	10	111	86	0	34581134000	11
3494	34582	1	110	84	0	34582622001	11
3495	34582	5	110	85	0	34582212000	11
3496	34582	6	111	85	0	34582435001	11
3497	34582	8	109	86	0	34582786000	11
3498	34582	12	109	87	0	34582717001	11
3499	34583	4	109	85	0	34583974000	11
3500	34583	13	110	87	0	34583268001	11
3501	34584	0	109	84	0	34584949001	11
3502	34584	1	110	84	0	34584892001	11
3503	34584	5	110	85	0	34584233000	11
3504	34584	8	109	86	0	34584923001	11
3505	34584	9	110	86	0	34584027000	11
3506	34584	11	112	86	0	34584912001	11
3507	34584	12	109	87	0	34584980001	11
3508	34585	2	111	84	0	34585245001	11
3509	34586	4	109	85	0	34586480001	11
3510	34587	0	109	84	0	34587912001	11
3511	34592	8	109	86	0	34592305001	11
3512	34612	3	112	84	1	34612743001	10
3513	34613	2	111	84	1	34613869001	10
3514	34613	7	112	85	1	34613612001	10
3515	34614	6	111	85	1	34614308001	10
3516	34614	11	112	86	1	34614205000	10
3517	34615	1	110	84	1	34615207000	11
3518	34615	2	111	84	1	34615753000	11
3519	34615	3	112	84	1	34615661001	11
3520	34615	5	110	85	1	34615903001	11
3521	34615	6	111	85	1	34615811001	11
3522	34615	7	112	85	1	34615701001	11
3523	34615	10	111	86	1	34615209000	11
3524	34615	15	112	87	1	34615026000	10
3525	34616	0	109	84	1	34616606000	11
3526	34616	9	110	86	1	34616853000	11
3527	34616	10	111	86	1	34616883001	11
3528	34616	11	112	86	1	34616177001	11
3529	34616	14	111	87	1	34616294001	11
3530	34616	15	112	87	1	34616963000	11
3531	34617	1	110	84	1	34617013000	11
3532	34617	4	109	85	1	34617105001	11
3533	34617	5	110	85	1	34617526000	11
3534	34617	8	109	86	1	34617888001	11
3535	34617	13	110	87	1	34617479001	11
3536	34618	12	109	87	1	34618855001	11
3537	34618	14	111	87	1	34618238000	11
3538	34619	4	109	85	1	34619119000	11
3539	34619	9	110	86	1	34619468000	11
3540	34620	8	109	86	1	34620554000	11
3541	34620	13	110	87	1	34620027001	11
3542	34622	12	109	87	1	34622382001	11
3543	34627	0	109	84	1	34627810001	12
3544	34665	11	112	86	0	34665985000	21
3545	34666	15	112	87	0	34666428001	22
3546	34795	13	110	87	0	34795033001	13
3547	34795	14	111	87	0	34795787000	13
3548	34796	15	112	87	0	34796745001	12
3549	34797	11	112	86	0	34797481000	12
3550	34797	14	111	87	1	34797777001	12
3551	34799	15	112	87	1	34799173001	12
3552	34804	11	112	86	1	34804016000	10
3553	35121	12	109	87	0	35121193000	16
3554	35122	14	111	87	0	35122654000	16
3555	35123	8	109	86	0	35123166000	16
3556	35124	9	110	86	0	35124393000	16
3557	35125	10	111	86	0	35125127000	16
3558	35125	11	112	86	0	35125512001	16
3559	35126	5	110	85	0	35126996000	17
3560	35128	7	112	85	0	35128254000	17
3561	35129	1	110	84	0	35129689000	17
3562	35129	2	111	84	0	35129813000	17
3563	35130	3	112	84	0	35130393000	17
3564	35218	8	109	86	0	35218893001	15
3565	35218	12	109	87	0	35218689000	15
3566	35219	0	109	84	0	35219375000	15
3567	35219	4	109	85	0	35219147000	15
3568	35219	5	110	85	0	35219937001	15
3569	35219	9	110	86	0	35219592000	15
3570	35219	13	110	87	0	35219234000	15
3571	35219	14	111	87	0	35219964000	15
3572	35220	1	110	84	0	35220042000	15
3573	35220	2	111	84	0	35220890000	15
3574	35220	6	111	85	0	35220619000	15
3575	35220	10	111	86	0	35220178000	15
3576	35220	15	112	87	0	35220481000	15
3577	35221	3	112	84	0	35221556000	15
3578	35221	7	112	85	0	35221391000	15
3579	35221	11	112	86	0	35221050000	15
3580	35223	1	110	84	0	35223906000	15
3581	35223	4	109	85	0	35223857001	15
3582	35223	14	111	87	0	35223641001	15
3583	35223	15	112	87	0	35223144000	15
3584	35224	2	111	84	0	35224212001	15
3585	35225	8	109	86	0	35225350000	15
3586	35225	9	110	86	0	35225449000	15
3587	35229	11	112	86	0	35229883001	15
3588	35231	7	112	85	0	35231632000	15
3589	35232	1	110	84	0	35232288000	15
3590	35233	5	110	85	0	35233181001	15
3591	35234	12	109	87	1	35234992000	15
3592	35234	13	110	87	1	35234914001	15
3593	35234	14	111	87	1	35234874000	15
3594	35235	8	109	86	1	35235760000	15
3595	35235	9	110	86	1	35235721000	15
3596	35235	15	112	87	1	35235062000	15
3597	35236	4	109	85	1	35236966001	15
3598	35236	5	110	85	1	35236945000	15
3599	35236	10	111	86	1	35236225000	15
3600	35236	11	112	86	1	35236194000	15
3601	35236	14	111	87	1	35236644000	15
3602	35236	15	112	87	1	35236965000	15
3603	35237	6	111	85	1	35237403001	15
3604	35237	7	112	85	1	35237369001	15
3605	35237	9	110	86	1	35237516000	15
3606	35238	0	109	84	1	35238373001	15
3607	35238	1	110	84	1	35238102000	15
3608	35238	2	111	84	1	35238452001	15
3609	35238	3	112	84	1	35238775000	15
3610	35238	5	110	85	1	35238551001	15
3611	35238	8	109	86	1	35238373001	15
3612	35238	11	112	86	1	35238125001	15
3613	35239	1	110	84	1	35239774000	15
3614	35239	4	109	85	1	35239222000	15
3615	35239	6	111	85	1	35239248001	15
3616	35239	7	112	85	1	35239150001	15
3617	35240	2	111	84	1	35240255000	15
3618	35846	3	112	84	0	35846364001	11
3619	36002	15	112	87	0	36002819001	12
3620	36003	7	112	85	0	36003892001	12
3621	36003	11	112	86	0	36003144000	12
3622	36004	3	112	84	0	36004493001	12
3623	36004	11	112	86	0	36004981001	12
3624	36004	15	112	87	0	36004608000	12
3625	36005	7	112	85	0	36005834000	12
3626	36005	10	111	86	0	36005862001	12
3627	36005	14	111	87	0	36005500000	12
3628	36006	2	111	84	0	36006638001	12
3629	36006	3	112	84	0	36006527000	12
3630	36006	6	111	85	0	36006589000	12
3631	36007	9	110	86	0	36007908001	12
3632	36007	10	111	86	0	36007836000	12
3633	36007	11	112	86	0	36007073000	12
3634	36007	13	110	87	0	36007855000	12
3635	36007	14	111	87	0	36007514001	12
3636	36007	15	112	87	0	36007055001	12
3637	36008	2	111	84	0	36008645001	11
3638	36008	5	110	85	0	36008896000	11
3639	36008	6	111	85	0	36008509001	11
3640	36008	7	112	85	0	36008997001	11
3641	36009	1	110	84	0	36009614000	11
3642	36010	5	110	85	0	36010899001	11
3643	36010	8	109	86	0	36010319001	11
3644	36010	9	110	86	0	36010034000	11
3645	36010	12	109	87	0	36010361001	11
3646	36010	13	110	87	0	36010406001	11
3647	36011	1	110	84	0	36011569001	11
3648	36011	2	111	84	0	36011274000	11
3649	36011	4	109	85	0	36011499001	11
3650	36012	0	109	84	0	36012401000	11
3651	36012	8	109	86	0	36012360001	11
3652	36012	9	110	86	0	36012546001	11
3653	36012	12	109	87	0	36012642000	11
3654	36014	4	109	85	0	36014208001	10
3655	36014	5	110	85	0	36014464001	10
3656	36015	0	109	84	0	36015072001	10
3657	36015	8	109	86	0	36015119000	10
3658	36031	3	112	84	1	36031379001	8
3659	36032	2	111	84	1	36032935001	8
3660	36032	7	112	85	1	36032700000	8
3661	36033	3	112	84	1	36033831000	8
3662	36033	11	112	86	1	36033673000	8
3663	36034	1	110	84	1	36034960000	8
3664	36034	2	111	84	1	36034841000	8
3665	36034	6	111	85	1	36034100001	8
3666	36034	7	112	85	1	36034522001	8
3667	36034	10	111	86	1	36034990001	8
3668	36034	15	112	87	1	36034614000	8
3669	36035	5	110	85	1	36035922000	8
3670	36035	6	111	85	1	36035761001	8
3671	36035	11	112	86	1	36035644000	8
3672	36036	0	109	84	1	36036004000	8
3673	36036	1	110	84	1	36036772000	8
3674	36036	9	110	86	1	36036564000	8
3675	36036	10	111	86	1	36036889001	8
3676	36036	14	111	87	1	36036488000	8
3677	36036	15	112	87	1	36036453001	8
3678	36037	4	109	85	1	36037166000	8
3679	36037	5	110	85	1	36037644000	8
3680	36037	13	110	87	1	36037865001	8
3681	36038	0	109	84	1	36038087000	8
3682	36038	8	109	86	1	36038538001	8
3683	36038	9	110	86	1	36038436000	8
3684	36038	14	111	87	1	36038344001	8
3685	36039	4	109	85	1	36039108000	8
3686	36039	12	109	87	1	36039678001	8
3687	36040	8	109	86	1	36040746000	8
3688	36040	13	110	87	1	36040105000	8
3689	36041	12	109	87	1	36041724001	9
3690	36161	8	109	86	0	36161690000	22
3691	36161	12	109	87	0	36161754001	22
3692	36162	0	109	84	0	36162740000	21
3693	36162	4	109	85	0	36162315000	22
3694	36162	13	110	87	0	36162686001	21
3695	36163	1	110	84	0	36163565000	21
3696	36163	5	110	85	0	36163288001	21
3697	36163	9	110	86	0	36163138001	21
3698	36163	14	111	87	0	36163944001	21
3699	36164	2	111	84	0	36164624001	21
3700	36164	6	111	85	0	36164708000	21
3701	36164	8	109	86	0	36164044000	21
3702	36164	10	111	86	0	36164044000	21
3703	36164	15	112	87	0	36164822001	21
3704	36165	0	109	84	0	36165484000	21
3705	36165	1	110	84	0	36165636000	20
3706	36165	3	112	84	0	36165807001	20
3707	36165	4	109	85	0	36165479000	21
3708	36165	5	110	85	0	36165511001	21
3709	36165	7	112	85	0	36165657001	20
3710	36165	11	112	86	0	36165256000	21
3711	36165	12	109	87	0	36165053000	21
3712	36165	13	110	87	0	36165884000	20
3713	36165	14	111	87	0	36165910001	20
3714	36166	2	111	84	0	36166636000	20
3715	36166	6	111	85	0	36166784000	20
3716	36166	10	111	86	0	36166273001	20
3717	36167	7	112	85	0	36167590000	20
3718	36167	11	112	86	0	36167706001	20
3719	36167	15	112	87	0	36167027000	20
3720	36168	3	112	84	0	36168210001	20
3721	36171	9	110	86	0	36171076000	19
3722	36176	1	110	84	0	36176950000	17
3723	36176	14	111	87	0	36176421000	17
3724	36181	8	109	86	0	36181801000	16
3725	36184	15	112	87	0	36184745000	15
3726	36191	0	109	84	1	36191582000	14
3727	36192	4	109	85	1	36192858001	13
3728	36193	1	110	84	1	36193453000	13
3729	36194	0	109	84	1	36194261000	13
3730	36194	8	109	86	1	36194430000	13
3731	36195	1	110	84	1	36195771001	13
3732	36195	4	109	85	1	36195242001	13
3733	36195	5	110	85	1	36195732000	13
3734	36195	12	109	87	1	36195965001	13
3735	36196	8	109	86	1	36196753001	13
3736	36196	9	110	86	1	36196504000	13
3737	36196	15	112	87	1	36196666001	13
3738	36197	13	110	87	1	36197431001	13
3739	36197	14	111	87	1	36197943001	12
3740	36198	2	111	84	1	36198197001	12
3741	36198	5	110	85	1	36198170000	12
3742	36198	12	109	87	1	36198455001	12
3743	36199	1	110	84	1	36199070000	12
3744	36199	6	111	85	1	36199805000	12
3745	36199	9	110	86	1	36199030001	12
3746	36199	15	112	87	1	36199985000	12
3747	36200	10	111	86	1	36200234001	12
3748	36200	13	110	87	1	36200140000	12
3749	36200	14	111	87	1	36200939000	12
3750	36201	2	111	84	1	36201030001	12
3751	36201	3	112	84	1	36201877001	12
3752	36201	6	111	85	1	36201949000	12
3753	36201	11	112	86	1	36201076001	12
3754	36202	9	110	86	1	36202088001	12
3755	36202	15	112	87	1	36202405000	12
3756	36203	7	112	85	1	36203174000	12
3757	36203	10	111	86	1	36203342000	12
3758	36204	3	112	84	1	36204830001	12
3759	36204	6	111	85	1	36204148001	12
3760	36204	11	112	86	1	36204135001	12
3761	36204	14	111	87	1	36204554001	12
3762	36205	13	110	87	1	36205045000	12
3763	36206	7	112	85	1	36206487001	12
3764	36207	11	112	86	1	36207966000	12
3765	36210	7	112	85	1	36210279000	12
3766	36211	3	112	84	1	36211035001	12
3767	36233	3	112	84	0	36233103000	13
3768	36235	2	111	84	0	36235206000	13
3769	36236	3	112	84	0	36236348000	13
3770	36238	1	110	84	0	36238173001	13
3771	36238	2	111	84	0	36238163000	13
3772	36239	5	110	85	0	36239313001	13
3773	36240	1	110	84	1	36240977001	13
3774	36240	3	112	84	0	36240809000	13
3775	36240	6	111	85	0	36240320000	13
3776	36240	7	112	85	0	36240922000	13
3777	36241	0	109	84	0	36241324000	13
3778	36241	4	109	85	0	36241236001	13
3779	36242	2	111	84	0	36242267000	13
3780	36242	5	110	85	0	36242543000	13
3781	36242	8	109	86	0	36242579000	13
3782	36243	6	111	85	0	36243887001	13
3783	36243	7	112	85	0	36243644001	13
3784	36243	9	110	86	0	36243013000	13
3785	36244	0	109	84	1	36244549000	13
3786	36244	1	110	84	0	36244494001	13
3787	36244	3	112	84	0	36244169000	13
3788	36244	4	109	85	0	36244550001	13
3789	36245	8	109	86	0	36245388000	13
3790	36245	9	110	86	0	36245733001	13
3791	36245	10	111	86	0	36245468001	13
3792	36245	11	112	86	0	36245617001	13
3793	36246	3	112	84	0	36246682000	13
3794	36246	5	110	85	0	36246935001	13
3795	36246	7	112	85	0	36246954001	13
3796	36247	2	111	84	0	36247455001	13
3797	36247	6	111	85	0	36247456000	13
3798	36247	10	111	86	0	36247980000	13
3799	36247	11	112	86	0	36247955000	13
3800	36247	12	109	87	0	36247441001	13
3801	36247	13	110	87	0	36247941000	13
3802	36248	8	109	86	0	36248312000	13
3803	36248	14	111	87	0	36248620001	13
3804	36249	7	112	85	0	36249907000	13
3805	36249	9	110	86	0	36249503000	13
3806	36249	15	112	87	0	36249653001	13
3807	36250	11	112	86	0	36250472001	13
3808	36250	12	109	87	0	36250601001	13
3809	36250	13	110	87	0	36250711001	13
3810	36251	8	109	86	0	36251666000	12
3811	36251	10	111	86	0	36251112000	13
3812	36251	14	111	87	0	36251020000	13
3813	36251	15	112	87	0	36251698000	12
3814	36252	4	109	85	0	36252483000	12
3815	36252	11	112	86	0	36252962001	12
3816	36253	12	109	87	0	36253739001	12
3817	36254	13	110	87	0	36254204001	12
3818	36254	14	111	87	0	36254149000	12
3819	36254	15	112	87	0	36254255001	12
3820	36258	3	112	84	0	36258702000	12
3821	36263	5	110	85	0	36263876001	11
3822	36284	3	112	84	1	36284027001	9
3823	36285	7	112	85	1	36285421000	9
3824	36286	2	111	84	1	36286132001	9
3825	36286	3	112	84	1	36286239001	9
3826	36286	11	112	86	1	36286772000	9
3827	36287	1	110	84	1	36287454001	9
3828	36287	6	111	85	1	36287180000	9
3829	36287	7	112	85	1	36287294001	9
3830	36287	15	112	87	1	36287715000	9
3831	36288	2	111	84	1	36288152001	9
3832	36288	5	110	85	1	36288026001	9
3833	36288	6	111	85	1	36288694000	9
3834	36288	10	111	86	1	36288166000	9
3835	36288	11	112	86	1	36288766001	9
3836	36289	0	109	84	1	36289157001	9
3837	36289	1	110	84	1	36289288000	9
3838	36289	14	111	87	1	36289589000	9
3839	36289	15	112	87	1	36289450001	9
3840	36290	4	109	85	1	36290308001	9
3841	36290	5	110	85	1	36290235001	9
3842	36290	9	110	86	1	36290289001	9
3843	36290	10	111	86	1	36290178000	9
3844	36291	0	109	84	1	36291362000	9
3845	36291	13	110	87	1	36291183001	9
3846	36291	14	111	87	1	36291476001	9
3847	36292	4	109	85	1	36292405001	9
3848	36292	8	109	86	1	36292079001	9
3849	36292	9	110	86	1	36292305000	9
3850	36293	12	109	87	1	36293375000	9
3851	36293	13	110	87	1	36293344000	9
3852	36294	8	109	86	1	36294221000	9
3853	36295	12	109	87	1	36295570000	9
3854	36299	5	110	85	1	36299948001	8
3855	36457	15	112	87	0	36457335001	12
3856	36458	11	112	86	0	36458375001	12
3857	36459	3	112	84	0	36459640000	12
3858	36459	7	112	85	0	36459504001	12
3859	36459	14	111	87	0	36459513001	12
3860	36459	15	112	87	0	36459369001	12
3861	36460	10	111	86	0	36460594001	12
3862	36460	11	112	86	0	36460517001	12
3863	36461	3	112	84	0	36461638001	12
3864	36461	6	111	85	0	36461832001	12
3865	36461	7	112	85	0	36461558001	12
3866	36461	13	110	87	0	36461477001	12
3867	36461	14	111	87	0	36461531001	12
3868	36462	2	111	84	0	36462247000	12
3869	36462	9	110	86	0	36462761001	12
3870	36462	10	111	86	0	36462628001	12
3871	36463	5	110	85	0	36463254000	12
3872	36463	11	112	86	0	36463000001	12
3873	36463	12	109	87	0	36463185001	12
3874	36463	13	110	87	0	36463958000	12
3875	36464	1	110	84	0	36464799000	12
3876	36464	2	111	84	0	36464178000	12
3877	36464	3	112	84	0	36464567001	12
3878	36464	6	111	85	0	36464052001	12
3879	36464	8	109	86	0	36464058001	12
3880	36464	9	110	86	0	36464889000	12
3881	36465	4	109	85	0	36465955001	12
3882	36465	5	110	85	0	36465304001	12
3883	36465	12	109	87	0	36465557000	12
3884	36466	0	109	84	0	36466943001	12
3885	36466	8	109	86	0	36466116000	12
3886	36467	1	110	84	0	36467115000	12
3887	36467	2	111	84	0	36467083001	12
3888	36468	4	109	85	0	36468489000	12
3889	36469	0	109	84	0	36469463000	12
3890	36471	5	110	85	0	36471547001	12
3891	36485	3	112	84	1	36485791000	15
3892	36486	7	112	85	1	36486819000	15
3893	36487	2	111	84	1	36487324001	15
3894	36487	6	111	85	1	36487693000	15
3895	36487	11	112	86	1	36487014001	15
3896	36487	15	112	87	1	36487449000	15
3897	36488	1	110	84	1	36488590001	15
3898	36488	3	112	84	1	36488179001	15
3899	36488	5	110	85	1	36488802000	15
3900	36488	10	111	86	1	36488314001	15
3901	36488	11	112	86	1	36488932000	15
3902	36488	14	111	87	1	36488724000	15
3903	36489	0	109	84	1	36489785000	16
3904	36489	6	111	85	1	36489245000	15
3905	36489	9	110	86	1	36489627000	15
3906	36489	13	110	87	1	36489919001	16
3907	36489	15	112	87	1	36489611001	15
3908	36490	1	110	84	1	36490349001	16
3909	36490	2	111	84	1	36490891000	16
3910	36490	4	109	85	1	36490272000	16
3911	36490	5	110	85	1	36490426000	16
3912	36490	8	109	86	1	36490941000	16
3913	36490	14	111	87	1	36490401000	16
3914	36491	7	112	85	1	36491098001	16
3915	36491	10	111	86	1	36491973001	16
3916	36491	12	109	87	1	36491681000	16
3917	36491	13	110	87	1	36491880001	16
3918	36492	0	109	84	1	36492504001	16
3919	36492	4	109	85	1	36492173001	16
3920	36492	9	110	86	1	36492127001	16
3921	36493	8	109	86	1	36493670001	16
3922	36494	12	109	87	1	36494445000	17
3923	36653	8	109	86	0	36653543000	20
3924	36653	12	109	87	0	36653473000	20
3925	36654	0	109	84	0	36654437001	19
3926	36654	4	109	85	0	36654126000	19
3927	36654	5	110	85	0	36654952001	19
3928	36654	9	110	86	0	36654548000	19
3929	36654	13	110	87	0	36654241000	19
3930	36655	1	110	84	0	36655190000	19
3931	36655	6	111	85	0	36655949000	19
3932	36655	8	109	86	0	36655686001	19
3933	36655	10	111	86	0	36655300000	19
3934	36655	14	111	87	0	36655170000	19
3935	36655	15	112	87	0	36655899000	19
3936	36656	2	111	84	0	36656035001	19
3937	36656	3	112	84	0	36656824000	19
3938	36656	5	110	85	0	36656985000	19
3939	36656	7	112	85	0	36656682001	19
3940	36656	11	112	86	0	36656201001	19
3941	36656	12	109	87	0	36656406000	19
3942	36657	0	109	84	0	36657176000	19
3943	36657	2	111	84	0	36657875000	19
3944	36657	4	109	85	0	36657746001	19
3945	36657	14	111	87	0	36657293001	19
3946	36657	15	112	87	0	36657969001	19
3947	36658	10	111	86	0	36658018000	19
3948	36659	1	110	84	0	36659365001	19
3949	36659	3	112	84	0	36659252001	19
3950	36659	11	112	86	0	36659559001	18
3951	36660	7	112	85	0	36660132000	18
3952	36661	6	111	85	1	36661677000	18
3953	36661	12	109	87	1	36661890000	18
3954	36662	0	109	84	0	36662452001	18
3955	36662	13	110	87	1	36662561001	18
3956	36662	14	111	87	1	36662991000	18
3957	36662	15	112	87	1	36662194000	18
3958	36663	8	109	86	1	36663488001	18
3959	36663	9	110	86	1	36663935001	18
3960	36663	10	111	86	1	36663650000	18
3961	36664	2	111	84	0	36664640000	18
3962	36664	11	112	86	1	36664178000	18
3963	36664	12	109	87	1	36664114000	18
3964	36664	13	110	87	1	36664680000	18
3965	36664	14	111	87	1	36664828000	18
3966	36664	15	112	87	1	36664680000	18
3967	36666	4	109	85	1	36666853001	17
3968	36666	5	110	85	1	36666376000	17
3969	36666	6	111	85	1	36666708000	17
3970	36666	7	112	85	1	36666905000	17
3971	36666	8	109	86	1	36666455000	17
3972	36666	9	110	86	1	36666353001	17
3973	36666	10	111	86	1	36666333001	17
3974	36666	11	112	86	1	36666794001	17
3975	36668	1	110	84	1	36668334001	17
3976	36669	2	111	84	1	36669423001	17
3977	36669	3	112	84	1	36669954000	16
3978	36669	4	109	85	1	36669634001	17
3979	36669	5	110	85	1	36669498000	17
3980	36669	6	111	85	1	36669106000	17
3981	36670	0	109	84	1	36670556000	16
3982	36670	7	112	85	1	36670034001	16
3983	36671	1	110	84	1	36671963000	16
3984	36671	6	111	85	1	36671364000	16
3985	36673	2	111	84	1	36673372001	16
3986	36673	3	112	84	1	36673909001	16
3987	36674	0	109	84	1	36674068000	16
3988	36674	1	110	84	1	36674783000	16
3989	36674	5	110	85	1	36674258001	16
3990	36675	7	112	85	1	36675840001	15
3991	36676	2	111	84	1	36676896000	15
3992	36677	3	112	84	1	36677728001	15
3993	36678	0	109	84	1	36678090000	15
3994	36693	1	110	84	1	36693293000	13
3995	36813	15	112	87	0	36813828001	12
3996	36815	11	112	86	0	36815775001	12
3997	36815	14	111	87	0	36815959000	12
3998	36815	15	112	87	0	36815884000	12
3999	36816	7	112	85	0	36816457000	12
4000	36817	3	112	84	0	36817679000	12
4001	36817	10	111	86	0	36817751001	12
4002	36817	11	112	86	0	36817804001	12
4003	36818	7	112	85	0	36818742001	12
4004	36818	13	110	87	0	36818287000	12
4005	36818	14	111	87	0	36818080001	12
4006	36819	3	112	84	0	36819633001	12
4007	36819	6	111	85	0	36819119001	12
4008	36819	9	110	86	0	36819685000	12
4009	36819	10	111	86	0	36819769001	12
4010	36820	2	111	84	0	36820036001	12
4011	36820	5	110	85	0	36820529001	12
4012	36820	12	109	87	0	36820153000	12
4013	36820	13	110	87	0	36820515001	12
4014	36820	15	112	87	0	36820287001	12
4015	36821	2	111	84	0	36821864000	13
4016	36821	6	111	85	0	36821556001	13
4017	36821	8	109	86	0	36821638000	13
4018	36822	1	110	84	0	36822051001	13
4019	36822	5	110	85	0	36822826000	13
4020	36822	7	112	85	0	36822287001	13
4021	36822	9	110	86	0	36822023001	13
4022	36822	12	109	87	0	36822620001	13
4023	36823	4	109	85	0	36823313000	13
4024	36823	8	109	86	0	36823786000	13
4025	36824	0	109	84	0	36824485001	13
4026	36824	1	110	84	0	36824317001	13
4027	36826	0	109	84	0	36826610001	13
4028	36826	4	109	85	0	36826025001	13
4029	36831	8	109	86	0	36831288001	14
4030	36839	3	112	84	1	36839042000	15
4031	36839	7	112	85	1	36839502001	15
4032	36840	2	111	84	1	36840436000	16
4033	36840	6	111	85	1	36840637001	16
4034	36840	10	111	86	1	36840883000	16
4035	36840	11	112	86	1	36840059001	16
4036	36840	15	112	87	1	36840569001	16
4037	36841	1	110	84	1	36841447001	16
4038	36841	7	112	85	1	36841445000	16
4039	36841	14	111	87	1	36841934001	16
4040	36842	5	110	85	1	36842252001	16
4041	36842	6	111	85	1	36842154001	16
4042	36842	9	110	86	1	36842603000	16
4043	36842	10	111	86	1	36842683001	16
4044	36842	11	112	86	1	36842491001	16
4045	36842	13	110	87	1	36842973001	16
4046	36842	15	112	87	1	36842808000	16
4047	36843	0	109	84	1	36843035001	16
4048	36843	1	110	84	1	36843076001	16
4049	36843	2	111	84	1	36843626001	16
4050	36843	3	112	84	1	36843185000	16
4051	36843	4	109	85	1	36843081000	16
4052	36844	4	109	85	1	36844915001	16
4053	36844	5	110	85	1	36844097000	16
4054	36844	8	109	86	1	36844126001	16
4055	36844	12	109	87	1	36844609000	16
4056	36845	9	110	86	1	36845221001	16
4057	36845	13	110	87	1	36845271001	16
4058	36845	14	111	87	1	36845084000	16
4059	36848	12	109	87	1	36848220000	17
4060	36852	8	109	86	1	36852820001	18
4061	36899	0	109	84	1	36899680001	20
4062	36946	12	109	87	0	36946956000	12
4063	36947	8	109	86	0	36947137000	12
4064	36947	13	110	87	0	36947891000	12
4065	36948	0	109	84	0	36948720001	12
4066	36948	4	109	85	0	36948245000	12
4067	36948	9	110	86	0	36948435001	12
4068	36948	14	111	87	0	36948884000	12
4069	36949	1	110	84	0	36949606001	12
4070	36949	5	110	85	0	36949183000	12
4071	36949	8	109	86	0	36949413000	12
4072	36949	10	111	86	0	36949442000	12
4073	36949	12	109	87	0	36949742001	11
4074	36949	15	112	87	0	36949676001	11
4075	36950	2	111	84	0	36950626000	11
4076	36950	6	111	85	0	36950388001	11
4077	36950	11	112	86	0	36950440001	11
4078	36950	13	110	87	0	36950563001	11
4079	36951	0	109	84	0	36951224001	11
4080	36951	1	110	84	0	36951682000	11
4081	36951	3	112	84	0	36951616001	11
4082	36951	5	110	85	0	36951375000	11
4083	36951	7	112	85	0	36951152001	11
4084	36951	9	110	86	0	36951033001	11
4085	36951	10	111	86	0	36951606000	11
4086	36951	14	111	87	0	36951214000	11
4087	36951	15	112	87	0	36951456001	11
4088	36952	2	111	84	0	36952376001	11
4089	36952	4	109	85	0	36952085001	11
4090	36952	6	111	85	0	36952684000	11
4091	36952	11	112	86	0	36952358001	11
4092	36953	3	112	84	0	36953608001	11
4093	36953	7	112	85	0	36953196000	11
4094	36959	3	112	84	0	36959014001	10
4095	36965	15	112	87	0	36965464000	10
4096	36969	15	112	87	1	36969881001	10
4097	36970	12	109	87	1	36970987001	10
4098	36970	13	110	87	1	36970295000	10
4099	36970	14	111	87	1	36970393001	10
4100	36971	9	110	86	1	36971818000	10
4101	36971	10	111	86	1	36971548000	10
4102	36971	11	112	86	1	36971588000	10
4103	36971	15	112	87	1	36971489000	10
4104	36972	7	112	85	1	36972816001	10
4105	36972	8	109	86	1	36972215000	10
4106	36972	13	110	87	1	36972136000	10
4107	36972	14	111	87	1	36972091000	10
4108	36973	4	109	85	1	36973413001	10
4109	36973	5	110	85	1	36973190001	10
4110	36973	6	111	85	1	36973010001	10
4111	36973	9	110	86	1	36973764001	10
4112	36973	10	111	86	1	36973286001	10
4113	36973	11	112	86	1	36973489001	10
4114	36973	12	109	87	1	36973230001	10
4115	36974	0	109	84	1	36974694000	11
4116	36974	1	110	84	1	36974319001	10
4117	36974	2	111	84	1	36974338001	10
4118	36974	3	112	84	1	36974178001	10
4119	36974	5	110	85	1	36974876001	11
4120	36974	6	111	85	1	36974405000	10
4121	36974	7	112	85	1	36974512000	11
4122	36974	8	109	86	1	36974723000	11
4123	36975	1	110	84	1	36975991001	11
4124	36975	4	109	85	1	36975263000	11
4125	36976	0	109	84	1	36976742001	11
4126	36976	2	111	84	1	36976147000	11
4127	36976	3	112	84	1	36976564001	11
4128	37153	0	109	84	0	37153906000	21
4129	37153	1	110	84	0	37153694001	21
4130	37153	2	111	84	0	37153398001	21
4131	37153	3	112	84	0	37153142001	21
4132	37154	4	109	85	0	37154891000	21
4133	37154	5	110	85	0	37154584000	21
4134	37154	6	111	85	0	37154548000	21
4135	37154	7	112	85	0	37154281000	21
4136	37155	1	110	84	0	37155843000	21
4137	37155	2	111	84	0	37155530000	21
4138	37155	3	112	84	0	37155151001	21
4139	37155	8	109	86	0	37155559001	21
4140	37155	9	110	86	0	37155468000	21
4141	37155	10	111	86	0	37155134001	21
4142	37155	11	112	86	0	37155024000	21
4143	37155	15	112	87	0	37155868000	21
4144	37156	6	111	85	0	37156881000	21
4145	37156	7	112	85	0	37156496000	21
4146	37156	12	109	87	0	37156738000	21
4147	37156	13	110	87	0	37156492000	21
4148	37156	14	111	87	0	37156146000	21
4149	37157	5	110	85	0	37157115000	21
4150	37157	9	110	86	0	37157586001	21
4151	37157	11	112	86	0	37157119001	21
4152	37157	15	112	87	0	37157668001	21
4153	37158	8	109	86	0	37158180001	21
4154	37158	10	111	86	0	37158163001	21
4155	37159	3	112	84	1	37159217000	21
4156	37159	7	112	85	1	37159875000	21
4157	37160	2	111	84	1	37160662001	21
4158	37160	6	111	85	1	37160339001	21
4159	37160	10	111	86	1	37160943001	21
4160	37160	11	112	86	1	37160171000	21
4161	37160	12	109	87	0	37160581001	21
4162	37160	13	110	87	0	37160581001	21
4163	37160	14	111	87	0	37160217001	21
4164	37160	15	112	87	1	37160569001	21
4165	37161	1	110	84	1	37161494000	21
4166	37161	5	110	85	1	37161750000	21
4167	37161	6	111	85	1	37161771001	21
4168	37161	9	110	86	1	37161938000	21
4169	37161	14	111	87	1	37161724000	21
4170	37162	0	109	84	1	37162526000	21
4171	37162	4	109	85	1	37162763000	21
4172	37162	8	109	86	1	37162922001	21
4173	37162	12	109	87	1	37162962000	21
4174	37162	13	110	87	1	37162520001	21
4175	37541	8	109	86	0	37541765000	38
4176	37551	2	111	84	0	37551517000	38
4177	37551	3	112	84	0	37551288000	38
4178	37552	0	109	84	0	37552365001	38
4179	37552	1	110	84	0	37552022001	38
4180	37552	6	111	85	0	37552880001	38
4181	37552	7	112	85	0	37552541000	38
4182	37553	2	111	84	0	37553728000	37
4183	37553	3	112	84	0	37553425000	37
4184	37553	4	109	85	0	37553479001	37
4185	37553	5	110	85	0	37553107000	38
4186	37553	10	111	86	0	37553673001	37
4187	37553	11	112	86	0	37553394000	37
4188	37554	1	110	84	0	37554324001	37
4189	37554	8	109	86	0	37554464001	37
4190	37554	9	110	86	0	37554182000	37
4191	37554	14	111	87	0	37554826000	37
4192	37554	15	112	87	0	37554332001	37
4193	37555	5	110	85	0	37555214000	37
4194	37555	6	111	85	0	37555277001	37
4195	37555	7	112	85	0	37555094000	37
4196	37555	11	112	86	0	37555248000	37
4197	37555	12	109	87	0	37555690000	37
4198	37555	13	110	87	0	37555226000	37
4199	37556	4	109	85	0	37556279001	37
4200	37556	8	109	86	0	37556688001	37
4201	37556	9	110	86	0	37556632001	37
4202	37556	10	111	86	0	37556211000	37
4203	37556	14	111	87	0	37556785000	37
4204	37556	15	112	87	0	37556283001	37
4205	37558	12	109	87	0	37558112001	37
4206	37558	13	110	87	0	37558707000	37
4207	37562	0	109	84	1	37562925000	37
4208	37563	4	109	85	1	37563716000	37
4209	37565	8	109	86	1	37565153001	37
4210	37566	0	109	84	1	37566115001	37
4211	37566	1	110	84	1	37566938001	36
4212	37566	4	109	85	1	37566965001	36
4213	37567	12	109	87	1	37567555000	36
4214	37568	5	110	85	1	37568730001	36
4215	37568	8	109	86	1	37568728000	36
4216	37569	9	110	86	1	37569847001	36
4217	37570	1	110	84	1	37570050001	36
4218	37570	2	111	84	1	37570849001	36
4219	37570	3	112	84	1	37570616001	36
4220	37570	12	109	87	1	37570749000	36
4221	37571	1	110	84	1	37571979000	36
4222	37571	5	110	85	1	37571563000	36
4223	37571	6	111	85	1	37571699001	36
4224	37571	7	112	85	1	37571621001	36
4225	37571	13	110	87	1	37571884000	36
4226	37572	9	110	86	1	37572967000	36
4227	37572	10	111	86	1	37572793000	36
4228	37572	11	112	86	1	37572779000	36
4229	37573	14	111	87	1	37573987001	36
4230	37573	15	112	87	1	37573732000	36
4231	37574	13	110	87	1	37574307000	35
4232	37576	4	109	85	1	37576756001	35
4233	37579	8	109	86	1	37579955000	35
4234	37600	0	109	84	0	37600823000	30
4235	37600	1	110	84	0	37600168001	30
4236	37601	4	109	85	0	37601910001	30
4237	37601	5	110	85	0	37601664000	30
4238	37602	2	111	84	0	37602520000	30
4239	37602	8	109	86	0	37602729001	29
4240	37602	9	110	86	0	37602589001	30
4241	37602	10	111	86	0	37602350001	30
4242	37603	1	110	84	0	37603012000	29
4243	37603	6	111	85	0	37603828000	29
4244	37603	13	110	87	0	37603875001	29
4245	37603	14	111	87	0	37603593001	29
4246	37604	4	109	85	0	37604632001	29
4247	37604	12	109	87	0	37604646001	29
4248	37605	0	109	84	0	37605932001	28
4249	37605	8	109	86	0	37605193000	29
4250	37605	9	110	86	0	37605494000	29
4251	37605	10	111	86	0	37605778001	29
4252	37607	5	110	85	0	37607241001	28
4253	37607	12	109	87	0	37607308001	28
4254	37607	13	110	87	0	37607487000	28
4255	37620	6	111	85	1	37620115000	24
4256	37620	10	111	86	1	37620912000	24
4257	37622	1	110	84	1	37622561000	23
4258	37625	5	110	85	1	37625853000	22
4259	37625	14	111	87	1	37625650000	22
4260	37626	0	109	84	1	37626991001	22
4261	37626	1	110	84	1	37626393000	22
4262	37626	9	110	86	1	37626432001	22
4263	37628	10	111	86	1	37628006000	21
4264	37629	4	109	85	1	37629065000	21
4265	37629	5	110	85	1	37629479001	21
4266	37630	1	110	84	1	37630680000	20
4267	37630	13	110	87	1	37630157000	21
4268	37631	8	109	86	1	37631972000	20
4269	37632	0	109	84	1	37632790000	20
4270	37632	9	110	86	1	37632175001	20
4271	37633	14	111	87	1	37633429000	20
4272	37634	4	109	85	1	37634740001	19
4273	37635	13	110	87	1	37635073000	19
4274	37636	5	110	85	1	37636510001	19
4275	37636	8	109	86	1	37636330001	19
4276	37636	9	110	86	1	37636868000	18
4277	37637	0	109	84	1	37637220000	18
4278	37637	12	109	87	1	37637287001	18
4279	37638	4	109	85	1	37638379001	18
4280	37639	13	110	87	1	37639527001	18
4281	37640	8	109	86	1	37640916000	17
4282	37642	12	109	87	1	37642697000	17
4283	37645	12	109	87	1	37645786001	16
4284	37648	8	109	86	1	37648167001	15
4285	37650	6	111	85	1	37650180000	14
4286	37897	8	109	86	0	37897663001	5
4287	37897	12	109	87	0	37897370001	5
4288	37898	0	109	84	0	37898975000	5
4289	37898	4	109	85	0	37898539000	5
4290	37898	9	110	86	0	37898539000	5
4291	37898	13	110	87	0	37898001001	5
4292	37898	14	111	87	0	37898608001	5
4293	37899	1	110	84	0	37899616001	5
4294	37899	5	110	85	0	37899057000	5
4295	37899	6	111	85	0	37899757001	5
4296	37899	10	111	86	0	37899137001	5
4297	37899	11	112	86	0	37899613001	5
4298	37899	15	112	87	0	37899134001	5
4299	37900	2	111	84	0	37900348001	6
4300	37900	3	112	84	0	37900636000	6
4301	37900	7	112	85	0	37900403000	6
4302	37900	8	109	86	0	37900363000	6
4303	37900	12	109	87	0	37900274001	6
4304	37900	14	111	87	0	37900729000	6
4305	37901	11	112	86	0	37901770000	6
4306	37902	2	111	84	0	37902609000	6
4307	37902	7	112	85	0	37902792000	6
4308	37902	9	110	86	0	37902942001	6
4309	37903	3	112	84	0	37903011000	6
4310	37903	6	111	85	0	37903940000	6
4311	37906	1	110	84	0	37906569000	7
4312	37906	13	110	87	0	37906464000	7
4313	37907	10	111	86	0	37907533001	7
4314	37913	3	112	84	0	37913625001	9
4315	37913	12	109	87	1	37913940001	9
4316	37913	13	110	87	1	37913690001	9
4317	37913	14	111	87	1	37913539000	9
4318	37913	15	112	87	1	37913647000	9
4319	37914	6	111	85	1	37914924000	9
4320	37914	8	109	86	1	37914819001	9
4321	37914	9	110	86	1	37914378000	9
4322	37914	10	111	86	1	37914248001	9
4323	37914	11	112	86	1	37914244001	9
4324	37915	1	110	84	1	37915829001	9
4325	37915	2	111	84	1	37915915000	9
4326	37915	3	112	84	1	37915852001	9
4327	37915	4	109	85	1	37915412001	9
4328	37915	5	110	85	1	37915208000	9
4329	37915	7	112	85	1	37915088000	9
4330	37916	0	109	84	1	37916240001	9
4331	37918	6	111	85	1	37918488001	10
4332	38078	3	112	84	0	38078644000	24
4333	38082	15	112	87	0	38082033001	24
4334	38094	0	109	84	0	38094004000	23
4335	38095	8	109	86	0	38095757000	23
4336	38097	12	109	87	0	38097246000	23
4337	38532	0	109	84	0	38532325000	29
4338	38532	4	109	85	0	38532400001	29
4339	38532	8	109	86	0	38532059001	29
4340	38532	9	110	86	0	38532887001	29
4341	38532	12	109	87	0	38532208000	29
4342	38532	13	110	87	0	38532927001	29
4343	38533	1	110	84	0	38533100000	29
4344	38533	2	111	84	0	38533953001	29
4345	38533	5	110	85	0	38533136000	29
4346	38533	10	111	86	0	38533712001	29
4347	38533	14	111	87	0	38533882000	29
4348	38534	3	112	84	0	38534650000	28
4349	38534	6	111	85	0	38534072001	29
4350	38534	7	112	85	0	38534742001	28
4351	38534	8	109	86	0	38534471001	29
4352	38534	11	112	86	0	38534532000	29
4353	38534	15	112	87	0	38534412001	29
4354	38535	0	109	84	0	38535260001	28
4355	38535	1	110	84	0	38535818000	28
4356	38535	10	111	86	0	38535958001	28
4357	38536	2	111	84	0	38536265000	28
4358	38536	3	112	84	0	38536839001	28
4359	38536	5	110	85	0	38536642001	28
4360	38536	6	111	85	0	38536662000	28
4361	38536	9	110	86	0	38536326001	28
4362	38536	11	112	86	0	38536405001	28
4363	38536	12	109	87	0	38536028001	28
4364	38536	14	111	87	0	38536359000	28
4365	38536	15	112	87	0	38536244001	28
4366	38537	7	112	85	0	38537229001	28
4367	38540	13	110	87	1	38540657001	27
4368	38542	4	109	85	0	38542626000	27
4369	38542	15	112	87	0	38542720001	27
4370	38550	0	109	84	1	38550617001	25
4371	38552	1	110	84	1	38552164000	25
4372	38552	4	109	85	1	38552096000	25
4373	38553	2	111	84	1	38553826001	24
4374	38553	5	110	85	1	38553566001	24
4375	38553	8	109	86	1	38553800001	24
4376	38554	0	109	84	1	38554898001	24
4377	38554	1	110	84	1	38554625001	24
4378	38554	4	109	85	1	38554095001	24
4379	38555	3	112	84	1	38555110000	24
4380	38555	5	110	85	1	38555539001	24
4381	38555	6	111	85	1	38555217000	24
4382	38555	9	110	86	1	38555093000	24
4383	38555	12	109	87	1	38555305000	24
4384	38555	13	110	87	1	38555915000	24
4385	38556	2	111	84	1	38556708001	24
4386	38556	6	111	85	1	38556999000	24
4387	38556	7	112	85	1	38556684000	24
4388	38556	10	111	86	1	38556798001	24
4389	38557	3	112	84	1	38557897000	23
4390	38557	9	110	86	1	38557919000	23
4391	38557	13	110	87	1	38557906001	23
4392	38557	14	111	87	1	38557977001	23
4393	38558	8	109	86	1	38558249001	23
4394	38558	11	112	86	1	38558113000	23
4395	38558	12	109	87	1	38558646001	23
4396	38558	15	112	87	1	38558382001	23
4397	38559	7	112	85	1	38559147001	23
4398	38560	11	112	86	1	38560331000	23
4399	38560	14	111	87	1	38560708000	23
4400	38560	15	112	87	1	38560110001	23
4401	38562	10	111	86	1	38562101000	23
4402	38582	15	112	87	0	38582646000	20
4403	38585	3	112	84	0	38585166001	20
4404	38722	15	112	87	0	38722468000	17
4405	38723	10	111	86	0	38723927001	17
4406	38723	11	112	86	0	38723183000	17
4407	38723	14	111	87	0	38723333001	17
4408	38724	3	112	84	0	38724806001	17
4409	38724	7	112	85	0	38724202000	17
4410	38724	13	110	87	0	38724571000	17
4411	38724	15	112	87	0	38724874000	17
4412	38725	2	111	84	0	38725586000	17
4413	38725	6	111	85	0	38725165000	17
4414	38725	9	110	86	0	38725191001	17
4415	38725	10	111	86	0	38725756000	17
4416	38725	11	112	86	0	38725167000	17
4417	38725	12	109	87	0	38725461001	17
4418	38725	14	111	87	0	38725510000	17
4419	38726	1	110	84	0	38726949000	17
4420	38726	5	110	85	0	38726008000	17
4421	38726	7	112	85	0	38726113000	17
4422	38726	8	109	86	0	38726039000	17
4423	38727	0	109	84	0	38727785000	17
4424	38727	2	111	84	0	38727536001	17
4425	38727	3	112	84	0	38727017001	17
4426	38727	4	109	85	0	38727061000	17
4427	38728	5	110	85	0	38728487001	17
4428	38728	8	109	86	0	38728321001	17
4429	38728	9	110	86	0	38728198000	17
4430	38729	1	110	84	0	38729144000	17
4431	38731	3	112	84	1	38731833001	18
4432	38732	2	111	84	1	38732603000	18
4433	38732	6	111	85	1	38732817000	18
4434	38732	7	112	85	1	38732264001	18
4435	38732	10	111	86	1	38732731001	18
4436	38732	11	112	86	1	38732338000	18
4437	38732	15	112	87	1	38732422000	18
4438	38733	1	110	84	1	38733099001	18
4439	38733	5	110	85	1	38733278000	18
4440	38733	9	110	86	1	38733633000	18
4441	38733	13	110	87	1	38733967000	18
4442	38733	14	111	87	1	38733140000	18
4443	38734	0	109	84	1	38734027000	18
4444	38734	4	109	85	1	38734160001	18
4445	38734	8	109	86	1	38734338001	18
4446	38734	12	109	87	1	38734695001	18
4447	38804	2	111	84	0	38804795000	24
4448	38808	4	109	85	0	38808351001	24
4449	38810	8	109	86	0	38810007000	24
4450	38873	8	109	86	0	38873949001	20
4451	38874	15	112	87	0	38874360001	20
4452	38878	2	111	84	0	38878059001	19
4453	38878	3	112	84	0	38878784001	19
4454	39289	15	112	87	0	39289948001	21
4455	39290	11	112	86	0	39290073000	21
4456	39291	10	111	86	0	39291191000	20
4457	39291	14	111	87	0	39291946001	20
4458	39292	9	110	86	0	39292489001	20
4459	39292	13	110	87	0	39292472001	20
4460	39294	8	109	86	0	39294085001	20
4461	39368	15	112	87	1	39368159000	22
4462	39439	15	112	87	0	39439621001	32
4463	39463	3	112	84	0	39463687000	28
4464	39575	3	112	84	0	39575458000	16
4465	39578	11	112	86	0	39578325000	16
4466	39756	15	112	87	0	39756915000	11
4467	39757	3	112	84	0	39757975001	10
4468	39757	7	112	85	0	39757786001	10
4469	39757	11	112	86	0	39757509000	11
4470	39758	10	111	86	0	39758401000	10
4471	39758	14	111	87	0	39758182000	10
4472	39758	15	112	87	0	39758869000	10
4473	39759	2	111	84	0	39759163001	10
4474	39759	6	111	85	0	39759159000	10
4475	39759	7	112	85	0	39759723001	10
4476	39759	9	110	86	0	39759852001	10
4477	39759	11	112	86	0	39759974000	10
4478	39759	13	110	87	0	39759434000	10
4479	39760	1	110	84	0	39760761001	10
4480	39760	3	112	84	0	39760136001	10
4481	39760	5	110	85	0	39760257001	10
4482	39760	8	109	86	0	39760854001	10
4483	39760	10	111	86	0	39760369000	10
4484	39760	12	109	87	0	39760656000	10
4485	39760	14	111	87	0	39760490000	10
4486	39761	0	109	84	0	39761880000	10
4487	39761	2	111	84	0	39761070001	10
4488	39761	4	109	85	0	39761599001	10
4489	39761	6	111	85	0	39761645001	10
4490	39761	13	110	87	0	39761877000	10
4491	39762	5	110	85	0	39762254000	10
4492	39762	8	109	86	0	39762920001	10
4493	39762	9	110	86	0	39762666001	10
4494	39762	12	109	87	0	39762921000	10
4495	39763	1	110	84	0	39763022000	10
4496	39764	4	109	85	0	39764497000	10
4497	39781	3	112	84	1	39781347001	11
4498	39781	7	112	85	1	39781982000	11
4499	39782	2	111	84	1	39782493001	11
4500	39782	6	111	85	1	39782946001	12
4501	39782	11	112	86	1	39782666000	12
4502	39782	15	112	87	1	39782766001	12
4503	39783	1	110	84	1	39783508000	12
4504	39783	10	111	86	1	39783598000	12
4505	39784	2	111	84	1	39784577000	12
4506	39784	5	110	85	1	39784464000	12
4507	39784	6	111	85	1	39784464000	12
4508	39784	7	112	85	1	39784150001	12
4509	39784	14	111	87	1	39784090000	12
4510	39784	15	112	87	1	39784410001	12
4511	39785	0	109	84	1	39785315000	13
4512	39785	1	110	84	1	39785178001	12
4513	39785	4	109	85	1	39785283000	13
4514	39785	9	110	86	1	39785044000	12
4515	39785	10	111	86	1	39785775001	13
4516	39785	11	112	86	1	39785182000	12
4517	39785	13	110	87	1	39785627000	13
4518	39785	14	111	87	1	39785620001	13
4519	39786	5	110	85	1	39786277000	13
4520	39786	8	109	86	1	39786156000	13
4521	39786	12	109	87	1	39786669001	13
4522	39787	4	109	85	1	39787135000	13
4523	39788	9	110	86	1	39788144001	13
4524	39788	12	109	87	1	39788726000	14
4525	39789	8	109	86	1	39789348000	14
4526	39791	13	110	87	1	39791049001	14
4527	39819	3	112	84	1	39819013000	24
4528	40228	8	109	86	0	40228231001	9
4529	40231	5	110	85	0	40231755000	8
4530	40232	2	111	84	0	40232790001	8
4531	40232	11	112	86	0	40232008001	8
4532	40233	3	112	84	0	40233805001	8
4533	40451	0	109	84	0	40451678001	22
4534	40451	1	110	84	0	40451493000	22
4535	40451	2	111	84	0	40451270001	22
4536	40451	3	112	84	0	40451039001	22
4537	40451	7	112	85	0	40451998001	22
4538	40452	4	109	85	0	40452515000	22
4539	40452	5	110	85	0	40452346000	22
4540	40452	6	111	85	0	40452190001	22
4541	40452	9	110	86	0	40452998001	22
4542	40452	10	111	86	0	40452685001	22
4543	40452	11	112	86	0	40452673000	22
4544	40453	8	109	86	0	40453159000	22
4545	40453	13	110	87	0	40453915001	22
4546	40453	14	111	87	0	40453615000	22
4547	40453	15	112	87	0	40453364001	22
4548	40454	1	110	84	0	40454123001	22
4549	40454	3	112	84	0	40454431000	22
4550	40454	6	111	85	0	40454733000	22
4551	40454	11	112	86	0	40454797000	22
4552	40454	12	109	87	0	40454077000	22
4553	40455	4	109	85	0	40455132000	22
4554	40455	5	110	85	0	40455907001	22
4555	40455	8	109	86	0	40455451001	22
4556	40455	10	111	86	0	40455605000	22
4557	40455	14	111	87	0	40455920000	22
4558	40455	15	112	87	0	40455339001	22
4559	40456	2	111	84	0	40456336000	22
4560	40457	9	110	86	0	40457365001	22
4561	40461	3	112	84	1	40461177000	21
4562	40462	2	111	84	1	40462484001	21
4563	40462	6	111	85	1	40462815000	21
4564	40462	7	112	85	1	40462113001	21
4565	40462	11	112	86	1	40462256001	21
4566	40462	15	112	87	1	40462672000	21
4567	40463	1	110	84	1	40463751001	21
4568	40463	3	112	84	1	40463618001	21
4569	40463	10	111	86	1	40463379001	21
4570	40463	14	111	87	1	40463617000	21
4571	40464	2	111	84	1	40464538000	21
4572	40464	5	110	85	1	40464196001	21
4573	40464	6	111	85	1	40464492000	21
4574	40464	11	112	86	1	40464291001	21
4575	40464	15	112	87	1	40464383000	21
4576	40465	1	110	84	1	40465505000	21
4577	40465	4	109	85	1	40465981000	21
4578	40465	5	110	85	1	40465970000	21
4579	40465	7	112	85	1	40465721001	21
4580	40465	9	110	86	1	40465638000	21
4581	40465	10	111	86	1	40465125001	21
4582	40465	14	111	87	1	40465388000	21
4583	40466	0	109	84	1	40466254000	21
4584	40466	8	109	86	1	40466831000	21
4585	40466	13	110	87	1	40466105000	21
4586	40467	4	109	85	1	40467826001	21
4587	40467	12	109	87	1	40467801001	21
4588	40468	8	109	86	1	40468858000	20
4589	40468	9	110	86	1	40468386001	20
4590	40468	13	110	87	1	40468387000	20
4591	40470	12	109	87	1	40470410001	20
4592	40480	0	109	84	1	40480850001	19
4593	40749	3	112	84	0	40749157001	28
4594	40751	2	111	84	0	40751453000	29
4595	40753	1	110	84	0	40753591000	29
4596	40755	0	109	84	0	40755015000	30
4597	40766	3	112	84	1	40766815001	33
4598	40850	0	109	84	0	40850930000	38
4599	40851	4	109	85	0	40851216001	38
4600	40851	8	109	86	0	40851069001	38
4601	40851	12	109	87	0	40851594000	38
4602	40852	1	110	84	0	40852885001	37
4603	40852	5	110	85	0	40852929001	37
4604	40853	8	109	86	0	40853987001	37
4605	40853	9	110	86	0	40853066000	37
4606	40853	13	110	87	0	40853327000	37
4607	40854	0	109	84	0	40854129001	37
4608	40854	2	111	84	0	40854856000	37
4609	40854	4	109	85	0	40854030001	37
4610	40854	10	111	86	0	40854894001	37
4611	40854	12	109	87	0	40854502001	37
4612	40855	1	110	84	0	40855412001	37
4613	40855	3	112	84	0	40855919000	37
4614	40855	5	110	85	0	40855399000	37
4615	40855	6	111	85	0	40855089000	37
4616	40855	9	110	86	0	40855471001	37
4617	40855	14	111	87	0	40855199000	37
4618	40856	2	111	84	0	40856908000	36
4619	40856	7	112	85	0	40856480000	36
4620	40856	11	112	86	0	40856368001	36
4621	40856	13	110	87	0	40856047001	36
4622	40856	15	112	87	0	40856560001	36
4623	40857	6	111	85	0	40857330000	36
4624	40857	10	111	86	0	40857094001	36
4625	40857	14	111	87	0	40857601001	36
4626	40858	3	112	84	0	40858187001	36
4627	40858	7	112	85	0	40858428001	36
4628	40858	11	112	86	0	40858475000	36
4629	40858	15	112	87	0	40858671001	36
4630	40861	7	112	85	0	40861600001	34
4631	40862	2	111	84	0	40862013000	34
4632	40862	3	112	84	0	40862288000	34
4633	40865	14	111	87	0	40865517000	32
4634	40867	0	109	84	1	40867896001	31
4635	40868	1	110	84	1	40868487001	31
4636	40868	4	109	85	1	40868758000	31
4637	40869	2	111	84	1	40869315000	31
4638	40869	3	112	84	1	40869863001	31
4639	40869	5	110	85	1	40869320001	31
4640	40869	8	109	86	1	40869880001	31
4641	40870	6	111	85	1	40870136001	31
4642	40870	7	112	85	1	40870805000	31
4643	40870	9	110	86	1	40870378001	31
4644	40870	12	109	87	1	40870788000	31
4645	40871	10	111	86	1	40871121001	30
4646	40871	11	112	86	1	40871818000	30
4647	40871	13	110	87	1	40871304001	30
4648	40871	14	111	87	1	40871909001	30
4649	40872	15	112	87	1	40872500001	30
4650	41292	15	112	87	0	41292073001	13
4651	41294	10	111	86	0	41294984000	12
4652	41294	11	112	86	0	41294175001	13
4653	41294	12	109	87	0	41294698001	12
4654	41294	13	110	87	0	41294621000	12
4655	41294	14	111	87	0	41294470000	12
4656	41294	15	112	87	0	41294300000	12
4657	41295	3	112	84	0	41295890000	12
4658	41295	4	109	85	0	41295930000	12
4659	41295	5	110	85	0	41295847001	12
4660	41295	6	111	85	0	41295957001	12
4661	41295	7	112	85	0	41295500000	12
4662	41295	8	109	86	0	41295083000	12
4663	41295	9	110	86	1	41295241000	12
4664	41295	11	112	86	0	41295978000	12
4665	41296	0	109	84	0	41296528001	12
4666	41296	1	110	84	0	41296479000	12
4667	41296	2	111	84	0	41296401001	12
4668	41297	12	109	87	1	41297951000	12
4669	41298	4	109	85	1	41298986000	11
4670	41298	8	109	86	1	41298498001	11
4671	41298	9	110	86	1	41298468000	11
4672	41298	13	110	87	1	41298149001	11
4673	41298	14	111	87	1	41298691000	11
4674	41299	0	109	84	1	41299461001	11
4675	41299	1	110	84	1	41299706001	11
4676	41299	5	110	85	1	41299284000	11
4677	41299	6	111	85	1	41299647000	11
4678	41299	10	111	86	1	41299158000	11
4679	41299	11	112	86	1	41299854001	11
4680	41300	2	111	84	1	41300199000	11
4681	41300	3	112	84	1	41300635000	11
4682	41300	7	112	85	1	41300415001	11
4683	41302	14	111	87	0	41302488001	10
4684	41303	3	112	84	0	41303072000	10
4685	41303	7	112	85	0	41303319001	10
4686	41303	11	112	86	0	41303968000	10
4687	41304	10	111	86	0	41304145000	10
4688	41304	15	112	87	1	41304592000	10
4689	41305	11	112	86	1	41305879000	9
4690	41305	14	111	87	1	41305862000	9
4691	41306	3	112	84	0	41306502001	9
4692	41306	7	112	85	1	41306688001	9
4693	41306	10	111	86	1	41306825001	9
4694	41349	8	109	86	0	41349596000	7
4695	41349	12	109	87	0	41349298000	7
4696	41350	4	109	85	0	41350517001	7
4697	41350	9	110	86	0	41350868000	7
4698	41350	13	110	87	0	41350186001	7
4699	41350	14	111	87	0	41350697001	7
4700	41351	0	109	84	0	41351188001	7
4701	41351	5	110	85	0	41351362001	7
4702	41351	8	109	86	0	41351655001	7
4703	41351	10	111	86	0	41351383000	7
4704	41351	12	109	87	0	41351740000	7
4705	41351	15	112	87	0	41351874001	7
4706	41352	1	110	84	0	41352020001	7
4707	41352	6	111	85	0	41352554000	7
4708	41352	11	112	86	0	41352329000	7
4709	41352	14	111	87	0	41352706000	7
4710	41353	2	111	84	0	41353091000	7
4711	41353	3	112	84	0	41353642001	8
4712	41353	5	110	85	0	41353580001	8
4713	41353	7	112	85	0	41353167000	8
4714	41353	10	111	86	0	41353228001	8
4715	41353	15	112	87	0	41353848000	8
4716	41354	0	109	84	0	41354182001	8
4717	41354	1	110	84	0	41354153001	8
4718	41354	4	109	85	0	41354030001	8
4719	41354	6	111	85	0	41354902001	8
4720	41354	9	110	86	0	41354066001	8
4721	41354	11	112	86	0	41354314001	8
4722	41355	2	111	84	0	41355455000	8
4723	41355	3	112	84	0	41355686000	8
4724	41355	7	112	85	0	41355364001	8
4725	41356	13	110	87	0	41356596001	8
4726	41358	9	110	86	0	41358830000	9
4727	41366	15	112	87	1	41366762001	10
4728	41367	10	111	86	1	41367816000	11
4729	41367	11	112	86	1	41367905001	11
4730	41367	12	109	87	1	41367336001	11
4731	41367	13	110	87	1	41367106000	10
4732	41367	14	111	87	1	41367156001	11
4733	41368	4	109	85	1	41368836001	11
4734	41368	5	110	85	1	41368748001	11
4735	41368	6	111	85	1	41368888000	11
4736	41368	8	109	86	1	41368282001	11
4737	41368	9	110	86	1	41368038000	11
4738	41368	15	112	87	1	41368792000	11
4739	41369	2	111	84	1	41369997000	11
4740	41369	3	112	84	1	41369726000	11
4741	41369	7	112	85	1	41369066001	11
4742	41370	0	109	84	1	41370243001	11
4743	41370	1	110	84	1	41370234001	11
4744	41370	4	109	85	1	41370453000	11
4745	41370	5	110	85	1	41370297001	11
4746	41370	6	111	85	1	41370411000	11
4747	41370	10	111	86	1	41370442000	11
4748	41371	11	112	86	1	41371371001	11
4749	41372	1	110	84	1	41372635001	12
4750	41372	2	111	84	1	41372332000	12
4751	41372	3	112	84	1	41372187001	11
4752	41374	7	112	85	1	41374590000	12
4753	41380	15	112	87	0	41380160001	13
4754	41388	9	110	86	1	41388838000	15
4755	41526	2	111	84	0	41526705000	25
4756	41527	0	109	84	0	41527700001	25
4757	41527	1	110	84	0	41527106001	25
4758	41528	4	109	85	0	41528852001	25
4759	41528	5	110	85	0	41528404001	25
4760	41528	6	111	85	0	41528354000	25
4761	41529	9	110	86	0	41529504001	25
4762	41529	10	111	86	0	41529253000	25
4763	41530	2	111	84	1	41530160001	25
4764	41530	8	109	86	0	41530076001	25
4765	41530	14	111	87	0	41530928001	25
4766	41531	4	109	85	0	41531557000	25
4767	41531	6	111	85	1	41531436000	25
4768	41531	9	110	86	0	41531980000	25
4769	41531	12	109	87	0	41531533001	25
4770	41531	13	110	87	0	41531130000	25
4771	41532	8	109	86	0	41532805001	25
4772	41532	10	111	86	1	41532421000	25
4773	41533	1	110	84	1	41533052000	25
4774	41534	5	110	85	1	41534322001	25
4775	41534	12	109	87	0	41534521000	24
4776	41534	14	111	87	1	41534844000	24
4777	41535	0	109	84	1	41535640001	24
4778	41535	4	109	85	1	41535129000	24
4779	41535	9	110	86	1	41535442001	24
4780	41536	13	110	87	1	41536513000	24
4781	41537	1	110	84	1	41537856000	24
4782	41537	8	109	86	1	41537441001	24
4783	41537	12	109	87	1	41537983000	24
4784	41538	0	109	84	1	41538369001	24
4785	41538	4	109	85	1	41538846000	24
4786	41540	8	109	86	1	41540612001	24
4787	41541	12	109	87	1	41541285001	24
4788	41541	13	110	87	1	41541640001	24
4789	41542	9	110	86	1	41542991001	23
4790	41564	5	110	85	1	41564504000	19
4791	41883	2	111	84	0	41883737001	21
4792	41883	3	112	84	0	41883471000	21
4793	41884	0	109	84	0	41884369000	21
4794	41884	1	110	84	0	41884085000	21
4795	41884	7	112	85	0	41884828000	21
4796	41885	2	111	84	0	41885955001	21
4797	41885	3	112	84	0	41885469001	21
4798	41885	4	109	85	0	41885588000	21
4799	41885	5	110	85	0	41885258001	21
4800	41885	6	111	85	0	41885171000	21
4801	41885	10	111	86	0	41885977000	21
4802	41885	11	112	86	0	41885845001	21
4803	41886	0	109	84	0	41886938001	21
4804	41886	1	110	84	0	41886551000	21
4805	41886	7	112	85	0	41886929001	21
4806	41886	8	109	86	0	41886480000	21
4807	41886	9	110	86	0	41886404000	21
4808	41887	5	110	85	0	41887340001	21
4809	41887	6	111	85	0	41887340001	21
4810	41887	10	111	86	0	41887857001	21
4811	41887	11	112	86	0	41887721000	21
4812	41887	13	110	87	0	41887648000	21
4813	41887	14	111	87	0	41887344000	21
4814	41887	15	112	87	0	41887047001	21
4815	41888	8	109	86	0	41888736001	21
4816	41888	12	109	87	0	41888054001	21
4817	41889	4	109	85	0	41889621000	21
4818	41889	9	110	86	0	41889156000	21
4819	41889	14	111	87	0	41889490001	21
4820	41889	15	112	87	0	41889258000	21
4821	41890	12	109	87	0	41890810001	20
4822	41890	13	110	87	0	41890348001	21
4823	41893	3	112	84	1	41893401000	20
4824	41894	7	112	85	1	41894312000	20
4825	41895	2	111	84	1	41895502001	20
4826	41895	3	112	84	1	41895472000	20
4827	41895	11	112	86	1	41895391001	20
4828	41895	15	112	87	1	41895636001	20
4829	41896	6	111	85	1	41896354001	20
4830	41896	7	112	85	1	41896293000	20
4831	41897	1	110	84	1	41897863001	19
4832	41897	2	111	84	1	41897455001	20
4833	41897	10	111	86	1	41897508001	20
4834	41897	11	112	86	1	41897287000	20
4835	41897	15	112	87	1	41897699001	19
4836	41898	5	110	85	1	41898541001	19
4837	41898	6	111	85	1	41898154000	19
4838	41898	14	111	87	1	41898048001	19
4839	41899	1	110	84	1	41899817000	19
4840	41899	9	110	86	1	41899348001	19
4841	41899	10	111	86	1	41899732000	19
4842	41899	13	110	87	1	41899863001	19
4843	41900	0	109	84	1	41900005000	19
4844	41900	4	109	85	1	41900884000	19
4845	41900	5	110	85	1	41900520000	19
4846	41900	14	111	87	1	41900077001	19
4847	41901	8	109	86	1	41901688000	19
4848	41901	9	110	86	1	41901328000	19
4849	41902	0	109	84	1	41902228001	19
4850	41902	4	109	85	1	41902796001	19
4851	41902	12	109	87	1	41902953001	19
4852	41902	13	110	87	1	41902241001	19
4853	41903	8	109	86	1	41903867000	19
4854	41905	12	109	87	1	41905149001	19
4855	42636	3	112	84	0	42636916000	18
4856	42637	7	112	85	0	42637127000	18
4857	42637	11	112	86	0	42637177001	18
4858	42637	15	112	87	0	42637012000	18
4859	42638	2	111	84	0	42638412001	18
4860	42638	3	112	84	0	42638927001	18
4861	42638	6	111	85	0	42638744001	18
4862	42638	10	111	86	0	42638235001	18
4863	42638	14	111	87	0	42638576001	18
4864	42638	15	112	87	0	42638856000	18
4865	42639	5	110	85	0	42639985001	18
4866	42639	7	112	85	0	42639219000	18
4867	42639	9	110	86	0	42639947000	18
4868	42639	11	112	86	0	42639090001	18
4869	42639	13	110	87	0	42639994001	18
4870	42640	1	110	84	0	42640099000	18
4871	42640	2	111	84	0	42640396001	17
4872	42640	6	111	85	0	42640992000	17
4873	42640	10	111	86	0	42640119000	18
4874	42640	14	111	87	0	42640670000	17
4875	42641	0	109	84	0	42641427000	17
4876	42641	4	109	85	0	42641447000	17
4877	42641	8	109	86	0	42641289001	17
4878	42641	12	109	87	0	42641370001	17
4879	42642	1	110	84	0	42642159000	17
4880	42642	5	110	85	0	42642261000	17
4881	42642	9	110	86	0	42642675000	17
4882	42642	13	110	87	0	42642844001	17
4883	42643	0	109	84	0	42643920001	17
4884	42643	8	109	86	0	42643288000	17
4885	42643	12	109	87	0	42643299000	17
4886	42644	4	109	85	0	42644063001	17
4887	42675	3	112	84	1	42675847000	12
4888	42676	2	111	84	1	42676823000	11
4889	42677	1	110	84	1	42677518000	11
4890	42677	6	111	85	1	42677698000	11
4891	42677	7	112	85	1	42677007001	11
4892	42678	0	109	84	1	42678681000	11
4893	42678	5	110	85	1	42678813000	11
4894	42678	10	111	86	1	42678770000	11
4895	42678	11	112	86	1	42678080001	11
4896	42679	1	110	84	1	42679264001	11
4897	42679	3	112	84	1	42679134000	11
4898	42679	4	109	85	1	42679534001	11
4899	42679	6	111	85	1	42679259001	11
4900	42679	9	110	86	1	42679888000	11
4901	42679	14	111	87	1	42679883001	11
4902	42679	15	112	87	1	42679031001	11
4903	42680	7	112	85	1	42680176001	11
4904	42680	8	109	86	1	42680652001	11
4905	42680	13	110	87	1	42680806000	11
4906	42681	4	109	85	1	42681648001	11
4907	42681	5	110	85	1	42681201001	11
4908	42681	12	109	87	1	42681785000	11
4909	42681	15	112	87	1	42681427000	11
4910	42682	11	112	86	1	42682963001	10
4911	42682	14	111	87	1	42682278001	10
4912	42683	9	110	86	1	42683804001	10
4913	42683	10	111	86	1	42683971000	10
4914	42683	13	110	87	1	42683745001	10
4915	42684	8	109	86	1	42684204001	10
4916	42685	12	109	87	1	42685779001	10
4917	42711	2	111	84	1	42711077001	7
4918	42731	3	112	84	0	42731188001	6
4919	42734	11	112	86	0	42734427001	6
4920	42736	15	112	87	0	42736753000	6
4921	42833	8	109	86	0	42833460001	8
4922	42833	12	109	87	1	42833162001	8
4923	42834	4	109	85	0	42834324001	8
4924	42909	0	109	84	1	42909668001	26
4925	42909	1	110	84	0	42909419000	26
4926	42909	2	111	84	0	42909389000	26
4927	42909	3	112	84	0	42909368001	26
4928	42910	4	109	85	0	42910514000	27
4929	42910	5	110	85	0	42910446001	27
4930	42910	6	111	85	0	42910702001	27
4931	42910	7	112	85	0	42910506000	27
4932	42911	1	110	84	0	42911434000	27
4933	42911	2	111	84	0	42911384000	27
4934	42911	3	112	84	0	42911554001	27
4935	42911	8	109	86	0	42911311000	27
4936	42911	9	110	86	1	42911382001	27
4937	42911	10	111	86	0	42911214001	27
4938	42911	11	112	86	0	42911474000	27
4939	42912	4	109	85	0	42912908001	27
4940	42912	5	110	85	0	42912296000	27
4941	42912	7	112	85	0	42912472001	27
4942	42912	12	109	87	0	42912579001	27
4943	42912	13	110	87	0	42912524000	27
4944	42912	14	111	87	0	42912378001	27
4945	42912	15	112	87	0	42912321000	27
4946	42913	6	111	85	0	42913255000	27
4947	42913	8	109	86	0	42913400001	27
4948	42913	9	110	86	1	42913958001	27
4949	42913	10	111	86	0	42913250000	27
4950	42913	11	112	86	0	42913758001	27
4951	42914	14	111	87	0	42914352001	27
4952	42914	15	112	87	0	42914076001	27
4953	42915	12	109	87	0	42915176001	27
4954	42915	13	110	87	0	42915939001	27
4955	42916	0	109	84	0	42916717000	27
4956	42922	15	112	87	0	42922999000	28
4957	42925	1	110	84	1	42925988001	29
4958	42925	2	111	84	1	42925951000	29
4959	42925	3	112	84	1	42925846000	29
4960	42926	0	109	84	1	42926136000	29
4961	42926	5	110	85	1	42926816001	29
4962	42926	6	111	85	1	42926769000	29
4963	42926	7	112	85	1	42926816001	29
4964	42927	4	109	85	1	42927082000	29
4965	42927	9	110	86	1	42927714001	29
4966	42927	10	111	86	1	42927679000	29
4967	42927	11	112	86	1	42927726000	29
4968	42928	8	109	86	1	42928046001	29
4969	42928	12	109	87	1	42928839001	29
4970	42928	13	110	87	1	42928582000	29
4971	42928	14	111	87	1	42928510001	29
4972	42928	15	112	87	1	42928277001	29
4973	43058	0	109	84	0	43058661001	42
4974	43058	4	109	85	0	43058998001	42
4975	43059	8	109	86	0	43059046001	42
4976	43059	12	109	87	0	43059706000	41
4977	43060	1	110	84	0	43060014001	41
4978	43060	5	110	85	0	43060219001	41
4979	43060	9	110	86	0	43060429000	41
4980	43060	13	110	87	0	43060736000	41
4981	43061	0	109	84	0	43061130000	41
4982	43061	2	111	84	0	43061173001	41
4983	43061	4	109	85	0	43061421001	41
4984	43061	6	111	85	0	43061777000	41
4985	43061	8	109	86	0	43061433001	41
4986	43061	10	111	86	0	43061612001	41
4987	43061	14	111	87	0	43061956001	41
4988	43062	1	110	84	0	43062259000	40
4989	43062	3	112	84	0	43062188000	41
4990	43062	5	110	85	0	43062345001	40
4991	43062	7	112	85	0	43062793000	40
4992	43062	9	110	86	0	43062680000	40
4993	43062	11	112	86	0	43062715000	40
4994	43062	12	109	87	0	43062247000	40
4995	43062	15	112	87	0	43062949001	40
4996	43063	2	111	84	0	43063215000	40
4997	43063	10	111	86	0	43063766001	40
4998	43063	13	110	87	0	43063129001	40
4999	43064	3	112	84	0	43064546000	39
5000	43064	6	111	85	0	43064135000	40
5001	43064	11	112	86	0	43064773001	39
5002	43064	14	111	87	0	43064161000	40
5003	43065	7	112	85	0	43065101000	39
5004	43065	15	112	87	0	43065122001	39
5005	43073	0	109	84	1	43073428000	37
5006	43074	1	110	84	1	43074076000	36
5007	43074	2	111	84	1	43074913001	36
5008	43074	4	109	85	1	43074800001	36
5009	43075	3	112	84	1	43075414001	36
5010	43075	5	110	85	1	43075317000	36
5011	43075	8	109	86	1	43075961000	36
5012	43076	6	111	85	1	43076059001	35
5013	43076	7	112	85	1	43076827001	35
5014	43076	9	110	86	1	43076668000	35
5015	43077	10	111	86	1	43077150001	35
5016	43077	11	112	86	1	43077979000	35
5017	43077	12	109	87	1	43077411000	35
5018	43077	13	110	87	1	43077800001	35
5019	43078	14	111	87	1	43078530001	35
5020	43079	6	111	85	1	43079245000	34
5021	43079	15	112	87	1	43079177001	34
5022	43081	8	109	86	1	43081451001	34
5023	43463	12	109	87	0	43463723001	16
5024	43464	8	109	86	0	43464354000	16
5025	43467	8	109	86	0	43467987001	16
5026	43467	12	109	87	0	43467549000	16
5027	43470	13	110	87	0	43470487000	17
5028	43471	4	109	85	0	43471030000	17
5029	43480	8	109	86	1	43480469000	18
5030	43480	12	109	87	1	43480709000	18
5031	43485	12	109	87	1	43485695000	19
5032	43565	3	112	84	0	43565609001	22
5033	43918	8	109	86	0	43918723000	19
5034	43921	11	112	86	0	43921997000	20
5035	43921	15	112	87	1	43921365001	20
5036	43922	5	110	85	0	43922513001	20
5037	43924	3	112	84	0	43924805000	21
5038	43925	2	111	84	0	43925803001	21
5039	43925	7	112	85	0	43925453000	21
5040	44075	3	112	84	0	44075401000	19
5041	44076	2	111	84	0	44076244001	20
5042	44077	1	110	84	0	44077211000	20
5043	44077	3	112	84	0	44077974000	20
5044	44078	0	109	84	0	44078152001	20
5045	44078	2	111	84	0	44078754001	20
5046	44079	1	110	84	0	44079650001	20
5047	44079	7	112	85	0	44079321000	20
5048	44080	6	111	85	0	44080053000	20
5049	44081	0	109	84	0	44081303000	21
5050	44081	2	111	84	0	44081333001	21
5051	44081	3	112	84	0	44081021000	21
5052	44081	4	109	85	0	44081620001	21
5053	44081	5	110	85	0	44081175001	21
5054	44081	7	112	85	0	44081775001	21
5055	44082	1	110	84	0	44082925001	21
5056	44082	6	111	85	0	44082854000	21
5057	44082	10	111	86	0	44082430001	21
5058	44082	11	112	86	0	44082041001	21
5059	44083	5	110	85	0	44083572001	21
5060	44083	9	110	86	0	44083468001	21
5061	44084	0	109	84	0	44084394001	21
5062	44084	2	111	84	0	44084860000	21
5063	44084	4	109	85	0	44084721001	21
5064	44084	8	109	86	0	44084409001	21
5065	44084	10	111	86	0	44084919000	21
5066	44084	11	112	86	0	44084274001	21
5067	44084	15	112	87	0	44084728000	21
5068	44085	3	112	84	1	44085631000	22
5069	44085	14	111	87	0	44085490000	22
5070	44086	5	110	85	0	44086496001	22
5071	44086	6	111	85	0	44086032001	22
5072	44086	7	112	85	1	44086909000	22
5073	44086	9	110	86	0	44086287000	22
5074	44086	13	110	87	0	44086437001	22
5075	44087	2	111	84	1	44087011000	22
5076	44087	6	111	85	1	44087750000	22
5077	44087	8	109	86	0	44087289000	22
5078	44087	11	112	86	1	44087263000	22
5079	44087	12	109	87	0	44087274001	22
5080	44087	15	112	87	1	44087844000	22
5081	44088	1	110	84	1	44088472001	22
5082	44088	3	112	84	1	44088956001	23
5083	44088	5	110	85	1	44088747000	22
5084	44088	10	111	86	1	44088116000	22
5085	44088	14	111	87	1	44088911001	23
5086	44089	0	109	84	1	44089429001	23
5087	44089	2	111	84	1	44089406001	23
5088	44089	9	110	86	1	44089588000	23
5089	44090	4	109	85	1	44090249000	23
5090	44090	8	109	86	1	44090650001	23
5091	44090	13	110	87	1	44090382000	23
5092	44091	1	110	84	1	44091362001	23
5093	44091	5	110	85	1	44091270001	23
5094	44091	12	109	87	1	44091633001	23
5095	44092	0	109	84	1	44092163000	23
5096	44563	8	109	86	0	44563087001	38
5097	44567	5	110	85	0	44567763000	39
5098	44567	9	110	86	0	44567574001	39
5099	44568	1	110	84	0	44568615001	39
5100	44570	2	111	84	0	44570725001	39
5101	44571	3	112	84	0	44571703000	39
5102	44572	7	112	85	0	44572124001	39
5103	44572	11	112	86	0	44572711000	39
5104	44573	15	112	87	0	44573260000	39
5105	44619	0	109	84	0	44619974000	32
5106	44619	12	109	87	0	44619983000	32
5107	44620	4	109	85	0	44620021001	32
5108	44620	8	109	86	0	44620050000	32
5109	44621	1	110	84	0	44621255000	32
5110	44621	5	110	85	0	44621280000	32
5111	44621	9	110	86	0	44621250001	32
5112	44621	10	111	86	0	44621967000	32
5113	44621	13	110	87	0	44621058000	32
5114	44622	0	109	84	0	44622566000	31
5115	44622	2	111	84	0	44622374001	31
5116	44622	4	109	85	0	44622394000	31
5117	44622	6	111	85	0	44622321000	31
5118	44622	8	109	86	0	44622175000	31
5119	44622	12	109	87	0	44622476000	31
5120	44622	14	111	87	0	44622076000	31
5121	44623	3	112	84	0	44623382000	31
5122	44623	7	112	85	0	44623421001	31
5123	44623	11	112	86	0	44623264000	31
5124	44623	15	112	87	0	44623150001	31
5125	44624	1	110	84	0	44624761000	31
5126	44624	2	111	84	0	44624798000	31
5127	44624	5	110	85	0	44624817000	31
5128	44624	6	111	85	0	44624929001	31
5129	44624	10	111	86	0	44624189001	31
5130	44624	14	111	87	0	44624574001	31
5131	44625	3	112	84	0	44625919001	31
5132	44625	7	112	85	0	44625612001	31
5133	44625	9	110	86	0	44625139000	31
5134	44625	11	112	86	0	44625436001	31
5135	44625	13	110	87	0	44625804001	31
5136	44625	15	112	87	0	44625264001	31
5137	44633	12	109	87	1	44633559000	30
5138	44633	13	110	87	1	44633927000	30
5139	44634	8	109	86	1	44634402001	29
5140	44634	14	111	87	1	44634579001	29
5141	44634	15	112	87	1	44634788001	29
5142	44635	9	110	86	1	44635031000	29
5143	44636	4	109	85	1	44636223001	29
5144	44636	5	110	85	1	44636305000	29
5145	44636	8	109	86	1	44636395000	29
5146	44636	9	110	86	1	44636935001	29
5147	44636	10	111	86	1	44636063000	29
5148	44636	11	112	86	1	44636427000	29
5149	44636	13	110	87	1	44636448001	29
5150	44636	14	111	87	1	44636236001	29
5151	44636	15	112	87	1	44636400001	29
5152	44637	0	109	84	1	44637848000	29
5153	44637	1	110	84	1	44637958000	29
5154	44637	5	110	85	1	44637945001	29
5155	44637	6	111	85	1	44637142000	29
5156	44638	2	111	84	1	44638715000	29
5157	44638	3	112	84	1	44638865001	29
5158	44638	4	109	85	1	44638660001	29
5159	44638	6	111	85	1	44638686000	29
5160	44638	7	112	85	1	44638181001	29
5161	44638	10	111	86	1	44638518000	29
5162	44638	11	112	86	1	44638205000	29
5163	44639	1	110	84	1	44639788001	28
5164	44640	2	111	84	1	44640575000	28
5165	44640	3	112	84	1	44640823000	28
5166	44640	7	112	85	1	44640333000	28
5167	44640	12	109	87	1	44640512001	28
5168	44766	3	112	84	0	44766698000	18
5169	44767	2	111	84	0	44767196000	18
5170	44768	7	112	85	0	44768410001	18
5171	44769	1	110	84	0	44769078001	18
5172	44769	2	111	84	0	44769329000	18
5173	44769	3	112	84	0	44769302001	18
5174	44769	5	110	85	0	44769377000	18
5175	44769	6	111	85	0	44769116001	18
5176	44770	4	109	85	0	44770144001	18
5177	44770	7	112	85	0	44770789001	18
5178	44770	8	109	86	0	44770691000	18
5179	44770	9	110	86	0	44770691000	18
5180	44770	10	111	86	0	44770308000	18
5181	44770	11	112	86	0	44770188000	18
5182	44771	0	109	84	0	44771904000	18
5183	44771	1	110	84	0	44771349001	18
5184	44771	5	110	85	0	44771937001	18
5185	44771	6	111	85	0	44771701000	18
5186	44771	15	112	87	0	44771746000	18
5187	44772	4	109	85	0	44772535000	18
5188	44772	10	111	86	0	44772450000	18
5189	44772	11	112	86	0	44772705001	18
5190	44772	12	109	87	0	44772636000	18
5191	44772	13	110	87	0	44772413000	18
5192	44772	14	111	87	0	44772123001	18
5193	44773	8	109	86	0	44773217001	18
5194	44773	9	110	86	0	44773034001	18
5195	44773	15	112	87	0	44773749001	18
5196	44774	0	109	84	0	44774788001	18
5197	44774	13	110	87	0	44774735000	18
5198	44774	14	111	87	0	44774636001	18
5199	44775	12	109	87	0	44775025000	18
5200	44776	7	112	85	0	44776791001	18
5201	44777	4	109	85	0	44777507000	18
5202	44777	11	112	86	0	44777185001	18
5203	44778	1	110	84	0	44778217000	18
5204	44786	13	110	87	0	44786753000	18
5205	44788	10	111	86	0	44788063001	18
5206	44796	2	111	84	1	44796921000	19
5207	44796	3	112	84	1	44796018001	19
5208	44796	6	111	85	1	44796985000	19
5209	44796	7	112	85	1	44796223000	19
5210	44796	11	112	86	1	44796511001	19
5211	44796	15	112	87	1	44796851001	19
5212	44797	1	110	84	1	44797619000	19
5213	44797	10	111	86	1	44797278000	19
5214	44797	14	111	87	1	44797689000	19
5215	44798	0	109	84	1	44798640000	19
5216	44798	4	109	85	1	44798918001	19
5217	44798	5	110	85	1	44798218000	19
5218	44798	6	111	85	1	44798893000	19
5219	44798	9	110	86	1	44798535001	19
5220	44798	13	110	87	1	44798574001	19
5221	44799	8	109	86	1	44799232001	19
5222	44799	12	109	87	1	44799703001	19
5223	44801	1	110	84	1	44801829000	19
5224	44805	7	112	85	1	44805590001	20
5225	44816	11	112	86	1	44816515001	21
5226	44824	15	112	87	1	44824990000	22
5227	45062	15	112	87	0	45062325001	10
5228	45063	7	112	85	0	45063740001	10
5229	45063	11	112	86	0	45063187000	10
5230	45064	3	112	84	0	45064231000	10
5231	45064	10	111	86	0	45064567001	10
5232	45064	14	111	87	0	45064136000	10
5233	45064	15	112	87	0	45064582001	10
5234	45065	2	111	84	0	45065778001	10
5235	45065	6	111	85	0	45065380000	10
5236	45065	7	112	85	0	45065770001	10
5237	45065	11	112	86	0	45065092000	10
5238	45065	13	110	87	0	45065549000	10
5239	45066	3	112	84	1	45066489000	9
5240	45066	5	110	85	0	45066728000	9
5241	45066	9	110	86	0	45066202000	10
5242	45066	10	111	86	0	45066879000	9
5243	45066	14	111	87	0	45066649000	9
5244	45067	1	110	84	0	45067489001	9
5245	45067	2	111	84	1	45067723001	9
5246	45067	6	111	85	1	45067921000	9
5247	45067	7	112	85	1	45067432001	9
5248	45067	8	109	86	0	45067215000	9
5249	45067	11	112	86	1	45067404001	9
5250	45067	12	109	87	0	45067037000	9
5251	45067	15	112	87	1	45067920001	9
5252	45068	4	109	85	0	45068441000	9
5253	45068	10	111	86	1	45068681000	10
5254	45069	0	109	84	0	45069264000	10
5255	45069	1	110	84	1	45069706001	10
5256	45069	5	110	85	1	45069197001	10
5257	45069	8	109	86	0	45069510001	10
5258	45069	9	110	86	1	45069663000	10
5259	45069	14	111	87	1	45069035000	10
5260	45070	4	109	85	1	45070507000	10
5261	45070	13	110	87	1	45070338000	10
5262	45071	8	109	86	1	45071473000	10
5263	45071	12	109	87	1	45071431000	10
5264	45072	15	112	87	1	45072792000	10
5265	45116	14	111	87	1	45116810001	24
5266	45230	8	109	86	0	45230409001	20
5267	45230	12	109	87	1	45230703000	20
5268	45231	4	109	85	0	45231892001	19
5269	45232	0	109	84	0	45232731001	19
5270	45232	8	109	86	0	45232750001	19
5271	45232	13	110	87	0	45232235001	19
5272	45233	9	110	86	0	45233363000	19
5273	45233	12	109	87	0	45233425000	19
5274	45234	1	110	84	0	45234879000	19
5275	45234	5	110	85	0	45234176000	19
5276	45234	14	111	87	0	45234415000	19
5277	45235	0	109	84	0	45235805000	19
5278	45235	4	109	85	0	45235181000	19
5279	45235	8	109	86	0	45235928001	19
5280	45235	9	110	86	0	45235956001	19
5281	45235	10	111	86	0	45235784001	19
5282	45235	13	110	87	0	45235264001	19
5283	45236	5	110	85	0	45236380000	19
5284	45236	14	111	87	0	45236444000	19
5285	45236	15	112	87	0	45236459001	19
5286	45237	1	110	84	0	45237136000	18
5287	45237	2	111	84	0	45237401000	18
5288	45237	6	111	85	0	45237195000	18
5289	45238	7	112	85	0	45238833000	18
5290	45238	10	111	86	0	45238002001	18
5291	45238	11	112	86	0	45238075001	18
5292	45238	14	111	87	0	45238965000	18
5293	45238	15	112	87	0	45238690000	18
5294	45239	2	111	84	0	45239315000	18
5295	45239	3	112	84	0	45239628001	18
5296	45240	1	110	84	0	45240093001	18
5297	45240	5	110	85	0	45240165000	18
5298	45240	6	111	85	0	45240124001	18
5299	45240	7	112	85	0	45240894000	18
5300	45240	9	110	86	0	45240119000	18
5301	45240	10	111	86	0	45240564000	18
5302	45240	11	112	86	0	45240335001	18
5303	45241	3	112	84	0	45241732000	17
5304	45241	15	112	87	0	45241259000	18
5305	45242	2	111	84	0	45242339001	17
5306	45243	0	109	84	0	45243607000	17
5307	45243	11	112	86	0	45243495001	17
5308	45243	15	112	87	0	45243222001	17
5309	45244	3	112	84	0	45244756001	17
5310	45244	7	112	85	0	45244031000	17
5311	45247	3	112	84	0	45247058001	17
5312	45253	2	111	84	0	45253826001	15
5313	45278	3	112	84	1	45278615001	11
5314	45280	3	112	84	1	45280974001	11
5315	45280	7	112	85	1	45280771001	11
5316	45281	2	111	84	1	45281348001	11
5317	45281	11	112	86	1	45281960000	11
5318	45282	1	110	84	1	45282906000	11
5319	45282	6	111	85	1	45282606001	11
5320	45282	7	112	85	1	45282698001	11
5321	45283	2	111	84	1	45283360001	11
5322	45283	5	110	85	1	45283707000	11
5323	45283	10	111	86	1	45283640000	11
5324	45283	11	112	86	1	45283912001	11
5325	45283	15	112	87	1	45283158000	11
5326	45284	0	109	84	1	45284482000	10
5327	45284	1	110	84	1	45284677001	10
5328	45284	6	111	85	1	45284184001	10
5329	45284	14	111	87	1	45284947001	10
5330	45284	15	112	87	1	45284970001	10
5331	45285	4	109	85	1	45285822001	10
5332	45285	5	110	85	1	45285774001	10
5333	45285	9	110	86	1	45285465001	10
5334	45285	10	111	86	1	45285575001	10
5335	45286	0	109	84	1	45286581000	10
5336	45286	13	110	87	1	45286784000	10
5337	45286	14	111	87	1	45286799001	10
5338	45287	4	109	85	1	45287705001	10
5339	45287	8	109	86	1	45287176001	10
5340	45287	9	110	86	1	45287292001	10
5341	45288	12	109	87	1	45288129000	10
5342	45289	8	109	86	1	45289575000	9
5343	45289	13	110	87	1	45289029000	9
5344	45290	12	109	87	1	45290072001	9
5345	45294	6	111	85	1	45294137000	8
5346	45511	3	112	84	0	45511421000	18
5347	45511	11	112	86	0	45511798000	18
5348	45511	15	112	87	0	45511505000	18
5349	45512	7	112	85	0	45512085000	18
5350	45513	2	111	84	0	45513293000	18
5351	45513	3	112	84	0	45513467000	17
5352	45513	6	111	85	0	45513595001	17
5353	45513	10	111	86	0	45513201001	18
5354	45513	11	112	86	0	45513819000	17
5355	45513	14	111	87	0	45513224001	18
5356	45513	15	112	87	0	45513238001	18
5357	45514	7	112	85	0	45514260000	17
5358	45514	9	110	86	0	45514945000	17
5359	45514	13	110	87	0	45514872000	17
5360	45515	1	110	84	0	45515072001	17
5361	45515	2	111	84	0	45515264001	17
5362	45515	5	110	85	0	45515235000	17
5363	45515	6	111	85	0	45515833001	17
5364	45515	8	109	86	0	45515581000	17
5365	45515	10	111	86	0	45515274000	17
5366	45515	14	111	87	0	45515636001	17
5367	45516	0	109	84	0	45516527001	17
5368	45516	4	109	85	0	45516316001	17
5369	45516	12	109	87	0	45516410001	17
5370	45517	1	110	84	0	45517002000	17
5371	45517	5	110	85	0	45517794001	17
5372	45517	8	109	86	0	45517429000	17
5373	45517	9	110	86	0	45517322000	17
5374	45517	13	110	87	0	45517273001	17
5375	45517	15	112	87	0	45517121001	17
5376	45518	0	109	84	0	45518844001	16
5377	45518	4	109	85	0	45518577001	17
5378	45518	12	109	87	0	45518748001	17
5379	45522	15	112	87	0	45522360000	16
5380	45533	3	112	84	1	45533685000	13
5381	45534	2	111	84	1	45534510000	13
5382	45534	7	112	85	1	45534818001	13
5383	45535	1	110	84	1	45535560001	13
5384	45535	6	111	85	1	45535074001	13
5385	45535	11	112	86	1	45535885001	12
5386	45536	0	109	84	1	45536255000	12
5387	45536	5	110	85	1	45536376000	12
5388	45536	6	111	85	1	45536471000	12
5389	45536	10	111	86	1	45536552001	12
5390	45536	15	112	87	1	45536482000	12
5391	45537	4	109	85	1	45537365001	12
5392	45537	9	110	86	1	45537525001	12
5393	45537	14	111	87	1	45537347000	12
5394	45538	2	111	84	1	45538017001	12
5395	45538	5	110	85	1	45538218001	12
5396	45538	7	112	85	1	45538259001	12
5397	45538	8	109	86	1	45538453000	12
5398	45538	12	109	87	1	45538999000	12
5399	45538	13	110	87	1	45538473001	12
5400	45538	15	112	87	1	45538386001	12
5401	45539	1	110	84	1	45539979001	11
5402	45539	14	111	87	1	45539502000	11
5403	45541	12	109	87	1	45541300000	11
5404	45563	3	112	84	1	45563139000	10
5405	45567	0	109	84	1	45567180001	10
5406	45567	11	112	86	1	45567130000	10
5407	45712	3	112	84	0	45712280000	20
5408	45712	11	112	86	0	45712518001	20
5409	45770	12	109	87	0	45770243001	10
5410	45814	12	109	87	1	45814985000	12
5411	45859	2	111	84	0	45859868000	20
5412	46059	12	109	87	0	46059718001	12
5413	46060	8	109	86	0	46060370000	12
5414	46060	9	110	86	0	46060912001	13
5415	46060	13	110	87	0	46060218000	12
5416	46060	14	111	87	0	46060486000	12
5417	46060	15	112	87	0	46060857000	13
5418	46061	4	109	85	0	46061413001	13
5419	46061	5	110	85	0	46061743000	13
5420	46061	10	111	86	0	46061395000	13
5421	46061	11	112	86	0	46061596001	13
5422	46062	0	109	84	0	46062077001	13
5423	46062	1	110	84	0	46062575001	13
5424	46062	2	111	84	0	46062839001	13
5425	46062	6	111	85	0	46062431001	13
5426	46062	7	112	85	0	46062676001	13
5427	46062	12	109	87	0	46062217000	13
5428	46062	14	111	87	0	46062750001	13
5429	46062	15	112	87	0	46062891001	13
5430	46063	3	112	84	0	46063202000	13
5431	46063	9	110	86	0	46063813001	13
5432	46063	11	112	86	0	46063663000	13
5433	46064	2	111	84	0	46064661001	14
5434	46064	7	112	85	0	46064971000	14
5435	46064	8	109	86	0	46064172000	13
5436	46064	10	111	86	0	46064334001	13
5437	46065	1	110	84	0	46065074001	14
5438	46065	3	112	84	0	46065216000	14
5439	46065	4	109	85	0	46065588000	14
5440	46065	5	110	85	0	46065072001	14
5441	46069	2	111	84	0	46069843000	15
5442	46071	13	110	87	0	46071351000	15
5443	46077	14	111	87	0	46077886000	16
5444	46082	15	112	87	1	46082372000	17
5445	46083	11	112	86	1	46083929000	17
5446	46083	13	110	87	1	46083720000	17
5447	46083	14	111	87	1	46083030001	17
5448	46084	10	111	86	1	46084429000	17
5449	46084	12	109	87	1	46084603001	17
5450	46084	14	111	87	1	46084794001	17
5451	46084	15	112	87	1	46084116001	17
5452	46085	6	111	85	1	46085764000	17
5453	46085	7	112	85	1	46085173000	17
5454	46085	8	109	86	1	46085949000	17
5455	46085	9	110	86	1	46085225001	17
5456	46085	11	112	86	1	46085886001	17
5457	46085	13	110	87	1	46085627001	17
5458	46086	3	112	84	1	46086500001	17
5459	46086	5	110	85	1	46086702001	17
5460	46086	7	112	85	1	46086931000	17
5461	46086	10	111	86	1	46086286001	17
5462	46086	12	109	87	1	46086425000	17
5463	46087	1	110	84	1	46087866000	17
5464	46087	2	111	84	1	46087062001	17
5465	46087	4	109	85	1	46087471001	17
5466	46087	6	111	85	1	46087513001	17
5467	46087	8	109	86	1	46087936000	17
5468	46087	9	110	86	1	46087107001	17
5469	46088	0	109	84	1	46088790001	17
5470	46088	3	112	84	1	46088665000	17
5471	46088	5	110	85	1	46088422001	17
5472	46089	1	110	84	1	46089989001	17
5473	46089	2	111	84	1	46089155000	17
5474	46089	4	109	85	1	46089403000	17
5475	46091	0	109	84	1	46091058001	17
5476	46129	0	109	84	0	46129649001	13
5477	46130	1	110	84	0	46130651000	13
5478	46131	2	111	84	0	46131294000	12
5479	46131	3	112	84	0	46131704000	12
5480	46133	0	109	84	0	46133228001	12
5481	46133	1	110	84	0	46133096001	12
5482	46133	4	109	85	0	46133535001	12
5483	46134	5	110	85	0	46134197000	12
5484	46135	3	112	84	1	46135050000	12
5485	46135	6	111	85	0	46135498000	12
5486	46136	2	111	84	1	46136263000	12
5487	46136	5	110	85	0	46136663000	12
5488	46136	8	109	86	0	46136957001	12
5489	46137	1	110	84	1	46137057000	12
5490	46137	4	109	85	0	46137236001	12
5491	46137	6	111	85	1	46137368001	12
5492	46137	9	110	86	0	46137718000	12
5493	46138	0	109	84	1	46138249001	11
5494	46138	5	110	85	1	46138705001	11
5495	46139	4	109	85	1	46139660000	11
5496	46140	9	110	86	1	46140350000	11
5497	46141	8	109	86	1	46141209001	11
5498	46304	12	109	87	0	46304916000	17
5499	46305	4	109	85	0	46305831000	17
5500	46305	8	109	86	0	46305174001	17
5501	46305	13	110	87	0	46305700001	17
5502	46306	0	109	84	0	46306480001	17
5503	46306	5	110	85	0	46306677001	17
5504	46306	9	110	86	0	46306145001	17
5505	46306	14	111	87	0	46306616000	17
5506	46307	1	110	84	0	46307428001	17
5507	46307	6	111	85	0	46307788001	17
5508	46307	8	109	86	0	46307460000	17
5509	46307	10	111	86	0	46307054001	17
5510	46307	12	109	87	0	46307683000	17
5511	46307	15	112	87	0	46307312001	17
5512	46308	2	111	84	0	46308140001	17
5513	46308	3	112	84	0	46308802000	16
5514	46308	4	109	85	0	46308102000	17
5515	46308	5	110	85	0	46308987001	16
5516	46308	7	112	85	0	46308793001	16
5517	46308	9	110	86	0	46308400000	16
5518	46308	11	112	86	0	46308153000	17
5519	46308	13	110	87	0	46308515000	16
5520	46308	14	111	87	0	46308572000	16
5521	46309	0	109	84	0	46309573000	16
5522	46309	6	111	85	0	46309869000	16
5523	46309	10	111	86	0	46309364001	16
5524	46309	11	112	86	0	46309953000	16
5525	46309	15	112	87	0	46309352000	16
5526	46310	1	110	84	0	46310188001	16
5527	46310	2	111	84	0	46310188001	16
5528	46310	3	112	84	0	46310742000	16
5529	46310	7	112	85	0	46310844001	16
5530	46310	8	109	86	0	46310975000	16
5531	46311	12	109	87	0	46311680001	16
5532	46317	4	109	85	0	46317054000	15
5533	46326	15	112	87	0	46326800000	14
5534	46327	2	111	84	0	46327833000	14
5535	46334	0	109	84	1	46334488001	14
5536	46334	4	109	85	1	46334846000	14
5537	46335	1	110	84	1	46335633001	14
5538	46335	8	109	86	1	46335245001	14
5539	46335	12	109	87	1	46335704000	14
5540	46336	5	110	85	1	46336028000	14
5541	46336	9	110	86	1	46336435001	14
5542	46337	2	111	84	1	46337257001	13
5543	46337	6	111	85	1	46337392001	13
5544	46337	10	111	86	1	46337974001	13
5545	46337	13	110	87	1	46337011000	13
5546	46338	1	110	84	1	46338662000	13
5547	46338	3	112	84	1	46338401000	13
5548	46338	14	111	87	1	46338558000	13
5549	46339	6	111	85	1	46339084000	13
5550	46339	7	112	85	1	46339121000	13
5551	46339	11	112	86	1	46339543000	13
5552	46339	15	112	87	1	46339640001	13
5553	46340	9	110	86	1	46340706000	13
5554	46341	5	110	85	1	46341052000	13
5555	46341	15	112	87	1	46341510000	13
5556	46342	7	112	85	1	46342589001	13
5557	46342	14	111	87	1	46342508001	13
5558	46343	3	112	84	1	46343750000	13
5559	46343	11	112	86	1	46343261000	13
5560	46356	12	109	87	1	46356238000	13
5561	46385	8	109	86	1	46385767001	10
5562	46387	2	111	84	1	46387821001	9
5563	46388	10	111	86	1	46388947001	9
5564	46469	3	112	84	0	46469279000	16
5565	46470	2	111	84	0	46470815001	16
5566	46471	3	112	84	0	46471671001	16
5567	46471	7	112	85	0	46471036000	16
5568	46472	1	110	84	0	46472967000	16
5569	46472	2	111	84	0	46472794001	16
5570	46472	11	112	86	0	46472495001	16
5571	46473	6	111	85	0	46473080001	16
5572	46473	7	112	85	0	46473447000	16
5573	46473	10	111	86	0	46473984001	16
5574	46473	15	112	87	0	46473852001	16
5575	46474	5	110	85	0	46474729001	16
5576	46474	11	112	86	0	46474807000	17
5577	46475	0	109	84	0	46475250001	17
5578	46475	1	110	84	1	46475325000	17
5579	46475	2	111	84	0	46475333000	17
5580	46475	14	111	87	0	46475729001	17
5581	46475	15	112	87	0	46475939001	17
5582	46476	4	109	85	0	46476882001	17
5583	46476	6	111	85	0	46476363000	17
5584	46476	9	110	86	0	46476054000	17
5585	46476	10	111	86	0	46476718000	17
5586	46477	5	110	85	0	46477112000	17
5587	46477	8	109	86	0	46477410000	17
5588	46477	11	112	86	0	46477714000	17
5589	46478	0	109	84	0	46478266000	17
5590	46478	9	110	86	0	46478533000	17
5591	46478	13	110	87	0	46478354001	17
5592	46478	14	111	87	0	46478099000	17
5593	46479	5	110	85	0	46479853000	17
5594	46479	8	109	86	0	46479838001	17
5595	46479	12	109	87	0	46479869001	17
5596	46479	15	112	87	0	46479080001	17
5597	46480	4	109	85	0	46480089000	17
5598	46480	10	111	86	0	46480952001	17
5599	46481	13	110	87	0	46481906001	17
5600	46482	8	109	86	0	46482914001	17
5601	46482	9	110	86	0	46482674001	17
5602	46482	12	109	87	0	46482698000	17
5603	46482	14	111	87	0	46482015000	17
5604	46482	15	112	87	1	46482901000	17
5605	46484	3	112	84	1	46484682000	17
5606	46485	7	112	85	1	46485272001	17
5607	46485	11	112	86	1	46485363000	17
5608	46487	2	111	84	1	46487891000	18
5609	46487	3	112	84	1	46487467001	18
5610	46487	15	112	87	1	46487376000	18
5611	46488	7	112	85	1	46488055001	18
5612	46488	11	112	86	1	46488703001	18
5613	46489	6	111	85	1	46489126000	18
5614	46489	10	111	86	1	46489599000	18
5615	46489	12	109	87	0	46489405000	18
5616	46489	14	111	87	1	46489598001	18
5617	46490	15	112	87	1	46490402001	18
5618	46492	3	112	84	1	46492698000	18
5619	46492	6	111	85	1	46492231001	18
5620	46493	2	111	84	1	46493158001	18
5621	46493	5	110	85	1	46493384000	18
5622	46493	7	112	85	1	46493831000	18
5623	46493	10	111	86	1	46493452000	18
5624	46493	14	111	87	1	46493481001	18
5625	46494	6	111	85	1	46494886001	18
5626	46495	3	112	84	0	46495490001	18
5627	46495	13	110	87	1	46495439000	18
5628	46496	9	110	86	1	46496161001	18
5629	46498	2	111	84	0	46498026001	18
5630	46498	3	112	84	0	46498905001	18
5631	46498	14	111	87	1	46498866000	18
5632	46499	13	110	87	1	46499982001	18
5633	46500	6	111	85	0	46500051000	18
5634	46500	7	112	85	0	46500305000	18
5635	46500	9	110	86	1	46500026000	18
5636	46501	2	111	84	0	46501415001	18
5637	46501	12	109	87	1	46501831001	18
5638	46502	3	112	84	0	46502798000	18
5639	46503	7	112	85	0	46503009000	18
5640	46503	8	109	86	1	46503482000	18
5641	46504	6	111	85	0	46504048000	18
5642	46504	9	110	86	0	46504076000	18
5643	46505	10	111	86	0	46505949001	18
5644	46507	2	111	84	0	46507361001	17
5645	46507	7	112	85	0	46507538001	17
5646	46507	11	112	86	0	46507043001	17
5647	46508	5	110	85	0	46508757001	17
5648	46509	6	111	85	0	46509001000	17
5649	46509	9	110	86	0	46509158000	17
5650	46509	10	111	86	0	46509464001	17
5651	46509	14	111	87	0	46509991000	17
5652	46510	3	112	84	0	46510908001	17
5653	46510	7	112	85	0	46510965000	17
5654	46510	11	112	86	0	46510313001	17
5655	46510	13	110	87	0	46510072001	17
5656	46511	8	109	86	0	46511028001	17
5657	46512	11	112	86	0	46512615001	17
5658	46512	14	111	87	0	46512632001	17
5659	46512	15	112	87	0	46512259000	17
5660	46514	10	111	86	0	46514230000	17
5661	46514	12	109	87	0	46514594001	17
5662	46514	13	110	87	0	46514952001	17
5663	46514	15	112	87	0	46514499001	17
5664	46516	14	111	87	0	46516681000	17
5665	46517	15	112	87	0	46517643000	17
5666	46518	11	112	86	0	46518132001	17
5667	46521	13	110	87	0	46521083000	17
5668	46521	14	111	87	0	46521732000	16
5669	46521	15	112	87	0	46521339000	16
5670	46522	3	112	84	1	46522591000	16
5671	46523	2	111	84	1	46523690001	16
5672	46524	1	110	84	1	46524514001	16
5673	46525	0	109	84	1	46525522001	16
5674	46525	2	111	84	1	46525951000	16
5675	46525	3	112	84	1	46525601001	16
5676	46526	10	111	86	0	46526744001	16
5677	46527	1	110	84	1	46527142000	16
5678	46527	6	111	85	1	46527874000	16
5679	46527	7	112	85	1	46527357001	16
5680	46528	0	109	84	1	46528268000	16
5681	46528	5	110	85	1	46528785000	16
5682	46529	4	109	85	1	46529643000	16
5683	46529	6	111	85	1	46529858000	16
5684	46529	7	112	85	1	46529924001	16
5685	46530	5	110	85	1	46530958000	16
5686	46531	4	109	85	1	46531856000	16
5687	46531	10	111	86	1	46531307000	16
5688	46531	11	112	86	1	46531643001	16
5689	46532	9	110	86	1	46532847001	15
5690	46533	8	109	86	1	46533310000	15
5691	46533	10	111	86	1	46533822001	15
5692	46534	11	112	86	1	46534336001	15
5693	46535	8	109	86	1	46535811001	15
5694	46535	9	110	86	1	46535007000	15
5695	46535	15	112	87	1	46535370001	15
5696	46536	6	111	85	1	46536996001	15
5697	46536	13	110	87	1	46536494000	15
5698	46536	14	111	87	1	46536053001	15
5699	46537	12	109	87	1	46537647000	15
5700	46537	15	112	87	1	46537416001	15
5701	46538	13	110	87	1	46538958001	15
5702	46538	14	111	87	1	46538249001	15
5703	46541	12	109	87	1	46541256000	15
5704	46553	15	112	87	1	46553303000	14
5705	46653	15	112	87	0	46653283001	15
5706	46797	12	109	87	0	46797770000	13
5707	46798	8	109	86	0	46798984000	13
5708	46800	4	109	85	0	46800881000	14
5709	46800	12	109	87	0	46800190001	13
5710	46800	13	110	87	0	46800604000	13
5711	46801	8	109	86	0	46801460000	14
5712	46802	0	109	84	0	46802615001	14
5713	46802	9	110	86	0	46802348001	14
5714	46803	4	109	85	0	46803716001	14
5715	46803	5	110	85	0	46803958001	14
5716	46803	12	109	87	0	46803628001	14
5717	46803	13	110	87	0	46803338001	14
5718	46804	14	111	87	0	46804275000	14
5719	46805	0	109	84	0	46805902001	15
5720	46805	1	110	84	0	46805398001	14
5721	46805	8	109	86	0	46805121000	14
5722	46805	9	110	86	0	46805732000	14
5723	46806	5	110	85	0	46806678000	15
5724	46806	10	111	86	0	46806351000	15
5725	46806	15	112	87	0	46806427000	15
5726	46807	4	109	85	0	46807626000	15
5727	46807	6	111	85	0	46807245001	15
5728	46807	12	109	87	1	46807406000	15
5729	46808	1	110	84	0	46808212000	15
5730	46809	2	111	84	0	46809836000	15
5731	46809	10	111	86	0	46809604000	15
5732	46809	12	109	87	1	46809972001	15
5733	46809	13	110	87	1	46809165000	15
5734	46809	15	112	87	0	46809467000	15
5735	46810	0	109	84	0	46810596001	15
5736	46810	5	110	85	0	46810304001	15
5737	46810	6	111	85	0	46810081001	15
5738	46810	8	109	86	1	46810123000	15
5739	46810	9	110	86	1	46810891000	15
5740	46810	11	112	86	0	46810135001	15
5741	46811	1	110	84	0	46811962001	16
5742	46811	14	111	87	1	46811032000	15
5743	46812	2	111	84	0	46812557000	16
5744	46812	13	110	87	1	46812035001	16
5745	46812	15	112	87	1	46812306000	16
5746	46813	5	110	85	1	46813561000	16
5747	46813	7	112	85	0	46813027000	16
5748	46813	8	109	86	1	46813216000	16
5749	46813	9	110	86	1	46813911000	16
5750	46814	3	112	84	0	46814610001	16
5751	46814	4	109	85	1	46814066000	16
5752	46814	10	111	86	1	46814473000	16
5753	46817	0	109	84	1	46817559001	16
5754	46817	3	112	84	0	46817895000	17
5755	46817	4	109	85	1	46817558000	16
5756	46817	5	110	85	1	46817397000	16
5757	46817	7	112	85	0	46817273000	16
5758	46817	11	112	86	1	46817210001	16
5759	46818	1	110	84	1	46818816000	17
5760	46819	6	111	85	1	46819689001	17
5761	46820	5	110	85	1	46820588001	17
5762	46821	9	110	86	1	46821870000	17
5763	46822	7	112	85	1	46822177001	17
5764	46824	0	109	84	1	46824278000	17
5765	46824	1	110	84	1	46824073000	17
5766	46824	4	109	85	1	46824574000	17
5767	46828	6	111	85	1	46828471001	18
5768	46833	1	110	84	0	46833919001	18
5769	46833	7	112	85	0	46833334001	18
5770	46834	0	109	84	0	46834972001	18
5771	46834	3	112	84	1	46834874000	18
5772	46834	4	109	85	0	46834820001	18
5773	46834	5	110	85	0	46834851001	18
5774	46834	6	111	85	0	46834257001	18
5775	46837	1	110	84	0	46837974001	18
5776	46838	4	109	85	0	46838159000	18
5777	46838	5	110	85	0	46838365001	18
5778	46838	9	110	86	0	46838493000	18
5779	46838	11	112	86	0	46838342000	18
5780	46839	6	111	85	0	46839987001	18
5781	46839	7	112	85	1	46839365001	18
5782	46839	10	111	86	0	46839590001	18
5783	46840	0	109	84	0	46840262001	18
5784	46840	2	111	84	1	46840349001	18
5785	46840	8	109	86	0	46840668001	19
5786	46841	4	109	85	0	46841894001	19
5787	46841	9	110	86	0	46841341000	19
5788	46843	6	111	85	1	46843264000	19
5789	46843	8	109	86	0	46843283000	19
5790	46843	13	110	87	0	46843759000	19
5791	46843	14	111	87	0	46843728000	19
5792	46844	1	110	84	1	46844074000	19
5793	46845	9	110	86	0	46845890000	19
5794	46845	12	109	87	0	46845111001	19
5795	46846	8	109	86	0	46846123000	19
5796	46846	10	111	86	1	46846352001	19
5797	46847	0	109	84	1	46847512001	19
5798	46847	1	110	84	1	46847268000	19
5799	46847	13	110	87	0	46847425001	19
5800	46848	2	111	84	1	46848815001	19
5801	46848	5	110	85	1	46848002001	19
5802	46848	12	109	87	0	46848463001	19
5803	46849	4	109	85	1	46849560001	19
5804	46849	6	111	85	1	46849333001	19
5805	46849	14	111	87	1	46849185000	19
5806	46850	5	110	85	1	46850731001	19
5807	46850	9	110	86	1	46850180001	19
5808	46851	0	109	84	1	46851577000	19
5809	46851	8	109	86	1	46851355000	19
5810	46852	13	110	87	1	46852141001	19
5811	46853	4	109	85	1	46853179000	19
5812	46854	8	109	86	1	46854979000	19
5813	46854	12	109	87	1	46854590001	19
5814	46855	1	110	84	1	46855703000	19
5815	46855	9	110	86	1	46855832000	19
5816	46855	13	110	87	1	46855559000	19
5817	46857	4	109	85	1	46857702001	19
5818	46857	12	109	87	1	46857728001	19
5819	46863	8	109	86	1	46863499000	18
5820	47125	3	112	84	0	47125208001	7
5821	47126	2	111	84	0	47126257001	7
5822	47127	1	110	84	0	47127101001	8
5823	47130	7	112	85	0	47130064000	9
5824	47132	5	110	85	0	47132096000	9
5825	47134	7	112	85	1	47134803000	10
5826	47134	11	112	86	0	47134919001	10
5827	47135	8	109	86	0	47135741001	11
5828	47135	9	110	86	0	47135541001	11
5829	47137	15	112	87	0	47137821001	11
5830	47140	13	110	87	0	47140627001	12
5831	47141	3	112	84	1	47141538000	12
5832	47141	14	111	87	0	47141793000	12
5833	47145	9	110	86	1	47145871000	14
5834	47250	9	110	86	0	47250804001	18
5835	47254	7	112	85	0	47254629001	17
5836	47256	3	112	84	0	47256584001	16
5837	47956	3	112	84	0	47956440001	14
5838	47956	7	112	85	0	47956864001	14
5839	47956	11	112	86	0	47956428001	14
5840	47956	15	112	87	0	47956283000	14
5841	47958	2	111	84	0	47958391000	14
5842	47958	3	112	84	0	47958374000	14
5843	47958	6	111	85	0	47958790001	14
5844	47958	7	112	85	0	47958871001	14
5845	47958	10	111	86	0	47958124000	14
5846	47958	11	112	86	0	47958145001	14
5847	47958	14	111	87	0	47958187001	14
5848	47958	15	112	87	0	47958014000	14
5849	47960	1	110	84	0	47960353000	13
5850	47960	2	111	84	0	47960185001	13
5851	47960	5	110	85	0	47960361000	13
5852	47960	6	111	85	0	47960811000	13
5853	47960	9	110	86	0	47960084001	13
5854	47960	10	111	86	0	47960266000	13
5855	47960	13	110	87	0	47960146001	13
5856	47960	14	111	87	1	47960139000	13
5857	47960	15	112	87	0	47960713000	13
5858	47961	3	112	84	0	47961274001	13
5859	47961	8	109	86	0	47961395001	13
5860	47961	12	109	87	0	47961888001	13
5861	47962	0	109	84	0	47962213000	13
5862	47962	1	110	84	0	47962407000	13
5863	47962	4	109	85	0	47962272000	13
5864	47962	5	110	85	0	47962432000	13
5865	47962	9	110	86	0	47962238000	13
5866	47962	13	110	87	0	47962672000	13
5867	47963	8	109	86	0	47963366001	13
5868	47964	0	109	84	0	47964544001	13
5869	47964	2	111	84	0	47964437001	13
5870	47964	4	109	85	0	47964942001	12
5871	47964	12	109	87	0	47964866001	12
5872	47965	9	110	86	0	47965521001	12
5873	47966	11	112	86	0	47966845000	12
5874	47975	3	112	84	1	47975762001	11
5875	47976	2	111	84	1	47976612001	10
5876	47976	7	112	85	1	47976840001	10
5877	47977	1	110	84	1	47977565000	10
5878	47977	6	111	85	1	47977505001	10
5879	47977	11	112	86	1	47977701001	10
5880	47978	0	109	84	1	47978423000	10
5881	47978	5	110	85	1	47978574001	10
5882	47978	10	111	86	1	47978412000	10
5883	47978	15	112	87	1	47978421000	10
5884	47979	4	109	85	1	47979229001	10
5885	47979	6	111	85	1	47979750001	10
5886	47979	9	110	86	1	47979303001	10
5887	47979	14	111	87	1	47979160000	10
5888	47980	8	109	86	1	47980213000	10
5889	47980	12	109	87	1	47980985000	10
5890	47980	13	110	87	1	47980073000	10
5891	47981	1	110	84	1	47981271000	10
5892	47981	14	111	87	1	47981727000	9
5893	47982	15	112	87	1	47982019001	9
5894	47984	7	112	85	1	47984692001	9
5895	47984	9	110	86	1	47984221000	9
5896	47994	13	110	87	1	47994347000	7
5897	47995	2	111	84	1	47995987000	7
5898	47995	3	112	84	1	47995288001	7
5899	48005	4	109	85	1	48005188000	8
5900	48007	11	112	86	1	48007146000	8
5901	48081	11	112	86	0	48081806000	30
5902	48156	15	112	87	0	48156727001	23
5903	48159	2	111	84	0	48159464000	23
5904	48159	3	112	84	0	48159690000	23
5905	48159	7	112	85	0	48159389000	23
5906	48217	8	109	86	0	48217976000	12
5907	48217	12	109	87	0	48217851001	12
5908	48218	4	109	85	0	48218490001	12
5909	48218	9	110	86	0	48218704001	12
5910	48218	13	110	87	0	48218307001	12
5911	48219	0	109	84	0	48219233001	12
5912	48219	1	110	84	0	48219646000	12
5913	48219	5	110	85	0	48219348001	12
5914	48219	10	111	86	0	48219530000	12
5915	48219	14	111	87	0	48219039001	12
5916	48219	15	112	87	0	48219544000	12
5917	48220	2	111	84	0	48220227001	12
5918	48220	3	112	84	0	48220935000	12
5919	48220	6	111	85	0	48220089001	12
5920	48220	7	112	85	0	48220539001	12
5921	48220	8	109	86	0	48220945001	12
5922	48220	9	110	86	0	48220956001	12
5923	48220	11	112	86	0	48220102000	12
5924	48220	12	109	87	0	48220518000	12
5925	48221	1	110	84	0	48221782000	12
5926	48221	4	109	85	0	48221608001	12
5927	48221	13	110	87	0	48221112000	12
5928	48221	14	111	87	0	48221806001	12
5929	48221	15	112	87	0	48221325000	12
5930	48222	2	111	84	0	48222105000	12
5931	48222	7	112	85	0	48222432000	12
5932	48222	11	112	86	0	48222219001	12
5933	48223	3	112	84	0	48223098000	12
5934	48223	10	111	86	0	48223304000	12
5935	48226	2	111	84	0	48226101000	13
5936	48226	5	110	85	0	48226106001	13
5937	48227	6	111	85	0	48227784000	13
5938	48246	0	109	84	1	48246651000	14
5939	48248	4	109	85	1	48248691001	14
5940	48250	0	109	84	1	48250187000	15
5941	48252	1	110	84	1	48252403001	15
5942	48253	8	109	86	1	48253288000	15
5943	48254	4	109	85	1	48254860001	15
5944	48255	5	110	85	1	48255950000	15
5945	48265	8	109	86	0	48265613001	14
5946	48266	4	109	85	0	48266558001	14
5947	48267	1	110	84	0	48267955001	14
5948	48272	0	109	84	0	48272828000	14
5949	48280	1	110	84	1	48280237000	14
5950	48280	4	109	85	1	48280361000	14
5951	48281	0	109	84	1	48281170001	14
5952	48282	8	109	86	1	48282338001	14
5953	48283	1	110	84	1	48283492001	14
5954	48283	4	109	85	1	48283289001	14
5955	48283	5	110	85	1	48283352001	14
5956	48285	8	109	86	1	48285289000	14
5957	48285	12	109	87	1	48285697000	14
5958	48286	2	111	84	1	48286438000	14
5959	48286	5	110	85	1	48286281001	14
5960	48286	9	110	86	1	48286930000	14
5961	48287	1	110	84	1	48287021001	14
5962	48288	5	110	85	1	48288768000	14
5963	48288	12	109	87	1	48288284000	14
5964	48289	2	111	84	1	48289162000	14
5965	48289	6	111	85	1	48289532001	14
5966	48289	9	110	86	1	48289686001	14
5967	48290	3	112	84	1	48290849001	14
5968	48290	13	110	87	1	48290138000	14
5969	48291	10	111	86	1	48291966001	14
5970	48292	6	111	85	1	48292030000	14
5971	48292	8	109	86	1	48292802001	14
5972	48292	13	110	87	1	48292740001	14
5973	48293	3	112	84	1	48293477001	14
5974	48293	7	112	85	1	48293301000	14
5975	48293	9	110	86	1	48293543000	14
5976	48293	12	109	87	1	48293675001	14
5977	48294	2	111	84	1	48294850001	14
5978	48294	10	111	86	1	48294455000	14
5979	48294	14	111	87	1	48294083001	14
5980	48295	6	111	85	1	48295211001	14
5981	48295	7	112	85	1	48295797000	14
5982	48295	11	112	86	1	48295362000	14
5983	48296	14	111	87	1	48296555000	14
5984	48297	11	112	86	1	48297624000	14
5985	48297	15	112	87	1	48297092000	14
5986	48299	15	112	87	1	48299184001	14
5987	48301	3	112	84	1	48301926001	14
5988	48301	14	111	87	1	48301285000	14
5989	48303	13	110	87	1	48303172001	14
5990	48304	10	111	86	1	48304162000	14
5991	48305	7	112	85	1	48305199001	15
5992	48305	15	112	87	1	48305200000	15
5993	48419	0	109	84	0	48419129000	20
5994	48419	4	109	85	0	48419910001	20
5995	48420	8	109	86	0	48420337001	20
5996	48421	0	109	84	0	48421830000	20
5997	48421	1	110	84	0	48421610001	20
5998	48421	5	110	85	0	48421783000	20
5999	48421	12	109	87	0	48421751001	20
6000	48422	4	109	85	0	48422711000	20
6001	48422	8	109	86	0	48422625001	20
6002	48422	9	110	86	0	48422104000	20
6003	48422	13	110	87	0	48422817001	20
6004	48424	1	110	84	0	48424765001	19
6005	48424	10	111	86	0	48424438001	19
6006	48424	12	109	87	0	48424868001	19
6007	48424	14	111	87	0	48424913001	19
6008	48425	5	110	85	0	48425178001	19
6009	48425	9	110	86	0	48425584001	19
6010	48425	13	110	87	0	48425195001	19
6011	48426	2	111	84	0	48426428001	19
6012	48426	6	111	85	0	48426241000	19
6013	48426	8	109	86	0	48426011001	19
6014	48426	10	111	86	0	48426697000	19
6015	48426	15	112	87	0	48426970000	19
6016	48427	0	109	84	0	48427540001	19
6017	48427	14	111	87	0	48427856000	19
6018	48429	15	112	87	0	48429955000	19
6019	48430	9	110	86	0	48430747001	19
6020	48430	13	110	87	0	48430817000	19
6021	48431	1	110	84	1	48431623001	19
6022	48431	14	111	87	0	48431593000	19
6023	48432	11	112	86	0	48432206001	19
6024	48434	1	110	84	1	48434794001	18
6025	48435	0	109	84	1	48435068001	18
6026	48435	5	110	85	1	48435871000	18
6027	48436	6	111	85	1	48436131001	18
6028	48437	9	110	86	1	48437019000	18
6029	48438	0	109	84	1	48438622001	18
6030	48438	4	109	85	1	48438754001	18
6031	48438	10	111	86	1	48438969000	18
6032	48439	5	110	85	1	48439754001	18
6033	48441	4	109	85	1	48441923001	18
6034	48441	15	112	87	1	48441574001	18
6035	48442	9	110	86	1	48442447001	18
6036	48444	8	109	86	1	48444004000	18
6037	48444	14	111	87	1	48444606000	18
6038	48445	4	109	85	1	48445599001	18
6039	48445	9	110	86	1	48445696000	18
6040	48446	13	110	87	1	48446151001	18
6041	48447	10	111	86	1	48447978000	18
6042	48448	8	109	86	1	48448293000	18
6043	48448	14	111	87	1	48448954001	18
6044	48448	15	112	87	1	48448920001	18
6045	48450	13	110	87	1	48450557001	17
6046	48451	12	109	87	1	48451689001	17
6047	48454	5	110	85	1	48454487000	17
6048	48454	8	109	86	1	48454407001	17
6049	48455	9	110	86	1	48455408000	17
6050	48455	13	110	87	1	48455434001	17
6051	48457	12	109	87	1	48457692001	17
6052	48469	12	109	87	0	48469813001	17
6053	48469	13	110	87	0	48469235000	17
6054	48471	14	111	87	0	48471236000	17
6055	48471	15	112	87	0	48471743001	17
6056	48472	13	110	87	0	48472781000	17
6057	48473	12	109	87	0	48473214000	17
6058	48473	14	111	87	0	48473842000	17
6059	48474	8	109	86	0	48474121001	17
6060	48474	9	110	86	0	48474649000	17
6061	48474	15	112	87	0	48474341001	17
6062	48476	8	109	86	0	48476847000	17
6063	48476	10	111	86	0	48476858000	17
6064	48476	13	110	87	0	48476951000	17
6065	48476	14	111	87	0	48476930001	17
6066	48476	15	112	87	0	48476749000	17
6067	48477	9	110	86	0	48477433000	17
6068	48479	8	109	86	0	48479748001	17
6069	48479	10	111	86	0	48479419000	17
6070	48479	11	112	86	0	48479908001	17
6071	48479	12	109	87	0	48479413001	17
6072	48480	9	110	86	0	48480756000	17
6073	48480	15	112	87	0	48480793000	17
6074	48481	4	109	85	0	48481465000	17
6075	48481	5	110	85	0	48481115001	17
6076	48481	10	111	86	0	48481982001	17
6077	48481	14	111	87	0	48481503001	17
6078	48482	11	112	86	0	48482205001	17
6079	48483	5	110	85	0	48483869000	18
6080	48483	7	112	85	0	48483291001	18
6081	48483	9	110	86	0	48483391000	18
6082	48484	4	109	85	0	48484468000	18
6083	48484	6	111	85	0	48484336000	18
6084	48484	11	112	86	0	48484959001	18
6085	48485	8	109	86	0	48485532000	18
6086	48486	7	112	85	0	48486399000	18
6087	48486	10	111	86	1	48486321001	18
6088	48487	0	109	84	0	48487104001	18
6089	48487	3	112	84	0	48487710000	18
6090	48487	5	110	85	0	48487402001	18
6091	48487	6	111	85	0	48487365000	18
6092	48488	1	110	84	0	48488430001	18
6093	48488	4	109	85	0	48488009000	18
6094	48489	7	112	85	0	48489419000	18
6095	48489	11	112	86	0	48489027000	18
6096	48490	0	109	84	0	48490617000	18
6097	48490	2	111	84	0	48490004000	18
6098	48491	1	110	84	0	48491143001	18
6099	48491	6	111	85	0	48491394000	18
6100	48492	3	112	84	0	48492704001	18
6101	48493	2	111	84	0	48493393000	18
6102	48495	1	110	84	0	48495919001	18
6103	48496	0	109	84	0	48496715001	18
6104	48497	11	112	86	1	48497828000	18
6105	48498	2	111	84	1	48498960001	18
6106	48498	7	112	85	1	48498354000	18
6107	48498	15	112	87	1	48498628001	18
6108	48499	6	111	85	1	48499636001	18
6109	48499	10	111	86	1	48499975000	18
6110	48499	11	112	86	1	48499873001	18
6111	48499	14	111	87	1	48499734001	18
6112	48500	1	110	84	1	48500484000	18
6113	48500	3	112	84	1	48500305000	18
6114	48500	15	112	87	1	48500399001	18
6115	48501	0	109	84	1	48501689000	18
6116	48501	5	110	85	1	48501246001	18
6117	48501	6	111	85	1	48501462001	18
6118	48501	9	110	86	1	48501299001	18
6119	48501	13	110	87	1	48501351000	18
6120	48501	14	111	87	1	48501426001	18
6121	48502	1	110	84	1	48502461001	18
6122	48502	4	109	85	1	48502572001	18
6123	48502	5	110	85	1	48502955000	18
6124	48502	7	112	85	1	48502704001	18
6125	48502	8	109	86	1	48502820000	18
6126	48502	10	111	86	1	48502182000	18
6127	48502	12	109	87	1	48502489000	18
6128	48503	0	109	84	1	48503841001	18
6129	48503	9	110	86	1	48503064001	18
6130	48504	4	109	85	1	48504697000	18
6131	48504	12	109	87	1	48504468001	18
6132	48504	13	110	87	1	48504156001	18
6133	48505	8	109	86	1	48505753000	18
6134	48857	0	109	84	0	48857895000	17
6135	48857	1	110	84	0	48857769000	17
6136	48857	2	111	84	0	48857580000	17
6137	48857	3	112	84	0	48857407001	17
6138	48859	1	110	84	0	48859953000	17
6139	48859	2	111	84	0	48859539000	17
6140	48859	3	112	84	0	48859559000	17
6141	48859	4	109	85	0	48859585001	17
6142	48859	5	110	85	0	48859173000	17
6143	48859	6	111	85	0	48859207000	17
6144	48859	7	112	85	0	48859039001	17
6145	48860	0	109	84	0	48860353001	17
6146	48860	8	109	86	0	48860520001	17
6147	48860	9	110	86	0	48860632001	17
6148	48860	10	111	86	0	48860296000	17
6149	48860	11	112	86	0	48860214000	17
6150	48861	5	110	85	0	48861211000	17
6151	48861	6	111	85	0	48861335000	17
6152	48861	7	112	85	0	48861107000	17
6153	48861	14	111	87	0	48861920000	17
6154	48861	15	112	87	0	48861640001	17
6155	48862	4	109	85	0	48862315001	17
6156	48862	8	109	86	0	48862805001	17
6157	48862	9	110	86	0	48862725000	17
6158	48862	10	111	86	0	48862544000	17
6159	48862	11	112	86	0	48862360001	17
6160	48862	12	109	87	0	48862402001	17
6161	48862	13	110	87	0	48862181000	17
6162	48863	14	111	87	0	48863898000	17
6163	48863	15	112	87	0	48863607001	17
6164	48864	13	110	87	0	48864670001	17
6165	48865	12	109	87	0	48865014001	17
6166	48867	11	112	86	0	48867435001	17
6167	48868	15	112	87	0	48868060000	17
6168	48874	3	112	84	1	48874005000	18
6169	48874	7	112	85	1	48874821000	18
6170	48874	11	112	86	1	48874932001	18
6171	48875	2	111	84	1	48875240000	18
6172	48875	6	111	85	1	48875481001	18
6173	48875	10	111	86	1	48875642000	18
6174	48875	15	112	87	1	48875411000	18
6175	48876	0	109	84	1	48876857001	18
6176	48876	1	110	84	1	48876053000	18
6177	48876	4	109	85	1	48876995001	18
6178	48876	5	110	85	1	48876444000	18
6179	48876	9	110	86	1	48876806001	18
6180	48876	14	111	87	1	48876249001	18
6181	48877	8	109	86	1	48877690001	18
6182	48877	12	109	87	1	48877743001	18
6183	48877	13	110	87	1	48877124001	18
6184	49137	3	112	84	0	49137709000	20
6185	49139	2	111	84	0	49139537000	20
6186	49287	8	109	86	0	49287687000	26
6187	49288	0	109	84	0	49288276001	26
6188	49288	4	109	85	0	49288219001	26
6189	49288	12	109	87	0	49288121000	26
6190	49289	1	110	84	0	49289340001	26
6191	49289	5	110	85	0	49289208000	26
6192	49289	8	109	86	0	49289764000	26
6193	49289	9	110	86	0	49289012001	26
6194	49289	13	110	87	0	49289037001	26
6195	49290	2	111	84	0	49290430000	26
6196	49290	6	111	85	0	49290484000	26
6197	49290	10	111	86	0	49290206001	26
6198	49290	12	109	87	0	49290636000	26
6199	49290	14	111	87	0	49290084000	26
6200	49291	3	112	84	0	49291384001	26
6201	49291	5	110	85	0	49291871000	26
6202	49291	7	112	85	0	49291331001	26
6203	49291	9	110	86	0	49291146001	26
6204	49291	11	112	86	0	49291134001	26
6205	49291	15	112	87	0	49291027001	26
6206	49292	1	110	84	0	49292533000	26
6207	49292	2	111	84	0	49292345001	26
6208	49292	4	109	85	0	49292726000	26
6209	49292	10	111	86	0	49292457001	26
6210	49292	14	111	87	0	49292018001	26
6211	49293	0	109	84	0	49293502000	26
6212	49293	3	112	84	0	49293643000	26
6213	49293	6	111	85	0	49293231000	26
6214	49293	7	112	85	0	49293503000	26
6215	49293	11	112	86	0	49293248000	26
6216	49293	13	110	87	0	49293128001	26
6217	49293	15	112	87	0	49293040000	26
6218	49304	12	109	87	1	49304475001	27
6219	49304	13	110	87	1	49304889000	27
6220	49305	8	109	86	1	49305410001	27
6221	49305	9	110	86	1	49305437001	27
6222	49305	14	111	87	1	49305428000	27
6223	49305	15	112	87	1	49305496000	27
6224	49306	0	109	84	1	49306770001	27
6225	49306	4	109	85	1	49306342000	27
6226	49306	5	110	85	1	49306270001	27
6227	49306	6	111	85	1	49306925000	27
6228	49306	10	111	86	1	49306074001	27
6229	49306	11	112	86	1	49306747000	27
6230	49307	1	110	84	1	49307258000	27
6231	49307	2	111	84	1	49307892001	27
6232	49307	7	112	85	1	49307306001	27
6233	49308	3	112	84	1	49308106001	27
6234	49308	5	110	85	1	49308470001	27
6235	49308	9	110	86	1	49308737001	27
6236	49309	6	111	85	1	49309265001	27
6237	49309	15	112	87	1	49309512001	27
6238	49310	1	110	84	1	49310713000	28
6239	49326	7	112	85	1	49326917001	28
6240	49393	8	109	86	0	49393824001	26
6241	49396	5	110	85	0	49396504000	26
6242	49397	1	110	84	0	49397948001	26
6243	49476	2	111	84	0	49476720001	21
6244	49476	3	112	84	0	49476599000	21
6245	49477	0	109	84	0	49477096000	21
6246	49477	1	110	84	0	49477032001	21
6247	49477	4	109	85	0	49477822000	21
6248	49477	5	110	85	0	49477822000	21
6249	49477	6	111	85	0	49477575000	21
6250	49477	7	112	85	0	49477325001	21
6251	49477	11	112	86	0	49477952000	21
6252	49478	8	109	86	0	49478398001	21
6253	49478	9	110	86	0	49478172000	21
6254	49478	10	111	86	0	49478067001	21
6255	49478	14	111	87	0	49478943000	21
6256	49478	15	112	87	0	49478582000	21
6257	49479	11	112	86	0	49479928000	20
6258	49479	12	109	87	0	49479291000	21
6259	49479	13	110	87	0	49479042000	21
6260	49480	2	111	84	0	49480515001	20
6261	49480	4	109	85	0	49480805000	20
6262	49480	5	110	85	0	49480095000	20
6263	49481	3	112	84	0	49481159000	20
6264	49481	7	112	85	0	49481270001	20
6265	49481	10	111	86	0	49481730001	20
6266	49482	1	110	84	0	49482935001	20
6267	49482	9	110	86	0	49482463001	20
6268	49482	15	112	87	0	49482540001	20
6269	49485	1	110	84	0	49485562000	20
6270	49486	13	110	87	0	49486430001	19
6271	49495	0	109	84	1	49495052000	19
6272	49495	1	110	84	1	49495171001	19
6273	49495	3	112	84	1	49495343000	19
6274	49495	5	110	85	1	49495049001	19
6275	49495	7	112	85	1	49495669000	19
6276	49495	11	112	86	1	49495971001	19
6277	49496	2	111	84	1	49496034001	19
6278	49496	6	111	85	1	49496501001	19
6279	49496	10	111	86	1	49496636001	19
6280	49496	15	112	87	1	49496177000	19
6281	49497	0	109	84	1	49497518001	19
6282	49497	1	110	84	1	49497029001	19
6283	49497	4	109	85	1	49497166000	19
6284	49497	5	110	85	1	49497428001	19
6285	49497	9	110	86	1	49497490001	19
6286	49497	13	110	87	1	49497846001	18
6287	49497	14	111	87	1	49497094000	19
6288	49498	4	109	85	1	49498862000	18
6289	49498	8	109	86	1	49498353001	18
6290	49498	12	109	87	1	49498707001	18
6291	49743	15	112	87	0	49743980001	18
6292	49744	3	112	84	0	49744600000	18
6293	49745	8	109	86	0	49745978001	18
6294	49793	11	112	86	0	49793766000	11
6295	49793	15	112	87	0	49793232000	11
6296	49794	7	112	85	0	49794476000	11
6297	49794	14	111	87	0	49794626001	11
6298	49795	3	112	84	0	49795082001	11
6299	49795	10	111	86	0	49795093001	11
6300	49795	11	112	86	0	49795920001	11
6301	49795	15	112	87	0	49795395001	11
6302	49796	2	111	84	0	49796143000	11
6303	49796	6	111	85	0	49796085000	11
6304	49796	7	112	85	0	49796820001	11
6305	49796	9	110	86	0	49796717000	11
6306	49796	13	110	87	0	49796256001	11
6307	49796	14	111	87	0	49796606001	11
6308	49797	1	110	84	0	49797883001	11
6309	49797	3	112	84	0	49797195000	11
6310	49797	5	110	85	0	49797384001	11
6311	49797	10	111	86	0	49797041000	11
6312	49797	12	109	87	0	49797408000	11
6313	49798	2	111	84	0	49798014001	11
6314	49798	4	109	85	0	49798727001	11
6315	49798	6	111	85	0	49798803000	11
6316	49798	8	109	86	0	49798221001	11
6317	49799	0	109	84	0	49799462000	11
6318	49799	1	110	84	0	49799889000	11
6319	49799	5	110	85	0	49799392001	11
6320	49799	9	110	86	0	49799059001	11
6321	49799	12	109	87	0	49799721000	11
6322	49799	13	110	87	0	49799825001	11
6323	49800	8	109	86	0	49800329000	11
6324	49801	0	109	84	0	49801895000	11
6325	49801	4	109	85	0	49801275000	11
6326	49804	2	111	84	0	49804591000	12
6327	49807	12	109	87	1	49807408001	12
6328	49807	15	112	87	1	49807935000	12
6329	49808	13	110	87	1	49808629001	12
6330	49808	14	111	87	1	49808813000	12
6331	49810	9	110	86	1	49810269000	13
6332	49811	12	109	87	1	49811548000	13
6333	49812	8	109	86	1	49812000001	13
6334	49812	10	111	86	1	49812683000	13
6335	49812	11	112	86	1	49812801001	13
6336	49812	13	110	87	1	49812148001	13
6337	49812	14	111	87	1	49812136001	13
6338	49812	15	112	87	1	49812404000	13
6339	49813	9	110	86	1	49813736000	14
6340	49814	14	111	87	1	49814772000	14
6341	49815	5	110	85	1	49815667000	14
6342	49815	8	109	86	1	49815617000	14
6343	49815	15	112	87	1	49815135001	14
6344	49816	4	109	85	1	49816358001	14
6345	49817	6	111	85	1	49817057000	15
6346	49817	7	112	85	1	49817995001	15
6347	49817	9	110	86	1	49817334000	15
6348	49817	10	111	86	1	49817342001	15
6349	49817	11	112	86	1	49817507000	15
6350	49819	5	110	85	1	49819516000	15
6351	49819	8	109	86	1	49819900000	15
6352	49820	0	109	84	1	49820344000	16
6353	49820	1	110	84	1	49820035000	15
6354	49820	4	109	85	1	49820239000	16
6355	49821	6	111	85	1	49821251000	16
6356	49821	10	111	86	1	49821534001	16
6357	49821	11	112	86	1	49821725000	16
6358	49822	2	111	84	1	49822123000	16
6359	49822	3	112	84	1	49822080001	16
6360	49822	5	110	85	1	49822085000	16
6361	49822	7	112	85	1	49822514001	16
6362	49823	1	110	84	1	49823854001	17
6363	49823	6	111	85	1	49823741001	17
6364	49823	12	109	87	1	49823360001	16
6365	49824	0	109	84	1	49824849000	17
6366	49824	4	109	85	1	49824934001	17
6367	49824	9	110	86	1	49824922000	17
6368	49825	7	112	85	1	49825463001	17
6369	49826	1	110	84	1	49826963000	17
6370	49826	2	111	84	1	49826391000	17
6371	49826	3	112	84	1	49826580000	17
6372	49828	0	109	84	1	49828822000	18
6373	49828	2	111	84	1	49828769001	18
6374	49829	3	112	84	1	49829579001	18
6375	49831	1	110	84	1	49831722001	19
6376	49833	5	110	85	1	49833671001	19
6377	49843	13	110	87	1	49843562000	23
6378	49845	3	112	84	1	49845520001	23
6379	50127	15	112	87	0	50127455001	20
6380	50128	8	109	86	0	50128030001	20
6381	50128	9	110	86	0	50128309000	20
6382	50128	11	112	86	0	50128075001	20
6383	50129	3	112	84	0	50129909001	20
6384	50129	7	112	85	0	50129292000	20
6385	50154	14	111	87	0	50154736001	24
6386	50154	15	112	87	0	50154577000	24
6387	50155	10	111	86	0	50155281000	24
6388	50155	11	112	86	0	50155317001	24
6389	50155	12	109	87	0	50155859000	24
6390	50155	13	110	87	0	50155402001	24
6391	50156	2	111	84	0	50156929000	24
6392	50156	3	112	84	0	50156744000	24
6393	50156	5	110	85	0	50156630000	24
6394	50156	6	111	85	0	50156408001	24
6395	50156	7	112	85	0	50156248000	24
6396	50156	8	109	86	0	50156604000	24
6397	50156	9	110	86	0	50156315000	24
6398	50157	0	109	84	1	50157889001	24
6399	50157	1	110	84	0	50157427001	24
6400	50157	4	109	85	0	50157236001	24
6401	50157	11	112	86	0	50157493000	24
6402	50157	14	111	87	0	50157450001	24
6403	50158	5	110	85	0	50158875001	24
6404	50158	7	112	85	0	50158597001	24
6405	50158	13	110	87	0	50158137001	24
6406	50159	3	112	84	0	50159580000	24
6407	50160	8	109	86	0	50160983000	24
6408	50160	15	112	87	0	50160944000	24
6409	50161	2	111	84	0	50161060000	24
6410	50164	15	112	87	1	50164840001	24
6411	50165	10	111	86	1	50165845000	24
6412	50165	11	112	86	1	50165294000	24
6413	50165	13	110	87	1	50165555001	24
6414	50165	14	111	87	1	50165046000	24
6415	50166	3	112	84	1	50166717000	24
6416	50166	5	110	85	1	50166796000	24
6417	50166	6	111	85	1	50166531000	24
6418	50166	7	112	85	1	50166284000	24
6419	50166	8	109	86	1	50166735000	24
6420	50166	9	110	86	1	50166096001	24
6421	50166	12	109	87	1	50166062001	24
6422	50167	0	109	84	1	50167964001	24
6423	50167	1	110	84	1	50167588001	24
6424	50167	2	111	84	1	50167274000	24
6425	50167	4	109	85	1	50167349000	24
6426	50254	15	112	87	0	50254401000	14
6427	50255	11	112	86	0	50255597001	14
6428	50256	3	112	84	0	50256837000	14
6429	50256	7	112	85	0	50256369000	14
6430	50256	10	111	86	0	50256453001	14
6431	50256	14	111	87	0	50256126001	14
6432	50256	15	112	87	0	50256936001	14
6433	50257	11	112	86	0	50257899001	15
6434	50257	13	110	87	0	50257588001	14
6435	50258	2	111	84	0	50258507001	15
6436	50258	3	112	84	0	50258985001	15
6437	50258	6	111	85	0	50258059000	15
6438	50258	7	112	85	0	50258576000	15
6439	50258	9	110	86	0	50258669001	15
6440	50258	10	111	86	0	50258354001	15
6441	50258	14	111	87	0	50258182000	15
6442	50259	5	110	85	0	50259844000	15
6443	50259	6	111	85	0	50259944000	15
6444	50259	8	109	86	0	50259734001	15
6445	50259	12	109	87	0	50259347000	15
6446	50260	1	110	84	0	50260716000	15
6447	50260	2	111	84	0	50260215000	15
6448	50260	9	110	86	0	50260993001	15
6449	50260	11	112	86	0	50260026001	15
6450	50260	13	110	87	0	50260017000	15
6451	50261	4	109	85	0	50261150000	15
6452	50261	5	110	85	0	50261774000	15
6453	50261	8	109	86	0	50261671000	15
6454	50261	15	112	87	0	50261237001	15
6455	50262	0	109	84	0	50262167000	15
6456	50262	12	109	87	0	50262502001	15
6457	50263	1	110	84	0	50263262001	15
6458	50263	4	109	85	0	50263416000	15
6459	50264	0	109	84	0	50264686001	15
6460	50268	14	111	87	0	50268450000	16
6461	50272	2	111	84	0	50272599001	16
6462	50294	3	112	84	1	50294129001	18
6463	50294	7	112	85	1	50294971000	18
6464	50295	2	111	84	1	50295121001	18
6465	50295	11	112	86	1	50295446001	18
6466	50295	15	112	87	1	50295586001	18
6467	50296	2	111	84	1	50296865001	18
6468	50296	3	112	84	1	50296273001	18
6469	50296	6	111	85	1	50296169000	18
6470	50296	10	111	86	1	50296510001	18
6471	50296	14	111	87	1	50296905001	18
6472	50297	1	110	84	1	50297179001	19
6473	50297	5	110	85	1	50297402000	19
6474	50297	6	111	85	1	50297635001	19
6475	50297	7	112	85	1	50297003000	19
6476	50297	11	112	86	1	50297379000	19
6477	50297	15	112	87	1	50297180001	19
6478	50298	0	109	84	1	50298467000	19
6479	50298	1	110	84	1	50298788000	19
6480	50298	4	109	85	1	50298906000	19
6481	50298	5	110	85	1	50298994001	19
6482	50298	9	110	86	1	50298001001	19
6483	50298	10	111	86	1	50298470001	19
6484	50298	13	110	87	1	50298711001	19
6485	50298	14	111	87	1	50298554001	19
6486	50299	8	109	86	1	50299183001	19
6487	50299	9	110	86	1	50299933001	19
6488	50300	0	109	84	1	50300710001	19
6489	50300	4	109	85	1	50300755001	19
6490	50300	12	109	87	1	50300035001	19
6491	50301	8	109	86	1	50301110001	19
6492	50301	12	109	87	1	50301961000	19
6493	50301	13	110	87	1	50301140000	19
6494	50382	8	109	86	0	50382869001	25
6495	50382	12	109	87	0	50382974000	25
6496	50383	0	109	84	0	50383771001	25
6497	50383	4	109	85	0	50383508000	25
6498	50384	9	110	86	0	50384633001	25
6499	50384	13	110	87	0	50384279000	25
6500	50385	1	110	84	0	50385370001	24
6501	50385	5	110	85	0	50385074000	24
6502	50385	8	109	86	0	50385287000	24
6503	50385	12	109	87	0	50385354000	24
6504	50386	0	109	84	0	50386685001	24
6505	50386	2	111	84	0	50386795000	24
6506	50386	4	109	85	0	50386024000	24
6507	50386	6	111	85	0	50386905001	24
6508	50386	9	110	86	0	50386968001	24
6509	50386	10	111	86	0	50386249000	24
6510	50386	13	110	87	0	50386568001	24
6511	50386	14	111	87	0	50386007000	24
6512	50387	1	110	84	0	50387380000	24
6513	50387	5	110	85	0	50387340001	24
6514	50387	11	112	86	0	50387809000	24
6515	50387	15	112	87	0	50387497001	24
6516	50388	2	111	84	0	50388965001	24
6517	50388	3	112	84	0	50388004001	24
6518	50388	7	112	85	0	50388153000	24
6519	50388	10	111	86	0	50388277000	24
6520	50388	14	111	87	0	50388446000	24
6521	50389	0	109	84	1	50389612001	24
6522	50389	6	111	85	0	50389517001	24
6523	50389	15	112	87	0	50389877001	24
6524	50390	1	110	84	1	50390940000	24
6525	50390	3	112	84	0	50390029001	24
6526	50390	7	112	85	0	50390414000	24
6527	50390	11	112	86	0	50390059001	24
6528	50391	4	109	85	1	50391877001	24
6529	50392	1	110	84	1	50392878001	24
6530	50394	0	109	84	1	50394966001	23
6531	50394	2	111	84	1	50394750000	23
6532	50394	4	109	85	1	50394086000	24
6533	50394	5	110	85	1	50394526001	24
6534	50395	8	109	86	1	50395543000	23
6535	50396	5	110	85	1	50396630000	23
6536	50397	2	111	84	1	50397553000	23
6537	50397	3	112	84	1	50397542000	23
6538	50397	9	110	86	1	50397817000	23
6539	50398	6	111	85	1	50398057001	23
6540	50398	8	109	86	1	50398180001	23
6541	50398	12	109	87	1	50398998000	23
6542	50399	1	110	84	1	50399048001	23
6543	50399	11	112	86	0	50399100000	23
6544	50400	3	112	84	1	50400160001	23
6545	50400	6	111	85	1	50400264000	23
6546	50400	7	112	85	1	50400978001	23
6547	50400	9	110	86	1	50400069000	23
6548	50401	10	111	86	1	50401975000	23
6549	50401	12	109	87	1	50401502001	23
6550	50402	5	110	85	1	50402165001	23
6551	50402	13	110	87	1	50402011000	23
6552	50403	7	112	85	1	50403399000	22
6553	50404	9	110	86	1	50404719001	22
6554	50404	10	111	86	1	50404282001	22
6555	50404	13	110	87	1	50404842000	22
6556	50405	6	111	85	1	50405149001	22
6557	50405	11	112	86	1	50405076001	22
6558	50405	14	111	87	1	50405519001	22
6559	50407	7	112	85	1	50407033001	22
6560	50407	11	112	86	1	50407713000	22
6561	50407	15	112	87	1	50407958001	22
6562	50408	14	111	87	1	50408138001	22
6563	50410	15	112	87	1	50410280001	21
6564	50413	15	112	87	1	50413679000	21
6565	50578	0	109	84	0	50578700001	20
6566	50578	1	110	84	0	50578559001	20
6567	50578	2	111	84	0	50578350000	20
6568	50578	3	112	84	0	50578312001	20
6569	50579	4	109	85	0	50579995001	20
6570	50579	5	110	85	0	50579614000	20
6571	50579	6	111	85	0	50579583001	20
6572	50579	7	112	85	0	50579313001	20
6573	50580	1	110	84	0	50580768000	20
6574	50580	2	111	84	0	50580252000	20
6575	50580	3	112	84	0	50580586001	20
6576	50580	8	109	86	0	50580724000	20
6577	50580	9	110	86	0	50580562000	20
6578	50580	10	111	86	0	50580314000	20
6579	50580	11	112	86	0	50580437000	20
6580	50581	0	109	84	0	50581400000	20
6581	50581	6	111	85	0	50581893001	20
6582	50581	7	112	85	0	50581326000	20
6583	50581	13	110	87	0	50581707001	20
6584	50581	14	111	87	0	50581580000	20
6585	50581	15	112	87	0	50581285001	20
6586	50582	5	110	85	0	50582548000	19
6587	50582	8	109	86	0	50582834000	19
6588	50582	9	110	86	0	50582565000	19
6589	50582	11	112	86	0	50582565000	19
6590	50582	12	109	87	0	50582072001	20
6591	50583	4	109	85	0	50583389001	19
6592	50583	10	111	86	0	50583353000	19
6593	50583	15	112	87	0	50583497001	19
6594	50584	14	111	87	0	50584527001	19
6595	50585	12	109	87	0	50585171000	19
6596	50586	13	110	87	0	50586029001	19
6597	50588	8	109	86	0	50588556001	19
6598	50597	3	112	84	1	50597240001	18
6599	50597	7	112	85	1	50597673001	18
6600	50597	11	112	86	1	50597996001	18
6601	50598	1	110	84	1	50598982000	18
6602	50598	2	111	84	1	50598212000	18
6603	50598	6	111	85	1	50598260001	18
6604	50598	10	111	86	1	50598669000	18
6605	50598	14	111	87	1	50598876000	18
6606	50598	15	112	87	1	50598281001	18
6607	50599	0	109	84	1	50599692000	18
6608	50599	4	109	85	1	50599973000	18
6609	50599	5	110	85	1	50599214000	18
6610	50599	9	110	86	1	50599506000	18
6611	50599	13	110	87	1	50599376000	18
6612	50600	8	109	86	1	50600297001	18
6613	50600	12	109	87	1	50600598000	18
6614	50604	13	110	87	1	50604354000	18
6615	50614	6	111	85	1	50614055001	17
6616	50616	14	111	87	1	50616991001	17
6617	50659	15	112	87	0	50659094001	17
6618	50662	15	112	87	1	50662369001	18
6619	50669	3	112	84	0	50669714001	18
6620	50670	2	111	84	0	50670718001	18
6621	50670	7	112	85	0	50670819001	18
6622	50671	1	110	84	0	50671816000	18
6623	50671	6	111	85	0	50671513000	18
6624	50671	11	112	86	0	50671489001	18
6625	50672	0	109	84	0	50672736000	18
6626	50672	5	110	85	0	50672709001	18
6627	50672	10	111	86	0	50672144000	18
6628	50672	15	112	87	0	50672220001	18
6629	50673	2	111	84	0	50673523000	18
6630	50673	4	109	85	0	50673623000	18
6631	50673	6	111	85	0	50673802001	18
6632	50673	7	112	85	0	50673081001	18
6633	50673	9	110	86	0	50673471000	18
6634	50673	11	112	86	1	50673464001	18
6635	50673	14	111	87	0	50673057001	18
6636	50674	1	110	84	0	50674045000	18
6637	50674	3	112	84	0	50674303001	18
6638	50674	8	109	86	0	50674325001	18
6639	50674	10	111	86	0	50674791001	18
6640	50674	13	110	87	0	50674265000	18
6641	50675	12	109	87	0	50675475000	18
6642	50675	14	111	87	0	50675645000	18
6643	50676	1	110	84	1	50676653000	19
6644	50676	2	111	84	1	50676022000	18
6645	50676	3	112	84	1	50676177001	19
6646	50676	5	110	85	0	50676251001	19
6647	50676	7	112	85	1	50676842001	19
6648	50676	8	109	86	0	50676853001	19
6649	50676	9	110	86	0	50676479000	19
6650	50677	0	109	84	1	50677108000	19
6651	50677	5	110	85	1	50677945001	19
6652	50677	6	111	85	1	50677351000	19
6653	50677	13	110	87	0	50677621000	19
6654	50677	15	112	87	0	50677210000	19
6655	50678	4	109	85	1	50678440001	19
6656	50678	9	110	86	1	50678964001	19
6657	50678	10	111	86	1	50678479001	19
6658	50678	11	112	86	1	50678405001	19
6659	50679	8	109	86	1	50679657000	19
6660	50679	15	112	87	1	50679794000	19
6661	50680	13	110	87	1	50680419000	19
6662	50680	14	111	87	1	50680099001	19
6663	50681	12	109	87	1	50681371001	19
6664	50682	7	112	85	1	50682170001	19
6665	50783	12	109	87	0	50783305001	15
6666	50783	13	110	87	0	50783656001	15
6667	50783	14	111	87	0	50783908001	15
6668	50783	15	112	87	0	50783560001	15
6669	50784	8	109	86	0	50784777000	15
6670	50784	10	111	86	0	50784998000	15
6671	50785	9	110	86	0	50785256000	15
6672	50785	11	112	86	0	50785329000	15
6673	50785	15	112	87	0	50785642001	15
6674	50786	4	109	85	0	50786387000	15
6675	50786	5	110	85	0	50786529000	15
6676	50786	7	112	85	0	50786239001	15
6677	50786	12	109	87	0	50786916000	15
6678	50787	6	111	85	0	50787015001	15
6679	50787	8	109	86	0	50787022001	15
6680	50787	11	112	86	0	50787426001	15
6681	50788	0	109	84	0	50788076000	14
6682	50788	1	110	84	0	50788094000	14
6683	50788	2	111	84	0	50788190001	14
6684	50788	3	112	84	0	50788069000	14
6685	50788	5	110	85	0	50788730000	14
6686	50788	7	112	85	0	50788370000	14
6687	50788	10	111	86	0	50788437000	14
6688	50788	14	111	87	0	50788067001	14
6689	50790	2	111	84	0	50790488001	14
6690	50790	4	109	85	0	50790120000	14
6691	50790	6	111	85	0	50790569000	14
6692	50790	12	109	87	1	50790947000	14
6693	50791	1	110	84	0	50791119001	14
6694	50791	3	112	84	0	50791071000	14
6695	50791	8	109	86	1	50791838001	13
6696	50791	13	110	87	1	50791946001	13
6697	50792	14	111	87	1	50792948001	13
6698	50793	4	109	85	1	50793130000	13
6699	50793	5	110	85	1	50793908000	13
6700	50793	9	110	86	1	50793155001	13
6701	50793	10	111	86	1	50793993000	13
6702	50794	0	109	84	1	50794367001	13
6703	50794	8	109	86	1	50794133000	13
6704	50795	1	110	84	1	50795209001	13
6705	50795	4	109	85	1	50795403001	13
6706	50795	5	110	85	1	50795546000	13
6707	50795	6	111	85	1	50795064001	13
6708	50795	11	112	86	1	50795399000	13
6709	50796	0	109	84	1	50796985000	13
6710	50796	2	111	84	1	50796636000	13
6711	50796	6	111	85	1	50796636000	13
6712	50796	7	112	85	1	50796621000	13
6713	50797	1	110	84	1	50797151001	13
6714	50797	3	112	84	1	50797386000	12
6715	50797	14	111	87	0	50797884001	12
6716	50799	11	112	86	0	50799635001	12
6717	50800	3	112	84	0	50800652001	12
6718	50800	10	111	86	0	50800072001	12
6719	50801	14	111	87	0	50801113000	12
6720	50802	7	112	85	0	50802388001	12
6721	50803	6	111	85	0	50803475000	11
6722	50803	10	111	86	0	50803289000	11
6723	50804	3	112	84	0	50804835001	11
6724	50804	15	112	87	1	50804940000	11
6725	50806	14	111	87	1	50806982000	10
6726	50806	15	112	87	1	50806955000	10
6727	50807	2	111	84	0	50807578000	10
6728	50807	11	112	86	1	50807059001	10
6729	50808	7	112	85	1	50808968000	10
6730	50808	10	111	86	1	50808888001	10
6731	50809	3	112	84	1	50809966000	10
6732	50809	11	112	86	1	50809107001	10
6733	50809	14	111	87	1	50809456001	10
6734	50810	6	111	85	1	50810914001	9
6735	50811	7	112	85	1	50811688000	9
6736	50812	2	111	84	1	50812705001	9
6737	50812	3	112	84	1	50812147001	9
6738	50990	15	112	87	0	50990822001	12
6739	50991	11	112	86	0	50991871000	12
6740	50992	15	112	87	0	50992834000	12
6741	50993	7	112	85	0	50993388001	12
6742	50993	11	112	86	0	50993804001	12
6743	50993	14	111	87	0	50993376001	12
6744	50994	3	112	84	0	50994258000	12
6745	50994	10	111	86	0	50994289001	12
6746	50995	7	112	85	0	50995422000	12
6747	50995	11	112	86	0	50995920001	12
6748	50995	14	111	87	0	50995228001	12
6749	50995	15	112	87	0	50995068000	12
6750	50996	2	111	84	0	50996992000	12
6751	50996	3	112	84	0	50996429000	12
6752	50996	6	111	85	0	50996352000	12
6753	50996	10	111	86	0	50996313000	12
6754	50996	13	110	87	0	50996212001	12
6755	50997	7	112	85	0	50997740000	12
6756	50997	9	110	86	0	50997645000	12
6757	50997	14	111	87	0	50997828001	12
6758	50998	2	111	84	0	50998889000	13
6759	50998	3	112	84	0	50998795000	13
6760	50998	5	110	85	0	50998663001	12
6761	50998	6	111	85	0	50998582001	12
6762	50998	8	109	86	0	50998651001	12
6763	50998	12	109	87	0	50998856000	13
6764	50998	13	110	87	0	50998741001	12
6765	50999	1	110	84	0	50999801000	13
6766	50999	9	110	86	0	50999710000	13
6767	50999	10	111	86	0	50999981000	13
6768	51000	4	109	85	0	51000684000	13
6769	51000	5	110	85	0	51000952001	13
6770	51000	8	109	86	0	51000735000	13
6771	51001	1	110	84	0	51001765000	13
6772	51001	2	111	84	0	51001438000	13
6773	51001	12	109	87	0	51001637000	13
6774	51002	0	109	84	0	51002075000	13
6775	51003	4	109	85	0	51003295001	13
6776	51004	0	109	84	0	51004586000	13
6777	51005	1	110	84	0	51005482000	14
6778	51005	8	109	86	0	51005324000	14
6779	51011	3	112	84	0	51011296000	15
6780	51022	3	112	84	1	51022140000	19
6781	51022	7	112	85	1	51022811000	19
6782	51023	2	111	84	1	51023639000	19
6783	51023	6	111	85	1	51023684000	19
6784	51023	11	112	86	1	51023035000	19
6785	51023	15	112	87	1	51023191001	19
6786	51024	1	110	84	1	51024586001	20
6787	51024	3	112	84	1	51024792000	20
6788	51024	10	111	86	1	51024025001	19
6789	51024	14	111	87	1	51024412001	19
6790	51025	5	110	85	1	51025121001	20
6791	51025	6	111	85	1	51025155001	20
6792	51025	9	110	86	1	51025312001	20
6793	51025	13	110	87	1	51025603000	20
6794	51025	15	112	87	1	51025509001	20
6795	51026	0	109	84	1	51026075000	20
6796	51026	1	110	84	1	51026181001	20
6797	51026	4	109	85	1	51026353001	20
6798	51026	7	112	85	1	51026580001	20
6799	51026	8	109	86	1	51026585001	20
6800	51026	11	112	86	1	51026465000	20
6801	51026	12	109	87	1	51026791000	20
6802	51026	14	111	87	1	51026976000	21
6803	51027	2	111	84	1	51027047001	21
6804	51027	5	110	85	1	51027162000	21
6805	51027	9	110	86	1	51027628000	21
6806	51027	10	111	86	1	51027046001	21
6807	51029	12	109	87	1	51029567001	22
6808	51029	13	110	87	1	51029862001	22
6809	51033	8	109	86	1	51033140000	23
6810	51035	4	109	85	1	51035524001	24
6811	51061	11	112	86	0	51061961001	37
6812	51066	8	109	86	0	51066417000	39
6813	51525	3	112	84	0	51525794000	19
6814	51526	2	111	84	0	51526777001	19
6815	51526	7	112	85	0	51526778000	19
6816	51527	6	111	85	0	51527893000	19
6817	51527	11	112	86	0	51527449000	19
6818	51528	1	110	84	0	51528204000	19
6819	51528	2	111	84	0	51528995001	19
6820	51528	3	112	84	0	51528012000	19
6821	51528	10	111	86	0	51528460001	19
6822	51528	15	112	87	0	51528234001	19
6823	51529	0	109	84	0	51529356000	19
6824	51529	5	110	85	0	51529058000	19
6825	51529	6	111	85	0	51529806001	19
6826	51529	9	110	86	0	51529741000	19
6827	51529	11	112	86	1	51529736001	19
6828	51529	14	111	87	0	51529451001	19
6829	51530	1	110	84	0	51530826000	20
6830	51530	3	112	84	1	51530839001	20
6831	51530	4	109	85	0	51530102001	20
6832	51530	8	109	86	0	51530786000	20
6833	51530	13	110	87	0	51530686000	20
6834	51531	6	111	85	1	51531920001	20
6835	51531	7	112	85	1	51531070001	20
6836	51531	11	112	86	1	51531615000	20
6837	51531	12	109	87	0	51531923000	20
6838	51531	15	112	87	1	51531264000	20
6839	51532	2	111	84	1	51532022001	20
6840	51532	4	109	85	0	51532715001	20
6841	51532	9	110	86	0	51532179001	20
6842	51532	10	111	86	1	51532387001	20
6843	51532	14	111	87	1	51532838001	20
6844	51533	1	110	84	1	51533299001	20
6845	51533	6	111	85	1	51533755001	20
6846	51533	8	109	86	0	51533367001	20
6847	51534	1	110	84	1	51534977001	20
6848	51534	2	111	84	1	51534854001	20
6849	51534	5	110	85	1	51534019000	20
6850	51534	9	110	86	1	51534423000	20
6851	51534	13	110	87	1	51534378000	20
6852	51535	0	109	84	1	51535825000	20
6853	51535	4	109	85	1	51535310001	20
6854	51536	8	109	86	1	51536084000	20
6855	51536	12	109	87	1	51536115001	20
6856	51537	4	109	85	1	51537753001	20
6857	51600	0	109	84	0	51600624001	17
6858	51600	4	109	85	0	51600222000	17
6859	51600	8	109	86	0	51600082000	17
6860	51600	12	109	87	0	51600066001	17
6861	51601	1	110	84	0	51601994000	17
6862	51601	9	110	86	0	51601768000	17
6863	51601	13	110	87	0	51601537001	17
6864	51602	5	110	85	0	51602136000	17
6865	51602	12	109	87	1	51602864001	17
6866	51603	0	109	84	0	51603319001	17
6867	51603	2	111	84	0	51603520000	17
6868	51603	6	111	85	0	51603554000	17
6869	51603	8	109	86	1	51603769001	17
6870	51603	10	111	86	0	51603322000	17
6871	51603	13	110	87	1	51603823000	17
6872	51603	14	111	87	0	51603087000	17
6873	51604	1	110	84	0	51604069001	17
6874	51604	4	109	85	1	51604683001	17
6875	51604	9	110	86	1	51604484001	17
6876	51604	11	112	86	0	51604812001	17
6877	51604	14	111	87	1	51604900000	16
6878	51604	15	112	87	0	51604443000	17
6879	51605	0	109	84	1	51605620000	16
6880	51605	3	112	84	0	51605123000	16
6881	51605	5	110	85	1	51605458001	16
6882	51605	7	112	85	0	51605063000	16
6883	51605	10	111	86	1	51605583001	16
6884	51606	1	110	84	1	51606186001	16
6885	51606	6	111	85	1	51606617001	16
6886	51606	11	112	86	1	51606853000	16
6887	51606	15	112	87	1	51606575000	16
6888	51607	2	111	84	1	51607661000	16
6889	51607	7	112	85	1	51607665001	16
6890	51608	3	112	84	1	51608332000	16
6891	51915	14	111	87	0	51915334000	38
6892	51915	15	112	87	0	51915235001	38
6893	51916	11	112	86	0	51916079001	38
6894	51918	3	112	84	0	51918495000	37
6895	51958	0	109	84	0	51958977000	29
6896	51958	4	109	85	0	51958767001	29
6897	51958	8	109	86	0	51958479001	29
6898	51958	12	109	87	0	51958561000	29
6899	51959	1	110	84	0	51959958001	29
6900	51959	5	110	85	0	51959716001	29
6901	51959	9	110	86	0	51959652000	29
6902	51959	13	110	87	0	51959563000	29
6903	51960	8	109	86	0	51960772000	29
6904	51960	10	111	86	0	51960755000	29
6905	51960	14	111	87	0	51960958000	29
6906	51961	2	111	84	0	51961113001	29
6907	51961	4	109	85	0	51961497001	29
6908	51961	5	110	85	0	51961756001	29
6909	51961	6	111	85	0	51961117000	29
6910	51961	12	109	87	0	51961308000	29
6911	51961	15	112	87	0	51961871000	29
6912	51962	0	109	84	0	51962385001	28
6913	51962	1	110	84	0	51962416000	28
6914	51962	3	112	84	0	51962263000	29
6915	51962	7	112	85	0	51962032001	29
6916	51962	9	110	86	0	51962283001	29
6917	51962	11	112	86	0	51962167001	29
6918	51962	12	109	87	1	51962987001	28
6919	51962	13	110	87	1	51962999001	28
6920	51963	2	111	84	0	51963236001	28
6921	51963	4	109	85	1	51963992000	28
6922	51963	6	111	85	0	51963187000	28
6923	51963	8	109	86	1	51963197001	28
6924	51963	10	111	86	0	51963026001	28
6925	51963	14	111	87	1	51963469000	28
6926	51963	15	112	87	1	51963986000	28
6927	51964	3	112	84	0	51964453000	28
6928	51964	5	110	85	1	51964132000	28
6929	51964	7	112	85	0	51964122000	28
6930	51964	9	110	86	1	51964132000	28
6931	51964	10	111	86	1	51964758000	28
6932	51964	11	112	86	1	51964954000	28
6933	51965	0	109	84	1	51965207000	28
6934	51965	1	110	84	1	51965307001	28
6935	51965	5	110	85	1	51965740001	28
6936	51965	6	111	85	1	51965064001	28
6937	51965	7	112	85	1	51965966001	28
6938	51966	2	111	84	1	51966256000	28
6939	51966	3	112	84	1	51966882001	28
6940	51967	1	110	84	1	51967018001	28
6941	51968	6	111	85	1	51968749000	27
6942	52082	0	109	84	0	52082640001	17
6943	52082	1	110	84	0	52082457000	17
6944	52082	2	111	84	0	52082545001	17
6945	52082	3	112	84	0	52082334000	17
6946	52083	5	110	85	0	52083707000	17
6947	52083	6	111	85	0	52083821000	17
6948	52083	7	112	85	0	52083795001	17
6949	52084	1	110	84	0	52084738000	17
6950	52084	2	111	84	0	52084441001	17
6951	52084	3	112	84	0	52084618000	17
6952	52084	4	109	85	0	52084103001	17
6953	52084	8	109	86	0	52084909001	17
6954	52084	10	111	86	0	52084822000	17
6955	52084	11	112	86	0	52084883000	17
6956	52085	0	109	84	0	52085462000	17
6957	52085	5	110	85	0	52085842001	16
6958	52085	9	110	86	1	52085104000	17
6959	52085	15	112	87	1	52085853001	16
6960	52086	4	109	85	0	52086656000	16
6961	52086	6	111	85	0	52086465000	16
6962	52086	7	112	85	0	52086216000	16
6963	52086	10	111	86	0	52086938000	16
6964	52086	11	112	86	0	52086968001	16
6965	52086	12	109	87	0	52086309001	16
6966	52086	13	110	87	0	52086252000	16
6967	52086	14	111	87	0	52086063001	16
6968	52087	8	109	86	0	52087019001	16
6969	52087	9	110	86	0	52087553001	16
6970	52087	15	112	87	0	52087761000	16
6971	52088	12	109	87	0	52088525000	16
6972	52088	13	110	87	0	52088653001	16
6973	52088	14	111	87	0	52088119000	16
6974	52100	3	112	84	1	52100312000	15
6975	52100	7	112	85	1	52100724001	15
6976	52101	2	111	84	1	52101318000	15
6977	52101	6	111	85	1	52101440001	15
6978	52101	10	111	86	1	52101932000	15
6979	52101	11	112	86	1	52101031000	15
6980	52101	15	112	87	1	52101722001	15
6981	52102	0	109	84	1	52102769001	14
6982	52102	1	110	84	1	52102136000	15
6983	52102	5	110	85	1	52102500000	14
6984	52102	14	111	87	1	52102686000	14
6985	52103	4	109	85	1	52103384000	14
6986	52103	6	111	85	1	52103254000	14
6987	52103	8	109	86	1	52103918000	14
6988	52103	9	110	86	1	52103008000	14
6989	52103	13	110	87	1	52103281001	14
6990	52104	11	112	86	1	52104065000	14
6991	52104	12	109	87	1	52104247000	14
6992	52109	7	112	85	1	52109890000	14
6993	52117	15	112	87	1	52117992000	13
6994	52189	3	112	84	0	52189065001	11
6995	52190	0	109	84	0	52190560000	11
6996	52190	2	111	84	0	52190378001	11
6997	52190	7	112	85	0	52190789001	11
6998	52191	1	110	84	0	52191233001	11
6999	52191	3	112	84	0	52191637001	11
7000	52192	2	111	84	0	52192572001	11
7001	52192	4	109	85	0	52192298001	11
7002	52192	5	110	85	0	52192923001	11
7003	52192	6	111	85	0	52192415001	11
7004	52192	7	112	85	0	52192997000	11
7005	52192	11	112	86	0	52192410001	11
7006	52193	0	109	84	0	52193331000	11
7007	52193	8	109	86	0	52193413000	11
7008	52194	1	110	84	0	52194219000	11
7009	52194	9	110	86	0	52194209000	11
7010	52194	10	111	86	0	52194195001	11
7011	52194	11	112	86	0	52194716001	11
7012	52194	15	112	87	0	52194045000	11
7013	52195	4	109	85	0	52195107000	11
7014	52195	5	110	85	0	52195734000	11
7015	52195	6	111	85	0	52195069000	11
7016	52195	8	109	86	0	52195745000	11
7017	52195	12	109	87	0	52195495001	11
7018	52196	7	112	85	0	52196200000	11
7019	52196	9	110	86	0	52196612000	11
7020	52196	10	111	86	0	52196555000	11
7021	52196	11	112	86	0	52196928001	11
7022	52196	13	110	87	0	52196067001	11
7023	52196	14	111	87	0	52196016001	11
7024	52196	15	112	87	0	52196477000	11
7025	52197	12	109	87	0	52197969000	11
7026	52198	14	111	87	0	52198431001	11
7027	52199	13	110	87	0	52199412001	11
7028	52199	15	112	87	0	52199385000	11
7029	52202	3	112	84	0	52202106000	11
7030	52220	15	112	87	0	52220885001	12
7031	52255	15	112	87	1	52255847000	11
7032	52256	14	111	87	1	52256333001	11
7033	52257	10	111	86	1	52257641000	11
7034	52257	11	112	86	1	52257737000	11
7035	52257	13	110	87	1	52257099001	11
7036	52257	15	112	87	1	52257691001	11
7037	52258	12	109	87	1	52258794001	11
7038	52258	14	111	87	1	52258323000	11
7039	52259	6	111	85	1	52259650001	10
7040	52259	7	112	85	1	52259425000	10
7041	52259	9	110	86	1	52259391001	10
7042	52259	11	112	86	1	52259858001	10
7043	52259	13	110	87	1	52259769000	10
7044	52260	3	112	84	1	52260909001	10
7045	52260	10	111	86	1	52260297001	10
7046	52261	5	110	85	1	52261337001	10
7047	52261	7	112	85	1	52261494001	10
7048	52261	8	109	86	1	52261189000	10
7049	52261	9	110	86	1	52261820001	10
7050	52261	12	109	87	1	52261220001	10
7051	52262	2	111	84	1	52262135000	10
7052	52262	6	111	85	1	52262056000	10
7053	52263	1	110	84	1	52263037001	10
7054	52263	3	112	84	1	52263430001	10
7055	52263	4	109	85	1	52263167001	10
7056	52263	5	110	85	1	52263738000	10
7057	52263	8	109	86	1	52263645001	10
7058	52264	0	109	84	1	52264971000	10
7059	52264	2	111	84	1	52264212000	10
7060	52265	1	110	84	1	52265529000	10
7061	52265	4	109	85	1	52265409000	10
7062	52267	0	109	84	1	52267475000	9
7063	52791	3	112	84	0	52791884001	7
7064	52792	1	110	84	0	52792816000	7
7065	52792	2	111	84	0	52792315000	7
7066	52792	7	112	85	0	52792886001	7
7067	52793	0	109	84	0	52793221000	7
7068	52793	5	110	85	0	52793600001	7
7069	52793	6	111	85	0	52793364001	7
7070	52793	10	111	86	0	52793788000	7
7071	52793	11	112	86	0	52793501000	7
7072	52794	3	112	84	0	52794649000	7
7073	52794	4	109	85	0	52794149000	7
7074	52794	8	109	86	0	52794695000	7
7075	52794	9	110	86	0	52794367001	7
7076	52794	14	111	87	0	52794784000	7
7077	52794	15	112	87	0	52794329000	7
7078	52795	2	111	84	0	52795214000	8
7079	52795	12	109	87	0	52795739001	8
7080	52795	13	110	87	0	52795308000	8
7081	52796	1	110	84	0	52796906000	8
7082	52796	10	111	86	0	52796588001	8
7083	52796	11	112	86	0	52796305000	8
7084	52796	15	112	87	0	52796286001	8
7085	52797	2	111	84	1	52797835000	8
7086	52797	3	112	84	1	52797109000	8
7087	52797	7	112	85	1	52797830000	8
7088	52797	8	109	86	0	52797007001	8
7089	52798	1	110	84	1	52798831000	8
7090	52798	6	111	85	1	52798335001	8
7091	52798	10	111	86	1	52798731000	8
7092	52798	11	112	86	1	52798139000	8
7093	52798	15	112	87	1	52798275000	8
7094	52799	5	110	85	1	52799386001	9
7095	52799	9	110	86	1	52799661000	9
7096	52799	14	111	87	1	52799411000	9
7097	52800	4	109	85	1	52800202001	9
7098	52800	8	109	86	1	52800668000	9
7099	52800	13	110	87	1	52800285000	9
7100	52801	1	110	84	0	52801546000	9
7101	52801	12	109	87	1	52801122000	9
7102	52802	2	111	84	0	52802752001	9
7103	52803	4	109	85	0	52803432000	9
7104	52803	5	110	85	0	52803797000	10
7105	52804	3	112	84	0	52804388000	10
7106	52804	8	109	86	0	52804227001	10
7107	52805	1	110	84	0	52805455001	10
7108	52806	2	111	84	0	52806185001	10
7109	52806	3	112	84	0	52806805001	10
7110	52806	5	110	85	0	52806927000	10
7111	52806	6	111	85	0	52806592001	10
7112	52806	9	110	86	0	52806812001	10
7113	52807	4	109	85	0	52807498001	11
7114	52807	8	109	86	0	52807452001	11
7115	52808	0	109	84	1	52808667001	11
7116	52808	1	110	84	1	52808619000	11
7117	52808	7	112	85	0	52808766000	11
7118	52808	12	109	87	0	52808445000	11
7119	52809	2	111	84	1	52809021000	11
7120	52809	3	112	84	1	52809212000	11
7121	52809	9	110	86	0	52809811001	11
7122	52809	10	111	86	0	52809828001	11
7123	52810	4	109	85	1	52810081001	11
7124	52810	5	110	85	1	52810277001	11
7125	52810	6	111	85	1	52810677001	11
7126	52810	13	110	87	0	52810596000	11
7127	52811	7	112	85	1	52811297001	11
7128	52811	8	109	86	1	52811997000	11
7129	52811	9	110	86	1	52811914000	11
7130	52812	10	111	86	1	52812517001	11
7131	52813	12	109	87	1	52813855000	11
7132	52814	13	110	87	1	52814207001	11
7133	53004	8	109	86	0	53004913000	5
7134	53004	12	109	87	0	53004568000	5
7135	53005	4	109	85	0	53005834000	5
7136	53005	9	110	86	0	53005615000	5
7137	53005	13	110	87	0	53005164001	5
7138	53005	14	111	87	0	53005828001	5
7139	53006	0	109	84	0	53006437000	5
7140	53006	5	110	85	0	53006184000	5
7141	53006	10	111	86	0	53006294001	5
7142	53006	11	112	86	0	53006908001	5
7143	53006	15	112	87	0	53006242001	5
7144	53007	1	110	84	0	53007112000	5
7145	53007	2	111	84	0	53007695001	5
7146	53007	6	111	85	0	53007170000	5
7147	53007	7	112	85	0	53007776000	5
7148	53007	8	109	86	0	53007327000	5
7149	53007	9	110	86	0	53007828000	5
7150	53008	3	112	84	0	53008125000	5
7151	53008	4	109	85	0	53008935001	5
7152	53008	5	110	85	0	53008665001	5
7153	53008	11	112	86	0	53008833001	5
7154	53008	14	111	87	0	53008050001	5
7155	53008	15	112	87	0	53008072001	5
7156	53009	1	110	84	0	53009759000	5
7157	53009	2	111	84	0	53009992001	5
7158	53009	6	111	85	0	53009809000	5
7159	53009	7	112	85	0	53009770000	5
7160	53009	10	111	86	0	53009441001	5
7161	53009	12	109	87	0	53009308000	5
7162	53010	3	112	84	0	53010619000	5
7163	53014	15	112	87	0	53014163001	6
7164	53020	0	109	84	1	53020311000	7
7165	53021	4	109	85	1	53021340001	7
7166	53023	0	109	84	1	53023695000	8
7167	53023	8	109	86	1	53023900001	8
7168	53026	4	109	85	1	53026306000	8
7169	53027	1	110	84	1	53027198001	8
7170	53027	12	109	87	1	53027961000	9
7171	53028	0	109	84	1	53028598000	9
7172	53028	8	109	86	1	53028750000	9
7173	53030	4	109	85	1	53030413001	9
7174	53030	5	110	85	1	53030511000	9
7175	53032	1	110	84	1	53032926000	9
7176	53033	8	109	86	1	53033236000	9
7177	53033	9	110	86	1	53033467000	9
7178	53033	12	109	87	1	53033452001	9
7179	53036	1	110	84	1	53036936001	10
7180	53037	5	110	85	1	53037081000	10
7181	53039	9	110	86	1	53039116000	10
7182	53039	12	109	87	1	53039418001	10
7183	53041	13	110	87	1	53041371001	10
7184	53043	5	110	85	1	53043417000	10
7185	53058	15	112	87	1	53058809001	11
7186	53059	5	110	85	0	53059066000	11
7187	53059	14	111	87	1	53059938000	11
7188	53062	1	110	84	0	53062222000	12
7189	53062	12	109	87	0	53062830000	12
7190	53062	15	112	87	1	53062550000	12
7191	53063	10	111	86	1	53063508001	12
7192	53063	11	112	86	1	53063165001	12
7193	53063	13	110	87	1	53063466000	12
7194	53063	14	111	87	1	53063774001	12
7195	53064	5	110	85	0	53064054001	12
7196	53064	8	109	86	0	53064134001	12
7197	53065	15	112	87	1	53065134000	12
7198	53066	1	110	84	0	53066444000	12
7199	53066	13	110	87	1	53066203000	12
7200	53067	4	109	85	0	53067068000	12
7201	53067	7	112	85	1	53067299000	12
7202	53067	8	109	86	0	53067677000	12
7203	53067	10	111	86	1	53067238000	12
7204	53067	11	112	86	1	53067278000	12
7205	53067	12	109	87	1	53067677000	12
7206	53067	14	111	87	1	53067270001	12
7207	53068	0	109	84	0	53068537000	12
7208	53068	6	111	85	1	53068045001	12
7209	53068	9	110	86	1	53068417001	12
7210	53069	1	110	84	0	53069293000	12
7211	53070	3	112	84	1	53070767000	12
7212	53070	7	112	85	1	53070507000	12
7213	53070	9	110	86	1	53070807000	12
7214	53070	10	111	86	1	53070003001	12
7215	53070	11	112	86	1	53070832001	12
7216	53071	0	109	84	0	53071334000	12
7217	53071	4	109	85	0	53071823001	12
7218	53071	5	110	85	1	53071089000	12
7219	53071	6	111	85	1	53071904000	12
7220	53071	8	109	86	1	53071366001	12
7221	53072	2	111	84	1	53072759000	12
7222	53073	1	110	84	1	53073264001	12
7223	53073	5	110	85	1	53073473000	12
7224	53073	7	112	85	1	53073153000	12
7225	53074	3	112	84	1	53074723000	12
7226	53074	4	109	85	1	53074626001	12
7227	53074	6	111	85	1	53074904000	12
7228	53076	0	109	84	1	53076911001	12
7229	53076	1	110	84	1	53076679001	12
7230	53076	2	111	84	1	53076365001	12
7231	53077	3	112	84	1	53077380000	12
7232	53079	1	110	84	1	53079722000	13
7233	53080	0	109	84	1	53080060000	13
7234	53087	2	111	84	1	53087604001	13
7235	53114	5	110	85	1	53114676000	15
7236	53118	2	111	84	0	53118958000	15
7237	53118	3	112	84	0	53118940001	15
7238	53119	0	109	84	0	53119680000	16
7239	53119	1	110	84	0	53119196000	16
7240	53121	1	110	84	0	53121942000	16
7241	53121	2	111	84	0	53121206000	16
7242	53121	3	112	84	0	53121437001	16
7243	53121	7	112	85	0	53121911001	16
7244	53122	0	109	84	0	53122676001	16
7245	53122	4	109	85	0	53122754000	16
7246	53122	5	110	85	0	53122101000	16
7247	53122	6	111	85	0	53122145000	16
7248	53123	2	111	84	0	53123773001	16
7249	53123	3	112	84	0	53123915001	16
7250	53124	5	110	85	0	53124827001	16
7251	53124	7	112	85	0	53124275001	16
7252	53124	8	109	86	0	53124730001	16
7253	53124	9	110	86	0	53124763000	16
7254	53124	10	111	86	0	53124354001	16
7255	53124	11	112	86	0	53124035000	16
7256	53125	1	110	84	0	53125070001	16
7257	53125	4	109	85	0	53125879001	16
7258	53125	6	111	85	0	53125098001	16
7259	53126	0	109	84	0	53126488001	17
7260	53126	7	112	85	0	53126823000	17
7261	53126	10	111	86	0	53126555001	17
7262	53126	11	112	86	0	53126150001	16
7263	53126	14	111	87	0	53126590000	17
7264	53126	15	112	87	0	53126366000	17
7265	53127	8	109	86	0	53127118001	17
7266	53127	9	110	86	0	53127021001	17
7267	53127	12	109	87	0	53127396000	17
7268	53127	13	110	87	0	53127159000	17
7269	53128	11	112	86	0	53128200000	17
7270	53129	3	112	84	1	53129657001	17
7271	53129	14	111	87	0	53129294000	17
7272	53129	15	112	87	0	53129294000	17
7273	53130	2	111	84	1	53130852000	17
7274	53130	7	112	85	1	53130094001	17
7275	53130	11	112	86	1	53130803001	17
7276	53130	12	109	87	0	53130501001	17
7277	53130	13	110	87	0	53130576000	17
7278	53131	1	110	84	1	53131308000	17
7279	53131	6	111	85	1	53131013001	17
7280	53131	8	109	86	0	53131736000	17
7281	53131	10	111	86	1	53131452001	17
7282	53131	14	111	87	1	53131846001	17
7283	53131	15	112	87	1	53131178000	17
7284	53132	0	109	84	1	53132671000	17
7285	53132	4	109	85	1	53132956000	17
7286	53132	5	110	85	1	53132123000	17
7287	53132	9	110	86	1	53132343000	17
7288	53132	13	110	87	1	53132851000	17
7289	53133	1	110	84	1	53133213001	18
7290	53133	8	109	86	1	53133734000	18
7291	53133	12	109	87	1	53133719001	18
7292	53134	6	111	85	1	53134288001	18
7293	53135	7	112	85	1	53135005000	18
7294	53158	9	110	86	1	53158832000	24
7295	53326	8	109	86	0	53326322000	20
7296	53326	12	109	87	0	53326596001	20
7297	53327	0	109	84	0	53327666001	20
7298	53327	4	109	85	0	53327251000	20
7299	53327	9	110	86	0	53327508001	20
7300	53327	13	110	87	0	53327362001	20
7301	53328	1	110	84	0	53328326000	20
7302	53328	5	110	85	0	53328273001	20
7303	53328	8	109	86	0	53328369001	20
7304	53328	10	111	86	0	53328941000	19
7305	53328	14	111	87	0	53328674000	19
7306	53329	2	111	84	0	53329691001	19
7307	53329	4	109	85	0	53329928001	19
7308	53329	6	111	85	0	53329365001	19
7309	53329	11	112	86	0	53329929000	19
7310	53329	15	112	87	0	53329356000	19
7311	53330	0	109	84	0	53330698001	19
7312	53330	1	110	84	0	53330433001	19
7313	53330	3	112	84	0	53330789001	19
7314	53330	5	110	85	0	53330563001	19
7315	53330	7	112	85	0	53330285000	19
7316	53330	9	110	86	0	53330116000	19
7317	53330	12	109	87	0	53330430000	19
7318	53330	13	110	87	0	53330371001	19
7319	53330	14	111	87	0	53330714000	19
7320	53331	2	111	84	0	53331828000	18
7321	53331	6	111	85	0	53331520001	18
7322	53331	10	111	86	0	53331758001	18
7323	53331	11	112	86	0	53331825001	18
7324	53331	15	112	87	0	53331220000	19
7325	53332	7	112	85	0	53332252001	18
7326	53333	3	112	84	0	53333166000	18
7327	53345	0	109	84	1	53345402000	14
7328	53346	1	110	84	1	53346731000	14
7329	53346	4	109	85	1	53346117000	14
7330	53346	8	109	86	1	53346965001	14
7331	53347	5	110	85	1	53347295000	13
7332	53347	9	110	86	1	53347929001	13
7333	53347	12	109	87	1	53347465001	13
7334	53348	2	111	84	1	53348233001	13
7335	53348	6	111	85	1	53348764000	13
7336	53348	13	110	87	1	53348672001	13
7337	53349	3	112	84	1	53349692000	13
7338	53349	10	111	86	1	53349565001	13
7339	53350	7	112	85	1	53350151001	13
7340	53350	11	112	86	1	53350944001	13
7341	53350	14	111	87	1	53350150001	13
7342	53351	6	111	85	1	53351405001	12
7343	53351	15	112	87	1	53351460000	12
7344	53352	5	110	85	1	53352335001	12
7345	53353	7	112	85	1	53353533001	12
7346	53353	9	110	86	1	53353971000	12
7347	53354	1	110	84	1	53354066000	12
7348	53355	15	112	87	1	53355780001	12
7349	53356	11	112	86	1	53356885000	12
7350	53365	14	111	87	1	53365074000	11
7351	53455	11	112	86	0	53455358000	13
7352	53455	15	112	87	0	53455314000	13
7353	53456	3	112	84	0	53456741001	13
7354	53456	7	112	85	0	53456061000	13
7355	53457	11	112	86	0	53457227000	13
7356	53457	15	112	87	0	53457282000	13
7357	53458	3	112	84	0	53458618000	13
7358	53458	7	112	85	0	53458305001	13
7359	53458	14	111	87	0	53458272001	13
7360	53459	2	111	84	0	53459917000	12
7361	53459	6	111	85	0	53459136000	13
7362	53459	10	111	86	0	53459286000	13
7363	53459	11	112	86	0	53459790001	12
7364	53459	15	112	87	0	53459683001	12
7365	53460	14	111	87	0	53460555001	12
7366	53461	2	111	84	0	53461931000	12
7367	53461	3	112	84	0	53461102001	12
7368	53461	5	110	85	0	53461692001	12
7369	53461	6	111	85	0	53461435001	12
7370	53461	7	112	85	0	53461542001	12
7371	53461	9	110	86	0	53461509000	12
7372	53461	10	111	86	0	53461861001	12
7373	53462	1	110	84	0	53462334001	12
7374	53462	13	110	87	0	53462121001	12
7375	53463	5	110	85	0	53463743001	12
7376	53463	9	110	86	0	53463623001	12
7377	53464	1	110	84	0	53464511000	12
7378	53464	12	109	87	0	53464995000	12
7379	53464	13	110	87	0	53464732001	12
7380	53465	4	109	85	0	53465675000	12
7381	53465	8	109	86	0	53465055000	12
7382	53466	0	109	84	0	53466158000	11
7383	53466	3	112	84	1	53466782001	11
7384	53466	9	110	86	0	53466798001	11
7385	53467	1	110	84	0	53467723000	11
7386	53467	5	110	85	0	53467042000	11
7387	53467	8	109	86	0	53467408000	11
7388	53467	12	109	87	0	53467423001	11
7389	53468	2	111	84	1	53468203000	11
7390	53468	4	109	85	0	53468669000	11
7391	53468	7	112	85	1	53468336001	11
7392	53469	0	109	84	0	53469284000	11
7393	53469	1	110	84	1	53469648000	11
7394	53469	3	112	84	1	53469836000	11
7395	53469	6	111	85	1	53469725001	11
7396	53469	11	112	86	1	53469886000	11
7397	53470	7	112	85	1	53470545000	11
7398	53471	0	109	84	1	53471809001	11
7399	53471	1	110	84	1	53471935000	11
7400	53471	2	111	84	1	53471819001	11
7401	53471	5	110	85	1	53471185000	11
7402	53471	6	111	85	1	53471340001	11
7403	53471	10	111	86	1	53471149001	11
7404	53471	11	112	86	1	53471900000	11
7405	53471	15	112	87	1	53471482001	11
7406	53472	4	109	85	1	53472348001	11
7407	53472	9	110	86	1	53472713001	10
7408	53473	5	110	85	1	53473052001	10
7409	53473	10	111	86	1	53473011001	10
7410	53473	14	111	87	1	53473366001	10
7411	53473	15	112	87	1	53473234000	10
7412	53474	4	109	85	1	53474422000	10
7413	53474	8	109	86	1	53474435001	10
7414	53474	9	110	86	1	53474846001	10
7415	53474	13	110	87	1	53474507000	10
7416	53475	12	109	87	1	53475675001	10
7417	53475	14	111	87	1	53475576000	10
7418	53476	13	110	87	1	53476985001	10
7419	53477	8	109	86	1	53477680000	10
7420	53477	12	109	87	1	53477728001	10
7421	53611	12	109	87	0	53611731000	11
7422	53612	8	109	86	0	53612105001	11
7423	53613	4	109	85	0	53613793000	12
7424	53613	13	110	87	0	53613176001	12
7425	53614	0	109	84	0	53614852001	12
7426	53614	8	109	86	0	53614637000	12
7427	53614	9	110	86	0	53614326000	12
7428	53615	1	110	84	0	53615894001	12
7429	53615	5	110	85	0	53615167001	12
7430	53615	10	111	86	0	53615823000	12
7431	53615	12	109	87	1	53615083001	12
7432	53615	13	110	87	1	53615387001	12
7433	53616	8	109	86	1	53616657000	12
7434	53616	9	110	86	1	53616495000	12
7435	53617	2	111	84	0	53617279001	12
7436	53617	4	109	85	1	53617534000	12
7437	53617	5	110	85	1	53617859001	12
7438	53617	6	111	85	0	53617032001	12
7439	53618	3	112	84	0	53618584001	12
7440	53619	0	109	84	1	53619016000	12
7441	53619	1	110	84	1	53619165001	12
7442	53619	2	111	84	1	53619628000	12
7443	53619	6	111	85	1	53619376000	12
7444	53845	2	111	84	0	53845693001	37
7445	53845	3	112	84	0	53845357000	37
7446	53846	1	110	84	0	53846453001	37
7447	53847	0	109	84	0	53847057000	37
7448	53847	5	110	85	0	53847345000	37
7449	53847	6	111	85	0	53847075000	37
7450	53848	2	111	84	1	53848137001	36
7451	53848	4	109	85	0	53848040001	36
7452	53848	8	109	86	0	53848726001	36
7453	53848	9	110	86	0	53848295000	36
7454	53849	5	110	85	1	53849979000	36
7455	53849	12	109	87	0	53849921001	36
7456	53849	13	110	87	0	53849669000	36
7457	53850	1	110	84	1	53850079001	36
7458	53850	9	110	86	1	53850967001	36
7459	53851	0	109	84	1	53851445001	36
7460	53851	4	109	85	1	53851997001	36
7461	53852	8	109	86	1	53852209000	36
7462	53852	12	109	87	1	53852388000	36
7463	53856	0	109	84	1	53856567001	35
7464	54248	15	112	87	0	54248476001	39
7465	54284	0	109	84	0	54284097000	34
7466	54284	4	109	85	0	54284142000	34
7467	54284	8	109	86	0	54284030000	34
7468	54284	12	109	87	0	54284427001	34
7469	54285	1	110	84	0	54285073001	34
7470	54285	2	111	84	0	54285924001	34
7471	54285	5	110	85	0	54285162001	34
7472	54285	9	110	86	0	54285072001	34
7473	54285	13	110	87	0	54285238000	34
7474	54286	3	112	84	0	54286784001	34
7475	54286	6	111	85	0	54286418001	34
7476	54286	7	112	85	0	54286971001	33
7477	54286	8	109	86	0	54286031001	34
7478	54286	10	111	86	0	54286054000	34
7479	54286	11	112	86	0	54286970001	33
7480	54286	12	109	87	0	54286849000	33
7481	54286	14	111	87	0	54286229000	34
7482	54287	0	109	84	0	54287167001	33
7483	54287	1	110	84	0	54287787001	33
7484	54287	2	111	84	0	54287823000	33
7485	54287	4	109	85	0	54287454001	33
7486	54287	5	110	85	0	54287745000	33
7487	54287	9	110	86	0	54287472001	33
7488	54287	15	112	87	0	54287146000	33
7489	54288	3	112	84	0	54288857000	33
7490	54288	10	111	86	0	54288579001	33
7491	54288	11	112	86	0	54288938000	33
7492	54288	13	110	87	0	54288275001	33
7493	54288	14	111	87	0	54288416001	33
7494	54289	7	112	85	0	54289804000	33
7495	54290	6	111	85	0	54290368000	33
7496	54290	15	112	87	0	54290956001	33
7497	54296	12	109	87	1	54296000000	32
7498	54297	12	109	87	1	54297886000	31
7499	54297	13	110	87	1	54297138000	31
7500	54298	4	109	85	1	54298886001	31
7501	54298	8	109	86	1	54298062000	31
7502	54298	9	110	86	1	54298214000	31
7503	54298	10	111	86	1	54298977001	31
7504	54298	14	111	87	1	54298129000	31
7505	54298	15	112	87	1	54298168000	31
7506	54299	5	110	85	1	54299681000	31
7507	54299	13	110	87	1	54299373000	31
7508	54300	4	109	85	1	54300750001	31
7509	54300	6	111	85	1	54300220001	31
7510	54300	9	110	86	1	54300154000	31
7511	54300	10	111	86	1	54300943000	31
7512	54300	11	112	86	1	54300416001	31
7513	54300	14	111	87	1	54300522000	31
7514	54300	15	112	87	1	54300019000	31
7515	54301	0	109	84	1	54301054001	31
7516	54301	1	110	84	1	54301427000	31
7517	54301	5	110	85	1	54301608000	31
7518	54301	7	112	85	1	54301963000	31
7519	54301	8	109	86	1	54301120001	31
7520	54302	6	111	85	1	54302237000	31
7521	54302	11	112	86	1	54302506001	30
7522	54303	0	109	84	1	54303323000	30
7523	54303	1	110	84	1	54303415000	30
7524	54303	2	111	84	1	54303206000	30
7525	54303	3	112	84	1	54303619001	30
7526	54303	7	112	85	1	54303885001	30
7527	54305	2	111	84	1	54305602001	30
7528	54305	3	112	84	1	54305821001	30
7529	54335	8	109	86	0	54335719001	23
7530	54339	9	110	86	0	54339549000	23
7531	54341	3	112	84	0	54341751000	23
7532	54407	0	109	84	0	54407709001	16
7533	54407	1	110	84	0	54407924001	16
7534	54407	2	111	84	0	54407917001	16
7535	54408	3	112	84	0	54408069001	16
7536	54408	5	110	85	0	54408935001	16
7537	54409	4	109	85	0	54409001000	16
7538	54409	6	111	85	0	54409349000	16
7539	54409	7	112	85	0	54409305000	16
7540	54410	0	109	84	0	54410808000	16
7541	54410	1	110	84	0	54410280001	16
7542	54410	2	111	84	0	54410210000	16
7543	54410	3	112	84	0	54410947000	16
7544	54410	8	109	86	0	54410019000	16
7545	54410	9	110	86	0	54410151001	16
7546	54410	10	111	86	0	54410096001	16
7547	54410	11	112	86	0	54410338001	16
7548	54411	4	109	85	0	54411937001	16
7549	54411	5	110	85	0	54411054000	16
7550	54411	6	111	85	0	54411568000	16
7551	54411	7	112	85	0	54411506000	16
7552	54411	12	109	87	0	54411252000	16
7553	54411	13	110	87	0	54411288001	16
7554	54411	14	111	87	0	54411346001	16
7555	54411	15	112	87	0	54411451001	16
7556	54412	8	109	86	0	54412168001	16
7557	54412	9	110	86	0	54412504001	16
7558	54412	10	111	86	0	54412369001	16
7559	54412	11	112	86	0	54412754000	16
7560	54413	12	109	87	0	54413951001	16
7561	54413	14	111	87	0	54413761001	16
7562	54413	15	112	87	0	54413432001	16
7563	54414	13	110	87	0	54414101000	16
7564	54425	0	109	84	1	54425229000	15
7565	54425	1	110	84	1	54425741000	15
7566	54425	2	111	84	1	54425988000	15
7567	54425	3	112	84	1	54425917001	15
7568	54426	4	109	85	1	54426755001	15
7569	54427	5	110	85	1	54427486000	15
7570	54427	6	111	85	1	54427667001	15
7571	54427	7	112	85	1	54427289000	15
7572	54427	11	112	86	1	54427462000	15
7573	54427	15	112	87	1	54427508000	15
7574	54428	8	109	86	1	54428828001	15
7575	54428	10	111	86	1	54428815001	15
7576	54429	4	109	85	1	54429540000	15
7577	54429	6	111	85	1	54429962000	15
7578	54429	7	112	85	1	54429284001	15
7579	54429	9	110	86	1	54429061000	15
7580	54429	11	112	86	1	54429545000	15
7581	54429	15	112	87	1	54429682001	15
7582	54430	1	110	84	1	54430441000	15
7583	54430	2	111	84	1	54430254000	15
7584	54430	3	112	84	1	54430137000	15
7585	54430	10	111	86	1	54430651001	15
7586	54430	12	109	87	1	54430710000	15
7587	54430	13	110	87	1	54430730001	15
7588	54430	14	111	87	1	54430056001	15
7589	54431	5	110	85	1	54431284000	15
7590	54431	9	110	86	1	54431692001	15
7591	54431	14	111	87	1	54431847000	15
7592	54432	0	109	84	1	54432702000	15
7593	54432	8	109	86	1	54432082001	15
7594	54432	12	109	87	1	54432861000	15
7595	54432	13	110	87	1	54432998001	15
7596	54549	3	112	84	0	54549247001	21
7597	54550	2	111	84	0	54550337001	21
7598	54550	7	112	85	0	54550386000	21
7599	54551	1	110	84	0	54551871000	21
7600	54551	3	112	84	1	54551467000	21
7601	54551	6	111	85	0	54551591000	21
7602	54552	2	111	84	1	54552954001	21
7603	54552	5	110	85	0	54552758001	21
7604	54552	10	111	86	0	54552425001	21
7605	54553	0	109	84	0	54553172000	21
7606	54553	6	111	85	1	54553395001	21
7607	54553	7	112	85	1	54553769000	22
7608	54553	9	110	86	0	54553836000	22
7609	54554	1	110	84	1	54554528000	22
7610	54554	4	109	85	0	54554217001	22
7611	54554	5	110	85	1	54554737000	22
7612	54555	8	109	86	0	54555056001	22
7613	54556	0	109	84	1	54556041001	22
7614	54556	4	109	85	1	54556255000	22
7615	54658	10	111	86	0	54658659001	24
7616	54660	3	112	84	0	54660984001	23
7617	54660	7	112	85	0	54660493000	23
7618	54873	15	112	87	0	54873552000	8
7619	54874	3	112	84	0	54874823000	9
7620	54874	7	112	85	0	54874580001	9
7621	54874	10	111	86	0	54874926000	9
7622	54874	11	112	86	0	54874076000	9
7623	54874	14	111	87	0	54874628000	9
7624	54875	2	111	84	0	54875882000	9
7625	54875	6	111	85	0	54875621001	9
7626	54875	13	110	87	0	54875674000	9
7627	54876	1	110	84	0	54876950001	9
7628	54876	5	110	85	0	54876428000	9
7629	54876	8	109	86	0	54876927001	9
7630	54876	9	110	86	0	54876104001	9
7631	54876	12	109	87	0	54876610001	9
7632	54877	0	109	84	0	54877912001	9
7633	54877	3	112	84	0	54877771001	9
7634	54877	4	109	85	0	54877507001	9
7635	54877	7	112	85	0	54877269001	9
7636	54878	15	112	87	1	54878309000	10
7637	54879	11	112	86	1	54879905001	10
7638	54879	13	110	87	1	54879482001	10
7639	54879	14	111	87	1	54879024000	10
7640	54880	9	110	86	1	54880557001	10
7641	54880	10	111	86	1	54880258001	10
7642	54880	12	109	87	1	54880027001	10
7643	54880	15	112	87	1	54880937000	10
7644	54881	6	111	85	1	54881897001	10
7645	54881	7	112	85	1	54881391001	10
7646	54881	8	109	86	1	54881639000	10
7647	54881	12	109	87	1	54881922000	10
7648	54881	14	111	87	1	54881865000	10
7649	54882	3	112	84	1	54882668001	11
7650	54882	5	110	85	1	54882668001	11
7651	54882	9	110	86	1	54882566001	11
7652	54882	10	111	86	1	54882224001	10
7653	54882	11	112	86	1	54882293000	10
7654	54882	13	110	87	1	54882181000	10
7655	54883	4	109	85	1	54883269001	11
7656	54883	6	111	85	1	54883432001	11
7657	54883	8	109	86	1	54883852000	11
7658	54884	1	110	84	1	54884277001	11
7659	54884	2	111	84	1	54884029001	11
7660	54884	5	110	85	1	54884521000	11
7661	54885	0	109	84	1	54885133001	11
7662	54885	3	112	84	0	54885689001	12
7663	54885	4	109	85	1	54885239001	11
7664	54886	1	110	84	1	54886322000	12
7665	54886	2	111	84	0	54886553000	12
7666	54886	7	112	85	0	54886291001	12
7667	54886	11	112	86	0	54886321001	12
7668	54887	0	109	84	1	54887657000	12
7669	54887	6	111	85	0	54887273001	12
7670	54888	1	110	84	1	54888600001	13
7671	54888	10	111	86	0	54888499001	13
7672	54888	11	112	86	0	54888479000	13
7673	54888	15	112	87	0	54888228001	12
7674	54889	2	111	84	0	54889932000	13
7675	54889	5	110	85	0	54889325001	13
7676	54889	7	112	85	0	54889395001	13
7677	54890	0	109	84	0	54890152000	13
7678	54890	6	111	85	0	54890958001	14
7679	54890	10	111	86	0	54890660001	13
7680	54890	14	111	87	0	54890993001	14
7681	54890	15	112	87	0	54890343000	13
7682	54891	1	110	84	0	54891843001	14
7683	54891	3	112	84	0	54891760000	14
7684	54891	4	109	85	0	54891568000	14
7685	54891	5	110	85	0	54891979000	14
7686	54891	9	110	86	0	54891670000	14
7687	54891	11	112	86	1	54891184001	14
7688	54893	0	109	84	0	54893436001	14
7689	54893	8	109	86	0	54893662000	14
7690	54893	14	111	87	0	54893532001	14
7691	54893	15	112	87	0	54893138001	14
7692	54894	9	110	86	0	54894874000	15
7693	54894	10	111	86	0	54894206001	15
7694	54894	13	110	87	0	54894136000	15
7695	54895	4	109	85	0	54895443001	15
7696	54896	3	112	84	1	54896540000	15
7697	54896	5	110	85	0	54896018001	15
7698	54896	7	112	85	1	54896987001	16
7699	54896	8	109	86	0	54896478000	15
7700	54896	15	112	87	1	54896870000	15
7701	54897	11	112	86	1	54897017000	16
7702	54897	13	110	87	0	54897385001	16
7703	54898	2	111	84	1	54898970000	16
7704	54898	3	112	84	1	54898796000	16
7705	54898	15	112	87	1	54898914000	16
7706	54899	6	111	85	1	54899452001	16
7707	54899	7	112	85	1	54899559001	16
7708	54899	8	109	86	0	54899267001	16
7709	54899	10	111	86	1	54899453001	16
7710	54899	11	112	86	1	54899452001	16
7711	54899	12	109	87	0	54899697000	16
7712	54901	14	111	87	1	54901565000	17
7713	54902	1	110	84	1	54902556000	17
7714	54902	2	111	84	1	54902275000	17
7715	54902	6	111	85	1	54902500000	17
7716	54902	10	111	86	1	54902052001	17
7717	54903	5	110	85	1	54903060001	17
7718	54904	14	111	87	1	54904467001	18
7719	54906	9	110	86	1	54906223001	18
7720	54906	13	110	87	1	54906180000	18
7721	54907	1	110	84	1	54907103000	18
7722	54908	8	109	86	1	54908069001	19
7723	54909	4	109	85	1	54909879000	19
7724	54910	5	110	85	1	54910696000	19
7725	54911	9	110	86	1	54911403000	19
7726	54911	12	109	87	1	54911893000	20
7727	54911	13	110	87	1	54911019001	19
7728	54912	0	109	84	1	54912499001	20
7729	54912	4	109	85	1	54912773000	20
7730	54913	8	109	86	1	54913099000	20
7731	54914	5	110	85	1	54914479001	20
7732	54914	9	110	86	1	54914479001	20
7733	54915	0	109	84	1	54915152000	20
7734	54916	1	110	84	1	54916398000	21
7735	54916	2	111	84	0	54916635001	21
7736	54917	10	111	86	1	54917877000	21
7737	54919	6	111	85	1	54919983000	21
7738	54920	2	111	84	1	54920197000	21
7739	54921	3	112	84	0	54921688000	22
7740	54922	1	110	84	1	54922390000	22
7741	54938	8	109	86	0	54938424001	24
7742	54940	10	111	86	0	54940215001	24
7743	54944	3	112	84	0	54944880001	25
7744	54988	3	112	84	0	54988828001	27
7745	55017	0	109	84	0	55017880000	29
7746	55018	1	110	84	0	55018889000	29
7747	55018	4	109	85	0	55018007001	29
7748	55020	0	109	84	1	55020012001	29
7749	55024	1	110	84	1	55024016000	30
7750	55136	3	112	84	0	55136212000	16
7751	55138	7	112	85	0	55138162001	15
7752	55138	11	112	86	0	55138006000	15
7753	55251	15	112	87	0	55251659000	9
7754	55252	3	112	84	0	55252564000	9
7755	55252	7	112	85	0	55252465000	9
7756	55252	10	111	86	0	55252935001	9
7757	55252	11	112	86	0	55252060001	9
7758	55252	14	111	87	0	55252842000	9
7759	55253	2	111	84	0	55253310001	9
7760	55253	6	111	85	0	55253390001	9
7761	55253	15	112	87	0	55253590000	9
7762	55254	1	110	84	0	55254844000	9
7763	55254	5	110	85	0	55254597000	9
7764	55254	9	110	86	0	55254224001	9
7765	55254	13	110	87	0	55254050000	9
7766	55255	0	109	84	0	55255979001	9
7767	55255	2	111	84	0	55255725001	9
7768	55255	4	109	85	0	55255826001	9
7769	55255	8	109	86	0	55255226001	9
7770	55255	10	111	86	0	55255118001	9
7771	55255	12	109	87	0	55255172000	9
7772	55257	15	112	87	1	55257202000	9
7773	55258	14	111	87	1	55258955001	9
7774	55259	1	110	84	0	55259571001	9
7775	55259	11	112	86	1	55259841001	9
7776	55259	15	112	87	1	55259198001	9
7777	55260	10	111	86	1	55260026001	9
7778	55260	13	110	87	1	55260448001	9
7779	55260	14	111	87	1	55260922001	9
7780	55262	9	110	86	1	55262106000	9
7781	55262	10	111	86	1	55262424001	9
7782	55262	12	109	87	1	55262255001	9
7783	55262	13	110	87	1	55262735000	9
7784	55263	8	109	86	1	55263654000	9
7785	55264	5	110	85	1	55264427001	9
7786	55264	9	110	86	1	55264549000	9
7787	55264	10	111	86	0	55264825000	9
7788	55264	11	112	86	0	55264561000	9
7789	55264	12	109	87	1	55264571000	9
7790	55265	15	112	87	0	55265823001	9
7791	55266	8	109	86	1	55266073000	9
7792	55266	9	110	86	0	55266783000	9
7793	55267	10	111	86	0	55267360001	9
7794	55267	11	112	86	0	55267271001	9
7795	55267	14	111	87	0	55267553000	9
7796	55268	5	110	85	0	55268928000	9
7797	55268	8	109	86	0	55268475001	9
7798	55268	13	110	87	0	55268868001	9
7799	55268	15	112	87	0	55268064001	9
7800	55269	9	110	86	0	55269508000	9
7801	55270	12	109	87	0	55270503000	9
7802	55271	8	109	86	0	55271365000	9
7803	55271	14	111	87	0	55271287000	9
7804	55271	15	112	87	0	55271468001	9
7805	55272	13	110	87	0	55272353001	10
7806	55273	3	112	84	1	55273531000	10
7807	55273	12	109	87	0	55273715001	10
7808	55274	7	112	85	1	55274561000	10
7809	55275	2	111	84	1	55275103000	10
7810	55275	3	112	84	1	55275933001	10
7811	55275	11	112	86	1	55275020001	10
7812	55275	15	112	87	1	55275533001	10
7813	55276	6	111	85	1	55276312000	10
7814	55277	1	110	84	1	55277229000	9
7815	55277	2	111	84	1	55277126001	9
7816	55277	5	110	85	1	55277791001	10
7817	55277	7	112	85	1	55277132001	9
7818	55277	10	111	86	1	55277086001	9
7819	55277	11	112	86	1	55277419001	9
7820	55277	14	111	87	1	55277791001	10
7821	55277	15	112	87	1	55277203001	9
7822	55278	6	111	85	1	55278106001	10
7823	55278	9	110	86	1	55278498001	10
7824	55279	0	109	84	1	55279713000	10
7825	55279	1	110	84	1	55279097000	10
7826	55279	5	110	85	1	55279808000	10
7827	55279	10	111	86	1	55279604000	10
7828	55279	13	110	87	1	55279593000	10
7829	55279	14	111	87	1	55279752000	10
7830	55280	4	109	85	1	55280137001	10
7831	55280	9	110	86	1	55280451001	10
7832	55281	8	109	86	1	55281215000	10
7833	55281	13	110	87	1	55281897000	10
7834	55282	0	109	84	1	55282493000	10
7835	55282	4	109	85	1	55282070000	10
7836	55282	12	109	87	1	55282259001	10
7837	55283	8	109	86	1	55283919001	10
7838	55285	12	109	87	1	55285414000	11
7839	55379	8	109	86	0	55379995001	24
7840	55380	14	111	87	0	55380671000	24
7841	55385	3	112	84	0	55385394000	24
7842	55469	8	109	86	0	55469800000	21
7843	55469	12	109	87	0	55469545001	21
7844	55470	0	109	84	0	55470357000	21
7845	55470	4	109	85	0	55470281001	21
7846	55470	13	110	87	0	55470632001	21
7847	55471	1	110	84	0	55471767001	21
7848	55471	5	110	85	0	55471449000	21
7849	55471	8	109	86	0	55471905000	21
7850	55471	9	110	86	0	55471025001	21
7851	55471	12	109	87	0	55471942001	21
7852	55472	0	109	84	0	55472791000	21
7853	55472	2	111	84	0	55472939001	21
7854	55472	4	109	85	0	55472704000	21
7855	55472	6	111	85	0	55472853000	21
7856	55472	10	111	86	0	55472232000	21
7857	55472	14	111	87	0	55472158000	21
7858	55472	15	112	87	0	55472967001	21
7859	55473	5	110	85	0	55473743001	21
7860	55473	7	112	85	0	55473916000	21
7861	55473	9	110	86	0	55473235000	21
7862	55473	11	112	86	0	55473340000	21
7863	55473	13	110	87	0	55473177000	21
7864	55474	1	110	84	0	55474186000	21
7865	55474	2	111	84	0	55474926001	21
7866	55474	3	112	84	0	55474269000	21
7867	55474	10	111	86	0	55474213000	21
7868	55474	14	111	87	0	55474303000	21
7869	55475	6	111	85	0	55475407000	21
7870	55475	7	112	85	0	55475940001	21
7871	55475	11	112	86	0	55475251001	21
7872	55475	15	112	87	0	55475138000	21
7873	55476	3	112	84	0	55476248001	20
7874	55487	0	109	84	1	55487464000	18
7875	55488	1	110	84	1	55488307000	18
7876	55488	4	109	85	1	55488174000	18
7877	55489	2	111	84	1	55489559001	18
7878	55489	5	110	85	1	55489127001	18
7879	55489	8	109	86	1	55489042001	18
7880	55489	9	110	86	1	55489947000	18
7881	55489	12	109	87	1	55489854001	18
7882	55490	3	112	84	1	55490422001	18
7883	55490	6	111	85	1	55490077001	18
7884	55490	10	111	86	1	55490929001	18
7885	55490	13	110	87	1	55490687001	18
7886	55491	7	112	85	1	55491197001	18
7887	55491	11	112	86	1	55491977000	18
7888	55491	14	111	87	1	55491762001	18
7889	55492	15	112	87	1	55492528000	18
7890	55496	15	112	87	1	55496365001	17
7891	55977	12	109	87	0	55977595001	9
7892	56076	3	112	84	0	56076893001	21
7893	56078	8	109	86	0	56078599001	22
7894	56079	9	110	86	0	56079721000	22
7895	56080	11	112	86	0	56080344001	22
7896	56082	15	112	87	0	56082700000	22
7897	56255	3	112	84	0	56255662000	21
7898	56256	2	111	84	0	56256676001	21
7899	56257	1	110	84	0	56257639001	22
7900	56257	7	112	85	0	56257703000	22
7901	56259	5	110	85	0	56259663000	22
7902	56259	11	112	86	0	56259635000	22
7903	56261	8	109	86	0	56261894001	23
7904	56262	14	111	87	0	56262619000	23
7905	56263	13	110	87	0	56263463000	23
7906	56339	15	112	87	0	56339413001	24
7907	56341	11	112	86	0	56341322000	24
7908	56342	7	112	85	0	56342737001	24
7909	56344	3	112	84	0	56344186001	23
7910	56466	12	109	87	0	56466500001	20
7911	56467	8	109	86	0	56467020000	21
7912	56468	13	110	87	0	56468896000	21
7913	56469	4	109	85	0	56469244000	21
7914	56469	8	109	86	0	56469058000	21
7915	56469	9	110	86	0	56469478001	21
7916	56469	12	109	87	0	56469459000	21
7917	56471	9	110	86	0	56471956000	21
7918	56471	13	110	87	0	56471642000	21
7919	56472	5	110	85	0	56472096001	21
7920	56472	14	111	87	0	56472062001	21
7921	56473	4	109	85	1	56473437000	21
7922	56473	10	111	86	0	56473711001	21
7923	56474	8	109	86	1	56474426001	22
7924	56474	14	111	87	0	56474914001	22
7925	56476	9	110	86	1	56476722001	22
7926	56477	12	109	87	1	56477544001	22
7927	56477	15	112	87	0	56477001000	22
7928	56479	13	110	87	1	56479941001	22
7929	56480	12	109	87	1	56480912000	22
7930	56483	13	110	87	1	56483476001	23
7931	56483	14	111	87	1	56483105001	23
7932	56485	8	109	86	1	56485710001	23
7933	56564	9	110	86	1	56564593000	4
7934	56614	3	112	84	0	56614271000	18
7935	56615	2	111	84	0	56615735000	19
7936	56615	7	112	85	0	56615564000	19
7937	56616	3	112	84	0	56616422001	19
7938	56616	11	112	86	0	56616382000	19
7939	56617	1	110	84	0	56617436001	19
7940	56617	2	111	84	0	56617909001	19
7941	56617	6	111	85	0	56617024000	19
7942	56617	7	112	85	0	56617702001	19
7943	56617	10	111	86	0	56617895000	19
7944	56617	15	112	87	0	56617480000	19
7945	56618	0	109	84	0	56618786001	20
7946	56618	5	110	85	0	56618646001	20
7947	56618	11	112	86	0	56618686001	20
7948	56619	1	110	84	0	56619594000	20
7949	56619	4	109	85	0	56619901001	20
7950	56619	6	111	85	0	56619638001	20
7951	56619	9	110	86	0	56619272001	20
7952	56619	14	111	87	0	56619144000	20
7953	56619	15	112	87	0	56619675000	20
7954	56620	8	109	86	0	56620462000	20
7955	56620	10	111	86	0	56620415001	20
7956	56620	13	110	87	0	56620459001	20
7957	56621	0	109	84	0	56621877001	20
7958	56621	5	110	85	0	56621101001	20
7959	56621	14	111	87	0	56621532000	20
7960	56622	8	109	86	0	56622880001	21
7961	56622	9	110	86	0	56622043000	20
7962	56622	12	109	87	0	56622137001	21
7963	56623	4	109	85	0	56623178001	21
7964	56623	13	110	87	0	56623240001	21
7965	56625	12	109	87	0	56625341000	21
7966	56626	7	112	85	1	56626886001	22
7967	56626	15	112	87	1	56626273001	22
7968	56627	11	112	86	1	56627206000	22
7969	56629	15	112	87	1	56629543001	22
7970	56630	10	111	86	1	56630814000	23
7971	56630	14	111	87	1	56630211000	23
7972	56632	7	112	85	0	56632407000	23
7973	56634	15	112	87	0	56634816000	24
7974	56635	11	112	86	0	56635695001	24
7975	56637	3	112	84	0	56637146000	24
7976	56637	15	112	87	0	56637874001	24
7977	56638	14	111	87	0	56638627001	24
7978	56640	10	111	86	0	56640876000	25
7979	56641	15	112	87	0	56641451000	25
7980	56650	3	112	84	1	56650659000	26
7981	56650	11	112	86	0	56650296001	26
7982	56659	3	112	84	0	56659085000	26
7983	56684	13	110	87	1	56684514000	24
7984	56684	14	111	87	1	56684782001	24
7985	56684	15	112	87	1	56684205000	24
7986	56686	12	109	87	1	56686405001	24
7987	56687	10	111	86	1	56687666000	24
7988	56687	11	112	86	1	56687648001	24
7989	56687	15	112	87	1	56687437000	24
7990	56688	9	110	86	1	56688958001	23
7991	56688	14	111	87	1	56688864001	23
7992	56689	13	110	87	1	56689572001	23
7993	56689	15	112	87	1	56689970000	23
7994	56690	12	109	87	1	56690962001	23
7995	56691	8	109	86	1	56691207000	23
7996	56692	0	109	84	1	56692931000	23
7997	56692	7	112	85	1	56692939001	23
7998	56692	10	111	86	1	56692964000	23
7999	56692	11	112	86	1	56692167001	23
8000	56693	6	111	85	1	56693422001	22
8001	56693	13	110	87	1	56693060000	22
8002	56693	14	111	87	1	56693730000	22
8003	56694	4	109	85	1	56694759000	22
8004	56694	5	110	85	1	56694515001	22
8005	56694	9	110	86	1	56694460000	22
8006	56694	11	112	86	1	56694838000	22
8007	56695	0	109	84	1	56695798001	22
8008	56695	1	110	84	1	56695867000	22
8009	56695	8	109	86	1	56695882001	22
8010	56695	10	111	86	1	56695926001	22
8011	56696	12	109	87	1	56696713000	22
8012	56697	1	110	84	1	56697962000	21
8013	56697	3	112	84	1	56697326000	22
8014	56697	4	109	85	1	56697492001	22
8015	56697	7	112	85	1	56697193001	22
8016	56697	9	110	86	1	56697029000	22
8017	56698	2	111	84	1	56698334000	21
8018	56698	5	110	85	1	56698485000	21
8019	56698	6	111	85	1	56698253001	21
8020	56699	8	109	86	1	56699068001	21
8021	56700	7	112	85	1	56700147000	21
8022	56701	2	111	84	1	56701285001	21
8023	56701	3	112	84	1	56701180001	21
8024	56701	5	110	85	1	56701058000	21
8025	56701	6	111	85	1	56701036000	21
8026	56703	3	112	84	1	56703906000	20
8027	57072	8	109	86	0	57072303000	30
8028	57077	3	112	84	0	57077373001	29
8029	57123	12	109	87	0	57123559001	18
8030	57124	4	109	85	0	57124864000	17
8031	57124	8	109	86	0	57124223000	17
8032	57124	13	110	87	0	57124707000	17
8033	57125	0	109	84	0	57125614001	17
8034	57125	9	110	86	0	57125350001	17
8035	57125	12	109	87	0	57125967000	17
8036	57126	1	110	84	0	57126683001	17
8037	57126	5	110	85	0	57126047001	17
8038	57126	8	109	86	0	57126470001	17
8039	57126	10	111	86	0	57126880001	17
8040	57126	14	111	87	0	57126016000	17
8041	57127	4	109	85	0	57127480000	16
8042	57127	6	111	85	0	57127752000	16
8043	57127	9	110	86	0	57127487000	16
8044	57127	11	112	86	0	57127674001	16
8045	57127	13	110	87	0	57127080000	16
8046	57127	15	112	87	0	57127199000	16
8047	57128	0	109	84	0	57128542001	16
8048	57128	1	110	84	0	57128812001	16
8049	57128	2	111	84	0	57128111000	16
8050	57128	5	110	85	0	57128307000	16
8051	57128	7	112	85	0	57128779001	16
8052	57128	14	111	87	0	57128494000	16
8053	57129	3	112	84	0	57129488001	16
8054	57129	10	111	86	0	57129185000	16
8055	57129	11	112	86	0	57129538001	16
8056	57129	15	112	87	0	57129324001	16
8057	57130	2	111	84	0	57130148000	16
8058	57130	6	111	85	0	57130311000	16
8059	57130	7	112	85	0	57130745000	15
8060	57131	0	109	84	1	57131681000	15
8061	57131	3	112	84	0	57131626001	15
8062	57132	4	109	85	1	57132533001	15
8063	57133	1	110	84	1	57133048000	15
8064	57133	5	110	85	1	57133991001	15
8065	57133	8	109	86	1	57133435000	15
8066	57134	2	111	84	1	57134527000	14
8067	57134	9	110	86	1	57134662000	14
8068	57134	12	109	87	1	57134414000	15
8069	57135	3	112	84	1	57135919000	14
8070	57135	6	111	85	1	57135282000	14
8071	57135	13	110	87	1	57135569000	14
8072	57136	10	111	86	1	57136319001	14
8073	57137	6	111	85	1	57137065000	14
8074	57137	7	112	85	1	57137230000	14
8075	57137	11	112	86	1	57137984000	14
8076	57137	14	111	87	1	57137065000	14
8077	57138	1	110	84	1	57138140000	14
8078	57138	2	111	84	1	57138514000	14
8079	57138	5	110	85	1	57138349000	14
8080	57138	9	110	86	1	57138086000	14
8081	57138	15	112	87	1	57138515001	14
8082	57139	14	111	87	1	57139775001	13
8083	57141	3	112	84	1	57141393001	13
8084	57143	10	111	86	1	57143554001	12
8085	57143	15	112	87	1	57143133000	12
8086	57144	13	110	87	1	57144806000	12
8087	57146	7	112	85	1	57146154001	12
8088	57473	2	111	84	0	57473543000	12
8089	57473	3	112	84	0	57473945000	12
8090	57473	7	112	85	0	57473882000	12
8091	57530	13	110	87	0	57530025001	9
8092	57530	15	112	87	0	57530131001	9
8093	57561	11	112	86	0	57561649000	16
8094	57606	0	109	84	0	57606184001	20
8095	57607	1	110	84	0	57607338001	20
8096	57608	2	111	84	0	57608538001	20
8097	57609	0	109	84	0	57609477001	20
8098	57609	1	110	84	0	57609906001	19
8099	57609	3	112	84	0	57609644000	19
8100	57610	4	109	85	0	57610211000	19
8101	57610	5	110	85	0	57610953001	19
8102	57611	2	111	84	0	57611284001	19
8103	57612	3	112	84	0	57612129001	19
8104	57612	4	109	85	0	57612869000	19
8105	57612	6	111	85	0	57612611000	19
8106	57613	0	109	84	0	57613345001	19
8107	57613	1	110	84	0	57613664001	19
8108	57613	5	110	85	0	57613903001	19
8109	57613	7	112	85	0	57613404000	19
8110	57613	8	109	86	0	57613346000	19
8111	57614	2	111	84	0	57614191000	19
8112	57614	3	112	84	0	57614992000	19
8113	57614	9	110	86	0	57614398001	19
8114	57615	6	111	85	0	57615629001	19
8115	57615	10	111	86	0	57615526000	19
8116	57616	4	109	85	0	57616406001	19
8117	57616	5	110	85	0	57616871000	19
8118	57616	7	112	85	0	57616077000	19
8119	57616	8	109	86	0	57616116000	19
8120	57617	9	110	86	0	57617517000	19
8121	57617	11	112	86	0	57617120001	19
8122	57617	12	109	87	0	57617361000	19
8123	57618	3	112	84	0	57618923001	18
8124	57618	6	111	85	0	57618585001	18
8125	57618	10	111	86	0	57618894001	18
8126	57618	13	110	87	0	57618275001	19
8127	57619	2	111	84	0	57619754001	18
8128	57619	7	112	85	0	57619386000	18
8129	57619	8	109	86	0	57619516000	18
8130	57619	11	112	86	0	57619308000	18
8131	57619	14	111	87	0	57619108001	18
8132	57620	12	109	87	0	57620774001	18
8133	57620	15	112	87	0	57620033000	18
8134	57621	9	110	86	0	57621643000	18
8135	57621	10	111	86	0	57621866001	18
8136	57621	13	110	87	0	57621727000	18
8137	57621	14	111	87	0	57621973001	18
8138	57622	11	112	86	0	57622064001	18
8139	57622	15	112	87	0	57622685000	18
8140	57623	12	109	87	0	57623995001	18
8141	57625	13	110	87	0	57625637001	18
8142	57625	14	111	87	0	57625019001	18
8143	57625	15	112	87	0	57625839001	18
8144	57628	15	112	87	0	57628820000	17
8145	57633	3	112	84	1	57633502000	16
8146	57634	2	111	84	1	57634939000	16
8147	57634	7	112	85	1	57634411001	16
8148	57634	11	112	86	1	57634838000	16
8149	57634	15	112	87	1	57634484000	16
8150	57635	3	112	84	1	57635529000	16
8151	57635	6	111	85	1	57635609000	16
8152	57635	10	111	86	1	57635945000	16
8153	57636	1	110	84	1	57636744000	16
8154	57636	2	111	84	1	57636702001	16
8155	57636	7	112	85	1	57636842000	16
8156	57636	14	111	87	1	57636010001	16
8157	57636	15	112	87	1	57636246001	16
8158	57637	0	109	84	1	57637892001	16
8159	57637	5	110	85	1	57637165001	16
8160	57637	6	111	85	1	57637083000	16
8161	57637	9	110	86	1	57637476000	16
8162	57637	13	110	87	1	57637724000	16
8163	57637	14	111	87	1	57637721001	16
8164	57638	4	109	85	1	57638300000	16
8165	57638	8	109	86	1	57638685001	16
8166	57638	10	111	86	1	57638643000	16
8167	57638	11	112	86	1	57638280001	16
8168	57638	12	109	87	1	57638714000	16
8169	57639	1	110	84	1	57639012001	15
8170	57640	4	109	85	1	57640980001	15
8171	57640	5	110	85	1	57640132001	15
8172	57640	12	109	87	1	57640621001	15
8173	57641	9	110	86	1	57641933001	15
8174	57642	13	110	87	1	57642584001	15
8175	57656	0	109	84	1	57656300000	12
8176	57723	3	112	84	0	57723802000	17
8177	57726	11	112	86	0	57726649001	18
8178	57810	3	112	84	0	57810728001	28
8179	57875	4	109	85	0	57875788001	15
8180	57875	8	109	86	0	57875554001	15
8181	57875	12	109	87	0	57875081001	15
8182	57875	13	110	87	0	57875766001	15
8183	57876	0	109	84	0	57876282000	15
8184	57876	1	110	84	0	57876987001	15
8185	57876	5	110	85	0	57876565001	15
8186	57876	9	110	86	0	57876110001	15
8187	57876	10	111	86	0	57876798001	15
8188	57876	14	111	87	0	57876549001	15
8189	57877	2	111	84	0	57877582000	15
8190	57877	6	111	85	0	57877506001	15
8191	57877	11	112	86	0	57877505001	15
8192	57877	15	112	87	0	57877119001	15
8193	57878	3	112	84	0	57878295001	15
8194	57878	7	112	85	0	57878058001	15
8195	57878	10	111	86	0	57878756001	14
8196	57878	12	109	87	0	57878083000	15
8197	57879	2	111	84	0	57879957000	14
8198	57879	11	112	86	0	57879872000	14
8199	57879	15	112	87	0	57879970001	14
8200	57880	1	110	84	0	57880984001	14
8201	57880	3	112	84	0	57880769000	14
8202	57881	5	110	85	0	57881054000	14
8203	57881	6	111	85	0	57881673000	14
8204	57881	7	112	85	0	57881276001	14
8205	57881	13	110	87	0	57881926000	14
8206	57883	3	112	84	0	57883530001	14
8207	57885	8	109	86	0	57885986000	14
8208	57885	14	111	87	0	57885769001	14
8209	57894	13	110	87	1	57894599001	13
8210	57895	15	112	87	1	57895523001	13
8211	57896	3	112	84	0	57896380001	13
8212	57896	12	109	87	1	57896831000	13
8213	57896	14	111	87	1	57896007001	13
8214	57898	13	110	87	1	57898060000	13
8215	57899	10	111	86	1	57899785001	13
8216	57899	15	112	87	1	57899338001	13
8217	57900	11	112	86	1	57900146000	13
8218	57900	14	111	87	1	57900113000	13
8219	57901	8	109	86	1	57901799001	13
8220	57901	9	110	86	1	57901296000	13
8221	57901	12	109	87	1	57901593000	13
8222	57902	13	110	87	1	57902026000	13
8223	57902	15	112	87	1	57902456000	13
8224	57903	11	112	86	1	57903875001	13
8225	57903	14	111	87	1	57903299000	13
8226	57904	0	109	84	1	57904744001	13
8227	57905	4	109	85	1	57905286000	13
8228	57905	5	110	85	1	57905582001	13
8229	57905	6	111	85	1	57905706001	13
8230	57905	7	112	85	1	57905303000	13
8231	57906	1	110	84	1	57906160001	13
8232	57906	8	109	86	1	57906138001	13
8233	57906	10	111	86	1	57906556001	13
8234	57906	12	109	87	1	57906446000	13
8235	57907	2	111	84	1	57907971000	13
8236	57907	5	110	85	1	57907597001	13
8237	57907	9	110	86	1	57907077000	13
8238	57908	1	110	84	1	57908163000	13
8239	57908	6	111	85	1	57908806001	13
8240	57909	3	112	84	1	57909580000	13
8241	57909	4	109	85	1	57909655000	13
8242	57909	9	110	86	1	57909220000	13
8243	57909	10	111	86	1	57909943001	13
8244	57909	11	112	86	1	57909912000	13
8245	57910	2	111	84	1	57910211000	13
8246	57910	7	112	85	1	57910263000	13
8247	57910	13	110	87	1	57910035001	13
8248	57911	6	111	85	1	57911214000	13
8249	57912	3	112	84	1	57912155001	14
8250	57912	7	112	85	1	57912482001	14
8251	58466	4	109	85	0	58466646001	26
8252	58466	8	109	86	0	58466112001	26
8253	58466	12	109	87	0	58466129001	26
8254	58467	0	109	84	0	58467062001	26
8255	58467	5	110	85	0	58467997001	26
8256	58467	9	110	86	0	58467528000	26
8257	58467	13	110	87	0	58467442000	26
8258	58468	1	110	84	0	58468143001	26
8259	58468	8	109	86	0	58468413001	26
8260	58468	14	111	87	0	58468841001	25
8261	58469	1	110	84	0	58469997000	25
8262	58469	2	111	84	0	58469753001	25
8263	58469	4	109	85	0	58469412000	25
8264	58469	6	111	85	0	58469659000	25
8265	58469	10	111	86	0	58469033001	25
8266	58469	12	109	87	0	58469224001	25
8267	58470	0	109	84	0	58470372001	25
8268	58470	3	112	84	0	58470836000	25
8269	58470	5	110	85	0	58470323001	25
8270	58470	7	112	85	0	58470794001	25
8271	58470	9	110	86	0	58470389001	25
8272	58470	11	112	86	0	58470611000	25
8273	58470	13	110	87	0	58470377001	25
8274	58470	15	112	87	0	58470063001	25
8275	58471	2	111	84	0	58471981001	25
8276	58471	6	111	85	0	58471905000	25
8277	58471	10	111	86	0	58471244001	25
8278	58471	14	111	87	0	58471272001	25
8279	58471	15	112	87	0	58471960001	25
8280	58472	11	112	86	0	58472810001	24
8281	58473	3	112	84	0	58473023001	24
8282	58473	5	110	85	0	58473888000	24
8283	58473	7	112	85	0	58473078000	24
8284	58473	8	109	86	0	58473211000	24
8285	58476	3	112	84	0	58476183000	23
8286	58476	8	109	86	0	58476639000	23
8287	58477	12	109	87	0	58477024001	23
8288	58481	14	111	87	0	58481360001	22
8289	58482	2	111	84	0	58482240000	22
8290	58483	10	111	86	0	58483155001	21
8291	58487	11	112	86	0	58487684000	20
8292	58488	13	110	87	0	58488038000	20
8293	58492	3	112	84	0	58492999001	19
8294	58496	3	112	84	1	58496625001	18
8295	58499	0	109	84	1	58499523001	17
8296	58500	1	110	84	1	58500493000	17
8297	58500	4	109	85	1	58500279000	17
8298	58500	5	110	85	1	58500994000	17
8299	58500	8	109	86	1	58500883000	17
8300	58501	2	111	84	1	58501458001	17
8301	58501	9	110	86	1	58501756001	17
8302	58501	12	109	87	1	58501513000	17
8303	58502	3	112	84	1	58502308001	17
8304	58502	6	111	85	1	58502089001	17
8305	58502	10	111	86	1	58502873001	16
8306	58502	13	110	87	1	58502423000	17
8307	58503	7	112	85	1	58503260001	16
8308	58503	11	112	86	1	58503892001	16
8309	58503	14	111	87	1	58503502001	16
8310	58504	15	112	87	1	58504291001	16
8311	58505	6	111	85	1	58505799001	16
8312	58757	0	109	84	0	58757431001	9
8313	58976	4	109	85	0	58976770000	20
8314	58976	8	109	86	0	58976320000	21
8315	58976	12	109	87	0	58976172000	21
8316	58977	0	109	84	0	58977278001	20
8317	58977	1	110	84	0	58977985000	20
8318	58977	5	110	85	0	58977756001	20
8319	58977	9	110	86	0	58977417000	20
8320	58977	13	110	87	0	58977112000	20
8321	58978	2	111	84	0	58978842001	20
8322	58978	6	111	85	0	58978857000	20
8323	58978	8	109	86	0	58978481000	20
8324	58978	10	111	86	0	58978337001	20
8325	58978	14	111	87	0	58978081000	20
8326	58978	15	112	87	0	58978944001	20
8327	58979	3	112	84	0	58979814000	20
8328	58979	4	109	85	0	58979767001	20
8329	58979	7	112	85	0	58979663000	20
8330	58979	11	112	86	0	58979222000	20
8331	58979	12	109	87	1	58979806001	20
8332	58979	13	110	87	1	58979812001	20
8333	58980	1	110	84	0	58980566001	20
8334	58980	2	111	84	0	58980692000	20
8335	58980	5	110	85	0	58980359000	20
8336	58980	14	111	87	1	58980740001	20
8337	58981	6	111	85	0	58981179001	20
8338	58981	7	112	85	0	58981686001	20
8339	58981	8	109	86	1	58981932000	20
8340	58981	9	110	86	1	58981505001	20
8341	58981	15	112	87	1	58981288000	20
8342	58982	3	112	84	0	58982239000	20
8343	58982	10	111	86	1	58982698001	19
8344	58983	4	109	85	1	58983129000	19
8345	58983	5	110	85	1	58983029000	19
8346	58983	6	111	85	1	58983797001	19
8347	58983	9	110	86	1	58983921001	19
8348	58983	11	112	86	1	58983318001	19
8349	58984	7	112	85	1	58984727000	19
8350	58985	4	109	85	1	58985634000	19
8351	58985	5	110	85	1	58985817001	19
8352	58985	6	111	85	1	58985882000	19
8353	58986	0	109	84	1	58986360000	19
8354	58986	1	110	84	1	58986236000	19
8355	58986	2	111	84	1	58986190001	19
8356	58986	3	112	84	1	58986157000	19
8357	58986	7	112	85	1	58986955001	19
8358	58986	10	111	86	1	58986523000	19
8359	58988	1	110	84	1	58988778001	18
8360	58989	0	109	84	1	58989181000	18
8361	58989	2	111	84	1	58989202000	18
8362	58989	3	112	84	1	58989295001	18
8363	58990	6	111	85	1	58990498000	18
8364	58992	1	110	84	1	58992849000	18
8365	59283	3	112	84	0	59283797000	24
8366	59287	7	112	85	0	59287897000	25
8367	59288	1	110	84	0	59288364000	25
8368	59292	11	112	86	0	59292090000	26
8369	59293	0	109	84	0	59293263001	26
8370	59293	3	112	84	1	59293725001	27
8371	59295	5	110	85	0	59295584000	27
8372	59296	10	111	86	0	59296446000	27
8373	59297	15	112	87	0	59297565000	27
8374	59298	1	110	84	1	59298420000	27
8375	59298	4	109	85	0	59298143001	27
8376	59298	11	112	86	1	59298969001	28
8377	59303	9	110	86	0	59303516000	28
8378	59312	11	112	86	0	59312888000	30
8379	59314	1	110	84	0	59314687000	30
8380	59318	3	112	84	0	59318733001	30
8381	59328	3	112	84	1	59328032000	31
8382	59412	4	109	85	0	59412998000	21
8383	59412	8	109	86	0	59412435000	21
8384	59412	12	109	87	0	59412398001	21
8385	59412	13	110	87	0	59412953000	21
8386	59413	0	109	84	0	59413131000	20
8387	59413	5	110	85	0	59413852000	20
8388	59413	9	110	86	0	59413544000	20
8389	59414	1	110	84	0	59414125001	20
8390	59414	2	111	84	0	59414884000	20
8391	59414	6	111	85	0	59414730000	20
8392	59414	10	111	86	0	59414408001	20
8393	59414	14	111	87	0	59414100000	20
8394	59415	0	109	84	1	59415829000	20
8395	59415	1	110	84	1	59415793001	20
8396	59415	3	112	84	0	59415417000	20
8397	59415	4	109	85	1	59415107000	20
8398	59415	7	112	85	0	59415792001	20
8399	59415	11	112	86	0	59415363001	20
8400	59415	12	109	87	0	59415232000	20
8401	59415	13	110	87	0	59415430000	20
8402	59415	15	112	87	0	59415005001	20
8403	59416	2	111	84	1	59416767000	20
8404	59416	5	110	85	1	59416044001	20
8405	59416	8	109	86	1	59416289000	20
8406	59416	9	110	86	1	59416902000	20
8407	59416	14	111	87	0	59416791000	20
8408	59417	3	112	84	1	59417853001	19
8409	59417	6	111	85	1	59417395001	19
8410	59417	12	109	87	1	59417164001	19
8411	59417	13	110	87	1	59417993001	19
8412	59417	15	112	87	1	59417840001	19
8413	59418	7	112	85	1	59418649000	19
8414	59418	10	111	86	1	59418250000	19
8415	59419	11	112	86	1	59419551001	19
8416	59419	14	111	87	1	59419338001	19
8417	59420	15	112	87	1	59420291000	19
8418	59476	3	112	84	0	59476822001	13
