event_id	cycle	source	x	y	polarity	occurrence_timestamp_ns
0	3056	10	112	84	0	3056529001
1	3350	10	112	84	0	3350847001
2	3382	19	109	86	0	3382886000
3	4091	10	112	84	0	4091502001
4	4101	22	112	86	0	4101324001
5	4106	28	112	87	0	4106671000
6	4110	31	109	88	0	4110570000
7	4132	0	108	83	0	4132252001
8	4134	1	109	83	0	4134497000
9	4136	6	108	84	0	4136600001
10	4137	2	110	83	0	4137036001
11	4138	1	109	83	0	4138172001
12	4139	2	110	83	0	4139587000
13	4139	7	109	84	0	4139117000
14	4140	3	111	83	0	4140708000
15	4141	0	108	83	1	4141718001
16	4141	8	110	84	0	4141665000
17	4141	12	108	85	0	4141644000
18	4143	2	110	83	0	4143234000
19	4143	3	111	83	0	4143174001
20	4143	4	112	83	1	4143163001
21	4143	7	109	84	0	4143253001
22	4144	6	108	84	1	4144024001
23	4144	8	110	84	0	4144189001
24	4144	9	111	84	0	4144696000
25	4144	13	109	85	0	4144125000
26	4145	4	112	83	0	4145988000
27	4145	18	108	86	0	4145950000
28	4146	5	113	83	0	4146709001
29	4146	14	110	85	0	4146523001
30	4147	1	109	83	1	4147081000
31	4147	3	111	83	0	4147363001
32	4147	8	110	84	0	4147501001
33	4147	9	111	84	0	4147185000
34	4147	19	109	86	0	4147559001
35	4148	10	112	84	0	4148074001
36	4148	13	109	85	0	4148702000
37	4148	14	110	85	0	4148676001
38	4149	4	112	83	0	4149591001
39	4149	5	113	83	0	4149326001
40	4149	15	111	85	0	4149701000
41	4150	10	112	84	0	4150735001
42	4150	11	113	84	0	4150932001
43	4150	12	108	85	1	4150110001
44	4150	19	109	86	0	4150233000
45	4150	20	110	86	0	4150743001
46	4150	24	108	87	0	4150517001
47	4151	7	109	84	1	4151164001
48	4151	9	111	84	0	4151782001
49	4151	14	110	85	0	4151889001
50	4151	16	112	85	0	4151871000
51	4152	15	111	85	0	4152698001
52	4152	25	109	87	0	4152895001
53	4153	5	113	83	0	4153114000
54	4153	10	112	84	0	4153700001
55	4153	11	113	84	0	4153496001
56	4153	20	110	86	0	4153745001
57	4153	21	111	86	0	4153643000
58	4154	2	110	83	1	4154533001
59	4154	3	111	83	0	4154122001
60	4154	4	112	83	0	4154197000
61	4154	16	112	85	0	4154333001
62	4154	30	108	88	0	4154952001
63	4155	13	109	85	1	4155189000
64	4155	17	113	85	0	4155607000
65	4155	26	110	87	0	4155358000
66	4156	9	111	84	0	4156417001
67	4156	21	111	86	0	4156661000
68	4156	25	109	87	0	4156549001
69	4156	31	109	88	0	4156923000
70	4157	8	110	84	1	4157755001
71	4157	11	113	84	0	4157759000
72	4157	15	111	85	0	4157102001
73	4157	16	112	85	0	4157439000
74	4157	20	110	86	0	4157355000
75	4157	22	112	86	0	4157252000
76	4158	2	110	83	1	4158252001
77	4158	5	113	83	0	4158000001
78	4158	10	112	84	0	4158439001
79	4158	17	113	85	0	4158601001
80	4158	26	110	87	0	4158973000
81	4158	27	111	87	0	4158405001
82	4159	19	109	86	1	4159004000
83	4159	21	111	86	0	4159752001
84	4159	23	113	86	0	4159407001
85	4159	32	110	88	0	4159808001
86	4160	8	110	84	1	4160939000
87	4160	22	112	86	0	4160609001
88	4160	31	109	88	0	4160133001
89	4161	3	111	83	1	4161070000
90	4161	14	110	85	1	4161843001
91	4161	27	111	87	0	4161957001
92	4161	28	112	87	0	4161466001
93	4162	11	113	84	0	4162968000
94	4162	16	112	85	0	4162116001
95	4162	23	113	86	0	4162128000
96	4162	33	111	88	0	4162382001
97	4163	1	109	83	1	4163476000
98	4163	17	113	85	0	4163077001
99	4163	25	109	87	1	4163829000
100	4163	29	113	87	0	4163482001
101	4163	32	110	88	0	4163033000
102	4164	22	112	86	0	4164518001
103	4164	28	112	87	0	4164052001
104	4164	33	111	88	0	4164646001
105	4165	14	110	85	1	4165244001
106	4165	20	110	86	1	4165312000
107	4165	21	111	86	0	4165600001
108	4165	23	113	86	0	4165920000
109	4165	27	111	87	0	4165574000
110	4165	34	112	88	0	4165087000
111	4166	3	111	83	1	4166224000
112	4166	9	111	84	1	4166889001
113	4166	13	109	85	1	4166027000
114	4166	18	108	86	1	4166090001
115	4166	29	113	87	0	4166169000
116	4166	31	109	88	1	4166944001
117	4166	33	111	88	0	4166875001
118	4167	28	112	87	0	4167139000
119	4167	34	112	88	0	4167268000
120	4168	7	109	84	1	4168331001
121	4168	20	110	86	1	4168947000
122	4168	35	113	88	0	4168166000
123	4170	9	111	84	1	4170984001
124	4170	23	113	86	0	4170878001
125	4170	26	110	87	1	4170763001
126	4170	28	112	87	0	4170644000
127	4170	29	113	87	0	4170240000
128	4170	34	112	88	0	4170417001
129	4170	35	113	88	0	4170897000
130	4171	3	111	83	1	4171925001
131	4171	8	110	84	1	4171994001
132	4171	15	111	85	1	4171514001
133	4171	22	112	86	0	4171405000
134	4171	33	111	88	0	4171429000
135	4172	4	112	83	1	4172084001
136	4172	21	111	86	1	4172808000
137	4174	10	112	84	1	4174637001
138	4174	19	109	86	1	4174752001
139	4174	29	113	87	0	4174029001
140	4174	34	112	88	0	4174100000
141	4175	15	111	85	1	4175405001
142	4175	26	110	87	1	4175993001
143	4175	32	110	88	1	4175030000
144	4175	35	113	88	0	4175124000
145	4176	4	112	83	1	4176068001
146	4177	21	111	86	1	4177241000
147	4178	20	110	86	1	4178038001
148	4178	35	113	88	0	4178857001
149	4179	9	111	84	1	4179245001
150	4179	16	112	85	1	4179833001
151	4179	32	110	88	1	4179014000
152	4180	10	112	84	1	4180010000
153	4180	27	111	87	1	4180413001
154	4182	21	111	86	1	4182120001
155	4182	22	112	86	1	4182689000
156	4182	33	111	88	1	4182767001
157	4183	14	110	85	1	4183851001
158	4183	15	111	85	1	4183323001
159	4184	16	112	85	1	4184539001
160	4184	27	111	87	1	4184965001
161	4185	4	112	83	0	4185356000
162	4185	10	112	84	1	4185323001
163	4187	3	111	83	0	4187665000
164	4187	22	112	86	1	4187728000
165	4187	33	111	88	1	4187114001
166	4188	16	112	85	1	4188682000
167	4188	28	112	87	1	4188492000
168	4189	10	112	84	0	4189158000
169	4190	33	111	88	1	4190760001
170	4191	2	110	83	0	4191960001
171	4191	3	111	83	0	4191255001
172	4191	4	112	83	0	4191802000
173	4191	10	112	84	0	4191821001
174	4191	22	112	86	1	4191499000
175	4192	9	111	84	0	4192696001
176	4193	28	112	87	1	4193918000
177	4193	34	112	88	1	4193396000
178	4194	1	109	83	0	4194330001
179	4195	2	110	83	0	4195552000
180	4195	9	111	84	0	4195496001
181	4195	16	112	85	0	4195247001
182	4196	3	111	83	0	4196230000
183	4196	4	112	83	0	4196663001
184	4196	8	110	84	0	4196183001
185	4196	10	112	84	0	4196062001
186	4197	1	109	83	0	4197066000
187	4197	16	112	85	0	4197997001
188	4199	0	108	83	0	4199824000
189	4199	2	110	83	0	4199502000
190	4199	7	109	84	0	4199758000
191	4199	8	110	84	0	4199514001
192	4199	9	111	84	0	4199196001
193	4199	15	111	85	0	4199339001
194	4199	34	112	88	1	4199067000
195	4200	28	112	87	1	4200137001
196	4201	1	109	83	0	4201257001
197	4201	10	112	84	0	4201247000
198	4202	7	109	84	0	4202786000
199	4202	14	110	85	0	4202193001
200	4202	16	112	85	0	4202480001
201	4202	22	112	86	0	4202209000
202	4203	0	108	83	0	4203717001
203	4203	2	110	83	0	4203778000
204	4203	9	111	84	0	4203489001
205	4203	15	111	85	0	4203245000
206	4203	34	112	88	1	4203933000
207	4204	8	110	84	0	4204215001
208	4204	10	112	84	0	4204871001
209	4204	14	110	85	0	4204695001
210	4205	1	109	83	0	4205740000
211	4205	6	108	84	0	4205235001
212	4205	16	112	85	0	4205964001
213	4205	21	111	86	0	4205501001
214	4206	13	109	85	0	4206798000
215	4206	22	112	86	0	4206973001
216	4206	28	112	87	0	4206115001
217	4208	0	108	83	0	4208496000
218	4208	3	111	83	0	4208843001
219	4208	6	108	84	0	4208902001
220	4208	7	109	84	0	4208495000
221	4208	14	110	85	0	4208411001
222	4208	15	111	85	0	4208843001
223	4208	20	110	86	0	4208128001
224	4208	21	111	86	0	4208842001
225	4208	28	112	87	0	4208711001
226	4208	35	113	88	1	4208566001
227	4209	8	110	84	0	4209022001
228	4210	13	109	85	0	4210704000
229	4211	9	111	84	0	4211508001
230	4211	12	108	85	0	4211459001
231	4211	16	112	85	0	4211800000
232	4211	19	109	86	0	4211069001
233	4211	20	110	86	0	4211436000
234	4211	21	111	86	0	4211959000
235	4211	27	111	87	0	4211729001
236	4212	22	112	86	0	4212242000
237	4212	28	112	87	0	4212505000
238	4212	34	112	88	0	4212738001
239	4213	14	110	85	0	4213595001
240	4213	19	109	86	0	4213619001
241	4214	6	108	84	0	4214768000
242	4214	27	111	87	0	4214748000
243	4215	12	108	85	0	4215007000
244	4215	13	109	85	0	4215424000
245	4215	18	108	86	0	4215605000
246	4215	20	110	86	0	4215704000
247	4215	26	110	87	0	4215007000
248	4215	34	112	88	0	4215401000
249	4216	3	111	83	1	4216519001
250	4216	7	109	84	0	4216191001
251	4216	28	112	87	0	4216879000
252	4216	33	111	88	0	4216895001
253	4216	35	113	88	0	4216794000
254	4217	0	108	83	1	4217787001
255	4217	1	109	83	1	4217972000
256	4217	2	110	83	1	4217259001
257	4217	4	112	83	1	4217288000
258	4217	5	113	83	1	4217334001
259	4217	19	109	86	0	4217637000
260	4218	18	108	86	0	4218301000
261	4218	26	110	87	0	4218259000
262	4219	3	111	83	1	4219897000
263	4219	25	109	87	0	4219292000
264	4219	27	111	87	0	4219453001
265	4220	0	108	83	1	4220338001
266	4220	2	110	83	1	4220169001
267	4220	4	112	83	1	4220443000
268	4220	5	113	83	1	4220137001
269	4220	20	110	86	0	4220494000
270	4220	32	110	88	0	4220840000
271	4220	34	112	88	0	4220328001
272	4221	1	109	83	1	4221154001
273	4221	12	108	85	0	4221062000
274	4221	18	108	86	0	4221593000
275	4221	21	111	86	0	4221223001
276	4221	33	111	88	0	4221086000
277	4222	7	109	84	1	4222967001
278	4222	19	109	86	0	4222681001
279	4222	24	108	87	0	4222684001
280	4223	6	108	84	1	4223972000
281	4223	8	110	84	1	4223220001
282	4223	9	111	84	1	4223178001
283	4223	10	112	84	1	4223606000
284	4223	11	113	84	1	4223663001
285	4223	25	109	87	0	4223351001
286	4223	26	110	87	0	4223144001
287	4223	31	109	88	0	4223992000
288	4224	18	108	86	0	4224919000
289	4224	32	110	88	1	4224396000
290	4224	33	111	88	0	4224411000
291	4224	34	112	88	0	4224822000
292	4225	8	110	84	1	4225489000
293	4225	24	108	87	0	4225360001
294	4226	6	108	84	1	4226506001
295	4226	7	109	84	1	4226038000
296	4226	9	111	84	1	4226138000
297	4226	10	112	84	1	4226515000
298	4226	11	113	84	1	4226404000
299	4226	31	109	88	0	4226968000
300	4227	25	109	87	0	4227690000
301	4227	30	108	88	0	4227625000
302	4227	32	110	88	0	4227851001
303	4228	4	112	83	1	4228865000
304	4228	24	108	87	0	4228871001
305	4229	2	110	83	1	4229152000
306	4229	13	109	85	1	4229720001
307	4229	14	110	85	1	4229879001
308	4229	15	111	85	1	4229475001
309	4229	16	112	85	1	4229600001
310	4230	0	108	83	1	4230833001
311	4230	5	113	83	1	4230408001
312	4230	12	108	85	1	4230363001
313	4230	17	113	85	1	4230077001
314	4230	30	108	88	0	4230241000
315	4230	31	109	88	0	4230371001
316	4231	24	108	87	0	4231717000
317	4232	3	111	83	1	4232450000
318	4232	12	108	85	1	4232962001
319	4232	13	109	85	1	4232676001
320	4232	14	110	85	1	4232897001
321	4232	15	111	85	1	4232249000
322	4232	16	112	85	1	4232437001
323	4232	33	111	88	0	4232840000
324	4233	8	110	84	1	4233683000
325	4233	17	113	85	1	4233232001
326	4234	30	108	88	0	4234256001
327	4235	18	108	86	1	4235802000
328	4235	19	109	86	1	4235758001
329	4235	20	110	86	1	4235125000
330	4235	21	111	86	1	4235666001
331	4235	22	112	86	1	4235999000
332	4235	23	113	86	1	4235666001
333	4236	32	110	88	0	4236555000
334	4237	20	110	86	1	4237887001
335	4237	31	109	88	0	4237116000
336	4238	15	111	85	1	4238318000
337	4238	18	108	86	1	4238422000
338	4238	21	111	86	1	4238524001
339	4238	22	112	86	1	4238945001
340	4238	23	113	86	1	4238503001
341	4239	9	111	84	1	4239387001
342	4239	19	109	86	1	4239289000
343	4239	30	108	88	0	4239954001
344	4241	26	110	87	1	4241958000
345	4241	28	112	87	1	4241891000
346	4242	16	112	85	1	4242850001
347	4242	24	108	87	1	4242302000
348	4242	25	109	87	1	4242433001
349	4242	27	111	87	1	4242184001
350	4242	29	113	87	1	4242252001
351	4243	11	113	84	1	4243733000
352	4243	12	108	85	1	4243338001
353	4244	26	110	87	1	4244976001
354	4244	27	111	87	1	4244843000
355	4244	28	112	87	1	4244912000
356	4245	20	110	86	1	4245490000
357	4245	24	108	87	1	4245399000
358	4245	25	109	87	1	4245149001
359	4245	29	113	87	1	4245566000
360	4246	32	110	88	1	4246960001
361	4247	18	108	86	1	4247816000
362	4247	30	108	88	1	4247897001
363	4247	31	109	88	1	4247996001
364	4247	33	111	88	1	4247543000
365	4247	34	112	88	1	4247687000
366	4248	14	110	85	1	4248524000
367	4248	35	113	88	1	4248867001
368	4250	23	113	86	1	4250035001
369	4250	30	108	88	1	4250780000
370	4250	32	110	88	1	4250353001
371	4250	33	111	88	1	4250771000
372	4250	34	112	88	1	4250464001
373	4251	27	111	87	1	4251819001
374	4251	31	109	88	1	4251043000
375	4251	35	113	88	1	4251976000
376	4252	21	111	86	1	4252721001
377	4253	28	112	87	1	4253054000
378	4253	34	112	88	1	4253901000
379	4254	32	110	88	1	4254308001
380	4256	33	111	88	1	4256227000
381	4257	7	109	84	1	4257066001
382	4258	26	110	87	1	4258421001
383	4258	30	108	88	1	4258801001
384	4258	31	109	88	1	4258853001
385	4259	29	113	87	1	4259644001
386	4277	22	112	86	1	4277810000
387	4524	31	109	88	0	4524572000
388	4525	30	108	88	0	4525324001
389	4526	32	110	88	1	4526559000
390	4526	33	111	88	0	4526164001
391	4526	34	112	88	0	4526569001
392	4526	35	113	88	0	4526743000
393	4527	30	108	88	0	4527456001
394	4527	31	109	88	0	4527066001
395	4528	28	112	87	0	4528714001
396	4528	29	113	87	0	4528865000
397	4528	33	111	88	0	4528308000
398	4528	34	112	88	0	4528528001
399	4528	35	113	88	1	4528702000
400	4529	24	108	87	0	4529917001
401	4529	26	110	87	0	4529572001
402	4529	27	111	87	0	4529716001
403	4529	30	108	88	0	4529442000
404	4529	31	109	88	0	4529189000
405	4529	32	110	88	0	4529004001
406	4530	25	109	87	0	4530776000
407	4530	28	112	87	1	4530769000
408	4530	29	113	87	0	4530910000
409	4531	22	112	86	0	4531801001
410	4531	23	113	86	0	4531871000
411	4531	27	111	87	0	4531943001
412	4531	31	109	88	0	4531828001
413	4531	33	111	88	0	4531267000
414	4531	34	112	88	0	4531792000
415	4531	35	113	88	0	4531252001
416	4532	18	108	86	0	4532361001
417	4532	20	110	86	0	4532626001
418	4532	21	111	86	0	4532507000
419	4532	24	108	87	0	4532083000
420	4532	26	110	87	0	4532153001
421	4533	19	109	86	0	4533081000
422	4533	22	112	86	0	4533968001
423	4533	23	113	86	0	4533820000
424	4533	25	109	87	0	4533683000
425	4533	28	112	87	0	4533227000
426	4533	29	113	87	0	4533525001
427	4534	16	112	85	0	4534921001
428	4534	18	108	86	0	4534461000
429	4534	20	110	86	0	4534681000
430	4534	21	111	86	1	4534513001
431	4535	14	110	85	0	4535683000
432	4535	19	109	86	0	4535411000
433	4535	24	108	87	0	4535929000
434	4535	30	108	88	1	4535441000
435	4536	12	108	85	0	4536223000
436	4536	13	109	85	0	4536595001
437	4536	15	111	85	0	4536062001
438	4536	17	113	85	0	4536469001
439	4536	18	108	86	0	4536965001
440	4536	22	112	86	0	4536234001
441	4536	23	113	86	0	4536035001
442	4536	27	111	87	0	4536948000
443	4537	14	110	85	0	4537931001
444	4537	16	112	85	0	4537119001
445	4537	21	111	86	0	4537582001
446	4537	31	109	88	1	4537273000
447	4538	8	110	84	0	4538653000
448	4538	9	111	84	0	4538082000
449	4538	10	112	84	0	4538809001
450	4538	11	113	84	0	4538635000
451	4538	12	108	85	0	4538532000
452	4538	15	111	85	0	4538434000
453	4538	30	108	88	1	4538024000
454	4539	6	108	84	0	4539790000
455	4539	7	109	84	0	4539079001
456	4539	9	111	84	0	4539992001
457	4539	13	109	85	0	4539235001
458	4539	16	112	85	0	4539625001
459	4539	17	113	85	0	4539259001
460	4539	20	110	86	0	4539329000
461	4539	24	108	87	1	4539758000
462	4539	32	110	88	1	4539576000
463	4540	4	112	83	0	4540732001
464	4540	8	110	84	0	4540738001
465	4540	10	112	84	0	4540804001
466	4540	11	113	84	0	4540766001
467	4540	14	110	85	0	4540637000
468	4540	25	109	87	1	4540602000
469	4540	31	109	88	1	4540383001
470	4540	33	111	88	1	4540830000
471	4541	2	110	83	0	4541128001
472	4541	3	111	83	0	4541731000
473	4541	5	113	83	0	4541536001
474	4541	7	109	84	0	4541465000
475	4541	18	108	86	1	4541166001
476	4542	0	108	83	0	4542166001
477	4542	1	109	83	0	4542297001
478	4542	4	112	83	0	4542989000
479	4542	6	108	84	0	4542582000
480	4542	9	111	84	0	4542121001
481	4542	24	108	87	1	4542656001
482	4542	26	110	87	1	4542740001
483	4542	32	110	88	1	4542167000
484	4543	2	110	83	0	4543159000
485	4543	3	111	83	0	4543867000
486	4543	5	113	83	0	4543669001
487	4543	10	112	84	0	4543221000
488	4543	18	108	86	1	4543579001
489	4543	19	109	86	1	4543918001
490	4543	25	109	87	1	4543035000
491	4543	27	111	87	1	4543935001
492	4543	33	111	88	1	4543770001
493	4543	34	112	88	1	4543035000
494	4544	0	108	83	0	4544579000
495	4544	1	109	83	0	4544678001
496	4544	12	108	85	1	4544613001
497	4545	2	110	83	0	4545636001
498	4545	8	110	84	0	4545807000
499	4545	20	110	86	1	4545299000
500	4545	26	110	87	1	4545362001
501	4545	34	112	88	1	4545887001
502	4546	13	109	85	1	4546515000
503	4546	14	110	85	1	4546969001
504	4546	19	109	86	1	4546619000
505	4546	21	111	86	1	4546936000
506	4546	27	111	87	1	4546858000
507	4546	28	112	87	1	4546507001
508	4547	4	112	83	0	4547523001
509	4547	6	108	84	1	4547103000
510	4547	12	108	85	1	4547311001
511	4547	18	108	86	1	4547300000
512	4547	20	110	86	1	4547977000
513	4548	3	111	83	0	4548146000
514	4548	22	112	86	1	4548721001
515	4549	5	113	83	0	4549630001
516	4549	6	108	84	1	4549999000
517	4549	7	109	84	1	4549880001
518	4549	13	109	85	1	4549206001
519	4549	21	111	86	1	4549771000
520	4549	28	112	87	1	4549049000
521	4550	0	108	83	1	4550530001
522	4550	8	110	84	1	4550127000
523	4550	14	110	85	1	4550395001
524	4550	15	111	85	1	4550687000
525	4551	16	112	85	1	4551352001
526	4551	34	112	88	0	4551671000
527	4552	0	108	83	1	4552979001
528	4552	1	109	83	1	4552454001
529	4552	7	109	84	1	4552486001
530	4552	9	111	84	1	4552726000
531	4552	22	112	86	1	4552185001
532	4553	2	110	83	1	4553801000
533	4553	8	110	84	1	4553221001
534	4553	15	111	85	1	4553065000
535	4553	23	113	86	1	4553999001
536	4553	28	112	87	0	4553949000
537	4554	10	112	84	1	4554384000
538	4554	14	110	85	1	4554671000
539	4554	16	112	85	1	4554441001
540	4554	34	112	88	0	4554689000
541	4555	1	109	83	1	4555086000
542	4555	8	110	84	1	4555966001
543	4555	9	111	84	1	4555826000
544	4556	2	110	83	1	4556425001
545	4556	3	111	83	1	4556332001
546	4556	22	112	86	0	4556975001
547	4556	28	112	87	0	4556462000
548	4557	10	112	84	1	4557401000
549	4558	4	112	83	1	4558062000
550	4558	23	113	86	0	4558746000
551	4558	33	111	88	0	4558848001
552	4558	34	112	88	0	4558433001
553	4559	0	108	83	1	4559718000
554	4559	3	111	83	1	4559330000
555	4560	4	112	83	1	4560906000
556	4560	22	112	86	0	4560047001
557	4560	28	112	87	0	4560726000
558	4561	5	113	83	1	4561222001
559	4561	16	112	85	0	4561171001
560	4561	27	111	87	0	4561763000
561	4561	33	111	88	0	4561586001
562	4562	2	110	83	1	4562220000
563	4563	10	112	84	0	4563207001
564	4563	22	112	86	0	4563706000
565	4564	16	112	85	0	4564601000
566	4564	21	111	86	0	4564616001
567	4564	27	111	87	0	4564777000
568	4565	33	111	88	0	4565485000
569	4566	4	112	83	0	4566887001
570	4566	10	112	84	0	4566328000
571	4566	35	113	88	1	4566655001
572	4567	21	111	86	0	4567879001
573	4567	32	110	88	0	4567958001
574	4568	5	113	83	0	4568851000
575	4568	15	111	85	0	4568431001
576	4568	16	112	85	0	4568363001
577	4568	22	112	86	0	4568979000
578	4568	27	111	87	0	4568207001
579	4568	28	112	87	0	4568991001
580	4569	10	112	84	0	4569550000
581	4569	29	113	87	1	4569574000
582	4569	34	112	88	1	4569659001
583	4570	4	112	83	0	4570181001
584	4570	35	113	88	1	4570252000
585	4571	5	113	83	0	4571683000
586	4571	21	111	86	0	4571779000
587	4571	26	110	87	0	4571599000
588	4572	9	111	84	0	4572488000
589	4572	15	111	85	0	4572008000
590	4572	32	110	88	0	4572109001
591	4572	33	111	88	1	4572763001
592	4572	34	112	88	1	4572549000
593	4573	23	113	86	1	4573105001
594	4573	28	112	87	1	4573580000
595	4573	29	113	87	1	4573244000
596	4574	10	112	84	0	4574237000
597	4575	3	111	83	0	4575848001
598	4575	9	111	84	0	4575790001
599	4575	14	110	85	0	4575704001
600	4575	17	113	85	1	4575992000
601	4575	20	110	86	0	4575510001
602	4575	22	112	86	1	4575587000
603	4575	26	110	87	0	4575596001
604	4575	33	111	88	1	4575558001
605	4575	34	112	88	1	4575525000
606	4576	4	112	83	0	4576457001
607	4576	23	113	86	1	4576808000
608	4576	27	111	87	1	4576981000
609	4576	28	112	87	1	4576177001
610	4577	32	110	88	1	4577783000
611	4578	35	113	88	1	4578838001
612	4579	3	111	83	0	4579208001
613	4579	16	112	85	1	4579897000
614	4579	22	112	86	1	4579587000
615	4579	27	111	87	1	4579383000
616	4579	29	113	87	1	4579188001
617	4580	9	111	84	0	4580377000
618	4580	11	113	84	1	4580795001
619	4580	14	110	85	0	4580944000
620	4580	17	113	85	1	4580228001
621	4580	21	111	86	1	4580533000
622	4580	28	112	87	1	4580649001
623	4581	8	110	84	0	4581787001
624	4581	26	110	87	1	4581375001
625	4582	5	113	83	1	4582854001
626	4582	23	113	86	1	4582293000
627	4582	33	111	88	1	4582417000
628	4583	10	112	84	1	4583520000
629	4583	16	112	85	1	4583064000
630	4583	21	111	86	1	4583465001
631	4584	3	111	83	0	4584679001
632	4584	11	113	84	1	4584384000
633	4584	17	113	85	1	4584529000
634	4584	22	112	86	1	4584498000
635	4585	2	110	83	0	4585268000
636	4585	15	111	85	1	4585011001
637	4586	20	110	86	1	4586034001
638	4587	5	113	83	1	4587438000
639	4587	8	110	84	0	4587142000
640	4587	10	112	84	1	4587279000
641	4587	15	111	85	1	4587251001
642	4587	16	112	85	1	4587046001
643	4588	4	112	83	1	4588124001
644	4588	9	111	84	1	4588142001
645	4589	14	110	85	1	4589949001
646	4590	5	113	83	1	4590700001
647	4591	3	111	83	1	4591479000
648	4591	4	112	83	1	4591077001
649	4591	9	111	84	1	4591155001
650	4592	2	110	83	0	4592017001
651	4592	10	112	84	1	4592547000
652	4593	8	110	84	1	4593549000
653	4594	3	111	83	1	4594567001
654	4594	11	113	84	1	4594663001
655	4598	2	110	83	1	4598973001
656	4607	4	112	83	1	4607161001
657	4621	22	112	86	0	4621880001
658	4629	10	112	84	0	4629329001
659	4633	4	112	83	0	4633958000
660	4958	30	108	88	0	4958520000
661	4961	30	108	88	0	4961274000
662	4962	24	108	87	0	4962381001
663	4963	30	108	88	0	4963623001
664	4963	31	109	88	0	4963486000
665	4965	24	108	87	0	4965340001
666	4966	18	108	86	0	4966930001
667	4966	31	109	88	0	4966232001
668	4967	24	108	87	0	4967946001
669	4967	30	108	88	0	4967814001
670	4969	18	108	86	0	4969238001
671	4969	25	109	87	0	4969536001
672	4969	31	109	88	0	4969449001
673	4969	32	110	88	0	4969715001
674	4971	18	108	86	0	4971768001
675	4971	30	108	88	0	4971161000
676	4972	12	108	85	0	4972300001
677	4972	19	109	86	0	4972192000
678	4972	24	108	87	0	4972070000
679	4972	25	109	87	0	4972746001
680	4972	32	110	88	0	4972874001
681	4973	26	110	87	0	4973596001
682	4974	31	109	88	0	4974099000
683	4974	33	111	88	0	4974138000
684	4975	12	108	85	0	4975207001
685	4975	19	109	86	0	4975065001
686	4976	6	108	84	0	4976630000
687	4976	18	108	86	0	4976369001
688	4976	26	110	87	0	4976501000
689	4976	32	110	88	0	4976404000
690	4977	13	109	85	0	4977915000
691	4977	19	109	86	0	4977652000
692	4977	20	110	86	0	4977758001
693	4977	24	108	87	0	4977438000
694	4977	25	109	87	0	4977224000
695	4977	33	111	88	0	4977290000
696	4979	6	108	84	0	4979655001
697	4979	12	108	85	0	4979299001
698	4979	27	111	87	0	4979722000
699	4979	33	111	88	0	4979510001
700	4979	34	112	88	0	4979600001
701	4980	0	108	83	0	4980997001
702	4980	18	108	86	0	4980111001
703	4980	20	110	86	0	4980669000
704	4980	26	110	87	0	4980562000
705	4981	7	109	84	0	4981750001
706	4981	13	109	85	0	4981328001
707	4981	19	109	86	0	4981617000
708	4981	32	110	88	0	4981863001
709	4982	12	108	85	0	4982798000
710	4982	14	110	85	0	4982110000
711	4982	25	109	87	0	4982675001
712	4982	27	111	87	0	4982980001
713	4982	31	109	88	0	4982024000
714	4982	33	111	88	0	4982623000
715	4982	34	112	88	1	4982617001
716	4983	21	111	86	0	4983858001
717	4983	28	112	87	0	4983145001
718	4984	0	108	83	0	4984230000
719	4984	6	108	84	0	4984536001
720	4984	20	110	86	0	4984224001
721	4985	7	109	84	0	4985026001
722	4985	13	109	85	0	4985613001
723	4985	14	110	85	0	4985437001
724	4985	26	110	87	0	4985304000
725	4985	27	111	87	0	4985628001
726	4985	34	112	88	0	4985068001
727	4985	35	113	88	0	4985113001
728	4986	1	109	83	0	4986931001
729	4986	19	109	86	0	4986352000
730	4986	28	112	87	0	4986954001
731	4987	8	110	84	0	4987688001
732	4987	14	110	85	0	4987927000
733	4987	20	110	86	0	4987868000
734	4987	21	111	86	0	4987110001
735	4987	33	111	88	0	4987411001
736	4988	0	108	83	0	4988244001
737	4988	7	109	84	0	4988026001
738	4988	22	112	86	0	4988945001
739	4988	34	112	88	0	4988510001
740	4988	35	113	88	0	4988657000
741	4989	1	109	83	0	4989697000
742	4989	15	111	85	0	4989667001
743	4989	27	111	87	0	4989327000
744	4989	28	112	87	0	4989860000
745	4990	6	108	84	0	4990393001
746	4990	8	110	84	0	4990630000
747	4990	21	111	86	0	4990297001
748	4990	29	113	87	0	4990197001
749	4991	2	110	83	0	4991238000
750	4991	22	112	86	0	4991921001
751	4992	0	108	83	0	4992774001
752	4992	7	109	84	0	4992686000
753	4992	13	109	85	0	4992891000
754	4992	14	110	85	0	4992489000
755	4992	15	111	85	0	4992785001
756	4992	20	110	86	0	4992836001
757	4992	28	112	87	0	4992802001
758	4992	34	112	88	0	4992061000
759	4992	35	113	88	0	4992261000
760	4993	1	109	83	0	4993506000
761	4993	8	110	84	0	4993743001
762	4993	9	111	84	0	4993075001
763	4993	27	111	87	0	4993454000
764	4993	29	113	87	0	4993497001
765	4994	2	110	83	0	4994516001
766	4994	16	112	85	0	4994422000
767	4994	21	111	86	0	4994662001
768	4994	22	112	86	0	4994480000
769	4995	23	113	86	0	4995525001
770	4995	34	112	88	0	4995956000
771	4996	9	111	84	0	4996073000
772	4996	15	111	85	0	4996518001
773	4996	28	112	87	0	4996136000
774	4996	29	113	87	0	4996748000
775	4996	35	113	88	0	4996016001
776	4997	1	109	83	0	4997086000
777	4997	2	110	83	0	4997214000
778	4997	8	110	84	0	4997383000
779	4997	16	112	85	0	4997392001
780	4997	22	112	86	0	4997598000
781	4998	9	111	84	0	4998661001
782	4998	10	112	84	0	4998771001
783	4998	23	113	86	0	4998579000
784	4998	28	112	87	0	4998603000
785	4999	3	111	83	0	4999234001
786	4999	35	113	88	0	4999488000
787	5000	15	111	85	0	5000087001
788	5000	16	112	85	0	5000612000
789	5000	29	113	87	0	5000278001
790	5001	2	110	83	0	5001360001
791	5001	17	113	85	0	5001712001
792	5001	23	113	86	0	5001161000
793	5002	3	111	83	0	5002308000
794	5002	9	111	84	0	5002502000
795	5002	10	112	84	0	5002027001
796	5002	22	112	86	0	5002060000
797	5003	1	109	83	0	5003426001
798	5003	4	112	83	0	5003675001
799	5003	16	112	85	0	5003854001
800	5004	10	112	84	0	5004922001
801	5004	23	113	86	0	5004204001
802	5004	29	113	87	0	5004354000
803	5005	2	110	83	0	5005635001
804	5005	17	113	85	0	5005065001
805	5006	3	111	83	0	5006820001
806	5006	11	113	84	0	5006559000
807	5007	4	112	83	0	5007592000
808	5007	10	112	84	0	5007697000
809	5007	23	113	86	0	5007792001
810	5008	9	111	84	0	5008201000
811	5008	17	113	85	0	5008696001
812	5009	11	113	84	0	5009857000
813	5010	4	112	83	0	5010775000
814	5010	10	112	84	0	5010741000
815	5011	3	111	83	0	5011035000
816	5011	5	113	83	0	5011519000
817	5012	16	112	85	0	5012307000
818	5013	11	113	84	0	5013847001
819	5013	17	113	85	0	5013567001
820	5013	33	111	88	1	5013985001
821	5013	34	112	88	1	5013264000
822	5013	35	113	88	1	5013673001
823	5014	4	112	83	0	5014373000
824	5015	5	113	83	0	5015215001
825	5015	32	110	88	1	5015869001
826	5016	31	109	88	1	5016305000
827	5017	4	112	83	0	5017808000
828	5017	29	113	87	1	5017327001
829	5017	30	108	88	1	5017158001
830	5018	5	113	83	0	5018574001
831	5018	10	112	84	0	5018836000
832	5018	11	113	84	0	5018021001
833	5018	33	111	88	1	5018400000
834	5018	34	112	88	1	5018237000
835	5018	35	113	88	1	5018417000
836	5019	27	111	87	1	5019573001
837	5019	28	112	87	1	5019665000
838	5020	26	110	87	1	5020885000
839	5020	34	112	88	1	5020714001
840	5021	31	109	88	1	5021438000
841	5021	32	110	88	1	5021040000
842	5021	33	111	88	1	5021821000
843	5022	25	109	87	1	5022838000
844	5022	29	113	87	1	5022087000
845	5022	30	108	88	1	5022794001
846	5022	35	113	88	1	5022188000
847	5023	5	113	83	0	5023022001
848	5023	24	108	87	1	5023689001
849	5024	23	113	86	1	5024624000
850	5024	27	111	87	1	5024459000
851	5024	28	112	87	1	5024926001
852	5024	31	109	88	1	5024398001
853	5024	32	110	88	1	5024637001
854	5025	22	112	86	1	5025885000
855	5025	26	110	87	1	5025811001
856	5025	29	113	87	1	5025449001
857	5026	21	111	86	1	5026885000
858	5026	30	108	88	1	5026401000
859	5027	19	109	86	1	5027918000
860	5027	20	110	86	1	5027900000
861	5027	25	109	87	1	5027608001
862	5027	27	111	87	1	5027537000
863	5027	28	112	87	1	5027932000
864	5028	18	108	86	1	5028570001
865	5028	24	108	87	1	5028100001
866	5028	26	110	87	1	5028976000
867	5028	34	112	88	1	5028718001
868	5029	23	113	86	1	5029696001
869	5030	16	112	85	1	5030783000
870	5030	22	112	86	1	5030504001
871	5030	25	109	87	1	5030958001
872	5031	17	113	85	1	5031131001
873	5031	21	111	86	1	5031951000
874	5031	24	108	87	1	5031302000
875	5032	14	110	85	1	5032856000
876	5032	15	111	85	1	5032551001
877	5032	18	108	86	1	5032920001
878	5032	20	110	86	1	5032542000
879	5033	13	109	85	1	5033204001
880	5033	19	109	86	1	5033435001
881	5033	22	112	86	1	5033538000
882	5033	23	113	86	1	5033562000
883	5034	29	113	87	1	5034001000
884	5035	12	108	85	1	5035114000
885	5035	16	112	85	1	5035866000
886	5035	17	113	85	1	5035425000
887	5035	20	110	86	1	5035910001
888	5035	21	111	86	1	5035712000
889	5036	10	112	84	1	5036941000
890	5036	18	108	86	1	5036634000
891	5036	19	109	86	1	5036496000
892	5037	11	113	84	1	5037064001
893	5037	14	110	85	1	5037465001
894	5037	15	111	85	1	5037765000
895	5038	9	111	84	1	5038497000
896	5038	13	109	85	1	5038086000
897	5039	8	110	84	1	5039825001
898	5039	16	112	85	1	5039038001
899	5039	17	113	85	1	5039122000
900	5040	6	108	84	1	5040177000
901	5040	7	109	84	1	5040354001
902	5040	12	108	85	1	5040484000
903	5040	15	111	85	1	5040365001
904	5041	11	113	84	1	5041942000
905	5041	13	109	85	1	5041549000
906	5041	14	110	85	1	5041100000
907	5042	5	113	83	1	5042952000
908	5042	10	112	84	1	5042697001
909	5043	4	112	83	1	5043673001
910	5043	9	111	84	1	5043209001
911	5043	12	108	85	1	5043679001
912	5043	18	108	86	1	5043757000
913	5045	6	108	84	1	5045480001
914	5045	8	110	84	1	5045553001
915	5045	11	113	84	1	5045041001
916	5046	1	109	83	1	5046443000
917	5046	2	110	83	1	5046049000
918	5046	3	111	83	1	5046295001
919	5046	7	109	84	1	5046564000
920	5046	9	111	84	1	5046934000
921	5046	10	112	84	1	5046467000
922	5047	0	108	83	1	5047556000
923	5048	5	113	83	1	5048117001
924	5048	8	110	84	1	5048708001
925	5049	4	112	83	1	5049228000
926	5049	6	108	84	1	5049886001
927	5049	7	109	84	1	5049836000
928	5050	14	110	85	1	5050309000
929	5051	2	110	83	1	5051161001
930	5051	3	111	83	1	5051250000
931	5051	5	113	83	1	5051983000
932	5053	1	109	83	1	5053419001
933	5053	4	112	83	1	5053163001
934	5054	0	108	83	1	5054240000
935	5054	3	111	83	1	5054935001
936	5054	6	108	84	1	5054991001
937	5055	2	110	83	1	5055621000
938	5057	1	109	83	1	5057541001
939	5057	13	109	85	1	5057090000
940	5058	0	108	83	1	5058546000
941	5058	5	113	83	1	5058059000
942	5061	2	110	83	1	5061146001
943	5062	0	108	83	1	5062937001
944	5063	3	111	83	1	5063270000
945	5063	4	112	83	1	5063026001
946	5064	9	111	84	1	5064835000
947	5121	29	113	87	0	5121603000
948	5123	30	108	88	0	5123866000
949	5144	18	108	86	0	5144202000
950	5149	14	110	85	0	5149430000
951	5157	9	111	84	0	5157681000
952	5428	2	110	83	0	5428620000
953	5430	3	111	83	0	5430653000
954	5430	4	112	83	0	5430923000
955	5431	5	113	83	0	5431796001
956	5433	6	108	84	0	5433600001
957	5435	9	111	84	0	5435818001
958	5435	10	112	84	0	5435317001
959	5442	16	112	85	0	5442457001
960	5443	19	109	86	0	5443904000
961	5445	20	110	86	0	5445229001
962	5446	22	112	86	0	5446589000
963	5448	23	113	86	0	5448281001
964	5448	24	108	87	0	5448516001
965	5450	26	110	87	0	5450413001
966	5451	28	112	87	0	5451050000
967	5453	30	108	88	0	5453372001
968	5453	31	109	88	0	5453660000
969	5456	34	112	88	0	5456214000
970	5458	35	113	88	0	5458020001
971	5476	0	108	83	0	5476399001
972	5477	1	109	83	0	5477310000
973	5478	2	110	83	0	5478119000
974	5478	3	111	83	0	5478709001
975	5479	0	108	83	0	5479953001
976	5479	4	112	83	0	5479522000
977	5480	1	109	83	0	5480403000
978	5480	2	110	83	0	5480842000
979	5480	5	113	83	0	5480251000
980	5480	6	108	84	0	5480373000
981	5480	7	109	84	0	5480931001
982	5481	3	111	83	0	5481199000
983	5481	8	110	84	0	5481402000
984	5482	4	112	83	0	5482909000
985	5482	9	111	84	0	5482182001
986	5482	10	112	84	0	5482878000
987	5483	0	108	83	0	5483554001
988	5483	1	109	83	0	5483756000
989	5483	2	110	83	0	5483875001
990	5483	5	113	83	0	5483481001
991	5483	6	108	84	0	5483764001
992	5483	11	113	84	0	5483107001
993	5484	3	111	83	0	5484667001
994	5484	7	109	84	0	5484594001
995	5484	8	110	84	0	5484326000
996	5484	9	111	84	0	5484805001
997	5484	12	108	85	0	5484058001
998	5484	13	109	85	0	5484753001
999	5485	11	113	84	0	5485888000
1000	5485	14	110	85	0	5485390000
1001	5486	10	112	84	0	5486412001
1002	5486	12	108	85	0	5486713001
1003	5486	15	111	85	0	5486220000
1004	5487	4	112	83	0	5487355001
1005	5487	5	113	83	0	5487059001
1006	5487	6	108	84	0	5487877001
1007	5487	13	109	85	0	5487599000
1008	5487	14	110	85	0	5487921000
1009	5487	16	112	85	0	5487024001
1010	5487	17	113	85	0	5487262001
1011	5487	18	108	86	0	5487513000
1012	5488	8	110	84	0	5488016001
1013	5488	9	111	84	0	5488192001
1014	5488	11	113	84	0	5488620001
1015	5488	19	109	86	0	5488681000
1016	5489	3	111	83	0	5489651001
1017	5489	7	109	84	0	5489310000
1018	5489	10	112	84	0	5489266001
1019	5489	12	108	85	0	5489309000
1020	5489	15	111	85	0	5489298001
1021	5489	16	112	85	0	5489783000
1022	5489	17	113	85	0	5489756000
1023	5489	18	108	86	0	5489620000
1024	5489	20	110	86	0	5489236001
1025	5489	21	111	86	0	5489423000
1026	5490	14	110	85	0	5490879000
1027	5490	22	112	86	0	5490661000
1028	5490	23	113	86	0	5490976000
1029	5491	13	109	85	0	5491230001
1030	5491	19	109	86	0	5491430001
1031	5492	15	111	85	0	5492574001
1032	5492	20	110	86	0	5492759000
1033	5492	21	111	86	0	5492132001
1034	5492	24	108	87	0	5492026000
1035	5492	25	109	87	0	5492537000
1036	5493	12	108	85	0	5493683001
1037	5493	16	112	85	0	5493262001
1038	5493	17	113	85	0	5493595000
1039	5493	18	108	86	0	5493005000
1040	5493	22	112	86	0	5493262001
1041	5493	23	113	86	0	5493262001
1042	5493	26	110	87	0	5493544000
1043	5493	27	111	87	0	5493765000
1044	5494	9	111	84	0	5494195001
1045	5494	19	109	86	0	5494000000
1046	5494	28	112	87	0	5494726000
1047	5494	29	113	87	0	5494688000
1048	5495	22	112	86	0	5495906001
1049	5495	24	108	87	0	5495488001
1050	5495	30	108	88	0	5495848000
1051	5496	20	110	86	0	5496181000
1052	5496	21	111	86	0	5496023001
1053	5496	23	113	86	0	5496009001
1054	5496	25	109	87	0	5496237001
1055	5496	26	110	87	0	5496649001
1056	5496	27	111	87	0	5496881001
1057	5496	31	109	88	0	5496214001
1058	5496	32	110	88	0	5496794001
1059	5497	18	108	86	0	5497803001
1060	5497	19	109	86	0	5497555001
1061	5497	28	112	87	0	5497291001
1062	5497	29	113	87	0	5497492001
1063	5497	33	111	88	0	5497148000
1064	5498	22	112	86	0	5498553001
1065	5498	23	113	86	0	5498763000
1066	5498	24	108	87	0	5498790000
1067	5498	30	108	88	0	5498264000
1068	5498	31	109	88	0	5498663001
1069	5498	34	112	88	0	5498057000
1070	5499	33	111	88	0	5499355001
1071	5499	35	113	88	0	5499081000
1072	5500	14	110	85	0	5500610001
1073	5500	25	109	87	0	5500109001
1074	5500	27	111	87	0	5500191001
1075	5500	28	112	87	0	5500418000
1076	5500	29	113	87	0	5500903001
1077	5500	32	110	88	0	5500161001
1078	5500	34	112	88	0	5500561001
1079	5501	26	110	87	0	5501065001
1080	5501	30	108	88	0	5501967001
1081	5501	31	109	88	0	5501315001
1082	5501	35	113	88	0	5501684001
1083	5502	33	111	88	0	5502372001
1084	5504	29	113	87	0	5504347000
1085	5504	31	109	88	0	5504714000
1086	5504	32	110	88	0	5504140000
1087	5504	34	112	88	0	5504097001
1088	5504	35	113	88	0	5504743001
1089	5505	30	108	88	0	5505512000
1090	5505	33	111	88	0	5505993000
1091	5506	34	112	88	0	5506787000
1092	5511	35	113	88	0	5511980001
1093	5512	19	109	86	0	5512593000
1094	5512	28	112	87	0	5512028001
1095	5523	5	113	83	1	5523274001
1096	5526	4	112	83	1	5526989001
1097	5526	5	113	83	1	5526711000
1098	5527	11	113	84	1	5527582000
1099	5530	4	112	83	1	5530795001
1100	5530	5	113	83	1	5530216000
1101	5530	17	113	85	1	5530836001
1102	5531	10	112	84	1	5531507001
1103	5531	11	113	84	1	5531006001
1104	5532	3	111	83	1	5532277001
1105	5533	4	112	83	1	5533663001
1106	5534	17	113	85	1	5534962000
1107	5534	23	113	86	1	5534348001
1108	5535	10	112	84	1	5535163001
1109	5535	16	112	85	1	5535886001
1110	5536	3	111	83	1	5536211001
1111	5536	9	111	84	1	5536845000
1112	5536	11	113	84	1	5536620000
1113	5538	2	110	83	1	5538238000
1114	5538	10	112	84	1	5538262000
1115	5538	22	112	86	1	5538440001
1116	5538	23	113	86	1	5538383000
1117	5538	29	113	87	1	5538504000
1118	5539	3	111	83	1	5539552001
1119	5539	16	112	85	1	5539568000
1120	5540	9	111	84	1	5540315000
1121	5540	15	111	85	1	5540388000
1122	5540	17	113	85	1	5540863001
1123	5541	8	110	84	1	5541684000
1124	5541	23	113	86	1	5541943000
1125	5542	1	109	83	1	5542343000
1126	5542	2	110	83	1	5542219000
1127	5542	16	112	85	1	5542652001
1128	5542	22	112	86	1	5542995001
1129	5542	28	112	87	1	5542995001
1130	5542	29	113	87	1	5542445001
1131	5542	35	113	88	1	5542375000
1132	5543	9	111	84	1	5543975000
1133	5543	15	111	85	1	5543580000
1134	5544	21	111	86	1	5544048000
1135	5545	7	109	84	1	5545773001
1136	5545	8	110	84	1	5545322000
1137	5545	14	110	85	1	5545076001
1138	5545	15	111	85	1	5545824000
1139	5545	29	113	87	1	5545967001
1140	5545	35	113	88	1	5545835000
1141	5546	1	109	83	1	5546563000
1142	5546	2	110	83	1	5546142000
1143	5546	4	112	83	1	5546133001
1144	5546	22	112	86	1	5546118000
1145	5546	28	112	87	1	5546340001
1146	5547	0	108	83	1	5547851001
1147	5547	34	112	88	1	5547398001
1148	5548	8	110	84	1	5548088000
1149	5548	14	110	85	1	5548583001
1150	5548	20	110	86	1	5548866000
1151	5548	21	111	86	1	5548191000
1152	5548	27	111	87	1	5548067000
1153	5548	28	112	87	1	5548892000
1154	5548	35	113	88	1	5548794001
1155	5549	1	109	83	1	5549953001
1156	5549	7	109	84	1	5549618000
1157	5549	13	109	85	1	5549885000
1158	5551	0	108	83	1	5551593001
1159	5551	6	108	84	1	5551222000
1160	5551	14	110	85	1	5551365001
1161	5551	27	111	87	1	5551824000
1162	5551	33	111	88	1	5551677001
1163	5551	34	112	88	1	5551114001
1164	5552	7	109	84	1	5552855001
1165	5552	20	110	86	1	5552638001
1166	5552	26	110	87	1	5552034000
1167	5553	13	109	85	1	5553594001
1168	5553	19	109	86	1	5553549000
1169	5553	21	111	86	1	5553716001
1170	5553	34	112	88	1	5553780000
1171	5554	0	108	83	1	5554978001
1172	5554	12	108	85	1	5554755000
1173	5555	6	108	84	1	5555105001
1174	5555	20	110	86	1	5555521000
1175	5555	27	111	87	1	5555448001
1176	5555	32	110	88	1	5555933000
1177	5555	33	111	88	1	5555159000
1178	5556	13	109	85	1	5556717000
1179	5556	25	109	87	1	5556717000
1180	5556	26	110	87	1	5556053001
1181	5557	18	108	86	1	5557634000
1182	5557	19	109	86	1	5557872000
1183	5557	28	112	87	1	5557694001
1184	5558	12	108	85	1	5558288001
1185	5558	33	111	88	1	5558195001
1186	5559	6	108	84	1	5559325001
1187	5559	26	110	87	1	5559120000
1188	5559	32	110	88	1	5559970000
1189	5560	18	108	86	1	5560887001
1190	5560	25	109	87	1	5560855000
1191	5560	31	109	88	1	5560121000
1192	5561	12	108	85	1	5561609001
1193	5561	24	108	87	1	5561543001
1194	5563	18	108	86	1	5563399001
1195	5563	31	109	88	1	5563854000
1196	5563	32	110	88	1	5563175001
1197	5564	25	109	87	1	5564390000
1198	5564	30	108	88	1	5564851001
1199	5565	19	109	86	1	5565237000
1200	5565	24	108	87	1	5565656001
1201	5567	31	109	88	1	5567325001
1202	5568	30	108	88	1	5568011001
1203	5569	18	108	86	1	5569071001
1204	5569	24	108	87	1	5569257001
1205	5570	30	108	88	1	5570724001
1206	5576	15	111	85	1	5576773000
1207	5578	14	110	85	1	5578084001
1208	5822	28	112	87	0	5822849001
1209	6343	10	112	84	0	6343376000
1210	6558	30	108	88	0	6558942001
1211	6562	30	108	88	0	6562358000
1212	6563	24	108	87	0	6563451001
1213	6564	31	109	88	0	6564308001
1214	6565	30	108	88	0	6565050000
1215	6567	24	108	87	0	6567260001
1216	6567	31	109	88	0	6567995000
1217	6568	18	108	86	0	6568712001
1218	6568	30	108	88	0	6568573001
1219	6570	24	108	87	0	6570035001
1220	6570	25	109	87	0	6570900001
1221	6570	31	109	88	0	6570508000
1222	6571	32	110	88	0	6571243000
1223	6572	18	108	86	0	6572298000
1224	6572	30	108	88	0	6572452001
1225	6573	19	109	86	0	6573668001
1226	6573	24	108	87	0	6573261000
1227	6573	31	109	88	0	6573299000
1228	6574	12	108	85	0	6574013001
1229	6574	25	109	87	0	6574546001
1230	6574	32	110	88	0	6574752000
1231	6575	18	108	86	0	6575607001
1232	6576	26	110	87	0	6576063001
1233	6576	31	109	88	0	6576692001
1234	6576	33	111	88	0	6576926000
1235	6577	12	108	85	0	6577668000
1236	6577	19	109	86	0	6577283001
1237	6578	6	108	84	0	6578832001
1238	6578	24	108	87	0	6578403001
1239	6578	32	110	88	0	6578467000
1240	6579	19	109	86	0	6579896001
1241	6579	20	110	86	0	6579584001
1242	6579	25	109	87	0	6579051000
1243	6579	26	110	87	0	6579217000
1244	6579	33	111	88	0	6579771001
1245	6580	13	109	85	0	6580445001
1246	6580	18	108	86	0	6580819001
1247	6581	6	108	84	0	6581879001
1248	6581	12	108	85	0	6581392001
1249	6581	27	111	87	0	6581742001
1250	6581	34	112	88	0	6581514001
1251	6583	0	108	83	0	6583111000
1252	6583	13	109	85	0	6583712001
1253	6583	20	110	86	0	6583072001
1254	6583	26	110	87	0	6583407001
1255	6583	32	110	88	0	6583211000
1256	6583	33	111	88	0	6583391000
1257	6584	14	110	85	0	6584484000
1258	6584	19	109	86	0	6584564001
1259	6584	34	112	88	0	6584861000
1260	6585	6	108	84	0	6585180001
1261	6585	7	109	84	0	6585018001
1262	6585	20	110	86	0	6585825000
1263	6585	25	109	87	0	6585734000
1264	6585	27	111	87	0	6585041001
1265	6585	28	112	87	0	6585525001
1266	6585	31	109	88	0	6585727001
1267	6586	0	108	83	0	6586656001
1268	6586	12	108	85	0	6586822001
1269	6586	21	111	86	0	6586518001
1270	6586	33	111	88	0	6586107001
1271	6587	14	110	85	0	6587718000
1272	6587	34	112	88	0	6587401000
1273	6587	35	113	88	0	6587850000
1274	6588	1	109	83	0	6588939000
1275	6588	7	109	84	0	6588721000
1276	6588	13	109	85	0	6588692001
1277	6588	19	109	86	0	6588671001
1278	6588	26	110	87	0	6588656000
1279	6588	27	111	87	0	6588566000
1280	6589	6	108	84	0	6589955000
1281	6589	8	110	84	0	6589225000
1282	6589	20	110	86	0	6589736001
1283	6589	21	111	86	0	6589793000
1284	6589	28	112	87	0	6589266001
1285	6590	0	108	83	0	6590035001
1286	6590	14	110	85	0	6590280000
1287	6590	22	112	86	0	6590012001
1288	6591	15	111	85	0	6591907000
1289	6591	28	112	87	0	6591707000
1290	6591	29	113	87	0	6591250000
1291	6591	33	111	88	0	6591464001
1292	6591	34	112	88	0	6591228001
1293	6591	35	113	88	0	6591173001
1294	6592	1	109	83	0	6592190000
1295	6592	8	110	84	0	6592649001
1296	6592	27	111	87	0	6592704001
1297	6593	2	110	83	0	6593373000
1298	6593	7	109	84	0	6593855001
1299	6593	35	113	88	0	6593950000
1300	6594	14	110	85	0	6594792001
1301	6594	15	111	85	0	6594581001
1302	6594	21	111	86	0	6594834000
1303	6594	22	112	86	0	6594638000
1304	6594	29	113	87	0	6594969000
1305	6595	1	109	83	0	6595084000
1306	6595	9	111	84	0	6595002001
1307	6595	16	112	85	0	6595427001
1308	6595	20	110	86	0	6595991001
1309	6595	34	112	88	0	6595021000
1310	6596	8	110	84	0	6596425000
1311	6596	13	109	85	0	6596478001
1312	6597	2	110	83	0	6597156001
1313	6597	22	112	86	0	6597899001
1314	6597	23	113	86	0	6597136000
1315	6597	28	112	87	0	6597618001
1316	6597	29	113	87	0	6597593000
1317	6597	35	113	88	0	6597734000
1318	6598	0	108	83	0	6598685000
1319	6598	1	109	83	0	6598662001
1320	6598	9	111	84	0	6598363000
1321	6598	10	112	84	0	6598350000
1322	6598	15	111	85	0	6598262001
1323	6598	16	112	85	0	6598879000
1324	6599	14	110	85	0	6599588001
1325	6599	21	111	86	0	6599587000
1326	6600	2	110	83	0	6600143000
1327	6600	3	111	83	0	6600250000
1328	6600	23	113	86	0	6600375000
1329	6600	27	111	87	0	6600102000
1330	6600	29	113	87	0	6600129000
1331	6601	7	109	84	0	6601762001
1332	6601	8	110	84	0	6601092001
1333	6601	9	111	84	0	6601008000
1334	6601	22	112	86	0	6601475001
1335	6601	28	112	87	0	6601302001
1336	6602	10	112	84	0	6602927001
1337	6602	15	111	85	0	6602521000
1338	6602	16	112	85	0	6602149001
1339	6602	17	113	85	0	6602845001
1340	6603	2	110	83	0	6603329000
1341	6603	3	111	83	0	6603161000
1342	6603	23	113	86	0	6603114001
1343	6604	4	112	83	0	6604355001
1344	6604	9	111	84	0	6604746000
1345	6604	29	113	87	0	6604238000
1346	6605	3	111	83	0	6605876001
1347	6605	10	112	84	0	6605509001
1348	6605	17	113	85	0	6605748001
1349	6605	35	113	88	0	6605138000
1350	6606	11	113	84	0	6606531001
1351	6606	16	112	85	0	6606584001
1352	6606	22	112	86	0	6606668000
1353	6607	2	110	83	0	6607736000
1354	6607	23	113	86	0	6607120001
1355	6608	4	112	83	0	6608058000
1356	6608	9	111	84	0	6608504000
1357	6609	3	111	83	0	6609756001
1358	6609	10	112	84	0	6609203001
1359	6609	11	113	84	0	6609891001
1360	6609	17	113	85	0	6609082001
1361	6611	4	112	83	0	6611587000
1362	6611	5	113	83	0	6611198001
1363	6611	23	113	86	0	6611615001
1364	6612	11	113	84	0	6612841000
1365	6613	5	113	83	0	6613869001
1366	6613	17	113	85	0	6613451001
1367	6614	3	111	83	0	6614355000
1368	6614	10	112	84	0	6614218001
1369	6616	4	112	83	0	6616316001
1370	6616	5	113	83	0	6616858001
1371	6617	10	112	84	0	6617223000
1372	6617	11	113	84	0	6617095000
1373	6618	24	108	87	0	6618397001
1374	6619	1	109	83	0	6619328000
1375	6621	5	113	83	0	6621077000
1376	6626	24	108	87	0	6626568000
1377	6634	16	112	85	0	6634417000
1378	6640	21	111	86	0	6640635000
1379	6660	29	113	87	0	6660649000
1380	6668	33	111	88	1	6668620001
1381	6668	34	112	88	1	6668215000
1382	6668	35	113	88	1	6668031000
1383	6669	32	110	88	1	6669738000
1384	6670	30	108	88	1	6670946001
1385	6670	31	109	88	1	6670620000
1386	6671	29	113	87	1	6671296001
1387	6671	34	112	88	1	6671284000
1388	6671	35	113	88	1	6671856001
1389	6672	27	111	87	1	6672996001
1390	6672	28	112	87	1	6672275000
1391	6672	33	111	88	1	6672447001
1392	6673	26	110	87	1	6673809001
1393	6673	30	108	88	1	6673850001
1394	6673	32	110	88	1	6673140000
1395	6673	34	112	88	1	6673598001
1396	6674	25	109	87	1	6674487000
1397	6674	31	109	88	1	6674250001
1398	6674	33	111	88	1	6674813001
1399	6675	23	113	86	1	6675557001
1400	6675	24	108	87	1	6675789001
1401	6675	28	112	87	1	6675691001
1402	6675	29	113	87	1	6675161000
1403	6675	35	113	88	1	6675557001
1404	6676	21	111	86	1	6676297001
1405	6676	22	112	86	1	6676203001
1406	6676	27	111	87	1	6676188000
1407	6676	30	108	88	1	6676646001
1408	6676	32	110	88	1	6676157000
1409	6677	20	110	86	1	6677661001
1410	6677	26	110	87	1	6677297000
1411	6678	19	109	86	1	6678712001
1412	6678	25	109	87	1	6678128001
1413	6678	27	111	87	1	6678844001
1414	6678	28	112	87	1	6678023000
1415	6678	29	113	87	1	6678396000
1416	6679	16	112	85	1	6679866001
1417	6679	18	108	86	1	6679363000
1418	6679	23	113	86	1	6679722001
1419	6679	24	108	87	1	6679099001
1420	6680	17	113	85	1	6680309001
1421	6680	21	111	86	1	6680615000
1422	6680	22	112	86	1	6680147001
1423	6681	14	110	85	1	6681064000
1424	6681	15	111	85	1	6681180001
1425	6681	20	110	86	1	6681499000
1426	6681	25	109	87	1	6681418001
1427	6681	26	110	87	1	6681039001
1428	6681	31	109	88	1	6681733001
1429	6682	12	108	85	1	6682862000
1430	6682	13	109	85	1	6682329000
1431	6682	19	109	86	1	6682456001
1432	6683	15	111	85	1	6683876001
1433	6683	16	112	85	1	6683771000
1434	6683	17	113	85	1	6683725000
1435	6683	18	108	86	1	6683322001
1436	6683	21	111	86	1	6683531001
1437	6683	22	112	86	1	6683093000
1438	6684	10	112	84	1	6684883000
1439	6684	11	113	84	1	6684412001
1440	6684	14	110	85	1	6684800000
1441	6684	20	110	86	1	6684522001
1442	6684	23	113	86	1	6684491001
1443	6685	9	111	84	1	6685934000
1444	6686	8	110	84	1	6686134000
1445	6686	12	108	85	1	6686966001
1446	6686	13	109	85	1	6686582001
1447	6686	15	111	85	1	6686134000
1448	6686	16	112	85	1	6686342000
1449	6686	17	113	85	1	6686498000
1450	6686	18	108	86	1	6686448000
1451	6687	7	109	84	1	6687446001
1452	6687	11	113	84	1	6687668000
1453	6687	14	110	85	1	6687312000
1454	6687	19	109	86	1	6687497001
1455	6688	5	113	83	1	6688562001
1456	6688	6	108	84	1	6688135000
1457	6689	4	112	83	1	6689864000
1458	6689	10	112	84	1	6689075000
1459	6689	12	108	85	1	6689637001
1460	6690	2	110	83	1	6690767001
1461	6690	3	111	83	1	6690477001
1462	6690	8	110	84	1	6690421001
1463	6690	9	111	84	1	6690389000
1464	6690	11	113	84	1	6690365000
1465	6691	1	109	83	1	6691763001
1466	6691	6	108	84	1	6691947000
1467	6691	7	109	84	1	6691914001
1468	6691	13	109	85	1	6691023001
1469	6692	0	108	83	1	6692362000
1470	6692	8	110	84	1	6692770000
1471	6692	10	112	84	1	6692810001
1472	6693	5	113	83	1	6693015000
1473	6694	2	110	83	1	6694790001
1474	6694	3	111	83	1	6694602000
1475	6694	4	112	83	1	6694304000
1476	6694	24	108	87	1	6694251001
1477	6695	0	108	83	1	6695991000
1478	6695	5	113	83	1	6695864000
1479	6695	6	108	84	1	6695558001
1480	6695	9	111	84	1	6695558001
1481	6695	15	111	85	1	6695034000
1482	6696	1	109	83	1	6696117001
1483	6697	2	110	83	1	6697774000
1484	6697	3	111	83	1	6697774000
1485	6698	0	108	83	1	6698903001
1486	6698	4	112	83	1	6698530001
1487	6698	7	109	84	1	6698261000
1488	6699	1	109	83	1	6699001000
1489	6709	0	108	83	1	6709392001
1490	6836	10	112	84	0	6836292000
1491	6915	29	113	87	0	6915764000
1492	6924	35	113	88	0	6924538001
1493	6956	0	108	83	0	6956476001
1494	6957	1	109	83	0	6957144000
1495	6957	2	110	83	0	6957917001
1496	6959	0	108	83	0	6959332000
1497	6959	1	109	83	0	6959855001
1498	6959	3	111	83	0	6959122001
1499	6959	4	112	83	0	6959611000
1500	6960	2	110	83	0	6960115001
1501	6960	5	113	83	0	6960739000
1502	6961	3	111	83	0	6961702000
1503	6961	6	108	84	0	6961057000
1504	6962	4	112	83	0	6962141000
1505	6962	7	109	84	0	6962087001
1506	6962	8	110	84	0	6962846000
1507	6963	0	108	83	0	6963372000
1508	6963	1	109	83	0	6963755000
1509	6963	2	110	83	0	6963180001
1510	6963	5	113	83	1	6963363001
1511	6963	9	111	84	0	6963514000
1512	6964	6	108	84	0	6964525001
1513	6964	10	112	84	0	6964405000
1514	6965	7	109	84	0	6965701000
1515	6965	8	110	84	0	6965491000
1516	6965	9	111	84	0	6965888000
1517	6965	11	113	84	0	6965435000
1518	6966	2	110	83	0	6966757001
1519	6966	3	111	83	0	6966595001
1520	6966	4	112	83	0	6966127000
1521	6966	5	113	83	0	6966585001
1522	6966	10	112	84	0	6966521000
1523	6966	12	108	85	0	6966086001
1524	6966	13	109	85	0	6966753001
1525	6967	0	108	83	0	6967819000
1526	6967	11	113	84	0	6967911001
1527	6967	14	110	85	0	6967613000
1528	6968	6	108	84	0	6968388001
1529	6968	12	108	85	0	6968800001
1530	6968	15	111	85	0	6968416001
1531	6968	16	112	85	0	6968869001
1532	6969	7	109	84	0	6969993000
1533	6969	8	110	84	0	6969817000
1534	6969	9	111	84	0	6969863000
1535	6969	10	112	84	0	6969474001
1536	6969	13	109	85	0	6969616001
1537	6969	14	110	85	0	6969949000
1538	6969	17	113	85	0	6969581001
1539	6969	18	108	86	0	6969553001
1540	6970	1	109	83	0	6970801001
1541	6970	2	110	83	0	6970554000
1542	6970	4	112	83	0	6970491000
1543	6970	5	113	83	0	6970846001
1544	6970	19	109	86	0	6970417001
1545	6971	11	113	84	0	6971433001
1546	6971	15	111	85	0	6971547001
1547	6971	16	112	85	0	6971461001
1548	6971	20	110	86	0	6971398001
1549	6972	9	111	84	0	6972719001
1550	6972	12	108	85	0	6972710000
1551	6972	13	109	85	0	6972936001
1552	6972	14	110	85	0	6972905001
1553	6972	17	113	85	0	6972215001
1554	6972	18	108	86	1	6972179001
1555	6972	19	109	86	0	6972902001
1556	6972	21	111	86	0	6972134001
1557	6972	22	112	86	0	6972192000
1558	6973	10	112	84	0	6973650000
1559	6973	23	113	86	0	6973170000
1560	6973	24	108	87	0	6973333000
1561	6974	16	112	85	0	6974300000
1562	6974	18	108	86	0	6974957000
1563	6974	20	110	86	0	6974778001
1564	6974	21	111	86	0	6974760000
1565	6974	22	112	86	0	6974499001
1566	6974	25	109	87	0	6974898000
1567	6975	14	110	85	0	6975557001
1568	6975	15	111	85	0	6975042001
1569	6975	17	113	85	0	6975124001
1570	6975	19	109	86	0	6975941000
1571	6975	23	113	86	0	6975739001
1572	6975	24	108	87	0	6975677001
1573	6975	26	110	87	0	6975191000
1574	6975	27	111	87	0	6975847001
1575	6976	11	113	84	0	6976812000
1576	6976	28	112	87	0	6976619000
1577	6977	16	112	85	1	6977291001
1578	6977	18	108	86	1	6977806001
1579	6977	22	112	86	0	6977733001
1580	6977	25	109	87	0	6977789001
1581	6977	29	113	87	0	6977272000
1582	6977	30	108	88	0	6977302001
1583	6977	31	109	88	0	6977345000
1584	6978	20	110	86	0	6978514001
1585	6978	21	111	86	0	6978105000
1586	6978	23	113	86	0	6978788001
1587	6978	24	108	87	0	6978790000
1588	6978	26	110	87	0	6978297001
1589	6978	27	111	87	0	6978247000
1590	6978	28	112	87	0	6978726001
1591	6978	32	110	88	0	6978867001
1592	6979	14	110	85	0	6979482001
1593	6979	17	113	85	0	6979105001
1594	6979	19	109	86	0	6979366000
1595	6979	29	113	87	0	6979972000
1596	6979	31	109	88	0	6979487000
1597	6979	33	111	88	0	6979099001
1598	6979	34	112	88	0	6979971000
1599	6980	30	108	88	0	6980597000
1600	6980	35	113	88	0	6980897000
1601	6981	25	109	87	0	6981811001
1602	6981	26	110	87	0	6981882000
1603	6981	27	111	87	0	6981209000
1604	6981	31	109	88	0	6981732001
1605	6981	33	111	88	0	6981480001
1606	6982	24	108	87	0	6982417001
1607	6982	28	112	87	0	6982020001
1608	6982	29	113	87	0	6982861000
1609	6982	32	110	88	0	6982483001
1610	6982	34	112	88	0	6982223001
1611	6983	22	112	86	0	6983410000
1612	6984	30	108	88	0	6984388000
1613	6984	31	109	88	0	6984067000
1614	6984	33	111	88	0	6984145001
1615	6984	34	112	88	0	6984310001
1616	6984	35	113	88	1	6984025000
1617	6986	32	110	88	0	6986723001
1618	6986	33	111	88	0	6986843001
1619	6986	34	112	88	0	6986941001
1620	6987	35	113	88	0	6987231001
1621	6988	3	111	83	0	6988424001
1622	6989	27	111	87	0	6989956000
1623	6994	23	113	86	0	6994477000
1624	7018	29	113	87	0	7018103000
1625	7033	5	113	83	1	7033579000
1626	7037	5	113	83	1	7037455001
1627	7038	0	108	83	1	7038994000
1628	7038	4	112	83	1	7038145000
1629	7038	11	113	84	1	7038397000
1630	7040	5	113	83	1	7040610001
1631	7041	4	112	83	1	7041548000
1632	7041	6	108	84	1	7041534000
1633	7041	11	113	84	1	7041475001
1634	7041	17	113	85	1	7041203000
1635	7042	0	108	83	1	7042378000
1636	7042	10	112	84	1	7042304001
1637	7043	3	111	83	1	7043191000
1638	7043	12	108	85	1	7043628001
1639	7044	4	112	83	1	7044414000
1640	7045	0	108	83	1	7045208000
1641	7045	1	109	83	1	7045208000
1642	7045	6	108	84	1	7045141001
1643	7045	11	113	84	1	7045068001
1644	7045	16	112	85	1	7045636001
1645	7045	17	113	85	1	7045139000
1646	7045	18	108	86	1	7045141001
1647	7045	23	113	86	1	7045874001
1648	7046	10	112	84	1	7046284000
1649	7046	12	108	85	1	7046694000
1650	7047	2	110	83	1	7047903001
1651	7047	3	111	83	1	7047272000
1652	7047	9	111	84	1	7047134000
1653	7047	18	108	86	1	7047932000
1654	7047	24	108	87	1	7047986001
1655	7048	1	109	83	1	7048513000
1656	7048	7	109	84	1	7048182001
1657	7048	17	113	85	1	7048193001
1658	7049	10	112	84	1	7049824001
1659	7049	12	108	85	1	7049704001
1660	7049	16	112	85	1	7049394000
1661	7049	30	108	88	1	7049889000
1662	7050	3	111	83	1	7050392000
1663	7050	13	109	85	1	7050164000
1664	7050	15	111	85	1	7050848001
1665	7050	18	108	86	1	7050528000
1666	7050	22	112	86	1	7050550001
1667	7050	23	113	86	1	7050177001
1668	7050	29	113	87	1	7050086000
1669	7051	1	109	83	1	7051103001
1670	7051	2	110	83	1	7051002001
1671	7051	7	109	84	1	7051285000
1672	7051	8	110	84	1	7051593001
1673	7051	9	111	84	1	7051572000
1674	7051	24	108	87	1	7051119000
1675	7052	6	108	84	1	7052064001
1676	7052	16	112	85	1	7052551001
1677	7052	19	109	86	1	7052303001
1678	7052	30	108	88	1	7052773001
1679	7053	2	110	83	1	7053817000
1680	7053	13	109	85	1	7053483000
1681	7053	35	113	88	1	7053844001
1682	7054	8	110	84	1	7054963001
1683	7054	14	110	85	1	7054525001
1684	7054	15	111	85	1	7054410001
1685	7054	22	112	86	1	7054564000
1686	7054	25	109	87	1	7054079001
1687	7054	28	112	87	1	7054599000
1688	7054	29	113	87	1	7054526000
1689	7055	19	109	86	1	7055434001
1690	7055	21	111	86	1	7055523001
1691	7055	24	108	87	1	7055325000
1692	7055	31	109	88	1	7055517001
1693	7056	9	111	84	1	7056782001
1694	7056	20	110	86	1	7056993001
1695	7056	25	109	87	1	7056815000
1696	7056	30	108	88	1	7056759000
1697	7057	7	109	84	1	7057652001
1698	7057	8	110	84	1	7057381000
1699	7057	14	110	85	1	7057485000
1700	7057	15	111	85	1	7057295000
1701	7057	22	112	86	1	7057882000
1702	7057	23	113	86	1	7057255001
1703	7057	28	112	87	1	7057443000
1704	7057	34	112	88	1	7057523000
1705	7057	35	113	88	1	7057637000
1706	7058	21	111	86	1	7058439000
1707	7058	26	110	87	1	7058912000
1708	7058	27	111	87	1	7058439000
1709	7058	29	113	87	1	7058548001
1710	7058	31	109	88	1	7058395001
1711	7059	20	110	86	1	7059909001
1712	7060	14	110	85	1	7060062001
1713	7060	28	112	87	1	7060166000
1714	7060	32	110	88	1	7060642001
1715	7061	16	112	85	1	7061651001
1716	7061	21	111	86	1	7061182000
1717	7061	25	109	87	1	7061866001
1718	7061	34	112	88	1	7061261001
1719	7061	35	113	88	1	7061870000
1720	7062	26	110	87	1	7062199000
1721	7062	27	111	87	1	7062283001
1722	7062	31	109	88	1	7062526001
1723	7062	33	111	88	1	7062168000
1724	7063	32	110	88	1	7063984001
1725	7063	34	112	88	1	7063824000
1726	7064	13	109	85	1	7064236001
1727	7064	19	109	86	1	7064622000
1728	7064	20	110	86	1	7064145000
1729	7064	27	111	87	1	7064850000
1730	7065	4	112	83	1	7065710000
1731	7065	33	111	88	1	7065806001
1732	7066	26	110	87	1	7066251001
1733	7066	32	110	88	1	7066923000
1734	7067	28	112	87	1	7067544001
1735	7068	15	111	85	1	7068372000
1736	7068	33	111	88	1	7068585000
1737	7090	18	108	86	1	7090111000
1738	12308	19	109	86	0	12308790001
1739	12752	24	108	87	0	12752618001
1740	12755	18	108	86	0	12755088001
1741	12756	19	109	86	0	12756268000
1742	12757	31	109	88	0	12757084000
1743	12762	20	110	86	0	12762851001
1744	12762	28	112	87	0	12762180001
1745	12763	33	111	88	0	12763976000
1746	12763	34	112	88	0	12763615001
1747	12764	22	112	86	0	12764281001
1748	12764	29	113	87	0	12764700001
1749	12768	23	113	86	0	12768358000
1750	12770	10	112	84	0	12770739000
1751	12770	16	112	85	0	12770748001
1752	12771	2	110	83	0	12771226000
1753	13707	18	108	86	0	13707646001
1754	13707	24	108	87	0	13707663000
1755	13708	30	108	88	0	13708620000
1756	13709	19	109	86	0	13709312001
1757	13710	31	109	88	0	13710343001
1758	13713	28	112	87	0	13713903001
1759	13714	20	110	86	0	13714838001
1760	13716	22	112	86	0	13716156001
1761	13716	29	113	87	0	13716464001
1762	13717	35	113	88	0	13717913000
1763	13719	16	112	85	0	13719987000
1764	13722	10	112	84	0	13722888001
1765	14466	33	111	88	0	14466996001
1766	14467	34	112	88	0	14467339000
1767	14468	27	111	87	0	14468493000
1768	14468	28	112	87	0	14468501000
1769	14468	33	111	88	0	14468909000
1770	14468	35	113	88	0	14468981000
1771	14469	21	111	86	0	14469605001
1772	14469	22	112	86	0	14469474001
1773	14469	29	113	87	0	14469649001
1774	14469	32	110	88	0	14469426001
1775	14469	34	112	88	0	14469213000
1776	14470	16	112	85	0	14470775000
1777	14470	23	113	86	0	14470730000
1778	14470	26	110	87	0	14470860001
1779	14470	27	111	87	0	14470937000
1780	14470	28	112	87	0	14470227001
1781	14470	31	109	88	0	14470675000
1782	14470	35	113	88	0	14470982000
1783	14471	9	111	84	0	14471841001
1784	14471	10	112	84	0	14471602001
1785	14471	15	111	85	0	14471101001
1786	14471	20	110	86	0	14471553000
1787	14471	21	111	86	0	14471744001
1788	14471	22	112	86	0	14471447001
1789	14471	29	113	87	0	14471765001
1790	14471	32	110	88	0	14471828001
1791	14471	33	111	88	0	14471624001
1792	14472	17	113	85	0	14472158000
1793	14472	23	113	86	0	14472920001
1794	14473	3	111	83	0	14473677001
1795	14473	4	112	83	0	14473031000
1796	14473	9	111	84	0	14473881000
1797	14473	10	112	84	0	14473567000
1798	14473	11	113	84	0	14473384000
1799	14473	14	110	85	0	14473359001
1800	14473	15	111	85	0	14473738001
1801	14473	16	112	85	0	14473028000
1802	14473	20	110	86	0	14473823000
1803	14473	25	109	87	0	14473895000
1804	14473	26	110	87	0	14473278001
1805	14473	28	112	87	0	14473438001
1806	14473	31	109	88	0	14473314001
1807	14474	5	113	83	0	14474169000
1808	14474	8	110	84	0	14474822000
1809	14474	17	113	85	0	14474611000
1810	14474	19	109	86	0	14474070001
1811	14474	30	108	88	0	14474866000
1812	14475	3	111	83	0	14475929001
1813	14475	4	112	83	0	14475457000
1814	14475	11	113	84	0	14475720000
1815	14475	14	110	85	0	14475577001
1816	14475	31	109	88	0	14475647000
1817	14475	32	110	88	0	14475535001
1818	14475	34	112	88	0	14475183001
1819	14476	2	110	83	0	14476001000
1820	14476	5	113	83	0	14476570000
1821	14476	9	111	84	0	14476019001
1822	14476	13	109	85	0	14476952001
1823	14476	19	109	86	0	14476702000
1824	14476	20	110	86	0	14476543000
1825	14476	21	111	86	0	14476373000
1826	14476	24	108	87	0	14476312000
1827	14476	25	109	87	0	14476367000
1828	14476	27	111	87	0	14476791000
1829	14477	8	110	84	0	14477125001
1830	14477	18	108	86	0	14477919000
1831	14477	23	113	86	0	14477178001
1832	14477	26	110	87	0	14477189000
1833	14477	30	108	88	0	14477155000
1834	14478	2	110	83	0	14478348001
1835	14478	3	111	83	0	14478674001
1836	14478	7	109	84	0	14478289000
1837	14478	14	110	85	0	14478050000
1838	14478	24	108	87	0	14478550001
1839	14478	25	109	87	0	14478786000
1840	14478	29	113	87	0	14478809001
1841	14479	1	109	83	0	14479705000
1842	14479	13	109	85	0	14479311000
1843	14479	19	109	86	0	14479254001
1844	14479	30	108	88	0	14479413001
1845	14480	2	110	83	0	14480766000
1846	14480	7	109	84	0	14480672001
1847	14480	8	110	84	0	14480128001
1848	14480	12	108	85	0	14480191001
1849	14480	18	108	86	0	14480186000
1850	14480	24	108	87	0	14480785001
1851	14481	1	109	83	0	14481950001
1852	14481	6	108	84	0	14481820000
1853	14482	12	108	85	0	14482476001
1854	14482	13	109	85	0	14482719000
1855	14482	18	108	86	0	14482549000
1856	14483	0	108	83	0	14483684000
1857	14483	19	109	86	0	14483842000
1858	14484	6	108	84	0	14484368000
1859	14484	7	109	84	0	14484461000
1860	14485	1	109	83	0	14485152000
1861	14485	12	108	85	0	14485704001
1862	14486	0	108	83	0	14486009000
1863	14486	6	108	84	0	14486846000
1864	14486	10	112	84	0	14486661001
1865	14486	31	109	88	0	14486685001
1866	14488	0	108	83	0	14488715000
1867	14488	14	110	85	0	14488470000
1868	14488	24	108	87	0	14488765001
1869	14489	22	112	86	0	14489706001
1870	14489	30	108	88	0	14489652000
1871	14490	2	110	83	0	14490635001
1872	14491	5	113	83	0	14491233001
1873	14497	29	113	87	0	14497232001
1874	14507	34	112	88	1	14507971001
1875	14508	30	108	88	1	14508489001
1876	14508	31	109	88	1	14508036001
1877	14508	32	110	88	1	14508489001
1878	14508	33	111	88	1	14508695000
1879	14508	35	113	88	1	14508489001
1880	14509	24	108	87	1	14509951001
1881	14510	25	109	87	1	14510730000
1882	14510	28	112	87	1	14510884001
1883	14510	29	113	87	1	14510449001
1884	14510	31	109	88	1	14510745000
1885	14510	33	111	88	1	14510843001
1886	14510	34	112	88	1	14510278000
1887	14510	35	113	88	1	14510959000
1888	14511	26	110	87	1	14511031000
1889	14511	27	111	87	1	14511143001
1890	14511	30	108	88	1	14511097000
1891	14511	32	110	88	1	14511030001
1892	14513	18	108	86	1	14513955000
1893	14513	19	109	86	1	14513413000
1894	14513	20	110	86	1	14513439001
1895	14513	21	111	86	1	14513709000
1896	14513	22	112	86	1	14513220001
1897	14513	23	113	86	1	14513661000
1898	14513	24	108	87	1	14513070000
1899	14513	25	109	87	1	14513656001
1900	14513	26	110	87	1	14513610000
1901	14513	27	111	87	1	14513475000
1902	14513	28	112	87	1	14513114001
1903	14513	29	113	87	1	14513406000
1904	14513	34	112	88	1	14513114001
1905	14516	13	109	85	1	14516549001
1906	14516	14	110	85	1	14516416000
1907	14516	15	111	85	1	14516975000
1908	14516	17	113	85	1	14516577001
1909	14516	18	108	86	1	14516747000
1910	14516	19	109	86	1	14516475000
1911	14516	20	110	86	1	14516267000
1912	14516	21	111	86	1	14516313000
1913	14516	22	112	86	1	14516337000
1914	14516	23	113	86	1	14516532001
1915	14517	12	108	85	1	14517127001
1916	14517	16	112	85	1	14517133001
1917	14517	24	108	87	1	14517641001
1918	14519	6	108	84	1	14519771000
1919	14519	7	109	84	1	14519997000
1920	14519	8	110	84	1	14519472001
1921	14519	10	112	84	1	14519016001
1922	14519	13	109	85	1	14519810000
1923	14519	14	110	85	1	14519334001
1924	14519	15	111	85	1	14519685000
1925	14519	17	113	85	1	14519834000
1926	14520	9	111	84	1	14520476000
1927	14520	11	113	84	1	14520159000
1928	14520	12	108	85	1	14520013000
1929	14520	16	112	85	1	14520056000
1930	14520	20	110	86	1	14520711000
1931	14521	22	112	86	1	14521303000
1932	14522	14	110	85	1	14522228001
1933	14522	15	111	85	1	14522996000
1934	14523	0	108	83	1	14523812000
1935	14523	2	110	83	1	14523945001
1936	14523	4	112	83	1	14523658001
1937	14523	5	113	83	1	14523166000
1938	14523	6	108	84	1	14523508000
1939	14523	7	109	84	1	14523895000
1940	14523	8	110	84	1	14523508000
1941	14523	9	111	84	1	14523500001
1942	14523	10	112	84	1	14523033001
1943	14523	11	113	84	1	14523846000
1944	14524	1	109	83	1	14524024001
1945	14524	3	111	83	1	14524499000
1946	14525	13	109	85	1	14525313001
1947	14526	8	110	84	1	14526172000
1948	14526	10	112	84	1	14526172000
1949	14526	16	112	85	1	14526833000
1950	14527	0	108	83	1	14527575000
1951	14527	5	113	83	1	14527054000
1952	14528	1	109	83	1	14528200001
1953	14528	2	110	83	1	14528200001
1954	14528	3	111	83	1	14528573001
1955	14528	4	112	83	1	14528240000
1956	14528	6	108	84	1	14528980001
1957	14528	9	111	84	1	14528158001
1958	14529	5	113	83	1	14529788000
1959	14529	11	113	84	1	14529849000
1960	14530	0	108	83	1	14530438000
1961	14531	1	109	83	1	14531662001
1962	14531	2	110	83	1	14531362001
1963	14532	4	112	83	1	14532517001
1964	14538	3	111	83	1	14538301001
1965	14564	1	109	83	0	14564988000
1966	14564	2	110	83	0	14564702001
1967	14564	3	111	83	0	14564606001
1968	14564	4	112	83	0	14564256001
1969	14565	0	108	83	0	14565776000
1970	14565	5	113	83	0	14565300001
1971	14566	4	112	83	0	14566798001
1972	14567	1	109	83	0	14567425000
1973	14567	2	110	83	0	14567144000
1974	14567	3	111	83	0	14567290000
1975	14567	5	113	83	0	14567736000
1976	14569	0	108	83	0	14569792000
1977	14569	8	110	84	0	14569936001
1978	14569	9	111	84	0	14569452001
1979	14569	10	112	84	0	14569311000
1980	14569	11	113	84	0	14569498000
1981	14570	1	109	83	0	14570935000
1982	14570	2	110	83	0	14570777000
1983	14570	4	112	83	0	14570963000
1984	14570	6	108	84	0	14570289000
1985	14570	7	109	84	0	14570842000
1986	14571	3	111	83	0	14571108000
1987	14571	5	113	83	0	14571091000
1988	14571	10	112	84	0	14571619001
1989	14571	11	113	84	0	14571891001
1990	14572	8	110	84	0	14572926000
1991	14572	9	111	84	0	14572076000
1992	14573	1	109	83	0	14573852000
1993	14573	5	113	83	0	14573763000
1994	14573	6	108	84	0	14573333001
1995	14573	14	110	85	0	14573861001
1996	14573	16	112	85	0	14573719001
1997	14574	0	108	83	0	14574212000
1998	14574	3	111	83	0	14574494001
1999	14574	7	109	84	0	14574164000
2000	14574	10	112	84	0	14574786000
2001	14574	11	113	84	0	14574778001
2002	14574	12	108	85	0	14574985001
2003	14574	13	109	85	0	14574135001
2004	14574	15	111	85	0	14574000001
2005	14574	17	113	85	0	14574461000
2006	14575	2	110	83	0	14575288001
2007	14575	8	110	84	0	14575667000
2008	14575	9	111	84	0	14575388000
2009	14576	4	112	83	0	14576456001
2010	14576	10	112	84	0	14576876000
2011	14576	13	109	85	0	14576851001
2012	14576	14	110	85	0	14576244000
2013	14576	15	111	85	0	14576259000
2014	14576	16	112	85	0	14576316001
2015	14577	6	108	84	0	14577554000
2016	14577	12	108	85	0	14577348001
2017	14577	17	113	85	0	14577371000
2018	14577	19	109	86	0	14577943001
2019	14577	20	110	86	0	14577061001
2020	14577	21	111	86	0	14577967001
2021	14577	22	112	86	0	14577095000
2022	14577	23	113	86	1	14577686000
2023	14578	7	109	84	0	14578296001
2024	14578	11	113	84	0	14578129001
2025	14578	18	108	86	0	14578307000
2026	14579	14	110	85	0	14579689001
2027	14579	15	111	85	0	14579968001
2028	14579	16	112	85	0	14579240000
2029	14579	20	110	86	0	14579421000
2030	14579	22	112	86	0	14579602001
2031	14580	12	108	85	0	14580709000
2032	14580	13	109	85	0	14580098000
2033	14580	17	113	85	0	14580890000
2034	14580	18	108	86	0	14580979000
2035	14580	19	109	86	0	14580418001
2036	14580	21	111	86	0	14580851000
2037	14580	23	113	86	0	14580087000
2038	14580	24	108	87	0	14580296001
2039	14580	29	113	87	0	14580742001
2040	14581	25	109	87	0	14581251001
2041	14581	26	110	87	0	14581326001
2042	14581	27	111	87	0	14581066000
2043	14581	28	112	87	0	14581093000
2044	14582	20	110	86	0	14582959000
2045	14582	22	112	86	0	14582531000
2046	14582	23	113	86	0	14582766000
2047	14582	24	108	87	0	14582571001
2048	14583	19	109	86	0	14583318001
2049	14583	21	111	86	0	14583969000
2050	14583	27	111	87	0	14583393001
2051	14583	28	112	87	0	14583699000
2052	14583	29	113	87	0	14583225000
2053	14583	30	108	88	0	14583809000
2054	14583	31	109	88	0	14583779000
2055	14583	33	111	88	0	14583742001
2056	14583	34	112	88	0	14583335001
2057	14583	35	113	88	1	14583802000
2058	14584	16	112	85	0	14584830000
2059	14584	25	109	87	1	14584536000
2060	14584	26	110	87	0	14584655001
2061	14584	32	110	88	0	14584070001
2062	14585	9	111	84	0	14585162001
2063	14585	18	108	86	0	14585030000
2064	14585	24	108	87	0	14585426001
2065	14585	27	111	87	0	14585979001
2066	14585	34	112	88	0	14585826001
2067	14586	28	112	87	0	14586609000
2068	14586	29	113	87	0	14586350000
2069	14586	30	108	88	0	14586058001
2070	14586	31	109	88	0	14586220001
2071	14586	32	110	88	0	14586954000
2072	14586	33	111	88	0	14586392000
2073	14586	35	113	88	0	14586514001
2074	14588	30	108	88	0	14588435001
2075	14588	31	109	88	0	14588463001
2076	14588	34	112	88	0	14588524000
2077	14589	35	113	88	0	14589028000
2078	14590	33	111	88	0	14590590000
2079	14592	32	110	88	0	14592875000
2080	14594	25	109	87	0	14594510000
2081	14595	34	112	88	0	14595169001
2082	14600	0	108	83	1	14600449001
2083	14601	6	108	84	1	14601916000
2084	14602	0	108	83	1	14602459000
2085	14603	1	109	83	1	14603112000
2086	14603	12	108	85	1	14603551000
2087	14604	1	109	83	1	14604984001
2088	14604	6	108	84	1	14604579001
2089	14604	7	109	84	1	14604390000
2090	14604	18	108	86	1	14604514001
2091	14605	2	110	83	1	14605662000
2092	14605	12	108	85	1	14605594000
2093	14606	7	109	84	1	14606644000
2094	14606	13	109	85	1	14606086001
2095	14606	18	108	86	1	14606380001
2096	14606	24	108	87	1	14606289000
2097	14607	2	110	83	1	14607718001
2098	14607	8	110	84	1	14607125000
2099	14607	19	109	86	1	14607551001
2100	14607	30	108	88	1	14607266000
2101	14608	3	111	83	1	14608374001
2102	14608	13	109	85	1	14608288001
2103	14608	14	110	85	1	14608469000
2104	14608	24	108	87	1	14608889001
2105	14608	25	109	87	1	14608563000
2106	14609	8	110	84	1	14609123001
2107	14609	9	111	84	1	14609664000
2108	14609	20	110	86	1	14609427000
2109	14609	30	108	88	1	14609293001
2110	14610	3	111	83	1	14610455001
2111	14610	4	112	83	1	14610566000
2112	14610	14	110	85	1	14610489001
2113	14610	19	109	86	1	14610088001
2114	14610	25	109	87	1	14610564000
2115	14610	31	109	88	1	14610025000
2116	14611	9	111	84	1	14611825000
2117	14611	10	112	84	1	14611921000
2118	14611	15	111	85	1	14611153001
2119	14611	20	110	86	1	14611373001
2120	14611	26	110	87	1	14611028001
2121	14612	4	112	83	1	14612542001
2122	14612	21	111	86	1	14612068001
2123	14612	31	109	88	1	14612544000
2124	14612	32	110	88	1	14612093001
2125	14613	5	113	83	1	14613145000
2126	14613	15	111	85	1	14613001001
2127	14613	16	112	85	1	14613058000
2128	14613	21	111	86	1	14613956001
2129	14613	26	110	87	1	14613258001
2130	14613	27	111	87	1	14613467000
2131	14614	10	112	84	1	14614306000
2132	14614	11	113	84	1	14614674001
2133	14614	22	112	86	1	14614694000
2134	14614	32	110	88	1	14614140000
2135	14614	33	111	88	1	14614815000
2136	14615	5	113	83	1	14615066000
2137	14615	16	112	85	1	14615065001
2138	14615	17	113	85	1	14615772000
2139	14615	27	111	87	1	14615211000
2140	14615	28	112	87	1	14615766001
2141	14616	11	113	84	1	14616957000
2142	14616	22	112	86	1	14616865001
2143	14616	33	111	88	1	14616616001
2144	14616	34	112	88	1	14616888000
2145	14617	23	113	86	1	14617302000
2146	14617	28	112	87	1	14617783000
2147	14618	17	113	85	1	14618080000
2148	14618	29	113	87	1	14618362001
2149	14618	34	112	88	1	14618726000
2150	14619	23	113	86	1	14619868001
2151	14619	35	113	88	1	14619796001
2152	14620	29	113	87	1	14620439001
2153	14622	35	113	88	1	14622031000
2154	14871	32	110	88	0	14871815001
2155	14872	31	109	88	0	14872582001
2156	14873	26	110	87	0	14873251000
2157	14873	33	111	88	0	14873214001
2158	14874	27	111	87	0	14874723000
2159	14874	32	110	88	0	14874424001
2160	14875	20	110	86	0	14875018001
2161	14875	25	109	87	0	14875917001
2162	14875	31	109	88	0	14875030000
2163	14875	33	111	88	0	14875602001
2164	14875	34	112	88	0	14875041000
2165	14876	14	110	85	0	14876529001
2166	14876	19	109	86	0	14876150000
2167	14876	21	111	86	0	14876183001
2168	14876	26	110	87	0	14876167000
2169	14876	27	111	87	0	14876774001
2170	14876	28	112	87	0	14876019000
2171	14876	34	112	88	0	14876874001
2172	14876	35	113	88	0	14876860001
2173	14877	8	110	84	0	14877907001
2174	14877	15	111	85	0	14877435001
2175	14877	20	110	86	0	14877248001
2176	14877	22	112	86	0	14877592000
2177	14877	29	113	87	0	14877892000
2178	14877	31	109	88	0	14877316001
2179	14878	9	111	84	0	14878391001
2180	14878	14	110	85	0	14878507000
2181	14878	16	112	85	0	14878980001
2182	14878	19	109	86	0	14878542000
2183	14878	21	111	86	0	14878582001
2184	14878	24	108	87	0	14878693001
2185	14878	25	109	87	0	14878381001
2186	14878	28	112	87	0	14878250001
2187	14878	30	108	88	0	14878164001
2188	14878	35	113	88	0	14878910001
2189	14879	2	110	83	0	14879661000
2190	14879	10	112	84	0	14879586000
2191	14879	13	109	85	0	14879460001
2192	14879	22	112	86	0	14879824000
2193	14879	23	113	86	0	14879017001
2194	14880	3	111	83	0	14880119001
2195	14880	8	110	84	0	14880354001
2196	14880	9	111	84	0	14880489001
2197	14880	15	111	85	0	14880038000
2198	14880	17	113	85	0	14880887001
2199	14880	20	110	86	0	14880866001
2200	14880	27	111	87	0	14880739001
2201	14880	29	113	87	0	14880194000
2202	14880	30	108	88	0	14880632001
2203	14880	31	109	88	0	14880209001
2204	14881	4	112	83	0	14881688001
2205	14881	7	109	84	0	14881865001
2206	14881	10	112	84	0	14881779001
2207	14881	16	112	85	0	14881415001
2208	14881	19	109	86	0	14881036001
2209	14881	23	113	86	0	14881387000
2210	14881	24	108	87	0	14881501000
2211	14882	2	110	83	0	14882004001
2212	14882	3	111	83	0	14882527000
2213	14882	8	110	84	0	14882719001
2214	14882	11	113	84	0	14882011001
2215	14882	13	109	85	0	14882207001
2216	14882	14	110	85	0	14882372000
2217	14882	18	108	86	0	14882545001
2218	14882	25	109	87	0	14882344000
2219	14882	29	113	87	0	14882653001
2220	14882	35	113	88	0	14882791001
2221	14883	1	109	83	0	14883497001
2222	14883	5	113	83	0	14883526000
2223	14883	12	108	85	0	14883859001
2224	14883	17	113	85	0	14883236000
2225	14883	22	112	86	0	14883065001
2226	14883	24	108	87	0	14883549000
2227	14883	26	110	87	0	14883749001
2228	14883	30	108	88	0	14883070000
2229	14883	34	112	88	0	14883454001
2230	14884	2	110	83	0	14884530001
2231	14884	4	112	83	0	14884104001
2232	14884	7	109	84	0	14884734001
2233	14884	10	112	84	0	14884581001
2234	14884	11	113	84	0	14884235001
2235	14884	18	108	86	0	14884837001
2236	14885	1	109	83	0	14885740001
2237	14885	6	108	84	0	14885624000
2238	14885	9	111	84	0	14885483001
2239	14885	13	109	85	0	14885015000
2240	14885	19	109	86	0	14885370001
2241	14886	5	113	83	0	14886166000
2242	14886	12	108	85	0	14886401000
2243	14886	24	108	87	0	14886162000
2244	14887	18	108	86	0	14887570000
2245	14887	21	111	86	0	14887314000
2246	14888	0	108	83	0	14888486001
2247	14888	1	109	83	0	14888376001
2248	14888	6	108	84	0	14888166001
2249	14888	23	113	86	0	14888641000
2250	14888	30	108	88	0	14888778001
2251	14889	7	109	84	0	14889064001
2252	14890	12	108	85	0	14890136001
2253	14891	0	108	83	0	14891776000
2254	14891	6	108	84	0	14891744000
2255	14892	28	112	87	0	14892471001
2256	14896	0	108	83	0	14896284001
2257	14898	3	111	83	0	14898964000
2258	14898	16	112	85	1	14898082000
2259	14900	4	112	83	0	14900187000
2260	14900	19	109	86	0	14900687001
2261	14911	30	108	88	1	14911607000
2262	14911	31	109	88	1	14911504001
2263	14911	32	110	88	1	14911684001
2264	14911	33	111	88	1	14911406000
2265	14911	34	112	88	1	14911035001
2266	14911	35	113	88	1	14911123000
2267	14912	27	111	87	1	14912724001
2268	14912	28	112	87	1	14912200001
2269	14912	29	113	87	1	14912545001
2270	14912	33	111	88	1	14912997001
2271	14912	34	112	88	1	14912786001
2272	14912	35	113	88	1	14912958000
2273	14913	23	113	86	1	14913916001
2274	14913	24	108	87	1	14913454001
2275	14913	25	109	87	1	14913203000
2276	14913	26	110	87	1	14913076000
2277	14913	28	112	87	1	14913919000
2278	14913	30	108	88	1	14913454001
2279	14913	31	109	88	1	14913427000
2280	14913	32	110	88	1	14913711000
2281	14914	18	108	86	1	14914662000
2282	14914	19	109	86	1	14914602001
2283	14914	20	110	86	1	14914428001
2284	14914	21	111	86	1	14914086001
2285	14914	22	112	86	1	14914274000
2286	14914	27	111	87	1	14914602001
2287	14914	29	113	87	1	14914530000
2288	14915	16	112	85	1	14915975000
2289	14915	17	113	85	1	14915594000
2290	14915	21	111	86	1	14915998001
2291	14915	23	113	86	1	14915948000
2292	14915	24	108	87	1	14915491000
2293	14915	25	109	87	1	14915062000
2294	14915	26	110	87	1	14915176000
2295	14916	12	108	85	1	14916490000
2296	14916	13	109	85	1	14916397000
2297	14916	14	110	85	1	14916307000
2298	14916	15	111	85	1	14916127000
2299	14916	18	108	86	1	14916392001
2300	14916	19	109	86	1	14916685001
2301	14916	20	110	86	1	14916231000
2302	14916	22	112	86	1	14916303000
2303	14917	7	109	84	1	14917788001
2304	14917	8	110	84	1	14917773001
2305	14917	9	111	84	1	14917855000
2306	14917	10	112	84	1	14917396000
2307	14917	11	113	84	1	14917280001
2308	14917	15	111	85	1	14917691001
2309	14917	16	112	85	1	14917806000
2310	14917	17	113	85	1	14917317001
2311	14918	4	112	83	1	14918794001
2312	14918	5	113	83	1	14918974000
2313	14918	6	108	84	1	14918208000
2314	14918	12	108	85	1	14918233001
2315	14918	13	109	85	1	14918203001
2316	14918	14	110	85	1	14918002001
2317	14919	0	108	83	1	14919495001
2318	14919	1	109	83	1	14919791000
2319	14919	2	110	83	1	14919713001
2320	14919	3	111	83	1	14919554001
2321	14919	7	109	84	1	14919991000
2322	14919	8	110	84	1	14919466000
2323	14919	9	111	84	1	14919837001
2324	14919	10	112	84	1	14919545000
2325	14919	11	113	84	1	14919245000
2326	14920	4	112	83	1	14920862000
2327	14920	5	113	83	1	14920841000
2328	14920	6	108	84	1	14920171000
2329	14921	0	108	83	1	14921595000
2330	14921	1	109	83	1	14921678000
2331	14921	2	110	83	1	14921657000
2332	14921	3	111	83	1	14921351001
2333	15011	0	108	83	0	15011383000
2334	15011	1	109	83	0	15011303001
2335	15011	2	110	83	0	15011319000
2336	15011	3	111	83	0	15011498000
2337	15011	4	112	83	0	15011644001
2338	15011	5	113	83	0	15011749001
2339	15012	6	108	84	0	15012874000
2340	15012	7	109	84	0	15012811000
2341	15012	10	112	84	0	15012891000
2342	15013	0	108	83	0	15013873000
2343	15013	2	110	83	0	15013688001
2344	15013	4	112	83	0	15013933001
2345	15013	8	110	84	0	15013160000
2346	15013	9	111	84	0	15013024001
2347	15013	11	113	84	0	15013607001
2348	15014	1	109	83	0	15014016001
2349	15014	3	111	83	0	15014146000
2350	15014	5	113	83	0	15014259000
2351	15014	12	108	85	0	15014866001
2352	15014	14	110	85	0	15014800001
2353	15015	7	109	84	0	15015688001
2354	15015	8	110	84	0	15015576000
2355	15015	9	111	84	0	15015119001
2356	15015	10	112	84	0	15015023000
2357	15015	13	109	85	0	15015005000
2358	15015	15	111	85	0	15015273001
2359	15015	16	112	85	0	15015260001
2360	15015	17	113	85	0	15015330000
2361	15016	0	108	83	1	15016379001
2362	15016	6	108	84	0	15016035000
2363	15016	11	113	84	0	15016228001
2364	15016	12	108	85	0	15016951000
2365	15016	18	108	86	0	15016439001
2366	15016	19	109	86	0	15016259001
2367	15016	20	110	86	0	15016677001
2368	15016	21	111	86	0	15016553001
2369	15016	22	112	86	0	15016664000
2370	15016	23	113	86	0	15016664000
2371	15017	13	109	85	0	15017892000
2372	15017	14	110	85	0	15017550000
2373	15017	15	111	85	0	15017469001
2374	15017	16	112	85	0	15017626000
2375	15017	17	113	85	0	15017914001
2376	15017	24	108	87	0	15017614001
2377	15018	18	108	86	0	15018913001
2378	15018	19	109	86	0	15018679000
2379	15018	21	111	86	0	15018830001
2380	15018	22	112	86	0	15018896001
2381	15018	23	113	86	0	15018958001
2382	15018	25	109	87	0	15018437000
2383	15018	26	110	87	0	15018187001
2384	15018	27	111	87	0	15018304001
2385	15018	28	112	87	0	15018518000
2386	15018	29	113	87	0	15018334000
2387	15019	0	108	83	1	15019168001
2388	15019	6	108	84	1	15019516000
2389	15019	9	111	84	0	15019274000
2390	15019	10	112	84	0	15019735001
2391	15019	20	110	86	0	15019431001
2392	15019	30	108	88	0	15019356001
2393	15019	31	109	88	0	15019273001
2394	15019	32	110	88	0	15019883000
2395	15019	33	111	88	0	15019695000
2396	15019	34	112	88	0	15019894001
2397	15019	35	113	88	0	15019950001
2398	15020	1	109	83	1	15020894001
2399	15020	12	108	85	1	15020651001
2400	15020	24	108	87	0	15020001001
2401	15020	27	111	87	0	15020710001
2402	15020	28	112	87	0	15020540001
2403	15020	29	113	87	0	15020719000
2404	15021	25	109	87	0	15021068000
2405	15021	26	110	87	0	15021013000
2406	15021	30	108	88	0	15021718000
2407	15021	31	109	88	0	15021461000
2408	15021	33	111	88	0	15021778001
2409	15021	35	113	88	0	15021966000
2410	15022	6	108	84	1	15022838000
2411	15022	18	108	86	1	15022341001
2412	15022	32	110	88	0	15022551000
2413	15022	34	112	88	0	15022153000
2414	15023	1	109	83	1	15023135000
2415	15023	7	109	84	1	15023053001
2416	15023	12	108	85	1	15023210000
2417	15024	2	110	83	1	15024759000
2418	15024	13	109	85	1	15024922000
2419	15024	18	108	86	1	15024531000
2420	15024	24	108	87	1	15024237000
2421	15025	7	109	84	1	15025884001
2422	15025	30	108	88	1	15025725001
2423	15025	35	113	88	0	15025975000
2424	15026	2	110	83	1	15026961000
2425	15026	8	110	84	1	15026047001
2426	15026	19	109	86	1	15026730001
2427	15026	24	108	87	1	15026691000
2428	15027	13	109	85	1	15027284001
2429	15027	14	110	85	1	15027386000
2430	15027	23	113	86	0	15027121001
2431	15027	25	109	87	1	15027837001
2432	15027	30	108	88	1	15027797000
2433	15028	3	111	83	1	15028628001
2434	15028	8	110	84	1	15028218000
2435	15028	20	110	86	1	15028740000
2436	15028	33	111	88	0	15028749001
2437	15029	14	110	85	1	15029578001
2438	15029	19	109	86	1	15029352000
2439	15029	31	109	88	1	15029561001
2440	15030	3	111	83	1	15030984000
2441	15030	9	111	84	1	15030287001
2442	15030	15	111	85	1	15030985001
2443	15030	20	110	86	1	15030902001
2444	15030	25	109	87	1	15030131001
2445	15030	26	110	87	1	15030843001
2446	15031	4	112	83	1	15031501000
2447	15032	9	111	84	1	15032612000
2448	15032	10	112	84	1	15032586001
2449	15032	31	109	88	1	15032053001
2450	15032	32	110	88	1	15032071001
2451	15033	4	112	83	1	15033460001
2452	15033	15	111	85	1	15033211001
2453	15033	18	108	86	1	15033259001
2454	15033	21	111	86	1	15033011001
2455	15033	26	110	87	1	15033281000
2456	15034	5	113	83	1	15034712000
2457	15034	10	112	84	1	15034835001
2458	15034	16	112	85	1	15034327001
2459	15034	27	111	87	1	15034541001
2460	15034	32	110	88	1	15034157001
2461	15035	20	110	86	1	15035826000
2462	15035	21	111	86	1	15035320000
2463	15035	22	112	86	1	15035983001
2464	15035	33	111	88	1	15035627001
2465	15036	5	113	83	1	15036832001
2466	15036	11	113	84	1	15036441000
2467	15036	14	110	85	1	15036074000
2468	15036	16	112	85	1	15036453001
2469	15036	27	111	87	1	15036537000
2470	15037	17	113	85	1	15037415000
2471	15037	28	112	87	1	15037261001
2472	15037	33	111	88	1	15037565001
2473	15038	11	113	84	1	15038408001
2474	15038	22	112	86	1	15038129001
2475	15038	23	113	86	1	15038855001
2476	15038	34	112	88	1	15038539000
2477	15039	0	108	83	1	15039331001
2478	15039	17	113	85	1	15039656001
2479	15039	28	112	87	1	15039200001
2480	15040	15	111	85	1	15040916000
2481	15040	29	113	87	1	15040679001
2482	15040	34	112	88	1	15040224001
2483	15041	23	113	86	1	15041088001
2484	15041	35	113	88	1	15041587000
2485	15043	29	113	87	1	15043299001
2486	15043	35	113	88	1	15043710001
2487	15047	16	112	85	1	15047052001
2488	15050	35	113	88	1	15050885001
2489	15052	34	112	88	1	15052987001
2490	15280	24	108	87	0	15280917000
2491	15280	30	108	88	0	15280156001
2492	15281	18	108	86	0	15281659001
2493	15281	31	109	88	0	15281216001
2494	15282	12	108	85	0	15282933000
2495	15282	19	109	86	0	15282900001
2496	15282	25	109	87	0	15282450001
2497	15282	30	108	88	0	15282158000
2498	15282	32	110	88	0	15282617001
2499	15283	6	108	84	0	15283707000
2500	15283	13	109	85	0	15283915001
2501	15283	18	108	86	0	15283720000
2502	15283	20	110	86	0	15283922001
2503	15283	24	108	87	0	15283131001
2504	15283	26	110	87	0	15283220000
2505	15283	31	109	88	0	15283750001
2506	15283	33	111	88	0	15283413000
2507	15284	0	108	83	0	15284452001
2508	15284	7	109	84	0	15284830000
2509	15284	14	110	85	0	15284774000
2510	15284	25	109	87	0	15284957001
2511	15284	27	111	87	0	15284395000
2512	15284	34	112	88	0	15284245001
2513	15285	1	109	83	0	15285868001
2514	15285	8	110	84	0	15285967000
2515	15285	12	108	85	0	15285439000
2516	15285	19	109	86	0	15285416001
2517	15285	21	111	86	0	15285202001
2518	15285	26	110	87	0	15285833000
2519	15285	28	112	87	0	15285285001
2520	15285	32	110	88	0	15285602001
2521	15285	33	111	88	0	15285439000
2522	15285	35	113	88	0	15285308001
2523	15286	0	108	83	0	15286897000
2524	15286	2	110	83	0	15286556001
2525	15286	6	108	84	0	15286424000
2526	15286	9	111	84	0	15286815001
2527	15286	13	109	85	0	15286341000
2528	15286	14	110	85	0	15286883000
2529	15286	15	111	85	0	15286125001
2530	15286	16	112	85	0	15286716001
2531	15286	20	110	86	0	15286469000
2532	15286	22	112	86	0	15286176001
2533	15286	27	111	87	0	15286286001
2534	15286	29	113	87	0	15286323000
2535	15286	34	112	88	0	15286028001
2536	15287	1	109	83	0	15287873001
2537	15287	7	109	84	0	15287957000
2538	15287	10	112	84	0	15287851000
2539	15287	21	111	86	0	15287584000
2540	15287	23	113	86	0	15287312000
2541	15287	28	112	87	0	15287147001
2542	15287	35	113	88	0	15287544001
2543	15288	2	110	83	0	15288611000
2544	15288	3	111	83	0	15288135001
2545	15288	8	110	84	0	15288318000
2546	15288	9	111	84	0	15288859000
2547	15288	15	111	85	0	15288319001
2548	15288	16	112	85	0	15288759000
2549	15288	17	113	85	0	15288601000
2550	15288	22	112	86	0	15288468001
2551	15288	29	113	87	0	15288383000
2552	15289	4	112	83	0	15289100001
2553	15289	11	113	84	0	15289181000
2554	15289	23	113	86	0	15289748000
2555	15289	30	108	88	0	15289137000
2556	15290	3	111	83	0	15290655001
2557	15290	5	113	83	0	15290364000
2558	15290	10	112	84	0	15290080000
2559	15291	4	112	83	0	15291683000
2560	15291	11	113	84	0	15291366000
2561	15291	17	113	85	0	15291347001
2562	15292	5	113	83	0	15292501001
2563	15293	1	109	83	0	15293643000
2564	15295	18	108	86	0	15295713000
2565	15296	21	111	86	0	15296028000
2566	15297	2	110	83	0	15297314000
2567	15299	29	113	87	0	15299927000
2568	15300	34	112	88	0	15300215001
2569	15310	34	112	88	1	15310983000
2570	15311	30	108	88	1	15311823001
2571	15311	31	109	88	1	15311776001
2572	15311	32	110	88	1	15311761001
2573	15311	33	111	88	1	15311527001
2574	15311	35	113	88	1	15311339000
2575	15312	28	112	87	1	15312902001
2576	15312	29	113	87	1	15312461000
2577	15312	34	112	88	1	15312723001
2578	15313	25	109	87	1	15313677001
2579	15313	26	110	87	1	15313503001
2580	15313	27	111	87	1	15313314001
2581	15313	30	108	88	1	15313855000
2582	15313	31	109	88	1	15313814001
2583	15313	32	110	88	1	15313623000
2584	15313	33	111	88	1	15313172001
2585	15313	35	113	88	1	15313188000
2586	15314	21	111	86	1	15314545000
2587	15314	22	112	86	1	15314842000
2588	15314	23	113	86	1	15314521000
2589	15314	24	108	87	1	15314199001
2590	15314	27	111	87	1	15314983001
2591	15314	28	112	87	1	15314623001
2592	15314	29	113	87	1	15314558001
2593	15315	18	108	86	1	15315373001
2594	15315	19	109	86	1	15315474001
2595	15315	20	110	86	1	15315026000
2596	15315	25	109	87	1	15315612001
2597	15315	26	110	87	1	15315527000
2598	15316	15	111	85	1	15316710001
2599	15316	16	112	85	1	15316839001
2600	15316	17	113	85	1	15316212000
2601	15316	20	110	86	1	15316992000
2602	15316	21	111	86	1	15316495000
2603	15316	22	112	86	1	15316698000
2604	15316	23	113	86	1	15316634001
2605	15316	24	108	87	1	15316282001
2606	15317	10	112	84	1	15317931001
2607	15317	12	108	85	1	15317558001
2608	15317	13	109	85	1	15317135001
2609	15317	14	110	85	1	15317038000
2610	15317	18	108	86	1	15317337001
2611	15317	19	109	86	1	15317483000
2612	15318	8	110	84	1	15318962000
2613	15318	9	111	84	1	15318766000
2614	15318	11	113	84	1	15318287001
2615	15318	15	111	85	1	15318519001
2616	15318	16	112	85	1	15318878001
2617	15318	17	113	85	1	15318225001
2618	15319	5	113	83	1	15319875000
2619	15319	6	108	84	1	15319470000
2620	15319	7	109	84	1	15319145000
2621	15319	12	108	85	1	15319390001
2622	15319	13	109	85	1	15319133001
2623	15319	14	110	85	1	15319037001
2624	15320	1	109	83	1	15320968001
2625	15320	3	111	83	1	15320921001
2626	15320	4	112	83	1	15320259000
2627	15320	10	112	84	1	15320428000
2628	15320	11	113	84	1	15320464001
2629	15321	0	108	83	1	15321742001
2630	15321	2	110	83	1	15321079001
2631	15321	6	108	84	1	15321747001
2632	15321	7	109	84	1	15321324001
2633	15321	8	110	84	1	15321024001
2634	15321	9	111	84	1	15321012000
2635	15322	4	112	83	1	15322788000
2636	15322	5	113	83	1	15322171001
2637	15323	0	108	83	1	15323744001
2638	15323	1	109	83	1	15323349000
2639	15323	2	110	83	1	15323500000
2640	15323	3	111	83	1	15323256001
2641	15382	0	108	83	0	15382276001
2642	15382	1	109	83	0	15382424000
2643	15382	2	110	83	0	15382169001
2644	15382	3	111	83	0	15382735000
2645	15383	4	112	83	0	15383043001
2646	15383	5	113	83	0	15383691000
2647	15384	2	110	83	0	15384916001
2648	15385	1	109	83	0	15385433000
2649	15385	3	111	83	0	15385463001
2650	15385	4	112	83	0	15385824000
2651	15386	0	108	83	0	15386122000
2652	15386	5	113	83	0	15386986000
2653	15386	6	108	84	0	15386245000
2654	15386	7	109	84	0	15386423001
2655	15386	8	110	84	0	15386810001
2656	15386	9	111	84	0	15386903000
2657	15387	2	110	83	0	15387925000
2658	15387	10	112	84	0	15387302001
2659	15387	11	113	84	0	15387678001
2660	15388	1	109	83	0	15388981001
2661	15389	3	111	83	0	15389446000
2662	15389	4	112	83	0	15389318000
2663	15389	6	108	84	0	15389538001
2664	15389	7	109	84	0	15389656000
2665	15389	8	110	84	0	15389291000
2666	15389	9	111	84	0	15389274001
2667	15389	10	112	84	0	15389959001
2668	15390	0	108	83	0	15390477001
2669	15390	5	113	83	0	15390505001
2670	15390	11	113	84	0	15390356001
2671	15390	12	108	85	0	15390711000
2672	15390	13	109	85	0	15390725000
2673	15390	14	110	85	0	15390991000
2674	15391	2	110	83	0	15391398000
2675	15391	15	111	85	0	15391797001
2676	15391	16	112	85	0	15391197001
2677	15391	17	113	85	0	15391948000
2678	15392	6	108	84	0	15392985000
2679	15392	7	109	84	0	15392788000
2680	15392	9	111	84	0	15392846000
2681	15393	8	110	84	0	15393105001
2682	15393	10	112	84	0	15393170001
2683	15393	12	108	85	0	15393125001
2684	15393	14	110	85	0	15393438000
2685	15393	16	112	85	1	15393427000
2686	15394	11	113	84	0	15394073000
2687	15394	13	109	85	0	15394555001
2688	15394	15	111	85	0	15394525001
2689	15394	17	113	85	0	15394890000
2690	15394	18	108	86	0	15394548001
2691	15394	19	109	86	0	15394253000
2692	15394	20	110	86	0	15394747000
2693	15394	22	112	86	0	15394927000
2694	15395	5	113	83	0	15395585001
2695	15395	21	111	86	0	15395108001
2696	15395	23	113	86	0	15395165000
2697	15396	8	110	84	0	15396486000
2698	15396	12	108	85	0	15396945000
2699	15396	19	109	86	0	15396848001
2700	15397	14	110	85	0	15397317001
2701	15397	16	112	85	0	15397117001
2702	15397	18	108	86	0	15397289001
2703	15397	20	110	86	0	15397510001
2704	15397	22	112	86	0	15397223000
2705	15397	23	113	86	0	15397680001
2706	15397	24	108	87	0	15397626000
2707	15398	15	111	85	0	15398323001
2708	15398	17	113	85	0	15398971000
2709	15398	21	111	86	0	15398342000
2710	15398	25	109	87	0	15398517001
2711	15398	26	110	87	0	15398536000
2712	15398	28	112	87	0	15398713001
2713	15398	29	113	87	1	15398704000
2714	15399	9	111	84	0	15399771001
2715	15399	13	109	85	0	15399594001
2716	15399	22	112	86	0	15399656000
2717	15399	24	108	87	0	15399907000
2718	15399	27	111	87	0	15399241000
2719	15400	1	109	83	0	15400680001
2720	15400	3	111	83	0	15400560000
2721	15400	18	108	86	0	15400328001
2722	15400	19	109	86	0	15400087000
2723	15400	29	113	87	0	15400923000
2724	15401	20	110	86	0	15401208001
2725	15401	21	111	86	1	15401419001
2726	15401	23	113	86	0	15401062000
2727	15401	26	110	87	0	15401726000
2728	15401	28	112	87	0	15401002001
2729	15401	30	108	88	0	15401278001
2730	15401	31	109	88	0	15401081001
2731	15402	22	112	86	0	15402888001
2732	15402	24	108	87	0	15402949000
2733	15402	25	109	87	0	15402260001
2734	15402	27	111	87	0	15402002000
2735	15402	32	110	88	0	15402042001
2736	15402	33	111	88	0	15402051000
2737	15402	34	112	88	0	15402143000
2738	15402	35	113	88	0	15402261000
2739	15403	28	112	87	0	15403556001
2740	15403	29	113	87	0	15403445001
2741	15403	30	108	88	0	15403667000
2742	15403	31	109	88	0	15403291000
2743	15404	4	112	83	0	15404713001
2744	15404	16	112	85	0	15404920001
2745	15404	33	111	88	0	15404120000
2746	15404	34	112	88	1	15404158000
2747	15404	35	113	88	0	15404645000
2748	15405	19	109	86	0	15405646001
2749	15405	26	110	87	0	15405648000
2750	15405	27	111	87	0	15405475000
2751	15405	32	110	88	0	15405225001
2752	15406	30	108	88	0	15406655001
2753	15406	31	109	88	0	15406040001
2754	15406	33	111	88	0	15406745001
2755	15406	34	112	88	0	15406305000
2756	15407	10	112	84	0	15407095001
2757	15407	25	109	87	0	15407377000
2758	15407	28	112	87	0	15407864000
2759	15407	29	113	87	0	15407256000
2760	15407	34	112	88	0	15407968000
2761	15407	35	113	88	0	15407544001
2762	15408	18	108	86	0	15408938000
2763	15408	32	110	88	0	15408848000
2764	15409	31	109	88	0	15409252000
2765	15410	21	111	86	0	15410292001
2766	15418	30	108	88	0	15418762001
2767	15419	35	113	88	0	15419599001
2768	15423	0	108	83	1	15423275000
2769	15426	0	108	83	1	15426257000
2770	15426	6	108	84	1	15426668000
2771	15429	0	108	83	1	15429645001
2772	15429	1	109	83	1	15429299000
2773	15429	6	108	84	1	15429535001
2774	15429	12	108	85	1	15429294000
2775	15431	12	108	85	1	15431969000
2776	15431	18	108	86	1	15431238001
2777	15432	1	109	83	1	15432697001
2778	15433	7	109	84	1	15433044000
2779	15434	2	110	83	1	15434956000
2780	15434	18	108	86	1	15434151000
2781	15434	24	108	87	1	15434025001
2782	15435	13	109	85	1	15435254001
2783	15436	1	109	83	1	15436380000
2784	15436	7	109	84	1	15436220000
2785	15436	8	110	84	1	15436805000
2786	15436	12	108	85	1	15436187000
2787	15436	30	108	88	1	15436091001
2788	15437	6	108	84	1	15437169001
2789	15437	18	108	86	1	15437434000
2790	15437	19	109	86	1	15437546001
2791	15437	24	108	87	1	15437760001
2792	15438	2	110	83	1	15438359001
2793	15438	13	109	85	1	15438269001
2794	15439	30	108	88	1	15439465001
2795	15440	8	110	84	1	15440392000
2796	15440	14	110	85	1	15440112000
2797	15440	25	109	87	1	15440643001
2798	15441	2	110	83	1	15441819000
2799	15441	3	111	83	1	15441488000
2800	15441	19	109	86	1	15441005001
2801	15442	14	110	85	1	15442664001
2802	15442	20	110	86	1	15442986001
2803	15442	30	108	88	1	15442681000
2804	15442	31	109	88	1	15442518000
2805	15443	8	110	84	1	15443048001
2806	15443	9	111	84	1	15443820000
2807	15443	13	109	85	1	15443515001
2808	15443	24	108	87	1	15443226000
2809	15443	25	109	87	1	15443730000
2810	15445	3	111	83	1	15445204001
2811	15445	4	112	83	1	15445624000
2812	15445	14	110	85	1	15445954001
2813	15445	20	110	86	1	15445901000
2814	15445	26	110	87	1	15445242001
2815	15446	9	111	84	1	15446647000
2816	15446	15	111	85	1	15446337000
2817	15446	31	109	88	1	15446017001
2818	15447	19	109	86	1	15447796000
2819	15448	10	112	84	1	15448690000
2820	15448	25	109	87	1	15448585001
2821	15448	26	110	87	1	15448931001
2822	15448	32	110	88	1	15448409001
2823	15449	4	112	83	1	15449613000
2824	15449	9	111	84	1	15449557000
2825	15449	15	111	85	1	15449354000
2826	15449	20	110	86	1	15449340000
2827	15449	21	111	86	1	15449084000
2828	15450	5	113	83	1	15450369001
2829	15450	31	109	88	1	15450084001
2830	15451	11	113	84	1	15451618000
2831	15451	16	112	85	1	15451257001
2832	15451	26	110	87	1	15451900001
2833	15451	27	111	87	1	15451358000
2834	15451	32	110	88	1	15451575001
2835	15452	4	112	83	1	15452306000
2836	15452	5	113	83	1	15452338001
2837	15452	10	112	84	1	15452448001
2838	15452	15	111	85	1	15452176001
2839	15452	17	113	85	1	15452823000
2840	15452	21	111	86	1	15452415001
2841	15453	11	113	84	1	15453656000
2842	15453	22	112	86	1	15453952001
2843	15454	3	111	83	1	15454965001
2844	15454	16	112	85	1	15454251000
2845	15454	17	113	85	1	15454788001
2846	15454	23	113	86	1	15454402001
2847	15454	33	111	88	1	15454689001
2848	15455	10	112	84	1	15455669000
2849	15455	27	111	87	1	15455611001
2850	15455	28	112	87	1	15455762000
2851	15455	29	113	87	1	15455279001
2852	15455	32	110	88	1	15455213001
2853	15456	16	112	85	1	15456736000
2854	15456	21	111	86	1	15456453000
2855	15456	22	112	86	1	15456506001
2856	15456	23	113	86	1	15456475001
2857	15456	35	113	88	1	15456956001
2858	15457	29	113	87	1	15457303000
2859	15457	33	111	88	1	15457393000
2860	15457	34	112	88	1	15457837001
2861	15458	22	112	86	1	15458958000
2862	15458	27	111	87	1	15458806000
2863	15458	28	112	87	1	15458285000
2864	15458	35	113	88	1	15458927000
2865	15459	34	112	88	1	15459936000
2866	15460	33	111	88	1	15460116000
2867	15463	28	112	87	1	15463405001
2868	15469	7	109	84	1	15469073001
2869	15476	34	112	88	1	15476267000
2870	18874	3	111	83	0	18874938000
2871	18874	4	112	83	0	18874088001
2872	18875	2	110	83	0	18875157001
2873	18876	1	109	83	0	18876730001
2874	18876	10	112	84	0	18876296001
2875	18877	0	108	83	0	18877647001
2876	18877	9	111	84	0	18877826000
2877	18878	8	110	84	0	18878969000
2878	18880	16	112	85	0	18880220001
2879	18881	14	110	85	0	18881324000
2880	18882	13	109	85	0	18882825000
2881	18882	22	112	86	0	18882616000
2882	18883	12	108	85	0	18883305000
2883	18883	20	110	86	0	18883993001
2884	18884	19	109	86	0	18884173000
2885	18885	18	108	86	0	18885001001
2886	18885	28	112	87	0	18885061001
2887	18888	24	108	87	0	18888031000
2888	18888	33	111	88	0	18888549000
2889	18889	31	109	88	0	18889514000
2890	18890	30	108	88	0	18890416001
2891	18959	24	108	87	0	18959334000
2892	18962	30	108	88	0	18962437001
2893	18963	24	108	87	1	18963040000
2894	18966	30	108	88	1	18966126001
2895	19013	24	108	87	0	19013952001
2896	19013	30	108	88	0	19013217000
2897	19015	18	108	86	0	19015507000
2898	19016	30	108	88	0	19016516001
2899	19016	31	109	88	0	19016619000
2900	19017	25	109	87	0	19017332001
2901	19018	24	108	87	1	19018256001
2902	19019	30	108	88	1	19019052001
2903	19019	31	109	88	0	19019441001
2904	19019	32	110	88	0	19019924001
2905	19020	26	110	87	0	19020371000
2906	19022	25	109	87	1	19022198001
2907	19022	31	109	88	1	19022560000
2908	19023	27	111	87	0	19023633001
2909	19023	33	111	88	0	19023036000
2910	19024	26	110	87	1	19024371001
2911	19025	21	111	86	0	19025144000
2912	19025	33	111	88	0	19025276000
2913	19025	34	112	88	0	19025127000
2914	19026	28	112	87	0	19026476001
2915	19026	32	110	88	1	19026023001
2916	19027	34	112	88	0	19027352001
2917	19028	22	112	86	0	19028044001
2918	19028	27	111	87	1	19028771000
2919	19028	33	111	88	1	19028907001
2920	19029	28	112	87	0	19029296001
2921	19029	29	113	87	0	19029521001
2922	19029	35	113	88	0	19029021000
2923	19030	23	113	86	0	19030729001
2924	19031	29	113	87	0	19031481000
2925	19031	35	113	88	0	19031212001
2926	19032	28	112	87	1	19032054001
2927	19032	34	112	88	1	19032623001
2928	19034	22	112	86	1	19034786000
2929	19035	23	113	86	1	19035491001
2930	19036	29	113	87	1	19036214001
2931	19036	33	111	88	1	19036958000
2932	19037	35	113	88	1	19037513000
2933	19038	34	112	88	1	19038194000
2934	19045	35	113	88	1	19045223000
2935	19054	30	108	88	0	19054997000
2936	19054	31	109	88	0	19054987000
2937	19054	33	111	88	1	19054689001
2938	19054	34	112	88	0	19054492001
2939	19054	35	113	88	0	19054404000
2940	19055	32	110	88	0	19055428000
2941	19056	24	108	87	0	19056842001
2942	19056	26	110	87	0	19056948000
2943	19056	28	112	87	0	19056965000
2944	19056	34	112	88	0	19056267000
2945	19056	35	113	88	0	19056350001
2946	19057	25	109	87	0	19057027000
2947	19057	27	111	87	0	19057136000
2948	19057	29	113	87	0	19057065001
2949	19057	31	109	88	0	19057076001
2950	19057	32	110	88	0	19057877000
2951	19057	33	111	88	0	19057019000
2952	19058	18	108	86	0	19058859000
2953	19058	19	109	86	0	19058699000
2954	19058	20	110	86	0	19058717001
2955	19058	21	111	86	0	19058609000
2956	19058	22	112	86	0	19058582001
2957	19058	23	113	86	0	19058814000
2958	19059	26	110	87	0	19059630000
2959	19059	27	111	87	0	19059993000
2960	19059	28	112	87	0	19059059000
2961	19059	29	113	87	0	19059837001
2962	19059	30	108	88	1	19059113001
2963	19059	31	109	88	1	19059563000
2964	19060	12	108	85	0	19060491000
2965	19060	13	109	85	0	19060426000
2966	19060	14	110	85	0	19060384000
2967	19060	15	111	85	0	19060298001
2968	19060	16	112	85	0	19060047000
2969	19060	17	113	85	0	19060182000
2970	19060	22	112	86	0	19060644001
2971	19060	23	113	86	0	19060942000
2972	19060	24	108	87	1	19060765001
2973	19060	32	110	88	1	19060630001
2974	19060	33	111	88	1	19060913000
2975	19061	7	109	84	0	19061958000
2976	19061	8	110	84	0	19061797000
2977	19061	9	111	84	0	19061688001
2978	19061	10	112	84	0	19061634000
2979	19061	11	113	84	0	19061788000
2980	19061	16	112	85	0	19061990001
2981	19061	18	108	86	1	19061877001
2982	19061	19	109	86	0	19061072001
2983	19061	20	110	86	0	19061088000
2984	19061	21	111	86	0	19061353000
2985	19061	25	109	87	1	19061543000
2986	19061	34	112	88	1	19061710000
2987	19062	6	108	84	1	19062015001
2988	19062	15	111	85	0	19062779000
2989	19062	17	113	85	0	19062946001
2990	19062	26	110	87	1	19062115000
2991	19062	27	111	87	1	19062671001
2992	19062	28	112	87	1	19062997001
2993	19062	33	111	88	1	19062555001
2994	19062	35	113	88	1	19062716001
2995	19063	0	108	83	0	19063981000
2996	19063	1	109	83	0	19063772000
2997	19063	2	110	83	0	19063653001
2998	19063	3	111	83	0	19063740001
2999	19063	4	112	83	0	19063549001
3000	19063	5	113	83	0	19063286000
3001	19063	8	110	84	0	19063968001
3002	19063	9	111	84	0	19063751001
3003	19063	10	112	84	0	19063809000
3004	19063	11	113	84	0	19063731000
3005	19063	12	108	85	1	19063193000
3006	19063	13	109	85	1	19063717000
3007	19063	19	109	86	1	19063083000
3008	19063	20	110	86	1	19063265001
3009	19063	21	111	86	1	19063696000
3010	19063	29	113	87	1	19063884001
3011	19063	34	112	88	1	19063305000
3012	19064	6	108	84	1	19064834000
3013	19064	14	110	85	1	19064562001
3014	19064	15	111	85	1	19064862000
3015	19064	22	112	86	1	19064296000
3016	19064	28	112	87	1	19064796001
3017	19064	35	113	88	1	19064777000
3018	19065	5	113	83	0	19065439000
3019	19065	7	109	84	1	19065246001
3020	19065	16	112	85	1	19065812001
3021	19065	23	113	86	1	19065319001
3022	19066	0	108	83	1	19066094000
3023	19066	1	109	83	1	19066619001
3024	19066	3	111	83	0	19066522000
3025	19066	4	112	83	0	19066169001
3026	19066	8	110	84	1	19066020001
3027	19066	9	111	84	1	19066258000
3028	19066	10	112	84	1	19066879000
3029	19066	15	111	85	1	19066480000
3030	19066	17	113	85	1	19066168000
3031	19066	22	112	86	1	19066408001
3032	19066	29	113	87	1	19066282001
3033	19067	2	110	83	1	19067311001
3034	19067	11	113	84	1	19067377001
3035	19067	21	111	86	1	19067080000
3036	19068	3	111	83	1	19068439000
3037	19068	4	112	83	1	19068515000
3038	19068	5	113	83	1	19068396000
3039	19068	17	113	85	1	19068478000
3040	19069	11	113	84	1	19069236001
3041	19070	5	113	83	1	19070075001
3042	19070	9	111	84	1	19070190001
3043	19070	16	112	85	1	19070500001
3044	19178	30	108	88	0	19178220001
3045	19180	30	108	88	0	19180747001
3046	19181	24	108	87	0	19181283001
3047	19183	30	108	88	0	19183467000
3048	19184	24	108	87	0	19184424000
3049	19184	31	109	88	0	19184152000
3050	19186	18	108	86	0	19186999000
3051	19186	31	109	88	0	19186527000
3052	19187	25	109	87	0	19187872000
3053	19187	30	108	88	0	19187116001
3054	19188	24	108	87	0	19188329001
3055	19188	31	109	88	0	19188956000
3056	19189	18	108	86	0	19189975000
3057	19189	32	110	88	0	19189105000
3058	19190	19	109	86	0	19190978001
3059	19191	12	108	85	0	19191013000
3060	19191	24	108	87	0	19191515001
3061	19191	25	109	87	0	19191040001
3062	19191	31	109	88	0	19191939000
3063	19192	26	110	87	0	19192266001
3064	19192	33	111	88	0	19192417000
3065	19193	18	108	86	0	19193651001
3066	19193	19	109	86	0	19193920000
3067	19193	32	110	88	0	19193006000
3068	19194	6	108	84	0	19194871000
3069	19194	12	108	85	0	19194081000
3070	19194	33	111	88	0	19194902000
3071	19195	25	109	87	0	19195608000
3072	19195	26	110	87	0	19195377001
3073	19195	34	112	88	0	19195979001
3074	19196	19	109	86	0	19196822000
3075	19197	12	108	85	1	19197227000
3076	19197	13	109	85	0	19197233000
3077	19197	18	108	86	0	19197266000
3078	19197	20	110	86	0	19197865000
3079	19197	32	110	88	0	19197964000
3080	19197	33	111	88	0	19197906001
3081	19198	6	108	84	0	19198168001
3082	19198	27	111	87	0	19198496000
3083	19198	34	112	88	0	19198905001
3084	19199	19	109	86	0	19199843001
3085	19199	26	110	87	0	19199661000
3086	19200	0	108	83	0	19200147001
3087	19200	7	109	84	0	19200887001
3088	19200	13	109	85	0	19200262001
3089	19200	20	110	86	0	19200674000
3090	19200	25	109	87	0	19200852000
3091	19200	31	109	88	0	19200664001
3092	19201	6	108	84	0	19201496000
3093	19201	12	108	85	0	19201198000
3094	19201	14	110	85	0	19201011001
3095	19201	21	111	86	0	19201507000
3096	19201	27	111	87	0	19201190000
3097	19201	28	112	87	0	19201101001
3098	19201	33	111	88	0	19201463000
3099	19201	34	112	88	0	19201234000
3100	19202	0	108	83	0	19202989001
3101	19202	35	113	88	0	19202763000
3102	19203	14	110	85	0	19203502000
3103	19203	19	109	86	0	19203412000
3104	19203	20	110	86	0	19203770000
3105	19203	28	112	87	0	19203596000
3106	19204	6	108	84	0	19204792000
3107	19204	7	109	84	0	19204109001
3108	19204	21	111	86	0	19204382001
3109	19204	26	110	87	0	19204027001
3110	19204	34	112	88	0	19204043000
3111	19205	1	109	83	0	19205670000
3112	19205	8	110	84	0	19205874001
3113	19205	13	109	85	0	19205543000
3114	19205	22	112	86	0	19205019000
3115	19205	27	111	87	0	19205172000
3116	19205	29	113	87	0	19205493000
3117	19205	35	113	88	0	19205680001
3118	19206	0	108	83	0	19206775001
3119	19206	14	110	85	0	19206881001
3120	19206	15	111	85	0	19206355001
3121	19206	20	110	86	0	19206607000
3122	19206	28	112	87	0	19206278000
3123	19207	7	109	84	0	19207555000
3124	19207	21	111	86	0	19207621001
3125	19207	33	111	88	0	19207508000
3126	19207	34	112	88	0	19207247001
3127	19208	1	109	83	0	19208489000
3128	19208	8	110	84	0	19208519001
3129	19208	22	112	86	0	19208324000
3130	19209	2	110	83	0	19209320000
3131	19209	15	111	85	0	19209621000
3132	19209	29	113	87	0	19209138001
3133	19209	35	113	88	0	19209035000
3134	19210	0	108	83	0	19210735000
3135	19210	9	111	84	0	19210498001
3136	19210	14	110	85	0	19210411001
3137	19210	16	112	85	0	19210372000
3138	19210	20	110	86	0	19210827001
3139	19210	22	112	86	0	19210900001
3140	19210	27	111	87	0	19210223000
3141	19210	28	112	87	0	19210688000
3142	19211	1	109	83	0	19211950001
3143	19211	7	109	84	0	19211115000
3144	19211	29	113	87	0	19211965000
3145	19212	2	110	83	0	19212287001
3146	19212	8	110	84	0	19212002000
3147	19212	21	111	86	0	19212138001
3148	19212	35	113	88	0	19212488001
3149	19213	9	111	84	0	19213287001
3150	19213	15	111	85	0	19213826000
3151	19213	16	112	85	0	19213464001
3152	19213	23	113	86	0	19213520001
3153	19214	22	112	86	0	19214201001
3154	19215	1	109	83	0	19215847001
3155	19215	2	110	83	0	19215177000
3156	19215	3	111	83	0	19215867001
3157	19215	8	110	84	0	19215093001
3158	19215	9	111	84	0	19215885000
3159	19215	29	113	87	0	19215691000
3160	19216	16	112	85	0	19216516000
3161	19216	23	113	86	0	19216403000
3162	19217	10	112	84	0	19217147000
3163	19217	17	113	85	0	19217279000
3164	19218	3	111	83	0	19218705000
3165	19218	22	112	86	0	19218201001
3166	19219	2	110	83	0	19219208001
3167	19219	9	111	84	0	19219287001
3168	19219	10	112	84	0	19219791001
3169	19219	15	111	85	0	19219775000
3170	19219	23	113	86	0	19219215000
3171	19220	17	113	85	0	19220764001
3172	19221	4	112	83	0	19221873001
3173	19221	16	112	85	0	19221320000
3174	19222	3	111	83	0	19222365001
3175	19222	9	111	84	0	19222102000
3176	19222	10	112	84	0	19222583000
3177	19222	11	113	84	0	19222560001
3178	19222	23	113	86	0	19222506001
3179	19224	17	113	85	0	19224697000
3180	19224	33	111	88	1	19224642001
3181	19224	34	112	88	1	19224350001
3182	19224	35	113	88	1	19224475000
3183	19225	4	112	83	0	19225093001
3184	19225	11	113	84	0	19225917001
3185	19225	31	109	88	1	19225811000
3186	19225	32	110	88	1	19225449000
3187	19226	3	111	83	0	19226859000
3188	19226	10	112	84	0	19226295001
3189	19226	30	108	88	1	19226353001
3190	19226	34	112	88	1	19226625000
3191	19226	35	113	88	1	19226652001
3192	19227	26	110	87	1	19227276001
3193	19227	27	111	87	1	19227616000
3194	19227	28	112	87	1	19227012001
3195	19227	29	113	87	1	19227213000
3196	19227	32	110	88	1	19227936000
3197	19227	33	111	88	1	19227265001
3198	19228	4	112	83	0	19228359000
3199	19228	5	113	83	0	19228825001
3200	19228	17	113	85	0	19228915001
3201	19228	22	112	86	1	19228890000
3202	19228	24	108	87	1	19228824001
3203	19228	25	109	87	1	19228263000
3204	19228	30	108	88	1	19228770000
3205	19228	31	109	88	1	19228427001
3206	19229	2	110	83	0	19229424001
3207	19229	10	112	84	0	19229294001
3208	19229	11	113	84	0	19229019001
3209	19229	21	111	86	1	19229968000
3210	19229	23	113	86	1	19229230001
3211	19229	26	110	87	1	19229987001
3212	19229	27	111	87	1	19229790001
3213	19229	28	112	87	1	19229340001
3214	19229	29	113	87	1	19229423000
3215	19230	18	108	86	1	19230864000
3216	19230	19	109	86	1	19230481000
3217	19230	20	110	86	1	19230130001
3218	19230	25	109	87	1	19230648001
3219	19230	34	112	88	1	19230868001
3220	19231	15	111	85	1	19231523001
3221	19231	22	112	86	1	19231397001
3222	19231	23	113	86	1	19231607001
3223	19231	24	108	87	1	19231314000
3224	19232	5	113	83	0	19232466001
3225	19232	13	109	85	1	19232939001
3226	19232	14	110	85	1	19232637000
3227	19232	16	112	85	1	19232529000
3228	19232	17	113	85	1	19232308001
3229	19232	20	110	86	1	19232242000
3230	19232	21	111	86	1	19232178000
3231	19233	12	108	85	1	19233536001
3232	19233	15	111	85	1	19233805001
3233	19233	18	108	86	1	19233462001
3234	19233	19	109	86	1	19233129000
3235	19234	4	112	83	0	19234304001
3236	19234	9	111	84	1	19234950000
3237	19234	10	112	84	1	19234247001
3238	19234	14	110	85	1	19234857000
3239	19234	16	112	85	1	19234646000
3240	19234	17	113	85	1	19234456001
3241	19235	7	109	84	1	19235559001
3242	19235	8	110	84	1	19235360000
3243	19235	13	109	85	1	19235395000
3244	19235	15	111	85	1	19235552000
3245	19235	22	112	86	1	19235659000
3246	19236	6	108	84	1	19236049001
3247	19236	10	112	84	1	19236876001
3248	19236	11	113	84	1	19236155001
3249	19236	12	108	85	1	19236025000
3250	19237	2	110	83	1	19237408001
3251	19237	3	111	83	1	19237966000
3252	19237	4	112	83	1	19237774001
3253	19237	8	110	84	1	19237732001
3254	19237	9	111	84	1	19237201000
3255	19238	0	108	83	1	19238447001
3256	19238	1	109	83	1	19238155000
3257	19238	5	113	83	1	19238933001
3258	19238	6	108	84	1	19238768000
3259	19238	7	109	84	1	19238178000
3260	19239	20	110	86	1	19239629001
3261	19240	0	108	83	1	19240941000
3262	19240	1	109	83	1	19240420000
3263	19240	2	110	83	1	19240094000
3264	19240	3	111	83	1	19240128000
3265	19240	4	112	83	1	19240053001
3266	19259	22	112	86	0	19259892001
3267	19260	20	110	86	0	19260939001
3268	19484	4	112	83	0	19484499000
3269	19485	10	112	84	0	19485603000
3270	19485	11	113	84	0	19485864000
3271	19489	22	112	86	0	19489415001
3272	19489	23	113	86	0	19489204001
3273	19490	20	110	86	0	19490172001
3274	19491	28	112	87	0	19491175000
3275	19491	29	113	87	0	19491215000
3276	19492	34	112	88	0	19492891000
3277	19493	33	111	88	0	19493467001
3278	19494	31	109	88	0	19494027001
3279	19508	5	113	83	0	19508146001
3280	19510	4	112	83	0	19510315000
3281	19510	5	113	83	0	19510996000
3282	19510	11	113	84	0	19510830000
3283	19511	10	112	84	0	19511949001
3284	19512	0	108	83	0	19512006000
3285	19512	1	109	83	0	19512878001
3286	19512	3	111	83	0	19512181000
3287	19513	2	110	83	0	19513441000
3288	19513	4	112	83	0	19513072001
3289	19513	6	108	84	0	19513566000
3290	19513	11	113	84	0	19513667000
3291	19513	17	113	85	0	19513183000
3292	19514	0	108	83	0	19514858001
3293	19514	3	111	83	0	19514832000
3294	19514	7	109	84	0	19514641000
3295	19514	9	111	84	0	19514177001
3296	19514	10	112	84	0	19514082001
3297	19515	1	109	83	0	19515250001
3298	19515	5	113	83	0	19515375000
3299	19515	8	110	84	0	19515374001
3300	19515	12	108	85	0	19515534001
3301	19515	16	112	85	0	19515236001
3302	19515	17	113	85	0	19515644001
3303	19516	2	110	83	0	19516560000
3304	19516	4	112	83	0	19516210001
3305	19516	6	108	84	0	19516508001
3306	19516	9	111	84	0	19516166000
3307	19516	13	109	85	0	19516633000
3308	19516	23	113	86	0	19516035001
3309	19517	7	109	84	0	19517827000
3310	19517	8	110	84	0	19517872000
3311	19517	10	112	84	0	19517178001
3312	19517	14	110	85	0	19517514000
3313	19517	15	111	85	0	19517675000
3314	19517	16	112	85	0	19517489000
3315	19517	18	108	86	0	19517238000
3316	19517	22	112	86	0	19517780001
3317	19518	9	111	84	0	19518562001
3318	19518	11	113	84	0	19518380001
3319	19518	12	108	85	0	19518165001
3320	19518	19	109	86	0	19518085000
3321	19518	23	113	86	0	19518444001
3322	19518	24	108	87	0	19518957001
3323	19518	29	113	87	0	19518809000
3324	19519	1	109	83	0	19519473000
3325	19519	10	112	84	0	19519921001
3326	19519	13	109	85	0	19519321000
3327	19519	20	110	86	0	19519338000
3328	19519	22	112	86	0	19519992001
3329	19520	14	110	85	0	19520447000
3330	19520	15	111	85	0	19520068001
3331	19520	16	112	85	0	19520385000
3332	19520	17	113	85	0	19520336001
3333	19520	18	108	86	0	19520020001
3334	19520	19	109	86	0	19520264000
3335	19520	21	111	86	0	19520164001
3336	19520	25	109	87	0	19520518001
3337	19520	29	113	87	0	19520999001
3338	19520	30	108	88	0	19520820001
3339	19521	24	108	87	0	19521496000
3340	19521	26	110	87	0	19521501001
3341	19521	28	112	87	0	19521346001
3342	19521	35	113	88	0	19521985001
3343	19522	15	111	85	0	19522677001
3344	19522	20	110	86	0	19522300001
3345	19522	21	111	86	0	19522540000
3346	19522	23	113	86	0	19522067000
3347	19522	27	111	87	0	19522469001
3348	19522	31	109	88	0	19522013001
3349	19523	19	109	86	0	19523632000
3350	19523	22	112	86	0	19523516001
3351	19523	25	109	87	0	19523299001
3352	19523	28	112	87	0	19523552001
3353	19523	30	108	88	0	19523639001
3354	19523	32	110	88	0	19523659001
3355	19524	24	108	87	0	19524288000
3356	19524	26	110	87	0	19524636001
3357	19524	29	113	87	0	19524301001
3358	19524	31	109	88	0	19524289001
3359	19524	33	111	88	0	19524417000
3360	19524	34	112	88	0	19524631000
3361	19524	35	113	88	0	19524365001
3362	19525	9	111	84	0	19525258001
3363	19525	20	110	86	0	19525747001
3364	19525	27	111	87	0	19525037000
3365	19526	3	111	83	0	19526004001
3366	19526	28	112	87	0	19526879001
3367	19526	31	109	88	0	19526483000
3368	19526	32	110	88	0	19526826000
3369	19526	33	111	88	0	19526619001
3370	19526	34	112	88	0	19526453001
3371	19527	35	113	88	0	19527542000
3372	19528	30	108	88	0	19528541000
3373	19529	34	112	88	0	19529203001
3374	19530	33	111	88	0	19530349001
3375	19537	30	108	88	1	19537512000
3376	19541	0	108	83	1	19541141001
3377	19541	1	109	83	1	19541117000
3378	19541	2	110	83	1	19541316001
3379	19542	3	111	83	1	19542141001
3380	19543	0	108	83	1	19543346000
3381	19543	1	109	83	1	19543451000
3382	19543	2	110	83	1	19543577000
3383	19543	30	108	88	0	19543861000
3384	19544	3	111	83	1	19544966001
3385	19544	6	108	84	1	19544407000
3386	19544	7	109	84	1	19544022000
3387	19544	8	110	84	1	19544422000
3388	19545	4	112	83	1	19545022001
3389	19545	9	111	84	1	19545032000
3390	19546	7	109	84	1	19546589000
3391	19546	8	110	84	1	19546589000
3392	19546	10	112	84	1	19546913001
3393	19546	30	108	88	0	19546633000
3394	19547	4	112	83	1	19547319001
3395	19547	6	108	84	1	19547656001
3396	19547	9	111	84	1	19547683000
3397	19547	12	108	85	1	19547886000
3398	19547	14	110	85	1	19547717000
3399	19548	5	113	83	1	19548923001
3400	19548	13	109	85	1	19548486000
3401	19548	15	111	85	1	19548126001
3402	19548	34	112	88	0	19548016000
3403	19549	14	110	85	1	19549789000
3404	19549	16	112	85	1	19549595001
3405	19550	10	112	84	1	19550442001
3406	19550	11	113	84	1	19550698000
3407	19550	12	108	85	1	19550055001
3408	19550	15	111	85	1	19550207001
3409	19551	5	113	83	1	19551178000
3410	19551	13	109	85	1	19551494000
3411	19551	20	110	86	1	19551868000
3412	19552	17	113	85	1	19552181000
3413	19552	18	108	86	1	19552005001
3414	19552	19	109	86	1	19552030001
3415	19552	21	111	86	1	19552957000
3416	19553	11	113	84	1	19553490001
3417	19553	16	112	85	1	19553629001
3418	19553	22	112	86	1	19553388000
3419	19554	15	111	85	1	19554926001
3420	19554	17	113	85	1	19554546001
3421	19554	18	108	86	1	19554270001
3422	19554	19	109	86	1	19554672001
3423	19554	20	110	86	1	19554401000
3424	19554	23	113	86	1	19554393000
3425	19556	21	111	86	1	19556036000
3426	19556	22	112	86	1	19556331000
3427	19556	24	108	87	1	19556438000
3428	19556	26	110	87	1	19556628001
3429	19557	25	109	87	1	19557339000
3430	19557	27	111	87	1	19557401000
3431	19557	28	112	87	1	19557201000
3432	19558	23	113	86	1	19558185001
3433	19558	29	113	87	1	19558107000
3434	19559	14	110	85	1	19559858000
3435	19559	24	108	87	1	19559332000
3436	19559	26	110	87	1	19559458000
3437	19559	28	112	87	1	19559458000
3438	19560	25	109	87	1	19560328000
3439	19560	27	111	87	1	19560095000
3440	19561	29	113	87	1	19561019001
3441	19561	30	108	88	1	19561577000
3442	19561	31	109	88	1	19561983000
3443	19561	32	110	88	1	19561726000
3444	19562	33	111	88	1	19562160000
3445	19563	12	108	85	1	19563879000
3446	19563	30	108	88	1	19563969000
3447	19563	34	112	88	1	19563188001
3448	19563	35	113	88	1	19563733000
3449	19564	32	110	88	1	19564328001
3450	19564	33	111	88	1	19564609000
3451	19565	28	112	87	1	19565282001
3452	19565	31	109	88	1	19565002000
3453	19565	34	112	88	1	19565281000
3454	19566	35	113	88	1	19566544001
3455	19568	33	111	88	1	19568879001
3456	19571	32	110	88	1	19571856000
3457	19571	34	112	88	1	19571678000
3458	19572	26	110	87	1	19572869000
3459	19573	30	108	88	1	19573127000
3460	19607	20	110	86	1	19607471001
3461	19803	29	113	87	0	19803977001
3462	19803	35	113	88	0	19803918001
3463	19804	11	113	84	0	19804931001
3464	19804	23	113	86	0	19804085001
3465	19805	17	113	85	0	19805124000
3466	19805	28	112	87	0	19805892000
3467	19805	34	112	88	0	19805620000
3468	19806	5	113	83	0	19806035001
3469	19806	11	113	84	0	19806937000
3470	19806	22	112	86	0	19806996000
3471	19806	23	113	86	0	19806003000
3472	19806	29	113	87	0	19806203001
3473	19806	35	113	88	0	19806066001
3474	19807	10	112	84	0	19807380001
3475	19807	16	112	85	1	19807476001
3476	19807	28	112	87	0	19807754001
3477	19807	33	111	88	0	19807976001
3478	19807	34	112	88	0	19807339000
3479	19808	4	112	83	0	19808394000
3480	19808	5	113	83	0	19808528001
3481	19808	17	113	85	0	19808174001
3482	19808	21	111	86	0	19808933001
3483	19808	23	113	86	0	19808436001
3484	19808	27	111	87	0	19808959001
3485	19809	9	111	84	0	19809722001
3486	19809	10	112	84	0	19809376001
3487	19809	11	113	84	0	19809552001
3488	19809	15	111	85	0	19809654001
3489	19809	16	112	85	0	19809395001
3490	19809	22	112	86	0	19809003000
3491	19809	33	111	88	0	19809792001
3492	19810	3	111	83	0	19810760001
3493	19810	4	112	83	0	19810666000
3494	19810	21	111	86	0	19810786000
3495	19810	26	110	87	0	19810923001
3496	19810	28	112	87	0	19810272000
3497	19810	32	110	88	0	19810501001
3498	19810	34	112	88	0	19810094000
3499	19811	9	111	84	0	19811818001
3500	19811	14	110	85	0	19811634000
3501	19811	20	110	86	0	19811252001
3502	19811	22	112	86	0	19811827001
3503	19811	27	111	87	0	19811189000
3504	19812	3	111	83	0	19812911000
3505	19812	8	110	84	0	19812368000
3506	19812	15	111	85	0	19812218001
3507	19812	31	109	88	0	19812846001
3508	19812	32	110	88	0	19812895000
3509	19813	2	110	83	1	19813015000
3510	19813	14	110	85	0	19813781000
3511	19813	19	109	86	0	19813761000
3512	19813	20	110	86	0	19813328000
3513	19813	21	111	86	0	19813908000
3514	19813	25	109	87	0	19813542000
3515	19813	26	110	87	0	19813337000
3516	19814	7	109	84	0	19814859000
3517	19814	8	110	84	0	19814382001
3518	19814	10	112	84	0	19814187000
3519	19814	13	109	85	0	19814398000
3520	19814	16	112	85	0	19814377001
3521	19814	30	108	88	0	19814315001
3522	19814	31	109	88	0	19814977000
3523	19815	1	109	83	0	19815004001
3524	19815	2	110	83	0	19815127000
3525	19815	9	111	84	0	19815784001
3526	19815	19	109	86	0	19815991001
3527	19815	24	108	87	0	19815137000
3528	19816	12	108	85	0	19816542000
3529	19816	18	108	86	0	19816198000
3530	19816	25	109	87	0	19816192001
3531	19816	30	108	88	0	19816364000
3532	19817	0	108	83	0	19817846001
3533	19817	1	109	83	0	19817239001
3534	19817	6	108	84	0	19817341000
3535	19817	7	109	84	0	19817537001
3536	19817	8	110	84	0	19817179001
3537	19817	13	109	85	0	19817259000
3538	19817	24	108	87	0	19817114001
3539	19818	12	108	85	0	19818698000
3540	19818	14	110	85	0	19818304000
3541	19818	18	108	86	0	19818150001
3542	19818	20	110	86	0	19818182000
3543	19818	30	108	88	0	19818916001
3544	19819	6	108	84	0	19819982001
3545	19820	0	108	83	0	19820271000
3546	19821	12	108	85	0	19821401001
3547	19822	31	109	88	0	19822699000
3548	19822	33	111	88	0	19822343001
3549	19828	24	108	87	0	19828148000
3550	19833	22	112	86	0	19833513001
3551	19836	35	113	88	1	19836739001
3552	19837	33	111	88	1	19837449000
3553	19837	34	112	88	1	19837521001
3554	19839	28	112	87	1	19839615001
3555	19839	30	108	88	1	19839961001
3556	19839	31	109	88	1	19839266001
3557	19839	32	110	88	1	19839032001
3558	19839	35	113	88	1	19839447000
3559	19840	29	113	87	1	19840114000
3560	19840	33	111	88	1	19840264000
3561	19840	34	112	88	1	19840479001
3562	19841	26	110	87	1	19841960000
3563	19841	27	111	87	1	19841120001
3564	19841	35	113	88	1	19841781000
3565	19842	22	112	86	1	19842861000
3566	19842	23	113	86	1	19842974000
3567	19842	28	112	87	1	19842683001
3568	19842	31	109	88	1	19842628000
3569	19842	32	110	88	1	19842074001
3570	19842	33	111	88	1	19842433000
3571	19843	24	108	87	1	19843628001
3572	19843	25	109	87	1	19843178001
3573	19843	29	113	87	1	19843561001
3574	19843	30	108	88	1	19843157000
3575	19843	34	112	88	1	19843182000
3576	19844	20	110	86	1	19844968001
3577	19844	21	111	86	1	19844597000
3578	19844	27	111	87	1	19844665000
3579	19844	28	112	87	1	19844939001
3580	19845	26	110	87	1	19845418001
3581	19846	17	113	85	1	19846739000
3582	19846	18	108	86	1	19846767000
3583	19846	19	109	86	1	19846487001
3584	19846	22	112	86	1	19846974001
3585	19846	23	113	86	1	19846494000
3586	19846	24	108	87	1	19846555001
3587	19846	25	109	87	1	19846262001
3588	19847	14	110	85	1	19847811000
3589	19847	16	112	85	1	19847530000
3590	19848	15	111	85	1	19848168001
3591	19848	20	110	86	1	19848077001
3592	19848	21	111	86	1	19848484000
3593	19849	12	108	85	1	19849906000
3594	19849	13	109	85	1	19849387000
3595	19849	22	112	86	1	19849630000
3596	19849	23	113	86	1	19849405000
3597	19849	27	111	87	1	19849631001
3598	19849	30	108	88	1	19849163000
3599	19850	10	112	84	1	19850700001
3600	19850	11	113	84	1	19850242001
3601	19850	17	113	85	1	19850398000
3602	19850	18	108	86	1	19850096001
3603	19850	19	109	86	1	19850065001
3604	19850	20	110	86	1	19850456001
3605	19850	29	113	87	1	19850398000
3606	19851	9	111	84	1	19851262000
3607	19851	14	110	85	1	19851000000
3608	19851	15	111	85	1	19851335000
3609	19851	16	112	85	1	19851355000
3610	19852	8	110	84	1	19852212001
3611	19852	13	109	85	1	19852207000
3612	19852	18	108	86	1	19852730001
3613	19852	26	110	87	1	19852761001
3614	19852	32	110	88	1	19852695000
3615	19853	6	108	84	1	19853877000
3616	19853	7	109	84	1	19853148000
3617	19853	11	113	84	1	19853720001
3618	19853	12	108	85	1	19853592000
3619	19853	14	110	85	1	19853228001
3620	19853	15	111	85	1	19853340001
3621	19853	17	113	85	1	19853455001
3622	19853	24	108	87	1	19853496000
3623	19854	5	113	83	1	19854266001
3624	19854	10	112	84	1	19854830000
3625	19854	13	109	85	1	19854800000
3626	19854	16	112	85	1	19854730001
3627	19854	21	111	86	1	19854037000
3628	19855	8	110	84	1	19855435000
3629	19855	9	111	84	1	19855581001
3630	19855	12	108	85	1	19855769001
3631	19856	2	110	83	1	19856891000
3632	19856	3	111	83	1	19856601000
3633	19856	4	112	83	1	19856107001
3634	19856	11	113	84	1	19856501001
3635	19857	0	108	83	1	19857674001
3636	19857	1	109	83	1	19857423000
3637	19857	7	109	84	1	19857229001
3638	19857	8	110	84	1	19857780000
3639	19857	10	112	84	1	19857727000
3640	19858	5	113	83	1	19858869000
3641	19858	6	108	84	1	19858310001
3642	19858	9	111	84	1	19858575001
3643	19860	3	111	83	1	19860903001
3644	19860	4	112	83	1	19860081001
3645	19860	7	109	84	1	19860941000
3646	19861	0	108	83	1	19861094001
3647	19861	1	109	83	1	19861207000
3648	19861	2	110	83	1	19861432001
3649	19861	5	113	83	1	19861784000
3650	19861	14	110	85	1	19861543000
3651	19862	6	108	84	1	19862961000
3652	19863	0	108	83	1	19863965001
3653	19863	1	109	83	1	19863892000
3654	19863	3	111	83	1	19863787001
3655	19863	4	112	83	1	19863516000
3656	19864	8	110	84	1	19864566001
3657	19865	2	110	83	1	19865005001
3658	19870	0	108	83	1	19870046001
3659	19901	31	109	88	1	19901561001
3660	19913	31	109	88	0	19913035001
3661	20114	6	108	84	0	20114781001
3662	20117	12	108	85	0	20117894000
3663	20119	18	108	86	0	20119693000
3664	20122	24	108	87	0	20122987001
3665	20123	26	110	87	0	20123958001
3666	20126	30	108	88	0	20126103001
3667	20126	31	109	88	0	20126852000
3668	20126	32	110	88	0	20126760000
3669	20133	24	108	87	1	20133363001
3670	20135	18	108	86	1	20135547001
3671	20158	0	108	83	0	20158850001
3672	20158	6	108	84	0	20158694000
3673	20161	1	109	83	0	20161840000
3674	20161	7	109	84	0	20161073001
3675	20163	8	110	84	0	20163420001
3676	20164	2	110	83	0	20164122000
3677	20165	0	108	83	1	20165279000
3678	20166	9	111	84	0	20166105001
3679	20167	2	110	83	0	20167480000
3680	20167	3	111	83	0	20167163001
3681	20167	8	110	84	1	20167968001
3682	20168	1	109	83	1	20168529000
3683	20168	10	112	84	0	20168589000
3684	20169	4	112	83	0	20169503000
3685	20170	2	110	83	1	20170370000
3686	20171	9	111	84	1	20171420000
3687	20171	11	113	84	0	20171012000
3688	20172	5	113	83	0	20172020001
3689	20173	3	111	83	1	20173486000
3690	20173	10	112	84	1	20173213000
3691	20174	11	113	84	1	20174585001
3692	20175	4	112	83	1	20175000000
3693	20177	5	113	83	1	20177100001
3694	20198	0	108	83	0	20198741000
3695	20203	1	109	83	0	20203917000
3696	20203	6	108	84	0	20203678001
3697	20205	0	108	83	1	20205088001
3698	20208	1	109	83	1	20208710001
3699	20234	24	108	87	0	20234448001
3700	20240	10	112	84	0	20240862000
3701	20736	30	108	88	0	20736470000
3702	20738	31	109	88	0	20738422000
3703	20880	29	113	87	0	20880776000
3704	20882	34	112	88	0	20882432001
3705	21304	30	108	88	0	21304557001
3706	21304	31	109	88	0	21304147001
3707	21304	32	110	88	0	21304575000
3708	21305	24	108	87	0	21305650000
3709	21305	25	109	87	0	21305806000
3710	21306	18	108	86	0	21306898001
3711	21306	19	109	86	0	21306746000
3712	21306	30	108	88	1	21306493001
3713	21306	31	109	88	1	21306006001
3714	21307	24	108	87	1	21307674000
3715	21308	12	108	85	0	21308232001
3716	21308	18	108	86	1	21308557001
3717	21309	6	108	84	0	21309395001
3718	21629	4	112	83	0	21629387001
3719	21629	5	113	83	0	21629724001
3720	21630	10	112	84	0	21630804000
3721	21631	11	113	84	0	21631292001
3722	21632	4	112	83	1	21632075001
3723	21632	5	113	83	1	21632175001
3724	21632	17	113	85	0	21632814001
3725	21633	11	113	84	1	21633502000
3726	21805	22	112	86	0	21805739001
3727	21826	31	109	88	0	21826538000
3728	22105	30	108	88	0	22105982000
3729	22226	10	112	84	0	22226630000
3730	22243	22	112	86	0	22243882000
3731	22253	29	113	87	0	22253290000
3732	22254	28	112	87	0	22254833000
3733	22258	24	108	87	0	22258477000
3734	22266	34	112	88	0	22266400000
3735	22266	35	113	88	0	22266150001
3736	22267	28	112	87	1	22267978000
3737	22277	31	109	88	0	22277750000
3738	22335	28	112	87	0	22335037000
3739	22355	19	109	86	0	22355149000
3740	22371	16	112	85	0	22371708000
3741	22382	9	111	84	0	22382090000
3742	22679	10	112	84	0	22679533000
3743	23497	10	112	84	0	23497708001
3744	23944	23	113	86	0	23944728000
3745	23945	17	113	85	0	23945793001
3746	23947	11	113	84	0	23947003001
3747	23947	22	112	86	0	23947695001
3748	23947	23	113	86	0	23947593000
3749	23947	28	112	87	0	23947014001
3750	23947	29	113	87	0	23947857000
3751	23948	5	113	83	0	23948666001
3752	23948	17	113	85	0	23948516000
3753	23949	11	113	84	0	23949245000
3754	23949	16	112	85	0	23949024001
3755	23949	22	112	86	0	23949789001
3756	23949	27	111	87	0	23949915000
3757	23949	28	112	87	0	23949536001
3758	23949	33	111	88	0	23949213001
3759	23950	10	112	84	0	23950358001
3760	23950	21	111	86	0	23950816001
3761	23950	29	113	87	0	23950485001
3762	23950	34	112	88	0	23950107001
3763	23951	5	113	83	0	23951200000
3764	23951	11	113	84	0	23951980000
3765	23951	16	112	85	0	23951018000
3766	23951	23	113	86	0	23951527000
3767	23951	27	111	87	0	23951973001
3768	23951	33	111	88	0	23951426000
3769	23952	4	112	83	0	23952378001
3770	23952	10	112	84	0	23952449001
3771	23952	22	112	86	0	23952125001
3772	23952	32	110	88	0	23952486001
3773	23952	34	112	88	0	23952442000
3774	23953	9	111	84	0	23953909001
3775	23953	15	111	85	0	23953050000
3776	23953	21	111	86	0	23953028001
3777	23953	26	110	87	0	23953241000
3778	23953	28	112	87	0	23953222001
3779	23953	35	113	88	0	23953998000
3780	23954	4	112	83	0	23954907000
3781	23954	5	113	83	0	23954655001
3782	23954	16	112	85	0	23954650001
3783	23954	27	111	87	0	23954747000
3784	23954	31	109	88	0	23954818001
3785	23954	33	111	88	0	23954971001
3786	23955	10	112	84	0	23955061001
3787	23955	15	111	85	0	23955497001
3788	23955	20	110	86	0	23955347001
3789	23955	29	113	87	0	23955413000
3790	23955	32	110	88	0	23955675000
3791	23956	3	111	83	0	23956304001
3792	23956	9	111	84	0	23956179000
3793	23956	14	110	85	0	23956915001
3794	23956	21	111	86	0	23956489000
3795	23956	23	113	86	0	23956264000
3796	23956	26	110	87	0	23956130001
3797	23956	28	112	87	0	23956345000
3798	23956	31	109	88	0	23956968001
3799	23957	4	112	83	0	23957663001
3800	23957	20	110	86	0	23957642000
3801	23957	25	109	87	0	23957696000
3802	23957	34	112	88	0	23957068000
3803	23957	35	113	88	0	23957453001
3804	23958	3	111	83	0	23958966001
3805	23958	15	111	85	0	23958782000
3806	23958	19	109	86	0	23958536001
3807	23958	22	112	86	0	23958226001
3808	23958	29	113	87	0	23958030001
3809	23959	8	110	84	0	23959081000
3810	23959	9	111	84	0	23959120000
3811	23959	14	110	85	0	23959343000
3812	23959	17	113	85	0	23959585000
3813	23959	25	109	87	0	23959904001
3814	23959	26	110	87	0	23959519000
3815	23959	30	108	88	0	23959570000
3816	23959	31	109	88	0	23959933000
3817	23959	33	111	88	0	23959438000
3818	23960	2	110	83	0	23960618001
3819	23960	20	110	86	0	23960944000
3820	23961	8	110	84	0	23961732000
3821	23961	13	109	85	0	23961595001
3822	23961	19	109	86	0	23961144000
3823	23961	24	108	87	0	23961129000
3824	23961	30	108	88	0	23961727001
3825	23962	2	110	83	0	23962634001
3826	23962	3	111	83	0	23962161001
3827	23962	14	110	85	0	23962321001
3828	23962	34	112	88	0	23962877000
3829	23963	1	109	83	0	23963377001
3830	23963	7	109	84	0	23963189000
3831	23963	18	108	86	0	23963652001
3832	23963	19	109	86	0	23963752000
3833	23963	24	108	87	0	23963494000
3834	23963	25	109	87	0	23963269000
3835	23963	35	113	88	0	23963271000
3836	23964	0	108	83	0	23964945000
3837	23964	8	110	84	0	23964732000
3838	23964	13	109	85	0	23964115000
3839	23964	29	113	87	0	23964085000
3840	23964	30	108	88	0	23964242000
3841	23965	1	109	83	0	23965767000
3842	23965	2	110	83	0	23965983001
3843	23965	6	108	84	0	23965951000
3844	23965	7	109	84	0	23965609001
3845	23965	10	112	84	0	23965508000
3846	23965	12	108	85	0	23965712001
3847	23965	18	108	86	0	23965777001
3848	23965	32	110	88	0	23965659001
3849	23966	24	108	87	0	23966160001
3850	23967	35	113	88	0	23967291001
3851	23968	0	108	83	0	23968127001
3852	23968	6	108	84	0	23968507001
3853	23968	12	108	85	0	23968069000
3854	23968	13	109	85	0	23968980001
3855	23968	18	108	86	0	23968509000
3856	23969	30	108	88	0	23969367000
3857	23969	34	112	88	0	23969633001
3858	23973	24	108	87	0	23973630000
3859	23974	22	112	86	0	23974801000
3860	23976	4	112	83	0	23976798001
3861	23976	31	109	88	0	23976625000
3862	23981	5	113	83	1	23981436001
3863	23982	4	112	83	1	23982897001
3864	23983	5	113	83	1	23983632000
3865	23984	3	111	83	1	23984978000
3866	23984	10	112	84	1	23984952000
3867	23985	4	112	83	1	23985199001
3868	23985	11	113	84	1	23985232001
3869	23986	9	111	84	1	23986666000
3870	23987	2	110	83	1	23987064001
3871	23987	3	111	83	1	23987444001
3872	23987	8	110	84	1	23987982001
3873	23987	10	112	84	1	23987570000
3874	23987	11	113	84	1	23987848000
3875	23988	1	109	83	1	23988934001
3876	23988	15	111	85	1	23988530000
3877	23989	2	110	83	1	23989003001
3878	23989	8	110	84	1	23989937000
3879	23989	14	110	85	1	23989740000
3880	23989	16	112	85	1	23989356001
3881	23989	17	113	85	1	23989071001
3882	23990	7	109	84	1	23990568001
3883	23990	15	111	85	1	23990902000
3884	23991	0	108	83	1	23991673000
3885	23991	1	109	83	1	23991071000
3886	23991	13	109	85	1	23991355000
3887	23991	14	110	85	1	23991710000
3888	23991	16	112	85	1	23991876000
3889	23991	17	113	85	1	23991668000
3890	23992	6	108	84	1	23992779000
3891	23993	0	108	83	1	23993617001
3892	23993	12	108	85	1	23993941000
3893	23993	13	109	85	1	23993484001
3894	23993	19	109	86	1	23993902000
3895	23993	20	110	86	1	23993105000
3896	23993	21	111	86	1	23993868000
3897	23993	22	112	86	1	23993623000
3898	23993	23	113	86	1	23993594001
3899	23995	6	108	84	1	23995322001
3900	23995	7	109	84	1	23995331000
3901	23995	18	108	86	1	23995514000
3902	23995	20	110	86	1	23995716001
3903	23995	23	113	86	1	23995967000
3904	23996	12	108	85	1	23996124001
3905	23996	21	111	86	1	23996525000
3906	23996	22	112	86	1	23996494000
3907	23997	19	109	86	1	23997089001
3908	23998	9	111	84	1	23998028000
3909	23998	18	108	86	1	23998688001
3910	23998	24	108	87	1	23998479001
3911	23998	26	110	87	1	23998885001
3912	23998	28	112	87	1	23998885001
3913	23999	25	109	87	1	23999076001
3914	23999	27	111	87	1	23999477000
3915	23999	29	113	87	1	23999214001
3916	24000	15	111	85	1	24000127000
3917	24001	24	108	87	1	24001471001
3918	24001	25	109	87	1	24001981001
3919	24001	26	110	87	1	24001548000
3920	24002	27	111	87	1	24002343001
3921	24002	28	112	87	1	24002042001
3922	24002	29	113	87	1	24002440000
3923	24003	20	110	86	1	24003029000
3924	24003	31	109	88	1	24003866001
3925	24004	30	108	88	1	24004607000
3926	24005	32	110	88	1	24005059001
3927	24006	28	112	87	1	24006189000
3928	24006	33	111	88	1	24006216001
3929	24006	34	112	88	1	24006222001
3930	24006	35	113	88	1	24006875001
3931	24008	29	113	87	1	24008212000
3932	24008	30	108	88	1	24008438000
3933	24008	31	109	88	1	24008118001
3934	24008	32	110	88	1	24008564000
3935	24010	23	113	86	1	24010569001
3936	24010	33	111	88	1	24010817001
3937	24011	34	112	88	1	24011950000
3938	24012	35	113	88	1	24012980000
3939	24013	27	111	87	1	24013786001
3940	24013	31	109	88	1	24013161001
3941	24014	30	108	88	1	24014486000
3942	24014	32	110	88	1	24014600001
3943	24017	24	108	87	1	24017886000
3944	24020	35	113	88	1	24020758001
3945	24022	34	112	88	1	24022820001
3946	24023	31	109	88	0	24023907001
3947	24024	30	108	88	0	24024632000
3948	24024	32	110	88	0	24024669001
3949	24026	33	111	88	1	24026640001
3950	24026	34	112	88	1	24026850001
3951	24028	30	108	88	0	24028309000
3952	24029	32	110	88	1	24029454001
3953	24031	24	108	87	0	24031367001
3954	24031	31	109	88	1	24031886000
3955	24034	24	108	87	0	24034350001
3956	24034	30	108	88	1	24034037000
3957	24037	24	108	87	1	24037476000
3958	24037	25	109	87	1	24037446001
3959	24069	26	110	87	1	24069933000
3960	24083	28	112	87	1	24083902001
3961	24223	30	108	88	0	24223425000
3962	24224	24	108	87	0	24224322001
3963	24224	31	109	88	0	24224266000
3964	24225	18	108	86	0	24225593001
3965	24225	25	109	87	0	24225493000
3966	24225	30	108	88	0	24225502000
3967	24225	32	110	88	0	24225623000
3968	24226	12	108	85	0	24226693000
3969	24226	19	109	86	0	24226448000
3970	24226	24	108	87	0	24226255001
3971	24226	26	110	87	0	24226371000
3972	24226	31	109	88	0	24226338000
3973	24226	33	111	88	0	24226367001
3974	24227	6	108	84	0	24227645001
3975	24227	13	109	85	0	24227943001
3976	24227	18	108	86	0	24227911000
3977	24227	20	110	86	0	24227446001
3978	24227	27	111	87	0	24227735001
3979	24227	34	112	88	0	24227430000
3980	24228	0	108	83	0	24228871000
3981	24228	7	109	84	0	24228723001
3982	24228	14	110	85	0	24228753000
3983	24228	19	109	86	0	24228533000
3984	24228	21	111	86	0	24228782001
3985	24228	25	109	87	0	24228099000
3986	24228	26	110	87	0	24228842000
3987	24228	28	112	87	0	24228531001
3988	24228	32	110	88	0	24228501001
3989	24228	33	111	88	0	24228145000
3990	24228	35	113	88	0	24228574001
3991	24229	1	109	83	0	24229777000
3992	24229	8	110	84	0	24229686001
3993	24229	12	108	85	0	24229289001
3994	24229	15	111	85	0	24229807001
3995	24229	20	110	86	0	24229665000
3996	24229	22	112	86	0	24229896001
3997	24229	27	111	87	0	24229592001
3998	24229	29	113	87	0	24229664000
3999	24229	34	112	88	0	24229267000
4000	24230	2	110	83	0	24230502001
4001	24230	6	108	84	0	24230177000
4002	24230	9	111	84	0	24230441000
4003	24230	14	110	85	0	24230948000
4004	24230	16	112	85	0	24230965000
4005	24230	21	111	86	0	24230806001
4006	24230	23	113	86	0	24230405000
4007	24230	28	112	87	0	24230493001
4008	24230	35	113	88	0	24230529000
4009	24231	0	108	83	0	24231229000
4010	24231	1	109	83	0	24231982001
4011	24231	3	111	83	0	24231957001
4012	24231	7	109	84	0	24231642001
4013	24231	8	110	84	0	24231839001
4014	24231	10	112	84	0	24231903001
4015	24231	15	111	85	0	24231807001
4016	24231	29	113	87	0	24231658001
4017	24232	2	110	83	0	24232444001
4018	24232	9	111	84	0	24232629001
4019	24232	11	113	84	0	24232976001
4020	24232	13	109	85	0	24232752000
4021	24232	17	113	85	0	24232193001
4022	24232	22	112	86	0	24232109001
4023	24232	23	113	86	0	24232522001
4024	24233	4	112	83	0	24233080001
4025	24233	16	112	85	0	24233378001
4026	24234	3	111	83	0	24234375000
4027	24234	5	113	83	0	24234343001
4028	24234	10	112	84	0	24234324001
4029	24234	17	113	85	0	24234599001
4030	24235	4	112	83	0	24235220000
4031	24235	11	113	84	0	24235206000
4032	24236	5	113	83	0	24236544001
4033	24240	4	112	83	0	24240520001
4034	24242	3	111	83	0	24242769001
4035	24243	9	111	84	0	24243653001
4036	24244	24	108	87	0	24244433001
4037	24250	20	110	86	0	24250523001
4038	24254	2	110	83	0	24254695000
4039	24260	33	111	88	1	24260548000
4040	24260	34	112	88	1	24260009001
4041	24260	35	113	88	1	24260392001
4042	24263	31	109	88	1	24263383000
4043	24263	32	110	88	1	24263080001
4044	24265	30	108	88	1	24265962001
4045	24266	34	112	88	1	24266230000
4046	24268	33	111	88	1	24268015000
4047	24268	35	113	88	1	24268387000
4048	24269	29	113	87	1	24269681000
4049	24271	28	112	87	1	24271888000
4050	24271	31	109	88	1	24271182001
4051	24274	32	110	88	1	24274462000
4052	24277	26	110	87	1	24277775000
4053	24283	0	108	83	1	24283461001
4054	24285	0	108	83	1	24285889000
4055	24285	6	108	84	1	24285033000
4056	24286	12	108	85	1	24286297000
4057	24286	26	110	87	0	24286539000
4058	24286	28	112	87	0	24286148000
4059	24287	1	109	83	1	24287557000
4060	24287	6	108	84	1	24287394000
4061	24287	18	108	86	1	24287667000
4062	24287	32	110	88	0	24287893000
4063	24288	12	108	85	1	24288670001
4064	24288	24	108	87	1	24288857000
4065	24288	31	109	88	0	24288729001
4066	24288	35	113	88	0	24288755001
4067	24289	1	109	83	1	24289742000
4068	24289	7	109	84	1	24289342000
4069	24289	29	113	87	0	24289875001
4070	24289	33	111	88	0	24289991001
4071	24289	34	112	88	0	24289019001
4072	24290	2	110	83	1	24290428000
4073	24290	13	109	85	1	24290395001
4074	24290	18	108	86	1	24290174001
4075	24290	28	112	87	0	24290921000
4076	24291	8	110	84	1	24291855000
4077	24291	19	109	86	1	24291867001
4078	24291	24	108	87	1	24291458000
4079	24291	30	108	88	1	24291998000
4080	24292	2	110	83	1	24292591001
4081	24292	7	109	84	1	24292836001
4082	24292	13	109	85	1	24292607001
4083	24292	34	112	88	0	24292816001
4084	24293	8	110	84	1	24293966000
4085	24293	14	110	85	1	24293127000
4086	24293	25	109	87	1	24293044001
4087	24293	35	113	88	0	24293766000
4088	24294	3	111	83	1	24294192001
4089	24294	19	109	86	1	24294221000
4090	24294	20	110	86	1	24294553001
4091	24294	33	111	88	0	24294831001
4092	24295	9	111	84	1	24295922000
4093	24295	14	110	85	1	24295372001
4094	24295	25	109	87	1	24295211001
4095	24295	30	108	88	1	24295507001
4096	24295	31	109	88	1	24295396001
4097	24295	32	110	88	0	24295104001
4098	24296	3	111	83	1	24296420000
4099	24296	15	111	85	1	24296906000
4100	24296	20	110	86	1	24296780000
4101	24296	26	110	87	1	24296207001
4102	24296	34	112	88	0	24296647000
4103	24297	4	112	83	1	24297018001
4104	24298	9	111	84	1	24298092000
4105	24298	10	112	84	1	24298487001
4106	24298	15	111	85	1	24298707000
4107	24298	21	111	86	1	24298025001
4108	24298	26	110	87	1	24298379000
4109	24298	32	110	88	1	24298078001
4110	24298	35	113	88	0	24298063000
4111	24299	4	112	83	1	24299212000
4112	24299	16	112	85	1	24299806001
4113	24299	27	111	87	1	24299739001
4114	24300	5	113	83	1	24300307001
4115	24300	10	112	84	1	24300751000
4116	24300	21	111	86	1	24300041000
4117	24300	31	109	88	1	24300716001
4118	24300	32	110	88	1	24300590000
4119	24301	11	113	84	1	24301505000
4120	24301	22	112	86	1	24301256001
4121	24301	27	111	87	1	24301674000
4122	24301	28	112	87	1	24301674000
4123	24301	33	111	88	1	24301036001
4124	24302	5	113	83	1	24302286001
4125	24302	16	112	85	1	24302063000
4126	24302	17	113	85	1	24302521000
4127	24303	8	110	84	1	24303042000
4128	24303	11	113	84	1	24303512000
4129	24303	22	112	86	1	24303332000
4130	24303	28	112	87	1	24303701001
4131	24303	33	111	88	1	24303050000
4132	24303	34	112	88	1	24303516001
4133	24304	17	113	85	1	24304606000
4134	24304	23	113	86	1	24304187000
4135	24305	15	111	85	1	24305317001
4136	24305	29	113	87	1	24305653000
4137	24305	34	112	88	1	24305353001
4138	24306	23	113	86	1	24306169000
4139	24306	35	113	88	1	24306552001
4140	24308	29	113	87	1	24308592000
4141	24308	35	113	88	1	24308654000
4142	24311	28	112	87	1	24311915000
4143	24448	20	110	86	1	24448761000
4144	24472	5	113	83	0	24472905000
4145	24473	4	112	83	0	24473636000
4146	24474	3	111	83	0	24474203001
4147	24474	10	112	84	0	24474488001
4148	24474	11	113	84	0	24474046001
4149	24475	1	109	83	0	24475633001
4150	24475	2	110	83	0	24475016001
4151	24475	5	113	83	0	24475623000
4152	24475	8	110	84	0	24475889001
4153	24475	9	111	84	0	24475259001
4154	24475	17	113	85	0	24475354001
4155	24476	7	109	84	0	24476724000
4156	24476	10	112	84	0	24476762001
4157	24476	11	113	84	0	24476982000
4158	24476	15	111	85	0	24476697001
4159	24476	16	112	85	0	24476119000
4160	24476	23	113	86	0	24476432001
4161	24477	1	109	83	1	24477773000
4162	24477	2	110	83	1	24477281000
4163	24477	3	111	83	1	24477132000
4164	24477	4	112	83	1	24477447000
4165	24477	5	113	83	1	24477602000
4166	24477	6	108	84	0	24477794001
4167	24477	9	111	84	0	24477524001
4168	24477	14	110	85	0	24477604000
4169	24477	17	113	85	0	24477991001
4170	24477	21	111	86	0	24477864001
4171	24477	22	112	86	0	24477194000
4172	24477	29	113	87	0	24477642001
4173	24478	10	112	84	1	24478950000
4174	24478	13	109	85	0	24478276001
4175	24478	16	112	85	0	24478257000
4176	24478	20	110	86	0	24478545000
4177	24478	23	113	86	0	24478784000
4178	24478	28	112	87	0	24478488000
4179	24479	7	109	84	1	24479000000
4180	24479	8	110	84	1	24479010001
4181	24479	9	111	84	1	24479367001
4182	24479	11	113	84	1	24479251000
4183	24479	12	108	85	0	24479103001
4184	24479	19	109	86	0	24479345001
4185	24479	22	112	86	0	24479565001
4186	24479	27	111	87	0	24479366000
4187	24479	29	113	87	0	24479907000
4188	24479	35	113	88	0	24479243001
4189	24480	12	108	85	1	24480977001
4190	24480	13	109	85	1	24480734000
4191	24480	14	110	85	1	24480849000
4192	24480	16	112	85	1	24480860000
4193	24480	17	113	85	1	24480897000
4194	24480	18	108	86	0	24480296001
4195	24480	20	110	86	0	24480942000
4196	24480	21	111	86	0	24480296001
4197	24480	26	110	87	0	24480238000
4198	24480	28	112	87	0	24480657001
4199	24480	33	111	88	0	24480522001
4200	24480	34	112	88	0	24480060001
4201	24481	15	111	85	1	24481046000
4202	24481	24	108	87	0	24481650001
4203	24481	25	109	87	0	24481113001
4204	24481	27	111	87	0	24481839001
4205	24481	31	109	88	0	24481815000
4206	24481	32	110	88	0	24481585001
4207	24481	35	113	88	1	24481568001
4208	24482	18	108	86	1	24482714001
4209	24482	19	109	86	1	24482875000
4210	24482	20	110	86	1	24482948001
4211	24482	21	111	86	1	24482594000
4212	24482	30	108	88	0	24482674001
4213	24482	34	112	88	0	24482112001
4214	24483	22	112	86	1	24483029001
4215	24483	23	113	86	1	24483324001
4216	24483	33	111	88	0	24483293001
4217	24484	24	108	87	1	24484856001
4218	24484	25	109	87	1	24484914001
4219	24484	26	110	87	1	24484994001
4220	24484	27	111	87	1	24484695001
4221	24484	28	112	87	1	24484416001
4222	24484	31	109	88	0	24484060000
4223	24484	32	110	88	0	24484744000
4224	24485	29	113	87	1	24485233001
4225	24486	16	112	85	1	24486168000
4226	24486	28	112	87	1	24486311001
4227	24486	30	108	88	1	24486862001
4228	24486	31	109	88	1	24486606001
4229	24486	32	110	88	1	24486942000
4230	24486	33	111	88	1	24486876001
4231	24486	34	112	88	1	24486866000
4232	24487	35	113	88	1	24487190000
4233	24488	27	111	87	1	24488734001
4234	24489	34	112	88	1	24489045000
4235	24490	33	111	88	1	24490156000
4236	24490	35	113	88	1	24490954001
4237	24495	22	112	86	1	24495693001
4238	24497	35	113	88	0	24497845000
4239	24500	29	113	87	0	24500598001
4240	24500	35	113	88	0	24500598001
4241	24501	23	113	86	0	24501200000
4242	24503	17	113	85	0	24503804001
4243	24503	29	113	87	0	24503718000
4244	24503	34	112	88	0	24503651000
4245	24503	35	113	88	0	24503967001
4246	24504	23	113	86	0	24504305001
4247	24505	28	112	87	0	24505049000
4248	24505	34	112	88	0	24505829000
4249	24506	17	113	85	1	24506924000
4250	24506	22	112	86	0	24506055001
4251	24506	23	113	86	1	24506620000
4252	24506	29	113	87	1	24506835001
4253	24507	27	111	87	0	24507965000
4254	24507	35	113	88	1	24507316001
4255	24508	33	111	88	0	24508061000
4256	24509	22	112	86	1	24509853000
4257	24509	28	112	87	1	24509957000
4258	24509	34	112	88	1	24509898000
4259	24510	33	111	88	0	24510134001
4260	24512	33	111	88	1	24512782001
4261	24512	35	113	88	1	24512253001
4262	24514	34	112	88	1	24514715001
4263	24537	21	111	86	1	24537108001
4264	24642	30	108	88	0	24642393000
4265	24642	31	109	88	0	24642716000
4266	24642	33	111	88	0	24642768001
4267	24642	34	112	88	0	24642797001
4268	24643	32	110	88	0	24643325000
4269	24643	35	113	88	1	24643395000
4270	24644	24	108	87	0	24644430000
4271	24644	28	112	87	0	24644849001
4272	24644	30	108	88	0	24644487000
4273	24644	31	109	88	0	24644898000
4274	24644	33	111	88	0	24644683001
4275	24644	34	112	88	0	24644762000
4276	24645	25	109	87	0	24645071001
4277	24645	26	110	87	0	24645056001
4278	24645	27	111	87	0	24645403001
4279	24645	29	113	87	0	24645380001
4280	24645	32	110	88	0	24645697000
4281	24645	35	113	88	1	24645687001
4282	24646	18	108	86	0	24646790001
4283	24646	19	109	86	0	24646360001
4284	24646	21	111	86	0	24646821001
4285	24646	22	112	86	0	24646674000
4286	24646	24	108	87	0	24646584000
4287	24646	28	112	87	0	24646723001
4288	24647	20	110	86	0	24647110000
4289	24647	23	113	86	0	24647337000
4290	24647	25	109	87	0	24647666001
4291	24647	27	111	87	0	24647922001
4292	24647	29	113	87	0	24647801001
4293	24648	12	108	85	0	24648547001
4294	24648	13	109	85	0	24648748000
4295	24648	18	108	86	0	24648856001
4296	24648	19	109	86	0	24648543001
4297	24648	21	111	86	0	24648908000
4298	24648	22	112	86	0	24648496001
4299	24648	26	110	87	0	24648041000
4300	24649	14	110	85	0	24649030001
4301	24649	15	111	85	0	24649421001
4302	24649	16	112	85	0	24649092001
4303	24649	17	113	85	0	24649511000
4304	24649	20	110	86	0	24649394001
4305	24649	23	113	86	0	24649457000
4306	24649	35	113	88	1	24649542001
4307	24650	6	108	84	0	24650746000
4308	24650	7	109	84	0	24650800001
4309	24650	8	110	84	0	24650966000
4310	24650	9	111	84	0	24650852001
4311	24650	12	108	85	0	24650822000
4312	24650	34	112	88	1	24650731001
4313	24651	10	112	84	0	24651087000
4314	24651	11	113	84	0	24651835000
4315	24651	13	109	85	0	24651384000
4316	24651	14	110	85	0	24651295000
4317	24651	16	112	85	0	24651103000
4318	24651	17	113	85	0	24651865001
4319	24651	33	111	88	1	24651507001
4320	24652	0	108	83	0	24652126001
4321	24652	1	109	83	0	24652405001
4322	24652	2	110	83	0	24652749000
4323	24652	9	111	84	0	24652920001
4324	24652	15	111	85	0	24652077000
4325	24652	29	113	87	1	24652884000
4326	24652	35	113	88	1	24652445000
4327	24653	3	111	83	0	24653158000
4328	24653	4	112	83	0	24653253000
4329	24653	5	113	83	0	24653534001
4330	24653	7	109	84	0	24653201001
4331	24653	8	110	84	1	24653190001
4332	24653	10	112	84	0	24653443001
4333	24653	28	112	87	1	24653164001
4334	24653	34	112	88	1	24653096000
4335	24654	0	108	83	0	24654553000
4336	24654	1	109	83	0	24654433000
4337	24654	11	113	84	0	24654404000
4338	24654	32	110	88	1	24654236000
4339	24654	33	111	88	1	24654096001
4340	24655	2	110	83	0	24655162000
4341	24655	3	111	83	0	24655065001
4342	24655	4	112	83	0	24655455001
4343	24655	23	113	86	1	24655246000
4344	24655	27	111	87	1	24655402001
4345	24655	29	113	87	1	24655475001
4346	24655	34	112	88	1	24655483001
4347	24656	5	113	83	0	24656181001
4348	24656	22	112	86	1	24656751000
4349	24656	28	112	87	1	24656032001
4350	24657	17	113	85	1	24657974001
4351	24657	23	113	86	1	24657711000
4352	24657	33	111	88	0	24657937000
4353	24658	16	112	85	1	24658545001
4354	24658	21	111	86	1	24658187000
4355	24658	32	110	88	0	24658461001
4356	24659	22	112	86	1	24659126001
4357	24659	34	112	88	0	24659078001
4358	24660	10	112	84	1	24660735001
4359	24660	11	113	84	1	24660830000
4360	24660	17	113	85	1	24660553000
4361	24660	27	111	87	0	24660167001
4362	24660	28	112	87	0	24660271001
4363	24660	33	111	88	0	24660014001
4364	24661	21	111	86	0	24661529001
4365	24661	22	112	86	0	24661139000
4366	24661	34	112	88	0	24661009000
4367	24661	35	113	88	0	24661936000
4368	24662	23	113	86	0	24662661000
4369	24662	28	112	87	0	24662779001
4370	24662	29	113	87	0	24662093000
4371	24663	5	113	83	1	24663591001
4372	24663	17	113	85	0	24663352001
4373	24663	22	112	86	0	24663342000
4374	24663	30	108	88	1	24663190000
4375	24664	10	112	84	0	24664587000
4376	24664	16	112	85	0	24664550000
4377	24664	23	113	86	0	24664685000
4378	24664	24	108	87	1	24664377001
4379	24664	29	113	87	0	24664512001
4380	24664	31	109	88	1	24664330000
4381	24664	34	112	88	0	24664146001
4382	24664	35	113	88	0	24664453001
4383	24665	18	108	86	1	24665426001
4384	24665	25	109	87	1	24665178000
4385	24665	32	110	88	1	24665360000
4386	24666	11	113	84	0	24666101000
4387	24666	12	108	85	1	24666409001
4388	24666	17	113	85	0	24666316001
4389	24666	19	109	86	1	24666618000
4390	24666	26	110	87	1	24666412001
4391	24666	30	108	88	1	24666129000
4392	24666	33	111	88	1	24666523000
4393	24667	5	113	83	0	24667414001
4394	24667	13	109	85	1	24667492001
4395	24667	18	108	86	1	24667456001
4396	24667	20	110	86	1	24667278001
4397	24667	25	109	87	1	24667198000
4398	24667	27	111	87	1	24667640000
4399	24667	32	110	88	1	24667887001
4400	24667	34	112	88	1	24667390000
4401	24668	6	108	84	1	24668086001
4402	24668	7	109	84	1	24668138000
4403	24668	12	108	85	1	24668154001
4404	24668	14	110	85	1	24668309001
4405	24668	21	111	86	1	24668528001
4406	24668	24	108	87	1	24668016001
4407	24668	28	112	87	1	24668304000
4408	24668	33	111	88	1	24668643001
4409	24668	35	113	88	1	24668520001
4410	24669	0	108	83	1	24669034001
4411	24669	1	109	83	1	24669682001
4412	24669	8	110	84	1	24669619000
4413	24669	15	111	85	1	24669625001
4414	24669	20	110	86	1	24669712000
4415	24669	22	112	86	1	24669792001
4416	24669	29	113	87	1	24669697000
4417	24669	31	109	88	1	24669682001
4418	24669	34	112	88	1	24669336001
4419	24670	0	108	83	1	24670980000
4420	24670	2	110	83	1	24670523001
4421	24670	7	109	84	1	24670197001
4422	24670	9	111	84	1	24670673001
4423	24670	13	109	85	1	24670166001
4424	24670	14	110	85	1	24670166001
4425	24670	16	112	85	1	24670615000
4426	24670	23	113	86	1	24670991001
4427	24670	28	112	87	1	24670221000
4428	24671	1	109	83	1	24671973001
4429	24671	3	111	83	1	24671787001
4430	24671	8	110	84	1	24671905001
4431	24671	10	112	84	1	24671690000
4432	24671	15	111	85	1	24671535000
4433	24671	17	113	85	1	24671595001
4434	24671	26	110	87	1	24671766000
4435	24671	35	113	88	1	24671826001
4436	24672	2	110	83	1	24672446001
4437	24672	4	112	83	1	24672835000
4438	24672	11	113	84	1	24672986001
4439	24672	16	112	85	1	24672842001
4440	24672	21	111	86	1	24672479001
4441	24672	22	112	86	1	24672644000
4442	24673	5	113	83	1	24673995000
4443	24673	9	111	84	1	24673305000
4444	24674	3	111	83	1	24674678000
4445	24674	17	113	85	1	24674995001
4446	24675	27	111	87	1	24675150001
4447	24678	11	113	84	1	24678152000
4448	24948	2	110	83	0	24948988000
4449	24949	1	109	83	0	24949531001
4450	24951	9	111	84	0	24951695001
4451	24952	8	110	84	0	24952134001
4452	24954	16	112	85	0	24954650001
4453	24955	13	109	85	0	24955936001
4454	24955	14	110	85	0	24955138000
4455	24956	12	108	85	0	24956163001
4456	24957	18	108	86	0	24957937001
4457	24957	20	110	86	0	24957778000
4458	24957	22	112	86	0	24957140001
4459	24958	19	109	86	0	24958232001
4460	24959	28	112	87	0	24959903000
4461	24960	24	108	87	0	24960477000
4462	24962	34	112	88	0	24962722000
4463	24963	30	108	88	0	24963651000
4464	24963	31	109	88	0	24963006000
4465	24963	33	111	88	0	24963016001
4466	24964	32	110	88	0	24964100001
4467	25132	5	113	83	0	25132918001
4468	25132	11	113	84	0	25132606001
4469	25132	17	113	85	0	25132492000
4470	25132	23	113	86	0	25132229001
4471	25134	10	112	84	0	25134548001
4472	25134	16	112	85	0	25134582001
4473	25134	22	112	86	0	25134502000
4474	25134	28	112	87	0	25134377001
4475	25135	4	112	83	0	25135257001
4476	25135	5	113	83	0	25135346000
4477	25135	11	113	84	0	25135325001
4478	25136	10	112	84	0	25136910000
4479	25136	21	111	86	0	25136470001
4480	25136	27	111	87	0	25136517000
4481	25136	33	111	88	0	25136441000
4482	25137	3	111	83	0	25137789000
4483	25137	4	112	83	0	25137943000
4484	25137	9	111	84	0	25137062000
4485	25137	15	111	85	0	25137200000
4486	25137	16	112	85	0	25137004000
4487	25137	22	112	86	0	25137513000
4488	25139	3	111	83	0	25139993000
4489	25139	9	111	84	0	25139044000
4490	25139	10	112	84	0	25139504001
4491	25139	15	111	85	0	25139840000
4492	25139	20	110	86	0	25139536000
4493	25139	21	111	86	0	25139181001
4494	25139	26	110	87	0	25139099001
4495	25139	32	110	88	0	25139160000
4496	25140	8	110	84	0	25140331001
4497	25140	14	110	85	0	25140011001
4498	25140	27	111	87	0	25140100001
4499	25141	2	110	83	0	25141142001
4500	25141	19	109	86	0	25141943000
4501	25141	25	109	87	0	25141648001
4502	25141	31	109	88	0	25141329000
4503	25142	8	110	84	0	25142441000
4504	25142	13	109	85	0	25142801000
4505	25142	14	110	85	0	25142523000
4506	25142	20	110	86	0	25142201000
4507	25142	23	113	86	1	25142650001
4508	25142	26	110	87	0	25142075000
4509	25143	7	109	84	0	25143225001
4510	25144	1	109	83	0	25144034000
4511	25144	2	110	83	0	25144109000
4512	25144	19	109	86	0	25144195001
4513	25144	25	109	87	0	25144422000
4514	25144	28	112	87	1	25144464000
4515	25144	30	108	88	0	25144328001
4516	25144	31	109	88	0	25144150001
4517	25145	7	109	84	0	25145825001
4518	25145	8	110	84	0	25145188000
4519	25145	13	109	85	0	25145763001
4520	25145	24	108	87	0	25145139001
4521	25146	1	109	83	0	25146643000
4522	25146	6	108	84	1	25146927000
4523	25146	12	108	85	0	25146272001
4524	25146	18	108	86	0	25146039001
4525	25146	30	108	88	0	25146702000
4526	25147	0	108	83	0	25147607001
4527	25147	24	108	87	0	25147691001
4528	25148	9	111	84	0	25148632000
4529	25148	18	108	86	0	25148976000
4530	25148	23	113	86	0	25148834001
4531	25149	12	108	85	0	25149295001
4532	25149	19	109	86	0	25149611000
4533	25149	28	112	87	0	25149663001
4534	25150	0	108	83	0	25150220000
4535	25150	6	108	84	0	25150015001
4536	25151	17	113	85	0	25151584000
4537	25151	31	109	88	0	25151029001
4538	25151	32	110	88	0	25151291001
4539	25152	23	113	86	0	25152535000
4540	25152	33	111	88	0	25152655001
4541	25153	22	112	86	0	25153439000
4542	25153	27	111	87	0	25153275001
4543	25154	0	108	83	0	25154515001
4544	25154	28	112	87	0	25154187000
4545	25154	29	113	87	0	25154212001
4546	25155	16	112	85	0	25155660000
4547	25155	21	111	86	0	25155019001
4548	25155	23	113	86	0	25155705000
4549	25155	26	110	87	0	25155294000
4550	25156	12	108	85	0	25156288001
4551	25156	29	113	87	0	25156352000
4552	25156	30	108	88	0	25156133000
4553	25156	31	109	88	0	25156707000
4554	25156	34	112	88	0	25156095001
4555	25156	35	113	88	0	25156717001
4556	25157	27	111	87	0	25157848001
4557	25157	28	112	87	0	25157889000
4558	25157	33	111	88	0	25157464000
4559	25158	29	113	87	0	25158911001
4560	25158	34	112	88	0	25158037000
4561	25158	35	113	88	0	25158632000
4562	25159	32	110	88	0	25159974000
4563	25160	33	111	88	0	25160100000
4564	25160	34	112	88	0	25160558001
4565	25160	35	113	88	0	25160911000
4566	25165	31	109	88	0	25165009000
4567	25168	22	112	86	0	25168493000
4568	25172	2	110	83	1	25172950000
4569	25172	3	111	83	1	25172190001
4570	25172	4	112	83	1	25172094001
4571	25172	5	113	83	1	25172145001
4572	25174	1	109	83	1	25174663001
4573	25174	5	113	83	1	25174894001
4574	25174	8	110	84	1	25174442000
4575	25174	9	111	84	1	25174505001
4576	25174	10	112	84	1	25174339001
4577	25174	11	113	84	1	25174799000
4578	25175	7	109	84	1	25175958001
4579	25176	0	108	83	1	25176572000
4580	25176	2	110	83	1	25176682000
4581	25176	3	111	83	1	25176267001
4582	25176	14	110	85	1	25176809000
4583	25176	16	112	85	1	25176541000
4584	25177	1	109	83	1	25177661001
4585	25177	4	112	83	1	25177261001
4586	25177	6	108	84	1	25177939001
4587	25177	8	110	84	1	25177578000
4588	25177	13	109	85	1	25177296000
4589	25177	15	111	85	1	25177004001
4590	25177	17	113	85	1	25177314001
4591	25178	0	108	83	1	25178511000
4592	25178	10	112	84	1	25178400001
4593	25178	12	108	85	1	25178935001
4594	25178	16	112	85	1	25178640001
4595	25178	31	109	88	0	25178627000
4596	25179	9	111	84	1	25179534001
4597	25179	14	110	85	1	25179415000
4598	25179	15	111	85	1	25179113001
4599	25179	19	109	86	1	25179393000
4600	25179	20	110	86	1	25179681001
4601	25179	21	111	86	1	25179573000
4602	25179	22	112	86	1	25179573000
4603	25179	23	113	86	1	25179789000
4604	25180	11	113	84	1	25180442000
4605	25180	18	108	86	1	25180053001
4606	25181	6	108	84	1	25181905001
4607	25181	12	108	85	1	25181457001
4608	25182	13	109	85	1	25182353000
4609	25182	17	113	85	1	25182013000
4610	25182	18	108	86	1	25182239001
4611	25182	19	109	86	1	25182253001
4612	25182	22	112	86	1	25182224000
4613	25182	24	108	87	1	25182397001
4614	25182	25	109	87	1	25182146001
4615	25182	26	110	87	1	25182228001
4616	25182	27	111	87	1	25182286000
4617	25182	28	112	87	1	25182198000
4618	25182	29	113	87	1	25182201000
4619	25183	20	110	86	1	25183193001
4620	25184	7	109	84	1	25184694001
4621	25184	28	112	87	1	25184647000
4622	25184	30	108	88	1	25184514000
4623	25184	31	109	88	1	25184286000
4624	25184	32	110	88	1	25184777000
4625	25184	33	111	88	1	25184581001
4626	25184	34	112	88	1	25184406001
4627	25184	35	113	88	1	25184646001
4628	25185	23	113	86	1	25185875001
4629	25185	25	109	87	1	25185405001
4630	25185	26	110	87	1	25185764000
4631	25185	27	111	87	1	25185002000
4632	25185	29	113	87	1	25185189001
4633	25186	31	109	88	1	25186679000
4634	25186	33	111	88	1	25186515000
4635	25186	34	112	88	1	25186281001
4636	25187	21	111	86	1	25187070000
4637	25187	24	108	87	1	25187072001
4638	25187	30	108	88	1	25187107000
4639	25187	32	110	88	1	25187532000
4640	25187	35	113	88	1	25187372001
4641	25320	12	108	85	0	25320269001
4642	25321	6	108	84	0	25321263001
4643	25322	0	108	83	0	25322673001
4644	25323	1	109	83	0	25323084001
4645	25324	0	108	83	1	25324564001
4646	25342	0	108	83	0	25342040000
4647	25384	10	112	84	0	25384392000
4648	25415	30	108	88	0	25415989001
4649	25416	24	108	87	0	25416496001
4650	25417	18	108	86	0	25417253001
4651	25417	30	108	88	0	25417926001
4652	25417	31	109	88	0	25417522000
4653	25418	6	108	84	0	25418771000
4654	25418	12	108	85	0	25418056000
4655	25418	19	109	86	0	25418646001
4656	25418	25	109	87	0	25418406000
4657	25419	0	108	83	0	25419108001
4658	25419	7	109	84	0	25419987000
4659	25419	13	109	85	0	25419457001
4660	25419	18	108	86	0	25419235001
4661	25419	24	108	87	0	25419312000
4662	25419	26	110	87	0	25419686000
4663	25419	31	109	88	0	25419673001
4664	25419	32	110	88	0	25419302001
4665	25420	1	109	83	0	25420523001
4666	25420	12	108	85	0	25420939000
4667	25420	14	110	85	0	25420914001
4668	25420	19	109	86	0	25420828000
4669	25420	20	110	86	0	25420052000
4670	25420	33	111	88	0	25420595000
4671	25421	0	108	83	0	25421682000
4672	25421	2	110	83	0	25421752000
4673	25421	8	110	84	0	25421129001
4674	25421	13	109	85	1	25421903001
4675	25421	21	111	86	0	25421648000
4676	25421	25	109	87	0	25421022001
4677	25421	27	111	87	0	25421338000
4678	25421	34	112	88	0	25421948001
4679	25422	1	109	83	0	25422671001
4680	25422	6	108	84	0	25422004001
4681	25422	7	109	84	0	25422486000
4682	25422	9	111	84	0	25422705001
4683	25422	15	111	85	0	25422541001
4684	25422	20	110	86	0	25422836001
4685	25422	26	110	87	0	25422647000
4686	25422	28	112	87	0	25422783001
4687	25422	32	110	88	0	25422093001
4688	25422	33	111	88	0	25422490001
4689	25423	2	110	83	0	25423768001
4690	25423	3	111	83	0	25423638000
4691	25423	8	110	84	0	25423675001
4692	25423	14	110	85	0	25423302000
4693	25423	21	111	86	0	25423743001
4694	25423	22	112	86	0	25423066000
4695	25423	27	111	87	0	25423248001
4696	25423	35	113	88	0	25423733000
4697	25424	4	112	83	0	25424909000
4698	25424	9	111	84	0	25424768000
4699	25424	10	112	84	0	25424468000
4700	25424	16	112	85	0	25424116000
4701	25424	23	113	86	0	25424783000
4702	25424	28	112	87	0	25424862000
4703	25424	29	113	87	0	25424133000
4704	25424	34	112	88	0	25424139001
4705	25425	15	111	85	0	25425045000
4706	25425	17	113	85	0	25425538001
4707	25425	18	108	86	0	25425782000
4708	25425	22	112	86	0	25425482001
4709	25425	35	113	88	0	25425780001
4710	25426	3	111	83	0	25426029000
4711	25426	5	113	83	0	25426782001
4712	25426	10	112	84	0	25426674000
4713	25426	11	113	84	0	25426236001
4714	25426	16	112	85	0	25426474000
4715	25426	23	113	86	0	25426999001
4716	25426	29	113	87	0	25426117000
4717	25427	4	112	83	0	25427219001
4718	25427	17	113	85	0	25427897001
4719	25428	5	113	83	0	25428837001
4720	25428	11	113	84	0	25428641000
4721	25429	10	112	84	0	25429762001
4722	25430	29	113	87	0	25430563000
4723	25435	4	112	83	0	25435302000
4724	25435	16	112	85	0	25435452000
4725	25440	2	110	83	0	25440999000
4726	25441	30	108	88	1	25441703000
4727	25442	31	109	88	1	25442763000
4728	25443	32	110	88	1	25443213000
4729	25443	33	111	88	1	25443157000
4730	25443	34	112	88	1	25443676001
4731	25444	30	108	88	1	25444564000
4732	25445	22	112	86	0	25445604001
4733	25445	24	108	87	1	25445372000
4734	25445	26	110	87	1	25445987001
4735	25445	31	109	88	1	25445481001
4736	25445	33	111	88	1	25445956001
4737	25445	35	113	88	1	25445334001
4738	25446	25	109	87	1	25446201001
4739	25446	32	110	88	1	25446137000
4740	25446	34	112	88	1	25446248000
4741	25447	18	108	86	1	25447602001
4742	25447	27	111	87	1	25447279001
4743	25447	28	112	87	1	25447183001
4744	25447	29	113	87	1	25447637000
4745	25448	19	109	86	1	25448801001
4746	25448	20	110	86	1	25448427001
4747	25448	24	108	87	1	25448067001
4748	25448	25	109	87	1	25448729000
4749	25448	26	110	87	1	25448856000
4750	25448	33	111	88	1	25448386000
4751	25448	34	112	88	1	25448393001
4752	25448	35	113	88	1	25448076001
4753	25449	27	111	87	1	25449754000
4754	25450	18	108	86	1	25450362000
4755	25450	21	111	86	1	25450215000
4756	25450	22	112	86	1	25450138001
4757	25450	28	112	87	1	25450099001
4758	25450	29	113	87	1	25450731000
4759	25451	12	108	85	1	25451151001
4760	25451	13	109	85	1	25451711001
4761	25451	19	109	86	1	25451649001
4762	25451	20	110	86	1	25451778000
4763	25451	23	113	86	1	25451315001
4764	25452	14	110	85	1	25452135000
4765	25452	15	111	85	1	25452352000
4766	25452	16	112	85	1	25452956001
4767	25452	18	108	86	1	25452877001
4768	25452	21	111	86	1	25452625000
4769	25452	22	112	86	1	25452745000
4770	25453	6	108	84	1	25453905000
4771	25453	12	108	85	1	25453802001
4772	25453	17	113	85	1	25453447000
4773	25453	23	113	86	1	25453945000
4774	25454	8	110	84	1	25454821001
4775	25454	13	109	85	1	25454541000
4776	25454	14	110	85	1	25454686001
4777	25454	30	108	88	1	25454125000
4778	25455	7	109	84	1	25455031000
4779	25455	15	111	85	1	25455427000
4780	25455	16	112	85	1	25455792001
4781	25456	0	108	83	1	25456780001
4782	25456	6	108	84	1	25456934000
4783	25456	9	111	84	1	25456083000
4784	25456	10	112	84	1	25456271001
4785	25456	17	113	85	1	25456366001
4786	25457	7	109	84	1	25457748001
4787	25457	8	110	84	1	25457762001
4788	25457	11	113	84	1	25457110000
4789	25457	22	112	86	1	25457793001
4790	25458	1	109	83	1	25458296000
4791	25458	2	110	83	1	25458101000
4792	25458	9	111	84	1	25458717000
4793	25458	12	108	85	1	25458423001
4794	25458	15	111	85	1	25458998001
4795	25458	20	110	86	1	25458532000
4796	25459	0	108	83	1	25459896001
4797	25459	3	111	83	1	25459573000
4798	25459	4	112	83	1	25459050000
4799	25459	10	112	84	1	25459094001
4800	25459	14	110	85	1	25459180001
4801	25460	5	113	83	1	25460460000
4802	25460	8	110	84	1	25460441001
4803	25460	11	113	84	1	25460074000
4804	25460	16	112	85	1	25460517001
4805	25461	1	109	83	1	25461089001
4806	25461	2	110	83	1	25461277001
4807	25462	0	108	83	1	25462834001
4808	25462	3	111	83	1	25462193000
4809	25462	4	112	83	1	25462057001
4810	25462	5	113	83	1	25462816001
4811	25462	17	113	85	1	25462800001
4812	25466	2	110	83	1	25466242001
4813	25466	5	113	83	1	25466699000
4814	25467	4	112	83	1	25467552000
4815	25554	0	108	83	0	25554857000
4816	25554	1	109	83	0	25554992000
4817	25554	2	110	83	0	25554885000
4818	25555	3	111	83	0	25555351001
4819	25555	4	112	83	0	25555394000
4820	25555	5	113	83	0	25555351001
4821	25556	6	108	84	0	25556191000
4822	25556	7	109	84	0	25556197000
4823	25556	8	110	84	0	25556014000
4824	25556	9	111	84	0	25556526000
4825	25556	10	112	84	0	25556607000
4826	25556	11	113	84	0	25556993000
4827	25557	0	108	83	0	25557495001
4828	25557	1	109	83	0	25557556000
4829	25557	2	110	83	0	25557069000
4830	25557	4	112	83	0	25557697000
4831	25557	5	113	83	0	25557737001
4832	25557	12	108	85	0	25557190000
4833	25557	13	109	85	0	25557532001
4834	25557	14	110	85	0	25557349001
4835	25557	15	111	85	0	25557687001
4836	25557	16	112	85	0	25557769001
4837	25557	17	113	85	0	25557832000
4838	25558	3	111	83	0	25558526001
4839	25558	7	109	84	0	25558898000
4840	25558	8	110	84	0	25558208001
4841	25558	9	111	84	0	25558377000
4842	25558	18	108	86	0	25558350000
4843	25558	19	109	86	0	25558473000
4844	25558	20	110	86	0	25558556001
4845	25558	21	111	86	0	25558795001
4846	25558	22	112	86	0	25558955000
4847	25559	6	108	84	0	25559370001
4848	25559	10	112	84	0	25559849000
4849	25559	11	113	84	0	25559269001
4850	25559	12	108	85	0	25559473000
4851	25559	14	110	85	0	25559693001
4852	25559	23	113	86	0	25559220001
4853	25559	24	108	87	0	25559524001
4854	25560	13	109	85	1	25560526001
4855	25560	15	111	85	0	25560045001
4856	25560	16	112	85	0	25560240000
4857	25560	17	113	85	0	25560719000
4858	25560	18	108	86	0	25560626000
4859	25560	19	109	86	0	25560812000
4860	25560	20	110	86	0	25560796001
4861	25560	21	111	86	0	25560964000
4862	25560	22	112	86	0	25560846000
4863	25560	25	109	87	0	25560023001
4864	25560	26	110	87	0	25560112001
4865	25560	27	111	87	0	25560366001
4866	25560	28	112	87	0	25560297000
4867	25560	29	113	87	0	25560466000
4868	25560	30	108	88	0	25560514000
4869	25560	31	109	88	0	25560822001
4870	25560	33	111	88	0	25560938000
4871	25561	23	113	86	0	25561709001
4872	25561	24	108	87	0	25561766000
4873	25561	32	110	88	0	25561377000
4874	25561	34	112	88	0	25561267001
4875	25561	35	113	88	0	25561600000
4876	25562	25	109	87	0	25562966001
4877	25562	26	110	87	0	25562563000
4878	25562	27	111	87	0	25562342001
4879	25562	28	112	87	0	25562413000
4880	25562	29	113	87	0	25562626001
4881	25562	31	109	88	0	25562970000
4882	25562	33	111	88	0	25562617001
4883	25563	30	108	88	0	25563029000
4884	25563	32	110	88	0	25563989000
4885	25563	34	112	88	0	25563275000
4886	25563	35	113	88	0	25563799001
4887	25568	0	108	83	1	25568963001
4888	25569	1	109	83	1	25569177001
4889	25569	2	110	83	1	25569603001
4890	25569	3	111	83	1	25569787000
4891	25570	4	112	83	1	25570194001
4892	25570	5	113	83	1	25570301001
4893	25570	6	108	84	1	25570216001
4894	25570	7	109	84	1	25570450001
4895	25570	8	110	84	1	25570487000
4896	25571	9	111	84	1	25571066001
4897	25571	10	112	84	1	25571330001
4898	25571	11	113	84	1	25571635001
4899	25571	12	108	85	1	25571615001
4900	25571	13	109	85	1	25571721001
4901	25571	14	110	85	1	25571849000
4902	25572	15	111	85	1	25572132001
4903	25572	16	112	85	1	25572559000
4904	25572	17	113	85	1	25572910000
4905	25572	19	109	86	1	25572912001
4906	25573	6	108	84	0	25573397000
4907	25573	20	110	86	1	25573037000
4908	25573	21	111	86	1	25573268000
4909	25573	22	112	86	1	25573880001
4910	25574	0	108	83	0	25574132000
4911	25574	23	113	86	1	25574139001
4912	25574	25	109	87	1	25574589001
4913	25574	26	110	87	1	25574316001
4914	25574	27	111	87	1	25574637001
4915	25574	28	112	87	1	25574963001
4916	25575	12	108	85	0	25575511000
4917	25575	15	111	85	1	25575649000
4918	25575	19	109	86	0	25575347001
4919	25575	29	113	87	1	25575495001
4920	25576	6	108	84	0	25576406000
4921	25576	7	109	84	0	25576570001
4922	25576	13	109	85	0	25576014001
4923	25576	32	110	88	1	25576021000
4924	25576	33	111	88	1	25576040000
4925	25576	34	112	88	1	25576097000
4926	25576	35	113	88	1	25576804001
4927	25577	0	108	83	0	25577337000
4928	25577	1	109	83	0	25577286001
4929	25578	14	110	85	0	25578975000
4930	25578	19	109	86	0	25578531000
4931	25578	20	110	86	0	25578232000
4932	25578	25	109	87	0	25578590000
4933	25578	26	110	87	0	25578113001
4934	25579	6	108	84	0	25579585001
4935	25579	12	108	85	0	25579287001
4936	25579	13	109	85	0	25579322000
4937	25579	32	110	88	0	25579465000
4938	25580	1	109	83	0	25580072001
4939	25580	2	110	83	0	25580750001
4940	25580	7	109	84	0	25580934000
4941	25580	8	110	84	0	25580061001
4942	25580	20	110	86	0	25580989001
4943	25580	33	111	88	0	25580072001
4944	25581	14	110	85	0	25581481001
4945	25581	19	109	86	0	25581221000
4946	25581	26	110	87	0	25581405001
4947	25581	27	111	87	0	25581379000
4948	25582	15	111	85	0	25582239001
4949	25582	21	111	86	0	25582056001
4950	25582	33	111	88	0	25582536000
4951	25583	2	110	83	0	25583502001
4952	25583	8	110	84	0	25583371000
4953	25583	9	111	84	0	25583708001
4954	25583	20	110	86	0	25583910001
4955	25583	27	111	87	0	25583827000
4956	25583	34	112	88	0	25583633000
4957	25584	0	108	83	1	25584383001
4958	25584	1	109	83	1	25584956000
4959	25584	14	110	85	0	25584619001
4960	25584	28	112	87	0	25584392001
4961	25585	2	110	83	1	25585483001
4962	25585	3	111	83	0	25585270001
4963	25585	6	108	84	1	25585510000
4964	25585	7	109	84	1	25585767000
4965	25585	15	111	85	0	25585423000
4966	25585	22	112	86	0	25585475001
4967	25585	32	110	88	0	25585079001
4968	25585	33	111	88	0	25585597000
4969	25585	34	112	88	0	25585825000
4970	25586	8	110	84	1	25586453000
4971	25586	12	108	85	1	25586677001
4972	25586	16	112	85	0	25586810000
4973	25586	21	111	86	0	25586091001
4974	25586	27	111	87	0	25586920000
4975	25587	9	111	84	1	25587497000
4976	25587	13	109	85	1	25587294000
4977	25587	14	110	85	1	25587461000
4978	25587	18	108	86	1	25587802001
4979	25587	28	112	87	0	25587465001
4980	25587	35	113	88	0	25587088001
4981	25588	15	111	85	1	25588334001
4982	25588	19	109	86	1	25588307001
4983	25588	20	110	86	1	25588810001
4984	25588	22	112	86	0	25588081001
4985	25588	29	113	87	0	25588365001
4986	25588	34	112	88	0	25588930000
4987	25589	16	112	85	1	25589254000
4988	25589	21	111	86	1	25589388000
4989	25589	23	113	86	0	25589679001
4990	25589	24	108	87	1	25589252001
4991	25589	25	109	87	1	25589738000
4992	25589	35	113	88	0	25589863001
4993	25590	22	112	86	1	25590337000
4994	25590	26	110	87	1	25590121001
4995	25590	27	111	87	1	25590768000
4996	25590	30	108	88	1	25590436000
4997	25590	31	109	88	1	25590805001
4998	25591	18	108	86	1	25591771001
4999	25591	28	112	87	1	25591372000
5000	25591	32	110	88	1	25591477000
5001	25591	33	111	88	1	25591840000
5002	25592	29	113	87	1	25592308001
5003	25592	34	112	88	1	25592338000
5004	25593	14	110	85	1	25593718001
5005	25593	35	113	88	1	25593354000
5006	25597	34	112	88	1	25597097000
5007	25601	33	111	88	1	25601937000
5008	25648	14	110	85	0	25648768000
5009	25651	18	108	86	0	25651026001
5010	25656	14	110	85	1	25656745001
5011	25659	29	113	87	0	25659196001
5012	25662	34	112	88	0	25662597000
5013	25663	33	111	88	0	25663493001
5014	25672	18	108	86	1	25672884001
5015	26345	29	113	87	0	26345592001
5016	26345	35	113	88	0	26345109001
5017	26346	23	113	86	0	26346253000
5018	26348	28	112	87	0	26348448000
5019	26350	22	112	86	0	26350499000
5020	26352	16	112	85	0	26352538001
5021	26354	10	112	84	0	26354172000
5022	26356	33	111	88	0	26356819001
5023	26357	4	112	83	0	26357194000
5024	26359	34	112	88	0	26359928001
5025	26365	9	111	84	0	26365429000
5026	26365	14	110	85	0	26365339000
5027	26366	2	110	83	0	26366117001
5028	26366	20	110	86	0	26366687000
5029	26472	17	113	85	0	26472340001
5030	26473	11	113	84	0	26473061001
5031	26474	5	113	83	0	26474811001
5032	26474	10	112	84	0	26474982000
5033	26474	16	112	85	0	26474330001
5034	26475	11	113	84	0	26475257000
5035	26475	15	111	85	0	26475888000
5036	26475	17	113	85	0	26475069000
5037	26475	23	113	86	0	26475011001
5038	26476	16	112	85	0	26476893000
5039	26476	22	112	86	0	26476431000
5040	26477	4	112	83	0	26477482001
5041	26477	5	113	83	0	26477085001
5042	26477	9	111	84	0	26477525000
5043	26477	10	112	84	0	26477369001
5044	26477	14	110	85	0	26477958001
5045	26477	21	111	86	0	26477244000
5046	26477	23	113	86	0	26477455000
5047	26478	11	113	84	0	26478401000
5048	26478	15	111	85	0	26478703001
5049	26478	17	113	85	0	26478383001
5050	26478	20	110	86	0	26478827001
5051	26478	22	112	86	0	26478894000
5052	26478	29	113	87	0	26478034001
5053	26479	3	111	83	0	26479846001
5054	26479	4	112	83	0	26479701000
5055	26479	5	113	83	0	26479589000
5056	26479	8	110	84	0	26479389000
5057	26479	9	111	84	0	26479701000
5058	26479	13	109	85	0	26479747001
5059	26479	16	112	85	0	26479515000
5060	26479	19	109	86	0	26479572000
5061	26479	21	111	86	0	26479671001
5062	26479	28	112	87	0	26479049001
5063	26480	14	110	85	0	26480515000
5064	26480	23	113	86	0	26480454001
5065	26480	27	111	87	0	26480135000
5066	26480	29	113	87	0	26480446001
5067	26480	35	113	88	0	26480596000
5068	26481	7	109	84	0	26481467001
5069	26481	8	110	84	0	26481635000
5070	26481	10	112	84	0	26481521001
5071	26481	12	108	85	0	26481952000
5072	26481	18	108	86	0	26481144001
5073	26481	20	110	86	0	26481605001
5074	26481	22	112	86	0	26481899000
5075	26481	26	110	87	0	26481277000
5076	26481	28	112	87	0	26481604000
5077	26481	34	112	88	0	26481391001
5078	26482	2	110	83	0	26482756001
5079	26482	3	111	83	0	26482378000
5080	26482	4	112	83	0	26482550001
5081	26482	13	109	85	0	26482161000
5082	26482	19	109	86	0	26482126001
5083	26482	21	111	86	0	26482381001
5084	26482	24	108	87	0	26482832001
5085	26482	25	109	87	0	26482362001
5086	26482	27	111	87	0	26482628000
5087	26482	33	111	88	0	26482665000
5088	26482	35	113	88	0	26482914001
5089	26483	9	111	84	0	26483421000
5090	26483	15	111	85	0	26483792001
5091	26483	18	108	86	0	26483541001
5092	26483	26	110	87	0	26483859001
5093	26483	29	113	87	0	26483012001
5094	26483	31	109	88	0	26483980001
5095	26483	32	110	88	0	26483708000
5096	26483	34	112	88	0	26483725000
5097	26484	1	109	83	0	26484195000
5098	26484	2	110	83	0	26484772000
5099	26484	3	111	83	0	26484982001
5100	26484	6	108	84	0	26484271000
5101	26484	7	109	84	0	26484039001
5102	26484	8	110	84	0	26484357001
5103	26484	12	108	85	0	26484222001
5104	26484	19	109	86	0	26484642001
5105	26484	24	108	87	0	26484967000
5106	26484	28	112	87	0	26484194001
5107	26484	33	111	88	0	26484647001
5108	26485	25	109	87	0	26485056000
5109	26485	27	111	87	0	26485771000
5110	26485	30	108	88	0	26485271000
5111	26485	35	113	88	0	26485978001
5112	26486	1	109	83	0	26486849000
5113	26486	6	108	84	0	26486800001
5114	26486	18	108	86	0	26486220001
5115	26486	20	110	86	0	26486592001
5116	26486	31	109	88	0	26486511000
5117	26486	32	110	88	0	26486630000
5118	26486	33	111	88	0	26486834001
5119	26486	34	112	88	0	26486150001
5120	26487	0	108	83	0	26487743001
5121	26487	2	110	83	0	26487322000
5122	26487	7	109	84	0	26487127001
5123	26487	12	108	85	0	26487603000
5124	26487	24	108	87	0	26487580001
5125	26487	26	110	87	0	26487503001
5126	26487	30	108	88	0	26487648000
5127	26489	1	109	83	0	26489589001
5128	26489	30	108	88	0	26489768000
5129	26489	31	109	88	0	26489299001
5130	26489	32	110	88	0	26489868001
5131	26490	0	108	83	0	26490454000
5132	26490	6	108	84	0	26490214001
5133	26492	13	109	85	0	26492587000
5134	26493	0	108	83	0	26493476001
5135	26500	31	109	88	0	26500902001
5136	26510	5	113	83	1	26510274001
5137	26510	11	113	84	1	26510476000
5138	26510	17	113	85	1	26510413000
5139	26510	23	113	86	1	26510457001
5140	26510	29	113	87	1	26510534000
5141	26510	35	113	88	1	26510644000
5142	26511	4	112	83	1	26511601000
5143	26511	10	112	84	1	26511320000
5144	26511	16	112	85	1	26511752001
5145	26511	22	112	86	1	26511773000
5146	26511	28	112	87	1	26511660000
5147	26511	34	112	88	1	26511601000
5148	26512	3	111	83	1	26512654000
5149	26512	9	111	84	1	26512653000
5150	26512	15	111	85	1	26512517001
5151	26512	21	111	86	1	26512633001
5152	26512	27	111	87	1	26512790001
5153	26512	33	111	88	1	26512680001
5154	26513	5	113	83	1	26513709000
5155	26513	8	110	84	1	26513623001
5156	26513	10	112	84	1	26513787001
5157	26513	14	110	85	1	26513931000
5158	26513	15	111	85	1	26513885001
5159	26513	20	110	86	1	26513932000
5160	26513	26	110	87	1	26513982000
5161	26513	28	112	87	1	26513991000
5162	26513	34	112	88	1	26513244000
5163	26514	1	109	83	1	26514965001
5164	26514	2	110	83	1	26514086000
5165	26514	4	112	83	1	26514694000
5166	26514	7	109	84	1	26514603001
5167	26514	13	109	85	1	26514773000
5168	26514	27	111	87	1	26514938001
5169	26514	31	109	88	1	26514859001
5170	26514	32	110	88	1	26514056001
5171	26514	33	111	88	1	26514295000
5172	26515	3	111	83	1	26515511001
5173	26515	8	110	84	1	26515153000
5174	26515	9	111	84	1	26515714001
5175	26515	19	109	86	1	26515305000
5176	26515	21	111	86	1	26515010001
5177	26515	25	109	87	1	26515267001
5178	26516	0	108	83	1	26516344001
5179	26516	6	108	84	1	26516282001
5180	26516	7	109	84	1	26516699001
5181	26516	12	108	85	1	26516093000
5182	26516	13	109	85	1	26516631001
5183	26516	14	110	85	1	26516558001
5184	26516	16	112	85	1	26516357000
5185	26516	18	108	86	1	26516344001
5186	26516	24	108	87	1	26516583000
5187	26516	30	108	88	1	26516281000
5188	26516	32	110	88	1	26516764001
5189	26517	1	109	83	1	26517196000
5190	26517	12	108	85	1	26517689000
5191	26517	31	109	88	1	26517077001
5192	26518	18	108	86	1	26518623000
5193	26518	20	110	86	1	26518715000
5194	26518	26	110	87	1	26518855001
5195	26518	35	113	88	1	26518683001
5196	26519	2	110	83	1	26519029001
5197	26519	17	113	85	1	26519957000
5198	26519	22	112	86	1	26519616000
5199	26519	30	108	88	1	26519059000
5200	26520	6	108	84	1	26520789001
5201	26523	29	113	87	1	26523251001
5202	26868	18	108	86	0	26868801000
5203	26868	24	108	87	0	26868272000
5204	26868	30	108	88	0	26868144001
5205	26871	18	108	86	0	26871891000
5206	26871	24	108	87	0	26871313001
5207	26871	30	108	88	0	26871683000
5208	26872	12	108	85	0	26872328001
5209	26874	30	108	88	0	26874967000
5210	26875	12	108	85	0	26875733001
5211	26875	18	108	86	0	26875759001
5212	26876	6	108	84	0	26876341001
5213	26876	24	108	87	0	26876298000
5214	26878	19	109	86	0	26878304000
5215	26879	6	108	84	0	26879752001
5216	26879	12	108	85	0	26879817001
5217	26880	18	108	86	0	26880042001
5218	26880	24	108	87	0	26880495001
5219	26880	31	109	88	0	26880464001
5220	26881	0	108	83	0	26881844001
5221	26881	13	109	85	0	26881050001
5222	26881	25	109	87	0	26881306001
5223	26882	19	109	86	0	26882473000
5224	26883	6	108	84	0	26883936000
5225	26883	7	109	84	0	26883969001
5226	26884	0	108	83	0	26884532000
5227	26884	30	108	88	0	26884396001
5228	26885	13	109	85	0	26885262000
5229	26886	1	109	83	0	26886592000
5230	26886	12	108	85	0	26886314000
5231	26887	18	108	86	0	26887283001
5232	26888	7	109	84	0	26888272001
5233	26889	0	108	83	0	26889797001
5234	26890	1	109	83	0	26890005001
5235	26890	19	109	86	0	26890058001
5236	26891	6	108	84	0	26891615001
5237	26893	30	108	88	1	26893745001
5238	26895	1	109	83	0	26895598000
5239	26895	2	110	83	1	26895585000
5240	26896	0	108	83	0	26896718000
5241	26896	19	109	86	1	26896940001
5242	26897	24	108	87	1	26897969001
5243	26897	30	108	88	1	26897197000
5244	26899	12	108	85	1	26899664001
5245	26899	13	109	85	1	26899015000
5246	26899	18	108	86	1	26899198000
5247	26900	25	109	87	1	26900735000
5248	26901	6	108	84	1	26901649000
5249	26901	7	109	84	1	26901893001
5250	26901	24	108	87	1	26901560001
5251	26902	18	108	86	1	26902366001
5252	26903	1	109	83	1	26903745001
5253	26903	12	108	85	1	26903825000
5254	26904	0	108	83	1	26904709000
5255	26906	6	108	84	1	26906116000
5256	26906	12	108	85	1	26906534001
5257	26908	0	108	83	1	26908225001
5258	26909	1	109	83	1	26909778001
5259	26910	0	108	83	1	26910733001
5260	26910	6	108	84	1	26910241000
5261	26910	13	109	85	1	26910939000
5262	26931	35	113	88	0	26931864000
5263	26932	33	111	88	0	26932837000
5264	26932	34	112	88	0	26932194001
5265	26933	28	112	87	0	26933828000
5266	26933	29	113	87	0	26933007001
5267	26934	27	111	87	0	26934916001
5268	26934	32	110	88	0	26934309000
5269	26935	22	112	86	0	26935864001
5270	26935	23	113	86	0	26935623000
5271	26935	26	110	87	0	26935594001
5272	26936	21	111	86	0	26936588001
5273	26936	25	109	87	0	26936524000
5274	26937	16	112	85	0	26937731000
5275	26937	17	113	85	0	26937264000
5276	26937	20	110	86	0	26937259000
5277	26938	15	111	85	0	26938767000
5278	26939	10	112	84	0	26939394000
5279	26939	11	113	84	0	26939201000
5280	26939	14	110	85	0	26939032000
5281	26940	9	111	84	0	26940278000
5282	26940	13	109	85	0	26940361001
5283	26941	4	112	83	0	26941466000
5284	26941	5	113	83	0	26941023001
5285	26941	8	110	84	0	26941065001
5286	26942	3	111	83	0	26942244001
5287	26942	6	108	84	0	26942681001
5288	26946	28	112	87	1	26946241001
5289	27226	24	108	87	0	27226610001
5290	27226	30	108	88	0	27226050001
5291	27227	18	108	86	0	27227713001
5292	27227	31	109	88	0	27227032001
5293	27228	12	108	85	0	27228416001
5294	27228	19	109	86	0	27228620000
5295	27228	24	108	87	0	27228832000
5296	27228	25	109	87	0	27228087001
5297	27228	26	110	87	0	27228823000
5298	27228	30	108	88	0	27228197001
5299	27228	32	110	88	0	27228211001
5300	27228	33	111	88	0	27228909001
5301	27229	0	108	83	0	27229931001
5302	27229	6	108	84	0	27229105000
5303	27229	13	109	85	0	27229468000
5304	27229	18	108	86	0	27229751000
5305	27229	20	110	86	0	27229600000
5306	27229	27	111	87	0	27229931001
5307	27229	31	109	88	0	27229224001
5308	27229	34	112	88	0	27229836000
5309	27230	1	109	83	0	27230843000
5310	27230	7	109	84	0	27230342000
5311	27230	8	110	84	0	27230909000
5312	27230	12	108	85	0	27230614001
5313	27230	14	110	85	0	27230506000
5314	27230	21	111	86	0	27230603001
5315	27230	25	109	87	0	27230908000
5316	27230	28	112	87	0	27230334000
5317	27230	32	110	88	0	27230909000
5318	27230	33	111	88	0	27230834001
5319	27230	35	113	88	0	27230820001
5320	27231	2	110	83	0	27231634000
5321	27231	9	111	84	0	27231890000
5322	27231	15	111	85	0	27231515001
5323	27231	19	109	86	0	27231034001
5324	27231	22	112	86	0	27231162000
5325	27231	26	110	87	0	27231365001
5326	27231	27	111	87	0	27231823000
5327	27231	29	113	87	0	27231587000
5328	27231	34	112	88	0	27231783000
5329	27232	0	108	83	0	27232348001
5330	27232	3	111	83	0	27232764001
5331	27232	6	108	84	0	27232652001
5332	27232	8	110	84	0	27232883001
5333	27232	10	112	84	0	27232759001
5334	27232	14	110	85	0	27232906000
5335	27232	16	112	85	0	27232210001
5336	27232	20	110	86	0	27232063001
5337	27232	21	111	86	0	27232719001
5338	27232	23	113	86	0	27232113000
5339	27232	28	112	87	0	27232600000
5340	27232	35	113	88	0	27232780000
5341	27233	1	109	83	0	27233196000
5342	27233	2	110	83	0	27233845001
5343	27233	4	112	83	0	27233515000
5344	27233	11	113	84	0	27233691000
5345	27233	17	113	85	0	27233169001
5346	27233	22	112	86	0	27233164001
5347	27233	29	113	87	0	27233749001
5348	27234	5	113	83	0	27234474000
5349	27234	9	111	84	0	27234058000
5350	27234	10	112	84	0	27234835001
5351	27234	15	111	85	0	27234954001
5352	27234	16	112	85	0	27234221000
5353	27234	23	113	86	0	27234017001
5354	27234	33	111	88	0	27234873000
5355	27235	3	111	83	0	27235095001
5356	27235	11	113	84	0	27235701000
5357	27236	0	108	83	1	27236876001
5358	27236	4	112	83	0	27236027000
5359	27236	5	113	83	0	27236697000
5360	27236	17	113	85	0	27236627000
5361	27236	27	111	87	0	27236781001
5362	27238	6	108	84	1	27238052001
5363	27239	0	108	83	1	27239787000
5364	27240	12	108	85	1	27240825001
5365	27240	13	109	85	0	27240195000
5366	27241	6	108	84	1	27241086001
5367	27241	7	109	84	0	27241124000
5368	27242	1	109	83	1	27242599000
5369	27242	12	108	85	1	27242971000
5370	27242	18	108	86	1	27242812001
5371	27244	7	109	84	1	27244810001
5372	27244	24	108	87	1	27244671001
5373	27245	1	109	83	1	27245229001
5374	27245	13	109	85	1	27245374000
5375	27245	18	108	86	1	27245122001
5376	27246	0	108	83	1	27246955000
5377	27246	12	108	85	1	27246453001
5378	27246	30	108	88	1	27246251001
5379	27247	2	110	83	1	27247047001
5380	27247	7	109	84	1	27247485000
5381	27247	19	109	86	1	27247811000
5382	27247	24	108	87	1	27247073000
5383	27248	8	110	84	1	27248579000
5384	27248	13	109	85	1	27248053000
5385	27248	30	108	88	1	27248486000
5386	27249	2	110	83	1	27249670001
5387	27249	6	108	84	1	27249725000
5388	27249	14	110	85	1	27249756000
5389	27249	25	109	87	1	27249512001
5390	27250	8	110	84	1	27250693000
5391	27250	18	108	86	1	27250900001
5392	27250	19	109	86	1	27250184000
5393	27250	31	109	88	1	27250003000
5394	27251	3	111	83	1	27251734000
5395	27251	20	110	86	1	27251135000
5396	27252	13	109	85	1	27252980001
5397	27252	14	110	85	1	27252015000
5398	27252	25	109	87	1	27252045001
5399	27252	26	110	87	1	27252761000
5400	27252	31	109	88	1	27252543001
5401	27253	9	111	84	1	27253214000
5402	27253	15	111	85	1	27253935000
5403	27253	20	110	86	1	27253746000
5404	27254	3	111	83	1	27254160000
5405	27254	32	110	88	1	27254376001
5406	27255	4	112	83	1	27255743001
5407	27255	8	110	84	1	27255141001
5408	27255	9	111	84	1	27255863000
5409	27255	14	110	85	1	27255985001
5410	27255	21	111	86	1	27255894000
5411	27255	26	110	87	1	27255204000
5412	27256	10	112	84	1	27256879000
5413	27256	15	111	85	1	27256394000
5414	27256	32	110	88	1	27256739001
5415	27257	27	111	87	1	27257403001
5416	27258	4	112	83	1	27258270001
5417	27258	15	111	85	1	27258874000
5418	27258	16	112	85	1	27258425001
5419	27258	21	111	86	1	27258013000
5420	27258	33	111	88	1	27258039001
5421	27259	10	112	84	1	27259242001
5422	27259	22	112	86	1	27259658001
5423	27259	27	111	87	1	27259664001
5424	27260	5	113	83	1	27260121000
5425	27260	16	112	85	1	27260861000
5426	27260	28	112	87	1	27260478000
5427	27260	33	111	88	1	27260539001
5428	27261	11	113	84	1	27261614001
5429	27262	5	113	83	1	27262440000
5430	27262	22	112	86	1	27262303001
5431	27262	34	112	88	1	27262215000
5432	27263	17	113	85	1	27263068000
5433	27263	20	110	86	1	27263451001
5434	27263	28	112	87	1	27263144000
5435	27264	11	113	84	1	27264041000
5436	27264	23	113	86	1	27264791001
5437	27264	33	111	88	1	27264462001
5438	27264	34	112	88	1	27264387000
5439	27264	35	113	88	1	27264095000
5440	27265	17	113	85	1	27265686001
5441	27265	29	113	87	1	27265195000
5442	27266	28	112	87	1	27266572001
5443	27266	35	113	88	1	27266351000
5444	27267	23	113	86	1	27267383001
5445	27267	29	113	87	1	27267830001
5446	27267	34	112	88	1	27267317000
5447	27269	5	113	83	1	27269649001
5448	27271	10	112	84	1	27271654000
5449	27271	27	111	87	1	27271513000
5450	27272	16	112	85	1	27272624001
5451	27272	22	112	86	1	27272479000
5452	27274	11	113	84	1	27274060000
5453	27274	17	113	85	1	27274667001
5454	27503	0	108	83	0	27503249001
5455	27503	1	109	83	0	27503327000
5456	27503	2	110	83	0	27503558000
5457	27503	3	111	83	0	27503825000
5458	27504	4	112	83	0	27504034000
5459	27504	5	113	83	0	27504520000
5460	27504	6	108	84	0	27504046001
5461	27504	7	109	84	0	27504306000
5462	27504	8	110	84	0	27504317001
5463	27504	9	111	84	0	27504527001
5464	27504	10	112	84	0	27504548000
5465	27505	11	113	84	0	27505127001
5466	27505	12	108	85	0	27505126000
5467	27505	13	109	85	0	27505176000
5468	27505	14	110	85	0	27505382000
5469	27505	15	111	85	0	27505668000
5470	27505	16	112	85	0	27505712001
5471	27505	18	108	86	0	27505818000
5472	27506	0	108	83	0	27506461001
5473	27506	1	109	83	0	27506428000
5474	27506	2	110	83	0	27506404001
5475	27506	3	111	83	0	27506388001
5476	27506	4	112	83	0	27506388001
5477	27506	8	110	84	0	27506308000
5478	27506	9	111	84	0	27506624001
5479	27506	10	112	84	0	27506624001
5480	27506	17	113	85	0	27506047001
5481	27506	19	109	86	0	27506127000
5482	27506	20	110	86	0	27506248000
5483	27506	21	111	86	0	27506515000
5484	27506	22	112	86	0	27506578000
5485	27506	23	113	86	0	27506867000
5486	27506	24	108	87	0	27506820000
5487	27507	5	113	83	0	27507363000
5488	27507	6	108	84	0	27507297001
5489	27507	11	113	84	0	27507890001
5490	27507	12	108	85	0	27507516001
5491	27507	14	110	85	0	27507854001
5492	27507	15	111	85	0	27507711001
5493	27507	16	112	85	0	27507881000
5494	27507	25	109	87	0	27507296001
5495	27507	26	110	87	0	27507482001
5496	27507	27	111	87	0	27507515000
5497	27507	28	112	87	0	27507565000
5498	27507	29	113	87	0	27507710001
5499	27507	30	108	88	0	27507791000
5500	27507	31	109	88	0	27507994001
5501	27508	7	109	84	0	27508846000
5502	27508	18	108	86	0	27508005000
5503	27508	20	110	86	0	27508905000
5504	27508	21	111	86	0	27508465001
5505	27508	22	112	86	0	27508662001
5506	27508	32	110	88	0	27508530001
5507	27508	33	111	88	0	27508163001
5508	27508	34	112	88	0	27508476001
5509	27508	35	113	88	0	27508770000
5510	27509	4	112	83	0	27509227001
5511	27509	17	113	85	0	27509237000
5512	27509	19	109	86	0	27509222001
5513	27509	23	113	86	0	27509343001
5514	27509	24	108	87	0	27509049000
5515	27509	27	111	87	0	27509492001
5516	27509	28	112	87	0	27509904000
5517	27509	29	113	87	0	27509731001
5518	27509	31	109	88	0	27509986000
5519	27510	5	113	83	0	27510522001
5520	27510	25	109	87	0	27510498000
5521	27510	26	110	87	0	27510734000
5522	27510	30	108	88	0	27510196001
5523	27510	32	110	88	0	27510847000
5524	27510	33	111	88	0	27510196001
5525	27510	34	112	88	0	27510568000
5526	27510	35	113	88	0	27510701000
5527	27511	13	109	85	0	27511561001
5528	27512	11	113	84	0	27512536000
5529	27513	10	112	84	0	27513075001
5530	27514	0	108	83	1	27514650001
5531	27514	1	109	83	1	27514945000
5532	27515	2	110	83	1	27515393001
5533	27515	3	111	83	1	27515622001
5534	27515	4	112	83	1	27515766000
5535	27515	6	108	84	1	27515628000
5536	27515	7	109	84	1	27515877001
5537	27516	5	113	83	1	27516141000
5538	27516	8	110	84	1	27516142001
5539	27516	9	111	84	1	27516588000
5540	27516	10	112	84	1	27516815001
5541	27516	12	108	85	1	27516693001
5542	27516	13	109	85	1	27516801001
5543	27517	11	113	84	1	27517180001
5544	27517	14	110	85	1	27517056001
5545	27517	15	111	85	1	27517397001
5546	27517	16	112	85	1	27517810000
5547	27517	18	108	86	1	27517589001
5548	27517	19	109	86	1	27517956000
5549	27518	17	113	85	1	27518132001
5550	27518	20	110	86	1	27518205001
5551	27518	21	111	86	1	27518455001
5552	27518	22	112	86	1	27518873000
5553	27518	24	108	87	1	27518589000
5554	27518	25	109	87	1	27518834000
5555	27519	23	113	86	1	27519169000
5556	27519	26	110	87	1	27519117001
5557	27519	27	111	87	1	27519545001
5558	27519	28	112	87	1	27519852000
5559	27519	30	108	88	1	27519592001
5560	27519	31	109	88	1	27519831001
5561	27520	29	113	87	1	27520198001
5562	27520	32	110	88	1	27520108001
5563	27520	33	111	88	1	27520535001
5564	27520	34	112	88	1	27520654001
5565	27521	35	113	88	1	27521198000
5566	27544	15	111	85	1	27544367001
5567	27547	34	112	88	1	27547819000
5568	27571	34	112	88	0	27571894001
5569	27929	35	113	88	0	27929819001
5570	27930	29	113	87	0	27930855001
5571	27931	34	112	88	0	27931658000
5572	27931	35	113	88	0	27931849000
5573	27932	23	113	86	0	27932324001
5574	27932	28	112	87	0	27932797001
5575	27932	29	113	87	0	27932863000
5576	27933	33	111	88	0	27933415001
5577	27933	34	112	88	0	27933518000
5578	27934	17	113	85	0	27934191000
5579	27934	22	112	86	0	27934204001
5580	27934	23	113	86	0	27934324001
5581	27934	27	111	87	0	27934925000
5582	27934	28	112	87	0	27934694001
5583	27934	29	113	87	0	27934858000
5584	27935	11	113	84	0	27935206001
5585	27935	16	112	85	0	27935562000
5586	27935	32	110	88	0	27935471000
5587	27935	33	111	88	0	27935223001
5588	27936	5	113	83	0	27936949000
5589	27936	10	112	84	0	27936390001
5590	27936	17	113	85	0	27936460001
5591	27936	21	111	86	0	27936125000
5592	27936	22	112	86	0	27936050001
5593	27936	26	110	87	0	27936734001
5594	27936	31	109	88	0	27936539001
5595	27936	34	112	88	0	27936290000
5596	27937	11	113	84	0	27937280001
5597	27937	15	111	85	0	27937674001
5598	27937	16	112	85	0	27937486000
5599	27937	20	110	86	0	27937858000
5600	27937	23	113	86	0	27937459000
5601	27937	27	111	87	0	27937011000
5602	27937	32	110	88	0	27937837001
5603	27938	4	112	83	0	27938307001
5604	27938	9	111	84	0	27938374001
5605	27938	10	112	84	0	27938340001
5606	27938	21	111	86	0	27938329001
5607	27938	22	112	86	0	27938708000
5608	27938	25	109	87	0	27938619001
5609	27938	30	108	88	0	27938261000
5610	27938	31	109	88	0	27938392001
5611	27939	5	113	83	0	27939019001
5612	27939	14	110	85	0	27939222001
5613	27939	15	111	85	0	27939767001
5614	27939	16	112	85	0	27939875001
5615	27939	19	109	86	0	27939347000
5616	27939	20	110	86	0	27939874001
5617	27939	24	108	87	0	27939673000
5618	27939	26	110	87	0	27939408000
5619	27939	28	112	87	0	27939454000
5620	27940	3	111	83	0	27940507001
5621	27940	4	112	83	0	27940348000
5622	27940	8	110	84	0	27940324000
5623	27940	9	111	84	0	27940279001
5624	27940	10	112	84	0	27940886000
5625	27940	25	109	87	0	27940728000
5626	27940	30	108	88	0	27940346000
5627	27941	2	110	83	0	27941946001
5628	27941	13	109	85	0	27941300000
5629	27941	14	110	85	0	27941130001
5630	27941	18	108	86	0	27941485000
5631	27941	19	109	86	0	27941339000
5632	27941	24	108	87	0	27941539000
5633	27941	31	109	88	0	27941036000
5634	27942	3	111	83	0	27942548001
5635	27942	7	109	84	0	27942558000
5636	27942	8	110	84	0	27942406000
5637	27942	9	111	84	0	27942569000
5638	27942	30	108	88	0	27942688000
5639	27943	2	110	83	0	27943939001
5640	27943	12	108	85	0	27943151000
5641	27943	13	109	85	0	27943705001
5642	27943	18	108	86	0	27943418001
5643	27943	19	109	86	0	27943961001
5644	27944	1	109	83	0	27944099001
5645	27944	6	108	84	0	27944502000
5646	27944	7	109	84	0	27944993001
5647	27944	24	108	87	0	27944027000
5648	27945	0	108	83	0	27945908001
5649	27945	12	108	85	0	27945417000
5650	27946	1	109	83	0	27946224001
5651	27947	6	108	84	0	27947177001
5652	27947	11	113	84	0	27947863000
5653	27948	0	108	83	0	27948219001
5654	27949	2	110	83	0	27949499001
5655	27949	30	108	88	1	27949567001
5656	27950	31	109	88	1	27950113001
5657	27950	32	110	88	1	27950254001
5658	27950	33	111	88	1	27950584000
5659	27950	34	112	88	1	27950201000
5660	27951	24	108	87	1	27951230001
5661	27951	25	109	87	1	27951388001
5662	27951	26	110	87	1	27951245000
5663	27951	27	111	87	1	27951822000
5664	27951	28	112	87	1	27951499000
5665	27951	29	113	87	1	27951920001
5666	27951	30	108	88	1	27951399001
5667	27951	34	112	88	1	27951831000
5668	27951	35	113	88	1	27951001000
5669	27952	18	108	86	1	27952615001
5670	27952	19	109	86	1	27952740000
5671	27952	20	110	86	1	27952863001
5672	27952	32	110	88	1	27952480001
5673	27952	33	111	88	1	27952370001
5674	27953	12	108	85	1	27953845001
5675	27953	13	109	85	1	27953784000
5676	27953	21	111	86	1	27953161001
5677	27953	22	112	86	1	27953404000
5678	27953	23	113	86	1	27953482001
5679	27953	24	108	87	1	27953928000
5680	27953	25	109	87	1	27953526001
5681	27953	26	110	87	1	27953203001
5682	27953	27	111	87	1	27953735001
5683	27953	28	112	87	1	27953099001
5684	27953	29	113	87	1	27953810000
5685	27953	31	109	88	1	27953670001
5686	27953	35	113	88	1	27953482001
5687	27954	14	110	85	1	27954169000
5688	27954	15	111	85	1	27954304001
5689	27954	16	112	85	1	27954483001
5690	27954	17	113	85	1	27954797000
5691	27954	18	108	86	1	27954562001
5692	27954	20	110	86	1	27954802001
5693	27955	6	108	84	1	27955098000
5694	27955	7	109	84	1	27955495000
5695	27955	8	110	84	1	27955483001
5696	27955	9	111	84	1	27955736001
5697	27955	10	112	84	1	27955792001
5698	27955	12	108	85	1	27955538000
5699	27955	13	109	85	1	27955528001
5700	27955	14	110	85	1	27955856000
5701	27955	15	111	85	1	27955705001
5702	27955	19	109	86	1	27955373001
5703	27955	21	111	86	1	27955320001
5704	27955	22	112	86	1	27955522001
5705	27955	23	113	86	1	27955531001
5706	27956	0	108	83	1	27956770000
5707	27956	1	109	83	1	27956785001
5708	27956	2	110	83	1	27956899000
5709	27956	11	113	84	1	27956373000
5710	27956	16	112	85	1	27956156000
5711	27956	17	113	85	1	27956753000
5712	27957	3	111	83	1	27957471000
5713	27957	4	112	83	1	27957562001
5714	27957	5	113	83	1	27957597000
5715	27957	6	108	84	1	27957523001
5716	27957	8	110	84	1	27957099000
5717	27957	9	111	84	1	27957580000
5718	27957	10	112	84	1	27957824001
5719	27958	0	108	83	1	27958706000
5720	27958	1	109	83	1	27958813000
5721	27958	2	110	83	1	27958724001
5722	27958	7	109	84	1	27958973000
5723	27958	11	113	84	1	27958275001
5724	27959	3	111	83	1	27959689000
5725	27959	4	112	83	1	27959569001
5726	27959	5	113	83	1	27959389001
5727	28090	1	109	83	0	28090812000
5728	28090	2	110	83	1	28090795000
5729	28091	6	108	84	0	28091523001
5730	28092	0	108	83	0	28092145001
5731	28092	7	109	84	0	28092317001
5732	28093	19	109	86	0	28093815000
5733	28093	20	110	86	0	28093107001
5734	28094	12	108	85	0	28094101001
5735	28094	14	110	85	0	28094233001
5736	28094	21	111	86	0	28094865000
5737	28094	22	112	86	0	28094364000
5738	28095	24	108	87	0	28095074001
5739	28096	26	110	87	0	28096258000
5740	28096	28	112	87	0	28096395001
5741	28097	31	109	88	0	28097151001
5742	28097	33	111	88	0	28097424001
5743	28098	30	108	88	0	28098460001
5744	28099	18	108	86	0	28099528000
5745	28099	25	109	87	0	28099377000
5746	28099	32	110	88	0	28099734000
5747	28099	34	112	88	0	28099231001
5748	28147	10	112	84	0	28147509000
5749	28151	23	113	86	0	28151454001
5750	28406	4	112	83	0	28406270000
5751	28406	5	113	83	0	28406625000
5752	28407	2	110	83	0	28407447000
5753	28407	3	111	83	0	28407661000
5754	28409	9	111	84	0	28409367001
5755	28409	10	112	84	0	28409374000
5756	28409	11	113	84	0	28409265000
5757	28410	8	110	84	0	28410104000
5758	28412	16	112	85	0	28412570001
5759	28414	13	109	85	0	28414364000
5760	28415	22	112	86	0	28415123001
5761	28415	23	113	86	0	28415190001
5762	28416	18	108	86	0	28416988001
5763	28416	19	109	86	0	28416193000
5764	28417	29	113	87	0	28417625001
5765	28419	24	108	87	0	28419268001
5766	28419	26	110	87	0	28419842001
5767	28419	27	111	87	0	28419045000
5768	28421	35	113	88	0	28421046000
5769	28422	32	110	88	0	28422644000
5770	28423	30	108	88	0	28423341001
5771	28487	0	108	83	0	28487527000
5772	28487	6	108	84	0	28487247001
5773	28487	12	108	85	0	28487262001
5774	28487	18	108	86	0	28487542000
5775	28489	18	108	86	1	28489613000
5776	28490	1	109	83	0	28490264001
5777	28490	7	109	84	0	28490258000
5778	28490	13	109	85	0	28490176000
5779	28490	19	109	86	0	28490227000
5780	28491	0	108	83	0	28491088000
5781	28491	12	108	85	1	28491249001
5782	28492	2	110	83	0	28492878000
5783	28492	6	108	84	1	28492692000
5784	28492	8	110	84	0	28492751000
5785	28492	14	110	85	0	28492271001
5786	28492	20	110	86	0	28492300000
5787	28493	0	108	83	1	28493906001
5788	28493	13	109	85	1	28493214001
5789	28494	3	111	83	0	28494903001
5790	28494	7	109	84	1	28494505001
5791	28494	9	111	84	0	28494939001
5792	28494	14	110	85	1	28494894001
5793	28494	15	111	85	0	28494966000
5794	28495	1	109	83	1	28495917000
5795	28495	19	109	86	1	28495188000
5796	28496	8	110	84	1	28496317000
5797	28497	2	110	83	1	28497647001
5798	28497	3	111	83	0	28497771000
5799	28497	4	112	83	0	28497319000
5800	28497	10	112	84	0	28497009000
5801	28497	15	111	85	1	28497173001
5802	28497	16	112	85	0	28497438001
5803	28498	9	111	84	1	28498217001
5804	28499	3	111	83	1	28499623000
5805	28499	5	113	83	0	28499504001
5806	28499	10	112	84	1	28499955000
5807	28499	11	113	84	0	28499341001
5808	28499	17	113	85	0	28499239001
5809	28500	4	112	83	1	28500821001
5810	28501	11	113	84	1	28501549000
5811	28502	5	113	83	1	28502615000
5812	28504	16	112	85	1	28504185000
5813	28719	35	113	88	0	28719239001
5814	28720	29	113	87	0	28720808000
5815	28721	35	113	88	0	28721588000
5816	28723	23	113	86	0	28723279000
5817	28723	29	113	87	0	28723200000
5818	28723	34	112	88	0	28723516001
5819	28724	28	112	87	0	28724376000
5820	28724	35	113	88	0	28724324001
5821	28725	17	113	85	0	28725750000
5822	28725	23	113	86	0	28725763001
5823	28725	29	113	87	0	28725474000
5824	28726	11	113	84	0	28726761001
5825	28726	34	112	88	0	28726287000
5826	28727	22	112	86	0	28727662001
5827	28727	28	112	87	0	28727817001
5828	28728	17	113	85	0	28728360001
5829	28728	23	113	86	0	28728587000
5830	28728	33	111	88	0	28728234001
5831	28728	34	112	88	0	28728544000
5832	28729	5	113	83	0	28729090000
5833	28729	11	113	84	0	28729759001
5834	28729	16	112	85	0	28729995001
5835	28729	28	112	87	0	28729676000
5836	28729	29	113	87	0	28729174001
5837	28730	22	112	86	0	28730636000
5838	28731	10	112	84	0	28731049000
5839	28731	17	113	85	0	28731765001
5840	28731	23	113	86	0	28731574001
5841	28731	27	111	87	0	28731048001
5842	28731	33	111	88	0	28731120000
5843	28732	5	113	83	0	28732102000
5844	28732	11	113	84	0	28732466001
5845	28732	16	112	85	0	28732919001
5846	28732	21	111	86	0	28732857001
5847	28732	28	112	87	0	28732332000
5848	28733	22	112	86	0	28733374000
5849	28733	27	111	87	0	28733751000
5850	28734	4	112	83	0	28734433001
5851	28734	5	113	83	0	28734761000
5852	28734	10	112	84	0	28734298001
5853	28734	33	111	88	0	28734578000
5854	28734	35	113	88	1	28734558000
5855	28735	15	111	85	0	28735647000
5856	28735	16	112	85	0	28735379001
5857	28735	21	111	86	0	28735601001
5858	28735	22	112	86	0	28735968000
5859	28735	32	110	88	0	28735229001
5860	28736	9	111	84	0	28736745000
5861	28736	10	112	84	0	28736795001
5862	28736	11	113	84	0	28736430000
5863	28736	26	110	87	0	28736633000
5864	28736	27	111	87	0	28736552001
5865	28737	4	112	83	0	28737625001
5866	28738	5	113	83	0	28738722001
5867	28738	15	111	85	0	28738443001
5868	28738	16	112	85	0	28738907000
5869	28738	20	110	86	0	28738744000
5870	28738	21	111	86	0	28738385001
5871	28738	32	110	88	0	28738766000
5872	28738	34	112	88	1	28738301000
5873	28739	4	112	83	0	28739868001
5874	28739	26	110	87	0	28739750001
5875	28739	31	109	88	0	28739531000
5876	28740	9	111	84	0	28740070001
5877	28740	10	112	84	0	28740000001
5878	28740	14	110	85	0	28740977001
5879	28740	29	113	87	1	28740690001
5880	28740	35	113	88	1	28740342000
5881	28741	3	111	83	0	28741304000
5882	28741	15	111	85	0	28741843001
5883	28741	20	110	86	0	28741739001
5884	28741	33	111	88	1	28741047001
5885	28742	4	112	83	0	28742573000
5886	28742	9	111	84	0	28742324001
5887	28742	19	109	86	0	28742053000
5888	28742	25	109	87	0	28742641000
5889	28742	34	112	88	1	28742685001
5890	28743	3	111	83	0	28743782001
5891	28743	8	110	84	0	28743405001
5892	28743	21	111	86	0	28743775000
5893	28744	14	110	85	0	28744235001
5894	28744	20	110	86	0	28744151001
5895	28745	2	110	83	0	28745789001
5896	28745	9	111	84	0	28745791000
5897	28745	15	111	85	0	28745267000
5898	28745	19	109	86	0	28745862001
5899	28745	25	109	87	0	28745665001
5900	28745	28	112	87	1	28745497000
5901	28745	32	110	88	1	28745200000
5902	28746	3	111	83	0	28746949001
5903	28746	4	112	83	0	28746330001
5904	28746	26	110	87	0	28746916000
5905	28746	35	113	88	1	28746632000
5906	28747	8	110	84	0	28747009000
5907	28747	10	112	84	0	28747444001
5908	28747	13	109	85	0	28747276000
5909	28747	14	110	85	0	28747163001
5910	28747	24	108	87	0	28747850000
5911	28747	33	111	88	1	28747866001
5912	28748	19	109	86	0	28748514000
5913	28748	20	110	86	0	28748280001
5914	28748	30	108	88	0	28748627000
5915	28749	2	110	83	0	28749569001
5916	28749	27	111	87	1	28749903001
5917	28750	3	111	83	0	28750353000
5918	28750	7	109	84	0	28750543001
5919	28750	8	110	84	0	28750189000
5920	28750	13	109	85	0	28750428000
5921	28750	18	108	86	0	28750307000
5922	28751	14	110	85	0	28751042000
5923	28751	19	109	86	0	28751122001
5924	28751	24	108	87	0	28751008000
5925	28752	2	110	83	0	28752776000
5926	28753	1	109	83	0	28753920001
5927	28753	7	109	84	0	28753987001
5928	28753	8	110	84	0	28753593001
5929	28753	18	108	86	0	28753527000
5930	28754	12	108	85	0	28754126000
5931	28754	13	109	85	0	28754136001
5932	28754	34	112	88	1	28754835000
5933	28755	10	112	84	0	28755916000
5934	28756	2	110	83	0	28756203000
5935	28756	24	108	87	0	28756219001
5936	28757	1	109	83	0	28757353001
5937	28757	6	108	84	0	28757479001
5938	28757	7	109	84	0	28757741001
5939	28757	12	108	85	0	28757172000
5940	28757	18	108	86	0	28757461000
5941	28758	13	109	85	0	28758335001
5942	28758	28	112	87	1	28758993001
5943	28758	29	113	87	1	28758408001
5944	28760	1	109	83	0	28760600001
5945	28760	12	108	85	0	28760131001
5946	28761	2	110	83	0	28761576000
5947	28761	6	108	84	0	28761093001
5948	28762	7	109	84	0	28762883001
5949	28763	0	108	83	0	28763075001
5950	28764	1	109	83	0	28764945000
5951	28764	6	108	84	0	28764355001
5952	28765	12	108	85	0	28765965001
5953	28766	0	108	83	0	28766595001
5954	28768	6	108	84	0	28768648000
5955	28770	0	108	83	0	28770068001
5956	28775	29	113	87	0	28775010001
5957	28776	0	108	83	0	28776053000
5958	28778	28	112	87	0	28778660001
5959	28781	35	113	88	0	28781376001
5960	28783	28	112	87	0	28783476000
5961	28783	29	113	87	0	28783387000
5962	28783	34	112	88	0	28783597001
5963	28784	18	108	86	0	28784177000
5964	28784	19	109	86	0	28784997000
5965	28784	24	108	87	0	28784912000
5966	28785	20	110	86	0	28785843000
5967	28786	27	111	87	0	28786405001
5968	28786	35	113	88	0	28786419001
5969	28787	33	111	88	0	28787168001
5970	28787	34	112	88	0	28787647000
5971	28789	25	109	87	0	28789820000
5972	28790	26	110	87	0	28790233001
5973	28790	28	112	87	0	28790487000
5974	28790	32	110	88	0	28790936001
5975	28791	33	111	88	0	28791195001
5976	28791	35	113	88	0	28791096001
5977	28792	29	113	87	0	28792405001
5978	28792	30	108	88	0	28792133000
5979	28792	31	109	88	0	28792657000
5980	28794	24	108	87	0	28794726000
5981	28794	33	111	88	0	28794784000
5982	28794	34	112	88	0	28794423001
5983	28795	28	112	87	0	28795975000
5984	28795	32	110	88	0	28795595000
5985	28796	31	109	88	0	28796116000
5986	28797	27	111	87	0	28797407000
5987	28797	30	108	88	0	28797215001
5988	28798	29	113	87	0	28798492001
5989	28798	31	109	88	0	28798805001
5990	28798	35	113	88	0	28798882000
5991	28799	24	108	87	0	28799987001
5992	28799	25	109	87	0	28799881000
5993	28799	34	112	88	0	28799944001
5994	28800	26	110	87	0	28800226001
5995	28800	33	111	88	0	28800905000
5996	28801	28	112	87	0	28801541000
5997	28801	30	108	88	0	28801288000
5998	28801	32	110	88	0	28801346001
5999	28803	34	112	88	0	28803122001
6000	28804	24	108	87	0	28804972000
6001	28804	31	109	88	0	28804725000
6002	28804	35	113	88	0	28804748001
6003	28806	21	111	86	0	28806733001
6004	28806	30	108	88	0	28806742000
6005	28807	25	109	87	0	28807678001
6006	28807	31	109	88	0	28807946001
6007	28807	32	110	88	0	28807579000
6008	28807	33	111	88	0	28807314000
6009	28808	34	112	88	0	28808093000
6010	28810	30	108	88	0	28810995000
6011	28810	31	109	88	0	28810309001
6012	28812	32	110	88	0	28812962000
6013	28814	31	109	88	0	28814310000
6014	28814	33	111	88	0	28814016001
6015	28816	18	108	86	0	28816418000
6016	28821	35	113	88	0	28821294001
6017	28832	34	112	88	0	28832342000
6018	28856	5	113	83	1	28856763001
6019	28858	5	113	83	1	28858787000
6020	28858	11	113	84	1	28858343000
6021	28859	4	112	83	1	28859139000
6022	28859	17	113	85	1	28859025001
6023	28859	23	113	86	1	28859996001
6024	28860	10	112	84	1	28860172000
6025	28860	11	113	84	1	28860350000
6026	28860	17	113	85	1	28860964001
6027	28860	29	113	87	1	28860618001
6028	28861	3	111	83	1	28861582000
6029	28861	4	112	83	1	28861277001
6030	28861	16	112	85	1	28861571000
6031	28861	35	113	88	1	28861712000
6032	28862	9	111	84	1	28862347000
6033	28862	10	112	84	1	28862283000
6034	28862	22	112	86	1	28862326001
6035	28862	23	113	86	1	28862141001
6036	28862	28	112	87	1	28862963001
6037	28862	29	113	87	1	28862654000
6038	28863	2	110	83	1	28863529000
6039	28863	3	111	83	1	28863529000
6040	28863	15	111	85	1	28863108000
6041	28863	16	112	85	1	28863545001
6042	28863	21	111	86	1	28863343001
6043	28863	34	112	88	1	28863841001
6044	28863	35	113	88	1	28863668000
6045	28864	8	110	84	1	28864194000
6046	28864	9	111	84	1	28864222000
6047	28864	22	112	86	1	28864303000
6048	28864	28	112	87	1	28864715001
6049	28865	1	109	83	1	28865585001
6050	28865	2	110	83	1	28865776001
6051	28865	14	110	85	1	28865047000
6052	28865	15	111	85	1	28865060000
6053	28865	21	111	86	1	28865690001
6054	28865	27	111	87	1	28865188001
6055	28865	33	111	88	1	28865646000
6056	28865	34	112	88	1	28865684001
6057	28866	7	109	84	1	28866401001
6058	28866	8	110	84	1	28866191001
6059	28866	14	110	85	1	28866918000
6060	28866	20	110	86	1	28866242000
6061	28867	0	108	83	1	28867788000
6062	28867	1	109	83	1	28867560000
6063	28867	13	109	85	1	28867243001
6064	28867	26	110	87	1	28867172001
6065	28867	27	111	87	1	28867139001
6066	28867	32	110	88	1	28867949001
6067	28867	33	111	88	1	28867666000
6068	28868	6	108	84	1	28868444001
6069	28868	7	109	84	1	28868675001
6070	28868	19	109	86	1	28868615000
6071	28868	20	110	86	1	28868225001
6072	28869	0	108	83	1	28869802000
6073	28869	12	108	85	1	28869581001
6074	28869	13	109	85	1	28869588000
6075	28869	25	109	87	1	28869513000
6076	28869	26	110	87	1	28869395000
6077	28870	6	108	84	1	28870712000
6078	28870	18	108	86	1	28870382000
6079	28870	19	109	86	1	28870832000
6080	28870	31	109	88	1	28870117001
6081	28870	32	110	88	1	28870321000
6082	28871	12	108	85	1	28871691000
6083	28871	24	108	87	1	28871769001
6084	28871	25	109	87	1	28871846000
6085	28872	18	108	86	1	28872417000
6086	28872	30	108	88	1	28872360001
6087	28872	31	109	88	1	28872241001
6088	28873	24	108	87	1	28873958001
6089	28874	30	108	88	1	28874595000
6090	28875	14	110	85	1	28875319000
6091	28899	34	112	88	1	28899316000
6092	28901	30	108	88	1	28901060001
6093	29487	30	108	88	0	29487262001
6094	29488	31	109	88	0	29488300001
6095	29494	19	109	86	0	29494489001
6096	29494	28	112	87	0	29494783000
6097	29494	33	111	88	0	29494222001
6098	29495	22	112	86	0	29495771000
6099	29497	20	110	86	0	29497358000
6100	29497	29	113	87	0	29497947001
6101	29497	34	112	88	0	29497243000
6102	29498	9	111	84	0	29498217001
6103	29498	10	112	84	0	29498950001
6104	29498	16	112	85	0	29498721001
6105	29498	23	113	86	0	29498874001
6106	29501	4	112	83	0	29501469000
6107	29504	11	113	84	0	29504146000
6108	29520	35	113	88	0	29520840000
6109	29561	2	110	83	0	29561631000
6110	29720	35	113	88	0	29720767001
6111	29753	35	113	88	1	29753101001
6112	30241	5	113	83	0	30241003000
6113	30243	5	113	83	0	30243775000
6114	30247	5	113	83	0	30247458001
6115	30247	11	113	84	0	30247313000
6116	30250	4	112	83	0	30250653000
6117	30263	5	113	83	1	30263396000
6118	30269	5	113	83	1	30269502001
6119	30273	11	113	84	1	30273261000
6120	30281	30	108	88	0	30281715000
6121	30282	4	112	83	1	30282753000
6122	30282	31	109	88	0	30282485001
6123	30284	24	108	87	0	30284172000
6124	30284	33	111	88	0	30284074000
6125	30284	34	112	88	0	30284534001
6126	30285	26	110	87	0	30285771000
6127	30285	35	113	88	0	30285207000
6128	30286	27	111	87	0	30286658001
6129	30286	28	112	87	0	30286483000
6130	30287	19	109	86	0	30287151001
6131	30287	20	110	86	0	30287509000
6132	30287	29	113	87	0	30287015001
6133	30288	22	112	86	0	30288695000
6134	30289	14	110	85	0	30289525000
6135	30289	23	113	86	0	30289401000
6136	30290	16	112	85	0	30290627001
6137	30291	9	111	84	0	30291881001
6138	30292	10	112	84	0	30292323001
6139	30294	4	112	83	0	30294225000
6140	30384	24	108	87	0	30384705001
6141	30384	30	108	88	0	30384085000
6142	30385	12	108	85	0	30385955001
6143	30385	18	108	86	0	30385244000
6144	30385	25	109	87	0	30385909000
6145	30385	30	108	88	0	30385981001
6146	30385	31	109	88	0	30385157000
6147	30386	6	108	84	0	30386499001
6148	30386	13	109	85	0	30386829000
6149	30386	19	109	86	0	30386103000
6150	30386	24	108	87	0	30386716000
6151	30386	26	110	87	0	30386793000
6152	30386	32	110	88	0	30386255000
6153	30387	0	108	83	0	30387075001
6154	30387	1	109	83	0	30387882000
6155	30387	7	109	84	0	30387355000
6156	30387	14	110	85	0	30387869001
6157	30387	18	108	86	0	30387263000
6158	30387	20	110	86	0	30387076001
6159	30387	27	111	87	0	30387662000
6160	30387	31	109	88	0	30387273001
6161	30387	33	111	88	0	30387019001
6162	30388	2	110	83	0	30388734000
6163	30388	8	110	84	0	30388320000
6164	30388	12	108	85	0	30388179001
6165	30388	13	109	85	0	30388958001
6166	30388	15	111	85	0	30388883000
6167	30388	19	109	86	0	30388240001
6168	30388	21	111	86	0	30388097001
6169	30388	25	109	87	0	30388563000
6170	30388	28	112	87	0	30388576001
6171	30388	32	110	88	0	30388918001
6172	30388	33	111	88	0	30388904001
6173	30388	34	112	88	0	30388016001
6174	30389	0	108	83	0	30389735001
6175	30389	1	109	83	0	30389855000
6176	30389	3	111	83	0	30389788001
6177	30389	6	108	84	0	30389775000
6178	30389	9	111	84	0	30389260000
6179	30389	10	112	84	0	30389798000
6180	30389	16	112	85	0	30389740001
6181	30389	20	110	86	0	30389462001
6182	30389	22	112	86	0	30389069000
6183	30389	23	113	86	0	30389898001
6184	30389	26	110	87	0	30389481001
6185	30389	27	111	87	0	30389583001
6186	30389	29	113	87	0	30389536000
6187	30389	34	112	88	0	30389756000
6188	30389	35	113	88	0	30389176000
6189	30390	2	110	83	0	30390537001
6190	30390	4	112	83	0	30390719000
6191	30390	7	109	84	0	30390073001
6192	30390	8	110	84	0	30390297001
6193	30390	14	110	85	0	30390229000
6194	30390	15	111	85	0	30390997000
6195	30390	17	113	85	0	30390688000
6196	30390	21	111	86	0	30390419001
6197	30390	28	112	87	0	30390466001
6198	30390	30	108	88	0	30390048000
6199	30391	3	111	83	0	30391832001
6200	30391	5	113	83	0	30391822000
6201	30391	9	111	84	0	30391165001
6202	30391	10	112	84	0	30391863001
6203	30391	11	113	84	0	30391234000
6204	30391	22	112	86	0	30391223001
6205	30391	23	113	86	0	30391990000
6206	30391	29	113	87	0	30391428000
6207	30391	35	113	88	0	30391342001
6208	30392	4	112	83	0	30392863000
6209	30392	16	112	85	0	30392319001
6210	30393	11	113	84	0	30393146001
6211	30393	19	109	86	0	30393135001
6212	30394	9	111	84	0	30394166000
6213	30394	10	112	84	0	30394965000
6214	30394	17	113	85	0	30394793000
6215	30395	5	113	83	0	30395241000
6216	30396	24	108	87	0	30396873000
6217	30397	34	112	88	0	30397794000
6218	30399	22	112	86	0	30399255001
6219	30400	0	108	83	1	30400122001
6220	30401	6	108	84	1	30401239001
6221	30402	0	108	83	1	30402173000
6222	30402	1	109	83	1	30402909001
6223	30402	12	108	85	1	30402559001
6224	30403	6	108	84	1	30403889000
6225	30403	7	109	84	1	30403819000
6226	30403	18	108	86	1	30403889000
6227	30404	2	110	83	1	30404804000
6228	30404	12	108	85	1	30404512000
6229	30404	13	109	85	1	30404996000
6230	30404	24	108	87	1	30404892001
6231	30404	33	111	88	0	30404231001
6232	30405	1	109	83	1	30405963000
6233	30405	8	110	84	1	30405814000
6234	30405	30	108	88	1	30405848000
6235	30406	2	110	83	1	30406892000
6236	30406	7	109	84	1	30406966000
6237	30406	18	108	86	1	30406223000
6238	30406	19	109	86	1	30406113000
6239	30407	3	111	83	1	30407493001
6240	30407	8	110	84	1	30407565000
6241	30407	13	109	85	1	30407056000
6242	30407	14	110	85	1	30407069000
6243	30407	24	108	87	1	30407277001
6244	30407	25	109	87	1	30407306000
6245	30408	9	111	84	1	30408359000
6246	30408	14	110	85	1	30408953001
6247	30408	19	109	86	1	30408859000
6248	30408	20	110	86	1	30408119000
6249	30408	30	108	88	1	30408185001
6250	30408	31	109	88	1	30408401000
6251	30409	4	112	83	1	30409429001
6252	30409	15	111	85	1	30409672001
6253	30409	25	109	87	1	30409889000
6254	30409	26	110	87	1	30409523000
6255	30410	3	111	83	1	30410064000
6256	30410	9	111	84	1	30410406001
6257	30410	10	112	84	1	30410456001
6258	30410	20	110	86	1	30410547001
6259	30410	21	111	86	1	30410338001
6260	30410	32	110	88	1	30410245001
6261	30411	4	112	83	1	30411729001
6262	30411	5	113	83	1	30411697001
6263	30411	15	111	85	1	30411317000
6264	30411	16	112	85	1	30411713000
6265	30411	27	111	87	1	30411997000
6266	30411	31	109	88	1	30411975000
6267	30412	10	112	84	1	30412634000
6268	30412	21	111	86	1	30412193001
6269	30412	22	112	86	1	30412708001
6270	30412	26	110	87	1	30412538000
6271	30412	32	110	88	1	30412277001
6272	30412	33	111	88	1	30412555000
6273	30413	5	113	83	1	30413559000
6274	30413	11	113	84	1	30413198001
6275	30413	16	112	85	1	30413732001
6276	30413	28	112	87	1	30413818000
6277	30414	17	113	85	1	30414173000
6278	30414	22	112	86	1	30414914001
6279	30414	27	111	87	1	30414369001
6280	30414	33	111	88	1	30414206000
6281	30414	34	112	88	1	30414677000
6282	30415	11	113	84	1	30415413001
6283	30415	23	113	86	1	30415238001
6284	30415	28	112	87	1	30415757000
6285	30416	17	113	85	1	30416405000
6286	30416	29	113	87	1	30416309000
6287	30416	34	112	88	1	30416396000
6288	30417	23	113	86	1	30417923001
6289	30417	35	113	88	1	30417469000
6290	30418	29	113	87	1	30418411000
6291	30419	35	113	88	1	30419668001
6292	30679	4	112	83	0	30679503000
6293	30681	3	111	83	0	30681945000
6294	30684	2	110	83	0	30684014000
6295	30686	1	109	83	0	30686331001
6296	30695	2	110	83	1	30695258001
6297	30725	24	108	87	0	30725980000
6298	30735	22	112	86	0	30735208000
6299	30736	23	113	86	0	30736311001
6300	30741	16	112	85	0	30741278001
6301	30745	9	111	84	0	30745150001
6302	30745	10	112	84	0	30745350001
6303	30746	11	113	84	0	30746868000
6304	30748	2	110	83	0	30748771000
6305	30848	31	109	88	0	30848095001
6306	30850	32	110	88	0	30850244001
6307	30850	33	111	88	0	30850397001
6308	30892	24	108	87	0	30892973000
6309	30892	30	108	88	0	30892175001
6310	30893	18	108	86	0	30893513000
6311	30894	6	108	84	0	30894808000
6312	30894	12	108	85	0	30894280001
6313	30894	19	109	86	0	30894908001
6314	30894	25	109	87	0	30894714001
6315	30894	30	108	88	0	30894497001
6316	30894	31	109	88	0	30894085000
6317	30895	0	108	83	0	30895573000
6318	30895	13	109	85	0	30895916000
6319	30895	18	108	86	0	30895422001
6320	30895	24	108	87	0	30895218000
6321	30895	32	110	88	0	30895971001
6322	30896	7	109	84	0	30896539000
6323	30896	12	108	85	0	30896744000
6324	30896	20	110	86	0	30896628000
6325	30896	26	110	87	0	30896118001
6326	30896	31	109	88	0	30896133000
6327	30897	1	109	83	0	30897266001
6328	30897	6	108	84	0	30897592001
6329	30897	8	110	84	0	30897902001
6330	30897	14	110	85	0	30897266001
6331	30897	19	109	86	0	30897432001
6332	30897	25	109	87	0	30897286001
6333	30897	27	111	87	0	30897647000
6334	30897	33	111	88	0	30897131001
6335	30898	0	108	83	0	30898283000
6336	30898	2	110	83	0	30898769001
6337	30898	7	109	84	0	30898945000
6338	30898	13	109	85	0	30898472000
6339	30898	21	111	86	0	30898227000
6340	30898	28	112	87	0	30898776000
6341	30898	30	108	88	0	30898183001
6342	30898	32	110	88	0	30898480000
6343	30898	34	112	88	0	30898322000
6344	30899	1	109	83	0	30899516000
6345	30899	9	111	84	0	30899522000
6346	30899	14	110	85	0	30899512001
6347	30899	15	111	85	0	30899098001
6348	30899	20	110	86	0	30899009000
6349	30899	22	112	86	0	30899892001
6350	30899	26	110	87	0	30899059001
6351	30899	27	111	87	0	30899753000
6352	30899	33	111	88	0	30899150000
6353	30899	35	113	88	0	30899995000
6354	30900	0	108	83	1	30900265000
6355	30900	2	110	83	0	30900778001
6356	30900	3	111	83	0	30900350001
6357	30900	8	110	84	0	30900300001
6358	30900	16	112	85	0	30900568000
6359	30900	21	111	86	0	30900906000
6360	30900	28	112	87	0	30900824000
6361	30900	29	113	87	0	30900398001
6362	30900	34	112	88	0	30900207001
6363	30901	1	109	83	1	30901843000
6364	30901	4	112	83	0	30901605001
6365	30901	6	108	84	1	30901428001
6366	30901	9	111	84	0	30901467001
6367	30901	10	112	84	0	30901134000
6368	30901	15	111	85	0	30901738001
6369	30901	17	113	85	0	30901933000
6370	30901	23	113	86	0	30901349001
6371	30902	3	111	83	0	30902866001
6372	30902	7	109	84	1	30902780000
6373	30902	11	113	84	0	30902865000
6374	30902	12	108	85	1	30902416001
6375	30902	16	112	85	0	30902878001
6376	30902	22	112	86	0	30902120001
6377	30902	29	113	87	0	30902322000
6378	30902	35	113	88	0	30902195000
6379	30903	2	110	83	1	30903489001
6380	30903	4	112	83	0	30903791000
6381	30903	5	113	83	0	30903404001
6382	30903	10	112	84	0	30903311001
6383	30903	13	109	85	1	30903838001
6384	30903	18	108	86	1	30903597000
6385	30903	23	113	86	0	30903799000
6386	30904	8	110	84	1	30904269000
6387	30904	17	113	85	0	30904564001
6388	30904	24	108	87	1	30904770000
6389	30905	3	111	83	1	30905104001
6390	30905	5	113	83	0	30905515001
6391	30905	10	112	84	0	30905588001
6392	30905	11	113	84	0	30905252000
6393	30905	12	108	85	1	30905293001
6394	30905	14	110	85	1	30905376000
6395	30905	19	109	86	1	30905236001
6396	30905	30	108	88	1	30905706001
6397	30906	4	112	83	1	30906402000
6398	30906	9	111	84	1	30906289001
6399	30906	13	109	85	1	30906745001
6400	30906	18	108	86	1	30906860001
6401	30906	20	110	86	1	30906384001
6402	30906	25	109	87	1	30906479000
6403	30906	29	113	87	0	30906244001
6404	30907	8	110	84	1	30907939000
6405	30907	10	112	84	1	30907676001
6406	30907	14	110	85	1	30907685001
6407	30907	15	111	85	1	30907005000
6408	30907	26	110	87	1	30907463000
6409	30907	31	109	88	1	30907481000
6410	30908	5	113	83	1	30908024000
6411	30908	15	111	85	1	30908787001
6412	30908	16	112	85	1	30908714001
6413	30908	21	111	86	1	30908250001
6414	30908	32	110	88	1	30908776001
6415	30909	11	113	84	1	30909176001
6416	30909	20	110	86	1	30909502001
6417	30909	22	112	86	1	30909580000
6418	30909	24	108	87	1	30909626001
6419	30909	27	111	87	1	30909256000
6420	30910	2	110	83	1	30910111001
6421	30910	4	112	83	1	30910815000
6422	30910	7	109	84	1	30910076001
6423	30910	17	113	85	1	30910095000
6424	30910	28	112	87	1	30910365000
6425	30910	33	111	88	1	30910290001
6426	30911	5	113	83	1	30911217001
6427	30911	23	113	86	1	30911272001
6428	30911	26	110	87	1	30911110001
6429	30911	30	108	88	1	30911868000
6430	30911	34	112	88	1	30911606000
6431	30912	16	112	85	1	30912884000
6432	30912	27	111	87	1	30912556001
6433	30912	28	112	87	1	30912356001
6434	30912	29	113	87	1	30912049001
6435	30913	22	112	86	1	30913699001
6436	30913	32	110	88	1	30913112000
6437	30913	35	113	88	1	30913112000
6438	30914	1	109	83	1	30914368001
6439	30915	17	113	85	1	30915696000
6440	30916	11	113	84	1	30916598001
6441	30916	34	112	88	1	30916260001
6442	30917	29	113	87	1	30917226000
6443	30917	35	113	88	1	30917813001
6444	30919	33	111	88	1	30919025000
6445	30965	30	108	88	0	30965972001
6446	30969	20	110	86	0	30969132001
6447	30969	33	111	88	0	30969280000
6448	30969	34	112	88	0	30969829000
6449	30977	29	113	87	0	30977910001
6450	31291	24	108	87	0	31291695000
6451	31534	24	108	87	0	31534966000
6452	31534	30	108	88	0	31534268000
6453	31535	18	108	86	0	31535773000
6454	31535	31	109	88	0	31535197001
6455	31536	12	108	85	0	31536598000
6456	31536	19	109	86	0	31536693000
6457	31536	24	108	87	0	31536969000
6458	31536	25	109	87	0	31536389000
6459	31536	30	108	88	0	31536395000
6460	31536	32	110	88	0	31536646000
6461	31537	6	108	84	0	31537384001
6462	31537	13	109	85	0	31537655001
6463	31537	18	108	86	0	31537731001
6464	31537	20	110	86	0	31537837001
6465	31537	26	110	87	0	31537182001
6466	31537	31	109	88	0	31537408000
6467	31537	33	111	88	0	31537287000
6468	31538	0	108	83	0	31538245001
6469	31538	1	109	83	0	31538906000
6470	31538	7	109	84	0	31538497000
6471	31538	14	110	85	0	31538534000
6472	31538	19	109	86	0	31538729001
6473	31538	21	111	86	0	31538986001
6474	31538	27	111	87	0	31538267000
6475	31538	28	112	87	0	31538994001
6476	31538	34	112	88	0	31538392001
6477	31539	6	108	84	0	31539991001
6478	31539	8	110	84	0	31539242001
6479	31539	12	108	85	1	31539194001
6480	31539	15	111	85	0	31539854000
6481	31539	22	112	86	0	31539854000
6482	31539	25	109	87	0	31539027000
6483	31539	32	110	88	0	31539020001
6484	31539	33	111	88	0	31539234001
6485	31539	35	113	88	0	31539539000
6486	31540	0	108	83	0	31540532000
6487	31540	2	110	83	0	31540001001
6488	31540	9	111	84	0	31540197000
6489	31540	10	112	84	0	31540922001
6490	31540	13	109	85	0	31540307000
6491	31540	16	112	85	0	31540669001
6492	31540	20	110	86	0	31540343000
6493	31540	23	113	86	0	31540975001
6494	31540	26	110	87	0	31540085000
6495	31540	27	111	87	0	31540473000
6496	31540	29	113	87	0	31540221001
6497	31540	34	112	88	0	31540276000
6498	31541	1	109	83	0	31541000000
6499	31541	3	111	83	0	31541376000
6500	31541	7	109	84	0	31541477001
6501	31541	8	110	84	0	31541669000
6502	31541	14	110	85	0	31541058000
6503	31541	17	113	85	0	31541808001
6504	31541	21	111	86	0	31541068001
6505	31541	22	112	86	0	31541753000
6506	31541	28	112	87	0	31541024000
6507	31541	35	113	88	0	31541668001
6508	31542	2	110	83	0	31542041000
6509	31542	4	112	83	0	31542135001
6510	31542	9	111	84	0	31542108000
6511	31542	10	112	84	0	31542999001
6512	31542	11	113	84	0	31542620000
6513	31542	15	111	85	0	31542118001
6514	31542	16	112	85	0	31542735001
6515	31542	29	113	87	0	31542247001
6516	31543	3	111	83	0	31543488001
6517	31543	5	113	83	0	31543305001
6518	31543	23	113	86	0	31543221001
6519	31544	4	112	83	0	31544255000
6520	31544	11	113	84	0	31544901001
6521	31544	17	113	85	0	31544182000
6522	31544	24	108	87	0	31544164001
6523	31545	5	113	83	0	31545687001
6524	31548	18	108	86	0	31548880000
6525	31549	30	108	88	0	31549322001
6526	31550	2	110	83	0	31550057001
6527	31555	27	111	87	0	31555663001
6528	31559	30	108	88	1	31559576000
6529	31559	31	109	88	1	31559336001
6530	31559	32	110	88	1	31559488001
6531	31559	33	111	88	1	31559488001
6532	31559	34	112	88	1	31559142001
6533	31559	35	113	88	1	31559300001
6534	31560	24	108	87	1	31560611001
6535	31560	25	109	87	1	31560794001
6536	31560	26	110	87	1	31560524001
6537	31560	27	111	87	1	31560574001
6538	31560	28	112	87	1	31560397001
6539	31560	29	113	87	1	31560570000
6540	31560	34	112	88	1	31560558001
6541	31561	18	108	86	1	31561608000
6542	31561	19	109	86	1	31561820000
6543	31561	20	110	86	1	31561397000
6544	31561	21	111	86	1	31561706001
6545	31561	22	112	86	1	31561811000
6546	31561	23	113	86	1	31561544000
6547	31561	32	110	88	1	31561901000
6548	31561	33	111	88	1	31561454000
6549	31561	35	113	88	1	31561348001
6550	31562	13	109	85	1	31562900000
6551	31562	14	110	85	1	31562864000
6552	31562	15	111	85	1	31562788000
6553	31562	16	112	85	1	31562950001
6554	31562	17	113	85	1	31562729000
6555	31562	27	111	87	1	31562961001
6556	31562	28	112	87	1	31562196000
6557	31562	30	108	88	1	31562253000
6558	31562	31	109	88	1	31562091001
6559	31563	7	109	84	1	31563975000
6560	31563	10	112	84	1	31563747000
6561	31563	12	108	85	1	31563167000
6562	31563	18	108	86	1	31563066000
6563	31563	20	110	86	1	31563214001
6564	31563	24	108	87	1	31563692001
6565	31563	26	110	87	1	31563784000
6566	31564	6	108	84	1	31564176001
6567	31564	8	110	84	1	31564140001
6568	31564	9	111	84	1	31564215000
6569	31564	11	113	84	1	31564013001
6570	31564	14	110	85	1	31564721000
6571	31564	15	111	85	1	31564172000
6572	31564	23	113	86	1	31564445000
6573	31565	0	108	83	1	31565496001
6574	31565	1	109	83	1	31565476001
6575	31565	2	110	83	1	31565170001
6576	31565	3	111	83	1	31565439000
6577	31565	4	112	83	1	31565296001
6578	31565	5	113	83	1	31565274001
6579	31565	10	112	84	1	31565887001
6580	31565	11	113	84	1	31565846001
6581	31565	13	109	85	1	31565154000
6582	31565	16	112	85	1	31565134001
6583	31565	17	113	85	1	31565303000
6584	31565	21	111	86	1	31565038001
6585	31565	22	112	86	1	31565018001
6586	31566	2	110	83	1	31566849000
6587	31566	6	108	84	1	31566890001
6588	31566	7	109	84	1	31566446000
6589	31566	8	110	84	1	31566119001
6590	31566	9	111	84	1	31566662001
6591	31566	12	108	85	1	31566802001
6592	31567	0	108	83	1	31567392000
6593	31567	1	109	83	1	31567633001
6594	31567	3	111	83	1	31567796001
6595	31567	4	112	83	1	31567319000
6596	31567	5	113	83	1	31567310000
6597	31580	19	109	86	1	31580755001
6598	31581	10	112	84	0	31581445001
6599	31664	0	108	83	0	31664594001
6600	31664	1	109	83	0	31664332001
6601	31664	2	110	83	0	31664493000
6602	31664	3	111	83	0	31664323001
6603	31664	4	112	83	0	31664409000
6604	31664	5	113	83	0	31664313000
6605	31665	6	108	84	0	31665898000
6606	31665	7	109	84	1	31665876000
6607	31665	8	110	84	1	31665811000
6608	31665	9	111	84	0	31665707000
6609	31665	10	112	84	0	31665538000
6610	31665	11	113	84	0	31665855001
6611	31666	1	109	83	0	31666572001
6612	31666	2	110	83	0	31666600001
6613	31666	3	111	83	0	31666849000
6614	31666	4	112	83	0	31666757000
6615	31666	5	113	83	0	31666639001
6616	31667	0	108	83	0	31667058000
6617	31667	8	110	84	0	31667932001
6618	31667	9	111	84	0	31667671000
6619	31667	10	112	84	0	31667908000
6620	31667	12	108	85	0	31667221000
6621	31667	13	109	85	0	31667240000
6622	31667	14	110	85	0	31667190000
6623	31667	15	111	85	0	31667240000
6624	31667	16	112	85	0	31667087001
6625	31667	17	113	85	0	31667214001
6626	31668	6	108	84	0	31668687000
6627	31668	7	109	84	0	31668867000
6628	31668	11	113	84	0	31668038001
6629	31668	18	108	86	0	31668368001
6630	31668	19	109	86	0	31668257000
6631	31668	20	110	86	0	31668504000
6632	31668	21	111	86	0	31668224001
6633	31668	22	112	86	0	31668244001
6634	31668	23	113	86	0	31668277001
6635	31669	12	108	85	0	31669743000
6636	31669	13	109	85	0	31669654001
6637	31669	14	110	85	0	31669477001
6638	31669	15	111	85	0	31669535001
6639	31669	16	112	85	0	31669269000
6640	31669	17	113	85	0	31669551000
6641	31669	24	108	87	0	31669548000
6642	31669	26	110	87	0	31669789001
6643	31669	27	111	87	1	31669866000
6644	31669	28	112	87	1	31669546000
6645	31669	29	113	87	0	31669894000
6646	31670	18	108	86	0	31670837000
6647	31670	19	109	86	0	31670465000
6648	31670	20	110	86	0	31670659001
6649	31670	21	111	86	0	31670217001
6650	31670	22	112	86	0	31670202001
6651	31670	23	113	86	0	31670307001
6652	31670	25	109	87	0	31670253001
6653	31670	30	108	88	0	31670811001
6654	31670	31	109	88	0	31670619001
6655	31670	33	111	88	0	31670702000
6656	31670	34	112	88	0	31670729001
6657	31670	35	113	88	0	31670794001
6658	31671	24	108	87	0	31671699001
6659	31671	28	112	87	0	31671572000
6660	31671	29	113	87	1	31671978001
6661	31671	32	110	88	0	31671146000
6662	31672	9	111	84	0	31672272000
6663	31672	26	110	87	0	31672361001
6664	31672	27	111	87	0	31672022000
6665	31672	30	108	88	0	31672891000
6666	31672	31	109	88	0	31672698000
6667	31672	33	111	88	0	31672556000
6668	31672	34	112	88	0	31672506000
6669	31673	16	112	85	0	31673766001
6670	31673	25	109	87	0	31673125000
6671	31673	32	110	88	0	31673716000
6672	31673	35	113	88	0	31673110001
6673	31676	33	111	88	0	31676778000
6674	31684	0	108	83	1	31684915001
6675	31685	6	108	84	1	31685192001
6676	31686	1	109	83	1	31686703001
6677	31686	12	108	85	1	31686737001
6678	31687	6	108	84	1	31687169000
6679	31687	7	109	84	1	31687969001
6680	31687	18	108	86	1	31687957000
6681	31688	0	108	83	1	31688411001
6682	31688	2	110	83	1	31688434001
6683	31688	12	108	85	1	31688660000
6684	31688	13	109	85	1	31688674000
6685	31688	24	108	87	1	31688984000
6686	31689	1	109	83	1	31689356001
6687	31689	8	110	84	1	31689390001
6688	31689	30	108	88	1	31689629001
6689	31690	2	110	83	1	31690237001
6690	31690	3	111	83	1	31690588000
6691	31690	14	110	85	1	31690379000
6692	31690	18	108	86	1	31690306000
6693	31690	19	109	86	1	31690036000
6694	31691	7	109	84	1	31691005000
6695	31691	8	110	84	1	31691093001
6696	31691	9	111	84	1	31691342000
6697	31691	13	109	85	1	31691188001
6698	31691	20	110	86	1	31691212000
6699	31691	25	109	87	1	31691040001
6700	31691	30	108	88	1	31691797001
6701	31691	31	109	88	1	31691859001
6702	31692	4	112	83	1	31692342001
6703	31692	14	110	85	1	31692347000
6704	31692	15	111	85	1	31692476000
6705	31692	24	108	87	1	31692146001
6706	31692	26	110	87	1	31692673000
6707	31693	3	111	83	1	31693066001
6708	31693	9	111	84	1	31693403001
6709	31693	10	112	84	1	31693143000
6710	31693	20	110	86	1	31693044001
6711	31693	21	111	86	1	31693646001
6712	31693	32	110	88	1	31693540000
6713	31694	4	112	83	1	31694586001
6714	31694	5	113	83	1	31694469000
6715	31694	15	111	85	1	31694097000
6716	31694	16	112	85	1	31694400001
6717	31694	25	109	87	1	31694233000
6718	31694	26	110	87	1	31694958000
6719	31694	27	111	87	1	31694537000
6720	31695	10	112	84	1	31695583000
6721	31695	11	113	84	1	31695469001
6722	31695	19	109	86	1	31695077000
6723	31695	21	111	86	1	31695877001
6724	31695	22	112	86	1	31695377001
6725	31695	31	109	88	1	31695038001
6726	31695	32	110	88	1	31695540001
6727	31695	33	111	88	1	31695740001
6728	31696	5	113	83	1	31696784001
6729	31696	16	112	85	1	31696416000
6730	31696	17	113	85	1	31696121000
6731	31696	27	111	87	1	31696367001
6732	31696	28	112	87	1	31696484000
6733	31697	11	113	84	1	31697752001
6734	31697	22	112	86	1	31697394001
6735	31697	23	113	86	1	31697575001
6736	31697	33	111	88	1	31697495001
6737	31697	34	112	88	1	31697537000
6738	31698	17	113	85	1	31698178000
6739	31698	28	112	87	1	31698274000
6740	31698	29	113	87	1	31698530000
6741	31699	34	112	88	1	31699369000
6742	31699	35	113	88	1	31699676001
6743	31700	23	113	86	1	31700091001
6744	31700	29	113	87	1	31700599000
6745	31701	35	113	88	1	31701540001
6746	31770	19	109	86	0	31770099001
6747	31777	31	109	88	0	31777630001
6748	31904	24	108	87	0	31904183001
6749	32029	35	113	88	0	32029525000
6750	32032	29	113	87	0	32032100000
6751	32032	35	113	88	0	32032341001
6752	32033	23	113	86	0	32033032000
6753	32034	29	113	87	0	32034801001
6754	32035	17	113	85	0	32035712001
6755	32035	23	113	86	0	32035954001
6756	32035	34	112	88	0	32035289000
6757	32035	35	113	88	0	32035190000
6758	32036	28	112	87	0	32036720001
6759	32037	29	113	87	0	32037308001
6760	32037	34	112	88	0	32037561001
6761	32038	11	113	84	0	32038719001
6762	32038	17	113	85	0	32038969001
6763	32038	22	112	86	0	32038181001
6764	32038	23	113	86	0	32038271001
6765	32039	28	112	87	0	32039031001
6766	32039	34	112	88	0	32039857000
6767	32040	5	113	83	0	32040871001
6768	32040	10	112	84	0	32040988000
6769	32040	23	113	86	0	32040599000
6770	32040	33	111	88	0	32040248000
6771	32040	35	113	88	0	32040079000
6772	32041	11	113	84	0	32041823001
6773	32041	16	112	85	0	32041610000
6774	32041	22	112	86	0	32041859001
6775	32041	28	112	87	0	32041243001
6776	32041	29	113	87	0	32041450000
6777	32042	17	113	85	0	32042145000
6778	32042	27	111	87	0	32042961000
6779	32042	33	111	88	0	32042336000
6780	32043	5	113	83	0	32043838001
6781	32043	23	113	86	0	32043347000
6782	32043	28	112	87	0	32043862000
6783	32043	34	112	88	0	32043107000
6784	32044	10	112	84	0	32044886000
6785	32044	16	112	85	0	32044493001
6786	32044	21	111	86	0	32044734000
6787	32044	22	112	86	0	32044190001
6788	32044	33	111	88	0	32044363000
6789	32045	4	112	83	0	32045897001
6790	32045	11	113	84	0	32045085000
6791	32045	27	111	87	0	32045353000
6792	32045	32	110	88	0	32045730000
6793	32046	5	113	83	0	32046726000
6794	32046	16	112	85	0	32046904000
6795	32046	21	111	86	0	32046934000
6796	32046	22	112	86	0	32046899001
6797	32047	9	111	84	0	32047669000
6798	32047	10	112	84	0	32047292000
6799	32047	15	111	85	0	32047712000
6800	32047	26	110	87	0	32047277001
6801	32047	28	112	87	0	32047232001
6802	32048	4	112	83	0	32048433001
6803	32048	27	111	87	0	32048385001
6804	32048	31	109	88	0	32048213000
6805	32048	32	110	88	0	32048311000
6806	32048	33	111	88	0	32048031001
6807	32049	10	112	84	0	32049838001
6808	32049	17	113	85	0	32049616000
6809	32049	20	110	86	0	32049089001
6810	32049	21	111	86	0	32049822000
6811	32049	26	110	87	0	32049905001
6812	32050	4	112	83	0	32050887001
6813	32050	9	111	84	0	32050533001
6814	32050	15	111	85	0	32050073000
6815	32050	16	112	85	0	32050425000
6816	32050	25	109	87	0	32050938001
6817	32050	31	109	88	0	32050825001
6818	32051	3	111	83	0	32051181000
6819	32051	14	110	85	0	32051090001
6820	32051	20	110	86	0	32051620000
6821	32051	32	110	88	0	32051276001
6822	32052	9	111	84	0	32052801001
6823	32052	19	109	86	0	32052644001
6824	32052	26	110	87	0	32052614000
6825	32052	30	108	88	0	32052750001
6826	32052	31	109	88	0	32052950001
6827	32053	3	111	83	0	32053822001
6828	32053	4	112	83	0	32053475000
6829	32053	8	110	84	0	32053495000
6830	32053	14	110	85	0	32053658000
6831	32053	15	111	85	0	32053123000
6832	32053	20	110	86	0	32053891000
6833	32053	23	113	86	0	32053255000
6834	32053	25	109	87	0	32053623001
6835	32054	2	110	83	0	32054895001
6836	32055	5	113	83	1	32055013001
6837	32055	8	110	84	0	32055881000
6838	32055	9	111	84	0	32055614000
6839	32055	14	110	85	0	32055911001
6840	32055	19	109	86	0	32055101001
6841	32055	24	108	87	0	32055192000
6842	32055	30	108	88	0	32055372000
6843	32056	11	113	84	1	32056691001
6844	32056	13	109	85	0	32056103000
6845	32056	31	109	88	0	32056111001
6846	32057	2	110	83	0	32057922000
6847	32057	3	111	83	0	32057139000
6848	32057	7	109	84	0	32057945001
6849	32057	18	108	86	0	32057218000
6850	32057	19	109	86	0	32057575000
6851	32057	24	108	87	0	32057568001
6852	32057	25	109	87	0	32057084001
6853	32058	5	113	83	1	32058085000
6854	32058	8	110	84	0	32058619000
6855	32058	13	109	85	0	32058606000
6856	32058	17	113	85	1	32058144000
6857	32058	30	108	88	0	32058139000
6858	32059	1	109	83	0	32059968000
6859	32059	4	112	83	1	32059397000
6860	32059	11	113	84	1	32059978001
6861	32059	18	108	86	0	32059744001
6862	32060	2	110	83	0	32060819001
6863	32060	7	109	84	0	32060820000
6864	32060	12	108	85	0	32060137000
6865	32060	23	113	86	1	32060094000
6866	32060	24	108	87	0	32060293001
6867	32061	10	112	84	1	32061507000
6868	32061	13	109	85	0	32061752000
6869	32061	17	113	85	1	32061111001
6870	32062	1	109	83	0	32062098000
6871	32062	4	112	83	1	32062271001
6872	32062	6	108	84	0	32062276000
6873	32062	12	108	85	0	32062611000
6874	32062	14	110	85	0	32062611000
6875	32062	18	108	86	0	32062655000
6876	32063	3	111	83	1	32063693001
6877	32063	16	112	85	1	32063397001
6878	32063	17	113	85	1	32063619001
6879	32063	29	113	87	1	32063176000
6880	32064	0	108	83	0	32064890000
6881	32064	6	108	84	0	32064880001
6882	32064	7	109	84	0	32064440000
6883	32064	10	112	84	1	32064542001
6884	32064	23	113	86	1	32064021001
6885	32065	1	109	83	0	32065055001
6886	32065	9	111	84	1	32065711000
6887	32065	12	108	85	0	32065615001
6888	32065	35	113	88	1	32065001001
6889	32066	3	111	83	1	32066865000
6890	32066	15	111	85	1	32066609000
6891	32066	16	112	85	1	32066376000
6892	32066	22	112	86	1	32066035000
6893	32066	29	113	87	1	32066339000
6894	32067	0	108	83	0	32067447001
6895	32067	11	113	84	1	32067394000
6896	32067	28	112	87	1	32067082000
6897	32067	34	112	88	1	32067946000
6898	32067	35	113	88	1	32067817000
6899	32068	6	108	84	0	32068201001
6900	32068	22	112	86	1	32068718000
6901	32069	2	110	83	1	32069547000
6902	32069	4	112	83	1	32069195001
6903	32069	9	111	84	1	32069136000
6904	32069	21	111	86	1	32069621000
6905	32069	28	112	87	1	32069828001
6906	32070	0	108	83	0	32070080000
6907	32070	8	110	84	1	32070321000
6908	32070	15	111	85	1	32070024001
6909	32070	16	112	85	1	32070096000
6910	32070	34	112	88	1	32070739001
6911	32071	10	112	84	1	32071812001
6912	32071	14	110	85	1	32071679001
6913	32071	27	111	87	1	32071243001
6914	32072	2	110	83	1	32072443000
6915	32072	15	111	85	1	32072183001
6916	32072	21	111	86	1	32072636001
6917	32072	33	111	88	1	32072550000
6918	32072	34	112	88	1	32072761000
6919	32073	1	109	83	1	32073097000
6920	32073	8	110	84	1	32073760000
6921	32073	20	110	86	1	32073983000
6922	32073	23	113	86	1	32073689001
6923	32073	28	112	87	1	32073097000
6924	32074	7	109	84	1	32074140000
6925	32074	14	110	85	1	32074729000
6926	32074	26	110	87	1	32074227001
6927	32074	27	111	87	1	32074186000
6928	32074	35	113	88	1	32074698000
6929	32075	13	109	85	1	32075722000
6930	32075	22	112	86	1	32075623000
6931	32075	33	111	88	1	32075316001
6932	32076	1	109	83	1	32076282000
6933	32076	20	110	86	1	32076827001
6934	32076	32	110	88	1	32076679000
6935	32077	7	109	84	1	32077570001
6936	32077	19	109	86	1	32077899001
6937	32077	26	110	87	1	32077626001
6938	32078	0	108	83	1	32078389001
6939	32078	6	108	84	1	32078519000
6940	32078	14	110	85	1	32078155001
6941	32079	13	109	85	1	32079057000
6942	32079	25	109	87	1	32079416001
6943	32079	32	110	88	1	32079845000
6944	32079	33	111	88	1	32079041001
6945	32080	8	110	84	1	32080611000
6946	32080	12	108	85	1	32080899001
6947	32080	19	109	86	1	32080962000
6948	32080	26	110	87	1	32080902001
6949	32080	31	109	88	1	32080085000
6950	32081	0	108	83	1	32081457000
6951	32081	6	108	84	1	32081877000
6952	32081	18	108	86	1	32081655000
6953	32082	20	110	86	1	32082061001
6954	32082	25	109	87	1	32082287001
6955	32082	27	111	87	1	32082959001
6956	32083	1	109	83	1	32083430000
6957	32083	12	108	85	1	32083976000
6958	32083	13	109	85	1	32083388000
6959	32083	24	108	87	1	32083788000
6960	32083	31	109	88	1	32083577000
6961	32084	6	108	84	1	32084915001
6962	32084	30	108	88	1	32084365000
6963	32085	7	109	84	1	32085343001
6964	32085	18	108	86	1	32085233001
6965	32085	32	110	88	1	32085391001
6966	32086	0	108	83	1	32086460001
6967	32086	24	108	87	1	32086912000
6968	32087	12	108	85	1	32087426001
6969	32087	29	113	87	1	32087498001
6970	32087	30	108	88	1	32087848001
6971	32088	18	108	86	1	32088552000
6972	32096	30	108	88	1	32096413000
6973	32098	24	108	87	1	32098276000
6974	32113	3	111	83	1	32113047001
6975	32113	25	109	87	1	32113708001
6976	32493	30	108	88	0	32493232000
6977	32696	10	112	84	0	32696544001
6978	32725	24	108	87	0	32725924000
6979	32725	30	108	88	0	32725628001
6980	32726	6	108	84	0	32726884000
6981	32726	12	108	85	0	32726697001
6982	32726	18	108	86	0	32726227001
6983	32726	31	109	88	0	32726704000
6984	32727	0	108	83	0	32727190000
6985	32727	7	109	84	0	32727825001
6986	32727	13	109	85	0	32727651001
6987	32727	19	109	86	0	32727219000
6988	32727	24	108	87	0	32727908000
6989	32727	25	109	87	0	32727173001
6990	32727	30	108	88	0	32727857000
6991	32728	1	109	83	0	32728052000
6992	32728	8	110	84	0	32728733000
6993	32728	12	108	85	0	32728679000
6994	32728	14	110	85	0	32728485000
6995	32728	18	108	86	0	32728523001
6996	32728	20	110	86	0	32728282000
6997	32728	26	110	87	0	32728116000
6998	32728	27	111	87	0	32728980000
6999	32728	31	109	88	0	32728628001
7000	32728	32	110	88	0	32728003001
7001	32728	33	111	88	0	32728667001
7002	32729	2	110	83	0	32729031000
7003	32729	9	111	84	0	32729709000
7004	32729	15	111	85	0	32729698000
7005	32729	19	109	86	0	32729266001
7006	32729	21	111	86	0	32729344000
7007	32729	28	112	87	0	32729800000
7008	32729	34	112	88	0	32729650000
7009	32730	0	108	83	0	32730640001
7010	32730	1	109	83	0	32730119001
7011	32730	2	110	83	0	32730962000
7012	32730	3	111	83	0	32730029001
7013	32730	6	108	84	0	32730324001
7014	32730	7	109	84	0	32730324001
7015	32730	8	110	84	0	32730861000
7016	32730	10	112	84	0	32730739000
7017	32730	13	109	85	0	32730175001
7018	32730	14	110	85	0	32730463001
7019	32730	16	112	85	0	32730539000
7020	32730	20	110	86	0	32730361001
7021	32730	22	112	86	0	32730161001
7022	32730	25	109	87	0	32730003001
7023	32730	26	110	87	0	32730565000
7024	32730	29	113	87	0	32730948000
7025	32730	32	110	88	0	32730309000
7026	32730	33	111	88	0	32730414001
7027	32730	35	113	88	0	32730823001
7028	32731	4	112	83	0	32731000001
7029	32731	9	111	84	0	32731569001
7030	32731	11	113	84	0	32731852001
7031	32731	17	113	85	0	32731702000
7032	32731	21	111	86	0	32731377001
7033	32731	23	113	86	0	32731179000
7034	32731	27	111	87	0	32731367000
7035	32731	28	112	87	0	32731660000
7036	32731	34	112	88	0	32731416001
7037	32732	3	111	83	0	32732094001
7038	32732	5	113	83	0	32732193001
7039	32732	10	112	84	0	32732724000
7040	32732	15	111	85	0	32732472001
7041	32732	16	112	85	0	32732590001
7042	32732	22	112	86	0	32732126001
7043	32732	29	113	87	0	32732903001
7044	32732	35	113	88	0	32732674001
7045	32733	4	112	83	0	32733204001
7046	32733	23	113	86	0	32733269000
7047	32733	24	108	87	0	32733633000
7048	32734	5	113	83	0	32734617000
7049	32734	11	113	84	0	32734538001
7050	32735	17	113	85	0	32735335000
7051	32736	31	109	88	0	32736990000
7052	32744	30	108	88	1	32744123001
7053	32744	31	109	88	1	32744720001
7054	32745	24	108	87	1	32745801000
7055	32745	32	110	88	1	32745356001
7056	32745	33	111	88	1	32745720000
7057	32746	25	109	87	1	32746606000
7058	32746	30	108	88	1	32746149001
7059	32746	31	109	88	1	32746755000
7060	32746	34	112	88	1	32746126001
7061	32747	18	108	86	1	32747828000
7062	32747	26	110	87	1	32747201000
7063	32747	27	111	87	1	32747830001
7064	32747	28	112	87	1	32747742001
7065	32747	32	110	88	1	32747450001
7066	32747	33	111	88	1	32747627001
7067	32747	35	113	88	1	32747262000
7068	32748	19	109	86	1	32748816000
7069	32748	24	108	87	1	32748053000
7070	32748	25	109	87	1	32748665001
7071	32748	29	113	87	1	32748765000
7072	32748	34	112	88	1	32748167001
7073	32749	18	108	86	1	32749930000
7074	32749	20	110	86	1	32749055000
7075	32749	21	111	86	1	32749941000
7076	32749	26	110	87	1	32749172001
7077	32749	27	111	87	1	32749644001
7078	32749	28	112	87	1	32749939000
7079	32749	35	113	88	1	32749155001
7080	32750	12	108	85	1	32750035000
7081	32750	13	109	85	1	32750599001
7082	32750	19	109	86	1	32750958000
7083	32750	22	112	86	1	32750577000
7084	32750	29	113	87	1	32750863001
7085	32751	12	108	85	1	32751998001
7086	32751	14	110	85	1	32751398001
7087	32751	15	111	85	1	32751905001
7088	32751	20	110	86	1	32751054001
7089	32751	21	111	86	1	32751831001
7090	32751	23	113	86	1	32751076000
7091	32752	6	108	84	1	32752070001
7092	32752	7	109	84	1	32752837000
7093	32752	8	110	84	1	32752771001
7094	32752	13	109	85	1	32752613001
7095	32752	16	112	85	1	32752581000
7096	32752	17	113	85	1	32752698001
7097	32752	22	112	86	1	32752467001
7098	32753	9	111	84	1	32753727000
7099	32753	14	110	85	1	32753320001
7100	32753	15	111	85	1	32753766000
7101	32753	23	113	86	1	32753155000
7102	32754	0	108	83	1	32754044001
7103	32754	1	109	83	1	32754890001
7104	32754	6	108	84	1	32754414000
7105	32754	10	112	84	1	32754495000
7106	32754	16	112	85	1	32754628001
7107	32754	17	113	85	1	32754847000
7108	32755	2	110	83	1	32755574001
7109	32755	7	109	84	1	32755137000
7110	32755	8	110	84	1	32755196000
7111	32755	11	113	84	1	32755504001
7112	32756	0	108	83	1	32756332001
7113	32756	3	111	83	1	32756489001
7114	32756	4	112	83	1	32756405001
7115	32756	9	111	84	1	32756074000
7116	32756	10	112	84	1	32756801001
7117	32757	1	109	83	1	32757254001
7118	32757	2	110	83	1	32757865001
7119	32757	5	113	83	1	32757539001
7120	32757	11	113	84	1	32757730001
7121	32758	3	111	83	1	32758656001
7122	32759	4	112	83	1	32759161000
7123	32759	5	113	83	1	32759952000
7124	33041	23	113	86	0	33041594001
7125	33082	18	108	86	0	33082999001
7126	33082	24	108	87	0	33082687000
7127	33082	30	108	88	0	33082419001
7128	33083	0	108	83	0	33083842000
7129	33083	6	108	84	0	33083550001
7130	33083	12	108	85	0	33083372000
7131	33083	31	109	88	0	33083997001
7132	33084	13	109	85	0	33084821000
7133	33084	19	109	86	0	33084375001
7134	33084	25	109	87	0	33084639001
7135	33084	30	108	88	0	33084389001
7136	33085	1	109	83	0	33085425001
7137	33085	7	109	84	0	33085175000
7138	33085	18	108	86	0	33085135001
7139	33085	20	110	86	0	33085982001
7140	33085	24	108	87	0	33085016001
7141	33085	26	110	87	0	33085837000
7142	33085	32	110	88	0	33085764000
7143	33086	0	108	83	0	33086255001
7144	33086	2	110	83	0	33086552000
7145	33086	6	108	84	0	33086183000
7146	33086	8	110	84	0	33086412001
7147	33086	12	108	85	0	33086140000
7148	33086	14	110	85	0	33086152000
7149	33086	19	109	86	0	33086650000
7150	33086	31	109	88	0	33086254001
7151	33086	33	111	88	0	33086904000
7152	33087	1	109	83	0	33087435000
7153	33087	7	109	84	0	33087732001
7154	33087	9	111	84	0	33087670001
7155	33087	13	109	85	0	33087230000
7156	33087	15	111	85	0	33087917000
7157	33087	21	111	86	0	33087408001
7158	33087	25	109	87	0	33087280000
7159	33087	27	111	87	0	33087335001
7160	33088	2	110	83	0	33088780000
7161	33088	3	111	83	0	33088256001
7162	33088	8	110	84	0	33088685000
7163	33088	14	110	85	0	33088326001
7164	33088	20	110	86	0	33088326001
7165	33088	22	112	86	0	33088649001
7166	33088	26	110	87	0	33088391001
7167	33088	28	112	87	0	33088616001
7168	33088	32	110	88	0	33088410001
7169	33088	33	111	88	0	33088693000
7170	33088	34	112	88	0	33088348001
7171	33089	4	112	83	0	33089362001
7172	33089	10	112	84	0	33089034000
7173	33089	16	112	85	0	33089039000
7174	33089	21	111	86	0	33089492000
7175	33089	27	111	87	0	33089475000
7176	33089	29	113	87	0	33089900000
7177	33089	35	113	88	1	33089792001
7178	33090	3	111	83	0	33090459001
7179	33090	5	113	83	0	33090919000
7180	33090	9	111	84	0	33090045001
7181	33090	11	113	84	0	33090617001
7182	33090	15	111	85	0	33090598000
7183	33090	17	113	85	0	33090634001
7184	33090	22	112	86	0	33090618000
7185	33090	23	113	86	0	33090329000
7186	33090	28	112	87	0	33090584000
7187	33090	34	112	88	0	33090377001
7188	33091	4	112	83	0	33091465000
7189	33091	10	112	84	0	33091129001
7190	33091	16	112	85	0	33091476000
7191	33091	35	113	88	0	33091701001
7192	33092	11	113	84	0	33092822000
7193	33092	23	113	86	0	33092537000
7194	33092	29	113	87	0	33092494001
7195	33093	5	113	83	0	33093227000
7196	33093	17	113	85	0	33093165000
7197	33093	31	109	88	1	33093590000
7198	33095	26	110	87	0	33095142001
7199	33095	29	113	87	0	33095176001
7200	33095	33	111	88	0	33095098000
7201	33097	30	108	88	0	33097413001
7202	33100	24	108	87	0	33100308000
7203	33115	30	108	88	1	33115799001
7204	33117	0	108	83	1	33117783001
7205	33117	31	109	88	1	33117209001
7206	33118	30	108	88	1	33118911000
7207	33118	32	110	88	1	33118872001
7208	33119	0	108	83	1	33119712000
7209	33119	24	108	87	1	33119666001
7210	33119	33	111	88	1	33119264001
7211	33120	1	109	83	1	33120285001
7212	33120	6	108	84	1	33120128001
7213	33121	25	109	87	1	33121764000
7214	33121	31	109	88	1	33121424000
7215	33121	32	110	88	1	33121853001
7216	33121	34	112	88	1	33121274000
7217	33122	1	109	83	1	33122514001
7218	33122	2	110	83	1	33122219001
7219	33122	6	108	84	1	33122597000
7220	33122	7	109	84	1	33122317001
7221	33122	12	108	85	1	33122121000
7222	33122	26	110	87	1	33122270000
7223	33122	30	108	88	1	33122188001
7224	33122	33	111	88	1	33122612001
7225	33123	18	108	86	1	33123628001
7226	33123	24	108	87	1	33123413000
7227	33123	35	113	88	1	33123650000
7228	33124	2	110	83	1	33124076001
7229	33124	3	111	83	1	33124729001
7230	33124	8	110	84	1	33124142000
7231	33124	12	108	85	1	33124143001
7232	33124	13	109	85	1	33124158001
7233	33124	27	111	87	1	33124092000
7234	33124	32	110	88	1	33124781000
7235	33124	34	112	88	1	33124658001
7236	33125	7	109	84	1	33125154001
7237	33125	18	108	86	1	33125478001
7238	33125	19	109	86	1	33125804001
7239	33125	28	112	87	1	33125411000
7240	33125	33	111	88	1	33125521000
7241	33126	4	112	83	1	33126358001
7242	33126	8	110	84	1	33126108001
7243	33126	9	111	84	1	33126694001
7244	33126	13	109	85	1	33126232001
7245	33126	14	110	85	1	33126128001
7246	33126	24	108	87	1	33126153001
7247	33126	25	109	87	1	33126668001
7248	33126	26	110	87	1	33126475000
7249	33127	3	111	83	1	33127179000
7250	33127	10	112	84	1	33127937001
7251	33127	14	110	85	1	33127917001
7252	33127	20	110	86	1	33127213000
7253	33127	27	111	87	1	33127947000
7254	33127	29	113	87	1	33127413000
7255	33127	34	112	88	1	33127424000
7256	33128	4	112	83	1	33128634000
7257	33128	5	113	83	1	33128816001
7258	33128	9	111	84	1	33128872001
7259	33128	15	111	85	1	33128568001
7260	33128	19	109	86	1	33128277000
7261	33128	31	109	88	1	33128766000
7262	33128	35	113	88	1	33128322000
7263	33129	20	110	86	1	33129466001
7264	33130	5	113	83	1	33130898001
7265	33130	10	112	84	1	33130163001
7266	33130	11	113	84	1	33130842001
7267	33130	15	111	85	1	33130325000
7268	33130	16	112	85	1	33130691000
7269	33130	21	111	86	1	33130131000
7270	33130	26	110	87	1	33130211001
7271	33130	28	112	87	1	33130751001
7272	33131	25	109	87	1	33131541000
7273	33132	16	112	85	1	33132787001
7274	33132	17	113	85	1	33132982000
7275	33132	21	111	86	1	33132372001
7276	33132	22	112	86	1	33132011000
7277	33132	27	111	87	1	33132694001
7278	33133	11	113	84	1	33133075000
7279	33134	22	112	86	1	33134391001
7280	33134	23	113	86	1	33134732000
7281	33135	17	113	85	1	33135126000
7282	33135	28	112	87	1	33135524001
7283	33135	29	113	87	1	33135389001
7284	33136	27	111	87	1	33136802001
7285	33136	35	113	88	1	33136308000
7286	33137	23	113	86	1	33137035000
7287	33138	29	113	87	1	33138322001
7288	33141	34	112	88	1	33141743000
7289	33144	26	110	87	1	33144667000
7290	33253	14	110	85	1	33253880001
7291	33399	14	110	85	0	33399605001
7292	33463	24	108	87	0	33463821001
7293	33463	30	108	88	0	33463537001
7294	33464	12	108	85	0	33464995001
7295	33464	18	108	86	0	33464679001
7296	33464	31	109	88	0	33464999000
7297	33465	6	108	84	0	33465482001
7298	33465	19	109	86	0	33465953000
7299	33465	25	109	87	0	33465892001
7300	33465	30	108	88	0	33465969001
7301	33466	13	109	85	0	33466739000
7302	33466	24	108	87	0	33466008001
7303	33467	6	108	84	1	33467892000
7304	33467	7	109	84	0	33467008000
7305	33467	18	108	86	0	33467056000
7306	33467	20	110	86	0	33467755000
7307	33467	26	110	87	0	33467172000
7308	33467	31	109	88	0	33467366000
7309	33467	32	110	88	0	33467044001
7310	33468	8	110	84	0	33468510001
7311	33468	12	108	85	1	33468373000
7312	33468	14	110	85	0	33468248001
7313	33468	18	108	86	1	33468901001
7314	33468	19	109	86	0	33468502001
7315	33468	25	109	87	0	33468591001
7316	33468	27	111	87	0	33468615000
7317	33468	33	111	88	0	33468219000
7318	33469	9	111	84	0	33469993001
7319	33469	13	109	85	1	33469509001
7320	33469	15	111	85	0	33469892001
7321	33469	21	111	86	0	33469106001
7322	33469	26	110	87	0	33469664001
7323	33469	32	110	88	0	33469549001
7324	33469	34	112	88	0	33469324000
7325	33470	7	109	84	1	33470202001
7326	33470	14	110	85	1	33470717001
7327	33470	19	109	86	1	33470619000
7328	33470	20	110	86	0	33470361000
7329	33470	22	112	86	0	33470593001
7330	33470	24	108	87	1	33470276000
7331	33470	27	111	87	0	33470831000
7332	33470	28	112	87	0	33470259000
7333	33470	33	111	88	0	33470235001
7334	33471	8	110	84	1	33471028000
7335	33471	10	112	84	0	33471317000
7336	33471	15	111	85	1	33471964000
7337	33471	16	112	85	0	33471059001
7338	33471	21	111	86	0	33471523000
7339	33471	23	113	86	0	33471963001
7340	33471	25	109	87	1	33471538001
7341	33471	29	113	87	0	33471514000
7342	33471	30	108	88	1	33471257001
7343	33471	34	112	88	0	33471100000
7344	33471	35	113	88	0	33471368000
7345	33472	17	113	85	1	33472656001
7346	33472	20	110	86	1	33472218000
7347	33472	22	112	86	0	33472993001
7348	33472	26	110	87	1	33472428001
7349	33472	28	112	87	0	33472233001
7350	33472	31	109	88	1	33472356000
7351	33473	9	111	84	1	33473588000
7352	33473	11	113	84	0	33473256000
7353	33473	16	112	85	1	33473550001
7354	33473	18	108	86	1	33473925001
7355	33473	21	111	86	1	33473197000
7356	33473	27	111	87	1	33473841000
7357	33473	29	113	87	0	33473596001
7358	33473	32	110	88	1	33473661000
7359	33473	35	113	88	0	33473428000
7360	33474	17	113	85	1	33474997001
7361	33474	22	112	86	1	33474670001
7362	33474	23	113	86	0	33474119001
7363	33474	28	112	87	1	33474534000
7364	33474	33	111	88	1	33474919000
7365	33475	23	113	86	1	33475919000
7366	33475	34	112	88	1	33475995000
7367	33476	28	112	87	1	33476488001
7368	33476	29	113	87	1	33476424001
7369	33477	35	113	88	1	33477398001
7370	33478	27	111	87	1	33478360001
7371	33480	34	112	88	1	33480758001
7372	33490	31	109	88	1	33490333000
7373	33518	18	108	86	0	33518266000
7374	33521	31	109	88	0	33521848000
7375	33528	34	112	88	0	33528200000
7376	34018	33	111	88	0	34018735000
7377	34018	34	112	88	0	34018443000
7378	34019	28	112	87	0	34019829001
7379	34019	35	113	88	0	34019477001
7380	34020	22	112	86	0	34020435000
7381	34020	29	113	87	0	34020422001
7382	34021	23	113	86	0	34021871000
7383	34021	27	111	87	0	34021497001
7384	34022	16	112	85	0	34022009000
7385	34024	17	113	85	0	34024339000
7386	34025	10	112	84	0	34025052001
7387	34026	5	113	83	0	34026643000
7388	34027	11	113	84	0	34027492001
7389	34028	4	112	83	0	34028545001
7390	34076	3	111	83	0	34076713000
7391	34077	2	110	83	0	34077614000
7392	34078	9	111	84	0	34078568000
7393	34079	8	110	84	0	34079646001
7394	34080	14	110	85	0	34080983001
7395	34081	1	109	83	0	34081589001
7396	34084	6	108	84	0	34084568000
7397	34084	19	109	86	0	34084175001
7398	34087	18	108	86	0	34087453001
7399	34108	5	113	83	0	34108181001
7400	34108	11	113	84	0	34108811001
7401	34109	10	112	84	0	34109503001
7402	34110	4	112	83	1	34110593001
7403	34110	5	113	83	0	34110709000
7404	34110	16	112	85	0	34110907000
7405	34110	17	113	85	0	34110490000
7406	34111	9	111	84	0	34111625001
7407	34111	10	112	84	0	34111925000
7408	34111	11	113	84	0	34111111001
7409	34111	15	111	85	0	34111222000
7410	34111	23	113	86	0	34111767001
7411	34112	4	112	83	0	34112741000
7412	34112	14	110	85	0	34112809000
7413	34112	20	110	86	0	34112948001
7414	34112	21	111	86	0	34112388001
7415	34112	22	112	86	0	34112197001
7416	34113	9	111	84	0	34113908001
7417	34113	15	111	85	0	34113770001
7418	34113	16	112	85	0	34113026000
7419	34113	17	113	85	0	34113072001
7420	34113	19	109	86	0	34113713000
7421	34113	28	112	87	0	34113793001
7422	34113	29	113	87	0	34113309001
7423	34114	5	113	83	0	34114815000
7424	34114	21	111	86	0	34114565000
7425	34114	22	112	86	0	34114394000
7426	34114	23	113	86	0	34114141001
7427	34114	25	109	87	0	34114895000
7428	34114	26	110	87	0	34114492000
7429	34114	27	111	87	0	34114336001
7430	34115	3	111	83	0	34115324001
7431	34115	4	112	83	0	34115512001
7432	34115	8	110	84	0	34115384000
7433	34115	13	109	85	0	34115024000
7434	34115	14	110	85	0	34115300000
7435	34115	19	109	86	0	34115946001
7436	34115	20	110	86	0	34115362000
7437	34115	24	108	87	0	34115219001
7438	34115	29	113	87	0	34115712001
7439	34115	31	109	88	0	34115881001
7440	34115	33	111	88	0	34115591001
7441	34115	34	112	88	0	34115443000
7442	34115	35	113	88	0	34115064001
7443	34116	18	108	86	0	34116319000
7444	34116	26	110	87	0	34116971000
7445	34116	27	111	87	0	34116368001
7446	34116	28	112	87	0	34116165001
7447	34116	30	108	88	0	34116341000
7448	34116	32	110	88	0	34116088000
7449	34117	3	111	83	0	34117671001
7450	34117	7	109	84	0	34117855000
7451	34117	8	110	84	0	34117993000
7452	34117	9	111	84	0	34117596000
7453	34117	13	109	85	0	34117726000
7454	34117	24	108	87	0	34117385000
7455	34117	25	109	87	0	34117486000
7456	34117	31	109	88	0	34117994001
7457	34117	33	111	88	0	34117583001
7458	34117	34	112	88	0	34117183000
7459	34117	35	113	88	0	34117037001
7460	34118	2	110	83	0	34118452000
7461	34118	12	108	85	0	34118880000
7462	34118	18	108	86	0	34118648000
7463	34118	30	108	88	0	34118601000
7464	34118	32	110	88	1	34118476001
7465	34119	23	113	86	0	34119861000
7466	34120	2	110	83	0	34120773000
7467	34120	3	111	83	0	34120682001
7468	34120	7	109	84	0	34120559000
7469	34120	14	110	85	0	34120714000
7470	34120	19	109	86	0	34120646001
7471	34120	34	112	88	1	34120732001
7472	34121	8	110	84	0	34121780001
7473	34121	12	108	85	0	34121426000
7474	34121	13	109	85	0	34121026001
7475	34121	18	108	86	0	34121643000
7476	34122	1	109	83	0	34122845000
7477	34122	4	112	83	0	34122699000
7478	34123	6	108	84	0	34123126000
7479	34124	2	110	83	0	34124163001
7480	34124	7	109	84	0	34124099001
7481	34124	10	112	84	0	34124018000
7482	34124	12	108	85	0	34124789000
7483	34124	22	112	86	0	34124155001
7484	34125	1	109	83	0	34125718000
7485	34125	6	108	84	0	34125905001
7486	34125	33	111	88	0	34125783000
7487	34126	0	108	83	0	34126764001
7488	34126	31	109	88	0	34126845001
7489	34128	2	110	83	0	34128569000
7490	34129	0	108	83	0	34129626001
7491	34129	1	109	83	0	34129163000
7492	34129	6	108	84	0	34129050000
7493	34130	24	108	87	0	34130492001
7494	34132	12	108	85	0	34132850000
7495	34133	0	108	83	0	34133025001
7496	34138	5	113	83	1	34138634001
7497	34139	4	112	83	1	34139832000
7498	34139	10	112	84	1	34139832000
7499	34139	11	113	84	1	34139096001
7500	34139	17	113	85	1	34139247000
7501	34139	23	113	86	1	34139404000
7502	34139	29	113	87	1	34139381000
7503	34140	3	111	83	1	34140675001
7504	34140	16	112	85	1	34140414000
7505	34140	22	112	86	1	34140266000
7506	34140	28	112	87	1	34140795000
7507	34140	34	112	88	1	34140808000
7508	34140	35	113	88	1	34140005001
7509	34141	2	110	83	1	34141960000
7510	34141	9	111	84	1	34141086001
7511	34141	15	111	85	1	34141222000
7512	34141	21	111	86	1	34141493000
7513	34141	27	111	87	1	34141718000
7514	34141	29	113	87	1	34141669000
7515	34141	33	111	88	1	34141643001
7516	34142	1	109	83	1	34142965001
7517	34142	8	110	84	1	34142248001
7518	34142	14	110	85	1	34142113001
7519	34142	15	111	85	1	34142949001
7520	34142	20	110	86	1	34142422001
7521	34142	22	112	86	1	34142286000
7522	34142	26	110	87	1	34142841000
7523	34142	32	110	88	1	34142840000
7524	34142	34	112	88	1	34142935001
7525	34143	3	111	83	1	34143782001
7526	34143	7	109	84	1	34143219001
7527	34143	13	109	85	1	34143358000
7528	34143	19	109	86	1	34143679000
7529	34143	33	111	88	1	34143111000
7530	34144	0	108	83	1	34144365001
7531	34144	2	110	83	1	34144883000
7532	34144	6	108	84	1	34144380000
7533	34144	12	108	85	1	34144448000
7534	34144	14	110	85	1	34144051000
7535	34144	18	108	86	1	34144693001
7536	34144	25	109	87	1	34144074001
7537	34144	27	111	87	1	34144608000
7538	34144	31	109	88	1	34144039000
7539	34144	32	110	88	1	34144794000
7540	34145	20	110	86	1	34145337000
7541	34145	24	108	87	1	34145011001
7542	34145	30	108	88	1	34145153001
7543	34146	12	108	85	1	34146213001
7544	34146	18	108	86	1	34146379001
7545	34147	5	113	83	1	34147262000
7546	34148	10	112	84	1	34148999001
7547	34148	24	108	87	1	34148713001
7548	34149	30	108	88	1	34149261001
7549	34150	28	112	87	1	34150606001
7550	34172	8	110	84	1	34172775001
7551	34280	30	108	88	0	34280092001
7552	34281	24	108	87	0	34281543000
7553	34284	18	108	86	0	34284143000
7554	34287	2	110	83	0	34287979000
7555	34287	12	108	85	0	34287403000
7556	34332	5	113	83	0	34332730000
7557	34333	10	112	84	0	34333722001
7558	34333	11	113	84	0	34333197000
7559	34334	3	111	83	0	34334973000
7560	34334	4	112	83	0	34334218000
7561	34335	9	111	84	0	34335367000
7562	34336	2	110	83	0	34336314001
7563	34336	8	110	84	0	34336239000
7564	34337	1	109	83	0	34337633001
7565	34337	5	113	83	1	34337603001
7566	34337	7	109	84	0	34337527001
7567	34338	0	108	83	0	34338916000
7568	34338	6	108	84	0	34338841001
7569	34342	5	113	83	0	34342972001
7570	34344	1	109	83	0	34344129001
7571	34344	2	110	83	0	34344741000
7572	34344	7	109	84	0	34344142000
7573	34344	8	110	84	0	34344538000
7574	34344	9	111	84	0	34344677000
7575	34345	3	111	83	0	34345533001
7576	34345	4	112	83	0	34345528001
7577	34345	6	108	84	0	34345232001
7578	34345	10	112	84	0	34345261001
7579	34345	11	113	84	0	34345969001
7580	34346	0	108	83	0	34346035001
7581	34346	5	113	83	0	34346181001
7582	34346	9	111	84	0	34346988001
7583	34347	1	109	83	0	34347466000
7584	34347	12	108	85	0	34347916000
7585	34347	13	109	85	0	34347963000
7586	34347	14	110	85	0	34347711001
7587	34348	2	110	83	0	34348125001
7588	34348	3	111	83	0	34348672001
7589	34348	7	109	84	0	34348474001
7590	34348	8	110	84	0	34348075001
7591	34348	10	112	84	0	34348373001
7592	34348	11	113	84	0	34348989001
7593	34348	15	111	85	0	34348430001
7594	34348	16	112	85	0	34348983000
7595	34349	4	112	83	0	34349316001
7596	34349	6	108	84	1	34349052001
7597	34349	17	113	85	0	34349118000
7598	34350	9	111	84	0	34350750000
7599	34350	12	108	85	0	34350522000
7600	34350	13	109	85	0	34350747000
7601	34350	14	110	85	0	34350178000
7602	34350	20	110	86	0	34350997000
7603	34351	5	113	83	0	34351825000
7604	34351	8	110	84	0	34351455001
7605	34351	10	112	84	0	34351614000
7606	34351	11	113	84	0	34351408000
7607	34351	15	111	85	0	34351229001
7608	34351	16	112	85	0	34351465000
7609	34351	17	113	85	0	34351852001
7610	34351	18	108	86	0	34351225000
7611	34351	19	109	86	0	34351045000
7612	34351	21	111	86	0	34351535000
7613	34351	22	112	86	0	34351204001
7614	34351	23	113	86	0	34351682001
7615	34353	6	108	84	0	34353277000
7616	34353	12	108	85	0	34353164000
7617	34353	14	110	85	0	34353173000
7618	34353	20	110	86	0	34353792000
7619	34353	22	112	86	0	34353419001
7620	34353	24	108	87	0	34353836001
7621	34353	27	111	87	0	34353929001
7622	34353	28	112	87	0	34353885000
7623	34353	29	113	87	0	34353977001
7624	34354	13	109	85	0	34354287000
7625	34354	15	111	85	0	34354341000
7626	34354	16	112	85	0	34354567001
7627	34354	18	108	86	0	34354447001
7628	34354	19	109	86	0	34354150000
7629	34354	21	111	86	0	34354103001
7630	34354	23	113	86	0	34354555000
7631	34354	25	109	87	0	34354339001
7632	34354	26	110	87	0	34354270000
7633	34355	17	113	85	0	34355205000
7634	34356	9	111	84	0	34356213001
7635	34356	19	109	86	0	34356437000
7636	34356	21	111	86	0	34356982001
7637	34356	22	112	86	0	34356295001
7638	34356	24	108	87	0	34356377001
7639	34356	27	111	87	0	34356441001
7640	34356	28	112	87	0	34356246000
7641	34356	29	113	87	0	34356169001
7642	34356	30	108	88	0	34356334000
7643	34356	31	109	88	0	34356289001
7644	34356	32	110	88	0	34356289001
7645	34356	33	111	88	0	34356041000
7646	34356	34	112	88	0	34356098001
7647	34356	35	113	88	0	34356373000
7648	34357	7	109	84	0	34357074000
7649	34357	20	110	86	0	34357553001
7650	34357	25	109	87	0	34357540000
7651	34357	26	110	87	0	34357064001
7652	34357	34	112	88	0	34357930001
7653	34358	18	108	86	0	34358773000
7654	34358	28	112	87	0	34358856001
7655	34358	31	109	88	0	34358628001
7656	34358	33	111	88	0	34358108001
7657	34358	35	113	88	0	34358767000
7658	34359	24	108	87	0	34359150000
7659	34359	27	111	87	0	34359921000
7660	34359	29	113	87	0	34359317000
7661	34359	30	108	88	0	34359088000
7662	34359	32	110	88	0	34359185001
7663	34360	33	111	88	0	34360986000
7664	34360	34	112	88	0	34360285000
7665	34361	21	111	86	0	34361703000
7666	34362	31	109	88	0	34362966000
7667	34371	5	113	83	1	34371757001
7668	34372	11	113	84	1	34372677001
7669	34372	30	108	88	0	34372357001
7670	34373	5	113	83	1	34373765000
7671	34373	17	113	85	1	34373400001
7672	34374	4	112	83	1	34374042001
7673	34374	10	112	84	1	34374615000
7674	34374	11	113	84	1	34374522000
7675	34374	16	112	85	1	34374839001
7676	34374	23	113	86	1	34374223001
7677	34374	29	113	87	1	34374506001
7678	34375	3	111	83	1	34375610001
7679	34375	4	112	83	1	34375943000
7680	34375	9	111	84	1	34375801001
7681	34375	17	113	85	1	34375513000
7682	34375	22	112	86	1	34375861001
7683	34375	35	113	88	1	34375405001
7684	34376	10	112	84	1	34376888001
7685	34376	15	111	85	1	34376544001
7686	34376	16	112	85	1	34376730001
7687	34376	21	111	86	1	34376888001
7688	34376	28	112	87	1	34376048000
7689	34376	29	113	87	1	34376445000
7690	34376	34	112	88	1	34376667000
7691	34377	2	110	83	1	34377547000
7692	34377	3	111	83	1	34377386001
7693	34377	8	110	84	1	34377798000
7694	34377	9	111	84	1	34377633001
7695	34377	15	111	85	1	34377983001
7696	34377	22	112	86	1	34377960001
7697	34377	27	111	87	1	34377704001
7698	34377	28	112	87	1	34377872001
7699	34377	35	113	88	1	34377825001
7700	34378	14	110	85	1	34378167000
7701	34378	20	110	86	1	34378538000
7702	34378	21	111	86	1	34378773001
7703	34378	23	113	86	1	34378234000
7704	34378	33	111	88	1	34378060000
7705	34378	34	112	88	1	34378276000
7706	34379	1	109	83	1	34379080001
7707	34379	2	110	83	1	34379279000
7708	34379	7	109	84	1	34379619000
7709	34379	8	110	84	1	34379627000
7710	34379	13	109	85	1	34379821000
7711	34379	26	110	87	1	34379322001
7712	34379	27	111	87	1	34379440001
7713	34379	33	111	88	1	34379600001
7714	34380	0	108	83	1	34380882000
7715	34380	1	109	83	1	34380838000
7716	34380	6	108	84	1	34380838000
7717	34380	14	110	85	1	34380021000
7718	34380	19	109	86	1	34380461000
7719	34380	20	110	86	1	34380446000
7720	34380	32	110	88	1	34380022001
7721	34381	7	109	84	1	34381928001
7722	34381	13	109	85	1	34381750001
7723	34381	25	109	87	1	34381332001
7724	34381	26	110	87	1	34381303001
7725	34381	31	109	88	1	34381359001
7726	34381	32	110	88	1	34381879000
7727	34382	0	108	83	1	34382675000
7728	34382	6	108	84	1	34382934000
7729	34382	12	108	85	1	34382026001
7730	34382	18	108	86	1	34382167001
7731	34382	19	109	86	1	34382504000
7732	34382	24	108	87	1	34382719001
7733	34383	12	108	85	1	34383808001
7734	34383	18	108	86	1	34383935001
7735	34383	25	109	87	1	34383685000
7736	34383	30	108	88	1	34383043001
7737	34383	31	109	88	1	34383412000
7738	34384	24	108	87	1	34384791000
7739	34384	30	108	88	1	34384980000
7740	34496	24	108	87	0	34496789000
7741	34496	30	108	88	0	34496361000
7742	34497	18	108	86	0	34497918000
7743	34497	31	109	88	0	34497771000
7744	34498	6	108	84	0	34498831001
7745	34498	12	108	85	0	34498238001
7746	34498	30	108	88	0	34498464000
7747	34499	0	108	83	0	34499531000
7748	34499	19	109	86	0	34499289000
7749	34499	24	108	87	0	34499026001
7750	34499	25	109	87	0	34499047000
7751	34499	31	109	88	0	34499706001
7752	34500	7	109	84	0	34500607001
7753	34500	12	108	85	0	34500718000
7754	34500	13	109	85	0	34500068000
7755	34500	18	108	86	0	34500100001
7756	34500	26	110	87	0	34500608000
7757	34500	30	108	88	0	34500960000
7758	34500	32	110	88	0	34500075001
7759	34501	1	109	83	0	34501378001
7760	34501	14	110	85	0	34501815001
7761	34501	19	109	86	0	34501584001
7762	34501	20	110	86	0	34501035001
7763	34501	33	111	88	0	34501529000
7764	34502	0	108	83	1	34502124001
7765	34502	2	110	83	0	34502987000
7766	34502	8	110	84	0	34502162000
7767	34502	13	109	85	0	34502891000
7768	34502	21	111	86	0	34502779001
7769	34502	25	109	87	0	34502101001
7770	34502	27	111	87	0	34502461001
7771	34502	32	110	88	0	34502874000
7772	34503	6	108	84	1	34503026000
7773	34503	9	111	84	0	34503907000
7774	34503	12	108	85	1	34503966000
7775	34503	15	111	85	0	34503769000
7776	34503	20	110	86	0	34503336000
7777	34503	26	110	87	0	34503254000
7778	34503	28	112	87	0	34503732000
7779	34503	33	111	88	0	34503540001
7780	34503	34	112	88	0	34503481001
7781	34504	1	109	83	1	34504037001
7782	34504	3	111	83	0	34504853000
7783	34504	8	110	84	0	34504262000
7784	34504	14	110	85	0	34504313001
7785	34504	22	112	86	0	34504302001
7786	34504	27	111	87	0	34504723000
7787	34504	35	113	88	0	34504871001
7788	34505	2	110	83	1	34505582000
7789	34505	7	109	84	1	34505112000
7790	34505	9	111	84	0	34505772001
7791	34505	10	112	84	0	34505274000
7792	34505	13	109	85	1	34505946001
7793	34505	16	112	85	0	34505066000
7794	34505	18	108	86	1	34505357001
7795	34505	21	111	86	0	34505231001
7796	34505	23	113	86	0	34505808001
7797	34505	29	113	87	0	34505384000
7798	34505	34	112	88	0	34505756000
7799	34506	4	112	83	0	34506296000
7800	34506	8	110	84	1	34506508001
7801	34506	12	108	85	1	34506387001
7802	34506	15	111	85	0	34506387001
7803	34506	17	113	85	0	34506886001
7804	34506	22	112	86	0	34506139000
7805	34506	28	112	87	0	34506140001
7806	34507	3	111	83	1	34507926000
7807	34507	10	112	84	0	34507639000
7808	34507	11	113	84	0	34507504000
7809	34507	14	110	85	1	34507603001
7810	34507	16	112	85	0	34507197000
7811	34507	18	108	86	1	34507966001
7812	34507	19	109	86	1	34507591000
7813	34507	24	108	87	1	34507106000
7814	34507	29	113	87	0	34507667000
7815	34507	35	113	88	0	34507058001
7816	34508	5	113	83	0	34508154000
7817	34508	9	111	84	1	34508651001
7818	34508	20	110	86	1	34508833001
7819	34508	23	113	86	0	34508068001
7820	34508	25	109	87	1	34508983001
7821	34508	30	108	88	1	34508240001
7822	34508	31	109	88	0	34508052000
7823	34509	4	112	83	1	34509939001
7824	34509	13	109	85	1	34509721000
7825	34509	14	110	85	1	34509764000
7826	34509	15	111	85	1	34509923001
7827	34509	17	113	85	0	34509625000
7828	34510	10	112	84	1	34510653000
7829	34510	11	113	84	0	34510069001
7830	34510	20	110	86	1	34510853000
7831	34510	26	110	87	1	34510615001
7832	34510	28	112	87	0	34510800001
7833	34510	31	109	88	1	34510481000
7834	34511	15	111	85	1	34511959000
7835	34511	16	112	85	1	34511698001
7836	34511	21	111	86	1	34511321001
7837	34511	30	108	88	1	34511094000
7838	34512	5	113	83	1	34512069001
7839	34512	8	110	84	1	34512225001
7840	34512	11	113	84	1	34512749000
7841	34512	24	108	87	1	34512004000
7842	34512	25	109	87	1	34512819001
7843	34512	27	111	87	1	34512819001
7844	34512	32	110	88	1	34512224001
7845	34513	16	112	85	1	34513787001
7846	34513	17	113	85	1	34513633000
7847	34513	22	112	86	1	34513491001
7848	34513	26	110	87	1	34513238001
7849	34513	33	111	88	1	34513975001
7850	34514	9	111	84	1	34514328000
7851	34514	28	112	87	1	34514019000
7852	34514	32	110	88	1	34514858001
7853	34515	19	109	86	1	34515070001
7854	34515	21	111	86	1	34515777000
7855	34515	23	113	86	1	34515333000
7856	34515	28	112	87	1	34515825000
7857	34515	31	109	88	1	34515159000
7858	34515	33	111	88	1	34515834000
7859	34515	34	112	88	1	34515536000
7860	34516	11	113	84	1	34516508001
7861	34516	17	113	85	1	34516222000
7862	34516	27	111	87	1	34516185000
7863	34516	29	113	87	1	34516790000
7864	34517	10	112	84	1	34517926001
7865	34517	22	112	86	1	34517133001
7866	34517	34	112	88	1	34517322000
7867	34517	35	113	88	1	34517923001
7868	34519	23	113	86	1	34519094001
7869	34519	29	113	87	1	34519482001
7870	34520	35	113	88	1	34520476001
7871	34574	29	113	87	0	34574637001
7872	34574	35	113	88	0	34574343000
7873	34575	23	113	86	0	34575014001
7874	34576	11	113	84	0	34576322000
7875	34576	17	113	85	0	34576081001
7876	34576	29	113	87	0	34576780000
7877	34576	34	112	88	0	34576476000
7878	34576	35	113	88	0	34576359001
7879	34577	5	113	83	0	34577623001
7880	34577	22	112	86	0	34577007001
7881	34577	23	113	86	0	34577127000
7882	34577	28	112	87	0	34577003000
7883	34578	10	112	84	0	34578507001
7884	34578	11	113	84	0	34578470001
7885	34578	16	112	85	0	34578318001
7886	34578	17	113	85	0	34578470001
7887	34578	22	112	86	0	34578984000
7888	34578	27	111	87	0	34578621000
7889	34578	28	112	87	0	34578942000
7890	34578	33	111	88	0	34578134000
7891	34578	34	112	88	0	34578451001
7892	34579	4	112	83	0	34579590001
7893	34579	5	113	83	0	34579918000
7894	34579	9	111	84	0	34579942001
7895	34579	21	111	86	0	34579209000
7896	34579	33	111	88	0	34579860001
7897	34580	10	112	84	0	34580614000
7898	34580	15	111	85	0	34580198001
7899	34580	16	112	85	0	34580601001
7900	34580	26	110	87	0	34580966001
7901	34580	27	111	87	0	34580615001
7902	34580	32	110	88	0	34580543000
7903	34581	3	111	83	0	34581561001
7904	34581	4	112	83	0	34581772001
7905	34581	9	111	84	0	34581768001
7906	34581	20	110	86	0	34581634001
7907	34581	21	111	86	0	34581134000
7908	34581	31	109	88	0	34581212001
7909	34582	8	110	84	0	34582622001
7910	34582	14	110	85	0	34582212000
7911	34582	15	111	85	0	34582435001
7912	34582	19	109	86	0	34582786000
7913	34582	25	109	87	0	34582717001
7914	34582	35	113	88	0	34582540001
7915	34583	2	110	83	0	34583652001
7916	34583	3	111	83	0	34583781001
7917	34583	13	109	85	0	34583974000
7918	34583	26	110	87	0	34583268001
7919	34583	30	108	88	0	34583717000
7920	34583	31	109	88	0	34583146000
7921	34583	32	110	88	0	34583067000
7922	34584	7	109	84	0	34584949001
7923	34584	8	110	84	0	34584892001
7924	34584	14	110	85	0	34584233000
7925	34584	19	109	86	0	34584923001
7926	34584	20	110	86	0	34584027000
7927	34584	22	112	86	0	34584912001
7928	34584	24	108	87	0	34584156000
7929	34584	25	109	87	0	34584980001
7930	34585	1	109	83	0	34585269001
7931	34585	2	110	83	0	34585764000
7932	34585	9	111	84	0	34585245001
7933	34585	18	108	86	0	34585377001
7934	34585	30	108	88	0	34585569000
7935	34586	11	113	84	0	34586301000
7936	34586	12	108	85	0	34586218001
7937	34586	13	109	85	0	34586480001
7938	34586	24	108	87	0	34586112000
7939	34587	0	108	83	0	34587743001
7940	34587	1	109	83	0	34587608001
7941	34587	6	108	84	0	34587242001
7942	34587	7	109	84	0	34587912001
7943	34587	18	108	86	0	34587480000
7944	34588	12	108	85	0	34588411001
7945	34589	30	108	88	0	34589660001
7946	34590	0	108	83	0	34590382000
7947	34590	6	108	84	0	34590050000
7948	34590	24	108	87	0	34590542000
7949	34591	31	109	88	0	34591485000
7950	34592	19	109	86	0	34592305001
7951	34610	5	113	83	1	34610373001
7952	34611	4	112	83	1	34611972001
7953	34611	11	113	84	1	34611269000
7954	34612	5	113	83	1	34612113001
7955	34612	10	112	84	1	34612743001
7956	34612	17	113	85	1	34612163001
7957	34613	3	111	83	1	34613217000
7958	34613	9	111	84	1	34613869001
7959	34613	11	113	84	1	34613109001
7960	34613	16	112	85	1	34613612001
7961	34613	23	113	86	1	34613001000
7962	34613	29	113	87	1	34613684000
7963	34614	2	110	83	1	34614745000
7964	34614	4	112	83	1	34614434001
7965	34614	15	111	85	1	34614308001
7966	34614	17	113	85	1	34614340000
7967	34614	22	112	86	1	34614205000
7968	34614	35	113	88	1	34614416000
7969	34615	1	109	83	1	34615739000
7970	34615	3	111	83	1	34615239001
7971	34615	8	110	84	1	34615207000
7972	34615	9	111	84	1	34615753000
7973	34615	10	112	84	1	34615661001
7974	34615	14	110	85	1	34615903001
7975	34615	15	111	85	1	34615811001
7976	34615	16	112	85	1	34615701001
7977	34615	21	111	86	1	34615209000
7978	34615	28	112	87	1	34615026000
7979	34615	29	113	87	1	34615967000
7980	34615	34	112	88	1	34615779001
7981	34616	7	109	84	1	34616606000
7982	34616	20	110	86	1	34616853000
7983	34616	21	111	86	1	34616883001
7984	34616	22	112	86	1	34616177001
7985	34616	27	111	87	1	34616294001
7986	34616	28	112	87	1	34616963000
7987	34616	33	111	88	1	34616894001
7988	34616	35	113	88	1	34616794000
7989	34617	0	108	83	1	34617192001
7990	34617	1	109	83	1	34617803001
7991	34617	2	110	83	1	34617076000
7992	34617	6	108	84	1	34617542000
7993	34617	8	110	84	1	34617013000
7994	34617	13	109	85	1	34617105001
7995	34617	14	110	85	1	34617526000
7996	34617	19	109	86	1	34617888001
7997	34617	23	113	86	1	34617207001
7998	34617	26	110	87	1	34617479001
7999	34617	34	112	88	1	34617369001
8000	34618	12	108	85	1	34618593000
8001	34618	25	109	87	1	34618855001
8002	34618	27	111	87	1	34618238000
8003	34618	32	110	88	1	34618053001
8004	34618	33	111	88	1	34618593000
8005	34619	0	108	83	1	34619102000
8006	34619	6	108	84	1	34619667000
8007	34619	13	109	85	1	34619119000
8008	34619	18	108	86	1	34619291000
8009	34619	20	110	86	1	34619468000
8010	34619	31	109	88	1	34619255001
8011	34619	32	110	88	1	34619864000
8012	34620	12	108	85	1	34620272000
8013	34620	19	109	86	1	34620554000
8014	34620	24	108	87	1	34620254001
8015	34620	26	110	87	1	34620027001
8016	34620	30	108	88	1	34620533001
8017	34621	18	108	86	1	34621034001
8018	34621	31	109	88	1	34621403001
8019	34622	25	109	87	1	34622382001
8020	34622	30	108	88	1	34622555000
8021	34623	24	108	87	1	34623885001
8022	34627	7	109	84	1	34627810001
8023	34664	23	113	86	0	34664585001
8024	34665	22	112	86	0	34665985000
8025	34665	29	113	87	0	34665399001
8026	34666	28	112	87	0	34666428001
8027	34671	31	109	88	0	34671218001
8028	34673	30	108	88	0	34673376000
8029	34793	31	109	88	0	34793386000
8030	34794	32	110	88	0	34794333001
8031	34795	26	110	87	0	34795033001
8032	34795	27	111	87	0	34795787000
8033	34795	33	111	88	0	34795019001
8034	34795	34	112	88	0	34795790001
8035	34796	28	112	87	0	34796745001
8036	34796	31	109	88	1	34796936001
8037	34796	32	110	88	1	34796428000
8038	34796	35	113	88	0	34796903001
8039	34797	22	112	86	0	34797481000
8040	34797	27	111	87	1	34797777001
8041	34797	29	113	87	0	34797374000
8042	34797	33	111	88	0	34797094001
8043	34797	34	112	88	0	34797556000
8044	34798	17	113	85	0	34798981000
8045	34798	23	113	86	0	34798137000
8046	34798	33	111	88	1	34798875001
8047	34799	28	112	87	1	34799173001
8048	34799	29	113	87	0	34799398001
8049	34799	34	112	88	1	34799798001
8050	34799	35	113	88	0	34799254000
8051	34800	23	113	86	1	34800397001
8052	34801	29	113	87	1	34801413001
8053	34801	35	113	88	1	34801685000
8054	34803	34	112	88	1	34803276001
8055	34804	22	112	86	1	34804016000
8056	34805	35	113	88	1	34805363000
8057	35057	0	108	83	0	35057762001
8058	35082	5	113	83	0	35082507000
8059	35087	5	113	83	0	35087666000
8060	35099	5	113	83	1	35099600001
8061	35116	30	108	88	0	35116760000
8062	35117	31	109	88	0	35117222000
8063	35119	24	108	87	0	35119738000
8064	35119	33	111	88	0	35119373001
8065	35119	34	112	88	0	35119738000
8066	35120	35	113	88	0	35120463001
8067	35121	25	109	87	0	35121193000
8068	35122	27	111	87	0	35122654000
8069	35123	18	108	86	0	35123166000
8070	35123	19	109	86	0	35123166000
8071	35124	20	110	86	0	35124393000
8072	35125	21	111	86	0	35125127000
8073	35125	22	112	86	0	35125512001
8074	35126	14	110	85	0	35126996000
8075	35126	23	113	86	0	35126626001
8076	35128	16	112	85	0	35128254000
8077	35129	8	110	84	0	35129689000
8078	35129	9	111	84	0	35129813000
8079	35130	10	112	84	0	35130393000
8080	35131	2	110	83	0	35131938000
8081	35131	11	113	84	0	35131852001
8082	35132	3	111	83	0	35132834001
8083	35133	4	112	83	0	35133295000
8084	35217	24	108	87	0	35217777000
8085	35217	30	108	88	0	35217528001
8086	35218	6	108	84	0	35218590000
8087	35218	12	108	85	0	35218359000
8088	35218	18	108	86	0	35218121001
8089	35218	19	109	86	0	35218893001
8090	35218	25	109	87	0	35218689000
8091	35218	31	109	88	0	35218135001
8092	35219	0	108	83	0	35219322000
8093	35219	1	109	83	0	35219637000
8094	35219	7	109	84	0	35219375000
8095	35219	13	109	85	0	35219147000
8096	35219	14	110	85	0	35219937001
8097	35219	20	110	86	0	35219592000
8098	35219	26	110	87	0	35219234000
8099	35219	27	111	87	0	35219964000
8100	35219	32	110	88	0	35219025001
8101	35219	33	111	88	0	35219599001
8102	35220	2	110	83	0	35220521000
8103	35220	8	110	84	0	35220042000
8104	35220	9	111	84	0	35220890000
8105	35220	15	111	85	0	35220619000
8106	35220	18	108	86	0	35220622000
8107	35220	21	111	86	0	35220178000
8108	35220	24	108	87	0	35220457001
8109	35220	28	112	87	0	35220481000
8110	35220	34	112	88	0	35220281000
8111	35221	3	111	83	0	35221170001
8112	35221	4	112	83	0	35221907001
8113	35221	10	112	84	0	35221556000
8114	35221	12	108	85	0	35221588000
8115	35221	16	112	85	0	35221391000
8116	35221	17	113	85	0	35221967000
8117	35221	22	112	86	0	35221050000
8118	35221	23	113	86	0	35221619000
8119	35221	29	113	87	0	35221187001
8120	35221	30	108	88	0	35221376000
8121	35221	35	113	88	0	35221135001
8122	35222	5	113	83	0	35222669001
8123	35222	6	108	84	0	35222831000
8124	35222	11	113	84	0	35222292001
8125	35222	34	112	88	0	35222259001
8126	35223	1	109	83	0	35223702001
8127	35223	3	111	83	0	35223964001
8128	35223	8	110	84	0	35223906000
8129	35223	13	109	85	0	35223857001
8130	35223	27	111	87	0	35223641001
8131	35223	28	112	87	0	35223144000
8132	35223	29	113	87	0	35223237000
8133	35223	31	109	88	0	35223725001
8134	35223	33	111	88	0	35223796000
8135	35224	9	111	84	0	35224212001
8136	35225	2	110	83	0	35225586000
8137	35225	5	113	83	0	35225201000
8138	35225	19	109	86	0	35225350000
8139	35225	20	110	86	0	35225449000
8140	35228	11	113	84	0	35228121001
8141	35229	22	112	86	0	35229883001
8142	35231	16	112	85	0	35231632000
8143	35231	17	113	85	0	35231162000
8144	35232	8	110	84	0	35232288000
8145	35233	14	110	85	0	35233181001
8146	35233	30	108	88	1	35233408000
8147	35233	31	109	88	1	35233559000
8148	35233	32	110	88	1	35233874000
8149	35233	33	111	88	1	35233766001
8150	35233	34	112	88	1	35233687001
8151	35234	24	108	87	1	35234522000
8152	35234	25	109	87	1	35234992000
8153	35234	26	110	87	1	35234914001
8154	35234	27	111	87	1	35234874000
8155	35234	35	113	88	1	35234268000
8156	35235	18	108	86	1	35235609001
8157	35235	19	109	86	1	35235760000
8158	35235	20	110	86	1	35235721000
8159	35235	28	112	87	1	35235062000
8160	35235	29	113	87	1	35235142001
8161	35235	33	111	88	1	35235479000
8162	35235	34	112	88	1	35235151001
8163	35236	12	108	85	1	35236710001
8164	35236	13	109	85	1	35236966001
8165	35236	14	110	85	1	35236945000
8166	35236	21	111	86	1	35236225000
8167	35236	22	112	86	1	35236194000
8168	35236	23	113	86	1	35236494001
8169	35236	27	111	87	1	35236644000
8170	35236	28	112	87	1	35236965000
8171	35236	30	108	88	1	35236024001
8172	35237	15	111	85	1	35237403001
8173	35237	16	112	85	1	35237369001
8174	35237	17	113	85	1	35237301001
8175	35237	18	108	86	1	35237203001
8176	35237	20	110	86	1	35237516000
8177	35237	24	108	87	1	35237189001
8178	35237	29	113	87	1	35237760001
8179	35238	6	108	84	1	35238133000
8180	35238	7	109	84	1	35238373001
8181	35238	8	110	84	1	35238102000
8182	35238	9	111	84	1	35238452001
8183	35238	10	112	84	1	35238775000
8184	35238	12	108	85	1	35238277001
8185	35238	14	110	85	1	35238551001
8186	35238	19	109	86	1	35238373001
8187	35238	22	112	86	1	35238125001
8188	35239	0	108	83	1	35239278000
8189	35239	1	109	83	1	35239295000
8190	35239	2	110	83	1	35239600001
8191	35239	3	111	83	1	35239982000
8192	35239	8	110	84	1	35239774000
8193	35239	11	113	84	1	35239035001
8194	35239	13	109	85	1	35239222000
8195	35239	15	111	85	1	35239248001
8196	35239	16	112	85	1	35239150001
8197	35239	17	113	85	1	35239102001
8198	35239	35	113	88	1	35239188000
8199	35240	0	108	83	1	35240981000
8200	35240	4	112	83	1	35240115001
8201	35240	5	113	83	1	35240128000
8202	35240	9	111	84	1	35240255000
8203	35241	1	109	83	1	35241079000
8204	35241	2	110	83	1	35241440000
8205	35242	3	111	83	1	35242916001
8206	35242	5	113	83	1	35242155001
8207	35242	6	108	84	1	35242880000
8208	35242	11	113	84	1	35242135000
8209	35243	4	112	83	1	35243416001
8210	35257	31	109	88	1	35257276000
8211	35399	1	109	83	0	35399860001
8212	35399	2	110	83	0	35399813001
8213	35400	0	108	83	0	35400442000
8214	35401	6	108	84	0	35401666000
8215	35402	0	108	83	1	35402124001
8216	35845	4	112	83	0	35845218001
8217	35846	10	112	84	0	35846364001
8218	36000	23	113	86	0	36000931001
8219	36000	29	113	87	0	36000234000
8220	36000	35	113	88	0	36000309001
8221	36001	17	113	85	0	36001570001
8222	36002	5	113	83	0	36002717000
8223	36002	11	113	84	0	36002096001
8224	36002	28	112	87	0	36002819001
8225	36002	29	113	87	0	36002074000
8226	36002	34	112	88	0	36002188001
8227	36002	35	113	88	0	36002389001
8228	36003	16	112	85	0	36003892001
8229	36003	22	112	86	0	36003144000
8230	36003	23	113	86	0	36003028001
8231	36003	34	112	88	0	36003901000
8232	36004	5	113	83	0	36004772001
8233	36004	10	112	84	0	36004493001
8234	36004	11	113	84	0	36004264000
8235	36004	17	113	85	0	36004057001
8236	36004	22	112	86	0	36004981001
8237	36004	28	112	87	0	36004608000
8238	36004	29	113	87	0	36004942000
8239	36004	33	111	88	0	36004470000
8240	36005	4	112	83	0	36005178001
8241	36005	16	112	85	0	36005834000
8242	36005	21	111	86	0	36005862001
8243	36005	27	111	87	0	36005500000
8244	36005	35	113	88	0	36005816001
8245	36006	9	111	84	0	36006638001
8246	36006	10	112	84	0	36006527000
8247	36006	15	111	85	0	36006589000
8248	36006	33	111	88	0	36006127000
8249	36006	34	112	88	0	36006638001
8250	36007	3	111	83	0	36007442000
8251	36007	4	112	83	0	36007386001
8252	36007	20	110	86	0	36007908001
8253	36007	21	111	86	0	36007836000
8254	36007	22	112	86	0	36007073000
8255	36007	26	110	87	0	36007855000
8256	36007	27	111	87	0	36007514001
8257	36007	28	112	87	0	36007055001
8258	36007	32	110	88	0	36007492000
8259	36007	33	111	88	0	36007801001
8260	36008	9	111	84	0	36008645001
8261	36008	14	110	85	0	36008896000
8262	36008	15	111	85	0	36008509001
8263	36008	16	112	85	0	36008997001
8264	36008	31	109	88	0	36008583001
8265	36009	2	110	83	0	36009838001
8266	36009	3	111	83	0	36009795000
8267	36009	8	110	84	0	36009614000
8268	36009	32	110	88	0	36009769000
8269	36010	14	110	85	0	36010899001
8270	36010	19	109	86	0	36010319001
8271	36010	20	110	86	0	36010034000
8272	36010	25	109	87	0	36010361001
8273	36010	26	110	87	0	36010406001
8274	36010	31	109	88	0	36010644000
8275	36011	2	110	83	0	36011762000
8276	36011	8	110	84	0	36011569001
8277	36011	9	111	84	0	36011274000
8278	36011	13	109	85	0	36011499001
8279	36011	30	108	88	0	36011599001
8280	36012	1	109	83	0	36012626000
8281	36012	7	109	84	0	36012401000
8282	36012	19	109	86	0	36012360001
8283	36012	20	110	86	0	36012546001
8284	36012	24	108	87	0	36012306001
8285	36012	25	109	87	0	36012642000
8286	36012	31	109	88	0	36012610001
8287	36012	34	112	88	0	36012746000
8288	36013	18	108	86	0	36013283001
8289	36013	30	108	88	0	36013564001
8290	36014	1	109	83	0	36014686000
8291	36014	2	110	83	0	36014376000
8292	36014	6	108	84	0	36014943001
8293	36014	12	108	85	0	36014288001
8294	36014	13	109	85	0	36014208001
8295	36014	14	110	85	0	36014464001
8296	36014	24	108	87	0	36014265001
8297	36015	0	108	83	0	36015757001
8298	36015	7	109	84	0	36015072001
8299	36015	18	108	86	0	36015328001
8300	36015	19	109	86	0	36015119000
8301	36016	12	108	85	0	36016617001
8302	36016	24	108	87	0	36016326000
8303	36016	30	108	88	0	36016116001
8304	36017	6	108	84	0	36017421000
8305	36018	0	108	83	0	36018136000
8306	36018	1	109	83	0	36018062001
8307	36018	3	111	83	0	36018345001
8308	36018	18	108	86	0	36018345001
8309	36028	5	113	83	1	36028723000
8310	36030	4	112	83	1	36030614000
8311	36030	5	113	83	1	36030604001
8312	36030	11	113	84	1	36030167000
8313	36031	3	111	83	1	36031850000
8314	36031	10	112	84	1	36031379001
8315	36031	17	113	85	1	36031210001
8316	36032	9	111	84	1	36032935001
8317	36032	11	113	84	1	36032457001
8318	36032	16	112	85	1	36032700000
8319	36032	23	113	86	1	36032457001
8320	36033	2	110	83	1	36033282000
8321	36033	3	111	83	1	36033733000
8322	36033	4	112	83	1	36033021000
8323	36033	10	112	84	1	36033831000
8324	36033	17	113	85	1	36033278001
8325	36033	22	112	86	1	36033673000
8326	36033	29	113	87	1	36033168001
8327	36034	8	110	84	1	36034960000
8328	36034	9	111	84	1	36034841000
8329	36034	15	111	85	1	36034100001
8330	36034	16	112	85	1	36034522001
8331	36034	21	111	86	1	36034990001
8332	36034	28	112	87	1	36034614000
8333	36034	35	113	88	1	36034328001
8334	36035	1	109	83	1	36035038000
8335	36035	2	110	83	1	36035149000
8336	36035	14	110	85	1	36035922000
8337	36035	15	111	85	1	36035761001
8338	36035	22	112	86	1	36035644000
8339	36035	23	113	86	1	36035983001
8340	36035	29	113	87	1	36035050000
8341	36035	34	112	88	1	36035489000
8342	36036	1	109	83	1	36036911001
8343	36036	7	109	84	1	36036004000
8344	36036	8	110	84	1	36036772000
8345	36036	20	110	86	1	36036564000
8346	36036	21	111	86	1	36036889001
8347	36036	27	111	87	1	36036488000
8348	36036	28	112	87	1	36036453001
8349	36036	35	113	88	1	36036125000
8350	36037	0	108	83	1	36037169000
8351	36037	13	109	85	1	36037166000
8352	36037	14	110	85	1	36037644000
8353	36037	26	110	87	1	36037865001
8354	36037	33	111	88	1	36037109001
8355	36037	34	112	88	1	36037093000
8356	36038	6	108	84	1	36038265001
8357	36038	7	109	84	1	36038087000
8358	36038	19	109	86	1	36038538001
8359	36038	20	110	86	1	36038436000
8360	36038	27	111	87	1	36038344001
8361	36038	33	111	88	1	36038892000
8362	36039	0	108	83	1	36039115001
8363	36039	12	108	85	1	36039291000
8364	36039	13	109	85	1	36039108000
8365	36039	25	109	87	1	36039678001
8366	36039	32	110	88	1	36039095001
8367	36040	6	108	84	1	36040705001
8368	36040	18	108	86	1	36040139001
8369	36040	19	109	86	1	36040746000
8370	36040	26	110	87	1	36040105000
8371	36040	31	109	88	1	36040232001
8372	36041	12	108	85	1	36041118000
8373	36041	18	108	86	1	36041872000
8374	36041	24	108	87	1	36041349001
8375	36041	25	109	87	1	36041724001
8376	36041	32	110	88	1	36041126000
8377	36042	30	108	88	1	36042183001
8378	36042	31	109	88	1	36042357001
8379	36043	24	108	87	1	36043727000
8380	36044	30	108	88	1	36044254001
8381	36160	18	108	86	0	36160703000
8382	36160	24	108	87	0	36160089000
8383	36160	30	108	88	0	36160011000
8384	36160	31	109	88	0	36160944001
8385	36161	0	108	83	0	36161900001
8386	36161	6	108	84	0	36161183001
8387	36161	12	108	85	0	36161223000
8388	36161	19	109	86	0	36161690000
8389	36161	24	108	87	0	36161991001
8390	36161	25	109	87	0	36161754001
8391	36162	7	109	84	0	36162740000
8392	36162	13	109	85	0	36162315000
8393	36162	18	108	86	0	36162728001
8394	36162	26	110	87	0	36162686001
8395	36162	30	108	88	0	36162330000
8396	36162	32	110	88	0	36162512000
8397	36163	1	109	83	0	36163029001
8398	36163	6	108	84	0	36163713001
8399	36163	8	110	84	0	36163565000
8400	36163	12	108	85	0	36163906000
8401	36163	14	110	85	0	36163288001
8402	36163	20	110	86	0	36163138001
8403	36163	27	111	87	0	36163944001
8404	36163	31	109	88	0	36163029001
8405	36163	33	111	88	0	36163423001
8406	36164	2	110	83	0	36164098001
8407	36164	9	111	84	0	36164624001
8408	36164	15	111	85	0	36164708000
8409	36164	19	109	86	0	36164044000
8410	36164	21	111	86	0	36164044000
8411	36164	28	112	87	0	36164822001
8412	36164	32	110	88	0	36164999001
8413	36164	34	112	88	0	36164523001
8414	36165	0	108	83	0	36165939001
8415	36165	3	111	83	0	36165366000
8416	36165	7	109	84	0	36165484000
8417	36165	8	110	84	0	36165636000
8418	36165	10	112	84	0	36165807001
8419	36165	13	109	85	0	36165479000
8420	36165	14	110	85	0	36165511001
8421	36165	16	112	85	0	36165657001
8422	36165	22	112	86	0	36165256000
8423	36165	25	109	87	0	36165053000
8424	36165	26	110	87	0	36165884000
8425	36165	27	111	87	0	36165910001
8426	36165	29	113	87	0	36165910001
8427	36165	33	111	88	0	36165336001
8428	36165	35	113	88	0	36165690000
8429	36166	1	109	83	0	36166063001
8430	36166	2	110	83	1	36166050000
8431	36166	4	112	83	0	36166182000
8432	36166	9	111	84	0	36166636000
8433	36166	15	111	85	0	36166784000
8434	36166	17	113	85	0	36166903000
8435	36166	21	111	86	0	36166273001
8436	36166	23	113	86	0	36166177000
8437	36166	34	112	88	0	36166687001
8438	36167	3	111	83	0	36167358000
8439	36167	5	113	83	0	36167494000
8440	36167	11	113	84	0	36167159000
8441	36167	16	112	85	0	36167590000
8442	36167	22	112	86	0	36167706001
8443	36167	28	112	87	0	36167027000
8444	36167	29	113	87	0	36167806000
8445	36168	4	112	83	0	36168465000
8446	36168	10	112	84	0	36168210001
8447	36168	23	113	86	0	36168272001
8448	36168	35	113	88	0	36168035001
8449	36169	5	113	83	0	36169722000
8450	36169	11	113	84	0	36169456001
8451	36170	32	110	88	0	36170302000
8452	36171	17	113	85	0	36171961001
8453	36171	20	110	86	0	36171076000
8454	36176	8	110	84	0	36176950000
8455	36176	27	111	87	0	36176421000
8456	36178	23	113	86	0	36178259000
8457	36181	19	109	86	0	36181801000
8458	36184	28	112	87	0	36184745000
8459	36186	0	108	83	1	36186111001
8460	36188	0	108	83	1	36188198000
8461	36188	6	108	84	1	36188164001
8462	36189	1	109	83	1	36189822000
8463	36189	12	108	85	1	36189950001
8464	36190	6	108	84	1	36190476001
8465	36191	7	109	84	1	36191582000
8466	36191	18	108	86	1	36191021000
8467	36192	1	109	83	1	36192252001
8468	36192	2	110	83	1	36192779001
8469	36192	12	108	85	1	36192203000
8470	36192	13	109	85	1	36192858001
8471	36193	8	110	84	1	36193453000
8472	36193	18	108	86	1	36193023001
8473	36193	24	108	87	1	36193019000
8474	36193	30	108	88	1	36193966001
8475	36194	2	110	83	1	36194954001
8476	36194	7	109	84	1	36194261000
8477	36194	19	109	86	1	36194430000
8478	36194	32	110	88	1	36194997001
8479	36194	33	111	88	1	36194971001
8480	36194	34	112	88	1	36194191001
8481	36195	0	108	83	1	36195005001
8482	36195	8	110	84	1	36195771001
8483	36195	13	109	85	1	36195242001
8484	36195	14	110	85	1	36195732000
8485	36195	24	108	87	1	36195355000
8486	36195	25	109	87	1	36195965001
8487	36195	31	109	88	1	36195081001
8488	36195	35	113	88	1	36195108000
8489	36196	3	111	83	1	36196541001
8490	36196	19	109	86	1	36196753001
8491	36196	20	110	86	1	36196504000
8492	36196	28	112	87	1	36196666001
8493	36196	30	108	88	1	36196395001
8494	36197	26	110	87	1	36197431001
8495	36197	27	111	87	1	36197943001
8496	36197	29	113	87	1	36197808001
8497	36197	31	109	88	1	36197793000
8498	36197	32	110	88	1	36197989000
8499	36197	33	111	88	1	36197684001
8500	36197	34	112	88	1	36197042001
8501	36197	35	113	88	1	36197665001
8502	36198	9	111	84	1	36198197001
8503	36198	14	110	85	1	36198170000
8504	36198	25	109	87	1	36198455001
8505	36199	3	111	83	1	36199126000
8506	36199	8	110	84	1	36199070000
8507	36199	15	111	85	1	36199805000
8508	36199	20	110	86	1	36199030001
8509	36199	28	112	87	1	36199985000
8510	36200	4	112	83	1	36200039001
8511	36200	21	111	86	1	36200234001
8512	36200	23	113	86	1	36200627000
8513	36200	26	110	87	1	36200140000
8514	36200	27	111	87	1	36200939000
8515	36200	29	113	87	1	36200507001
8516	36200	34	112	88	1	36200352001
8517	36201	9	111	84	1	36201030001
8518	36201	10	112	84	1	36201877001
8519	36201	15	111	85	1	36201949000
8520	36201	18	108	86	1	36201878001
8521	36201	22	112	86	1	36201076001
8522	36202	4	112	83	1	36202677001
8523	36202	20	110	86	1	36202088001
8524	36202	28	112	87	1	36202405000
8525	36203	16	112	85	1	36203174000
8526	36203	17	113	85	1	36203420001
8527	36203	21	111	86	1	36203342000
8528	36203	23	113	86	1	36203779000
8529	36203	33	111	88	1	36203746001
8530	36204	5	113	83	1	36204687000
8531	36204	10	112	84	1	36204830001
8532	36204	15	111	85	1	36204148001
8533	36204	22	112	86	1	36204135001
8534	36204	27	111	87	1	36204554001
8535	36205	26	110	87	1	36205045000
8536	36206	11	113	84	1	36206442001
8537	36206	16	112	85	1	36206487001
8538	36207	17	113	85	1	36207285000
8539	36207	22	112	86	1	36207966000
8540	36208	5	113	83	1	36208288001
8541	36208	23	113	86	1	36208715000
8542	36209	4	112	83	1	36209629000
8543	36210	11	113	84	1	36210604001
8544	36210	16	112	85	1	36210279000
8545	36211	5	113	83	1	36211514001
8546	36211	10	112	84	1	36211035001
8547	36211	17	113	85	1	36211126000
8548	36212	32	110	88	1	36212136001
8549	36214	11	113	84	1	36214687000
8550	36226	5	113	83	0	36226103001
8551	36230	5	113	83	0	36230905000
8552	36231	4	112	83	0	36231043000
8553	36233	10	112	84	0	36233103000
8554	36234	4	112	83	0	36234524001
8555	36235	3	111	83	0	36235770001
8556	36235	9	111	84	0	36235206000
8557	36236	5	113	83	0	36236067000
8558	36236	10	112	84	0	36236348000
8559	36236	11	113	84	0	36236465001
8560	36238	3	111	83	0	36238674001
8561	36238	4	112	83	0	36238754000
8562	36238	8	110	84	0	36238173001
8563	36238	9	111	84	0	36238163000
8564	36239	2	110	83	0	36239132000
8565	36239	14	110	85	0	36239313001
8566	36240	8	110	84	1	36240977001
8567	36240	10	112	84	0	36240809000
8568	36240	11	113	84	0	36240987000
8569	36240	15	111	85	0	36240320000
8570	36240	16	112	85	0	36240922000
8571	36241	2	110	83	0	36241504000
8572	36241	5	113	83	0	36241091000
8573	36241	7	109	84	0	36241324000
8574	36241	13	109	85	0	36241236001
8575	36242	1	109	83	0	36242043001
8576	36242	9	111	84	0	36242267000
8577	36242	14	110	85	0	36242543000
8578	36242	19	109	86	0	36242579000
8579	36243	15	111	85	0	36243887001
8580	36243	16	112	85	0	36243644001
8581	36243	17	113	85	0	36243042001
8582	36243	18	108	86	0	36243509001
8583	36243	20	110	86	0	36243013000
8584	36244	0	108	83	1	36244740000
8585	36244	1	109	83	0	36244070001
8586	36244	2	110	83	0	36244049000
8587	36244	4	112	83	0	36244759001
8588	36244	6	108	84	0	36244374001
8589	36244	7	109	84	1	36244549000
8590	36244	8	110	84	0	36244494001
8591	36244	10	112	84	0	36244169000
8592	36244	12	108	85	0	36244128001
8593	36244	13	109	85	0	36244550001
8594	36245	11	113	84	0	36245119001
8595	36245	18	108	86	0	36245787000
8596	36245	19	109	86	0	36245388000
8597	36245	20	110	86	0	36245733001
8598	36245	21	111	86	0	36245468001
8599	36245	22	112	86	0	36245617001
8600	36246	0	108	83	0	36246972000
8601	36246	6	108	84	0	36246920001
8602	36246	10	112	84	0	36246682000
8603	36246	12	108	85	0	36246484001
8604	36246	14	110	85	0	36246935001
8605	36246	16	112	85	0	36246954001
8606	36246	17	113	85	0	36246057001
8607	36246	23	113	86	0	36246401000
8608	36246	24	108	87	0	36246194001
8609	36247	9	111	84	0	36247455001
8610	36247	11	113	84	0	36247722001
8611	36247	15	111	85	0	36247456000
8612	36247	21	111	86	0	36247980000
8613	36247	22	112	86	0	36247955000
8614	36247	25	109	87	0	36247441001
8615	36247	26	110	87	0	36247941000
8616	36248	5	113	83	0	36248264000
8617	36248	19	109	86	0	36248312000
8618	36248	27	111	87	0	36248620001
8619	36249	0	108	83	0	36249548000
8620	36249	16	112	85	0	36249907000
8621	36249	17	113	85	1	36249293001
8622	36249	18	108	86	0	36249083000
8623	36249	20	110	86	0	36249503000
8624	36249	23	113	86	0	36249024000
8625	36249	24	108	87	0	36249405001
8626	36249	28	112	87	0	36249653001
8627	36249	30	108	88	0	36249651000
8628	36250	3	111	83	0	36250690000
8629	36250	22	112	86	0	36250472001
8630	36250	25	109	87	0	36250601001
8631	36250	26	110	87	0	36250711001
8632	36250	29	113	87	0	36250777000
8633	36250	31	109	88	0	36250574000
8634	36250	32	110	88	0	36250962001
8635	36251	4	112	83	0	36251332000
8636	36251	19	109	86	0	36251666000
8637	36251	21	111	86	0	36251112000
8638	36251	23	113	86	0	36251758001
8639	36251	27	111	87	0	36251020000
8640	36251	28	112	87	0	36251698000
8641	36251	33	111	88	0	36251403001
8642	36252	13	109	85	0	36252483000
8643	36252	22	112	86	0	36252962001
8644	36252	24	108	87	0	36252524001
8645	36252	30	108	88	0	36252935001
8646	36252	34	112	88	0	36252172001
8647	36253	23	113	86	0	36253969000
8648	36253	25	109	87	0	36253739001
8649	36253	29	113	87	0	36253380000
8650	36253	31	109	88	0	36253338000
8651	36253	32	110	88	0	36253348001
8652	36253	33	111	88	0	36253433001
8653	36253	35	113	88	0	36253617000
8654	36254	6	108	84	0	36254505001
8655	36254	26	110	87	0	36254204001
8656	36254	27	111	87	0	36254149000
8657	36254	28	112	87	0	36254255001
8658	36254	34	112	88	0	36254652000
8659	36255	29	113	87	0	36255932001
8660	36255	30	108	88	0	36255152001
8661	36256	31	109	88	0	36256738000
8662	36256	32	110	88	0	36256196001
8663	36256	33	111	88	0	36256078001
8664	36256	35	113	88	0	36256297001
8665	36257	34	112	88	0	36257463001
8666	36258	10	112	84	0	36258702000
8667	36259	29	113	87	0	36259613001
8668	36259	35	113	88	0	36259878001
8669	36263	14	110	85	0	36263876001
8670	36281	5	113	83	1	36281241001
8671	36282	4	112	83	1	36282474001
8672	36282	11	113	84	1	36282703000
8673	36283	5	113	83	1	36283025001
8674	36283	17	113	85	1	36283830001
8675	36284	3	111	83	1	36284600000
8676	36284	4	112	83	1	36284479000
8677	36284	10	112	84	1	36284027001
8678	36284	11	113	84	1	36284584001
8679	36284	23	113	86	1	36284978001
8680	36285	16	112	85	1	36285421000
8681	36285	17	113	85	1	36285864001
8682	36286	2	110	83	1	36286393001
8683	36286	3	111	83	1	36286508000
8684	36286	9	111	84	1	36286132001
8685	36286	10	112	84	1	36286239001
8686	36286	22	112	86	1	36286772000
8687	36286	29	113	87	1	36286170000
8688	36287	8	110	84	1	36287454001
8689	36287	15	111	85	1	36287180000
8690	36287	16	112	85	1	36287294001
8691	36287	23	113	86	1	36287349000
8692	36287	28	112	87	1	36287715000
8693	36287	35	113	88	1	36287133000
8694	36288	1	109	83	1	36288120000
8695	36288	2	110	83	1	36288215001
8696	36288	9	111	84	1	36288152001
8697	36288	14	110	85	1	36288026001
8698	36288	15	111	85	1	36288694000
8699	36288	21	111	86	1	36288166000
8700	36288	22	112	86	1	36288766001
8701	36288	29	113	87	1	36288171000
8702	36288	34	112	88	1	36288766001
8703	36289	0	108	83	1	36289872001
8704	36289	7	109	84	1	36289157001
8705	36289	8	110	84	1	36289288000
8706	36289	27	111	87	1	36289589000
8707	36289	28	112	87	1	36289450001
8708	36289	35	113	88	1	36289092001
8709	36290	1	109	83	1	36290093000
8710	36290	13	109	85	1	36290308001
8711	36290	14	110	85	1	36290235001
8712	36290	20	110	86	1	36290289001
8713	36290	21	111	86	1	36290178000
8714	36290	34	112	88	1	36290778001
8715	36291	0	108	83	1	36291857000
8716	36291	6	108	84	1	36291176000
8717	36291	7	109	84	1	36291362000
8718	36291	26	110	87	1	36291183001
8719	36291	27	111	87	1	36291476001
8720	36291	33	111	88	1	36291160000
8721	36292	12	108	85	1	36292614001
8722	36292	13	109	85	1	36292405001
8723	36292	19	109	86	1	36292079001
8724	36292	20	110	86	1	36292305000
8725	36292	32	110	88	1	36292779001
8726	36292	33	111	88	1	36292901001
8727	36293	6	108	84	1	36293450000
8728	36293	25	109	87	1	36293375000
8729	36293	26	110	87	1	36293344000
8730	36294	12	108	85	1	36294648001
8731	36294	18	108	86	1	36294040001
8732	36294	19	109	86	1	36294221000
8733	36294	31	109	88	1	36294322001
8734	36294	32	110	88	1	36294861000
8735	36295	18	108	86	1	36295939000
8736	36295	24	108	87	1	36295334000
8737	36295	25	109	87	1	36295570000
8738	36296	30	108	88	1	36296539001
8739	36296	31	109	88	1	36296708001
8740	36297	24	108	87	1	36297526000
8741	36298	30	108	88	1	36298856001
8742	36299	14	110	85	1	36299948001
8743	36454	35	113	88	0	36454427001
8744	36455	29	113	87	0	36455020000
8745	36456	23	113	86	0	36456104001
8746	36456	34	112	88	0	36456777001
8747	36456	35	113	88	0	36456542000
8748	36457	17	113	85	0	36457391001
8749	36457	28	112	87	0	36457335001
8750	36457	29	113	87	0	36457198000
8751	36458	11	113	84	0	36458252001
8752	36458	22	112	86	0	36458375001
8753	36458	23	113	86	0	36458053000
8754	36458	33	111	88	0	36458128001
8755	36458	34	112	88	0	36458931000
8756	36459	5	113	83	0	36459718001
8757	36459	10	112	84	0	36459640000
8758	36459	16	112	85	0	36459504001
8759	36459	17	113	85	0	36459708000
8760	36459	27	111	87	0	36459513001
8761	36459	28	112	87	0	36459369001
8762	36459	33	111	88	0	36459809000
8763	36460	11	113	84	0	36460303001
8764	36460	21	111	86	0	36460594001
8765	36460	22	112	86	0	36460517001
8766	36460	32	110	88	0	36460560001
8767	36461	4	112	83	0	36461664000
8768	36461	5	113	83	0	36461725001
8769	36461	10	112	84	0	36461638001
8770	36461	15	111	85	0	36461832001
8771	36461	16	112	85	0	36461558001
8772	36461	26	110	87	0	36461477001
8773	36461	27	111	87	0	36461531001
8774	36461	31	109	88	0	36461720000
8775	36462	9	111	84	0	36462247000
8776	36462	20	110	86	0	36462761001
8777	36462	21	111	86	0	36462628001
8778	36462	32	110	88	0	36462824000
8779	36462	33	111	88	0	36462484001
8780	36463	3	111	83	0	36463568001
8781	36463	14	110	85	0	36463254000
8782	36463	22	112	86	0	36463000001
8783	36463	25	109	87	0	36463185001
8784	36463	26	110	87	0	36463958000
8785	36463	31	109	88	0	36463590001
8786	36464	4	112	83	0	36464004001
8787	36464	8	110	84	0	36464799000
8788	36464	9	111	84	0	36464178000
8789	36464	10	112	84	0	36464567001
8790	36464	15	111	85	0	36464052001
8791	36464	19	109	86	0	36464058001
8792	36464	20	110	86	0	36464889000
8793	36464	30	108	88	0	36464265000
8794	36465	2	110	83	0	36465942000
8795	36465	3	111	83	0	36465739000
8796	36465	13	109	85	0	36465955001
8797	36465	14	110	85	0	36465304001
8798	36465	24	108	87	0	36465166001
8799	36465	25	109	87	0	36465557000
8800	36466	7	109	84	0	36466943001
8801	36466	18	108	86	0	36466597000
8802	36466	19	109	86	0	36466116000
8803	36466	30	108	88	0	36466351001
8804	36466	31	109	88	0	36466443000
8805	36467	2	110	83	0	36467838001
8806	36467	8	110	84	0	36467115000
8807	36467	9	111	84	0	36467083001
8808	36467	24	108	87	0	36467221001
8809	36468	1	109	83	0	36468325000
8810	36468	12	108	85	0	36468054001
8811	36468	13	109	85	0	36468489000
8812	36468	18	108	86	0	36468760001
8813	36469	6	108	84	0	36469184000
8814	36469	7	109	84	0	36469463000
8815	36470	0	108	83	0	36470881000
8816	36470	1	109	83	0	36470615001
8817	36470	12	108	85	0	36470809001
8818	36471	3	111	83	0	36471156001
8819	36471	6	108	84	0	36471726001
8820	36471	14	110	85	0	36471547001
8821	36471	24	108	87	0	36471805001
8822	36473	0	108	83	0	36473407001
8823	36476	2	110	83	0	36476204001
8824	36483	5	113	83	1	36483911000
8825	36484	11	113	84	1	36484731001
8826	36485	4	112	83	1	36485545001
8827	36485	5	113	83	1	36485759001
8828	36485	10	112	84	1	36485791000
8829	36485	17	113	85	1	36485022001
8830	36485	23	113	86	1	36485689001
8831	36486	3	111	83	1	36486810000
8832	36486	16	112	85	1	36486819000
8833	36486	29	113	87	1	36486126000
8834	36486	35	113	88	1	36486784000
8835	36487	9	111	84	1	36487324001
8836	36487	15	111	85	1	36487693000
8837	36487	22	112	86	1	36487014001
8838	36487	28	112	87	1	36487449000
8839	36487	34	112	88	1	36487863000
8840	36488	2	110	83	1	36488266001
8841	36488	4	112	83	1	36488677001
8842	36488	8	110	84	1	36488590001
8843	36488	10	112	84	1	36488179001
8844	36488	14	110	85	1	36488802000
8845	36488	17	113	85	1	36488040000
8846	36488	21	111	86	1	36488314001
8847	36488	22	112	86	1	36488932000
8848	36488	27	111	87	1	36488724000
8849	36488	29	113	87	1	36488284000
8850	36489	1	109	83	1	36489354000
8851	36489	3	111	83	1	36489354000
8852	36489	7	109	84	1	36489785000
8853	36489	15	111	85	1	36489245000
8854	36489	20	110	86	1	36489627000
8855	36489	23	113	86	1	36489280001
8856	36489	26	110	87	1	36489919001
8857	36489	28	112	87	1	36489611001
8858	36489	33	111	88	1	36489206001
8859	36489	34	112	88	1	36489407000
8860	36490	0	108	83	1	36490950000
8861	36490	2	110	83	1	36490348000
8862	36490	8	110	84	1	36490349001
8863	36490	9	111	84	1	36490891000
8864	36490	13	109	85	1	36490272000
8865	36490	14	110	85	1	36490426000
8866	36490	19	109	86	1	36490941000
8867	36490	27	111	87	1	36490401000
8868	36490	32	110	88	1	36490659001
8869	36490	33	111	88	1	36490972000
8870	36491	1	109	83	1	36491082000
8871	36491	6	108	84	1	36491635001
8872	36491	12	108	85	1	36491928001
8873	36491	16	112	85	1	36491098001
8874	36491	21	111	86	1	36491973001
8875	36491	25	109	87	1	36491681000
8876	36491	26	110	87	1	36491880001
8877	36491	31	109	88	1	36491582001
8878	36492	0	108	83	1	36492871001
8879	36492	7	109	84	1	36492504001
8880	36492	13	109	85	1	36492173001
8881	36492	18	108	86	1	36492593000
8882	36492	20	110	86	1	36492127001
8883	36492	24	108	87	1	36492871001
8884	36492	32	110	88	1	36492902001
8885	36493	12	108	85	1	36493568001
8886	36493	19	109	86	1	36493670001
8887	36493	30	108	88	1	36493392000
8888	36493	31	109	88	1	36493556000
8889	36494	18	108	86	1	36494712000
8890	36494	25	109	87	1	36494445000
8891	36495	24	108	87	1	36495226001
8892	36495	30	108	88	1	36495583001
8893	36500	11	113	84	1	36500370001
8894	36500	35	113	88	1	36500067001
8895	36516	6	108	84	1	36516757000
8896	36651	30	108	88	0	36651891000
8897	36652	18	108	86	0	36652684001
8898	36652	24	108	87	0	36652276001
8899	36652	31	109	88	0	36652735000
8900	36653	6	108	84	0	36653476000
8901	36653	12	108	85	0	36653275001
8902	36653	19	109	86	0	36653543000
8903	36653	25	109	87	0	36653473000
8904	36653	32	110	88	0	36653891001
8905	36654	0	108	83	0	36654027000
8906	36654	1	109	83	0	36654707001
8907	36654	7	109	84	0	36654437001
8908	36654	13	109	85	0	36654126000
8909	36654	14	110	85	0	36654952001
8910	36654	18	108	86	0	36654659001
8911	36654	20	110	86	0	36654548000
8912	36654	24	108	87	0	36654351000
8913	36654	26	110	87	0	36654241000
8914	36654	30	108	88	0	36654929001
8915	36654	33	111	88	0	36654555001
8916	36655	2	110	83	0	36655602001
8917	36655	8	110	84	0	36655190000
8918	36655	15	111	85	0	36655949000
8919	36655	19	109	86	0	36655686001
8920	36655	21	111	86	0	36655300000
8921	36655	27	111	87	0	36655170000
8922	36655	28	112	87	0	36655899000
8923	36655	31	109	88	0	36655360001
8924	36655	34	112	88	0	36655566001
8925	36656	3	111	83	0	36656614000
8926	36656	9	111	84	0	36656035001
8927	36656	10	112	84	0	36656824000
8928	36656	14	110	85	0	36656985000
8929	36656	16	112	85	0	36656682001
8930	36656	22	112	86	0	36656201001
8931	36656	23	113	86	0	36656992001
8932	36656	25	109	87	0	36656406000
8933	36656	29	113	87	0	36656633000
8934	36656	32	110	88	0	36656903000
8935	36656	33	111	88	0	36656464000
8936	36656	35	113	88	0	36656344000
8937	36657	2	110	83	0	36657975001
8938	36657	4	112	83	0	36657413000
8939	36657	7	109	84	0	36657176000
8940	36657	9	111	84	0	36657875000
8941	36657	13	109	85	0	36657746001
8942	36657	17	113	85	0	36657640001
8943	36657	27	111	87	0	36657293001
8944	36657	28	112	87	0	36657969001
8945	36657	34	112	88	0	36657286000
8946	36658	5	113	83	0	36658456001
8947	36658	11	113	84	0	36658040000
8948	36658	21	111	86	0	36658018000
8949	36659	4	112	83	0	36659520001
8950	36659	8	110	84	0	36659365001
8951	36659	10	112	84	0	36659252001
8952	36659	22	112	86	0	36659559001
8953	36659	23	113	86	0	36659527000
8954	36659	29	113	87	0	36659299000
8955	36659	30	108	88	1	36659507000
8956	36659	31	109	88	1	36659388000
8957	36659	33	111	88	1	36659738000
8958	36659	35	113	88	0	36659192000
8959	36660	2	110	83	0	36660799000
8960	36660	3	111	83	0	36660722000
8961	36660	11	113	84	0	36660532001
8962	36660	16	112	85	0	36660132000
8963	36660	17	113	85	1	36660124001
8964	36660	32	110	88	1	36660153001
8965	36660	34	112	88	1	36660197001
8966	36661	1	109	83	0	36661369001
8967	36661	5	113	83	0	36661699000
8968	36661	15	111	85	1	36661677000
8969	36661	24	108	87	1	36661360001
8970	36661	25	109	87	1	36661890000
8971	36661	30	108	88	1	36661548001
8972	36661	31	109	88	1	36661727000
8973	36661	33	111	88	1	36661795000
8974	36661	35	113	88	1	36661638001
8975	36662	7	109	84	0	36662452001
8976	36662	26	110	87	1	36662561001
8977	36662	27	111	87	1	36662991000
8978	36662	28	112	87	1	36662194000
8979	36662	32	110	88	1	36662191000
8980	36662	34	112	88	1	36662105000
8981	36663	18	108	86	1	36663385000
8982	36663	19	109	86	1	36663488001
8983	36663	20	110	86	1	36663935001
8984	36663	21	111	86	1	36663650000
8985	36663	24	108	87	1	36663639001
8986	36663	29	113	87	1	36663113001
8987	36664	9	111	84	0	36664640000
8988	36664	22	112	86	1	36664178000
8989	36664	23	113	86	1	36664517001
8990	36664	25	109	87	1	36664114000
8991	36664	26	110	87	1	36664680000
8992	36664	27	111	87	1	36664828000
8993	36664	28	112	87	1	36664680000
8994	36665	29	113	87	1	36665412001
8995	36665	35	113	88	1	36665058001
8996	36666	13	109	85	1	36666853001
8997	36666	14	110	85	1	36666376000
8998	36666	15	111	85	1	36666708000
8999	36666	16	112	85	1	36666905000
9000	36666	17	113	85	1	36666953000
9001	36666	18	108	86	1	36666133001
9002	36666	19	109	86	1	36666455000
9003	36666	20	110	86	1	36666353001
9004	36666	21	111	86	1	36666333001
9005	36666	22	112	86	1	36666794001
9006	36667	12	108	85	1	36667231001
9007	36667	23	113	86	1	36667248001
9008	36668	8	110	84	1	36668334001
9009	36669	6	108	84	1	36669981000
9010	36669	9	111	84	1	36669423001
9011	36669	10	112	84	1	36669954000
9012	36669	12	108	85	1	36669477001
9013	36669	13	109	85	1	36669634001
9014	36669	14	110	85	1	36669498000
9015	36669	15	111	85	1	36669106000
9016	36670	7	109	84	1	36670556000
9017	36670	11	113	84	1	36670216001
9018	36670	16	112	85	1	36670034001
9019	36670	17	113	85	1	36670143001
9020	36671	8	110	84	1	36671963000
9021	36671	15	111	85	1	36671364000
9022	36672	18	108	86	1	36672702001
9023	36673	1	109	83	1	36673093001
9024	36673	2	110	83	1	36673697000
9025	36673	3	111	83	1	36673529001
9026	36673	6	108	84	1	36673641001
9027	36673	9	111	84	1	36673372001
9028	36673	10	112	84	1	36673909001
9029	36673	11	113	84	1	36673724000
9030	36674	0	108	83	1	36674723000
9031	36674	4	112	83	1	36674750001
9032	36674	5	113	83	1	36674223000
9033	36674	7	109	84	1	36674068000
9034	36674	8	110	84	1	36674783000
9035	36674	14	110	85	1	36674258001
9036	36675	16	112	85	1	36675840001
9037	36676	9	111	84	1	36676896000
9038	36677	10	112	84	1	36677728001
9039	36677	11	113	84	1	36677432001
9040	36678	6	108	84	1	36678266001
9041	36678	7	109	84	1	36678090000
9042	36679	1	109	83	1	36679087001
9043	36679	5	113	83	1	36679836001
9044	36680	2	110	83	1	36680974000
9045	36680	4	112	83	1	36680051000
9046	36681	3	111	83	1	36681270000
9047	36686	0	108	83	1	36686586000
9048	36688	1	109	83	1	36688387000
9049	36689	2	110	83	1	36689803000
9050	36691	3	111	83	1	36691512001
9051	36692	0	108	83	1	36692662000
9052	36692	4	112	83	1	36692870000
9053	36693	8	110	84	1	36693293000
9054	36694	5	113	83	1	36694451001
9055	36810	35	113	88	0	36810520001
9056	36811	29	113	87	0	36811320001
9057	36812	23	113	86	0	36812618001
9058	36812	34	112	88	0	36812505001
9059	36812	35	113	88	0	36812594000
9060	36813	28	112	87	0	36813828001
9061	36813	29	113	87	0	36813319000
9062	36814	17	113	85	0	36814806000
9063	36814	23	113	86	0	36814717001
9064	36814	33	111	88	0	36814649001
9065	36814	34	112	88	0	36814310000
9066	36815	11	113	84	0	36815740000
9067	36815	22	112	86	0	36815775001
9068	36815	27	111	87	0	36815959000
9069	36815	28	112	87	0	36815884000
9070	36816	16	112	85	0	36816457000
9071	36816	29	113	87	0	36816590000
9072	36816	33	111	88	0	36816477000
9073	36816	34	112	88	0	36816514000
9074	36817	5	113	83	0	36817285000
9075	36817	10	112	84	0	36817679000
9076	36817	11	113	84	0	36817971000
9077	36817	17	113	85	0	36817566000
9078	36817	21	111	86	0	36817751001
9079	36817	22	112	86	0	36817804001
9080	36817	32	110	88	0	36817021000
9081	36818	16	112	85	0	36818742001
9082	36818	26	110	87	0	36818287000
9083	36818	27	111	87	0	36818080001
9084	36818	31	109	88	0	36818224001
9085	36819	4	112	83	0	36819149001
9086	36819	5	113	83	0	36819479001
9087	36819	10	112	84	0	36819633001
9088	36819	15	111	85	0	36819119001
9089	36819	20	110	86	0	36819685000
9090	36819	21	111	86	0	36819769001
9091	36819	32	110	88	0	36819453001
9092	36820	9	111	84	0	36820036001
9093	36820	14	110	85	0	36820529001
9094	36820	25	109	87	0	36820153000
9095	36820	26	110	87	0	36820515001
9096	36820	28	112	87	0	36820287001
9097	36820	30	108	88	0	36820646001
9098	36820	31	109	88	0	36820058001
9099	36821	3	111	83	0	36821461000
9100	36821	4	112	83	0	36821293000
9101	36821	9	111	84	0	36821864000
9102	36821	15	111	85	0	36821556001
9103	36821	19	109	86	0	36821638000
9104	36821	24	108	87	0	36821902001
9105	36821	33	111	88	0	36821134001
9106	36822	8	110	84	0	36822051001
9107	36822	14	110	85	0	36822826000
9108	36822	16	112	85	0	36822287001
9109	36822	20	110	86	0	36822023001
9110	36822	25	109	87	0	36822620001
9111	36822	30	108	88	0	36822819001
9112	36822	31	109	88	0	36822952001
9113	36823	2	110	83	0	36823335000
9114	36823	3	111	83	0	36823594000
9115	36823	13	109	85	0	36823313000
9116	36823	18	108	86	0	36823101001
9117	36823	19	109	86	0	36823786000
9118	36823	24	108	87	0	36823937001
9119	36824	7	109	84	0	36824485001
9120	36824	8	110	84	0	36824317001
9121	36825	1	109	83	0	36825839001
9122	36825	2	110	83	0	36825491000
9123	36825	12	108	85	0	36825499001
9124	36825	18	108	86	0	36825101001
9125	36826	6	108	84	0	36826657000
9126	36826	7	109	84	0	36826610001
9127	36826	13	109	85	0	36826025001
9128	36828	0	108	83	0	36828035000
9129	36828	1	109	83	0	36828105001
9130	36828	12	108	85	0	36828295000
9131	36828	24	108	87	0	36828765000
9132	36829	6	108	84	0	36829226000
9133	36830	0	108	83	0	36830735000
9134	36831	19	109	86	0	36831288001
9135	36837	5	113	83	1	36837312000
9136	36837	11	113	84	1	36837833001
9137	36838	4	112	83	1	36838598000
9138	36838	17	113	85	1	36838111000
9139	36838	23	113	86	1	36838886001
9140	36839	10	112	84	1	36839042000
9141	36839	16	112	85	1	36839502001
9142	36839	29	113	87	1	36839052001
9143	36839	35	113	88	1	36839752000
9144	36840	3	111	83	1	36840000001
9145	36840	4	112	83	1	36840771001
9146	36840	5	113	83	1	36840144001
9147	36840	9	111	84	1	36840436000
9148	36840	15	111	85	1	36840637001
9149	36840	21	111	86	1	36840883000
9150	36840	22	112	86	1	36840059001
9151	36840	28	112	87	1	36840569001
9152	36840	34	112	88	1	36840931000
9153	36841	2	110	83	1	36841471000
9154	36841	8	110	84	1	36841447001
9155	36841	16	112	85	1	36841445000
9156	36841	17	113	85	1	36841351001
9157	36841	27	111	87	1	36841934001
9158	36841	29	113	87	1	36841370000
9159	36842	1	109	83	1	36842559001
9160	36842	3	111	83	1	36842802000
9161	36842	11	113	84	1	36842443001
9162	36842	14	110	85	1	36842252001
9163	36842	15	111	85	1	36842154001
9164	36842	20	110	86	1	36842603000
9165	36842	21	111	86	1	36842683001
9166	36842	22	112	86	1	36842491001
9167	36842	26	110	87	1	36842973001
9168	36842	28	112	87	1	36842808000
9169	36842	33	111	88	1	36842137001
9170	36842	34	112	88	1	36842517001
9171	36843	0	108	83	1	36843974001
9172	36843	7	109	84	1	36843035001
9173	36843	8	110	84	1	36843076001
9174	36843	9	111	84	1	36843626001
9175	36843	10	112	84	1	36843185000
9176	36843	13	109	85	1	36843081000
9177	36843	32	110	88	1	36843438000
9178	36843	33	111	88	1	36843684001
9179	36843	35	113	88	1	36843338001
9180	36844	1	109	83	1	36844915001
9181	36844	2	110	83	1	36844001000
9182	36844	6	108	84	1	36844626000
9183	36844	12	108	85	1	36844980000
9184	36844	13	109	85	1	36844915001
9185	36844	14	110	85	1	36844097000
9186	36844	19	109	86	1	36844126001
9187	36844	25	109	87	1	36844609000
9188	36844	31	109	88	1	36844542000
9189	36845	0	108	83	1	36845814000
9190	36845	18	108	86	1	36845533001
9191	36845	20	110	86	1	36845221001
9192	36845	26	110	87	1	36845271001
9193	36845	27	111	87	1	36845084000
9194	36845	32	110	88	1	36845392000
9195	36846	12	108	85	1	36846790000
9196	36846	24	108	87	1	36846192001
9197	36846	30	108	88	1	36846297000
9198	36846	31	109	88	1	36846472000
9199	36847	18	108	86	1	36847636001
9200	36848	25	109	87	1	36848220000
9201	36848	30	108	88	1	36848559001
9202	36849	6	108	84	1	36849877000
9203	36849	24	108	87	1	36849757001
9204	36852	19	109	86	1	36852820001
9205	36899	7	109	84	1	36899680001
9206	36944	30	108	88	0	36944881001
9207	36945	24	108	87	0	36945457000
9208	36945	31	109	88	0	36945900001
9209	36946	18	108	86	0	36946045000
9210	36946	25	109	87	0	36946956000
9211	36946	30	108	88	0	36946835000
9212	36947	6	108	84	0	36947641000
9213	36947	12	108	85	0	36947003001
9214	36947	19	109	86	0	36947137000
9215	36947	24	108	87	0	36947370000
9216	36947	26	110	87	0	36947891000
9217	36947	31	109	88	0	36947976000
9218	36947	32	110	88	0	36947325000
9219	36948	0	108	83	0	36948578000
9220	36948	7	109	84	0	36948720001
9221	36948	13	109	85	0	36948245000
9222	36948	18	108	86	0	36948143001
9223	36948	20	110	86	0	36948435001
9224	36948	27	111	87	0	36948884000
9225	36948	33	111	88	0	36948256001
9226	36949	1	109	83	0	36949418001
9227	36949	8	110	84	0	36949606001
9228	36949	12	108	85	0	36949419000
9229	36949	14	110	85	0	36949183000
9230	36949	19	109	86	0	36949413000
9231	36949	21	111	86	0	36949442000
9232	36949	25	109	87	0	36949742001
9233	36949	28	112	87	0	36949676001
9234	36949	32	110	88	0	36949586001
9235	36949	33	111	88	0	36949901000
9236	36949	34	112	88	0	36949216000
9237	36950	0	108	83	0	36950913000
9238	36950	2	110	83	0	36950383001
9239	36950	6	108	84	0	36950070001
9240	36950	9	111	84	0	36950626000
9241	36950	15	111	85	0	36950388001
9242	36950	22	112	86	0	36950440001
9243	36950	26	110	87	0	36950563001
9244	36950	29	113	87	0	36950824000
9245	36950	35	113	88	0	36950214001
9246	36951	1	109	83	0	36951740001
9247	36951	3	111	83	0	36951377001
9248	36951	7	109	84	0	36951224001
9249	36951	8	110	84	0	36951682000
9250	36951	10	112	84	0	36951616001
9251	36951	14	110	85	0	36951375000
9252	36951	16	112	85	0	36951152001
9253	36951	20	110	86	0	36951033001
9254	36951	21	111	86	0	36951606000
9255	36951	23	113	86	0	36951726001
9256	36951	27	111	87	0	36951214000
9257	36951	28	112	87	0	36951456001
9258	36951	34	112	88	0	36951064001
9259	36952	2	110	83	0	36952587001
9260	36952	4	112	83	0	36952209001
9261	36952	9	111	84	0	36952376001
9262	36952	11	113	84	0	36952683001
9263	36952	13	109	85	0	36952085001
9264	36952	15	111	85	0	36952684000
9265	36952	17	113	85	0	36952177000
9266	36952	22	112	86	0	36952358001
9267	36952	29	113	87	0	36952878000
9268	36952	35	113	88	0	36952198001
9269	36953	3	111	83	0	36953420001
9270	36953	5	113	83	0	36953401000
9271	36953	10	112	84	0	36953608001
9272	36953	16	112	85	0	36953196000
9273	36954	4	112	83	0	36954281001
9274	36954	11	113	84	0	36954792000
9275	36954	17	113	85	0	36954993001
9276	36954	23	113	86	0	36954438001
9277	36954	30	108	88	0	36954436001
9278	36955	5	113	83	0	36955442000
9279	36959	10	112	84	0	36959014001
9280	36960	33	111	88	0	36960760001
9281	36965	28	112	87	0	36965464000
9282	36968	33	111	88	1	36968532001
9283	36968	34	112	88	1	36968399000
9284	36968	35	113	88	1	36968772001
9285	36969	28	112	87	1	36969881001
9286	36969	29	113	87	1	36969679000
9287	36969	30	108	88	1	36969717001
9288	36969	31	109	88	1	36969320001
9289	36969	32	110	88	1	36969237000
9290	36969	34	112	88	1	36969944000
9291	36970	23	113	86	1	36970847000
9292	36970	25	109	87	1	36970987001
9293	36970	26	110	87	1	36970295000
9294	36970	27	111	87	1	36970393001
9295	36970	32	110	88	1	36970998001
9296	36970	33	111	88	1	36970262000
9297	36970	35	113	88	1	36970885001
9298	36971	20	110	86	1	36971818000
9299	36971	21	111	86	1	36971548000
9300	36971	22	112	86	1	36971588000
9301	36971	24	108	87	1	36971287001
9302	36971	28	112	87	1	36971489000
9303	36971	29	113	87	1	36971480000
9304	36971	30	108	88	1	36971821000
9305	36971	31	109	88	1	36971379000
9306	36972	16	112	85	1	36972816001
9307	36972	17	113	85	1	36972556000
9308	36972	18	108	86	1	36972116000
9309	36972	19	109	86	1	36972215000
9310	36972	23	113	86	1	36972784000
9311	36972	26	110	87	1	36972136000
9312	36972	27	111	87	1	36972091000
9313	36973	11	113	84	1	36973988000
9314	36973	12	108	85	1	36973751000
9315	36973	13	109	85	1	36973413001
9316	36973	14	110	85	1	36973190001
9317	36973	15	111	85	1	36973010001
9318	36973	18	108	86	1	36973708001
9319	36973	20	110	86	1	36973764001
9320	36973	21	111	86	1	36973286001
9321	36973	22	112	86	1	36973489001
9322	36973	25	109	87	1	36973230001
9323	36974	5	113	83	1	36974990000
9324	36974	6	108	84	1	36974747001
9325	36974	7	109	84	1	36974694000
9326	36974	8	110	84	1	36974319001
9327	36974	9	111	84	1	36974338001
9328	36974	10	112	84	1	36974178001
9329	36974	14	110	85	1	36974876001
9330	36974	15	111	85	1	36974405000
9331	36974	16	112	85	1	36974512000
9332	36974	17	113	85	1	36974683000
9333	36974	19	109	86	1	36974723000
9334	36974	24	108	87	1	36974099001
9335	36975	2	110	83	1	36975888000
9336	36975	3	111	83	1	36975775000
9337	36975	4	112	83	1	36975298001
9338	36975	8	110	84	1	36975991001
9339	36975	12	108	85	1	36975335001
9340	36975	13	109	85	1	36975263000
9341	36976	0	108	83	1	36976142001
9342	36976	1	109	83	1	36976142001
9343	36976	5	113	83	1	36976706000
9344	36976	6	108	84	1	36976756001
9345	36976	7	109	84	1	36976742001
9346	36976	9	111	84	1	36976147000
9347	36976	10	112	84	1	36976564001
9348	36976	11	113	84	1	36976223000
9349	36977	0	108	83	1	36977781000
9350	36977	1	109	83	1	36977851001
9351	36977	2	110	83	1	36977632000
9352	36977	3	111	83	1	36977641000
9353	36977	4	112	83	1	36977020001
9354	37152	1	109	83	0	37152957001
9355	37152	2	110	83	0	37152819001
9356	37152	3	111	83	0	37152535000
9357	37152	4	112	83	0	37152486001
9358	37152	5	113	83	0	37152238000
9359	37153	0	108	83	0	37153477001
9360	37153	7	109	84	0	37153906000
9361	37153	8	110	84	0	37153694001
9362	37153	9	111	84	0	37153398001
9363	37153	10	112	84	0	37153142001
9364	37153	11	113	84	0	37153159001
9365	37153	17	113	85	0	37153991000
9366	37154	2	110	83	0	37154814001
9367	37154	3	111	83	0	37154608001
9368	37154	4	112	83	0	37154535001
9369	37154	5	113	83	0	37154601000
9370	37154	6	108	84	0	37154187000
9371	37154	13	109	85	0	37154891000
9372	37154	14	110	85	0	37154584000
9373	37154	15	111	85	0	37154548000
9374	37154	16	112	85	0	37154281000
9375	37154	23	113	86	0	37154672000
9376	37155	1	109	83	0	37155311000
9377	37155	8	110	84	0	37155843000
9378	37155	9	111	84	0	37155530000
9379	37155	10	112	84	0	37155151001
9380	37155	11	113	84	0	37155929001
9381	37155	12	108	85	0	37155188001
9382	37155	18	108	86	0	37155961000
9383	37155	19	109	86	0	37155559001
9384	37155	20	110	86	0	37155468000
9385	37155	21	111	86	0	37155134001
9386	37155	22	112	86	0	37155024000
9387	37155	28	112	87	0	37155868000
9388	37155	29	113	87	0	37155564000
9389	37156	15	111	85	0	37156881000
9390	37156	16	112	85	0	37156496000
9391	37156	23	113	86	0	37156703000
9392	37156	24	108	87	0	37156758001
9393	37156	25	109	87	0	37156738000
9394	37156	26	110	87	0	37156492000
9395	37156	27	111	87	0	37156146000
9396	37156	33	111	88	0	37156816000
9397	37156	34	112	88	0	37156795001
9398	37156	35	113	88	0	37156473000
9399	37157	14	110	85	0	37157115000
9400	37157	18	108	86	0	37157997001
9401	37157	20	110	86	0	37157586001
9402	37157	22	112	86	0	37157119001
9403	37157	28	112	87	0	37157668001
9404	37157	30	108	88	0	37157521001
9405	37157	31	109	88	0	37157233000
9406	37157	32	110	88	0	37157435000
9407	37158	4	112	83	1	37158883001
9408	37158	5	113	83	1	37158256001
9409	37158	11	113	84	1	37158661001
9410	37158	17	113	85	1	37158909001
9411	37158	19	109	86	0	37158180001
9412	37158	21	111	86	0	37158163001
9413	37158	29	113	87	0	37158271000
9414	37158	33	111	88	0	37158845000
9415	37159	10	112	84	1	37159217000
9416	37159	16	112	85	1	37159875000
9417	37159	23	113	86	1	37159136001
9418	37159	24	108	87	0	37159209000
9419	37159	29	113	87	1	37159978001
9420	37159	30	108	88	0	37159329000
9421	37159	31	109	88	0	37159033001
9422	37159	32	110	88	0	37159633000
9423	37160	3	111	83	1	37160256000
9424	37160	4	112	83	1	37160743001
9425	37160	9	111	84	1	37160662001
9426	37160	12	108	85	0	37160868001
9427	37160	15	111	85	1	37160339001
9428	37160	21	111	86	1	37160943001
9429	37160	22	112	86	1	37160171000
9430	37160	25	109	87	0	37160581001
9431	37160	26	110	87	0	37160581001
9432	37160	27	111	87	0	37160217001
9433	37160	28	112	87	1	37160569001
9434	37160	34	112	88	1	37160963001
9435	37160	35	113	88	1	37160094001
9436	37161	2	110	83	1	37161087001
9437	37161	8	110	84	1	37161494000
9438	37161	14	110	85	1	37161750000
9439	37161	15	111	85	1	37161771001
9440	37161	20	110	86	1	37161938000
9441	37161	27	111	87	1	37161724000
9442	37161	33	111	88	1	37161403000
9443	37162	1	109	83	1	37162166000
9444	37162	7	109	84	1	37162526000
9445	37162	13	109	85	1	37162763000
9446	37162	19	109	86	1	37162922001
9447	37162	25	109	87	1	37162962000
9448	37162	26	110	87	1	37162520001
9449	37162	32	110	88	1	37162598001
9450	37163	0	108	83	1	37163079001
9451	37163	6	108	84	1	37163472000
9452	37163	12	108	85	1	37163344001
9453	37163	18	108	86	1	37163861000
9454	37163	31	109	88	1	37163126000
9455	37164	2	110	83	1	37164872001
9456	37164	24	108	87	1	37164067001
9457	37164	30	108	88	1	37164150000
9458	37166	12	108	85	1	37166278000
9459	37183	33	111	88	1	37183604001
9460	37539	2	110	83	0	37539117000
9461	37541	19	109	86	0	37541765000
9462	37543	24	108	87	0	37543465000
9463	37543	31	109	88	0	37543779001
9464	37550	3	111	83	0	37550659001
9465	37550	4	112	83	0	37550432001
9466	37550	5	113	83	0	37550193000
9467	37551	1	109	83	0	37551282001
9468	37551	2	110	83	0	37551269000
9469	37551	9	111	84	0	37551517000
9470	37551	10	112	84	0	37551288000
9471	37551	11	113	84	0	37551057000
9472	37552	0	108	83	0	37552653000
9473	37552	4	112	83	0	37552713000
9474	37552	5	113	83	0	37552625000
9475	37552	6	108	84	0	37552926000
9476	37552	7	109	84	0	37552365001
9477	37552	8	110	84	0	37552022001
9478	37552	15	111	85	0	37552880001
9479	37552	16	112	85	0	37552541000
9480	37552	17	113	85	0	37552162001
9481	37552	23	113	86	0	37552911001
9482	37553	1	109	83	0	37553834001
9483	37553	2	110	83	0	37553234001
9484	37553	3	111	83	0	37553205000
9485	37553	9	111	84	0	37553728000
9486	37553	10	112	84	0	37553425000
9487	37553	11	113	84	0	37553271001
9488	37553	12	108	85	0	37553955001
9489	37553	13	109	85	0	37553479001
9490	37553	14	110	85	0	37553107000
9491	37553	21	111	86	0	37553673001
9492	37553	22	112	86	0	37553394000
9493	37554	8	110	84	0	37554324001
9494	37554	17	113	85	0	37554700000
9495	37554	18	108	86	0	37554834000
9496	37554	19	109	86	0	37554464001
9497	37554	20	110	86	0	37554182000
9498	37554	23	113	86	0	37554931001
9499	37554	27	111	87	0	37554826000
9500	37554	28	112	87	0	37554332001
9501	37554	29	113	87	0	37554044000
9502	37555	14	110	85	0	37555214000
9503	37555	15	111	85	0	37555277001
9504	37555	16	112	85	0	37555094000
9505	37555	22	112	86	0	37555248000
9506	37555	25	109	87	0	37555690000
9507	37555	26	110	87	0	37555226000
9508	37555	29	113	87	0	37555927000
9509	37555	33	111	88	0	37555700001
9510	37555	34	112	88	0	37555456000
9511	37555	35	113	88	0	37555163000
9512	37556	13	109	85	0	37556279001
9513	37556	19	109	86	0	37556688001
9514	37556	20	110	86	0	37556632001
9515	37556	21	111	86	0	37556211000
9516	37556	24	108	87	0	37556006001
9517	37556	27	111	87	0	37556785000
9518	37556	28	112	87	0	37556283001
9519	37556	30	108	88	0	37556754000
9520	37556	31	109	88	0	37556335000
9521	37556	32	110	88	0	37556287000
9522	37557	33	111	88	0	37557502000
9523	37557	34	112	88	0	37557274000
9524	37557	35	113	88	0	37557114000
9525	37558	25	109	87	0	37558112001
9526	37558	26	110	87	0	37558707000
9527	37558	31	109	88	0	37558584001
9528	37559	6	108	84	1	37559777000
9529	37559	12	108	85	1	37559161001
9530	37559	29	113	87	0	37559983001
9531	37559	30	108	88	0	37559941001
9532	37559	32	110	88	0	37559313001
9533	37560	1	109	83	1	37560664001
9534	37561	18	108	86	1	37561082000
9535	37562	7	109	84	1	37562925000
9536	37562	24	108	87	1	37562860001
9537	37563	13	109	85	1	37563716000
9538	37564	1	109	83	1	37564152000
9539	37564	30	108	88	1	37564150000
9540	37565	2	110	83	1	37565601001
9541	37565	18	108	86	1	37565558001
9542	37565	19	109	86	1	37565153001
9543	37566	7	109	84	1	37566115001
9544	37566	8	110	84	1	37566938001
9545	37566	13	109	85	1	37566965001
9546	37566	24	108	87	1	37566559000
9547	37566	30	108	88	1	37566943001
9548	37567	25	109	87	1	37567555000
9549	37568	14	110	85	1	37568730001
9550	37568	19	109	86	1	37568728000
9551	37568	31	109	88	1	37568540000
9552	37569	2	110	83	1	37569109000
9553	37569	3	111	83	1	37569812000
9554	37569	4	112	83	1	37569707001
9555	37569	5	113	83	1	37569118001
9556	37569	20	110	86	1	37569847001
9557	37570	8	110	84	1	37570050001
9558	37570	9	111	84	1	37570849001
9559	37570	10	112	84	1	37570616001
9560	37570	11	113	84	1	37570461001
9561	37570	25	109	87	1	37570749000
9562	37571	2	110	83	1	37571657001
9563	37571	8	110	84	1	37571979000
9564	37571	14	110	85	1	37571563000
9565	37571	15	111	85	1	37571699001
9566	37571	16	112	85	1	37571621001
9567	37571	17	113	85	1	37571366000
9568	37571	26	110	87	1	37571884000
9569	37571	31	109	88	1	37571492000
9570	37572	0	108	83	1	37572648001
9571	37572	20	110	86	1	37572967000
9572	37572	21	111	86	1	37572793000
9573	37572	22	112	86	1	37572779000
9574	37572	23	113	86	1	37572561001
9575	37573	12	108	85	1	37573047001
9576	37573	27	111	87	1	37573987001
9577	37573	28	112	87	1	37573732000
9578	37573	29	113	87	1	37573335000
9579	37573	32	110	88	1	37573291000
9580	37574	26	110	87	1	37574307000
9581	37574	33	111	88	1	37574988000
9582	37574	34	112	88	1	37574843001
9583	37574	35	113	88	1	37574610000
9584	37575	32	110	88	1	37575490001
9585	37576	13	109	85	1	37576756001
9586	37578	2	110	83	0	37578339000
9587	37579	19	109	86	1	37579955000
9588	37585	31	109	88	1	37585301001
9589	37593	1	109	83	1	37593787000
9590	37599	1	109	83	0	37599455000
9591	37599	2	110	83	0	37599326000
9592	37600	0	108	83	0	37600154001
9593	37600	7	109	84	0	37600823000
9594	37600	8	110	84	0	37600168001
9595	37601	2	110	83	0	37601839000
9596	37601	6	108	84	0	37601464000
9597	37601	13	109	85	0	37601910001
9598	37601	14	110	85	0	37601664000
9599	37602	0	108	83	0	37602747001
9600	37602	1	109	83	0	37602037001
9601	37602	9	111	84	0	37602520000
9602	37602	12	108	85	0	37602381001
9603	37602	19	109	86	0	37602729001
9604	37602	20	110	86	0	37602589001
9605	37602	21	111	86	0	37602350001
9606	37603	8	110	84	0	37603012000
9607	37603	15	111	85	0	37603828000
9608	37603	18	108	86	0	37603506001
9609	37603	26	110	87	0	37603875001
9610	37603	27	111	87	0	37603593001
9611	37604	12	108	85	0	37604507000
9612	37604	13	109	85	0	37604632001
9613	37604	24	108	87	0	37604743000
9614	37604	25	109	87	0	37604646001
9615	37604	31	109	88	0	37604888001
9616	37604	33	111	88	0	37604522001
9617	37605	6	108	84	0	37605303000
9618	37605	7	109	84	0	37605932001
9619	37605	18	108	86	0	37605711000
9620	37605	19	109	86	0	37605193000
9621	37605	20	110	86	0	37605494000
9622	37605	21	111	86	0	37605778001
9623	37605	30	108	88	0	37605964000
9624	37605	32	110	88	0	37605041000
9625	37606	31	109	88	0	37606979001
9626	37607	14	110	85	0	37607241001
9627	37607	24	108	87	0	37607190001
9628	37607	25	109	87	0	37607308001
9629	37607	26	110	87	0	37607487000
9630	37607	32	110	88	0	37607729000
9631	37608	30	108	88	0	37608205000
9632	37610	33	111	88	0	37610287000
9633	37611	30	108	88	0	37611775001
9634	37620	2	110	83	1	37620222000
9635	37620	15	111	85	1	37620115000
9636	37620	21	111	86	1	37620912000
9637	37622	8	110	84	1	37622561000
9638	37623	2	110	83	1	37623501000
9639	37625	1	109	83	1	37625107000
9640	37625	14	110	85	1	37625853000
9641	37625	27	111	87	1	37625650000
9642	37625	33	111	88	1	37625701000
9643	37626	7	109	84	1	37626991001
9644	37626	8	110	84	1	37626393000
9645	37626	20	110	86	1	37626432001
9646	37628	2	110	83	1	37628899000
9647	37628	21	111	86	1	37628006000
9648	37629	13	109	85	1	37629065000
9649	37629	14	110	85	1	37629479001
9650	37629	33	111	88	1	37629567001
9651	37630	1	109	83	1	37630032000
9652	37630	8	110	84	1	37630680000
9653	37630	26	110	87	1	37630157000
9654	37631	19	109	86	1	37631972000
9655	37631	32	110	88	1	37631813001
9656	37632	0	108	83	1	37632072001
9657	37632	7	109	84	1	37632790000
9658	37632	20	110	86	1	37632175001
9659	37633	1	109	83	1	37633652000
9660	37633	6	108	84	1	37633308000
9661	37633	27	111	87	1	37633429000
9662	37634	13	109	85	1	37634740001
9663	37635	0	108	83	1	37635856000
9664	37635	26	110	87	1	37635073000
9665	37636	14	110	85	1	37636510001
9666	37636	19	109	86	1	37636330001
9667	37636	20	110	86	1	37636868000
9668	37637	7	109	84	1	37637220000
9669	37637	12	108	85	1	37637787001
9670	37637	25	109	87	1	37637287001
9671	37637	32	110	88	1	37637759001
9672	37638	0	108	83	1	37638984001
9673	37638	13	109	85	1	37638379001
9674	37638	31	109	88	1	37638977000
9675	37638	33	111	88	1	37638425000
9676	37639	6	108	84	1	37639481001
9677	37639	18	108	86	1	37639502000
9678	37639	26	110	87	1	37639527001
9679	37640	19	109	86	1	37640916000
9680	37641	12	108	85	1	37641845001
9681	37641	32	110	88	1	37641961001
9682	37642	6	108	84	1	37642004000
9683	37642	18	108	86	1	37642674000
9684	37642	25	109	87	1	37642697000
9685	37643	24	108	87	1	37643211001
9686	37644	30	108	88	1	37644495000
9687	37644	31	109	88	1	37644200000
9688	37645	24	108	87	1	37645372001
9689	37645	25	109	87	1	37645786001
9690	37646	30	108	88	1	37646655001
9691	37646	31	109	88	1	37646988001
9692	37647	18	108	86	1	37647742001
9693	37648	19	109	86	1	37648167001
9694	37650	15	111	85	1	37650180000
9695	37652	32	110	88	1	37652855001
9696	37895	30	108	88	0	37895908000
9697	37896	24	108	87	0	37896399001
9698	37896	31	109	88	0	37896551001
9699	37897	12	108	85	0	37897822000
9700	37897	18	108	86	0	37897001001
9701	37897	19	109	86	0	37897663001
9702	37897	25	109	87	0	37897370001
9703	37897	32	110	88	0	37897462000
9704	37897	33	111	88	0	37897899001
9705	37898	6	108	84	0	37898294000
9706	37898	7	109	84	0	37898975000
9707	37898	13	109	85	0	37898539000
9708	37898	20	110	86	0	37898539000
9709	37898	24	108	87	0	37898647000
9710	37898	26	110	87	0	37898001001
9711	37898	27	111	87	0	37898608001
9712	37898	31	109	88	0	37898619001
9713	37898	34	112	88	0	37898752001
9714	37899	0	108	83	0	37899020000
9715	37899	1	109	83	0	37899529001
9716	37899	8	110	84	0	37899616001
9717	37899	14	110	85	0	37899057000
9718	37899	15	111	85	0	37899757001
9719	37899	18	108	86	0	37899103001
9720	37899	21	111	86	0	37899137001
9721	37899	22	112	86	0	37899613001
9722	37899	28	112	87	0	37899134001
9723	37899	29	113	87	0	37899871000
9724	37899	33	111	88	0	37899553000
9725	37899	35	113	88	0	37899445000
9726	37900	2	110	83	0	37900125001
9727	37900	3	111	83	0	37900847000
9728	37900	9	111	84	0	37900348001
9729	37900	10	112	84	0	37900636000
9730	37900	16	112	85	0	37900403000
9731	37900	19	109	86	0	37900363000
9732	37900	23	113	86	0	37900379001
9733	37900	25	109	87	0	37900274001
9734	37900	27	111	87	0	37900729000
9735	37900	30	108	88	0	37900329000
9736	37900	34	112	88	0	37900774000
9737	37901	4	112	83	0	37901394001
9738	37901	11	113	84	0	37901521001
9739	37901	17	113	85	0	37901126000
9740	37901	22	112	86	0	37901770000
9741	37902	2	110	83	0	37902952000
9742	37902	5	113	83	0	37902200001
9743	37902	9	111	84	0	37902609000
9744	37902	16	112	85	0	37902792000
9745	37902	20	110	86	0	37902942001
9746	37902	23	113	86	0	37902783000
9747	37902	29	113	87	0	37902554001
9748	37902	35	113	88	0	37902038000
9749	37903	10	112	84	0	37903011000
9750	37903	12	108	85	0	37903455001
9751	37903	15	111	85	0	37903940000
9752	37903	31	109	88	0	37903103001
9753	37905	1	109	83	0	37905244001
9754	37906	3	111	83	0	37906509000
9755	37906	8	110	84	0	37906569000
9756	37906	11	113	84	0	37906681000
9757	37906	26	110	87	0	37906464000
9758	37907	4	112	83	0	37907417001
9759	37907	21	111	86	0	37907533001
9760	37912	5	113	83	0	37912869001
9761	37912	33	111	88	1	37912892000
9762	37912	34	112	88	1	37912717001
9763	37912	35	113	88	1	37912596001
9764	37913	10	112	84	0	37913625001
9765	37913	25	109	87	1	37913940001
9766	37913	26	110	87	1	37913690001
9767	37913	27	111	87	1	37913539000
9768	37913	28	112	87	1	37913647000
9769	37913	29	113	87	1	37913532001
9770	37913	30	108	88	1	37913351000
9771	37913	31	109	88	1	37913092000
9772	37913	32	110	88	1	37913273001
9773	37914	15	111	85	1	37914924000
9774	37914	18	108	86	1	37914736000
9775	37914	19	109	86	1	37914819001
9776	37914	20	110	86	1	37914378000
9777	37914	21	111	86	1	37914248001
9778	37914	22	112	86	1	37914244001
9779	37914	23	113	86	1	37914219001
9780	37914	24	108	87	1	37914077000
9781	37915	8	110	84	1	37915829001
9782	37915	9	111	84	1	37915915000
9783	37915	10	112	84	1	37915852001
9784	37915	11	113	84	1	37915611000
9785	37915	12	108	85	1	37915488001
9786	37915	13	109	85	1	37915412001
9787	37915	14	110	85	1	37915208000
9788	37915	16	112	85	1	37915088000
9789	37915	17	113	85	1	37915057000
9790	37916	1	109	83	1	37916738001
9791	37916	2	110	83	1	37916787000
9792	37916	3	111	83	1	37916552001
9793	37916	4	112	83	1	37916505001
9794	37916	5	113	83	1	37916364001
9795	37916	6	108	84	1	37916295000
9796	37916	7	109	84	1	37916240001
9797	37917	0	108	83	1	37917119000
9798	37918	15	111	85	1	37918488001
9799	38078	10	112	84	0	38078644000
9800	38082	28	112	87	0	38082033001
9801	38092	0	108	83	0	38092830000
9802	38093	6	108	84	0	38093751000
9803	38094	7	109	84	0	38094004000
9804	38094	12	108	85	0	38094941000
9805	38095	18	108	86	0	38095872000
9806	38095	19	109	86	0	38095757000
9807	38096	0	108	83	1	38096450000
9808	38096	24	108	87	0	38096891000
9809	38097	6	108	84	1	38097995000
9810	38097	25	109	87	0	38097246000
9811	38097	30	108	88	0	38097799001
9812	38097	31	109	88	0	38097748001
9813	38098	12	108	85	1	38098457001
9814	38100	0	108	83	1	38100813001
9815	38100	18	108	86	1	38100417000
9816	38102	12	108	85	1	38102144001
9817	38102	24	108	87	1	38102067000
9818	38102	30	108	88	1	38102945000
9819	38105	18	108	86	1	38105439000
9820	38109	6	108	84	1	38109901001
9821	38110	30	108	88	1	38110101000
9822	38530	30	108	88	0	38530862000
9823	38531	0	108	83	0	38531705001
9824	38531	6	108	84	0	38531447000
9825	38531	12	108	85	0	38531463001
9826	38531	18	108	86	0	38531198001
9827	38531	24	108	87	0	38531126001
9828	38531	31	109	88	0	38531876000
9829	38532	1	109	83	0	38532382000
9830	38532	7	109	84	0	38532325000
9831	38532	13	109	85	0	38532400001
9832	38532	19	109	86	0	38532059001
9833	38532	20	110	86	0	38532887001
9834	38532	25	109	87	0	38532208000
9835	38532	26	110	87	0	38532927001
9836	38532	30	108	88	0	38532785000
9837	38532	32	110	88	0	38532909001
9838	38533	2	110	83	0	38533054000
9839	38533	8	110	84	0	38533100000
9840	38533	9	111	84	0	38533953001
9841	38533	14	110	85	0	38533136000
9842	38533	18	108	86	0	38533173000
9843	38533	21	111	86	0	38533712001
9844	38533	24	108	87	0	38533565001
9845	38533	27	111	87	0	38533882000
9846	38533	33	111	88	0	38533460000
9847	38534	0	108	83	0	38534566000
9848	38534	1	109	83	0	38534651001
9849	38534	3	111	83	0	38534139001
9850	38534	4	112	83	0	38534853000
9851	38534	10	112	84	0	38534650000
9852	38534	15	111	85	0	38534072001
9853	38534	16	112	85	0	38534742001
9854	38534	19	109	86	0	38534471001
9855	38534	22	112	86	0	38534532000
9856	38534	28	112	87	0	38534412001
9857	38534	34	112	88	0	38534311001
9858	38535	2	110	83	0	38535001001
9859	38535	5	113	83	0	38535902000
9860	38535	7	109	84	0	38535260001
9861	38535	8	110	84	0	38535818000
9862	38535	11	113	84	0	38535863000
9863	38535	12	108	85	0	38535160000
9864	38535	17	113	85	0	38535737000
9865	38535	21	111	86	0	38535958001
9866	38535	23	113	86	0	38535426001
9867	38535	29	113	87	0	38535321001
9868	38535	31	109	88	0	38535087000
9869	38535	33	111	88	0	38535300000
9870	38535	34	112	88	0	38535991001
9871	38535	35	113	88	0	38535383001
9872	38536	3	111	83	0	38536567000
9873	38536	9	111	84	0	38536265000
9874	38536	10	112	84	0	38536839001
9875	38536	14	110	85	0	38536642001
9876	38536	15	111	85	0	38536662000
9877	38536	20	110	86	0	38536326001
9878	38536	22	112	86	0	38536405001
9879	38536	25	109	87	0	38536028001
9880	38536	27	111	87	0	38536359000
9881	38536	28	112	87	0	38536244001
9882	38537	4	112	83	0	38537117001
9883	38537	16	112	85	0	38537229001
9884	38537	23	113	86	0	38537868001
9885	38537	29	113	87	0	38537340001
9886	38537	35	113	88	0	38537729000
9887	38538	5	113	83	0	38538897000
9888	38538	11	113	84	0	38538241000
9889	38539	6	108	84	0	38539707000
9890	38540	26	110	87	1	38540657001
9891	38541	32	110	88	0	38541052001
9892	38542	13	109	85	0	38542626000
9893	38542	17	113	85	0	38542046000
9894	38542	28	112	87	0	38542720001
9895	38547	0	108	83	1	38547481000
9896	38549	0	108	83	1	38549945001
9897	38549	1	109	83	1	38549190001
9898	38549	6	108	84	1	38549070001
9899	38550	2	110	83	1	38550805000
9900	38550	7	109	84	1	38550617001
9901	38550	12	108	85	1	38550916001
9902	38552	1	109	83	1	38552830000
9903	38552	3	111	83	1	38552386000
9904	38552	8	110	84	1	38552164000
9905	38552	13	109	85	1	38552096000
9906	38552	18	108	86	1	38552267001
9907	38552	31	109	88	0	38552325001
9908	38553	4	112	83	1	38553664000
9909	38553	6	108	84	1	38553353001
9910	38553	9	111	84	1	38553826001
9911	38553	12	108	85	1	38553535001
9912	38553	14	110	85	1	38553566001
9913	38553	19	109	86	1	38553800001
9914	38553	24	108	87	1	38553801000
9915	38554	2	110	83	1	38554020001
9916	38554	7	109	84	1	38554898001
9917	38554	8	110	84	1	38554625001
9918	38554	13	109	85	1	38554095001
9919	38554	18	108	86	1	38554700000
9920	38554	30	108	88	1	38554932001
9921	38555	3	111	83	1	38555547000
9922	38555	4	112	83	1	38555848000
9923	38555	5	113	83	1	38555357001
9924	38555	10	112	84	1	38555110000
9925	38555	14	110	85	1	38555539001
9926	38555	15	111	85	1	38555217000
9927	38555	20	110	86	1	38555093000
9928	38555	25	109	87	1	38555305000
9929	38555	26	110	87	1	38555915000
9930	38556	9	111	84	1	38556708001
9931	38556	15	111	85	1	38556999000
9932	38556	16	112	85	1	38556684000
9933	38556	21	111	86	1	38556798001
9934	38556	31	109	88	1	38556425000
9935	38556	32	110	88	1	38556298000
9936	38557	5	113	83	1	38557948001
9937	38557	10	112	84	1	38557897000
9938	38557	11	113	84	1	38557102001
9939	38557	20	110	86	1	38557919000
9940	38557	24	108	87	1	38557303000
9941	38557	26	110	87	1	38557906001
9942	38557	27	111	87	1	38557977001
9943	38557	33	111	88	1	38557275000
9944	38557	34	112	88	1	38557354001
9945	38558	17	113	85	1	38558265000
9946	38558	19	109	86	1	38558249001
9947	38558	22	112	86	1	38558113000
9948	38558	25	109	87	1	38558646001
9949	38558	28	112	87	1	38558382001
9950	38558	30	108	88	1	38558175000
9951	38558	32	110	88	1	38558200000
9952	38558	33	111	88	1	38558899001
9953	38558	35	113	88	1	38558200000
9954	38559	16	112	85	1	38559147001
9955	38559	23	113	86	1	38559753001
9956	38559	29	113	87	1	38559383000
9957	38559	34	112	88	1	38559039000
9958	38560	22	112	86	1	38560331000
9959	38560	27	111	87	1	38560708000
9960	38560	28	112	87	1	38560110001
9961	38560	35	113	88	1	38560018000
9962	38561	11	113	84	1	38561104000
9963	38561	17	113	85	1	38561620000
9964	38561	29	113	87	1	38561286001
9965	38562	21	111	86	1	38562101000
9966	38580	24	108	87	0	38580714001
9967	38582	28	112	87	0	38582646000
9968	38585	10	112	84	0	38585166001
9969	38720	35	113	88	0	38720685001
9970	38721	29	113	87	0	38721197001
9971	38721	34	112	88	0	38721568000
9972	38722	23	113	86	0	38722397001
9973	38722	28	112	87	0	38722468000
9974	38722	33	111	88	0	38722383001
9975	38723	11	113	84	0	38723805000
9976	38723	17	113	85	0	38723022000
9977	38723	21	111	86	0	38723927001
9978	38723	22	112	86	0	38723183000
9979	38723	27	111	87	0	38723333001
9980	38723	29	113	87	0	38723040000
9981	38723	32	110	88	0	38723675000
9982	38723	34	112	88	0	38723425000
9983	38723	35	113	88	0	38723448000
9984	38724	5	113	83	0	38724688001
9985	38724	10	112	84	0	38724806001
9986	38724	16	112	85	0	38724202000
9987	38724	26	110	87	0	38724571000
9988	38724	28	112	87	0	38724874000
9989	38724	31	109	88	0	38724353001
9990	38724	33	111	88	0	38724134000
9991	38725	4	112	83	0	38725856000
9992	38725	9	111	84	0	38725586000
9993	38725	15	111	85	0	38725165000
9994	38725	20	110	86	0	38725191001
9995	38725	21	111	86	0	38725756000
9996	38725	22	112	86	0	38725167000
9997	38725	25	109	87	0	38725461001
9998	38725	27	111	87	0	38725510000
9999	38725	30	108	88	0	38725355001
10000	38726	3	111	83	0	38726730001
10001	38726	8	110	84	0	38726949000
10002	38726	11	113	84	0	38726045000
10003	38726	14	110	85	0	38726008000
10004	38726	16	112	85	0	38726113000
10005	38726	19	109	86	0	38726039000
10006	38726	24	108	87	0	38726473000
10007	38726	31	109	88	0	38726341000
10008	38726	32	110	88	0	38726993000
10009	38727	2	110	83	0	38727601000
10010	38727	5	113	83	0	38727121001
10011	38727	7	109	84	0	38727785000
10012	38727	9	111	84	0	38727536001
10013	38727	10	112	84	0	38727017001
10014	38727	13	109	85	0	38727061000
10015	38727	17	113	85	0	38727658000
10016	38727	18	108	86	0	38727268001
10017	38727	30	108	88	0	38727330001
10018	38728	1	109	83	0	38728630001
10019	38728	12	108	85	0	38728104001
10020	38728	14	110	85	0	38728487001
10021	38728	19	109	86	0	38728321001
10022	38728	20	110	86	0	38728198000
10023	38728	24	108	87	0	38728909001
10024	38729	2	110	83	0	38729628000
10025	38729	6	108	84	0	38729068000
10026	38729	8	110	84	0	38729144000
10027	38730	0	108	83	0	38730054001
10028	38730	3	111	83	0	38730086000
10029	38730	5	113	83	1	38730852000
10030	38731	1	109	83	0	38731760001
10031	38731	4	112	83	1	38731833001
10032	38731	10	112	84	1	38731833001
10033	38731	11	113	84	1	38731203001
10034	38731	12	108	85	0	38731005001
10035	38731	17	113	85	1	38731240000
10036	38731	18	108	86	0	38731588001
10037	38731	23	113	86	1	38731651000
10038	38731	29	113	87	1	38731679000
10039	38732	3	111	83	1	38732364000
10040	38732	9	111	84	1	38732603000
10041	38732	15	111	85	1	38732817000
10042	38732	16	112	85	1	38732264001
10043	38732	21	111	86	1	38732731001
10044	38732	22	112	86	1	38732338000
10045	38732	28	112	87	1	38732422000
10046	38732	34	112	88	1	38732671001
10047	38732	35	113	88	1	38732078001
10048	38733	1	109	83	1	38733624000
10049	38733	2	110	83	1	38733020001
10050	38733	8	110	84	1	38733099001
10051	38733	14	110	85	1	38733278000
10052	38733	20	110	86	1	38733633000
10053	38733	26	110	87	1	38733967000
10054	38733	27	111	87	1	38733140000
10055	38733	33	111	88	1	38733253000
10056	38734	0	108	83	1	38734414001
10057	38734	6	108	84	1	38734742000
10058	38734	7	109	84	1	38734027000
10059	38734	12	108	85	1	38734718001
10060	38734	13	109	85	1	38734160001
10061	38734	19	109	86	1	38734338001
10062	38734	25	109	87	1	38734695001
10063	38734	31	109	88	1	38734595000
10064	38734	32	110	88	1	38734041000
10065	38735	18	108	86	1	38735137001
10066	38735	24	108	87	1	38735439000
10067	38735	30	108	88	1	38735593001
10068	38804	9	111	84	0	38804795000
10069	38808	13	109	85	0	38808351001
10070	38810	19	109	86	0	38810007000
10071	38812	24	108	87	0	38812831001
10072	38814	30	108	88	0	38814726000
10073	38814	31	109	88	0	38814069001
10074	38870	31	109	88	0	38870765000
10075	38872	24	108	87	0	38872475001
10076	38873	19	109	86	0	38873949001
10077	38874	28	112	87	0	38874360001
10078	38878	9	111	84	0	38878059001
10079	38878	10	112	84	0	38878784001
10080	39287	35	113	88	0	39287384001
10081	39288	29	113	87	0	39288091001
10082	39289	28	112	87	0	39289948001
10083	39290	22	112	86	0	39290073000
10084	39290	33	111	88	0	39290033001
10085	39290	34	112	88	0	39290107000
10086	39291	21	111	86	0	39291191000
10087	39291	27	111	87	0	39291946001
10088	39291	31	109	88	0	39291647000
10089	39292	20	110	86	0	39292489001
10090	39292	26	110	87	0	39292472001
10091	39292	30	108	88	0	39292911001
10092	39293	24	108	87	0	39293020000
10093	39294	19	109	86	0	39294085001
10094	39294	32	110	88	0	39294571000
10095	39295	18	108	86	0	39295312001
10096	39368	28	112	87	1	39368159000
10097	39439	28	112	87	0	39439621001
10098	39463	10	112	84	0	39463687000
10099	39477	23	113	86	0	39477688001
10100	39571	2	110	83	0	39571899001
10101	39575	10	112	84	0	39575458000
10102	39578	4	112	83	0	39578324001
10103	39578	22	112	86	0	39578325000
10104	39755	23	113	86	0	39755741001
10105	39755	29	113	87	0	39755520000
10106	39755	35	113	88	0	39755169001
10107	39756	11	113	84	0	39756782001
10108	39756	17	113	85	0	39756457000
10109	39756	28	112	87	0	39756915000
10110	39756	34	112	88	0	39756436001
10111	39757	5	113	83	0	39757299001
10112	39757	10	112	84	0	39757975001
10113	39757	16	112	85	0	39757786001
10114	39757	22	112	86	0	39757509000
10115	39757	23	113	86	0	39757911000
10116	39757	29	113	87	0	39757396000
10117	39757	33	111	88	0	39757453000
10118	39757	35	113	88	0	39757209001
10119	39758	4	112	83	0	39758787000
10120	39758	11	113	84	0	39758991001
10121	39758	17	113	85	0	39758953000
10122	39758	21	111	86	0	39758401000
10123	39758	27	111	87	0	39758182000
10124	39758	28	112	87	0	39758869000
10125	39758	34	112	88	0	39758283000
10126	39759	3	111	83	0	39759801001
10127	39759	5	113	83	0	39759415000
10128	39759	9	111	84	0	39759163001
10129	39759	15	111	85	0	39759159000
10130	39759	16	112	85	0	39759723001
10131	39759	20	110	86	0	39759852001
10132	39759	22	112	86	0	39759974000
10133	39759	26	110	87	0	39759434000
10134	39759	31	109	88	0	39759843001
10135	39759	32	110	88	0	39759139000
10136	39759	33	111	88	0	39759120001
10137	39760	8	110	84	0	39760761001
10138	39760	10	112	84	0	39760136001
10139	39760	14	110	85	0	39760257001
10140	39760	19	109	86	0	39760854001
10141	39760	21	111	86	0	39760369000
10142	39760	25	109	87	0	39760656000
10143	39760	27	111	87	0	39760490000
10144	39761	2	110	83	0	39761228001
10145	39761	3	111	83	0	39761706001
10146	39761	4	112	83	0	39761171000
10147	39761	7	109	84	0	39761880000
10148	39761	9	111	84	0	39761070001
10149	39761	13	109	85	0	39761599001
10150	39761	15	111	85	0	39761645001
10151	39761	24	108	87	0	39761593000
10152	39761	26	110	87	0	39761877000
10153	39761	30	108	88	0	39761302001
10154	39761	31	109	88	0	39761937001
10155	39761	32	110	88	0	39761587000
10156	39762	1	109	83	0	39762334001
10157	39762	12	108	85	0	39762983000
10158	39762	14	110	85	0	39762254000
10159	39762	18	108	86	0	39762249000
10160	39762	19	109	86	0	39762920001
10161	39762	20	110	86	0	39762666001
10162	39762	25	109	87	0	39762921000
10163	39763	0	108	83	0	39763897000
10164	39763	2	110	83	0	39763390001
10165	39763	6	108	84	0	39763316001
10166	39763	8	110	84	0	39763022000
10167	39763	24	108	87	0	39763575001
10168	39763	30	108	88	0	39763316001
10169	39764	1	109	83	0	39764365000
10170	39764	13	109	85	0	39764497000
10171	39764	18	108	86	0	39764130001
10172	39765	12	108	85	0	39765522000
10173	39766	0	108	83	0	39766793000
10174	39766	6	108	84	0	39766278000
10175	39779	5	113	83	1	39779063001
10176	39780	4	112	83	1	39780648000
10177	39780	5	113	83	1	39780674000
10178	39780	11	113	84	1	39780063000
10179	39780	17	113	85	1	39780734001
10180	39781	3	111	83	1	39781854001
10181	39781	10	112	84	1	39781347001
10182	39781	16	112	85	1	39781982000
10183	39781	23	113	86	1	39781329000
10184	39781	29	113	87	1	39781971000
10185	39782	9	111	84	1	39782493001
10186	39782	11	113	84	1	39782870001
10187	39782	15	111	85	1	39782946001
10188	39782	22	112	86	1	39782666000
10189	39782	28	112	87	1	39782766001
10190	39782	35	113	88	1	39782501001
10191	39783	1	109	83	1	39783845000
10192	39783	2	110	83	1	39783205001
10193	39783	4	112	83	1	39783154001
10194	39783	8	110	84	1	39783508000
10195	39783	21	111	86	1	39783598000
10196	39783	34	112	88	1	39783471000
10197	39784	3	111	83	1	39784090000
10198	39784	9	111	84	1	39784577000
10199	39784	14	110	85	1	39784464000
10200	39784	15	111	85	1	39784464000
10201	39784	16	112	85	1	39784150001
10202	39784	27	111	87	1	39784090000
10203	39784	28	112	87	1	39784410001
10204	39784	33	111	88	1	39784807001
10205	39784	34	112	88	1	39784919001
10206	39785	0	108	83	1	39785681001
10207	39785	1	109	83	1	39785442001
10208	39785	2	110	83	1	39785289000
10209	39785	7	109	84	1	39785315000
10210	39785	8	110	84	1	39785178001
10211	39785	13	109	85	1	39785283000
10212	39785	20	110	86	1	39785044000
10213	39785	21	111	86	1	39785775001
10214	39785	22	112	86	1	39785182000
10215	39785	23	113	86	1	39785323000
10216	39785	26	110	87	1	39785627000
10217	39785	27	111	87	1	39785620001
10218	39785	35	113	88	1	39785096001
10219	39786	6	108	84	1	39786400001
10220	39786	12	108	85	1	39786897001
10221	39786	14	110	85	1	39786277000
10222	39786	19	109	86	1	39786156000
10223	39786	25	109	87	1	39786669001
10224	39786	32	110	88	1	39786053001
10225	39786	33	111	88	1	39786352001
10226	39787	0	108	83	1	39787382001
10227	39787	13	109	85	1	39787135000
10228	39787	18	108	86	1	39787540000
10229	39787	24	108	87	1	39787858000
10230	39787	31	109	88	1	39787341000
10231	39787	32	110	88	1	39787910001
10232	39788	12	108	85	1	39788694000
10233	39788	20	110	86	1	39788144001
10234	39788	25	109	87	1	39788726000
10235	39788	29	113	87	1	39788109000
10236	39788	30	108	88	1	39788327001
10237	39789	17	113	85	1	39789156000
10238	39789	18	108	86	1	39789493000
10239	39789	19	109	86	1	39789348000
10240	39789	24	108	87	1	39789897001
10241	39790	6	108	84	1	39790253000
10242	39790	30	108	88	1	39790225000
10243	39791	26	110	87	1	39791049001
10244	39819	10	112	84	1	39819013000
10245	40225	30	108	88	0	40225004000
10246	40226	24	108	87	0	40226668001
10247	40226	31	109	88	0	40226152000
10248	40228	19	109	86	0	40228231001
10249	40231	14	110	85	0	40231755000
10250	40232	2	110	83	0	40232400000
10251	40232	9	111	84	0	40232790001
10252	40232	22	112	86	0	40232008001
10253	40233	10	112	84	0	40233805001
10254	40234	4	112	83	0	40234235000
10255	40450	1	109	83	0	40450808001
10256	40450	2	110	83	0	40450780001
10257	40450	3	111	83	0	40450537000
10258	40450	4	112	83	0	40450598000
10259	40450	5	113	83	0	40450231001
10260	40450	11	113	84	0	40450978000
10261	40451	0	108	83	0	40451252001
10262	40451	6	108	84	0	40451893000
10263	40451	7	109	84	0	40451678001
10264	40451	8	110	84	0	40451493000
10265	40451	9	111	84	0	40451270001
10266	40451	10	112	84	0	40451039001
10267	40451	16	112	85	0	40451998001
10268	40451	17	113	85	0	40451765001
10269	40452	3	111	83	0	40452913001
10270	40452	4	112	83	0	40452714000
10271	40452	5	113	83	0	40452477001
10272	40452	12	108	85	0	40452732000
10273	40452	13	109	85	0	40452515000
10274	40452	14	110	85	0	40452346000
10275	40452	15	111	85	0	40452190001
10276	40452	20	110	86	0	40452998001
10277	40452	21	111	86	0	40452685001
10278	40452	22	112	86	0	40452673000
10279	40452	23	113	86	0	40452355000
10280	40453	1	109	83	0	40453145000
10281	40453	2	110	83	0	40453934001
10282	40453	18	108	86	0	40453294000
10283	40453	19	109	86	0	40453159000
10284	40453	26	110	87	0	40453915001
10285	40453	27	111	87	0	40453615000
10286	40453	28	112	87	0	40453364001
10287	40453	29	113	87	0	40453082001
10288	40453	35	113	88	0	40453932001
10289	40454	8	110	84	0	40454123001
10290	40454	10	112	84	0	40454431000
10291	40454	11	113	84	0	40454214001
10292	40454	15	111	85	0	40454733000
10293	40454	22	112	86	0	40454797000
10294	40454	23	113	86	0	40454781000
10295	40454	24	108	87	0	40454085000
10296	40454	25	109	87	0	40454077000
10297	40454	30	108	88	0	40454824001
10298	40454	31	109	88	0	40454529001
10299	40454	32	110	88	0	40454649001
10300	40454	33	111	88	0	40454170000
10301	40454	34	112	88	0	40454083000
10302	40455	4	112	83	0	40455908001
10303	40455	12	108	85	0	40455001001
10304	40455	13	109	85	0	40455132000
10305	40455	14	110	85	0	40455907001
10306	40455	17	113	85	0	40455629001
10307	40455	18	108	86	0	40455508001
10308	40455	19	109	86	0	40455451001
10309	40455	21	111	86	0	40455605000
10310	40455	27	111	87	0	40455920000
10311	40455	28	112	87	0	40455339001
10312	40455	33	111	88	0	40455938001
10313	40455	34	112	88	0	40455798001
10314	40456	9	111	84	0	40456336000
10315	40456	24	108	87	0	40456612000
10316	40456	29	113	87	0	40456020001
10317	40456	31	109	88	0	40456936000
10318	40456	35	113	88	1	40456183001
10319	40457	20	110	86	0	40457365001
10320	40457	30	108	88	0	40457822000
10321	40458	5	113	83	1	40458796000
10322	40458	11	113	84	1	40458854001
10323	40459	17	113	85	1	40459847001
10324	40460	4	112	83	1	40460254000
10325	40460	5	113	83	1	40460550000
10326	40460	11	113	84	1	40460659000
10327	40460	23	113	86	1	40460345001
10328	40460	29	113	87	1	40460984001
10329	40461	10	112	84	1	40461177000
10330	40461	17	113	85	1	40461816000
10331	40461	35	113	88	1	40461609001
10332	40462	3	111	83	1	40462140000
10333	40462	4	112	83	1	40462080000
10334	40462	9	111	84	1	40462484001
10335	40462	15	111	85	1	40462815000
10336	40462	16	112	85	1	40462113001
10337	40462	22	112	86	1	40462256001
10338	40462	23	113	86	1	40462503000
10339	40462	28	112	87	1	40462672000
10340	40463	2	110	83	1	40463494000
10341	40463	3	111	83	1	40463987001
10342	40463	8	110	84	1	40463751001
10343	40463	10	112	84	1	40463618001
10344	40463	21	111	86	1	40463379001
10345	40463	27	111	87	1	40463617000
10346	40463	29	113	87	1	40463071000
10347	40463	34	112	88	1	40463077000
10348	40463	35	113	88	1	40463742001
10349	40464	9	111	84	1	40464538000
10350	40464	14	110	85	1	40464196001
10351	40464	15	111	85	1	40464492000
10352	40464	22	112	86	1	40464291001
10353	40464	28	112	87	1	40464383000
10354	40464	33	111	88	1	40464538000
10355	40464	34	112	88	1	40464638001
10356	40465	1	109	83	1	40465597001
10357	40465	2	110	83	1	40465236000
10358	40465	8	110	84	1	40465505000
10359	40465	13	109	85	1	40465981000
10360	40465	14	110	85	1	40465970000
10361	40465	16	112	85	1	40465721001
10362	40465	20	110	86	1	40465638000
10363	40465	21	111	86	1	40465125001
10364	40465	27	111	87	1	40465388000
10365	40466	7	109	84	1	40466254000
10366	40466	19	109	86	1	40466831000
10367	40466	26	110	87	1	40466105000
10368	40466	32	110	88	1	40466669001
10369	40466	33	111	88	1	40466182001
10370	40467	0	108	83	1	40467473000
10371	40467	1	109	83	1	40467674001
10372	40467	6	108	84	1	40467840001
10373	40467	12	108	85	1	40467877001
10374	40467	13	109	85	1	40467826001
10375	40467	25	109	87	1	40467801001
10376	40467	31	109	88	1	40467894001
10377	40468	18	108	86	1	40468690001
10378	40468	19	109	86	1	40468858000
10379	40468	20	110	86	1	40468386001
10380	40468	26	110	87	1	40468387000
10381	40468	32	110	88	1	40468848001
10382	40469	0	108	83	1	40469706001
10383	40469	12	108	85	1	40469651000
10384	40469	24	108	87	1	40469225001
10385	40469	30	108	88	1	40469759001
10386	40469	31	109	88	1	40469826000
10387	40470	6	108	84	1	40470420000
10388	40470	18	108	86	1	40470404001
10389	40470	25	109	87	1	40470410001
10390	40471	24	108	87	1	40471299001
10391	40471	30	108	88	1	40471645001
10392	40480	7	109	84	1	40480850001
10393	40748	4	112	83	0	40748673001
10394	40748	5	113	83	0	40748135000
10395	40749	10	112	84	0	40749157001
10396	40751	9	111	84	0	40751453000
10397	40752	2	110	83	0	40752052000
10398	40753	8	110	84	0	40753591000
10399	40755	7	109	84	0	40755015000
10400	40761	24	108	87	0	40761532001
10401	40766	10	112	84	1	40766815001
10402	40848	0	108	83	0	40848649001
10403	40848	6	108	84	0	40848792001
10404	40849	12	108	85	0	40849072000
10405	40849	18	108	86	0	40849290001
10406	40849	24	108	87	0	40849445001
10407	40849	30	108	88	0	40849393000
10408	40850	1	109	83	0	40850466000
10409	40850	7	109	84	0	40850930000
10410	40851	0	108	83	0	40851700001
10411	40851	6	108	84	0	40851362001
10412	40851	12	108	85	0	40851864000
10413	40851	13	109	85	0	40851216001
10414	40851	18	108	86	0	40851608000
10415	40851	19	109	86	0	40851069001
10416	40851	24	108	87	0	40851735000
10417	40851	25	109	87	0	40851594000
10418	40851	30	108	88	0	40851599000
10419	40851	31	109	88	0	40851310000
10420	40852	1	109	83	0	40852461000
10421	40852	2	110	83	0	40852620001
10422	40852	8	110	84	0	40852885001
10423	40852	14	110	85	0	40852929001
10424	40853	19	109	86	0	40853987001
10425	40853	20	110	86	0	40853066000
10426	40853	26	110	87	0	40853327000
10427	40853	31	109	88	0	40853559000
10428	40853	32	110	88	0	40853497000
10429	40854	1	109	83	0	40854853000
10430	40854	2	110	83	0	40854739001
10431	40854	3	111	83	0	40854675000
10432	40854	7	109	84	0	40854129001
10433	40854	9	111	84	0	40854856000
10434	40854	13	109	85	0	40854030001
10435	40854	21	111	86	0	40854894001
10436	40854	25	109	87	0	40854502001
10437	40855	8	110	84	0	40855412001
10438	40855	10	112	84	0	40855919000
10439	40855	14	110	85	0	40855399000
10440	40855	15	111	85	0	40855089000
10441	40855	20	110	86	0	40855471001
10442	40855	27	111	87	0	40855199000
10443	40855	30	108	88	0	40855066001
10444	40855	32	110	88	0	40855785000
10445	40855	33	111	88	0	40855003001
10446	40856	4	112	83	0	40856751001
10447	40856	9	111	84	0	40856908000
10448	40856	16	112	85	0	40856480000
10449	40856	22	112	86	0	40856368001
10450	40856	26	110	87	0	40856047001
10451	40856	28	112	87	0	40856560001
10452	40856	34	112	88	0	40856699000
10453	40857	3	111	83	0	40857145001
10454	40857	15	111	85	0	40857330000
10455	40857	21	111	86	0	40857094001
10456	40857	27	111	87	0	40857601001
10457	40857	33	111	88	0	40857397000
10458	40858	5	113	83	0	40858315000
10459	40858	10	112	84	0	40858187001
10460	40858	11	113	84	0	40858554000
10461	40858	16	112	85	0	40858428001
10462	40858	17	113	85	0	40858622000
10463	40858	22	112	86	0	40858475000
10464	40858	23	113	86	0	40858303000
10465	40858	28	112	87	0	40858671001
10466	40858	29	113	87	0	40858408000
10467	40858	34	112	88	0	40858495000
10468	40858	35	113	88	0	40858613000
10469	40859	4	112	83	0	40859161000
10470	40860	5	113	83	0	40860562001
10471	40860	23	113	86	0	40860530000
10472	40860	29	113	87	0	40860379001
10473	40860	35	113	88	0	40860979001
10474	40861	11	113	84	0	40861188000
10475	40861	16	112	85	0	40861600001
10476	40861	17	113	85	0	40861191000
10477	40861	18	108	86	0	40861376000
10478	40862	4	112	83	0	40862416001
10479	40862	9	111	84	0	40862013000
10480	40862	10	112	84	0	40862288000
10481	40863	2	110	83	0	40863836000
10482	40863	24	108	87	0	40863574000
10483	40863	31	109	88	0	40863405000
10484	40865	27	111	87	0	40865517000
10485	40866	0	108	83	1	40866139000
10486	40866	1	109	83	1	40866951000
10487	40867	2	110	83	1	40867727001
10488	40867	6	108	84	1	40867307001
10489	40867	7	109	84	1	40867896001
10490	40867	32	110	88	0	40867656001
10491	40868	3	111	83	1	40868411001
10492	40868	8	110	84	1	40868487001
10493	40868	12	108	85	1	40868188001
10494	40868	13	109	85	1	40868758000
10495	40868	34	112	88	0	40868118001
10496	40869	4	112	83	1	40869028000
10497	40869	5	113	83	1	40869721000
10498	40869	9	111	84	1	40869315000
10499	40869	10	112	84	1	40869863001
10500	40869	14	110	85	1	40869320001
10501	40869	18	108	86	1	40869033001
10502	40869	19	109	86	1	40869880001
10503	40869	24	108	87	1	40869868001
10504	40870	11	113	84	1	40870677001
10505	40870	15	111	85	1	40870136001
10506	40870	16	112	85	1	40870805000
10507	40870	20	110	86	1	40870378001
10508	40870	25	109	87	1	40870788000
10509	40870	30	108	88	1	40870893001
10510	40871	17	113	85	1	40871596001
10511	40871	21	111	86	1	40871121001
10512	40871	22	112	86	1	40871818000
10513	40871	26	110	87	1	40871304001
10514	40871	27	111	87	1	40871909001
10515	40871	31	109	88	1	40871447001
10516	40872	23	113	86	1	40872510000
10517	40872	28	112	87	1	40872500001
10518	40872	32	110	88	1	40872279000
10519	40872	33	111	88	1	40872866001
10520	40873	29	113	87	1	40873406001
10521	40873	34	112	88	1	40873393000
10522	40874	35	113	88	1	40874287001
10523	41286	35	113	88	0	41286267001
10524	41287	29	113	87	0	41287304000
10525	41288	23	113	86	0	41288544001
10526	41288	35	113	88	0	41288634001
10527	41289	29	113	87	0	41289385001
10528	41290	17	113	85	0	41290732000
10529	41290	23	113	86	0	41290856000
10530	41290	34	112	88	0	41290117001
10531	41291	35	113	88	0	41291356001
10532	41292	11	113	84	0	41292864001
10533	41292	28	112	87	0	41292073001
10534	41292	29	113	87	0	41292114000
10535	41292	34	112	88	0	41292528000
10536	41293	17	113	85	0	41293335000
10537	41293	30	108	88	0	41293787001
10538	41293	31	109	88	0	41293717001
10539	41293	33	111	88	1	41293562001
10540	41294	5	113	83	0	41294880000
10541	41294	21	111	86	0	41294984000
10542	41294	22	112	86	0	41294175001
10543	41294	23	113	86	0	41294130001
10544	41294	24	108	87	0	41294428001
10545	41294	25	109	87	0	41294698001
10546	41294	26	110	87	0	41294621000
10547	41294	27	111	87	0	41294470000
10548	41294	28	112	87	0	41294300000
10549	41294	32	110	88	0	41294007001
10550	41294	34	112	88	0	41294398001
10551	41295	10	112	84	0	41295890000
10552	41295	11	113	84	0	41295450001
10553	41295	13	109	85	0	41295930000
10554	41295	14	110	85	0	41295847001
10555	41295	15	111	85	0	41295957001
10556	41295	16	112	85	0	41295500000
10557	41295	18	108	86	0	41295256001
10558	41295	19	109	86	0	41295083000
10559	41295	20	110	86	1	41295241000
10560	41295	22	112	86	0	41295978000
10561	41296	6	108	84	0	41296702001
10562	41296	7	109	84	0	41296528001
10563	41296	8	110	84	0	41296479000
10564	41296	9	111	84	0	41296401001
10565	41296	12	108	85	0	41296086001
10566	41296	17	113	85	0	41296473000
10567	41296	30	108	88	1	41296890000
10568	41297	0	108	83	0	41297431001
10569	41297	1	109	83	0	41297132000
10570	41297	2	110	83	0	41297216000
10571	41297	3	111	83	1	41297161001
10572	41297	4	112	83	0	41297132000
10573	41297	5	113	83	0	41297198001
10574	41297	11	113	84	0	41297630000
10575	41297	18	108	86	1	41297922000
10576	41297	24	108	87	1	41297692000
10577	41297	25	109	87	1	41297951000
10578	41297	31	109	88	1	41297347001
10579	41297	32	110	88	1	41297475000
10580	41298	12	108	85	1	41298564000
10581	41298	13	109	85	1	41298986000
10582	41298	19	109	86	1	41298498001
10583	41298	20	110	86	1	41298468000
10584	41298	26	110	87	1	41298149001
10585	41298	27	111	87	1	41298691000
10586	41298	33	111	88	1	41298158001
10587	41299	0	108	83	1	41299564001
10588	41299	1	109	83	1	41299997000
10589	41299	6	108	84	1	41299155000
10590	41299	7	109	84	1	41299461001
10591	41299	8	110	84	1	41299706001
10592	41299	14	110	85	1	41299284000
10593	41299	15	111	85	1	41299647000
10594	41299	21	111	86	1	41299158000
10595	41299	22	112	86	1	41299854001
10596	41300	2	110	83	1	41300337000
10597	41300	3	111	83	1	41300704001
10598	41300	9	111	84	1	41300199000
10599	41300	10	112	84	1	41300635000
10600	41300	16	112	85	1	41300415001
10601	41301	4	112	83	1	41301088000
10602	41301	33	111	88	0	41301031001
10603	41302	27	111	87	0	41302488001
10604	41303	10	112	84	0	41303072000
10605	41303	16	112	85	0	41303319001
10606	41303	22	112	86	0	41303968000
10607	41303	34	112	88	1	41303905000
10608	41303	35	113	88	1	41303523000
10609	41304	4	112	83	0	41304702000
10610	41304	21	111	86	0	41304145000
10611	41304	28	112	87	1	41304592000
10612	41304	29	113	87	1	41304345000
10613	41305	17	113	85	1	41305702001
10614	41305	22	112	86	1	41305879000
10615	41305	23	113	86	1	41305133000
10616	41305	27	111	87	1	41305862000
10617	41305	33	111	88	1	41305070001
10618	41306	5	113	83	1	41306909000
10619	41306	10	112	84	0	41306502001
10620	41306	11	113	84	1	41306235001
10621	41306	16	112	85	1	41306688001
10622	41306	21	111	86	1	41306825001
10623	41307	34	112	88	1	41307791001
10624	41308	4	112	83	1	41308458001
10625	41347	30	108	88	0	41347533000
10626	41347	31	109	88	0	41347918000
10627	41348	24	108	87	0	41348265000
10628	41349	12	108	85	0	41349912001
10629	41349	18	108	86	0	41349048001
10630	41349	19	109	86	0	41349596000
10631	41349	25	109	87	0	41349298000
10632	41349	30	108	88	0	41349673001
10633	41349	31	109	88	0	41349805001
10634	41349	32	110	88	0	41349681001
10635	41349	33	111	88	0	41349903000
10636	41350	6	108	84	0	41350484001
10637	41350	13	109	85	0	41350517001
10638	41350	20	110	86	0	41350868000
10639	41350	24	108	87	0	41350347000
10640	41350	26	110	87	0	41350186001
10641	41350	27	111	87	0	41350697001
10642	41350	34	112	88	0	41350704001
10643	41351	0	108	83	0	41351195000
10644	41351	1	109	83	0	41351980000
10645	41351	7	109	84	0	41351188001
10646	41351	14	110	85	0	41351362001
10647	41351	18	108	86	0	41351045000
10648	41351	19	109	86	0	41351655001
10649	41351	21	111	86	0	41351383000
10650	41351	25	109	87	0	41351740000
10651	41351	28	112	87	0	41351874001
10652	41351	33	111	88	0	41351560000
10653	41352	2	110	83	0	41352485001
10654	41352	8	110	84	0	41352020001
10655	41352	12	108	85	0	41352168000
10656	41352	15	111	85	0	41352554000
10657	41352	22	112	86	0	41352329000
10658	41352	27	111	87	0	41352706000
10659	41352	29	113	87	0	41352348000
10660	41352	34	112	88	0	41352575001
10661	41352	35	113	88	0	41352019000
10662	41353	3	111	83	0	41353830001
10663	41353	9	111	84	0	41353091000
10664	41353	10	112	84	0	41353642001
10665	41353	14	110	85	0	41353580001
10666	41353	16	112	85	0	41353167000
10667	41353	21	111	86	0	41353228001
10668	41353	23	113	86	0	41353111000
10669	41353	28	112	87	0	41353848000
10670	41353	32	110	88	0	41353360001
10671	41353	35	113	88	0	41353994000
10672	41354	0	108	83	0	41354154001
10673	41354	1	109	83	0	41354034000
10674	41354	2	110	83	0	41354351001
10675	41354	4	112	83	0	41354228000
10676	41354	6	108	84	0	41354099000
10677	41354	7	109	84	0	41354182001
10678	41354	8	110	84	0	41354153001
10679	41354	13	109	85	0	41354030001
10680	41354	15	111	85	0	41354902001
10681	41354	17	113	85	0	41354152000
10682	41354	20	110	86	0	41354066001
10683	41354	22	112	86	0	41354314001
10684	41354	29	113	87	0	41354218001
10685	41355	5	113	83	0	41355855000
10686	41355	9	111	84	0	41355455000
10687	41355	10	112	84	0	41355686000
10688	41355	11	113	84	0	41355061000
10689	41355	16	112	85	0	41355364001
10690	41355	23	113	86	0	41355060001
10691	41355	31	109	88	0	41355855000
10692	41356	3	111	83	0	41356036001
10693	41356	4	112	83	0	41356467001
10694	41356	17	113	85	0	41356261001
10695	41356	26	110	87	0	41356596001
10696	41357	11	113	84	0	41357308001
10697	41358	5	113	83	0	41358593000
10698	41358	20	110	86	0	41358830000
10699	41361	30	108	88	0	41361433000
10700	41365	31	109	88	1	41365952000
10701	41365	32	110	88	1	41365952000
10702	41365	34	112	88	1	41365893000
10703	41365	35	113	88	1	41365918001
10704	41366	28	112	87	1	41366762001
10705	41366	29	113	87	1	41366803000
10706	41366	30	108	88	1	41366290000
10707	41366	33	111	88	1	41366020000
10708	41367	21	111	86	1	41367816000
10709	41367	22	112	86	1	41367905001
10710	41367	23	113	86	1	41367635000
10711	41367	24	108	87	1	41367614001
10712	41367	25	109	87	1	41367336001
10713	41367	26	110	87	1	41367106000
10714	41367	27	111	87	1	41367156001
10715	41368	13	109	85	1	41368836001
10716	41368	14	110	85	1	41368748001
10717	41368	15	111	85	1	41368888000
10718	41368	17	113	85	1	41368659001
10719	41368	18	108	86	1	41368038000
10720	41368	19	109	86	1	41368282001
10721	41368	20	110	86	1	41368038000
10722	41368	28	112	87	1	41368792000
10723	41368	31	109	88	1	41368562000
10724	41368	32	110	88	1	41368189001
10725	41368	33	111	88	1	41368813001
10726	41368	34	112	88	1	41368309001
10727	41369	9	111	84	1	41369997000
10728	41369	10	112	84	1	41369726000
10729	41369	11	113	84	1	41369825000
10730	41369	12	108	85	1	41369288000
10731	41369	16	112	85	1	41369066001
10732	41369	18	108	86	1	41369541000
10733	41369	30	108	88	1	41369639000
10734	41370	5	113	83	1	41370785000
10735	41370	6	108	84	1	41370384001
10736	41370	7	109	84	1	41370243001
10737	41370	8	110	84	1	41370234001
10738	41370	13	109	85	1	41370453000
10739	41370	14	110	85	1	41370297001
10740	41370	15	111	85	1	41370411000
10741	41370	21	111	86	1	41370442000
10742	41371	0	108	83	1	41371415000
10743	41371	1	109	83	1	41371495001
10744	41371	2	110	83	1	41371226000
10745	41371	3	111	83	1	41371093001
10746	41371	4	112	83	1	41371087001
10747	41371	11	113	84	1	41371926001
10748	41371	12	108	85	1	41371147001
10749	41371	22	112	86	1	41371371001
10750	41372	5	113	83	1	41372861001
10751	41372	8	110	84	1	41372635001
10752	41372	9	111	84	1	41372332000
10753	41372	10	112	84	1	41372187001
10754	41372	23	113	86	1	41372173001
10755	41373	0	108	83	1	41373397000
10756	41373	2	110	83	1	41373326000
10757	41373	3	111	83	1	41373641000
10758	41374	16	112	85	1	41374590000
10759	41376	17	113	85	1	41376802000
10760	41379	4	112	83	1	41379055001
10761	41380	28	112	87	0	41380160001
10762	41388	20	110	86	1	41388838000
10763	41525	2	110	83	0	41525867000
10764	41525	3	111	83	0	41525581001
10765	41526	0	108	83	0	41526982001
10766	41526	1	109	83	0	41526523000
10767	41526	9	111	84	0	41526705000
10768	41527	7	109	84	0	41527700001
10769	41527	8	110	84	0	41527106001
10770	41528	1	109	83	0	41528742001
10771	41528	2	110	83	0	41528170001
10772	41528	3	111	83	1	41528714001
10773	41528	6	108	84	0	41528249001
10774	41528	13	109	85	0	41528852001
10775	41528	14	110	85	0	41528404001
10776	41528	15	111	85	0	41528354000
10777	41529	0	108	83	0	41529833001
10778	41529	12	108	85	0	41529371000
10779	41529	20	110	86	0	41529504001
10780	41529	21	111	86	0	41529253000
10781	41530	6	108	84	0	41530758000
10782	41530	9	111	84	1	41530160001
10783	41530	18	108	86	0	41530350000
10784	41530	19	109	86	0	41530076001
10785	41530	27	111	87	0	41530928001
10786	41531	2	110	83	1	41531784001
10787	41531	13	109	85	0	41531557000
10788	41531	15	111	85	1	41531436000
10789	41531	20	110	86	0	41531980000
10790	41531	24	108	87	0	41531527000
10791	41531	25	109	87	0	41531533001
10792	41531	26	110	87	0	41531130000
10793	41531	33	111	88	0	41531732000
10794	41532	12	108	85	0	41532161001
10795	41532	18	108	86	0	41532310001
10796	41532	19	109	86	0	41532805001
10797	41532	21	111	86	1	41532421000
10798	41532	30	108	88	0	41532633000
10799	41532	31	109	88	0	41532092000
10800	41532	32	110	88	0	41532155001
10801	41533	1	109	83	1	41533896000
10802	41533	8	110	84	1	41533052000
10803	41534	14	110	85	1	41534322001
10804	41534	24	108	87	0	41534089001
10805	41534	25	109	87	0	41534521000
10806	41534	27	111	87	1	41534844000
10807	41534	30	108	88	0	41534819000
10808	41534	31	109	88	0	41534141000
10809	41535	7	109	84	1	41535640001
10810	41535	13	109	85	1	41535129000
10811	41535	20	110	86	1	41535442001
10812	41535	33	111	88	1	41535027000
10813	41536	1	109	83	1	41536756000
10814	41536	26	110	87	1	41536513000
10815	41537	0	108	83	1	41537179001
10816	41537	2	110	83	1	41537092001
10817	41537	8	110	84	1	41537856000
10818	41537	19	109	86	1	41537441001
10819	41537	25	109	87	1	41537983000
10820	41538	6	108	84	1	41538072000
10821	41538	7	109	84	1	41538369001
10822	41538	13	109	85	1	41538846000
10823	41538	31	109	88	1	41538522001
10824	41538	32	110	88	1	41538119001
10825	41539	12	108	85	1	41539314000
10826	41540	0	108	83	1	41540316000
10827	41540	18	108	86	1	41540337001
10828	41540	19	109	86	1	41540612001
10829	41541	6	108	84	1	41541625001
10830	41541	25	109	87	1	41541285001
10831	41541	26	110	87	1	41541640001
10832	41542	12	108	85	1	41542348000
10833	41542	20	110	86	1	41542991001
10834	41542	24	108	87	1	41542166001
10835	41542	30	108	88	1	41542571001
10836	41542	31	109	88	1	41542268000
10837	41543	0	108	83	1	41543803000
10838	41543	18	108	86	1	41543511001
10839	41543	32	110	88	1	41543343000
10840	41545	12	108	85	1	41545148000
10841	41545	24	108	87	1	41545371001
10842	41546	18	108	86	1	41546543000
10843	41546	30	108	88	1	41546443001
10844	41556	6	108	84	1	41556728000
10845	41564	14	110	85	1	41564504000
10846	41569	30	108	88	1	41569108000
10847	41882	2	110	83	0	41882840001
10848	41882	3	111	83	0	41882782000
10849	41882	4	112	83	0	41882510001
10850	41882	5	113	83	0	41882212001
10851	41883	0	108	83	0	41883602001
10852	41883	1	109	83	0	41883215000
10853	41883	9	111	84	0	41883737001
10854	41883	10	112	84	0	41883471000
10855	41883	11	113	84	0	41883438000
10856	41884	2	110	83	0	41884889001
10857	41884	3	111	83	0	41884889001
10858	41884	4	112	83	0	41884654000
10859	41884	5	113	83	0	41884608000
10860	41884	6	108	84	0	41884570001
10861	41884	7	109	84	0	41884369000
10862	41884	8	110	84	0	41884085000
10863	41884	16	112	85	0	41884828000
10864	41884	17	113	85	0	41884630001
10865	41885	1	109	83	0	41885417001
10866	41885	9	111	84	0	41885955001
10867	41885	10	112	84	0	41885469001
10868	41885	11	113	84	0	41885597000
10869	41885	12	108	85	0	41885934000
10870	41885	13	109	85	0	41885588000
10871	41885	14	110	85	0	41885258001
10872	41885	15	111	85	0	41885171000
10873	41885	21	111	86	0	41885977000
10874	41885	22	112	86	0	41885845001
10875	41885	23	113	86	0	41885531000
10876	41886	0	108	83	0	41886199000
10877	41886	7	109	84	0	41886938001
10878	41886	8	110	84	0	41886551000
10879	41886	16	112	85	0	41886929001
10880	41886	18	108	86	0	41886797001
10881	41886	19	109	86	0	41886480000
10882	41886	20	110	86	0	41886404000
10883	41886	29	113	87	0	41886774001
10884	41887	4	112	83	0	41887493000
10885	41887	6	108	84	0	41887355000
10886	41887	14	110	85	0	41887340001
10887	41887	15	111	85	0	41887340001
10888	41887	17	113	85	0	41887397000
10889	41887	21	111	86	0	41887857001
10890	41887	22	112	86	0	41887721000
10891	41887	23	113	86	0	41887473000
10892	41887	26	110	87	0	41887648000
10893	41887	27	111	87	0	41887344000
10894	41887	28	112	87	0	41887047001
10895	41887	35	113	88	0	41887968001
10896	41888	12	108	85	0	41888369000
10897	41888	19	109	86	0	41888736001
10898	41888	24	108	87	0	41888003000
10899	41888	25	109	87	0	41888054001
10900	41888	29	113	87	0	41888902001
10901	41888	31	109	88	0	41888892000
10902	41888	32	110	88	0	41888969001
10903	41888	33	111	88	0	41888386000
10904	41888	34	112	88	0	41888191000
10905	41889	13	109	85	0	41889621000
10906	41889	18	108	86	0	41889041000
10907	41889	20	110	86	0	41889156000
10908	41889	27	111	87	0	41889490001
10909	41889	28	112	87	0	41889258000
10910	41889	30	108	88	0	41889080000
10911	41890	5	113	83	1	41890642000
10912	41890	23	113	86	0	41890612000
10913	41890	24	108	87	0	41890225001
10914	41890	25	109	87	0	41890810001
10915	41890	26	110	87	0	41890348001
10916	41890	33	111	88	0	41890097000
10917	41890	34	112	88	0	41890181000
10918	41890	35	113	88	0	41890163001
10919	41891	11	113	84	1	41891590001
10920	41891	30	108	88	0	41891077001
10921	41891	31	109	88	0	41891229001
10922	41891	32	110	88	0	41891865001
10923	41892	5	113	83	1	41892677000
10924	41892	17	113	85	1	41892086000
10925	41893	4	112	83	1	41893014001
10926	41893	10	112	84	1	41893401000
10927	41893	11	113	84	1	41893545001
10928	41893	23	113	86	1	41893151001
10929	41893	29	113	87	1	41893711001
10930	41894	3	111	83	1	41894965000
10931	41894	16	112	85	1	41894312000
10932	41894	17	113	85	1	41894379001
10933	41894	35	113	88	1	41894378001
10934	41895	4	112	83	1	41895108001
10935	41895	9	111	84	1	41895502001
10936	41895	10	112	84	1	41895472000
10937	41895	22	112	86	1	41895391001
10938	41895	23	113	86	1	41895621000
10939	41895	28	112	87	1	41895636001
10940	41895	29	113	87	1	41895803001
10941	41896	3	111	83	1	41896847001
10942	41896	15	111	85	1	41896354001
10943	41896	16	112	85	1	41896293000
10944	41896	34	112	88	1	41896687000
10945	41896	35	113	88	1	41896300001
10946	41897	2	110	83	1	41897052001
10947	41897	8	110	84	1	41897863001
10948	41897	9	111	84	1	41897455001
10949	41897	21	111	86	1	41897508001
10950	41897	22	112	86	1	41897287000
10951	41897	28	112	87	1	41897699001
10952	41898	1	109	83	1	41898618000
10953	41898	2	110	83	1	41898906001
10954	41898	14	110	85	1	41898541001
10955	41898	15	111	85	1	41898154000
10956	41898	27	111	87	1	41898048001
10957	41898	33	111	88	1	41898875001
10958	41898	34	112	88	1	41898352001
10959	41899	8	110	84	1	41899817000
10960	41899	20	110	86	1	41899348001
10961	41899	21	111	86	1	41899732000
10962	41899	26	110	87	1	41899863001
10963	41900	0	108	83	1	41900470000
10964	41900	1	109	83	1	41900783000
10965	41900	7	109	84	1	41900005000
10966	41900	13	109	85	1	41900884000
10967	41900	14	110	85	1	41900520000
10968	41900	27	111	87	1	41900077001
10969	41900	32	110	88	1	41900845001
10970	41900	33	111	88	1	41900752000
10971	41901	19	109	86	1	41901688000
10972	41901	20	110	86	1	41901328000
10973	41902	0	108	83	1	41902818001
10974	41902	6	108	84	1	41902313000
10975	41902	7	109	84	1	41902228001
10976	41902	12	108	85	1	41902661001
10977	41902	13	109	85	1	41902796001
10978	41902	25	109	87	1	41902953001
10979	41902	26	110	87	1	41902241001
10980	41902	32	110	88	1	41902919000
10981	41903	18	108	86	1	41903516001
10982	41903	19	109	86	1	41903867000
10983	41903	31	109	88	1	41903150001
10984	41904	6	108	84	1	41904782000
10985	41904	24	108	87	1	41904783001
10986	41905	12	108	85	1	41905103000
10987	41905	18	108	86	1	41905772000
10988	41905	25	109	87	1	41905149001
10989	41905	30	108	88	1	41905989000
10990	41905	31	109	88	1	41905356000
10991	41907	24	108	87	1	41907185000
10992	41908	30	108	88	1	41908217001
10993	41910	0	108	83	1	41910044000
10994	41910	18	108	86	1	41910375001
10995	42265	29	113	87	0	42265672001
10996	42265	35	113	88	0	42265754001
10997	42267	23	113	86	0	42267107001
10998	42277	35	113	88	1	42277287001
10999	42602	31	109	88	1	42602633000
11000	42604	30	108	88	0	42604780000
11001	42605	24	108	87	0	42605017001
11002	42635	5	113	83	0	42635935001
11003	42635	11	113	84	0	42635922001
11004	42635	17	113	85	0	42635871001
11005	42635	23	113	86	0	42635683000
11006	42635	29	113	87	0	42635906000
11007	42635	35	113	88	0	42635672000
11008	42636	10	112	84	0	42636916000
11009	42636	34	112	88	0	42636923001
11010	42637	4	112	83	0	42637280000
11011	42637	5	113	83	0	42637960000
11012	42637	16	112	85	0	42637127000
11013	42637	17	113	85	0	42637970001
11014	42637	22	112	86	0	42637177001
11015	42637	23	113	86	0	42637585001
11016	42637	28	112	87	0	42637012000
11017	42637	35	113	88	0	42637620000
11018	42638	3	111	83	0	42638603001
11019	42638	9	111	84	0	42638412001
11020	42638	10	112	84	0	42638927001
11021	42638	11	113	84	0	42638380000
11022	42638	15	111	85	0	42638744001
11023	42638	21	111	86	0	42638235001
11024	42638	27	111	87	0	42638576001
11025	42638	28	112	87	0	42638856000
11026	42638	29	113	87	0	42638166000
11027	42638	33	111	88	0	42638325001
11028	42638	34	112	88	0	42638787001
11029	42639	2	110	83	0	42639932001
11030	42639	4	112	83	0	42639612000
11031	42639	14	110	85	0	42639985001
11032	42639	16	112	85	0	42639219000
11033	42639	20	110	86	0	42639947000
11034	42639	22	112	86	0	42639090001
11035	42639	26	110	87	0	42639994001
11036	42639	33	111	88	0	42639965001
11037	42640	3	111	83	0	42640997000
11038	42640	8	110	84	0	42640099000
11039	42640	9	111	84	0	42640396001
11040	42640	15	111	85	0	42640992000
11041	42640	21	111	86	0	42640119000
11042	42640	27	111	87	0	42640670000
11043	42640	32	110	88	0	42640214000
11044	42641	1	109	83	0	42641511001
11045	42641	2	110	83	0	42641903000
11046	42641	7	109	84	0	42641427000
11047	42641	13	109	85	0	42641447000
11048	42641	19	109	86	0	42641289001
11049	42641	25	109	87	0	42641370001
11050	42641	31	109	88	0	42641325001
11051	42642	8	110	84	0	42642159000
11052	42642	11	113	84	0	42642683000
11053	42642	14	110	85	0	42642261000
11054	42642	18	108	86	0	42642969001
11055	42642	20	110	86	0	42642675000
11056	42642	26	110	87	0	42642844001
11057	42642	32	110	88	0	42642629000
11058	42643	0	108	83	0	42643351001
11059	42643	1	109	83	0	42643851000
11060	42643	6	108	84	0	42643297000
11061	42643	7	109	84	0	42643920001
11062	42643	12	108	85	0	42643218000
11063	42643	19	109	86	0	42643288000
11064	42643	24	108	87	0	42643039001
11065	42643	25	109	87	0	42643299000
11066	42643	30	108	88	0	42643081001
11067	42643	31	109	88	0	42643337001
11068	42644	13	109	85	0	42644063001
11069	42644	18	108	86	0	42644996000
11070	42645	0	108	83	0	42645617001
11071	42645	6	108	84	0	42645948000
11072	42645	12	108	85	0	42645647001
11073	42645	24	108	87	0	42645432000
11074	42645	30	108	88	0	42645134000
11075	42673	5	113	83	1	42673871000
11076	42674	4	112	83	1	42674760000
11077	42674	11	113	84	1	42674956001
11078	42675	3	111	83	1	42675870001
11079	42675	10	112	84	1	42675847000
11080	42676	2	110	83	1	42676684001
11081	42676	9	111	84	1	42676823000
11082	42676	17	113	85	1	42676003001
11083	42677	1	109	83	1	42677693000
11084	42677	4	112	83	1	42677748001
11085	42677	5	113	83	1	42677458001
11086	42677	8	110	84	1	42677518000
11087	42677	15	111	85	1	42677698000
11088	42677	16	112	85	1	42677007001
11089	42677	23	113	86	1	42677161000
11090	42678	0	108	83	1	42678631001
11091	42678	2	110	83	1	42678948000
11092	42678	7	109	84	1	42678681000
11093	42678	14	110	85	1	42678813000
11094	42678	21	111	86	1	42678770000
11095	42678	22	112	86	1	42678080001
11096	42678	29	113	87	1	42678119001
11097	42679	6	108	84	1	42679706001
11098	42679	8	110	84	1	42679264001
11099	42679	10	112	84	1	42679134000
11100	42679	11	113	84	1	42679453001
11101	42679	13	109	85	1	42679534001
11102	42679	15	111	85	1	42679259001
11103	42679	20	110	86	1	42679888000
11104	42679	27	111	87	1	42679883001
11105	42679	28	112	87	1	42679031001
11106	42679	34	112	88	1	42679661001
11107	42679	35	113	88	1	42679051001
11108	42680	12	108	85	1	42680534001
11109	42680	16	112	85	1	42680176001
11110	42680	19	109	86	1	42680652001
11111	42680	26	110	87	1	42680806000
11112	42680	33	111	88	1	42680741000
11113	42681	0	108	83	1	42681084000
11114	42681	13	109	85	1	42681648001
11115	42681	14	110	85	1	42681201001
11116	42681	18	108	86	1	42681718001
11117	42681	25	109	87	1	42681785000
11118	42681	28	112	87	1	42681427000
11119	42681	32	110	88	1	42681762000
11120	42681	34	112	88	1	42681093000
11121	42682	1	109	83	1	42682017001
11122	42682	3	111	83	1	42682598000
11123	42682	12	108	85	1	42682112001
11124	42682	22	112	86	1	42682963001
11125	42682	24	108	87	1	42682784000
11126	42682	27	111	87	1	42682278001
11127	42682	31	109	88	1	42682687001
11128	42682	33	111	88	1	42682531000
11129	42682	35	113	88	1	42682196000
11130	42683	18	108	86	1	42683738000
11131	42683	20	110	86	1	42683804001
11132	42683	21	111	86	1	42683971000
11133	42683	26	110	87	1	42683745001
11134	42683	30	108	88	1	42683801001
11135	42683	32	110	88	1	42683827001
11136	42684	19	109	86	1	42684204001
11137	42685	24	108	87	1	42685518001
11138	42685	25	109	87	1	42685779001
11139	42686	30	108	88	1	42686960000
11140	42686	31	109	88	1	42686325001
11141	42690	17	113	85	1	42690177000
11142	42711	9	111	84	1	42711077001
11143	42731	10	112	84	0	42731188001
11144	42734	22	112	86	0	42734427001
11145	42736	28	112	87	0	42736753000
11146	42831	24	108	87	0	42831724001
11147	42831	30	108	88	0	42831027000
11148	42832	18	108	86	0	42832601000
11149	42832	30	108	88	1	42832778000
11150	42832	31	109	88	0	42832132001
11151	42833	12	108	85	0	42833430000
11152	42833	19	109	86	0	42833460001
11153	42833	24	108	87	1	42833528001
11154	42833	25	109	87	1	42833162001
11155	42834	0	108	83	0	42834658000
11156	42834	6	108	84	0	42834266000
11157	42834	12	108	85	1	42834930000
11158	42834	13	109	85	0	42834324001
11159	42834	18	108	86	1	42834100000
11160	42835	1	109	83	0	42835473001
11161	42836	0	108	83	1	42836307000
11162	42908	0	108	83	0	42908512001
11163	42908	1	109	83	0	42908355000
11164	42908	2	110	83	0	42908431000
11165	42908	3	111	83	0	42908447001
11166	42908	4	112	83	0	42908596001
11167	42908	5	113	83	0	42908548001
11168	42909	6	108	84	0	42909493000
11169	42909	7	109	84	1	42909668001
11170	42909	8	110	84	0	42909419000
11171	42909	9	111	84	0	42909389000
11172	42909	10	112	84	0	42909368001
11173	42909	11	113	84	0	42909629001
11174	42910	0	108	83	0	42910793000
11175	42910	1	109	83	0	42910601000
11176	42910	2	110	83	0	42910500000
11177	42910	3	111	83	0	42910549001
11178	42910	4	112	83	0	42910796000
11179	42910	5	113	83	0	42910811001
11180	42910	12	108	85	0	42910592001
11181	42910	13	109	85	0	42910514000
11182	42910	14	110	85	0	42910446001
11183	42910	15	111	85	0	42910702001
11184	42910	16	112	85	0	42910506000
11185	42910	17	113	85	0	42910522000
11186	42911	6	108	84	0	42911880001
11187	42911	8	110	84	0	42911434000
11188	42911	9	111	84	0	42911384000
11189	42911	10	112	84	0	42911554001
11190	42911	11	113	84	0	42911880001
11191	42911	18	108	86	0	42911388001
11192	42911	19	109	86	0	42911311000
11193	42911	20	110	86	1	42911382001
11194	42911	21	111	86	0	42911214001
11195	42911	22	112	86	0	42911474000
11196	42911	23	113	86	0	42911420000
11197	42912	12	108	85	0	42912881000
11198	42912	13	109	85	0	42912908001
11199	42912	14	110	85	0	42912296000
11200	42912	16	112	85	0	42912472001
11201	42912	24	108	87	0	42912187001
11202	42912	25	109	87	0	42912579001
11203	42912	26	110	87	0	42912524000
11204	42912	27	111	87	0	42912378001
11205	42912	28	112	87	0	42912321000
11206	42912	29	113	87	0	42912475001
11207	42913	15	111	85	0	42913255000
11208	42913	17	113	85	0	42913883000
11209	42913	18	108	86	0	42913387000
11210	42913	19	109	86	0	42913400001
11211	42913	20	110	86	1	42913958001
11212	42913	21	111	86	0	42913250000
11213	42913	22	112	86	0	42913758001
11214	42913	23	113	86	0	42913636001
11215	42913	30	108	88	1	42913236000
11216	42913	31	109	88	0	42913088001
11217	42913	32	110	88	0	42913493001
11218	42913	33	111	88	0	42913171000
11219	42913	34	112	88	0	42913249001
11220	42913	35	113	88	0	42913303000
11221	42914	24	108	87	0	42914287001
11222	42914	27	111	87	0	42914352001
11223	42914	28	112	87	0	42914076001
11224	42914	29	113	87	0	42914803000
11225	42915	25	109	87	0	42915176001
11226	42915	26	110	87	0	42915939001
11227	42915	30	108	88	0	42915254000
11228	42915	31	109	88	0	42915203000
11229	42915	32	110	88	0	42915667000
11230	42915	33	111	88	0	42915171001
11231	42915	34	112	88	0	42915052001
11232	42915	35	113	88	0	42915248000
11233	42916	7	109	84	0	42916717000
11234	42921	34	112	88	0	42921247001
11235	42922	28	112	87	0	42922999000
11236	42924	5	113	83	1	42924855001
11237	42925	0	108	83	1	42925281000
11238	42925	1	109	83	1	42925306000
11239	42925	2	110	83	1	42925265001
11240	42925	3	111	83	1	42925168000
11241	42925	4	112	83	1	42925026001
11242	42925	8	110	84	1	42925988001
11243	42925	9	111	84	1	42925951000
11244	42925	10	112	84	1	42925846000
11245	42925	11	113	84	1	42925831001
11246	42926	6	108	84	1	42926326001
11247	42926	7	109	84	1	42926136000
11248	42926	14	110	85	1	42926816001
11249	42926	15	111	85	1	42926769000
11250	42926	16	112	85	1	42926816001
11251	42926	17	113	85	1	42926523001
11252	42927	12	108	85	1	42927231000
11253	42927	13	109	85	1	42927082000
11254	42927	18	108	86	1	42927987001
11255	42927	20	110	86	1	42927714001
11256	42927	21	111	86	1	42927679000
11257	42927	22	112	86	1	42927726000
11258	42927	23	113	86	1	42927437000
11259	42928	19	109	86	1	42928046001
11260	42928	24	108	87	1	42928972001
11261	42928	25	109	87	1	42928839001
11262	42928	26	110	87	1	42928582000
11263	42928	27	111	87	1	42928510001
11264	42928	28	112	87	1	42928277001
11265	42928	29	113	87	1	42928271001
11266	42929	30	108	88	1	42929706001
11267	42929	31	109	88	1	42929616001
11268	42929	32	110	88	1	42929544000
11269	42929	33	111	88	1	42929364000
11270	42929	34	112	88	1	42929155001
11271	42929	35	113	88	1	42929216001
11272	43057	0	108	83	0	43057406000
11273	43057	6	108	84	0	43057437000
11274	43057	12	108	85	0	43057812000
11275	43057	18	108	86	0	43057900001
11276	43058	1	109	83	0	43058412000
11277	43058	7	109	84	0	43058661001
11278	43058	13	109	85	0	43058998001
11279	43058	24	108	87	0	43058248000
11280	43058	30	108	88	0	43058275001
11281	43059	0	108	83	0	43059960001
11282	43059	2	110	83	0	43059827000
11283	43059	19	109	86	0	43059046001
11284	43059	25	109	87	0	43059706000
11285	43059	31	109	88	0	43059523000
11286	43060	1	109	83	0	43060785001
11287	43060	6	108	84	0	43060079001
11288	43060	8	110	84	0	43060014001
11289	43060	12	108	85	0	43060080000
11290	43060	14	110	85	0	43060219001
11291	43060	18	108	86	0	43060038000
11292	43060	20	110	86	0	43060429000
11293	43060	24	108	87	0	43060183001
11294	43060	26	110	87	0	43060736000
11295	43060	30	108	88	0	43060415000
11296	43061	2	110	83	0	43061975001
11297	43061	3	111	83	0	43061115001
11298	43061	7	109	84	0	43061130000
11299	43061	9	111	84	0	43061173001
11300	43061	13	109	85	0	43061421001
11301	43061	15	111	85	0	43061777000
11302	43061	19	109	86	0	43061433001
11303	43061	21	111	86	0	43061612001
11304	43061	27	111	87	0	43061956001
11305	43061	31	109	88	0	43061694001
11306	43061	32	110	88	0	43061150000
11307	43062	4	112	83	0	43062285001
11308	43062	8	110	84	0	43062259000
11309	43062	10	112	84	0	43062188000
11310	43062	14	110	85	0	43062345001
11311	43062	16	112	85	0	43062793000
11312	43062	20	110	86	0	43062680000
11313	43062	22	112	86	0	43062715000
11314	43062	25	109	87	0	43062247000
11315	43062	28	112	87	0	43062949001
11316	43062	33	111	88	0	43062099001
11317	43063	3	111	83	0	43063319000
11318	43063	5	113	83	0	43063828001
11319	43063	9	111	84	0	43063215000
11320	43063	11	113	84	0	43063848000
11321	43063	21	111	86	0	43063766001
11322	43063	26	110	87	0	43063129001
11323	43063	32	110	88	0	43063630001
11324	43063	34	112	88	0	43063304001
11325	43064	4	112	83	0	43064388001
11326	43064	10	112	84	0	43064546000
11327	43064	15	111	85	0	43064135000
11328	43064	17	113	85	0	43064111000
11329	43064	22	112	86	0	43064773001
11330	43064	23	113	86	0	43064032000
11331	43064	27	111	87	0	43064161000
11332	43064	29	113	87	1	43064093000
11333	43064	33	111	88	0	43064119000
11334	43064	35	113	88	0	43064596001
11335	43065	11	113	84	0	43065860001
11336	43065	16	112	85	0	43065101000
11337	43065	28	112	87	0	43065122001
11338	43065	29	113	87	0	43065945000
11339	43065	34	112	88	0	43065176001
11340	43066	17	113	85	0	43066515001
11341	43066	23	113	86	0	43066108000
11342	43066	24	108	87	0	43066256001
11343	43066	35	113	88	0	43066529001
11344	43067	5	113	83	0	43067018000
11345	43067	30	108	88	0	43067612000
11346	43068	34	112	88	0	43068350001
11347	43069	31	109	88	0	43069766001
11348	43071	0	108	83	1	43071599000
11349	43072	1	109	83	1	43072166001
11350	43072	2	110	83	1	43072846000
11351	43072	6	108	84	1	43072859001
11352	43073	3	111	83	1	43073527000
11353	43073	7	109	84	1	43073428000
11354	43073	29	113	87	0	43073638001
11355	43074	4	112	83	1	43074089001
11356	43074	5	113	83	1	43074624000
11357	43074	8	110	84	1	43074076000
11358	43074	9	111	84	1	43074913001
11359	43074	12	108	85	1	43074117001
11360	43074	13	109	85	1	43074800001
11361	43075	10	112	84	1	43075414001
11362	43075	14	110	85	1	43075317000
11363	43075	18	108	86	1	43075339000
11364	43075	19	109	86	1	43075961000
11365	43075	35	113	88	0	43075280000
11366	43076	11	113	84	1	43076225001
11367	43076	15	111	85	1	43076059001
11368	43076	16	112	85	1	43076827001
11369	43076	20	110	86	1	43076668000
11370	43076	24	108	87	1	43076426000
11371	43077	17	113	85	1	43077270000
11372	43077	21	111	86	1	43077150001
11373	43077	22	112	86	1	43077979000
11374	43077	25	109	87	1	43077411000
11375	43077	26	110	87	1	43077800001
11376	43077	30	108	88	1	43077681000
11377	43078	5	113	83	1	43078546001
11378	43078	23	113	86	1	43078726001
11379	43078	27	111	87	1	43078530001
11380	43078	31	109	88	1	43078351000
11381	43079	15	111	85	1	43079245000
11382	43079	28	112	87	1	43079177001
11383	43079	29	113	87	1	43079834000
11384	43079	32	110	88	1	43079053001
11385	43079	33	111	88	1	43079579001
11386	43080	34	112	88	1	43080268001
11387	43081	19	109	86	1	43081451001
11388	43081	35	113	88	1	43081047000
11389	43085	33	111	88	1	43085578000
11390	43086	34	112	88	1	43086904000
11391	43456	30	108	88	0	43456333001
11392	43457	24	108	87	0	43457728001
11393	43458	30	108	88	0	43458505001
11394	43459	18	108	86	0	43459794001
11395	43460	24	108	87	0	43460270001
11396	43460	31	109	88	0	43460158000
11397	43461	12	108	85	0	43461873000
11398	43461	30	108	88	0	43461522001
11399	43462	18	108	86	0	43462244000
11400	43462	31	109	88	0	43462570000
11401	43463	6	108	84	0	43463961000
11402	43463	25	109	87	0	43463723001
11403	43464	12	108	85	0	43464763000
11404	43464	19	109	86	0	43464354000
11405	43464	24	108	87	0	43464830000
11406	43465	30	108	88	0	43465815000
11407	43465	31	109	88	0	43465932001
11408	43466	32	110	88	0	43466628000
11409	43467	6	108	84	0	43467710001
11410	43467	19	109	86	0	43467987001
11411	43467	25	109	87	0	43467549000
11412	43468	0	108	83	0	43468010000
11413	43468	18	108	86	0	43468053000
11414	43470	26	110	87	0	43470487000
11415	43471	12	108	85	0	43471140000
11416	43471	13	109	85	0	43471030000
11417	43472	32	110	88	0	43472472001
11418	43474	24	108	87	0	43474570000
11419	43478	6	108	84	1	43478061001
11420	43479	32	110	88	1	43479358000
11421	43480	12	108	85	1	43480787000
11422	43480	19	109	86	1	43480469000
11423	43480	25	109	87	1	43480709000
11424	43481	18	108	86	1	43481991001
11425	43482	31	109	88	1	43482831000
11426	43483	12	108	85	1	43483886000
11427	43484	18	108	86	1	43484872001
11428	43484	24	108	87	1	43484330000
11429	43485	25	109	87	1	43485695000
11430	43485	30	108	88	1	43485602000
11431	43486	31	109	88	1	43486188000
11432	43487	24	108	87	1	43487754001
11433	43489	30	108	88	1	43489258000
11434	43492	6	108	84	1	43492290000
11435	43492	30	108	88	1	43492476001
11436	43497	18	108	86	1	43497746000
11437	43498	24	108	87	1	43498366000
11438	43565	10	112	84	0	43565609001
11439	43844	30	108	88	0	43844870000
11440	43914	24	108	87	0	43914419001
11441	43918	18	108	86	0	43918133000
11442	43918	19	109	86	0	43918723000
11443	43919	31	109	88	0	43919608001
11444	43919	33	111	88	0	43919369001
11445	43921	22	112	86	0	43921997000
11446	43921	28	112	87	1	43921365001
11447	43922	14	110	85	0	43922513001
11448	43922	34	112	88	0	43922586001
11449	43924	10	112	84	0	43924805000
11450	43925	9	111	84	0	43925803001
11451	43925	16	112	85	0	43925453000
11452	43925	29	113	87	0	43925035001
11453	43928	4	112	83	0	43928716001
11454	43928	23	113	86	0	43928684000
11455	43930	5	113	83	0	43930611000
11456	44071	4	112	83	0	44071533001
11457	44071	5	113	83	0	44071130001
11458	44072	2	110	83	0	44072904001
11459	44072	3	111	83	0	44072277000
11460	44073	4	112	83	0	44073812001
11461	44074	1	109	83	0	44074123000
11462	44074	3	111	83	0	44074985000
11463	44074	5	113	83	0	44074512000
11464	44074	11	113	84	0	44074772001
11465	44075	0	108	83	0	44075269000
11466	44075	2	110	83	0	44075150001
11467	44075	10	112	84	0	44075401000
11468	44076	1	109	83	0	44076561000
11469	44076	4	112	83	0	44076538000
11470	44076	5	113	83	0	44076982001
11471	44076	9	111	84	0	44076244001
11472	44077	0	108	83	0	44077896001
11473	44077	2	110	83	0	44077629001
11474	44077	8	110	84	0	44077211000
11475	44077	10	112	84	0	44077974000
11476	44077	11	113	84	0	44077346000
11477	44078	3	111	83	0	44078329001
11478	44078	7	109	84	0	44078152001
11479	44078	9	111	84	0	44078754001
11480	44078	17	113	85	0	44078402000
11481	44079	6	108	84	0	44079053001
11482	44079	8	110	84	0	44079650001
11483	44079	16	112	85	0	44079321000
11484	44080	1	109	83	0	44080592001
11485	44080	2	110	83	0	44080241001
11486	44080	11	113	84	0	44080568000
11487	44080	15	111	85	0	44080053000
11488	44081	0	108	83	0	44081587000
11489	44081	4	112	83	0	44081369001
11490	44081	6	108	84	0	44081949001
11491	44081	7	109	84	0	44081303000
11492	44081	9	111	84	0	44081333001
11493	44081	10	112	84	0	44081021000
11494	44081	13	109	85	0	44081620001
11495	44081	14	110	85	0	44081175001
11496	44081	16	112	85	0	44081775001
11497	44081	17	113	85	0	44081256001
11498	44081	23	113	86	0	44081264000
11499	44082	8	110	84	0	44082925001
11500	44082	12	108	85	0	44082562001
11501	44082	15	111	85	0	44082854000
11502	44082	21	111	86	0	44082430001
11503	44082	22	112	86	0	44082041001
11504	44083	14	110	85	0	44083572001
11505	44083	20	110	86	0	44083468001
11506	44083	23	113	86	0	44083711001
11507	44084	5	113	83	1	44084119001
11508	44084	7	109	84	0	44084394001
11509	44084	9	111	84	0	44084860000
11510	44084	11	113	84	1	44084772001
11511	44084	12	108	85	0	44084957001
11512	44084	13	109	85	0	44084721001
11513	44084	19	109	86	0	44084409001
11514	44084	21	111	86	0	44084919000
11515	44084	22	112	86	0	44084274001
11516	44084	28	112	87	0	44084728000
11517	44084	29	113	87	0	44084041000
11518	44085	4	112	83	1	44085648000
11519	44085	6	108	84	0	44085511001
11520	44085	10	112	84	1	44085631000
11521	44085	17	113	85	1	44085196001
11522	44085	18	108	86	0	44085447001
11523	44085	27	111	87	0	44085490000
11524	44086	3	111	83	1	44086790001
11525	44086	5	113	83	1	44086763000
11526	44086	14	110	85	0	44086496001
11527	44086	15	111	85	0	44086032001
11528	44086	16	112	85	1	44086909000
11529	44086	20	110	86	0	44086287000
11530	44086	23	113	86	1	44086065000
11531	44086	26	110	87	0	44086437001
11532	44086	29	113	87	1	44086504000
11533	44087	9	111	84	1	44087011000
11534	44087	12	108	85	0	44087373000
11535	44087	15	111	85	1	44087750000
11536	44087	19	109	86	0	44087289000
11537	44087	22	112	86	1	44087263000
11538	44087	24	108	87	0	44087960001
11539	44087	25	109	87	0	44087274001
11540	44087	28	112	87	1	44087844000
11541	44087	33	111	88	0	44087860000
11542	44087	34	112	88	0	44087383001
11543	44088	1	109	83	1	44088999001
11544	44088	2	110	83	1	44088399001
11545	44088	8	110	84	1	44088472001
11546	44088	10	112	84	1	44088956001
11547	44088	14	110	85	1	44088747000
11548	44088	18	108	86	0	44088296000
11549	44088	21	111	86	1	44088116000
11550	44088	27	111	87	1	44088911001
11551	44088	32	110	88	0	44088941000
11552	44089	3	111	83	1	44089924001
11553	44089	7	109	84	1	44089429001
11554	44089	9	111	84	1	44089406001
11555	44089	20	110	86	1	44089588000
11556	44089	31	109	88	0	44089431000
11557	44089	33	111	88	1	44089738000
11558	44090	0	108	83	1	44090713001
11559	44090	1	109	83	1	44090773000
11560	44090	6	108	84	1	44090933000
11561	44090	13	109	85	1	44090249000
11562	44090	19	109	86	1	44090650001
11563	44090	24	108	87	0	44090314000
11564	44090	26	110	87	1	44090382000
11565	44090	30	108	88	0	44090296001
11566	44090	32	110	88	1	44090855000
11567	44091	8	110	84	1	44091362001
11568	44091	12	108	85	1	44091449000
11569	44091	14	110	85	1	44091270001
11570	44091	25	109	87	1	44091633001
11571	44091	31	109	88	1	44091814000
11572	44092	0	108	83	1	44092617000
11573	44092	7	109	84	1	44092163000
11574	44092	18	108	86	1	44092023000
11575	44092	24	108	87	1	44092679000
11576	44093	12	108	85	1	44093977001
11577	44093	30	108	88	1	44093143000
11578	44094	2	110	83	1	44094090001
11579	44094	6	108	84	1	44094437000
11580	44106	4	112	83	1	44106197001
11581	44556	24	108	87	0	44556893001
11582	44557	30	108	88	0	44557238000
11583	44559	18	108	86	0	44559763001
11584	44563	19	109	86	0	44563087001
11585	44563	31	109	88	0	44563282001
11586	44567	14	110	85	0	44567763000
11587	44567	20	110	86	0	44567574001
11588	44568	8	110	84	0	44568615001
11589	44570	9	111	84	0	44570725001
11590	44571	2	110	83	0	44571665001
11591	44571	10	112	84	0	44571703000
11592	44572	16	112	85	0	44572124001
11593	44572	22	112	86	0	44572711000
11594	44573	4	112	83	0	44573637000
11595	44573	28	112	87	0	44573260000
11596	44573	34	112	88	0	44573335000
11597	44575	5	113	83	0	44575879001
11598	44575	11	113	84	0	44575422001
11599	44575	23	113	86	0	44575275000
11600	44577	29	113	87	0	44577587001
11601	44618	6	108	84	0	44618900001
11602	44618	12	108	85	0	44618965001
11603	44618	24	108	87	0	44618903001
11604	44618	30	108	88	0	44618876000
11605	44619	0	108	83	0	44619110000
11606	44619	1	109	83	0	44619924000
11607	44619	7	109	84	0	44619974000
11608	44619	18	108	86	0	44619080001
11609	44619	25	109	87	0	44619983000
11610	44619	31	109	88	0	44619754001
11611	44620	13	109	85	0	44620021001
11612	44620	19	109	86	0	44620050000
11613	44620	24	108	87	0	44620814001
11614	44621	2	110	83	0	44621245001
11615	44621	6	108	84	0	44621640000
11616	44621	8	110	84	0	44621255000
11617	44621	12	108	85	0	44621032000
11618	44621	14	110	85	0	44621280000
11619	44621	18	108	86	0	44621174001
11620	44621	20	110	86	0	44621250001
11621	44621	21	111	86	0	44621967000
11622	44621	26	110	87	0	44621058000
11623	44621	30	108	88	0	44621042001
11624	44621	31	109	88	0	44621793001
11625	44621	32	110	88	0	44621079001
11626	44621	33	111	88	0	44621899000
11627	44622	1	109	83	0	44622437000
11628	44622	3	111	83	0	44622215000
11629	44622	7	109	84	0	44622566000
11630	44622	9	111	84	0	44622374001
11631	44622	13	109	85	0	44622394000
11632	44622	15	111	85	0	44622321000
11633	44622	19	109	86	0	44622175000
11634	44622	25	109	87	0	44622476000
11635	44622	27	111	87	0	44622076000
11636	44623	0	108	83	0	44623275000
11637	44623	4	112	83	0	44623560000
11638	44623	10	112	84	0	44623382000
11639	44623	16	112	85	0	44623421001
11640	44623	22	112	86	0	44623264000
11641	44623	28	112	87	0	44623150001
11642	44623	32	110	88	0	44623711000
11643	44623	33	111	88	0	44623839001
11644	44623	34	112	88	0	44623079000
11645	44624	2	110	83	0	44624957001
11646	44624	3	111	83	0	44624477000
11647	44624	5	113	83	0	44624686000
11648	44624	8	110	84	0	44624761000
11649	44624	9	111	84	0	44624798000
11650	44624	11	113	84	0	44624701001
11651	44624	14	110	85	0	44624817000
11652	44624	15	111	85	0	44624929001
11653	44624	17	113	85	0	44624407000
11654	44624	21	111	86	0	44624189001
11655	44624	23	113	86	0	44624270001
11656	44624	27	111	87	0	44624574001
11657	44624	29	113	87	0	44624223001
11658	44624	34	112	88	0	44624955000
11659	44624	35	113	88	0	44624122000
11660	44625	10	112	84	0	44625919001
11661	44625	16	112	85	0	44625612001
11662	44625	20	110	86	0	44625139000
11663	44625	22	112	86	0	44625436001
11664	44625	26	110	87	0	44625804001
11665	44625	28	112	87	0	44625264001
11666	44625	29	113	87	0	44625945001
11667	44626	4	112	83	0	44626551000
11668	44626	23	113	86	0	44626132000
11669	44626	35	113	88	0	44626134001
11670	44627	11	113	84	0	44627791001
11671	44627	17	113	85	0	44627256001
11672	44628	6	108	84	0	44628087001
11673	44631	5	113	83	0	44631314001
11674	44631	30	108	88	1	44631202001
11675	44631	31	109	88	1	44631913000
11676	44632	24	108	87	1	44632983001
11677	44632	32	110	88	1	44632700000
11678	44633	18	108	86	1	44633765001
11679	44633	25	109	87	1	44633559000
11680	44633	26	110	87	1	44633927000
11681	44633	30	108	88	1	44633128000
11682	44633	33	111	88	1	44633247000
11683	44633	34	112	88	1	44633691000
11684	44634	19	109	86	1	44634402001
11685	44634	27	111	87	1	44634579001
11686	44634	28	112	87	1	44634788001
11687	44634	31	109	88	1	44634235001
11688	44634	33	111	88	1	44634994000
11689	44634	35	113	88	1	44634661001
11690	44635	12	108	85	1	44635463001
11691	44635	18	108	86	1	44635405000
11692	44635	20	110	86	1	44635031000
11693	44635	29	113	87	1	44635733001
11694	44635	32	110	88	1	44635317001
11695	44635	34	112	88	1	44635217000
11696	44636	6	108	84	1	44636679001
11697	44636	13	109	85	1	44636223001
11698	44636	14	110	85	1	44636305000
11699	44636	19	109	86	1	44636395000
11700	44636	20	110	86	1	44636935001
11701	44636	21	111	86	1	44636063000
11702	44636	22	112	86	1	44636427000
11703	44636	23	113	86	1	44636858001
11704	44636	26	110	87	1	44636448001
11705	44636	27	111	87	1	44636236001
11706	44636	28	112	87	1	44636400001
11707	44637	7	109	84	1	44637848000
11708	44637	8	110	84	1	44637958000
11709	44637	12	108	85	1	44637142000
11710	44637	14	110	85	1	44637945001
11711	44637	15	111	85	1	44637142000
11712	44637	29	113	87	1	44637611000
11713	44637	35	113	88	1	44637030001
11714	44638	0	108	83	1	44638266001
11715	44638	1	109	83	1	44638850000
11716	44638	2	110	83	1	44638952001
11717	44638	6	108	84	1	44638687000
11718	44638	9	111	84	1	44638715000
11719	44638	10	112	84	1	44638865001
11720	44638	13	109	85	1	44638660001
11721	44638	15	111	85	1	44638686000
11722	44638	16	112	85	1	44638181001
11723	44638	17	113	85	1	44638027001
11724	44638	21	111	86	1	44638518000
11725	44638	22	112	86	1	44638205000
11726	44638	23	113	86	1	44638792001
11727	44639	8	110	84	1	44639788001
11728	44639	17	113	85	1	44639878001
11729	44640	0	108	83	1	44640106001
11730	44640	1	109	83	1	44640701000
11731	44640	2	110	83	1	44640755000
11732	44640	3	111	83	1	44640247001
11733	44640	4	112	83	1	44640310000
11734	44640	9	111	84	1	44640575000
11735	44640	10	112	84	1	44640823000
11736	44640	11	113	84	1	44640127000
11737	44640	16	112	85	1	44640333000
11738	44640	25	109	87	1	44640512001
11739	44641	5	113	83	1	44641155000
11740	44642	3	111	83	1	44642197001
11741	44642	4	112	83	1	44642218000
11742	44642	5	113	83	1	44642933000
11743	44642	11	113	84	1	44642210000
11744	44765	4	112	83	0	44765986000
11745	44765	5	113	83	0	44765054000
11746	44766	10	112	84	0	44766698000
11747	44766	11	113	84	0	44766624000
11748	44767	3	111	83	0	44767547001
11749	44767	5	113	83	0	44767145000
11750	44767	9	111	84	0	44767196000
11751	44768	4	112	83	0	44768185001
11752	44768	16	112	85	0	44768410001
11753	44768	17	113	85	0	44768383000
11754	44769	3	111	83	0	44769577000
11755	44769	8	110	84	0	44769078001
11756	44769	9	111	84	0	44769329000
11757	44769	10	112	84	0	44769302001
11758	44769	11	113	84	0	44769436000
11759	44769	14	110	85	0	44769377000
11760	44769	15	111	85	0	44769116001
11761	44769	23	113	86	0	44769660001
11762	44770	2	110	83	0	44770236000
11763	44770	13	109	85	0	44770144001
11764	44770	16	112	85	0	44770789001
11765	44770	19	109	86	0	44770691000
11766	44770	20	110	86	0	44770691000
11767	44770	21	111	86	0	44770308000
11768	44770	22	112	86	0	44770188000
11769	44771	7	109	84	0	44771904000
11770	44771	8	110	84	0	44771349001
11771	44771	14	110	85	0	44771937001
11772	44771	15	111	85	0	44771701000
11773	44771	17	113	85	0	44771104001
11774	44771	18	108	86	0	44771580000
11775	44771	28	112	87	0	44771746000
11776	44771	29	113	87	0	44771318001
11777	44772	1	109	83	0	44772943000
11778	44772	2	110	83	0	44772425000
11779	44772	3	111	83	0	44772060001
11780	44772	12	108	85	0	44772266001
11781	44772	13	109	85	0	44772535000
11782	44772	21	111	86	0	44772450000
11783	44772	22	112	86	0	44772705001
11784	44772	23	113	86	0	44772070000
11785	44772	25	109	87	0	44772636000
11786	44772	26	110	87	0	44772413000
11787	44772	27	111	87	0	44772123001
11788	44773	18	108	86	0	44773545000
11789	44773	19	109	86	0	44773217001
11790	44773	20	110	86	0	44773034001
11791	44773	24	108	87	0	44773155001
11792	44773	28	112	87	0	44773749001
11793	44773	29	113	87	0	44773448001
11794	44773	31	109	88	0	44773759000
11795	44773	33	111	88	0	44773519000
11796	44773	34	112	88	0	44773223001
11797	44773	35	113	88	0	44773020001
11798	44774	1	109	83	0	44774943001
11799	44774	2	110	83	0	44774719000
11800	44774	6	108	84	0	44774214001
11801	44774	7	109	84	0	44774788001
11802	44774	12	108	85	0	44774767000
11803	44774	26	110	87	0	44774735000
11804	44774	27	111	87	0	44774636001
11805	44774	30	108	88	0	44774140001
11806	44774	32	110	88	0	44774109001
11807	44774	34	112	88	0	44774984001
11808	44775	24	108	87	0	44775857001
11809	44775	25	109	87	0	44775025000
11810	44775	33	111	88	0	44775634001
11811	44775	35	113	88	0	44775068000
11812	44776	0	108	83	0	44776460000
11813	44776	6	108	84	0	44776701001
11814	44776	16	112	85	0	44776791001
11815	44776	29	113	87	0	44776188000
11816	44776	30	108	88	0	44776681001
11817	44776	31	109	88	0	44776076001
11818	44776	32	110	88	0	44776628001
11819	44777	13	109	85	0	44777507000
11820	44777	22	112	86	0	44777185001
11821	44778	1	109	83	0	44778192000
11822	44778	8	110	84	0	44778217000
11823	44778	12	108	85	0	44778473000
11824	44779	0	108	83	0	44779102001
11825	44780	31	109	88	0	44780436001
11826	44780	34	112	88	0	44780057000
11827	44785	35	113	88	0	44785602000
11828	44786	26	110	87	0	44786753000
11829	44788	21	111	86	0	44788063001
11830	44790	4	112	83	0	44790165001
11831	44794	5	113	83	1	44794752001
11832	44795	4	112	83	1	44795755000
11833	44795	11	113	84	1	44795040000
11834	44795	17	113	85	1	44795186001
11835	44795	23	113	86	1	44795672001
11836	44795	29	113	87	1	44795723001
11837	44796	3	111	83	1	44796646001
11838	44796	9	111	84	1	44796921000
11839	44796	10	112	84	1	44796018001
11840	44796	15	111	85	1	44796985000
11841	44796	16	112	85	1	44796223000
11842	44796	22	112	86	1	44796511001
11843	44796	28	112	87	1	44796851001
11844	44796	34	112	88	1	44796887000
11845	44796	35	113	88	1	44796249001
11846	44797	2	110	83	1	44797632000
11847	44797	8	110	84	1	44797619000
11848	44797	21	111	86	1	44797278000
11849	44797	27	111	87	1	44797689000
11850	44797	33	111	88	1	44797978001
11851	44798	1	109	83	1	44798419001
11852	44798	7	109	84	1	44798640000
11853	44798	13	109	85	1	44798918001
11854	44798	14	110	85	1	44798218000
11855	44798	15	111	85	1	44798893000
11856	44798	20	110	86	1	44798535001
11857	44798	26	110	87	1	44798574001
11858	44798	32	110	88	1	44798813001
11859	44798	34	112	88	1	44798961000
11860	44799	0	108	83	1	44799304000
11861	44799	6	108	84	1	44799901000
11862	44799	12	108	85	1	44799963000
11863	44799	19	109	86	1	44799232001
11864	44799	25	109	87	1	44799703001
11865	44799	31	109	88	1	44799736001
11866	44800	18	108	86	1	44800414001
11867	44800	24	108	87	1	44800921001
11868	44800	30	108	88	1	44800982000
11869	44801	0	108	83	1	44801471000
11870	44801	8	110	84	1	44801829000
11871	44802	12	108	85	1	44802332000
11872	44802	32	110	88	1	44802548001
11873	44805	16	112	85	1	44805590001
11874	44810	18	108	86	1	44810866000
11875	44816	22	112	86	1	44816515001
11876	44824	28	112	87	1	44824990000
11877	45060	35	113	88	0	45060561000
11878	45061	23	113	86	0	45061623000
11879	45061	29	113	87	0	45061273000
11880	45061	34	112	88	0	45061914001
11881	45062	11	113	84	0	45062913001
11882	45062	17	113	85	0	45062570001
11883	45062	28	112	87	0	45062325001
11884	45062	35	113	88	0	45062768000
11885	45063	5	113	83	0	45063772000
11886	45063	16	112	85	0	45063740001
11887	45063	22	112	86	0	45063187000
11888	45063	23	113	86	0	45063709001
11889	45063	29	113	87	0	45063140000
11890	45063	33	111	88	0	45063207000
11891	45063	34	112	88	0	45063733000
11892	45064	10	112	84	0	45064231000
11893	45064	21	111	86	0	45064567001
11894	45064	27	111	87	0	45064136000
11895	45064	28	112	87	0	45064582001
11896	45064	33	111	88	0	45064947001
11897	45065	4	112	83	0	45065395001
11898	45065	9	111	84	0	45065778001
11899	45065	11	113	84	1	45065320000
11900	45065	15	111	85	0	45065380000
11901	45065	16	112	85	0	45065770001
11902	45065	17	113	85	1	45065682001
11903	45065	22	112	86	0	45065092000
11904	45065	26	110	87	0	45065549000
11905	45065	32	110	88	0	45065034000
11906	45066	10	112	84	1	45066489000
11907	45066	14	110	85	0	45066728000
11908	45066	20	110	86	0	45066202000
11909	45066	21	111	86	0	45066879000
11910	45066	23	113	86	1	45066044000
11911	45066	27	111	87	0	45066649000
11912	45066	29	113	87	1	45066896000
11913	45066	31	109	88	0	45066087001
11914	45067	8	110	84	0	45067489001
11915	45067	9	111	84	1	45067723001
11916	45067	15	111	85	1	45067921000
11917	45067	16	112	85	1	45067432001
11918	45067	19	109	86	0	45067215000
11919	45067	22	112	86	1	45067404001
11920	45067	24	108	87	0	45067812001
11921	45067	25	109	87	0	45067037000
11922	45067	28	112	87	1	45067920001
11923	45067	30	108	88	0	45067354001
11924	45067	32	110	88	0	45067188001
11925	45067	35	113	88	1	45067548001
11926	45068	13	109	85	0	45068441000
11927	45068	18	108	86	0	45068835000
11928	45068	21	111	86	1	45068681000
11929	45068	31	109	88	0	45068113001
11930	45068	34	112	88	1	45068549000
11931	45069	7	109	84	0	45069264000
11932	45069	8	110	84	1	45069706001
11933	45069	12	108	85	0	45069656001
11934	45069	14	110	85	1	45069197001
11935	45069	19	109	86	0	45069510001
11936	45069	20	110	86	1	45069663000
11937	45069	24	108	87	0	45069665001
11938	45069	27	111	87	1	45069035000
11939	45069	30	108	88	0	45069587000
11940	45069	33	111	88	1	45069477000
11941	45070	6	108	84	0	45070701000
11942	45070	13	109	85	1	45070507000
11943	45070	26	110	87	1	45070338000
11944	45070	32	110	88	1	45070588001
11945	45071	12	108	85	1	45071840001
11946	45071	19	109	86	1	45071473000
11947	45071	25	109	87	1	45071431000
11948	45071	31	109	88	1	45071677001
11949	45071	33	111	88	1	45071652000
11950	45071	34	112	88	1	45071436000
11951	45072	18	108	86	1	45072301001
11952	45072	24	108	87	1	45072513001
11953	45072	28	112	87	1	45072792000
11954	45073	30	108	88	1	45073007000
11955	45073	32	110	88	1	45073302000
11956	45077	31	109	88	1	45077245000
11957	45079	30	108	88	1	45079312001
11958	45116	27	111	87	1	45116810001
11959	45226	30	108	88	0	45226759001
11960	45228	18	108	86	0	45228893000
11961	45228	24	108	87	0	45228296000
11962	45228	30	108	88	0	45228842000
11963	45228	31	109	88	0	45228572000
11964	45229	12	108	85	0	45229443001
11965	45230	6	108	84	0	45230196000
11966	45230	19	109	86	0	45230409001
11967	45230	24	108	87	0	45230711000
11968	45230	25	109	87	1	45230703000
11969	45230	31	109	88	0	45230528000
11970	45231	0	108	83	0	45231003001
11971	45231	13	109	85	0	45231892001
11972	45231	18	108	86	0	45231127001
11973	45231	30	108	88	0	45231762001
11974	45231	32	110	88	0	45231338001
11975	45232	6	108	84	0	45232847000
11976	45232	7	109	84	0	45232731001
11977	45232	12	108	85	0	45232226000
11978	45232	19	109	86	0	45232750001
11979	45232	26	110	87	0	45232235001
11980	45232	31	109	88	0	45232925001
11981	45233	0	108	83	0	45233761001
11982	45233	1	109	83	0	45233443001
11983	45233	18	108	86	0	45233811001
11984	45233	20	110	86	0	45233363000
11985	45233	25	109	87	0	45233425000
11986	45233	33	111	88	0	45233436000
11987	45234	8	110	84	0	45234879000
11988	45234	14	110	85	0	45234176000
11989	45234	27	111	87	0	45234415000
11990	45234	32	110	88	0	45234083000
11991	45235	1	109	83	0	45235551001
11992	45235	2	110	83	0	45235628000
11993	45235	7	109	84	0	45235805000
11994	45235	12	108	85	0	45235440000
11995	45235	13	109	85	0	45235181000
11996	45235	19	109	86	0	45235928001
11997	45235	20	110	86	0	45235956001
11998	45235	21	111	86	0	45235784001
11999	45235	26	110	87	0	45235264001
12000	45235	33	111	88	0	45235322001
12001	45235	34	112	88	0	45235776001
12002	45236	0	108	83	0	45236805000
12003	45236	14	110	85	0	45236380000
12004	45236	27	111	87	0	45236444000
12005	45236	28	112	87	0	45236459001
12006	45237	8	110	84	0	45237136000
12007	45237	9	111	84	0	45237401000
12008	45237	15	111	85	0	45237195000
12009	45237	34	112	88	0	45237497000
12010	45238	1	109	83	0	45238034000
12011	45238	2	110	83	0	45238049001
12012	45238	16	112	85	0	45238833000
12013	45238	21	111	86	0	45238002001
12014	45238	22	112	86	0	45238075001
12015	45238	27	111	87	0	45238965000
12016	45238	28	112	87	0	45238690000
12017	45239	3	111	83	0	45239199000
12018	45239	9	111	84	0	45239315000
12019	45239	10	112	84	0	45239628001
12020	45239	32	110	88	0	45239494001
12021	45239	33	111	88	0	45239084000
12022	45239	35	113	88	0	45239514000
12023	45240	2	110	83	0	45240631001
12024	45240	6	108	84	0	45240349001
12025	45240	8	110	84	0	45240093001
12026	45240	14	110	85	0	45240165000
12027	45240	15	111	85	0	45240124001
12028	45240	16	112	85	0	45240894000
12029	45240	20	110	86	0	45240119000
12030	45240	21	111	86	0	45240564000
12031	45240	22	112	86	0	45240335001
12032	45240	29	113	87	0	45240118001
12033	45240	34	112	88	0	45240222001
12034	45241	3	111	83	0	45241609000
12035	45241	10	112	84	0	45241732000
12036	45241	23	113	86	0	45241269001
12037	45241	28	112	87	0	45241259000
12038	45242	4	112	83	0	45242024001
12039	45242	9	111	84	0	45242339001
12040	45242	29	113	87	0	45242600001
12041	45242	35	113	88	0	45242129000
12042	45243	7	109	84	0	45243607000
12043	45243	11	113	84	0	45243834000
12044	45243	17	113	85	0	45243000001
12045	45243	22	112	86	0	45243495001
12046	45243	23	113	86	0	45243935001
12047	45243	28	112	87	0	45243222001
12048	45244	4	112	83	0	45244719001
12049	45244	10	112	84	0	45244756001
12050	45244	16	112	85	0	45244031000
12051	45244	24	108	87	0	45244818001
12052	45244	29	113	87	0	45244793001
12053	45245	3	111	83	0	45245705001
12054	45245	5	113	83	0	45245888001
12055	45245	35	113	88	0	45245573000
12056	45246	11	113	84	0	45246004000
12057	45246	17	113	85	0	45246093001
12058	45247	4	112	83	0	45247517001
12059	45247	10	112	84	0	45247058001
12060	45247	23	113	86	0	45247846001
12061	45248	5	113	83	0	45248107000
12062	45249	11	113	84	0	45249495001
12063	45249	17	113	85	0	45249894000
12064	45251	5	113	83	0	45251789001
12065	45251	23	113	86	0	45251304000
12066	45253	9	111	84	0	45253826001
12067	45254	11	113	84	0	45254148001
12068	45274	5	113	83	1	45274636001
12069	45275	0	108	83	1	45275123001
12070	45276	11	113	84	1	45276751000
12071	45277	4	112	83	1	45277614000
12072	45277	5	113	83	1	45277035000
12073	45277	17	113	85	1	45277774001
12074	45278	0	108	83	1	45278620001
12075	45278	6	108	84	1	45278773001
12076	45278	10	112	84	1	45278615001
12077	45278	11	113	84	1	45278877001
12078	45279	3	111	83	1	45279735001
12079	45279	4	112	83	1	45279735001
12080	45279	17	113	85	1	45279880000
12081	45279	23	113	86	1	45279636001
12082	45280	10	112	84	1	45280974001
12083	45280	16	112	85	1	45280771001
12084	45281	2	110	83	1	45281813000
12085	45281	3	111	83	1	45281795001
12086	45281	9	111	84	1	45281348001
12087	45281	22	112	86	1	45281960000
12088	45281	23	113	86	1	45281769000
12089	45281	29	113	87	1	45281216001
12090	45282	0	108	83	1	45282044000
12091	45282	8	110	84	1	45282906000
12092	45282	15	111	85	1	45282606001
12093	45282	16	112	85	1	45282698001
12094	45282	35	113	88	1	45282546001
12095	45283	1	109	83	1	45283049000
12096	45283	2	110	83	1	45283707000
12097	45283	6	108	84	1	45283529001
12098	45283	9	111	84	1	45283360001
12099	45283	12	108	85	1	45283607001
12100	45283	14	110	85	1	45283707000
12101	45283	21	111	86	1	45283640000
12102	45283	22	112	86	1	45283912001
12103	45283	28	112	87	1	45283158000
12104	45283	29	113	87	1	45283193000
12105	45284	7	109	84	1	45284482000
12106	45284	8	110	84	1	45284677001
12107	45284	15	111	85	1	45284184001
12108	45284	27	111	87	1	45284947001
12109	45284	28	112	87	1	45284970001
12110	45284	34	112	88	1	45284293000
12111	45284	35	113	88	1	45284547001
12112	45285	1	109	83	1	45285125001
12113	45285	13	109	85	1	45285822001
12114	45285	14	110	85	1	45285774001
12115	45285	20	110	86	1	45285465001
12116	45285	21	111	86	1	45285575001
12117	45285	33	111	88	1	45285926001
12118	45286	0	108	83	1	45286828000
12119	45286	7	109	84	1	45286581000
12120	45286	26	110	87	1	45286784000
12121	45286	27	111	87	1	45286799001
12122	45286	34	112	88	1	45286049000
12123	45287	6	108	84	1	45287362001
12124	45287	12	108	85	1	45287818001
12125	45287	13	109	85	1	45287705001
12126	45287	19	109	86	1	45287176001
12127	45287	20	110	86	1	45287292001
12128	45287	32	110	88	1	45287781001
12129	45287	33	111	88	1	45287677001
12130	45288	18	108	86	1	45288298000
12131	45288	25	109	87	1	45288129000
12132	45289	12	108	85	1	45289784000
12133	45289	18	108	86	1	45289940001
12134	45289	19	109	86	1	45289575000
12135	45289	24	108	87	1	45289583001
12136	45289	26	110	87	1	45289029000
12137	45289	31	109	88	1	45289130000
12138	45289	32	110	88	1	45289613001
12139	45290	25	109	87	1	45290072001
12140	45290	30	108	88	1	45290424001
12141	45291	24	108	87	1	45291609001
12142	45291	31	109	88	1	45291418000
12143	45292	30	108	88	1	45292333000
12144	45294	15	111	85	1	45294137000
12145	45509	23	113	86	0	45509962001
12146	45510	5	113	83	0	45510394000
12147	45510	11	113	84	0	45510026001
12148	45510	17	113	85	0	45510496001
12149	45510	29	113	87	1	45510017000
12150	45510	35	113	88	0	45510195001
12151	45511	4	112	83	0	45511894000
12152	45511	10	112	84	0	45511421000
12153	45511	22	112	86	0	45511798000
12154	45511	28	112	87	0	45511505000
12155	45511	34	112	88	0	45511727001
12156	45512	5	113	83	0	45512684000
12157	45512	11	113	84	0	45512106001
12158	45512	16	112	85	0	45512085000
12159	45512	23	113	86	0	45512150000
12160	45512	29	113	87	0	45512037000
12161	45512	35	113	88	0	45512268000
12162	45513	3	111	83	0	45513609001
12163	45513	9	111	84	0	45513293000
12164	45513	10	112	84	0	45513467000
12165	45513	15	111	85	0	45513595001
12166	45513	17	113	85	0	45513293000
12167	45513	21	111	86	0	45513201001
12168	45513	22	112	86	0	45513819000
12169	45513	27	111	87	0	45513224001
12170	45513	28	112	87	0	45513238001
12171	45513	33	111	88	0	45513232001
12172	45513	34	112	88	0	45513540000
12173	45514	2	110	83	0	45514982001
12174	45514	4	112	83	0	45514180001
12175	45514	16	112	85	0	45514260000
12176	45514	20	110	86	0	45514945000
12177	45514	26	110	87	0	45514872000
12178	45515	3	111	83	0	45515733000
12179	45515	8	110	84	0	45515072001
12180	45515	9	111	84	0	45515264001
12181	45515	14	110	85	0	45515235000
12182	45515	15	111	85	0	45515833001
12183	45515	19	109	86	0	45515581000
12184	45515	21	111	86	0	45515274000
12185	45515	27	111	87	0	45515636001
12186	45515	31	109	88	0	45515798001
12187	45515	32	110	88	0	45515030001
12188	45515	33	111	88	0	45515061001
12189	45516	1	109	83	0	45516642000
12190	45516	2	110	83	0	45516865001
12191	45516	7	109	84	0	45516527001
12192	45516	13	109	85	0	45516316001
12193	45516	25	109	87	0	45516410001
12194	45517	8	110	84	0	45517002000
12195	45517	12	108	85	0	45517955001
12196	45517	14	110	85	0	45517794001
12197	45517	18	108	86	0	45517892001
12198	45517	19	109	86	0	45517429000
12199	45517	20	110	86	0	45517322000
12200	45517	24	108	87	0	45517465001
12201	45517	26	110	87	0	45517273001
12202	45517	28	112	87	0	45517121001
12203	45517	30	108	88	0	45517450001
12204	45517	31	109	88	0	45517934001
12205	45517	32	110	88	0	45517139000
12206	45518	0	108	83	0	45518360001
12207	45518	1	109	83	0	45518822000
12208	45518	6	108	84	0	45518112001
12209	45518	7	109	84	0	45518844001
12210	45518	13	109	85	0	45518577001
12211	45518	25	109	87	0	45518748001
12212	45519	18	108	86	0	45519825000
12213	45519	24	108	87	0	45519424001
12214	45519	30	108	88	0	45519381001
12215	45520	6	108	84	0	45520561001
12216	45520	12	108	85	0	45520120000
12217	45521	0	108	83	0	45521137001
12218	45522	28	112	87	0	45522360000
12219	45525	30	108	88	0	45525092001
12220	45527	24	108	87	0	45527815000
12221	45531	5	113	83	1	45531529000
12222	45532	4	112	83	1	45532296001
12223	45532	11	113	84	1	45532790000
12224	45533	3	111	83	1	45533600000
12225	45533	10	112	84	1	45533685000
12226	45533	17	113	85	1	45533616001
12227	45534	2	110	83	1	45534516001
12228	45534	4	112	83	1	45534656000
12229	45534	5	113	83	1	45534387001
12230	45534	9	111	84	1	45534510000
12231	45534	16	112	85	1	45534818001
12232	45534	23	113	86	1	45534878000
12233	45535	1	109	83	1	45535487001
12234	45535	8	110	84	1	45535560001
12235	45535	15	111	85	1	45535074001
12236	45535	22	112	86	1	45535885001
12237	45535	29	113	87	1	45535719000
12238	45536	0	108	83	1	45536513000
12239	45536	2	110	83	1	45536907000
12240	45536	7	109	84	1	45536255000
12241	45536	14	110	85	1	45536376000
12242	45536	15	111	85	1	45536471000
12243	45536	21	111	86	1	45536552001
12244	45536	28	112	87	1	45536482000
12245	45536	35	113	88	1	45536580001
12246	45537	6	108	84	1	45537516001
12247	45537	13	109	85	1	45537365001
12248	45537	20	110	86	1	45537525001
12249	45537	27	111	87	1	45537347000
12250	45537	34	112	88	1	45537495000
12251	45538	9	111	84	1	45538017001
12252	45538	12	108	85	1	45538311000
12253	45538	14	110	85	1	45538218001
12254	45538	16	112	85	1	45538259001
12255	45538	17	113	85	1	45538655000
12256	45538	18	108	86	1	45538996000
12257	45538	19	109	86	1	45538453000
12258	45538	25	109	87	1	45538999000
12259	45538	26	110	87	1	45538473001
12260	45538	28	112	87	1	45538386001
12261	45538	33	111	88	1	45538319001
12262	45539	0	108	83	1	45539174001
12263	45539	1	109	83	1	45539378000
12264	45539	3	111	83	1	45539255000
12265	45539	8	110	84	1	45539979001
12266	45539	27	111	87	1	45539502000
12267	45539	32	110	88	1	45539086000
12268	45539	34	112	88	1	45539351001
12269	45540	12	108	85	1	45540443001
12270	45540	18	108	86	1	45540599000
12271	45540	24	108	87	1	45540225000
12272	45540	31	109	88	1	45540141000
12273	45540	35	113	88	1	45540666001
12274	45541	25	109	87	1	45541300000
12275	45541	30	108	88	1	45541120000
12276	45541	32	110	88	1	45541305001
12277	45541	33	111	88	1	45541890001
12278	45543	11	113	84	1	45543362001
12279	45543	29	113	87	1	45543015000
12280	45547	24	108	87	1	45547540000
12281	45563	10	112	84	1	45563139000
12282	45567	7	109	84	1	45567180001
12283	45567	22	112	86	1	45567130000
12284	45710	2	110	83	0	45710601000
12285	45712	10	112	84	0	45712280000
12286	45712	22	112	86	0	45712518001
12287	45761	30	108	88	0	45761289000
12288	45762	24	108	87	0	45762585001
12289	45763	30	108	88	0	45763511001
12290	45764	31	109	88	0	45764894000
12291	45765	24	108	87	0	45765357001
12292	45766	30	108	88	0	45766610000
12293	45767	18	108	86	0	45767562000
12294	45767	31	109	88	0	45767361001
12295	45768	24	108	87	0	45768899000
12296	45768	32	110	88	0	45768529001
12297	45770	25	109	87	0	45770243001
12298	45774	24	108	87	1	45774991000
12299	45775	31	109	88	1	45775128001
12300	45776	30	108	88	1	45776783001
12301	45779	30	108	88	1	45779432000
12302	45814	25	109	87	1	45814985000
12303	45816	24	108	87	1	45816093001
12304	45859	9	111	84	0	45859868000
12305	45861	29	113	87	0	45861549001
12306	45863	24	108	87	0	45863342001
12307	46001	29	113	87	0	46001573001
12308	46058	24	108	87	0	46058859000
12309	46058	30	108	88	0	46058156001
12310	46058	31	109	88	0	46058781001
12311	46059	25	109	87	0	46059718001
12312	46059	32	110	88	0	46059495000
12313	46059	33	111	88	0	46059583001
12314	46060	12	108	85	0	46060846000
12315	46060	18	108	86	0	46060071001
12316	46060	19	109	86	0	46060370000
12317	46060	20	110	86	0	46060912001
12318	46060	24	108	87	0	46060971001
12319	46060	26	110	87	0	46060218000
12320	46060	27	111	87	0	46060486000
12321	46060	28	112	87	0	46060857000
12322	46060	30	108	88	0	46060686000
12323	46060	34	112	88	0	46060054001
12324	46060	35	113	88	0	46060653001
12325	46061	6	108	84	0	46061666001
12326	46061	13	109	85	0	46061413001
12327	46061	14	110	85	0	46061743000
12328	46061	21	111	86	0	46061395000
12329	46061	22	112	86	0	46061596001
12330	46061	29	113	87	0	46061377000
12331	46061	31	109	88	0	46061586000
12332	46061	33	111	88	0	46061367000
12333	46061	34	112	88	0	46061754001
12334	46062	0	108	83	0	46062569001
12335	46062	1	109	83	0	46062961001
12336	46062	7	109	84	0	46062077001
12337	46062	8	110	84	0	46062575001
12338	46062	9	111	84	0	46062839001
12339	46062	15	111	85	0	46062431001
12340	46062	16	112	85	0	46062676001
12341	46062	18	108	86	0	46062811001
12342	46062	23	113	86	0	46062106000
12343	46062	25	109	87	0	46062217000
12344	46062	27	111	87	0	46062750001
12345	46062	28	112	87	0	46062891001
12346	46062	32	110	88	0	46062085001
12347	46062	35	113	88	0	46062866000
12348	46063	2	110	83	0	46063366001
12349	46063	3	111	83	0	46063940001
12350	46063	10	112	84	0	46063202000
12351	46063	12	108	85	0	46063442001
12352	46063	17	113	85	0	46063210000
12353	46063	20	110	86	0	46063813001
12354	46063	22	112	86	0	46063663000
12355	46063	29	113	87	0	46063394001
12356	46064	4	112	83	0	46064472001
12357	46064	5	113	83	0	46064868000
12358	46064	9	111	84	0	46064661001
12359	46064	11	113	84	0	46064071000
12360	46064	16	112	85	0	46064971000
12361	46064	19	109	86	0	46064172000
12362	46064	21	111	86	0	46064334001
12363	46064	23	113	86	0	46064398000
12364	46065	0	108	83	1	46065704001
12365	46065	1	109	83	0	46065222000
12366	46065	2	110	83	0	46065708001
12367	46065	8	110	84	0	46065074001
12368	46065	10	112	84	0	46065216000
12369	46065	13	109	85	0	46065588000
12370	46065	14	110	85	0	46065072001
12371	46066	4	112	83	0	46066939000
12372	46066	11	113	84	0	46066560001
12373	46067	3	111	83	0	46067666001
12374	46068	5	113	83	0	46068321000
12375	46069	9	111	84	0	46069843000
12376	46069	31	109	88	0	46069865000
12377	46070	17	113	85	0	46070851000
12378	46071	26	110	87	0	46071351000
12379	46074	34	112	88	0	46074365000
12380	46077	27	111	87	0	46077886000
12381	46080	34	112	88	1	46080879001
12382	46080	35	113	88	1	46080886000
12383	46081	29	113	87	1	46081827000
12384	46081	33	111	88	1	46081785001
12385	46082	28	112	87	1	46082372000
12386	46082	32	110	88	1	46082500001
12387	46082	34	112	88	1	46082465000
12388	46082	35	113	88	1	46082848000
12389	46083	22	112	86	1	46083929000
12390	46083	23	113	86	1	46083056000
12391	46083	26	110	87	1	46083720000
12392	46083	27	111	87	1	46083030001
12393	46083	29	113	87	1	46083711001
12394	46083	30	108	88	1	46083970001
12395	46083	31	109	88	1	46083423001
12396	46083	33	111	88	1	46083359001
12397	46084	17	113	85	1	46084134000
12398	46084	21	111	86	1	46084429000
12399	46084	25	109	87	1	46084603001
12400	46084	27	111	87	1	46084794001
12401	46084	28	112	87	1	46084116001
12402	46084	32	110	88	1	46084274001
12403	46085	11	113	84	1	46085784001
12404	46085	15	111	85	1	46085764000
12405	46085	16	112	85	1	46085173000
12406	46085	19	109	86	1	46085949000
12407	46085	20	110	86	1	46085225001
12408	46085	22	112	86	1	46085886001
12409	46085	23	113	86	1	46085180001
12410	46085	24	108	87	1	46085515001
12411	46085	26	110	87	1	46085627001
12412	46085	30	108	88	1	46085801001
12413	46085	31	109	88	1	46085511001
12414	46086	10	112	84	1	46086500001
12415	46086	14	110	85	1	46086702001
12416	46086	16	112	85	1	46086931000
12417	46086	17	113	85	1	46086050000
12418	46086	18	108	86	1	46086723000
12419	46086	21	111	86	1	46086286001
12420	46086	25	109	87	1	46086425000
12421	46087	5	113	83	1	46087023001
12422	46087	8	110	84	1	46087866000
12423	46087	9	111	84	1	46087062001
12424	46087	11	113	84	1	46087777001
12425	46087	13	109	85	1	46087471001
12426	46087	15	111	85	1	46087513001
12427	46087	19	109	86	1	46087936000
12428	46087	20	110	86	1	46087107001
12429	46087	24	108	87	1	46087559000
12430	46088	3	111	83	1	46088805001
12431	46088	4	112	83	1	46088132001
12432	46088	5	113	83	1	46088922001
12433	46088	7	109	84	1	46088790001
12434	46088	10	112	84	1	46088665000
12435	46088	12	108	85	1	46088096000
12436	46088	14	110	85	1	46088422001
12437	46088	18	108	86	1	46088621001
12438	46089	2	110	83	1	46089779000
12439	46089	8	110	84	1	46089989001
12440	46089	9	111	84	1	46089155000
12441	46089	13	109	85	1	46089403000
12442	46090	1	109	83	1	46090439001
12443	46090	3	111	83	1	46090933000
12444	46090	4	112	83	1	46090372001
12445	46090	6	108	84	1	46090023001
12446	46090	12	108	85	1	46090099001
12447	46091	0	108	83	1	46091219001
12448	46091	7	109	84	1	46091058001
12449	46092	1	109	83	1	46092882001
12450	46092	2	110	83	1	46092073000
12451	46092	6	108	84	1	46092307000
12452	46093	0	108	83	1	46093605001
12453	46125	0	108	83	0	46125645000
12454	46126	1	109	83	0	46126198001
12455	46126	2	110	83	0	46126897000
12456	46128	3	111	83	0	46128273000
12457	46128	4	112	83	0	46128841001
12458	46128	6	108	84	0	46128825000
12459	46129	0	108	83	0	46129288001
12460	46129	1	109	83	0	46129739001
12461	46129	2	110	83	0	46129419000
12462	46129	7	109	84	0	46129649001
12463	46130	3	111	83	0	46130982001
12464	46130	5	113	83	0	46130034001
12465	46130	8	110	84	0	46130651000
12466	46131	9	111	84	0	46131294000
12467	46131	10	112	84	0	46131704000
12468	46132	2	110	83	0	46132534000
12469	46132	5	113	83	1	46132638000
12470	46132	6	108	84	0	46132683000
12471	46133	4	112	83	1	46133733000
12472	46133	7	109	84	0	46133228001
12473	46133	8	110	84	0	46133096001
12474	46133	12	108	85	0	46133051001
12475	46133	13	109	85	0	46133535001
12476	46134	0	108	83	0	46134030001
12477	46134	3	111	83	1	46134581000
12478	46134	14	110	85	0	46134197000
12479	46135	2	110	83	1	46135719001
12480	46135	10	112	84	1	46135050000
12481	46135	15	111	85	0	46135498000
12482	46136	1	109	83	1	46136999001
12483	46136	9	111	84	1	46136263000
12484	46136	12	108	85	0	46136790000
12485	46136	14	110	85	0	46136663000
12486	46136	18	108	86	0	46136340000
12487	46136	19	109	86	0	46136957001
12488	46137	0	108	83	1	46137711001
12489	46137	8	110	84	1	46137057000
12490	46137	13	109	85	0	46137236001
12491	46137	15	111	85	1	46137368001
12492	46137	20	110	86	0	46137718000
12493	46138	7	109	84	1	46138249001
12494	46138	14	110	85	1	46138705001
12495	46139	0	108	83	1	46139584000
12496	46139	2	110	83	1	46139572001
12497	46139	6	108	84	1	46139500000
12498	46139	13	109	85	1	46139660000
12499	46139	18	108	86	0	46139512001
12500	46140	12	108	85	1	46140697001
12501	46140	20	110	86	1	46140350000
12502	46140	24	108	87	0	46140512001
12503	46141	19	109	86	1	46141209001
12504	46142	18	108	86	1	46142204000
12505	46144	24	108	87	1	46144137001
12506	46146	12	108	85	1	46146832001
12507	46303	24	108	87	0	46303686000
12508	46303	30	108	88	0	46303047000
12509	46304	12	108	85	0	46304807001
12510	46304	18	108	86	0	46304351000
12511	46304	25	109	87	0	46304916000
12512	46304	31	109	88	0	46304052000
12513	46305	6	108	84	0	46305595001
12514	46305	13	109	85	0	46305831000
12515	46305	19	109	86	0	46305174001
12516	46305	24	108	87	0	46305804001
12517	46305	26	110	87	0	46305700001
12518	46305	30	108	88	0	46305262000
12519	46305	31	109	88	0	46305997000
12520	46305	32	110	88	0	46305330000
12521	46306	0	108	83	0	46306056000
12522	46306	1	109	83	0	46306964001
12523	46306	7	109	84	0	46306480001
12524	46306	14	110	85	0	46306677001
12525	46306	18	108	86	0	46306485001
12526	46306	20	110	86	0	46306145001
12527	46306	27	111	87	0	46306616000
12528	46306	33	111	88	0	46306071001
12529	46306	34	112	88	0	46306963001
12530	46307	2	110	83	0	46307503000
12531	46307	8	110	84	0	46307428001
12532	46307	12	108	85	0	46307061000
12533	46307	15	111	85	0	46307788001
12534	46307	19	109	86	0	46307460000
12535	46307	21	111	86	0	46307054001
12536	46307	25	109	87	0	46307683000
12537	46307	28	112	87	0	46307312001
12538	46307	33	111	88	0	46307808001
12539	46307	35	113	88	0	46307999001
12540	46308	0	108	83	0	46308464001
12541	46308	9	111	84	0	46308140001
12542	46308	10	112	84	0	46308802000
12543	46308	13	109	85	0	46308102000
12544	46308	14	110	85	0	46308987001
12545	46308	16	112	85	0	46308793001
12546	46308	20	110	86	0	46308400000
12547	46308	22	112	86	0	46308153000
12548	46308	23	113	86	0	46308999000
12549	46308	26	110	87	0	46308515000
12550	46308	27	111	87	0	46308572000
12551	46308	29	113	87	0	46308354001
12552	46308	32	110	88	0	46308053001
12553	46308	34	112	88	0	46308772000
12554	46309	2	110	83	0	46309663001
12555	46309	3	111	83	0	46309104000
12556	46309	4	112	83	0	46309806001
12557	46309	7	109	84	0	46309573000
12558	46309	15	111	85	0	46309869000
12559	46309	17	113	85	0	46309791000
12560	46309	21	111	86	0	46309364001
12561	46309	22	112	86	0	46309953000
12562	46309	28	112	87	0	46309352000
12563	46309	35	113	88	0	46309886000
12564	46310	1	109	83	0	46310546001
12565	46310	5	113	83	0	46310806000
12566	46310	8	110	84	0	46310188001
12567	46310	9	111	84	0	46310188001
12568	46310	10	112	84	0	46310742000
12569	46310	11	113	84	0	46310324001
12570	46310	16	112	85	0	46310844001
12571	46310	19	109	86	0	46310975000
12572	46310	29	113	87	0	46310256001
12573	46310	33	111	88	0	46310666000
12574	46311	3	111	83	0	46311609000
12575	46311	23	113	86	0	46311381000
12576	46311	25	109	87	0	46311680001
12577	46312	4	112	83	0	46312096000
12578	46312	5	113	83	0	46312885001
12579	46312	6	108	84	0	46312477001
12580	46312	11	113	84	0	46312982000
12581	46312	17	113	85	0	46312398001
12582	46317	13	109	85	0	46317054000
12583	46326	28	112	87	0	46326800000
12584	46327	9	111	84	0	46327833000
12585	46328	34	112	88	0	46328418000
12586	46332	0	108	83	1	46332593001
12587	46332	6	108	84	1	46332857000
12588	46333	1	109	83	1	46333896001
12589	46333	12	108	85	1	46333371000
12590	46333	18	108	86	1	46333895000
12591	46334	7	109	84	1	46334488001
12592	46334	13	109	85	1	46334846000
12593	46334	24	108	87	1	46334504001
12594	46334	30	108	88	1	46334760001
12595	46335	2	110	83	1	46335258001
12596	46335	8	110	84	1	46335633001
12597	46335	19	109	86	1	46335245001
12598	46335	25	109	87	1	46335704000
12599	46336	3	111	83	1	46336846001
12600	46336	14	110	85	1	46336028000
12601	46336	20	110	86	1	46336435001
12602	46336	31	109	88	1	46336171000
12603	46337	9	111	84	1	46337257001
12604	46337	15	111	85	1	46337392001
12605	46337	21	111	86	1	46337974001
12606	46337	26	110	87	1	46337011000
12607	46337	32	110	88	1	46337587000
12608	46338	4	112	83	1	46338045001
12609	46338	8	110	84	1	46338662000
12610	46338	10	112	84	1	46338401000
12611	46338	12	108	85	1	46338808000
12612	46338	27	111	87	1	46338558000
12613	46338	33	111	88	1	46338938000
12614	46339	5	113	83	1	46339795001
12615	46339	15	111	85	1	46339084000
12616	46339	16	112	85	1	46339121000
12617	46339	22	112	86	1	46339543000
12618	46339	28	112	87	1	46339640001
12619	46340	11	113	84	1	46340347001
12620	46340	17	113	85	1	46340747001
12621	46340	18	108	86	1	46340099001
12622	46340	20	110	86	1	46340706000
12623	46340	34	112	88	1	46340035000
12624	46341	2	110	83	1	46341507000
12625	46341	4	112	83	1	46341765001
12626	46341	14	110	85	1	46341052000
12627	46341	23	113	86	1	46341169001
12628	46341	28	112	87	1	46341510000
12629	46341	29	113	87	1	46341728001
12630	46341	30	108	88	1	46341336000
12631	46341	34	112	88	1	46341868000
12632	46342	5	113	83	1	46342729000
12633	46342	16	112	85	1	46342589001
12634	46342	27	111	87	1	46342508001
12635	46342	33	111	88	1	46342480001
12636	46342	35	113	88	1	46342101000
12637	46343	3	111	83	1	46343078000
12638	46343	10	112	84	1	46343750000
12639	46343	22	112	86	1	46343261000
12640	46345	23	113	86	1	46345507000
12641	46345	32	110	88	1	46345619000
12642	46345	35	113	88	1	46345084000
12643	46346	11	113	84	1	46346527001
12644	46346	29	113	87	1	46346868001
12645	46348	17	113	85	1	46348392000
12646	46356	25	109	87	1	46356238000
12647	46370	29	113	87	0	46370881000
12648	46371	35	113	88	0	46371439001
12649	46373	35	113	88	1	46373242000
12650	46374	29	113	87	1	46374129001
12651	46381	1	109	83	1	46381521000
12652	46385	19	109	86	1	46385767001
12653	46387	9	111	84	1	46387821001
12654	46388	21	111	86	1	46388947001
12655	46466	5	113	83	0	46466727000
12656	46468	4	112	83	0	46468468001
12657	46468	11	113	84	0	46468016000
12658	46469	3	111	83	0	46469979001
12659	46469	5	113	83	0	46469643000
12660	46469	10	112	84	0	46469279000
12661	46469	17	113	85	0	46469315001
12662	46470	9	111	84	0	46470815001
12663	46470	11	113	84	0	46470546000
12664	46470	23	113	86	0	46470343000
12665	46471	2	110	83	0	46471629000
12666	46471	4	112	83	0	46471062001
12667	46471	10	112	84	0	46471671001
12668	46471	16	112	85	0	46471036000
12669	46471	17	113	85	0	46471866000
12670	46471	29	113	87	0	46471922000
12671	46472	3	111	83	0	46472505000
12672	46472	8	110	84	0	46472967000
12673	46472	9	111	84	0	46472794001
12674	46472	22	112	86	0	46472495001
12675	46473	1	109	83	0	46473210001
12676	46473	15	111	85	0	46473080001
12677	46473	16	112	85	0	46473447000
12678	46473	21	111	86	0	46473984001
12679	46473	23	113	86	0	46473010001
12680	46473	28	112	87	0	46473852001
12681	46473	35	113	88	0	46473479000
12682	46474	2	110	83	0	46474236000
12683	46474	14	110	85	0	46474729001
12684	46474	22	112	86	0	46474807000
12685	46474	29	113	87	0	46474181001
12686	46475	1	109	83	0	46475931001
12687	46475	7	109	84	0	46475250001
12688	46475	8	110	84	1	46475325000
12689	46475	9	111	84	0	46475333000
12690	46475	27	111	87	0	46475729001
12691	46475	28	112	87	0	46475939001
12692	46475	34	112	88	0	46475490001
12693	46475	35	113	88	0	46475858001
12694	46476	0	108	83	0	46476040000
12695	46476	13	109	85	0	46476882001
12696	46476	15	111	85	0	46476363000
12697	46476	20	110	86	0	46476054000
12698	46476	21	111	86	0	46476718000
12699	46476	33	111	88	0	46476991000
12700	46477	2	110	83	0	46477385000
12701	46477	6	108	84	0	46477287000
12702	46477	14	110	85	0	46477112000
12703	46477	19	109	86	0	46477410000
12704	46477	22	112	86	0	46477714000
12705	46478	0	108	83	0	46478753000
12706	46478	7	109	84	0	46478266000
12707	46478	12	108	85	0	46478496000
12708	46478	20	110	86	0	46478533000
12709	46478	26	110	87	0	46478354001
12710	46478	27	111	87	0	46478099000
12711	46478	33	111	88	0	46478943001
12712	46478	34	112	88	0	46478442001
12713	46479	5	113	83	1	46479486001
12714	46479	14	110	85	0	46479853000
12715	46479	19	109	86	0	46479838001
12716	46479	25	109	87	0	46479869001
12717	46479	28	112	87	0	46479080001
12718	46479	32	110	88	0	46479435001
12719	46480	6	108	84	0	46480431001
12720	46480	11	113	84	1	46480159001
12721	46480	13	109	85	0	46480089000
12722	46480	17	113	85	1	46480227000
12723	46480	18	108	86	0	46480174000
12724	46480	21	111	86	0	46480952001
12725	46480	23	113	86	1	46480622001
12726	46480	35	113	88	1	46480963001
12727	46481	12	108	85	0	46481258000
12728	46481	26	110	87	0	46481906001
12729	46481	29	113	87	1	46481352001
12730	46481	31	109	88	0	46481742000
12731	46481	33	111	88	0	46481358000
12732	46482	5	113	83	1	46482511001
12733	46482	11	113	84	1	46482986001
12734	46482	18	108	86	0	46482704000
12735	46482	19	109	86	0	46482914001
12736	46482	20	110	86	0	46482674001
12737	46482	24	108	87	0	46482481000
12738	46482	25	109	87	0	46482698000
12739	46482	27	111	87	0	46482015000
12740	46482	28	112	87	1	46482901000
12741	46482	32	110	88	0	46482344000
12742	46483	4	112	83	1	46483350001
12743	46483	17	113	85	1	46483093001
12744	46483	23	113	86	1	46483915001
12745	46483	30	108	88	0	46483419000
12746	46483	35	113	88	1	46483844000
12747	46484	10	112	84	1	46484682000
12748	46484	29	113	87	1	46484495001
12749	46484	31	109	88	0	46484545000
12750	46484	34	112	88	1	46484902000
12751	46485	16	112	85	1	46485272001
12752	46485	22	112	86	1	46485363000
12753	46485	24	108	87	0	46485025000
12754	46485	30	108	88	0	46485779001
12755	46486	18	108	86	0	46486332000
12756	46487	4	112	83	1	46487375000
12757	46487	9	111	84	1	46487891000
12758	46487	10	112	84	1	46487467001
12759	46487	28	112	87	1	46487376000
12760	46488	3	111	83	1	46488587001
12761	46488	16	112	85	1	46488055001
12762	46488	22	112	86	1	46488703001
12763	46488	30	108	88	0	46488173001
12764	46488	34	112	88	1	46488481000
12765	46489	15	111	85	1	46489126000
12766	46489	21	111	86	1	46489599000
12767	46489	25	109	87	0	46489405000
12768	46489	27	111	87	1	46489598001
12769	46489	33	111	88	1	46489445001
12770	46490	24	108	87	0	46490563001
12771	46490	28	112	87	1	46490402001
12772	46491	4	112	83	0	46491404001
12773	46491	31	109	88	0	46491731001
12774	46491	34	112	88	1	46491683001
12775	46492	5	113	83	0	46492913001
12776	46492	10	112	84	1	46492698000
12777	46492	15	111	85	1	46492231001
12778	46493	9	111	84	1	46493158001
12779	46493	14	110	85	1	46493384000
12780	46493	16	112	85	1	46493831000
12781	46493	21	111	86	1	46493452000
12782	46493	27	111	87	1	46493481001
12783	46493	33	111	88	1	46493240000
12784	46494	15	111	85	1	46494886001
12785	46495	4	112	83	0	46495492000
12786	46495	10	112	84	0	46495490001
12787	46495	26	110	87	1	46495439000
12788	46496	5	113	83	0	46496419001
12789	46496	20	110	86	1	46496161001
12790	46496	32	110	88	1	46496707001
12791	46496	33	111	88	1	46496911000
12792	46497	3	111	83	0	46497395000
12793	46498	9	111	84	0	46498026001
12794	46498	10	112	84	0	46498905001
12795	46498	11	113	84	0	46498047000
12796	46498	27	111	87	1	46498866000
12797	46499	26	110	87	1	46499982001
12798	46500	4	112	83	0	46500592000
12799	46500	15	111	85	0	46500051000
12800	46500	16	112	85	0	46500305000
12801	46500	20	110	86	1	46500026000
12802	46500	32	110	88	1	46500671000
12803	46501	5	113	83	0	46501400001
12804	46501	9	111	84	0	46501415001
12805	46501	11	113	84	0	46501924001
12806	46501	25	109	87	1	46501831001
12807	46502	10	112	84	0	46502798000
12808	46502	31	109	88	1	46502981000
12809	46503	16	112	85	0	46503009000
12810	46503	17	113	85	0	46503847001
12811	46503	19	109	86	1	46503482000
12812	46504	15	111	85	0	46504048000
12813	46504	20	110	86	0	46504076000
12814	46505	21	111	86	0	46505949001
12815	46505	32	110	88	1	46505025001
12816	46506	11	113	84	0	46506741000
12817	46507	9	111	84	0	46507361001
12818	46507	16	112	85	0	46507538001
12819	46507	22	112	86	0	46507043001
12820	46508	14	110	85	0	46508757001
12821	46508	17	113	85	0	46508004000
12822	46508	23	113	86	0	46508735001
12823	46508	31	109	88	1	46508983001
12824	46509	15	111	85	0	46509001000
12825	46509	20	110	86	0	46509158000
12826	46509	21	111	86	0	46509464001
12827	46509	27	111	87	0	46509991000
12828	46510	10	112	84	0	46510908001
12829	46510	16	112	85	0	46510965000
12830	46510	22	112	86	0	46510313001
12831	46510	26	110	87	0	46510072001
12832	46511	19	109	86	0	46511028001
12833	46511	23	113	86	0	46511312001
12834	46512	22	112	86	0	46512615001
12835	46512	27	111	87	0	46512632001
12836	46512	28	112	87	0	46512259000
12837	46513	17	113	85	0	46513538000
12838	46513	31	109	88	0	46513042000
12839	46514	21	111	86	0	46514230000
12840	46514	25	109	87	0	46514594001
12841	46514	26	110	87	0	46514952001
12842	46514	28	112	87	0	46514499001
12843	46514	29	113	87	0	46514107001
12844	46514	32	110	88	0	46514181001
12845	46515	23	113	86	0	46515618001
12846	46515	33	111	88	0	46515462000
12847	46516	5	113	83	1	46516436000
12848	46516	27	111	87	0	46516681000
12849	46516	29	113	87	0	46516252001
12850	46517	28	112	87	0	46517643000
12851	46517	31	109	88	0	46517694000
12852	46517	32	110	88	0	46517161001
12853	46517	33	111	88	0	46517648001
12854	46517	34	112	88	0	46517087001
12855	46518	4	112	83	1	46518323001
12856	46518	5	113	83	1	46518997000
12857	46518	22	112	86	0	46518132001
12858	46518	23	113	86	0	46518738000
12859	46519	3	111	83	1	46519318000
12860	46519	29	113	87	0	46519515000
12861	46519	34	112	88	0	46519636000
12862	46520	2	110	83	1	46520304001
12863	46520	4	112	83	1	46520765000
12864	46520	33	111	88	0	46520996001
12865	46520	35	113	88	0	46520176000
12866	46521	1	109	83	1	46521397001
12867	46521	3	111	83	1	46521758000
12868	46521	26	110	87	0	46521083000
12869	46521	27	111	87	0	46521732000
12870	46521	28	112	87	0	46521339000
12871	46521	31	109	88	0	46521008001
12872	46521	32	110	88	0	46521387000
12873	46522	0	108	83	1	46522530001
12874	46522	2	110	83	1	46522758001
12875	46522	10	112	84	1	46522591000
12876	46522	11	113	84	1	46522046001
12877	46523	9	111	84	1	46523690001
12878	46523	34	112	88	0	46523244000
12879	46523	35	113	88	0	46523508000
12880	46524	1	109	83	1	46524024000
12881	46524	5	113	83	1	46524804001
12882	46524	8	110	84	1	46524514001
12883	46524	11	113	84	1	46524776001
12884	46524	29	113	87	0	46524952000
12885	46524	33	111	88	0	46524895001
12886	46525	0	108	83	1	46525722001
12887	46525	7	109	84	1	46525522001
12888	46525	9	111	84	1	46525951000
12889	46525	10	112	84	1	46525601001
12890	46526	6	108	84	1	46526461000
12891	46526	17	113	85	1	46526413000
12892	46526	21	111	86	0	46526744001
12893	46526	34	112	88	0	46526780001
12894	46526	35	113	88	0	46526999001
12895	46527	8	110	84	1	46527142000
12896	46527	15	111	85	1	46527874000
12897	46527	16	112	85	1	46527357001
12898	46528	7	109	84	1	46528268000
12899	46528	14	110	85	1	46528785000
12900	46528	17	113	85	1	46528977000
12901	46529	6	108	84	1	46529257001
12902	46529	13	109	85	1	46529643000
12903	46529	15	111	85	1	46529858000
12904	46529	16	112	85	1	46529924001
12905	46530	12	108	85	1	46530875001
12906	46530	14	110	85	1	46530958000
12907	46530	23	113	86	1	46530716000
12908	46531	13	109	85	1	46531856000
12909	46531	21	111	86	1	46531307000
12910	46531	22	112	86	1	46531643001
12911	46532	20	110	86	1	46532847001
12912	46533	19	109	86	1	46533310000
12913	46533	21	111	86	1	46533822001
12914	46533	23	113	86	1	46533240000
12915	46534	18	108	86	1	46534441001
12916	46534	22	112	86	1	46534336001
12917	46534	29	113	87	1	46534875000
12918	46535	12	108	85	1	46535202000
12919	46535	19	109	86	1	46535811001
12920	46535	20	110	86	1	46535007000
12921	46535	28	112	87	1	46535370001
12922	46536	15	111	85	1	46536996001
12923	46536	26	110	87	1	46536494000
12924	46536	27	111	87	1	46536053001
12925	46537	18	108	86	1	46537782000
12926	46537	25	109	87	1	46537647000
12927	46537	28	112	87	1	46537416001
12928	46537	29	113	87	1	46537496000
12929	46538	26	110	87	1	46538958001
12930	46538	27	111	87	1	46538249001
12931	46538	34	112	88	1	46538203001
12932	46538	35	113	88	1	46538672000
12933	46539	24	108	87	1	46539366001
12934	46539	33	111	88	1	46539445001
12935	46540	31	109	88	1	46540643001
12936	46540	32	110	88	1	46540603000
12937	46540	34	112	88	1	46540465000
12938	46541	6	108	84	1	46541430000
12939	46541	25	109	87	1	46541256000
12940	46541	33	111	88	1	46541688001
12941	46541	35	113	88	1	46541146000
12942	46542	12	108	85	1	46542769000
12943	46542	18	108	86	1	46542483000
12944	46542	30	108	88	1	46542230001
12945	46543	31	109	88	1	46543256000
12946	46543	32	110	88	1	46543157001
12947	46544	24	108	87	1	46544016000
12948	46545	30	108	88	1	46545955000
12949	46547	0	108	83	1	46547346000
12950	46548	34	112	88	1	46548444001
12951	46550	24	108	87	1	46550313001
12952	46550	30	108	88	1	46550723000
12953	46553	28	112	87	1	46553303000
12954	46554	18	108	86	1	46554082001
12955	46653	28	112	87	0	46653283001
12956	46793	30	108	88	0	46793104000
12957	46794	24	108	87	0	46794669000
12958	46795	18	108	86	0	46795870001
12959	46795	30	108	88	0	46795093001
12960	46796	24	108	87	0	46796826001
12961	46796	31	109	88	0	46796167000
12962	46797	12	108	85	0	46797750001
12963	46797	18	108	86	0	46797846000
12964	46797	25	109	87	0	46797770000
12965	46798	19	109	86	0	46798984000
12966	46798	30	108	88	0	46798311000
12967	46798	31	109	88	0	46798329001
12968	46798	32	110	88	0	46798935000
12969	46799	6	108	84	0	46799136000
12970	46799	18	108	86	0	46799834000
12971	46799	24	108	87	0	46799753001
12972	46800	0	108	83	0	46800432001
12973	46800	12	108	85	0	46800205000
12974	46800	13	109	85	0	46800881000
12975	46800	25	109	87	0	46800190001
12976	46800	26	110	87	0	46800604000
12977	46801	19	109	86	0	46801460000
12978	46801	32	110	88	0	46801985001
12979	46802	6	108	84	0	46802062000
12980	46802	7	109	84	0	46802615001
12981	46802	20	110	86	0	46802348001
12982	46802	31	109	88	0	46802328001
12983	46802	33	111	88	0	46802393001
12984	46803	0	108	83	0	46803153001
12985	46803	1	109	83	0	46803924001
12986	46803	12	108	85	0	46803086001
12987	46803	13	109	85	0	46803716001
12988	46803	14	110	85	0	46803958001
12989	46803	25	109	87	0	46803628001
12990	46803	26	110	87	0	46803338001
12991	46804	27	111	87	0	46804275000
12992	46804	30	108	88	1	46804156000
12993	46805	6	108	84	0	46805478001
12994	46805	7	109	84	0	46805902001
12995	46805	8	110	84	0	46805398001
12996	46805	19	109	86	0	46805121000
12997	46805	20	110	86	0	46805732000
12998	46805	31	109	88	1	46805350000
12999	46805	34	112	88	0	46805453000
13000	46806	0	108	83	0	46806346000
13001	46806	14	110	85	0	46806678000
13002	46806	21	111	86	0	46806351000
13003	46806	28	112	87	0	46806427000
13004	46806	30	108	88	1	46806819000
13005	46806	32	110	88	1	46806583001
13006	46807	1	109	83	0	46807020001
13007	46807	2	110	83	0	46807035000
13008	46807	13	109	85	0	46807626000
13009	46807	15	111	85	0	46807245001
13010	46807	24	108	87	1	46807132001
13011	46807	25	109	87	1	46807406000
13012	46807	31	109	88	1	46807589000
13013	46808	8	110	84	0	46808212000
13014	46808	33	111	88	1	46808192000
13015	46809	2	110	83	0	46809581001
13016	46809	9	111	84	0	46809836000
13017	46809	21	111	86	0	46809604000
13018	46809	24	108	87	1	46809972001
13019	46809	25	109	87	1	46809972001
13020	46809	26	110	87	1	46809165000
13021	46809	28	112	87	0	46809467000
13022	46809	32	110	88	1	46809447000
13023	46810	7	109	84	0	46810596001
13024	46810	14	110	85	0	46810304001
13025	46810	15	111	85	0	46810081001
13026	46810	18	108	86	1	46810060000
13027	46810	19	109	86	1	46810123000
13028	46810	20	110	86	1	46810891000
13029	46810	22	112	86	0	46810135001
13030	46811	8	110	84	0	46811962001
13031	46811	27	111	87	1	46811032000
13032	46811	34	112	88	1	46811183000
13033	46812	1	109	83	0	46812289000
13034	46812	9	111	84	0	46812557000
13035	46812	18	108	86	1	46812744001
13036	46812	26	110	87	1	46812035001
13037	46812	28	112	87	1	46812306000
13038	46813	3	111	83	0	46813336000
13039	46813	12	108	85	1	46813123000
13040	46813	14	110	85	1	46813561000
13041	46813	16	112	85	0	46813027000
13042	46813	19	109	86	1	46813216000
13043	46813	20	110	86	1	46813911000
13044	46814	2	110	83	0	46814135000
13045	46814	10	112	84	0	46814610001
13046	46814	13	109	85	1	46814066000
13047	46814	21	111	86	1	46814473000
13048	46816	3	111	83	0	46816152001
13049	46816	6	108	84	1	46816617001
13050	46816	12	108	85	1	46816648001
13051	46816	18	108	86	1	46816495001
13052	46817	7	109	84	1	46817559001
13053	46817	10	112	84	0	46817895000
13054	46817	13	109	85	1	46817558000
13055	46817	14	110	85	1	46817397000
13056	46817	16	112	85	0	46817273000
13057	46817	22	112	86	1	46817210001
13058	46818	8	110	84	1	46818816000
13059	46819	15	111	85	1	46819689001
13060	46820	2	110	83	0	46820251000
13061	46820	12	108	85	1	46820295001
13062	46820	14	110	85	1	46820588001
13063	46821	4	112	83	0	46821734000
13064	46821	20	110	86	1	46821870000
13065	46822	6	108	84	1	46822760001
13066	46822	16	112	85	1	46822177001
13067	46823	0	108	83	1	46823496000
13068	46824	7	109	84	1	46824278000
13069	46824	8	110	84	1	46824073000
13070	46824	13	109	85	1	46824574000
13071	46827	1	109	83	1	46827914000
13072	46828	15	111	85	1	46828471001
13073	46833	8	110	84	0	46833919001
13074	46833	16	112	85	0	46833334001
13075	46834	6	108	84	0	46834135001
13076	46834	7	109	84	0	46834972001
13077	46834	10	112	84	1	46834874000
13078	46834	13	109	85	0	46834820001
13079	46834	14	110	85	0	46834851001
13080	46834	15	111	85	0	46834257001
13081	46835	0	108	83	0	46835722000
13082	46836	1	109	83	0	46836499001
13083	46836	12	108	85	0	46836105001
13084	46837	3	111	83	1	46837472000
13085	46837	8	110	84	0	46837974001
13086	46838	13	109	85	0	46838159000
13087	46838	14	110	85	0	46838365001
13088	46838	20	110	86	0	46838493000
13089	46838	22	112	86	0	46838342000
13090	46839	2	110	83	1	46839391000
13091	46839	6	108	84	0	46839776001
13092	46839	12	108	85	0	46839200000
13093	46839	15	111	85	0	46839987001
13094	46839	16	112	85	1	46839365001
13095	46839	21	111	86	0	46839590001
13096	46840	7	109	84	0	46840262001
13097	46840	9	111	84	1	46840349001
13098	46840	18	108	86	0	46840659001
13099	46840	19	109	86	0	46840668001
13100	46841	13	109	85	0	46841894001
13101	46841	20	110	86	0	46841341000
13102	46842	4	112	83	1	46842407001
13103	46843	2	110	83	1	46843374000
13104	46843	12	108	85	0	46843339000
13105	46843	15	111	85	1	46843264000
13106	46843	18	108	86	0	46843225001
13107	46843	19	109	86	0	46843283000
13108	46843	26	110	87	0	46843759000
13109	46843	27	111	87	0	46843728000
13110	46844	1	109	83	1	46844320001
13111	46844	8	110	84	1	46844074000
13112	46845	18	108	86	0	46845979000
13113	46845	20	110	86	0	46845890000
13114	46845	24	108	87	0	46845134001
13115	46845	25	109	87	0	46845111001
13116	46846	2	110	83	1	46846860000
13117	46846	19	109	86	0	46846123000
13118	46846	21	111	86	1	46846352001
13119	46846	32	110	88	0	46846996000
13120	46846	33	111	88	0	46846673001
13121	46847	7	109	84	1	46847512001
13122	46847	8	110	84	1	46847268000
13123	46847	24	108	87	0	46847847001
13124	46847	26	110	87	0	46847425001
13125	46847	31	109	88	0	46847115001
13126	46848	1	109	83	1	46848758001
13127	46848	3	111	83	1	46848590001
13128	46848	9	111	84	1	46848815001
13129	46848	14	110	85	1	46848002001
13130	46848	25	109	87	0	46848463001
13131	46848	30	108	88	0	46848374000
13132	46849	0	108	83	1	46849023001
13133	46849	13	109	85	1	46849560001
13134	46849	15	111	85	1	46849333001
13135	46849	27	111	87	1	46849185000
13136	46849	31	109	88	0	46849341001
13137	46850	14	110	85	1	46850731001
13138	46850	20	110	86	1	46850180001
13139	46850	24	108	87	0	46850186001
13140	46850	32	110	88	0	46850875001
13141	46850	33	111	88	1	46850548001
13142	46851	7	109	84	1	46851577000
13143	46851	19	109	86	1	46851355000
13144	46851	30	108	88	0	46851064001
13145	46852	6	108	84	1	46852232001
13146	46852	26	110	87	1	46852141001
13147	46852	31	109	88	0	46852353001
13148	46853	0	108	83	1	46853570000
13149	46853	1	109	83	1	46853251000
13150	46853	13	109	85	1	46853179000
13151	46854	6	108	84	1	46854987001
13152	46854	12	108	85	1	46854321000
13153	46854	19	109	86	1	46854979000
13154	46854	25	109	87	1	46854590001
13155	46854	30	108	88	0	46854305001
13156	46854	32	110	88	1	46854069001
13157	46855	8	110	84	1	46855703000
13158	46855	20	110	86	1	46855832000
13159	46855	26	110	87	1	46855559000
13160	46856	0	108	83	1	46856299000
13161	46856	18	108	86	1	46856813001
13162	46856	31	109	88	1	46856821001
13163	46857	12	108	85	1	46857627001
13164	46857	13	109	85	1	46857702001
13165	46857	25	109	87	1	46857728001
13166	46858	6	108	84	1	46858003001
13167	46858	24	108	87	1	46858561001
13168	46858	32	110	88	1	46858041000
13169	46859	18	108	86	1	46859750000
13170	46859	30	108	88	1	46859750000
13171	46859	31	109	88	1	46859465000
13172	46860	12	108	85	1	46860558000
13173	46861	24	108	87	1	46861863000
13174	46863	19	109	86	1	46863499000
13175	46863	30	108	88	1	46863357001
13176	46864	18	108	86	1	46864312000
13177	46868	24	108	87	1	46868913000
13178	46868	30	108	88	1	46868499000
13179	47122	4	112	83	0	47122254000
13180	47122	5	113	83	0	47122105000
13181	47123	2	110	83	0	47123755001
13182	47123	3	111	83	0	47123442000
13183	47125	10	112	84	0	47125208001
13184	47125	11	113	84	0	47125466001
13185	47126	9	111	84	0	47126257001
13186	47127	8	110	84	0	47127101001
13187	47128	6	108	84	0	47128727000
13188	47130	16	112	85	0	47130064000
13189	47130	17	113	85	0	47130724001
13190	47132	14	110	85	0	47132096000
13191	47132	23	113	86	0	47132350001
13192	47134	12	108	85	0	47134302000
13193	47134	16	112	85	1	47134803000
13194	47134	22	112	86	0	47134919001
13195	47135	19	109	86	0	47135741001
13196	47135	20	110	86	0	47135541001
13197	47136	29	113	87	0	47136477000
13198	47137	18	108	86	0	47137146001
13199	47137	28	112	87	0	47137821001
13200	47140	26	110	87	0	47140627001
13201	47141	10	112	84	1	47141538000
13202	47141	24	108	87	0	47141837001
13203	47141	27	111	87	0	47141793000
13204	47142	34	112	88	0	47142221000
13205	47142	35	113	88	0	47142381000
13206	47143	33	111	88	0	47143957000
13207	47145	20	110	86	1	47145871000
13208	47146	31	109	88	0	47146106001
13209	47146	32	110	88	0	47146307000
13210	47147	30	108	88	0	47147619000
13211	47148	18	108	86	1	47148442001
13212	47152	29	113	87	1	47152554001
13213	47156	33	111	88	1	47156974000
13214	47157	34	112	88	1	47157018001
13215	47245	33	111	88	0	47245644000
13216	47246	34	112	88	0	47246601000
13217	47249	18	108	86	0	47249361001
13218	47249	29	113	87	0	47249385001
13219	47250	20	110	86	0	47250804001
13220	47254	16	112	85	0	47254629001
13221	47256	10	112	84	0	47256584001
13222	47954	23	113	86	0	47954554001
13223	47954	29	113	87	0	47954065000
13224	47954	35	113	88	0	47954195000
13225	47955	5	113	83	0	47955221001
13226	47955	11	113	84	0	47955202000
13227	47955	17	113	85	0	47955023000
13228	47955	29	113	87	0	47955955001
13229	47955	34	112	88	0	47955801001
13230	47956	4	112	83	0	47956790000
13231	47956	10	112	84	0	47956440001
13232	47956	16	112	85	0	47956864001
13233	47956	22	112	86	0	47956428001
13234	47956	23	113	86	0	47956794001
13235	47956	28	112	87	0	47956283000
13236	47956	35	113	88	0	47956072000
13237	47957	5	113	83	0	47957198000
13238	47957	11	113	84	0	47957209000
13239	47957	17	113	85	0	47957288000
13240	47957	33	111	88	0	47957605001
13241	47957	34	112	88	0	47957521000
13242	47958	3	111	83	1	47958814001
13243	47958	4	112	83	0	47958818001
13244	47958	9	111	84	0	47958391000
13245	47958	10	112	84	0	47958374000
13246	47958	15	111	85	0	47958790001
13247	47958	16	112	85	0	47958871001
13248	47958	21	111	86	0	47958124000
13249	47958	22	112	86	0	47958145001
13250	47958	27	111	87	0	47958187001
13251	47958	28	112	87	0	47958014000
13252	47959	32	110	88	0	47959981000
13253	47959	33	111	88	0	47959264000
13254	47960	2	110	83	0	47960677000
13255	47960	3	111	83	0	47960948001
13256	47960	8	110	84	0	47960353000
13257	47960	9	111	84	0	47960185001
13258	47960	14	110	85	0	47960361000
13259	47960	15	111	85	0	47960811000
13260	47960	20	110	86	0	47960084001
13261	47960	21	111	86	0	47960266000
13262	47960	26	110	87	0	47960146001
13263	47960	27	111	87	1	47960139000
13264	47960	28	112	87	0	47960713000
13265	47960	31	109	88	0	47960712001
13266	47960	34	112	88	0	47960117001
13267	47961	10	112	84	0	47961274001
13268	47961	19	109	86	0	47961395001
13269	47961	25	109	87	0	47961888001
13270	47962	1	109	83	0	47962577001
13271	47962	2	110	83	0	47962647000
13272	47962	7	109	84	0	47962213000
13273	47962	8	110	84	0	47962407000
13274	47962	13	109	85	0	47962272000
13275	47962	14	110	85	0	47962432000
13276	47962	20	110	86	0	47962238000
13277	47962	26	110	87	0	47962672000
13278	47962	30	108	88	0	47962749001
13279	47962	31	109	88	0	47962569001
13280	47962	32	110	88	0	47962276001
13281	47963	12	108	85	0	47963944000
13282	47963	18	108	86	0	47963576001
13283	47963	19	109	86	0	47963366001
13284	47963	24	108	87	0	47963157001
13285	47964	0	108	83	0	47964546000
13286	47964	1	109	83	0	47964767001
13287	47964	6	108	84	0	47964200000
13288	47964	7	109	84	0	47964544001
13289	47964	9	111	84	0	47964437001
13290	47964	13	109	85	0	47964942001
13291	47964	25	109	87	0	47964866001
13292	47964	30	108	88	0	47964759001
13293	47965	18	108	86	0	47965637001
13294	47965	20	110	86	0	47965521001
13295	47965	24	108	87	0	47965077001
13296	47965	31	109	88	0	47965041000
13297	47966	12	108	85	0	47966204000
13298	47966	22	112	86	0	47966845000
13299	47967	0	108	83	0	47967199001
13300	47967	6	108	84	0	47967022000
13301	47969	29	113	87	0	47969932000
13302	47969	33	111	88	0	47969795000
13303	47973	5	113	83	1	47973857001
13304	47974	4	112	83	1	47974940001
13305	47974	11	113	84	1	47974886000
13306	47975	3	111	83	1	47975904000
13307	47975	10	112	84	1	47975762001
13308	47975	17	113	85	1	47975879000
13309	47976	2	110	83	1	47976798001
13310	47976	9	111	84	1	47976612001
13311	47976	16	112	85	1	47976840001
13312	47976	23	113	86	1	47976762001
13313	47977	1	109	83	1	47977404000
13314	47977	8	110	84	1	47977565000
13315	47977	15	111	85	1	47977505001
13316	47977	22	112	86	1	47977701001
13317	47977	29	113	87	1	47977508000
13318	47978	0	108	83	1	47978377001
13319	47978	7	109	84	1	47978423000
13320	47978	14	110	85	1	47978574001
13321	47978	21	111	86	1	47978412000
13322	47978	28	112	87	1	47978421000
13323	47978	35	113	88	1	47978656001
13324	47979	6	108	84	1	47979342001
13325	47979	13	109	85	1	47979229001
13326	47979	15	111	85	1	47979750001
13327	47979	20	110	86	1	47979303001
13328	47979	27	111	87	1	47979160000
13329	47979	33	111	88	1	47979843001
13330	47979	34	112	88	1	47979206000
13331	47980	12	108	85	1	47980326000
13332	47980	19	109	86	1	47980213000
13333	47980	25	109	87	1	47980985000
13334	47980	26	110	87	1	47980073000
13335	47981	5	113	83	1	47981897001
13336	47981	8	110	84	1	47981271000
13337	47981	18	108	86	1	47981206000
13338	47981	27	111	87	1	47981727000
13339	47981	31	109	88	1	47981850001
13340	47981	32	110	88	1	47981022001
13341	47981	33	111	88	1	47981377001
13342	47981	34	112	88	1	47981424000
13343	47982	0	108	83	1	47982875000
13344	47982	24	108	87	1	47982019001
13345	47982	28	112	87	1	47982019001
13346	47982	30	108	88	1	47982698000
13347	47984	16	112	85	1	47984692001
13348	47984	20	110	86	1	47984221000
13349	47986	4	112	83	1	47986728000
13350	47986	12	108	85	1	47986036000
13351	47992	18	108	86	1	47992250000
13352	47993	1	109	83	1	47993722000
13353	47993	32	110	88	1	47993911000
13354	47994	26	110	87	1	47994347000
13355	47995	9	111	84	1	47995987000
13356	47995	10	112	84	1	47995288001
13357	48000	11	113	84	1	48000792000
13358	48004	29	113	87	1	48004993000
13359	48005	13	109	85	1	48005188000
13360	48006	2	110	83	1	48006182001
13361	48007	6	108	84	1	48007953001
13362	48007	22	112	86	1	48007146000
13363	48079	29	113	87	0	48079696000
13364	48081	22	112	86	0	48081806000
13365	48156	28	112	87	0	48156727001
13366	48159	9	111	84	0	48159464000
13367	48159	10	112	84	0	48159690000
13368	48159	16	112	85	0	48159389000
13369	48160	2	110	83	0	48160138001
13370	48216	24	108	87	0	48216755000
13371	48216	30	108	88	0	48216374001
13372	48216	31	109	88	0	48216969000
13373	48217	12	108	85	0	48217771000
13374	48217	18	108	86	0	48217206000
13375	48217	19	109	86	0	48217976000
13376	48217	25	109	87	0	48217851001
13377	48217	32	110	88	0	48217905001
13378	48218	0	108	83	0	48218919000
13379	48218	6	108	84	0	48218254001
13380	48218	13	109	85	0	48218490001
13381	48218	20	110	86	0	48218704001
13382	48218	26	110	87	0	48218307001
13383	48218	30	108	88	0	48218383001
13384	48218	33	111	88	0	48218350001
13385	48219	1	109	83	0	48219406000
13386	48219	7	109	84	0	48219233001
13387	48219	8	110	84	0	48219646000
13388	48219	14	110	85	0	48219348001
13389	48219	18	108	86	0	48219306001
13390	48219	21	111	86	0	48219530000
13391	48219	24	108	87	0	48219273001
13392	48219	27	111	87	0	48219039001
13393	48219	28	112	87	0	48219544000
13394	48219	31	109	88	0	48219310000
13395	48219	34	112	88	0	48219097000
13396	48220	2	110	83	0	48220011000
13397	48220	9	111	84	0	48220227001
13398	48220	10	112	84	0	48220935000
13399	48220	12	108	85	0	48220167001
13400	48220	15	111	85	0	48220089001
13401	48220	16	112	85	0	48220539001
13402	48220	19	109	86	0	48220945001
13403	48220	20	110	86	0	48220956001
13404	48220	22	112	86	0	48220102000
13405	48220	23	113	86	0	48220937000
13406	48220	25	109	87	0	48220518000
13407	48220	29	113	87	0	48220418001
13408	48220	32	110	88	0	48220219000
13409	48220	33	111	88	0	48220113000
13410	48220	35	113	88	0	48220075001
13411	48221	1	109	83	0	48221629000
13412	48221	3	111	83	0	48221209001
13413	48221	4	112	83	0	48221599000
13414	48221	8	110	84	0	48221782000
13415	48221	11	113	84	0	48221829000
13416	48221	13	109	85	0	48221608001
13417	48221	17	113	85	0	48221646000
13418	48221	26	110	87	0	48221112000
13419	48221	27	111	87	0	48221806001
13420	48221	28	112	87	0	48221325000
13421	48221	34	112	88	0	48221013000
13422	48222	2	110	83	0	48222099000
13423	48222	5	113	83	0	48222264001
13424	48222	9	111	84	0	48222105000
13425	48222	16	112	85	0	48222432000
13426	48222	22	112	86	0	48222219001
13427	48222	29	113	87	0	48222647001
13428	48223	10	112	84	0	48223098000
13429	48223	21	111	86	0	48223304000
13430	48223	23	113	86	0	48223376001
13431	48224	4	112	83	0	48224301000
13432	48224	5	113	83	0	48224677000
13433	48224	11	113	84	0	48224324001
13434	48225	17	113	85	0	48225577001
13435	48225	35	113	88	0	48225408001
13436	48226	6	108	84	0	48226032001
13437	48226	9	111	84	0	48226101000
13438	48226	14	110	85	0	48226106001
13439	48227	15	111	85	0	48227784000
13440	48230	3	111	83	0	48230684001
13441	48240	0	108	83	1	48240947000
13442	48242	6	108	84	1	48242255000
13443	48243	0	108	83	1	48243106000
13444	48243	12	108	85	1	48243036001
13445	48244	1	109	83	1	48244400000
13446	48244	6	108	84	1	48244863001
13447	48245	12	108	85	1	48245910001
13448	48245	18	108	86	1	48245660001
13449	48246	7	109	84	1	48246651000
13450	48247	1	109	83	1	48247110000
13451	48248	13	109	85	1	48248691001
13452	48248	18	108	86	1	48248816000
13453	48248	24	108	87	1	48248037001
13454	48249	2	110	83	1	48249239001
13455	48249	12	108	85	1	48249643000
13456	48249	30	108	88	1	48249417001
13457	48250	7	109	84	1	48250187000
13458	48252	8	110	84	1	48252403001
13459	48253	2	110	83	1	48253942001
13460	48253	19	109	86	1	48253288000
13461	48253	24	108	87	1	48253449001
13462	48254	13	109	85	1	48254860001
13463	48254	30	108	88	1	48254322001
13464	48255	14	110	85	1	48255950000
13465	48255	18	108	86	1	48255562000
13466	48262	24	108	87	0	48262912000
13467	48262	30	108	88	0	48262614000
13468	48265	19	109	86	0	48265613001
13469	48266	13	109	85	0	48266558001
13470	48267	8	110	84	0	48267955001
13471	48267	18	108	86	0	48267015001
13472	48267	24	108	87	0	48267435000
13473	48267	30	108	88	0	48267429000
13474	48269	2	110	83	0	48269667000
13475	48272	7	109	84	0	48272828000
13476	48277	2	110	83	1	48277991000
13477	48280	1	109	83	1	48280318001
13478	48280	8	110	84	1	48280237000
13479	48280	13	109	85	1	48280361000
13480	48281	2	110	83	1	48281807001
13481	48281	7	109	84	1	48281170001
13482	48281	24	108	87	1	48281631000
13483	48282	19	109	86	1	48282338001
13484	48282	30	108	88	1	48282406001
13485	48283	3	111	83	1	48283180001
13486	48283	8	110	84	1	48283492001
13487	48283	13	109	85	1	48283289001
13488	48283	14	110	85	1	48283352001
13489	48283	18	108	86	1	48283072000
13490	48285	19	109	86	1	48285289000
13491	48285	25	109	87	1	48285697000
13492	48285	30	108	88	1	48285492000
13493	48286	3	111	83	1	48286437000
13494	48286	9	111	84	1	48286438000
13495	48286	14	110	85	1	48286281001
13496	48286	20	110	86	1	48286930000
13497	48287	8	110	84	1	48287021001
13498	48288	4	112	83	1	48288586001
13499	48288	14	110	85	1	48288768000
13500	48288	24	108	87	1	48288487001
13501	48288	25	109	87	1	48288284000
13502	48288	31	109	88	1	48288624000
13503	48289	9	111	84	1	48289162000
13504	48289	15	111	85	1	48289532001
13505	48289	20	110	86	1	48289686001
13506	48290	3	111	83	1	48290483001
13507	48290	4	112	83	1	48290985000
13508	48290	10	112	84	1	48290849001
13509	48290	26	110	87	1	48290138000
13510	48290	30	108	88	1	48290337001
13511	48291	21	111	86	1	48291966001
13512	48291	31	109	88	1	48291249001
13513	48292	5	113	83	1	48292376000
13514	48292	15	111	85	1	48292030000
13515	48292	19	109	86	1	48292802001
13516	48292	26	110	87	1	48292740001
13517	48292	32	110	88	1	48292258001
13518	48293	10	112	84	1	48293477001
13519	48293	11	113	84	1	48293673000
13520	48293	16	112	85	1	48293301000
13521	48293	20	110	86	1	48293543000
13522	48293	25	109	87	1	48293675001
13523	48294	5	113	83	1	48294370001
13524	48294	9	111	84	1	48294850001
13525	48294	17	113	85	1	48294897000
13526	48294	21	111	86	1	48294455000
13527	48294	27	111	87	1	48294083001
13528	48294	32	110	88	1	48294884001
13529	48295	4	112	83	1	48295644001
13530	48295	11	113	84	1	48295785001
13531	48295	15	111	85	1	48295211001
13532	48295	16	112	85	1	48295797000
13533	48295	22	112	86	1	48295362000
13534	48296	17	113	85	1	48296933001
13535	48296	23	113	86	1	48296270000
13536	48296	27	111	87	1	48296555000
13537	48296	33	111	88	1	48296254000
13538	48297	22	112	86	1	48297624000
13539	48297	28	112	87	1	48297092000
13540	48297	29	113	87	1	48297092000
13541	48297	31	109	88	1	48297982000
13542	48298	23	113	86	1	48298289000
13543	48298	33	111	88	1	48298479001
13544	48298	35	113	88	1	48298107001
13545	48299	28	112	87	1	48299184001
13546	48299	29	113	87	1	48299310000
13547	48299	32	110	88	1	48299889000
13548	48299	34	112	88	1	48299197000
13549	48299	35	113	88	1	48299965000
13550	48301	10	112	84	1	48301926001
13551	48301	27	111	87	1	48301285000
13552	48301	34	112	88	1	48301086000
13553	48303	26	110	87	1	48303172001
13554	48303	33	111	88	1	48303271001
13555	48304	21	111	86	1	48304162000
13556	48305	16	112	85	1	48305199001
13557	48305	28	112	87	1	48305200000
13558	48311	0	108	83	1	48311002001
13559	48416	0	108	83	0	48416362000
13560	48417	6	108	84	0	48417490001
13561	48418	0	108	83	0	48418921000
13562	48418	1	109	83	0	48418163000
13563	48418	12	108	85	0	48418588000
13564	48419	6	108	84	0	48419976000
13565	48419	7	109	84	0	48419129000
13566	48419	13	109	85	0	48419910001
13567	48419	18	108	86	0	48419416000
13568	48420	19	109	86	0	48420337001
13569	48420	24	108	87	0	48420390000
13570	48421	1	109	83	0	48421898000
13571	48421	2	110	83	0	48421552000
13572	48421	7	109	84	0	48421830000
13573	48421	8	110	84	0	48421610001
13574	48421	12	108	85	0	48421304000
13575	48421	14	110	85	0	48421783000
13576	48421	25	109	87	0	48421751001
13577	48421	30	108	88	0	48421399001
13578	48422	13	109	85	0	48422711000
13579	48422	18	108	86	0	48422059000
13580	48422	19	109	86	0	48422625001
13581	48422	20	110	86	0	48422104000
13582	48422	24	108	87	0	48422503000
13583	48422	26	110	87	0	48422817001
13584	48422	31	109	88	0	48422285001
13585	48423	30	108	88	0	48423761000
13586	48423	32	110	88	0	48423899000
13587	48424	8	110	84	0	48424765001
13588	48424	21	111	86	0	48424438001
13589	48424	25	109	87	0	48424868001
13590	48424	27	111	87	0	48424913001
13591	48424	31	109	88	0	48424616000
13592	48425	14	110	85	0	48425178001
13593	48425	20	110	86	0	48425584001
13594	48425	24	108	87	0	48425818000
13595	48425	26	110	87	0	48425195001
13596	48425	33	111	88	0	48425245001
13597	48426	9	111	84	0	48426428001
13598	48426	15	111	85	0	48426241000
13599	48426	19	109	86	0	48426011001
13600	48426	21	111	86	0	48426697000
13601	48426	28	112	87	0	48426970000
13602	48426	32	110	88	0	48426862000
13603	48427	7	109	84	0	48427540001
13604	48427	27	111	87	0	48427856000
13605	48427	33	111	88	0	48427409000
13606	48427	34	112	88	0	48427951000
13607	48429	28	112	87	0	48429955000
13608	48430	20	110	86	0	48430747001
13609	48430	26	110	87	0	48430817000
13610	48430	33	111	88	0	48430411000
13611	48430	34	112	88	0	48430073000
13612	48431	1	109	83	1	48431267000
13613	48431	2	110	83	1	48431382000
13614	48431	8	110	84	1	48431623001
13615	48431	27	111	87	0	48431593000
13616	48431	31	109	88	0	48431504001
13617	48432	0	108	83	1	48432942000
13618	48432	22	112	86	0	48432206001
13619	48433	35	113	88	0	48433524000
13620	48434	1	109	83	1	48434089000
13621	48434	8	110	84	1	48434794001
13622	48434	33	111	88	0	48434405000
13623	48434	34	112	88	0	48434016000
13624	48435	7	109	84	1	48435068001
13625	48435	14	110	85	1	48435871000
13626	48436	0	108	83	1	48436472001
13627	48436	15	111	85	1	48436131001
13628	48437	6	108	84	1	48437107000
13629	48437	20	110	86	1	48437019000
13630	48438	7	109	84	1	48438622001
13631	48438	13	109	85	1	48438754001
13632	48438	21	111	86	1	48438969000
13633	48439	14	110	85	1	48439754001
13634	48440	6	108	84	1	48440333001
13635	48441	13	109	85	1	48441923001
13636	48441	28	112	87	1	48441574001
13637	48442	12	108	85	1	48442213001
13638	48442	20	110	86	1	48442447001
13639	48443	0	108	83	1	48443525001
13640	48444	19	109	86	1	48444004000
13641	48444	27	111	87	1	48444606000
13642	48445	12	108	85	1	48445465000
13643	48445	13	109	85	1	48445599001
13644	48445	20	110	86	1	48445696000
13645	48446	26	110	87	1	48446151001
13646	48447	18	108	86	1	48447620001
13647	48447	21	111	86	1	48447978000
13648	48448	12	108	85	1	48448596001
13649	48448	19	109	86	1	48448293000
13650	48448	27	111	87	1	48448954001
13651	48448	28	112	87	1	48448920001
13652	48448	34	112	88	1	48448230001
13653	48449	6	108	84	1	48449200000
13654	48449	33	111	88	1	48449049001
13655	48450	26	110	87	1	48450557001
13656	48451	18	108	86	1	48451330000
13657	48451	25	109	87	1	48451689001
13658	48454	14	110	85	1	48454487000
13659	48454	18	108	86	1	48454672001
13660	48454	19	109	86	1	48454407001
13661	48454	34	112	88	1	48454425001
13662	48455	20	110	86	1	48455408000
13663	48455	26	110	87	1	48455434001
13664	48456	24	108	87	1	48456938001
13665	48457	25	109	87	1	48457692001
13666	48458	32	110	88	1	48458044001
13667	48464	34	112	88	0	48464255001
13668	48468	32	110	88	0	48468390000
13669	48468	35	113	88	0	48468399000
13670	48469	25	109	87	0	48469813001
13671	48469	26	110	87	0	48469235000
13672	48469	34	112	88	0	48469489001
13673	48470	33	111	88	0	48470096000
13674	48471	27	111	87	0	48471236000
13675	48471	28	112	87	0	48471743001
13676	48471	35	113	88	0	48471552001
13677	48472	24	108	87	0	48472177001
13678	48472	26	110	87	0	48472781000
13679	48472	29	113	87	0	48472751001
13680	48472	34	112	88	0	48472564000
13681	48473	18	108	86	0	48473098000
13682	48473	25	109	87	0	48473214000
13683	48473	27	111	87	0	48473842000
13684	48474	19	109	86	0	48474121001
13685	48474	20	110	86	0	48474649000
13686	48474	28	112	87	0	48474341001
13687	48475	18	108	86	0	48475466000
13688	48475	29	113	87	0	48475728001
13689	48476	19	109	86	0	48476847000
13690	48476	21	111	86	0	48476858000
13691	48476	26	110	87	0	48476951000
13692	48476	27	111	87	0	48476930001
13693	48476	28	112	87	0	48476749000
13694	48476	35	113	88	0	48476223000
13695	48477	20	110	86	0	48477433000
13696	48478	23	113	86	0	48478834000
13697	48478	29	113	87	0	48478901001
13698	48479	18	108	86	0	48479488001
13699	48479	19	109	86	0	48479748001
13700	48479	21	111	86	0	48479419000
13701	48479	22	112	86	0	48479908001
13702	48479	25	109	87	0	48479413001
13703	48480	12	108	85	0	48480234001
13704	48480	20	110	86	0	48480756000
13705	48480	28	112	87	0	48480793000
13706	48481	13	109	85	0	48481465000
13707	48481	14	110	85	0	48481115001
13708	48481	18	108	86	0	48481864001
13709	48481	21	111	86	0	48481982001
13710	48481	27	111	87	0	48481503001
13711	48482	22	112	86	0	48482205001
13712	48482	23	113	86	0	48482131001
13713	48483	12	108	85	0	48483019000
13714	48483	14	110	85	0	48483869000
13715	48483	16	112	85	0	48483291001
13716	48483	20	110	86	0	48483391000
13717	48483	29	113	87	0	48483345000
13718	48484	13	109	85	0	48484468000
13719	48484	15	111	85	0	48484336000
13720	48484	22	112	86	0	48484959001
13721	48485	6	108	84	0	48485403000
13722	48485	19	109	86	0	48485532000
13723	48485	23	113	86	0	48485558000
13724	48486	12	108	85	0	48486481000
13725	48486	16	112	85	0	48486399000
13726	48486	17	113	85	0	48486840001
13727	48486	21	111	86	1	48486321001
13728	48487	7	109	84	0	48487104001
13729	48487	10	112	84	0	48487710000
13730	48487	14	110	85	0	48487402001
13731	48487	15	111	85	0	48487365000
13732	48488	6	108	84	0	48488399001
13733	48488	8	110	84	0	48488430001
13734	48488	13	109	85	0	48488009000
13735	48489	16	112	85	0	48489419000
13736	48489	22	112	86	0	48489027000
13737	48489	23	113	86	0	48489565000
13738	48490	0	108	83	0	48490338001
13739	48490	7	109	84	0	48490617000
13740	48490	9	111	84	0	48490004000
13741	48490	17	113	85	0	48490783001
13742	48491	8	110	84	0	48491143001
13743	48491	15	111	85	0	48491394000
13744	48492	0	108	83	0	48492984000
13745	48492	1	109	83	0	48492996000
13746	48492	6	108	84	0	48492859001
13747	48492	10	112	84	0	48492704001
13748	48493	9	111	84	0	48493393000
13749	48494	2	110	83	0	48494359001
13750	48495	8	110	84	0	48495919001
13751	48495	23	113	86	1	48495781001
13752	48496	0	108	83	0	48496981000
13753	48496	1	109	83	0	48496438000
13754	48496	7	109	84	0	48496715001
13755	48496	17	113	85	1	48496249000
13756	48497	22	112	86	1	48497828000
13757	48497	29	113	87	1	48497155000
13758	48497	35	113	88	1	48497142001
13759	48498	9	111	84	1	48498960001
13760	48498	16	112	85	1	48498354000
13761	48498	23	113	86	1	48498098000
13762	48498	28	112	87	1	48498628001
13763	48498	34	112	88	1	48498484000
13764	48498	35	113	88	1	48498978001
13765	48499	15	111	85	1	48499636001
13766	48499	21	111	86	1	48499975000
13767	48499	22	112	86	1	48499873001
13768	48499	27	111	87	1	48499734001
13769	48499	29	113	87	1	48499566001
13770	48499	33	111	88	1	48499735001
13771	48500	8	110	84	1	48500484000
13772	48500	10	112	84	1	48500305000
13773	48500	28	112	87	1	48500399001
13774	48500	34	112	88	1	48500051000
13775	48501	1	109	83	1	48501643001
13776	48501	7	109	84	1	48501689000
13777	48501	14	110	85	1	48501246001
13778	48501	15	111	85	1	48501462001
13779	48501	20	110	86	1	48501299001
13780	48501	26	110	87	1	48501351000
13781	48501	27	111	87	1	48501426001
13782	48501	31	109	88	1	48501940000
13783	48501	32	110	88	1	48501200000
13784	48501	33	111	88	1	48501300001
13785	48502	0	108	83	1	48502665001
13786	48502	8	110	84	1	48502461001
13787	48502	13	109	85	1	48502572001
13788	48502	14	110	85	1	48502955000
13789	48502	16	112	85	1	48502704001
13790	48502	19	109	86	1	48502820000
13791	48502	21	111	86	1	48502182000
13792	48502	25	109	87	1	48502489000
13793	48502	30	108	88	1	48502948001
13794	48503	2	110	83	1	48503417000
13795	48503	6	108	84	1	48503447001
13796	48503	7	109	84	1	48503841001
13797	48503	18	108	86	1	48503731001
13798	48503	20	110	86	1	48503064001
13799	48503	24	108	87	1	48503792000
13800	48503	32	110	88	1	48503852001
13801	48504	0	108	83	1	48504456000
13802	48504	12	108	85	1	48504151000
13803	48504	13	109	85	1	48504697000
13804	48504	25	109	87	1	48504468001
13805	48504	26	110	87	1	48504156001
13806	48504	31	109	88	1	48504381001
13807	48505	6	108	84	1	48505615000
13808	48505	18	108	86	1	48505334000
13809	48505	19	109	86	1	48505753000
13810	48505	30	108	88	1	48505058000
13811	48506	12	108	85	1	48506043000
13812	48507	24	108	87	1	48507437001
13813	48856	0	108	83	0	48856842001
13814	48856	1	109	83	0	48856523001
13815	48856	2	110	83	0	48856411001
13816	48856	3	111	83	0	48856290001
13817	48856	4	112	83	0	48856154001
13818	48856	5	113	83	0	48856044000
13819	48857	7	109	84	0	48857895000
13820	48857	8	110	84	0	48857769000
13821	48857	9	111	84	0	48857580000
13822	48857	10	112	84	0	48857407001
13823	48857	11	113	84	0	48857502001
13824	48858	2	110	83	0	48858416000
13825	48858	3	111	83	0	48858751000
13826	48858	4	112	83	0	48858625001
13827	48858	5	113	83	0	48858151000
13828	48858	6	108	84	0	48858138001
13829	48858	17	113	85	0	48858953000
13830	48859	0	108	83	0	48859911001
13831	48859	1	109	83	0	48859062001
13832	48859	8	110	84	0	48859953000
13833	48859	9	111	84	0	48859539000
13834	48859	10	112	84	0	48859559000
13835	48859	11	113	84	0	48859871000
13836	48859	12	108	85	0	48859613001
13837	48859	13	109	85	0	48859585001
13838	48859	14	110	85	0	48859173000
13839	48859	15	111	85	0	48859207000
13840	48859	16	112	85	0	48859039001
13841	48860	6	108	84	0	48860578001
13842	48860	7	109	84	0	48860353001
13843	48860	18	108	86	0	48860860001
13844	48860	19	109	86	0	48860520001
13845	48860	20	110	86	0	48860632001
13846	48860	21	111	86	0	48860296000
13847	48860	22	112	86	0	48860214000
13848	48860	23	113	86	0	48860092001
13849	48861	14	110	85	0	48861211000
13850	48861	15	111	85	0	48861335000
13851	48861	16	112	85	0	48861107000
13852	48861	17	113	85	0	48861507001
13853	48861	27	111	87	0	48861920000
13854	48861	28	112	87	0	48861640001
13855	48861	29	113	87	0	48861375001
13856	48862	12	108	85	0	48862001000
13857	48862	13	109	85	0	48862315001
13858	48862	18	108	86	0	48862929001
13859	48862	19	109	86	0	48862805001
13860	48862	20	110	86	0	48862725000
13861	48862	21	111	86	0	48862544000
13862	48862	22	112	86	0	48862360001
13863	48862	23	113	86	0	48862286000
13864	48862	24	108	87	0	48862287001
13865	48862	25	109	87	0	48862402001
13866	48862	26	110	87	0	48862181000
13867	48862	34	112	88	0	48862991001
13868	48862	35	113	88	0	48862942001
13869	48863	27	111	87	0	48863898000
13870	48863	28	112	87	0	48863607001
13871	48863	29	113	87	0	48863431000
13872	48863	30	108	88	0	48863602000
13873	48863	31	109	88	0	48863329000
13874	48863	32	110	88	0	48863664000
13875	48863	33	111	88	0	48863141000
13876	48864	24	108	87	0	48864532000
13877	48864	26	110	87	0	48864670001
13878	48865	25	109	87	0	48865014001
13879	48865	30	108	88	0	48865481001
13880	48865	31	109	88	0	48865495001
13881	48865	33	111	88	0	48865141001
13882	48865	34	112	88	0	48865131000
13883	48865	35	113	88	0	48865010000
13884	48866	32	110	88	0	48866080001
13885	48867	22	112	86	0	48867435001
13886	48867	29	113	87	0	48867607000
13887	48868	28	112	87	0	48868060000
13888	48870	33	111	88	0	48870494001
13889	48871	34	112	88	0	48871049000
13890	48873	4	112	83	1	48873821000
13891	48873	5	113	83	1	48873080001
13892	48873	11	113	84	1	48873324001
13893	48873	17	113	85	1	48873641000
13894	48874	3	111	83	1	48874815000
13895	48874	10	112	84	1	48874005000
13896	48874	16	112	85	1	48874821000
13897	48874	22	112	86	1	48874932001
13898	48874	23	113	86	1	48874169001
13899	48874	29	113	87	1	48874242001
13900	48874	35	113	88	1	48874804000
13901	48875	2	110	83	1	48875726000
13902	48875	9	111	84	1	48875240000
13903	48875	15	111	85	1	48875481001
13904	48875	21	111	86	1	48875642000
13905	48875	28	112	87	1	48875411000
13906	48875	34	112	88	1	48875543001
13907	48876	1	109	83	1	48876578001
13908	48876	7	109	84	1	48876857001
13909	48876	8	110	84	1	48876053000
13910	48876	13	109	85	1	48876995001
13911	48876	14	110	85	1	48876444000
13912	48876	20	110	86	1	48876806001
13913	48876	27	111	87	1	48876249001
13914	48876	33	111	88	1	48876329000
13915	48877	0	108	83	1	48877471000
13916	48877	6	108	84	1	48877850001
13917	48877	19	109	86	1	48877690001
13918	48877	25	109	87	1	48877743001
13919	48877	26	110	87	1	48877124001
13920	48877	32	110	88	1	48877413000
13921	48878	12	108	85	1	48878243000
13922	48878	18	108	86	1	48878531001
13923	48878	24	108	87	1	48878798001
13924	48878	31	109	88	1	48878195000
13925	48879	30	108	88	1	48879007001
13926	48879	33	111	88	1	48879594000
13927	48903	0	108	83	1	48903039000
13928	48909	33	111	88	0	48909328001
13929	48950	11	113	84	0	48950823000
13930	48952	23	113	86	0	48952598001
13931	48953	29	113	87	0	48953804000
13932	48954	35	113	88	0	48954976001
13933	49137	10	112	84	0	49137709000
13934	49139	9	111	84	0	49139537000
13935	49286	18	108	86	0	49286713000
13936	49286	24	108	87	0	49286464001
13937	49286	30	108	88	0	49286419001
13938	49287	0	108	83	0	49287399001
13939	49287	6	108	84	0	49287196001
13940	49287	12	108	85	0	49287094001
13941	49287	19	109	86	0	49287687000
13942	49287	31	109	88	0	49287484000
13943	49288	1	109	83	0	49288391000
13944	49288	7	109	84	0	49288276001
13945	49288	13	109	85	0	49288219001
13946	49288	18	108	86	0	49288941001
13947	49288	24	108	87	0	49288419000
13948	49288	25	109	87	0	49288121000
13949	49288	30	108	88	0	49288420000
13950	49288	32	110	88	0	49288924001
13951	49289	2	110	83	0	49289331000
13952	49289	6	108	84	0	49289782000
13953	49289	8	110	84	0	49289340001
13954	49289	12	108	85	0	49289367001
13955	49289	14	110	85	0	49289208000
13956	49289	19	109	86	0	49289764000
13957	49289	20	110	86	0	49289012001
13958	49289	26	110	87	0	49289037001
13959	49289	31	109	88	0	49289419001
13960	49289	33	111	88	0	49289901000
13961	49290	0	108	83	0	49290015001
13962	49290	1	109	83	0	49290649000
13963	49290	3	111	83	0	49290516001
13964	49290	9	111	84	0	49290430000
13965	49290	15	111	85	0	49290484000
13966	49290	21	111	86	0	49290206001
13967	49290	25	109	87	0	49290636000
13968	49290	27	111	87	0	49290084000
13969	49290	34	112	88	0	49290806000
13970	49291	2	110	83	0	49291404001
13971	49291	4	112	83	0	49291521000
13972	49291	10	112	84	0	49291384001
13973	49291	14	110	85	0	49291871000
13974	49291	16	112	85	0	49291331001
13975	49291	20	110	86	0	49291146001
13976	49291	22	112	86	0	49291134001
13977	49291	28	112	87	0	49291027001
13978	49291	32	110	88	0	49291100001
13979	49291	33	111	88	0	49291684000
13980	49292	3	111	83	0	49292911000
13981	49292	5	113	83	0	49292618000
13982	49292	8	110	84	0	49292533000
13983	49292	9	111	84	0	49292345001
13984	49292	11	113	84	0	49292520001
13985	49292	13	109	85	0	49292726000
13986	49292	17	113	85	0	49292612000
13987	49292	21	111	86	0	49292457001
13988	49292	23	113	86	0	49292164001
13989	49292	27	111	87	0	49292018001
13990	49292	29	113	87	0	49292152000
13991	49292	34	112	88	0	49292947001
13992	49292	35	113	88	0	49292275000
13993	49293	4	112	83	0	49293671000
13994	49293	7	109	84	0	49293502000
13995	49293	10	112	84	0	49293643000
13996	49293	15	111	85	0	49293231000
13997	49293	16	112	85	0	49293503000
13998	49293	22	112	86	0	49293248000
13999	49293	26	110	87	0	49293128001
14000	49293	28	112	87	0	49293040000
14001	49294	5	113	83	0	49294880000
14002	49294	11	113	84	0	49294783001
14003	49294	23	113	86	0	49294277001
14004	49294	29	113	87	0	49294009000
14005	49294	35	113	88	0	49294818000
14006	49295	17	113	85	0	49295384001
14007	49300	34	112	88	0	49300457001
14008	49303	30	108	88	1	49303413000
14009	49303	31	109	88	1	49303621000
14010	49304	18	108	86	1	49304670000
14011	49304	24	108	87	1	49304133000
14012	49304	25	109	87	1	49304475001
14013	49304	26	110	87	1	49304889000
14014	49304	32	110	88	1	49304168000
14015	49304	33	111	88	1	49304517000
14016	49304	34	112	88	1	49304884000
14017	49305	12	108	85	1	49305428000
14018	49305	19	109	86	1	49305410001
14019	49305	20	110	86	1	49305437001
14020	49305	27	111	87	1	49305428000
14021	49305	28	112	87	1	49305496000
14022	49305	35	113	88	1	49305238000
14023	49306	6	108	84	1	49306770001
14024	49306	7	109	84	1	49306770001
14025	49306	13	109	85	1	49306342000
14026	49306	14	110	85	1	49306270001
14027	49306	15	111	85	1	49306925000
14028	49306	18	108	86	1	49306328001
14029	49306	21	111	86	1	49306074001
14030	49306	22	112	86	1	49306747000
14031	49306	23	113	86	1	49306912001
14032	49306	29	113	87	1	49306166000
14033	49307	0	108	83	1	49307412001
14034	49307	8	110	84	1	49307258000
14035	49307	9	111	84	1	49307892001
14036	49307	12	108	85	1	49307133000
14037	49307	16	112	85	1	49307306001
14038	49307	17	113	85	1	49307719000
14039	49308	1	109	83	1	49308059001
14040	49308	2	110	83	1	49308304000
14041	49308	3	111	83	1	49308672000
14042	49308	4	112	83	1	49308887001
14043	49308	10	112	84	1	49308106001
14044	49308	11	113	84	1	49308712001
14045	49308	14	110	85	1	49308470001
14046	49308	20	110	86	1	49308737001
14047	49309	5	113	83	1	49309321001
14048	49309	15	111	85	1	49309265001
14049	49309	28	112	87	1	49309512001
14050	49310	8	110	84	1	49310713000
14051	49326	16	112	85	1	49326917001
14052	49391	18	108	86	0	49391408001
14053	49393	19	109	86	0	49393824001
14054	49396	14	110	85	0	49396504000
14055	49397	8	110	84	0	49397948001
14056	49476	0	108	83	0	49476851001
14057	49476	1	109	83	0	49476339001
14058	49476	2	110	83	0	49476484001
14059	49476	3	111	83	0	49476242001
14060	49476	4	112	83	0	49476294001
14061	49476	5	113	83	0	49476014000
14062	49476	9	111	84	0	49476720001
14063	49476	10	112	84	0	49476599000
14064	49476	11	113	84	0	49476697000
14065	49477	6	108	84	0	49477333000
14066	49477	7	109	84	0	49477096000
14067	49477	8	110	84	0	49477032001
14068	49477	13	109	85	0	49477822000
14069	49477	14	110	85	0	49477822000
14070	49477	15	111	85	0	49477575000
14071	49477	16	112	85	0	49477325001
14072	49477	17	113	85	0	49477284001
14073	49477	22	112	86	0	49477952000
14074	49477	23	113	86	0	49477741001
14075	49478	12	108	85	0	49478037000
14076	49478	18	108	86	0	49478684000
14077	49478	19	109	86	0	49478398001
14078	49478	20	110	86	0	49478172000
14079	49478	21	111	86	0	49478067001
14080	49478	27	111	87	0	49478943000
14081	49478	28	112	87	0	49478582000
14082	49478	29	113	87	0	49478395000
14083	49479	22	112	86	0	49479928000
14084	49479	23	113	86	0	49479783001
14085	49479	24	108	87	0	49479155000
14086	49479	25	109	87	0	49479291000
14087	49479	26	110	87	0	49479042000
14088	49479	30	108	88	0	49479800001
14089	49479	31	109	88	0	49479551000
14090	49479	32	110	88	0	49479839001
14091	49479	33	111	88	0	49479463001
14092	49479	34	112	88	0	49479360001
14093	49479	35	113	88	0	49479302000
14094	49480	5	113	83	0	49480514001
14095	49480	9	111	84	0	49480515001
14096	49480	12	108	85	0	49480365000
14097	49480	13	109	85	0	49480805000
14098	49480	14	110	85	0	49480095000
14099	49481	10	112	84	0	49481159000
14100	49481	11	113	84	0	49481014000
14101	49481	16	112	85	0	49481270001
14102	49481	21	111	86	0	49481730001
14103	49481	29	113	87	0	49481082000
14104	49481	34	112	88	0	49481976000
14105	49482	8	110	84	0	49482935001
14106	49482	20	110	86	0	49482463001
14107	49482	28	112	87	0	49482540001
14108	49482	31	109	88	0	49482348000
14109	49482	33	111	88	0	49482635000
14110	49483	4	112	83	0	49483578001
14111	49483	24	108	87	0	49483473000
14112	49483	32	110	88	0	49483207000
14113	49485	8	110	84	0	49485562000
14114	49485	30	108	88	0	49485696000
14115	49486	26	110	87	0	49486430001
14116	49488	0	108	83	1	49488132000
14117	49490	0	108	83	1	49490692001
14118	49491	6	108	84	1	49491401001
14119	49492	1	109	83	1	49492259000
14120	49493	6	108	84	1	49493896000
14121	49493	12	108	85	1	49493888001
14122	49494	1	109	83	1	49494800001
14123	49494	2	110	83	1	49494950000
14124	49494	5	113	83	1	49494366001
14125	49494	11	113	84	1	49494646000
14126	49494	17	113	85	1	49494932000
14127	49495	4	112	83	1	49495264000
14128	49495	7	109	84	1	49495052000
14129	49495	8	110	84	1	49495171001
14130	49495	10	112	84	1	49495343000
14131	49495	14	110	85	1	49495049001
14132	49495	16	112	85	1	49495669000
14133	49495	22	112	86	1	49495971001
14134	49495	23	113	86	1	49495119000
14135	49495	29	113	87	1	49495418000
14136	49495	35	113	88	1	49495924000
14137	49496	2	110	83	1	49496967001
14138	49496	3	111	83	1	49496073001
14139	49496	9	111	84	1	49496034001
14140	49496	12	108	85	1	49496283000
14141	49496	15	111	85	1	49496501001
14142	49496	21	111	86	1	49496636001
14143	49496	28	112	87	1	49496177000
14144	49496	34	112	88	1	49496340000
14145	49497	7	109	84	1	49497518001
14146	49497	8	110	84	1	49497029001
14147	49497	13	109	85	1	49497166000
14148	49497	14	110	85	1	49497428001
14149	49497	18	108	86	1	49497231001
14150	49497	20	110	86	1	49497490001
14151	49497	26	110	87	1	49497846001
14152	49497	27	111	87	1	49497094000
14153	49497	33	111	88	1	49497007001
14154	49498	0	108	83	1	49498686000
14155	49498	13	109	85	1	49498862000
14156	49498	19	109	86	1	49498353001
14157	49498	25	109	87	1	49498707001
14158	49498	31	109	88	1	49498681000
14159	49498	32	110	88	1	49498266000
14160	49498	33	111	88	1	49498942001
14161	49499	12	108	85	1	49499265001
14162	49499	18	108	86	1	49499183000
14163	49499	24	108	87	1	49499321001
14164	49499	30	108	88	1	49499650000
14165	49500	34	112	88	1	49500567000
14166	49506	6	108	84	1	49506626001
14167	49580	5	113	83	0	49580453000
14168	49581	11	113	84	0	49581395000
14169	49582	17	113	85	0	49582840000
14170	49583	23	113	86	0	49583872001
14171	49585	29	113	87	1	49585371001
14172	49742	34	112	88	0	49742268001
14173	49743	28	112	87	0	49743980001
14174	49743	33	111	88	0	49743725001
14175	49744	10	112	84	0	49744600000
14176	49745	19	109	86	0	49745978001
14177	49745	31	109	88	0	49745159000
14178	49746	2	110	83	0	49746257001
14179	49746	24	108	87	0	49746503000
14180	49747	18	108	86	0	49747314000
14181	49749	12	108	85	0	49749397000
14182	49790	35	113	88	0	49790904001
14183	49791	29	113	87	0	49791331001
14184	49792	17	113	85	0	49792752000
14185	49792	23	113	86	0	49792151000
14186	49792	34	112	88	0	49792617000
14187	49792	35	113	88	0	49792891001
14188	49793	11	113	84	0	49793464001
14189	49793	22	112	86	0	49793766000
14190	49793	28	112	87	0	49793232000
14191	49793	29	113	87	0	49793238000
14192	49793	33	111	88	0	49793949001
14193	49794	5	113	83	0	49794118001
14194	49794	16	112	85	0	49794476000
14195	49794	17	113	85	0	49794873001
14196	49794	23	113	86	0	49794192001
14197	49794	27	111	87	0	49794626001
14198	49794	34	112	88	0	49794398000
14199	49795	4	112	83	0	49795798000
14200	49795	5	113	83	0	49795972000
14201	49795	10	112	84	0	49795082001
14202	49795	11	113	84	0	49795647000
14203	49795	21	111	86	0	49795093001
14204	49795	22	112	86	0	49795920001
14205	49795	28	112	87	0	49795395001
14206	49795	32	110	88	0	49795528000
14207	49795	33	111	88	0	49795802001
14208	49796	9	111	84	0	49796143000
14209	49796	15	111	85	0	49796085000
14210	49796	16	112	85	0	49796820001
14211	49796	20	110	86	0	49796717000
14212	49796	26	110	87	0	49796256001
14213	49796	27	111	87	0	49796606001
14214	49796	31	109	88	0	49796797001
14215	49797	3	111	83	0	49797105000
14216	49797	4	112	83	0	49797983000
14217	49797	8	110	84	0	49797883001
14218	49797	10	112	84	0	49797195000
14219	49797	14	110	85	0	49797384001
14220	49797	21	111	86	0	49797041000
14221	49797	25	109	87	0	49797408000
14222	49797	30	108	88	0	49797926000
14223	49797	32	110	88	0	49797752000
14224	49798	9	111	84	0	49798014001
14225	49798	13	109	85	0	49798727001
14226	49798	15	111	85	0	49798803000
14227	49798	19	109	86	0	49798221001
14228	49798	31	109	88	0	49798954001
14229	49799	2	110	83	0	49799258001
14230	49799	3	111	83	0	49799008000
14231	49799	7	109	84	0	49799462000
14232	49799	8	110	84	0	49799889000
14233	49799	14	110	85	0	49799392001
14234	49799	20	110	86	0	49799059001
14235	49799	24	108	87	0	49799192000
14236	49799	25	109	87	0	49799721000
14237	49799	26	110	87	0	49799825001
14238	49799	30	108	88	0	49799974000
14239	49800	1	109	83	0	49800584000
14240	49800	12	108	85	0	49800857001
14241	49800	18	108	86	0	49800003000
14242	49800	19	109	86	0	49800329000
14243	49801	6	108	84	0	49801160001
14244	49801	7	109	84	0	49801895000
14245	49801	13	109	85	0	49801275000
14246	49801	24	108	87	0	49801527000
14247	49802	0	108	83	0	49802116001
14248	49802	1	109	83	0	49802835000
14249	49802	2	110	83	0	49802019000
14250	49802	18	108	86	0	49802274001
14251	49803	6	108	84	0	49803966000
14252	49803	12	108	85	0	49803025000
14253	49803	30	108	88	1	49803513001
14254	49803	31	109	88	1	49803499000
14255	49803	32	110	88	1	49803876000
14256	49803	33	111	88	1	49803798000
14257	49803	34	112	88	1	49803077000
14258	49803	35	113	88	1	49803569001
14259	49804	0	108	83	0	49804708000
14260	49804	9	111	84	0	49804591000
14261	49806	30	108	88	1	49806895001
14262	49806	34	112	88	1	49806913001
14263	49807	24	108	87	1	49807461000
14264	49807	25	109	87	1	49807408001
14265	49807	28	112	87	1	49807935000
14266	49807	29	113	87	1	49807811000
14267	49807	31	109	88	1	49807273001
14268	49807	32	110	88	1	49807371000
14269	49807	33	111	88	1	49807273001
14270	49807	35	113	88	1	49807700001
14271	49808	26	110	87	1	49808629001
14272	49808	27	111	87	1	49808813000
14273	49809	34	112	88	1	49809697001
14274	49810	20	110	86	1	49810269000
14275	49810	30	108	88	1	49810298000
14276	49810	32	110	88	1	49810801001
14277	49810	33	111	88	1	49810336000
14278	49811	1	109	83	0	49811097000
14279	49811	18	108	86	1	49811264001
14280	49811	24	108	87	1	49811201001
14281	49811	25	109	87	1	49811548000
14282	49811	31	109	88	1	49811242000
14283	49811	35	113	88	1	49811110001
14284	49812	19	109	86	1	49812000001
14285	49812	21	111	86	1	49812683000
14286	49812	22	112	86	1	49812801001
14287	49812	26	110	87	1	49812148001
14288	49812	27	111	87	1	49812136001
14289	49812	28	112	87	1	49812404000
14290	49813	20	110	86	1	49813736000
14291	49813	23	113	86	1	49813751001
14292	49813	29	113	87	1	49813086001
14293	49814	18	108	86	1	49814426001
14294	49814	27	111	87	1	49814772000
14295	49815	14	110	85	1	49815667000
14296	49815	19	109	86	1	49815617000
14297	49815	28	112	87	1	49815135001
14298	49816	12	108	85	1	49816196000
14299	49816	13	109	85	1	49816358001
14300	49816	18	108	86	1	49816988001
14301	49817	15	111	85	1	49817057000
14302	49817	16	112	85	1	49817995001
14303	49817	17	113	85	1	49817995001
14304	49817	20	110	86	1	49817334000
14305	49817	21	111	86	1	49817342001
14306	49817	22	112	86	1	49817507000
14307	49817	23	113	86	1	49817922001
14308	49817	24	108	87	1	49817263001
14309	49818	6	108	84	1	49818897000
14310	49818	29	113	87	1	49818554000
14311	49819	12	108	85	1	49819391001
14312	49819	14	110	85	1	49819516000
14313	49819	19	109	86	1	49819900000
14314	49820	7	109	84	1	49820344000
14315	49820	8	110	84	1	49820035000
14316	49820	13	109	85	1	49820239000
14317	49820	23	113	86	1	49820705000
14318	49821	15	111	85	1	49821251000
14319	49821	21	111	86	1	49821534001
14320	49821	22	112	86	1	49821725000
14321	49822	6	108	84	1	49822809000
14322	49822	9	111	84	1	49822123000
14323	49822	10	112	84	1	49822080001
14324	49822	14	110	85	1	49822085000
14325	49822	16	112	85	1	49822514001
14326	49823	0	108	83	1	49823761000
14327	49823	8	110	84	1	49823854001
14328	49823	11	113	84	1	49823686001
14329	49823	12	108	85	1	49823112001
14330	49823	15	111	85	1	49823741001
14331	49823	17	113	85	1	49823290001
14332	49823	25	109	87	1	49823360001
14333	49824	1	109	83	1	49824222000
14334	49824	2	110	83	1	49824788001
14335	49824	7	109	84	1	49824849000
14336	49824	13	109	85	1	49824934001
14337	49824	20	110	86	1	49824922000
14338	49825	16	112	85	1	49825463001
14339	49825	17	113	85	1	49825901000
14340	49826	6	108	84	1	49826024000
14341	49826	8	110	84	1	49826963000
14342	49826	9	111	84	1	49826391000
14343	49826	10	112	84	1	49826580000
14344	49827	0	108	83	1	49827718000
14345	49827	3	111	83	1	49827473001
14346	49828	1	109	83	1	49828171001
14347	49828	4	112	83	1	49828653000
14348	49828	5	113	83	1	49828665000
14349	49828	7	109	84	1	49828822000
14350	49828	9	111	84	1	49828769001
14351	49828	11	113	84	1	49828505000
14352	49829	2	110	83	1	49829418000
14353	49829	10	112	84	1	49829579001
14354	49830	0	108	83	1	49830390001
14355	49831	1	109	83	1	49831070001
14356	49831	8	110	84	1	49831722001
14357	49831	11	113	84	1	49831722001
14358	49832	2	110	83	1	49832504001
14359	49832	3	111	83	1	49832908000
14360	49833	4	112	83	1	49833060000
14361	49833	14	110	85	1	49833671001
14362	49834	5	113	83	1	49834761001
14363	49836	3	111	83	1	49836913001
14364	49836	4	112	83	1	49836294001
14365	49838	5	113	83	1	49838033001
14366	49840	2	110	83	1	49840092001
14367	49842	1	109	83	1	49842109001
14368	49843	26	110	87	1	49843562000
14369	49845	5	113	83	1	49845362001
14370	49845	10	112	84	1	49845520001
14371	49846	4	112	83	1	49846413001
14372	49848	18	108	86	1	49848017001
14373	49862	0	108	83	1	49862241001
14374	50124	31	109	88	0	50124948000
14375	50126	24	108	87	0	50126048001
14376	50127	28	112	87	0	50127455001
14377	50127	30	108	88	0	50127432001
14378	50128	19	109	86	0	50128030001
14379	50128	20	110	86	0	50128309000
14380	50128	22	112	86	0	50128075001
14381	50129	10	112	84	0	50129909001
14382	50129	16	112	85	0	50129292000
14383	50131	2	110	83	0	50131399000
14384	50131	4	112	83	0	50131637001
14385	50153	33	111	88	0	50153687000
14386	50153	34	112	88	0	50153665000
14387	50153	35	113	88	1	50153661001
14388	50154	27	111	87	0	50154736001
14389	50154	28	112	87	0	50154577000
14390	50154	29	113	87	0	50154488000
14391	50154	32	110	88	0	50154714001
14392	50155	21	111	86	0	50155281000
14393	50155	22	112	86	0	50155317001
14394	50155	23	113	86	0	50155343000
14395	50155	25	109	87	0	50155859000
14396	50155	26	110	87	0	50155402001
14397	50155	30	108	88	0	50155427000
14398	50155	31	109	88	0	50155061000
14399	50155	33	111	88	0	50155344001
14400	50155	34	112	88	0	50155506000
14401	50155	35	113	88	0	50155749001
14402	50156	9	111	84	0	50156929000
14403	50156	10	112	84	0	50156744000
14404	50156	14	110	85	0	50156630000
14405	50156	15	111	85	0	50156408001
14406	50156	16	112	85	0	50156248000
14407	50156	17	113	85	0	50156843001
14408	50156	18	108	86	0	50156828000
14409	50156	19	109	86	0	50156604000
14410	50156	20	110	86	0	50156315000
14411	50156	24	108	87	0	50156415001
14412	50156	29	113	87	0	50156459001
14413	50157	3	111	83	0	50157703001
14414	50157	4	112	83	0	50157820000
14415	50157	7	109	84	1	50157889001
14416	50157	8	110	84	0	50157427001
14417	50157	11	113	84	0	50157740000
14418	50157	12	108	85	0	50157780000
14419	50157	13	109	85	0	50157236001
14420	50157	22	112	86	0	50157493000
14421	50157	23	113	86	0	50157316001
14422	50157	27	111	87	0	50157450001
14423	50157	30	108	88	0	50157959000
14424	50158	1	109	83	0	50158532001
14425	50158	2	110	83	0	50158466000
14426	50158	5	113	83	0	50158356001
14427	50158	6	108	84	0	50158333001
14428	50158	14	110	85	0	50158875001
14429	50158	16	112	85	0	50158597001
14430	50158	17	113	85	0	50158981001
14431	50158	26	110	87	0	50158137001
14432	50159	0	108	83	0	50159253000
14433	50159	10	112	84	0	50159580000
14434	50160	4	112	83	0	50160565000
14435	50160	5	113	83	0	50160261000
14436	50160	11	113	84	0	50160107001
14437	50160	19	109	86	0	50160983000
14438	50160	28	112	87	0	50160944000
14439	50161	9	111	84	0	50161060000
14440	50161	29	113	87	0	50161611001
14441	50162	3	111	83	0	50162530000
14442	50163	5	113	83	0	50163713000
14443	50163	35	113	88	1	50163802000
14444	50164	28	112	87	1	50164840001
14445	50164	29	113	87	1	50164433000
14446	50164	33	111	88	1	50164404000
14447	50164	34	112	88	1	50164091001
14448	50165	17	113	85	1	50165854001
14449	50165	21	111	86	1	50165845000
14450	50165	22	112	86	1	50165294000
14451	50165	23	113	86	1	50165251001
14452	50165	26	110	87	1	50165555001
14453	50165	27	111	87	1	50165046000
14454	50165	30	108	88	1	50165605001
14455	50165	31	109	88	1	50165357001
14456	50165	32	110	88	1	50165044001
14457	50166	10	112	84	1	50166717000
14458	50166	11	113	84	1	50166598001
14459	50166	14	110	85	1	50166796000
14460	50166	15	111	85	1	50166531000
14461	50166	16	112	85	1	50166284000
14462	50166	19	109	86	1	50166735000
14463	50166	20	110	86	1	50166096001
14464	50166	24	108	87	1	50166577000
14465	50166	25	109	87	1	50166062001
14466	50167	3	111	83	1	50167779001
14467	50167	4	112	83	1	50167482000
14468	50167	5	113	83	1	50167033000
14469	50167	7	109	84	1	50167964001
14470	50167	8	110	84	1	50167588001
14471	50167	9	111	84	1	50167274000
14472	50167	12	108	85	1	50167743000
14473	50167	13	109	85	1	50167349000
14474	50167	18	108	86	1	50167148001
14475	50168	1	109	83	1	50168726000
14476	50168	2	110	83	1	50168150001
14477	50168	6	108	84	1	50168449001
14478	50169	0	108	83	1	50169192001
14479	50252	29	113	87	0	50252493000
14480	50252	35	113	88	0	50252245000
14481	50253	23	113	86	0	50253412001
14482	50253	34	112	88	0	50253905000
14483	50254	17	113	85	0	50254518000
14484	50254	28	112	87	0	50254401000
14485	50254	29	113	87	0	50254692000
14486	50255	11	113	84	0	50255715001
14487	50255	22	112	86	0	50255597001
14488	50255	23	113	86	0	50255487000
14489	50255	33	111	88	0	50255358000
14490	50256	5	113	83	0	50256656000
14491	50256	10	112	84	0	50256837000
14492	50256	16	112	85	0	50256369000
14493	50256	17	113	85	0	50256904000
14494	50256	21	111	86	0	50256453001
14495	50256	27	111	87	0	50256126001
14496	50256	28	112	87	0	50256936001
14497	50257	11	113	84	0	50257825001
14498	50257	22	112	86	0	50257899001
14499	50257	26	110	87	0	50257588001
14500	50257	32	110	88	0	50257145001
14501	50257	34	112	88	0	50257002001
14502	50257	35	113	88	0	50257399000
14503	50258	4	112	83	0	50258398001
14504	50258	5	113	83	0	50258567001
14505	50258	9	111	84	0	50258507001
14506	50258	10	112	84	0	50258985001
14507	50258	15	111	85	0	50258059000
14508	50258	16	112	85	0	50258576000
14509	50258	20	110	86	0	50258669001
14510	50258	21	111	86	0	50258354001
14511	50258	27	111	87	0	50258182000
14512	50258	31	109	88	0	50258240000
14513	50258	33	111	88	0	50258384000
14514	50259	14	110	85	0	50259844000
14515	50259	15	111	85	0	50259944000
14516	50259	19	109	86	0	50259734001
14517	50259	25	109	87	0	50259347000
14518	50260	3	111	83	0	50260192000
14519	50260	4	112	83	0	50260414001
14520	50260	8	110	84	0	50260716000
14521	50260	9	111	84	0	50260215000
14522	50260	20	110	86	0	50260993001
14523	50260	22	112	86	0	50260026001
14524	50260	24	108	87	0	50260357001
14525	50260	26	110	87	0	50260017000
14526	50260	30	108	88	0	50260008001
14527	50260	31	109	88	0	50260146000
14528	50260	32	110	88	0	50260487001
14529	50261	2	110	83	0	50261856001
14530	50261	13	109	85	0	50261150000
14531	50261	14	110	85	0	50261774000
14532	50261	18	108	86	0	50261909000
14533	50261	19	109	86	0	50261671000
14534	50261	28	112	87	0	50261237001
14535	50261	29	113	87	0	50261180001
14536	50261	34	112	88	0	50261850001
14537	50262	3	111	83	0	50262506000
14538	50262	7	109	84	0	50262167000
14539	50262	24	108	87	0	50262342000
14540	50262	25	109	87	0	50262502001
14541	50262	30	108	88	0	50262211001
14542	50262	33	111	88	0	50262421000
14543	50262	35	113	88	0	50262132001
14544	50263	1	109	83	0	50263185000
14545	50263	2	110	83	0	50263971001
14546	50263	8	110	84	0	50263262001
14547	50263	12	108	85	0	50263122001
14548	50263	13	109	85	0	50263416000
14549	50263	18	108	86	0	50263997000
14550	50264	6	108	84	0	50264123001
14551	50264	7	109	84	0	50264686001
14552	50265	0	108	83	0	50265239001
14553	50265	1	109	83	0	50265263000
14554	50265	12	108	85	0	50265407001
14555	50265	30	108	88	0	50265350001
14556	50265	31	109	88	0	50265420000
14557	50265	32	110	88	0	50265887000
14558	50265	35	113	88	0	50265817001
14559	50266	6	108	84	0	50266727000
14560	50266	33	111	88	0	50266478000
14561	50266	34	112	88	0	50266209000
14562	50267	0	108	83	0	50267668000
14563	50268	27	111	87	0	50268450000
14564	50269	24	108	87	0	50269196001
14565	50269	30	108	88	0	50269901000
14566	50270	31	109	88	0	50270760001
14567	50272	9	111	84	0	50272599001
14568	50278	32	110	88	0	50278451000
14569	50292	5	113	83	1	50292645000
14570	50293	4	112	83	1	50293769001
14571	50293	11	113	84	1	50293312001
14572	50293	17	113	85	1	50293500001
14573	50293	23	113	86	1	50293851000
14574	50294	10	112	84	1	50294129001
14575	50294	16	112	85	1	50294971000
14576	50294	29	113	87	1	50294356001
14577	50294	35	113	88	1	50294877001
14578	50295	3	111	83	1	50295318001
14579	50295	4	112	83	1	50295567000
14580	50295	5	113	83	1	50295376000
14581	50295	9	111	84	1	50295121001
14582	50295	22	112	86	1	50295446001
14583	50295	28	112	87	1	50295586001
14584	50296	2	110	83	1	50296684001
14585	50296	9	111	84	1	50296865001
14586	50296	10	112	84	1	50296273001
14587	50296	15	111	85	1	50296169000
14588	50296	17	113	85	1	50296347001
14589	50296	21	111	86	1	50296510001
14590	50296	23	113	86	1	50296168001
14591	50296	27	111	87	1	50296905001
14592	50296	34	112	88	1	50296131000
14593	50297	3	111	83	1	50297419000
14594	50297	8	110	84	1	50297179001
14595	50297	11	113	84	1	50297861001
14596	50297	14	110	85	1	50297402000
14597	50297	15	111	85	1	50297635001
14598	50297	16	112	85	1	50297003000
14599	50297	22	112	86	1	50297379000
14600	50297	28	112	87	1	50297180001
14601	50297	29	113	87	1	50297076000
14602	50297	33	111	88	1	50297526000
14603	50297	34	112	88	1	50297664001
14604	50297	35	113	88	1	50297233000
14605	50298	1	109	83	1	50298087001
14606	50298	2	110	83	1	50298416000
14607	50298	7	109	84	1	50298467000
14608	50298	8	110	84	1	50298788000
14609	50298	13	109	85	1	50298906000
14610	50298	14	110	85	1	50298994001
14611	50298	20	110	86	1	50298001001
14612	50298	21	111	86	1	50298470001
14613	50298	26	110	87	1	50298711001
14614	50298	27	111	87	1	50298554001
14615	50298	32	110	88	1	50298977001
14616	50299	0	108	83	1	50299498001
14617	50299	1	109	83	1	50299916001
14618	50299	19	109	86	1	50299183001
14619	50299	20	110	86	1	50299933001
14620	50299	33	111	88	1	50299060001
14621	50300	6	108	84	1	50300012001
14622	50300	7	109	84	1	50300710001
14623	50300	12	108	85	1	50300479001
14624	50300	13	109	85	1	50300755001
14625	50300	25	109	87	1	50300035001
14626	50300	31	109	88	1	50300287001
14627	50300	32	110	88	1	50300907001
14628	50301	0	108	83	1	50301315000
14629	50301	6	108	84	1	50301990000
14630	50301	18	108	86	1	50301201000
14631	50301	19	109	86	1	50301110001
14632	50301	24	108	87	1	50301645001
14633	50301	25	109	87	1	50301961000
14634	50301	26	110	87	1	50301140000
14635	50302	12	108	85	1	50302297001
14636	50302	18	108	86	1	50302902000
14637	50302	30	108	88	1	50302079000
14638	50302	31	109	88	1	50302408001
14639	50303	24	108	87	1	50303778001
14640	50304	30	108	88	1	50304070001
14641	50380	24	108	87	0	50380640001
14642	50380	30	108	88	0	50380317000
14643	50381	6	108	84	0	50381963001
14644	50381	12	108	85	0	50381863001
14645	50381	18	108	86	0	50381213000
14646	50382	0	108	83	0	50382585000
14647	50382	19	109	86	0	50382869001
14648	50382	24	108	87	0	50382562000
14649	50382	25	109	87	0	50382974000
14650	50382	30	108	88	0	50382267001
14651	50382	31	109	88	0	50382287000
14652	50383	1	109	83	0	50383957001
14653	50383	7	109	84	0	50383771001
14654	50383	13	109	85	0	50383508000
14655	50383	18	108	86	0	50383152001
14656	50384	6	108	84	0	50384638001
14657	50384	12	108	85	0	50384693001
14658	50384	20	110	86	0	50384633001
14659	50384	26	110	87	0	50384279000
14660	50384	31	109	88	0	50384645000
14661	50384	32	110	88	0	50384373001
14662	50385	0	108	83	1	50385635001
14663	50385	2	110	83	0	50385582001
14664	50385	8	110	84	0	50385370001
14665	50385	14	110	85	0	50385074000
14666	50385	19	109	86	0	50385287000
14667	50385	25	109	87	0	50385354000
14668	50385	33	111	88	0	50385663001
14669	50386	7	109	84	0	50386685001
14670	50386	9	111	84	0	50386795000
14671	50386	13	109	85	0	50386024000
14672	50386	15	111	85	0	50386905001
14673	50386	20	110	86	0	50386968001
14674	50386	21	111	86	0	50386249000
14675	50386	24	108	87	0	50386180001
14676	50386	26	110	87	0	50386568001
14677	50386	27	111	87	0	50386007000
14678	50386	32	110	88	0	50386986000
14679	50387	1	109	83	1	50387367001
14680	50387	3	111	83	0	50387177001
14681	50387	6	108	84	1	50387271001
14682	50387	8	110	84	0	50387380000
14683	50387	14	110	85	0	50387340001
14684	50387	22	112	86	0	50387809000
14685	50387	28	112	87	0	50387497001
14686	50387	33	111	88	0	50387560001
14687	50387	34	112	88	0	50387291000
14688	50388	4	112	83	0	50388568000
14689	50388	9	111	84	0	50388965001
14690	50388	10	112	84	0	50388004001
14691	50388	12	108	85	1	50388951000
14692	50388	16	112	85	0	50388153000
14693	50388	21	111	86	0	50388277000
14694	50388	27	111	87	0	50388446000
14695	50388	29	113	87	0	50388950001
14696	50388	35	113	88	0	50388859001
14697	50389	3	111	83	0	50389768000
14698	50389	7	109	84	1	50389612001
14699	50389	15	111	85	0	50389517001
14700	50389	17	113	85	0	50389727001
14701	50389	23	113	86	0	50389261000
14702	50389	28	112	87	0	50389877001
14703	50389	34	112	88	0	50389374000
14704	50390	2	110	83	1	50390151000
14705	50390	4	112	83	0	50390865000
14706	50390	5	113	83	0	50390267001
14707	50390	8	110	84	1	50390940000
14708	50390	10	112	84	0	50390029001
14709	50390	11	113	84	0	50390045000
14710	50390	16	112	85	0	50390414000
14711	50390	22	112	86	0	50390059001
14712	50390	29	113	87	0	50390986001
14713	50390	35	113	88	0	50390820000
14714	50391	12	108	85	1	50391016001
14715	50391	13	109	85	1	50391877001
14716	50391	23	113	86	0	50391471001
14717	50392	3	111	83	1	50392513001
14718	50392	5	113	83	0	50392392000
14719	50392	8	110	84	1	50392878001
14720	50392	11	113	84	0	50392151001
14721	50392	17	113	85	0	50392071000
14722	50392	18	108	86	1	50392527000
14723	50393	4	112	83	1	50393691000
14724	50394	7	109	84	1	50394966001
14725	50394	9	111	84	1	50394750000
14726	50394	13	109	85	1	50394086000
14727	50394	14	110	85	1	50394526001
14728	50394	18	108	86	1	50394730001
14729	50395	12	108	85	1	50395807000
14730	50395	19	109	86	1	50395543000
14731	50395	24	108	87	1	50395319000
14732	50396	4	112	83	1	50396240000
14733	50396	6	108	84	1	50396002001
14734	50396	14	110	85	1	50396630000
14735	50397	3	111	83	1	50397642000
14736	50397	5	113	83	1	50397863000
14737	50397	9	111	84	1	50397553000
14738	50397	10	112	84	1	50397542000
14739	50397	20	110	86	1	50397817000
14740	50397	24	108	87	1	50397845000
14741	50398	15	111	85	1	50398057001
14742	50398	19	109	86	1	50398180001
14743	50398	23	113	86	0	50398282001
14744	50398	25	109	87	1	50398998000
14745	50398	30	108	88	1	50398793001
14746	50399	8	110	84	1	50399048001
14747	50399	22	112	86	0	50399100000
14748	50400	5	113	83	1	50400636000
14749	50400	10	112	84	1	50400160001
14750	50400	15	111	85	1	50400264000
14751	50400	16	112	85	1	50400978001
14752	50400	20	110	86	1	50400069000
14753	50401	4	112	83	1	50401129001
14754	50401	11	113	84	1	50401674001
14755	50401	21	111	86	1	50401975000
14756	50401	25	109	87	1	50401502001
14757	50401	30	108	88	1	50401098000
14758	50401	31	109	88	1	50401731001
14759	50402	14	110	85	1	50402165001
14760	50402	26	110	87	1	50402011000
14761	50403	16	112	85	1	50403399000
14762	50404	11	113	84	1	50404081000
14763	50404	20	110	86	1	50404719001
14764	50404	21	111	86	1	50404282001
14765	50404	26	110	87	1	50404842000
14766	50404	31	109	88	1	50404328000
14767	50404	32	110	88	1	50404803000
14768	50405	15	111	85	1	50405149001
14769	50405	17	113	85	1	50405059001
14770	50405	22	112	86	1	50405076001
14771	50405	27	111	87	1	50405519001
14772	50405	34	112	88	0	50405692000
14773	50407	16	112	85	1	50407033001
14774	50407	17	113	85	1	50407370001
14775	50407	22	112	86	1	50407713000
14776	50407	28	112	87	1	50407958001
14777	50407	32	110	88	1	50407247001
14778	50408	23	113	86	1	50408981001
14779	50408	27	111	87	1	50408138001
14780	50408	33	111	88	1	50408558001
14781	50410	28	112	87	1	50410280001
14782	50410	33	111	88	1	50410597001
14783	50411	23	113	86	1	50411670000
14784	50411	34	112	88	1	50411149001
14785	50412	29	113	87	1	50412314001
14786	50413	17	113	85	1	50413943000
14787	50413	28	112	87	1	50413679000
14788	50413	34	112	88	1	50413552001
14789	50414	29	113	87	1	50414789001
14790	50415	35	113	88	1	50415676000
14791	50417	34	112	88	1	50417071000
14792	50418	33	111	88	1	50418654000
14793	50418	35	113	88	1	50418057000
14794	50423	35	113	88	1	50423652000
14795	50577	1	109	83	0	50577957001
14796	50577	2	110	83	0	50577806001
14797	50577	3	111	83	0	50577416001
14798	50577	4	112	83	0	50577301000
14799	50577	5	113	83	0	50577222000
14800	50578	0	108	83	0	50578131001
14801	50578	7	109	84	0	50578700001
14802	50578	8	110	84	0	50578559001
14803	50578	9	111	84	0	50578350000
14804	50578	10	112	84	0	50578312001
14805	50578	11	113	84	0	50578271000
14806	50579	1	109	83	0	50579893001
14807	50579	2	110	83	0	50579893001
14808	50579	3	111	83	0	50579584001
14809	50579	4	112	83	0	50579979001
14810	50579	5	113	83	0	50579516001
14811	50579	6	108	84	0	50579008000
14812	50579	13	109	85	0	50579995001
14813	50579	14	110	85	0	50579614000
14814	50579	15	111	85	0	50579583001
14815	50579	16	112	85	0	50579313001
14816	50579	17	113	85	0	50579073001
14817	50580	0	108	83	0	50580585001
14818	50580	8	110	84	0	50580768000
14819	50580	9	111	84	0	50580252000
14820	50580	10	112	84	0	50580586001
14821	50580	11	113	84	0	50580309001
14822	50580	12	108	85	0	50580199001
14823	50580	19	109	86	0	50580724000
14824	50580	20	110	86	0	50580562000
14825	50580	21	111	86	0	50580314000
14826	50580	22	112	86	0	50580437000
14827	50580	23	113	86	0	50580170001
14828	50581	6	108	84	0	50581776000
14829	50581	7	109	84	0	50581400000
14830	50581	15	111	85	0	50581893001
14831	50581	16	112	85	0	50581326000
14832	50581	17	113	85	0	50581208000
14833	50581	18	108	86	0	50581039000
14834	50581	26	110	87	0	50581707001
14835	50581	27	111	87	0	50581580000
14836	50581	28	112	87	0	50581285001
14837	50581	29	113	87	0	50581230000
14838	50581	35	113	88	0	50581978000
14839	50582	12	108	85	0	50582710000
14840	50582	14	110	85	0	50582548000
14841	50582	18	108	86	0	50582977001
14842	50582	19	109	86	0	50582834000
14843	50582	20	110	86	0	50582565000
14844	50582	22	112	86	0	50582565000
14845	50582	23	113	86	0	50582041000
14846	50582	24	108	87	0	50582097000
14847	50582	25	109	87	0	50582072001
14848	50582	30	108	88	0	50582969000
14849	50582	31	109	88	0	50582678000
14850	50582	32	110	88	0	50582918000
14851	50582	33	111	88	0	50582157001
14852	50582	34	112	88	0	50582229001
14853	50583	13	109	85	0	50583389001
14854	50583	21	111	86	0	50583353000
14855	50583	28	112	87	0	50583497001
14856	50583	29	113	87	1	50583199001
14857	50584	24	108	87	0	50584768001
14858	50584	27	111	87	0	50584527001
14859	50584	30	108	88	0	50584892001
14860	50584	31	109	88	0	50584783000
14861	50584	33	111	88	0	50584195001
14862	50584	34	112	88	0	50584208000
14863	50584	35	113	88	0	50584388000
14864	50585	25	109	87	0	50585171000
14865	50585	32	110	88	0	50585120000
14866	50586	18	108	86	0	50586472000
14867	50586	26	110	87	0	50586029001
14868	50588	19	109	86	0	50588556001
14869	50588	29	113	87	0	50588673001
14870	50596	5	113	83	1	50596224000
14871	50596	11	113	84	1	50596730001
14872	50596	17	113	85	1	50596780001
14873	50597	3	111	83	1	50597780001
14874	50597	4	112	83	1	50597070000
14875	50597	10	112	84	1	50597240001
14876	50597	16	112	85	1	50597673001
14877	50597	22	112	86	1	50597996001
14878	50597	23	113	86	1	50597224001
14879	50597	29	113	87	1	50597315001
14880	50597	35	113	88	1	50597710000
14881	50598	2	110	83	1	50598677001
14882	50598	8	110	84	1	50598982000
14883	50598	9	111	84	1	50598212000
14884	50598	15	111	85	1	50598260001
14885	50598	21	111	86	1	50598669000
14886	50598	27	111	87	1	50598876000
14887	50598	28	112	87	1	50598281001
14888	50598	34	112	88	1	50598581001
14889	50599	1	109	83	1	50599518000
14890	50599	7	109	84	1	50599692000
14891	50599	13	109	85	1	50599973000
14892	50599	14	110	85	1	50599214000
14893	50599	20	110	86	1	50599506000
14894	50599	26	110	87	1	50599376000
14895	50599	33	111	88	1	50599190000
14896	50600	0	108	83	1	50600178001
14897	50600	6	108	84	1	50600271000
14898	50600	12	108	85	1	50600906001
14899	50600	19	109	86	1	50600297001
14900	50600	25	109	87	1	50600598000
14901	50600	31	109	88	1	50600876001
14902	50600	32	110	88	1	50600084001
14903	50601	18	108	86	1	50601048000
14904	50601	24	108	87	1	50601564001
14905	50601	30	108	88	1	50601744001
14906	50604	26	110	87	1	50604354000
14907	50606	34	112	88	1	50606786001
14908	50614	15	111	85	1	50614055001
14909	50616	27	111	87	1	50616991001
14910	50657	17	113	85	0	50657014000
14911	50657	23	113	86	0	50657750000
14912	50659	28	112	87	0	50659094001
14913	50659	29	113	87	0	50659100001
14914	50659	34	112	88	0	50659898001
14915	50660	17	113	85	1	50660032000
14916	50660	35	113	88	0	50660411001
14917	50661	23	113	86	1	50661801001
14918	50661	29	113	87	0	50661081001
14919	50662	28	112	87	1	50662369001
14920	50662	35	113	88	0	50662771000
14921	50663	34	112	88	1	50663478001
14922	50664	29	113	87	1	50664090000
14923	50666	35	113	88	1	50666578000
14924	50667	34	112	88	1	50667444000
14925	50668	5	113	83	0	50668258001
14926	50668	11	113	84	0	50668926001
14927	50668	29	113	87	1	50668364001
14928	50669	4	112	83	0	50669265001
14929	50669	10	112	84	0	50669714001
14930	50669	17	113	85	0	50669728000
14931	50669	35	113	88	1	50669632000
14932	50670	3	111	83	0	50670139000
14933	50670	5	113	83	0	50670644001
14934	50670	9	111	84	0	50670718001
14935	50670	16	112	85	0	50670819001
14936	50670	23	113	86	0	50670534000
14937	50670	29	113	87	0	50670918001
14938	50671	1	109	83	0	50671954001
14939	50671	2	110	83	0	50671208000
14940	50671	8	110	84	0	50671816000
14941	50671	15	111	85	0	50671513000
14942	50671	22	112	86	0	50671489001
14943	50671	35	113	88	0	50671958000
14944	50672	3	111	83	0	50672734000
14945	50672	4	112	83	0	50672831000
14946	50672	7	109	84	0	50672736000
14947	50672	11	113	84	0	50672707000
14948	50672	14	110	85	0	50672709001
14949	50672	17	113	85	0	50672917001
14950	50672	21	111	86	0	50672144000
14951	50672	28	112	87	0	50672220001
14952	50672	34	112	88	0	50672700000
14953	50673	0	108	83	0	50673439000
14954	50673	9	111	84	0	50673523000
14955	50673	13	109	85	0	50673623000
14956	50673	15	111	85	0	50673802001
14957	50673	16	112	85	0	50673081001
14958	50673	20	110	86	0	50673471000
14959	50673	22	112	86	1	50673464001
14960	50673	27	111	87	0	50673057001
14961	50673	29	113	87	0	50673315000
14962	50673	33	111	88	0	50673994001
14963	50674	3	111	83	1	50674800000
14964	50674	4	112	83	1	50674746001
14965	50674	5	113	83	1	50674190001
14966	50674	6	108	84	0	50674113000
14967	50674	8	110	84	0	50674045000
14968	50674	10	112	84	0	50674303001
14969	50674	19	109	86	0	50674325001
14970	50674	21	111	86	0	50674791001
14971	50674	26	110	87	0	50674265000
14972	50674	34	112	88	0	50674592000
14973	50674	35	113	88	0	50674774001
14974	50675	1	109	83	1	50675834001
14975	50675	2	110	83	1	50675608001
14976	50675	11	113	84	1	50675304001
14977	50675	12	108	85	0	50675047000
14978	50675	18	108	86	0	50675792000
14979	50675	25	109	87	0	50675475000
14980	50675	27	111	87	0	50675645000
14981	50675	31	109	88	0	50675916000
14982	50675	32	110	88	0	50675464000
14983	50675	33	111	88	0	50675850001
14984	50676	0	108	83	1	50676376000
14985	50676	8	110	84	1	50676653000
14986	50676	9	111	84	1	50676022000
14987	50676	10	112	84	1	50676177001
14988	50676	14	110	85	0	50676251001
14989	50676	16	112	85	1	50676842001
14990	50676	17	113	85	1	50676543001
14991	50676	19	109	86	0	50676853001
14992	50676	20	110	86	0	50676479000
14993	50676	24	108	87	0	50676347000
14994	50677	6	108	84	1	50677531000
14995	50677	7	109	84	1	50677108000
14996	50677	14	110	85	1	50677945001
14997	50677	15	111	85	1	50677351000
14998	50677	23	113	86	1	50677984001
14999	50677	26	110	87	0	50677621000
15000	50677	28	112	87	0	50677210000
15001	50677	30	108	88	0	50677187000
15002	50678	13	109	85	1	50678440001
15003	50678	20	110	86	1	50678964001
15004	50678	21	111	86	1	50678479001
15005	50678	22	112	86	1	50678405001
15006	50678	24	108	87	0	50678513001
15007	50678	31	109	88	0	50678155000
15008	50679	12	108	85	1	50679017000
15009	50679	19	109	86	1	50679657000
15010	50679	28	112	87	1	50679794000
15011	50679	29	113	87	1	50679130000
15012	50679	30	108	88	0	50679830001
15013	50680	18	108	86	1	50680308001
15014	50680	26	110	87	1	50680419000
15015	50680	27	111	87	1	50680099001
15016	50680	32	110	88	0	50680090000
15017	50680	34	112	88	1	50680837001
15018	50680	35	113	88	1	50680363001
15019	50681	24	108	87	1	50681684000
15020	50681	25	109	87	1	50681371001
15021	50681	33	111	88	1	50681226001
15022	50682	16	112	85	1	50682170001
15023	50682	30	108	88	1	50682857001
15024	50682	31	109	88	1	50682482000
15025	50682	32	110	88	1	50682267001
15026	50683	33	111	88	1	50683000000
15027	50683	34	112	88	1	50683429000
15028	50686	35	113	88	1	50686752001
15029	50777	35	113	88	0	50777357001
15030	50780	35	113	88	0	50780005000
15031	50781	29	113	87	0	50781272000
15032	50781	30	108	88	0	50781535000
15033	50781	31	109	88	0	50781549001
15034	50781	33	111	88	0	50781602000
15035	50781	34	112	88	0	50781193000
15036	50782	32	110	88	1	50782092000
15037	50782	34	112	88	0	50782942000
15038	50782	35	113	88	0	50782395001
15039	50783	23	113	86	0	50783316001
15040	50783	24	108	87	0	50783074001
15041	50783	25	109	87	0	50783305001
15042	50783	26	110	87	0	50783656001
15043	50783	27	111	87	0	50783908001
15044	50783	28	112	87	0	50783560001
15045	50783	29	113	87	0	50783552001
15046	50783	31	109	88	0	50783715000
15047	50783	33	111	88	0	50783339001
15048	50784	18	108	86	0	50784726000
15049	50784	19	109	86	0	50784777000
15050	50784	21	111	86	0	50784998000
15051	50784	30	108	88	0	50784362000
15052	50785	20	110	86	0	50785256000
15053	50785	22	112	86	0	50785329000
15054	50785	23	113	86	0	50785434001
15055	50785	24	108	87	0	50785464000
15056	50785	28	112	87	0	50785642001
15057	50786	12	108	85	0	50786620001
15058	50786	13	109	85	0	50786387000
15059	50786	14	110	85	0	50786529000
15060	50786	16	112	85	0	50786239001
15061	50786	17	113	85	0	50786404000
15062	50786	25	109	87	0	50786916000
15063	50786	29	113	87	0	50786655001
15064	50787	6	108	84	0	50787975000
15065	50787	15	111	85	0	50787015001
15066	50787	18	108	86	0	50787058000
15067	50787	19	109	86	0	50787022001
15068	50787	22	112	86	0	50787426001
15069	50788	7	109	84	0	50788076000
15070	50788	8	110	84	0	50788094000
15071	50788	9	111	84	0	50788190001
15072	50788	10	112	84	0	50788069000
15073	50788	11	113	84	0	50788051001
15074	50788	14	110	85	0	50788730000
15075	50788	16	112	85	0	50788370000
15076	50788	17	113	85	0	50788761001
15077	50788	21	111	86	0	50788437000
15078	50788	27	111	87	0	50788067001
15079	50788	30	108	88	1	50788783001
15080	50789	0	108	83	0	50789582001
15081	50789	1	109	83	0	50789490000
15082	50789	2	110	83	0	50789558001
15083	50789	3	111	83	0	50789855000
15084	50789	4	112	83	0	50789867000
15085	50789	5	113	83	0	50789921000
15086	50789	31	109	88	1	50789444000
15087	50790	9	111	84	0	50790488001
15088	50790	11	113	84	0	50790735001
15089	50790	13	109	85	0	50790120000
15090	50790	15	111	85	0	50790569000
15091	50790	18	108	86	1	50790632000
15092	50790	24	108	87	1	50790139001
15093	50790	25	109	87	1	50790947000
15094	50790	32	110	88	1	50790775001
15095	50791	1	109	83	0	50791972000
15096	50791	2	110	83	0	50791689000
15097	50791	8	110	84	0	50791119001
15098	50791	10	112	84	0	50791071000
15099	50791	19	109	86	1	50791838001
15100	50791	26	110	87	1	50791946001
15101	50792	4	112	83	0	50792712001
15102	50792	5	113	83	0	50792531001
15103	50792	12	108	85	1	50792802001
15104	50792	18	108	86	1	50792378001
15105	50792	27	111	87	1	50792948001
15106	50792	31	109	88	1	50792279001
15107	50792	33	111	88	1	50792077000
15108	50793	6	108	84	1	50793812000
15109	50793	13	109	85	1	50793130000
15110	50793	14	110	85	1	50793908000
15111	50793	20	110	86	1	50793155001
15112	50793	21	111	86	1	50793993000
15113	50794	7	109	84	1	50794367001
15114	50794	19	109	86	1	50794133000
15115	50794	30	108	88	1	50794054000
15116	50795	0	108	83	1	50795100000
15117	50795	1	109	83	1	50795632001
15118	50795	8	110	84	1	50795209001
15119	50795	13	109	85	1	50795403001
15120	50795	14	110	85	1	50795546000
15121	50795	15	111	85	1	50795064001
15122	50795	22	112	86	1	50795399000
15123	50795	33	111	88	0	50795003001
15124	50796	2	110	83	1	50796724001
15125	50796	7	109	84	1	50796985000
15126	50796	9	111	84	1	50796636000
15127	50796	15	111	85	1	50796636000
15128	50796	16	112	85	1	50796621000
15129	50797	1	109	83	1	50797946001
15130	50797	3	111	83	1	50797876000
15131	50797	8	110	84	1	50797151001
15132	50797	10	112	84	1	50797386000
15133	50797	27	111	87	0	50797884001
15134	50798	4	112	83	1	50798476001
15135	50798	33	111	88	0	50798853001
15136	50799	2	110	83	1	50799931000
15137	50799	22	112	86	0	50799635001
15138	50800	10	112	84	0	50800652001
15139	50800	12	108	85	1	50800153001
15140	50800	21	111	86	0	50800072001
15141	50801	27	111	87	0	50801113000
15142	50802	4	112	83	0	50802555001
15143	50802	16	112	85	0	50802388001
15144	50802	35	113	88	1	50802726000
15145	50803	15	111	85	0	50803475000
15146	50803	21	111	86	0	50803289000
15147	50803	29	113	87	1	50803751000
15148	50803	34	112	88	1	50803716001
15149	50804	10	112	84	0	50804835001
15150	50804	28	112	87	1	50804940000
15151	50804	32	110	88	0	50804763001
15152	50804	35	113	88	1	50804673001
15153	50805	23	113	86	1	50805915001
15154	50805	29	113	87	1	50805927001
15155	50805	33	111	88	1	50805462000
15156	50805	34	112	88	1	50805485000
15157	50806	4	112	83	0	50806806001
15158	50806	17	113	85	1	50806637001
15159	50806	27	111	87	1	50806982000
15160	50806	28	112	87	1	50806955000
15161	50807	9	111	84	0	50807578000
15162	50807	22	112	86	1	50807059001
15163	50807	33	111	88	1	50807798000
15164	50808	11	113	84	1	50808424000
15165	50808	16	112	85	1	50808968000
15166	50808	17	113	85	1	50808838001
15167	50808	21	111	86	1	50808888001
15168	50808	23	113	86	1	50808095001
15169	50808	32	110	88	1	50808122001
15170	50809	10	112	84	1	50809966000
15171	50809	22	112	86	1	50809107001
15172	50809	27	111	87	1	50809456001
15173	50810	5	113	83	1	50810128000
15174	50810	11	113	84	1	50810359000
15175	50810	15	111	85	1	50810914001
15176	50811	4	112	83	1	50811984001
15177	50811	16	112	85	1	50811688000
15178	50812	5	113	83	1	50812078001
15179	50812	9	111	84	1	50812705001
15180	50812	10	112	84	1	50812147001
15181	50987	35	113	88	0	50987232000
15182	50988	29	113	87	0	50988023001
15183	50989	23	113	86	0	50989285001
15184	50989	29	113	87	0	50989901000
15185	50989	34	112	88	0	50989429000
15186	50989	35	113	88	0	50989054001
15187	50990	17	113	85	0	50990917001
15188	50990	28	112	87	0	50990822001
15189	50991	22	112	86	0	50991871000
15190	50991	23	113	86	0	50991284000
15191	50991	33	111	88	0	50991739001
15192	50991	34	112	88	0	50991170001
15193	50991	35	113	88	0	50991322001
15194	50992	11	113	84	0	50992443001
15195	50992	28	112	87	0	50992834000
15196	50992	29	113	87	0	50992074000
15197	50993	5	113	83	0	50993558000
15198	50993	16	112	85	0	50993388001
15199	50993	17	113	85	0	50993059000
15200	50993	22	112	86	0	50993804001
15201	50993	23	113	86	0	50993918001
15202	50993	27	111	87	0	50993376001
15203	50993	33	111	88	0	50993626000
15204	50993	34	112	88	0	50993012000
15205	50994	10	112	84	0	50994258000
15206	50994	11	113	84	0	50994811001
15207	50994	21	111	86	0	50994289001
15208	50994	32	110	88	0	50994872000
15209	50995	5	113	83	0	50995458001
15210	50995	16	112	85	0	50995422000
15211	50995	22	112	86	0	50995920001
15212	50995	27	111	87	0	50995228001
15213	50995	28	112	87	0	50995068000
15214	50995	31	109	88	0	50995686000
15215	50995	33	111	88	0	50995754000
15216	50996	9	111	84	0	50996992000
15217	50996	10	112	84	0	50996429000
15218	50996	15	111	85	0	50996352000
15219	50996	21	111	86	0	50996313000
15220	50996	26	110	87	0	50996212001
15221	50997	4	112	83	0	50997090001
15222	50997	5	113	83	0	50997921000
15223	50997	16	112	85	0	50997740000
15224	50997	17	113	85	0	50997729000
15225	50997	20	110	86	0	50997645000
15226	50997	27	111	87	0	50997828001
15227	50997	31	109	88	0	50997711001
15228	50997	32	110	88	0	50997256000
15229	50998	9	111	84	0	50998889000
15230	50998	10	112	84	0	50998795000
15231	50998	11	113	84	0	50998312001
15232	50998	14	110	85	0	50998663001
15233	50998	15	111	85	0	50998582001
15234	50998	19	109	86	0	50998651001
15235	50998	25	109	87	0	50998856000
15236	50998	26	110	87	0	50998741001
15237	50998	30	108	88	0	50998307001
15238	50999	3	111	83	0	50999388001
15239	50999	4	112	83	0	50999188000
15240	50999	8	110	84	0	50999801000
15241	50999	20	110	86	0	50999710000
15242	50999	21	111	86	0	50999981000
15243	50999	31	109	88	0	50999766001
15244	51000	13	109	85	0	51000684000
15245	51000	14	110	85	0	51000952001
15246	51000	19	109	86	0	51000735000
15247	51000	24	108	87	0	51000254001
15248	51000	30	108	88	0	51000239001
15249	51001	2	110	83	0	51001218001
15250	51001	3	111	83	0	51001949001
15251	51001	8	110	84	0	51001765000
15252	51001	9	111	84	0	51001438000
15253	51001	18	108	86	0	51001058000
15254	51001	25	109	87	0	51001637000
15255	51002	7	109	84	0	51002075000
15256	51002	18	108	86	0	51002964000
15257	51002	24	108	87	0	51002100001
15258	51002	30	108	88	0	51002341000
15259	51003	1	109	83	0	51003381000
15260	51003	2	110	83	0	51003074001
15261	51003	12	108	85	0	51003129000
15262	51003	13	109	85	0	51003295001
15263	51004	6	108	84	0	51004808001
15264	51004	7	109	84	0	51004586000
15265	51005	1	109	83	0	51005441000
15266	51005	2	110	83	0	51005966000
15267	51005	8	110	84	0	51005482000
15268	51005	12	108	85	0	51005290000
15269	51005	18	108	86	0	51005570000
15270	51005	19	109	86	0	51005324000
15271	51006	0	108	83	0	51006320000
15272	51007	6	108	84	0	51007256001
15273	51008	0	108	83	0	51008540001
15274	51009	1	109	83	0	51009368001
15275	51010	4	112	83	0	51010818000
15276	51011	10	112	84	0	51011296000
15277	51020	5	113	83	1	51020677000
15278	51021	11	113	84	1	51021169000
15279	51021	17	113	85	1	51021227001
15280	51021	23	113	86	1	51021536001
15281	51021	29	113	87	1	51021947001
15282	51022	4	112	83	1	51022073000
15283	51022	5	113	83	1	51022948001
15284	51022	10	112	84	1	51022140000
15285	51022	16	112	85	1	51022811000
15286	51022	35	113	88	1	51022197000
15287	51023	3	111	83	1	51023520000
15288	51023	9	111	84	1	51023639000
15289	51023	15	111	85	1	51023684000
15290	51023	22	112	86	1	51023035000
15291	51023	28	112	87	1	51023191001
15292	51023	34	112	88	1	51023453000
15293	51024	2	110	83	1	51024597001
15294	51024	4	112	83	1	51024730000
15295	51024	8	110	84	1	51024586001
15296	51024	10	112	84	1	51024792000
15297	51024	11	113	84	1	51024331000
15298	51024	17	113	85	1	51024371000
15299	51024	21	111	86	1	51024025001
15300	51024	23	113	86	1	51024022000
15301	51024	27	111	87	1	51024412001
15302	51024	33	111	88	1	51024447001
15303	51024	35	113	88	1	51024680000
15304	51025	1	109	83	1	51025545001
15305	51025	14	110	85	1	51025121001
15306	51025	15	111	85	1	51025155001
15307	51025	20	110	86	1	51025312001
15308	51025	26	110	87	1	51025603000
15309	51025	28	112	87	1	51025509001
15310	51025	32	110	88	1	51025932001
15311	51025	34	112	88	1	51025509001
15312	51026	2	110	83	1	51026515000
15313	51026	7	109	84	1	51026075000
15314	51026	8	110	84	1	51026181001
15315	51026	13	109	85	1	51026353001
15316	51026	16	112	85	1	51026580001
15317	51026	19	109	86	1	51026585001
15318	51026	22	112	86	1	51026465000
15319	51026	25	109	87	1	51026791000
15320	51026	27	111	87	1	51026976000
15321	51026	31	109	88	1	51026724000
15322	51026	33	111	88	1	51026165000
15323	51027	0	108	83	1	51027344001
15324	51027	1	109	83	1	51027371000
15325	51027	3	111	83	1	51027727001
15326	51027	6	108	84	1	51027275000
15327	51027	9	111	84	1	51027047001
15328	51027	12	108	85	1	51027685000
15329	51027	14	110	85	1	51027162000
15330	51027	18	108	86	1	51027580000
15331	51027	20	110	86	1	51027628000
15332	51027	21	111	86	1	51027046001
15333	51028	24	108	87	1	51028227000
15334	51028	30	108	88	1	51028099001
15335	51028	31	109	88	1	51028911001
15336	51029	12	108	85	1	51029531000
15337	51029	18	108	86	1	51029126000
15338	51029	25	109	87	1	51029567001
15339	51029	26	110	87	1	51029862001
15340	51029	32	110	88	1	51029061001
15341	51030	0	108	83	1	51030727001
15342	51030	6	108	84	1	51030072000
15343	51030	30	108	88	1	51030827000
15344	51033	19	109	86	1	51033140000
15345	51035	13	109	85	1	51035524001
15346	51036	29	113	87	1	51036713000
15347	51038	24	108	87	1	51038236001
15348	51061	22	112	86	0	51061961001
15349	51062	23	113	86	0	51062461001
15350	51066	19	109	86	0	51066417000
15351	51067	24	108	87	0	51067613001
15352	51524	5	113	83	0	51524122000
15353	51524	11	113	84	0	51524832000
15354	51525	4	112	83	0	51525247000
15355	51525	10	112	84	0	51525794000
15356	51525	17	113	85	0	51525653000
15357	51526	3	111	83	0	51526212000
15358	51526	5	113	83	0	51526794001
15359	51526	9	111	84	0	51526777001
15360	51526	16	112	85	0	51526778000
15361	51526	23	113	86	0	51526312000
15362	51527	2	110	83	0	51527397001
15363	51527	11	113	84	0	51527299001
15364	51527	15	111	85	0	51527893000
15365	51527	22	112	86	0	51527449000
15366	51527	29	113	87	0	51527102001
15367	51528	1	109	83	0	51528412000
15368	51528	3	111	83	1	51528832001
15369	51528	4	112	83	0	51528222001
15370	51528	5	113	83	1	51528908000
15371	51528	8	110	84	0	51528204000
15372	51528	9	111	84	0	51528995001
15373	51528	10	112	84	0	51528012000
15374	51528	21	111	86	0	51528460001
15375	51528	28	112	87	0	51528234001
15376	51528	35	113	88	0	51528058000
15377	51529	0	108	83	0	51529891000
15378	51529	2	110	83	0	51529679000
15379	51529	7	109	84	0	51529356000
15380	51529	11	113	84	1	51529369000
15381	51529	14	110	85	0	51529058000
15382	51529	15	111	85	0	51529806001
15383	51529	17	113	85	1	51529295000
15384	51529	20	110	86	0	51529741000
15385	51529	22	112	86	1	51529736001
15386	51529	23	113	86	1	51529491000
15387	51529	27	111	87	0	51529451001
15388	51529	29	113	87	1	51529634000
15389	51529	34	112	88	0	51529081000
15390	51529	35	113	88	1	51529959000
15391	51530	1	109	83	0	51530761001
15392	51530	4	112	83	1	51530599001
15393	51530	6	108	84	0	51530544000
15394	51530	8	110	84	0	51530826000
15395	51530	10	112	84	1	51530839001
15396	51530	13	109	85	0	51530102001
15397	51530	19	109	86	0	51530786000
15398	51530	26	110	87	0	51530686000
15399	51530	33	111	88	0	51530071000
15400	51531	12	108	85	0	51531494001
15401	51531	15	111	85	1	51531920001
15402	51531	16	112	85	1	51531070001
15403	51531	22	112	86	1	51531615000
15404	51531	25	109	87	0	51531923000
15405	51531	28	112	87	1	51531264000
15406	51531	32	110	88	0	51531743000
15407	51531	34	112	88	1	51531383000
15408	51532	0	108	83	0	51532361001
15409	51532	3	111	83	1	51532314001
15410	51532	5	113	83	1	51532969001
15411	51532	9	111	84	1	51532022001
15412	51532	13	109	85	0	51532715001
15413	51532	18	108	86	0	51532240000
15414	51532	20	110	86	0	51532179001
15415	51532	21	111	86	1	51532387001
15416	51532	24	108	87	0	51532911001
15417	51532	27	111	87	1	51532838001
15418	51532	31	109	88	0	51532377001
15419	51532	33	111	88	1	51532948000
15420	51533	2	110	83	1	51533216001
15421	51533	6	108	84	0	51533273001
15422	51533	8	110	84	1	51533299001
15423	51533	15	111	85	1	51533755001
15424	51533	19	109	86	0	51533367001
15425	51533	30	108	88	0	51533833000
15426	51534	1	109	83	1	51534926001
15427	51534	4	112	83	1	51534831001
15428	51534	8	110	84	1	51534977001
15429	51534	9	111	84	1	51534854001
15430	51534	12	108	85	0	51534175000
15431	51534	14	110	85	1	51534019000
15432	51534	18	108	86	0	51534598000
15433	51534	20	110	86	1	51534423000
15434	51534	26	110	87	1	51534378000
15435	51534	32	110	88	1	51534601001
15436	51535	2	110	83	1	51535046001
15437	51535	7	109	84	1	51535825000
15438	51535	13	109	85	1	51535310001
15439	51535	24	108	87	0	51535255000
15440	51536	0	108	83	1	51536624000
15441	51536	1	109	83	1	51536711001
15442	51536	19	109	86	1	51536084000
15443	51536	25	109	87	1	51536115001
15444	51536	30	108	88	0	51536102001
15445	51536	31	109	88	1	51536162000
15446	51537	6	108	84	1	51537234001
15447	51537	12	108	85	1	51537197000
15448	51537	13	109	85	1	51537753001
15449	51537	18	108	86	1	51537151001
15450	51538	0	108	83	1	51538495001
15451	51538	24	108	87	1	51538111000
15452	51538	30	108	88	1	51538393001
15453	51539	6	108	84	1	51539683001
15454	51539	12	108	85	1	51539071000
15455	51539	18	108	86	1	51539059001
15456	51597	30	108	88	0	51597571000
15457	51598	6	108	84	0	51598743001
15458	51598	12	108	85	0	51598520001
15459	51598	18	108	86	0	51598026000
15460	51598	24	108	87	0	51598095000
15461	51599	0	108	83	0	51599216001
15462	51599	31	109	88	0	51599383000
15463	51600	1	109	83	0	51600793001
15464	51600	7	109	84	0	51600624001
15465	51600	13	109	85	0	51600222000
15466	51600	18	108	86	0	51600146001
15467	51600	19	109	86	0	51600082000
15468	51600	24	108	87	0	51600661000
15469	51600	25	109	87	0	51600066001
15470	51600	30	108	88	1	51600797001
15471	51601	6	108	84	0	51601818001
15472	51601	8	110	84	0	51601994000
15473	51601	12	108	85	0	51601167000
15474	51601	20	110	86	0	51601768000
15475	51601	26	110	87	0	51601537001
15476	51601	31	109	88	1	51601932000
15477	51601	32	110	88	0	51601328001
15478	51602	0	108	83	0	51602017000
15479	51602	2	110	83	0	51602380001
15480	51602	14	110	85	0	51602136000
15481	51602	18	108	86	1	51602379001
15482	51602	24	108	87	1	51602908001
15483	51602	25	109	87	1	51602864001
15484	51602	33	111	88	0	51602807001
15485	51603	1	109	83	0	51603746000
15486	51603	7	109	84	0	51603319001
15487	51603	9	111	84	0	51603520000
15488	51603	12	108	85	1	51603352000
15489	51603	15	111	85	0	51603554000
15490	51603	19	109	86	1	51603769001
15491	51603	21	111	86	0	51603322000
15492	51603	26	110	87	1	51603823000
15493	51603	27	111	87	0	51603087000
15494	51603	32	110	88	1	51603192000
15495	51604	0	108	83	1	51604877000
15496	51604	2	110	83	0	51604622000
15497	51604	3	111	83	0	51604279000
15498	51604	6	108	84	1	51604320000
15499	51604	8	110	84	0	51604069001
15500	51604	13	109	85	1	51604683001
15501	51604	20	110	86	1	51604484001
15502	51604	22	112	86	0	51604812001
15503	51604	27	111	87	1	51604900000
15504	51604	28	112	87	0	51604443000
15505	51604	34	112	88	0	51604409000
15506	51605	1	109	83	1	51605897001
15507	51605	4	112	83	0	51605342000
15508	51605	7	109	84	1	51605620000
15509	51605	10	112	84	0	51605123000
15510	51605	14	110	85	1	51605458001
15511	51605	16	112	85	0	51605063000
15512	51605	21	111	86	1	51605583001
15513	51605	33	111	88	1	51605023000
15514	51606	3	111	83	0	51606559000
15515	51606	8	110	84	1	51606186001
15516	51606	11	113	84	0	51606914000
15517	51606	15	111	85	1	51606617001
15518	51606	17	113	85	0	51606593000
15519	51606	22	112	86	1	51606853000
15520	51606	23	113	86	0	51606120000
15521	51606	28	112	87	1	51606575000
15522	51606	29	113	87	0	51606059000
15523	51607	0	108	83	1	51607779001
15524	51607	2	110	83	1	51607029001
15525	51607	4	112	83	0	51607788001
15526	51607	5	113	83	0	51607008001
15527	51607	9	111	84	1	51607661000
15528	51607	16	112	85	1	51607665001
15529	51608	3	111	83	1	51608460001
15530	51608	10	112	84	1	51608332000
15531	51608	17	113	85	1	51608733000
15532	51608	23	113	86	1	51608196000
15533	51609	1	109	83	1	51609741001
15534	51609	4	112	83	1	51609539001
15535	51609	11	113	84	1	51609554000
15536	51610	5	113	83	1	51610229000
15537	51912	31	109	88	0	51912456000
15538	51913	30	108	88	0	51913669001
15539	51914	33	111	88	0	51914180000
15540	51915	27	111	87	0	51915334000
15541	51915	28	112	87	0	51915235001
15542	51915	34	112	88	0	51915153000
15543	51916	22	112	86	0	51916079001
15544	51916	23	113	86	0	51916827001
15545	51916	29	113	87	0	51916581001
15546	51916	35	113	88	0	51916591001
15547	51918	10	112	84	0	51918495000
15548	51956	30	108	88	0	51956967000
15549	51957	0	108	83	0	51957943001
15550	51957	6	108	84	0	51957846000
15551	51957	12	108	85	0	51957728000
15552	51957	18	108	86	0	51957424000
15553	51957	24	108	87	0	51957096000
15554	51958	7	109	84	0	51958977000
15555	51958	13	109	85	0	51958767001
15556	51958	19	109	86	0	51958479001
15557	51958	25	109	87	0	51958561000
15558	51958	31	109	88	0	51958295000
15559	51959	1	109	83	0	51959043001
15560	51959	8	110	84	0	51959958001
15561	51959	14	110	85	0	51959716001
15562	51959	18	108	86	0	51959469001
15563	51959	20	110	86	0	51959652000
15564	51959	24	108	87	0	51959031001
15565	51959	26	110	87	0	51959563000
15566	51959	30	108	88	0	51959020001
15567	51959	32	110	88	0	51959537001
15568	51960	0	108	83	0	51960548000
15569	51960	2	110	83	0	51960110001
15570	51960	6	108	84	0	51960706000
15571	51960	12	108	85	0	51960649000
15572	51960	19	109	86	0	51960772000
15573	51960	21	111	86	0	51960755000
15574	51960	27	111	87	0	51960958000
15575	51960	33	111	88	0	51960516001
15576	51961	1	109	83	0	51961047001
15577	51961	3	111	83	0	51961363000
15578	51961	9	111	84	0	51961113001
15579	51961	13	109	85	0	51961497001
15580	51961	14	110	85	0	51961756001
15581	51961	15	111	85	0	51961117000
15582	51961	24	108	87	1	51961841000
15583	51961	25	109	87	0	51961308000
15584	51961	28	112	87	0	51961871000
15585	51961	30	108	88	1	51961110000
15586	51961	31	109	88	1	51961449000
15587	51961	34	112	88	0	51961708000
15588	51962	2	110	83	0	51962386001
15589	51962	4	112	83	0	51962366000
15590	51962	7	109	84	0	51962385001
15591	51962	8	110	84	0	51962416000
15592	51962	10	112	84	0	51962263000
15593	51962	16	112	85	0	51962032001
15594	51962	18	108	86	1	51962645001
15595	51962	20	110	86	0	51962283001
15596	51962	22	112	86	0	51962167001
15597	51962	25	109	87	1	51962987001
15598	51962	26	110	87	1	51962999001
15599	51962	32	110	88	1	51962121001
15600	51962	33	111	88	1	51962503001
15601	51963	3	111	83	0	51963367000
15602	51963	5	113	83	0	51963700000
15603	51963	9	111	84	0	51963236001
15604	51963	11	113	84	0	51963524000
15605	51963	12	108	85	1	51963799001
15606	51963	13	109	85	1	51963992000
15607	51963	15	111	85	0	51963187000
15608	51963	17	113	85	0	51963362000
15609	51963	19	109	86	1	51963197001
15610	51963	21	111	86	0	51963026001
15611	51963	23	113	86	0	51963302001
15612	51963	27	111	87	1	51963469000
15613	51963	28	112	87	1	51963986000
15614	51963	29	113	87	0	51963097000
15615	51963	34	112	88	1	51963175000
15616	51963	35	113	88	0	51963072001
15617	51964	4	112	83	0	51964693001
15618	51964	6	108	84	1	51964743001
15619	51964	10	112	84	0	51964453000
15620	51964	14	110	85	1	51964132000
15621	51964	16	112	85	0	51964122000
15622	51964	20	110	86	1	51964132000
15623	51964	21	111	86	1	51964758000
15624	51964	22	112	86	1	51964954000
15625	51964	29	113	87	1	51964867001
15626	51965	0	108	83	1	51965661001
15627	51965	7	109	84	1	51965207000
15628	51965	8	110	84	1	51965307001
15629	51965	11	113	84	0	51965852001
15630	51965	14	110	85	1	51965740001
15631	51965	15	111	85	1	51965064001
15632	51965	16	112	85	1	51965966001
15633	51965	23	113	86	1	51965608000
15634	51966	1	109	83	1	51966289000
15635	51966	2	110	83	1	51966352000
15636	51966	5	113	83	0	51966138000
15637	51966	9	111	84	1	51966256000
15638	51966	10	112	84	1	51966882001
15639	51966	12	108	85	1	51966928001
15640	51966	17	113	85	1	51966515000
15641	51966	18	108	86	1	51966031000
15642	51967	0	108	83	1	51967323001
15643	51967	2	110	83	1	51967964001
15644	51967	3	111	83	1	51967370000
15645	51967	4	112	83	1	51967479001
15646	51967	8	110	84	1	51967018001
15647	51967	11	113	84	1	51967658001
15648	51968	1	109	83	1	51968951000
15649	51968	5	113	83	1	51968218000
15650	51968	15	111	85	1	51968749000
15651	51971	4	112	83	1	51971695001
15652	52081	0	108	83	0	52081461000
15653	52081	1	109	83	0	52081162000
15654	52081	2	110	83	0	52081173000
15655	52081	3	111	83	0	52081373001
15656	52081	4	112	83	0	52081153000
15657	52081	5	113	83	0	52081373001
15658	52082	6	108	84	0	52082940001
15659	52082	7	109	84	0	52082640001
15660	52082	8	110	84	0	52082457000
15661	52082	9	111	84	0	52082545001
15662	52082	10	112	84	0	52082334000
15663	52082	11	113	84	0	52082413000
15664	52083	0	108	83	0	52083820000
15665	52083	1	109	83	0	52083296000
15666	52083	2	110	83	0	52083244001
15667	52083	3	111	83	0	52083307000
15668	52083	4	112	83	0	52083539000
15669	52083	12	108	85	0	52083879001
15670	52083	14	110	85	0	52083707000
15671	52083	15	111	85	0	52083821000
15672	52083	16	112	85	0	52083795001
15673	52083	17	113	85	0	52083707000
15674	52084	5	113	83	0	52084025001
15675	52084	8	110	84	0	52084738000
15676	52084	9	111	84	0	52084441001
15677	52084	10	112	84	0	52084618000
15678	52084	11	113	84	0	52084668001
15679	52084	13	109	85	0	52084103001
15680	52084	18	108	86	0	52084871000
15681	52084	19	109	86	0	52084909001
15682	52084	21	111	86	0	52084822000
15683	52084	22	112	86	0	52084883000
15684	52084	23	113	86	0	52084733001
15685	52085	7	109	84	0	52085462000
15686	52085	14	110	85	0	52085842001
15687	52085	20	110	86	1	52085104000
15688	52085	28	112	87	1	52085853001
15689	52085	29	113	87	0	52085944001
15690	52086	6	108	84	0	52086573000
15691	52086	12	108	85	0	52086242001
15692	52086	13	109	85	0	52086656000
15693	52086	15	111	85	0	52086465000
15694	52086	16	112	85	0	52086216000
15695	52086	17	113	85	0	52086287001
15696	52086	18	108	86	0	52086796000
15697	52086	21	111	86	0	52086938000
15698	52086	22	112	86	0	52086968001
15699	52086	23	113	86	0	52086779000
15700	52086	24	108	87	0	52086137001
15701	52086	25	109	87	0	52086309001
15702	52086	26	110	87	0	52086252000
15703	52086	27	111	87	0	52086063001
15704	52087	19	109	86	0	52087019001
15705	52087	20	110	86	0	52087553001
15706	52087	28	112	87	0	52087761000
15707	52087	30	108	88	0	52087202000
15708	52087	31	109	88	1	52087130000
15709	52087	32	110	88	0	52087395000
15710	52087	33	111	88	0	52087144001
15711	52087	34	112	88	0	52087026001
15712	52087	35	113	88	0	52087186000
15713	52088	24	108	87	0	52088559000
15714	52088	25	109	87	0	52088525000
15715	52088	26	110	87	0	52088653001
15716	52088	27	111	87	0	52088119000
15717	52088	29	113	87	0	52088128001
15718	52088	34	112	88	0	52088832001
15719	52089	30	108	88	0	52089354001
15720	52089	31	109	88	1	52089066000
15721	52089	32	110	88	0	52089610001
15722	52089	33	111	88	0	52089000001
15723	52089	35	113	88	0	52089068001
15724	52091	18	108	86	0	52091139001
15725	52098	5	113	83	1	52098807001
15726	52099	4	112	83	1	52099818001
15727	52099	11	113	84	1	52099489000
15728	52099	17	113	85	1	52099589001
15729	52100	3	111	83	1	52100687001
15730	52100	10	112	84	1	52100312000
15731	52100	16	112	85	1	52100724001
15732	52100	23	113	86	1	52100537000
15733	52100	29	113	87	1	52100979001
15734	52101	2	110	83	1	52101799001
15735	52101	9	111	84	1	52101318000
15736	52101	15	111	85	1	52101440001
15737	52101	21	111	86	1	52101932000
15738	52101	22	112	86	1	52101031000
15739	52101	28	112	87	1	52101722001
15740	52101	35	113	88	1	52101454000
15741	52102	1	109	83	1	52102493001
15742	52102	7	109	84	1	52102769001
15743	52102	8	110	84	1	52102136000
15744	52102	14	110	85	1	52102500000
15745	52102	27	111	87	1	52102686000
15746	52102	33	111	88	1	52102947001
15747	52102	34	112	88	1	52102388000
15748	52103	0	108	83	1	52103222000
15749	52103	6	108	84	1	52103800000
15750	52103	13	109	85	1	52103384000
15751	52103	15	111	85	1	52103254000
15752	52103	19	109	86	1	52103918000
15753	52103	20	110	86	1	52103008000
15754	52103	26	110	87	1	52103281001
15755	52103	32	110	88	1	52103876001
15756	52104	12	108	85	1	52104226001
15757	52104	18	108	86	1	52104131001
15758	52104	22	112	86	1	52104065000
15759	52104	25	109	87	1	52104247000
15760	52104	31	109	88	1	52104728001
15761	52105	18	108	86	1	52105614000
15762	52105	24	108	87	1	52105277000
15763	52105	30	108	88	1	52105446000
15764	52109	16	112	85	1	52109890000
15765	52114	17	113	85	1	52114687000
15766	52117	28	112	87	1	52117992000
15767	52120	12	108	85	1	52120594001
15768	52121	4	112	83	1	52121711000
15769	52125	30	108	88	1	52125289001
15770	52186	5	113	83	0	52186586000
15771	52187	4	112	83	0	52187301000
15772	52187	11	113	84	0	52187938000
15773	52188	0	108	83	0	52188816000
15774	52189	1	109	83	0	52189287000
15775	52189	2	110	83	0	52189831001
15776	52189	3	111	83	0	52189159000
15777	52189	4	112	83	0	52189511001
15778	52189	5	113	83	0	52189197000
15779	52189	6	108	84	0	52189940000
15780	52189	10	112	84	0	52189065001
15781	52189	17	113	85	0	52189192000
15782	52190	7	109	84	0	52190560000
15783	52190	9	111	84	0	52190378001
15784	52190	11	113	84	0	52190606000
15785	52190	16	112	85	0	52190789001
15786	52190	23	113	86	0	52190921000
15787	52191	1	109	83	0	52191873000
15788	52191	3	111	83	0	52191537001
15789	52191	8	110	84	0	52191233001
15790	52191	10	112	84	0	52191637001
15791	52191	12	108	85	0	52191189001
15792	52192	0	108	83	0	52192121001
15793	52192	2	110	83	0	52192517001
15794	52192	6	108	84	0	52192962001
15795	52192	9	111	84	0	52192572001
15796	52192	13	109	85	0	52192298001
15797	52192	14	110	85	0	52192923001
15798	52192	15	111	85	0	52192415001
15799	52192	16	112	85	0	52192997000
15800	52192	17	113	85	0	52192103000
15801	52192	18	108	86	0	52192615000
15802	52192	22	112	86	0	52192410001
15803	52192	29	113	87	0	52192944001
15804	52193	7	109	84	0	52193331000
15805	52193	12	108	85	0	52193408000
15806	52193	19	109	86	0	52193413000
15807	52193	23	113	86	0	52193848000
15808	52194	8	110	84	0	52194219000
15809	52194	20	110	86	0	52194209000
15810	52194	21	111	86	0	52194195001
15811	52194	22	112	86	0	52194716001
15812	52194	24	108	87	0	52194327000
15813	52194	28	112	87	0	52194045000
15814	52194	35	113	88	0	52194988001
15815	52195	13	109	85	0	52195107000
15816	52195	14	110	85	0	52195734000
15817	52195	15	111	85	0	52195069000
15818	52195	18	108	86	0	52195406000
15819	52195	19	109	86	0	52195745000
15820	52195	25	109	87	0	52195495001
15821	52195	29	113	87	0	52195269001
15822	52195	30	108	88	0	52195310000
15823	52196	16	112	85	0	52196200000
15824	52196	20	110	86	0	52196612000
15825	52196	21	111	86	0	52196555000
15826	52196	22	112	86	0	52196928001
15827	52196	26	110	87	0	52196067001
15828	52196	27	111	87	0	52196016001
15829	52196	28	112	87	0	52196477000
15830	52196	31	109	88	0	52196152001
15831	52196	34	112	88	0	52196472001
15832	52197	24	108	87	0	52197135000
15833	52197	25	109	87	0	52197969000
15834	52197	30	108	88	0	52197593001
15835	52197	32	110	88	0	52197761001
15836	52197	33	111	88	0	52197652000
15837	52197	35	113	88	0	52197372000
15838	52198	27	111	87	0	52198431001
15839	52198	31	109	88	0	52198543000
15840	52198	34	112	88	0	52198670000
15841	52199	26	110	87	0	52199412001
15842	52199	28	112	87	0	52199385000
15843	52200	32	110	88	0	52200708000
15844	52200	33	111	88	0	52200325000
15845	52202	4	112	83	0	52202306000
15846	52202	5	113	83	0	52202881000
15847	52202	10	112	84	0	52202106000
15848	52203	34	112	88	0	52203057000
15849	52209	35	113	88	0	52209618000
15850	52212	0	108	83	1	52212603000
15851	52216	6	108	84	1	52216356000
15852	52217	0	108	83	1	52217718000
15853	52218	29	113	87	0	52218269000
15854	52218	31	109	88	0	52218658000
15855	52220	28	112	87	0	52220885001
15856	52222	0	108	83	0	52222158000
15857	52223	5	113	83	1	52223244001
15858	52225	6	108	84	0	52225151001
15859	52226	0	108	83	0	52226672001
15860	52226	11	113	84	1	52226507001
15861	52227	5	113	83	1	52227806000
15862	52231	17	113	85	1	52231309001
15863	52232	0	108	83	0	52232307000
15864	52233	4	112	83	1	52233918000
15865	52233	5	113	83	1	52233752001
15866	52237	5	113	83	0	52237812000
15867	52237	17	113	85	0	52237363000
15868	52240	4	112	83	0	52240798001
15869	52240	5	113	83	0	52240846000
15870	52240	11	113	84	0	52240505001
15871	52245	5	113	83	0	52245926001
15872	52254	33	111	88	1	52254323001
15873	52254	34	112	88	1	52254323001
15874	52254	35	113	88	1	52254966001
15875	52255	28	112	87	1	52255847000
15876	52255	32	110	88	1	52255098000
15877	52256	27	111	87	1	52256333001
15878	52256	29	113	87	1	52256480001
15879	52256	31	109	88	1	52256740001
15880	52256	33	111	88	1	52256186001
15881	52256	34	112	88	1	52256068001
15882	52256	35	113	88	1	52256721001
15883	52257	21	111	86	1	52257641000
15884	52257	22	112	86	1	52257737000
15885	52257	23	113	86	1	52257703000
15886	52257	26	110	87	1	52257099001
15887	52257	28	112	87	1	52257691001
15888	52257	32	110	88	1	52257631000
15889	52258	17	113	85	1	52258922001
15890	52258	25	109	87	1	52258794001
15891	52258	27	111	87	1	52258323000
15892	52258	30	108	88	1	52258512001
15893	52259	15	111	85	1	52259650001
15894	52259	16	112	85	1	52259425000
15895	52259	20	110	86	1	52259391001
15896	52259	22	112	86	1	52259858001
15897	52259	26	110	87	1	52259769000
15898	52259	31	109	88	1	52259276001
15899	52260	10	112	84	1	52260909001
15900	52260	11	113	84	1	52260576000
15901	52260	21	111	86	1	52260297001
15902	52260	24	108	87	1	52260708001
15903	52261	14	110	85	1	52261337001
15904	52261	16	112	85	1	52261494001
15905	52261	17	113	85	1	52261999000
15906	52261	19	109	86	1	52261189000
15907	52261	20	110	86	1	52261820001
15908	52261	25	109	87	1	52261220001
15909	52261	30	108	88	1	52261103000
15910	52262	4	112	83	1	52262858001
15911	52262	5	113	83	1	52262328001
15912	52262	9	111	84	1	52262135000
15913	52262	15	111	85	1	52262056000
15914	52262	18	108	86	1	52262657000
15915	52263	8	110	84	1	52263037001
15916	52263	10	112	84	1	52263430001
15917	52263	11	113	84	1	52263062000
15918	52263	13	109	85	1	52263167001
15919	52263	14	110	85	1	52263738000
15920	52263	19	109	86	1	52263645001
15921	52263	24	108	87	1	52263209000
15922	52264	3	111	83	1	52264242001
15923	52264	5	113	83	1	52264685001
15924	52264	7	109	84	1	52264971000
15925	52264	9	111	84	1	52264212000
15926	52264	12	108	85	1	52264972001
15927	52264	18	108	86	1	52264962001
15928	52264	23	113	86	1	52264574001
15929	52265	2	110	83	1	52265517000
15930	52265	4	112	83	1	52265105000
15931	52265	8	110	84	1	52265529000
15932	52265	13	109	85	1	52265409000
15933	52266	3	111	83	1	52266397001
15934	52266	6	108	84	1	52266590001
15935	52267	1	109	83	1	52267130001
15936	52267	7	109	84	1	52267475000
15937	52267	12	108	85	1	52267091001
15938	52268	0	108	83	1	52268425001
15939	52268	2	110	83	1	52268146000
15940	52269	1	109	83	1	52269293000
15941	52269	6	108	84	1	52269101000
15942	52270	0	108	83	1	52270719001
15943	52790	5	113	83	0	52790835000
15944	52791	3	111	83	0	52791637001
15945	52791	4	112	83	0	52791295000
15946	52791	10	112	84	0	52791884001
15947	52791	11	113	84	0	52791679000
15948	52792	0	108	83	0	52792300001
15949	52792	1	109	83	0	52792445000
15950	52792	2	110	83	0	52792103001
15951	52792	8	110	84	0	52792816000
15952	52792	9	111	84	0	52792315000
15953	52792	16	112	85	0	52792886001
15954	52792	17	113	85	0	52792392000
15955	52792	23	113	86	0	52792970001
15956	52793	3	111	83	0	52793905001
15957	52793	5	113	83	0	52793314001
15958	52793	6	108	84	0	52793698000
15959	52793	7	109	84	0	52793221000
15960	52793	14	110	85	0	52793600001
15961	52793	15	111	85	0	52793364001
15962	52793	21	111	86	0	52793788000
15963	52793	22	112	86	0	52793501000
15964	52793	29	113	87	0	52793827000
15965	52794	0	108	83	0	52794506001
15966	52794	2	110	83	0	52794335000
15967	52794	10	112	84	0	52794649000
15968	52794	12	108	85	0	52794633000
15969	52794	13	109	85	0	52794149000
15970	52794	19	109	86	0	52794695000
15971	52794	20	110	86	0	52794367001
15972	52794	23	113	86	0	52794987000
15973	52794	27	111	87	0	52794784000
15974	52794	28	112	87	0	52794329000
15975	52794	34	112	88	0	52794996001
15976	52794	35	113	88	0	52794620001
15977	52795	5	113	83	1	52795515001
15978	52795	9	111	84	0	52795214000
15979	52795	18	108	86	0	52795220000
15980	52795	24	108	87	0	52795923000
15981	52795	25	109	87	0	52795739001
15982	52795	26	110	87	0	52795308000
15983	52795	33	111	88	0	52795340001
15984	52796	4	112	83	1	52796771000
15985	52796	8	110	84	0	52796906000
15986	52796	11	113	84	1	52796288000
15987	52796	17	113	85	1	52796549001
15988	52796	21	111	86	0	52796588001
15989	52796	22	112	86	0	52796305000
15990	52796	28	112	87	0	52796286001
15991	52796	29	113	87	0	52796609000
15992	52796	30	108	88	0	52796710000
15993	52796	31	109	88	0	52796146000
15994	52796	32	110	88	0	52796175000
15995	52796	34	112	88	0	52796792001
15996	52797	3	111	83	1	52797529001
15997	52797	9	111	84	1	52797835000
15998	52797	10	112	84	1	52797109000
15999	52797	16	112	85	1	52797830000
16000	52797	18	108	86	0	52797578000
16001	52797	19	109	86	0	52797007001
16002	52797	23	113	86	1	52797167000
16003	52797	33	111	88	0	52797037000
16004	52798	8	110	84	1	52798831000
16005	52798	15	111	85	1	52798335001
16006	52798	21	111	86	1	52798731000
16007	52798	22	112	86	1	52798139000
16008	52798	28	112	87	1	52798275000
16009	52798	29	113	87	1	52798375000
16010	52798	34	112	88	1	52798760000
16011	52798	35	113	88	1	52798144001
16012	52799	2	110	83	1	52799030000
16013	52799	14	110	85	1	52799386001
16014	52799	20	110	86	1	52799661000
16015	52799	27	111	87	1	52799411000
16016	52799	30	108	88	0	52799126000
16017	52799	33	111	88	1	52799590001
16018	52800	3	111	83	0	52800256000
16019	52800	13	109	85	1	52800202001
16020	52800	19	109	86	1	52800668000
16021	52800	26	110	87	1	52800285000
16022	52800	32	110	88	1	52800705001
16023	52801	4	112	83	0	52801655001
16024	52801	8	110	84	0	52801546000
16025	52801	18	108	86	1	52801670000
16026	52801	25	109	87	1	52801122000
16027	52801	31	109	88	1	52801568000
16028	52802	2	110	83	0	52802489001
16029	52802	9	111	84	0	52802752001
16030	52802	24	108	87	1	52802285001
16031	52802	30	108	88	1	52802186000
16032	52803	3	111	83	0	52803796000
16033	52803	13	109	85	0	52803432000
16034	52803	14	110	85	0	52803797000
16035	52804	4	112	83	0	52804003001
16036	52804	5	113	83	0	52804931001
16037	52804	10	112	84	0	52804388000
16038	52804	19	109	86	0	52804227001
16039	52805	8	110	84	0	52805455001
16040	52805	24	108	87	0	52805490000
16041	52806	0	108	83	1	52806910000
16042	52806	9	111	84	0	52806185001
16043	52806	10	112	84	0	52806805001
16044	52806	14	110	85	0	52806927000
16045	52806	15	111	85	0	52806592001
16046	52806	18	108	86	0	52806473001
16047	52806	20	110	86	0	52806812001
16048	52807	1	109	83	1	52807306001
16049	52807	2	110	83	1	52807390001
16050	52807	3	111	83	1	52807721000
16051	52807	4	112	83	1	52807761001
16052	52807	5	113	83	1	52807978000
16053	52807	11	113	84	0	52807993001
16054	52807	13	109	85	0	52807498001
16055	52807	19	109	86	0	52807452001
16056	52807	24	108	87	0	52807868001
16057	52808	6	108	84	1	52808606001
16058	52808	7	109	84	1	52808667001
16059	52808	8	110	84	1	52808619000
16060	52808	16	112	85	0	52808766000
16061	52808	25	109	87	0	52808445000
16062	52809	9	111	84	1	52809021000
16063	52809	10	112	84	1	52809212000
16064	52809	20	110	86	0	52809811001
16065	52809	21	111	86	0	52809828001
16066	52809	30	108	88	0	52809103001
16067	52810	12	108	85	1	52810014001
16068	52810	13	109	85	1	52810081001
16069	52810	14	110	85	1	52810277001
16070	52810	15	111	85	1	52810677001
16071	52810	26	110	87	0	52810596000
16072	52811	16	112	85	1	52811297001
16073	52811	18	108	86	1	52811590001
16074	52811	19	109	86	1	52811997000
16075	52811	20	110	86	1	52811914000
16076	52811	30	108	88	0	52811975000
16077	52811	31	109	88	0	52811403001
16078	52812	21	111	86	1	52812517001
16079	52812	24	108	87	0	52812020000
16080	52813	0	108	83	1	52813839000
16081	52813	25	109	87	1	52813855000
16082	52814	24	108	87	1	52814054001
16083	52814	26	110	87	1	52814207001
16084	52814	30	108	88	1	52814815001
16085	52815	31	109	88	1	52815942000
16086	52816	11	113	84	1	52816725000
16087	52849	31	109	88	0	52849256001
16088	53003	24	108	87	0	53003590000
16089	53003	30	108	88	0	53003037000
16090	53003	31	109	88	0	53003612000
16091	53004	18	108	86	0	53004398001
16092	53004	19	109	86	0	53004913000
16093	53004	25	109	87	0	53004568000
16094	53004	32	110	88	0	53004597000
16095	53005	6	108	84	0	53005736001
16096	53005	12	108	85	0	53005218001
16097	53005	13	109	85	0	53005834000
16098	53005	20	110	86	0	53005615000
16099	53005	26	110	87	0	53005164001
16100	53005	27	111	87	0	53005828001
16101	53005	30	108	88	0	53005410001
16102	53005	31	109	88	0	53005787001
16103	53005	33	111	88	0	53005056001
16104	53005	34	112	88	0	53005637000
16105	53006	0	108	83	0	53006407001
16106	53006	7	109	84	0	53006437000
16107	53006	14	110	85	0	53006184000
16108	53006	18	108	86	0	53006750001
16109	53006	21	111	86	0	53006294001
16110	53006	22	112	86	0	53006908001
16111	53006	28	112	87	0	53006242001
16112	53006	29	113	87	0	53006851001
16113	53006	35	113	88	0	53006459000
16114	53007	1	109	83	0	53007039000
16115	53007	2	110	83	0	53007714000
16116	53007	8	110	84	0	53007112000
16117	53007	9	111	84	0	53007695001
16118	53007	15	111	85	0	53007170000
16119	53007	16	112	85	0	53007776000
16120	53007	19	109	86	0	53007327000
16121	53007	20	110	86	0	53007828000
16122	53007	23	113	86	0	53007688000
16123	53007	24	108	87	0	53007092001
16124	53007	32	110	88	0	53007164000
16125	53007	33	111	88	0	53007349000
16126	53007	34	112	88	0	53007526001
16127	53008	3	111	83	0	53008485000
16128	53008	10	112	84	0	53008125000
16129	53008	13	109	85	0	53008935001
16130	53008	14	110	85	0	53008665001
16131	53008	17	113	85	0	53008522001
16132	53008	22	112	86	0	53008833001
16133	53008	27	111	87	0	53008050001
16134	53008	28	112	87	0	53008072001
16135	53009	1	109	83	0	53009769000
16136	53009	4	112	83	0	53009129000
16137	53009	5	113	83	0	53009769000
16138	53009	8	110	84	0	53009759000
16139	53009	9	111	84	0	53009992001
16140	53009	11	113	84	0	53009118000
16141	53009	15	111	85	0	53009809000
16142	53009	16	112	85	0	53009770000
16143	53009	21	111	86	0	53009441001
16144	53009	23	113	86	0	53009759000
16145	53009	25	109	87	0	53009308000
16146	53009	29	113	87	0	53009042001
16147	53009	35	113	88	0	53009050000
16148	53010	2	110	83	0	53010242000
16149	53010	10	112	84	0	53010619000
16150	53010	31	109	88	0	53010763001
16151	53011	4	112	83	0	53011819000
16152	53011	11	113	84	0	53011468001
16153	53012	5	113	83	0	53012089000
16154	53012	17	113	85	0	53012240000
16155	53013	0	108	83	1	53013236000
16156	53013	3	111	83	0	53013129000
16157	53013	6	108	84	1	53013868000
16158	53014	28	112	87	0	53014163001
16159	53015	0	108	83	1	53015493000
16160	53016	12	108	85	1	53016373000
16161	53017	1	109	83	1	53017804001
16162	53017	6	108	84	1	53017022001
16163	53017	18	108	86	1	53017377001
16164	53019	12	108	85	1	53019058000
16165	53019	24	108	87	1	53019481001
16166	53020	0	108	83	1	53020575001
16167	53020	7	109	84	1	53020311000
16168	53020	18	108	86	1	53020307000
16169	53021	1	109	83	1	53021466000
16170	53021	6	108	84	1	53021606000
16171	53021	13	109	85	1	53021340001
16172	53021	30	108	88	1	53021446001
16173	53023	7	109	84	1	53023695000
16174	53023	12	108	85	1	53023333001
16175	53023	18	108	86	1	53023583000
16176	53023	19	109	86	1	53023900001
16177	53023	24	108	87	1	53023097000
16178	53024	2	110	83	1	53024553001
16179	53024	30	108	88	1	53024839001
16180	53025	1	109	83	1	53025145001
16181	53026	13	109	85	1	53026306000
16182	53027	8	110	84	1	53027198001
16183	53027	25	109	87	1	53027961000
16184	53027	31	109	88	1	53027418001
16185	53028	7	109	84	1	53028598000
16186	53028	19	109	86	1	53028750000
16187	53029	2	110	83	1	53029216000
16188	53030	13	109	85	1	53030413001
16189	53030	14	110	85	1	53030511000
16190	53031	24	108	87	1	53031790000
16191	53031	30	108	88	1	53031301001
16192	53032	8	110	84	1	53032926000
16193	53033	2	110	83	1	53033735000
16194	53033	19	109	86	1	53033236000
16195	53033	20	110	86	1	53033467000
16196	53033	25	109	87	1	53033452001
16197	53033	31	109	88	1	53033600000
16198	53036	8	110	84	1	53036936001
16199	53037	14	110	85	1	53037081000
16200	53039	20	110	86	1	53039116000
16201	53039	25	109	87	1	53039418001
16202	53039	31	109	88	1	53039628001
16203	53041	3	111	83	1	53041699001
16204	53041	26	110	87	1	53041371001
16205	53043	14	110	85	1	53043417000
16206	53052	35	113	88	1	53052576000
16207	53053	34	112	88	1	53053979001
16208	53054	33	111	88	1	53054666001
16209	53055	32	110	88	1	53055568001
16210	53056	35	113	88	1	53056498000
16211	53057	29	113	87	1	53057754000
16212	53057	34	112	88	1	53057968000
16213	53058	28	112	87	1	53058809001
16214	53058	33	111	88	1	53058277000
16215	53059	14	110	85	0	53059066000
16216	53059	27	111	87	1	53059938000
16217	53059	35	113	88	1	53059184000
16218	53060	32	110	88	1	53060163000
16219	53060	33	111	88	1	53060684001
16220	53060	34	112	88	1	53060322001
16221	53061	3	111	83	0	53061343001
16222	53061	23	113	86	1	53061890000
16223	53061	29	113	87	1	53061750000
16224	53062	8	110	84	0	53062222000
16225	53062	25	109	87	0	53062830000
16226	53062	28	112	87	1	53062550000
16227	53062	32	110	88	1	53062958001
16228	53063	21	111	86	1	53063508001
16229	53063	22	112	86	1	53063165001
16230	53063	26	110	87	1	53063466000
16231	53063	27	111	87	1	53063774001
16232	53063	31	109	88	1	53063236000
16233	53064	2	110	83	0	53064412000
16234	53064	14	110	85	0	53064054001
16235	53064	19	109	86	0	53064134001
16236	53065	28	112	87	1	53065134000
16237	53065	29	113	87	1	53065370000
16238	53066	8	110	84	0	53066444000
16239	53066	17	113	85	1	53066324001
16240	53066	23	113	86	1	53066075001
16241	53066	26	110	87	1	53066203000
16242	53067	2	110	83	0	53067082001
16243	53067	13	109	85	0	53067068000
16244	53067	16	112	85	1	53067299000
16245	53067	19	109	86	0	53067677000
16246	53067	21	111	86	1	53067238000
16247	53067	22	112	86	1	53067278000
16248	53067	25	109	87	1	53067677000
16249	53067	27	111	87	1	53067270001
16250	53068	7	109	84	0	53068537000
16251	53068	15	111	85	1	53068045001
16252	53068	20	110	86	1	53068417001
16253	53069	8	110	84	0	53069293000
16254	53069	23	113	86	1	53069465001
16255	53070	1	109	83	0	53070244000
16256	53070	2	110	83	0	53070515001
16257	53070	10	112	84	1	53070767000
16258	53070	11	113	84	1	53070649000
16259	53070	16	112	85	1	53070507000
16260	53070	17	113	85	1	53070153000
16261	53070	20	110	86	1	53070807000
16262	53070	21	111	86	1	53070003001
16263	53070	22	112	86	1	53070832001
16264	53071	7	109	84	0	53071334000
16265	53071	13	109	85	0	53071823001
16266	53071	14	110	85	1	53071089000
16267	53071	15	111	85	1	53071904000
16268	53071	19	109	86	1	53071366001
16269	53072	1	109	83	0	53072752001
16270	53072	9	111	84	1	53072759000
16271	53073	5	113	83	1	53073985001
16272	53073	6	108	84	0	53073481000
16273	53073	8	110	84	1	53073264001
16274	53073	12	108	85	0	53073320001
16275	53073	14	110	85	1	53073473000
16276	53073	16	112	85	1	53073153000
16277	53073	17	113	85	1	53073616000
16278	53074	0	108	83	0	53074878001
16279	53074	10	112	84	1	53074723000
16280	53074	11	113	84	1	53074557001
16281	53074	13	109	85	1	53074626001
16282	53074	15	111	85	1	53074904000
16283	53075	4	112	83	1	53075467000
16284	53076	3	111	83	1	53076894001
16285	53076	7	109	84	1	53076911001
16286	53076	8	110	84	1	53076679001
16287	53076	9	111	84	1	53076365001
16288	53076	12	108	85	1	53076163001
16289	53077	5	113	83	1	53077667000
16290	53077	10	112	84	1	53077380000
16291	53078	0	108	83	0	53078226000
16292	53078	2	110	83	1	53078039000
16293	53078	11	113	84	1	53078827000
16294	53079	3	111	83	1	53079913000
16295	53079	4	112	83	1	53079274001
16296	53079	6	108	84	1	53079820001
16297	53079	8	110	84	1	53079722000
16298	53080	1	109	83	1	53080790001
16299	53080	5	113	83	1	53080093000
16300	53080	7	109	84	1	53080060000
16301	53081	0	108	83	1	53081883000
16302	53081	2	110	83	1	53081324001
16303	53082	4	112	83	1	53082715000
16304	53083	1	109	83	1	53083289001
16305	53083	3	111	83	1	53083244001
16306	53084	0	108	83	1	53084777000
16307	53087	9	111	84	1	53087604001
16308	53091	2	110	83	1	53091671000
16309	53114	14	110	85	1	53114676000
16310	53115	2	110	83	0	53115916001
16311	53115	4	112	83	0	53115874000
16312	53116	0	108	83	0	53116851001
16313	53116	1	109	83	0	53116462001
16314	53116	3	111	83	0	53116297000
16315	53116	5	113	83	0	53116253000
16316	53118	2	110	83	0	53118531000
16317	53118	4	112	83	0	53118632000
16318	53118	9	111	84	0	53118958000
16319	53118	10	112	84	0	53118940001
16320	53119	1	109	83	0	53119470000
16321	53119	3	111	83	0	53119628000
16322	53119	5	113	83	0	53119503001
16323	53119	7	109	84	0	53119680000
16324	53119	8	110	84	0	53119196000
16325	53119	11	113	84	0	53119101000
16326	53120	0	108	83	0	53120267001
16327	53120	6	108	84	0	53120192000
16328	53121	2	110	83	0	53121137000
16329	53121	4	112	83	0	53121300000
16330	53121	8	110	84	0	53121942000
16331	53121	9	111	84	0	53121206000
16332	53121	10	112	84	0	53121437001
16333	53121	11	113	84	0	53121557001
16334	53121	16	112	85	0	53121911001
16335	53121	17	113	85	0	53121760001
16336	53122	1	109	83	0	53122739001
16337	53122	7	109	84	0	53122676001
16338	53122	12	108	85	0	53122961000
16339	53122	13	109	85	0	53122754000
16340	53122	14	110	85	0	53122101000
16341	53122	15	111	85	0	53122145000
16342	53123	3	111	83	0	53123895000
16343	53123	6	108	84	0	53123327000
16344	53123	9	111	84	0	53123773001
16345	53123	10	112	84	0	53123915001
16346	53123	11	113	84	0	53123896000
16347	53123	23	113	86	0	53123702001
16348	53124	14	110	85	0	53124827001
16349	53124	16	112	85	0	53124275001
16350	53124	17	113	85	0	53124506001
16351	53124	19	109	86	0	53124730001
16352	53124	20	110	86	0	53124763000
16353	53124	21	111	86	0	53124354001
16354	53124	22	112	86	0	53124035000
16355	53125	0	108	83	0	53125286000
16356	53125	8	110	84	0	53125070001
16357	53125	12	108	85	0	53125817001
16358	53125	13	109	85	0	53125879001
16359	53125	15	111	85	0	53125098001
16360	53125	18	108	86	0	53125322001
16361	53125	29	113	87	0	53125787000
16362	53126	7	109	84	0	53126488001
16363	53126	16	112	85	0	53126823000
16364	53126	21	111	86	0	53126555001
16365	53126	22	112	86	0	53126150001
16366	53126	23	113	86	0	53126128001
16367	53126	27	111	87	0	53126590000
16368	53126	28	112	87	0	53126366000
16369	53127	18	108	86	0	53127618001
16370	53127	19	109	86	0	53127118001
16371	53127	20	110	86	0	53127021001
16372	53127	24	108	87	0	53127336001
16373	53127	25	109	87	0	53127396000
16374	53127	26	110	87	0	53127159000
16375	53127	35	113	88	0	53127958000
16376	53128	5	113	83	1	53128287001
16377	53128	11	113	84	1	53128738001
16378	53128	17	113	85	1	53128942001
16379	53128	22	112	86	0	53128200000
16380	53128	29	113	87	0	53128222001
16381	53128	33	111	88	0	53128562000
16382	53128	34	112	88	0	53128200000
16383	53129	4	112	83	1	53129128001
16384	53129	10	112	84	1	53129657001
16385	53129	23	113	86	1	53129538001
16386	53129	27	111	87	0	53129294000
16387	53129	28	112	87	0	53129294000
16388	53129	30	108	88	0	53129336001
16389	53129	31	109	88	0	53129068000
16390	53129	32	110	88	0	53129054001
16391	53130	3	111	83	1	53130074001
16392	53130	9	111	84	1	53130852000
16393	53130	16	112	85	1	53130094001
16394	53130	22	112	86	1	53130803001
16395	53130	24	108	87	0	53130064000
16396	53130	25	109	87	0	53130501001
16397	53130	26	110	87	0	53130576000
16398	53130	29	113	87	1	53130212001
16399	53130	33	111	88	0	53130671000
16400	53130	34	112	88	0	53130566000
16401	53130	35	113	88	1	53130949000
16402	53131	2	110	83	1	53131368001
16403	53131	8	110	84	1	53131308000
16404	53131	15	111	85	1	53131013001
16405	53131	18	108	86	0	53131131001
16406	53131	19	109	86	0	53131736000
16407	53131	21	111	86	1	53131452001
16408	53131	27	111	87	1	53131846001
16409	53131	28	112	87	1	53131178000
16410	53131	30	108	88	0	53131668000
16411	53131	31	109	88	0	53131594000
16412	53131	32	110	88	0	53131555000
16413	53131	34	112	88	1	53131959001
16414	53132	1	109	83	1	53132167001
16415	53132	7	109	84	1	53132671000
16416	53132	13	109	85	1	53132956000
16417	53132	14	110	85	1	53132123000
16418	53132	20	110	86	1	53132343000
16419	53132	26	110	87	1	53132851000
16420	53132	33	111	88	1	53132456000
16421	53133	0	108	83	1	53133235001
16422	53133	6	108	84	1	53133864000
16423	53133	8	110	84	1	53133213001
16424	53133	19	109	86	1	53133734000
16425	53133	25	109	87	1	53133719001
16426	53133	32	110	88	1	53133609000
16427	53134	3	111	83	1	53134047001
16428	53134	12	108	85	1	53134139000
16429	53134	15	111	85	1	53134288001
16430	53134	18	108	86	1	53134351001
16431	53134	31	109	88	1	53134112000
16432	53135	16	112	85	1	53135005000
16433	53135	24	108	87	1	53135106001
16434	53135	30	108	88	1	53135187000
16435	53136	0	108	83	1	53136548000
16436	53136	18	108	86	1	53136536000
16437	53157	4	112	83	1	53157065000
16438	53158	20	110	86	1	53158832000
16439	53161	12	108	85	1	53161699001
16440	53324	24	108	87	0	53324896001
16441	53324	30	108	88	0	53324818001
16442	53325	12	108	85	1	53325903001
16443	53325	18	108	86	0	53325413001
16444	53325	31	109	88	0	53325674000
16445	53326	0	108	83	0	53326815001
16446	53326	6	108	84	0	53326487001
16447	53326	19	109	86	0	53326322000
16448	53326	25	109	87	0	53326596001
16449	53327	7	109	84	0	53327666001
16450	53327	13	109	85	0	53327251000
16451	53327	18	108	86	0	53327591001
16452	53327	20	110	86	0	53327508001
16453	53327	24	108	87	0	53327022001
16454	53327	26	110	87	0	53327362001
16455	53327	30	108	88	0	53327076000
16456	53327	31	109	88	0	53327594000
16457	53327	32	110	88	0	53327131001
16458	53327	33	111	88	0	53327825000
16459	53328	1	109	83	0	53328270000
16460	53328	8	110	84	0	53328326000
16461	53328	12	108	85	0	53328098001
16462	53328	14	110	85	0	53328273001
16463	53328	19	109	86	0	53328369001
16464	53328	21	111	86	0	53328941000
16465	53328	27	111	87	0	53328674000
16466	53328	34	112	88	0	53328807001
16467	53329	0	108	83	0	53329691001
16468	53329	2	110	83	0	53329301000
16469	53329	6	108	84	0	53329837001
16470	53329	9	111	84	0	53329691001
16471	53329	13	109	85	0	53329928001
16472	53329	15	111	85	0	53329365001
16473	53329	22	112	86	0	53329929000
16474	53329	28	112	87	0	53329356000
16475	53329	33	111	88	0	53329648000
16476	53330	1	109	83	0	53330366001
16477	53330	3	111	83	0	53330154000
16478	53330	7	109	84	0	53330698001
16479	53330	8	110	84	0	53330433001
16480	53330	10	112	84	0	53330789001
16481	53330	14	110	85	0	53330563001
16482	53330	16	112	85	0	53330285000
16483	53330	20	110	86	0	53330116000
16484	53330	23	113	86	0	53330991001
16485	53330	25	109	87	0	53330430000
16486	53330	26	110	87	0	53330371001
16487	53330	27	111	87	0	53330714000
16488	53330	29	113	87	0	53330483000
16489	53330	31	109	88	0	53330969001
16490	53330	32	110	88	0	53330212000
16491	53330	34	112	88	0	53330441001
16492	53330	35	113	88	0	53330037000
16493	53331	2	110	83	0	53331454001
16494	53331	4	112	83	0	53331273001
16495	53331	9	111	84	0	53331828000
16496	53331	15	111	85	0	53331520001
16497	53331	17	113	85	0	53331794000
16498	53331	21	111	86	0	53331758001
16499	53331	22	112	86	0	53331825001
16500	53331	28	112	87	0	53331220000
16501	53331	35	113	88	0	53331972001
16502	53332	3	111	83	0	53332337001
16503	53332	5	113	83	0	53332765001
16504	53332	11	113	84	0	53332146001
16505	53332	16	112	85	0	53332252001
16506	53332	29	113	87	0	53332612001
16507	53333	4	112	83	0	53333282001
16508	53333	10	112	84	0	53333166000
16509	53333	23	113	86	0	53333063001
16510	53334	11	113	84	0	53334543001
16511	53334	17	113	85	0	53334294001
16512	53335	5	113	83	0	53335216000
16513	53338	18	108	86	0	53338901000
16514	53340	34	112	88	0	53340084000
16515	53343	0	108	83	1	53343257001
16516	53344	1	109	83	1	53344671000
16517	53344	6	108	84	1	53344019000
16518	53344	12	108	85	1	53344837001
16519	53345	7	109	84	1	53345402000
16520	53345	18	108	86	1	53345273000
16521	53346	2	110	83	1	53346005000
16522	53346	8	110	84	1	53346731000
16523	53346	13	109	85	1	53346117000
16524	53346	19	109	86	1	53346965001
16525	53346	24	108	87	1	53346136000
16526	53346	30	108	88	1	53346799000
16527	53347	0	108	83	1	53347594000
16528	53347	3	111	83	1	53347614000
16529	53347	14	110	85	1	53347295000
16530	53347	20	110	86	1	53347929001
16531	53347	25	109	87	1	53347465001
16532	53348	4	112	83	1	53348867001
16533	53348	9	111	84	1	53348233001
16534	53348	15	111	85	1	53348764000
16535	53348	18	108	86	1	53348972000
16536	53348	26	110	87	1	53348672001
16537	53348	31	109	88	1	53348146001
16538	53349	10	112	84	1	53349692000
16539	53349	21	111	86	1	53349565001
16540	53349	32	110	88	1	53349292000
16541	53350	2	110	83	1	53350979001
16542	53350	5	113	83	1	53350521000
16543	53350	16	112	85	1	53350151001
16544	53350	22	112	86	1	53350944001
16545	53350	27	111	87	1	53350150001
16546	53350	33	111	88	1	53350773000
16547	53351	11	113	84	1	53351167000
16548	53351	15	111	85	1	53351405001
16549	53351	17	113	85	1	53351726001
16550	53351	28	112	87	1	53351460000
16551	53351	34	112	88	1	53351642001
16552	53352	14	110	85	1	53352335001
16553	53352	23	113	86	1	53352373001
16554	53352	29	113	87	1	53352994001
16555	53353	4	112	83	1	53353870000
16556	53353	16	112	85	1	53353533001
16557	53353	20	110	86	1	53353971000
16558	53353	34	112	88	1	53353338001
16559	53353	35	113	88	1	53353768000
16560	53354	8	110	84	1	53354066000
16561	53354	33	111	88	1	53354560000
16562	53355	28	112	87	1	53355780001
16563	53356	22	112	86	1	53356885000
16564	53365	27	111	87	1	53365074000
16565	53452	29	113	87	0	53452951001
16566	53452	35	113	88	0	53452931000
16567	53453	17	113	85	0	53453961000
16568	53453	23	113	86	0	53453193001
16569	53454	5	113	83	0	53454352001
16570	53454	11	113	84	0	53454017001
16571	53454	29	113	87	0	53454947000
16572	53455	22	112	86	0	53455358000
16573	53455	23	113	86	0	53455496001
16574	53455	28	112	87	0	53455314000
16575	53455	34	112	88	0	53455296000
16576	53455	35	113	88	0	53455343001
16577	53456	4	112	83	0	53456757001
16578	53456	5	113	83	0	53456743000
16579	53456	10	112	84	0	53456741001
16580	53456	11	113	84	0	53456180000
16581	53456	16	112	85	0	53456061000
16582	53456	17	113	85	0	53456554001
16583	53457	22	112	86	0	53457227000
16584	53457	28	112	87	0	53457282000
16585	53457	29	113	87	0	53457486000
16586	53457	33	111	88	0	53457775001
16587	53457	34	112	88	0	53457164000
16588	53458	10	112	84	0	53458618000
16589	53458	16	112	85	0	53458305001
16590	53458	23	113	86	0	53458900001
16591	53458	27	111	87	0	53458272001
16592	53459	4	112	83	0	53459046000
16593	53459	9	111	84	0	53459917000
16594	53459	15	111	85	0	53459136000
16595	53459	21	111	86	0	53459286000
16596	53459	22	112	86	0	53459790001
16597	53459	28	112	87	0	53459683001
16598	53459	33	111	88	0	53459714000
16599	53459	34	112	88	0	53459388000
16600	53460	3	111	83	0	53460488001
16601	53460	27	111	87	0	53460555001
16602	53461	9	111	84	0	53461931000
16603	53461	10	112	84	0	53461102001
16604	53461	11	113	84	1	53461095001
16605	53461	14	110	85	0	53461692001
16606	53461	15	111	85	0	53461435001
16607	53461	16	112	85	0	53461542001
16608	53461	20	110	86	0	53461509000
16609	53461	21	111	86	0	53461861001
16610	53461	32	110	88	0	53461924001
16611	53462	2	110	83	0	53462653000
16612	53462	8	110	84	0	53462334001
16613	53462	26	110	87	0	53462121001
16614	53462	33	111	88	0	53462176001
16615	53463	3	111	83	0	53463317000
16616	53463	5	113	83	1	53463426001
16617	53463	14	110	85	0	53463743001
16618	53463	20	110	86	0	53463623001
16619	53464	2	110	83	0	53464900001
16620	53464	8	110	84	0	53464511000
16621	53464	11	113	84	1	53464701000
16622	53464	25	109	87	0	53464995000
16623	53464	26	110	87	0	53464732001
16624	53464	31	109	88	0	53464036000
16625	53464	32	110	88	0	53464753000
16626	53465	4	112	83	1	53465442001
16627	53465	5	113	83	1	53465727000
16628	53465	13	109	85	0	53465675000
16629	53465	19	109	86	0	53465055000
16630	53466	1	109	83	0	53466604000
16631	53466	3	111	83	1	53466257001
16632	53466	7	109	84	0	53466158000
16633	53466	10	112	84	1	53466782001
16634	53466	11	113	84	1	53466579001
16635	53466	17	113	85	1	53466473001
16636	53466	20	110	86	0	53466798001
16637	53466	31	109	88	0	53466316000
16638	53467	8	110	84	0	53467723000
16639	53467	14	110	85	0	53467042000
16640	53467	18	108	86	0	53467600000
16641	53467	19	109	86	0	53467408000
16642	53467	24	108	87	0	53467615001
16643	53467	25	109	87	0	53467423001
16644	53467	30	108	88	0	53467281001
16645	53468	2	110	83	1	53468330001
16646	53468	3	111	83	1	53468684001
16647	53468	9	111	84	1	53468203000
16648	53468	12	108	85	0	53468995000
16649	53468	13	109	85	0	53468669000
16650	53468	16	112	85	1	53468336001
16651	53468	17	113	85	1	53468548001
16652	53468	23	113	86	1	53468694001
16653	53468	31	109	88	0	53468985000
16654	53469	0	108	83	0	53469135001
16655	53469	6	108	84	0	53469360001
16656	53469	7	109	84	0	53469284000
16657	53469	8	110	84	1	53469648000
16658	53469	10	112	84	1	53469836000
16659	53469	15	111	85	1	53469725001
16660	53469	18	108	86	0	53469595001
16661	53469	22	112	86	1	53469886000
16662	53469	24	108	87	0	53469674001
16663	53469	30	108	88	0	53469780001
16664	53470	1	109	83	1	53470187001
16665	53470	4	112	83	1	53470264001
16666	53470	16	112	85	1	53470545000
16667	53470	29	113	87	1	53470386000
16668	53471	7	109	84	1	53471809001
16669	53471	8	110	84	1	53471935000
16670	53471	9	111	84	1	53471819001
16671	53471	12	108	85	0	53471867000
16672	53471	14	110	85	1	53471185000
16673	53471	15	111	85	1	53471340001
16674	53471	21	111	86	1	53471149001
16675	53471	22	112	86	1	53471900000
16676	53471	23	113	86	1	53471875001
16677	53471	28	112	87	1	53471482001
16678	53472	0	108	83	1	53472465001
16679	53472	13	109	85	1	53472348001
16680	53472	18	108	86	0	53472991001
16681	53472	20	110	86	1	53472713001
16682	53472	24	108	87	0	53472641001
16683	53472	29	113	87	1	53472641001
16684	53472	30	108	88	0	53472967001
16685	53472	35	113	88	1	53472067001
16686	53473	6	108	84	1	53473257000
16687	53473	14	110	85	1	53473052001
16688	53473	21	111	86	1	53473011001
16689	53473	27	111	87	1	53473366001
16690	53473	28	112	87	1	53473234000
16691	53473	34	112	88	1	53473184000
16692	53474	12	108	85	1	53474382000
16693	53474	13	109	85	1	53474422000
16694	53474	19	109	86	1	53474435001
16695	53474	20	110	86	1	53474846001
16696	53474	26	110	87	1	53474507000
16697	53474	33	111	88	1	53474350000
16698	53474	34	112	88	1	53474961001
16699	53474	35	113	88	1	53474275000
16700	53475	25	109	87	1	53475675001
16701	53475	27	111	87	1	53475576000
16702	53476	12	108	85	1	53476867001
16703	53476	18	108	86	1	53476023001
16704	53476	26	110	87	1	53476985001
16705	53476	32	110	88	1	53476594000
16706	53476	33	111	88	1	53476004000
16707	53477	19	109	86	1	53477680000
16708	53477	24	108	87	1	53477400000
16709	53477	25	109	87	1	53477728001
16710	53477	31	109	88	1	53477531001
16711	53478	18	108	86	1	53478169001
16712	53478	30	108	88	1	53478598000
16713	53479	24	108	87	1	53479819000
16714	53479	31	109	88	1	53479905000
16715	53479	32	110	88	1	53479464000
16716	53480	30	108	88	1	53480633001
16717	53496	2	110	83	1	53496634001
16718	53608	30	108	88	0	53608616001
16719	53609	24	108	87	0	53609754001
16720	53610	30	108	88	0	53610629000
16721	53610	31	109	88	0	53610356001
16722	53611	18	108	86	0	53611034000
16723	53611	24	108	87	0	53611880001
16724	53611	25	109	87	0	53611731000
16725	53612	12	108	85	0	53612022001
16726	53612	19	109	86	0	53612105001
16727	53612	32	110	88	0	53612309001
16728	53613	6	108	84	0	53613311001
16729	53613	13	109	85	0	53613793000
16730	53613	18	108	86	0	53613023001
16731	53613	26	110	87	0	53613176001
16732	53613	30	108	88	1	53613114001
16733	53613	31	109	88	1	53613616001
16734	53614	0	108	83	0	53614104001
16735	53614	7	109	84	0	53614852001
16736	53614	12	108	85	0	53614520001
16737	53614	19	109	86	0	53614637000
16738	53614	20	110	86	0	53614326000
16739	53614	24	108	87	1	53614277000
16740	53614	32	110	88	1	53614365000
16741	53615	1	109	83	0	53615659001
16742	53615	6	108	84	0	53615732001
16743	53615	8	110	84	0	53615894001
16744	53615	14	110	85	0	53615167001
16745	53615	18	108	86	1	53615604000
16746	53615	21	111	86	0	53615823000
16747	53615	25	109	87	1	53615083001
16748	53615	26	110	87	1	53615387001
16749	53616	0	108	83	0	53616647000
16750	53616	2	110	83	0	53616647000
16751	53616	19	109	86	1	53616657000
16752	53616	20	110	86	1	53616495000
16753	53617	9	111	84	0	53617279001
16754	53617	12	108	85	1	53617016000
16755	53617	13	109	85	1	53617534000
16756	53617	14	110	85	1	53617859001
16757	53617	15	111	85	0	53617032001
16758	53617	18	108	86	1	53617587001
16759	53618	1	109	83	0	53618022001
16760	53618	2	110	83	0	53618605000
16761	53618	3	111	83	0	53618329000
16762	53618	6	108	84	1	53618328000
16763	53618	10	112	84	0	53618584001
16764	53618	12	108	85	1	53618757000
16765	53618	24	108	87	1	53618757000
16766	53619	0	108	83	1	53619601000
16767	53619	4	112	83	0	53619575001
16768	53619	7	109	84	1	53619016000
16769	53619	8	110	84	1	53619165001
16770	53619	9	111	84	1	53619628000
16771	53619	15	111	85	1	53619376000
16772	53620	1	109	83	1	53620374001
16773	53620	2	110	83	1	53620717001
16774	53620	3	111	83	1	53620885000
16775	53620	6	108	84	1	53620676000
16776	53621	0	108	83	1	53621406001
16777	53621	4	112	83	1	53621935001
16778	53844	3	111	83	0	53844893001
16779	53844	4	112	83	0	53844377001
16780	53845	2	110	83	0	53845567000
16781	53845	9	111	84	0	53845693001
16782	53845	10	112	84	0	53845357000
16783	53846	1	109	83	0	53846152000
16784	53846	4	112	83	1	53846913000
16785	53846	8	110	84	0	53846453001
16786	53847	0	108	83	0	53847036000
16787	53847	3	111	83	1	53847941000
16788	53847	6	108	84	0	53847792001
16789	53847	7	109	84	0	53847057000
16790	53847	14	110	85	0	53847345000
16791	53847	15	111	85	0	53847075000
16792	53848	1	109	83	0	53848450001
16793	53848	9	111	84	1	53848137001
16794	53848	12	108	85	0	53848755001
16795	53848	13	109	85	0	53848040001
16796	53848	19	109	86	0	53848726001
16797	53848	20	110	86	0	53848295000
16798	53849	0	108	83	0	53849297000
16799	53849	2	110	83	1	53849946000
16800	53849	14	110	85	1	53849979000
16801	53849	18	108	86	0	53849489000
16802	53849	25	109	87	0	53849921001
16803	53849	26	110	87	0	53849669000
16804	53850	8	110	84	1	53850079001
16805	53850	20	110	86	1	53850967001
16806	53850	24	108	87	0	53850315001
16807	53850	31	109	88	0	53850513000
16808	53851	1	109	83	1	53851759000
16809	53851	7	109	84	1	53851445001
16810	53851	13	109	85	1	53851997001
16811	53851	30	108	88	0	53851324000
16812	53852	0	108	83	1	53852894000
16813	53852	19	109	86	1	53852209000
16814	53852	25	109	87	1	53852388000
16815	53853	6	108	84	1	53853923001
16816	53853	12	108	85	1	53853985001
16817	53854	1	109	83	1	53854271001
16818	53854	18	108	86	1	53854357000
16819	53854	24	108	87	1	53854716001
16820	53854	30	108	88	1	53854666001
16821	53855	0	108	83	1	53855324001
16822	53855	31	109	88	1	53855510001
16823	53856	6	108	84	1	53856358001
16824	53856	7	109	84	1	53856567001
16825	53856	12	108	85	1	53856510001
16826	53857	18	108	86	1	53857986001
16827	54245	31	109	88	0	54245200001
16828	54246	34	112	88	0	54246594000
16829	54248	28	112	87	0	54248476001
16830	54248	29	113	87	0	54248176000
16831	54283	0	108	83	0	54283125001
16832	54283	6	108	84	0	54283068001
16833	54283	12	108	85	0	54283152000
16834	54283	18	108	86	0	54283060000
16835	54283	24	108	87	0	54283072000
16836	54283	30	108	88	0	54283124000
16837	54284	1	109	83	0	54284014001
16838	54284	2	110	83	0	54284983001
16839	54284	7	109	84	0	54284097000
16840	54284	13	109	85	0	54284142000
16841	54284	19	109	86	0	54284030000
16842	54284	24	108	87	0	54284847001
16843	54284	25	109	87	0	54284427001
16844	54284	31	109	88	0	54284225000
16845	54285	0	108	83	0	54285367001
16846	54285	6	108	84	0	54285429001
16847	54285	8	110	84	0	54285073001
16848	54285	9	111	84	0	54285924001
16849	54285	12	108	85	0	54285175001
16850	54285	14	110	85	0	54285162001
16851	54285	18	108	86	0	54285013000
16852	54285	20	110	86	0	54285072001
16853	54285	26	110	87	0	54285238000
16854	54285	30	108	88	0	54285064000
16855	54285	32	110	88	0	54285343001
16856	54286	1	109	83	0	54286070001
16857	54286	3	111	83	0	54286083000
16858	54286	4	112	83	0	54286966000
16859	54286	10	112	84	0	54286784001
16860	54286	15	111	85	0	54286418001
16861	54286	16	112	85	0	54286971001
16862	54286	19	109	86	0	54286031001
16863	54286	21	111	86	0	54286054000
16864	54286	22	112	86	0	54286970001
16865	54286	25	109	87	0	54286849000
16866	54286	27	111	87	0	54286229000
16867	54286	31	109	88	0	54286386000
16868	54286	33	111	88	0	54286052001
16869	54287	2	110	83	0	54287019000
16870	54287	7	109	84	0	54287167001
16871	54287	8	110	84	0	54287787001
16872	54287	9	111	84	0	54287823000
16873	54287	13	109	85	0	54287454001
16874	54287	14	110	85	0	54287745000
16875	54287	20	110	86	0	54287472001
16876	54287	28	112	87	0	54287146000
16877	54287	33	111	88	0	54287927001
16878	54287	34	112	88	0	54287109000
16879	54288	3	111	83	0	54288325000
16880	54288	5	113	83	0	54288045001
16881	54288	10	112	84	0	54288857000
16882	54288	11	113	84	0	54288099000
16883	54288	17	113	85	0	54288083001
16884	54288	21	111	86	0	54288579001
16885	54288	22	112	86	0	54288938000
16886	54288	23	113	86	0	54288008000
16887	54288	26	110	87	0	54288275001
16888	54288	27	111	87	0	54288416001
16889	54288	29	113	87	0	54288241001
16890	54288	32	110	88	0	54288046001
16891	54288	35	113	88	0	54288166000
16892	54289	4	112	83	0	54289270000
16893	54289	16	112	85	0	54289804000
16894	54289	23	113	86	0	54289829001
16895	54289	34	112	88	0	54289438000
16896	54289	35	113	88	0	54289942001
16897	54290	5	113	83	0	54290014001
16898	54290	11	113	84	0	54290045000
16899	54290	15	111	85	0	54290368000
16900	54290	17	113	85	0	54290189001
16901	54290	28	112	87	0	54290956001
16902	54290	29	113	87	0	54290273001
16903	54290	32	110	88	0	54290619000
16904	54292	3	111	83	0	54292989000
16905	54293	30	108	88	1	54293871001
16906	54294	31	109	88	1	54294748001
16907	54295	24	108	87	1	54295841001
16908	54295	30	108	88	1	54295688001
16909	54295	32	110	88	1	54295653000
16910	54296	18	108	86	1	54296966001
16911	54296	25	109	87	1	54296000000
16912	54296	31	109	88	1	54296940000
16913	54296	33	111	88	1	54296492000
16914	54296	34	112	88	1	54296829000
16915	54297	25	109	87	1	54297886000
16916	54297	26	110	87	1	54297138000
16917	54297	32	110	88	1	54297527000
16918	54297	35	113	88	1	54297999000
16919	54298	12	108	85	1	54298451001
16920	54298	13	109	85	1	54298886001
16921	54298	18	108	86	1	54298666001
16922	54298	19	109	86	1	54298062000
16923	54298	20	110	86	1	54298214000
16924	54298	21	111	86	1	54298977001
16925	54298	24	108	87	1	54298879001
16926	54298	27	111	87	1	54298129000
16927	54298	28	112	87	1	54298168000
16928	54298	33	111	88	1	54298036001
16929	54298	34	112	88	1	54298422000
16930	54299	6	108	84	1	54299564000
16931	54299	14	110	85	1	54299681000
16932	54299	26	110	87	1	54299373000
16933	54299	29	113	87	1	54299046000
16934	54299	35	113	88	1	54299923000
16935	54300	12	108	85	1	54300220001
16936	54300	13	109	85	1	54300750001
16937	54300	15	111	85	1	54300220001
16938	54300	20	110	86	1	54300154000
16939	54300	21	111	86	1	54300943000
16940	54300	22	112	86	1	54300416001
16941	54300	23	113	86	1	54300968001
16942	54300	27	111	87	1	54300522000
16943	54300	28	112	87	1	54300019000
16944	54300	29	113	87	1	54300926000
16945	54301	0	108	83	1	54301722001
16946	54301	6	108	84	1	54301722001
16947	54301	7	109	84	1	54301054001
16948	54301	8	110	84	1	54301427000
16949	54301	14	110	85	1	54301608000
16950	54301	16	112	85	1	54301963000
16951	54301	19	109	86	1	54301120001
16952	54302	1	109	83	1	54302427001
16953	54302	15	111	85	1	54302237000
16954	54302	17	113	85	1	54302572001
16955	54302	22	112	86	1	54302506001
16956	54303	0	108	83	1	54303558001
16957	54303	2	110	83	1	54303493000
16958	54303	7	109	84	1	54303323000
16959	54303	8	110	84	1	54303415000
16960	54303	9	111	84	1	54303206000
16961	54303	10	112	84	1	54303619001
16962	54303	16	112	85	1	54303885001
16963	54303	23	113	86	1	54303010000
16964	54304	1	109	83	1	54304328001
16965	54304	3	111	83	1	54304894000
16966	54304	11	113	84	1	54304426000
16967	54304	17	113	85	1	54304385001
16968	54305	2	110	83	1	54305433001
16969	54305	4	112	83	1	54305423000
16970	54305	5	113	83	1	54305841000
16971	54305	9	111	84	1	54305602001
16972	54305	10	112	84	1	54305821001
16973	54306	3	111	83	1	54306996001
16974	54306	11	113	84	1	54306477000
16975	54307	4	112	83	1	54307322001
16976	54307	5	113	83	1	54307895000
16977	54335	19	109	86	0	54335719001
16978	54335	30	108	88	0	54335727000
16979	54336	31	109	88	0	54336497001
16980	54339	20	110	86	0	54339549000
16981	54341	10	112	84	0	54341751000
16982	54343	23	113	86	0	54343294001
16983	54406	0	108	83	0	54406825001
16984	54406	1	109	83	0	54406687000
16985	54406	2	110	83	0	54406825001
16986	54407	3	111	83	0	54407006001
16987	54407	4	112	83	0	54407123001
16988	54407	5	113	83	0	54407273000
16989	54407	6	108	84	0	54407769000
16990	54407	7	109	84	0	54407709001
16991	54407	8	110	84	0	54407924001
16992	54407	9	111	84	0	54407917001
16993	54408	0	108	83	0	54408909001
16994	54408	1	109	83	0	54408795001
16995	54408	2	110	83	0	54408813001
16996	54408	10	112	84	0	54408069001
16997	54408	11	113	84	0	54408351001
16998	54408	12	108	85	0	54408917000
16999	54408	14	110	85	0	54408935001
17000	54409	3	111	83	0	54409240001
17001	54409	4	112	83	0	54409902000
17002	54409	5	113	83	0	54409955001
17003	54409	13	109	85	0	54409001000
17004	54409	15	111	85	0	54409349000
17005	54409	16	112	85	0	54409305000
17006	54409	17	113	85	0	54409423000
17007	54409	18	108	86	0	54409753001
17008	54410	6	108	84	0	54410779000
17009	54410	7	109	84	0	54410808000
17010	54410	8	110	84	0	54410280001
17011	54410	9	111	84	0	54410210000
17012	54410	10	112	84	0	54410947000
17013	54410	11	113	84	0	54410580001
17014	54410	19	109	86	0	54410019000
17015	54410	20	110	86	0	54410151001
17016	54410	21	111	86	0	54410096001
17017	54410	22	112	86	0	54410338001
17018	54410	23	113	86	0	54410505000
17019	54410	24	108	87	0	54410873001
17020	54411	12	108	85	0	54411526001
17021	54411	13	109	85	0	54411937001
17022	54411	14	110	85	0	54411054000
17023	54411	15	111	85	0	54411568000
17024	54411	16	112	85	0	54411506000
17025	54411	17	113	85	0	54411848000
17026	54411	25	109	87	0	54411252000
17027	54411	26	110	87	0	54411288001
17028	54411	27	111	87	0	54411346001
17029	54411	28	112	87	0	54411451001
17030	54411	29	113	87	0	54411563000
17031	54412	18	108	86	0	54412059001
17032	54412	19	109	86	0	54412168001
17033	54412	20	110	86	0	54412504001
17034	54412	21	111	86	0	54412369001
17035	54412	22	112	86	0	54412754000
17036	54412	23	113	86	0	54412657001
17037	54412	30	108	88	1	54412042001
17038	54412	31	109	88	0	54412097000
17039	54412	32	110	88	0	54412550001
17040	54412	33	111	88	0	54412274001
17041	54412	34	112	88	0	54412590001
17042	54412	35	113	88	0	54412715000
17043	54413	24	108	87	0	54413159000
17044	54413	25	109	87	0	54413951001
17045	54413	27	111	87	0	54413761001
17046	54413	28	112	87	0	54413432001
17047	54413	29	113	87	0	54413572000
17048	54414	26	110	87	0	54414101000
17049	54414	30	108	88	0	54414136001
17050	54414	31	109	88	0	54414101000
17051	54414	33	111	88	0	54414042001
17052	54414	34	112	88	0	54414473000
17053	54414	35	113	88	0	54414861000
17054	54415	32	110	88	0	54415142000
17055	54417	31	109	88	0	54417770000
17056	54418	24	108	87	0	54418498001
17057	54423	0	108	83	1	54423549001
17058	54423	1	109	83	1	54423824001
17059	54423	2	110	83	1	54423992001
17060	54423	5	113	83	1	54423534000
17061	54423	11	113	84	1	54423929000
17062	54424	3	111	83	1	54424458000
17063	54424	4	112	83	1	54424539001
17064	54424	17	113	85	1	54424494001
17065	54424	23	113	86	1	54424935000
17066	54425	5	113	83	1	54425571000
17067	54425	6	108	84	1	54425133000
17068	54425	7	109	84	1	54425229000
17069	54425	8	110	84	1	54425741000
17070	54425	9	111	84	1	54425988000
17071	54425	10	112	84	1	54425917001
17072	54425	29	113	87	1	54425042000
17073	54425	35	113	88	1	54425381000
17074	54426	11	113	84	1	54426132001
17075	54426	12	108	85	1	54426782000
17076	54426	13	109	85	1	54426755001
17077	54426	17	113	85	1	54426981001
17078	54427	0	108	83	1	54427382001
17079	54427	2	110	83	1	54427558000
17080	54427	14	110	85	1	54427486000
17081	54427	15	111	85	1	54427667001
17082	54427	16	112	85	1	54427289000
17083	54427	22	112	86	1	54427462000
17084	54427	23	113	86	1	54427179001
17085	54427	28	112	87	1	54427508000
17086	54427	29	113	87	1	54427409001
17087	54427	35	113	88	1	54427691001
17088	54428	4	112	83	1	54428019000
17089	54428	18	108	86	1	54428632001
17090	54428	19	109	86	1	54428828001
17091	54428	21	111	86	1	54428815001
17092	54428	34	112	88	1	54428263000
17093	54429	12	108	85	1	54429410000
17094	54429	13	109	85	1	54429540000
17095	54429	15	111	85	1	54429962000
17096	54429	16	112	85	1	54429284001
17097	54429	20	110	86	1	54429061000
17098	54429	22	112	86	1	54429545000
17099	54429	28	112	87	1	54429682001
17100	54430	6	108	84	1	54430852000
17101	54430	8	110	84	1	54430441000
17102	54430	9	111	84	1	54430254000
17103	54430	10	112	84	1	54430137000
17104	54430	21	111	86	1	54430651001
17105	54430	24	108	87	1	54430700000
17106	54430	25	109	87	1	54430710000
17107	54430	26	110	87	1	54430730001
17108	54430	27	111	87	1	54430056001
17109	54430	33	111	88	1	54430752001
17110	54430	34	112	88	1	54430276000
17111	54431	14	110	85	1	54431284000
17112	54431	18	108	86	1	54431988000
17113	54431	20	110	86	1	54431692001
17114	54431	27	111	87	1	54431847000
17115	54432	1	109	83	1	54432366000
17116	54432	7	109	84	1	54432702000
17117	54432	19	109	86	1	54432082001
17118	54432	25	109	87	1	54432861000
17119	54432	26	110	87	1	54432998001
17120	54432	30	108	88	1	54432330000
17121	54432	31	109	88	1	54432911000
17122	54432	32	110	88	1	54432498001
17123	54432	33	111	88	1	54432420001
17124	54434	24	108	87	1	54434275001
17125	54434	30	108	88	1	54434535001
17126	54434	32	110	88	1	54434500001
17127	54436	31	109	88	1	54436236001
17128	54486	3	111	83	1	54486270000
17129	54547	5	113	83	0	54547308000
17130	54548	4	112	83	0	54548676000
17131	54548	11	113	84	0	54548307001
17132	54549	3	111	83	0	54549644000
17133	54549	5	113	83	1	54549784000
17134	54549	10	112	84	0	54549247001
17135	54549	17	113	85	0	54549223001
17136	54550	2	110	83	0	54550969001
17137	54550	9	111	84	0	54550337001
17138	54550	11	113	84	1	54550234000
17139	54550	16	112	85	0	54550386000
17140	54551	4	112	83	1	54551428000
17141	54551	8	110	84	0	54551871000
17142	54551	10	112	84	1	54551467000
17143	54551	15	111	85	0	54551591000
17144	54552	1	109	83	0	54552261000
17145	54552	3	111	83	1	54552756000
17146	54552	9	111	84	1	54552954001
17147	54552	14	110	85	0	54552758001
17148	54552	21	111	86	0	54552425001
17149	54553	0	108	83	0	54553921000
17150	54553	7	109	84	0	54553172000
17151	54553	15	111	85	1	54553395001
17152	54553	16	112	85	1	54553769000
17153	54553	20	110	86	0	54553836000
17154	54554	2	110	83	1	54554569000
17155	54554	6	108	84	0	54554528000
17156	54554	8	110	84	1	54554528000
17157	54554	13	109	85	0	54554217001
17158	54554	14	110	85	1	54554737000
17159	54555	1	109	83	1	54555955001
17160	54555	12	108	85	0	54555587000
17161	54555	19	109	86	0	54555056001
17162	54556	7	109	84	1	54556041001
17163	54556	13	109	85	1	54556255000
17164	54556	18	108	86	0	54556740000
17165	54557	0	108	83	1	54557693000
17166	54557	6	108	84	1	54557907001
17167	54558	12	108	85	1	54558029000
17168	54558	18	108	86	1	54558893001
17169	54654	31	109	88	0	54654507001
17170	54655	24	108	87	0	54655358000
17171	54656	18	108	86	0	54656889000
17172	54656	33	111	88	0	54656061001
17173	54658	21	111	86	0	54658659001
17174	54660	10	112	84	0	54660984001
17175	54660	16	112	85	0	54660493000
17176	54662	11	113	84	0	54662080000
17177	54872	23	113	86	0	54872996000
17178	54872	29	113	87	0	54872581001
17179	54872	35	113	88	0	54872335000
17180	54873	17	113	85	0	54873533001
17181	54873	28	112	87	0	54873552000
17182	54873	33	111	88	0	54873928000
17183	54873	34	112	88	0	54873211001
17184	54874	5	113	83	0	54874451001
17185	54874	10	112	84	0	54874823000
17186	54874	11	113	84	0	54874021001
17187	54874	16	112	85	0	54874580001
17188	54874	21	111	86	0	54874926000
17189	54874	22	112	86	0	54874076000
17190	54874	27	111	87	0	54874628000
17191	54875	4	112	83	0	54875573000
17192	54875	9	111	84	0	54875882000
17193	54875	15	111	85	0	54875621001
17194	54875	23	113	86	0	54875888000
17195	54875	26	110	87	0	54875674000
17196	54875	31	109	88	0	54875799000
17197	54875	32	110	88	0	54875291000
17198	54876	3	111	83	0	54876445000
17199	54876	8	110	84	0	54876950001
17200	54876	14	110	85	0	54876428000
17201	54876	19	109	86	0	54876927001
17202	54876	20	110	86	0	54876104001
17203	54876	25	109	87	0	54876610001
17204	54876	30	108	88	0	54876895000
17205	54876	34	112	88	1	54876412000
17206	54876	35	113	88	1	54876066001
17207	54877	2	110	83	0	54877432001
17208	54877	7	109	84	0	54877912001
17209	54877	10	112	84	0	54877771001
17210	54877	13	109	85	0	54877507001
17211	54877	16	112	85	0	54877269001
17212	54877	18	108	86	0	54877864000
17213	54877	24	108	87	0	54877373000
17214	54877	29	113	87	1	54877065000
17215	54877	33	111	88	1	54877408000
17216	54878	1	109	83	0	54878382000
17217	54878	6	108	84	0	54878982001
17218	54878	12	108	85	0	54878577000
17219	54878	23	113	86	1	54878910000
17220	54878	28	112	87	1	54878309000
17221	54878	31	109	88	1	54878878001
17222	54878	32	110	88	1	54878104001
17223	54878	34	112	88	1	54878098001
17224	54879	0	108	83	0	54879723001
17225	54879	17	113	85	1	54879842001
17226	54879	22	112	86	1	54879905001
17227	54879	26	110	87	1	54879482001
17228	54879	27	111	87	1	54879024000
17229	54879	29	113	87	1	54879085000
17230	54879	30	108	88	1	54879859001
17231	54879	33	111	88	1	54879429000
17232	54879	35	113	88	1	54879056000
17233	54880	2	110	83	0	54880410001
17234	54880	20	110	86	1	54880557001
17235	54880	21	111	86	1	54880258001
17236	54880	25	109	87	1	54880027001
17237	54880	28	112	87	1	54880937000
17238	54880	32	110	88	1	54880565000
17239	54881	5	113	83	0	54881176001
17240	54881	15	111	85	1	54881897001
17241	54881	16	112	85	1	54881391001
17242	54881	17	113	85	1	54881816000
17243	54881	19	109	86	1	54881639000
17244	54881	23	113	86	1	54881393000
17245	54881	24	108	87	1	54881253000
17246	54881	25	109	87	1	54881922000
17247	54881	27	111	87	1	54881865000
17248	54882	10	112	84	1	54882668001
17249	54882	14	110	85	1	54882668001
17250	54882	18	108	86	1	54882647000
17251	54882	20	110	86	1	54882566001
17252	54882	21	111	86	1	54882224001
17253	54882	22	112	86	1	54882293000
17254	54882	26	110	87	1	54882181000
17255	54883	12	108	85	1	54883887000
17256	54883	13	109	85	1	54883269001
17257	54883	15	111	85	1	54883432001
17258	54883	19	109	86	1	54883852000
17259	54884	8	110	84	1	54884277001
17260	54884	9	111	84	1	54884029001
17261	54884	14	110	85	1	54884521000
17262	54884	17	113	85	0	54884049000
17263	54884	18	108	86	1	54884457001
17264	54884	23	113	86	0	54884819000
17265	54885	6	108	84	1	54885569000
17266	54885	7	109	84	1	54885133001
17267	54885	10	112	84	0	54885689001
17268	54885	12	108	85	1	54885751001
17269	54885	13	109	85	1	54885239001
17270	54885	31	109	88	1	54885952000
17271	54886	2	110	83	1	54886813000
17272	54886	8	110	84	1	54886322000
17273	54886	9	111	84	0	54886553000
17274	54886	16	112	85	0	54886291001
17275	54886	22	112	86	0	54886321001
17276	54886	24	108	87	1	54886166000
17277	54886	29	113	87	0	54886504000
17278	54887	0	108	83	1	54887127000
17279	54887	1	109	83	1	54887435001
17280	54887	6	108	84	1	54887824001
17281	54887	7	109	84	1	54887657000
17282	54887	15	111	85	0	54887273001
17283	54887	17	113	85	0	54887205001
17284	54887	23	113	86	0	54887306001
17285	54888	8	110	84	1	54888600001
17286	54888	21	111	86	0	54888499001
17287	54888	22	112	86	0	54888479000
17288	54888	28	112	87	0	54888228001
17289	54888	29	113	87	0	54888829000
17290	54888	30	108	88	1	54888327000
17291	54888	35	113	88	0	54888519000
17292	54889	0	108	83	1	54889336001
17293	54889	9	111	84	0	54889932000
17294	54889	14	110	85	0	54889325001
17295	54889	16	112	85	0	54889395001
17296	54890	1	109	83	0	54890996000
17297	54890	7	109	84	0	54890152000
17298	54890	15	111	85	0	54890958001
17299	54890	21	111	86	0	54890660001
17300	54890	27	111	87	0	54890993001
17301	54890	28	112	87	0	54890343000
17302	54890	34	112	88	0	54890600000
17303	54891	8	110	84	0	54891843001
17304	54891	10	112	84	0	54891760000
17305	54891	13	109	85	0	54891568000
17306	54891	14	110	85	0	54891979000
17307	54891	20	110	86	0	54891670000
17308	54891	22	112	86	1	54891184001
17309	54891	35	113	88	0	54891165000
17310	54892	0	108	83	0	54892783001
17311	54892	2	110	83	0	54892182000
17312	54892	6	108	84	0	54892708001
17313	54892	33	111	88	0	54892871001
17314	54892	34	112	88	0	54892736001
17315	54893	5	113	83	1	54893665001
17316	54893	7	109	84	0	54893436001
17317	54893	17	113	85	1	54893685000
17318	54893	19	109	86	0	54893662000
17319	54893	27	111	87	0	54893532001
17320	54893	28	112	87	0	54893138001
17321	54894	11	113	84	1	54894402001
17322	54894	20	110	86	0	54894874000
17323	54894	21	111	86	0	54894206001
17324	54894	23	113	86	1	54894843001
17325	54894	26	110	87	0	54894136000
17326	54894	33	111	88	0	54894948001
17327	54895	5	113	83	1	54895641001
17328	54895	13	109	85	0	54895443001
17329	54895	17	113	85	1	54895770001
17330	54895	29	113	87	1	54895018001
17331	54895	35	113	88	1	54895254001
17332	54896	4	112	83	1	54896487001
17333	54896	6	108	84	0	54896600000
17334	54896	10	112	84	1	54896540000
17335	54896	12	108	85	0	54896055000
17336	54896	14	110	85	0	54896018001
17337	54896	16	112	85	1	54896987001
17338	54896	19	109	86	0	54896478000
17339	54896	28	112	87	1	54896870000
17340	54897	0	108	83	0	54897665000
17341	54897	11	113	84	1	54897017000
17342	54897	22	112	86	1	54897017000
17343	54897	26	110	87	0	54897385001
17344	54898	4	112	83	1	54898557001
17345	54898	9	111	84	1	54898970000
17346	54898	10	112	84	1	54898796000
17347	54898	23	113	86	1	54898021001
17348	54898	28	112	87	1	54898914000
17349	54898	29	113	87	1	54898022001
17350	54898	32	110	88	0	54898099000
17351	54898	34	112	88	1	54898558001
17352	54899	3	111	83	1	54899304000
17353	54899	15	111	85	1	54899452001
17354	54899	16	112	85	1	54899559001
17355	54899	18	108	86	0	54899596000
17356	54899	19	109	86	0	54899267001
17357	54899	21	111	86	1	54899453001
17358	54899	22	112	86	1	54899452001
17359	54899	25	109	87	0	54899697000
17360	54899	35	113	88	1	54899658000
17361	54900	12	108	85	0	54900339000
17362	54901	27	111	87	1	54901565000
17363	54902	2	110	83	1	54902944000
17364	54902	3	111	83	1	54902341000
17365	54902	8	110	84	1	54902556000
17366	54902	9	111	84	1	54902275000
17367	54902	15	111	85	1	54902500000
17368	54902	21	111	86	1	54902052001
17369	54902	33	111	88	1	54902405000
17370	54903	14	110	85	1	54903060001
17371	54903	34	112	88	1	54903093001
17372	54904	27	111	87	1	54904467001
17373	54906	12	108	85	1	54906511001
17374	54906	20	110	86	1	54906223001
17375	54906	26	110	87	1	54906180000
17376	54907	8	110	84	1	54907103000
17377	54908	19	109	86	1	54908069001
17378	54908	32	110	88	1	54908633001
17379	54908	33	111	88	1	54908412001
17380	54909	0	108	83	1	54909916001
17381	54909	6	108	84	1	54909372000
17382	54909	13	109	85	1	54909879000
17383	54910	14	110	85	1	54910696000
17384	54911	12	108	85	1	54911122000
17385	54911	20	110	86	1	54911403000
17386	54911	25	109	87	1	54911893000
17387	54911	26	110	87	1	54911019001
17388	54912	0	108	83	1	54912366000
17389	54912	6	108	84	1	54912366000
17390	54912	7	109	84	1	54912499001
17391	54912	13	109	85	1	54912773000
17392	54913	19	109	86	1	54913099000
17393	54914	1	109	83	1	54914266001
17394	54914	14	110	85	1	54914479001
17395	54914	20	110	86	1	54914479001
17396	54915	7	109	84	1	54915152000
17397	54916	1	109	83	1	54916390000
17398	54916	3	111	83	0	54916320001
17399	54916	8	110	84	1	54916398000
17400	54916	9	111	84	0	54916635001
17401	54917	21	111	86	1	54917877000
17402	54918	0	108	83	1	54918155001
17403	54918	2	110	83	1	54918155001
17404	54919	15	111	85	1	54919983000
17405	54920	9	111	84	1	54920197000
17406	54921	3	111	83	1	54921681000
17407	54921	4	112	83	0	54921416001
17408	54921	10	112	84	0	54921688000
17409	54922	8	110	84	1	54922390000
17410	54923	2	110	83	1	54923468001
17411	54924	4	112	83	1	54924528001
17412	54933	30	108	88	0	54933539001
17413	54934	31	109	88	0	54934367001
17414	54935	24	108	87	0	54935542001
17415	54936	33	111	88	0	54936467001
17416	54937	34	112	88	0	54937686001
17417	54938	19	109	86	0	54938424001
17418	54938	35	113	88	0	54938484000
17419	54940	21	111	86	0	54940215001
17420	54940	29	113	87	0	54940497001
17421	54944	2	110	83	0	54944167000
17422	54944	10	112	84	0	54944880001
17423	54945	11	113	84	0	54945757000
17424	54988	10	112	84	0	54988828001
17425	55016	0	108	83	0	55016885000
17426	55016	6	108	84	0	55016924000
17427	55016	12	108	85	0	55016836001
17428	55016	18	108	86	0	55016999001
17429	55017	1	109	83	0	55017950001
17430	55017	7	109	84	0	55017880000
17431	55018	2	110	83	0	55018982001
17432	55018	8	110	84	0	55018889000
17433	55018	12	108	85	1	55018409000
17434	55018	13	109	85	0	55018007001
17435	55019	0	108	83	1	55019392001
17436	55019	6	108	84	1	55019045000
17437	55020	1	109	83	1	55020130001
17438	55020	2	110	83	1	55020762000
17439	55020	3	111	83	0	55020285000
17440	55020	7	109	84	1	55020012001
17441	55021	4	112	83	0	55021456000
17442	55024	8	110	84	1	55024016000
17443	55135	2	110	83	0	55135694000
17444	55136	10	112	84	0	55136212000
17445	55138	16	112	85	0	55138162001
17446	55138	22	112	86	0	55138006000
17447	55139	23	113	86	0	55139727001
17448	55140	29	113	87	0	55140720000
17449	55140	34	112	88	0	55140067000
17450	55250	23	113	86	0	55250901001
17451	55250	29	113	87	0	55250568000
17452	55250	35	113	88	0	55250301000
17453	55251	5	113	83	0	55251441001
17454	55251	11	113	84	0	55251182001
17455	55251	17	113	85	0	55251072001
17456	55251	28	112	87	0	55251659000
17457	55251	34	112	88	0	55251584001
17458	55252	4	112	83	0	55252761000
17459	55252	10	112	84	0	55252564000
17460	55252	16	112	85	0	55252465000
17461	55252	21	111	86	0	55252935001
17462	55252	22	112	86	0	55252060001
17463	55252	27	111	87	0	55252842000
17464	55252	33	111	88	0	55252350000
17465	55253	3	111	83	0	55253932000
17466	55253	9	111	84	0	55253310001
17467	55253	15	111	85	0	55253390001
17468	55253	28	112	87	0	55253590000
17469	55253	32	110	88	0	55253939000
17470	55254	8	110	84	0	55254844000
17471	55254	14	110	85	0	55254597000
17472	55254	20	110	86	0	55254224001
17473	55254	26	110	87	0	55254050000
17474	55254	31	109	88	0	55254556001
17475	55255	2	110	83	0	55255245000
17476	55255	4	112	83	0	55255622000
17477	55255	7	109	84	0	55255979001
17478	55255	9	111	84	0	55255725001
17479	55255	13	109	85	0	55255826001
17480	55255	19	109	86	0	55255226001
17481	55255	21	111	86	0	55255118001
17482	55255	25	109	87	0	55255172000
17483	55255	33	111	88	0	55255346000
17484	55255	35	113	88	1	55255155000
17485	55256	1	109	83	0	55256201000
17486	55256	18	108	86	0	55256641000
17487	55256	24	108	87	0	55256223000
17488	55256	29	113	87	1	55256100000
17489	55256	30	108	88	0	55256090000
17490	55256	31	109	88	0	55256800001
17491	55256	34	112	88	1	55256070001
17492	55257	0	108	83	0	55257775001
17493	55257	6	108	84	0	55257375001
17494	55257	12	108	85	0	55257175000
17495	55257	23	113	86	1	55257800000
17496	55257	28	112	87	1	55257202000
17497	55257	33	111	88	1	55257634001
17498	55257	34	112	88	1	55257978001
17499	55257	35	113	88	1	55257918000
17500	55258	5	113	83	0	55258782001
17501	55258	27	111	87	1	55258955001
17502	55258	29	113	87	1	55258246001
17503	55258	32	110	88	1	55258619001
17504	55259	1	109	83	0	55259222001
17505	55259	8	110	84	0	55259571001
17506	55259	18	108	86	0	55259066000
17507	55259	22	112	86	1	55259841001
17508	55259	28	112	87	1	55259198001
17509	55259	31	109	88	1	55259942001
17510	55259	33	111	88	1	55259605001
17511	55260	21	111	86	1	55260026001
17512	55260	23	113	86	1	55260076001
17513	55260	26	110	87	1	55260448001
17514	55260	27	111	87	1	55260922001
17515	55260	32	110	88	1	55260638001
17516	55261	24	108	87	0	55261211000
17517	55261	30	108	88	1	55261680001
17518	55262	0	108	83	0	55262525001
17519	55262	20	110	86	1	55262106000
17520	55262	21	111	86	1	55262424001
17521	55262	23	113	86	0	55262064001
17522	55262	25	109	87	1	55262255001
17523	55262	26	110	87	1	55262735000
17524	55262	31	109	88	1	55262200000
17525	55263	19	109	86	1	55263654000
17526	55263	29	113	87	0	55263876001
17527	55263	30	108	88	1	55263795000
17528	55264	14	110	85	1	55264427001
17529	55264	20	110	86	1	55264549000
17530	55264	21	111	86	0	55264825000
17531	55264	22	112	86	0	55264561000
17532	55264	23	113	86	0	55264741000
17533	55264	24	108	87	1	55264325001
17534	55264	25	109	87	1	55264571000
17535	55265	18	108	86	1	55265181001
17536	55265	28	112	87	0	55265823001
17537	55266	19	109	86	1	55266073000
17538	55266	20	110	86	0	55266783000
17539	55266	29	113	87	0	55266185000
17540	55266	35	113	88	0	55266193000
17541	55267	18	108	86	1	55267402000
17542	55267	21	111	86	0	55267360001
17543	55267	22	112	86	0	55267271001
17544	55267	27	111	87	0	55267553000
17545	55267	34	112	88	0	55267918001
17546	55268	14	110	85	0	55268928000
17547	55268	19	109	86	0	55268475001
17548	55268	24	108	87	1	55268830001
17549	55268	26	110	87	0	55268868001
17550	55268	28	112	87	0	55268064001
17551	55268	29	113	87	0	55268905000
17552	55268	35	113	88	0	55268620001
17553	55269	18	108	86	0	55269941000
17554	55269	20	110	86	0	55269508000
17555	55269	33	111	88	0	55269561001
17556	55269	34	112	88	0	55269811000
17557	55270	5	113	83	1	55270433001
17558	55270	25	109	87	0	55270503000
17559	55271	11	113	84	1	55271930001
17560	55271	19	109	86	0	55271365000
17561	55271	27	111	87	0	55271287000
17562	55271	28	112	87	0	55271468001
17563	55271	32	110	88	0	55271766001
17564	55271	35	113	88	0	55271188001
17565	55272	4	112	83	1	55272213001
17566	55272	5	113	83	1	55272380001
17567	55272	17	113	85	1	55272662001
17568	55272	18	108	86	0	55272729001
17569	55272	24	108	87	0	55272300000
17570	55272	26	110	87	0	55272353001
17571	55272	31	109	88	0	55272932001
17572	55272	33	111	88	0	55272186000
17573	55272	34	112	88	0	55272914001
17574	55273	10	112	84	1	55273531000
17575	55273	23	113	86	1	55273131000
17576	55273	25	109	87	0	55273715001
17577	55273	29	113	87	1	55273660000
17578	55274	3	111	83	1	55274884001
17579	55274	4	112	83	1	55274244001
17580	55274	16	112	85	1	55274561000
17581	55274	24	108	87	0	55274408001
17582	55274	32	110	88	0	55274887000
17583	55274	35	113	88	1	55274308000
17584	55275	9	111	84	1	55275103000
17585	55275	10	112	84	1	55275933001
17586	55275	18	108	86	0	55275518000
17587	55275	22	112	86	1	55275020001
17588	55275	28	112	87	1	55275533001
17589	55275	29	113	87	1	55275734001
17590	55275	30	108	88	0	55275173001
17591	55275	31	109	88	0	55275218001
17592	55276	2	110	83	1	55276860001
17593	55276	11	113	84	1	55276600000
17594	55276	15	111	85	1	55276312000
17595	55276	23	113	86	1	55276763000
17596	55276	34	112	88	1	55276235001
17597	55276	35	113	88	1	55276297001
17598	55277	3	111	83	1	55277039000
17599	55277	8	110	84	1	55277229000
17600	55277	9	111	84	1	55277126001
17601	55277	14	110	85	1	55277791001
17602	55277	16	112	85	1	55277132001
17603	55277	21	111	86	1	55277086001
17604	55277	22	112	86	1	55277419001
17605	55277	27	111	87	1	55277791001
17606	55277	28	112	87	1	55277203001
17607	55277	30	108	88	0	55277935001
17608	55277	34	112	88	1	55277986001
17609	55278	1	109	83	1	55278263001
17610	55278	2	110	83	1	55278912000
17611	55278	15	111	85	1	55278106001
17612	55278	20	110	86	1	55278498001
17613	55278	24	108	87	0	55278114000
17614	55278	31	109	88	0	55278190001
17615	55278	33	111	88	1	55278709000
17616	55279	7	109	84	1	55279713000
17617	55279	8	110	84	1	55279097000
17618	55279	14	110	85	1	55279808000
17619	55279	21	111	86	1	55279604000
17620	55279	26	110	87	1	55279593000
17621	55279	27	111	87	1	55279752000
17622	55280	0	108	83	1	55280851001
17623	55280	1	109	83	1	55280289001
17624	55280	13	109	85	1	55280137001
17625	55280	17	113	85	1	55280013001
17626	55280	20	110	86	1	55280451001
17627	55280	30	108	88	0	55280586001
17628	55281	6	108	84	1	55281998000
17629	55281	19	109	86	1	55281215000
17630	55281	26	110	87	1	55281897000
17631	55281	32	110	88	1	55281045000
17632	55281	33	111	88	1	55281745000
17633	55282	0	108	83	1	55282824000
17634	55282	7	109	84	1	55282493000
17635	55282	12	108	85	1	55282907001
17636	55282	13	109	85	1	55282070000
17637	55282	25	109	87	1	55282259001
17638	55282	31	109	88	1	55282287001
17639	55283	18	108	86	1	55283399000
17640	55283	19	109	86	1	55283919001
17641	55284	6	108	84	1	55284311000
17642	55284	12	108	85	1	55284818000
17643	55284	24	108	87	1	55284011000
17644	55284	30	108	88	1	55284241001
17645	55284	31	109	88	1	55284520000
17646	55285	18	108	86	1	55285377001
17647	55285	25	109	87	1	55285414000
17648	55285	32	110	88	1	55285990001
17649	55286	24	108	87	1	55286379001
17650	55286	30	108	88	1	55286256001
17651	55375	30	108	88	0	55375838000
17652	55376	31	109	88	0	55376695001
17653	55377	24	108	87	0	55377619001
17654	55378	32	110	88	0	55378472000
17655	55379	18	108	86	0	55379397001
17656	55379	19	109	86	0	55379995001
17657	55380	27	111	87	0	55380671000
17658	55381	29	113	87	0	55381895001
17659	55383	6	108	84	0	55383139001
17660	55385	2	110	83	0	55385837001
17661	55385	10	112	84	0	55385394000
17662	55385	17	113	85	0	55385400000
17663	55431	2	110	83	0	55431606000
17664	55467	30	108	88	0	55467653001
17665	55468	12	108	85	0	55468866000
17666	55468	18	108	86	0	55468591000
17667	55468	24	108	87	0	55468151000
17668	55468	31	109	88	0	55468919001
17669	55469	0	108	83	0	55469792001
17670	55469	6	108	84	0	55469372000
17671	55469	19	109	86	0	55469800000
17672	55469	25	109	87	0	55469545001
17673	55469	30	108	88	0	55469983001
17674	55470	1	109	83	0	55470939000
17675	55470	7	109	84	0	55470357000
17676	55470	13	109	85	0	55470281001
17677	55470	18	108	86	0	55470526000
17678	55470	24	108	87	0	55470203001
17679	55470	26	110	87	0	55470632001
17680	55470	32	110	88	0	55470442000
17681	55471	8	110	84	0	55471767001
17682	55471	12	108	85	0	55471293000
17683	55471	14	110	85	0	55471449000
17684	55471	19	109	86	0	55471905000
17685	55471	20	110	86	0	55471025001
17686	55471	25	109	87	0	55471942001
17687	55471	31	109	88	0	55471492001
17688	55471	33	111	88	0	55471360000
17689	55472	0	108	83	0	55472331001
17690	55472	2	110	83	0	55472281001
17691	55472	6	108	84	0	55472013000
17692	55472	7	109	84	0	55472791000
17693	55472	9	111	84	0	55472939001
17694	55472	13	109	85	0	55472704000
17695	55472	15	111	85	0	55472853000
17696	55472	21	111	86	0	55472232000
17697	55472	27	111	87	0	55472158000
17698	55472	28	112	87	0	55472967001
17699	55472	32	110	88	0	55472743001
17700	55472	34	112	88	0	55472681001
17701	55473	1	109	83	0	55473161000
17702	55473	3	111	83	0	55473570001
17703	55473	14	110	85	0	55473743001
17704	55473	16	112	85	0	55473916000
17705	55473	20	110	86	0	55473235000
17706	55473	22	112	86	0	55473340000
17707	55473	26	110	87	0	55473177000
17708	55473	33	111	88	0	55473119001
17709	55474	2	110	83	0	55474898001
17710	55474	4	112	83	0	55474908001
17711	55474	8	110	84	0	55474186000
17712	55474	9	111	84	0	55474926001
17713	55474	10	112	84	0	55474269000
17714	55474	21	111	86	0	55474213000
17715	55474	23	113	86	0	55474897001
17716	55474	27	111	87	0	55474303000
17717	55474	29	113	87	0	55474351001
17718	55474	34	112	88	0	55474606001
17719	55474	35	113	88	0	55474197000
17720	55475	3	111	83	0	55475673000
17721	55475	11	113	84	0	55475736001
17722	55475	15	111	85	0	55475407000
17723	55475	16	112	85	0	55475940001
17724	55475	17	113	85	0	55475347001
17725	55475	22	112	86	0	55475251001
17726	55475	28	112	87	0	55475138000
17727	55476	5	113	83	0	55476256000
17728	55476	10	112	84	0	55476248001
17729	55476	23	113	86	0	55476944000
17730	55476	29	113	87	0	55476744001
17731	55476	35	113	88	0	55476338001
17732	55477	4	112	83	0	55477291001
17733	55477	11	113	84	0	55477966001
17734	55477	17	113	85	0	55477718001
17735	55478	5	113	83	0	55478452000
17736	55478	33	111	88	0	55478268001
17737	55485	0	108	83	1	55485514001
17738	55486	1	109	83	1	55486694001
17739	55486	6	108	84	1	55486359000
17740	55487	2	110	83	1	55487565000
17741	55487	7	109	84	1	55487464000
17742	55487	12	108	85	1	55487070000
17743	55487	18	108	86	1	55487953000
17744	55488	3	111	83	1	55488749001
17745	55488	8	110	84	1	55488307000
17746	55488	13	109	85	1	55488174000
17747	55488	24	108	87	1	55488648001
17748	55489	4	112	83	1	55489384000
17749	55489	9	111	84	1	55489559001
17750	55489	14	110	85	1	55489127001
17751	55489	19	109	86	1	55489042001
17752	55489	20	110	86	1	55489947000
17753	55489	25	109	87	1	55489854001
17754	55489	30	108	88	1	55489385001
17755	55490	5	113	83	1	55490791000
17756	55490	10	112	84	1	55490422001
17757	55490	15	111	85	1	55490077001
17758	55490	21	111	86	1	55490929001
17759	55490	26	110	87	1	55490687001
17760	55490	31	109	88	1	55490433001
17761	55491	11	113	84	1	55491507001
17762	55491	16	112	85	1	55491197001
17763	55491	22	112	86	1	55491977000
17764	55491	27	111	87	1	55491762001
17765	55491	32	110	88	1	55491439001
17766	55492	17	113	85	1	55492292000
17767	55492	28	112	87	1	55492528000
17768	55492	33	111	88	1	55492314001
17769	55493	23	113	86	1	55493004001
17770	55493	29	113	87	1	55493767000
17771	55493	34	112	88	1	55493211000
17772	55494	35	113	88	1	55494574001
17773	55496	28	112	87	1	55496365001
17774	55496	33	111	88	1	55496244000
17775	55966	30	108	88	0	55966894001
17776	55970	24	108	87	0	55970831000
17777	55970	30	108	88	0	55970299001
17778	55972	31	109	88	0	55972813000
17779	55973	24	108	87	0	55973993000
17780	55973	30	108	88	0	55973234000
17781	55975	31	109	88	0	55975223001
17782	55977	24	108	87	1	55977246001
17783	55977	25	109	87	0	55977595001
17784	55977	30	108	88	1	55977306001
17785	55977	32	110	88	0	55977827000
17786	55979	31	109	88	1	55979221001
17787	55980	33	111	88	0	55980252000
17788	55981	32	110	88	1	55981162001
17789	55994	33	111	88	1	55994066000
17790	56076	10	112	84	0	56076893001
17791	56078	19	109	86	0	56078599001
17792	56079	20	110	86	0	56079721000
17793	56080	22	112	86	0	56080344001
17794	56080	24	108	87	0	56080141001
17795	56082	28	112	87	0	56082700000
17796	56082	30	108	88	0	56082155001
17797	56083	29	113	87	0	56083597001
17798	56083	31	109	88	0	56083323000
17799	56084	33	111	88	0	56084735001
17800	56085	34	112	88	0	56085976000
17801	56086	35	113	88	0	56086426000
17802	56253	5	113	83	0	56253437000
17803	56254	4	112	83	0	56254318001
17804	56255	2	110	83	0	56255745000
17805	56255	10	112	84	0	56255662000
17806	56256	9	111	84	0	56256676001
17807	56257	8	110	84	0	56257639001
17808	56257	16	112	85	0	56257703000
17809	56258	23	113	86	0	56258428001
17810	56259	14	110	85	0	56259663000
17811	56259	22	112	86	0	56259635000
17812	56261	19	109	86	0	56261894001
17813	56262	12	108	85	0	56262136001
17814	56262	27	111	87	0	56262619000
17815	56263	18	108	86	0	56263200001
17816	56263	26	110	87	0	56263463000
17817	56265	24	108	87	0	56265670001
17818	56266	31	109	88	0	56266800000
17819	56334	31	109	88	0	56334587001
17820	56336	33	111	88	0	56336557001
17821	56339	28	112	87	0	56339413001
17822	56340	29	113	87	0	56340112000
17823	56341	22	112	86	0	56341322000
17824	56341	23	113	86	0	56341796000
17825	56342	16	112	85	0	56342737001
17826	56344	10	112	84	0	56344186001
17827	56345	4	112	83	0	56345972000
17828	56345	11	113	84	0	56345290000
17829	56462	30	108	88	0	56462825001
17830	56463	24	108	87	0	56463647001
17831	56464	18	108	86	0	56464990001
17832	56464	30	108	88	0	56464733001
17833	56465	24	108	87	0	56465664000
17834	56465	31	109	88	0	56465030001
17835	56466	12	108	85	0	56466481000
17836	56466	18	108	86	0	56466848001
17837	56466	25	109	87	0	56466500001
17838	56467	19	109	86	0	56467020000
17839	56467	24	108	87	0	56467992001
17840	56467	30	108	88	0	56467254001
17841	56467	31	109	88	0	56467558001
17842	56467	32	110	88	0	56467277001
17843	56468	26	110	87	0	56468896000
17844	56469	13	109	85	0	56469244000
17845	56469	19	109	86	0	56469058000
17846	56469	20	110	86	0	56469478001
17847	56469	25	109	87	0	56469459000
17848	56469	31	109	88	0	56469977001
17849	56469	32	110	88	0	56469750000
17850	56470	12	108	85	1	56470299001
17851	56470	33	111	88	0	56470301000
17852	56471	20	110	86	0	56471956000
17853	56471	26	110	87	0	56471642000
17854	56472	14	110	85	0	56472096001
17855	56472	18	108	86	1	56472222000
17856	56472	27	111	87	0	56472062001
17857	56472	33	111	88	0	56472823000
17858	56472	34	112	88	0	56472371001
17859	56473	13	109	85	1	56473437000
17860	56473	21	111	86	0	56473711001
17861	56474	19	109	86	1	56474426001
17862	56474	24	108	87	1	56474539000
17863	56474	27	111	87	0	56474914001
17864	56474	32	110	88	0	56474084000
17865	56475	33	111	88	0	56475416001
17866	56476	20	110	86	1	56476722001
17867	56476	34	112	88	0	56476636001
17868	56477	18	108	86	1	56477587001
17869	56477	24	108	87	1	56477155001
17870	56477	25	109	87	1	56477544001
17871	56477	28	112	87	0	56477001000
17872	56478	30	108	88	1	56478170000
17873	56479	26	110	87	1	56479941001
17874	56480	25	109	87	1	56480912000
17875	56480	30	108	88	1	56480783000
17876	56480	31	109	88	1	56480470001
17877	56483	26	110	87	1	56483476001
17878	56483	27	111	87	1	56483105001
17879	56483	31	109	88	1	56483247000
17880	56483	32	110	88	1	56483107000
17881	56484	33	111	88	1	56484596001
17882	56485	19	109	86	1	56485710001
17883	56485	34	112	88	1	56485049000
17884	56486	32	110	88	1	56486167001
17885	56488	33	111	88	1	56488209001
17886	56491	31	109	88	1	56491590000
17887	56492	32	110	88	1	56492872000
17888	56493	30	108	88	1	56493247001
17889	56564	20	110	86	1	56564593000
17890	56612	5	113	83	0	56612537000
17891	56613	4	112	83	0	56613819000
17892	56613	11	113	84	0	56613434001
17893	56614	5	113	83	0	56614922000
17894	56614	10	112	84	0	56614271000
17895	56614	17	113	85	0	56614185000
17896	56614	23	113	86	0	56614937001
17897	56615	3	111	83	0	56615108000
17898	56615	9	111	84	0	56615735000
17899	56615	16	112	85	0	56615564000
17900	56615	29	113	87	0	56615804001
17901	56616	2	110	83	0	56616442000
17902	56616	4	112	83	0	56616140000
17903	56616	10	112	84	0	56616422001
17904	56616	11	113	84	0	56616114001
17905	56616	17	113	85	0	56616594000
17906	56616	22	112	86	0	56616382000
17907	56616	35	113	88	0	56616667000
17908	56617	1	109	83	0	56617748000
17909	56617	3	111	83	0	56617662001
17910	56617	8	110	84	0	56617436001
17911	56617	9	111	84	0	56617909001
17912	56617	15	111	85	0	56617024000
17913	56617	16	112	85	0	56617702001
17914	56617	21	111	86	0	56617895000
17915	56617	23	113	86	0	56617300001
17916	56617	28	112	87	0	56617480000
17917	56617	29	113	87	0	56617865001
17918	56618	0	108	83	0	56618942000
17919	56618	2	110	83	0	56618745000
17920	56618	7	109	84	0	56618786001
17921	56618	14	110	85	0	56618646001
17922	56618	22	112	86	0	56618686001
17923	56618	34	112	88	0	56618355001
17924	56618	35	113	88	0	56618848001
17925	56619	8	110	84	0	56619594000
17926	56619	13	109	85	0	56619901001
17927	56619	15	111	85	0	56619638001
17928	56619	20	110	86	0	56619272001
17929	56619	27	111	87	0	56619144000
17930	56619	28	112	87	0	56619675000
17931	56619	33	111	88	0	56619456001
17932	56620	1	109	83	0	56620518000
17933	56620	6	108	84	0	56620319001
17934	56620	19	109	86	0	56620462000
17935	56620	21	111	86	0	56620415001
17936	56620	26	110	87	0	56620459001
17937	56620	34	112	88	0	56620753001
17938	56621	7	109	84	0	56621877001
17939	56621	12	108	85	0	56621900001
17940	56621	14	110	85	0	56621101001
17941	56621	27	111	87	0	56621532000
17942	56621	32	110	88	0	56621253001
17943	56621	33	111	88	0	56621093000
17944	56622	0	108	83	0	56622081001
17945	56622	6	108	84	0	56622867001
17946	56622	18	108	86	0	56622392000
17947	56622	19	109	86	0	56622880001
17948	56622	20	110	86	0	56622043000
17949	56622	25	109	87	0	56622137001
17950	56622	31	109	88	0	56622282001
17951	56623	11	113	84	1	56623911000
17952	56623	13	109	85	0	56623178001
17953	56623	24	108	87	0	56623717001
17954	56623	26	110	87	0	56623240001
17955	56623	29	113	87	1	56623674001
17956	56623	32	110	88	0	56623797001
17957	56623	35	113	88	1	56623673001
17958	56624	12	108	85	0	56624273000
17959	56624	17	113	85	1	56624530000
17960	56624	18	108	86	0	56624427001
17961	56624	23	113	86	1	56624257001
17962	56624	30	108	88	0	56624225001
17963	56624	31	109	88	0	56624789000
17964	56625	25	109	87	0	56625341000
17965	56625	35	113	88	1	56625976001
17966	56626	16	112	85	1	56626886001
17967	56626	23	113	86	1	56626681000
17968	56626	24	108	87	0	56626040000
17969	56626	28	112	87	1	56626273001
17970	56626	29	113	87	1	56626089001
17971	56626	30	108	88	0	56626357001
17972	56626	34	112	88	1	56626678001
17973	56627	22	112	86	1	56627206000
17974	56629	28	112	87	1	56629543001
17975	56629	30	108	88	0	56629155001
17976	56629	33	111	88	1	56629981000
17977	56629	34	112	88	1	56629272001
17978	56630	11	113	84	0	56630302000
17979	56630	17	113	85	0	56630310001
17980	56630	21	111	86	1	56630814000
17981	56630	23	113	86	0	56630849001
17982	56630	27	111	87	1	56630211000
17983	56632	16	112	85	0	56632407000
17984	56632	34	112	88	1	56632213000
17985	56633	17	113	85	0	56633089001
17986	56633	33	111	88	1	56633518001
17987	56634	23	113	86	0	56634186001
17988	56634	28	112	87	0	56634816000
17989	56634	29	113	87	0	56634801001
17990	56635	22	112	86	0	56635695001
17991	56635	32	110	88	1	56635215000
17992	56637	10	112	84	0	56637146000
17993	56637	28	112	87	0	56637874001
17994	56637	34	112	88	0	56637379001
17995	56638	23	113	86	0	56638698000
17996	56638	27	111	87	0	56638627001
17997	56638	29	113	87	0	56638101000
17998	56638	33	111	88	1	56638498001
17999	56638	35	113	88	0	56638471001
18000	56639	34	112	88	0	56639617000
18001	56640	21	111	86	0	56640876000
18002	56641	5	113	83	1	56641059001
18003	56641	28	112	87	0	56641451000
18004	56641	29	113	87	0	56641466001
18005	56641	33	111	88	0	56641948001
18006	56642	34	112	88	0	56642970000
18007	56642	35	113	88	0	56642029001
18008	56643	4	112	83	1	56643744001
18009	56643	5	113	83	1	56643951000
18010	56645	11	113	84	1	56645951001
18011	56645	33	111	88	0	56645342001
18012	56646	34	112	88	0	56646509001
18013	56646	35	113	88	0	56646210001
18014	56647	3	111	83	1	56647641000
18015	56647	4	112	83	1	56647220000
18016	56650	10	112	84	1	56650659000
18017	56650	22	112	86	0	56650296001
18018	56650	32	110	88	0	56650066001
18019	56652	11	113	84	1	56652535001
18020	56653	4	112	83	0	56653976001
18021	56656	3	111	83	0	56656537001
18022	56658	4	112	83	0	56658121001
18023	56658	11	113	84	0	56658813001
18024	56659	10	112	84	0	56659085000
18025	56660	5	113	83	0	56660210000
18026	56661	4	112	83	0	56661693001
18027	56662	11	113	84	0	56662084000
18028	56663	5	113	83	0	56663510000
18029	56666	4	112	83	0	56666290000
18030	56667	5	113	83	0	56667108001
18031	56679	31	109	88	1	56679955000
18032	56680	32	110	88	1	56680192000
18033	56681	33	111	88	1	56681465000
18034	56681	34	112	88	1	56681844001
18035	56682	30	108	88	1	56682066000
18036	56683	31	109	88	1	56683881001
18037	56683	34	112	88	1	56683607001
18038	56683	35	113	88	1	56683881001
18039	56684	0	108	83	1	56684824000
18040	56684	26	110	87	1	56684514000
18041	56684	27	111	87	1	56684782001
18042	56684	28	112	87	1	56684205000
18043	56684	32	110	88	1	56684602001
18044	56684	33	111	88	1	56684292001
18045	56685	29	113	87	1	56685178001
18046	56686	25	109	87	1	56686405001
18047	56686	30	108	88	1	56686755000
18048	56686	31	109	88	1	56686917001
18049	56687	0	108	83	1	56687650000
18050	56687	21	111	86	1	56687666000
18051	56687	22	112	86	1	56687648001
18052	56687	23	113	86	1	56687639000
18053	56687	24	108	87	1	56687142001
18054	56687	28	112	87	1	56687437000
18055	56687	29	113	87	1	56687697001
18056	56687	33	111	88	1	56687949000
18057	56688	6	108	84	1	56688676000
18058	56688	20	110	86	1	56688958001
18059	56688	27	111	87	1	56688864001
18060	56688	32	110	88	1	56688312001
18061	56688	35	113	88	1	56688282000
18062	56689	1	109	83	1	56689754001
18063	56689	26	110	87	1	56689572001
18064	56689	28	112	87	1	56689970000
18065	56689	34	112	88	1	56689804001
18066	56690	25	109	87	1	56690962001
18067	56690	30	108	88	1	56690958001
18068	56691	6	108	84	1	56691383000
18069	56691	12	108	85	1	56691895000
18070	56691	17	113	85	1	56691875001
18071	56691	19	109	86	1	56691207000
18072	56692	1	109	83	1	56692016001
18073	56692	2	110	83	1	56692857000
18074	56692	7	109	84	1	56692931000
18075	56692	16	112	85	1	56692939001
18076	56692	18	108	86	1	56692052000
18077	56692	21	111	86	1	56692964000
18078	56692	22	112	86	1	56692167001
18079	56692	23	113	86	1	56692206001
18080	56692	24	108	87	1	56692089001
18081	56693	0	108	83	1	56693657000
18082	56693	15	111	85	1	56693422001
18083	56693	26	110	87	1	56693060000
18084	56693	27	111	87	1	56693730000
18085	56694	12	108	85	1	56694297000
18086	56694	13	109	85	1	56694759000
18087	56694	14	110	85	1	56694515001
18088	56694	20	110	86	1	56694460000
18089	56694	22	112	86	1	56694838000
18090	56695	2	110	83	1	56695293000
18091	56695	7	109	84	1	56695798001
18092	56695	8	110	84	1	56695867000
18093	56695	18	108	86	1	56695017000
18094	56695	19	109	86	1	56695882001
18095	56695	21	111	86	1	56695926001
18096	56696	3	111	83	1	56696718000
18097	56696	17	113	85	1	56696062001
18098	56696	23	113	86	1	56696349001
18099	56696	24	108	87	1	56696991001
18100	56696	25	109	87	1	56696713000
18101	56697	8	110	84	1	56697962000
18102	56697	10	112	84	1	56697326000
18103	56697	11	113	84	1	56697352001
18104	56697	13	109	85	1	56697492001
18105	56697	16	112	85	1	56697193001
18106	56697	18	108	86	1	56697421000
18107	56697	20	110	86	1	56697029000
18108	56698	9	111	84	1	56698334000
18109	56698	14	110	85	1	56698485000
18110	56698	15	111	85	1	56698253001
18111	56699	3	111	83	1	56699098000
18112	56699	4	112	83	1	56699168001
18113	56699	17	113	85	1	56699110000
18114	56699	19	109	86	1	56699068001
18115	56700	5	113	83	1	56700870001
18116	56700	16	112	85	1	56700147000
18117	56701	4	112	83	1	56701473000
18118	56701	9	111	84	1	56701285001
18119	56701	10	112	84	1	56701180001
18120	56701	14	110	85	1	56701058000
18121	56701	15	111	85	1	56701036000
18122	56702	11	113	84	1	56702514001
18123	56703	2	110	83	1	56703774001
18124	56703	5	113	83	1	56703848001
18125	56703	10	112	84	1	56703906000
18126	56706	11	113	84	1	56706021000
18127	56707	12	108	85	1	56707329000
18128	56709	5	113	83	1	56709169000
18129	57071	30	108	88	0	57071022001
18130	57072	2	110	83	0	57072660001
18131	57072	19	109	86	0	57072303000
18132	57077	10	112	84	0	57077373001
18133	57121	24	108	87	0	57121725001
18134	57121	30	108	88	0	57121409001
18135	57122	18	108	86	0	57122514001
18136	57122	31	109	88	0	57122607000
18137	57123	6	108	84	0	57123940000
18138	57123	12	108	85	0	57123271000
18139	57123	24	108	87	0	57123870001
18140	57123	25	109	87	0	57123559001
18141	57123	30	108	88	0	57123501000
18142	57124	0	108	83	0	57124637000
18143	57124	13	109	85	0	57124864000
18144	57124	18	108	86	0	57124693001
18145	57124	19	109	86	0	57124223000
18146	57124	26	110	87	0	57124707000
18147	57124	31	109	88	0	57124697001
18148	57124	32	110	88	0	57124141001
18149	57125	7	109	84	0	57125614001
18150	57125	12	108	85	0	57125628000
18151	57125	20	110	86	0	57125350001
18152	57125	25	109	87	0	57125967000
18153	57125	33	111	88	0	57125241000
18154	57126	1	109	83	0	57126221000
18155	57126	6	108	84	0	57126395000
18156	57126	8	110	84	0	57126683001
18157	57126	14	110	85	0	57126047001
18158	57126	19	109	86	0	57126470001
18159	57126	21	111	86	0	57126880001
18160	57126	27	111	87	0	57126016000
18161	57126	32	110	88	0	57126873000
18162	57126	34	112	88	0	57126531001
18163	57127	0	108	83	0	57127198000
18164	57127	2	110	83	0	57127662000
18165	57127	13	109	85	0	57127480000
18166	57127	15	111	85	0	57127752000
18167	57127	20	110	86	0	57127487000
18168	57127	22	112	86	0	57127674001
18169	57127	26	110	87	0	57127080000
18170	57127	28	112	87	0	57127199000
18171	57127	33	111	88	0	57127142000
18172	57128	1	109	83	0	57128235000
18173	57128	7	109	84	0	57128542001
18174	57128	8	110	84	0	57128812001
18175	57128	9	111	84	0	57128111000
18176	57128	14	110	85	0	57128307000
18177	57128	16	112	85	0	57128779001
18178	57128	27	111	87	0	57128494000
18179	57128	29	113	87	0	57128636001
18180	57128	34	112	88	0	57128346001
18181	57128	35	113	88	0	57128121000
18182	57129	0	108	83	1	57129317001
18183	57129	3	111	83	0	57129069000
18184	57129	10	112	84	0	57129488001
18185	57129	21	111	86	0	57129185000
18186	57129	22	112	86	0	57129538001
18187	57129	23	113	86	0	57129247000
18188	57129	28	112	87	0	57129324001
18189	57130	1	109	83	1	57130800001
18190	57130	2	110	83	0	57130002000
18191	57130	4	112	83	0	57130332001
18192	57130	6	108	84	1	57130139001
18193	57130	9	111	84	0	57130148000
18194	57130	12	108	85	1	57130939001
18195	57130	15	111	85	0	57130311000
18196	57130	16	112	85	0	57130745000
18197	57130	17	113	85	0	57130374000
18198	57130	29	113	87	0	57130655000
18199	57130	35	113	88	0	57130105001
18200	57131	3	111	83	0	57131039000
18201	57131	5	113	83	0	57131788001
18202	57131	7	109	84	1	57131681000
18203	57131	10	112	84	0	57131626001
18204	57131	11	113	84	0	57131074001
18205	57131	18	108	86	1	57131861000
18206	57131	23	113	86	0	57131459000
18207	57132	2	110	83	1	57132322000
18208	57132	4	112	83	0	57132561001
18209	57132	13	109	85	1	57132533001
18210	57132	17	113	85	0	57132610001
18211	57132	24	108	87	1	57132818001
18212	57133	3	111	83	1	57133920000
18213	57133	8	110	84	1	57133048000
18214	57133	11	113	84	0	57133255000
18215	57133	12	108	85	1	57133683000
18216	57133	14	110	85	1	57133991001
18217	57133	19	109	86	1	57133435000
18218	57133	30	108	88	1	57133726001
18219	57134	5	113	83	0	57134448000
18220	57134	9	111	84	1	57134527000
18221	57134	18	108	86	1	57134755001
18222	57134	20	110	86	1	57134662000
18223	57134	25	109	87	1	57134414000
18224	57135	4	112	83	1	57135151001
18225	57135	10	112	84	1	57135919000
18226	57135	15	111	85	1	57135282000
18227	57135	26	110	87	1	57135569000
18228	57135	31	109	88	1	57135032001
18229	57135	34	112	88	0	57135661001
18230	57136	5	113	83	1	57136938000
18231	57136	21	111	86	1	57136319001
18232	57136	24	108	87	1	57136494001
18233	57136	32	110	88	1	57136527000
18234	57137	11	113	84	1	57137721001
18235	57137	15	111	85	1	57137065000
18236	57137	16	112	85	1	57137230000
18237	57137	22	112	86	1	57137984000
18238	57137	27	111	87	1	57137065000
18239	57137	33	111	88	1	57137989000
18240	57138	8	110	84	1	57138140000
18241	57138	9	111	84	1	57138514000
18242	57138	14	110	85	1	57138349000
18243	57138	17	113	85	1	57138190001
18244	57138	20	110	86	1	57138086000
18245	57138	28	112	87	1	57138515001
18246	57138	34	112	88	1	57138935000
18247	57139	4	112	83	1	57139339000
18248	57139	23	113	86	1	57139485001
18249	57139	27	111	87	1	57139775001
18250	57140	17	113	85	1	57140438000
18251	57140	29	113	87	1	57140171001
18252	57140	34	112	88	1	57140956000
18253	57140	35	113	88	1	57140719000
18254	57141	10	112	84	1	57141393001
18255	57141	11	113	84	1	57141990000
18256	57142	33	111	88	1	57142303001
18257	57143	21	111	86	1	57143554001
18258	57143	28	112	87	1	57143133000
18259	57144	26	110	87	1	57144806000
18260	57144	35	113	88	1	57144397001
18261	57146	16	112	85	1	57146154001
18262	57147	5	113	83	1	57147117001
18263	57470	24	108	87	0	57470066000
18264	57471	18	108	86	0	57471535000
18265	57473	9	111	84	0	57473543000
18266	57473	10	112	84	0	57473945000
18267	57473	16	112	85	0	57473882000
18268	57475	11	113	84	0	57475426001
18269	57525	2	110	83	0	57525472001
18270	57526	4	112	83	0	57526471000
18271	57526	30	108	88	0	57526551001
18272	57528	33	111	88	0	57528993001
18273	57529	34	112	88	0	57529956001
18274	57530	26	110	87	0	57530025001
18275	57530	28	112	87	0	57530131001
18276	57531	35	113	88	0	57531019000
18277	57561	22	112	86	0	57561649000
18278	57600	0	108	83	0	57600919000
18279	57602	1	109	83	0	57602510001
18280	57603	0	108	83	0	57603717000
18281	57603	2	110	83	0	57603983001
18282	57604	6	108	84	0	57604956000
18283	57605	1	109	83	0	57605751001
18284	57605	3	111	83	0	57605764001
18285	57606	2	110	83	0	57606233000
18286	57606	4	112	83	0	57606856001
18287	57606	7	109	84	0	57606184001
18288	57607	5	113	83	0	57607653001
18289	57607	8	110	84	0	57607338001
18290	57608	0	108	83	0	57608110001
18291	57608	6	108	84	0	57608205001
18292	57608	9	111	84	0	57608538001
18293	57608	12	108	85	0	57608902000
18294	57609	1	109	83	0	57609728000
18295	57609	2	110	83	0	57609584001
18296	57609	3	111	83	0	57609213001
18297	57609	4	112	83	0	57609833001
18298	57609	7	109	84	0	57609477001
18299	57609	8	110	84	0	57609906001
18300	57609	10	112	84	0	57609644000
18301	57610	5	113	83	0	57610478000
18302	57610	13	109	85	0	57610211000
18303	57610	14	110	85	0	57610953001
18304	57611	9	111	84	0	57611284001
18305	57611	11	113	84	0	57611187000
18306	57611	12	108	85	0	57611643000
18307	57612	3	111	83	0	57612165000
18308	57612	6	108	84	0	57612006001
18309	57612	10	112	84	0	57612129001
18310	57612	13	109	85	0	57612869000
18311	57612	15	111	85	0	57612611000
18312	57612	18	108	86	0	57612037000
18313	57613	7	109	84	0	57613345001
18314	57613	8	110	84	0	57613664001
18315	57613	11	113	84	0	57613980001
18316	57613	14	110	85	0	57613903001
18317	57613	16	112	85	0	57613404000
18318	57613	19	109	86	0	57613346000
18319	57614	4	112	83	0	57614155001
18320	57614	5	113	83	0	57614319001
18321	57614	9	111	84	0	57614191000
18322	57614	10	112	84	0	57614992000
18323	57614	12	108	85	0	57614999001
18324	57614	17	113	85	0	57614707001
18325	57614	18	108	86	0	57614302001
18326	57614	20	110	86	0	57614398001
18327	57615	15	111	85	0	57615629001
18328	57615	21	111	86	0	57615526000
18329	57615	24	108	87	0	57615542000
18330	57616	13	109	85	0	57616406001
18331	57616	14	110	85	0	57616871000
18332	57616	16	112	85	0	57616077000
18333	57616	18	108	86	0	57616791000
18334	57616	19	109	86	0	57616116000
18335	57617	11	113	84	0	57617179000
18336	57617	17	113	85	0	57617835001
18337	57617	20	110	86	0	57617517000
18338	57617	22	112	86	0	57617120001
18339	57617	23	113	86	0	57617637000
18340	57617	25	109	87	0	57617361000
18341	57618	10	112	84	0	57618923001
18342	57618	15	111	85	0	57618585001
18343	57618	21	111	86	0	57618894001
18344	57618	24	108	87	0	57618431000
18345	57618	26	110	87	0	57618275001
18346	57619	9	111	84	0	57619754001
18347	57619	16	112	85	0	57619386000
18348	57619	18	108	86	0	57619756001
18349	57619	19	109	86	0	57619516000
18350	57619	22	112	86	0	57619308000
18351	57619	27	111	87	0	57619108001
18352	57619	30	108	88	0	57619096001
18353	57620	23	113	86	0	57620237000
18354	57620	24	108	87	0	57620691001
18355	57620	25	109	87	0	57620774001
18356	57620	28	112	87	0	57620033000
18357	57620	29	113	87	1	57620759000
18358	57620	31	109	88	0	57620001000
18359	57621	17	113	85	0	57621718000
18360	57621	20	110	86	0	57621643000
18361	57621	21	111	86	0	57621866001
18362	57621	26	110	87	0	57621727000
18363	57621	27	111	87	0	57621973001
18364	57621	30	108	88	0	57621656000
18365	57621	32	110	88	0	57621504000
18366	57622	22	112	86	0	57622064001
18367	57622	23	113	86	0	57622672001
18368	57622	28	112	87	0	57622685000
18369	57622	29	113	87	0	57622991001
18370	57622	31	109	88	0	57622136001
18371	57622	33	111	88	0	57622232001
18372	57623	25	109	87	0	57623995001
18373	57623	34	112	88	0	57623098001
18374	57624	30	108	88	1	57624802000
18375	57624	31	109	88	0	57624909000
18376	57624	32	110	88	0	57624624001
18377	57624	33	111	88	0	57624804001
18378	57624	35	113	88	0	57624125000
18379	57625	26	110	87	0	57625637001
18380	57625	27	111	87	0	57625019001
18381	57625	28	112	87	0	57625839001
18382	57625	29	113	87	0	57625658000
18383	57625	34	112	88	0	57625307000
18384	57626	35	113	88	0	57626586000
18385	57627	33	111	88	0	57627609000
18386	57628	28	112	87	0	57628820000
18387	57628	32	110	88	0	57628360000
18388	57628	34	112	88	0	57628796001
18389	57629	31	109	88	0	57629941000
18390	57630	35	113	88	0	57630167001
18391	57631	5	113	83	1	57631939000
18392	57631	24	108	87	0	57631168000
18393	57632	11	113	84	1	57632726000
18394	57632	17	113	85	1	57632536000
18395	57633	4	112	83	1	57633865001
18396	57633	10	112	84	1	57633502000
18397	57633	23	113	86	1	57633332001
18398	57633	29	113	87	1	57633837001
18399	57633	35	113	88	1	57633972001
18400	57634	3	111	83	1	57634939000
18401	57634	5	113	83	1	57634098001
18402	57634	9	111	84	1	57634939000
18403	57634	16	112	85	1	57634411001
18404	57634	17	113	85	1	57634448000
18405	57634	22	112	86	1	57634838000
18406	57634	28	112	87	1	57634484000
18407	57635	10	112	84	1	57635529000
18408	57635	15	111	85	1	57635609000
18409	57635	21	111	86	1	57635945000
18410	57635	34	112	88	1	57635175000
18411	57636	2	110	83	1	57636726001
18412	57636	8	110	84	1	57636744000
18413	57636	9	111	84	1	57636702001
18414	57636	16	112	85	1	57636842000
18415	57636	27	111	87	1	57636010001
18416	57636	28	112	87	1	57636246001
18417	57636	33	111	88	1	57636513001
18418	57636	34	112	88	1	57636748001
18419	57636	35	113	88	1	57636948000
18420	57637	1	109	83	1	57637618000
18421	57637	3	111	83	1	57637235000
18422	57637	7	109	84	1	57637892001
18423	57637	11	113	84	1	57637234000
18424	57637	14	110	85	1	57637165001
18425	57637	15	111	85	1	57637083000
18426	57637	20	110	86	1	57637476000
18427	57637	26	110	87	1	57637724000
18428	57637	27	111	87	1	57637721001
18429	57638	0	108	83	1	57638895000
18430	57638	13	109	85	1	57638300000
18431	57638	19	109	86	1	57638685001
18432	57638	21	111	86	1	57638643000
18433	57638	22	112	86	1	57638280001
18434	57638	25	109	87	1	57638714000
18435	57638	32	110	88	1	57638253000
18436	57638	33	111	88	1	57638167001
18437	57639	1	109	83	1	57639645000
18438	57639	4	112	83	1	57639547001
18439	57639	6	108	84	1	57639251000
18440	57639	8	110	84	1	57639012001
18441	57639	12	108	85	1	57639774000
18442	57639	31	109	88	1	57639024000
18443	57640	0	108	83	1	57640717001
18444	57640	13	109	85	1	57640980001
18445	57640	14	110	85	1	57640132001
18446	57640	18	108	86	1	57640071000
18447	57640	24	108	87	1	57640276001
18448	57640	25	109	87	1	57640621001
18449	57640	30	108	88	1	57640425001
18450	57641	12	108	85	1	57641844000
18451	57641	18	108	86	1	57641958000
18452	57641	20	110	86	1	57641933001
18453	57641	31	109	88	1	57641754000
18454	57642	2	110	83	1	57642547001
18455	57642	6	108	84	1	57642382001
18456	57642	26	110	87	1	57642584001
18457	57643	24	108	87	1	57643414000
18458	57643	30	108	88	1	57643510000
18459	57647	32	110	88	1	57647876001
18460	57656	7	109	84	1	57656300000
18461	57710	23	113	86	1	57710738000
18462	57723	10	112	84	0	57723802000
18463	57726	22	112	86	0	57726649001
18464	57726	23	113	86	0	57726051001
18465	57729	33	111	88	0	57729969001
18466	57730	24	108	87	0	57730373001
18467	57731	30	108	88	0	57731924000
18468	57806	24	108	87	0	57806221001
18469	57810	10	112	84	0	57810728001
18470	57873	30	108	88	0	57873693000
18471	57874	18	108	86	0	57874584001
18472	57874	24	108	87	0	57874150001
18473	57874	31	109	88	0	57874464000
18474	57875	6	108	84	0	57875454000
18475	57875	12	108	85	0	57875179000
18476	57875	13	109	85	0	57875788001
18477	57875	19	109	86	0	57875554001
18478	57875	25	109	87	0	57875081001
18479	57875	26	110	87	0	57875766001
18480	57875	30	108	88	0	57875726001
18481	57875	32	110	88	0	57875407001
18482	57875	33	111	88	0	57875878001
18483	57876	0	108	83	0	57876133001
18484	57876	1	109	83	0	57876724001
18485	57876	7	109	84	0	57876282000
18486	57876	8	110	84	0	57876987001
18487	57876	14	110	85	0	57876565001
18488	57876	18	108	86	0	57876757001
18489	57876	20	110	86	0	57876110001
18490	57876	21	111	86	0	57876798001
18491	57876	27	111	87	0	57876549001
18492	57876	31	109	88	0	57876807001
18493	57876	34	112	88	0	57876724001
18494	57877	2	110	83	0	57877321001
18495	57877	9	111	84	0	57877582000
18496	57877	12	108	85	0	57877889001
18497	57877	15	111	85	0	57877506001
18498	57877	22	112	86	0	57877505001
18499	57877	24	108	87	0	57877539001
18500	57877	28	112	87	0	57877119001
18501	57877	33	111	88	0	57877635001
18502	57877	35	113	88	0	57877583000
18503	57878	3	111	83	0	57878286000
18504	57878	4	112	83	0	57878964001
18505	57878	10	112	84	0	57878295001
18506	57878	16	112	85	0	57878058001
18507	57878	17	113	85	0	57878917000
18508	57878	21	111	86	0	57878756001
18509	57878	23	113	86	0	57878300001
18510	57878	25	109	87	0	57878083000
18511	57878	29	113	87	0	57878052001
18512	57878	34	112	88	0	57878632001
18513	57879	0	108	83	0	57879694000
18514	57879	2	110	83	0	57879805000
18515	57879	5	113	83	0	57879772000
18516	57879	9	111	84	0	57879957000
18517	57879	11	113	84	0	57879332000
18518	57879	22	112	86	0	57879872000
18519	57879	28	112	87	0	57879970001
18520	57880	3	111	83	0	57880466001
18521	57880	8	110	84	0	57880984001
18522	57880	10	112	84	0	57880769000
18523	57880	23	113	86	0	57880392000
18524	57880	29	113	87	0	57880093000
18525	57880	32	110	88	0	57880906001
18526	57880	35	113	88	0	57880292001
18527	57881	4	112	83	0	57881361001
18528	57881	6	108	84	0	57881768001
18529	57881	11	113	84	0	57881937001
18530	57881	14	110	85	0	57881054000
18531	57881	15	111	85	0	57881673000
18532	57881	16	112	85	0	57881276001
18533	57881	26	110	87	0	57881926000
18534	57882	1	109	83	0	57882319001
18535	57882	5	113	83	0	57882539001
18536	57883	10	112	84	0	57883530001
18537	57885	19	109	86	0	57885986000
18538	57885	27	111	87	0	57885769001
18539	57885	31	109	88	0	57885983001
18540	57891	31	109	88	1	57891447001
18541	57891	32	110	88	1	57891490000
18542	57891	33	111	88	1	57891900000
18543	57891	34	112	88	1	57891660000
18544	57891	35	113	88	1	57891603000
18545	57892	30	108	88	1	57892383001
18546	57894	26	110	87	1	57894599001
18547	57894	29	113	87	1	57894599001
18548	57894	31	109	88	1	57894804001
18549	57894	34	112	88	1	57894877001
18550	57895	28	112	87	1	57895523001
18551	57895	32	110	88	1	57895705000
18552	57895	33	111	88	1	57895166000
18553	57895	35	113	88	1	57895012001
18554	57896	10	112	84	0	57896380001
18555	57896	24	108	87	1	57896969001
18556	57896	25	109	87	1	57896831000
18557	57896	27	111	87	1	57896007001
18558	57896	30	108	88	1	57896128000
18559	57897	31	109	88	1	57897692000
18560	57897	33	111	88	1	57897906000
18561	57897	34	112	88	1	57897586000
18562	57898	26	110	87	1	57898060000
18563	57898	29	113	87	1	57898106001
18564	57899	21	111	86	1	57899785001
18565	57899	23	113	86	1	57899059001
18566	57899	28	112	87	1	57899338001
18567	57899	30	108	88	1	57899764000
18568	57899	32	110	88	1	57899267001
18569	57900	22	112	86	1	57900146000
18570	57900	27	111	87	1	57900113000
18571	57900	29	113	87	1	57900947000
18572	57901	19	109	86	1	57901799001
18573	57901	20	110	86	1	57901296000
18574	57901	25	109	87	1	57901593000
18575	57902	0	108	83	1	57902114001
18576	57902	6	108	84	1	57902460000
18577	57902	18	108	86	1	57902193001
18578	57902	24	108	87	1	57902436001
18579	57902	26	110	87	1	57902026000
18580	57902	28	112	87	1	57902456000
18581	57903	12	108	85	1	57903533001
18582	57903	22	112	86	1	57903875001
18583	57903	23	113	86	1	57903877001
18584	57903	27	111	87	1	57903299000
18585	57904	0	108	83	1	57904465000
18586	57904	1	109	83	1	57904192001
18587	57904	6	108	84	1	57904755001
18588	57904	7	109	84	1	57904744001
18589	57904	18	108	86	1	57904526000
18590	57905	2	110	83	1	57905655001
18591	57905	12	108	85	1	57905788000
18592	57905	13	109	85	1	57905286000
18593	57905	14	110	85	1	57905582001
18594	57905	15	111	85	1	57905706001
18595	57905	16	112	85	1	57905303000
18596	57905	24	108	87	1	57905731000
18597	57906	8	110	84	1	57906160001
18598	57906	19	109	86	1	57906138001
18599	57906	21	111	86	1	57906556001
18600	57906	25	109	87	1	57906446000
18601	57907	3	111	83	1	57907582000
18602	57907	9	111	84	1	57907971000
18603	57907	14	110	85	1	57907597001
18604	57907	17	113	85	1	57907095001
18605	57907	20	110	86	1	57907077000
18606	57908	2	110	83	1	57908802001
18607	57908	8	110	84	1	57908163000
18608	57908	15	111	85	1	57908806001
18609	57908	23	113	86	1	57908556000
18610	57909	4	112	83	1	57909030000
18611	57909	10	112	84	1	57909580000
18612	57909	13	109	85	1	57909655000
18613	57909	20	110	86	1	57909220000
18614	57909	21	111	86	1	57909943001
18615	57909	22	112	86	1	57909912000
18616	57910	9	111	84	1	57910211000
18617	57910	16	112	85	1	57910263000
18618	57910	26	110	87	1	57910035001
18619	57911	3	111	83	1	57911754000
18620	57911	4	112	83	1	57911230000
18621	57911	5	113	83	1	57911040001
18622	57911	11	113	84	1	57911651000
18623	57911	15	111	85	1	57911214000
18624	57912	5	113	83	1	57912962000
18625	57912	10	112	84	1	57912155001
18626	57912	16	112	85	1	57912482001
18627	57912	17	113	85	1	57912215000
18628	57913	11	113	84	1	57913650000
18629	57914	17	113	85	1	57914523000
18630	57917	23	113	86	1	57917628001
18631	58003	24	108	87	0	58003683001
18632	58464	12	108	85	0	58464889001
18633	58464	18	108	86	0	58464646000
18634	58464	24	108	87	0	58464387000
18635	58465	0	108	83	0	58465728001
18636	58465	6	108	84	0	58465239001
18637	58465	30	108	88	0	58465317001
18638	58465	31	109	88	0	58465797001
18639	58466	13	109	85	0	58466646001
18640	58466	18	108	86	0	58466878001
18641	58466	19	109	86	0	58466112001
18642	58466	24	108	87	0	58466696001
18643	58466	25	109	87	0	58466129001
18644	58467	1	109	83	0	58467457001
18645	58467	7	109	84	0	58467062001
18646	58467	12	108	85	0	58467110000
18647	58467	14	110	85	0	58467997001
18648	58467	20	110	86	0	58467528000
18649	58467	26	110	87	0	58467442000
18650	58467	32	110	88	0	58467472000
18651	58468	0	108	83	0	58468224000
18652	58468	2	110	83	0	58468350000
18653	58468	6	108	84	0	58468243000
18654	58468	8	110	84	0	58468143001
18655	58468	19	109	86	0	58468413001
18656	58468	27	111	87	0	58468841001
18657	58468	31	109	88	0	58468842001
18658	58468	33	111	88	0	58468470001
18659	58469	1	109	83	0	58469904001
18660	58469	8	110	84	0	58469997000
18661	58469	9	111	84	0	58469753001
18662	58469	13	109	85	0	58469412000
18663	58469	15	111	85	0	58469659000
18664	58469	21	111	86	0	58469033001
18665	58469	25	109	87	0	58469224001
18666	58469	30	108	88	0	58469657001
18667	58469	34	112	88	0	58469997000
18668	58470	2	110	83	0	58470265001
18669	58470	3	111	83	0	58470187001
18670	58470	7	109	84	0	58470372001
18671	58470	10	112	84	0	58470836000
18672	58470	14	110	85	0	58470323001
18673	58470	16	112	85	0	58470794001
18674	58470	20	110	86	0	58470389001
18675	58470	22	112	86	0	58470611000
18676	58470	26	110	87	0	58470377001
18677	58470	28	112	87	0	58470063001
18678	58470	33	111	88	0	58470385000
18679	58471	4	112	83	0	58471395000
18680	58471	9	111	84	0	58471981001
18681	58471	15	111	85	0	58471905000
18682	58471	21	111	86	0	58471244001
18683	58471	23	113	86	0	58471803001
18684	58471	27	111	87	0	58471272001
18685	58471	28	112	87	0	58471960001
18686	58471	29	113	87	0	58471572001
18687	58471	32	110	88	0	58471482001
18688	58471	35	113	88	0	58471510001
18689	58472	3	111	83	0	58472523001
18690	58472	11	113	84	0	58472801000
18691	58472	17	113	85	0	58472384000
18692	58472	22	112	86	0	58472810001
18693	58472	24	108	87	0	58472130000
18694	58472	30	108	88	0	58472160000
18695	58472	31	109	88	0	58472258001
18696	58472	34	112	88	0	58472275001
18697	58473	0	108	83	0	58473043000
18698	58473	4	112	83	0	58473579000
18699	58473	5	113	83	0	58473216001
18700	58473	10	112	84	0	58473023001
18701	58473	14	110	85	0	58473888000
18702	58473	16	112	85	0	58473078000
18703	58473	19	109	86	0	58473211000
18704	58473	23	113	86	0	58473789001
18705	58473	29	113	87	0	58473703000
18706	58473	35	113	88	0	58473825000
18707	58475	5	113	83	0	58475252001
18708	58475	11	113	84	0	58475344000
18709	58475	17	113	85	0	58475132000
18710	58476	10	112	84	0	58476183000
18711	58476	19	109	86	0	58476639000
18712	58476	33	111	88	0	58476311001
18713	58477	2	110	83	0	58477945000
18714	58477	25	109	87	0	58477024001
18715	58477	30	108	88	0	58477048001
18716	58477	31	109	88	0	58477733000
18717	58477	32	110	88	0	58477213000
18718	58478	34	112	88	0	58478755000
18719	58480	30	108	88	0	58480910001
18720	58481	24	108	87	0	58481210000
18721	58481	27	111	87	0	58481360001
18722	58481	31	109	88	0	58481818000
18723	58481	32	110	88	0	58481904001
18724	58481	34	112	88	0	58481851000
18725	58482	4	112	83	0	58482360001
18726	58482	9	111	84	0	58482240000
18727	58482	29	113	87	0	58482677001
18728	58482	33	111	88	0	58482152001
18729	58483	18	108	86	0	58483845000
18730	58483	21	111	86	0	58483155001
18731	58483	23	113	86	0	58483862000
18732	58485	30	108	88	0	58485624000
18733	58486	5	113	83	0	58486650001
18734	58486	31	109	88	0	58486216001
18735	58486	32	110	88	0	58486332000
18736	58487	22	112	86	0	58487684000
18737	58488	26	110	87	0	58488038000
18738	58491	35	113	88	0	58491194000
18739	58492	10	112	84	0	58492999001
18740	58496	10	112	84	1	58496625001
18741	58497	0	108	83	1	58497893000
18742	58497	23	113	86	0	58497919001
18743	58498	1	109	83	1	58498918000
18744	58498	6	108	84	1	58498538001
18745	58499	2	110	83	1	58499942000
18746	58499	7	109	84	1	58499523001
18747	58499	12	108	85	1	58499225001
18748	58499	18	108	86	1	58499851000
18749	58499	34	112	88	0	58499609000
18750	58500	8	110	84	1	58500493000
18751	58500	13	109	85	1	58500279000
18752	58500	14	110	85	1	58500994000
18753	58500	19	109	86	1	58500883000
18754	58500	24	108	87	1	58500594000
18755	58501	3	111	83	1	58501008001
18756	58501	4	112	83	1	58501841001
18757	58501	9	111	84	1	58501458001
18758	58501	20	110	86	1	58501756001
18759	58501	25	109	87	1	58501513000
18760	58501	30	108	88	1	58501029000
18761	58501	31	109	88	1	58501976001
18762	58502	10	112	84	1	58502308001
18763	58502	15	111	85	1	58502089001
18764	58502	21	111	86	1	58502873001
18765	58502	26	110	87	1	58502423000
18766	58502	32	110	88	1	58502883001
18767	58503	5	113	83	1	58503032000
18768	58503	11	113	84	1	58503753000
18769	58503	16	112	85	1	58503260001
18770	58503	22	112	86	1	58503892001
18771	58503	27	111	87	1	58503502001
18772	58504	17	113	85	1	58504318001
18773	58504	23	113	86	1	58504695001
18774	58504	28	112	87	1	58504291001
18775	58504	33	111	88	1	58504010001
18776	58504	34	112	88	1	58504737000
18777	58505	15	111	85	1	58505799001
18778	58505	29	113	87	1	58505593000
18779	58506	35	113	88	1	58506019001
18780	58508	34	112	88	1	58508285000
18781	58753	2	110	83	0	58753252000
18782	58754	1	109	83	0	58754661001
18783	58755	2	110	83	1	58755801000
18784	58756	0	108	83	0	58756354000
18785	58757	1	109	83	1	58757566001
18786	58757	7	109	84	0	58757431001
18787	58758	6	108	84	0	58758638000
18788	58759	0	108	83	1	58759866000
18789	58761	6	108	84	1	58761488001
18790	58885	24	108	87	0	58885028000
18791	58974	30	108	88	0	58974733000
18792	58975	12	108	85	0	58975761000
18793	58975	18	108	86	0	58975413000
18794	58975	24	108	87	0	58975092000
18795	58975	31	109	88	0	58975730001
18796	58976	0	108	83	0	58976811001
18797	58976	6	108	84	0	58976167000
18798	58976	13	109	85	0	58976770000
18799	58976	19	109	86	0	58976320000
18800	58976	25	109	87	0	58976172000
18801	58976	32	110	88	0	58976999000
18802	58977	1	109	83	0	58977478000
18803	58977	7	109	84	0	58977278001
18804	58977	8	110	84	0	58977985000
18805	58977	14	110	85	0	58977756001
18806	58977	18	108	86	0	58977490000
18807	58977	20	110	86	0	58977417000
18808	58977	26	110	87	0	58977112000
18809	58977	30	108	88	1	58977300001
18810	58977	33	111	88	0	58977710000
18811	58978	2	110	83	0	58978327000
18812	58978	6	108	84	0	58978912001
18813	58978	9	111	84	0	58978842001
18814	58978	12	108	85	0	58978080000
18815	58978	15	111	85	0	58978857000
18816	58978	19	109	86	0	58978481000
18817	58978	21	111	86	0	58978337001
18818	58978	27	111	87	0	58978081000
18819	58978	28	112	87	0	58978944001
18820	58978	31	109	88	1	58978201001
18821	58978	34	112	88	0	58978783000
18822	58979	1	109	83	0	58979785000
18823	58979	3	111	83	0	58979556000
18824	58979	10	112	84	0	58979814000
18825	58979	13	109	85	0	58979767001
18826	58979	16	112	85	0	58979663000
18827	58979	18	108	86	1	58979841001
18828	58979	22	112	86	0	58979222000
18829	58979	24	108	87	1	58979026000
18830	58979	25	109	87	1	58979806001
18831	58979	26	110	87	1	58979812001
18832	58979	29	113	87	0	58979892000
18833	58979	32	110	88	1	58979712000
18834	58980	2	110	83	0	58980427000
18835	58980	4	112	83	0	58980472000
18836	58980	8	110	84	0	58980566001
18837	58980	9	111	84	0	58980692000
18838	58980	14	110	85	0	58980359000
18839	58980	17	113	85	0	58980740001
18840	58980	23	113	86	0	58980173001
18841	58980	27	111	87	1	58980740001
18842	58981	3	111	83	0	58981699000
18843	58981	5	113	83	0	58981495001
18844	58981	11	113	84	0	58981064000
18845	58981	15	111	85	0	58981179001
18846	58981	16	112	85	0	58981686001
18847	58981	19	109	86	1	58981932000
18848	58981	20	110	86	1	58981505001
18849	58981	28	112	87	1	58981288000
18850	58982	4	112	83	0	58982732001
18851	58982	10	112	84	0	58982239000
18852	58982	12	108	85	1	58982251000
18853	58982	18	108	86	1	58982192001
18854	58982	21	111	86	1	58982698001
18855	58982	29	113	87	1	58982486001
18856	58983	0	108	83	0	58983342001
18857	58983	11	113	84	0	58983692000
18858	58983	13	109	85	1	58983129000
18859	58983	14	110	85	1	58983029000
18860	58983	15	111	85	1	58983797001
18861	58983	20	110	86	1	58983921001
18862	58983	22	112	86	1	58983318001
18863	58983	23	113	86	1	58983940000
18864	58983	33	111	88	1	58983395000
18865	58984	5	113	83	0	58984787001
18866	58984	12	108	85	1	58984815001
18867	58984	16	112	85	1	58984727000
18868	58985	6	108	84	1	58985388000
18869	58985	13	109	85	1	58985634000
18870	58985	14	110	85	1	58985817001
18871	58985	15	111	85	1	58985882000
18872	58985	17	113	85	1	58985033000
18873	58986	7	109	84	1	58986360000
18874	58986	8	110	84	1	58986236000
18875	58986	9	111	84	1	58986190001
18876	58986	10	112	84	1	58986157000
18877	58986	11	113	84	1	58986493001
18878	58986	16	112	85	1	58986955001
18879	58986	21	111	86	1	58986523000
18880	58986	24	108	87	1	58986627001
18881	58987	17	113	85	1	58987292001
18882	58988	0	108	83	1	58988291000
18883	58988	1	109	83	1	58988857001
18884	58988	2	110	83	1	58988051001
18885	58988	6	108	84	1	58988609001
18886	58988	8	110	84	1	58988778001
18887	58989	3	111	83	1	58989189001
18888	58989	4	112	83	1	58989478000
18889	58989	5	113	83	1	58989432001
18890	58989	7	109	84	1	58989181000
18891	58989	9	111	84	1	58989202000
18892	58989	10	112	84	1	58989295001
18893	58989	11	113	84	1	58989503001
18894	58990	15	111	85	1	58990498000
18895	58991	0	108	83	1	58991985001
18896	58991	1	109	83	1	58991905000
18897	58991	2	110	83	1	58991392000
18898	58992	3	111	83	1	58992129000
18899	58992	4	112	83	1	58992644001
18900	58992	5	113	83	1	58992784001
18901	58992	8	110	84	1	58992849000
18902	58993	2	110	83	1	58993750000
18903	58996	1	109	83	1	58996631001
18904	58996	3	111	83	1	58996444001
18905	58998	4	112	83	1	58998751001
18906	59009	0	108	83	1	59009518001
18907	59045	31	109	88	0	59045059001
18908	59047	24	108	87	0	59047310001
18909	59048	33	111	88	0	59048063001
18910	59052	34	112	88	0	59052766000
18911	59054	35	113	88	0	59054338000
18912	59119	4	112	83	0	59119811001
18913	59283	3	111	83	0	59283191000
18914	59283	10	112	84	0	59283797000
18915	59283	11	113	84	0	59283037000
18916	59284	2	110	83	0	59284699000
18917	59286	17	113	85	0	59286890001
18918	59287	1	109	83	0	59287597000
18919	59287	16	112	85	0	59287897000
18920	59288	8	110	84	0	59288364000
18921	59289	23	113	86	0	59289047001
18922	59290	0	108	83	0	59290138001
18923	59292	22	112	86	0	59292090000
18924	59293	7	109	84	0	59293263001
18925	59293	10	112	84	1	59293725001
18926	59293	29	113	87	0	59293053000
18927	59295	14	110	85	0	59295584000
18928	59296	6	108	84	0	59296716000
18929	59296	21	111	86	0	59296446000
18930	59297	2	110	83	1	59297932000
18931	59297	28	112	87	0	59297565000
18932	59298	8	110	84	1	59298420000
18933	59298	13	109	85	0	59298143001
18934	59298	22	112	86	1	59298969001
18935	59303	20	110	86	0	59303516000
18936	59312	22	112	86	0	59312888000
18937	59314	8	110	84	0	59314687000
18938	59316	6	108	84	1	59316464001
18939	59317	2	110	83	0	59317406000
18940	59318	10	112	84	0	59318733001
18941	59322	11	113	84	0	59322622001
18942	59323	4	112	83	0	59323537000
18943	59324	0	108	83	1	59324591001
18944	59328	10	112	84	1	59328032000
18945	59410	30	108	88	0	59410692001
18946	59411	12	108	85	0	59411972000
18947	59411	18	108	86	0	59411447001
18948	59411	24	108	87	0	59411112000
18949	59411	31	109	88	0	59411754000
18950	59412	6	108	84	0	59412099001
18951	59412	13	109	85	0	59412998000
18952	59412	19	109	86	0	59412435000
18953	59412	25	109	87	0	59412398001
18954	59412	26	110	87	0	59412953000
18955	59412	30	108	88	0	59412592000
18956	59412	32	110	88	0	59412877001
18957	59413	7	109	84	0	59413131000
18958	59413	14	110	85	0	59413852000
18959	59413	18	108	86	0	59413512001
18960	59413	20	110	86	0	59413544000
18961	59413	24	108	87	0	59413032000
18962	59413	33	111	88	0	59413567000
18963	59414	8	110	84	0	59414125001
18964	59414	9	111	84	0	59414884000
18965	59414	12	108	85	1	59414045000
18966	59414	15	111	85	0	59414730000
18967	59414	21	111	86	0	59414408001
18968	59414	27	111	87	0	59414100000
18969	59414	31	109	88	0	59414085001
18970	59414	34	112	88	0	59414520001
18971	59415	3	111	83	0	59415550001
18972	59415	6	108	84	1	59415426001
18973	59415	7	109	84	1	59415829000
18974	59415	8	110	84	1	59415793001
18975	59415	10	112	84	0	59415417000
18976	59415	13	109	85	1	59415107000
18977	59415	16	112	85	0	59415792001
18978	59415	18	108	86	1	59415144001
18979	59415	22	112	86	0	59415363001
18980	59415	24	108	87	1	59415759001
18981	59415	25	109	87	0	59415232000
18982	59415	26	110	87	0	59415430000
18983	59415	28	112	87	0	59415005001
18984	59415	29	113	87	0	59415876001
18985	59415	33	111	88	0	59415248000
18986	59415	35	113	88	0	59415594001
18987	59416	4	112	83	0	59416357000
18988	59416	9	111	84	1	59416767000
18989	59416	11	113	84	0	59416924001
18990	59416	14	110	85	1	59416044001
18991	59416	17	113	85	0	59416592001
18992	59416	19	109	86	1	59416289000
18993	59416	20	110	86	1	59416902000
18994	59416	23	113	86	0	59416225001
18995	59416	27	111	87	0	59416791000
18996	59416	30	108	88	1	59416649000
18997	59416	34	112	88	0	59416607001
18998	59417	5	113	83	0	59417242000
18999	59417	10	112	84	1	59417853001
19000	59417	15	111	85	1	59417395001
19001	59417	25	109	87	1	59417164001
19002	59417	26	110	87	1	59417993001
19003	59417	28	112	87	1	59417840001
19004	59417	29	113	87	0	59417805000
19005	59417	31	109	88	1	59417852001
19006	59417	32	110	88	0	59417777000
19007	59418	11	113	84	1	59418987000
19008	59418	16	112	85	1	59418649000
19009	59418	21	111	86	1	59418250000
19010	59418	35	113	88	0	59418183001
19011	59419	5	113	83	1	59419962001
19012	59419	17	113	85	1	59419699001
19013	59419	22	112	86	1	59419551001
19014	59419	27	111	87	1	59419338001
19015	59419	32	110	88	1	59419543000
19016	59420	23	113	86	1	59420792000
19017	59420	28	112	87	1	59420291000
19018	59420	33	111	88	1	59420143001
19019	59420	34	112	88	1	59420927000
19020	59421	29	113	87	1	59421440000
19021	59422	35	113	88	1	59422237001
19022	59424	34	112	88	1	59424593000
19023	59476	10	112	84	0	59476822001
