0 0
1 0
2 0
3 0
4 0
5 0
6 0
7 0
8 0
9 0
10 0
11 0
12 0
13 0
14 0
15 0
16 0
17 0
18 0
19 0
20 0
21 0
22 0
23 0
24 0
25 0
26 0
27 0
28 0
29 0
30 0
31 1
32 1
33 1
34 1
35 1
36 1
37 1
38 1
39 1
40 1
41 1
42 1
43 1
44 1
45 1
46 1
47 1
48 1
49 1
50 1
51 1
52 1
53 1
54 1
55 1
56 1
57 1
58 1
59 1
60 1
61 1
62 1
63 1
64 1
65 1
66 1
67 1
68 1
69 1
70 1
71 1
72 1
73 1
74 1
75 1
76 1
77 1
78 1
79 1
80 1
81 1
82 1
83 0
84 0
85 0
86 0
87 0
88 0
89 0
90 0
91 0
92 0
93 0
94 0
95 0
96 0
97 0
98 0
99 0
100 0
101 0
102 0
103 0
104 0
105 0
106 0
107 0
108 0
109 0
110 0
111 0
112 0
113 0
114 0
115 0
116 0
117 0
118 0
119 0
120 0
121 0
122 0
123 0
124 0
125 0
126 0
127 0
128 0
129 0
130 0
131 0
132 0
133 0
134 0
135 0
136 0
137 0
138 0
139 0
140 0
141 0
142 0
143 0
144 0
145 0
146 0
147 0
148 0
149 0
150 0
151 1
152 1
153 1
154 1
155 1
156 1
157 1
158 1
159 1
160 1
161 1
162 1
163 1
164 1
165 1
166 1
167 1
168 1
169 1
170 1
171 1
172 1
173 1
174 1
175 1
176 1
177 1
178 1
179 1
180 1
181 1
182 1
183 1
184 1
185 1
186 1
187 1
188 1
189 1
190 1
191 1
192 1
193 1
194 1
195 1
196 1
197 1
198 1
199 1
200 1
201 1
202 1
203 1
204 1
205 1
206 1
207 1
208 1
209 1
210 1
211 1
212 1
213 1
214 1
215 1
216 1
217 1
218 1
219 1
220 1
221 1
222 1
223 1
224 1
225 1
226 1
227 1
228 1
229 1
230 1
231 1
232 1
233 1
234 1
235 1
236 1
237 1
238 1
239 1
240 1
241 1
242 1
243 1
244 1
245 1
246 1
247 1
248 1
249 1
250 1
251 1
252 1
253 1
254 1
255 1
256 1
257 1
258 1
259 1
260 1
261 1
262 1
263 1
264 1
265 1
266 1
267 1
268 1
269 1
270 1
271 1
272 1
273 1
274 1
275 1
276 1
277 1
278 1
279 1
280 1
281 1
282 1
283 1
284 1
285 1
286 1
287 1
288 1
289 1
290 1
291 1
292 1
293 1
294 1
295 1
296 1
297 1
298 1
299 1
300 1
301 1
302 1
303 1
304 1
305 1
306 1
307 1
308 1
309 1
310 1
311 1
312 1
313 1
314 1
315 1
316 1
317 1
318 1
319 1
320 1
321 1
322 1
323 1
324 1
325 1
326 1
327 1
328 1
329 1
330 1
331 1
332 1
333 1
334 1
335 1
336 1
337 1
338 1
339 1
340 1
341 1
342 1
343 1
344 1
345 1
346 1
347 1
348 1
349 1
350 1
351 1
352 1
353 1
354 1
355 1
356 1
357 1
358 1
359 1
360 1
361 1
362 1
363 1
364 1
365 1
366 1
367 1
368 1
369 1
370 1
371 1
372 1
373 1
374 1
375 1
376 1
377 1
378 1
379 1
380 1
381 1
382 1
383 1
384 1
385 1
386 1
387 1
388 1
389 1
390 1
391 1
392 1
393 1
394 1
395 0
396 0
397 0
398 0
399 0
400 0
401 0
402 0
403 0
404 0
405 0
406 0
407 0
408 0
409 0
410 0
411 0
412 0
413 0
414 0
415 0
416 0
417 0
418 0
419 0
420 0
421 0
422 0
423 0
424 0
425 0
426 0
427 0
428 0
429 0
430 0
431 0
432 0
433 0
434 0
435 0
436 0
437 0
438 0
439 0
440 0
441 0
442 0
443 0
444 0
445 0
446 0
447 0
448 0
449 0
450 0
451 0
452 0
453 0
454 0
455 0
456 0
457 0
458 0
459 0
460 0
461 0
462 0
463 0
464 0
465 0
466 0
467 0
468 0
469 0
470 0
471 1
472 1
473 1
474 1
475 1
476 1
477 1
478 1
479 1
480 0
481 0
482 0
483 1
484 1
485 1
486 1
487 1
488 1
489 0
490 0
491 0
492 0
493 0
494 0
495 0
496 0
497 0
498 0
499 0
500 0
501 0
502 0
503 0
504 0
505 0
506 0
507 0
508 0
509 0
510 0
511 0
512 0
513 0
514 0
515 0
516 0
517 0
518 0
519 0
520 0
521 0
522 0
523 0
524 0
525 0
526 0
527 0
528 0
529 0
530 0
531 0
532 0
533 0
534 0
535 0
536 0
537 0
538 0
539 0
540 0
541 0
542 0
543 0
544 0
545 0
546 0
547 0
548 0
549 0
550 0
551 0
552 0
553 0
554 0
555 0
556 0
557 0
558 0
559 0
560 0
561 0
562 0
563 0
564 0
565 1
566 1
567 1
568 1
569 1
570 1
571 1
572 1
573 1
574 1
575 1
576 1
577 1
578 1
579 1
580 1
581 1
582 1
583 1
584 1
585 1
586 1
587 1
588 1
589 1
590 1
591 1
592 1
593 1
594 1
595 1
596 1
597 1
598 1
599 1
600 1
601 1
602 1
603 1
604 1
605 1
606 1
607 1
608 1
609 1
610 1
611 1
612 1
613 1
614 1
615 1
616 1
617 1
618 1
619 1
620 1
621 1
622 1
623 1
624 1
625 1
626 1
627 1
628 1
629 1
630 1
631 1
632 1
633 1
634 1
635 1
636 1
637 1
638 1
639 1
640 1
641 1
642 1
643 1
644 1
645 1
646 1
647 1
648 1
649 1
650 1
651 1
652 1
653 1
654 1
655 1
656 1
657 1
658 1
659 1
660 1
661 1
662 1
663 1
664 1
665 1
666 1
667 1
668 1
669 1
670 1
671 1
672 1
673 1
674 1
675 1
676 1
677 1
678 1
679 1
680 1
681 1
682 1
683 1
684 1
685 1
686 1
687 1
688 1
689 1
690 1
691 1
692 1
693 1
694 1
695 1
696 1
697 1
698 1
699 1
700 1
701 1
702 1
703 1
704 1
705 1
706 1
707 1
708 1
709 1
710 1
711 1
712 1
713 1
714 1
715 1
716 1
717 1
718 1
719 1
720 1
721 1
722 1
723 1
724 1
725 1
726 1
727 1
728 1
729 1
730 1
731 1
732 1
733 1
734 1
735 1
736 1
737 1
738 1
739 1
740 1
741 1
742 1
743 1
744 1
745 1
746 1
747 1
748 1
749 1
750 1
751 1
752 1
753 2
754 2
755 2
756 2
757 2
758 2
759 2
760 2
761 2
762 2
763 2
764 2
765 2
766 2
767 2
768 2
769 2
770 2
771 2
772 2
773 2
774 2
775 2
776 2
777 2
778 2
779 2
780 2
781 2
782 2
783 2
784 2
785 2
786 2
787 2
788 2
789 2
790 2
791 2
792 2
793 2
794 2
795 2
796 2
797 2
798 2
799 2
800 2
801 2
802 2
803 2
804 2
805 2
806 2
807 2
808 2
809 3
810 3
811 3
812 3
813 3
814 3
815 3
816 3
817 3
818 3
819 3
820 3
821 3
822 3
823 3
824 3
825 3
826 3
827 3
828 3
829 3
830 3
831 3
832 3
833 3
834 3
835 3
836 3
837 3
838 3
839 3
840 3
841 3
842 3
843 3
844 3
845 3
846 3
847 3
848 3
849 3
850 3
851 3
852 3
853 3
854 3
855 3
856 3
857 3
858 3
859 3
860 3
861 3
862 3
863 3
864 3
865 4
866 4
867 4
868 4
869 4
870 4
871 4
872 4
873 4
874 4
875 4
876 4
877 4
878 4
879 4
880 4
881 4
882 4
883 4
884 4
885 4
886 4
887 4
888 4
889 4
890 4
891 4
892 4
893 4
894 4
895 4
896 4
897 4
898 4
899 4
900 4
901 4
902 4
903 4
904 4
905 5
906 5
907 5
908 5
909 5
910 5
911 5
912 5
913 5
914 5
915 5
916 5
917 5
918 5
919 5
920 5
921 5
922 5
923 5
924 5
925 5
926 5
927 5
928 5
929 5
930 5
931 5
932 5
933 5
934 5
935 5
936 5
937 5
938 5
939 5
940 5
941 5
942 5
943 5
944 5
945 6
946 6
947 6
948 6
949 6
950 6
951 6
952 6
953 6
954 6
955 6
956 6
957 6
958 6
959 6
960 6
961 6
962 6
963 6
964 6
965 6
966 6
967 6
968 6
969 6
970 6
971 6
972 6
973 6
974 6
975 6
976 6
977 6
978 6
979 7
980 7
981 7
982 7
983 7
984 7
985 7
986 7
987 7
988 7
989 7
990 7
991 7
992 7
993 7
994 7
995 7
996 7
997 7
998 7
999 7
1000 7
1001 7
1002 7
1003 7
1004 7
1005 7
1006 7
1007 7
1008 7
1009 7
1010 7
1011 7
1012 7
1013 7
1014 8
1015 8
1016 8
1017 8
1018 8
1019 8
1020 8
1021 8
1022 8
1023 8
1024 8
1025 8
1026 8
1027 8
1028 8
1029 8
1030 8
1031 8
1032 8
1033 8
1034 8
1035 8
1036 8
1037 8
1038 8
1039 8
1040 8
1041 8
1042 8
1043 8
1044 8
1045 8
1046 8
1047 8
1048 8
1049 8
1050 8
1051 8
1052 8
1053 8
1054 9
1055 9
1056 9
1057 9
1058 9
1059 9
1060 9
1061 9
1062 9
1063 9
1064 9
1065 9
1066 9
1067 9
1068 9
1069 9
1070 9
1071 9
1072 9
1073 9
1074 9
1075 9
1076 9
1077 9
1078 9
1079 9
1080 9
1081 9
1082 9
1083 9
1084 9
1085 9
1086 9
1087 9
1088 9
1089 9
1090 9
1091 9
1092 9
1093 9
1094 9
1095 9
1096 9
1097 9
1098 9
1099 9
1100 9
1101 9
1102 9
1103 9
1104 9
1105 9
1106 9
1107 9
1108 9
1109 9
1110 9
1111 10
1112 10
1113 10
1114 10
1115 10
1116 10
1117 10
1118 10
1119 10
1120 10
1121 10
1122 10
1123 10
1124 10
1125 10
1126 10
1127 10
1128 10
1129 10
1130 10
1131 10
1132 10
1133 10
1134 10
1135 10
1136 10
1137 10
1138 10
1139 10
1140 10
1141 10
1142 10
1143 10
1144 10
1145 10
1146 10
1147 10
1148 10
1149 10
1150 10
1151 10
1152 11
1153 11
1154 11
1155 11
1156 11
1157 11
1158 11
1159 11
1160 11
1161 11
1162 11
1163 11
1164 11
1165 11
1166 11
1167 11
1168 11
1169 11
1170 11
1171 11
1172 11
1173 11
1174 11
1175 11
1176 11
1177 11
1178 11
1179 11
1180 11
1181 11
1182 11
1183 11
1184 11
1185 11
1186 11
1187 11
1188 11
1189 11
1190 11
1191 11
1192 11
1193 11
1194 11
1195 11
1196 11
1197 11
1198 11
1199 11
1200 11
1201 11
1202 11
1203 11
1204 11
1205 11
1206 11
1207 11
1208 11
1209 11
1210 11
1211 11
1212 11
1213 11
1214 11
1215 11
1216 11
1217 11
1218 11
1219 11
1220 11
1221 11
1222 11
1223 11
1224 11
1225 11
1226 11
1227 11
1228 11
1229 11
1230 11
1231 11
1232 11
1233 11
1234 11
1235 11
1236 11
1237 11
1238 11
1239 11
1240 11
1241 11
1242 11
1243 11
1244 11
1245 11
1246 11
1247 11
1248 11
1249 11
1250 11
1251 11
1252 11
1253 11
1254 11
1255 11
1256 11
1257 11
1258 11
1259 11
1260 11
1261 11
1262 11
1263 11
1264 11
1265 11
1266 11
1267 11
1268 11
1269 11
1270 11
1271 11
1272 11
1273 11
1274 11
1275 11
1276 11
1277 11
1278 11
1279 11
1280 11
1281 11
1282 11
1283 11
1284 11
1285 11
1286 11
1287 11
1288 11
1289 11
1290 11
1291 11
1292 11
1293 11
1294 11
1295 11
1296 11
1297 11
1298 11
1299 11
1300 11
1301 11
1302 11
1303 11
1304 11
1305 11
1306 11
1307 11
1308 11
1309 11
1310 11
1311 11
1312 11
1313 11
1314 11
1315 11
1316 11
1317 11
1318 11
1319 11
1320 11
1321 11
1322 11
1323 11
1324 11
1325 11
1326 11
1327 11
1328 11
1329 11
1330 11
1331 11
1332 10
1333 10
1334 10
1335 10
1336 10
1337 10
1338 10
1339 10
1340 10
1341 10
1342 10
1343 10
1344 10
1345 10
1346 10
1347 10
1348 10
1349 10
1350 10
1351 10
1352 10
1353 10
1354 10
1355 10
1356 10
1357 10
1358 10
1359 10
1360 10
1361 10
1362 10
1363 10
1364 10
1365 10
1366 10
1367 10
1368 10
1369 10
1370 10
1371 10
1372 10
1373 10
1374 10
1375 10
1376 10
1377 10
1378 10
1379 10
1380 10
1381 10
1382 10
1383 10
1384 10
1385 10
1386 10
1387 10
1388 10
1389 10
1390 10
1391 10
1392 10
1393 10
1394 10
1395 10
1396 10
1397 10
1398 9
1399 9
1400 9
1401 9
1402 9
1403 9
1404 9
1405 9
1406 9
1407 9
1408 9
1409 9
1410 9
1411 9
1412 9
1413 9
1414 9
1415 9
1416 9
1417 9
1418 9
1419 9
1420 9
1421 9
1422 9
1423 9
1424 9
1425 9
1426 9
1427 9
1428 9
1429 9
1430 9
1431 9
1432 9
1433 9
1434 9
1435 9
1436 9
1437 9
1438 9
1439 9
1440 9
1441 9
1442 9
1443 9
1444 9
1445 9
1446 9
1447 9
1448 9
1449 9
1450 9
1451 9
1452 8
1453 8
1454 8
1455 8
1456 8
1457 8
1458 8
1459 8
1460 8
1461 8
1462 8
1463 8
1464 8
1465 8
1466 8
1467 8
1468 8
1469 8
1470 8
1471 8
1472 8
1473 8
1474 8
1475 8
1476 8
1477 8
1478 8
1479 8
1480 8
1481 8
1482 8
1483 8
1484 8
1485 8
1486 8
1487 8
1488 8
1489 8
1490 8
1491 8
1492 8
1493 8
1494 8
1495 8
1496 8
1497 8
1498 8
1499 8
1500 8
1501 8
1502 8
1503 8
1504 8
1505 8
1506 8
1507 8
1508 8
1509 8
1510 8
1511 7
1512 7
1513 7
1514 7
1515 7
1516 7
1517 7
1518 7
1519 7
1520 7
1521 7
1522 7
1523 7
1524 7
1525 7
1526 7
1527 7
1528 7
1529 7
1530 7
1531 7
1532 7
1533 7
1534 7
1535 7
1536 7
1537 7
1538 7
1539 7
1540 7
1541 7
1542 7
1543 7
1544 7
1545 7
1546 7
1547 7
1548 7
1549 7
1550 7
1551 7
1552 7
1553 7
1554 7
1555 7
1556 7
1557 7
1558 7
1559 7
1560 7
1561 7
1562 7
1563 7
1564 7
1565 7
1566 7
1567 7
1568 7
1569 7
1570 6
1571 6
1572 6
1573 6
1574 6
1575 6
1576 6
1577 6
1578 6
1579 6
1580 6
1581 6
1582 6
1583 6
1584 6
1585 6
1586 6
1587 6
1588 6
1589 6
1590 6
1591 6
1592 6
1593 6
1594 6
1595 6
1596 6
1597 6
1598 6
1599 6
1600 6
1601 6
1602 6
1603 6
1604 6
1605 6
1606 6
1607 6
1608 6
1609 6
1610 6
1611 6
1612 6
1613 6
1614 5
1615 5
1616 5
1617 5
1618 5
1619 5
1620 5
1621 5
1622 5
1623 5
1624 5
1625 5
1626 5
1627 5
1628 5
1629 5
1630 5
1631 5
1632 5
1633 5
1634 5
1635 5
1636 5
1637 5
1638 5
1639 5
1640 5
1641 5
1642 5
1643 5
1644 5
1645 5
1646 5
1647 5
1648 5
1649 5
1650 5
1651 5
1652 5
1653 5
1654 5
1655 5
1656 5
1657 5
1658 5
1659 5
1660 5
1661 5
1662 5
1663 4
1664 4
1665 4
1666 4
1667 4
1668 4
1669 4
1670 4
1671 4
1672 4
1673 4
1674 4
1675 4
1676 4
1677 4
1678 4
1679 4
1680 4
1681 4
1682 4
1683 4
1684 4
1685 4
1686 4
1687 4
1688 4
1689 4
1690 4
1691 4
1692 4
1693 4
1694 4
1695 4
1696 3
1697 3
1698 3
1699 3
1700 3
1701 4
1702 4
1703 4
1704 3
1705 3
1706 3
1707 3
1708 3
1709 3
1710 3
1711 3
1712 3
1713 3
1714 3
1715 3
1716 3
1717 3
1718 3
1719 3
1720 3
1721 3
1722 3
1723 3
1724 3
1725 3
1726 3
1727 3
1728 3
1729 3
1730 3
1731 3
1732 3
1733 3
1734 3
1735 3
1736 3
1737 3
1738 3
1739 3
1740 3
1741 3
1742 3
1743 3
1744 3
1745 3
1746 3
1747 3
1748 3
1749 3
1750 3
1751 3
1752 3
1753 3
1754 3
1755 3
1756 3
1757 3
1758 3
1759 3
1760 3
1761 3
1762 3
1763 2
1764 2
1765 2
1766 2
1767 2
1768 2
1769 2
1770 2
1771 2
1772 2
1773 2
1774 2
1775 2
1776 2
1777 2
1778 2
1779 2
1780 2
1781 2
1782 3
1783 2
1784 2
1785 2
1786 2
1787 2
1788 2
1789 2
1790 2
1791 2
1792 2
1793 2
1794 2
1795 2
1796 2
1797 2
1798 2
1799 2
1800 2
1801 2
1802 2
1803 2
1804 2
1805 2
1806 2
1807 2
1808 2
1809 2
1810 2
1811 2
1812 2
1813 2
1814 2
1815 3
1816 3
1817 3
1818 3
1819 3
1820 3
1821 3
1822 3
1823 3
1824 3
1825 3
1826 3
1827 3
1828 3
1829 3
1830 3
1831 3
1832 3
1833 3
1834 3
1835 3
1836 3
1837 3
1838 3
1839 3
1840 3
1841 3
1842 3
1843 3
1844 3
1845 3
1846 3
1847 3
1848 3
1849 3
1850 3
1851 3
1852 3
1853 2
1854 2
1855 2
1856 2
1857 2
1858 2
1859 2
1860 2
1861 2
1862 2
1863 2
1864 2
1865 2
1866 3
1867 3
1868 3
1869 3
1870 3
1871 3
1872 3
1873 3
1874 3
1875 3
1876 2
1877 2
1878 2
1879 2
1880 2
1881 3
1882 3
1883 3
1884 3
1885 3
1886 3
1887 3
1888 3
1889 3
1890 3
1891 3
1892 3
1893 3
1894 3
1895 3
1896 3
1897 3
1898 3
1899 3
1900 3
1901 3
1902 3
1903 3
1904 3
1905 3
1906 3
1907 3
1908 3
1909 3
1910 3
1911 3
1912 3
1913 3
1914 3
1915 3
1916 3
1917 3
1918 3
1919 3
1920 3
1921 3
1922 3
1923 3
1924 3
1925 3
1926 3
1927 3
1928 3
1929 3
1930 3
1931 3
1932 3
1933 3
1934 3
1935 3
1936 3
1937 3
1938 4
1939 4
1940 4
1941 4
1942 4
1943 4
1944 4
1945 4
1946 4
1947 4
1948 4
1949 4
1950 4
1951 4
1952 4
1953 4
1954 4
1955 4
1956 4
1957 4
1958 4
1959 4
1960 4
1961 4
1962 4
1963 4
1964 4
1965 4
1966 4
1967 4
1968 4
1969 4
1970 4
1971 4
1972 4
1973 4
1974 4
1975 4
1976 4
1977 4
1978 4
1979 5
1980 5
1981 5
1982 5
1983 5
1984 5
1985 5
1986 5
1987 5
1988 5
1989 5
1990 5
1991 5
1992 5
1993 5
1994 5
1995 5
1996 5
1997 5
1998 5
1999 5
2000 5
2001 5
2002 5
2003 5
2004 5
2005 5
2006 5
2007 5
2008 5
2009 5
2010 5
2011 5
2012 5
2013 6
2014 6
2015 6
2016 6
2017 6
2018 6
2019 6
2020 6
2021 6
2022 6
2023 6
2024 6
2025 6
2026 6
2027 6
2028 6
2029 6
2030 6
2031 6
2032 6
2033 6
2034 6
2035 6
2036 6
2037 6
2038 6
2039 6
2040 6
2041 6
2042 6
2043 6
2044 6
2045 6
2046 6
2047 6
2048 6
2049 6
2050 6
2051 6
2052 6
2053 6
2054 6
2055 6
2056 6
2057 6
2058 6
2059 6
2060 6
2061 6
2062 6
2063 6
2064 6
2065 7
2066 7
2067 7
2068 7
2069 7
2070 7
2071 7
2072 7
2073 7
2074 7
2075 7
2076 7
2077 7
2078 7
2079 7
2080 7
2081 7
2082 7
2083 7
2084 7
2085 7
2086 7
2087 7
2088 8
2089 8
2090 8
2091 8
2092 8
2093 8
2094 8
2095 8
2096 8
2097 8
2098 8
2099 8
2100 8
2101 8
2102 8
2103 8
2104 8
2105 8
2106 8
2107 8
2108 8
2109 8
2110 8
2111 8
2112 8
2113 8
2114 8
2115 8
2116 8
2117 8
2118 8
2119 8
2120 8
2121 8
2122 8
2123 8
2124 8
2125 8
2126 8
2127 8
2128 8
2129 8
2130 8
2131 8
2132 8
2133 8
2134 8
2135 8
2136 8
2137 8
2138 8
2139 8
2140 8
2141 8
2142 8
2143 8
2144 8
2145 8
2146 8
2147 8
2148 8
2149 8
2150 8
2151 8
2152 8
2153 8
2154 8
2155 8
2156 8
2157 9
2158 9
2159 9
2160 9
2161 9
2162 9
2163 9
2164 9
2165 9
2166 9
2167 9
2168 9
2169 9
2170 9
2171 9
2172 9
2173 9
2174 9
2175 9
2176 9
2177 9
2178 9
2179 9
2180 9
2181 9
2182 10
2183 10
2184 10
2185 10
2186 10
2187 10
2188 10
2189 10
2190 10
2191 10
2192 10
2193 9
2194 9
2195 9
2196 9
2197 9
2198 9
2199 9
2200 9
2201 9
2202 9
2203 9
2204 9
2205 9
2206 9
2207 9
2208 10
2209 10
2210 10
2211 10
2212 10
2213 10
2214 10
2215 10
2216 10
2217 10
2218 10
2219 10
2220 10
2221 10
2222 10
2223 10
2224 10
2225 10
2226 10
2227 10
2228 10
2229 10
2230 10
2231 10
2232 10
2233 10
2234 10
2235 10
2236 10
2237 10
2238 10
2239 10
2240 10
2241 10
2242 10
2243 10
2244 10
2245 10
2246 10
2247 10
2248 10
2249 10
2250 10
2251 10
2252 10
2253 10
2254 10
2255 10
2256 10
2257 10
2258 10
2259 10
2260 10
2261 10
2262 10
2263 10
2264 10
2265 10
2266 10
2267 10
2268 10
2269 10
2270 10
2271 10
2272 10
2273 10
2274 10
2275 10
2276 10
2277 10
2278 10
2279 10
2280 10
2281 10
2282 10
2283 10
2284 10
2285 10
2286 10
2287 10
2288 10
2289 10
2290 10
2291 10
2292 10
2293 10
2294 10
2295 10
2296 10
2297 10
2298 10
2299 10
2300 10
2301 10
2302 10
2303 10
2304 10
2305 10
2306 10
2307 10
2308 10
2309 10
2310 10
2311 10
2312 10
2313 10
2314 10
2315 10
2316 10
2317 10
2318 10
2319 10
2320 10
2321 10
2322 10
2323 10
2324 10
2325 10
2326 10
2327 10
2328 10
2329 10
2330 10
2331 10
2332 10
2333 10
2334 10
2335 10
2336 10
2337 10
2338 10
2339 10
2340 10
2341 10
2342 10
2343 10
2344 10
2345 10
2346 10
2347 10
2348 10
2349 10
2350 10
2351 10
2352 10
2353 10
2354 10
2355 10
2356 10
2357 10
2358 10
2359 10
2360 10
2361 10
2362 10
2363 10
2364 10
2365 10
2366 10
2367 10
2368 10
2369 10
2370 10
2371 10
2372 10
2373 10
2374 10
2375 10
2376 10
2377 10
2378 10
2379 9
2380 9
2381 9
2382 9
2383 9
2384 9
2385 9
2386 9
2387 9
2388 9
2389 9
2390 9
2391 9
2392 9
2393 9
2394 9
2395 9
2396 9
2397 9
2398 9
2399 9
2400 9
2401 9
2402 8
2403 8
2404 8
2405 8
2406 8
2407 8
2408 8
2409 8
2410 8
2411 8
2412 8
2413 8
2414 8
2415 8
2416 8
2417 8
2418 8
2419 8
2420 8
2421 8
2422 8
2423 8
2424 8
2425 8
2426 8
2427 8
2428 8
2429 8
2430 8
2431 8
2432 8
2433 8
2434 8
2435 8
2436 8
2437 8
2438 7
2439 7
2440 7
2441 7
2442 7
2443 7
2444 7
2445 7
2446 7
2447 7
2448 7
2449 7
2450 7
2451 7
2452 7
2453 7
2454 7
2455 7
2456 7
2457 7
2458 7
2459 7
2460 7
2461 7
2462 7
2463 7
2464 7
2465 7
2466 7
2467 7
2468 7
2469 7
2470 7
2471 7
2472 7
2473 7
2474 7
2475 7
2476 7
2477 7
2478 6
2479 6
2480 6
2481 6
2482 6
2483 6
2484 6
2485 6
2486 6
2487 6
2488 6
2489 6
2490 6
2491 6
2492 6
2493 6
2494 6
2495 6
2496 6
2497 6
2498 6
2499 6
2500 6
2501 6
2502 6
2503 6
2504 5
2505 5
2506 5
2507 5
2508 5
2509 5
2510 5
2511 5
2512 5
2513 5
2514 5
2515 5
2516 5
2517 5
2518 5
2519 5
2520 5
2521 5
2522 5
2523 5
2524 5
2525 5
2526 5
2527 5
2528 5
2529 5
2530 5
2531 5
2532 5
2533 5
2534 5
2535 5
2536 5
2537 5
2538 5
2539 5
2540 5
2541 5
2542 5
2543 5
2544 5
2545 5
2546 5
2547 5
2548 5
2549 5
2550 5
2551 5
2552 5
2553 5
2554 5
2555 5
2556 5
2557 4
2558 4
2559 4
2560 4
2561 4
2562 4
2563 4
2564 4
2565 4
2566 4
2567 4
2568 3
2569 3
2570 3
2571 3
2572 3
2573 3
2574 3
2575 3
2576 3
2577 3
2578 3
2579 3
2580 3
2581 3
2582 3
2583 3
2584 3
2585 3
2586 3
2587 3
2588 3
2589 3
2590 3
2591 3
2592 3
2593 3
2594 3
2595 3
2596 3
2597 3
2598 3
2599 3
2600 3
2601 3
2602 3
2603 3
2604 3
2605 3
2606 3
2607 3
2608 3
2609 3
2610 3
2611 3
2612 2
2613 2
2614 2
2615 2
2616 2
2617 2
2618 2
2619 2
2620 2
2621 2
2622 2
2623 2
2624 2
2625 2
2626 2
2627 2
2628 2
2629 2
2630 2
2631 2
2632 2
2633 2
2634 2
2635 2
2636 2
2637 2
2638 2
2639 2
2640 2
2641 2
2642 2
2643 2
2644 2
2645 2
2646 2
2647 2
2648 2
2649 2
2650 1
2651 1
2652 1
2653 1
2654 1
2655 1
2656 1
2657 1
2658 1
2659 1
2660 1
2661 1
2662 1
2663 1
2664 1
2665 1
2666 1
2667 1
2668 1
2669 1
2670 1
2671 1
2672 1
2673 1
2674 1
2675 1
2676 2
2677 2
2678 2
2679 2
2680 2
2681 2
2682 2
2683 2
2684 2
2685 2
2686 2
2687 2
2688 2
2689 2
2690 2
2691 2
2692 2
2693 2
2694 2
2695 2
2696 2
2697 2
2698 2
2699 2
2700 2
2701 2
2702 2
2703 2
2704 2
2705 2
2706 2
2707 2
2708 2
2709 2
2710 2
2711 2
2712 2
2713 2
2714 2
2715 2
2716 2
2717 2
2718 2
2719 2
2720 2
2721 2
2722 2
2723 2
2724 2
2725 2
2726 2
2727 2
2728 2
2729 2
2730 2
2731 2
2732 2
2733 2
2734 2
2735 2
2736 2
2737 2
2738 2
2739 2
2740 2
2741 2
2742 2
2743 2
2744 3
2745 3
2746 3
2747 3
2748 3
2749 3
2750 3
2751 3
2752 3
2753 3
2754 3
2755 3
2756 3
2757 3
2758 3
2759 3
2760 3
2761 3
2762 3
2763 3
2764 3
2765 3
2766 3
2767 3
2768 3
2769 3
2770 3
2771 3
2772 3
2773 3
2774 3
2775 3
2776 3
2777 3
2778 3
2779 3
2780 3
2781 3
2782 3
2783 3
2784 3
2785 3
2786 3
2787 3
2788 3
2789 3
2790 4
2791 4
2792 4
2793 4
2794 4
2795 4
2796 4
2797 4
2798 4
2799 4
2800 4
2801 4
2802 4
2803 4
2804 4
2805 4
2806 4
2807 4
2808 4
2809 4
2810 4
2811 4
2812 4
2813 4
2814 4
2815 4
2816 4
2817 4
2818 4
2819 4
2820 5
2821 5
2822 5
2823 5
2824 5
2825 5
2826 5
2827 5
2828 5
2829 5
2830 5
2831 5
2832 5
2833 5
2834 5
2835 5
2836 5
2837 5
2838 5
2839 5
2840 5
2841 5
2842 5
2843 5
2844 5
2845 6
2846 6
2847 6
2848 6
2849 6
2850 6
2851 6
2852 6
2853 6
2854 6
2855 6
2856 6
2857 6
2858 6
2859 6
2860 6
2861 6
2862 6
2863 6
2864 6
2865 6
2866 6
2867 6
2868 6
2869 6
2870 6
2871 6
2872 6
2873 6
2874 6
2875 6
2876 6
2877 6
2878 6
2879 6
2880 6
2881 6
2882 6
2883 6
2884 6
2885 6
2886 7
2887 7
2888 7
2889 7
2890 7
2891 7
2892 7
2893 7
2894 7
2895 7
2896 7
2897 7
2898 7
2899 7
2900 7
2901 7
2902 7
2903 7
2904 7
2905 7
2906 7
2907 7
2908 7
2909 7
2910 7
2911 7
2912 7
2913 7
2914 7
2915 7
2916 7
2917 7
2918 7
2919 7
2920 7
2921 7
2922 7
2923 7
2924 7
2925 7
2926 8
2927 8
2928 8
2929 8
2930 8
2931 8
2932 8
2933 8
2934 8
2935 8
2936 8
2937 8
2938 8
2939 8
2940 8
2941 8
2942 8
2943 8
2944 8
2945 8
2946 8
2947 8
2948 8
2949 8
2950 8
2951 8
2952 8
2953 8
2954 8
2955 8
2956 8
2957 8
2958 9
2959 9
2960 9
2961 9
2962 9
2963 9
2964 9
2965 9
2966 9
2967 9
2968 9
2969 9
2970 9
2971 9
2972 9
2973 9
2974 9
2975 9
2976 9
2977 9
2978 9
2979 9
2980 9
2981 9
2982 9
2983 9
2984 9
2985 9
2986 9
2987 9
2988 9
2989 9
2990 9
2991 9
2992 9
2993 9
2994 9
2995 9
2996 9
2997 9
2998 9
2999 9
3000 9
3001 9
3002 9
3003 9
3004 9
3005 9
3006 9
3007 10
3008 10
3009 10
3010 10
3011 10
3012 10
3013 10
3014 10
3015 10
3016 10
3017 10
3018 10
3019 10
3020 10
3021 10
3022 10
3023 10
3024 10
3025 10
3026 10
3027 10
3028 10
3029 10
3030 10
3031 10
3032 10
3033 10
3034 10
3035 10
3036 10
3037 10
3038 10
3039 10
3040 11
3041 11
3042 11
3043 11
3044 11
3045 11
3046 11
3047 11
3048 11
3049 11
3050 11
3051 11
3052 11
3053 11
3054 11
3055 11
3056 11
3057 11
3058 11
3059 11
3060 11
3061 11
3062 11
3063 11
3064 11
3065 11
3066 11
3067 11
3068 12
3069 12
3070 12
3071 12
3072 12
3073 12
3074 12
3075 12
3076 12
3077 12
3078 12
3079 12
3080 12
3081 12
3082 12
3083 12
3084 12
3085 12
3086 12
3087 12
3088 12
3089 12
3090 12
3091 12
3092 12
3093 12
3094 12
3095 12
3096 12
3097 12
3098 12
3099 12
3100 12
3101 12
3102 12
3103 12
3104 12
3105 12
3106 12
3107 12
3108 12
3109 12
3110 12
3111 12
3112 12
3113 12
3114 12
3115 12
3116 13
3117 13
3118 13
3119 13
3120 13
3121 13
3122 13
3123 13
3124 13
3125 13
3126 13
3127 13
3128 13
3129 13
3130 13
3131 13
3132 13
3133 13
3134 13
3135 13
3136 13
3137 13
3138 13
3139 13
3140 13
3141 13
3142 13
3143 13
3144 13
3145 13
3146 13
3147 13
3148 13
3149 13
3150 13
3151 13
3152 14
3153 14
3154 14
3155 14
3156 14
3157 14
3158 14
3159 14
3160 14
3161 14
3162 14
3163 14
3164 14
3165 14
3166 14
3167 14
3168 14
3169 14
3170 14
3171 14
3172 14
3173 14
3174 14
3175 14
3176 14
3177 14
3178 14
3179 14
3180 14
3181 14
3182 14
3183 14
3184 14
3185 14
3186 14
3187 14
3188 14
3189 14
3190 14
3191 14
3192 14
3193 14
3194 14
3195 14
3196 14
3197 14
3198 14
3199 14
3200 14
3201 14
3202 14
3203 14
3204 14
3205 14
3206 14
3207 14
3208 14
3209 14
3210 14
3211 14
3212 14
3213 14
3214 14
3215 14
3216 14
3217 14
3218 14
3219 14
3220 14
3221 14
3222 14
3223 14
3224 14
3225 14
3226 14
3227 14
3228 14
3229 14
3230 14
3231 14
3232 14
3233 14
3234 14
3235 14
3236 14
3237 14
3238 14
3239 14
3240 14
3241 14
3242 14
3243 14
3244 14
3245 14
3246 14
3247 14
3248 14
3249 14
3250 14
3251 14
3252 14
3253 14
3254 14
3255 14
3256 14
3257 14
3258 14
3259 14
3260 14
3261 14
3262 14
3263 14
3264 14
3265 14
3266 14
3267 14
3268 14
3269 14
3270 14
3271 14
3272 14
3273 14
3274 14
3275 14
3276 14
3277 14
3278 14
3279 14
3280 14
3281 14
3282 14
3283 14
3284 13
3285 13
3286 13
3287 13
3288 13
3289 13
3290 13
3291 13
3292 13
3293 13
3294 13
3295 13
3296 13
3297 13
3298 13
3299 13
3300 13
3301 13
3302 13
3303 13
3304 13
3305 13
3306 13
3307 13
3308 13
3309 13
3310 13
3311 13
3312 13
3313 13
3314 13
3315 13
3316 13
3317 13
3318 13
3319 13
3320 13
3321 13
3322 13
3323 13
3324 13
3325 13
3326 13
3327 13
3328 13
3329 13
3330 13
3331 13
3332 13
3333 13
3334 13
3335 13
3336 13
3337 13
3338 13
3339 13
3340 13
3341 13
3342 13
3343 13
3344 13
3345 12
3346 12
3347 12
3348 12
3349 12
3350 12
3351 12
3352 12
3353 12
3354 12
3355 12
3356 12
3357 12
3358 12
3359 12
3360 12
3361 12
3362 12
3363 12
3364 12
3365 12
3366 12
3367 12
3368 12
3369 12
3370 12
3371 12
3372 12
3373 12
3374 12
3375 12
3376 12
3377 12
3378 11
3379 11
3380 11
3381 11
3382 11
3383 11
3384 11
3385 11
3386 11
3387 11
3388 11
3389 11
3390 11
3391 11
3392 11
3393 11
3394 11
3395 11
3396 11
3397 11
3398 11
3399 11
3400 11
3401 11
3402 11
3403 11
3404 11
3405 11
3406 11
3407 11
3408 11
3409 11
3410 11
3411 11
3412 11
3413 11
3414 11
3415 11
3416 11
3417 11
3418 11
3419 11
3420 11
3421 11
3422 11
3423 11
3424 10
3425 10
3426 10
3427 10
3428 10
3429 10
3430 10
3431 10
3432 10
3433 10
3434 10
3435 10
3436 10
3437 10
3438 10
3439 10
3440 10
3441 10
3442 10
3443 10
3444 10
3445 10
3446 10
3447 10
3448 10
3449 10
3450 10
3451 10
3452 10
3453 10
3454 10
3455 9
3456 9
3457 9
3458 9
3459 9
3460 9
3461 9
3462 9
3463 9
3464 9
3465 9
3466 9
3467 9
3468 9
3469 9
3470 9
3471 9
3472 9
3473 9
3474 9
3475 9
3476 9
3477 9
3478 9
3479 9
3480 9
3481 9
3482 8
3483 8
3484 8
3485 8
3486 8
3487 8
3488 8
3489 8
3490 8
3491 8
3492 8
3493 8
3494 8
3495 8
3496 8
3497 8
3498 8
3499 8
3500 8
3501 8
3502 8
3503 8
3504 8
3505 8
3506 8
3507 8
3508 8
3509 8
3510 8
3511 8
3512 8
3513 8
3514 8
3515 8
3516 8
3517 8
3518 8
3519 8
3520 8
3521 8
3522 7
3523 7
3524 7
3525 7
3526 7
3527 7
3528 7
3529 7
3530 7
3531 7
3532 7
3533 7
3534 7
3535 7
3536 7
3537 7
3538 7
3539 7
3540 7
3541 7
3542 7
3543 7
3544 7
3545 7
3546 7
3547 7
3548 7
3549 7
3550 7
3551 7
3552 6
3553 6
3554 6
3555 6
3556 6
3557 6
3558 6
3559 6
3560 6
3561 6
3562 6
3563 6
3564 6
3565 6
3566 6
3567 6
3568 6
3569 6
3570 6
3571 6
3572 6
3573 6
3574 6
3575 6
3576 6
3577 6
3578 6
3579 6
3580 6
3581 6
3582 6
3583 6
3584 6
3585 6
3586 6
3587 5
3588 5
3589 5
3590 5
3591 5
3592 5
3593 5
3594 5
3595 5
3596 5
3597 5
3598 5
3599 5
3600 5
3601 5
3602 5
3603 5
3604 5
3605 5
3606 5
3607 5
3608 5
3609 5
3610 5
3611 5
3612 5
3613 5
3614 5
3615 5
3616 5
3617 5
3618 5
3619 5
3620 5
3621 5
3622 5
3623 5
3624 5
3625 5
3626 5
3627 5
3628 5
3629 5
3630 5
3631 5
3632 5
3633 5
3634 5
3635 5
3636 5
3637 5
3638 5
3639 5
3640 5
3641 5
3642 5
3643 5
3644 5
3645 5
3646 5
3647 5
3648 5
3649 5
3650 5
3651 5
3652 5
3653 5
3654 5
3655 5
3656 5
3657 5
3658 5
3659 4
3660 4
3661 4
3662 4
3663 4
3664 4
3665 4
3666 4
3667 4
3668 4
3669 4
3670 4
3671 4
3672 4
3673 4
3674 4
3675 4
3676 4
3677 4
3678 4
3679 4
3680 4
3681 4
3682 4
3683 4
3684 4
3685 3
3686 3
3687 3
3688 3
3689 4
3690 4
3691 4
3692 4
3693 4
3694 4
3695 4
3696 4
3697 4
3698 4
3699 4
3700 4
3701 4
3702 4
3703 4
3704 4
3705 4
3706 4
3707 4
3708 4
3709 4
3710 4
3711 4
3712 4
3713 4
3714 4
3715 4
3716 4
3717 4
3718 4
3719 4
3720 4
3721 4
3722 4
3723 4
3724 4
3725 4
3726 4
3727 4
3728 4
3729 4
3730 4
3731 4
3732 4
3733 4
3734 4
3735 4
3736 4
3737 4
3738 4
3739 4
3740 4
3741 4
3742 4
3743 4
3744 4
3745 4
3746 4
3747 4
3748 4
3749 4
3750 4
3751 4
3752 4
3753 4
3754 4
3755 4
3756 4
3757 4
3758 4
3759 4
3760 4
3761 4
3762 4
3763 4
3764 4
3765 4
3766 4
3767 4
3768 4
3769 4
3770 4
3771 4
3772 4
3773 4
3774 4
3775 4
3776 4
3777 4
3778 4
3779 4
3780 4
3781 4
3782 4
3783 4
3784 4
3785 4
3786 4
3787 4
3788 4
3789 4
3790 4
3791 4
3792 4
3793 4
3794 4
3795 4
3796 4
3797 4
3798 4
3799 4
3800 4
3801 4
3802 4
3803 4
3804 4
3805 4
3806 4
3807 4
3808 4
3809 4
3810 4
3811 4
3812 4
3813 4
3814 4
3815 4
3816 4
3817 4
3818 4
3819 4
3820 4
3821 4
3822 4
3823 4
3824 4
3825 4
3826 4
3827 4
3828 4
3829 4
3830 4
3831 4
3832 4
3833 4
3834 4
3835 4
3836 4
3837 4
3838 4
3839 4
3840 4
3841 4
3842 4
3843 4
3844 4
3845 4
3846 4
3847 4
3848 4
3849 4
3850 4
3851 4
3852 4
3853 4
3854 4
3855 4
3856 4
3857 4
3858 4
3859 4
3860 4
3861 4
3862 4
3863 4
3864 4
3865 4
3866 4
3867 4
3868 4
3869 4
3870 4
3871 4
3872 4
3873 4
3874 4
3875 4
3876 4
3877 4
3878 4
3879 4
3880 4
3881 4
3882 4
3883 4
3884 4
3885 4
3886 4
3887 4
3888 4
3889 4
3890 4
3891 4
3892 4
3893 4
3894 4
3895 4
3896 4
3897 4
3898 4
3899 4
3900 4
3901 4
3902 4
3903 4
3904 4
3905 4
3906 4
3907 4
3908 4
3909 4
3910 4
3911 4
3912 4
3913 4
3914 4
3915 4
3916 4
3917 4
3918 4
3919 4
3920 4
3921 4
3922 4
3923 4
3924 4
3925 4
3926 4
3927 4
3928 4
3929 4
3930 4
3931 4
3932 4
3933 4
3934 4
3935 4
3936 4
3937 4
3938 4
3939 4
3940 4
3941 4
3942 4
3943 4
3944 4
3945 4
3946 4
3947 4
3948 4
3949 4
3950 4
3951 4
3952 4
3953 4
3954 4
3955 4
3956 4
3957 4
3958 4
3959 4
3960 4
3961 4
3962 4
3963 4
3964 4
3965 4
3966 4
3967 4
3968 4
3969 4
3970 4
3971 4
3972 4
3973 4
3974 4
3975 4
3976 4
3977 4
3978 4
3979 4
3980 4
3981 4
3982 4
3983 4
3984 4
3985 4
3986 4
3987 4
3988 4
3989 4
3990 4
3991 4
3992 4
3993 4
3994 4
3995 4
3996 4
3997 4
3998 4
3999 4
4000 4
4001 4
4002 4
4003 4
4004 4
4005 4
4006 4
4007 4
4008 4
4009 4
4010 4
4011 4
4012 4
4013 4
4014 4
4015 4
4016 4
4017 4
4018 4
4019 4
4020 4
4021 4
4022 4
4023 4
4024 4
4025 4
4026 4
4027 4
4028 4
4029 4
4030 4
4031 4
4032 4
4033 4
4034 4
4035 4
4036 4
4037 4
4038 4
4039 4
4040 4
4041 4
4042 4
4043 4
4044 4
4045 4
4046 4
4047 4
4048 4
4049 4
4050 4
4051 4
4052 4
4053 4
4054 4
4055 4
4056 4
4057 4
4058 4
4059 4
4060 5
4061 5
4062 5
4063 5
4064 5
4065 5
4066 5
4067 5
4068 5
4069 5
4070 5
4071 5
4072 5
4073 5
4074 5
4075 5
4076 5
4077 5
4078 5
4079 5
4080 5
4081 5
4082 5
4083 5
4084 5
4085 5
4086 5
4087 5
4088 5
4089 5
4090 5
4091 5
4092 5
4093 5
4094 5
4095 5
4096 5
4097 5
4098 5
4099 5
4100 5
4101 5
4102 5
4103 6
4104 6
4105 6
4106 6
4107 6
4108 6
4109 6
4110 6
4111 6
4112 6
4113 6
4114 6
4115 6
4116 6
4117 6
4118 6
4119 6
4120 6
4121 6
4122 6
4123 6
4124 6
4125 6
4126 6
4127 6
4128 6
4129 6
4130 6
4131 7
4132 7
4133 7
4134 7
4135 7
4136 7
4137 7
4138 7
4139 7
4140 7
4141 7
4142 7
4143 7
4144 7
4145 7
4146 7
4147 7
4148 7
4149 7
4150 7
4151 7
4152 7
4153 7
4154 7
4155 7
4156 7
4157 7
4158 7
4159 7
4160 7
4161 8
4162 8
4163 8
4164 8
4165 8
4166 8
4167 8
4168 8
4169 8
4170 8
4171 8
4172 8
4173 8
4174 8
4175 8
4176 8
4177 8
4178 8
4179 8
4180 8
4181 8
4182 8
4183 8
4184 8
4185 8
4186 8
4187 9
4188 9
4189 9
4190 9
4191 9
4192 9
4193 9
4194 9
4195 9
4196 9
4197 9
4198 9
4199 9
4200 9
4201 9
4202 9
4203 9
4204 9
4205 9
4206 9
4207 9
4208 9
4209 9
4210 9
4211 9
4212 9
4213 9
4214 9
4215 9
4216 9
4217 9
4218 9
4219 9
4220 9
4221 9
4222 9
4223 10
4224 10
4225 10
4226 10
4227 10
4228 10
4229 10
4230 10
4231 10
4232 10
4233 10
4234 10
4235 10
4236 10
4237 10
4238 10
4239 10
4240 10
4241 10
4242 10
4243 10
4244 10
4245 10
4246 10
4247 10
4248 10
4249 10
4250 10
4251 10
4252 10
4253 10
4254 10
4255 10
4256 10
4257 10
4258 11
4259 11
4260 11
4261 11
4262 11
4263 11
4264 11
4265 11
4266 11
4267 11
4268 11
4269 11
4270 11
4271 11
4272 11
4273 11
4274 11
4275 11
4276 11
4277 11
4278 11
4279 11
4280 11
4281 11
4282 11
4283 11
4284 11
4285 11
4286 11
4287 11
4288 11
4289 11
4290 11
4291 11
4292 11
4293 11
4294 11
4295 11
4296 11
4297 12
4298 12
4299 12
4300 12
4301 12
4302 12
4303 12
4304 12
4305 12
4306 12
4307 12
4308 12
4309 12
4310 12
4311 12
4312 12
4313 12
4314 12
4315 12
4316 12
4317 12
4318 12
4319 12
4320 12
4321 12
4322 12
4323 12
4324 12
4325 12
4326 12
4327 12
4328 12
4329 12
4330 12
4331 12
4332 12
4333 12
4334 12
4335 12
4336 12
4337 12
4338 12
4339 12
4340 12
4341 12
4342 12
4343 12
4344 12
4345 12
4346 12
4347 12
4348 12
4349 12
4350 13
4351 13
4352 13
4353 13
4354 13
4355 13
4356 13
4357 13
4358 13
4359 13
4360 13
4361 13
4362 13
4363 13
4364 13
4365 13
4366 13
4367 13
4368 13
4369 13
4370 13
4371 13
4372 13
4373 13
4374 13
4375 13
4376 13
4377 13
4378 13
4379 13
4380 13
4381 13
4382 13
4383 13
4384 13
4385 13
4386 13
4387 13
4388 13
4389 13
4390 13
4391 13
4392 13
4393 13
4394 13
4395 13
4396 13
4397 13
4398 13
4399 13
4400 13
4401 13
4402 13
4403 13
4404 13
4405 13
4406 13
4407 13
4408 13
4409 13
4410 13
4411 13
4412 13
4413 13
4414 13
4415 13
4416 13
4417 13
4418 13
4419 13
4420 13
4421 13
4422 13
4423 13
4424 13
4425 13
4426 13
4427 13
4428 13
4429 13
4430 13
4431 13
4432 13
4433 13
4434 13
4435 13
4436 13
4437 13
4438 13
4439 13
4440 13
4441 13
4442 13
4443 13
4444 13
4445 13
4446 13
4447 13
4448 13
4449 13
4450 13
4451 13
4452 13
4453 13
4454 13
4455 13
4456 13
4457 13
4458 13
4459 13
4460 13
4461 13
4462 13
4463 13
4464 12
4465 12
4466 12
4467 12
4468 12
4469 12
4470 12
4471 12
4472 12
4473 12
4474 12
4475 12
4476 12
4477 12
4478 12
4479 12
4480 12
4481 12
4482 12
4483 12
4484 12
4485 12
4486 12
4487 12
4488 12
4489 12
4490 12
4491 12
4492 12
4493 12
4494 12
4495 12
4496 12
4497 12
4498 12
4499 12
4500 12
4501 12
4502 12
4503 12
4504 12
4505 11
4506 11
4507 11
4508 11
4509 11
4510 11
4511 11
4512 11
4513 11
4514 11
4515 11
4516 11
4517 11
4518 11
4519 11
4520 11
4521 11
4522 11
4523 11
4524 11
4525 11
4526 11
4527 11
4528 11
4529 11
4530 11
4531 10
4532 10
4533 10
4534 10
4535 10
4536 10
4537 10
4538 10
4539 10
4540 10
4541 10
4542 10
4543 10
4544 10
4545 10
4546 10
4547 10
4548 10
4549 9
4550 9
4551 9
4552 9
4553 9
4554 9
4555 9
4556 9
4557 9
4558 9
4559 9
4560 9
4561 9
4562 9
4563 9
4564 8
4565 8
4566 8
4567 8
4568 8
4569 8
4570 8
4571 8
4572 8
4573 8
4574 8
4575 8
4576 8
4577 8
4578 8
4579 8
4580 7
4581 7
4582 7
4583 7
4584 7
4585 7
4586 7
4587 7
4588 7
4589 7
4590 7
4591 7
4592 7
4593 7
4594 7
4595 7
4596 7
4597 7
4598 7
4599 7
4600 7
4601 6
4602 6
4603 6
4604 6
4605 6
4606 6
4607 6
4608 6
4609 6
4610 6
4611 6
4612 6
4613 6
4614 6
4615 6
4616 6
4617 5
4618 5
4619 5
4620 5
4621 5
4622 5
4623 5
4624 5
4625 5
4626 5
4627 5
4628 5
4629 5
4630 5
4631 5
4632 5
4633 5
4634 5
4635 5
4636 5
4637 5
4638 5
4639 5
4640 5
4641 5
4642 5
4643 5
4644 5
4645 5
4646 5
4647 5
4648 5
4649 5
4650 5
4651 5
4652 5
4653 5
4654 4
4655 4
4656 4
4657 4
4658 4
4659 4
4660 4
4661 4
4662 4
4663 4
4664 4
4665 4
4666 4
4667 4
4668 4
4669 4
4670 4
4671 4
4672 4
4673 4
4674 4
4675 4
4676 4
4677 4
4678 4
4679 4
4680 4
4681 4
4682 4
4683 4
4684 4
4685 4
4686 4
4687 4
4688 4
4689 4
4690 4
4691 4
4692 4
4693 4
4694 4
4695 4
4696 4
4697 4
4698 4
4699 4
4700 4
4701 4
4702 4
4703 4
4704 4
4705 4
4706 4
4707 4
4708 3
4709 3
4710 3
4711 3
4712 3
4713 3
4714 3
4715 3
4716 3
4717 3
4718 3
4719 3
4720 3
4721 3
4722 3
4723 3
4724 3
4725 3
4726 3
4727 3
4728 3
4729 3
4730 3
4731 3
4732 3
4733 3
4734 3
4735 3
4736 3
4737 3
4738 3
4739 3
4740 3
4741 3
4742 3
4743 3
4744 3
4745 3
4746 3
4747 3
4748 3
4749 3
4750 3
4751 3
4752 3
4753 3
4754 3
4755 3
4756 3
4757 3
4758 3
4759 3
4760 3
4761 3
4762 2
4763 2
4764 2
4765 2
4766 3
4767 3
4768 3
4769 3
4770 3
4771 3
4772 3
4773 3
4774 3
4775 3
4776 3
4777 3
4778 3
4779 3
4780 3
4781 3
4782 3
4783 3
4784 3
4785 3
4786 3
4787 3
4788 3
4789 3
4790 3
4791 3
4792 3
4793 3
4794 3
4795 3
4796 3
4797 3
4798 3
4799 3
4800 3
4801 3
4802 3
4803 3
4804 3
4805 3
4806 3
4807 3
4808 3
4809 3
4810 3
4811 3
4812 3
4813 3
4814 3
4815 3
4816 3
4817 3
4818 3
4819 3
4820 3
4821 3
4822 3
4823 3
4824 3
4825 3
4826 3
4827 3
4828 3
4829 3
4830 3
4831 3
4832 4
4833 4
4834 4
4835 4
4836 4
4837 4
4838 4
4839 4
4840 4
4841 4
4842 4
4843 4
4844 4
4845 4
4846 4
4847 4
4848 4
4849 4
4850 4
4851 4
4852 4
4853 4
4854 4
4855 4
4856 4
4857 4
4858 4
4859 4
4860 4
4861 4
4862 4
4863 4
4864 4
4865 4
4866 4
4867 4
4868 4
4869 5
4870 5
4871 5
4872 5
4873 5
4874 5
4875 5
4876 5
4877 5
4878 5
4879 5
4880 5
4881 5
4882 5
4883 5
4884 5
4885 5
4886 5
4887 5
4888 5
4889 5
4890 5
4891 5
4892 5
4893 5
4894 5
4895 5
4896 5
4897 5
4898 5
4899 5
4900 5
4901 5
4902 6
4903 6
4904 6
4905 6
4906 6
4907 6
4908 6
4909 6
4910 6
4911 6
4912 6
4913 6
4914 6
4915 6
4916 6
4917 6
4918 6
4919 6
4920 6
4921 6
4922 6
4923 6
4924 6
4925 6
4926 6
4927 6
4928 6
4929 6
4930 6
4931 6
4932 6
4933 6
4934 6
4935 6
4936 6
4937 6
4938 7
4939 7
4940 7
4941 7
4942 7
4943 7
4944 7
4945 7
4946 7
4947 7
4948 7
4949 7
4950 7
4951 7
4952 7
4953 7
4954 7
4955 7
4956 7
4957 7
4958 7
4959 7
4960 7
4961 7
4962 7
4963 7
4964 7
4965 7
4966 7
4967 7
4968 7
4969 7
4970 7
4971 7
4972 8
4973 8
4974 8
4975 8
4976 8
4977 8
4978 8
4979 8
4980 8
4981 8
4982 8
4983 8
4984 8
4985 8
4986 8
4987 8
4988 8
4989 8
4990 8
4991 8
4992 8
4993 8
4994 8
4995 8
4996 8
4997 8
4998 8
4999 8
5000 8
5001 9
5002 9
5003 9
5004 9
5005 9
5006 9
5007 9
5008 9
5009 9
5010 9
5011 9
5012 9
5013 9
5014 9
5015 9
5016 9
5017 9
5018 9
5019 9
5020 9
5021 9
5022 9
5023 9
5024 9
5025 9
5026 9
5027 9
5028 9
5029 9
5030 9
5031 9
5032 9
5033 9
5034 9
5035 9
5036 9
5037 9
5038 9
5039 9
5040 9
5041 9
5042 9
5043 10
5044 10
5045 10
5046 10
5047 10
5048 10
5049 10
5050 10
5051 10
5052 10
5053 10
5054 10
5055 10
5056 10
5057 10
5058 10
5059 10
5060 10
5061 10
5062 10
5063 10
5064 10
5065 10
5066 10
5067 10
5068 10
5069 10
5070 10
5071 10
5072 10
5073 10
5074 10
5075 10
5076 10
5077 10
5078 10
5079 10
5080 10
5081 10
5082 10
5083 10
5084 10
5085 10
5086 10
5087 10
5088 10
5089 10
5090 10
5091 10
5092 10
5093 10
5094 10
5095 10
5096 10
5097 10
5098 11
5099 11
5100 11
5101 11
5102 11
5103 11
5104 11
5105 11
5106 11
5107 11
5108 11
5109 11
5110 11
5111 11
5112 11
5113 11
5114 11
5115 11
5116 11
5117 11
5118 11
5119 11
5120 11
5121 11
5122 11
5123 11
5124 11
5125 11
5126 11
5127 11
5128 11
5129 11
5130 11
5131 11
5132 11
5133 11
5134 11
5135 11
5136 11
5137 11
5138 11
5139 11
5140 11
5141 11
5142 11
5143 11
5144 11
5145 11
5146 11
5147 11
5148 11
5149 11
5150 11
5151 11
5152 11
5153 11
5154 11
5155 11
5156 11
5157 11
5158 11
5159 11
5160 11
5161 11
5162 11
5163 12
5164 12
5165 12
5166 12
5167 12
5168 12
5169 12
5170 12
5171 12
5172 12
5173 12
5174 12
5175 12
5176 12
5177 12
5178 12
5179 12
5180 12
5181 12
5182 12
5183 12
5184 12
5185 12
5186 12
5187 12
5188 12
5189 12
5190 12
5191 12
5192 12
5193 12
5194 12
5195 12
5196 12
5197 12
5198 12
5199 12
5200 12
5201 12
5202 12
5203 12
5204 12
5205 12
5206 12
5207 12
5208 12
5209 12
5210 12
5211 12
5212 12
5213 12
5214 13
5215 13
5216 13
5217 13
5218 13
5219 13
5220 13
5221 13
5222 13
5223 13
5224 13
5225 13
5226 13
5227 13
5228 13
5229 13
5230 13
5231 13
5232 13
5233 13
5234 13
5235 13
5236 13
5237 13
5238 13
5239 13
5240 13
5241 13
5242 13
5243 13
5244 13
5245 13
5246 13
5247 13
5248 13
5249 13
5250 13
5251 13
5252 13
5253 13
5254 13
5255 13
5256 13
5257 13
5258 13
5259 13
5260 13
5261 13
5262 13
5263 13
5264 13
5265 13
5266 13
5267 13
5268 13
5269 14
5270 14
5271 14
5272 14
5273 14
5274 14
5275 14
5276 14
5277 14
5278 14
5279 14
5280 14
5281 14
5282 14
5283 14
5284 14
5285 14
5286 14
5287 14
5288 14
5289 14
5290 14
5291 14
5292 14
5293 14
5294 14
5295 14
5296 14
5297 14
5298 14
5299 14
5300 14
5301 14
5302 14
5303 14
5304 14
5305 14
5306 14
5307 14
5308 14
5309 14
5310 14
5311 14
5312 14
5313 14
5314 14
5315 14
5316 14
5317 14
5318 14
5319 14
5320 14
5321 14
5322 14
5323 14
5324 14
5325 14
5326 14
5327 14
5328 14
5329 14
5330 14
5331 14
5332 14
5333 14
5334 14
5335 14
5336 14
5337 14
5338 14
5339 14
5340 14
5341 14
5342 14
5343 14
5344 14
5345 14
5346 14
5347 14
5348 14
5349 14
5350 14
5351 14
5352 14
5353 14
5354 14
5355 14
5356 14
5357 14
5358 14
5359 14
5360 14
5361 14
5362 14
5363 13
5364 13
5365 13
5366 13
5367 13
5368 13
5369 13
5370 13
5371 13
5372 13
5373 13
5374 13
5375 13
5376 13
5377 13
5378 13
5379 13
5380 13
5381 13
5382 13
5383 13
5384 13
5385 13
5386 13
5387 13
5388 13
5389 13
5390 13
5391 13
5392 13
5393 13
5394 13
5395 13
5396 13
5397 13
5398 13
5399 13
5400 13
5401 13
5402 13
5403 13
5404 13
5405 13
5406 13
5407 13
5408 13
5409 13
5410 13
5411 13
5412 13
5413 13
5414 13
5415 13
5416 13
5417 12
5418 12
5419 12
5420 12
5421 12
5422 12
5423 12
5424 12
5425 12
5426 12
5427 12
5428 12
5429 12
5430 12
5431 12
5432 12
5433 12
5434 12
5435 12
5436 12
5437 12
5438 12
5439 12
5440 12
5441 12
5442 12
5443 12
5444 12
5445 12
5446 12
5447 12
5448 11
5449 11
5450 11
5451 11
5452 11
5453 11
5454 11
5455 11
5456 11
5457 11
5458 11
5459 11
5460 11
5461 11
5462 11
5463 11
5464 11
5465 11
5466 11
5467 11
5468 11
5469 11
5470 11
5471 11
5472 11
5473 11
5474 10
5475 10
5476 10
5477 10
5478 10
5479 10
5480 10
5481 10
5482 10
5483 10
5484 10
5485 10
5486 10
5487 10
5488 10
5489 10
5490 10
5491 10
5492 10
5493 10
5494 10
5495 10
5496 10
5497 9
5498 9
5499 9
5500 9
5501 9
5502 9
5503 9
5504 9
5505 9
5506 9
5507 9
5508 9
5509 9
5510 9
5511 9
5512 9
5513 9
5514 9
5515 9
5516 9
5517 9
5518 8
5519 8
5520 8
5521 8
5522 8
5523 8
5524 8
5525 8
5526 8
5527 8
5528 8
5529 8
5530 8
5531 8
5532 8
5533 8
5534 8
5535 8
5536 8
5537 8
5538 8
5539 8
5540 8
5541 8
5542 8
5543 8
5544 8
5545 8
5546 8
5547 8
5548 8
5549 8
5550 7
5551 7
5552 7
5553 7
5554 7
5555 7
5556 7
5557 7
5558 7
5559 7
5560 7
5561 7
5562 7
5563 7
5564 7
5565 7
5566 7
5567 7
5568 7
5569 7
5570 7
5571 7
5572 7
5573 7
5574 7
5575 7
5576 7
5577 7
5578 7
5579 6
5580 6
5581 6
5582 6
5583 6
5584 6
5585 6
5586 6
5587 6
5588 6
5589 6
5590 6
5591 6
5592 6
5593 6
5594 6
5595 6
5596 6
5597 5
5598 5
5599 5
5600 5
5601 5
5602 5
5603 5
5604 5
5605 6
5606 6
5607 6
5608 6
5609 6
5610 5
5611 5
5612 5
5613 5
5614 5
5615 5
5616 5
5617 5
5618 5
5619 5
5620 5
5621 5
5622 5
5623 5
5624 5
5625 5
5626 5
5627 5
5628 5
5629 5
5630 5
5631 5
5632 5
5633 5
5634 5
5635 5
5636 5
5637 5
5638 4
5639 4
5640 4
5641 4
5642 4
5643 4
5644 4
5645 4
5646 4
5647 4
5648 4
5649 4
5650 4
5651 4
5652 4
5653 4
5654 4
5655 4
5656 4
5657 4
5658 4
5659 4
5660 4
5661 4
5662 4
5663 4
5664 4
5665 4
5666 4
5667 4
5668 4
5669 4
5670 4
5671 4
5672 4
5673 4
5674 4
5675 4
5676 4
5677 3
5678 3
5679 3
5680 3
5681 3
5682 3
5683 3
5684 3
5685 3
5686 3
5687 4
5688 3
5689 3
5690 3
5691 3
5692 3
5693 3
5694 3
5695 3
5696 3
5697 3
5698 3
5699 3
5700 3
5701 3
5702 3
5703 3
5704 3
5705 3
5706 3
5707 3
5708 3
5709 4
5710 4
5711 4
5712 4
5713 4
5714 4
5715 4
5716 4
5717 4
5718 4
5719 4
5720 4
5721 4
5722 4
5723 4
5724 4
5725 4
5726 4
5727 4
5728 4
5729 4
5730 4
5731 4
5732 4
5733 4
5734 4
5735 4
5736 4
5737 4
5738 4
5739 4
5740 4
5741 4
5742 4
5743 4
5744 4
5745 4
5746 4
5747 4
5748 4
5749 4
5750 4
5751 4
5752 4
5753 4
5754 4
5755 4
5756 4
5757 4
5758 4
5759 4
5760 4
5761 5
5762 5
5763 5
5764 5
5765 5
5766 5
5767 5
5768 5
5769 5
5770 5
5771 5
5772 5
5773 5
5774 5
5775 5
5776 5
5777 5
5778 5
5779 5
5780 5
5781 5
5782 5
5783 5
5784 5
5785 5
5786 5
5787 5
5788 5
5789 5
5790 5
5791 6
5792 6
5793 6
5794 6
5795 6
5796 6
5797 6
5798 6
5799 6
5800 6
5801 6
5802 6
5803 6
5804 6
5805 6
5806 6
5807 6
5808 6
5809 6
5810 6
5811 6
5812 6
5813 6
5814 6
5815 6
5816 6
5817 6
5818 6
5819 6
5820 6
5821 6
5822 6
5823 6
5824 6
5825 6
5826 6
5827 6
5828 6
5829 6
5830 6
5831 6
5832 6
5833 6
5834 6
5835 6
5836 6
5837 6
5838 6
5839 6
5840 6
5841 6
5842 7
5843 7
5844 7
5845 7
5846 7
5847 7
5848 7
5849 7
5850 7
5851 7
5852 7
5853 7
5854 7
5855 7
5856 7
5857 7
5858 7
5859 7
5860 7
5861 7
5862 7
5863 7
5864 7
5865 7
5866 7
5867 7
5868 7
5869 7
5870 7
5871 7
5872 7
5873 8
5874 8
5875 8
5876 8
5877 8
5878 8
5879 8
5880 8
5881 8
5882 8
5883 8
5884 8
5885 8
5886 8
5887 8
5888 8
5889 8
5890 8
5891 8
5892 8
5893 8
5894 8
5895 8
5896 8
5897 8
5898 8
5899 8
5900 8
5901 8
5902 8
5903 8
5904 8
5905 8
5906 8
5907 8
5908 8
5909 8
5910 8
5911 9
5912 9
5913 9
5914 9
5915 9
5916 9
5917 9
5918 9
5919 9
5920 9
5921 9
5922 9
5923 9
5924 9
5925 9
5926 9
5927 9
5928 9
5929 9
5930 9
5931 9
5932 9
5933 9
5934 9
5935 9
5936 9
5937 9
5938 9
5939 9
5940 9
5941 9
5942 9
5943 9
5944 10
5945 10
5946 10
5947 10
5948 10
5949 10
5950 10
5951 10
5952 10
5953 10
5954 10
5955 10
5956 10
5957 10
5958 10
5959 10
5960 10
5961 10
5962 10
5963 10
5964 10
5965 10
5966 10
5967 10
5968 10
5969 10
5970 10
5971 10
5972 10
5973 10
5974 10
5975 10
5976 10
5977 10
5978 10
5979 10
5980 10
5981 10
5982 10
5983 10
5984 10
5985 10
5986 10
5987 10
5988 10
5989 10
5990 10
5991 10
5992 11
5993 11
5994 11
5995 11
5996 11
5997 11
5998 11
5999 11
6000 11
6001 11
6002 11
6003 11
6004 11
6005 11
6006 11
6007 11
6008 11
6009 11
6010 11
6011 11
6012 11
6013 11
6014 11
6015 11
6016 11
6017 11
6018 11
6019 11
6020 11
6021 11
6022 11
6023 11
6024 11
6025 11
6026 11
6027 11
6028 11
6029 11
6030 11
6031 11
6032 12
6033 12
6034 12
6035 12
6036 12
6037 12
6038 12
6039 12
6040 12
6041 12
6042 12
6043 12
6044 12
6045 12
6046 11
6047 11
6048 11
6049 11
6050 12
6051 12
6052 12
6053 12
6054 12
6055 12
6056 12
6057 12
6058 12
6059 12
6060 12
6061 12
6062 12
6063 12
6064 12
6065 12
6066 12
6067 12
6068 12
6069 12
6070 12
6071 12
6072 12
6073 12
6074 12
6075 12
6076 12
6077 12
6078 12
6079 12
6080 12
6081 12
6082 12
6083 12
6084 12
6085 12
6086 12
6087 12
6088 12
6089 12
6090 12
6091 12
6092 12
6093 12
6094 12
6095 12
6096 12
6097 12
6098 12
6099 12
6100 12
6101 12
6102 12
6103 12
6104 12
6105 12
6106 12
6107 12
6108 12
6109 12
6110 12
6111 12
6112 12
6113 12
6114 12
6115 12
6116 12
6117 12
6118 12
6119 12
6120 12
6121 12
6122 12
6123 12
6124 12
6125 12
6126 12
6127 12
6128 12
6129 12
6130 12
6131 12
6132 12
6133 12
6134 12
6135 12
6136 12
6137 12
6138 12
6139 12
6140 12
6141 12
6142 12
6143 12
6144 12
6145 12
6146 12
6147 12
6148 12
6149 12
6150 12
6151 12
6152 12
6153 12
6154 12
6155 12
6156 12
6157 12
6158 12
6159 12
6160 12
6161 12
6162 12
6163 12
6164 12
6165 12
6166 12
6167 12
6168 12
6169 12
6170 12
6171 12
6172 12
6173 12
6174 12
6175 12
6176 12
6177 12
6178 12
6179 11
6180 11
6181 11
6182 11
6183 11
6184 11
6185 11
6186 11
6187 11
6188 11
6189 11
6190 11
6191 11
6192 11
6193 11
6194 11
6195 11
6196 11
6197 11
6198 11
6199 11
6200 11
6201 11
6202 11
6203 11
6204 11
6205 10
6206 10
6207 10
6208 10
6209 10
6210 10
6211 10
6212 10
6213 10
6214 10
6215 10
6216 10
6217 10
6218 10
6219 10
6220 10
6221 10
6222 10
6223 10
6224 10
6225 10
6226 10
6227 10
6228 10
6229 10
6230 10
6231 10
6232 10
6233 10
6234 10
6235 10
6236 10
6237 10
6238 10
6239 10
6240 10
6241 10
6242 9
6243 9
6244 9
6245 9
6246 9
6247 9
6248 9
6249 9
6250 9
6251 9
6252 9
6253 9
6254 9
6255 9
6256 9
6257 9
6258 9
6259 9
6260 9
6261 9
6262 8
6263 8
6264 8
6265 8
6266 8
6267 8
6268 8
6269 8
6270 8
6271 8
6272 8
6273 8
6274 8
6275 8
6276 8
6277 8
6278 8
6279 8
6280 8
6281 8
6282 8
6283 8
6284 8
6285 8
6286 8
6287 8
6288 7
6289 7
6290 7
6291 7
6292 7
6293 7
6294 7
6295 7
6296 7
6297 7
6298 7
6299 7
6300 7
6301 7
6302 7
6303 7
6304 7
6305 7
6306 7
6307 7
6308 7
6309 7
6310 7
6311 7
6312 7
6313 7
6314 6
6315 6
6316 6
6317 6
6318 6
6319 6
6320 6
6321 6
6322 6
6323 6
6324 6
6325 6
6326 6
6327 6
6328 6
6329 6
6330 6
6331 6
6332 6
6333 6
6334 6
6335 6
6336 6
6337 6
6338 6
6339 6
6340 6
6341 6
6342 6
6343 6
6344 6
6345 6
6346 5
6347 5
6348 5
6349 5
6350 5
6351 5
6352 5
6353 5
6354 5
6355 5
6356 5
6357 5
6358 5
6359 5
6360 5
6361 5
6362 5
6363 5
6364 5
6365 5
6366 5
6367 5
6368 5
6369 5
6370 5
6371 5
6372 5
6373 5
6374 5
6375 5
6376 5
6377 5
6378 5
6379 5
6380 5
6381 5
6382 5
6383 5
6384 5
6385 5
6386 5
6387 5
6388 5
6389 4
6390 4
6391 4
6392 4
6393 4
6394 4
6395 4
6396 4
6397 4
6398 4
6399 4
6400 4
6401 4
6402 4
6403 4
6404 4
6405 4
6406 4
6407 4
6408 4
6409 4
6410 4
6411 4
6412 4
6413 4
6414 4
6415 4
6416 4
6417 4
6418 4
6419 4
6420 4
6421 4
6422 4
6423 4
6424 4
6425 4
6426 4
6427 4
6428 4
6429 4
6430 4
6431 3
6432 3
6433 3
6434 3
6435 3
6436 3
6437 3
6438 3
6439 4
6440 4
6441 4
6442 4
6443 4
6444 4
6445 4
6446 4
6447 4
6448 4
6449 4
6450 4
6451 4
6452 4
6453 4
6454 4
6455 4
6456 3
6457 3
6458 3
6459 3
6460 3
6461 3
6462 3
6463 3
6464 3
6465 3
6466 3
6467 3
6468 3
6469 3
6470 3
6471 4
6472 4
6473 4
6474 4
6475 4
6476 4
6477 4
6478 4
6479 3
6480 3
6481 3
6482 3
6483 3
6484 3
6485 3
6486 3
6487 3
6488 3
6489 3
6490 3
6491 3
6492 3
6493 3
6494 4
6495 4
6496 4
6497 4
6498 4
6499 4
6500 4
6501 4
6502 4
6503 4
6504 4
6505 4
6506 4
6507 4
6508 4
6509 4
6510 4
6511 4
6512 4
6513 4
6514 4
6515 4
6516 4
6517 4
6518 4
6519 4
6520 4
6521 4
6522 4
6523 4
6524 4
6525 4
6526 4
6527 4
6528 4
6529 4
6530 4
6531 4
6532 4
6533 4
6534 4
6535 4
6536 4
6537 4
6538 4
6539 4
6540 4
6541 4
6542 4
6543 4
6544 4
6545 4
6546 4
6547 4
6548 4
6549 4
6550 4
6551 5
6552 5
6553 5
6554 5
6555 5
6556 5
6557 5
6558 5
6559 5
6560 5
6561 5
6562 5
6563 5
6564 5
6565 5
6566 5
6567 5
6568 5
6569 5
6570 5
6571 5
6572 5
6573 5
6574 5
6575 5
6576 6
6577 6
6578 6
6579 6
6580 6
6581 6
6582 6
6583 6
6584 6
6585 6
6586 6
6587 6
6588 6
6589 6
6590 6
6591 6
6592 6
6593 6
6594 6
6595 6
6596 6
6597 6
6598 6
6599 6
6600 6
6601 6
6602 6
6603 6
6604 6
6605 6
6606 6
6607 6
6608 6
6609 6
6610 6
6611 6
6612 6
6613 7
6614 7
6615 7
6616 7
6617 7
6618 7
6619 7
6620 7
6621 7
6622 7
6623 7
6624 7
6625 7
6626 7
6627 7
6628 7
6629 7
6630 7
6631 7
6632 7
6633 7
6634 7
6635 7
6636 7
6637 7
6638 7
6639 8
6640 8
6641 8
6642 8
6643 8
6644 8
6645 8
6646 8
6647 8
6648 8
6649 8
6650 8
6651 8
6652 8
6653 8
6654 8
6655 8
6656 8
6657 8
6658 8
6659 9
6660 9
6661 9
6662 9
6663 9
6664 9
6665 9
6666 9
6667 9
6668 9
6669 9
6670 9
6671 9
6672 9
6673 9
6674 9
6675 9
6676 9
6677 9
6678 9
6679 9
6680 9
6681 9
6682 9
6683 9
6684 10
6685 10
6686 10
6687 10
6688 10
6689 10
6690 10
6691 10
6692 10
6693 10
6694 10
6695 10
6696 10
6697 10
6698 10
6699 10
6700 10
6701 10
6702 10
6703 10
6704 10
6705 10
6706 10
6707 10
6708 10
6709 10
6710 11
6711 11
6712 11
6713 11
6714 11
6715 11
6716 11
6717 11
6718 11
6719 11
6720 11
6721 11
6722 11
6723 11
6724 11
6725 11
6726 11
6727 11
6728 11
6729 11
6730 11
6731 11
6732 11
6733 11
6734 11
6735 11
6736 11
6737 11
6738 11
6739 11
6740 11
6741 11
6742 11
6743 11
6744 11
6745 11
6746 11
6747 11
6748 11
6749 11
6750 11
6751 11
6752 11
6753 11
6754 11
6755 11
6756 11
6757 11
6758 11
6759 11
6760 11
6761 11
6762 11
6763 11
6764 11
6765 11
6766 11
6767 11
6768 11
6769 11
6770 11
6771 11
6772 11
6773 11
6774 11
6775 11
6776 11
6777 11
6778 11
6779 11
6780 11
6781 11
6782 11
6783 11
6784 11
6785 11
6786 11
6787 11
6788 11
6789 11
6790 11
6791 11
6792 11
6793 11
6794 11
6795 11
6796 11
6797 11
6798 11
6799 11
6800 11
6801 11
6802 11
6803 11
6804 11
6805 11
6806 11
6807 11
6808 11
6809 11
6810 11
6811 12
6812 12
6813 12
6814 12
6815 12
6816 12
6817 12
6818 12
6819 12
6820 12
6821 12
6822 12
6823 12
6824 12
6825 12
6826 12
6827 12
6828 12
6829 12
6830 12
6831 12
6832 12
6833 12
6834 12
6835 12
6836 12
6837 12
6838 12
6839 12
6840 12
6841 12
6842 12
6843 12
6844 12
6845 12
6846 12
6847 12
6848 12
6849 12
6850 12
6851 12
6852 12
6853 12
6854 12
6855 12
6856 12
6857 12
6858 12
6859 12
6860 12
6861 12
6862 12
6863 12
6864 12
6865 12
6866 12
6867 12
6868 12
6869 12
6870 12
6871 12
6872 12
6873 12
6874 12
6875 12
6876 12
6877 12
6878 12
6879 12
6880 12
6881 12
6882 12
6883 12
6884 12
6885 12
6886 12
6887 12
6888 12
6889 12
6890 12
6891 12
6892 12
6893 12
6894 12
6895 12
6896 12
6897 12
6898 12
6899 12
6900 12
6901 12
6902 12
6903 12
6904 12
6905 12
6906 12
6907 12
6908 12
6909 12
6910 11
6911 11
6912 11
6913 11
6914 11
6915 11
6916 11
6917 11
6918 11
6919 11
6920 11
6921 11
6922 11
6923 11
6924 11
6925 11
6926 11
6927 11
6928 11
6929 11
6930 11
6931 11
6932 11
6933 11
6934 11
6935 11
6936 11
6937 11
6938 11
6939 11
6940 11
6941 11
6942 11
6943 11
6944 11
6945 11
6946 11
6947 11
6948 11
6949 11
6950 11
6951 11
6952 11
6953 11
6954 11
6955 11
6956 11
6957 11
6958 10
6959 10
6960 10
6961 10
6962 10
6963 10
6964 10
6965 10
6966 10
6967 10
6968 10
6969 10
6970 10
6971 10
6972 10
6973 10
6974 10
6975 10
6976 10
6977 10
6978 10
6979 10
6980 10
6981 10
6982 10
6983 10
6984 10
6985 10
6986 10
6987 10
6988 10
6989 9
6990 9
6991 9
6992 9
6993 9
6994 9
6995 9
6996 9
6997 9
6998 9
6999 9
7000 9
7001 9
7002 9
7003 8
7004 8
7005 8
7006 8
7007 8
7008 8
7009 8
7010 8
7011 8
7012 8
7013 8
7014 8
7015 8
7016 8
7017 8
7018 8
7019 8
7020 8
7021 8
7022 8
7023 8
7024 8
7025 8
7026 7
7027 7
7028 7
7029 7
7030 7
7031 7
7032 7
7033 7
7034 7
7035 7
7036 7
7037 7
7038 7
7039 7
7040 7
7041 7
7042 7
7043 7
7044 7
7045 7
7046 6
7047 6
7048 6
7049 6
7050 6
7051 6
7052 6
7053 6
7054 6
7055 6
7056 6
7057 6
7058 6
7059 6
7060 6
7061 6
7062 6
7063 6
7064 6
7065 6
7066 6
7067 6
7068 6
7069 6
7070 6
7071 6
7072 6
7073 6
7074 6
7075 6
7076 6
7077 5
7078 5
7079 5
7080 5
7081 5
7082 5
7083 5
7084 5
7085 5
7086 5
7087 5
7088 5
7089 5
7090 5
7091 5
7092 5
7093 5
7094 5
7095 5
7096 5
7097 5
7098 5
7099 5
7100 5
7101 5
7102 5
7103 5
7104 5
7105 5
7106 5
7107 4
7108 4
7109 4
7110 4
7111 4
7112 4
7113 4
7114 4
7115 4
7116 4
7117 4
7118 4
7119 4
7120 4
7121 4
7122 4
7123 4
7124 4
7125 4
7126 4
7127 4
7128 4
7129 4
7130 4
7131 4
7132 4
7133 4
7134 4
7135 4
7136 4
7137 4
7138 4
7139 4
7140 4
7141 4
7142 4
7143 4
7144 4
7145 4
7146 4
7147 4
7148 4
7149 4
7150 4
7151 4
7152 4
7153 4
7154 4
7155 4
7156 4
7157 4
7158 4
7159 4
7160 4
7161 4
7162 4
7163 4
7164 4
7165 4
7166 4
7167 4
7168 4
7169 4
7170 4
7171 4
7172 4
7173 4
7174 4
7175 3
7176 3
7177 3
7178 3
7179 3
7180 3
7181 3
7182 3
7183 3
7184 3
7185 3
7186 3
7187 3
7188 4
7189 4
7190 4
7191 4
7192 4
7193 4
7194 4
7195 4
7196 4
7197 4
7198 4
7199 4
7200 4
7201 4
7202 4
7203 4
7204 4
7205 4
7206 4
7207 4
7208 4
7209 4
7210 4
7211 4
7212 4
7213 4
7214 4
7215 4
7216 4
7217 4
7218 4
7219 4
7220 4
7221 4
7222 4
7223 4
7224 4
7225 4
7226 4
7227 4
7228 4
7229 4
7230 4
7231 4
7232 4
7233 4
7234 4
7235 4
7236 4
7237 4
7238 4
7239 4
7240 4
7241 4
7242 4
7243 4
7244 4
7245 4
7246 4
7247 4
7248 4
7249 4
7250 4
7251 4
7252 4
7253 4
7254 4
7255 4
7256 4
7257 4
7258 4
7259 4
7260 4
7261 4
7262 4
7263 4
7264 4
7265 4
7266 4
7267 4
7268 4
7269 4
7270 4
7271 4
7272 4
7273 4
7274 4
7275 4
7276 4
7277 4
7278 4
7279 4
7280 4
7281 4
7282 4
7283 4
7284 4
7285 4
7286 4
7287 4
7288 4
7289 4
7290 4
7291 4
7292 4
7293 4
7294 4
7295 4
7296 4
7297 4
7298 4
7299 4
7300 4
7301 4
7302 4
7303 4
7304 4
7305 4
7306 4
7307 4
7308 4
7309 4
7310 4
7311 4
7312 4
7313 4
7314 4
7315 3
7316 3
7317 3
7318 3
7319 3
7320 3
7321 3
7322 4
7323 3
7324 3
7325 3
7326 3
7327 3
7328 3
7329 3
7330 3
7331 3
7332 3
7333 3
7334 3
7335 3
7336 3
7337 3
7338 3
7339 3
7340 3
7341 3
7342 3
7343 3
7344 3
7345 3
7346 3
7347 3
7348 3
7349 3
7350 3
7351 3
7352 3
7353 3
7354 3
7355 3
7356 3
7357 3
7358 3
7359 3
7360 3
7361 3
7362 3
7363 3
7364 3
7365 3
7366 3
7367 3
7368 3
7369 3
7370 3
7371 3
7372 3
7373 3
7374 3
7375 3
7376 3
7377 3
7378 3
7379 3
7380 3
7381 4
7382 4
7383 4
7384 4
7385 4
7386 4
7387 4
7388 4
7389 4
7390 4
7391 4
7392 4
7393 4
7394 4
7395 4
7396 4
7397 4
7398 4
7399 4
7400 4
7401 4
7402 4
7403 4
7404 4
7405 4
7406 4
7407 4
7408 4
7409 3
7410 3
7411 3
7412 3
7413 3
7414 3
7415 3
7416 3
7417 3
7418 3
7419 3
7420 3
7421 3
7422 3
7423 3
7424 3
7425 3
7426 3
7427 3
7428 3
7429 3
7430 3
7431 3
7432 3
7433 3
7434 3
7435 3
7436 3
7437 3
7438 3
7439 3
7440 3
7441 3
7442 3
7443 3
7444 3
7445 3
7446 3
7447 3
7448 3
7449 3
7450 3
7451 3
7452 3
7453 3
7454 3
7455 3
7456 3
7457 3
7458 3
7459 3
7460 3
7461 3
7462 3
7463 3
7464 3
7465 3
7466 3
7467 3
7468 3
7469 3
7470 3
7471 3
7472 3
7473 3
7474 3
7475 3
7476 3
7477 3
7478 3
7479 3
7480 3
7481 3
7482 3
7483 3
7484 3
7485 3
7486 3
7487 3
7488 3
7489 3
7490 3
7491 3
7492 3
7493 3
7494 3
7495 3
7496 3
7497 3
7498 3
7499 3
7500 3
7501 3
7502 3
7503 3
7504 3
7505 3
7506 3
7507 3
7508 3
7509 3
7510 3
7511 3
7512 3
7513 3
7514 3
7515 3
7516 3
7517 3
7518 3
7519 3
7520 3
7521 3
7522 3
7523 3
7524 3
7525 3
7526 3
7527 3
7528 3
7529 3
7530 3
7531 3
7532 3
7533 3
7534 3
7535 3
7536 3
7537 3
7538 3
7539 3
7540 3
7541 3
7542 3
7543 3
7544 3
7545 3
7546 3
7547 3
7548 3
7549 3
7550 3
7551 3
7552 3
7553 3
7554 3
7555 3
7556 3
7557 3
7558 3
7559 3
7560 3
7561 3
7562 3
7563 3
7564 3
7565 3
7566 3
7567 3
7568 3
7569 3
7570 3
7571 3
7572 3
7573 3
7574 3
7575 3
7576 3
7577 3
7578 3
7579 3
7580 3
7581 3
7582 3
7583 3
7584 3
7585 3
7586 3
7587 3
7588 3
7589 3
7590 3
7591 3
7592 3
7593 3
7594 3
7595 3
7596 3
7597 3
7598 3
7599 3
7600 3
7601 3
7602 3
7603 3
7604 3
7605 3
7606 3
7607 3
7608 3
7609 3
7610 3
7611 3
7612 3
7613 3
7614 3
7615 3
7616 3
7617 3
7618 3
7619 3
7620 3
7621 3
7622 3
7623 3
7624 3
7625 3
7626 3
7627 3
7628 3
7629 3
7630 3
7631 3
7632 3
7633 3
7634 3
7635 3
7636 3
7637 3
7638 3
7639 3
7640 3
7641 3
7642 3
7643 3
7644 3
7645 3
7646 3
7647 3
7648 3
7649 3
7650 3
7651 3
7652 3
7653 3
7654 3
7655 3
7656 3
7657 3
7658 3
7659 3
7660 3
7661 3
7662 3
7663 3
7664 3
7665 3
7666 3
7667 3
7668 4
7669 4
7670 4
7671 4
7672 4
7673 4
7674 4
7675 4
7676 4
7677 4
7678 4
7679 4
7680 4
7681 4
7682 4
7683 4
7684 4
7685 4
7686 4
7687 4
7688 4
7689 4
7690 4
7691 4
7692 4
7693 4
7694 4
7695 4
7696 4
7697 4
7698 4
7699 4
7700 4
7701 4
7702 4
7703 4
7704 4
7705 4
7706 4
7707 4
7708 4
7709 3
7710 3
7711 3
7712 3
7713 3
7714 3
7715 4
7716 4
7717 4
7718 4
7719 4
7720 4
7721 4
7722 4
7723 4
7724 4
7725 4
7726 4
7727 4
7728 4
7729 4
7730 4
7731 4
7732 4
7733 4
7734 4
7735 4
7736 4
7737 4
7738 4
7739 4
7740 4
7741 4
7742 4
7743 4
7744 4
7745 4
7746 4
7747 4
7748 4
7749 4
7750 4
7751 4
7752 4
7753 4
7754 4
7755 4
7756 4
7757 4
7758 4
7759 4
7760 4
7761 4
7762 4
7763 4
7764 4
7765 4
7766 4
7767 4
7768 4
7769 4
7770 4
7771 4
7772 4
7773 4
7774 4
7775 4
7776 4
7777 4
7778 4
7779 4
7780 4
7781 4
7782 4
7783 4
7784 4
7785 4
7786 4
7787 4
7788 4
7789 4
7790 4
7791 4
7792 5
7793 5
7794 5
7795 5
7796 5
7797 5
7798 5
7799 5
7800 5
7801 5
7802 5
7803 5
7804 5
7805 5
7806 5
7807 5
7808 5
7809 5
7810 5
7811 5
7812 5
7813 5
7814 5
7815 5
7816 5
7817 5
7818 5
7819 5
7820 5
7821 5
7822 5
7823 5
7824 5
7825 5
7826 6
7827 6
7828 6
7829 6
7830 6
7831 6
7832 6
7833 6
7834 6
7835 6
7836 6
7837 6
7838 6
7839 6
7840 6
7841 6
7842 6
7843 6
7844 6
7845 6
7846 6
7847 6
7848 6
7849 6
7850 6
7851 6
7852 6
7853 6
7854 7
7855 7
7856 7
7857 7
7858 7
7859 7
7860 6
7861 6
7862 6
7863 6
7864 6
7865 6
7866 6
7867 6
7868 7
7869 7
7870 7
7871 7
7872 7
7873 7
7874 7
7875 7
7876 7
7877 7
7878 7
7879 7
7880 7
7881 7
7882 7
7883 7
7884 7
7885 7
7886 7
7887 7
7888 7
7889 7
7890 7
7891 7
7892 7
7893 7
7894 7
7895 7
7896 7
7897 7
7898 7
7899 7
7900 7
7901 7
7902 7
7903 7
7904 8
7905 8
7906 8
7907 8
7908 8
7909 8
7910 8
7911 8
7912 8
7913 8
7914 8
7915 8
7916 8
7917 8
7918 8
7919 8
7920 8
7921 8
7922 8
7923 8
7924 8
7925 8
7926 8
7927 8
7928 8
7929 9
7930 9
7931 9
7932 9
7933 9
7934 9
7935 9
7936 9
7937 9
7938 9
7939 9
7940 9
7941 9
7942 9
7943 9
7944 9
7945 9
7946 9
7947 9
7948 9
7949 9
7950 9
7951 9
7952 9
7953 9
7954 9
7955 10
7956 10
7957 10
7958 10
7959 10
7960 10
7961 10
7962 10
7963 10
7964 10
7965 10
7966 10
7967 10
7968 10
7969 10
7970 10
7971 10
7972 10
7973 10
7974 10
7975 10
7976 11
7977 11
7978 11
7979 11
7980 11
7981 11
7982 11
7983 11
7984 11
7985 11
7986 11
7987 11
7988 11
7989 11
7990 11
7991 11
7992 11
7993 11
7994 11
7995 11
7996 11
7997 11
7998 11
7999 11
8000 12
8001 12
8002 12
8003 12
8004 12
8005 12
8006 12
8007 12
8008 12
8009 12
8010 12
8011 12
8012 12
8013 12
8014 12
8015 12
8016 12
8017 12
8018 12
8019 12
8020 12
8021 12
8022 12
8023 12
8024 12
8025 12
8026 12
8027 13
8028 13
8029 13
8030 13
8031 13
8032 13
8033 13
8034 13
8035 13
8036 13
8037 13
8038 13
8039 13
8040 13
8041 13
8042 13
8043 13
8044 13
8045 13
8046 13
8047 13
8048 13
8049 13
8050 13
8051 13
8052 13
8053 13
8054 13
8055 14
8056 14
8057 14
8058 14
8059 14
8060 14
8061 14
8062 14
8063 14
8064 14
8065 14
8066 14
8067 14
8068 14
8069 14
8070 14
8071 14
8072 14
8073 14
8074 14
8075 14
8076 14
8077 14
8078 14
8079 14
8080 14
8081 14
8082 15
8083 15
8084 15
8085 15
8086 15
8087 15
8088 15
8089 15
8090 15
8091 15
8092 15
8093 15
8094 15
8095 15
8096 15
8097 15
8098 15
8099 15
8100 15
8101 15
8102 16
8103 16
8104 16
8105 16
8106 16
8107 16
8108 16
8109 16
8110 16
8111 16
8112 16
8113 16
8114 16
8115 16
8116 16
8117 16
8118 16
8119 16
8120 16
8121 16
8122 16
8123 16
8124 16
8125 16
8126 16
8127 16
8128 16
8129 17
8130 17
8131 17
8132 17
8133 17
8134 17
8135 17
8136 17
8137 17
8138 17
8139 17
8140 17
8141 17
8142 17
8143 17
8144 17
8145 17
8146 17
8147 18
8148 18
8149 18
8150 18
8151 18
8152 18
8153 18
8154 18
8155 18
8156 18
8157 18
8158 18
8159 18
8160 18
8161 18
8162 18
8163 18
8164 18
8165 18
8166 18
8167 18
8168 18
8169 18
8170 18
8171 19
8172 19
8173 19
8174 19
8175 19
8176 19
8177 19
8178 19
8179 19
8180 19
8181 19
8182 19
8183 19
8184 19
8185 19
8186 19
8187 19
8188 19
8189 20
8190 20
8191 20
8192 20
8193 20
8194 20
8195 20
8196 20
8197 20
8198 20
8199 20
8200 20
8201 20
8202 20
8203 20
8204 20
8205 20
8206 20
8207 20
8208 21
8209 21
8210 21
8211 21
8212 21
8213 21
8214 21
8215 21
8216 21
8217 21
8218 21
8219 21
8220 21
8221 21
8222 22
8223 22
8224 22
8225 22
8226 22
8227 22
8228 22
8229 22
8230 22
8231 22
8232 22
8233 22
8234 22
8235 22
8236 22
8237 22
8238 22
8239 22
8240 22
8241 22
8242 22
8243 23
8244 23
8245 23
8246 23
8247 23
8248 23
8249 23
8250 23
8251 23
8252 23
8253 23
8254 23
8255 23
8256 23
8257 23
8258 23
8259 23
8260 23
8261 23
8262 23
8263 23
8264 23
8265 24
8266 24
8267 24
8268 24
8269 24
8270 24
8271 24
8272 24
8273 24
8274 24
8275 24
8276 24
8277 24
8278 24
8279 24
8280 24
8281 24
8282 24
8283 24
8284 25
8285 25
8286 25
8287 25
8288 25
8289 25
8290 25
8291 25
8292 25
8293 25
8294 25
8295 25
8296 25
8297 25
8298 25
8299 25
8300 25
8301 25
8302 25
8303 25
8304 25
8305 25
8306 25
8307 26
8308 26
8309 26
8310 26
8311 26
8312 26
8313 26
8314 26
8315 26
8316 26
8317 26
8318 26
8319 26
8320 26
8321 26
8322 27
8323 27
8324 27
8325 27
8326 27
8327 27
8328 27
8329 27
8330 27
8331 27
8332 27
8333 27
8334 27
8335 27
8336 27
8337 27
8338 27
8339 27
8340 27
8341 27
8342 27
8343 28
8344 28
8345 28
8346 28
8347 28
8348 28
8349 28
8350 28
8351 28
8352 28
8353 28
8354 28
8355 28
8356 28
8357 28
8358 28
8359 28
8360 29
8361 29
8362 29
8363 29
8364 29
8365 29
8366 29
8367 29
8368 29
8369 29
8370 29
8371 29
8372 29
8373 29
8374 29
8375 29
8376 29
8377 29
8378 29
8379 29
8380 29
8381 29
8382 29
8383 29
8384 29
8385 29
8386 30
8387 30
8388 30
8389 30
8390 30
8391 30
8392 30
8393 30
8394 30
8395 30
8396 30
8397 30
8398 30
8399 30
8400 30
8401 30
8402 30
8403 30
8404 30
8405 30
8406 30
8407 30
8408 30
8409 30
8410 30
8411 30
8412 30
8413 30
8414 30
8415 30
8416 30
8417 31
8418 31
8419 31
8420 31
8421 31
8422 31
8423 31
8424 31
8425 31
8426 31
8427 31
8428 31
8429 31
8430 31
8431 31
8432 31
8433 31
8434 31
8435 31
8436 31
8437 31
8438 31
8439 31
8440 32
8441 32
8442 32
8443 32
8444 32
8445 32
8446 32
8447 32
8448 32
8449 32
8450 32
8451 32
8452 32
8453 32
8454 32
8455 32
8456 32
8457 32
8458 32
8459 32
8460 32
8461 32
8462 33
8463 33
8464 33
8465 33
8466 33
8467 33
8468 33
8469 33
8470 33
8471 33
8472 33
8473 33
8474 33
8475 33
8476 33
8477 33
8478 33
8479 33
8480 34
8481 34
8482 34
8483 34
8484 34
8485 34
8486 34
8487 34
8488 34
8489 34
8490 34
8491 34
8492 34
8493 34
8494 34
8495 34
8496 34
8497 34
8498 34
8499 34
8500 35
8501 35
8502 35
8503 35
8504 35
8505 35
8506 35
8507 35
8508 35
8509 35
8510 35
8511 35
8512 35
8513 35
8514 35
8515 35
8516 35
8517 35
8518 35
8519 35
8520 35
8521 35
8522 35
8523 35
8524 35
8525 35
8526 35
8527 35
8528 35
8529 35
8530 35
8531 35
8532 35
8533 35
8534 35
8535 35
8536 35
8537 35
8538 36
8539 36
8540 36
8541 36
8542 36
8543 36
8544 36
8545 36
8546 36
8547 36
8548 36
8549 36
8550 36
8551 36
8552 36
8553 36
8554 36
8555 36
8556 36
8557 36
8558 36
8559 36
8560 36
8561 36
8562 36
8563 36
8564 36
8565 36
8566 36
8567 36
8568 36
8569 36
8570 36
8571 36
8572 36
8573 36
8574 36
8575 36
8576 36
8577 36
8578 36
8579 36
8580 36
8581 36
8582 36
8583 36
8584 36
8585 36
8586 36
8587 36
8588 36
8589 36
8590 36
8591 36
8592 36
8593 36
8594 36
8595 36
8596 36
8597 36
8598 36
8599 36
8600 36
8601 36
8602 36
8603 36
8604 36
8605 36
8606 36
8607 36
8608 36
8609 36
8610 36
8611 36
8612 36
8613 36
8614 36
8615 36
8616 36
8617 36
8618 36
8619 36
8620 36
8621 36
8622 36
8623 36
8624 36
8625 36
8626 36
8627 36
8628 36
8629 36
8630 36
8631 36
8632 36
8633 36
8634 36
8635 36
8636 36
8637 36
8638 36
8639 36
8640 35
8641 35
8642 35
8643 35
8644 35
8645 35
8646 35
8647 35
8648 35
8649 35
8650 35
8651 35
8652 35
8653 35
8654 35
8655 35
8656 35
8657 35
8658 35
8659 35
8660 35
8661 35
8662 35
8663 35
8664 35
8665 35
8666 35
8667 35
8668 35
8669 34
8670 34
8671 34
8672 34
8673 34
8674 34
8675 34
8676 34
8677 34
8678 34
8679 34
8680 34
8681 34
8682 34
8683 34
8684 34
8685 34
8686 34
8687 34
8688 33
8689 33
8690 33
8691 33
8692 33
8693 33
8694 33
8695 33
8696 33
8697 33
8698 33
8699 33
8700 33
8701 33
8702 33
8703 33
8704 33
8705 33
8706 32
8707 32
8708 32
8709 32
8710 32
8711 32
8712 32
8713 32
8714 32
8715 32
8716 32
8717 32
8718 32
8719 32
8720 32
8721 32
8722 31
8723 31
8724 31
8725 31
8726 31
8727 31
8728 31
8729 31
8730 31
8731 31
8732 31
8733 31
8734 31
8735 31
8736 30
8737 30
8738 30
8739 30
8740 30
8741 30
8742 30
8743 30
8744 30
8745 30
8746 30
8747 30
8748 30
8749 30
8750 30
8751 30
8752 30
8753 30
8754 29
8755 29
8756 29
8757 29
8758 29
8759 29
8760 29
8761 29
8762 29
8763 29
8764 29
8765 29
8766 29
8767 29
8768 29
8769 29
8770 29
8771 29
8772 29
8773 29
8774 28
8775 28
8776 28
8777 28
8778 28
8779 28
8780 28
8781 28
8782 28
8783 28
8784 28
8785 28
8786 28
8787 28
8788 28
8789 28
8790 28
8791 28
8792 28
8793 28
8794 28
8795 28
8796 28
8797 27
8798 27
8799 27
8800 27
8801 27
8802 27
8803 27
8804 27
8805 27
8806 27
8807 27
8808 27
8809 27
8810 27
8811 27
8812 27
8813 27
8814 27
8815 27
8816 26
8817 26
8818 26
8819 26
8820 26
8821 26
8822 26
8823 26
8824 26
8825 26
8826 26
8827 26
8828 26
8829 26
8830 26
8831 26
8832 26
8833 25
8834 25
8835 25
8836 25
8837 25
8838 25
8839 25
8840 25
8841 25
8842 25
8843 25
8844 25
8845 25
8846 24
8847 24
8848 24
8849 24
8850 24
8851 24
8852 24
8853 24
8854 24
8855 24
8856 24
8857 24
8858 24
8859 24
8860 24
8861 24
8862 23
8863 23
8864 23
8865 23
8866 23
8867 23
8868 23
8869 23
8870 23
8871 22
8872 22
8873 22
8874 22
8875 22
8876 22
8877 22
8878 22
8879 22
8880 22
8881 22
8882 22
8883 21
8884 21
8885 21
8886 21
8887 21
8888 21
8889 21
8890 21
8891 21
8892 21
8893 21
8894 20
8895 20
8896 20
8897 20
8898 20
8899 20
8900 20
8901 20
8902 20
8903 20
8904 20
8905 19
8906 19
8907 19
8908 19
8909 19
8910 19
8911 19
8912 19
8913 19
8914 19
8915 19
8916 19
8917 19
8918 18
8919 18
8920 18
8921 18
8922 18
8923 18
8924 18
8925 18
8926 18
8927 17
8928 17
8929 17
8930 17
8931 17
8932 17
8933 17
8934 17
8935 17
8936 17
8937 17
8938 17
8939 16
8940 16
8941 16
8942 16
8943 16
8944 16
8945 16
8946 16
8947 16
8948 16
8949 16
8950 16
8951 16
8952 16
8953 15
8954 15
8955 15
8956 15
8957 15
8958 15
8959 15
8960 15
8961 15
8962 15
8963 15
8964 15
8965 15
8966 14
8967 14
8968 14
8969 14
8970 14
8971 14
8972 14
8973 14
8974 14
8975 14
8976 14
8977 14
8978 14
8979 14
8980 13
8981 13
8982 13
8983 13
8984 13
8985 13
8986 13
8987 13
8988 13
8989 13
8990 13
8991 13
8992 13
8993 13
8994 13
8995 12
8996 12
8997 12
8998 12
8999 12
9000 12
9001 12
9002 12
9003 12
9004 11
9005 11
9006 11
9007 11
9008 11
9009 11
9010 11
9011 11
9012 11
9013 11
9014 11
9015 11
9016 11
9017 10
9018 10
9019 10
9020 10
9021 10
9022 10
9023 10
9024 10
9025 10
9026 10
9027 9
9028 9
9029 9
9030 9
9031 9
9032 9
9033 9
9034 9
9035 9
9036 9
9037 9
9038 8
9039 8
9040 8
9041 8
9042 8
9043 8
9044 8
9045 8
9046 8
9047 8
9048 8
9049 7
9050 7
9051 7
9052 7
9053 7
9054 7
9055 7
9056 7
9057 7
9058 7
9059 6
9060 6
9061 6
9062 6
9063 6
9064 6
9065 6
9066 6
9067 6
9068 6
9069 6
9070 6
9071 5
9072 5
9073 5
9074 5
9075 5
9076 5
9077 5
9078 5
9079 5
9080 5
9081 4
9082 4
9083 4
9084 4
9085 4
9086 4
9087 4
9088 4
9089 4
9090 4
9091 4
9092 4
9093 3
9094 3
9095 3
9096 3
9097 3
9098 3
9099 3
9100 3
9101 3
9102 3
9103 3
9104 3
9105 3
9106 3
9107 3
9108 3
9109 3
9110 3
9111 2
9112 2
9113 2
9114 2
9115 2
9116 2
9117 2
9118 2
9119 2
9120 2
9121 2
9122 2
9123 2
9124 2
9125 2
9126 2
9127 2
9128 2
9129 2
9130 2
9131 2
9132 2
9133 2
9134 2
9135 2
9136 2
9137 2
9138 2
9139 2
9140 3
9141 3
9142 3
9143 3
9144 3
9145 3
9146 3
9147 3
9148 3
9149 3
9150 3
9151 3
9152 3
9153 3
9154 3
9155 3
9156 3
9157 3
9158 3
9159 3
9160 4
9161 4
9162 4
9163 4
9164 4
9165 4
9166 4
9167 4
9168 4
9169 4
9170 4
9171 4
9172 4
9173 4
9174 4
9175 4
9176 4
9177 4
9178 4
9179 4
9180 5
9181 5
9182 5
9183 5
9184 5
9185 5
9186 5
9187 5
9188 5
9189 5
9190 6
9191 6
9192 6
9193 6
9194 6
9195 6
9196 6
9197 6
9198 6
9199 6
9200 6
9201 6
9202 6
9203 6
9204 6
9205 6
9206 6
9207 6
9208 6
9209 7
9210 7
9211 7
9212 7
9213 7
9214 7
9215 7
9216 7
9217 7
9218 7
9219 7
9220 7
9221 7
9222 7
9223 7
9224 7
9225 7
9226 7
9227 7
9228 7
9229 8
9230 8
9231 8
9232 8
9233 8
9234 8
9235 8
9236 8
9237 8
9238 8
9239 8
9240 8
9241 8
9242 8
9243 8
9244 8
9245 8
9246 8
9247 8
9248 9
9249 9
9250 9
9251 9
9252 9
9253 9
9254 9
9255 9
9256 9
9257 9
9258 9
9259 9
9260 9
9261 9
9262 9
9263 9
9264 9
9265 9
9266 9
9267 9
9268 9
9269 10
9270 10
9271 10
9272 10
9273 10
9274 10
9275 10
9276 10
9277 10
9278 10
9279 10
9280 10
9281 10
9282 10
9283 10
9284 10
9285 10
9286 10
9287 10
9288 10
9289 10
9290 10
9291 10
9292 10
9293 10
9294 10
9295 10
9296 10
9297 10
9298 11
9299 11
9300 11
9301 11
9302 11
9303 11
9304 11
9305 11
9306 11
9307 11
9308 11
9309 11
9310 11
9311 11
9312 11
9313 11
9314 11
9315 11
9316 11
9317 11
9318 11
9319 12
9320 12
9321 12
9322 12
9323 12
9324 12
9325 12
9326 12
9327 12
9328 12
9329 12
9330 12
9331 12
9332 12
9333 12
9334 12
9335 12
9336 12
9337 13
9338 13
9339 13
9340 13
9341 13
9342 13
9343 13
9344 13
9345 13
9346 13
9347 13
9348 13
9349 13
9350 14
9351 14
9352 14
9353 14
9354 14
9355 14
9356 14
9357 14
9358 14
9359 14
9360 14
9361 14
9362 14
9363 14
9364 14
9365 15
9366 15
9367 15
9368 15
9369 15
9370 15
9371 15
9372 15
9373 15
9374 15
9375 15
9376 15
9377 15
9378 15
9379 15
9380 16
9381 16
9382 16
9383 16
9384 16
9385 16
9386 16
9387 16
9388 16
9389 16
9390 16
9391 16
9392 16
9393 16
9394 16
9395 16
9396 16
9397 16
9398 16
9399 17
9400 17
9401 17
9402 17
9403 17
9404 17
9405 17
9406 17
9407 17
9408 17
9409 17
9410 17
9411 17
9412 17
9413 17
9414 17
9415 17
9416 18
9417 18
9418 18
9419 18
9420 18
9421 18
9422 18
9423 18
9424 18
9425 18
9426 18
9427 18
9428 18
9429 18
9430 18
9431 19
9432 19
9433 19
9434 19
9435 19
9436 19
9437 19
9438 19
9439 19
9440 19
9441 19
9442 19
9443 19
9444 19
9445 19
9446 20
9447 20
9448 20
9449 20
9450 20
9451 20
9452 20
9453 20
9454 20
9455 20
9456 20
9457 20
9458 20
9459 20
9460 20
9461 21
9462 21
9463 21
9464 21
9465 21
9466 21
9467 21
9468 21
9469 21
9470 21
9471 21
9472 21
9473 21
9474 21
9475 21
9476 21
9477 21
9478 21
9479 22
9480 22
9481 22
9482 22
9483 22
9484 22
9485 22
9486 22
9487 22
9488 22
9489 22
9490 22
9491 22
9492 22
9493 22
9494 22
9495 22
9496 22
9497 22
9498 22
9499 23
9500 23
9501 23
9502 23
9503 23
9504 23
9505 23
9506 23
9507 23
9508 23
9509 23
9510 23
9511 23
9512 23
9513 23
9514 23
9515 23
9516 23
9517 23
9518 23
9519 24
9520 24
9521 24
9522 24
9523 24
9524 24
9525 24
9526 24
9527 24
9528 24
9529 24
9530 24
9531 24
9532 24
9533 24
9534 24
9535 24
9536 24
9537 24
9538 24
9539 24
9540 24
9541 24
9542 24
9543 24
9544 25
9545 25
9546 25
9547 25
9548 25
9549 25
9550 25
9551 25
9552 25
9553 25
9554 25
9555 25
9556 25
9557 25
9558 25
9559 25
9560 25
9561 25
9562 25
9563 25
9564 25
9565 25
9566 25
9567 25
9568 25
9569 25
9570 25
9571 25
9572 25
9573 25
9574 25
9575 25
9576 25
9577 25
9578 25
9579 25
9580 25
9581 26
9582 26
9583 26
9584 26
9585 26
9586 26
9587 26
9588 26
9589 26
9590 26
9591 26
9592 26
9593 26
9594 26
9595 26
9596 26
9597 26
9598 26
9599 26
9600 26
9601 26
9602 26
9603 26
9604 26
9605 26
9606 26
9607 26
9608 26
9609 26
9610 26
9611 26
9612 26
9613 26
9614 26
9615 26
9616 26
9617 26
9618 26
9619 26
9620 26
9621 26
9622 26
9623 26
9624 26
9625 26
9626 26
9627 26
9628 26
9629 26
9630 26
9631 26
9632 26
9633 26
9634 26
9635 26
9636 26
9637 26
9638 26
9639 26
9640 26
9641 26
9642 26
9643 26
9644 26
9645 26
9646 26
9647 26
9648 26
9649 26
9650 26
9651 26
9652 26
9653 26
9654 26
9655 26
9656 26
9657 26
9658 26
9659 26
9660 26
9661 26
9662 26
9663 26
9664 26
9665 26
9666 26
9667 26
9668 26
9669 26
9670 26
9671 26
9672 26
9673 25
9674 25
9675 25
9676 25
9677 25
9678 25
9679 25
9680 25
9681 25
9682 25
9683 25
9684 25
9685 25
9686 25
9687 25
9688 25
9689 25
9690 25
9691 25
9692 25
9693 25
9694 24
9695 24
9696 24
9697 24
9698 24
9699 24
9700 24
9701 24
9702 24
9703 24
9704 24
9705 24
9706 24
9707 24
9708 24
9709 24
9710 24
9711 24
9712 24
9713 23
9714 23
9715 23
9716 23
9717 23
9718 23
9719 23
9720 23
9721 23
9722 23
9723 23
9724 23
9725 23
9726 23
9727 23
9728 23
9729 22
9730 22
9731 22
9732 22
9733 22
9734 22
9735 22
9736 22
9737 22
9738 22
9739 22
9740 22
9741 22
9742 22
9743 22
9744 21
9745 21
9746 21
9747 21
9748 21
9749 21
9750 21
9751 21
9752 21
9753 21
9754 21
9755 21
9756 21
9757 21
9758 20
9759 20
9760 20
9761 20
9762 20
9763 20
9764 20
9765 20
9766 20
9767 20
9768 20
9769 20
9770 20
9771 20
9772 20
9773 19
9774 19
9775 19
9776 19
9777 19
9778 19
9779 19
9780 19
9781 19
9782 19
9783 19
9784 19
9785 19
9786 18
9787 18
9788 18
9789 18
9790 18
9791 18
9792 18
9793 18
9794 18
9795 18
9796 18
9797 18
9798 18
9799 18
9800 18
9801 18
9802 18
9803 17
9804 17
9805 17
9806 17
9807 17
9808 17
9809 17
9810 17
9811 17
9812 17
9813 17
9814 17
9815 17
9816 17
9817 16
9818 16
9819 16
9820 16
9821 16
9822 16
9823 16
9824 16
9825 16
9826 16
9827 16
9828 16
9829 16
9830 16
9831 16
9832 16
9833 15
9834 15
9835 15
9836 15
9837 15
9838 15
9839 15
9840 15
9841 15
9842 15
9843 15
9844 15
9845 15
9846 15
9847 15
9848 15
9849 15
9850 15
9851 15
9852 15
9853 14
9854 14
9855 14
9856 14
9857 14
9858 14
9859 14
9860 14
9861 14
9862 14
9863 14
9864 14
9865 14
9866 14
9867 14
9868 14
9869 14
9870 13
9871 13
9872 13
9873 13
9874 13
9875 13
9876 13
9877 13
9878 13
9879 13
9880 13
9881 13
9882 13
9883 13
9884 13
9885 13
9886 13
9887 13
9888 13
9889 13
9890 13
9891 13
9892 13
9893 12
9894 12
9895 12
9896 12
9897 12
9898 12
9899 12
9900 12
9901 12
9902 12
9903 12
9904 12
9905 12
9906 12
9907 12
9908 12
9909 12
9910 12
9911 11
9912 11
9913 11
9914 11
9915 11
9916 11
9917 11
9918 11
9919 11
9920 11
9921 11
9922 11
9923 11
9924 11
9925 10
9926 10
9927 10
9928 10
9929 10
9930 10
9931 10
9932 10
9933 10
9934 10
9935 10
9936 9
9937 9
9938 9
9939 9
9940 9
9941 9
9942 9
9943 9
9944 9
9945 9
9946 9
9947 9
9948 9
9949 8
9950 8
9951 8
9952 8
9953 8
9954 8
9955 8
9956 8
9957 8
9958 8
9959 8
9960 8
9961 8
9962 8
9963 7
9964 7
9965 7
9966 7
9967 7
9968 7
9969 7
9970 7
9971 7
9972 7
9973 6
9974 6
9975 6
9976 6
9977 6
9978 6
9979 6
9980 6
9981 6
9982 6
9983 6
9984 6
9985 6
9986 6
9987 6
9988 5
9989 5
9990 5
9991 5
9992 5
9993 5
9994 5
9995 5
9996 5
9997 5
9998 5
9999 5
10000 5
10001 5
10002 5
10003 4
10004 4
10005 4
10006 4
10007 4
10008 4
10009 4
10010 4
10011 4
10012 4
10013 4
10014 4
10015 4
10016 4
10017 4
10018 3
10019 3
10020 3
10021 3
10022 3
10023 3
10024 3
10025 3
10026 3
10027 3
10028 3
10029 3
10030 3
10031 4
10032 4
10033 4
10034 4
10035 4
10036 4
10037 3
10038 4
10039 4
10040 4
10041 4
10042 4
10043 4
10044 4
10045 4
10046 4
10047 4
10048 4
10049 4
10050 4
10051 4
10052 4
10053 4
10054 4
10055 4
10056 5
10057 5
10058 5
10059 5
10060 5
10061 5
10062 5
10063 5
10064 5
10065 5
10066 5
10067 5
10068 5
10069 5
10070 5
10071 5
10072 6
10073 6
10074 6
10075 6
10076 6
10077 6
10078 6
10079 6
10080 6
10081 6
10082 6
10083 6
10084 6
10085 6
10086 6
10087 6
10088 6
10089 6
10090 6
10091 6
10092 6
10093 6
10094 6
10095 6
10096 6
10097 7
10098 7
10099 7
10100 7
10101 7
10102 7
10103 7
10104 7
10105 7
10106 7
10107 7
10108 7
10109 7
10110 7
10111 7
10112 7
10113 8
10114 8
10115 8
10116 8
10117 8
10118 8
10119 8
10120 8
10121 8
10122 8
10123 9
10124 9
10125 9
10126 9
10127 9
10128 9
10129 9
10130 9
10131 9
10132 9
10133 9
10134 9
10135 9
10136 9
10137 9
10138 9
10139 9
10140 9
10141 9
10142 9
10143 10
10144 10
10145 10
10146 10
10147 10
10148 10
10149 10
10150 10
10151 10
10152 10
10153 11
10154 11
10155 11
10156 11
10157 11
10158 11
10159 11
10160 11
10161 11
10162 11
10163 11
10164 11
10165 11
10166 11
10167 11
10168 12
10169 12
10170 12
10171 12
10172 12
10173 12
10174 12
10175 12
10176 12
10177 13
10178 13
10179 13
10180 13
10181 13
10182 13
10183 13
10184 13
10185 13
10186 13
10187 13
10188 13
10189 13
10190 13
10191 13
10192 14
10193 14
10194 14
10195 14
10196 14
10197 14
10198 14
10199 14
10200 14
10201 14
10202 14
10203 14
10204 14
10205 14
10206 15
10207 15
10208 15
10209 15
10210 15
10211 15
10212 15
10213 15
10214 15
10215 15
10216 15
10217 15
10218 15
10219 15
10220 16
10221 16
10222 16
10223 16
10224 16
10225 16
10226 16
10227 16
10228 16
10229 16
10230 16
10231 16
10232 16
10233 16
10234 17
10235 17
10236 17
10237 17
10238 17
10239 17
10240 17
10241 17
10242 17
10243 17
10244 17
10245 17
10246 17
10247 18
10248 18
10249 18
10250 18
10251 18
10252 18
10253 18
10254 18
10255 18
10256 18
10257 18
10258 18
10259 18
10260 18
10261 18
10262 18
10263 19
10264 19
10265 19
10266 19
10267 19
10268 19
10269 19
10270 19
10271 19
10272 19
10273 19
10274 19
10275 19
10276 19
10277 19
10278 19
10279 19
10280 19
10281 20
10282 20
10283 20
10284 20
10285 20
10286 20
10287 20
10288 20
10289 20
10290 20
10291 20
10292 20
10293 20
10294 20
10295 20
10296 20
10297 20
10298 20
10299 21
10300 21
10301 21
10302 21
10303 21
10304 21
10305 21
10306 21
10307 21
10308 21
10309 21
10310 21
10311 21
10312 21
10313 21
10314 22
10315 22
10316 22
10317 22
10318 22
10319 22
10320 22
10321 22
10322 22
10323 22
10324 22
10325 22
10326 22
10327 22
10328 22
10329 23
10330 23
10331 23
10332 23
10333 23
10334 23
10335 23
10336 23
10337 23
10338 23
10339 23
10340 23
10341 23
10342 24
10343 24
10344 24
10345 24
10346 24
10347 24
10348 24
10349 24
10350 24
10351 24
10352 24
10353 24
10354 24
10355 24
10356 24
10357 24
10358 24
10359 25
10360 25
10361 25
10362 25
10363 25
10364 25
10365 25
10366 25
10367 25
10368 25
10369 25
10370 25
10371 25
10372 25
10373 26
10374 26
10375 26
10376 26
10377 26
10378 26
10379 26
10380 26
10381 26
10382 26
10383 26
10384 26
10385 26
10386 26
10387 26
10388 26
10389 26
10390 27
10391 27
10392 27
10393 27
10394 27
10395 27
10396 27
10397 27
10398 27
10399 27
10400 27
10401 27
10402 27
10403 27
10404 28
10405 28
10406 28
10407 28
10408 28
10409 28
10410 28
10411 28
10412 28
10413 28
10414 28
10415 28
10416 28
10417 28
10418 28
10419 28
10420 29
10421 29
10422 29
10423 29
10424 29
10425 29
10426 29
10427 29
10428 29
10429 29
10430 29
10431 29
10432 30
10433 30
10434 30
10435 30
10436 30
10437 30
10438 30
10439 30
10440 30
10441 30
10442 30
10443 30
10444 31
10445 31
10446 31
10447 31
10448 31
10449 31
10450 31
10451 31
10452 31
10453 31
10454 31
10455 31
10456 32
10457 32
10458 32
10459 32
10460 32
10461 32
10462 32
10463 32
10464 32
10465 32
10466 32
10467 32
10468 33
10469 33
10470 33
10471 33
10472 33
10473 33
10474 33
10475 33
10476 33
10477 33
10478 33
10479 33
10480 34
10481 34
10482 34
10483 34
10484 34
10485 34
10486 34
10487 34
10488 34
10489 34
10490 34
10491 34
10492 35
10493 35
10494 35
10495 35
10496 35
10497 35
10498 35
10499 35
10500 35
10501 35
10502 35
10503 35
10504 35
10505 36
10506 36
10507 36
10508 36
10509 36
10510 36
10511 36
10512 36
10513 36
10514 36
10515 36
10516 36
10517 36
10518 36
10519 36
10520 37
10521 37
10522 37
10523 37
10524 37
10525 37
10526 37
10527 37
10528 37
10529 37
10530 37
10531 37
10532 37
10533 37
10534 37
10535 37
10536 37
10537 37
10538 38
10539 38
10540 38
10541 38
10542 38
10543 38
10544 38
10545 38
10546 38
10547 38
10548 38
10549 38
10550 38
10551 38
10552 38
10553 38
10554 38
10555 38
10556 38
10557 38
10558 39
10559 39
10560 39
10561 39
10562 39
10563 39
10564 39
10565 39
10566 39
10567 39
10568 39
10569 39
10570 39
10571 39
10572 39
10573 39
10574 40
10575 40
10576 40
10577 40
10578 40
10579 40
10580 40
10581 40
10582 40
10583 40
10584 40
10585 40
10586 40
10587 40
10588 40
10589 40
10590 41
10591 41
10592 41
10593 41
10594 41
10595 41
10596 41
10597 41
10598 41
10599 41
10600 41
10601 41
10602 41
10603 41
10604 41
10605 41
10606 41
10607 42
10608 42
10609 42
10610 42
10611 42
10612 42
10613 42
10614 42
10615 42
10616 42
10617 42
10618 42
10619 42
10620 42
10621 42
10622 42
10623 42
10624 42
10625 42
10626 42
10627 42
10628 43
10629 43
10630 43
10631 43
10632 43
10633 43
10634 43
10635 43
10636 43
10637 43
10638 43
10639 43
10640 43
10641 43
10642 43
10643 43
10644 43
10645 43
10646 43
10647 43
10648 43
10649 43
10650 43
10651 43
10652 43
10653 43
10654 43
10655 43
10656 43
10657 43
10658 43
10659 43
10660 44
10661 44
10662 44
10663 44
10664 44
10665 44
10666 44
10667 44
10668 44
10669 44
10670 44
10671 44
10672 44
10673 44
10674 44
10675 44
10676 44
10677 44
10678 44
10679 44
10680 44
10681 44
10682 44
10683 44
10684 44
10685 44
10686 44
10687 44
10688 44
10689 44
10690 44
10691 44
10692 44
10693 44
10694 44
10695 44
10696 44
10697 44
10698 44
10699 44
10700 44
10701 44
10702 44
10703 44
10704 44
10705 44
10706 44
10707 44
10708 44
10709 44
10710 44
10711 44
10712 44
10713 44
10714 44
10715 44
10716 44
10717 44
10718 44
10719 44
10720 44
10721 44
10722 44
10723 44
10724 44
10725 44
10726 44
10727 44
10728 44
10729 44
10730 44
10731 44
10732 44
10733 44
10734 44
10735 44
10736 44
10737 44
10738 44
10739 44
10740 44
10741 44
10742 44
10743 44
10744 44
10745 44
10746 44
10747 44
10748 44
10749 44
10750 44
10751 44
10752 44
10753 44
10754 44
10755 44
10756 44
10757 44
10758 44
10759 44
10760 44
10761 44
10762 44
10763 44
10764 44
10765 44
10766 44
10767 44
10768 44
10769 43
10770 43
10771 43
10772 43
10773 43
10774 43
10775 43
10776 43
10777 43
10778 43
10779 43
10780 43
10781 43
10782 43
10783 43
10784 43
10785 43
10786 43
10787 43
10788 43
10789 43
10790 43
10791 43
10792 43
10793 43
10794 43
10795 43
10796 43
10797 43
10798 43
10799 43
10800 43
10801 43
10802 43
10803 43
10804 43
10805 43
10806 43
10807 43
10808 43
10809 43
10810 43
10811 43
10812 43
10813 43
10814 43
10815 43
10816 42
10817 42
10818 42
10819 42
10820 42
10821 42
10822 42
10823 42
10824 42
10825 42
10826 42
10827 42
10828 42
10829 42
10830 42
10831 42
10832 42
10833 42
10834 42
10835 42
10836 42
10837 42
10838 42
10839 42
10840 42
10841 42
10842 42
10843 42
10844 42
10845 42
10846 42
10847 42
10848 42
10849 41
10850 41
10851 41
10852 41
10853 41
10854 41
10855 41
10856 41
10857 41
10858 41
10859 41
10860 41
10861 41
10862 41
10863 41
10864 41
10865 40
10866 40
10867 40
10868 40
10869 40
10870 40
10871 40
10872 40
10873 40
10874 40
10875 40
10876 40
10877 40
10878 39
10879 39
10880 39
10881 39
10882 39
10883 39
10884 39
10885 39
10886 39
10887 39
10888 39
10889 38
10890 38
10891 38
10892 38
10893 38
10894 38
10895 38
10896 38
10897 38
10898 38
10899 37
10900 37
10901 37
10902 37
10903 37
10904 37
10905 37
10906 37
10907 37
10908 37
10909 37
10910 36
10911 36
10912 36
10913 36
10914 36
10915 36
10916 36
10917 36
10918 36
10919 36
10920 35
10921 35
10922 35
10923 35
10924 35
10925 35
10926 35
10927 35
10928 35
10929 35
10930 35
10931 34
10932 34
10933 34
10934 34
10935 34
10936 34
10937 34
10938 34
10939 34
10940 34
10941 34
10942 34
10943 33
10944 33
10945 33
10946 33
10947 33
10948 33
10949 33
10950 33
10951 32
10952 32
10953 32
10954 32
10955 32
10956 32
10957 32
10958 32
10959 31
10960 31
10961 31
10962 31
10963 31
10964 31
10965 31
10966 31
10967 31
10968 31
10969 30
10970 30
10971 30
10972 30
10973 30
10974 30
10975 30
10976 30
10977 29
10978 29
10979 29
10980 29
10981 29
10982 29
10983 29
10984 29
10985 28
10986 28
10987 28
10988 28
10989 28
10990 28
10991 28
10992 28
10993 27
10994 27
10995 27
10996 27
10997 27
10998 27
10999 27
11000 27
11001 26
11002 26
11003 26
11004 26
11005 26
11006 26
11007 26
11008 25
11009 25
11010 25
11011 25
11012 25
11013 25
11014 25
11015 24
11016 24
11017 24
11018 24
11019 24
11020 24
11021 24
11022 23
11023 23
11024 23
11025 23
11026 23
11027 23
11028 23
11029 22
11030 22
11031 22
11032 22
11033 22
11034 22
11035 22
11036 21
11037 21
11038 21
11039 21
11040 21
11041 21
11042 21
11043 21
11044 20
11045 20
11046 20
11047 20
11048 20
11049 20
11050 20
11051 20
11052 19
11053 19
11054 19
11055 19
11056 19
11057 19
11058 19
11059 18
11060 18
11061 18
11062 18
11063 18
11064 18
11065 18
11066 18
11067 18
11068 17
11069 17
11070 17
11071 17
11072 17
11073 17
11074 17
11075 17
11076 17
11077 16
11078 16
11079 16
11080 16
11081 16
11082 16
11083 16
11084 16
11085 16
11086 16
11087 15
11088 15
11089 15
11090 15
11091 15
11092 15
11093 15
11094 15
11095 15
11096 14
11097 14
11098 14
11099 14
11100 14
11101 14
11102 14
11103 14
11104 14
11105 13
11106 13
11107 13
11108 13
11109 13
11110 13
11111 13
11112 13
11113 12
11114 12
11115 12
11116 12
11117 12
11118 12
11119 12
11120 12
11121 12
11122 12
11123 12
11124 12
11125 11
11126 11
11127 11
11128 11
11129 11
11130 11
11131 11
11132 11
11133 11
11134 11
11135 10
11136 10
11137 10
11138 10
11139 10
11140 10
11141 10
11142 10
11143 10
11144 10
11145 10
11146 9
11147 9
11148 9
11149 9
11150 9
11151 9
11152 9
11153 9
11154 9
11155 9
11156 9
11157 9
11158 8
11159 8
11160 8
11161 8
11162 8
11163 8
11164 8
11165 8
11166 8
11167 8
11168 8
11169 7
11170 7
11171 7
11172 7
11173 7
11174 7
11175 7
11176 7
11177 7
11178 7
11179 7
11180 7
11181 7
11182 7
11183 7
11184 6
11185 6
11186 6
11187 6
11188 6
11189 6
11190 6
11191 6
11192 6
11193 6
11194 6
11195 5
11196 5
11197 5
11198 5
11199 5
11200 5
11201 5
11202 5
11203 5
11204 5
11205 5
11206 4
11207 4
11208 4
11209 4
11210 4
11211 4
11212 4
11213 4
11214 4
11215 4
11216 4
11217 4
11218 4
11219 4
11220 4
11221 4
11222 4
11223 4
11224 3
11225 3
11226 3
11227 3
11228 3
11229 3
11230 3
11231 3
11232 3
11233 3
11234 3
11235 3
11236 3
11237 3
11238 3
11239 2
11240 2
11241 2
11242 2
11243 2
11244 2
11245 2
11246 2
11247 2
11248 2
11249 2
11250 2
11251 2
11252 2
11253 2
11254 2
11255 2
11256 2
11257 2
11258 2
11259 2
11260 1
11261 1
11262 1
11263 1
11264 1
11265 1
11266 1
11267 1
11268 1
11269 1
11270 1
11271 1
11272 1
11273 1
11274 1
11275 1
11276 1
11277 1
11278 1
11279 1
11280 1
11281 1
11282 1
11283 1
11284 1
11285 1
11286 1
11287 1
11288 1
11289 1
11290 1
11291 1
11292 1
11293 1
11294 1
11295 1
11296 1
11297 1
11298 1
11299 1
11300 1
11301 1
11302 1
11303 1
11304 1
11305 1
11306 1
11307 1
11308 1
11309 1
11310 1
11311 1
11312 1
11313 1
11314 1
11315 1
11316 1
11317 1
11318 1
11319 1
11320 1
11321 1
11322 1
11323 1
11324 1
11325 1
11326 1
11327 1
11328 1
11329 1
11330 1
11331 1
11332 1
11333 1
11334 1
11335 1
11336 1
11337 1
11338 1
11339 1
11340 1
11341 1
11342 1
11343 1
11344 1
11345 1
11346 1
11347 1
11348 1
11349 1
11350 1
11351 1
11352 1
11353 1
11354 1
11355 1
11356 1
11357 1
11358 1
11359 1
11360 1
11361 1
11362 1
11363 1
11364 1
11365 1
11366 1
11367 1
11368 1
11369 1
11370 1
11371 1
11372 1
11373 1
11374 1
11375 1
11376 1
11377 1
11378 1
11379 1
11380 1
11381 1
11382 1
11383 1
11384 1
11385 1
11386 1
11387 1
11388 1
11389 1
11390 1
11391 1
11392 1
11393 1
11394 1
11395 1
11396 1
11397 1
11398 1
11399 1
11400 1
11401 1
11402 1
11403 1
11404 1
11405 1
11406 1
11407 1
11408 1
11409 1
11410 1
11411 1
11412 1
11413 1
11414 1
11415 1
11416 1
11417 1
11418 1
11419 1
11420 1
11421 1
11422 1
11423 1
11424 1
11425 1
11426 1
11427 1
11428 1
11429 1
11430 1
11431 1
11432 1
11433 1
11434 1
11435 1
11436 1
11437 1
11438 1
11439 1
11440 1
11441 1
11442 1
11443 1
11444 1
11445 1
11446 1
11447 1
11448 1
11449 1
11450 1
11451 1
11452 1
11453 1
11454 1
11455 1
11456 1
11457 1
11458 1
11459 1
11460 1
11461 1
11462 1
11463 1
11464 1
11465 1
11466 1
11467 1
11468 1
11469 1
11470 1
11471 1
11472 1
11473 1
11474 1
11475 1
11476 1
11477 1
11478 1
11479 1
11480 1
11481 1
11482 1
11483 1
11484 1
11485 1
11486 1
11487 1
11488 1
11489 1
11490 1
11491 1
11492 1
11493 1
11494 1
11495 1
11496 1
11497 1
11498 1
11499 1
11500 1
11501 1
11502 1
11503 1
11504 1
11505 1
11506 1
11507 1
11508 1
11509 1
11510 1
11511 1
11512 2
11513 2
11514 2
11515 2
11516 2
11517 2
11518 2
11519 2
11520 2
11521 2
11522 2
11523 2
11524 2
11525 2
11526 2
11527 2
11528 2
11529 2
11530 2
11531 2
11532 2
11533 2
11534 2
11535 2
11536 2
11537 2
11538 2
11539 3
11540 3
11541 3
11542 3
11543 3
11544 3
11545 3
11546 3
11547 3
11548 3
11549 3
11550 3
11551 3
11552 4
11553 4
11554 4
11555 4
11556 4
11557 4
11558 4
11559 4
11560 5
11561 5
11562 5
11563 5
11564 5
11565 5
11566 5
11567 5
11568 5
11569 5
11570 6
11571 6
11572 6
11573 6
11574 6
11575 6
11576 6
11577 6
11578 6
11579 6
11580 7
11581 7
11582 7
11583 7
11584 7
11585 7
11586 7
11587 7
11588 7
11589 8
11590 8
11591 8
11592 8
11593 8
11594 8
11595 8
11596 8
11597 9
11598 9
11599 9
11600 9
11601 9
11602 9
11603 9
11604 9
11605 9
11606 9
11607 10
11608 10
11609 10
11610 10
11611 10
11612 10
11613 10
11614 10
11615 10
11616 10
11617 11
11618 11
11619 11
11620 11
11621 11
11622 11
11623 11
11624 11
11625 11
11626 11
11627 11
11628 11
11629 11
11630 12
11631 12
11632 12
11633 12
11634 12
11635 12
11636 12
11637 12
11638 12
11639 12
11640 12
11641 12
11642 12
11643 13
11644 13
11645 13
11646 13
11647 13
11648 13
11649 13
11650 13
11651 13
11652 13
11653 14
11654 14
11655 14
11656 14
11657 14
11658 14
11659 14
11660 14
11661 14
11662 14
11663 14
11664 14
11665 14
11666 14
11667 14
11668 15
11669 15
11670 15
11671 15
11672 15
11673 15
11674 15
11675 15
11676 15
11677 15
11678 15
11679 15
11680 15
11681 15
11682 14
11683 15
11684 15
11685 15
11686 15
11687 15
11688 15
11689 15
11690 15
11691 15
11692 15
11693 15
11694 15
11695 15
11696 15
11697 15
11698 15
11699 15
11700 15
11701 15
11702 15
11703 15
11704 15
11705 15
11706 15
11707 15
11708 15
11709 15
11710 15
11711 15
11712 15
11713 15
11714 15
11715 15
11716 15
11717 15
11718 15
11719 15
11720 15
11721 15
11722 15
11723 15
11724 15
11725 15
11726 15
11727 15
11728 15
11729 15
11730 15
11731 14
11732 14
11733 14
11734 14
11735 14
11736 14
11737 14
11738 14
11739 14
11740 14
11741 14
11742 14
11743 14
11744 14
11745 14
11746 14
11747 14
11748 14
11749 14
11750 14
11751 14
11752 14
11753 13
11754 13
11755 13
11756 13
11757 13
11758 13
11759 13
11760 13
11761 13
11762 13
11763 13
11764 13
11765 13
11766 13
11767 13
11768 13
11769 13
11770 13
11771 13
11772 12
11773 12
11774 13
11775 13
11776 13
11777 13
11778 12
11779 12
11780 12
11781 12
11782 12
11783 12
11784 12
11785 12
11786 12
11787 12
11788 12
11789 12
11790 12
11791 12
11792 12
11793 11
11794 11
11795 11
11796 11
11797 11
11798 11
11799 11
11800 11
11801 11
11802 10
11803 10
11804 10
11805 10
11806 10
11807 10
11808 10
11809 10
11810 10
11811 10
11812 10
11813 9
11814 9
11815 9
11816 9
11817 9
11818 9
11819 9
11820 9
11821 9
11822 9
11823 9
11824 9
11825 9
11826 8
11827 8
11828 8
11829 8
11830 8
11831 8
11832 8
11833 8
11834 8
11835 8
11836 8
11837 8
11838 8
11839 8
11840 7
11841 7
11842 7
11843 7
11844 7
11845 7
11846 7
11847 7
11848 7
11849 7
11850 7
11851 7
11852 7
11853 7
11854 7
11855 7
11856 7
11857 6
11858 6
11859 6
11860 6
11861 6
11862 6
11863 6
11864 6
11865 6
11866 6
11867 6
11868 6
11869 6
11870 6
11871 6
11872 6
11873 6
11874 6
11875 6
11876 5
11877 5
11878 5
11879 5
11880 5
11881 5
11882 5
11883 5
11884 5
11885 5
11886 5
11887 5
11888 5
11889 5
11890 5
11891 5
11892 5
11893 5
11894 5
11895 5
11896 5
11897 5
11898 5
11899 5
11900 5
11901 5
11902 5
11903 5
11904 5
11905 5
11906 5
11907 5
11908 5
11909 6
11910 6
11911 6
11912 6
11913 6
11914 6
11915 6
11916 6
11917 6
11918 6
11919 6
11920 6
11921 7
11922 7
11923 7
11924 7
11925 7
11926 7
11927 7
11928 7
11929 7
11930 7
11931 7
11932 7
11933 7
11934 7
11935 7
11936 7
11937 7
11938 7
11939 8
11940 8
11941 8
11942 8
11943 8
11944 8
11945 8
11946 8
11947 8
11948 8
11949 8
11950 8
11951 8
11952 8
11953 8
11954 8
11955 8
11956 8
11957 8
11958 8
11959 8
11960 8
11961 8
11962 8
11963 8
11964 8
11965 8
11966 9
11967 9
11968 9
11969 9
11970 9
11971 9
11972 9
11973 9
11974 9
11975 9
11976 9
11977 9
11978 9
11979 9
11980 9
11981 9
11982 9
11983 10
11984 10
11985 10
11986 10
11987 10
11988 10
11989 10
11990 10
11991 10
11992 10
11993 10
11994 10
11995 10
11996 11
11997 11
11998 11
11999 11
12000 11
12001 11
12002 11
12003 11
12004 11
12005 11
12006 11
12007 11
12008 11
12009 11
12010 11
12011 11
12012 11
12013 11
12014 11
12015 11
12016 11
12017 11
12018 11
12019 11
12020 11
12021 11
12022 11
12023 11
12024 11
12025 11
12026 11
12027 11
12028 11
12029 11
12030 11
12031 11
12032 12
12033 12
12034 12
12035 12
12036 12
12037 12
12038 12
12039 12
12040 12
12041 12
12042 12
12043 12
12044 12
12045 12
12046 12
12047 12
12048 12
12049 12
12050 12
12051 12
12052 12
12053 12
12054 12
12055 12
12056 12
12057 12
12058 12
12059 12
12060 12
12061 12
12062 12
12063 12
12064 12
12065 12
12066 12
12067 12
12068 12
12069 12
12070 12
12071 12
12072 12
12073 12
12074 12
12075 12
12076 12
12077 12
12078 12
12079 11
12080 11
12081 11
12082 11
12083 11
12084 11
12085 11
12086 11
12087 11
12088 11
12089 11
12090 11
12091 11
12092 11
12093 11
12094 11
12095 11
12096 11
12097 11
12098 11
12099 11
12100 11
12101 10
12102 10
12103 10
12104 10
12105 10
12106 10
12107 10
12108 10
12109 10
12110 10
12111 10
12112 10
12113 9
12114 9
12115 9
12116 9
12117 9
12118 9
12119 9
12120 9
12121 9
12122 8
12123 8
12124 8
12125 8
12126 8
12127 8
12128 8
12129 8
12130 8
12131 8
12132 7
12133 7
12134 7
12135 7
12136 7
12137 7
12138 7
12139 7
12140 7
12141 7
12142 6
12143 6
12144 6
12145 6
12146 6
12147 6
12148 6
12149 6
12150 6
12151 6
12152 6
12153 6
12154 6
12155 6
12156 5
12157 5
12158 5
12159 5
12160 5
12161 5
12162 5
12163 5
12164 5
12165 5
12166 5
12167 5
12168 5
12169 5
12170 5
12171 5
12172 5
12173 5
12174 5
12175 5
12176 5
12177 5
12178 5
12179 5
12180 5
12181 5
12182 5
12183 5
12184 6
12185 6
12186 6
12187 6
12188 6
12189 6
12190 6
12191 6
12192 6
12193 6
12194 6
12195 6
12196 6
12197 6
12198 6
12199 6
12200 6
12201 6
12202 6
12203 6
12204 6
12205 6
12206 6
12207 7
12208 7
12209 7
12210 7
12211 7
12212 7
12213 7
12214 7
12215 7
12216 7
12217 7
12218 8
12219 8
12220 8
12221 8
12222 8
12223 8
12224 8
12225 8
12226 8
12227 8
12228 8
12229 8
12230 8
12231 8
12232 8
12233 8
12234 8
12235 8
12236 8
12237 8
12238 8
12239 8
12240 8
12241 8
12242 9
12243 9
12244 9
12245 9
12246 9
12247 9
12248 9
12249 9
12250 9
12251 9
12252 9
12253 9
12254 9
12255 9
12256 9
12257 9
12258 9
12259 9
12260 9
12261 9
12262 9
12263 9
12264 9
12265 9
12266 9
12267 9
12268 9
12269 9
12270 9
12271 9
12272 9
12273 9
12274 10
12275 10
12276 10
12277 10
12278 10
12279 10
12280 10
12281 10
12282 10
12283 10
12284 10
12285 10
12286 10
12287 10
12288 10
12289 10
12290 10
12291 10
12292 10
12293 10
12294 10
12295 10
12296 10
12297 10
12298 10
12299 10
12300 10
12301 10
12302 10
12303 10
12304 10
12305 10
12306 10
12307 10
12308 10
12309 10
12310 10
12311 10
12312 10
12313 10
12314 10
12315 10
12316 10
12317 10
12318 10
12319 10
12320 10
12321 10
12322 10
12323 10
12324 10
12325 10
12326 10
12327 10
12328 10
12329 10
12330 10
12331 10
12332 10
12333 10
12334 10
12335 10
12336 10
12337 10
12338 10
12339 10
12340 10
12341 10
12342 10
12343 10
12344 10
12345 10
12346 10
12347 10
12348 10
12349 10
12350 10
12351 10
12352 10
12353 10
12354 10
12355 10
12356 10
12357 10
12358 10
12359 10
12360 9
12361 9
12362 9
12363 9
12364 9
12365 9
12366 9
12367 9
12368 9
12369 9
12370 9
12371 9
12372 9
12373 9
12374 9
12375 9
12376 9
12377 9
12378 9
12379 9
12380 9
12381 8
12382 8
12383 8
12384 8
12385 8
12386 8
12387 8
12388 8
12389 8
12390 8
12391 8
12392 8
12393 7
12394 7
12395 7
12396 7
12397 7
12398 7
12399 7
12400 7
12401 7
12402 7
12403 7
12404 7
12405 7
12406 7
12407 6
12408 6
12409 6
12410 6
12411 6
12412 6
12413 6
12414 6
12415 6
12416 6
12417 6
12418 6
12419 6
12420 6
12421 5
12422 5
12423 5
12424 5
12425 5
12426 5
12427 5
12428 5
12429 5
12430 5
12431 5
12432 5
12433 5
12434 5
12435 5
12436 5
12437 5
12438 5
12439 5
12440 5
12441 5
12442 5
12443 5
12444 5
12445 5
12446 5
12447 5
12448 5
12449 5
12450 5
12451 5
12452 5
12453 5
12454 5
12455 5
12456 5
12457 5
12458 5
12459 5
12460 5
12461 5
12462 5
12463 5
12464 5
12465 5
12466 5
12467 5
12468 5
12469 5
12470 5
12471 5
12472 5
12473 5
12474 5
12475 5
12476 5
12477 6
12478 6
12479 6
12480 6
12481 6
12482 6
12483 6
12484 6
12485 6
12486 6
12487 6
12488 7
12489 7
12490 7
12491 7
12492 7
12493 7
12494 7
12495 7
12496 8
12497 8
12498 8
12499 8
12500 8
12501 8
12502 8
12503 8
12504 8
12505 8
12506 8
12507 8
12508 8
12509 8
12510 8
12511 8
12512 8
12513 8
12514 8
12515 8
12516 8
12517 8
12518 9
12519 9
12520 9
12521 9
12522 9
12523 9
12524 9
12525 9
12526 9
12527 9
12528 9
12529 9
12530 10
12531 10
12532 10
12533 10
12534 10
12535 10
12536 10
12537 10
12538 10
12539 10
12540 10
12541 10
12542 10
12543 10
12544 10
12545 10
12546 10
12547 10
12548 10
12549 10
12550 10
12551 10
12552 10
12553 10
12554 10
12555 10
12556 10
12557 10
12558 10
12559 10
12560 10
12561 10
12562 10
12563 10
12564 10
12565 10
12566 10
12567 10
12568 10
12569 10
12570 10
12571 10
12572 10
12573 10
12574 10
12575 10
12576 10
12577 10
12578 10
12579 10
12580 10
12581 10
12582 10
12583 10
12584 10
12585 10
12586 10
12587 10
12588 10
12589 10
12590 10
12591 10
12592 10
12593 10
12594 10
12595 10
12596 10
12597 10
12598 10
12599 10
12600 10
12601 10
12602 10
12603 10
12604 10
12605 10
12606 10
12607 10
12608 10
12609 10
12610 10
12611 10
12612 10
12613 10
12614 10
12615 10
12616 9
12617 9
12618 9
12619 9
12620 9
12621 9
12622 9
12623 9
12624 9
12625 9
12626 9
12627 9
12628 9
12629 8
12630 8
12631 8
12632 8
12633 8
12634 8
12635 8
12636 8
12637 7
12638 7
12639 7
12640 7
12641 7
12642 7
12643 7
12644 7
12645 7
12646 6
12647 6
12648 6
12649 6
12650 6
12651 6
12652 6
12653 6
12654 6
12655 6
12656 6
12657 5
12658 5
12659 5
12660 5
12661 5
12662 5
12663 5
12664 5
12665 5
12666 4
12667 4
12668 4
12669 4
12670 4
12671 4
12672 4
12673 4
12674 4
12675 4
12676 4
12677 4
12678 4
12679 3
12680 3
12681 3
12682 3
12683 3
12684 3
12685 3
12686 3
12687 3
12688 3
12689 3
12690 3
12691 3
12692 3
12693 3
12694 3
12695 3
12696 3
12697 3
12698 3
12699 3
12700 3
12701 3
12702 3
12703 3
12704 3
12705 4
12706 4
12707 4
12708 4
12709 4
12710 4
12711 4
12712 4
12713 5
12714 5
12715 5
12716 5
12717 5
12718 5
12719 5
12720 5
12721 5
12722 5
12723 6
12724 6
12725 6
12726 6
12727 6
12728 6
12729 6
12730 6
12731 7
12732 7
12733 7
12734 7
12735 7
12736 7
12737 7
12738 7
12739 8
12740 8
12741 8
12742 8
12743 8
12744 8
12745 8
12746 8
12747 9
12748 9
12749 9
12750 9
12751 9
12752 9
12753 9
12754 9
12755 9
12756 9
12757 9
12758 10
12759 10
12760 10
12761 10
12762 10
12763 10
12764 10
12765 10
12766 10
12767 10
12768 10
12769 10
12770 10
12771 10
12772 10
12773 10
12774 11
12775 11
12776 11
12777 11
12778 11
12779 11
12780 11
12781 11
12782 11
12783 11
12784 11
12785 11
12786 11
12787 12
12788 12
12789 12
12790 12
12791 12
12792 12
12793 12
12794 12
12795 12
12796 12
12797 12
12798 12
12799 12
12800 12
12801 12
12802 12
12803 12
12804 12
12805 12
12806 12
12807 12
12808 12
12809 12
12810 12
12811 12
12812 12
12813 12
12814 12
12815 12
12816 12
12817 12
12818 12
12819 12
12820 12
12821 12
12822 12
12823 12
12824 12
12825 12
12826 12
12827 12
12828 12
12829 12
12830 12
12831 12
12832 12
12833 12
12834 12
12835 12
12836 12
12837 12
12838 12
12839 12
12840 12
12841 12
12842 12
12843 12
12844 12
12845 12
12846 12
12847 12
12848 12
12849 12
12850 12
12851 12
12852 12
12853 12
12854 12
12855 12
12856 12
12857 12
12858 12
12859 11
12860 11
12861 11
12862 11
12863 11
12864 11
12865 11
12866 11
12867 11
12868 11
12869 11
12870 11
12871 10
12872 10
12873 10
12874 10
12875 10
12876 10
12877 10
12878 10
12879 10
12880 10
12881 10
12882 10
12883 10
12884 10
12885 9
12886 9
12887 9
12888 9
12889 9
12890 9
12891 9
12892 9
12893 9
12894 9
12895 8
12896 8
12897 8
12898 8
12899 8
12900 8
12901 8
12902 8
12903 8
12904 8
12905 7
12906 7
12907 7
12908 7
12909 7
12910 7
12911 7
12912 7
12913 7
12914 7
12915 6
12916 6
12917 6
12918 6
12919 6
12920 6
12921 6
12922 6
12923 6
12924 6
12925 6
12926 6
12927 6
12928 5
12929 5
12930 5
12931 5
12932 5
12933 5
12934 5
12935 5
12936 5
12937 5
12938 5
12939 5
12940 5
12941 5
12942 5
12943 5
12944 5
12945 5
12946 5
12947 5
12948 5
12949 5
12950 5
12951 6
12952 6
12953 6
12954 6
12955 6
12956 6
12957 6
12958 6
12959 6
12960 6
12961 6
12962 6
12963 6
12964 7
12965 7
12966 7
12967 7
12968 7
12969 7
12970 7
12971 7
12972 7
12973 7
12974 7
12975 7
12976 7
12977 7
12978 7
12979 7
12980 7
12981 7
12982 8
12983 8
12984 8
12985 8
12986 8
12987 8
12988 8
12989 8
12990 9
12991 9
12992 9
12993 9
12994 9
12995 9
12996 9
12997 9
12998 9
12999 9
13000 9
13001 10
13002 10
13003 10
13004 10
13005 10
13006 10
13007 10
13008 10
13009 10
13010 10
13011 10
13012 10
13013 10
13014 10
13015 10
13016 10
13017 10
13018 10
13019 10
13020 10
13021 10
13022 11
13023 11
13024 11
13025 11
13026 11
13027 11
13028 11
13029 11
13030 11
13031 11
13032 11
13033 11
13034 11
13035 11
13036 11
13037 11
13038 11
13039 11
13040 11
13041 11
13042 11
13043 11
13044 11
13045 11
13046 11
13047 11
13048 11
13049 11
13050 11
13051 11
13052 11
13053 11
13054 11
13055 11
13056 11
13057 11
13058 11
13059 11
13060 11
13061 11
13062 11
13063 11
13064 11
13065 11
13066 11
13067 11
13068 11
13069 11
13070 11
13071 11
13072 11
13073 11
13074 11
13075 11
13076 11
13077 11
13078 11
13079 11
13080 11
13081 11
13082 11
13083 11
13084 11
13085 11
13086 11
13087 11
13088 11
13089 11
13090 11
13091 11
13092 10
13093 10
13094 10
13095 10
13096 10
13097 10
13098 10
13099 10
13100 10
13101 10
13102 10
13103 9
13104 9
13105 9
13106 9
13107 9
13108 9
13109 9
13110 9
13111 9
13112 9
13113 9
13114 9
13115 9
13116 9
13117 9
13118 9
13119 9
13120 8
13121 8
13122 8
13123 8
13124 8
13125 8
13126 8
13127 8
13128 8
13129 8
13130 8
13131 8
13132 8
13133 8
13134 8
13135 8
13136 8
13137 8
13138 8
13139 8
13140 7
13141 7
13142 7
13143 7
13144 7
13145 7
13146 7
13147 7
13148 7
13149 7
13150 7
13151 7
13152 7
13153 7
13154 7
13155 7
13156 7
13157 7
13158 6
13159 6
13160 6
13161 6
13162 6
13163 6
13164 6
13165 6
13166 6
13167 6
13168 6
13169 6
13170 5
13171 5
13172 5
13173 5
13174 5
13175 5
13176 5
13177 5
13178 5
13179 5
13180 4
13181 4
13182 4
13183 4
13184 4
13185 4
13186 4
13187 4
13188 4
13189 4
13190 4
13191 4
13192 4
13193 4
13194 5
13195 5
13196 5
13197 5
13198 5
13199 5
13200 5
13201 5
13202 5
13203 5
13204 5
13205 5
13206 5
13207 5
13208 5
13209 5
13210 5
13211 5
13212 5
13213 5
13214 5
13215 6
13216 6
13217 6
13218 6
13219 6
13220 6
13221 6
13222 6
13223 6
13224 6
13225 6
13226 6
13227 6
13228 6
13229 6
13230 6
13231 6
13232 6
13233 7
13234 7
13235 7
13236 7
13237 7
13238 7
13239 7
13240 7
13241 7
13242 7
13243 7
13244 7
13245 7
13246 7
13247 7
13248 7
13249 7
13250 7
13251 7
13252 7
13253 7
13254 7
13255 7
13256 7
13257 8
13258 8
13259 8
13260 8
13261 8
13262 8
13263 8
13264 8
13265 8
13266 8
13267 8
13268 8
13269 8
13270 8
13271 8
13272 8
13273 8
13274 8
13275 8
13276 8
13277 8
13278 8
13279 8
13280 8
13281 8
13282 8
13283 8
13284 8
13285 8
13286 8
13287 8
13288 8
13289 8
13290 9
13291 9
13292 9
13293 9
13294 9
13295 9
13296 9
13297 9
13298 9
13299 9
13300 9
13301 9
13302 9
13303 9
13304 9
13305 9
13306 9
13307 9
13308 9
13309 9
13310 9
13311 9
13312 9
13313 9
13314 9
13315 9
13316 9
13317 9
13318 9
13319 9
13320 9
13321 9
13322 9
13323 9
13324 9
13325 9
13326 9
13327 9
13328 9
13329 9
13330 9
13331 8
13332 8
13333 8
13334 8
13335 8
13336 8
13337 8
13338 8
13339 8
13340 8
13341 8
13342 8
13343 8
13344 8
13345 8
13346 8
13347 8
13348 8
13349 8
13350 8
13351 8
13352 8
13353 8
13354 8
13355 8
13356 8
13357 8
13358 8
13359 8
13360 8
13361 8
13362 8
13363 8
13364 8
13365 8
13366 8
13367 8
13368 8
13369 8
13370 8
13371 7
13372 7
13373 7
13374 7
13375 7
13376 7
13377 7
13378 7
13379 7
13380 7
13381 7
13382 7
13383 7
13384 7
13385 7
13386 7
13387 7
13388 7
13389 7
13390 7
13391 7
13392 7
13393 7
13394 7
13395 7
13396 6
13397 6
13398 6
13399 6
13400 6
13401 6
13402 6
13403 6
13404 6
13405 6
13406 6
13407 6
13408 6
13409 6
13410 6
13411 6
13412 6
13413 6
13414 6
13415 6
13416 6
13417 6
13418 6
13419 6
13420 6
13421 6
13422 6
13423 6
13424 6
13425 6
13426 6
13427 6
13428 6
13429 6
13430 6
13431 6
13432 6
13433 6
13434 6
13435 6
13436 6
13437 6
13438 6
13439 6
13440 6
13441 6
13442 6
13443 6
13444 6
13445 6
13446 6
13447 6
13448 6
13449 6
13450 6
13451 6
13452 7
13453 7
13454 7
13455 7
13456 7
13457 7
13458 7
13459 7
13460 7
13461 7
13462 7
13463 7
13464 7
13465 7
13466 7
13467 8
13468 8
13469 8
13470 8
13471 8
13472 8
13473 8
13474 8
13475 8
13476 8
13477 8
13478 8
13479 8
13480 8
13481 8
13482 8
13483 8
13484 8
13485 8
13486 8
13487 8
13488 8
13489 8
13490 8
13491 9
13492 9
13493 9
13494 9
13495 9
13496 9
13497 9
13498 9
13499 9
13500 9
13501 9
13502 9
13503 9
13504 9
13505 10
13506 10
13507 10
13508 10
13509 10
13510 10
13511 10
13512 10
13513 10
13514 10
13515 10
13516 10
13517 10
13518 10
13519 10
13520 10
13521 10
13522 10
13523 10
13524 10
13525 10
13526 10
13527 10
13528 10
13529 10
13530 10
13531 10
13532 10
13533 10
13534 10
13535 10
13536 10
13537 10
13538 10
13539 10
13540 10
13541 10
13542 10
13543 10
13544 10
13545 10
13546 10
13547 10
13548 10
13549 10
13550 10
13551 10
13552 10
13553 10
13554 10
13555 10
13556 10
13557 10
13558 10
13559 10
13560 10
13561 10
13562 10
13563 10
13564 10
13565 10
13566 10
13567 10
13568 10
13569 10
13570 10
13571 10
13572 10
13573 10
13574 10
13575 10
13576 10
13577 10
13578 10
13579 10
13580 10
13581 9
13582 9
13583 9
13584 9
13585 9
13586 9
13587 9
13588 9
13589 9
13590 9
13591 9
13592 9
13593 9
13594 9
13595 9
13596 9
13597 8
13598 8
13599 8
13600 8
13601 8
13602 8
13603 8
13604 8
13605 7
13606 7
13607 7
13608 7
13609 7
13610 7
13611 7
13612 7
13613 7
13614 7
13615 7
13616 7
13617 7
13618 6
13619 6
13620 6
13621 6
13622 6
13623 6
13624 6
13625 6
13626 5
13627 5
13628 5
13629 5
13630 5
13631 5
13632 5
13633 5
13634 5
13635 5
13636 5
13637 5
13638 5
13639 5
13640 5
13641 5
13642 5
13643 5
13644 5
13645 5
13646 4
13647 4
13648 4
13649 4
13650 4
13651 5
13652 5
13653 5
13654 5
13655 5
13656 5
13657 5
13658 5
13659 5
13660 5
13661 5
13662 5
13663 5
13664 5
13665 5
13666 5
13667 5
13668 5
13669 6
13670 6
13671 6
13672 6
13673 6
13674 6
13675 6
13676 6
13677 6
13678 6
13679 6
13680 7
13681 7
13682 7
13683 7
13684 7
13685 7
13686 7
13687 7
13688 7
13689 7
13690 8
13691 8
13692 8
13693 8
13694 8
13695 8
13696 8
13697 8
13698 8
13699 8
13700 9
13701 9
13702 9
13703 9
13704 9
13705 9
13706 9
13707 9
13708 9
13709 9
13710 10
13711 10
13712 10
13713 10
13714 10
13715 10
13716 10
13717 10
13718 10
13719 10
13720 10
13721 11
13722 11
13723 11
13724 11
13725 11
13726 11
13727 11
13728 11
13729 11
13730 11
13731 11
13732 11
13733 11
13734 11
13735 11
13736 11
13737 11
13738 12
13739 12
13740 12
13741 12
13742 12
13743 12
13744 12
13745 12
13746 12
13747 12
13748 12
13749 12
13750 12
13751 12
13752 12
13753 12
13754 12
13755 13
13756 13
13757 13
13758 13
13759 13
13760 13
13761 13
13762 13
13763 13
13764 13
13765 13
13766 13
13767 13
13768 13
13769 13
13770 13
13771 13
13772 13
13773 13
13774 13
13775 13
13776 13
13777 13
13778 13
13779 14
13780 14
13781 14
13782 14
13783 14
13784 14
13785 14
13786 14
13787 14
13788 14
13789 14
13790 14
13791 14
13792 14
13793 14
13794 14
13795 14
13796 14
13797 14
13798 14
13799 14
13800 14
13801 14
13802 14
13803 14
13804 14
13805 14
13806 14
13807 14
13808 14
13809 14
13810 14
13811 14
13812 14
13813 14
13814 14
13815 14
13816 14
13817 13
13818 13
13819 13
13820 14
13821 14
13822 14
13823 14
13824 13
13825 13
13826 13
13827 13
13828 13
13829 13
13830 13
13831 13
13832 13
13833 13
13834 13
13835 13
13836 13
13837 13
13838 13
13839 13
13840 13
13841 13
13842 13
13843 13
13844 12
13845 12
13846 12
13847 12
13848 12
13849 12
13850 12
13851 12
13852 12
13853 12
13854 12
13855 12
13856 12
13857 11
13858 11
13859 11
13860 11
13861 11
13862 11
13863 11
13864 11
13865 11
13866 11
13867 10
13868 10
13869 10
13870 10
13871 10
13872 10
13873 10
13874 10
13875 10
13876 10
13877 10
13878 9
13879 9
13880 9
13881 9
13882 9
13883 9
13884 9
13885 9
13886 8
13887 8
13888 8
13889 8
13890 8
13891 8
13892 8
13893 8
13894 8
13895 8
13896 7
13897 7
13898 7
13899 7
13900 7
13901 7
13902 7
13903 7
13904 7
13905 7
13906 6
13907 6
13908 6
13909 6
13910 6
13911 6
13912 6
13913 6
13914 6
13915 6
13916 6
13917 6
13918 6
13919 6
13920 6
13921 6
13922 6
13923 6
13924 6
13925 6
13926 6
13927 6
13928 6
13929 6
13930 6
13931 6
13932 6
13933 5
13934 5
13935 5
13936 5
13937 5
13938 5
13939 5
13940 5
13941 5
13942 5
13943 5
13944 5
13945 5
13946 5
13947 5
13948 5
13949 5
13950 5
13951 5
13952 5
13953 5
13954 5
13955 5
13956 5
13957 5
13958 5
13959 5
13960 5
13961 5
13962 5
13963 5
13964 5
13965 5
13966 5
13967 5
13968 5
13969 5
13970 5
13971 5
13972 5
13973 5
13974 5
13975 5
13976 5
13977 4
13978 4
13979 4
13980 4
13981 4
13982 4
13983 4
13984 4
13985 4
13986 4
13987 4
13988 4
13989 4
13990 4
13991 4
13992 4
13993 4
13994 4
13995 4
13996 4
13997 4
13998 4
13999 4
14000 4
14001 4
14002 4
14003 4
14004 4
14005 4
14006 4
14007 4
14008 4
14009 4
14010 4
14011 4
14012 4
14013 4
14014 4
14015 4
14016 4
14017 4
14018 4
14019 4
14020 4
14021 4
14022 4
14023 4
14024 4
14025 4
14026 4
14027 4
14028 4
14029 4
14030 4
14031 4
14032 4
14033 4
14034 4
14035 4
14036 4
14037 4
14038 4
14039 4
14040 4
14041 4
14042 4
14043 4
14044 4
14045 4
14046 4
14047 4
14048 4
14049 4
14050 4
14051 4
14052 4
14053 4
14054 4
14055 4
14056 4
14057 4
14058 4
14059 4
14060 4
14061 4
14062 4
14063 4
14064 4
14065 4
14066 4
14067 4
14068 4
14069 4
14070 4
14071 4
14072 4
14073 4
14074 4
14075 4
14076 4
14077 4
14078 4
14079 4
14080 4
14081 4
14082 4
14083 4
14084 4
14085 4
14086 4
14087 4
14088 4
14089 4
14090 4
14091 4
14092 4
14093 4
14094 4
14095 4
14096 4
14097 4
14098 4
14099 4
14100 5
14101 5
14102 5
14103 5
14104 5
14105 5
14106 5
14107 5
14108 5
14109 5
14110 5
14111 5
14112 5
14113 5
14114 5
14115 5
14116 5
14117 5
14118 5
14119 5
14120 5
14121 5
14122 5
14123 5
14124 5
14125 5
14126 5
14127 5
14128 5
14129 5
14130 5
14131 5
14132 5
14133 5
14134 5
14135 6
14136 6
14137 6
14138 6
14139 6
14140 6
14141 5
14142 5
14143 6
14144 6
14145 6
14146 6
14147 6
14148 6
14149 6
14150 6
14151 6
14152 6
14153 6
14154 6
14155 6
14156 6
14157 6
14158 6
14159 6
14160 6
14161 6
14162 6
14163 6
14164 6
14165 6
14166 6
14167 7
14168 7
14169 7
14170 7
14171 7
14172 7
14173 7
14174 7
14175 7
14176 7
14177 7
14178 7
14179 7
14180 7
14181 7
14182 7
14183 7
14184 7
14185 7
14186 7
14187 7
14188 7
14189 7
14190 7
14191 7
14192 7
14193 7
14194 7
14195 7
14196 7
14197 7
14198 7
14199 7
14200 7
14201 7
14202 7
14203 7
14204 7
14205 7
14206 7
14207 7
14208 7
14209 7
14210 7
14211 7
14212 7
14213 7
14214 7
14215 7
14216 7
14217 7
14218 7
14219 7
14220 7
14221 7
14222 7
14223 7
14224 7
14225 7
14226 7
14227 7
14228 7
14229 7
14230 7
14231 7
14232 7
14233 7
14234 7
14235 7
14236 7
14237 8
14238 8
14239 8
14240 8
14241 8
14242 8
14243 8
14244 8
14245 8
14246 8
14247 8
14248 8
14249 8
14250 8
14251 8
14252 8
14253 8
14254 8
14255 8
14256 8
14257 8
14258 8
14259 9
14260 9
14261 9
14262 9
14263 9
14264 9
14265 9
14266 9
14267 9
14268 10
14269 10
14270 10
14271 10
14272 10
14273 10
14274 10
14275 10
14276 10
14277 10
14278 10
14279 10
14280 10
14281 11
14282 11
14283 11
14284 11
14285 11
14286 11
14287 11
14288 11
14289 11
14290 11
14291 11
14292 11
14293 11
14294 11
14295 12
14296 12
14297 12
14298 12
14299 12
14300 12
14301 12
14302 12
14303 12
14304 12
14305 12
14306 12
14307 12
14308 12
14309 12
14310 12
14311 12
14312 12
14313 12
14314 12
14315 13
14316 13
14317 13
14318 13
14319 13
14320 13
14321 13
14322 13
14323 13
14324 13
14325 13
14326 13
14327 13
14328 13
14329 13
14330 13
14331 13
14332 13
14333 13
14334 13
14335 13
14336 13
14337 13
14338 13
14339 13
14340 13
14341 13
14342 13
14343 13
14344 13
14345 13
14346 13
14347 13
14348 13
14349 13
14350 13
14351 13
14352 13
14353 13
14354 13
14355 13
14356 13
14357 13
14358 13
14359 13
14360 13
14361 13
14362 13
14363 13
14364 13
14365 13
14366 13
14367 13
14368 13
14369 13
14370 13
14371 13
14372 13
14373 12
14374 12
14375 12
14376 12
14377 12
14378 12
14379 12
14380 12
14381 12
14382 12
14383 12
14384 12
14385 12
14386 12
14387 11
14388 11
14389 11
14390 11
14391 11
14392 11
14393 11
14394 11
14395 11
14396 11
14397 10
14398 10
14399 10
14400 10
14401 10
14402 10
14403 10
14404 10
14405 9
14406 9
14407 9
14408 9
14409 9
14410 9
14411 9
14412 9
14413 8
14414 8
14415 8
14416 8
14417 8
14418 8
14419 8
14420 7
14421 7
14422 7
14423 7
14424 7
14425 7
14426 6
14427 6
14428 6
14429 6
14430 6
14431 6
14432 6
14433 5
14434 5
14435 5
14436 5
14437 5
14438 5
14439 4
14440 4
14441 4
14442 4
14443 4
14444 4
14445 4
14446 4
14447 4
14448 4
14449 4
14450 4
14451 4
14452 4
14453 4
14454 4
14455 4
14456 4
14457 4
14458 4
14459 4
14460 4
14461 4
14462 4
14463 5
14464 5
14465 5
14466 5
14467 5
14468 5
14469 5
14470 5
14471 5
14472 5
14473 6
14474 6
14475 6
14476 6
14477 6
14478 6
14479 7
14480 7
14481 7
14482 7
14483 7
14484 7
14485 8
14486 8
14487 8
14488 8
14489 8
14490 8
14491 9
14492 9
14493 9
14494 9
14495 9
14496 9
14497 9
14498 9
14499 10
14500 10
14501 10
14502 10
14503 10
14504 10
14505 10
14506 10
14507 10
14508 10
14509 11
14510 11
14511 11
14512 11
14513 11
14514 11
14515 11
14516 11
14517 11
14518 11
14519 11
14520 12
14521 12
14522 12
14523 12
14524 12
14525 12
14526 12
14527 12
14528 12
14529 12
14530 12
14531 12
14532 13
14533 13
14534 13
14535 13
14536 13
14537 13
14538 13
14539 13
14540 13
14541 13
14542 13
14543 13
14544 13
14545 13
14546 13
14547 13
14548 13
14549 13
14550 13
14551 13
14552 13
14553 13
14554 13
14555 13
14556 13
14557 13
14558 13
14559 13
14560 13
14561 13
14562 14
14563 14
14564 14
14565 14
14566 14
14567 14
14568 14
14569 13
14570 13
14571 13
14572 13
14573 13
14574 13
14575 13
14576 13
14577 13
14578 13
14579 13
14580 13
14581 13
14582 13
14583 13
14584 13
14585 13
14586 13
14587 13
14588 13
14589 13
14590 13
14591 12
14592 12
14593 12
14594 12
14595 12
14596 12
14597 12
14598 12
14599 12
14600 12
14601 12
14602 11
14603 11
14604 11
14605 11
14606 11
14607 11
14608 11
14609 11
14610 11
14611 11
14612 11
14613 11
14614 10
14615 10
14616 10
14617 10
14618 10
14619 10
14620 10
14621 10
14622 10
14623 10
14624 9
14625 9
14626 9
14627 9
14628 9
14629 9
14630 9
14631 9
14632 9
14633 9
14634 8
14635 8
14636 8
14637 8
14638 8
14639 8
14640 8
14641 8
14642 8
14643 8
14644 8
14645 7
14646 7
14647 7
14648 7
14649 7
14650 7
14651 7
14652 7
14653 7
14654 7
14655 7
14656 6
14657 6
14658 6
14659 6
14660 6
14661 6
14662 6
14663 6
14664 6
14665 6
14666 6
14667 6
14668 6
14669 6
14670 6
14671 6
14672 6
14673 6
14674 6
14675 6
14676 6
14677 6
14678 5
14679 5
14680 5
14681 5
14682 5
14683 5
14684 5
14685 5
14686 5
14687 5
14688 5
14689 5
14690 5
14691 5
14692 5
14693 6
14694 6
14695 6
14696 6
14697 6
14698 6
14699 6
14700 6
14701 6
14702 6
14703 6
14704 6
14705 6
14706 6
14707 6
14708 6
14709 6
14710 6
14711 6
14712 6
14713 6
14714 6
14715 6
14716 6
14717 6
14718 6
14719 6
14720 6
14721 6
14722 6
14723 6
14724 6
14725 6
14726 6
14727 6
14728 6
14729 6
14730 6
14731 6
14732 6
14733 6
14734 6
14735 6
14736 6
14737 6
14738 6
14739 6
14740 6
14741 6
14742 6
14743 6
14744 6
14745 6
14746 6
14747 6
14748 6
14749 6
14750 6
14751 6
14752 6
14753 6
14754 6
14755 6
14756 6
14757 6
14758 6
14759 6
14760 6
14761 6
14762 6
14763 6
14764 6
14765 6
14766 6
14767 6
14768 6
14769 6
14770 6
14771 6
14772 6
14773 6
14774 6
14775 6
14776 6
14777 6
14778 6
14779 6
14780 6
14781 6
14782 6
14783 6
14784 6
14785 6
14786 6
14787 6
14788 6
14789 6
14790 6
14791 6
14792 6
14793 6
14794 6
14795 5
14796 5
14797 5
14798 5
14799 5
14800 5
14801 5
14802 5
14803 5
14804 5
14805 5
14806 5
14807 5
14808 5
14809 5
14810 5
14811 5
14812 5
14813 5
14814 5
14815 4
14816 4
14817 4
14818 4
14819 4
14820 4
14821 4
14822 4
14823 4
14824 4
14825 4
14826 4
14827 4
14828 3
14829 3
14830 3
14831 3
14832 3
14833 3
14834 3
14835 3
14836 3
14837 3
14838 3
14839 3
14840 3
14841 3
14842 3
14843 3
14844 3
14845 3
14846 3
14847 4
14848 3
14849 3
14850 3
14851 3
14852 3
14853 3
14854 3
14855 4
14856 4
14857 4
14858 4
14859 4
14860 4
14861 4
14862 4
14863 4
14864 4
14865 4
14866 4
14867 4
14868 4
14869 4
14870 5
14871 5
14872 5
14873 5
14874 5
14875 5
14876 5
14877 5
14878 5
14879 5
14880 5
14881 5
14882 5
14883 5
14884 6
14885 6
14886 6
14887 6
14888 6
14889 6
14890 6
14891 6
14892 6
14893 6
14894 6
14895 6
14896 7
14897 7
14898 7
14899 7
14900 7
14901 7
14902 7
14903 7
14904 8
14905 8
14906 8
14907 8
14908 8
14909 8
14910 8
14911 8
14912 9
14913 9
14914 9
14915 9
14916 9
14917 9
14918 9
14919 9
14920 9
14921 10
14922 10
14923 10
14924 10
14925 10
14926 10
14927 10
14928 10
14929 11
14930 11
14931 11
14932 11
14933 11
14934 11
14935 11
14936 11
14937 12
14938 12
14939 12
14940 12
14941 12
14942 12
14943 12
14944 12
14945 12
14946 12
14947 12
14948 12
14949 12
14950 12
14951 12
14952 13
14953 13
14954 13
14955 13
14956 13
14957 13
14958 13
14959 13
14960 13
14961 13
14962 13
14963 13
14964 13
14965 13
14966 13
14967 13
14968 13
14969 13
14970 13
14971 13
14972 13
14973 13
14974 13
14975 13
14976 13
14977 13
14978 13
14979 13
14980 13
14981 13
14982 13
14983 13
14984 13
14985 13
14986 13
14987 13
14988 13
14989 13
14990 13
14991 13
14992 13
14993 13
14994 13
14995 13
14996 13
14997 13
14998 13
14999 13
15000 13
15001 13
15002 13
15003 13
15004 13
15005 13
15006 13
15007 13
15008 12
15009 12
15010 12
15011 12
15012 12
15013 12
15014 12
15015 12
15016 12
15017 12
15018 11
15019 11
15020 11
15021 11
15022 11
15023 11
15024 11
15025 11
15026 11
15027 11
15028 11
15029 10
15030 10
15031 10
15032 10
15033 10
15034 10
15035 10
15036 10
15037 10
15038 10
15039 10
15040 9
15041 9
15042 9
15043 9
15044 9
15045 9
15046 9
15047 9
15048 9
15049 8
15050 8
15051 8
15052 8
15053 8
15054 8
15055 8
15056 8
15057 7
15058 7
15059 7
15060 7
15061 7
15062 7
15063 7
15064 7
15065 7
15066 6
15067 6
15068 6
15069 6
15070 6
15071 6
15072 6
15073 6
15074 6
15075 6
15076 6
15077 6
15078 6
15079 6
15080 6
15081 5
15082 5
15083 5
15084 5
15085 5
15086 5
15087 5
15088 5
15089 5
15090 5
15091 5
15092 5
15093 5
15094 5
15095 5
15096 5
15097 5
15098 5
15099 5
15100 5
15101 5
15102 5
15103 5
15104 5
15105 5
15106 6
15107 6
15108 6
15109 6
15110 6
15111 6
15112 6
15113 6
15114 6
15115 6
15116 6
15117 6
15118 6
15119 6
15120 6
15121 6
15122 6
15123 6
15124 6
15125 6
15126 6
15127 7
15128 7
15129 7
15130 7
15131 7
15132 7
15133 7
15134 7
15135 7
15136 7
15137 7
15138 7
15139 7
15140 7
15141 8
15142 8
15143 8
15144 8
15145 8
15146 8
15147 8
15148 8
15149 8
15150 8
15151 8
15152 8
15153 8
15154 8
15155 8
15156 8
15157 8
15158 8
15159 8
15160 8
15161 8
15162 8
15163 8
15164 8
15165 8
15166 8
15167 8
15168 8
15169 8
15170 8
15171 8
15172 8
15173 8
15174 8
15175 8
15176 8
15177 8
15178 8
15179 8
15180 8
15181 8
15182 8
15183 8
15184 8
15185 8
15186 8
15187 8
15188 8
15189 8
15190 8
15191 8
15192 8
15193 8
15194 8
15195 8
15196 8
15197 8
15198 8
15199 8
15200 8
15201 8
15202 8
15203 8
15204 8
15205 8
15206 8
15207 7
15208 7
15209 7
15210 7
15211 7
15212 7
15213 7
15214 7
15215 7
15216 7
15217 7
15218 7
15219 7
15220 7
15221 6
15222 6
15223 6
15224 6
15225 6
15226 6
15227 6
15228 6
15229 6
15230 6
15231 5
15232 5
15233 5
15234 5
15235 5
15236 5
15237 5
15238 4
15239 4
15240 4
15241 4
15242 4
15243 4
15244 3
15245 3
15246 3
15247 3
15248 3
15249 3
15250 3
15251 3
15252 2
15253 2
15254 2
15255 2
15256 2
15257 2
15258 2
15259 2
15260 2
15261 2
15262 2
15263 2
15264 2
15265 2
15266 2
15267 2
15268 2
15269 2
15270 2
15271 3
15272 3
15273 3
15274 3
15275 3
15276 3
15277 3
15278 4
15279 4
15280 4
15281 4
15282 4
15283 4
15284 5
15285 5
15286 5
15287 5
15288 5
15289 5
15290 5
15291 5
15292 5
15293 6
15294 6
15295 6
15296 6
15297 6
15298 6
15299 7
15300 7
15301 7
15302 7
15303 7
15304 7
15305 8
15306 8
15307 8
15308 8
15309 8
15310 8
15311 9
15312 9
15313 9
15314 9
15315 9
15316 9
15317 9
15318 9
15319 9
15320 9
15321 10
15322 10
15323 10
15324 10
15325 10
15326 10
15327 10
15328 10
15329 10
15330 11
15331 11
15332 11
15333 11
15334 11
15335 11
15336 11
15337 11
15338 11
15339 11
15340 11
15341 12
15342 12
15343 12
15344 12
15345 12
15346 12
15347 12
15348 12
15349 12
15350 12
15351 12
15352 12
15353 12
15354 12
15355 12
15356 12
15357 12
15358 12
15359 12
15360 12
15361 12
15362 12
15363 12
15364 12
15365 12
15366 12
15367 12
15368 12
15369 12
15370 12
15371 12
15372 12
15373 12
15374 12
15375 12
15376 12
15377 12
15378 12
15379 12
15380 12
15381 12
15382 12
15383 12
15384 12
15385 12
15386 12
15387 11
15388 11
15389 11
15390 11
15391 11
15392 11
15393 11
15394 11
15395 11
15396 11
15397 11
15398 11
15399 11
15400 11
15401 11
15402 11
15403 11
15404 11
15405 11
15406 11
15407 11
15408 11
15409 11
15410 11
15411 11
15412 10
15413 10
15414 10
15415 10
15416 10
15417 10
15418 10
15419 10
15420 10
15421 10
15422 10
15423 10
15424 10
15425 10
15426 9
15427 9
15428 9
15429 9
15430 9
15431 9
15432 9
15433 9
15434 9
15435 9
15436 9
15437 9
15438 9
15439 9
15440 9
15441 9
15442 8
15443 8
15444 8
15445 8
15446 8
15447 8
15448 8
15449 8
15450 8
15451 8
15452 8
15453 8
15454 7
15455 7
15456 7
15457 7
15458 7
15459 7
15460 7
15461 7
15462 7
15463 7
15464 7
15465 7
15466 6
15467 6
15468 6
15469 6
15470 6
15471 6
15472 6
15473 6
15474 6
15475 6
15476 6
15477 6
15478 6
15479 6
15480 6
15481 5
15482 5
15483 5
15484 5
15485 5
15486 5
15487 5
15488 5
15489 5
15490 5
15491 5
15492 5
15493 5
15494 5
15495 5
15496 5
15497 5
15498 5
15499 5
15500 5
15501 5
15502 5
15503 5
15504 5
15505 5
15506 5
15507 5
15508 5
15509 5
15510 5
15511 5
15512 5
15513 5
15514 5
15515 5
15516 5
15517 5
15518 5
15519 5
15520 5
15521 5
15522 5
15523 5
15524 5
15525 5
15526 6
15527 6
15528 6
15529 6
15530 6
15531 6
15532 6
15533 6
15534 6
15535 6
15536 6
15537 6
15538 6
15539 6
15540 6
15541 6
15542 6
15543 6
15544 6
15545 6
15546 7
15547 7
15548 7
15549 7
15550 7
15551 7
15552 7
15553 7
15554 7
15555 7
15556 7
15557 7
15558 7
15559 7
15560 7
15561 7
15562 7
15563 7
15564 7
15565 7
15566 7
15567 7
15568 7
15569 7
15570 7
15571 7
15572 7
15573 7
15574 7
15575 7
15576 7
15577 7
15578 7
15579 7
15580 7
15581 7
15582 7
15583 7
15584 7
15585 7
15586 7
15587 7
15588 7
15589 7
15590 7
15591 7
15592 7
15593 7
15594 7
15595 7
15596 7
15597 7
15598 7
15599 7
15600 7
15601 7
15602 7
15603 7
15604 7
15605 7
15606 7
15607 7
15608 6
15609 6
15610 6
15611 6
15612 6
15613 6
15614 6
15615 6
15616 6
15617 6
15618 6
15619 6
15620 6
15621 6
15622 6
15623 6
15624 6
15625 6
15626 6
15627 6
15628 6
15629 6
15630 6
15631 6
15632 6
15633 6
15634 6
15635 5
15636 5
15637 5
15638 5
15639 5
15640 5
15641 5
15642 5
15643 5
15644 5
15645 5
15646 5
15647 5
15648 5
15649 5
15650 5
15651 5
15652 4
15653 4
15654 4
15655 4
15656 4
15657 4
15658 4
15659 4
15660 4
15661 4
15662 4
15663 4
15664 4
15665 4
15666 4
15667 4
15668 4
15669 4
15670 4
15671 4
15672 4
15673 4
15674 4
15675 4
15676 4
15677 4
15678 4
15679 4
15680 4
15681 4
15682 4
15683 4
15684 4
15685 4
15686 4
15687 4
15688 4
15689 4
15690 4
15691 4
15692 4
15693 4
15694 5
15695 5
15696 5
15697 5
15698 5
15699 5
15700 5
15701 5
15702 5
15703 5
15704 5
15705 5
15706 5
15707 5
15708 5
15709 5
15710 5
15711 5
15712 5
15713 5
15714 5
15715 5
15716 5
15717 5
15718 5
15719 5
15720 5
15721 5
15722 5
15723 5
15724 5
15725 5
15726 5
15727 5
15728 5
15729 5
15730 5
15731 6
15732 6
15733 6
15734 5
15735 5
15736 5
15737 5
15738 6
15739 6
15740 6
15741 6
15742 6
15743 6
15744 6
15745 6
15746 6
15747 6
15748 6
15749 6
15750 6
15751 6
15752 6
15753 6
15754 6
15755 6
15756 6
15757 6
15758 6
15759 6
15760 6
15761 6
15762 6
15763 6
15764 6
15765 6
15766 6
15767 6
15768 6
15769 6
15770 6
15771 6
15772 6
15773 6
15774 6
15775 6
15776 6
15777 6
15778 6
15779 6
15780 6
15781 6
15782 5
15783 5
15784 5
15785 5
15786 5
15787 5
15788 5
15789 5
15790 5
15791 5
15792 5
15793 5
15794 5
15795 5
15796 5
15797 5
15798 5
15799 5
15800 5
15801 5
15802 5
15803 5
15804 5
15805 5
15806 5
15807 5
15808 5
15809 5
15810 5
15811 5
15812 5
15813 5
15814 5
15815 5
15816 5
15817 5
15818 5
15819 5
15820 5
15821 5
15822 5
15823 5
15824 5
15825 5
15826 5
15827 5
15828 5
15829 5
15830 5
15831 5
15832 5
15833 5
15834 5
15835 5
15836 5
15837 5
15838 5
15839 5
15840 5
15841 5
15842 5
15843 5
15844 5
15845 5
15846 5
15847 5
15848 5
15849 5
15850 5
15851 5
15852 5
15853 5
15854 5
15855 5
15856 5
15857 5
15858 5
15859 5
15860 5
15861 5
15862 4
15863 4
15864 4
15865 4
15866 4
15867 4
15868 4
15869 4
15870 4
15871 5
15872 5
15873 5
15874 5
15875 4
15876 4
15877 4
15878 4
15879 4
15880 4
15881 4
15882 4
15883 4
15884 4
15885 4
15886 4
15887 4
15888 4
15889 4
15890 4
15891 4
15892 4
15893 4
15894 4
15895 4
15896 4
15897 4
15898 4
15899 4
15900 4
15901 4
15902 4
15903 5
15904 5
15905 5
15906 5
15907 5
15908 5
15909 4
15910 4
15911 4
15912 4
15913 4
15914 4
15915 4
15916 4
15917 4
15918 4
15919 4
15920 4
15921 4
15922 4
15923 4
15924 4
15925 4
15926 4
15927 5
15928 5
15929 5
15930 5
15931 5
15932 5
15933 5
15934 5
15935 5
15936 5
15937 5
15938 5
15939 5
15940 5
15941 5
15942 5
15943 5
15944 5
15945 5
15946 5
15947 5
15948 5
15949 5
15950 5
15951 5
15952 5
15953 5
15954 5
15955 5
15956 5
15957 5
15958 5
15959 5
15960 5
15961 5
15962 5
15963 5
15964 5
15965 5
15966 5
15967 5
15968 5
15969 5
15970 5
15971 5
15972 5
15973 5
15974 5
15975 5
15976 5
15977 5
15978 5
15979 5
15980 5
15981 6
15982 6
15983 6
15984 6
15985 6
15986 6
15987 6
15988 6
15989 6
15990 6
15991 6
15992 6
15993 6
15994 6
15995 6
15996 6
15997 6
15998 6
15999 6
16000 6
16001 6
16002 6
16003 6
16004 6
16005 6
16006 6
16007 6
16008 7
16009 7
16010 7
16011 7
16012 7
16013 7
16014 7
16015 7
16016 7
16017 7
16018 7
16019 7
16020 7
16021 7
16022 7
16023 8
16024 8
16025 8
16026 8
16027 8
16028 8
16029 8
16030 8
16031 8
16032 8
16033 8
16034 9
16035 9
16036 9
16037 9
16038 9
16039 9
16040 9
16041 9
16042 9
16043 9
16044 10
16045 10
16046 10
16047 10
16048 10
16049 10
16050 10
16051 10
16052 11
16053 11
16054 11
16055 11
16056 11
16057 11
16058 11
16059 11
16060 11
16061 12
16062 12
16063 12
16064 12
16065 12
16066 12
16067 12
16068 13
16069 13
16070 13
16071 13
16072 13
16073 13
16074 13
16075 13
16076 14
16077 14
16078 14
16079 14
16080 14
16081 14
16082 15
16083 15
16084 15
16085 15
16086 15
16087 15
16088 16
16089 16
16090 16
16091 16
16092 16
16093 17
16094 17
16095 17
16096 17
16097 17
16098 17
16099 18
16100 18
16101 18
16102 18
16103 18
16104 18
16105 19
16106 19
16107 19
16108 19
16109 19
16110 20
16111 20
16112 20
16113 20
16114 20
16115 21
16116 21
16117 21
16118 21
16119 21
16120 21
16121 22
16122 22
16123 22
16124 22
16125 22
16126 23
16127 23
16128 23
16129 23
16130 23
16131 24
16132 24
16133 24
16134 24
16135 24
16136 24
16137 25
16138 25
16139 25
16140 25
16141 25
16142 26
16143 26
16144 26
16145 26
16146 26
16147 27
16148 27
16149 27
16150 27
16151 27
16152 28
16153 28
16154 28
16155 28
16156 28
16157 28
16158 29
16159 29
16160 29
16161 29
16162 29
16163 30
16164 30
16165 30
16166 30
16167 30
16168 30
16169 31
16170 31
16171 31
16172 31
16173 31
16174 31
16175 32
16176 32
16177 32
16178 32
16179 32
16180 32
16181 32
16182 33
16183 33
16184 33
16185 33
16186 33
16187 33
16188 33
16189 33
16190 34
16191 34
16192 34
16193 34
16194 34
16195 34
16196 34
16197 34
16198 34
16199 35
16200 35
16201 35
16202 35
16203 35
16204 35
16205 35
16206 35
16207 35
16208 35
16209 35
16210 35
16211 35
16212 35
16213 35
16214 35
16215 35
16216 35
16217 35
16218 35
16219 35
16220 35
16221 35
16222 35
16223 35
16224 35
16225 35
16226 35
16227 35
16228 35
16229 35
16230 35
16231 35
16232 35
16233 35
16234 35
16235 35
16236 35
16237 35
16238 35
16239 35
16240 35
16241 35
16242 35
16243 35
16244 34
16245 34
16246 34
16247 34
16248 34
16249 34
16250 34
16251 34
16252 33
16253 33
16254 33
16255 33
16256 33
16257 33
16258 32
16259 32
16260 32
16261 32
16262 32
16263 32
16264 31
16265 31
16266 31
16267 31
16268 31
16269 31
16270 30
16271 30
16272 30
16273 30
16274 29
16275 29
16276 29
16277 29
16278 29
16279 28
16280 28
16281 28
16282 27
16283 27
16284 27
16285 27
16286 26
16287 26
16288 26
16289 26
16290 26
16291 25
16292 25
16293 25
16294 25
16295 24
16296 24
16297 24
16298 23
16299 23
16300 23
16301 23
16302 22
16303 22
16304 22
16305 21
16306 21
16307 21
16308 21
16309 20
16310 20
16311 20
16312 19
16313 19
16314 19
16315 18
16316 18
16317 18
16318 18
16319 17
16320 17
16321 17
16322 16
16323 16
16324 16
16325 16
16326 15
16327 15
16328 15
16329 14
16330 14
16331 14
16332 14
16333 13
16334 13
16335 13
16336 12
16337 12
16338 12
16339 12
16340 11
16341 11
16342 11
16343 10
16344 10
16345 10
16346 9
16347 9
16348 9
16349 9
16350 8
16351 8
16352 8
16353 8
16354 7
16355 7
16356 7
16357 7
16358 6
16359 6
16360 6
16361 6
16362 5
16363 5
16364 5
16365 5
16366 5
16367 4
16368 4
16369 4
16370 4
16371 4
16372 4
16373 3
16374 3
16375 3
16376 3
16377 3
16378 3
16379 2
16380 2
16381 2
16382 2
16383 2
16384 2
16385 2
16386 2
16387 2
16388 2
16389 2
16390 2
16391 2
16392 2
16393 2
16394 2
16395 3
16396 3
16397 3
16398 3
16399 3
16400 3
16401 3
16402 3
16403 3
16404 3
16405 3
16406 4
16407 4
16408 4
16409 4
16410 4
16411 4
16412 5
16413 5
16414 5
16415 5
16416 5
16417 5
16418 5
16419 5
16420 5
16421 5
16422 5
16423 6
16424 6
16425 6
16426 6
16427 6
16428 6
16429 6
16430 6
16431 6
16432 6
16433 6
16434 6
16435 6
16436 6
16437 6
16438 6
16439 6
16440 6
16441 6
16442 6
16443 6
16444 6
16445 6
16446 6
16447 6
16448 6
16449 6
16450 6
16451 6
16452 6
16453 6
16454 6
16455 6
16456 6
16457 6
16458 5
16459 5
16460 5
16461 5
16462 5
16463 5
16464 5
16465 5
16466 5
16467 4
16468 4
16469 4
16470 4
16471 4
16472 4
16473 4
16474 4
16475 4
16476 4
16477 3
16478 3
16479 3
16480 3
16481 3
16482 3
16483 3
16484 3
16485 3
16486 3
16487 3
16488 3
16489 2
16490 2
16491 2
16492 2
16493 2
16494 2
16495 2
16496 2
16497 2
16498 2
16499 2
16500 2
16501 2
16502 2
16503 2
16504 2
16505 2
16506 2
16507 2
16508 3
16509 3
16510 3
16511 3
16512 3
16513 3
16514 4
16515 4
16516 4
16517 4
16518 5
16519 5
16520 5
16521 5
16522 5
16523 5
16524 6
16525 6
16526 6
16527 6
16528 7
16529 7
16530 7
16531 7
16532 8
16533 8
16534 8
16535 8
16536 9
16537 9
16538 9
16539 9
16540 10
16541 10
16542 10
16543 10
16544 11
16545 11
16546 11
16547 11
16548 12
16549 12
16550 12
16551 13
16552 13
16553 13
16554 13
16555 14
16556 14
16557 14
16558 14
16559 15
16560 15
16561 15
16562 16
16563 16
16564 16
16565 16
16566 17
16567 17
16568 17
16569 17
16570 18
16571 18
16572 18
16573 19
16574 19
16575 19
16576 19
16577 20
16578 20
16579 20
16580 20
16581 21
16582 21
16583 21
16584 21
16585 22
16586 22
16587 22
16588 22
16589 23
16590 23
16591 23
16592 23
16593 24
16594 24
16595 24
16596 24
16597 24
16598 25
16599 25
16600 25
16601 25
16602 26
16603 26
16604 26
16605 26
16606 26
16607 27
16608 27
16609 27
16610 27
16611 27
16612 28
16613 28
16614 28
16615 28
16616 28
16617 28
16618 29
16619 29
16620 29
16621 29
16622 29
16623 29
16624 30
16625 30
16626 30
16627 30
16628 30
16629 30
16630 31
16631 31
16632 31
16633 31
16634 31
16635 31
16636 31
16637 32
16638 32
16639 32
16640 32
16641 32
16642 32
16643 32
16644 32
16645 32
16646 32
16647 33
16648 33
16649 33
16650 33
16651 33
16652 33
16653 33
16654 33
16655 33
16656 33
16657 33
16658 33
16659 33
16660 33
16661 33
16662 33
16663 33
16664 33
16665 34
16666 34
16667 34
16668 34
16669 34
16670 34
16671 34
16672 34
16673 34
16674 34
16675 34
16676 34
16677 34
16678 34
16679 34
16680 34
16681 33
16682 33
16683 33
16684 33
16685 33
16686 33
16687 33
16688 33
16689 33
16690 33
16691 33
16692 33
16693 33
16694 33
16695 33
16696 33
16697 33
16698 33
16699 32
16700 32
16701 32
16702 32
16703 32
16704 32
16705 32
16706 32
16707 32
16708 32
16709 32
16710 31
16711 31
16712 31
16713 31
16714 31
16715 31
16716 31
16717 31
16718 30
16719 30
16720 30
16721 30
16722 30
16723 30
16724 30
16725 30
16726 30
16727 30
16728 29
16729 29
16730 29
16731 29
16732 29
16733 29
16734 28
16735 28
16736 28
16737 28
16738 28
16739 28
16740 28
16741 27
16742 27
16743 27
16744 27
16745 27
16746 26
16747 26
16748 26
16749 26
16750 26
16751 26
16752 25
16753 25
16754 25
16755 25
16756 25
16757 24
16758 24
16759 24
16760 24
16761 24
16762 23
16763 23
16764 23
16765 23
16766 22
16767 22
16768 22
16769 22
16770 22
16771 21
16772 21
16773 21
16774 21
16775 21
16776 20
16777 20
16778 20
16779 20
16780 19
16781 19
16782 19
16783 19
16784 18
16785 18
16786 18
16787 18
16788 17
16789 17
16790 17
16791 17
16792 16
16793 16
16794 16
16795 16
16796 15
16797 15
16798 15
16799 15
16800 14
16801 14
16802 14
16803 14
16804 13
16805 13
16806 13
16807 13
16808 12
16809 12
16810 12
16811 12
16812 11
16813 11
16814 11
16815 11
16816 10
16817 10
16818 10
16819 10
16820 9
16821 9
16822 9
16823 9
16824 8
16825 8
16826 8
16827 7
16828 7
16829 7
16830 7
16831 7
16832 6
16833 6
16834 6
16835 6
16836 6
16837 6
16838 5
16839 5
16840 5
16841 5
16842 5
16843 4
16844 4
16845 4
16846 4
16847 4
16848 3
16849 3
16850 3
16851 3
16852 3
16853 2
16854 2
16855 2
16856 2
16857 2
16858 2
16859 2
16860 1
16861 1
16862 1
16863 1
16864 1
16865 1
16866 1
16867 1
16868 1
16869 1
16870 2
16871 2
16872 2
16873 2
16874 2
16875 2
16876 3
16877 3
16878 3
16879 3
16880 3
16881 4
16882 4
16883 4
16884 4
16885 4
16886 4
16887 5
16888 5
16889 5
16890 5
16891 5
16892 5
16893 5
16894 5
16895 6
16896 6
16897 6
16898 6
16899 6
16900 6
16901 6
16902 6
16903 6
16904 6
16905 6
16906 7
16907 7
16908 7
16909 7
16910 7
16911 7
16912 7
16913 7
16914 7
16915 6
16916 6
16917 6
16918 6
16919 6
16920 6
16921 6
16922 6
16923 6
16924 6
16925 7
16926 7
16927 7
16928 7
16929 7
16930 7
16931 6
16932 6
16933 6
16934 6
16935 6
16936 6
16937 6
16938 6
16939 6
16940 6
16941 5
16942 5
16943 5
16944 5
16945 5
16946 5
16947 5
16948 5
16949 4
16950 4
16951 4
16952 4
16953 4
16954 3
16955 3
16956 3
16957 2
16958 2
16959 2
16960 2
16961 2
16962 2
16963 2
16964 2
16965 1
16966 1
16967 1
16968 1
16969 1
16970 1
16971 1
16972 2
16973 2
16974 2
16975 2
16976 2
16977 3
16978 3
16979 3
16980 4
16981 4
16982 4
16983 5
16984 5
16985 5
16986 5
16987 6
16988 6
16989 6
16990 7
16991 7
16992 7
16993 7
16994 8
16995 8
16996 8
16997 8
16998 9
16999 9
17000 9
17001 10
17002 10
17003 10
17004 10
17005 11
17006 11
17007 11
17008 12
17009 12
17010 12
17011 13
17012 13
17013 13
17014 13
17015 14
17016 14
17017 14
17018 15
17019 15
17020 15
17021 16
17022 16
17023 16
17024 16
17025 17
17026 17
17027 17
17028 18
17029 18
17030 18
17031 18
17032 19
17033 19
17034 19
17035 20
17036 20
17037 20
17038 20
17039 21
17040 21
17041 21
17042 21
17043 22
17044 22
17045 22
17046 22
17047 23
17048 23
17049 23
17050 23
17051 24
17052 24
17053 24
17054 24
17055 24
17056 25
17057 25
17058 25
17059 25
17060 25
17061 26
17062 26
17063 26
17064 26
17065 26
17066 27
17067 27
17068 27
17069 27
17070 27
17071 27
17072 27
17073 27
17074 28
17075 28
17076 28
17077 28
17078 28
17079 28
17080 28
17081 28
17082 28
17083 28
17084 28
17085 29
17086 29
17087 29
17088 29
17089 29
17090 29
17091 29
17092 29
17093 29
17094 29
17095 29
17096 29
17097 29
17098 29
17099 29
17100 29
17101 29
17102 29
17103 29
17104 29
17105 29
17106 29
17107 29
17108 29
17109 29
17110 29
17111 29
17112 29
17113 28
17114 28
17115 28
17116 28
17117 28
17118 28
17119 28
17120 28
17121 28
17122 28
17123 28
17124 27
17125 27
17126 27
17127 27
17128 27
17129 27
17130 27
17131 27
17132 27
17133 27
17134 26
17135 26
17136 26
17137 26
17138 26
17139 26
17140 26
17141 26
17142 25
17143 25
17144 25
17145 25
17146 25
17147 25
17148 25
17149 24
17150 24
17151 24
17152 24
17153 24
17154 24
17155 24
17156 23
17157 23
17158 23
17159 23
17160 23
17161 23
17162 22
17163 22
17164 22
17165 22
17166 22
17167 22
17168 22
17169 21
17170 21
17171 21
17172 21
17173 21
17174 21
17175 20
17176 20
17177 20
17178 20
17179 20
17180 19
17181 19
17182 19
17183 19
17184 19
17185 19
17186 18
17187 18
17188 18
17189 18
17190 18
17191 17
17192 17
17193 17
17194 17
17195 17
17196 16
17197 16
17198 16
17199 16
17200 16
17201 16
17202 15
17203 15
17204 15
17205 15
17206 15
17207 14
17208 14
17209 14
17210 14
17211 14
17212 13
17213 13
17214 13
17215 13
17216 12
17217 12
17218 12
17219 12
17220 12
17221 12
17222 11
17223 11
17224 11
17225 11
17226 11
17227 10
17228 10
17229 10
17230 10
17231 9
17232 9
17233 9
17234 9
17235 8
17236 8
17237 8
17238 8
17239 8
17240 7
17241 7
17242 7
17243 7
17244 7
17245 6
17246 6
17247 6
17248 6
17249 5
17250 5
17251 5
17252 4
17253 4
17254 4
17255 4
17256 4
17257 4
17258 4
17259 4
17260 3
17261 3
17262 3
17263 3
17264 3
17265 2
17266 2
17267 2
17268 2
17269 2
17270 2
17271 2
17272 1
17273 1
17274 1
17275 1
17276 1
17277 1
17278 1
17279 2
17280 2
17281 2
17282 2
17283 2
17284 2
17285 2
17286 2
17287 2
17288 2
17289 3
17290 3
17291 3
17292 3
17293 3
17294 4
17295 4
17296 4
17297 4
17298 4
17299 4
17300 5
17301 5
17302 5
17303 5
17304 5
17305 5
17306 5
17307 5
17308 5
17309 5
17310 5
17311 6
17312 6
17313 6
17314 6
17315 6
17316 6
17317 6
17318 7
17319 7
17320 7
17321 7
17322 8
17323 8
17324 8
17325 8
17326 8
17327 8
17328 8
17329 9
17330 9
17331 9
17332 9
17333 9
17334 9
17335 9
17336 9
17337 10
17338 10
17339 10
17340 10
17341 10
17342 10
17343 10
17344 10
17345 10
17346 10
17347 10
17348 10
17349 10
17350 10
17351 10
17352 10
17353 10
17354 10
17355 10
17356 10
17357 10
17358 10
17359 10
17360 10
17361 10
17362 10
17363 10
17364 10
17365 10
17366 10
17367 10
17368 10
17369 10
17370 10
17371 10
17372 10
17373 10
17374 10
17375 10
17376 10
17377 10
17378 10
17379 9
17380 9
17381 9
17382 9
17383 9
17384 9
17385 9
17386 9
17387 8
17388 8
17389 8
17390 8
17391 7
17392 7
17393 7
17394 7
17395 7
17396 7
17397 6
17398 6
17399 6
17400 6
17401 6
17402 6
17403 5
17404 5
17405 5
17406 5
17407 5
17408 5
17409 4
17410 4
17411 4
17412 4
17413 4
17414 4
17415 4
17416 4
17417 4
17418 3
17419 3
17420 3
17421 3
17422 3
17423 3
17424 3
17425 3
17426 3
17427 4
17428 4
17429 4
17430 4
17431 4
17432 4
17433 5
17434 5
17435 5
17436 5
17437 5
17438 6
17439 6
17440 6
17441 6
17442 7
17443 7
17444 7
17445 7
17446 8
17447 8
17448 8
17449 9
17450 9
17451 9
17452 10
17453 10
17454 10
17455 10
17456 11
17457 11
17458 11
17459 12
17460 12
17461 12
17462 13
17463 13
17464 13
17465 14
17466 14
17467 14
17468 14
17469 15
17470 15
17471 15
17472 16
17473 16
17474 16
17475 17
17476 17
17477 17
17478 17
17479 18
17480 18
17481 18
17482 19
17483 19
17484 19
17485 19
17486 20
17487 20
17488 20
17489 20
17490 21
17491 21
17492 21
17493 21
17494 22
17495 22
17496 22
17497 22
17498 22
17499 23
17500 23
17501 23
17502 23
17503 24
17504 24
17505 24
17506 24
17507 24
17508 25
17509 25
17510 25
17511 25
17512 25
17513 26
17514 26
17515 26
17516 26
17517 26
17518 26
17519 26
17520 27
17521 27
17522 27
17523 27
17524 27
17525 27
17526 27
17527 27
17528 28
17529 28
17530 28
17531 28
17532 28
17533 28
17534 28
17535 28
17536 28
17537 28
17538 28
17539 28
17540 28
17541 28
17542 28
17543 28
17544 28
17545 28
17546 28
17547 28
17548 28
17549 28
17550 28
17551 28
17552 28
17553 28
17554 28
17555 28
17556 28
17557 28
17558 28
17559 28
17560 28
17561 28
17562 28
17563 28
17564 28
17565 28
17566 28
17567 27
17568 27
17569 27
17570 27
17571 27
17572 27
17573 27
17574 27
17575 26
17576 26
17577 26
17578 26
17579 26
17580 26
17581 26
17582 26
17583 25
17584 25
17585 25
17586 25
17587 25
17588 24
17589 24
17590 24
17591 24
17592 24
17593 23
17594 23
17595 23
17596 23
17597 23
17598 22
17599 22
17600 22
17601 22
17602 22
17603 21
17604 21
17605 21
17606 21
17607 21
17608 20
17609 20
17610 20
17611 20
17612 19
17613 19
17614 19
17615 19
17616 18
17617 18
17618 18
17619 18
17620 17
17621 17
17622 17
17623 17
17624 16
17625 16
17626 16
17627 16
17628 15
17629 15
17630 15
17631 15
17632 14
17633 14
17634 14
17635 14
17636 13
17637 13
17638 13
17639 13
17640 12
17641 12
17642 12
17643 12
17644 12
17645 11
17646 11
17647 11
17648 11
17649 10
17650 10
17651 10
17652 9
17653 9
17654 9
17655 9
17656 9
17657 9
17658 8
17659 8
17660 8
17661 7
17662 7
17663 7
17664 7
17665 6
17666 6
17667 6
17668 6
17669 6
17670 5
17671 5
17672 5
17673 5
17674 5
17675 4
17676 4
17677 4
17678 4
17679 4
17680 4
17681 3
17682 3
17683 3
17684 3
17685 3
17686 3
17687 2
17688 2
17689 2
17690 2
17691 2
17692 2
17693 2
17694 2
17695 2
17696 2
17697 2
17698 2
17699 2
17700 2
17701 2
17702 2
17703 2
17704 2
17705 2
17706 3
17707 3
17708 3
17709 3
17710 3
17711 3
17712 4
17713 4
17714 4
17715 4
17716 4
17717 4
17718 4
17719 4
17720 4
17721 5
17722 5
17723 5
17724 5
17725 5
17726 5
17727 5
17728 5
17729 5
17730 5
17731 5
17732 6
17733 6
17734 6
17735 6
17736 6
17737 6
17738 6
17739 6
17740 6
17741 6
17742 6
17743 6
17744 7
17745 7
17746 7
17747 7
17748 7
17749 7
17750 6
17751 6
17752 6
17753 6
17754 6
17755 6
17756 6
17757 6
17758 6
17759 6
17760 6
17761 6
17762 6
17763 6
17764 6
17765 6
17766 6
17767 6
17768 6
17769 6
17770 6
17771 6
17772 6
17773 6
17774 6
17775 5
17776 5
17777 5
17778 5
17779 5
17780 5
17781 5
17782 5
17783 5
17784 4
17785 4
17786 4
17787 4
17788 4
17789 4
17790 4
17791 3
17792 3
17793 3
17794 3
17795 3
17796 3
17797 2
17798 2
17799 2
17800 2
17801 2
17802 2
17803 2
17804 1
17805 1
17806 1
17807 1
17808 1
17809 2
17810 2
17811 2
17812 2
17813 2
17814 2
17815 3
17816 3
17817 3
17818 3
17819 3
17820 4
17821 4
17822 4
17823 4
17824 5
17825 5
17826 5
17827 5
17828 6
17829 6
17830 6
17831 6
17832 7
17833 7
17834 7
17835 7
17836 8
17837 8
17838 8
17839 9
17840 9
17841 9
17842 10
17843 10
17844 10
17845 10
17846 10
17847 11
17848 11
17849 11
17850 12
17851 12
17852 12
17853 13
17854 13
17855 13
17856 13
17857 14
17858 14
17859 14
17860 15
17861 15
17862 15
17863 15
17864 16
17865 16
17866 16
17867 17
17868 17
17869 17
17870 17
17871 18
17872 18
17873 18
17874 19
17875 19
17876 19
17877 19
17878 20
17879 20
17880 20
17881 21
17882 21
17883 21
17884 21
17885 22
17886 22
17887 22
17888 22
17889 23
17890 23
17891 23
17892 23
17893 24
17894 24
17895 24
17896 24
17897 25
17898 25
17899 25
17900 25
17901 26
17902 26
17903 26
17904 26
17905 26
17906 27
17907 27
17908 27
17909 27
17910 27
17911 28
17912 28
17913 28
17914 28
17915 28
17916 29
17917 29
17918 29
17919 29
17920 29
17921 29
17922 30
17923 30
17924 30
17925 30
17926 30
17927 30
17928 30
17929 30
17930 31
17931 31
17932 31
17933 31
17934 31
17935 31
17936 31
17937 32
17938 32
17939 32
17940 32
17941 32
17942 32
17943 32
17944 32
17945 32
17946 32
17947 32
17948 32
17949 33
17950 33
17951 33
17952 33
17953 33
17954 33
17955 33
17956 33
17957 33
17958 33
17959 33
17960 33
17961 33
17962 33
17963 33
17964 33
17965 33
17966 33
17967 33
17968 33
17969 33
17970 33
17971 33
17972 33
17973 33
17974 33
17975 33
17976 33
17977 33
17978 33
17979 33
17980 33
17981 33
17982 33
17983 33
17984 33
17985 33
17986 33
17987 33
17988 33
17989 33
17990 33
17991 33
17992 33
17993 33
17994 33
17995 33
17996 33
17997 33
17998 33
17999 33
18000 33
18001 33
18002 33
18003 33
18004 33
18005 33
18006 32
18007 32
18008 32
18009 32
18010 32
18011 32
18012 32
18013 32
18014 32
18015 32
18016 32
18017 32
18018 32
18019 32
18020 31
18021 31
18022 31
18023 31
18024 31
18025 31
18026 31
18027 31
18028 31
18029 31
18030 31
18031 30
18032 30
18033 30
18034 30
18035 30
18036 30
18037 30
18038 30
18039 29
18040 29
18041 29
18042 29
18043 29
18044 29
18045 28
18046 28
18047 28
18048 28
18049 28
18050 28
18051 28
18052 27
18053 27
18054 27
18055 27
18056 27
18057 26
18058 26
18059 26
18060 26
18061 26
18062 25
18063 25
18064 25
18065 25
18066 24
18067 24
18068 24
18069 24
18070 23
18071 23
18072 23
18073 23
18074 22
18075 22
18076 22
18077 22
18078 21
18079 21
18080 21
18081 21
18082 20
18083 20
18084 20
18085 19
18086 19
18087 19
18088 19
18089 18
18090 18
18091 18
18092 17
18093 17
18094 17
18095 17
18096 16
18097 16
18098 16
18099 15
18100 15
18101 15
18102 15
18103 14
18104 14
18105 14
18106 13
18107 13
18108 13
18109 12
18110 12
18111 12
18112 12
18113 11
18114 11
18115 11
18116 11
18117 10
18118 10
18119 10
18120 10
18121 9
18122 9
18123 9
18124 9
18125 8
18126 8
18127 8
18128 7
18129 7
18130 7
18131 7
18132 6
18133 6
18134 6
18135 5
18136 5
18137 5
18138 5
18139 4
18140 4
18141 4
18142 4
18143 3
18144 3
18145 3
18146 3
18147 3
18148 3
18149 2
18150 2
18151 2
18152 2
18153 2
18154 2
18155 2
18156 2
18157 2
18158 2
18159 2
18160 2
18161 2
18162 2
18163 2
18164 3
18165 3
18166 3
18167 3
18168 3
18169 4
18170 4
18171 4
18172 4
18173 4
18174 5
18175 5
18176 5
18177 5
18178 5
18179 5
18180 5
18181 6
18182 6
18183 6
18184 6
18185 6
18186 7
18187 7
18188 7
18189 7
18190 7
18191 7
18192 7
18193 7
18194 7
18195 7
18196 8
18197 8
18198 8
18199 8
18200 8
18201 8
18202 8
18203 8
18204 8
18205 8
18206 9
18207 9
18208 9
18209 9
18210 9
18211 9
18212 9
18213 9
18214 9
18215 9
18216 9
18217 9
18218 9
18219 9
18220 9
18221 9
18222 9
18223 10
18224 10
18225 10
18226 10
18227 10
18228 10
18229 10
18230 10
18231 10
18232 10
18233 10
18234 10
18235 10
18236 10
18237 10
18238 10
18239 10
18240 10
18241 10
18242 10
18243 10
18244 10
18245 10
18246 10
18247 10
18248 10
18249 10
18250 10
18251 10
18252 10
18253 10
18254 10
18255 10
18256 9
18257 9
18258 9
18259 9
18260 9
18261 9
18262 9
18263 9
18264 9
18265 9
18266 9
18267 8
18268 8
18269 8
18270 8
18271 8
18272 8
18273 8
18274 8
18275 8
18276 8
18277 8
18278 8
18279 8
18280 8
18281 8
18282 8
18283 8
18284 8
18285 8
18286 7
18287 7
18288 7
18289 7
18290 7
18291 7
18292 7
18293 7
18294 7
18295 7
18296 7
18297 7
18298 7
18299 7
18300 7
18301 7
18302 7
18303 7
18304 7
18305 7
18306 7
18307 6
18308 6
18309 6
18310 6
18311 6
18312 6
18313 6
18314 6
18315 6
18316 6
18317 6
18318 6
18319 6
18320 5
18321 5
18322 5
18323 5
18324 5
18325 5
18326 4
18327 4
18328 4
18329 4
18330 4
18331 4
18332 4
18333 4
18334 4
18335 4
18336 4
18337 4
18338 4
18339 4
18340 4
18341 4
18342 4
18343 4
18344 3
18345 3
18346 3
18347 3
18348 3
18349 3
18350 3
18351 3
18352 3
18353 3
18354 3
18355 3
18356 3
18357 3
18358 3
18359 3
18360 3
18361 3
18362 3
18363 3
18364 3
18365 3
18366 3
18367 2
18368 2
18369 2
18370 2
18371 2
18372 2
18373 2
18374 2
18375 2
18376 2
18377 2
18378 2
18379 2
18380 2
18381 2
18382 2
18383 2
18384 2
18385 2
18386 2
18387 2
18388 2
18389 2
18390 2
18391 2
18392 1
18393 1
18394 1
18395 1
18396 1
18397 1
18398 1
18399 1
18400 1
18401 1
18402 1
18403 1
18404 1
18405 1
18406 1
18407 1
18408 1
18409 1
18410 1
18411 1
18412 1
18413 1
18414 1
18415 1
18416 1
18417 1
18418 1
18419 1
18420 1
18421 1
18422 1
18423 1
18424 1
18425 1
18426 1
18427 1
18428 1
18429 1
18430 1
18431 1
18432 1
18433 1
18434 1
18435 2
18436 2
18437 2
18438 2
18439 2
18440 2
18441 2
18442 2
18443 2
18444 2
18445 2
18446 2
18447 2
18448 2
18449 2
18450 2
18451 2
18452 2
18453 2
18454 2
18455 2
18456 2
18457 2
18458 2
18459 2
18460 2
18461 2
18462 2
18463 2
18464 2
18465 2
18466 2
18467 2
18468 2
18469 3
18470 3
18471 3
18472 3
18473 3
18474 3
18475 3
18476 3
18477 3
18478 3
18479 3
18480 3
18481 3
18482 3
18483 3
18484 3
18485 4
18486 4
18487 4
18488 4
18489 4
18490 4
18491 4
18492 4
18493 4
18494 4
18495 4
18496 4
18497 4
18498 4
18499 4
18500 4
18501 4
18502 5
18503 5
18504 5
18505 5
18506 5
18507 5
18508 5
18509 5
18510 5
18511 5
18512 5
18513 5
18514 5
18515 5
18516 5
18517 5
18518 5
18519 5
18520 5
18521 6
18522 6
18523 6
18524 6
18525 6
18526 6
18527 6
18528 6
18529 6
18530 6
18531 6
18532 6
18533 6
18534 6
18535 6
18536 6
18537 7
18538 7
18539 7
18540 7
18541 7
18542 7
18543 7
18544 7
18545 7
18546 7
18547 8
18548 8
18549 8
18550 8
18551 8
18552 8
18553 8
18554 8
18555 8
18556 8
18557 8
18558 8
18559 8
18560 8
18561 9
18562 9
18563 9
18564 9
18565 9
18566 9
18567 9
18568 9
18569 9
18570 9
18571 9
18572 9
18573 9
18574 10
18575 10
18576 10
18577 10
18578 10
18579 10
18580 10
18581 10
18582 10
18583 11
18584 11
18585 11
18586 11
18587 11
18588 11
18589 11
18590 11
18591 11
18592 11
18593 11
18594 12
18595 12
18596 12
18597 12
18598 12
18599 12
18600 12
18601 12
18602 12
18603 12
18604 12
18605 13
18606 13
18607 13
18608 13
18609 13
18610 13
18611 13
18612 13
18613 13
18614 13
18615 13
18616 14
18617 14
18618 14
18619 14
18620 14
18621 14
18622 14
18623 14
18624 14
18625 14
18626 14
18627 15
18628 15
18629 15
18630 15
18631 15
18632 15
18633 15
18634 15
18635 15
18636 15
18637 15
18638 15
18639 15
18640 15
18641 15
18642 15
18643 15
18644 15
18645 16
18646 16
18647 16
18648 16
18649 16
18650 16
18651 16
18652 16
18653 16
18654 16
18655 16
18656 16
18657 16
18658 16
18659 16
18660 16
18661 16
18662 16
18663 16
18664 16
18665 16
18666 16
18667 16
18668 16
18669 16
18670 16
18671 16
18672 16
18673 16
18674 16
18675 16
18676 16
18677 16
18678 16
18679 16
18680 16
18681 16
18682 16
18683 15
18684 15
18685 15
18686 15
18687 15
18688 15
18689 15
18690 15
18691 15
18692 15
18693 15
18694 15
18695 15
18696 15
18697 15
18698 15
18699 14
18700 14
18701 14
18702 14
18703 14
18704 14
18705 14
18706 14
18707 13
18708 13
18709 13
18710 13
18711 13
18712 13
18713 13
18714 13
18715 13
18716 12
18717 12
18718 12
18719 12
18720 12
18721 11
18722 11
18723 11
18724 11
18725 11
18726 11
18727 11
18728 10
18729 10
18730 10
18731 10
18732 9
18733 9
18734 9
18735 9
18736 9
18737 9
18738 8
18739 8
18740 8
18741 8
18742 8
18743 7
18744 7
18745 7
18746 7
18747 7
18748 6
18749 6
18750 6
18751 6
18752 6
18753 6
18754 5
18755 5
18756 5
18757 5
18758 5
18759 5
18760 4
18761 4
18762 4
18763 4
18764 4
18765 4
18766 4
18767 3
18768 3
18769 3
18770 3
18771 3
18772 3
18773 3
18774 3
18775 3
18776 3
18777 3
18778 3
18779 3
18780 3
18781 3
18782 3
18783 4
18784 4
18785 4
18786 4
18787 4
18788 4
18789 4
18790 5
18791 5
18792 5
18793 5
18794 5
18795 5
18796 5
18797 5
18798 5
18799 6
18800 6
18801 6
18802 6
18803 6
18804 7
18805 7
18806 7
18807 7
18808 7
18809 8
18810 8
18811 8
18812 8
18813 8
18814 8
18815 8
18816 8
18817 8
18818 8
18819 9
18820 9
18821 9
18822 9
18823 9
18824 9
18825 10
18826 10
18827 10
18828 10
18829 10
18830 11
18831 11
18832 11
18833 11
18834 11
18835 11
18836 11
18837 11
18838 11
18839 11
18840 12
18841 12
18842 12
18843 12
18844 12
18845 12
18846 13
18847 13
18848 13
18849 13
18850 13
18851 13
18852 14
18853 14
18854 14
18855 14
18856 14
18857 14
18858 14
18859 14
18860 15
18861 15
18862 15
18863 15
18864 15
18865 15
18866 15
18867 15
18868 15
18869 16
18870 16
18871 16
18872 16
18873 16
18874 16
18875 16
18876 16
18877 17
18878 17
18879 17
18880 17
18881 17
18882 17
18883 17
18884 17
18885 17
18886 17
18887 17
18888 18
18889 18
18890 18
18891 18
18892 18
18893 18
18894 18
18895 18
18896 18
18897 18
18898 18
18899 18
18900 18
18901 19
18902 19
18903 19
18904 19
18905 19
18906 19
18907 19
18908 19
18909 19
18910 19
18911 19
18912 19
18913 19
18914 19
18915 19
18916 19
18917 19
18918 19
18919 20
18920 20
18921 20
18922 20
18923 20
18924 20
18925 20
18926 20
18927 20
18928 20
18929 20
18930 20
18931 20
18932 20
18933 20
18934 20
18935 20
18936 20
18937 20
18938 20
18939 20
18940 20
18941 20
18942 20
18943 20
18944 20
18945 20
18946 20
18947 20
18948 20
18949 20
18950 20
18951 20
18952 20
18953 20
18954 20
18955 20
18956 20
18957 20
18958 20
18959 20
18960 20
18961 20
18962 20
18963 20
18964 20
18965 20
18966 20
18967 20
18968 20
18969 20
18970 20
18971 20
18972 20
18973 20
18974 20
18975 20
18976 20
18977 20
18978 20
18979 20
18980 20
18981 20
18982 20
18983 19
18984 19
18985 19
18986 19
18987 19
18988 19
18989 19
18990 19
18991 19
18992 19
18993 19
18994 18
18995 18
18996 18
18997 18
18998 18
18999 18
19000 18
19001 18
19002 18
19003 18
19004 18
19005 18
19006 18
19007 18
19008 18
19009 18
19010 18
19011 17
19012 17
19013 17
19014 17
19015 17
19016 17
19017 17
19018 17
19019 17
19020 17
19021 16
19022 16
19023 16
19024 16
19025 16
19026 16
19027 16
19028 16
19029 16
19030 16
19031 15
19032 15
19033 15
19034 15
19035 15
19036 15
19037 15
19038 15
19039 15
19040 14
19041 14
19042 14
19043 14
19044 14
19045 14
19046 14
19047 14
19048 13
19049 13
19050 13
19051 13
19052 13
19053 13
19054 13
19055 12
19056 12
19057 12
19058 12
19059 12
19060 12
19061 12
19062 11
19063 11
19064 11
19065 11
19066 11
19067 11
19068 10
19069 10
19070 10
19071 10
19072 10
19073 10
19074 10
19075 9
19076 9
19077 9
19078 9
19079 9
19080 8
19081 8
19082 8
19083 8
19084 8
19085 7
19086 7
19087 7
19088 7
19089 7
19090 7
19091 6
19092 6
19093 6
19094 6
19095 6
19096 5
19097 5
19098 5
19099 5
19100 5
19101 4
19102 4
19103 4
19104 4
19105 4
19106 4
19107 4
19108 3
19109 3
19110 3
19111 3
19112 3
19113 3
19114 2
19115 2
19116 2
19117 2
19118 2
19119 2
19120 2
19121 2
19122 1
19123 2
19124 2
19125 2
19126 2
19127 2
19128 2
19129 2
19130 2
19131 2
19132 2
19133 2
19134 3
19135 3
19136 3
19137 3
19138 3
19139 3
19140 3
19141 4
19142 4
19143 4
19144 4
19145 4
19146 4
19147 4
19148 4
19149 4
19150 4
19151 4
19152 4
19153 4
19154 5
19155 5
19156 5
19157 5
19158 5
19159 5
19160 5
19161 5
19162 5
19163 5
19164 5
19165 5
19166 5
19167 5
19168 5
19169 5
19170 5
19171 5
19172 6
19173 6
19174 6
19175 6
19176 6
19177 6
19178 6
19179 6
19180 6
19181 6
19182 6
19183 6
19184 6
19185 6
19186 6
19187 6
19188 6
19189 6
19190 6
19191 6
19192 6
19193 6
19194 6
19195 7
19196 7
19197 7
19198 7
19199 7
19200 7
19201 7
19202 7
19203 7
19204 7
19205 7
19206 7
19207 7
19208 7
19209 7
19210 7
19211 7
19212 8
19213 8
19214 8
19215 8
19216 8
19217 8
19218 8
19219 8
19220 8
19221 8
19222 8
19223 8
19224 8
19225 9
19226 9
19227 9
19228 9
19229 9
19230 9
19231 9
19232 9
19233 9
19234 9
19235 9
19236 9
19237 9
19238 9
19239 9
19240 9
19241 9
19242 9
19243 10
19244 10
19245 10
19246 10
19247 10
19248 10
19249 10
19250 10
19251 10
19252 10
19253 10
19254 10
19255 10
19256 10
19257 11
19258 11
19259 11
19260 11
19261 11
19262 11
19263 11
19264 11
19265 11
19266 11
19267 11
19268 11
19269 11
19270 12
19271 12
19272 12
19273 12
19274 12
19275 12
19276 12
19277 12
19278 12
19279 12
19280 12
19281 12
19282 12
19283 12
19284 12
19285 13
19286 13
19287 13
19288 13
19289 13
19290 13
19291 13
19292 13
19293 13
19294 13
19295 13
19296 13
19297 13
19298 13
19299 13
19300 13
19301 13
19302 13
19303 13
19304 13
19305 13
19306 13
19307 13
19308 13
19309 13
19310 13
19311 13
19312 13
19313 13
19314 13
19315 14
19316 14
19317 14
19318 14
19319 14
19320 14
19321 14
19322 14
19323 14
19324 14
19325 14
19326 14
19327 14
19328 14
19329 14
19330 14
19331 14
19332 14
19333 14
19334 14
19335 14
19336 14
19337 14
19338 14
19339 14
19340 14
19341 14
19342 14
19343 14
19344 14
19345 14
19346 14
19347 14
19348 15
19349 15
19350 15
19351 15
19352 15
19353 15
19354 15
19355 15
19356 15
19357 14
19358 15
19359 15
19360 15
19361 15
19362 15
19363 15
19364 15
19365 15
19366 15
19367 15
19368 15
19369 15
19370 15
19371 15
19372 15
19373 15
19374 15
19375 15
19376 15
19377 15
19378 15
19379 15
19380 15
19381 15
19382 15
19383 15
19384 15
19385 15
19386 15
19387 15
19388 15
19389 15
19390 15
19391 15
19392 15
19393 15
19394 15
19395 15
19396 14
19397 14
19398 14
19399 14
19400 14
19401 14
19402 14
19403 14
19404 14
19405 14
19406 14
19407 14
19408 14
19409 14
19410 14
19411 14
19412 14
19413 14
19414 14
19415 14
19416 14
19417 14
19418 14
19419 14
19420 14
19421 14
19422 14
19423 14
19424 14
19425 14
19426 14
19427 14
19428 14
19429 14
19430 14
19431 14
19432 14
19433 14
19434 14
19435 14
19436 14
19437 14
19438 13
19439 13
19440 13
19441 13
19442 13
19443 13
19444 13
19445 13
19446 13
19447 13
19448 13
19449 13
19450 13
19451 13
19452 13
19453 13
19454 13
19455 12
19456 12
19457 12
19458 12
19459 12
19460 12
19461 12
19462 12
19463 12
19464 12
19465 12
19466 12
19467 12
19468 12
19469 12
19470 12
19471 12
19472 12
19473 12
19474 12
19475 12
19476 12
19477 12
19478 12
19479 12
19480 11
19481 11
19482 11
19483 11
19484 11
19485 11
19486 11
19487 11
19488 11
19489 11
19490 11
19491 11
19492 11
19493 11
19494 11
19495 11
19496 11
19497 11
19498 11
19499 11
19500 11
19501 10
19502 10
19503 10
19504 10
19505 10
19506 10
19507 10
19508 10
19509 10
19510 10
19511 11
19512 11
19513 11
19514 11
19515 11
19516 11
19517 11
19518 11
19519 11
19520 11
19521 11
19522 11
19523 11
19524 11
19525 11
19526 11
19527 11
19528 11
19529 11
19530 11
19531 11
19532 11
19533 11
19534 11
19535 11
19536 11
19537 11
19538 11
19539 11
19540 11
19541 11
19542 11
19543 11
19544 11
19545 11
19546 11
19547 11
19548 11
19549 11
19550 11
19551 11
19552 11
19553 11
19554 11
19555 11
19556 11
19557 11
19558 11
19559 11
19560 11
19561 11
19562 11
19563 11
19564 11
19565 11
19566 11
19567 11
19568 11
19569 11
19570 11
19571 11
19572 11
19573 11
19574 11
19575 11
19576 11
19577 11
19578 11
19579 11
19580 11
19581 11
19582 11
19583 11
19584 11
19585 11
19586 11
19587 11
19588 11
19589 11
19590 11
19591 11
19592 11
19593 11
19594 11
19595 11
19596 11
19597 12
19598 12
19599 12
19600 12
19601 12
19602 12
19603 12
19604 12
19605 12
19606 12
19607 12
19608 12
19609 12
19610 13
19611 13
19612 13
19613 13
19614 13
19615 13
19616 13
19617 13
19618 13
19619 13
19620 13
19621 13
19622 13
19623 13
19624 13
19625 13
19626 13
19627 13
19628 13
19629 13
19630 13
19631 13
19632 14
19633 14
19634 14
19635 14
19636 14
19637 14
19638 14
19639 14
19640 14
19641 14
19642 14
19643 14
19644 14
19645 14
19646 14
19647 14
19648 14
19649 14
19650 14
19651 14
19652 14
19653 14
19654 14
19655 14
19656 14
19657 14
19658 14
19659 14
19660 15
19661 15
19662 15
19663 15
19664 15
19665 15
19666 15
19667 15
19668 15
19669 15
19670 15
19671 15
19672 15
19673 15
19674 15
19675 15
19676 15
19677 15
19678 15
19679 15
19680 15
19681 15
19682 15
19683 15
19684 15
19685 15
19686 15
19687 15
19688 15
19689 15
19690 15
19691 15
19692 15
19693 15
19694 15
19695 15
19696 15
19697 15
19698 15
19699 15
19700 15
19701 15
19702 15
19703 15
19704 15
19705 15
19706 15
19707 15
19708 15
19709 15
19710 15
19711 15
19712 15
19713 15
19714 15
19715 15
19716 15
19717 15
19718 15
19719 15
19720 15
19721 15
19722 15
19723 15
19724 15
19725 15
19726 15
19727 15
19728 15
19729 15
19730 15
19731 15
19732 15
19733 15
19734 15
19735 15
19736 15
19737 15
19738 15
19739 14
19740 14
19741 14
19742 14
19743 14
19744 14
19745 14
19746 14
19747 14
19748 14
19749 14
19750 14
19751 14
19752 14
19753 14
19754 14
19755 14
19756 14
19757 14
19758 14
19759 14
19760 14
19761 14
19762 14
19763 14
19764 14
19765 14
19766 13
19767 13
19768 13
19769 13
19770 13
19771 13
19772 13
19773 13
19774 13
19775 13
19776 13
19777 12
19778 12
19779 12
19780 12
19781 12
19782 12
19783 12
19784 12
19785 12
19786 12
19787 12
19788 12
19789 12
19790 12
19791 12
19792 12
19793 12
19794 12
19795 12
19796 12
19797 12
19798 11
19799 11
19800 11
19801 11
19802 11
19803 11
19804 11
19805 11
19806 11
19807 11
19808 11
19809 11
19810 10
19811 10
19812 10
19813 10
19814 10
19815 10
19816 10
19817 10
19818 10
19819 10
19820 10
19821 10
19822 10
19823 10
19824 10
19825 10
19826 10
19827 10
19828 10
19829 10
19830 10
19831 9
19832 9
19833 9
19834 9
19835 9
19836 9
19837 9
19838 9
19839 9
19840 9
19841 9
19842 9
19843 9
19844 9
19845 9
19846 9
19847 9
19848 9
19849 9
19850 9
19851 9
19852 9
19853 9
19854 9
19855 9
19856 9
19857 9
19858 10
19859 10
19860 10
19861 10
19862 10
19863 10
19864 10
19865 10
19866 10
19867 10
19868 10
19869 10
19870 10
19871 10
19872 10
19873 10
19874 11
19875 11
19876 11
19877 11
19878 11
19879 11
19880 11
19881 11
19882 11
19883 11
19884 11
19885 12
19886 12
19887 12
19888 12
19889 12
19890 12
19891 12
19892 12
19893 12
19894 12
19895 12
19896 12
19897 12
19898 12
19899 13
19900 13
19901 13
19902 13
19903 13
19904 13
19905 13
19906 13
19907 13
19908 13
19909 13
19910 14
19911 14
19912 14
19913 14
19914 14
19915 14
19916 14
19917 14
19918 14
19919 14
19920 14
19921 15
19922 15
19923 15
19924 15
19925 15
19926 15
19927 15
19928 15
19929 15
19930 15
19931 15
19932 16
19933 16
19934 16
19935 16
19936 16
19937 16
19938 16
19939 16
19940 16
19941 16
19942 16
19943 17
19944 17
19945 17
19946 17
19947 17
19948 17
19949 17
19950 17
19951 17
19952 17
19953 17
19954 17
19955 17
19956 17
19957 18
19958 18
19959 18
19960 18
19961 18
19962 18
19963 18
19964 18
19965 18
19966 18
19967 18
19968 18
19969 18
19970 18
19971 18
19972 18
19973 18
19974 18
19975 18
19976 18
19977 18
19978 18
19979 18
19980 18
19981 18
19982 18
19983 18
19984 18
19985 18
19986 18
19987 18
19988 18
19989 18
19990 19
19991 19
19992 19
19993 19
19994 19
19995 19
19996 19
19997 19
19998 19
19999 19
20000 19
20001 19
20002 19
20003 19
20004 19
20005 19
20006 19
20007 19
20008 19
20009 19
20010 19
20011 19
20012 19
20013 19
20014 19
20015 19
20016 19
20017 18
20018 18
20019 18
20020 18
20021 18
20022 18
20023 18
20024 18
20025 18
20026 18
20027 18
20028 18
20029 18
20030 18
20031 18
20032 18
20033 18
20034 18
20035 18
20036 18
20037 18
20038 18
20039 18
20040 18
20041 18
20042 18
20043 18
20044 18
20045 18
20046 18
20047 18
20048 18
20049 18
20050 17
20051 17
20052 17
20053 17
20054 17
20055 17
20056 17
20057 17
20058 17
20059 17
20060 17
20061 17
20062 17
20063 17
20064 17
20065 17
20066 17
20067 17
20068 17
20069 17
20070 16
20071 16
20072 16
20073 16
20074 16
20075 16
20076 16
20077 16
20078 16
20079 16
20080 16
20081 16
20082 16
20083 16
20084 16
20085 15
20086 15
20087 15
20088 15
20089 15
20090 15
20091 15
20092 15
20093 15
20094 15
20095 15
20096 14
20097 14
20098 14
20099 14
20100 14
20101 14
20102 14
20103 14
20104 14
20105 14
20106 13
20107 13
20108 13
20109 13
20110 13
20111 13
20112 13
20113 13
20114 12
20115 12
20116 12
20117 12
20118 12
20119 12
20120 12
20121 12
20122 12
20123 12
20124 12
20125 11
20126 11
20127 11
20128 11
20129 11
20130 11
20131 11
20132 11
20133 11
20134 11
20135 11
20136 11
20137 11
20138 11
20139 11
20140 11
20141 10
20142 10
20143 10
20144 10
20145 10
20146 10
20147 10
20148 10
20149 10
20150 9
20151 9
20152 9
20153 9
20154 9
20155 9
20156 9
20157 9
20158 9
20159 9
20160 9
20161 9
20162 9
20163 9
20164 9
20165 9
20166 9
20167 9
20168 8
20169 8
20170 8
20171 8
20172 8
20173 8
20174 8
20175 8
20176 8
20177 8
20178 8
20179 8
20180 8
20181 8
20182 8
20183 8
20184 8
20185 8
20186 8
20187 8
20188 8
20189 8
20190 8
20191 8
20192 8
20193 8
20194 8
20195 8
20196 8
20197 8
20198 8
20199 8
20200 8
20201 8
20202 8
20203 8
20204 8
20205 9
20206 9
20207 9
20208 9
20209 9
20210 9
20211 9
20212 9
20213 9
20214 10
20215 10
20216 10
20217 10
20218 10
20219 10
20220 10
20221 10
20222 10
20223 10
20224 10
20225 10
20226 10
20227 10
20228 11
20229 11
20230 11
20231 11
20232 11
20233 11
20234 11
20235 11
20236 11
20237 11
20238 11
20239 11
20240 11
20241 12
20242 12
20243 12
20244 12
20245 12
20246 12
20247 12
20248 12
20249 12
20250 12
20251 12
20252 13
20253 13
20254 13
20255 13
20256 13
20257 13
20258 13
20259 13
20260 13
20261 13
20262 13
20263 13
20264 14
20265 14
20266 14
20267 14
20268 14
20269 14
20270 14
20271 14
20272 14
20273 14
20274 14
20275 15
20276 15
20277 15
20278 15
20279 15
20280 15
20281 15
20282 15
20283 15
20284 15
20285 15
20286 15
20287 16
20288 16
20289 16
20290 16
20291 16
20292 16
20293 16
20294 16
20295 16
20296 17
20297 17
20298 17
20299 17
20300 17
20301 17
20302 17
20303 17
20304 17
20305 17
20306 17
20307 18
20308 18
20309 18
20310 18
20311 18
20312 18
20313 18
20314 18
20315 18
20316 18
20317 18
20318 19
20319 19
20320 19
20321 19
20322 19
20323 19
20324 19
20325 19
20326 19
20327 19
20328 19
20329 19
20330 20
20331 20
20332 20
20333 20
20334 20
20335 20
20336 20
20337 20
20338 20
20339 20
20340 20
20341 20
20342 20
20343 20
20344 20
20345 20
20346 20
20347 20
20348 21
20349 21
20350 21
20351 21
20352 21
20353 21
20354 21
20355 21
20356 21
20357 21
20358 21
20359 21
20360 21
20361 21
20362 21
20363 21
20364 21
20365 21
20366 21
20367 21
20368 21
20369 21
20370 21
20371 21
20372 21
20373 21
20374 21
20375 21
20376 21
20377 21
20378 21
20379 21
20380 21
20381 21
20382 21
20383 21
20384 21
20385 21
20386 21
20387 21
20388 21
20389 21
20390 21
20391 21
20392 21
20393 21
20394 21
20395 21
20396 21
20397 21
20398 21
20399 21
20400 21
20401 21
20402 21
20403 21
20404 21
20405 21
20406 21
20407 21
20408 20
20409 20
20410 20
20411 20
20412 20
20413 20
20414 20
20415 20
20416 20
20417 20
20418 19
20419 19
20420 19
20421 19
20422 19
20423 19
20424 19
20425 19
20426 19
20427 18
20428 18
20429 18
20430 18
20431 18
20432 18
20433 18
20434 18
20435 17
20436 17
20437 17
20438 17
20439 17
20440 17
20441 17
20442 17
20443 16
20444 16
20445 16
20446 16
20447 16
20448 16
20449 16
20450 15
20451 15
20452 15
20453 15
20454 15
20455 15
20456 15
20457 15
20458 14
20459 14
20460 14
20461 14
20462 14
20463 13
20464 13
20465 13
20466 13
20467 13
20468 13
20469 13
20470 12
20471 12
20472 12
20473 12
20474 12
20475 12
20476 11
20477 11
20478 11
20479 11
20480 11
20481 10
20482 10
20483 10
20484 10
20485 10
20486 9
20487 9
20488 9
20489 9
20490 9
20491 8
20492 8
20493 8
20494 8
20495 7
20496 7
20497 7
20498 7
20499 7
20500 6
20501 6
20502 6
20503 6
20504 5
20505 5
20506 5
20507 4
20508 4
20509 4
20510 4
20511 3
20512 3
20513 3
20514 3
20515 3
20516 3
20517 2
20518 2
20519 2
20520 2
20521 2
20522 2
20523 1
20524 1
20525 1
20526 1
20527 1
20528 1
20529 1
20530 2
20531 2
20532 2
20533 2
20534 2
20535 2
20536 2
20537 2
20538 3
20539 3
20540 3
20541 3
20542 3
20543 3
20544 3
20545 3
20546 4
20547 4
20548 4
20549 4
20550 4
20551 5
20552 5
20553 5
20554 5
20555 5
20556 5
20557 5
20558 5
20559 5
20560 5
20561 5
20562 5
20563 5
20564 6
20565 6
20566 6
20567 6
20568 6
20569 6
20570 6
20571 6
20572 6
20573 6
20574 6
20575 6
20576 6
20577 6
20578 6
20579 6
20580 7
20581 7
20582 7
20583 7
20584 7
20585 7
20586 7
20587 7
20588 7
20589 7
20590 7
20591 7
20592 7
20593 7
20594 7
20595 7
20596 7
20597 7
20598 7
20599 7
20600 7
20601 7
20602 7
20603 7
20604 7
20605 7
20606 7
20607 7
20608 7
20609 7
20610 7
20611 7
20612 7
20613 7
20614 7
20615 7
20616 7
20617 8
20618 8
20619 8
20620 8
20621 8
20622 8
20623 8
20624 8
20625 8
20626 8
20627 8
20628 8
20629 8
20630 8
20631 8
20632 8
20633 8
20634 8
20635 8
20636 8
20637 8
20638 8
20639 8
20640 8
20641 8
20642 8
20643 8
20644 8
20645 8
20646 8
20647 8
20648 8
20649 8
20650 8
20651 8
20652 8
20653 8
20654 8
20655 8
20656 8
20657 8
20658 8
20659 8
20660 8
20661 8
20662 8
20663 8
20664 8
20665 8
20666 9
20667 9
20668 9
20669 9
20670 8
20671 8
20672 8
20673 8
20674 8
20675 8
20676 8
20677 8
20678 9
20679 9
20680 9
20681 9
20682 9
20683 9
20684 9
20685 9
20686 9
20687 9
20688 9
20689 9
20690 9
20691 9
20692 9
20693 9
20694 9
20695 9
20696 9
20697 9
20698 9
20699 9
20700 9
20701 9
20702 9
20703 9
20704 9
20705 9
20706 9
20707 10
20708 10
20709 10
20710 10
20711 10
20712 10
20713 10
20714 10
20715 10
20716 10
20717 10
20718 10
20719 10
20720 10
20721 10
20722 10
20723 10
20724 10
20725 10
20726 10
20727 10
20728 10
20729 10
20730 10
20731 10
20732 11
20733 11
20734 11
20735 11
20736 11
20737 11
20738 11
20739 11
20740 11
20741 11
20742 11
20743 11
20744 11
20745 11
20746 11
20747 11
20748 11
20749 11
20750 11
20751 11
20752 11
20753 11
20754 11
20755 11
20756 12
20757 12
20758 12
20759 12
20760 12
20761 11
20762 11
20763 12
20764 12
20765 12
20766 12
20767 12
20768 12
20769 12
20770 12
20771 12
20772 12
20773 12
20774 12
20775 12
20776 12
20777 12
20778 12
20779 12
20780 12
20781 12
20782 12
20783 12
20784 12
20785 12
20786 12
20787 12
20788 12
20789 12
20790 12
20791 12
20792 12
20793 12
20794 12
20795 12
20796 12
20797 12
20798 12
20799 12
20800 12
20801 12
20802 12
20803 12
20804 12
20805 12
20806 12
20807 12
20808 12
20809 12
20810 12
20811 12
20812 12
20813 12
20814 12
20815 12
20816 12
20817 12
20818 12
20819 12
20820 12
20821 12
20822 12
20823 12
20824 12
20825 12
20826 12
20827 12
20828 12
20829 12
20830 12
20831 12
20832 12
20833 12
20834 12
20835 12
20836 12
20837 12
20838 13
20839 13
20840 13
20841 13
20842 13
20843 13
20844 13
20845 13
20846 13
20847 13
20848 13
20849 13
20850 13
20851 13
20852 13
20853 13
20854 13
20855 13
20856 13
20857 13
20858 13
20859 13
20860 13
20861 13
20862 13
20863 13
20864 13
20865 13
20866 13
20867 14
20868 14
20869 14
20870 14
20871 14
20872 14
20873 14
20874 14
20875 14
20876 14
20877 14
20878 14
20879 14
20880 14
20881 14
20882 14
20883 14
20884 14
20885 14
20886 14
20887 14
20888 14
20889 14
20890 14
20891 14
20892 14
20893 14
20894 14
20895 14
20896 14
20897 14
20898 14
20899 14
20900 14
20901 14
20902 14
20903 14
20904 14
20905 14
20906 14
20907 14
20908 13
20909 13
20910 13
20911 13
20912 13
20913 13
20914 13
20915 13
20916 13
20917 13
20918 13
20919 13
20920 13
20921 13
20922 13
20923 13
20924 13
20925 13
20926 13
20927 13
20928 13
20929 12
20930 12
20931 12
20932 12
20933 12
20934 12
20935 12
20936 12
20937 12
20938 12
20939 12
20940 12
20941 12
20942 12
20943 12
20944 12
20945 12
20946 12
20947 12
20948 12
20949 12
20950 12
20951 12
20952 12
20953 11
20954 11
20955 11
20956 11
20957 11
20958 11
20959 11
20960 11
20961 11
20962 11
20963 12
20964 12
20965 12
20966 12
20967 12
20968 12
20969 12
20970 12
20971 12
20972 12
20973 12
20974 12
20975 12
20976 12
20977 12
20978 12
20979 12
20980 13
20981 13
20982 13
20983 13
20984 13
20985 13
20986 13
20987 13
20988 13
20989 13
20990 13
20991 13
20992 13
20993 13
20994 13
20995 13
20996 13
20997 14
20998 14
20999 14
21000 14
21001 14
21002 14
21003 14
21004 14
21005 14
21006 14
21007 14
21008 14
21009 14
21010 14
21011 14
21012 14
21013 14
21014 14
21015 14
21016 14
21017 14
21018 14
21019 14
21020 14
21021 14
21022 14
21023 14
21024 14
21025 14
21026 14
21027 14
21028 15
21029 15
21030 15
21031 15
21032 15
21033 15
21034 15
21035 15
21036 15
21037 15
21038 15
21039 15
21040 15
21041 15
21042 15
21043 15
21044 15
21045 15
21046 15
21047 15
21048 15
21049 15
21050 15
21051 15
21052 15
21053 15
21054 15
21055 15
21056 15
21057 16
21058 16
21059 16
21060 16
21061 16
21062 16
21063 16
21064 16
21065 16
21066 16
21067 16
21068 16
21069 16
21070 16
21071 16
21072 16
21073 16
21074 16
21075 16
21076 17
21077 17
21078 17
21079 17
21080 17
21081 17
21082 17
21083 17
21084 17
21085 17
21086 17
21087 17
21088 17
21089 17
21090 17
21091 17
21092 17
21093 17
21094 17
21095 17
21096 17
21097 17
21098 18
21099 18
21100 18
21101 18
21102 18
21103 18
21104 18
21105 18
21106 18
21107 18
21108 18
21109 18
21110 18
21111 18
21112 18
21113 19
21114 19
21115 19
21116 19
21117 19
21118 19
21119 19
21120 19
21121 19
21122 19
21123 19
21124 19
21125 19
21126 19
21127 19
21128 19
21129 19
21130 20
21131 20
21132 20
21133 20
21134 20
21135 20
21136 20
21137 20
21138 20
21139 20
21140 20
21141 20
21142 20
21143 20
21144 20
21145 20
21146 20
21147 20
21148 20
21149 20
21150 20
21151 21
21152 21
21153 21
21154 21
21155 21
21156 21
21157 21
21158 21
21159 21
21160 21
21161 21
21162 21
21163 21
21164 21
21165 21
21166 21
21167 21
21168 21
21169 21
21170 22
21171 22
21172 22
21173 22
21174 22
21175 22
21176 22
21177 22
21178 22
21179 22
21180 22
21181 22
21182 22
21183 22
21184 22
21185 22
21186 22
21187 22
21188 22
21189 22
21190 22
21191 22
21192 22
21193 22
21194 23
21195 23
21196 23
21197 23
21198 23
21199 23
21200 23
21201 23
21202 23
21203 23
21204 23
21205 23
21206 23
21207 23
21208 23
21209 23
21210 23
21211 23
21212 23
21213 23
21214 23
21215 23
21216 23
21217 23
21218 23
21219 23
21220 23
21221 23
21222 23
21223 22
21224 22
21225 22
21226 22
21227 22
21228 22
21229 22
21230 22
21231 22
21232 22
21233 22
21234 22
21235 22
21236 22
21237 22
21238 22
21239 22
21240 22
21241 22
21242 22
21243 22
21244 22
21245 22
21246 22
21247 22
21248 22
21249 22
21250 21
21251 21
21252 21
21253 21
21254 21
21255 21
21256 21
21257 21
21258 21
21259 21
21260 21
21261 21
21262 21
21263 21
21264 21
21265 21
21266 21
21267 21
21268 20
21269 20
21270 20
21271 20
21272 20
21273 20
21274 19
21275 19
21276 19
21277 19
21278 19
21279 19
21280 19
21281 19
21282 19
21283 19
21284 19
21285 19
21286 18
21287 18
21288 18
21289 18
21290 18
21291 18
21292 18
21293 17
21294 17
21295 17
21296 17
21297 17
21298 17
21299 16
21300 16
21301 16
21302 16
21303 15
21304 15
21305 15
21306 15
21307 15
21308 15
21309 14
21310 14
21311 14
21312 14
21313 14
21314 14
21315 13
21316 13
21317 13
21318 13
21319 13
21320 13
21321 13
21322 13
21323 12
21324 12
21325 12
21326 12
21327 12
21328 11
21329 11
21330 11
21331 11
21332 11
21333 11
21334 11
21335 10
21336 10
21337 10
21338 10
21339 10
21340 9
21341 9
21342 9
21343 9
21344 9
21345 9
21346 9
21347 9
21348 9
21349 8
21350 8
21351 8
21352 8
21353 8
21354 8
21355 8
21356 8
21357 8
21358 8
21359 8
21360 8
21361 8
21362 8
21363 8
21364 8
21365 8
21366 8
21367 8
21368 9
21369 9
21370 9
21371 9
21372 9
21373 9
21374 9
21375 9
21376 9
21377 9
21378 9
21379 9
21380 10
21381 10
21382 10
21383 10
21384 10
21385 10
21386 10
21387 10
21388 10
21389 11
21390 11
21391 11
21392 11
21393 11
21394 11
21395 11
21396 12
21397 12
21398 12
21399 12
21400 12
21401 12
21402 12
21403 12
21404 13
21405 13
21406 13
21407 13
21408 13
21409 13
21410 13
21411 14
21412 14
21413 14
21414 14
21415 14
21416 14
21417 14
21418 14
21419 14
21420 14
21421 15
21422 15
21423 15
21424 15
21425 15
21426 15
21427 15
21428 15
21429 15
21430 16
21431 16
21432 16
21433 16
21434 16
21435 16
21436 16
21437 16
21438 16
21439 16
21440 16
21441 17
21442 17
21443 17
21444 17
21445 17
21446 17
21447 17
21448 17
21449 17
21450 17
21451 17
21452 17
21453 17
21454 17
21455 17
21456 18
21457 18
21458 18
21459 18
21460 18
21461 18
21462 18
21463 18
21464 18
21465 18
21466 18
21467 18
21468 18
21469 18
21470 18
21471 18
21472 18
21473 18
21474 18
21475 18
21476 18
21477 18
21478 18
21479 18
21480 18
21481 18
21482 18
21483 18
21484 18
21485 18
21486 18
21487 18
21488 18
21489 18
21490 18
21491 18
21492 18
21493 18
21494 18
21495 18
21496 18
21497 18
21498 18
21499 18
21500 18
21501 18
21502 18
21503 18
21504 18
21505 18
21506 18
21507 18
21508 18
21509 18
21510 18
21511 18
21512 18
21513 18
21514 18
21515 18
21516 18
21517 18
21518 18
21519 18
21520 18
21521 18
21522 18
21523 18
21524 18
21525 18
21526 18
21527 18
21528 18
21529 18
21530 18
21531 18
21532 18
21533 18
21534 18
21535 18
21536 18
21537 18
21538 18
21539 18
21540 18
21541 18
21542 18
21543 18
21544 18
21545 18
21546 18
21547 18
21548 18
21549 18
21550 18
21551 17
21552 17
21553 17
21554 17
21555 17
21556 17
21557 17
21558 17
21559 17
21560 17
21561 17
21562 17
21563 17
21564 17
21565 17
21566 17
21567 17
21568 17
21569 17
21570 17
21571 17
21572 17
21573 17
21574 17
21575 16
21576 16
21577 16
21578 16
21579 16
21580 16
21581 16
21582 16
21583 16
21584 16
21585 16
21586 16
21587 16
21588 15
21589 15
21590 15
21591 15
21592 15
21593 15
21594 15
21595 15
21596 15
21597 15
21598 15
21599 15
21600 15
21601 15
21602 15
21603 15
21604 15
21605 15
21606 15
21607 14
21608 14
21609 14
21610 14
21611 14
21612 14
21613 14
21614 14
21615 14
21616 14
21617 14
21618 14
21619 14
21620 13
21621 13
21622 13
21623 13
21624 13
21625 13
21626 13
21627 13
21628 13
21629 13
21630 13
21631 13
21632 13
21633 13
21634 12
21635 12
21636 12
21637 12
21638 12
21639 12
21640 12
21641 12
21642 12
21643 12
21644 12
21645 12
21646 12
21647 12
21648 12
21649 12
21650 11
21651 11
21652 11
21653 11
21654 11
21655 11
21656 11
21657 11
21658 11
21659 11
21660 11
21661 11
21662 11
21663 11
21664 11
21665 11
21666 11
21667 11
21668 11
21669 11
21670 11
21671 11
21672 10
21673 10
21674 10
21675 10
21676 10
21677 10
21678 10
21679 10
21680 10
21681 10
21682 10
21683 10
21684 10
21685 10
21686 10
21687 10
21688 10
21689 10
21690 10
21691 10
21692 11
21693 10
21694 10
21695 10
21696 10
21697 10
21698 11
21699 11
21700 11
21701 11
21702 11
21703 11
21704 11
21705 11
21706 11
21707 11
21708 11
21709 11
21710 11
21711 11
21712 11
21713 11
21714 11
21715 11
21716 11
21717 11
21718 11
21719 11
21720 11
21721 11
21722 11
21723 11
21724 11
21725 12
21726 12
21727 12
21728 12
21729 12
21730 12
21731 12
21732 12
21733 12
21734 12
21735 12
21736 12
21737 12
21738 12
21739 12
21740 12
21741 12
21742 12
21743 12
21744 12
21745 12
21746 12
21747 12
21748 12
21749 12
21750 12
21751 12
21752 12
21753 12
21754 12
21755 12
21756 12
21757 12
21758 12
21759 12
21760 12
21761 12
21762 12
21763 12
21764 12
21765 12
21766 12
21767 12
21768 12
21769 11
21770 11
21771 11
21772 11
21773 11
21774 11
21775 11
21776 11
21777 11
21778 11
21779 11
21780 11
21781 11
21782 11
21783 11
21784 11
21785 11
21786 11
21787 11
21788 11
21789 11
21790 11
21791 10
21792 10
21793 10
21794 10
21795 10
21796 10
21797 10
21798 10
21799 10
21800 10
21801 10
21802 10
21803 10
21804 10
21805 10
21806 10
21807 10
21808 10
21809 10
21810 10
21811 10
21812 10
21813 10
21814 10
21815 10
21816 10
21817 10
21818 10
21819 10
21820 9
21821 9
21822 9
21823 9
21824 9
21825 9
21826 9
21827 9
21828 9
21829 9
21830 9
21831 9
21832 9
21833 9
21834 9
21835 9
21836 9
21837 9
21838 9
21839 9
21840 9
21841 9
21842 9
21843 9
21844 9
21845 9
21846 9
21847 9
21848 9
21849 9
21850 9
21851 9
21852 9
21853 9
21854 9
21855 9
21856 9
21857 8
21858 8
21859 8
21860 8
21861 8
21862 9
21863 8
21864 8
21865 8
21866 8
21867 8
21868 8
21869 8
21870 8
21871 8
21872 8
21873 8
21874 8
21875 8
21876 8
21877 8
21878 8
21879 8
21880 8
21881 8
21882 8
21883 8
21884 8
21885 8
21886 8
21887 8
21888 8
21889 8
21890 9
21891 9
21892 9
21893 9
21894 9
21895 9
21896 9
21897 9
21898 9
21899 9
21900 9
21901 9
21902 9
21903 9
21904 9
21905 9
21906 9
21907 9
21908 9
21909 9
21910 9
21911 9
21912 10
21913 10
21914 10
21915 10
21916 10
21917 10
21918 10
21919 10
21920 10
21921 10
21922 10
21923 10
21924 10
21925 10
21926 10
21927 10
21928 10
21929 10
21930 10
21931 10
21932 10
21933 10
21934 10
21935 10
21936 10
21937 11
21938 11
21939 11
21940 11
21941 11
21942 11
21943 11
21944 11
21945 11
21946 11
21947 11
21948 11
21949 11
21950 11
21951 11
21952 11
21953 11
21954 11
21955 11
21956 12
21957 12
21958 12
21959 12
21960 12
21961 12
21962 12
21963 12
21964 12
21965 12
21966 12
21967 12
21968 12
21969 12
21970 12
21971 13
21972 13
21973 13
21974 13
21975 13
21976 13
21977 13
21978 13
21979 13
21980 13
21981 13
21982 13
21983 13
21984 13
21985 14
21986 14
21987 14
21988 14
21989 14
21990 14
21991 14
21992 14
21993 14
21994 14
21995 14
21996 14
21997 14
21998 14
21999 14
22000 14
22001 14
22002 14
22003 15
22004 15
22005 15
22006 15
22007 15
22008 15
22009 15
22010 15
22011 15
22012 15
22013 15
22014 15
22015 15
22016 15
22017 15
22018 15
22019 15
22020 15
22021 15
22022 15
22023 15
22024 15
22025 16
22026 16
22027 16
22028 16
22029 16
22030 16
22031 16
22032 16
22033 16
22034 16
22035 16
22036 16
22037 16
22038 16
22039 16
22040 16
22041 16
22042 16
22043 16
22044 16
22045 16
22046 16
22047 16
22048 16
22049 16
22050 16
22051 16
22052 16
22053 16
22054 16
22055 16
22056 16
22057 16
22058 16
22059 16
22060 16
22061 16
22062 16
22063 16
22064 16
22065 16
22066 16
22067 16
22068 16
22069 16
22070 16
22071 16
22072 16
22073 16
22074 16
22075 16
22076 16
22077 15
22078 15
22079 15
22080 15
22081 15
22082 15
22083 15
22084 15
22085 15
22086 15
22087 15
22088 15
22089 15
22090 15
22091 15
22092 15
22093 15
22094 15
22095 15
22096 15
22097 15
22098 15
22099 14
22100 14
22101 14
22102 14
22103 14
22104 14
22105 14
22106 14
22107 14
22108 14
22109 14
22110 14
22111 14
22112 13
22113 13
22114 13
22115 13
22116 13
22117 13
22118 13
22119 13
22120 13
22121 13
22122 12
22123 12
22124 12
22125 12
22126 12
22127 12
22128 12
22129 12
22130 11
22131 11
22132 11
22133 11
22134 11
22135 11
22136 11
22137 11
22138 10
22139 10
22140 10
22141 10
22142 10
22143 10
22144 9
22145 9
22146 9
22147 9
22148 9
22149 9
22150 8
22151 8
22152 8
22153 8
22154 8
22155 8
22156 8
22157 7
22158 7
22159 7
22160 7
22161 7
22162 7
22163 7
22164 6
22165 6
22166 6
22167 6
22168 6
22169 6
22170 6
22171 6
22172 6
22173 6
22174 6
22175 5
22176 5
22177 5
22178 5
22179 5
22180 5
22181 5
22182 5
22183 5
22184 5
22185 5
22186 5
22187 5
22188 5
22189 5
22190 5
22191 5
22192 5
22193 5
22194 5
22195 6
22196 6
22197 6
22198 6
22199 6
22200 6
22201 6
22202 6
22203 6
22204 6
22205 6
22206 6
22207 6
22208 6
22209 6
22210 6
22211 6
22212 6
22213 7
22214 7
22215 7
22216 7
22217 7
22218 7
22219 7
22220 7
22221 7
22222 7
22223 7
22224 8
22225 8
22226 8
22227 8
22228 8
22229 8
22230 8
22231 8
22232 8
22233 8
22234 8
22235 8
22236 8
22237 8
22238 8
22239 8
22240 8
22241 8
22242 8
22243 8
22244 8
22245 8
22246 8
22247 8
22248 8
22249 8
22250 8
22251 8
22252 9
22253 9
22254 9
22255 9
22256 9
22257 9
22258 9
22259 9
22260 9
22261 9
22262 9
22263 9
22264 9
22265 9
22266 9
22267 9
22268 9
22269 9
22270 9
22271 9
22272 9
22273 9
22274 9
22275 9
22276 9
22277 9
22278 9
22279 9
22280 9
22281 9
22282 9
22283 9
22284 9
22285 9
22286 9
22287 9
22288 9
22289 9
22290 9
22291 9
22292 9
22293 9
22294 9
22295 9
22296 9
22297 9
22298 9
22299 9
22300 9
22301 9
22302 9
22303 9
22304 9
22305 9
22306 9
22307 9
22308 9
22309 9
22310 9
22311 9
22312 9
22313 9
22314 9
22315 9
22316 9
22317 8
22318 8
22319 8
22320 8
22321 8
22322 8
22323 8
22324 8
22325 8
22326 8
22327 8
22328 8
22329 8
22330 8
22331 8
22332 8
22333 8
22334 8
22335 8
22336 8
22337 8
22338 8
22339 8
22340 8
22341 8
22342 8
22343 8
22344 8
22345 8
22346 8
22347 8
22348 8
22349 8
22350 8
22351 8
22352 8
22353 8
22354 8
22355 8
22356 8
22357 8
22358 8
22359 8
22360 8
22361 8
22362 8
22363 8
22364 8
22365 8
22366 7
22367 7
22368 7
22369 7
22370 7
22371 7
22372 7
22373 7
22374 8
22375 8
22376 8
22377 8
22378 8
22379 8
22380 8
22381 8
22382 8
22383 8
22384 8
22385 7
22386 7
22387 7
22388 7
22389 7
22390 7
22391 7
22392 7
22393 7
22394 7
22395 7
22396 7
22397 7
22398 7
22399 7
22400 7
22401 7
22402 7
22403 7
22404 7
22405 7
22406 7
22407 7
22408 7
22409 7
22410 6
22411 6
22412 6
22413 6
22414 6
22415 6
22416 6
22417 6
22418 6
22419 6
22420 6
22421 6
22422 6
22423 6
22424 6
22425 6
22426 6
22427 5
22428 5
22429 5
22430 5
22431 5
22432 6
22433 6
22434 6
22435 6
22436 6
22437 6
22438 6
22439 6
22440 6
22441 6
22442 6
22443 6
22444 6
22445 6
22446 6
22447 6
22448 6
22449 7
22450 7
22451 7
22452 7
22453 7
22454 7
22455 7
22456 7
22457 8
22458 8
22459 8
22460 8
22461 8
22462 8
22463 8
22464 8
22465 8
22466 8
22467 9
22468 9
22469 9
22470 9
22471 9
22472 9
22473 9
22474 9
22475 9
22476 9
22477 9
22478 10
22479 10
22480 10
22481 10
22482 10
22483 10
22484 10
22485 10
22486 10
22487 10
22488 10
22489 10
22490 10
22491 11
22492 11
22493 11
22494 11
22495 11
22496 11
22497 11
22498 11
22499 11
22500 11
22501 11
22502 11
22503 11
22504 11
22505 11
22506 12
22507 12
22508 12
22509 12
22510 12
22511 12
22512 12
22513 12
22514 12
22515 12
22516 12
22517 12
22518 12
22519 12
22520 12
22521 13
22522 13
22523 13
22524 13
22525 13
22526 13
22527 13
22528 13
22529 13
22530 13
22531 13
22532 13
22533 13
22534 13
22535 13
22536 13
22537 13
22538 13
22539 13
22540 13
22541 13
22542 13
22543 13
22544 13
22545 13
22546 13
22547 13
22548 13
22549 13
22550 13
22551 13
22552 13
22553 13
22554 13
22555 13
22556 13
22557 13
22558 13
22559 13
22560 13
22561 13
22562 13
22563 13
22564 13
22565 13
22566 13
22567 13
22568 13
22569 13
22570 13
22571 12
22572 12
22573 12
22574 12
22575 12
22576 12
22577 12
22578 12
22579 12
22580 12
22581 12
22582 12
22583 12
22584 12
22585 12
22586 12
22587 12
22588 12
22589 12
22590 11
22591 11
22592 11
22593 11
22594 11
22595 11
22596 11
22597 11
22598 11
22599 11
22600 11
22601 11
22602 11
22603 11
22604 11
22605 11
22606 11
22607 10
22608 10
22609 10
22610 10
22611 10
22612 10
22613 10
22614 10
22615 10
22616 10
22617 10
22618 10
22619 10
22620 10
22621 10
22622 10
22623 10
22624 10
22625 10
22626 10
22627 10
22628 10
22629 9
22630 9
22631 9
22632 9
22633 9
22634 9
22635 9
22636 9
22637 9
22638 9
22639 9
22640 9
22641 9
22642 8
22643 8
22644 8
22645 8
22646 8
22647 8
22648 8
22649 8
22650 8
22651 8
22652 8
22653 8
22654 8
22655 8
22656 8
22657 8
22658 8
22659 8
22660 8
22661 8
22662 8
22663 8
22664 8
22665 8
22666 8
22667 8
22668 8
22669 8
22670 8
22671 8
22672 8
22673 8
22674 8
22675 8
22676 8
22677 8
22678 8
22679 8
22680 8
22681 8
22682 8
22683 8
22684 8
22685 8
22686 8
22687 8
22688 8
22689 8
22690 9
22691 9
22692 9
22693 9
22694 9
22695 9
22696 9
22697 9
22698 9
22699 9
22700 9
22701 10
22702 10
22703 10
22704 10
22705 10
22706 10
22707 10
22708 10
22709 10
22710 10
22711 10
22712 10
22713 11
22714 11
22715 11
22716 11
22717 11
22718 11
22719 11
22720 11
22721 11
22722 11
22723 11
22724 12
22725 12
22726 12
22727 12
22728 12
22729 12
22730 12
22731 12
22732 12
22733 12
22734 13
22735 13
22736 13
22737 13
22738 13
22739 13
22740 13
22741 13
22742 13
22743 13
22744 13
22745 14
22746 14
22747 14
22748 14
22749 14
22750 14
22751 14
22752 14
22753 14
22754 14
22755 15
22756 15
22757 15
22758 15
22759 15
22760 15
22761 15
22762 15
22763 15
22764 15
22765 15
22766 15
22767 16
22768 16
22769 16
22770 16
22771 16
22772 16
22773 16
22774 16
22775 16
22776 16
22777 16
22778 16
22779 16
22780 16
22781 17
22782 17
22783 17
22784 17
22785 17
22786 17
22787 17
22788 17
22789 17
22790 17
22791 17
22792 17
22793 17
22794 18
22795 18
22796 18
22797 18
22798 18
22799 18
22800 18
22801 18
22802 18
22803 18
22804 18
22805 18
22806 18
22807 18
22808 18
22809 18
22810 18
22811 18
22812 18
22813 18
22814 18
22815 18
22816 18
22817 18
22818 18
22819 18
22820 18
22821 18
22822 18
22823 18
22824 18
22825 18
22826 18
22827 18
22828 18
22829 18
22830 18
22831 18
22832 18
22833 18
22834 18
22835 18
22836 18
22837 18
22838 18
22839 18
22840 18
22841 18
22842 18
22843 18
22844 18
22845 18
22846 18
22847 18
22848 18
22849 18
22850 18
22851 18
22852 18
22853 18
22854 18
22855 18
22856 18
22857 18
22858 18
22859 18
22860 17
22861 17
22862 17
22863 17
22864 17
22865 17
22866 17
22867 17
22868 17
22869 17
22870 17
22871 17
22872 17
22873 17
22874 17
22875 17
22876 17
22877 17
22878 17
22879 17
22880 17
22881 17
22882 17
22883 17
22884 17
22885 17
22886 17
22887 17
22888 17
22889 17
22890 17
22891 17
22892 17
22893 17
22894 17
22895 17
22896 17
22897 17
22898 17
22899 17
22900 17
22901 17
22902 17
22903 17
22904 17
22905 17
22906 17
22907 17
22908 17
22909 17
22910 18
22911 18
22912 18
22913 18
22914 18
22915 18
22916 18
22917 18
22918 18
22919 18
22920 18
22921 18
22922 19
22923 19
22924 19
22925 19
22926 19
22927 19
22928 19
22929 19
22930 19
22931 19
22932 20
22933 20
22934 20
22935 20
22936 20
22937 20
22938 20
22939 21
22940 21
22941 21
22942 21
22943 21
22944 21
22945 21
22946 21
22947 22
22948 22
22949 22
22950 22
22951 22
22952 22
22953 22
22954 22
22955 22
22956 23
22957 23
22958 23
22959 23
22960 23
22961 23
22962 23
22963 23
22964 24
22965 24
22966 24
22967 24
22968 24
22969 24
22970 24
22971 24
22972 24
22973 24
22974 24
22975 25
22976 25
22977 25
22978 25
22979 25
22980 25
22981 25
22982 25
22983 25
22984 25
22985 25
22986 25
22987 25
22988 25
22989 25
22990 25
22991 25
22992 26
22993 26
22994 25
22995 25
22996 25
22997 25
22998 25
22999 26
23000 26
23001 26
23002 26
23003 26
23004 25
23005 25
23006 25
23007 25
23008 25
23009 25
23010 25
23011 25
23012 25
23013 25
23014 25
23015 25
23016 25
23017 25
23018 25
23019 25
23020 25
23021 24
23022 24
23023 24
23024 24
23025 24
23026 24
23027 24
23028 24
23029 24
23030 23
23031 23
23032 23
23033 23
23034 23
23035 23
23036 23
23037 23
23038 22
23039 22
23040 22
23041 22
23042 22
23043 21
23044 21
23045 21
23046 21
23047 21
23048 20
23049 20
23050 20
23051 20
23052 20
23053 19
23054 19
23055 19
23056 19
23057 18
23058 18
23059 18
23060 18
23061 17
23062 17
23063 17
23064 17
23065 16
23066 16
23067 16
23068 15
23069 15
23070 15
23071 15
23072 14
23073 14
23074 14
23075 14
23076 13
23077 13
23078 13
23079 13
23080 12
23081 12
23082 12
23083 11
23084 11
23085 11
23086 10
23087 10
23088 10
23089 10
23090 9
23091 9
23092 9
23093 8
23094 8
23095 8
23096 8
23097 7
23098 7
23099 7
23100 7
23101 6
23102 6
23103 6
23104 6
23105 5
23106 5
23107 5
23108 5
23109 5
23110 4
23111 4
23112 4
23113 4
23114 4
23115 4
23116 4
23117 4
23118 4
23119 4
23120 4
23121 4
23122 5
23123 5
23124 5
23125 5
23126 5
23127 5
23128 6
23129 6
23130 6
23131 6
23132 6
23133 7
23134 7
23135 7
23136 7
23137 8
23138 8
23139 8
23140 8
23141 8
23142 8
23143 9
23144 9
23145 9
23146 10
23147 10
23148 10
23149 11
23150 11
23151 11
23152 12
23153 12
23154 12
23155 12
23156 12
23157 12
23158 13
23159 13
23160 13
23161 13
23162 13
23163 13
23164 14
23165 14
23166 14
23167 14
23168 14
23169 14
23170 15
23171 15
23172 15
23173 15
23174 15
23175 15
23176 15
23177 16
23178 16
23179 16
23180 16
23181 16
23182 16
23183 16
23184 16
23185 17
23186 17
23187 17
23188 17
23189 17
23190 17
23191 17
23192 17
23193 17
23194 17
23195 17
23196 18
23197 18
23198 18
23199 18
23200 18
23201 18
23202 18
23203 18
23204 18
23205 18
23206 18
23207 18
23208 18
23209 18
23210 18
23211 18
23212 19
23213 19
23214 19
23215 19
23216 19
23217 19
23218 19
23219 19
23220 19
23221 19
23222 19
23223 19
23224 19
23225 19
23226 19
23227 19
23228 19
23229 19
23230 19
23231 19
23232 19
23233 19
23234 19
23235 19
23236 19
23237 19
23238 19
23239 19
23240 19
23241 19
23242 19
23243 19
23244 19
23245 19
23246 19
23247 19
23248 19
23249 19
23250 20
23251 20
23252 20
23253 20
23254 20
23255 20
23256 20
23257 20
23258 20
23259 20
23260 20
23261 20
23262 20
23263 20
23264 20
23265 20
23266 20
23267 20
23268 20
23269 20
23270 20
23271 20
23272 20
23273 20
23274 20
23275 20
23276 20
23277 20
23278 20
23279 20
23280 19
23281 19
23282 19
23283 19
23284 19
23285 19
23286 19
23287 19
23288 19
23289 19
23290 19
23291 19
23292 19
23293 19
23294 19
23295 19
23296 19
23297 19
23298 19
23299 19
23300 19
23301 19
23302 18
23303 18
23304 18
23305 18
23306 18
23307 18
23308 18
23309 18
23310 18
23311 18
23312 17
23313 17
23314 17
23315 17
23316 17
23317 17
23318 17
23319 17
23320 17
23321 16
23322 16
23323 16
23324 16
23325 16
23326 16
23327 16
23328 15
23329 15
23330 15
23331 15
23332 15
23333 14
23334 14
23335 14
23336 14
23337 14
23338 13
23339 13
23340 13
23341 13
23342 13
23343 12
23344 12
23345 12
23346 12
23347 12
23348 11
23349 11
23350 11
23351 11
23352 10
23353 10
23354 10
23355 10
23356 10
23357 9
23358 9
23359 9
23360 9
23361 9
23362 8
23363 8
23364 8
23365 8
23366 8
23367 7
23368 7
23369 7
23370 7
23371 7
23372 7
23373 7
23374 7
23375 7
23376 6
23377 6
23378 6
23379 6
23380 6
23381 6
23382 6
23383 6
23384 7
23385 7
23386 7
23387 7
23388 7
23389 7
23390 7
23391 8
23392 8
23393 8
23394 8
23395 8
23396 8
23397 9
23398 9
23399 9
23400 9
23401 10
23402 10
23403 10
23404 10
23405 11
23406 11
23407 11
23408 11
23409 11
23410 12
23411 12
23412 12
23413 12
23414 13
23415 13
23416 13
23417 13
23418 14
23419 14
23420 14
23421 14
23422 15
23423 15
23424 15
23425 15
23426 15
23427 16
23428 16
23429 16
23430 16
23431 16
23432 17
23433 17
23434 17
23435 17
23436 17
23437 18
23438 18
23439 18
23440 18
23441 18
23442 18
23443 19
23444 19
23445 19
23446 19
23447 19
23448 19
23449 19
23450 19
23451 20
23452 20
23453 20
23454 20
23455 20
23456 20
23457 20
23458 20
23459 20
23460 21
23461 21
23462 21
23463 21
23464 21
23465 21
23466 21
23467 21
23468 21
23469 21
23470 21
23471 21
23472 21
23473 21
23474 21
23475 21
23476 21
23477 21
23478 21
23479 21
23480 21
23481 21
23482 21
23483 21
23484 21
23485 21
23486 21
23487 21
23488 21
23489 21
23490 21
23491 21
23492 20
23493 20
23494 20
23495 20
23496 20
23497 20
23498 20
23499 20
23500 19
23501 19
23502 19
23503 19
23504 19
23505 19
23506 19
23507 18
23508 18
23509 18
23510 18
23511 18
23512 18
23513 17
23514 17
23515 17
23516 17
23517 17
23518 16
23519 16
23520 16
23521 16
23522 15
23523 15
23524 15
23525 15
23526 14
23527 14
23528 14
23529 14
23530 13
23531 13
23532 13
23533 13
23534 12
23535 12
23536 12
23537 12
23538 11
23539 11
23540 11
23541 10
23542 10
23543 10
23544 10
23545 9
23546 9
23547 9
23548 9
23549 8
23550 8
23551 8
23552 7
23553 7
23554 7
23555 7
23556 6
23557 6
23558 6
23559 5
23560 5
23561 5
23562 5
23563 5
23564 4
23565 4
23566 4
23567 4
23568 4
23569 4
23570 3
23571 3
23572 3
23573 3
23574 3
23575 3
23576 3
23577 3
23578 4
23579 4
23580 4
23581 4
23582 5
23583 5
23584 5
23585 5
23586 6
23587 6
23588 6
23589 6
23590 7
23591 7
23592 7
23593 7
23594 8
23595 8
23596 8
23597 9
23598 9
23599 9
23600 10
23601 10
23602 11
23603 11
23604 11
23605 11
23606 12
23607 12
23608 12
23609 12
23610 13
23611 13
23612 13
23613 14
23614 14
23615 14
23616 14
23617 15
23618 15
23619 15
23620 15
23621 16
23622 16
23623 16
23624 16
23625 17
23626 17
23627 17
23628 17
23629 18
23630 18
23631 18
23632 18
23633 18
23634 19
23635 19
23636 19
23637 19
23638 19
23639 20
23640 20
23641 20
23642 20
23643 20
23644 20
23645 20
23646 21
23647 21
23648 21
23649 21
23650 21
23651 21
23652 21
23653 21
23654 22
23655 22
23656 22
23657 22
23658 22
23659 22
23660 22
23661 22
23662 22
23663 22
23664 22
23665 22
23666 23
23667 23
23668 23
23669 23
23670 23
23671 23
23672 23
23673 23
23674 23
23675 23
23676 23
23677 23
23678 23
23679 23
23680 23
23681 23
23682 23
23683 23
23684 23
23685 23
23686 23
23687 23
23688 23
23689 23
23690 22
23691 22
23692 22
23693 22
23694 22
23695 22
23696 22
23697 22
23698 22
23699 22
23700 22
23701 22
23702 22
23703 22
23704 22
23705 22
23706 21
23707 21
23708 21
23709 21
23710 21
23711 21
23712 21
23713 21
23714 21
23715 21
23716 21
23717 20
23718 20
23719 20
23720 20
23721 20
23722 20
23723 20
23724 19
23725 19
23726 19
23727 19
23728 19
23729 19
23730 19
23731 19
23732 19
23733 19
23734 18
23735 18
23736 18
23737 18
23738 18
23739 18
23740 18
23741 18
23742 18
23743 18
23744 17
23745 17
23746 17
23747 17
23748 17
23749 17
23750 17
23751 17
23752 16
23753 16
23754 16
23755 16
23756 16
23757 16
23758 16
23759 16
23760 16
23761 16
23762 15
23763 15
23764 15
23765 15
23766 15
23767 15
23768 15
23769 15
23770 15
23771 15
23772 15
23773 15
23774 15
23775 14
23776 14
23777 14
23778 14
23779 14
23780 14
23781 14
23782 14
23783 14
23784 14
23785 14
23786 14
23787 14
23788 14
23789 14
23790 14
23791 14
23792 13
23793 13
23794 13
23795 13
23796 13
23797 13
23798 13
23799 13
23800 13
23801 13
23802 13
23803 13
23804 13
23805 13
23806 12
23807 12
23808 12
23809 12
23810 12
23811 12
23812 12
23813 12
23814 12
23815 12
23816 12
23817 12
23818 12
23819 12
23820 12
23821 12
23822 12
23823 12
23824 12
23825 12
23826 12
23827 12
23828 12
23829 12
23830 12
23831 12
23832 12
23833 12
23834 12
23835 12
23836 12
23837 12
23838 12
23839 12
23840 12
23841 12
23842 12
23843 12
23844 12
23845 12
23846 12
23847 11
23848 11
23849 11
23850 11
23851 11
23852 11
23853 11
23854 11
23855 11
23856 11
23857 11
23858 11
23859 11
23860 11
23861 11
23862 11
23863 11
23864 11
23865 11
23866 11
23867 11
23868 11
23869 11
23870 11
23871 11
23872 11
23873 11
23874 11
23875 11
23876 11
23877 11
23878 10
23879 10
23880 10
23881 10
23882 10
23883 10
23884 10
23885 10
23886 10
23887 10
23888 10
23889 10
23890 10
23891 10
23892 10
23893 10
23894 10
23895 10
23896 10
23897 10
23898 10
23899 10
23900 10
23901 10
23902 10
23903 10
23904 9
23905 9
23906 9
23907 9
23908 9
23909 9
23910 9
23911 9
23912 9
23913 9
23914 9
23915 9
23916 9
23917 9
23918 9
23919 9
23920 9
23921 9
23922 9
23923 9
23924 9
23925 9
23926 9
23927 9
23928 9
23929 9
23930 9
23931 9
23932 9
23933 9
23934 9
23935 9
23936 9
23937 9
23938 10
23939 10
23940 10
23941 10
23942 10
23943 10
23944 10
23945 10
23946 10
23947 10
23948 10
23949 10
23950 10
23951 10
23952 10
23953 10
23954 10
23955 10
23956 10
23957 10
23958 10
23959 10
23960 10
23961 10
23962 10
23963 10
23964 10
23965 10
23966 10
23967 10
23968 10
23969 10
23970 10
23971 10
23972 10
23973 10
23974 10
23975 11
23976 11
23977 11
23978 11
23979 11
23980 11
23981 11
23982 11
23983 11
23984 11
23985 11
23986 11
23987 11
23988 11
23989 11
23990 11
23991 11
23992 11
23993 11
23994 11
23995 11
23996 11
23997 11
23998 11
23999 11
24000 11
24001 11
24002 11
24003 11
24004 11
24005 12
24006 12
24007 12
24008 12
24009 12
24010 12
24011 12
24012 12
24013 12
24014 12
24015 12
24016 11
24017 11
24018 11
24019 12
24020 12
24021 12
24022 12
24023 12
24024 12
24025 12
24026 12
24027 12
24028 12
24029 12
24030 12
24031 12
24032 12
24033 12
24034 12
24035 12
24036 12
24037 12
24038 12
24039 12
24040 12
24041 12
24042 12
24043 12
24044 12
24045 12
24046 12
24047 12
24048 12
24049 12
24050 12
24051 12
24052 13
24053 13
24054 13
24055 13
24056 13
24057 13
24058 13
24059 13
24060 12
24061 12
24062 12
24063 12
24064 13
24065 13
24066 13
24067 13
24068 13
24069 13
24070 13
24071 13
24072 13
24073 13
24074 13
24075 13
24076 13
24077 13
24078 13
24079 13
24080 13
24081 13
24082 13
24083 13
24084 13
24085 13
24086 13
24087 13
24088 13
24089 13
24090 13
24091 13
24092 13
24093 13
24094 13
24095 13
24096 13
24097 13
24098 13
24099 13
24100 13
24101 13
24102 12
24103 13
24104 13
24105 13
24106 13
24107 14
24108 13
24109 13
24110 13
24111 13
24112 13
24113 13
24114 13
24115 13
24116 13
24117 13
24118 13
24119 13
24120 13
24121 13
24122 13
24123 13
24124 13
24125 13
24126 13
24127 13
24128 13
24129 13
24130 13
24131 13
24132 13
24133 13
24134 13
24135 13
24136 13
24137 13
24138 13
24139 13
24140 13
24141 13
24142 13
24143 13
24144 13
24145 13
24146 13
24147 13
24148 13
24149 13
24150 13
24151 13
24152 13
24153 13
24154 13
24155 13
24156 13
24157 12
24158 12
24159 12
24160 12
24161 12
24162 12
24163 12
24164 12
24165 12
24166 12
24167 12
24168 12
24169 12
24170 12
24171 12
24172 12
24173 12
24174 11
24175 11
24176 11
24177 11
24178 11
24179 11
24180 11
24181 11
24182 11
24183 11
24184 11
24185 11
24186 10
24187 10
24188 10
24189 10
24190 10
24191 10
24192 10
24193 10
24194 10
24195 10
24196 10
24197 10
24198 9
24199 9
24200 9
24201 9
24202 9
24203 9
24204 9
24205 9
24206 9
24207 9
24208 8
24209 8
24210 8
24211 8
24212 8
24213 8
24214 8
24215 8
24216 8
24217 8
24218 8
24219 8
24220 8
24221 8
24222 8
24223 8
24224 8
24225 8
24226 8
24227 8
24228 8
24229 8
24230 8
24231 8
24232 8
24233 8
24234 8
24235 8
24236 8
24237 8
24238 8
24239 8
24240 8
24241 8
24242 8
24243 8
24244 8
24245 8
24246 8
24247 8
24248 9
24249 9
24250 9
24251 9
24252 9
24253 9
24254 9
24255 9
24256 9
24257 9
24258 9
24259 9
24260 9
24261 9
24262 10
24263 10
24264 10
24265 10
24266 10
24267 10
24268 10
24269 10
24270 10
24271 10
24272 10
24273 10
24274 10
24275 10
24276 10
24277 10
24278 11
24279 11
24280 11
24281 11
24282 11
24283 11
24284 11
24285 11
24286 11
24287 11
24288 11
24289 11
24290 11
24291 11
24292 11
24293 11
24294 11
24295 11
24296 11
24297 11
24298 11
24299 11
24300 11
24301 11
24302 11
24303 11
24304 11
24305 11
24306 11
24307 11
24308 11
24309 11
24310 11
24311 11
24312 11
24313 11
24314 11
24315 11
24316 11
24317 11
24318 11
24319 11
24320 11
24321 11
24322 11
24323 11
24324 11
24325 11
24326 11
24327 11
24328 11
24329 11
24330 11
24331 11
24332 11
24333 11
24334 11
24335 11
24336 11
24337 11
24338 11
24339 11
24340 11
24341 11
24342 11
24343 11
24344 11
24345 11
24346 11
24347 11
24348 11
24349 11
24350 11
24351 11
24352 11
24353 11
24354 11
24355 10
24356 10
24357 10
24358 10
24359 10
24360 10
24361 10
24362 10
24363 10
24364 10
24365 10
24366 10
24367 10
24368 10
24369 10
24370 10
24371 10
24372 10
24373 10
24374 10
24375 9
24376 9
24377 9
24378 9
24379 9
24380 9
24381 9
24382 9
24383 9
24384 9
24385 9
24386 9
24387 9
24388 9
24389 9
24390 9
24391 8
24392 8
24393 8
24394 8
24395 8
24396 8
24397 8
24398 8
24399 8
24400 8
24401 8
24402 8
24403 8
24404 8
24405 7
24406 7
24407 7
24408 7
24409 7
24410 7
24411 7
24412 7
24413 7
24414 7
24415 6
24416 6
24417 6
24418 6
24419 6
24420 6
24421 6
24422 6
24423 6
24424 6
24425 6
24426 6
24427 5
24428 5
24429 5
24430 5
24431 5
24432 5
24433 5
24434 5
24435 5
24436 5
24437 5
24438 5
24439 5
24440 6
24441 6
24442 6
24443 6
24444 6
24445 6
24446 6
24447 6
24448 6
24449 6
24450 6
24451 6
24452 6
24453 6
24454 6
24455 6
24456 6
24457 6
24458 7
24459 7
24460 7
24461 7
24462 7
24463 7
24464 7
24465 7
24466 7
24467 7
24468 8
24469 8
24470 8
24471 8
24472 8
24473 8
24474 8
24475 9
24476 9
24477 9
24478 9
24479 9
24480 9
24481 9
24482 9
24483 9
24484 9
24485 10
24486 10
24487 10
24488 10
24489 10
24490 10
24491 10
24492 10
24493 10
24494 10
24495 11
24496 11
24497 11
24498 11
24499 11
24500 11
24501 11
24502 11
24503 11
24504 11
24505 12
24506 12
24507 12
24508 12
24509 12
24510 12
24511 12
24512 12
24513 12
24514 12
24515 12
24516 12
24517 12
24518 13
24519 13
24520 13
24521 13
24522 13
24523 13
24524 13
24525 13
24526 13
24527 13
24528 13
24529 13
24530 13
24531 13
24532 13
24533 13
24534 14
24535 14
24536 14
24537 14
24538 14
24539 14
24540 14
24541 14
24542 14
24543 14
24544 14
24545 14
24546 15
24547 15
24548 15
24549 14
24550 14
24551 14
24552 14
24553 14
24554 14
24555 15
24556 15
24557 15
24558 15
24559 15
24560 15
24561 15
24562 15
24563 15
24564 15
24565 15
24566 15
24567 15
24568 15
24569 15
24570 15
24571 15
24572 15
24573 15
24574 15
24575 15
24576 15
24577 15
24578 15
24579 15
24580 15
24581 15
24582 15
24583 15
24584 15
24585 15
24586 15
24587 15
24588 15
24589 15
24590 15
24591 15
24592 15
24593 15
24594 15
24595 15
24596 15
24597 15
24598 15
24599 15
24600 15
24601 15
24602 15
24603 15
24604 15
24605 15
24606 15
24607 15
24608 15
24609 15
24610 15
24611 15
24612 15
24613 15
24614 15
24615 15
24616 15
24617 15
24618 15
24619 15
24620 15
24621 15
24622 15
24623 15
24624 15
24625 15
24626 15
24627 15
24628 15
24629 15
24630 14
24631 14
24632 14
24633 14
24634 14
24635 14
24636 14
24637 14
24638 14
24639 14
24640 14
24641 14
24642 14
24643 14
24644 14
24645 14
24646 14
24647 14
24648 14
24649 14
24650 14
24651 14
24652 14
24653 14
24654 14
24655 14
24656 14
24657 14
24658 14
24659 14
24660 14
24661 14
24662 14
24663 14
24664 14
24665 14
24666 14
24667 14
24668 14
24669 14
24670 14
24671 14
24672 14
24673 14
24674 14
24675 14
24676 14
24677 14
24678 14
24679 14
24680 14
24681 14
24682 14
24683 14
24684 14
24685 14
24686 14
24687 14
24688 14
24689 15
24690 15
24691 15
24692 15
24693 15
24694 15
24695 15
24696 15
24697 15
24698 15
24699 15
24700 15
24701 15
24702 15
24703 15
24704 16
24705 16
24706 16
24707 16
24708 16
24709 16
24710 16
24711 16
24712 16
24713 17
24714 17
24715 17
24716 17
24717 17
24718 17
24719 17
24720 18
24721 18
24722 18
24723 18
24724 18
24725 18
24726 18
24727 18
24728 19
24729 19
24730 19
24731 19
24732 19
24733 19
24734 20
24735 20
24736 20
24737 20
24738 20
24739 20
24740 20
24741 21
24742 21
24743 21
24744 21
24745 21
24746 21
24747 21
24748 21
24749 22
24750 22
24751 22
24752 22
24753 22
24754 22
24755 22
24756 23
24757 23
24758 23
24759 23
24760 23
24761 23
24762 23
24763 23
24764 23
24765 24
24766 24
24767 24
24768 24
24769 24
24770 24
24771 24
24772 24
24773 24
24774 24
24775 25
24776 25
24777 25
24778 25
24779 25
24780 25
24781 25
24782 25
24783 25
24784 25
24785 25
24786 25
24787 25
24788 25
24789 25
24790 25
24791 26
24792 26
24793 26
24794 26
24795 26
24796 26
24797 26
24798 26
24799 26
24800 26
24801 26
24802 26
24803 26
24804 26
24805 26
24806 26
24807 26
24808 26
24809 26
24810 26
24811 26
24812 26
24813 25
24814 25
24815 25
24816 25
24817 25
24818 25
24819 25
24820 25
24821 25
24822 25
24823 25
24824 25
24825 25
24826 25
24827 25
24828 25
24829 25
24830 24
24831 24
24832 24
24833 24
24834 24
24835 24
24836 24
24837 24
24838 24
24839 24
24840 23
24841 23
24842 23
24843 23
24844 23
24845 23
24846 23
24847 23
24848 23
24849 22
24850 22
24851 22
24852 22
24853 22
24854 22
24855 22
24856 21
24857 21
24858 21
24859 21
24860 21
24861 21
24862 21
24863 21
24864 20
24865 20
24866 20
24867 20
24868 20
24869 20
24870 20
24871 19
24872 19
24873 19
24874 19
24875 19
24876 19
24877 19
24878 18
24879 18
24880 18
24881 18
24882 18
24883 18
24884 18
24885 17
24886 17
24887 17
24888 17
24889 17
24890 17
24891 17
24892 16
24893 16
24894 16
24895 16
24896 16
24897 16
24898 16
24899 16
24900 15
24901 15
24902 15
24903 15
24904 15
24905 15
24906 15
24907 15
24908 15
24909 15
24910 14
24911 14
24912 14
24913 14
24914 14
24915 14
24916 14
24917 14
24918 14
24919 14
24920 14
24921 14
24922 14
24923 14
24924 14
24925 14
24926 14
24927 14
24928 14
24929 13
24930 13
24931 13
24932 13
24933 13
24934 13
24935 13
24936 13
24937 13
24938 13
24939 13
24940 13
24941 13
24942 13
24943 13
24944 13
24945 13
24946 13
24947 13
24948 13
24949 13
24950 13
24951 14
24952 14
24953 14
24954 14
24955 13
24956 13
24957 13
24958 13
24959 13
24960 13
24961 14
24962 14
24963 14
24964 14
24965 14
24966 14
24967 14
24968 14
24969 14
24970 14
24971 14
24972 14
24973 14
24974 14
24975 14
24976 14
24977 14
24978 14
24979 14
24980 14
24981 15
24982 15
24983 15
24984 15
24985 15
24986 15
24987 15
24988 15
24989 15
24990 15
24991 15
24992 15
24993 15
24994 15
24995 16
24996 16
24997 16
24998 16
24999 16
25000 16
25001 16
25002 16
25003 16
25004 16
25005 16
25006 16
25007 16
25008 16
25009 16
25010 16
25011 16
25012 17
25013 17
25014 17
25015 17
25016 17
25017 17
25018 17
25019 17
25020 17
25021 17
25022 17
25023 17
25024 17
25025 17
25026 17
25027 17
25028 17
25029 17
25030 17
25031 17
25032 17
25033 17
25034 17
25035 17
25036 17
25037 17
25038 17
25039 17
25040 17
25041 17
25042 17
25043 17
25044 18
25045 18
25046 18
25047 18
25048 18
25049 18
25050 18
25051 18
25052 17
25053 18
25054 18
25055 18
25056 18
25057 18
25058 18
25059 18
25060 18
25061 18
25062 18
25063 18
25064 18
25065 18
25066 17
25067 17
25068 17
25069 17
25070 17
25071 17
25072 17
25073 17
25074 17
25075 17
25076 17
25077 17
25078 17
25079 17
25080 17
25081 17
25082 16
25083 16
25084 16
25085 16
25086 16
25087 16
25088 16
25089 16
25090 16
25091 15
25092 15
25093 15
25094 15
25095 15
25096 15
25097 15
25098 14
25099 14
25100 14
25101 14
25102 14
25103 14
25104 14
25105 13
25106 13
25107 13
25108 13
25109 13
25110 12
25111 12
25112 12
25113 12
25114 12
25115 12
25116 11
25117 11
25118 11
25119 11
25120 11
25121 11
25122 11
25123 11
25124 10
25125 10
25126 10
25127 10
25128 10
25129 10
25130 10
25131 10
25132 9
25133 9
25134 9
25135 9
25136 9
25137 9
25138 9
25139 9
25140 9
25141 9
25142 9
25143 9
25144 9
25145 9
25146 8
25147 8
25148 8
25149 8
25150 8
25151 8
25152 8
25153 8
25154 8
25155 8
25156 8
25157 8
25158 8
25159 8
25160 8
25161 8
25162 9
25163 9
25164 9
25165 9
25166 9
25167 9
25168 9
25169 9
25170 9
25171 9
25172 9
25173 9
25174 9
25175 10
25176 10
25177 10
25178 10
25179 10
25180 10
25181 10
25182 10
25183 10
25184 10
25185 11
25186 11
25187 11
25188 11
25189 11
25190 11
25191 12
25192 12
25193 12
25194 12
25195 12
25196 12
25197 12
25198 13
25199 13
25200 13
25201 13
25202 13
25203 13
25204 13
25205 14
25206 14
25207 14
25208 14
25209 14
25210 14
25211 14
25212 14
25213 14
25214 15
25215 15
25216 15
25217 15
25218 15
25219 15
25220 15
25221 15
25222 15
25223 15
25224 15
25225 15
25226 16
25227 16
25228 16
25229 16
25230 16
25231 16
25232 16
25233 16
25234 17
25235 17
25236 17
25237 17
25238 17
25239 17
25240 17
25241 17
25242 17
25243 17
25244 17
25245 18
25246 18
25247 18
25248 18
25249 18
25250 18
25251 18
25252 18
25253 18
25254 18
25255 18
25256 18
25257 19
25258 19
25259 19
25260 19
25261 19
25262 19
25263 19
25264 19
25265 19
25266 19
25267 19
25268 19
25269 19
25270 19
25271 19
25272 19
25273 19
25274 19
25275 19
25276 20
25277 20
25278 20
25279 20
25280 20
25281 20
25282 20
25283 20
25284 20
25285 20
25286 20
25287 20
25288 20
25289 20
25290 20
25291 20
25292 20
25293 20
25294 20
25295 20
25296 20
25297 20
25298 20
25299 20
25300 20
25301 20
25302 20
25303 20
25304 20
25305 20
25306 20
25307 20
25308 20
25309 20
25310 19
25311 19
25312 19
25313 19
25314 19
25315 19
25316 19
25317 19
25318 19
25319 19
25320 19
25321 19
25322 19
25323 19
25324 19
25325 19
25326 19
25327 19
25328 19
25329 19
25330 19
25331 19
25332 18
25333 18
25334 18
25335 18
25336 18
25337 18
25338 18
25339 18
25340 18
25341 18
25342 18
25343 17
25344 17
25345 17
25346 17
25347 17
25348 17
25349 17
25350 17
25351 17
25352 17
25353 17
25354 17
25355 17
25356 17
25357 16
25358 16
25359 16
25360 16
25361 16
25362 16
25363 16
25364 16
25365 16
25366 16
25367 16
25368 15
25369 15
25370 15
25371 15
25372 15
25373 15
25374 15
25375 15
25376 15
25377 15
25378 15
25379 15
25380 15
25381 15
25382 15
25383 15
25384 15
25385 15
25386 15
25387 15
25388 15
25389 15
25390 15
25391 15
25392 15
25393 15
25394 15
25395 15
25396 15
25397 15
25398 15
25399 15
25400 15
25401 15
25402 15
25403 15
25404 15
25405 16
25406 16
25407 16
25408 16
25409 16
25410 16
25411 16
25412 16
25413 16
25414 16
25415 16
25416 16
25417 16
25418 16
25419 16
25420 17
25421 17
25422 17
25423 17
25424 17
25425 17
25426 17
25427 17
25428 17
25429 17
25430 17
25431 17
25432 17
25433 17
25434 17
25435 17
25436 17
25437 17
25438 17
25439 17
25440 17
25441 17
25442 18
25443 18
25444 18
25445 18
25446 18
25447 18
25448 18
25449 18
25450 18
25451 18
25452 18
25453 18
25454 18
25455 18
25456 18
25457 18
25458 18
25459 18
25460 18
25461 18
25462 18
25463 18
25464 18
25465 18
25466 18
25467 18
25468 18
25469 18
25470 18
25471 18
25472 18
25473 18
25474 18
25475 18
25476 18
25477 18
25478 18
25479 18
25480 18
25481 18
25482 18
25483 18
25484 18
25485 18
25486 18
25487 18
25488 18
25489 18
25490 18
25491 18
25492 18
25493 18
25494 18
25495 18
25496 18
25497 18
25498 18
25499 18
25500 18
25501 18
25502 17
25503 17
25504 17
25505 17
25506 17
25507 17
25508 17
25509 17
25510 17
25511 17
25512 17
25513 17
25514 17
25515 17
25516 17
25517 16
25518 16
25519 16
25520 16
25521 16
25522 16
25523 16
25524 16
25525 16
25526 16
25527 16
25528 16
25529 15
25530 15
25531 15
25532 15
25533 15
25534 15
25535 15
25536 15
25537 15
25538 15
25539 15
25540 15
25541 15
25542 15
25543 14
25544 14
25545 14
25546 14
25547 14
25548 14
25549 14
25550 14
25551 14
25552 14
25553 14
25554 14
25555 14
25556 14
25557 14
25558 14
25559 14
25560 14
25561 14
25562 14
25563 14
25564 14
25565 15
25566 15
25567 15
25568 15
25569 15
25570 15
25571 15
25572 15
25573 15
25574 15
25575 15
25576 15
25577 15
25578 15
25579 15
25580 15
25581 15
25582 16
25583 16
25584 16
25585 16
25586 16
25587 16
25588 16
25589 16
25590 17
25591 17
25592 17
25593 17
25594 17
25595 17
25596 17
25597 17
25598 17
25599 18
25600 18
25601 18
25602 18
25603 18
25604 18
25605 18
25606 19
25607 19
25608 19
25609 19
25610 19
25611 19
25612 19
25613 19
25614 20
25615 20
25616 20
25617 20
25618 20
25619 20
25620 20
25621 20
25622 20
25623 21
25624 21
25625 21
25626 21
25627 21
25628 21
25629 21
25630 21
25631 21
25632 21
25633 21
25634 21
25635 21
25636 22
25637 22
25638 22
25639 22
25640 22
25641 22
25642 22
25643 22
25644 22
25645 22
25646 22
25647 22
25648 22
25649 22
25650 22
25651 22
25652 22
25653 22
25654 22
25655 22
25656 22
25657 22
25658 22
25659 22
25660 22
25661 22
25662 22
25663 22
25664 22
25665 21
25666 21
25667 21
25668 21
25669 21
25670 21
25671 21
25672 21
25673 21
25674 21
25675 21
25676 20
25677 20
25678 20
25679 20
25680 20
25681 20
25682 20
25683 20
25684 19
25685 19
25686 19
25687 19
25688 19
25689 18
25690 18
25691 18
25692 18
25693 18
25694 17
25695 17
25696 17
25697 17
25698 16
25699 16
25700 16
25701 16
25702 15
25703 15
25704 15
25705 15
25706 14
25707 14
25708 14
25709 14
25710 13
25711 13
25712 13
25713 13
25714 12
25715 12
25716 12
25717 12
25718 11
25719 11
25720 11
25721 11
25722 10
25723 10
25724 10
25725 10
25726 9
25727 9
25728 9
25729 8
25730 8
25731 8
25732 8
25733 8
25734 7
25735 7
25736 7
25737 7
25738 7
25739 7
25740 6
25741 6
25742 6
25743 6
25744 6
25745 6
25746 6
25747 6
25748 6
25749 6
25750 6
25751 6
25752 6
25753 6
25754 6
25755 6
25756 6
25757 6
25758 6
25759 6
25760 6
25761 6
25762 6
25763 6
25764 6
25765 7
25766 7
25767 7
25768 7
25769 7
25770 7
25771 8
25772 8
25773 8
25774 8
25775 8
25776 8
25777 9
25778 9
25779 9
25780 9
25781 9
25782 9
25783 10
25784 10
25785 10
25786 10
25787 11
25788 11
25789 11
25790 11
25791 11
25792 11
25793 12
25794 12
25795 12
25796 12
25797 12
25798 13
25799 13
25800 13
25801 13
25802 13
25803 14
25804 14
25805 14
25806 14
25807 14
25808 15
25809 15
25810 15
25811 15
25812 15
25813 15
25814 16
25815 16
25816 16
25817 16
25818 16
25819 17
25820 17
25821 17
25822 17
25823 17
25824 17
25825 18
25826 18
25827 18
25828 18
25829 18
25830 18
25831 19
25832 19
25833 19
25834 19
25835 19
25836 19
25837 19
25838 20
25839 20
25840 20
25841 20
25842 20
25843 20
25844 20
25845 20
25846 21
25847 21
25848 21
25849 21
25850 21
25851 21
25852 21
25853 21
25854 22
25855 22
25856 22
25857 22
25858 22
25859 22
25860 22
25861 22
25862 22
25863 23
25864 23
25865 23
25866 23
25867 23
25868 23
25869 23
25870 23
25871 23
25872 24
25873 24
25874 24
25875 24
25876 24
25877 24
25878 24
25879 24
25880 24
25881 24
25882 25
25883 25
25884 25
25885 25
25886 25
25887 25
25888 25
25889 25
25890 25
25891 26
25892 26
25893 26
25894 26
25895 26
25896 26
25897 26
25898 26
25899 26
25900 27
25901 27
25902 27
25903 27
25904 27
25905 27
25906 27
25907 27
25908 27
25909 28
25910 28
25911 28
25912 28
25913 28
25914 28
25915 28
25916 28
25917 28
25918 28
25919 29
25920 29
25921 29
25922 29
25923 29
25924 29
25925 29
25926 29
25927 29
25928 30
25929 30
25930 30
25931 30
25932 30
25933 30
25934 30
25935 30
25936 30
25937 31
25938 31
25939 31
25940 31
25941 31
25942 31
25943 31
25944 31
25945 31
25946 32
25947 32
25948 32
25949 32
25950 32
25951 32
25952 32
25953 32
25954 32
25955 33
25956 33
25957 33
25958 33
25959 33
25960 33
25961 33
25962 33
25963 33
25964 33
25965 33
25966 34
25967 34
25968 34
25969 34
25970 34
25971 34
25972 34
25973 34
25974 34
25975 34
25976 34
25977 34
25978 34
25979 34
25980 34
25981 34
25982 34
25983 34
25984 34
25985 34
25986 34
25987 34
25988 34
25989 34
25990 34
25991 34
25992 34
25993 34
25994 34
25995 34
25996 34
25997 34
25998 34
25999 34
26000 34
26001 34
26002 34
26003 34
26004 34
26005 34
26006 34
26007 34
26008 34
26009 33
26010 33
26011 33
26012 33
26013 33
26014 33
26015 33
26016 33
26017 32
26018 32
26019 32
26020 32
26021 32
26022 32
26023 31
26024 31
26025 31
26026 31
26027 31
26028 30
26029 30
26030 30
26031 30
26032 29
26033 29
26034 29
26035 29
26036 28
26037 28
26038 28
26039 28
26040 27
26041 27
26042 27
26043 26
26044 26
26045 26
26046 26
26047 25
26048 25
26049 25
26050 24
26051 24
26052 23
26053 23
26054 23
26055 22
26056 22
26057 22
26058 22
26059 21
26060 21
26061 21
26062 20
26063 20
26064 20
26065 19
26066 19
26067 19
26068 18
26069 18
26070 18
26071 17
26072 17
26073 17
26074 16
26075 16
26076 16
26077 15
26078 15
26079 15
26080 14
26081 14
26082 14
26083 13
26084 13
26085 13
26086 13
26087 12
26088 12
26089 12
26090 11
26091 11
26092 11
26093 11
26094 10
26095 10
26096 10
26097 9
26098 9
26099 9
26100 9
26101 9
26102 8
26103 8
26104 8
26105 8
26106 8
26107 7
26108 7
26109 7
26110 7
26111 6
26112 6
26113 6
26114 6
26115 6
26116 6
26117 6
26118 6
26119 6
26120 5
26121 5
26122 5
26123 5
26124 5
26125 5
26126 5
26127 5
26128 5
26129 5
26130 5
26131 5
26132 5
26133 5
26134 5
26135 6
26136 6
26137 6
26138 6
26139 6
26140 6
26141 6
26142 6
26143 7
26144 7
26145 7
26146 7
26147 8
26148 8
26149 8
26150 8
26151 8
26152 8
26153 9
26154 9
26155 9
26156 9
26157 10
26158 10
26159 10
26160 10
26161 10
26162 10
26163 11
26164 11
26165 11
26166 11
26167 11
26168 12
26169 12
26170 12
26171 12
26172 12
26173 13
26174 13
26175 13
26176 13
26177 13
26178 14
26179 14
26180 14
26181 14
26182 14
26183 15
26184 15
26185 15
26186 15
26187 15
26188 15
26189 16
26190 16
26191 16
26192 16
26193 16
26194 16
26195 17
26196 17
26197 17
26198 17
26199 17
26200 18
26201 18
26202 18
26203 18
26204 19
26205 19
26206 19
26207 19
26208 19
26209 20
26210 20
26211 20
26212 20
26213 20
26214 20
26215 21
26216 21
26217 21
26218 21
26219 21
26220 21
26221 22
26222 22
26223 22
26224 22
26225 22
26226 22
26227 23
26228 23
26229 23
26230 23
26231 23
26232 23
26233 24
26234 24
26235 24
26236 24
26237 24
26238 24
26239 24
26240 25
26241 25
26242 25
26243 25
26244 25
26245 25
26246 25
26247 26
26248 26
26249 26
26250 26
26251 26
26252 26
26253 26
26254 26
26255 27
26256 27
26257 27
26258 27
26259 27
26260 27
26261 27
26262 27
26263 27
26264 27
26265 28
26266 28
26267 28
26268 28
26269 28
26270 28
26271 28
26272 28
26273 28
26274 28
26275 28
26276 28
26277 28
26278 28
26279 29
26280 29
26281 29
26282 29
26283 29
26284 29
26285 29
26286 29
26287 29
26288 29
26289 29
26290 29
26291 29
26292 29
26293 29
26294 29
26295 29
26296 29
26297 29
26298 29
26299 29
26300 29
26301 29
26302 29
26303 29
26304 28
26305 28
26306 28
26307 28
26308 28
26309 28
26310 28
26311 28
26312 28
26313 28
26314 28
26315 28
26316 27
26317 27
26318 27
26319 27
26320 27
26321 27
26322 27
26323 27
26324 26
26325 26
26326 26
26327 26
26328 26
26329 26
26330 25
26331 25
26332 25
26333 25
26334 25
26335 25
26336 24
26337 24
26338 24
26339 24
26340 24
26341 23
26342 23
26343 23
26344 23
26345 23
26346 22
26347 22
26348 22
26349 22
26350 21
26351 21
26352 21
26353 21
26354 21
26355 20
26356 20
26357 20
26358 20
26359 19
26360 19
26361 19
26362 19
26363 19
26364 18
26365 18
26366 18
26367 18
26368 18
26369 17
26370 17
26371 17
26372 17
26373 17
26374 16
26375 16
26376 16
26377 16
26378 16
26379 16
26380 15
26381 15
26382 15
26383 15
26384 15
26385 15
26386 15
26387 15
26388 14
26389 14
26390 14
26391 14
26392 14
26393 14
26394 14
26395 14
26396 14
26397 14
26398 14
26399 13
26400 13
26401 13
26402 13
26403 13
26404 13
26405 13
26406 13
26407 13
26408 14
26409 14
26410 14
26411 14
26412 14
26413 14
26414 14
26415 14
26416 14
26417 14
26418 14
26419 15
26420 15
26421 15
26422 15
26423 15
26424 15
26425 15
26426 15
26427 16
26428 16
26429 16
26430 16
26431 16
26432 17
26433 17
26434 17
26435 17
26436 17
26437 18
26438 18
26439 18
26440 18
26441 18
26442 19
26443 19
26444 19
26445 19
26446 20
26447 20
26448 20
26449 20
26450 20
26451 21
26452 21
26453 21
26454 21
26455 21
26456 22
26457 22
26458 22
26459 22
26460 22
26461 22
26462 23
26463 23
26464 23
26465 23
26466 23
26467 23
26468 24
26469 24
26470 24
26471 24
26472 24
26473 25
26474 25
26475 25
26476 25
26477 25
26478 25
26479 25
26480 26
26481 26
26482 26
26483 26
26484 26
26485 26
26486 26
26487 26
26488 27
26489 27
26490 27
26491 27
26492 27
26493 27
26494 27
26495 27
26496 27
26497 27
26498 28
26499 28
26500 28
26501 28
26502 28
26503 28
26504 28
26505 28
26506 28
26507 28
26508 28
26509 28
26510 28
26511 29
26512 29
26513 29
26514 29
26515 29
26516 29
26517 29
26518 29
26519 29
26520 29
26521 29
26522 29
26523 29
26524 29
26525 29
26526 29
26527 30
26528 30
26529 30
26530 30
26531 30
26532 30
26533 30
26534 30
26535 30
26536 30
26537 30
26538 30
26539 30
26540 30
26541 30
26542 30
26543 30
26544 30
26545 30
26546 30
26547 30
26548 30
26549 30
26550 30
26551 31
26552 31
26553 31
26554 31
26555 31
26556 31
26557 31
26558 31
26559 31
26560 31
26561 31
26562 31
26563 31
26564 31
26565 31
26566 31
26567 31
26568 31
26569 31
26570 31
26571 31
26572 31
26573 32
26574 32
26575 32
26576 32
26577 32
26578 32
26579 32
26580 32
26581 32
26582 32
26583 32
26584 32
26585 32
26586 32
26587 32
26588 32
26589 32
26590 32
26591 32
26592 32
26593 32
26594 32
26595 32
26596 32
26597 32
26598 32
26599 32
26600 32
26601 32
26602 32
26603 32
26604 32
26605 32
26606 32
26607 32
26608 32
26609 32
26610 32
26611 32
26612 32
26613 32
26614 32
26615 32
26616 32
26617 32
26618 32
26619 32
26620 32
26621 32
26622 32
26623 31
26624 31
26625 31
26626 31
26627 31
26628 31
26629 31
26630 31
26631 31
26632 30
26633 30
26634 30
26635 30
26636 30
26637 30
26638 29
26639 29
26640 29
26641 29
26642 29
26643 28
26644 28
26645 28
26646 28
26647 28
26648 27
26649 27
26650 27
26651 27
26652 27
26653 26
26654 26
26655 26
26656 26
26657 25
26658 25
26659 25
26660 24
26661 24
26662 24
26663 24
26664 23
26665 23
26666 23
26667 22
26668 22
26669 22
26670 22
26671 21
26672 21
26673 21
26674 20
26675 20
26676 20
26677 19
26678 19
26679 19
26680 18
26681 18
26682 18
26683 17
26684 17
26685 17
26686 16
26687 16
26688 16
26689 15
26690 15
26691 15
26692 14
26693 14
26694 14
26695 13
26696 13
26697 13
26698 12
26699 12
26700 12
26701 11
26702 11
26703 11
26704 10
26705 10
26706 10
26707 9
26708 9
26709 9
26710 9
26711 9
26712 8
26713 8
26714 8
26715 8
26716 8
26717 8
26718 7
26719 7
26720 7
26721 7
26722 7
26723 7
26724 7
26725 7
26726 7
26727 7
26728 7
26729 7
26730 7
26731 7
26732 7
26733 7
26734 7
26735 7
26736 8
26737 8
26738 8
26739 8
26740 8
26741 9
26742 9
26743 9
26744 9
26745 10
26746 10
26747 10
26748 11
26749 11
26750 11
26751 11
26752 12
26753 12
26754 12
26755 12
26756 13
26757 13
26758 13
26759 14
26760 14
26761 14
26762 15
26763 15
26764 15
26765 16
26766 16
26767 16
26768 16
26769 17
26770 17
26771 17
26772 18
26773 18
26774 18
26775 19
26776 19
26777 19
26778 20
26779 20
26780 20
26781 21
26782 21
26783 21
26784 21
26785 22
26786 22
26787 22
26788 23
26789 23
26790 23
26791 23
26792 24
26793 24
26794 24
26795 25
26796 25
26797 25
26798 26
26799 26
26800 26
26801 26
26802 27
26803 27
26804 27
26805 27
26806 28
26807 28
26808 28
26809 29
26810 29
26811 29
26812 29
26813 30
26814 30
26815 30
26816 30
26817 31
26818 31
26819 31
26820 31
26821 31
26822 32
26823 32
26824 32
26825 32
26826 33
26827 33
26828 33
26829 33
26830 33
26831 33
26832 34
26833 34
26834 34
26835 34
26836 34
26837 35
26838 35
26839 35
26840 35
26841 35
26842 35
26843 35
26844 36
26845 36
26846 36
26847 36
26848 36
26849 36
26850 36
26851 36
26852 36
26853 36
26854 36
26855 37
26856 37
26857 37
26858 37
26859 37
26860 37
26861 37
26862 37
26863 37
26864 37
26865 37
26866 37
26867 37
26868 37
26869 37
26870 37
26871 37
26872 37
26873 37
26874 37
26875 37
26876 37
26877 37
26878 37
26879 37
26880 37
26881 37
26882 37
26883 37
26884 37
26885 37
26886 37
26887 36
26888 36
26889 36
26890 36
26891 36
26892 36
26893 36
26894 36
26895 36
26896 36
26897 36
26898 36
26899 36
26900 35
26901 35
26902 35
26903 35
26904 35
26905 35
26906 35
26907 35
26908 35
26909 34
26910 34
26911 34
26912 34
26913 34
26914 34
26915 34
26916 33
26917 33
26918 33
26919 33
26920 33
26921 33
26922 32
26923 32
26924 32
26925 32
26926 32
26927 32
26928 31
26929 31
26930 31
26931 31
26932 31
26933 31
26934 30
26935 30
26936 30
26937 30
26938 30
26939 29
26940 29
26941 29
26942 29
26943 29
26944 28
26945 28
26946 28
26947 28
26948 28
26949 27
26950 27
26951 27
26952 27
26953 26
26954 26
26955 26
26956 26
26957 26
26958 25
26959 25
26960 25
26961 25
26962 24
26963 24
26964 24
26965 24
26966 23
26967 23
26968 23
26969 23
26970 22
26971 22
26972 22
26973 22
26974 21
26975 21
26976 21
26977 21
26978 20
26979 20
26980 20
26981 19
26982 19
26983 19
26984 19
26985 18
26986 18
26987 18
26988 18
26989 17
26990 17
26991 17
26992 16
26993 16
26994 16
26995 16
26996 15
26997 15
26998 15
26999 15
27000 14
27001 14
27002 14
27003 14
27004 13
27005 13
27006 13
27007 13
27008 12
27009 12
27010 12
27011 12
27012 11
27013 11
27014 11
27015 11
27016 11
27017 11
27018 10
27019 10
27020 10
27021 10
27022 10
27023 10
27024 9
27025 9
27026 9
27027 9
27028 9
27029 9
27030 9
27031 9
27032 9
27033 9
27034 9
27035 9
27036 9
27037 9
27038 9
27039 9
27040 9
27041 9
27042 9
27043 9
27044 9
27045 9
27046 9
27047 9
27048 9
27049 10
27050 10
27051 10
27052 10
27053 10
27054 10
27055 10
27056 10
27057 10
27058 11
27059 11
27060 11
27061 11
27062 11
27063 11
27064 12
27065 12
27066 12
27067 12
27068 12
27069 12
27070 12
27071 12
27072 12
27073 13
27074 13
27075 13
27076 13
27077 13
27078 13
27079 14
27080 14
27081 14
27082 14
27083 14
27084 14
27085 14
27086 14
27087 15
27088 15
27089 15
27090 15
27091 15
27092 15
27093 15
27094 15
27095 15
27096 16
27097 16
27098 16
27099 16
27100 16
27101 16
27102 16
27103 16
27104 16
27105 16
27106 16
27107 16
27108 16
27109 17
27110 17
27111 17
27112 17
27113 17
27114 17
27115 17
27116 17
27117 17
27118 17
27119 17
27120 17
27121 17
27122 17
27123 17
27124 17
27125 17
27126 17
27127 17
27128 17
27129 17
27130 17
27131 17
27132 17
27133 17
27134 17
27135 16
27136 16
27137 16
27138 16
27139 16
27140 16
27141 16
27142 16
27143 16
27144 16
27145 16
27146 16
27147 16
27148 16
27149 15
27150 15
27151 15
27152 15
27153 15
27154 15
27155 15
27156 15
27157 15
27158 15
27159 14
27160 14
27161 14
27162 14
27163 14
27164 14
27165 14
27166 14
27167 14
27168 13
27169 13
27170 13
27171 13
27172 13
27173 13
27174 13
27175 13
27176 12
27177 12
27178 12
27179 12
27180 12
27181 12
27182 11
27183 11
27184 11
27185 11
27186 11
27187 11
27188 11
27189 10
27190 10
27191 10
27192 10
27193 10
27194 10
27195 10
27196 9
27197 9
27198 9
27199 9
27200 9
27201 9
27202 9
27203 9
27204 8
27205 8
27206 8
27207 8
27208 8
27209 8
27210 8
27211 7
27212 7
27213 7
27214 7
27215 7
27216 7
27217 6
27218 6
27219 6
27220 6
27221 6
27222 6
27223 6
27224 6
27225 6
27226 6
27227 6
27228 6
27229 6
27230 6
27231 6
27232 6
27233 6
27234 6
27235 6
27236 6
27237 6
27238 7
27239 7
27240 7
27241 7
27242 7
27243 7
27244 7
27245 7
27246 7
27247 7
27248 7
27249 7
27250 7
27251 8
27252 8
27253 8
27254 8
27255 8
27256 8
27257 8
27258 9
27259 9
27260 9
27261 9
27262 9
27263 9
27264 9
27265 10
27266 10
27267 10
27268 10
27269 10
27270 10
27271 10
27272 11
27273 11
27274 11
27275 11
27276 11
27277 11
27278 11
27279 11
27280 11
27281 12
27282 12
27283 12
27284 12
27285 12
27286 12
27287 12
27288 12
27289 12
27290 12
27291 12
27292 12
27293 12
27294 12
27295 12
27296 13
27297 13
27298 13
27299 13
27300 13
27301 13
27302 13
27303 13
27304 13
27305 13
27306 14
27307 14
27308 14
27309 14
27310 14
27311 14
27312 14
27313 14
27314 14
27315 14
27316 14
27317 14
27318 14
27319 14
27320 14
27321 14
27322 14
27323 14
27324 14
27325 14
27326 14
27327 14
27328 15
27329 15
27330 15
27331 15
27332 15
27333 15
27334 15
27335 15
27336 15
27337 15
27338 15
27339 16
27340 16
27341 16
27342 16
27343 16
27344 16
27345 16
27346 16
27347 16
27348 16
27349 16
27350 16
27351 16
27352 16
27353 16
27354 16
27355 16
27356 17
27357 17
27358 17
27359 17
27360 17
27361 17
27362 17
27363 17
27364 17
27365 17
27366 17
27367 17
27368 18
27369 18
27370 18
27371 18
27372 18
27373 18
27374 18
27375 18
27376 18
27377 18
27378 18
27379 18
27380 18
27381 18
27382 18
27383 18
27384 18
27385 19
27386 19
27387 19
27388 19
27389 19
27390 19
27391 19
27392 19
27393 19
27394 19
27395 19
27396 19
27397 19
27398 19
27399 19
27400 19
27401 19
27402 19
27403 19
27404 19
27405 19
27406 19
27407 19
27408 19
27409 19
27410 19
27411 19
27412 19
27413 19
27414 19
27415 19
27416 19
27417 20
27418 20
27419 19
27420 19
27421 19
27422 19
27423 19
27424 19
27425 19
27426 19
27427 19
27428 19
27429 19
27430 19
27431 19
27432 19
27433 19
27434 19
27435 19
27436 19
27437 19
27438 19
27439 19
27440 19
27441 19
27442 19
27443 18
27444 18
27445 18
27446 18
27447 18
27448 18
27449 18
27450 18
27451 18
27452 18
27453 18
27454 18
27455 18
27456 17
27457 17
27458 17
27459 17
27460 17
27461 17
27462 17
27463 17
27464 17
27465 17
27466 16
27467 16
27468 16
27469 16
27470 16
27471 16
27472 16
27473 16
27474 15
27475 15
27476 15
27477 15
27478 15
27479 15
27480 15
27481 15
27482 15
27483 15
27484 15
27485 14
27486 14
27487 14
27488 14
27489 14
27490 14
27491 14
27492 14
27493 14
27494 14
27495 14
27496 14
27497 13
27498 13
27499 13
27500 13
27501 13
27502 13
27503 13
27504 13
27505 13
27506 13
27507 13
27508 13
27509 13
27510 13
27511 13
27512 13
27513 13
27514 13
27515 13
27516 13
27517 14
27518 14
27519 14
27520 14
27521 14
27522 14
27523 14
27524 14
27525 14
27526 14
27527 14
27528 15
27529 15
27530 15
27531 15
27532 15
27533 15
27534 15
27535 15
27536 15
27537 15
27538 16
27539 16
27540 16
27541 16
27542 16
27543 16
27544 16
27545 16
27546 17
27547 17
27548 17
27549 17
27550 17
27551 17
27552 17
27553 18
27554 18
27555 18
27556 18
27557 18
27558 18
27559 18
27560 18
27561 19
27562 19
27563 19
27564 19
27565 19
27566 19
27567 20
27568 20
27569 20
27570 20
27571 20
27572 20
27573 20
27574 20
27575 21
27576 21
27577 21
27578 21
27579 21
27580 21
27581 21
27582 21
27583 22
27584 22
27585 22
27586 22
27587 22
27588 22
27589 22
27590 22
27591 23
27592 23
27593 23
27594 23
27595 23
27596 23
27597 23
27598 23
27599 23
27600 23
27601 24
27602 24
27603 24
27604 24
27605 24
27606 24
27607 24
27608 24
27609 24
27610 24
27611 24
27612 24
27613 24
27614 24
27615 24
27616 24
27617 24
27618 24
27619 24
27620 24
27621 24
27622 24
27623 24
27624 24
27625 24
27626 24
27627 24
27628 24
27629 24
27630 24
27631 24
27632 24
27633 24
27634 24
27635 24
27636 24
27637 24
27638 24
27639 24
27640 24
27641 23
27642 23
27643 23
27644 23
27645 23
27646 23
27647 23
27648 23
27649 23
27650 23
27651 23
27652 23
27653 22
27654 22
27655 22
27656 22
27657 22
27658 22
27659 22
27660 22
27661 22
27662 22
27663 21
27664 21
27665 21
27666 21
27667 21
27668 21
27669 21
27670 21
27671 21
27672 20
27673 20
27674 20
27675 20
27676 20
27677 20
27678 20
27679 20
27680 19
27681 19
27682 19
27683 19
27684 19
27685 19
27686 19
27687 18
27688 18
27689 18
27690 18
27691 18
27692 18
27693 18
27694 18
27695 17
27696 17
27697 17
27698 17
27699 17
27700 17
27701 16
27702 16
27703 16
27704 16
27705 16
27706 16
27707 15
27708 15
27709 15
27710 15
27711 15
27712 15
27713 15
27714 14
27715 14
27716 14
27717 14
27718 14
27719 13
27720 13
27721 13
27722 13
27723 13
27724 12
27725 12
27726 12
27727 12
27728 12
27729 12
27730 11
27731 11
27732 11
27733 11
27734 10
27735 10
27736 10
27737 10
27738 10
27739 10
27740 9
27741 9
27742 9
27743 9
27744 9
27745 9
27746 9
27747 8
27748 8
27749 8
27750 8
27751 8
27752 8
27753 8
27754 8
27755 7
27756 7
27757 7
27758 7
27759 7
27760 7
27761 7
27762 7
27763 7
27764 7
27765 7
27766 7
27767 6
27768 6
27769 6
27770 6
27771 6
27772 6
27773 6
27774 6
27775 6
27776 6
27777 6
27778 6
27779 6
27780 6
27781 6
27782 6
27783 6
27784 6
27785 6
27786 6
27787 6
27788 6
27789 6
27790 6
27791 6
27792 6
27793 6
27794 6
27795 6
27796 6
27797 6
27798 6
27799 7
27800 7
27801 7
27802 7
27803 7
27804 7
27805 7
27806 7
27807 7
27808 7
27809 7
27810 7
27811 7
27812 7
27813 7
27814 7
27815 8
27816 8
27817 8
27818 8
27819 8
27820 8
27821 8
27822 8
27823 8
27824 8
27825 8
27826 8
27827 9
27828 9
27829 9
27830 9
27831 9
27832 9
27833 9
27834 9
27835 9
27836 9
27837 9
27838 9
27839 9
27840 9
27841 9
27842 9
27843 9
27844 10
27845 10
27846 10
27847 10
27848 10
27849 10
27850 10
27851 10
27852 10
27853 10
27854 10
27855 10
27856 10
27857 10
27858 10
27859 11
27860 11
27861 11
27862 11
27863 11
27864 11
27865 11
27866 11
27867 11
27868 11
27869 11
27870 11
27871 11
27872 11
27873 11
27874 11
27875 11
27876 11
27877 11
27878 11
27879 11
27880 11
27881 11
27882 11
27883 11
27884 11
27885 12
27886 12
27887 12
27888 12
27889 12
27890 12
27891 12
27892 12
27893 12
27894 12
27895 12
27896 12
27897 12
27898 12
27899 12
27900 12
27901 13
27902 13
27903 13
27904 13
27905 13
27906 13
27907 13
27908 13
27909 13
27910 13
27911 13
27912 13
27913 13
27914 13
27915 13
27916 13
27917 14
27918 14
27919 14
27920 14
27921 14
27922 14
27923 14
27924 14
27925 14
27926 14
27927 14
27928 15
27929 15
27930 15
27931 15
27932 15
27933 15
27934 15
27935 15
27936 15
27937 15
27938 16
27939 16
27940 16
27941 16
27942 16
27943 16
27944 16
27945 16
27946 16
27947 16
27948 16
27949 16
27950 16
27951 16
27952 17
27953 17
27954 17
27955 17
27956 17
27957 17
27958 17
27959 17
27960 17
27961 18
27962 18
27963 18
27964 18
27965 18
27966 18
27967 18
27968 18
27969 18
27970 18
27971 18
27972 18
27973 18
27974 18
27975 18
27976 18
27977 18
27978 18
27979 18
27980 18
27981 18
27982 18
27983 18
27984 19
27985 19
27986 19
27987 19
27988 19
27989 19
27990 19
27991 19
27992 19
27993 19
27994 19
27995 19
27996 19
27997 19
27998 19
27999 19
28000 19
28001 19
28002 19
28003 19
28004 19
28005 19
28006 19
28007 20
28008 20
28009 20
28010 20
28011 19
28012 19
28013 20
28014 20
28015 20
28016 20
28017 20
28018 20
28019 20
28020 20
28021 20
28022 20
28023 20
28024 20
28025 20
28026 20
28027 20
28028 20
28029 20
28030 20
28031 20
28032 20
28033 20
28034 20
28035 20
28036 20
28037 20
28038 20
28039 20
28040 19
28041 19
28042 19
28043 19
28044 19
28045 19
28046 19
28047 19
28048 19
28049 19
28050 19
28051 19
28052 19
28053 19
28054 19
28055 19
28056 19
28057 19
28058 19
28059 19
28060 19
28061 19
28062 18
28063 18
28064 18
28065 18
28066 18
28067 18
28068 18
28069 18
28070 18
28071 18
28072 18
28073 18
28074 17
28075 17
28076 17
28077 17
28078 17
28079 17
28080 17
28081 17
28082 17
28083 17
28084 17
28085 17
28086 16
28087 16
28088 16
28089 16
28090 16
28091 16
28092 16
28093 16
28094 16
28095 16
28096 15
28097 15
28098 15
28099 15
28100 15
28101 15
28102 15
28103 15
28104 14
28105 14
28106 14
28107 14
28108 14
28109 14
28110 14
28111 14
28112 14
28113 14
28114 14
28115 13
28116 13
28117 13
28118 13
28119 13
28120 13
28121 13
28122 13
28123 13
28124 13
28125 13
28126 12
28127 12
28128 12
28129 12
28130 12
28131 12
28132 12
28133 12
28134 12
28135 12
28136 12
28137 12
28138 12
28139 12
28140 12
28141 12
28142 12
28143 12
28144 12
28145 12
28146 12
28147 12
28148 12
28149 12
28150 12
28151 12
28152 12
28153 12
28154 12
28155 12
28156 12
28157 12
28158 12
28159 12
28160 12
28161 12
28162 13
28163 13
28164 13
28165 13
28166 13
28167 13
28168 13
28169 13
28170 13
28171 13
28172 13
28173 13
28174 13
28175 13
28176 13
28177 13
28178 13
28179 13
28180 14
28181 14
28182 14
28183 14
28184 14
28185 14
28186 14
28187 14
28188 14
28189 14
28190 14
28191 14
28192 14
28193 14
28194 15
28195 15
28196 15
28197 15
28198 15
28199 15
28200 15
28201 15
28202 15
28203 15
28204 15
28205 16
28206 16
28207 16
28208 16
28209 16
28210 16
28211 16
28212 16
28213 16
28214 16
28215 16
28216 16
28217 16
28218 16
28219 16
28220 17
28221 17
28222 17
28223 17
28224 17
28225 17
28226 17
28227 17
28228 17
28229 17
28230 17
28231 17
28232 17
28233 17
28234 17
28235 17
28236 17
28237 18
28238 18
28239 18
28240 18
28241 18
28242 18
28243 18
28244 18
28245 18
28246 18
28247 18
28248 18
28249 18
28250 18
28251 18
28252 18
28253 18
28254 18
28255 18
28256 18
28257 18
28258 18
28259 18
28260 18
28261 18
28262 18
28263 18
28264 18
28265 18
28266 18
28267 18
28268 18
28269 18
28270 18
28271 18
28272 18
28273 17
28274 17
28275 17
28276 17
28277 17
28278 17
28279 17
28280 17
28281 17
28282 17
28283 17
28284 16
28285 16
28286 16
28287 16
28288 16
28289 16
28290 16
28291 16
28292 15
28293 15
28294 15
28295 15
28296 15
28297 15
28298 15
28299 14
28300 14
28301 14
28302 14
28303 14
28304 14
28305 14
28306 14
28307 13
28308 13
28309 13
28310 13
28311 13
28312 12
28313 12
28314 12
28315 12
28316 12
28317 12
28318 12
28319 11
28320 11
28321 11
28322 11
28323 11
28324 11
28325 10
28326 10
28327 10
28328 10
28329 10
28330 10
28331 10
28332 9
28333 9
28334 9
28335 9
28336 9
28337 9
28338 9
28339 8
28340 8
28341 8
28342 8
28343 8
28344 8
28345 8
28346 7
28347 7
28348 7
28349 7
28350 7
28351 7
28352 7
28353 7
28354 7
28355 7
28356 6
28357 6
28358 6
28359 6
28360 6
28361 6
28362 6
28363 6
28364 6
28365 6
28366 6
28367 6
28368 6
28369 6
28370 6
28371 6
28372 6
28373 7
28374 7
28375 7
28376 7
28377 7
28378 7
28379 7
28380 7
28381 7
28382 7
28383 7
28384 8
28385 8
28386 8
28387 8
28388 8
28389 8
28390 8
28391 8
28392 9
28393 9
28394 9
28395 9
28396 9
28397 9
28398 9
28399 9
28400 9
28401 9
28402 9
28403 10
28404 10
28405 10
28406 10
28407 10
28408 10
28409 10
28410 11
28411 11
28412 11
28413 11
28414 11
28415 11
28416 12
28417 12
28418 12
28419 12
28420 12
28421 12
28422 12
28423 12
28424 12
28425 13
28426 13
28427 13
28428 13
28429 14
28430 14
28431 14
28432 14
28433 14
28434 14
28435 14
28436 15
28437 15
28438 15
28439 15
28440 15
28441 15
28442 15
28443 15
28444 16
28445 16
28446 16
28447 16
28448 16
28449 16
28450 16
28451 16
28452 16
28453 16
28454 17
28455 17
28456 17
28457 17
28458 17
28459 17
28460 17
28461 17
28462 17
28463 17
28464 17
28465 17
28466 17
28467 17
28468 17
28469 17
28470 18
28471 18
28472 18
28473 18
28474 18
28475 18
28476 18
28477 18
28478 18
28479 18
28480 18
28481 18
28482 18
28483 18
28484 18
28485 18
28486 18
28487 18
28488 18
28489 18
28490 18
28491 18
28492 18
28493 18
28494 18
28495 17
28496 17
28497 17
28498 17
28499 17
28500 17
28501 17
28502 17
28503 17
28504 17
28505 17
28506 17
28507 17
28508 16
28509 16
28510 16
28511 16
28512 16
28513 16
28514 16
28515 16
28516 16
28517 15
28518 15
28519 15
28520 15
28521 15
28522 15
28523 15
28524 15
28525 14
28526 14
28527 14
28528 14
28529 14
28530 14
28531 13
28532 13
28533 13
28534 13
28535 13
28536 13
28537 12
28538 12
28539 12
28540 12
28541 12
28542 11
28543 11
28544 11
28545 11
28546 11
28547 11
28548 11
28549 10
28550 10
28551 10
28552 10
28553 10
28554 9
28555 9
28556 9
28557 9
28558 9
28559 8
28560 8
28561 8
28562 8
28563 7
28564 7
28565 7
28566 7
28567 7
28568 7
28569 6
28570 6
28571 6
28572 6
28573 6
28574 6
28575 5
28576 5
28577 5
28578 5
28579 5
28580 5
28581 5
28582 5
28583 5
28584 5
28585 4
28586 4
28587 4
28588 4
28589 4
28590 4
28591 4
28592 4
28593 4
28594 4
28595 4
28596 4
28597 4
28598 4
28599 4
28600 4
28601 4
28602 4
28603 4
28604 4
28605 4
28606 5
28607 5
28608 5
28609 5
28610 5
28611 5
28612 5
28613 5
28614 6
28615 6
28616 6
28617 6
28618 6
28619 6
28620 6
28621 6
28622 7
28623 7
28624 7
28625 7
28626 7
28627 7
28628 8
28629 8
28630 8
28631 8
28632 8
28633 8
28634 8
28635 8
28636 8
28637 8
28638 9
28639 9
28640 9
28641 9
28642 9
28643 9
28644 9
28645 9
28646 9
28647 9
28648 9
28649 9
28650 10
28651 10
28652 10
28653 10
28654 10
28655 10
28656 10
28657 10
28658 10
28659 10
28660 10
28661 10
28662 10
28663 10
28664 10
28665 10
28666 10
28667 10
28668 10
28669 10
28670 10
28671 10
28672 10
28673 10
28674 10
28675 10
28676 10
28677 10
28678 10
28679 10
28680 10
28681 10
28682 10
28683 10
28684 10
28685 10
28686 10
28687 10
28688 10
28689 10
28690 10
28691 10
28692 10
28693 10
28694 10
28695 10
28696 10
28697 10
28698 10
28699 10
28700 10
28701 10
28702 10
28703 10
28704 10
28705 10
28706 10
28707 10
28708 10
28709 10
28710 10
28711 10
28712 10
28713 10
28714 10
28715 10
28716 10
28717 10
28718 10
28719 11
28720 11
28721 11
28722 11
28723 11
28724 11
28725 11
28726 11
28727 11
28728 11
28729 11
28730 11
28731 11
28732 11
28733 11
28734 11
28735 11
28736 11
28737 11
28738 11
28739 11
28740 11
28741 12
28742 12
28743 12
28744 12
28745 12
28746 12
28747 12
28748 12
28749 12
28750 12
28751 12
28752 12
28753 12
28754 12
28755 12
28756 12
28757 13
28758 13
28759 13
28760 13
28761 13
28762 13
28763 13
28764 13
28765 13
28766 13
28767 13
28768 13
28769 13
28770 13
28771 13
28772 13
28773 14
28774 14
28775 14
28776 14
28777 14
28778 14
28779 14
28780 14
28781 14
28782 14
28783 14
28784 15
28785 15
28786 15
28787 15
28788 15
28789 15
28790 15
28791 15
28792 15
28793 15
28794 15
28795 16
28796 16
28797 16
28798 16
28799 16
28800 16
28801 16
28802 16
28803 16
28804 16
28805 16
28806 16
28807 16
28808 16
28809 16
28810 16
28811 16
28812 17
28813 17
28814 17
28815 17
28816 17
28817 17
28818 17
28819 17
28820 17
28821 17
28822 17
28823 17
28824 17
28825 17
28826 17
28827 17
28828 17
28829 17
28830 17
28831 17
28832 17
28833 17
28834 17
28835 17
28836 17
28837 17
28838 17
28839 17
28840 17
28841 17
28842 17
28843 17
28844 17
28845 17
28846 17
28847 17
28848 17
28849 17
28850 17
28851 16
28852 16
28853 16
28854 16
28855 16
28856 16
28857 16
28858 16
28859 16
28860 16
28861 16
28862 16
28863 16
28864 15
28865 15
28866 15
28867 15
28868 15
28869 15
28870 15
28871 15
28872 15
28873 15
28874 14
28875 14
28876 14
28877 14
28878 14
28879 14
28880 14
28881 13
28882 13
28883 13
28884 13
28885 13
28886 13
28887 13
28888 12
28889 12
28890 12
28891 12
28892 12
28893 12
28894 12
28895 11
28896 11
28897 11
28898 11
28899 11
28900 10
28901 10
28902 10
28903 10
28904 10
28905 10
28906 9
28907 9
28908 9
28909 9
28910 9
28911 8
28912 8
28913 8
28914 8
28915 8
28916 8
28917 7
28918 7
28919 7
28920 7
28921 7
28922 7
28923 6
28924 6
28925 6
28926 6
28927 5
28928 5
28929 5
28930 5
28931 5
28932 4
28933 4
28934 4
28935 4
28936 3
28937 3
28938 3
28939 3
28940 3
28941 2
28942 2
28943 2
28944 2
28945 2
28946 1
28947 1
28948 1
28949 1
28950 1
28951 1
28952 1
28953 1
28954 1
28955 1
28956 1
28957 1
28958 2
28959 2
28960 2
28961 2
28962 2
28963 3
28964 3
28965 3
28966 3
28967 3
28968 3
28969 3
28970 4
28971 4
28972 4
28973 4
28974 5
28975 5
28976 5
28977 6
28978 6
28979 6
28980 6
28981 7
28982 7
28983 7
28984 7
28985 8
28986 8
28987 8
28988 8
28989 9
28990 9
28991 9
28992 9
28993 9
28994 10
28995 10
28996 10
28997 10
28998 10
28999 11
29000 11
29001 11
29002 11
29003 11
29004 11
29005 12
29006 12
29007 12
29008 12
29009 12
29010 13
29011 13
29012 13
29013 13
29014 13
29015 13
29016 14
29017 14
29018 14
29019 14
29020 14
29021 14
29022 14
29023 15
29024 15
29025 15
29026 15
29027 15
29028 15
29029 16
29030 16
29031 16
29032 16
29033 16
29034 16
29035 16
29036 16
29037 16
29038 16
29039 17
29040 17
29041 17
29042 17
29043 17
29044 17
29045 17
29046 17
29047 17
29048 17
29049 17
29050 18
29051 18
29052 18
29053 18
29054 18
29055 18
29056 18
29057 18
29058 18
29059 18
29060 18
29061 18
29062 18
29063 18
29064 18
29065 18
29066 18
29067 18
29068 18
29069 18
29070 18
29071 18
29072 18
29073 18
29074 18
29075 18
29076 18
29077 18
29078 18
29079 18
29080 18
29081 18
29082 18
29083 18
29084 18
29085 18
29086 18
29087 18
29088 18
29089 18
29090 18
29091 18
29092 18
29093 18
29094 18
29095 18
29096 18
29097 18
29098 17
29099 17
29100 17
29101 17
29102 17
29103 17
29104 17
29105 17
29106 17
29107 17
29108 17
29109 17
29110 17
29111 16
29112 16
29113 16
29114 16
29115 16
29116 16
29117 16
29118 16
29119 16
29120 16
29121 15
29122 15
29123 15
29124 15
29125 15
29126 15
29127 15
29128 15
29129 14
29130 14
29131 14
29132 14
29133 14
29134 14
29135 14
29136 14
29137 13
29138 13
29139 13
29140 13
29141 13
29142 13
29143 13
29144 12
29145 12
29146 12
29147 12
29148 12
29149 12
29150 12
29151 12
29152 11
29153 11
29154 11
29155 11
29156 11
29157 11
29158 11
29159 11
29160 10
29161 10
29162 10
29163 10
29164 10
29165 10
29166 10
29167 10
29168 10
29169 10
29170 10
29171 9
29172 9
29173 9
29174 9
29175 9
29176 9
29177 9
29178 9
29179 9
29180 9
29181 9
29182 9
29183 9
29184 10
29185 10
29186 10
29187 10
29188 10
29189 10
29190 10
29191 10
29192 10
29193 10
29194 10
29195 10
29196 11
29197 11
29198 11
29199 11
29200 11
29201 11
29202 11
29203 12
29204 12
29205 12
29206 12
29207 12
29208 12
29209 13
29210 13
29211 13
29212 13
29213 13
29214 14
29215 14
29216 14
29217 14
29218 14
29219 15
29220 15
29221 15
29222 15
29223 15
29224 16
29225 16
29226 16
29227 16
29228 16
29229 17
29230 17
29231 17
29232 18
29233 18
29234 18
29235 18
29236 18
29237 19
29238 19
29239 19
29240 19
29241 20
29242 20
29243 20
29244 20
29245 21
29246 21
29247 21
29248 21
29249 21
29250 22
29251 22
29252 22
29253 22
29254 22
29255 23
29256 23
29257 23
29258 23
29259 23
29260 24
29261 24
29262 24
29263 24
29264 24
29265 25
29266 25
29267 25
29268 25
29269 25
29270 25
29271 26
29272 26
29273 26
29274 26
29275 26
29276 26
29277 27
29278 27
29279 27
29280 27
29281 27
29282 27
29283 27
29284 28
29285 28
29286 28
29287 28
29288 28
29289 28
29290 28
29291 28
29292 28
29293 28
29294 29
29295 29
29296 29
29297 29
29298 29
29299 29
29300 29
29301 29
29302 29
29303 29
29304 29
29305 29
29306 29
29307 29
29308 29
29309 29
29310 29
29311 29
29312 29
29313 29
29314 29
29315 29
29316 29
29317 29
29318 29
29319 29
29320 29
29321 29
29322 29
29323 29
29324 29
29325 29
29326 29
29327 29
29328 29
29329 29
29330 29
29331 29
29332 29
29333 29
29334 29
29335 29
29336 29
29337 29
29338 28
29339 28
29340 28
29341 28
29342 28
29343 28
29344 28
29345 28
29346 28
29347 28
29348 28
29349 28
29350 27
29351 27
29352 27
29353 27
29354 27
29355 27
29356 27
29357 27
29358 27
29359 26
29360 26
29361 26
29362 26
29363 26
29364 26
29365 26
29366 25
29367 25
29368 25
29369 25
29370 25
29371 25
29372 25
29373 24
29374 24
29375 24
29376 24
29377 24
29378 24
29379 23
29380 23
29381 23
29382 23
29383 23
29384 23
29385 22
29386 22
29387 22
29388 22
29389 22
29390 22
29391 21
29392 21
29393 21
29394 21
29395 20
29396 20
29397 20
29398 20
29399 20
29400 19
29401 19
29402 19
29403 19
29404 18
29405 18
29406 18
29407 18
29408 18
29409 17
29410 17
29411 17
29412 17
29413 16
29414 16
29415 16
29416 16
29417 15
29418 15
29419 15
29420 14
29421 14
29422 14
29423 14
29424 13
29425 13
29426 13
29427 13
29428 12
29429 12
29430 12
29431 11
29432 11
29433 11
29434 11
29435 10
29436 10
29437 10
29438 9
29439 9
29440 9
29441 9
29442 8
29443 8
29444 8
29445 8
29446 7
29447 7
29448 7
29449 7
29450 7
29451 6
29452 6
29453 6
29454 6
29455 6
29456 5
29457 5
29458 5
29459 5
29460 5
29461 5
29462 5
29463 5
29464 5
29465 5
29466 5
29467 5
29468 5
29469 5
29470 5
29471 5
29472 6
29473 6
29474 6
29475 6
29476 6
29477 7
29478 7
29479 7
29480 8
29481 8
29482 8
29483 8
29484 9
29485 9
29486 9
29487 9
29488 10
29489 10
29490 10
29491 10
29492 11
29493 11
29494 11
29495 12
29496 12
29497 12
29498 12
29499 13
29500 13
29501 13
29502 14
29503 14
29504 14
29505 14
29506 15
29507 15
29508 15
29509 15
29510 16
29511 16
29512 16
29513 16
29514 17
29515 17
29516 17
29517 17
29518 17
29519 18
29520 18
29521 18
29522 18
29523 18
29524 19
29525 19
29526 19
29527 19
29528 19
29529 19
29530 20
29531 20
29532 20
29533 20
29534 20
29535 20
29536 20
29537 21
29538 21
29539 21
29540 21
29541 21
29542 21
29543 21
29544 21
29545 21
29546 21
29547 22
29548 22
29549 22
29550 21
29551 21
29552 21
29553 21
29554 22
29555 22
29556 22
29557 22
29558 22
29559 22
29560 22
29561 22
29562 22
29563 22
29564 22
29565 22
29566 22
29567 22
29568 22
29569 22
29570 21
29571 21
29572 21
29573 21
29574 21
29575 21
29576 21
29577 21
29578 21
29579 21
29580 21
29581 20
29582 20
29583 20
29584 20
29585 20
29586 20
29587 20
29588 20
29589 20
29590 19
29591 19
29592 19
29593 19
29594 19
29595 19
29596 19
29597 19
29598 18
29599 18
29600 18
29601 18
29602 18
29603 18
29604 17
29605 17
29606 17
29607 17
29608 17
29609 17
29610 17
29611 16
29612 16
29613 16
29614 16
29615 16
29616 16
29617 15
29618 15
29619 15
29620 15
29621 15
29622 15
29623 14
29624 14
29625 14
29626 14
29627 14
29628 14
29629 14
29630 14
29631 13
29632 13
29633 13
29634 13
29635 13
29636 12
29637 12
29638 12
29639 12
29640 12
29641 12
29642 11
29643 11
29644 11
29645 11
29646 11
29647 11
29648 11
29649 11
29650 10
29651 10
29652 10
29653 10
29654 10
29655 10
29656 10
29657 10
29658 10
29659 10
29660 9
29661 9
29662 9
29663 9
29664 9
29665 10
29666 10
29667 10
29668 10
29669 10
29670 10
29671 9
29672 9
29673 9
29674 9
29675 9
29676 9
29677 9
29678 10
29679 10
29680 10
29681 10
29682 10
29683 10
29684 10
29685 10
29686 10
29687 11
29688 11
29689 11
29690 11
29691 11
29692 11
29693 11
29694 11
29695 11
29696 11
29697 12
29698 12
29699 12
29700 12
29701 12
29702 12
29703 12
29704 12
29705 12
29706 12
29707 13
29708 13
29709 13
29710 13
29711 13
29712 13
29713 13
29714 14
29715 14
29716 14
29717 14
29718 14
29719 14
29720 14
29721 14
29722 14
29723 14
29724 14
29725 14
29726 15
29727 15
29728 15
29729 15
29730 15
29731 15
29732 15
29733 15
29734 15
29735 15
29736 15
29737 16
29738 16
29739 16
29740 16
29741 16
29742 16
29743 16
29744 16
29745 16
29746 16
29747 16
29748 16
29749 16
29750 16
29751 16
29752 16
29753 16
29754 17
29755 17
29756 17
29757 17
29758 17
29759 17
29760 17
29761 17
29762 17
29763 17
29764 17
29765 17
29766 17
29767 17
29768 17
29769 17
29770 17
29771 17
29772 17
29773 17
29774 17
29775 17
29776 17
29777 17
29778 17
29779 17
29780 17
29781 17
29782 17
29783 17
29784 17
29785 17
29786 17
29787 17
29788 17
29789 17
29790 17
29791 17
29792 17
29793 17
29794 17
29795 17
29796 17
29797 17
29798 17
29799 17
29800 17
29801 17
29802 17
29803 17
29804 17
29805 16
29806 16
29807 16
29808 16
29809 16
29810 16
29811 16
29812 16
29813 16
29814 16
29815 16
29816 16
29817 16
29818 16
29819 16
29820 16
29821 16
29822 16
29823 15
29824 15
29825 15
29826 15
29827 15
29828 15
29829 15
29830 15
29831 15
29832 15
29833 15
29834 15
29835 14
29836 14
29837 14
29838 14
29839 14
29840 14
29841 14
29842 14
29843 14
29844 14
29845 14
29846 13
29847 13
29848 13
29849 13
29850 13
29851 13
29852 13
29853 13
29854 13
29855 12
29856 12
29857 12
29858 12
29859 12
29860 12
29861 12
29862 12
29863 12
29864 11
29865 11
29866 11
29867 11
29868 11
29869 11
29870 10
29871 10
29872 10
29873 10
29874 10
29875 10
29876 10
29877 10
29878 10
29879 9
29880 9
29881 9
29882 9
29883 9
29884 8
29885 8
29886 8
29887 8
29888 8
29889 8
29890 7
29891 7
29892 7
29893 7
29894 7
29895 7
29896 6
29897 6
29898 6
29899 6
29900 6
29901 6
29902 6
29903 5
29904 5
29905 5
29906 5
29907 5
29908 5
29909 5
29910 5
29911 4
29912 4
29913 4
29914 4
29915 4
29916 4
29917 4
29918 4
29919 4
29920 4
29921 4
29922 4
29923 4
29924 4
29925 4
29926 4
29927 4
29928 4
29929 4
29930 5
29931 5
29932 5
29933 5
29934 5
29935 5
29936 6
29937 6
29938 6
29939 6
29940 6
29941 7
29942 7
29943 7
29944 7
29945 8
29946 8
29947 8
29948 8
29949 8
29950 9
29951 9
29952 9
29953 9
29954 10
29955 10
29956 10
29957 10
29958 10
29959 11
29960 11
29961 11
29962 11
29963 12
29964 12
29965 12
29966 12
29967 12
29968 13
29969 13
29970 13
29971 13
29972 13
29973 14
29974 14
29975 14
29976 14
29977 14
29978 15
29979 15
29980 15
29981 15
29982 15
29983 15
29984 15
29985 16
29986 16
29987 16
29988 16
29989 16
29990 16
29991 16
29992 17
29993 17
29994 17
29995 17
29996 17
29997 17
29998 17
29999 17
30000 17
30001 17
30002 18
30003 18
30004 18
30005 18
30006 18
30007 18
30008 18
30009 18
30010 18
30011 18
30012 18
30013 18
30014 18
30015 18
30016 19
30017 19
30018 19
30019 19
30020 19
30021 19
30022 19
30023 19
30024 19
30025 19
30026 19
30027 19
30028 19
30029 19
30030 18
30031 18
30032 18
30033 18
30034 18
30035 18
30036 18
30037 18
30038 18
30039 18
30040 18
30041 18
30042 18
30043 18
30044 18
30045 17
30046 17
30047 17
30048 17
30049 17
30050 17
30051 17
30052 17
30053 17
30054 16
30055 16
30056 16
30057 16
30058 16
30059 16
30060 16
30061 15
30062 15
30063 15
30064 15
30065 15
30066 15
30067 14
30068 14
30069 14
30070 14
30071 14
30072 14
30073 13
30074 13
30075 13
30076 13
30077 13
30078 12
30079 12
30080 12
30081 12
30082 12
30083 11
30084 11
30085 11
30086 11
30087 11
30088 10
30089 10
30090 10
30091 10
30092 10
30093 9
30094 9
30095 9
30096 9
30097 9
30098 8
30099 8
30100 8
30101 8
30102 8
30103 7
30104 7
30105 7
30106 7
30107 7
30108 7
30109 6
30110 6
30111 6
30112 6
30113 6
30114 6
30115 6
30116 5
30117 5
30118 5
30119 5
30120 5
30121 5
30122 5
30123 5
30124 5
30125 5
30126 5
30127 5
30128 5
30129 5
30130 5
30131 5
30132 5
30133 5
30134 5
30135 5
30136 5
30137 5
30138 5
30139 5
30140 6
30141 6
30142 6
30143 6
30144 6
30145 6
30146 6
30147 6
30148 6
30149 6
30150 6
30151 7
30152 7
30153 7
30154 7
30155 7
30156 7
30157 7
30158 7
30159 8
30160 8
30161 8
30162 8
30163 8
30164 8
30165 9
30166 9
30167 9
30168 9
30169 9
30170 9
30171 9
30172 9
30173 9
30174 10
30175 10
30176 10
30177 10
30178 10
30179 11
30180 11
30181 11
30182 11
30183 11
30184 11
30185 11
30186 11
30187 11
30188 11
30189 12
30190 12
30191 12
30192 12
30193 12
30194 12
30195 12
30196 12
30197 12
30198 13
30199 13
30200 13
30201 13
30202 13
30203 13
30204 13
30205 13
30206 13
30207 14
30208 14
30209 14
30210 14
30211 14
30212 14
30213 14
30214 14
30215 14
30216 14
30217 14
30218 14
30219 15
30220 15
30221 15
30222 15
30223 15
30224 15
30225 15
30226 15
30227 15
30228 15
30229 15
30230 16
30231 16
30232 16
30233 16
30234 16
30235 16
30236 16
30237 16
30238 16
30239 16
30240 16
30241 16
30242 16
30243 16
30244 16
30245 17
30246 17
30247 17
30248 17
30249 17
30250 17
30251 17
30252 17
30253 17
30254 17
30255 17
30256 17
30257 17
30258 17
30259 17
30260 17
30261 17
30262 17
30263 17
30264 17
30265 17
30266 17
30267 17
30268 17
30269 18
30270 18
30271 18
30272 18
30273 18
30274 18
30275 18
30276 18
30277 18
30278 18
30279 18
30280 18
30281 18
30282 18
30283 18
30284 18
30285 18
30286 18
30287 18
30288 18
30289 18
30290 18
30291 18
30292 18
30293 18
30294 18
30295 18
30296 18
30297 18
30298 18
30299 18
30300 18
30301 18
30302 18
30303 18
30304 17
30305 17
30306 17
30307 17
30308 17
30309 17
30310 17
30311 17
30312 17
30313 17
30314 17
30315 17
30316 17
30317 17
30318 17
30319 17
30320 17
30321 16
30322 16
30323 16
30324 16
30325 16
30326 16
30327 16
30328 16
30329 16
30330 16
30331 16
30332 16
30333 16
30334 16
30335 16
30336 16
30337 15
30338 15
30339 15
30340 15
30341 15
30342 15
30343 15
30344 15
30345 15
30346 15
30347 15
30348 14
30349 14
30350 14
30351 14
30352 14
30353 14
30354 14
30355 14
30356 14
30357 14
30358 14
30359 14
30360 13
30361 13
30362 13
30363 13
30364 13
30365 13
30366 13
30367 13
30368 13
30369 13
30370 13
30371 13
30372 12
30373 12
30374 12
30375 12
30376 12
30377 12
30378 12
30379 12
30380 12
30381 12
30382 12
30383 12
30384 11
30385 11
30386 11
30387 11
30388 11
30389 11
30390 11
30391 11
30392 11
30393 11
30394 11
30395 11
30396 11
30397 11
30398 11
30399 11
30400 11
30401 11
30402 11
30403 11
30404 11
30405 11
30406 11
30407 11
30408 11
30409 11
30410 11
30411 11
30412 11
30413 11
30414 11
30415 11
30416 11
30417 11
30418 11
30419 11
30420 11
30421 11
30422 11
30423 11
30424 12
30425 12
30426 12
30427 12
30428 12
30429 12
30430 12
30431 12
30432 12
30433 12
30434 12
30435 12
30436 12
30437 12
30438 12
30439 12
30440 12
30441 13
30442 13
30443 13
30444 13
30445 13
30446 13
30447 13
30448 13
30449 13
30450 13
30451 13
30452 13
30453 13
30454 13
30455 13
30456 13
30457 13
30458 13
30459 13
30460 13
30461 13
30462 13
30463 13
30464 13
30465 13
30466 13
30467 13
30468 13
30469 13
30470 13
30471 13
30472 13
30473 13
30474 13
30475 13
30476 13
30477 13
30478 13
30479 13
30480 13
30481 13
30482 13
30483 13
30484 13
30485 12
30486 12
30487 12
30488 12
30489 13
30490 13
30491 13
30492 13
30493 13
30494 13
30495 13
30496 13
30497 13
30498 13
30499 13
30500 13
30501 13
30502 13
30503 13
30504 13
30505 13
30506 13
30507 13
30508 13
30509 13
30510 13
30511 13
30512 13
30513 13
30514 13
30515 13
30516 13
30517 13
30518 13
30519 13
30520 13
30521 13
30522 13
30523 13
30524 13
30525 13
30526 13
30527 13
30528 13
30529 13
30530 13
30531 14
30532 14
30533 14
30534 14
30535 14
30536 14
30537 14
30538 14
30539 14
30540 14
30541 14
30542 14
30543 14
30544 14
30545 14
30546 14
30547 14
30548 14
30549 14
30550 14
30551 14
30552 14
30553 14
30554 14
30555 14
30556 14
30557 14
30558 14
30559 14
30560 14
30561 14
30562 14
30563 14
30564 14
30565 15
30566 15
30567 15
30568 15
30569 15
30570 15
30571 15
30572 15
30573 15
30574 15
30575 15
30576 15
30577 15
30578 15
30579 15
30580 15
30581 15
30582 15
30583 15
30584 15
30585 15
30586 15
30587 15
30588 15
30589 15
30590 15
30591 15
30592 15
30593 15
30594 15
30595 15
30596 14
30597 14
30598 14
30599 14
30600 14
30601 14
30602 14
30603 14
30604 14
30605 14
30606 14
30607 14
30608 14
30609 14
30610 14
30611 14
30612 13
30613 13
30614 13
30615 13
30616 13
30617 13
30618 13
30619 12
30620 12
30621 12
30622 12
30623 12
30624 12
30625 11
30626 11
30627 11
30628 11
30629 11
30630 11
30631 10
30632 10
30633 10
30634 10
30635 10
30636 9
30637 9
30638 9
30639 9
30640 9
30641 8
30642 8
30643 8
30644 8
30645 8
30646 7
30647 7
30648 7
30649 7
30650 7
30651 7
30652 7
30653 6
30654 6
30655 6
30656 6
30657 6
30658 6
30659 6
30660 6
30661 6
30662 6
30663 6
30664 6
30665 6
30666 6
30667 6
30668 6
30669 6
30670 6
30671 6
30672 6
30673 6
30674 6
30675 6
30676 6
30677 6
30678 6
30679 6
30680 6
30681 6
30682 6
30683 6
30684 6
30685 6
30686 6
30687 6
30688 6
30689 7
30690 7
30691 7
30692 7
30693 7
30694 7
30695 7
30696 7
30697 7
30698 7
30699 7
30700 8
30701 8
30702 8
30703 8
30704 8
30705 8
30706 8
30707 8
30708 8
30709 9
30710 9
30711 9
30712 9
30713 9
30714 9
30715 10
30716 10
30717 10
30718 10
30719 10
30720 10
30721 10
30722 10
30723 11
30724 11
30725 11
30726 11
30727 11
30728 11
30729 11
30730 11
30731 11
30732 12
30733 12
30734 12
30735 12
30736 12
30737 12
30738 12
30739 12
30740 12
30741 12
30742 13
30743 13
30744 13
30745 13
30746 13
30747 13
30748 13
30749 13
30750 13
30751 14
30752 14
30753 14
30754 14
30755 14
30756 14
30757 14
30758 14
30759 14
30760 14
30761 14
30762 14
30763 14
30764 15
30765 15
30766 15
30767 15
30768 15
30769 15
30770 15
30771 15
30772 15
30773 15
30774 15
30775 15
30776 15
30777 15
30778 15
30779 16
30780 16
30781 16
30782 16
30783 16
30784 16
30785 16
30786 16
30787 16
30788 16
30789 16
30790 16
30791 16
30792 16
30793 16
30794 16
30795 17
30796 17
30797 17
30798 17
30799 17
30800 17
30801 17
30802 17
30803 17
30804 17
30805 17
30806 17
30807 17
30808 17
30809 17
30810 17
30811 17
30812 17
30813 17
30814 17
30815 17
30816 17
30817 17
30818 17
30819 17
30820 18
30821 18
30822 18
30823 18
30824 18
30825 18
30826 18
30827 18
30828 18
30829 18
30830 18
30831 18
30832 18
30833 18
30834 18
30835 18
30836 18
30837 18
30838 18
30839 18
30840 18
30841 18
30842 18
30843 18
30844 18
30845 18
30846 18
30847 18
30848 18
30849 18
30850 18
30851 18
30852 18
30853 18
30854 18
30855 18
30856 18
30857 18
30858 18
30859 18
30860 18
30861 18
30862 17
30863 17
30864 17
30865 17
30866 17
30867 17
30868 17
30869 17
30870 17
30871 17
30872 17
30873 17
30874 17
30875 17
30876 17
30877 17
30878 17
30879 17
30880 17
30881 17
30882 17
30883 17
30884 17
30885 17
30886 16
30887 16
30888 16
30889 16
30890 16
30891 16
30892 16
30893 16
30894 16
30895 16
30896 16
30897 16
30898 16
30899 16
30900 16
30901 16
30902 16
30903 16
30904 15
30905 15
30906 15
30907 15
30908 15
30909 15
30910 15
30911 15
30912 15
30913 15
30914 15
30915 15
30916 15
30917 14
30918 14
30919 14
30920 14
30921 14
30922 14
30923 14
30924 14
30925 14
30926 13
30927 13
30928 13
30929 13
30930 13
30931 13
30932 13
30933 13
30934 13
30935 13
30936 12
30937 12
30938 12
30939 12
30940 12
30941 12
30942 12
30943 12
30944 11
30945 11
30946 11
30947 11
30948 11
30949 11
30950 11
30951 11
30952 10
30953 10
30954 10
30955 10
30956 10
30957 10
30958 10
30959 10
30960 10
30961 10
30962 10
30963 10
30964 10
30965 10
30966 10
30967 10
30968 10
30969 10
30970 10
30971 10
30972 10
30973 10
30974 10
30975 10
30976 10
30977 10
30978 10
30979 10
30980 10
30981 10
30982 10
30983 11
30984 11
30985 11
30986 11
30987 11
30988 11
30989 11
30990 11
30991 11
30992 11
30993 11
30994 11
30995 11
30996 11
30997 11
30998 11
30999 11
31000 11
31001 12
31002 12
31003 12
31004 12
31005 12
31006 12
31007 12
31008 12
31009 12
31010 12
31011 12
31012 12
31013 12
31014 12
31015 12
31016 12
31017 12
31018 12
31019 12
31020 12
31021 12
31022 12
31023 12
31024 12
31025 11
31026 11
31027 11
31028 11
31029 11
31030 11
31031 11
31032 11
31033 11
31034 11
31035 11
31036 11
31037 11
31038 11
31039 11
31040 11
31041 11
31042 11
31043 10
31044 10
31045 10
31046 10
31047 10
31048 10
31049 10
31050 10
31051 10
31052 10
31053 10
31054 9
31055 9
31056 9
31057 9
31058 9
31059 9
31060 9
31061 9
31062 9
31063 8
31064 8
31065 8
31066 8
31067 8
31068 8
31069 8
31070 8
31071 8
31072 7
31073 7
31074 7
31075 7
31076 7
31077 7
31078 7
31079 7
31080 6
31081 6
31082 6
31083 6
31084 6
31085 6
31086 6
31087 6
31088 5
31089 5
31090 5
31091 5
31092 5
31093 5
31094 5
31095 5
31096 5
31097 5
31098 5
31099 5
31100 5
31101 5
31102 5
31103 5
31104 5
31105 5
31106 5
31107 5
31108 5
31109 5
31110 5
31111 5
31112 5
31113 5
31114 5
31115 5
31116 5
31117 6
31118 6
31119 6
31120 6
31121 6
31122 6
31123 6
31124 6
31125 6
31126 6
31127 6
31128 6
31129 6
31130 6
31131 7
31132 7
31133 7
31134 7
31135 7
31136 7
31137 7
31138 7
31139 8
31140 8
31141 8
31142 8
31143 8
31144 8
31145 8
31146 8
31147 8
31148 8
31149 8
31150 9
31151 9
31152 9
31153 9
31154 9
31155 9
31156 9
31157 9
31158 9
31159 9
31160 9
31161 9
31162 9
31163 9
31164 9
31165 10
31166 10
31167 10
31168 10
31169 10
31170 10
31171 10
31172 10
31173 10
31174 10
31175 10
31176 10
31177 10
31178 10
31179 10
31180 10
31181 10
31182 10
31183 10
31184 10
31185 10
31186 10
31187 10
31188 10
31189 10
31190 10
31191 10
31192 9
31193 9
31194 9
31195 9
31196 9
31197 9
31198 9
31199 9
31200 9
31201 9
31202 9
31203 9
31204 9
31205 9
31206 9
31207 9
31208 9
31209 8
31210 8
31211 8
31212 8
31213 8
31214 8
31215 8
31216 8
31217 8
31218 8
31219 8
31220 8
31221 7
31222 7
31223 7
31224 7
31225 7
31226 7
31227 7
31228 7
31229 7
31230 7
31231 7
31232 6
31233 6
31234 6
31235 6
31236 6
31237 6
31238 6
31239 6
31240 6
31241 6
31242 6
31243 6
31244 6
31245 6
31246 5
31247 5
31248 5
31249 5
31250 5
31251 5
31252 5
31253 5
31254 5
31255 5
31256 5
31257 4
31258 4
31259 4
31260 4
31261 4
31262 4
31263 4
31264 4
31265 4
31266 4
31267 4
31268 4
31269 4
31270 4
31271 4
31272 4
31273 4
31274 4
31275 4
31276 3
31277 3
31278 3
31279 3
31280 3
31281 3
31282 3
31283 3
31284 3
31285 3
31286 3
31287 3
31288 3
31289 3
31290 3
31291 3
31292 3
31293 4
31294 4
31295 4
31296 4
31297 4
31298 4
31299 4
31300 4
31301 4
31302 4
31303 5
31304 5
31305 5
31306 5
31307 5
31308 5
31309 5
31310 5
31311 5
31312 6
31313 6
31314 6
31315 6
31316 6
31317 6
31318 6
31319 6
31320 7
31321 7
31322 7
31323 7
31324 7
31325 7
31326 7
31327 7
31328 8
31329 8
31330 8
31331 8
31332 8
31333 8
31334 8
31335 8
31336 9
31337 9
31338 9
31339 9
31340 9
31341 9
31342 9
31343 9
31344 9
31345 10
31346 10
31347 10
31348 10
31349 10
31350 10
31351 10
31352 10
31353 11
31354 11
31355 11
31356 11
31357 11
31358 11
31359 11
31360 11
31361 11
31362 12
31363 12
31364 12
31365 12
31366 12
31367 12
31368 12
31369 12
31370 12
31371 12
31372 12
31373 12
31374 12
31375 12
31376 13
31377 13
31378 13
31379 13
31380 13
31381 13
31382 13
31383 13
31384 13
31385 13
31386 13
31387 13
31388 13
31389 13
31390 13
31391 13
31392 13
31393 13
31394 13
31395 14
31396 14
31397 14
31398 14
31399 14
31400 14
31401 14
31402 14
31403 14
31404 14
31405 14
31406 14
31407 14
31408 14
31409 14
31410 14
31411 14
31412 14
31413 14
31414 14
31415 14
31416 14
31417 14
31418 14
31419 14
31420 14
31421 14
31422 14
31423 14
31424 14
31425 14
31426 14
31427 13
31428 13
31429 13
31430 13
31431 13
31432 13
31433 13
31434 13
31435 13
31436 13
31437 13
31438 13
31439 13
31440 13
31441 13
31442 13
31443 13
31444 12
31445 12
31446 12
31447 12
31448 12
31449 12
31450 12
31451 12
31452 12
31453 11
31454 11
31455 11
31456 11
31457 11
31458 11
31459 11
31460 11
31461 10
31462 10
31463 10
31464 10
31465 10
31466 10
31467 9
31468 9
31469 9
31470 9
31471 9
31472 9
31473 9
31474 8
31475 8
31476 8
31477 8
31478 8
31479 8
31480 7
31481 7
31482 7
31483 7
31484 7
31485 6
31486 6
31487 6
31488 6
31489 6
31490 6
31491 6
31492 5
31493 5
31494 5
31495 5
31496 5
31497 5
31498 5
31499 4
31500 4
31501 4
31502 4
31503 4
31504 4
31505 4
31506 4
31507 4
31508 4
31509 3
31510 3
31511 3
31512 3
31513 3
31514 3
31515 3
31516 3
31517 3
31518 4
31519 4
31520 4
31521 4
31522 4
31523 4
31524 4
31525 4
31526 5
31527 5
31528 5
31529 5
31530 5
31531 6
31532 6
31533 6
31534 6
31535 6
31536 7
31537 7
31538 7
31539 7
31540 7
31541 8
31542 8
31543 8
31544 8
31545 9
31546 9
31547 9
31548 9
31549 9
31550 10
31551 10
31552 10
31553 10
31554 10
31555 11
31556 11
31557 11
31558 11
31559 11
31560 11
31561 12
31562 12
31563 12
31564 12
31565 12
31566 12
31567 13
31568 13
31569 13
31570 13
31571 13
31572 14
31573 14
31574 14
31575 14
31576 14
31577 14
31578 14
31579 15
31580 15
31581 15
31582 15
31583 15
31584 15
31585 15
31586 15
31587 16
31588 16
31589 16
31590 16
31591 16
31592 16
31593 16
31594 16
31595 16
31596 16
31597 16
31598 16
31599 16
31600 17
31601 17
31602 17
31603 17
31604 17
31605 17
31606 17
31607 17
31608 17
31609 17
31610 17
31611 17
31612 17
31613 17
31614 17
31615 17
31616 17
31617 17
31618 17
31619 17
31620 17
31621 17
31622 17
31623 18
31624 18
31625 18
31626 18
31627 18
31628 18
31629 18
31630 18
31631 18
31632 18
31633 18
31634 18
31635 18
31636 17
31637 17
31638 17
31639 17
31640 17
31641 17
31642 17
31643 17
31644 17
31645 17
31646 17
31647 17
31648 17
31649 17
31650 17
31651 17
31652 17
31653 16
31654 16
31655 16
31656 16
31657 16
31658 16
31659 16
31660 16
31661 16
31662 16
31663 16
31664 16
31665 16
31666 15
31667 15
31668 15
31669 15
31670 15
31671 15
31672 15
31673 14
31674 14
31675 14
31676 14
31677 14
31678 14
31679 14
31680 14
31681 13
31682 13
31683 13
31684 13
31685 13
31686 13
31687 13
31688 13
31689 12
31690 12
31691 12
31692 12
31693 12
31694 12
31695 12
31696 11
31697 11
31698 11
31699 11
31700 11
31701 11
31702 11
31703 11
31704 11
31705 10
31706 10
31707 10
31708 10
31709 10
31710 10
31711 10
31712 10
31713 10
31714 9
31715 9
31716 9
31717 9
31718 9
31719 9
31720 9
31721 9
31722 9
31723 9
31724 8
31725 8
31726 8
31727 8
31728 8
31729 8
31730 8
31731 8
31732 8
31733 8
31734 8
31735 8
31736 8
31737 8
31738 8
31739 8
31740 8
31741 8
31742 8
31743 7
31744 7
31745 7
31746 7
31747 7
31748 7
31749 7
31750 7
31751 7
31752 7
31753 7
31754 7
31755 7
31756 7
31757 7
31758 7
31759 7
31760 7
31761 7
31762 7
31763 7
31764 7
31765 7
31766 7
31767 7
31768 7
31769 7
31770 7
31771 7
31772 7
31773 7
31774 7
31775 7
31776 7
31777 7
31778 7
31779 7
31780 7
31781 7
31782 7
31783 7
31784 7
31785 7
31786 7
31787 7
31788 7
31789 7
31790 7
31791 7
31792 7
31793 7
31794 7
31795 7
31796 7
31797 8
31798 8
31799 8
31800 8
31801 8
31802 8
31803 8
31804 8
31805 8
31806 7
31807 7
31808 8
31809 8
31810 8
31811 8
31812 8
31813 8
31814 8
31815 8
31816 8
31817 8
31818 8
31819 8
31820 8
31821 8
31822 8
31823 8
31824 8
31825 8
31826 8
31827 8
31828 8
31829 8
31830 8
31831 8
31832 8
31833 8
31834 8
31835 8
31836 8
31837 8
31838 8
31839 8
31840 8
31841 8
31842 8
31843 8
31844 8
31845 8
31846 8
31847 8
31848 8
31849 8
31850 8
31851 8
31852 8
31853 8
31854 8
31855 8
31856 8
31857 8
31858 8
31859 8
31860 8
31861 8
31862 9
31863 9
31864 9
31865 9
31866 9
31867 9
31868 9
31869 9
31870 9
31871 9
31872 9
31873 9
31874 9
31875 9
31876 9
31877 9
31878 9
31879 9
31880 9
31881 9
31882 9
31883 9
31884 9
31885 9
31886 9
31887 9
31888 9
31889 9
31890 9
31891 9
31892 9
31893 9
31894 9
31895 9
31896 9
31897 9
31898 9
31899 9
31900 9
31901 9
31902 9
31903 10
31904 10
31905 10
31906 10
31907 10
31908 10
31909 10
31910 10
31911 10
31912 10
31913 9
31914 9
31915 9
31916 9
31917 9
31918 9
31919 9
31920 9
31921 9
31922 9
31923 9
31924 9
31925 9
31926 9
31927 9
31928 9
31929 9
31930 9
31931 9
31932 9
31933 9
31934 9
31935 9
31936 9
31937 9
31938 9
31939 9
31940 9
31941 9
31942 9
31943 9
31944 9
31945 9
31946 9
31947 9
31948 9
31949 9
31950 9
31951 9
31952 9
31953 9
31954 9
31955 9
31956 9
31957 8
31958 8
31959 8
31960 8
31961 8
31962 8
31963 8
31964 8
31965 8
31966 8
31967 8
31968 8
31969 8
31970 8
31971 8
31972 8
31973 8
31974 8
31975 8
31976 8
31977 8
31978 8
31979 8
31980 8
31981 8
31982 8
31983 8
31984 8
31985 8
31986 7
31987 7
31988 7
31989 7
31990 7
31991 7
31992 7
31993 7
31994 7
31995 7
31996 7
31997 7
31998 7
31999 7
32000 7
32001 7
32002 7
32003 7
32004 7
32005 7
32006 7
32007 7
32008 7
32009 7
32010 7
32011 7
32012 6
32013 6
32014 6
32015 7
32016 7
32017 7
32018 7
32019 7
32020 7
32021 7
32022 7
32023 7
32024 7
32025 7
32026 7
32027 7
32028 7
32029 7
32030 7
32031 7
32032 7
32033 7
32034 7
32035 7
32036 7
32037 7
32038 7
32039 7
32040 7
32041 7
32042 7
32043 7
32044 7
32045 7
32046 8
32047 8
32048 8
32049 8
32050 8
32051 8
32052 8
32053 8
32054 8
32055 8
32056 9
32057 9
32058 9
32059 9
32060 9
32061 9
32062 10
32063 10
32064 10
32065 10
32066 11
32067 11
32068 11
32069 11
32070 12
32071 12
32072 12
32073 12
32074 13
32075 13
32076 13
32077 14
32078 14
32079 14
32080 15
32081 15
32082 15
32083 16
32084 16
32085 16
32086 16
32087 17
32088 17
32089 17
32090 18
32091 18
32092 18
32093 19
32094 19
32095 19
32096 20
32097 20
32098 20
32099 21
32100 21
32101 22
32102 22
32103 22
32104 23
32105 23
32106 23
32107 24
32108 24
32109 24
32110 25
32111 25
32112 25
32113 25
32114 26
32115 26
32116 26
32117 27
32118 27
32119 27
32120 28
32121 28
32122 28
32123 28
32124 29
32125 29
32126 29
32127 30
32128 30
32129 30
32130 31
32131 31
32132 31
32133 31
32134 32
32135 32
32136 33
32137 33
32138 33
32139 33
32140 34
32141 34
32142 34
32143 34
32144 34
32145 35
32146 35
32147 35
32148 35
32149 36
32150 36
32151 36
32152 36
32153 37
32154 37
32155 37
32156 37
32157 38
32158 38
32159 38
32160 38
32161 38
32162 38
32163 39
32164 39
32165 39
32166 39
32167 40
32168 40
32169 40
32170 40
32171 40
32172 41
32173 41
32174 41
32175 41
32176 41
32177 42
32178 42
32179 42
32180 42
32181 42
32182 42
32183 43
32184 43
32185 43
32186 43
32187 43
32188 43
32189 43
32190 44
32191 44
32192 44
32193 44
32194 44
32195 44
32196 44
32197 44
32198 45
32199 45
32200 45
32201 45
32202 45
32203 45
32204 45
32205 45
32206 45
32207 45
32208 46
32209 46
32210 46
32211 46
32212 46
32213 46
32214 46
32215 46
32216 46
32217 46
32218 46
32219 46
32220 46
32221 46
32222 46
32223 46
32224 46
32225 46
32226 46
32227 46
32228 46
32229 46
32230 46
32231 46
32232 46
32233 46
32234 46
32235 46
32236 46
32237 46
32238 46
32239 46
32240 46
32241 46
32242 46
32243 46
32244 46
32245 46
32246 46
32247 46
32248 45
32249 45
32250 45
32251 45
32252 45
32253 45
32254 45
32255 45
32256 44
32257 44
32258 44
32259 44
32260 44
32261 44
32262 43
32263 43
32264 43
32265 43
32266 43
32267 43
32268 42
32269 42
32270 42
32271 42
32272 41
32273 41
32274 41
32275 41
32276 40
32277 40
32278 40
32279 40
32280 39
32281 39
32282 39
32283 38
32284 38
32285 38
32286 38
32287 37
32288 37
32289 37
32290 36
32291 36
32292 36
32293 35
32294 35
32295 34
32296 34
32297 34
32298 33
32299 33
32300 33
32301 32
32302 32
32303 32
32304 31
32305 31
32306 30
32307 30
32308 30
32309 29
32310 29
32311 29
32312 28
32313 28
32314 27
32315 27
32316 26
32317 26
32318 26
32319 25
32320 25
32321 24
32322 24
32323 24
32324 23
32325 23
32326 22
32327 22
32328 22
32329 21
32330 21
32331 20
32332 20
32333 20
32334 19
32335 19
32336 18
32337 18
32338 18
32339 17
32340 17
32341 17
32342 16
32343 16
32344 16
32345 15
32346 15
32347 15
32348 14
32349 14
32350 14
32351 13
32352 13
32353 13
32354 13
32355 12
32356 12
32357 12
32358 12
32359 12
32360 11
32361 11
32362 11
32363 11
32364 11
32365 10
32366 10
32367 10
32368 10
32369 10
32370 10
32371 10
32372 10
32373 10
32374 10
32375 10
32376 10
32377 10
32378 10
32379 10
32380 10
32381 10
32382 10
32383 10
32384 10
32385 10
32386 10
32387 11
32388 11
32389 11
32390 11
32391 11
32392 11
32393 12
32394 12
32395 12
32396 12
32397 12
32398 12
32399 13
32400 13
32401 13
32402 13
32403 13
32404 13
32405 14
32406 14
32407 14
32408 14
32409 14
32410 14
32411 15
32412 15
32413 15
32414 15
32415 15
32416 15
32417 16
32418 16
32419 16
32420 16
32421 16
32422 16
32423 16
32424 17
32425 17
32426 17
32427 17
32428 17
32429 17
32430 17
32431 17
32432 18
32433 18
32434 18
32435 18
32436 18
32437 18
32438 18
32439 18
32440 19
32441 19
32442 19
32443 19
32444 19
32445 19
32446 19
32447 19
32448 19
32449 19
32450 20
32451 20
32452 20
32453 20
32454 20
32455 20
32456 20
32457 20
32458 20
32459 20
32460 20
32461 20
32462 20
32463 20
32464 20
32465 20
32466 20
32467 20
32468 20
32469 20
32470 20
32471 20
32472 20
32473 19
32474 19
32475 19
32476 19
32477 19
32478 19
32479 19
32480 19
32481 19
32482 19
32483 18
32484 18
32485 18
32486 18
32487 18
32488 18
32489 18
32490 18
32491 17
32492 17
32493 17
32494 17
32495 17
32496 17
32497 17
32498 16
32499 16
32500 16
32501 16
32502 16
32503 15
32504 15
32505 15
32506 15
32507 15
32508 14
32509 14
32510 14
32511 14
32512 13
32513 13
32514 13
32515 13
32516 13
32517 12
32518 12
32519 12
32520 12
32521 11
32522 11
32523 11
32524 11
32525 10
32526 10
32527 10
32528 9
32529 9
32530 9
32531 8
32532 8
32533 8
32534 8
32535 7
32536 7
32537 7
32538 6
32539 6
32540 6
32541 6
32542 5
32543 5
32544 5
32545 4
32546 4
32547 4
32548 4
32549 3
32550 3
32551 3
32552 2
32553 2
32554 2
32555 2
32556 2
32557 2
32558 2
32559 2
32560 2
32561 2
32562 2
32563 2
32564 3
32565 3
32566 3
32567 3
32568 4
32569 4
32570 4
32571 4
32572 4
32573 4
32574 5
32575 5
32576 5
32577 6
32578 6
32579 6
32580 6
32581 7
32582 7
32583 7
32584 7
32585 8
32586 8
32587 8
32588 8
32589 8
32590 9
32591 9
32592 9
32593 9
32594 9
32595 10
32596 10
32597 10
32598 10
32599 10
32600 11
32601 11
32602 11
32603 11
32604 12
32605 12
32606 12
32607 12
32608 12
32609 13
32610 13
32611 13
32612 13
32613 13
32614 14
32615 14
32616 14
32617 14
32618 14
32619 14
32620 15
32621 15
32622 15
32623 15
32624 15
32625 15
32626 15
32627 16
32628 16
32629 16
32630 16
32631 16
32632 16
32633 16
32634 16
32635 17
32636 17
32637 17
32638 17
32639 17
32640 17
32641 17
32642 17
32643 17
32644 17
32645 17
32646 18
32647 18
32648 18
32649 18
32650 18
32651 18
32652 18
32653 18
32654 18
32655 18
32656 18
32657 18
32658 18
32659 19
32660 19
32661 19
32662 19
32663 19
32664 19
32665 19
32666 19
32667 19
32668 19
32669 19
32670 19
32671 19
32672 19
32673 19
32674 20
32675 20
32676 20
32677 20
32678 20
32679 20
32680 20
32681 20
32682 20
32683 20
32684 20
32685 20
32686 20
32687 20
32688 20
32689 20
32690 20
32691 20
32692 20
32693 20
32694 20
32695 20
32696 20
32697 20
32698 20
32699 20
32700 20
32701 21
32702 21
32703 21
32704 21
32705 21
32706 21
32707 21
32708 21
32709 21
32710 21
32711 21
32712 21
32713 21
32714 21
32715 21
32716 21
32717 21
32718 21
32719 21
32720 21
32721 21
32722 21
32723 21
32724 21
32725 21
32726 21
32727 21
32728 21
32729 21
32730 21
32731 21
32732 21
32733 21
32734 21
32735 21
32736 21
32737 21
32738 21
32739 21
32740 21
32741 21
32742 22
32743 22
32744 22
32745 22
32746 22
32747 22
32748 22
32749 22
32750 22
32751 22
32752 22
32753 22
32754 22
32755 22
32756 22
32757 22
32758 22
32759 22
32760 22
32761 22
32762 22
32763 22
32764 22
32765 22
32766 22
32767 22
32768 22
32769 22
32770 22
32771 22
32772 22
32773 22
32774 22
32775 22
32776 22
32777 22
32778 22
32779 22
32780 22
32781 22
32782 22
32783 22
32784 22
32785 21
32786 21
32787 21
32788 21
32789 21
32790 21
32791 21
32792 21
32793 21
32794 21
32795 21
32796 21
32797 21
32798 21
32799 20
32800 20
32801 20
32802 20
32803 20
32804 20
32805 20
32806 20
32807 20
32808 19
32809 19
32810 19
32811 19
32812 19
32813 19
32814 19
32815 18
32816 18
32817 18
32818 18
32819 18
32820 18
32821 18
32822 18
32823 18
32824 17
32825 17
32826 17
32827 17
32828 17
32829 17
32830 17
32831 16
32832 16
32833 16
32834 16
32835 16
32836 16
32837 16
32838 15
32839 15
32840 15
32841 15
32842 15
32843 15
32844 15
32845 14
32846 14
32847 14
32848 14
32849 14
32850 14
32851 14
32852 14
32853 13
32854 13
32855 13
32856 13
32857 13
32858 13
32859 13
32860 13
32861 13
32862 13
32863 13
32864 12
32865 12
32866 12
32867 12
32868 12
32869 12
32870 12
32871 12
32872 12
32873 12
32874 12
32875 12
32876 12
32877 12
32878 12
32879 12
32880 12
32881 12
32882 12
32883 12
32884 12
32885 12
32886 12
32887 12
32888 12
32889 12
32890 12
32891 12
32892 12
32893 12
32894 12
32895 12
32896 12
32897 12
32898 12
32899 12
32900 12
32901 12
32902 12
32903 12
32904 12
32905 12
32906 12
32907 12
32908 12
32909 12
32910 12
32911 12
32912 12
32913 12
32914 12
32915 12
32916 12
32917 12
32918 12
32919 12
32920 12
32921 12
32922 11
32923 11
32924 11
32925 11
32926 11
32927 11
32928 11
32929 11
32930 11
32931 10
32932 10
32933 10
32934 10
32935 10
32936 9
32937 9
32938 9
32939 9
32940 9
32941 9
32942 8
32943 8
32944 8
32945 8
32946 8
32947 8
32948 7
32949 7
32950 7
32951 7
32952 7
32953 7
32954 7
32955 7
32956 7
32957 6
32958 6
32959 6
32960 6
32961 6
32962 5
32963 5
32964 5
32965 5
32966 5
32967 5
32968 5
32969 5
32970 5
32971 5
32972 5
32973 5
32974 5
32975 5
32976 5
32977 5
32978 5
32979 5
32980 5
32981 5
32982 5
32983 6
32984 6
32985 6
32986 6
32987 6
32988 6
32989 6
32990 6
32991 6
32992 6
32993 7
32994 7
32995 7
32996 8
32997 8
32998 8
32999 9
33000 9
33001 9
33002 9
33003 10
33004 10
33005 10
33006 10
33007 11
33008 11
33009 11
33010 11
33011 12
33012 12
33013 12
33014 12
33015 13
33016 13
33017 13
33018 14
33019 14
33020 14
33021 14
33022 15
33023 15
33024 15
33025 15
33026 16
33027 16
33028 16
33029 16
33030 17
33031 17
33032 17
33033 17
33034 18
33035 18
33036 18
33037 18
33038 19
33039 19
33040 19
33041 19
33042 19
33043 20
33044 20
33045 20
33046 20
33047 20
33048 21
33049 21
33050 21
33051 21
33052 21
33053 22
33054 22
33055 22
33056 22
33057 22
33058 22
33059 23
33060 23
33061 23
33062 23
33063 23
33064 23
33065 23
33066 23
33067 24
33068 24
33069 24
33070 24
33071 24
33072 24
33073 24
33074 24
33075 24
33076 24
33077 24
33078 24
33079 24
33080 24
33081 24
33082 25
33083 25
33084 25
33085 25
33086 25
33087 25
33088 25
33089 25
33090 25
33091 25
33092 25
33093 25
33094 25
33095 25
33096 25
33097 25
33098 25
33099 25
33100 25
33101 25
33102 25
33103 25
33104 25
33105 25
33106 24
33107 24
33108 24
33109 24
33110 24
33111 24
33112 24
33113 24
33114 24
33115 24
33116 24
33117 24
33118 24
33119 24
33120 24
33121 24
33122 23
33123 23
33124 23
33125 23
33126 23
33127 23
33128 23
33129 23
33130 23
33131 23
33132 23
33133 23
33134 23
33135 22
33136 22
33137 22
33138 22
33139 22
33140 22
33141 22
33142 22
33143 22
33144 22
33145 21
33146 21
33147 21
33148 21
33149 21
33150 21
33151 21
33152 21
33153 21
33154 20
33155 20
33156 20
33157 20
33158 20
33159 20
33160 20
33161 19
33162 19
33163 19
33164 19
33165 19
33166 19
33167 19
33168 18
33169 18
33170 18
33171 18
33172 18
33173 18
33174 17
33175 17
33176 17
33177 17
33178 17
33179 17
33180 16
33181 16
33182 16
33183 16
33184 16
33185 15
33186 15
33187 15
33188 15
33189 14
33190 14
33191 14
33192 14
33193 14
33194 13
33195 13
33196 13
33197 13
33198 12
33199 12
33200 12
33201 12
33202 11
33203 11
33204 11
33205 11
33206 11
33207 10
33208 10
33209 10
33210 10
33211 9
33212 9
33213 9
33214 9
33215 9
33216 8
33217 8
33218 8
33219 8
33220 7
33221 7
33222 7
33223 7
33224 7
33225 7
33226 6
33227 6
33228 6
33229 6
33230 6
33231 6
33232 6
33233 5
33234 5
33235 5
33236 5
33237 5
33238 5
33239 5
33240 5
33241 5
33242 5
33243 4
33244 4
33245 4
33246 4
33247 4
33248 4
33249 4
33250 4
33251 4
33252 4
33253 4
33254 4
33255 4
33256 3
33257 3
33258 3
33259 3
33260 3
33261 3
33262 3
33263 3
33264 3
33265 3
33266 2
33267 2
33268 2
33269 2
33270 2
33271 2
33272 2
33273 2
33274 2
33275 2
33276 2
33277 2
33278 2
33279 2
33280 2
33281 2
33282 2
33283 2
33284 3
33285 3
33286 3
33287 3
33288 3
33289 3
33290 4
33291 4
33292 4
33293 4
33294 5
33295 5
33296 5
33297 6
33298 6
33299 6
33300 6
33301 6
33302 7
33303 7
33304 7
33305 8
33306 8
33307 8
33308 9
33309 9
33310 10
33311 10
33312 10
33313 11
33314 11
33315 12
33316 12
33317 13
33318 13
33319 13
33320 14
33321 14
33322 15
33323 15
33324 15
33325 16
33326 16
33327 17
33328 17
33329 17
33330 18
33331 18
33332 19
33333 19
33334 19
33335 20
33336 20
33337 20
33338 21
33339 21
33340 22
33341 22
33342 22
33343 23
33344 23
33345 23
33346 24
33347 24
33348 24
33349 25
33350 25
33351 25
33352 26
33353 26
33354 26
33355 27
33356 27
33357 27
33358 27
33359 28
33360 28
33361 28
33362 28
33363 29
33364 29
33365 29
33366 29
33367 30
33368 30
33369 30
33370 30
33371 30
33372 30
33373 31
33374 31
33375 31
33376 31
33377 31
33378 31
33379 32
33380 32
33381 32
33382 32
33383 32
33384 32
33385 32
33386 32
33387 32
33388 32
33389 32
33390 32
33391 32
33392 32
33393 32
33394 32
33395 33
33396 33
33397 33
33398 33
33399 33
33400 33
33401 33
33402 33
33403 33
33404 33
33405 33
33406 33
33407 33
33408 33
33409 33
33410 33
33411 33
33412 33
33413 33
33414 32
33415 32
33416 32
33417 32
33418 32
33419 32
33420 32
33421 32
33422 32
33423 32
33424 32
33425 32
33426 32
33427 32
33428 31
33429 31
33430 31
33431 31
33432 31
33433 30
33434 30
33435 30
33436 30
33437 30
33438 30
33439 30
33440 29
33441 29
33442 29
33443 29
33444 29
33445 28
33446 28
33447 28
33448 28
33449 28
33450 27
33451 27
33452 27
33453 27
33454 27
33455 26
33456 26
33457 26
33458 26
33459 25
33460 25
33461 25
33462 25
33463 24
33464 24
33465 24
33466 23
33467 23
33468 23
33469 22
33470 22
33471 22
33472 21
33473 21
33474 21
33475 20
33476 20
33477 19
33478 19
33479 19
33480 18
33481 18
33482 18
33483 17
33484 17
33485 17
33486 16
33487 16
33488 15
33489 15
33490 15
33491 15
33492 14
33493 14
33494 13
33495 13
33496 13
33497 12
33498 12
33499 12
33500 11
33501 11
33502 11
33503 11
33504 10
33505 10
33506 10
33507 10
33508 10
33509 9
33510 9
33511 9
33512 9
33513 9
33514 9
33515 9
33516 9
33517 9
33518 9
33519 9
33520 9
33521 9
33522 9
33523 10
33524 10
33525 10
33526 10
33527 10
33528 10
33529 10
33530 11
33531 11
33532 11
33533 11
33534 12
33535 12
33536 12
33537 13
33538 13
33539 13
33540 13
33541 13
33542 14
33543 14
33544 14
33545 14
33546 15
33547 15
33548 15
33549 15
33550 15
33551 16
33552 16
33553 16
33554 16
33555 16
33556 16
33557 17
33558 17
33559 17
33560 17
33561 17
33562 17
33563 17
33564 17
33565 17
33566 17
33567 17
33568 17
33569 17
33570 17
33571 17
33572 17
33573 17
33574 17
33575 17
33576 17
33577 17
33578 17
33579 17
33580 17
33581 16
33582 16
33583 16
33584 16
33585 16
33586 15
33587 15
33588 15
33589 15
33590 14
33591 14
33592 14
33593 14
33594 13
33595 13
33596 13
33597 12
33598 12
33599 12
33600 12
33601 11
33602 11
33603 11
33604 11
33605 10
33606 10
33607 10
33608 9
33609 9
33610 9
33611 9
33612 9
33613 8
33614 8
33615 8
33616 8
33617 8
33618 8
33619 8
33620 8
33621 8
33622 8
33623 8
33624 8
33625 8
33626 8
33627 8
33628 9
33629 9
33630 9
33631 9
33632 10
33633 10
33634 10
33635 11
33636 11
33637 11
33638 11
33639 12
33640 12
33641 13
33642 13
33643 13
33644 14
33645 14
33646 14
33647 15
33648 15
33649 15
33650 16
33651 16
33652 17
33653 17
33654 17
33655 18
33656 18
33657 18
33658 19
33659 19
33660 19
33661 19
33662 20
33663 20
33664 20
33665 21
33666 21
33667 21
33668 22
33669 22
33670 22
33671 22
33672 23
33673 23
33674 23
33675 23
33676 23
33677 24
33678 24
33679 24
33680 24
33681 25
33682 25
33683 25
33684 25
33685 25
33686 25
33687 26
33688 26
33689 26
33690 26
33691 26
33692 26
33693 26
33694 27
33695 27
33696 27
33697 27
33698 27
33699 27
33700 27
33701 27
33702 27
33703 27
33704 27
33705 28
33706 28
33707 28
33708 28
33709 28
33710 28
33711 28
33712 28
33713 28
33714 28
33715 28
33716 28
33717 28
33718 28
33719 28
33720 28
33721 28
33722 28
33723 27
33724 27
33725 27
33726 27
33727 27
33728 27
33729 27
33730 27
33731 27
33732 27
33733 27
33734 26
33735 26
33736 26
33737 26
33738 26
33739 26
33740 26
33741 25
33742 25
33743 25
33744 25
33745 25
33746 24
33747 24
33748 24
33749 24
33750 24
33751 24
33752 23
33753 23
33754 23
33755 23
33756 22
33757 22
33758 22
33759 22
33760 22
33761 21
33762 21
33763 21
33764 21
33765 21
33766 20
33767 20
33768 20
33769 20
33770 19
33771 19
33772 19
33773 19
33774 19
33775 18
33776 18
33777 18
33778 18
33779 18
33780 17
33781 17
33782 17
33783 17
33784 17
33785 16
33786 16
33787 16
33788 16
33789 16
33790 15
33791 15
33792 15
33793 15
33794 15
33795 15
33796 14
33797 14
33798 14
33799 14
33800 14
33801 14
33802 14
33803 13
33804 13
33805 13
33806 13
33807 13
33808 13
33809 13
33810 12
33811 12
33812 12
33813 12
33814 12
33815 12
33816 12
33817 12
33818 11
33819 11
33820 11
33821 11
33822 11
33823 11
33824 11
33825 11
33826 11
33827 11
33828 11
33829 11
33830 11
33831 11
33832 11
33833 11
33834 10
33835 10
33836 10
33837 10
33838 10
33839 10
33840 10
33841 10
33842 10
33843 10
33844 10
33845 10
33846 10
33847 10
33848 10
33849 10
33850 10
33851 10
33852 10
33853 10
33854 10
33855 10
33856 10
33857 10
33858 10
33859 10
33860 10
33861 10
33862 10
33863 10
33864 10
33865 10
33866 10
33867 10
33868 10
33869 10
33870 11
33871 11
33872 11
33873 11
33874 11
33875 11
33876 11
33877 11
33878 11
33879 11
33880 11
33881 11
33882 11
33883 11
33884 11
33885 11
33886 11
33887 11
33888 11
33889 11
33890 11
33891 11
33892 11
33893 11
33894 11
33895 11
33896 11
33897 11
33898 11
33899 11
33900 11
33901 11
33902 11
33903 11
33904 11
33905 11
33906 11
33907 11
33908 11
33909 11
33910 11
33911 11
33912 11
33913 11
33914 11
33915 11
33916 11
33917 11
33918 11
33919 11
33920 11
33921 11
33922 11
33923 11
33924 11
33925 11
33926 11
33927 11
33928 11
33929 11
33930 11
33931 11
33932 11
33933 10
33934 10
33935 10
33936 10
33937 10
33938 10
33939 10
33940 10
33941 10
33942 10
33943 10
33944 9
33945 9
33946 9
33947 9
33948 9
33949 9
33950 9
33951 9
33952 9
33953 8
33954 8
33955 8
33956 8
33957 8
33958 8
33959 8
33960 8
33961 8
33962 8
33963 8
33964 8
33965 8
33966 8
33967 8
33968 8
33969 7
33970 7
33971 7
33972 7
33973 7
33974 7
33975 7
33976 7
33977 7
33978 7
33979 7
33980 7
33981 8
33982 8
33983 8
33984 8
33985 8
33986 8
33987 8
33988 8
33989 8
33990 8
33991 9
33992 9
33993 9
33994 9
33995 9
33996 9
33997 10
33998 10
33999 10
34000 10
34001 10
34002 11
34003 11
34004 11
34005 12
34006 12
34007 12
34008 12
34009 12
34010 13
34011 13
34012 13
34013 13
34014 13
34015 13
34016 14
34017 14
34018 14
34019 14
34020 14
34021 14
34022 15
34023 15
34024 15
34025 15
34026 15
34027 15
34028 15
34029 16
34030 16
34031 16
34032 16
34033 16
34034 16
34035 16
34036 16
34037 17
34038 17
34039 17
34040 17
34041 17
34042 17
34043 17
34044 17
34045 17
34046 17
34047 18
34048 18
34049 18
34050 18
34051 18
34052 18
34053 18
34054 18
34055 18
34056 19
34057 19
34058 19
34059 19
34060 19
34061 19
34062 19
34063 19
34064 19
34065 19
34066 19
34067 19
34068 19
34069 19
34070 19
34071 19
34072 19
34073 19
34074 19
34075 19
34076 19
34077 19
34078 19
34079 19
34080 19
34081 19
34082 19
34083 19
34084 19
34085 19
34086 19
34087 19
34088 19
34089 19
34090 19
34091 19
34092 20
34093 20
34094 20
34095 20
34096 20
34097 20
34098 20
34099 20
34100 20
34101 20
34102 20
34103 20
34104 20
34105 20
34106 20
34107 20
34108 20
34109 20
34110 20
34111 20
34112 20
34113 20
34114 20
34115 20
34116 21
34117 21
34118 21
34119 21
34120 21
34121 21
34122 21
34123 21
34124 21
34125 21
34126 21
34127 21
34128 21
34129 21
34130 21
34131 21
34132 21
34133 21
34134 21
34135 22
34136 22
34137 22
34138 22
34139 22
34140 22
34141 22
34142 22
34143 22
34144 22
34145 22
34146 22
34147 22
34148 22
34149 22
34150 22
34151 22
34152 22
34153 22
34154 22
34155 22
34156 22
34157 22
34158 22
34159 22
34160 22
34161 22
34162 22
34163 22
34164 23
34165 23
34166 23
34167 23
34168 23
34169 23
34170 23
34171 23
34172 23
34173 23
34174 23
34175 23
34176 22
34177 22
34178 22
34179 22
34180 22
34181 22
34182 22
34183 22
34184 22
34185 22
34186 22
34187 22
34188 22
34189 22
34190 22
34191 22
34192 22
34193 22
34194 22
34195 22
34196 22
34197 21
34198 21
34199 21
34200 21
34201 21
34202 21
34203 21
34204 20
34205 20
34206 20
34207 20
34208 20
34209 20
34210 19
34211 19
34212 19
34213 19
34214 19
34215 18
34216 18
34217 18
34218 18
34219 17
34220 17
34221 17
34222 17
34223 16
34224 16
34225 16
34226 16
34227 15
34228 15
34229 15
34230 14
34231 14
34232 14
34233 13
34234 13
34235 13
34236 12
34237 12
34238 12
34239 11
34240 11
34241 11
34242 10
34243 10
34244 10
34245 10
34246 9
34247 9
34248 9
34249 8
34250 8
34251 8
34252 7
34253 7
34254 7
34255 6
34256 6
34257 6
34258 5
34259 5
34260 5
34261 5
34262 5
34263 5
34264 5
34265 5
34266 5
34267 5
34268 5
34269 5
34270 6
34271 6
34272 6
34273 6
34274 6
34275 7
34276 7
34277 7
34278 8
34279 8
34280 8
34281 9
34282 9
34283 9
34284 10
34285 10
34286 10
34287 11
34288 11
34289 11
34290 11
34291 12
34292 12
34293 12
34294 13
34295 13
34296 13
34297 14
34298 14
34299 14
34300 14
34301 14
34302 15
34303 15
34304 15
34305 15
34306 15
34307 15
34308 16
34309 16
34310 16
34311 16
34312 16
34313 16
34314 16
34315 16
34316 16
34317 16
34318 16
34319 16
34320 16
34321 16
34322 16
34323 16
34324 16
34325 16
34326 16
34327 16
34328 16
34329 15
34330 15
34331 15
34332 15
34333 15
34334 15
34335 14
34336 14
34337 14
34338 14
34339 14
34340 14
34341 14
34342 13
34343 13
34344 13
34345 13
34346 13
34347 13
34348 13
34349 13
34350 13
34351 12
34352 12
34353 12
34354 12
34355 12
34356 12
34357 12
34358 12
34359 12
34360 12
34361 13
34362 13
34363 13
34364 13
34365 13
34366 13
34367 14
34368 14
34369 14
34370 14
34371 14
34372 15
34373 15
34374 15
34375 16
34376 16
34377 16
34378 17
34379 17
34380 17
34381 17
34382 18
34383 18
34384 18
34385 19
34386 19
34387 20
34388 20
34389 20
34390 21
34391 21
34392 21
34393 21
34394 22
34395 22
34396 22
34397 23
34398 23
34399 23
34400 24
34401 24
34402 24
34403 25
34404 25
34405 25
34406 25
34407 26
34408 26
34409 26
34410 26
34411 27
34412 27
34413 27
34414 27
34415 28
34416 28
34417 28
34418 28
34419 28
34420 29
34421 29
34422 29
34423 29
34424 29
34425 29
34426 30
34427 30
34428 30
34429 30
34430 30
34431 30
34432 30
34433 30
34434 30
34435 31
34436 31
34437 31
34438 31
34439 31
34440 31
34441 31
34442 31
34443 31
34444 31
34445 31
34446 31
34447 31
34448 31
34449 31
34450 31
34451 31
34452 31
34453 31
34454 31
34455 31
34456 31
34457 31
34458 30
34459 30
34460 30
34461 30
34462 30
34463 30
34464 30
34465 30
34466 29
34467 29
34468 29
34469 29
34470 29
34471 29
34472 28
34473 28
34474 28
34475 28
34476 28
34477 27
34478 27
34479 27
34480 27
34481 26
34482 26
34483 26
34484 26
34485 26
34486 25
34487 25
34488 25
34489 24
34490 24
34491 24
34492 23
34493 23
34494 23
34495 22
34496 22
34497 22
34498 22
34499 21
34500 21
34501 21
34502 20
34503 20
34504 20
34505 19
34506 19
34507 19
34508 18
34509 18
34510 18
34511 17
34512 17
34513 17
34514 16
34515 16
34516 16
34517 15
34518 15
34519 15
34520 14
34521 14
34522 14
34523 13
34524 13
34525 13
34526 13
34527 12
34528 12
34529 12
34530 12
34531 11
34532 11
34533 11
34534 11
34535 11
34536 10
34537 10
34538 10
34539 10
34540 10
34541 9
34542 9
34543 9
34544 9
34545 9
34546 9
34547 9
34548 9
34549 9
34550 9
34551 9
34552 9
34553 9
34554 10
34555 10
34556 10
34557 10
34558 10
34559 10
34560 10
34561 10
34562 10
34563 10
34564 10
34565 10
34566 10
34567 10
34568 10
34569 10
34570 10
34571 11
34572 11
34573 11
34574 11
34575 11
34576 11
34577 11
34578 11
34579 11
34580 11
34581 11
34582 11
34583 11
34584 11
34585 11
34586 11
34587 11
34588 11
34589 11
34590 11
34591 11
34592 11
34593 10
34594 10
34595 10
34596 10
34597 10
34598 10
34599 10
34600 10
34601 10
34602 10
34603 10
34604 10
34605 10
34606 10
34607 10
34608 10
34609 10
34610 10
34611 10
34612 10
34613 10
34614 10
34615 10
34616 11
34617 11
34618 11
34619 11
34620 11
34621 11
34622 11
34623 11
34624 12
34625 12
34626 12
34627 12
34628 12
34629 12
34630 13
34631 13
34632 13
34633 13
34634 14
34635 14
34636 14
34637 14
34638 15
34639 15
34640 15
34641 15
34642 16
34643 16
34644 16
34645 16
34646 17
34647 17
34648 17
34649 17
34650 18
34651 18
34652 18
34653 18
34654 19
34655 19
34656 19
34657 19
34658 20
34659 20
34660 20
34661 20
34662 21
34663 21
34664 21
34665 21
34666 21
34667 22
34668 22
34669 22
34670 22
34671 22
34672 23
34673 23
34674 23
34675 23
34676 23
34677 24
34678 24
34679 24
34680 24
34681 24
34682 24
34683 24
34684 25
34685 25
34686 25
34687 25
34688 25
34689 25
34690 25
34691 26
34692 26
34693 26
34694 26
34695 26
34696 26
34697 26
34698 26
34699 26
34700 27
34701 27
34702 27
34703 27
34704 27
34705 27
34706 27
34707 27
34708 27
34709 27
34710 28
34711 28
34712 28
34713 28
34714 28
34715 28
34716 28
34717 28
34718 28
34719 28
34720 28
34721 28
34722 28
34723 28
34724 28
34725 28
34726 28
34727 28
34728 28
34729 28
34730 28
34731 28
34732 28
34733 27
34734 27
34735 27
34736 27
34737 27
34738 27
34739 27
34740 27
34741 27
34742 26
34743 26
34744 26
34745 26
34746 26
34747 26
34748 25
34749 25
34750 25
34751 25
34752 25
34753 24
34754 24
34755 24
34756 24
34757 24
34758 23
34759 23
34760 23
34761 23
34762 23
34763 22
34764 22
34765 22
34766 22
34767 21
34768 21
34769 21
34770 20
34771 20
34772 20
34773 19
34774 19
34775 19
34776 19
34777 18
34778 18
34779 18
34780 17
34781 17
34782 17
34783 16
34784 16
34785 16
34786 15
34787 15
34788 15
34789 15
34790 14
34791 14
34792 14
34793 13
34794 13
34795 13
34796 13
34797 12
34798 12
34799 12
34800 11
34801 11
34802 11
34803 11
34804 10
34805 10
34806 10
34807 10
34808 10
34809 10
34810 10
34811 10
34812 10
34813 9
34814 9
34815 9
34816 9
34817 9
34818 9
34819 9
34820 9
34821 9
34822 10
34823 10
34824 10
34825 10
34826 10
34827 10
34828 10
34829 10
34830 10
34831 10
34832 11
34833 11
34834 11
34835 11
34836 11
34837 12
34838 12
34839 12
34840 12
34841 12
34842 13
34843 13
34844 13
34845 13
34846 13
34847 13
34848 13
34849 14
34850 14
34851 14
34852 14
34853 14
34854 14
34855 14
34856 14
34857 15
34858 15
34859 15
34860 15
34861 15
34862 15
34863 15
34864 15
34865 15
34866 15
34867 15
34868 15
34869 15
34870 15
34871 16
34872 16
34873 16
34874 16
34875 15
34876 15
34877 15
34878 15
34879 15
34880 15
34881 15
34882 15
34883 15
34884 15
34885 15
34886 15
34887 15
34888 15
34889 15
34890 15
34891 15
34892 15
34893 15
34894 15
34895 15
34896 14
34897 14
34898 14
34899 14
34900 14
34901 14
34902 14
34903 14
34904 14
34905 14
34906 14
34907 13
34908 13
34909 13
34910 13
34911 13
34912 13
34913 13
34914 13
34915 13
34916 13
34917 13
34918 13
34919 13
34920 13
34921 13
34922 13
34923 13
34924 13
34925 13
34926 13
34927 13
34928 13
34929 13
34930 13
34931 13
34932 13
34933 13
34934 13
34935 13
34936 13
34937 13
34938 13
34939 13
34940 13
34941 13
34942 13
34943 13
34944 13
34945 13
34946 13
34947 13
34948 13
34949 13
34950 12
34951 12
34952 12
34953 12
34954 12
34955 12
34956 12
34957 12
34958 12
34959 12
34960 12
34961 12
34962 12
34963 12
34964 12
34965 12
34966 12
34967 12
34968 12
34969 12
34970 12
34971 12
34972 12
34973 12
34974 12
34975 11
34976 11
34977 11
34978 11
34979 11
34980 11
34981 11
34982 11
34983 11
34984 11
34985 11
34986 10
34987 10
34988 10
34989 10
34990 10
34991 10
34992 10
34993 10
34994 10
34995 9
34996 9
34997 9
34998 9
34999 9
35000 9
35001 9
35002 9
35003 8
35004 8
35005 8
35006 8
35007 7
35008 7
35009 7
35010 7
35011 7
35012 7
35013 7
35014 6
35015 6
35016 6
35017 6
35018 6
35019 6
35020 6
35021 6
35022 6
35023 5
35024 5
35025 5
35026 5
35027 5
35028 5
35029 5
35030 5
35031 5
35032 5
35033 5
35034 5
35035 5
35036 5
35037 5
35038 5
35039 5
35040 5
35041 5
35042 5
35043 5
35044 5
35045 5
35046 5
35047 5
35048 6
35049 6
35050 6
35051 6
35052 6
35053 6
35054 6
35055 7
35056 7
35057 7
35058 7
35059 7
35060 7
35061 7
35062 8
35063 8
35064 8
35065 8
35066 8
35067 9
35068 9
35069 9
35070 9
35071 9
35072 9
35073 10
35074 10
35075 10
35076 10
35077 10
35078 11
35079 11
35080 11
35081 11
35082 11
35083 12
35084 12
35085 12
35086 12
35087 12
35088 12
35089 13
35090 13
35091 13
35092 13
35093 13
35094 13
35095 13
35096 14
35097 14
35098 14
35099 14
35100 14
35101 14
35102 14
35103 14
35104 14
35105 15
35106 15
35107 15
35108 15
35109 15
35110 15
35111 15
35112 15
35113 15
35114 15
35115 16
35116 16
35117 16
35118 16
35119 16
35120 16
35121 16
35122 16
35123 16
35124 16
35125 16
35126 16
35127 17
35128 17
35129 17
35130 17
35131 17
35132 17
35133 17
35134 17
35135 17
35136 17
35137 17
35138 17
35139 17
35140 17
35141 17
35142 17
35143 17
35144 17
35145 17
35146 17
35147 17
35148 17
35149 17
35150 17
35151 17
35152 17
35153 17
35154 17
35155 17
35156 17
35157 17
35158 17
35159 17
35160 17
35161 17
35162 17
35163 17
35164 17
35165 17
35166 17
35167 17
35168 17
35169 17
35170 17
35171 17
35172 17
35173 17
35174 17
35175 17
35176 17
35177 17
35178 17
35179 17
35180 17
35181 17
35182 17
35183 17
35184 17
35185 17
35186 16
35187 16
35188 16
35189 16
35190 16
35191 16
35192 16
35193 16
35194 16
35195 16
35196 16
35197 16
35198 16
35199 16
35200 15
35201 15
35202 15
35203 15
35204 15
35205 15
35206 15
35207 15
35208 15
35209 15
35210 15
35211 15
35212 15
35213 15
35214 15
35215 15
35216 15
35217 15
35218 15
35219 15
35220 15
35221 15
35222 15
35223 15
35224 15
35225 15
35226 14
35227 14
35228 15
35229 15
35230 15
35231 15
35232 15
35233 15
35234 15
35235 15
35236 15
35237 15
35238 15
35239 15
35240 15
35241 15
35242 15
35243 15
35244 16
35245 16
35246 16
35247 16
35248 16
35249 16
35250 16
35251 16
35252 16
35253 16
35254 16
35255 17
35256 17
35257 17
35258 17
35259 17
35260 17
35261 17
35262 17
35263 17
35264 17
35265 17
35266 18
35267 18
35268 18
35269 18
35270 18
35271 18
35272 18
35273 18
35274 18
35275 18
35276 18
35277 18
35278 18
35279 18
35280 18
35281 18
35282 18
35283 18
35284 18
35285 18
35286 18
35287 18
35288 18
35289 18
35290 18
35291 18
35292 18
35293 18
35294 18
35295 19
35296 19
35297 19
35298 19
35299 19
35300 19
35301 19
35302 19
35303 19
35304 19
35305 19
35306 19
35307 19
35308 19
35309 19
35310 19
35311 19
35312 19
35313 19
35314 19
35315 19
35316 19
35317 19
35318 19
35319 19
35320 19
35321 19
35322 19
35323 19
35324 19
35325 19
35326 19
35327 19
35328 19
35329 19
35330 19
35331 19
35332 19
35333 19
35334 19
35335 19
35336 19
35337 20
35338 20
35339 20
35340 20
35341 20
35342 20
35343 20
35344 20
35345 20
35346 20
35347 20
35348 20
35349 20
35350 20
35351 20
35352 20
35353 20
35354 20
35355 20
35356 20
35357 21
35358 21
35359 21
35360 21
35361 21
35362 21
35363 21
35364 21
35365 21
35366 21
35367 21
35368 21
35369 21
35370 22
35371 22
35372 22
35373 22
35374 22
35375 22
35376 22
35377 22
35378 22
35379 22
35380 22
35381 22
35382 22
35383 23
35384 23
35385 23
35386 23
35387 23
35388 23
35389 23
35390 23
35391 23
35392 23
35393 23
35394 23
35395 23
35396 23
35397 23
35398 23
35399 23
35400 23
35401 24
35402 24
35403 24
35404 24
35405 24
35406 24
35407 24
35408 24
35409 24
35410 24
35411 24
35412 24
35413 24
35414 24
35415 24
35416 24
35417 23
35418 23
35419 23
35420 23
35421 23
35422 23
35423 23
35424 23
35425 23
35426 23
35427 23
35428 23
35429 23
35430 23
35431 23
35432 23
35433 23
35434 22
35435 22
35436 22
35437 22
35438 22
35439 22
35440 22
35441 22
35442 22
35443 21
35444 21
35445 21
35446 21
35447 21
35448 21
35449 20
35450 20
35451 20
35452 20
35453 20
35454 20
35455 19
35456 19
35457 19
35458 19
35459 19
35460 18
35461 18
35462 18
35463 18
35464 18
35465 17
35466 17
35467 17
35468 17
35469 16
35470 16
35471 16
35472 16
35473 15
35474 15
35475 15
35476 14
35477 14
35478 14
35479 13
35480 13
35481 13
35482 12
35483 12
35484 12
35485 11
35486 11
35487 11
35488 10
35489 10
35490 10
35491 10
35492 9
35493 9
35494 9
35495 8
35496 8
35497 8
35498 7
35499 7
35500 7
35501 6
35502 6
35503 6
35504 5
35505 5
35506 5
35507 4
35508 4
35509 4
35510 4
35511 3
35512 3
35513 3
35514 3
35515 3
35516 3
35517 3
35518 3
35519 3
35520 3
35521 3
35522 3
35523 4
35524 4
35525 4
35526 4
35527 4
35528 5
35529 5
35530 5
35531 5
35532 6
35533 6
35534 6
35535 6
35536 7
35537 7
35538 7
35539 7
35540 7
35541 7
35542 8
35543 8
35544 8
35545 8
35546 8
35547 8
35548 8
35549 8
35550 8
35551 8
35552 8
35553 8
35554 9
35555 9
35556 9
35557 9
35558 9
35559 9
35560 9
35561 9
35562 9
35563 9
35564 9
35565 9
35566 9
35567 8
35568 8
35569 8
35570 8
35571 8
35572 8
35573 8
35574 8
35575 8
35576 8
35577 8
35578 7
35579 7
35580 7
35581 7
35582 7
35583 7
35584 7
35585 6
35586 6
35587 6
35588 6
35589 6
35590 6
35591 6
35592 5
35593 5
35594 5
35595 5
35596 5
35597 5
35598 5
35599 5
35600 4
35601 4
35602 4
35603 4
35604 4
35605 4
35606 4
35607 4
35608 4
35609 4
35610 4
35611 4
35612 4
35613 4
35614 4
35615 5
35616 5
35617 5
35618 5
35619 5
35620 5
35621 6
35622 6
35623 6
35624 6
35625 6
35626 7
35627 7
35628 7
35629 7
35630 8
35631 8
35632 8
35633 8
35634 9
35635 9
35636 9
35637 10
35638 10
35639 10
35640 10
35641 11
35642 11
35643 11
35644 11
35645 12
35646 12
35647 12
35648 12
35649 12
35650 13
35651 13
35652 13
35653 13
35654 14
35655 14
35656 14
35657 14
35658 15
35659 15
35660 15
35661 16
35662 16
35663 16
35664 16
35665 16
35666 17
35667 17
35668 17
35669 17
35670 17
35671 18
35672 18
35673 18
35674 18
35675 18
35676 18
35677 18
35678 18
35679 19
35680 19
35681 19
35682 19
35683 19
35684 19
35685 19
35686 19
35687 20
35688 20
35689 20
35690 20
35691 20
35692 20
35693 20
35694 20
35695 20
35696 20
35697 20
35698 20
35699 20
35700 20
35701 20
35702 20
35703 21
35704 21
35705 21
35706 21
35707 21
35708 21
35709 21
35710 21
35711 21
35712 21
35713 21
35714 21
35715 21
35716 21
35717 21
35718 21
35719 21
35720 21
35721 21
35722 21
35723 21
35724 21
35725 21
35726 21
35727 21
35728 21
35729 21
35730 21
35731 21
35732 21
35733 21
35734 21
35735 21
35736 21
35737 21
35738 21
35739 21
35740 21
35741 21
35742 21
35743 21
35744 21
35745 21
35746 21
35747 21
35748 21
35749 21
35750 20
35751 20
35752 20
35753 20
35754 20
35755 20
35756 20
35757 20
35758 20
35759 20
35760 20
35761 20
35762 20
35763 20
35764 20
35765 20
35766 19
35767 19
35768 19
35769 19
35770 19
35771 19
35772 19
35773 19
35774 19
35775 19
35776 19
35777 18
35778 18
35779 18
35780 18
35781 18
35782 18
35783 18
35784 18
35785 18
35786 17
35787 17
35788 17
35789 17
35790 17
35791 17
35792 17
35793 17
35794 16
35795 16
35796 16
35797 16
35798 16
35799 16
35800 16
35801 16
35802 16
35803 15
35804 15
35805 15
35806 15
35807 15
35808 15
35809 15
35810 15
35811 15
35812 15
35813 14
35814 14
35815 14
35816 14
35817 14
35818 14
35819 14
35820 14
35821 14
35822 13
35823 13
35824 13
35825 13
35826 13
35827 13
35828 13
35829 13
35830 13
35831 13
35832 13
35833 13
35834 12
35835 12
35836 12
35837 12
35838 12
35839 12
35840 12
35841 12
35842 12
35843 11
35844 11
35845 11
35846 11
35847 11
35848 11
35849 11
35850 11
35851 11
35852 11
35853 11
35854 10
35855 10
35856 10
35857 10
35858 10
35859 10
35860 9
35861 9
35862 9
35863 9
35864 9
35865 9
35866 9
35867 9
35868 8
35869 8
35870 8
35871 8
35872 8
35873 8
35874 8
35875 7
35876 7
35877 7
35878 7
35879 7
35880 7
35881 7
35882 7
35883 6
35884 6
35885 6
35886 6
35887 6
35888 6
35889 5
35890 5
35891 5
35892 5
35893 5
35894 4
35895 4
35896 4
35897 4
35898 4
35899 4
35900 4
35901 3
35902 3
35903 3
35904 3
35905 3
35906 3
35907 3
35908 3
35909 3
35910 3
35911 3
35912 3
35913 4
35914 4
35915 4
35916 4
35917 4
35918 5
35919 5
35920 5
35921 5
35922 6
35923 6
35924 6
35925 6
35926 7
35927 7
35928 7
35929 7
35930 8
35931 8
35932 8
35933 8
35934 9
35935 9
35936 9
35937 10
35938 10
35939 10
35940 10
35941 10
35942 10
35943 11
35944 11
35945 11
35946 11
35947 12
35948 12
35949 12
35950 12
35951 13
35952 13
35953 13
35954 13
35955 13
35956 14
35957 14
35958 14
35959 14
35960 14
35961 14
35962 14
35963 15
35964 15
35965 15
35966 15
35967 15
35968 15
35969 15
35970 15
35971 15
35972 15
35973 15
35974 15
35975 15
35976 15
35977 15
35978 15
35979 15
35980 15
35981 15
35982 15
35983 15
35984 15
35985 15
35986 15
35987 15
35988 15
35989 14
35990 14
35991 14
35992 14
35993 14
35994 14
35995 14
35996 14
35997 13
35998 13
35999 13
36000 13
36001 13
36002 13
36003 12
36004 12
36005 12
36006 12
36007 12
36008 12
36009 11
36010 11
36011 11
36012 11
36013 11
36014 10
36015 10
36016 10
36017 10
36018 10
36019 10
36020 9
36021 9
36022 9
36023 9
36024 9
36025 8
36026 8
36027 8
36028 8
36029 8
36030 8
36031 8
36032 8
36033 8
36034 8
36035 8
36036 8
36037 8
36038 8
36039 8
36040 8
36041 9
36042 9
36043 9
36044 9
36045 9
36046 9
36047 9
36048 10
36049 10
36050 10
36051 10
36052 10
36053 11
36054 11
36055 11
36056 11
36057 12
36058 12
36059 12
36060 13
36061 13
36062 13
36063 13
36064 14
36065 14
36066 14
36067 15
36068 15
36069 15
36070 16
36071 16
36072 16
36073 16
36074 17
36075 17
36076 17
36077 18
36078 18
36079 18
36080 19
36081 19
36082 19
36083 20
36084 20
36085 20
36086 20
36087 21
36088 21
36089 21
36090 22
36091 22
36092 22
36093 22
36094 23
36095 23
36096 23
36097 23
36098 23
36099 24
36100 24
36101 24
36102 24
36103 25
36104 25
36105 25
36106 25
36107 25
36108 25
36109 26
36110 26
36111 26
36112 26
36113 26
36114 26
36115 26
36116 26
36117 26
36118 27
36119 27
36120 27
36121 27
36122 27
36123 27
36124 27
36125 27
36126 27
36127 27
36128 27
36129 27
36130 27
36131 27
36132 27
36133 27
36134 27
36135 27
36136 27
36137 26
36138 26
36139 26
36140 26
36141 26
36142 26
36143 26
36144 26
36145 25
36146 25
36147 25
36148 25
36149 25
36150 24
36151 24
36152 24
36153 24
36154 24
36155 23
36156 23
36157 23
36158 23
36159 22
36160 22
36161 22
36162 22
36163 21
36164 21
36165 21
36166 20
36167 20
36168 20
36169 20
36170 19
36171 19
36172 19
36173 18
36174 18
36175 18
36176 17
36177 17
36178 17
36179 17
36180 16
36181 16
36182 16
36183 16
36184 15
36185 15
36186 15
36187 15
36188 14
36189 14
36190 14
36191 14
36192 14
36193 13
36194 13
36195 13
36196 13
36197 13
36198 12
36199 12
36200 12
36201 12
36202 12
36203 12
36204 12
36205 12
36206 12
36207 12
36208 12
36209 12
36210 12
36211 12
36212 12
36213 12
36214 12
36215 12
36216 12
36217 12
36218 12
36219 12
36220 12
36221 13
36222 13
36223 13
36224 13
36225 13
36226 13
36227 13
36228 13
36229 13
36230 13
36231 13
36232 13
36233 13
36234 13
36235 13
36236 13
36237 13
36238 13
36239 13
36240 13
36241 13
36242 13
36243 13
36244 13
36245 13
36246 13
36247 13
36248 13
36249 13
36250 13
36251 13
36252 12
36253 12
36254 12
36255 12
36256 12
36257 12
36258 12
36259 12
36260 12
36261 12
36262 12
36263 11
36264 11
36265 11
36266 11
36267 11
36268 11
36269 11
36270 10
36271 10
36272 10
36273 10
36274 10
36275 10
36276 10
36277 10
36278 10
36279 9
36280 9
36281 9
36282 9
36283 9
36284 9
36285 9
36286 9
36287 9
36288 9
36289 9
36290 9
36291 9
36292 9
36293 9
36294 9
36295 9
36296 8
36297 8
36298 8
36299 8
36300 8
36301 8
36302 8
36303 8
36304 9
36305 9
36306 9
36307 9
36308 9
36309 9
36310 9
36311 9
36312 9
36313 9
36314 9
36315 9
36316 9
36317 9
36318 9
36319 9
36320 10
36321 10
36322 10
36323 10
36324 10
36325 10
36326 10
36327 10
36328 10
36329 10
36330 10
36331 10
36332 10
36333 10
36334 10
36335 10
36336 10
36337 10
36338 10
36339 10
36340 10
36341 11
36342 11
36343 11
36344 11
36345 11
36346 11
36347 11
36348 11
36349 11
36350 11
36351 11
36352 10
36353 10
36354 10
36355 10
36356 10
36357 10
36358 10
36359 10
36360 10
36361 10
36362 10
36363 10
36364 10
36365 10
36366 10
36367 10
36368 10
36369 10
36370 10
36371 10
36372 10
36373 10
36374 10
36375 10
36376 9
36377 9
36378 9
36379 9
36380 9
36381 9
36382 9
36383 9
36384 9
36385 9
36386 9
36387 9
36388 9
36389 9
36390 9
36391 9
36392 9
36393 9
36394 9
36395 9
36396 9
36397 9
36398 9
36399 9
36400 9
36401 9
36402 9
36403 9
36404 9
36405 9
36406 9
36407 9
36408 9
36409 9
36410 9
36411 10
36412 10
36413 10
36414 10
36415 10
36416 10
36417 10
36418 10
36419 10
36420 10
36421 10
36422 10
36423 10
36424 10
36425 10
36426 11
36427 11
36428 11
36429 11
36430 11
36431 11
36432 11
36433 11
36434 11
36435 11
36436 11
36437 11
36438 11
36439 11
36440 11
36441 11
36442 11
36443 11
36444 11
36445 11
36446 11
36447 11
36448 12
36449 12
36450 12
36451 12
36452 12
36453 12
36454 12
36455 12
36456 12
36457 12
36458 12
36459 12
36460 12
36461 12
36462 12
36463 12
36464 12
36465 12
36466 12
36467 12
36468 12
36469 12
36470 12
36471 12
36472 13
36473 13
36474 13
36475 13
36476 13
36477 13
36478 13
36479 14
36480 14
36481 14
36482 14
36483 14
36484 14
36485 15
36486 15
36487 15
36488 15
36489 15
36490 16
36491 16
36492 16
36493 16
36494 16
36495 17
36496 17
36497 17
36498 17
36499 18
36500 18
36501 18
36502 18
36503 19
36504 19
36505 19
36506 19
36507 20
36508 20
36509 20
36510 20
36511 21
36512 21
36513 21
36514 21
36515 22
36516 22
36517 22
36518 22
36519 22
36520 23
36521 23
36522 23
36523 23
36524 24
36525 24
36526 24
36527 24
36528 25
36529 25
36530 25
36531 25
36532 25
36533 26
36534 26
36535 26
36536 26
36537 26
36538 27
36539 27
36540 27
36541 27
36542 27
36543 27
36544 28
36545 28
36546 28
36547 28
36548 28
36549 28
36550 28
36551 29
36552 29
36553 29
36554 29
36555 29
36556 29
36557 29
36558 29
36559 29
36560 30
36561 30
36562 30
36563 30
36564 30
36565 30
36566 30
36567 31
36568 31
36569 31
36570 31
36571 31
36572 31
36573 31
36574 31
36575 31
36576 31
36577 31
36578 31
36579 31
36580 31
36581 31
36582 31
36583 31
36584 31
36585 31
36586 31
36587 31
36588 31
36589 31
36590 31
36591 30
36592 30
36593 30
36594 30
36595 30
36596 30
36597 30
36598 30
36599 30
36600 29
36601 29
36602 29
36603 29
36604 29
36605 29
36606 29
36607 29
36608 28
36609 28
36610 28
36611 28
36612 28
36613 28
36614 27
36615 27
36616 27
36617 27
36618 27
36619 27
36620 26
36621 26
36622 26
36623 26
36624 26
36625 25
36626 25
36627 25
36628 25
36629 25
36630 24
36631 24
36632 24
36633 24
36634 23
36635 23
36636 23
36637 23
36638 23
36639 22
36640 22
36641 22
36642 22
36643 22
36644 21
36645 21
36646 21
36647 21
36648 21
36649 20
36650 20
36651 20
36652 20
36653 20
36654 19
36655 19
36656 19
36657 19
36658 19
36659 19
36660 18
36661 18
36662 18
36663 18
36664 18
36665 17
36666 17
36667 17
36668 17
36669 17
36670 16
36671 16
36672 16
36673 16
36674 16
36675 16
36676 15
36677 15
36678 15
36679 15
36680 15
36681 15
36682 15
36683 14
36684 14
36685 14
36686 14
36687 14
36688 14
36689 14
36690 14
36691 14
36692 14
36693 14
36694 13
36695 13
36696 13
36697 13
36698 13
36699 13
36700 13
36701 13
36702 13
36703 13
36704 13
36705 13
36706 13
36707 13
36708 13
36709 13
36710 13
36711 13
36712 13
36713 13
36714 13
36715 13
36716 13
36717 13
36718 13
36719 14
36720 14
36721 14
36722 14
36723 14
36724 14
36725 14
36726 14
36727 14
36728 14
36729 14
36730 14
36731 14
36732 14
36733 14
36734 14
36735 15
36736 15
36737 15
36738 15
36739 15
36740 15
36741 15
36742 15
36743 15
36744 15
36745 15
36746 15
36747 15
36748 15
36749 15
36750 15
36751 15
36752 15
36753 15
36754 15
36755 15
36756 15
36757 15
36758 15
36759 15
36760 15
36761 15
36762 15
36763 15
36764 15
36765 15
36766 14
36767 14
36768 14
36769 14
36770 14
36771 14
36772 14
36773 14
36774 14
36775 14
36776 14
36777 13
36778 13
36779 13
36780 13
36781 13
36782 13
36783 13
36784 13
36785 13
36786 13
36787 13
36788 12
36789 12
36790 12
36791 12
36792 12
36793 12
36794 12
36795 12
36796 12
36797 12
36798 12
36799 12
36800 12
36801 12
36802 12
36803 12
36804 12
36805 12
36806 12
36807 12
36808 12
36809 12
36810 12
36811 12
36812 12
36813 12
36814 12
36815 12
36816 12
36817 12
36818 12
36819 12
36820 12
36821 12
36822 13
36823 13
36824 13
36825 13
36826 13
36827 13
36828 13
36829 14
36830 14
36831 14
36832 14
36833 14
36834 15
36835 15
36836 15
36837 15
36838 15
36839 15
36840 16
36841 16
36842 16
36843 16
36844 16
36845 16
36846 17
36847 17
36848 17
36849 17
36850 17
36851 17
36852 18
36853 18
36854 18
36855 18
36856 18
36857 18
36858 18
36859 19
36860 19
36861 19
36862 19
36863 19
36864 19
36865 19
36866 19
36867 20
36868 20
36869 20
36870 20
36871 20
36872 20
36873 20
36874 20
36875 20
36876 20
36877 20
36878 20
36879 20
36880 20
36881 20
36882 20
36883 20
36884 20
36885 20
36886 20
36887 20
36888 20
36889 20
36890 20
36891 20
36892 20
36893 20
36894 20
36895 20
36896 20
36897 20
36898 20
36899 20
36900 20
36901 20
36902 20
36903 20
36904 20
36905 20
36906 20
36907 20
36908 19
36909 19
36910 19
36911 19
36912 19
36913 19
36914 19
36915 18
36916 18
36917 18
36918 18
36919 18
36920 18
36921 17
36922 17
36923 17
36924 17
36925 17
36926 16
36927 16
36928 16
36929 16
36930 16
36931 15
36932 15
36933 15
36934 15
36935 14
36936 14
36937 14
36938 14
36939 14
36940 13
36941 13
36942 13
36943 13
36944 13
36945 12
36946 12
36947 12
36948 12
36949 12
36950 11
36951 11
36952 11
36953 11
36954 11
36955 11
36956 11
36957 11
36958 10
36959 10
36960 10
36961 10
36962 10
36963 10
36964 10
36965 10
36966 10
36967 10
36968 10
36969 10
36970 10
36971 10
36972 10
36973 10
36974 10
36975 11
36976 11
36977 11
36978 11
36979 11
36980 11
36981 12
36982 12
36983 12
36984 12
36985 12
36986 12
36987 13
36988 13
36989 13
36990 13
36991 14
36992 14
36993 14
36994 14
36995 14
36996 15
36997 15
36998 15
36999 15
37000 16
37001 16
37002 16
37003 16
37004 16
37005 17
37006 17
37007 17
37008 17
37009 17
37010 18
37011 18
37012 18
37013 18
37014 18
37015 19
37016 19
37017 19
37018 19
37019 19
37020 19
37021 19
37022 19
37023 19
37024 19
37025 20
37026 20
37027 20
37028 20
37029 20
37030 20
37031 20
37032 20
37033 20
37034 20
37035 20
37036 20
37037 20
37038 20
37039 20
37040 20
37041 20
37042 20
37043 20
37044 20
37045 20
37046 20
37047 20
37048 20
37049 19
37050 19
37051 19
37052 19
37053 19
37054 19
37055 19
37056 19
37057 19
37058 19
37059 19
37060 19
37061 19
37062 19
37063 19
37064 19
37065 19
37066 19
37067 19
37068 19
37069 19
37070 19
37071 19
37072 19
37073 19
37074 19
37075 19
37076 19
37077 19
37078 19
37079 19
37080 19
37081 19
37082 19
37083 19
37084 19
37085 19
37086 19
37087 19
37088 19
37089 19
37090 19
37091 19
37092 19
37093 19
37094 19
37095 19
37096 19
37097 19
37098 19
37099 19
37100 19
37101 19
37102 19
37103 20
37104 20
37105 20
37106 20
37107 20
37108 20
37109 20
37110 20
37111 20
37112 20
37113 20
37114 20
37115 20
37116 20
37117 20
37118 20
37119 20
37120 20
37121 20
37122 20
37123 20
37124 20
37125 20
37126 20
37127 20
37128 20
37129 20
37130 21
37131 21
37132 21
37133 21
37134 21
37135 21
37136 21
37137 21
37138 21
37139 21
37140 21
37141 21
37142 21
37143 21
37144 21
37145 21
37146 21
37147 21
37148 21
37149 21
37150 21
37151 21
37152 21
37153 21
37154 21
37155 21
37156 21
37157 21
37158 21
37159 21
37160 21
37161 21
37162 21
37163 21
37164 21
37165 21
37166 22
37167 22
37168 22
37169 22
37170 22
37171 22
37172 22
37173 22
37174 22
37175 22
37176 22
37177 22
37178 22
37179 22
37180 22
37181 22
37182 22
37183 22
37184 22
37185 22
37186 22
37187 22
37188 23
37189 23
37190 23
37191 23
37192 23
37193 23
37194 23
37195 23
37196 23
37197 23
37198 23
37199 23
37200 23
37201 23
37202 23
37203 23
37204 23
37205 23
37206 23
37207 23
37208 24
37209 24
37210 24
37211 24
37212 24
37213 24
37214 24
37215 24
37216 24
37217 24
37218 24
37219 24
37220 24
37221 24
37222 24
37223 24
37224 24
37225 24
37226 24
37227 24
37228 24
37229 24
37230 24
37231 23
37232 23
37233 23
37234 23
37235 23
37236 23
37237 23
37238 23
37239 23
37240 23
37241 23
37242 23
37243 23
37244 23
37245 23
37246 22
37247 22
37248 22
37249 22
37250 22
37251 22
37252 22
37253 22
37254 22
37255 22
37256 21
37257 21
37258 21
37259 21
37260 21
37261 21
37262 21
37263 20
37264 20
37265 20
37266 20
37267 20
37268 20
37269 20
37270 19
37271 19
37272 19
37273 19
37274 19
37275 18
37276 18
37277 18
37278 18
37279 18
37280 17
37281 17
37282 17
37283 17
37284 17
37285 16
37286 16
37287 16
37288 16
37289 15
37290 15
37291 15
37292 15
37293 14
37294 14
37295 14
37296 14
37297 13
37298 13
37299 13
37300 12
37301 12
37302 12
37303 11
37304 11
37305 11
37306 10
37307 10
37308 10
37309 10
37310 9
37311 9
37312 9
37313 9
37314 8
37315 8
37316 8
37317 7
37318 7
37319 7
37320 6
37321 6
37322 6
37323 6
37324 5
37325 5
37326 5
37327 4
37328 4
37329 4
37330 4
37331 4
37332 4
37333 4
37334 4
37335 4
37336 4
37337 4
37338 4
37339 5
37340 5
37341 5
37342 5
37343 5
37344 6
37345 6
37346 6
37347 7
37348 7
37349 7
37350 8
37351 8
37352 8
37353 9
37354 9
37355 9
37356 10
37357 10
37358 10
37359 10
37360 11
37361 11
37362 11
37363 11
37364 12
37365 12
37366 12
37367 12
37368 12
37369 13
37370 13
37371 13
37372 14
37373 14
37374 14
37375 14
37376 14
37377 15
37378 15
37379 15
37380 15
37381 15
37382 15
37383 15
37384 15
37385 15
37386 15
37387 15
37388 16
37389 16
37390 16
37391 16
37392 16
37393 16
37394 16
37395 16
37396 16
37397 16
37398 16
37399 16
37400 16
37401 16
37402 16
37403 16
37404 16
37405 16
37406 16
37407 16
37408 16
37409 16
37410 16
37411 16
37412 16
37413 16
37414 16
37415 16
37416 16
37417 16
37418 16
37419 16
37420 16
37421 16
37422 16
37423 16
37424 17
37425 17
37426 17
37427 17
37428 17
37429 17
37430 17
37431 17
37432 17
37433 17
37434 17
37435 18
37436 18
37437 18
37438 18
37439 18
37440 18
37441 19
37442 19
37443 19
37444 19
37445 19
37446 20
37447 20
37448 20
37449 20
37450 20
37451 21
37452 21
37453 21
37454 21
37455 22
37456 22
37457 22
37458 22
37459 23
37460 23
37461 23
37462 23
37463 24
37464 24
37465 24
37466 25
37467 25
37468 25
37469 25
37470 26
37471 26
37472 27
37473 27
37474 27
37475 27
37476 27
37477 28
37478 28
37479 28
37480 29
37481 29
37482 30
37483 30
37484 30
37485 30
37486 31
37487 31
37488 31
37489 31
37490 32
37491 32
37492 32
37493 32
37494 33
37495 33
37496 33
37497 33
37498 34
37499 34
37500 34
37501 34
37502 35
37503 35
37504 35
37505 35
37506 35
37507 35
37508 36
37509 36
37510 36
37511 36
37512 36
37513 37
37514 37
37515 37
37516 37
37517 37
37518 37
37519 37
37520 37
37521 37
37522 37
37523 37
37524 37
37525 37
37526 37
37527 38
37528 38
37529 38
37530 38
37531 38
37532 38
37533 38
37534 38
37535 38
37536 38
37537 38
37538 38
37539 38
37540 38
37541 38
37542 38
37543 38
37544 38
37545 38
37546 38
37547 38
37548 38
37549 38
37550 38
37551 38
37552 38
37553 38
37554 37
37555 37
37556 37
37557 37
37558 37
37559 37
37560 37
37561 37
37562 37
37563 37
37564 37
37565 37
37566 37
37567 36
37568 36
37569 36
37570 36
37571 36
37572 36
37573 36
37574 36
37575 35
37576 35
37577 35
37578 35
37579 35
37580 34
37581 34
37582 34
37583 34
37584 34
37585 34
37586 34
37587 33
37588 33
37589 33
37590 33
37591 32
37592 32
37593 32
37594 32
37595 32
37596 32
37597 31
37598 31
37599 31
37600 30
37601 30
37602 30
37603 29
37604 29
37605 29
37606 28
37607 28
37608 28
37609 28
37610 27
37611 27
37612 27
37613 26
37614 26
37615 26
37616 25
37617 25
37618 25
37619 24
37620 24
37621 24
37622 23
37623 23
37624 23
37625 22
37626 22
37627 22
37628 21
37629 21
37630 21
37631 20
37632 20
37633 20
37634 19
37635 19
37636 19
37637 18
37638 18
37639 18
37640 17
37641 17
37642 17
37643 17
37644 16
37645 16
37646 16
37647 15
37648 15
37649 15
37650 14
37651 14
37652 14
37653 14
37654 13
37655 13
37656 13
37657 13
37658 12
37659 12
37660 12
37661 12
37662 11
37663 11
37664 11
37665 11
37666 10
37667 10
37668 10
37669 10
37670 9
37671 9
37672 9
37673 9
37674 8
37675 8
37676 8
37677 8
37678 7
37679 7
37680 7
37681 7
37682 6
37683 6
37684 6
37685 6
37686 6
37687 6
37688 6
37689 5
37690 5
37691 5
37692 5
37693 5
37694 4
37695 4
37696 4
37697 4
37698 4
37699 3
37700 3
37701 3
37702 3
37703 3
37704 3
37705 3
37706 2
37707 2
37708 2
37709 2
37710 2
37711 2
37712 2
37713 2
37714 2
37715 2
37716 2
37717 2
37718 2
37719 2
37720 2
37721 2
37722 1
37723 1
37724 1
37725 1
37726 1
37727 1
37728 1
37729 1
37730 1
37731 1
37732 1
37733 1
37734 1
37735 2
37736 2
37737 2
37738 2
37739 2
37740 2
37741 2
37742 2
37743 2
37744 3
37745 3
37746 3
37747 3
37748 3
37749 3
37750 3
37751 4
37752 4
37753 4
37754 4
37755 4
37756 4
37757 4
37758 5
37759 5
37760 5
37761 5
37762 5
37763 5
37764 6
37765 6
37766 6
37767 6
37768 6
37769 6
37770 6
37771 7
37772 7
37773 7
37774 7
37775 7
37776 7
37777 7
37778 7
37779 7
37780 8
37781 8
37782 8
37783 8
37784 8
37785 8
37786 8
37787 9
37788 9
37789 9
37790 9
37791 9
37792 9
37793 9
37794 9
37795 9
37796 9
37797 9
37798 10
37799 10
37800 10
37801 10
37802 10
37803 10
37804 10
37805 11
37806 11
37807 11
37808 11
37809 11
37810 11
37811 11
37812 11
37813 11
37814 11
37815 11
37816 11
37817 11
37818 11
37819 12
37820 12
37821 12
37822 12
37823 12
37824 12
37825 12
37826 12
37827 12
37828 12
37829 12
37830 12
37831 12
37832 12
37833 12
37834 12
37835 12
37836 12
37837 12
37838 12
37839 12
37840 11
37841 11
37842 11
37843 11
37844 11
37845 11
37846 11
37847 11
37848 11
37849 11
37850 11
37851 11
37852 11
37853 11
37854 10
37855 10
37856 10
37857 10
37858 10
37859 10
37860 9
37861 9
37862 9
37863 9
37864 9
37865 9
37866 8
37867 8
37868 8
37869 8
37870 8
37871 7
37872 7
37873 7
37874 7
37875 7
37876 6
37877 6
37878 6
37879 6
37880 6
37881 5
37882 5
37883 5
37884 5
37885 5
37886 5
37887 5
37888 5
37889 5
37890 5
37891 5
37892 5
37893 5
37894 5
37895 5
37896 5
37897 5
37898 5
37899 5
37900 6
37901 6
37902 6
37903 6
37904 6
37905 7
37906 7
37907 7
37908 7
37909 8
37910 8
37911 8
37912 8
37913 9
37914 9
37915 9
37916 9
37917 9
37918 10
37919 10
37920 10
37921 10
37922 11
37923 11
37924 11
37925 12
37926 12
37927 12
37928 12
37929 12
37930 13
37931 13
37932 13
37933 13
37934 14
37935 14
37936 14
37937 15
37938 15
37939 15
37940 15
37941 15
37942 16
37943 16
37944 16
37945 16
37946 16
37947 16
37948 17
37949 17
37950 17
37951 17
37952 17
37953 18
37954 18
37955 18
37956 18
37957 18
37958 18
37959 18
37960 19
37961 19
37962 19
37963 19
37964 19
37965 19
37966 20
37967 20
37968 20
37969 20
37970 20
37971 20
37972 20
37973 20
37974 20
37975 20
37976 20
37977 21
37978 21
37979 21
37980 21
37981 21
37982 21
37983 21
37984 21
37985 21
37986 21
37987 21
37988 21
37989 21
37990 21
37991 21
37992 21
37993 21
37994 21
37995 21
37996 21
37997 22
37998 22
37999 22
38000 22
38001 22
38002 22
38003 22
38004 22
38005 22
38006 22
38007 22
38008 22
38009 22
38010 22
38011 22
38012 22
38013 22
38014 22
38015 22
38016 22
38017 22
38018 22
38019 23
38020 23
38021 23
38022 23
38023 23
38024 23
38025 23
38026 23
38027 23
38028 23
38029 23
38030 23
38031 23
38032 23
38033 23
38034 23
38035 23
38036 23
38037 23
38038 23
38039 23
38040 23
38041 24
38042 24
38043 24
38044 24
38045 24
38046 24
38047 24
38048 24
38049 24
38050 24
38051 24
38052 24
38053 24
38054 24
38055 24
38056 24
38057 24
38058 24
38059 24
38060 24
38061 24
38062 24
38063 24
38064 24
38065 24
38066 24
38067 24
38068 24
38069 24
38070 24
38071 24
38072 24
38073 24
38074 24
38075 24
38076 24
38077 24
38078 24
38079 24
38080 24
38081 24
38082 24
38083 24
38084 23
38085 23
38086 23
38087 23
38088 23
38089 23
38090 23
38091 23
38092 23
38093 23
38094 23
38095 23
38096 23
38097 23
38098 23
38099 23
38100 23
38101 23
38102 23
38103 23
38104 23
38105 22
38106 22
38107 22
38108 22
38109 22
38110 22
38111 22
38112 22
38113 22
38114 22
38115 22
38116 22
38117 22
38118 22
38119 21
38120 21
38121 21
38122 21
38123 21
38124 21
38125 21
38126 21
38127 21
38128 20
38129 20
38130 20
38131 20
38132 20
38133 20
38134 20
38135 20
38136 19
38137 19
38138 19
38139 19
38140 19
38141 19
38142 18
38143 18
38144 18
38145 18
38146 18
38147 17
38148 17
38149 17
38150 17
38151 17
38152 16
38153 16
38154 16
38155 16
38156 15
38157 15
38158 15
38159 15
38160 14
38161 14
38162 14
38163 14
38164 13
38165 13
38166 13
38167 13
38168 12
38169 12
38170 12
38171 11
38172 11
38173 11
38174 10
38175 10
38176 10
38177 9
38178 9
38179 9
38180 9
38181 8
38182 8
38183 8
38184 7
38185 7
38186 7
38187 7
38188 7
38189 7
38190 6
38191 6
38192 6
38193 6
38194 6
38195 6
38196 6
38197 6
38198 6
38199 6
38200 6
38201 6
38202 6
38203 6
38204 6
38205 6
38206 6
38207 6
38208 7
38209 7
38210 7
38211 8
38212 8
38213 8
38214 8
38215 8
38216 9
38217 9
38218 9
38219 9
38220 10
38221 10
38222 10
38223 10
38224 11
38225 11
38226 11
38227 12
38228 12
38229 12
38230 12
38231 13
38232 13
38233 13
38234 14
38235 14
38236 14
38237 14
38238 15
38239 15
38240 15
38241 15
38242 16
38243 16
38244 16
38245 16
38246 17
38247 17
38248 17
38249 17
38250 18
38251 18
38252 18
38253 18
38254 18
38255 19
38256 19
38257 19
38258 19
38259 19
38260 20
38261 20
38262 20
38263 20
38264 20
38265 20
38266 21
38267 21
38268 21
38269 21
38270 21
38271 21
38272 21
38273 21
38274 21
38275 21
38276 22
38277 22
38278 22
38279 22
38280 22
38281 22
38282 22
38283 22
38284 22
38285 21
38286 21
38287 21
38288 21
38289 21
38290 21
38291 21
38292 21
38293 21
38294 21
38295 20
38296 20
38297 20
38298 20
38299 20
38300 20
38301 20
38302 19
38303 19
38304 19
38305 19
38306 18
38307 18
38308 18
38309 17
38310 17
38311 17
38312 17
38313 16
38314 16
38315 16
38316 15
38317 15
38318 15
38319 15
38320 14
38321 14
38322 14
38323 13
38324 13
38325 13
38326 12
38327 12
38328 12
38329 11
38330 11
38331 11
38332 10
38333 10
38334 10
38335 9
38336 9
38337 8
38338 8
38339 8
38340 7
38341 7
38342 7
38343 6
38344 6
38345 6
38346 6
38347 5
38348 5
38349 5
38350 5
38351 5
38352 5
38353 5
38354 5
38355 5
38356 6
38357 6
38358 6
38359 6
38360 7
38361 7
38362 7
38363 8
38364 8
38365 9
38366 9
38367 9
38368 10
38369 10
38370 11
38371 11
38372 12
38373 12
38374 13
38375 13
38376 14
38377 14
38378 15
38379 15
38380 16
38381 16
38382 17
38383 17
38384 18
38385 18
38386 19
38387 19
38388 20
38389 20
38390 21
38391 21
38392 22
38393 22
38394 22
38395 23
38396 23
38397 24
38398 24
38399 25
38400 25
38401 26
38402 26
38403 26
38404 27
38405 27
38406 28
38407 28
38408 29
38409 29
38410 29
38411 30
38412 30
38413 31
38414 31
38415 31
38416 32
38417 32
38418 32
38419 33
38420 33
38421 33
38422 34
38423 34
38424 34
38425 35
38426 35
38427 35
38428 36
38429 36
38430 36
38431 36
38432 36
38433 37
38434 37
38435 37
38436 37
38437 37
38438 38
38439 38
38440 38
38441 38
38442 38
38443 39
38444 39
38445 39
38446 39
38447 39
38448 39
38449 39
38450 40
38451 40
38452 40
38453 40
38454 40
38455 40
38456 40
38457 40
38458 40
38459 40
38460 40
38461 40
38462 40
38463 40
38464 40
38465 40
38466 40
38467 40
38468 40
38469 40
38470 40
38471 40
38472 40
38473 40
38474 40
38475 40
38476 40
38477 40
38478 40
38479 40
38480 39
38481 39
38482 39
38483 39
38484 39
38485 39
38486 39
38487 39
38488 38
38489 38
38490 38
38491 38
38492 38
38493 38
38494 37
38495 37
38496 37
38497 37
38498 37
38499 36
38500 36
38501 36
38502 36
38503 36
38504 35
38505 35
38506 35
38507 35
38508 35
38509 35
38510 34
38511 34
38512 34
38513 34
38514 34
38515 33
38516 33
38517 33
38518 32
38519 32
38520 32
38521 31
38522 31
38523 31
38524 31
38525 30
38526 30
38527 30
38528 30
38529 30
38530 29
38531 29
38532 29
38533 29
38534 29
38535 28
38536 28
38537 28
38538 28
38539 27
38540 27
38541 27
38542 27
38543 27
38544 26
38545 26
38546 26
38547 26
38548 25
38549 25
38550 25
38551 25
38552 25
38553 24
38554 24
38555 24
38556 24
38557 24
38558 23
38559 23
38560 23
38561 23
38562 23
38563 22
38564 22
38565 22
38566 22
38567 22
38568 22
38569 22
38570 21
38571 21
38572 21
38573 21
38574 21
38575 21
38576 21
38577 21
38578 21
38579 21
38580 21
38581 21
38582 21
38583 20
38584 20
38585 20
38586 20
38587 20
38588 20
38589 20
38590 20
38591 20
38592 20
38593 20
38594 20
38595 20
38596 20
38597 20
38598 20
38599 20
38600 20
38601 20
38602 20
38603 20
38604 20
38605 20
38606 20
38607 20
38608 20
38609 20
38610 20
38611 20
38612 20
38613 20
38614 20
38615 20
38616 20
38617 20
38618 20
38619 20
38620 20
38621 20
38622 20
38623 20
38624 20
38625 20
38626 20
38627 20
38628 20
38629 20
38630 20
38631 20
38632 20
38633 20
38634 20
38635 20
38636 20
38637 20
38638 20
38639 20
38640 20
38641 20
38642 20
38643 20
38644 20
38645 20
38646 20
38647 19
38648 19
38649 19
38650 19
38651 19
38652 19
38653 19
38654 20
38655 20
38656 20
38657 20
38658 20
38659 20
38660 20
38661 20
38662 20
38663 20
38664 20
38665 20
38666 19
38667 19
38668 19
38669 19
38670 19
38671 19
38672 19
38673 19
38674 19
38675 19
38676 19
38677 19
38678 19
38679 19
38680 19
38681 19
38682 19
38683 19
38684 19
38685 19
38686 19
38687 18
38688 18
38689 18
38690 18
38691 18
38692 18
38693 18
38694 18
38695 18
38696 18
38697 18
38698 18
38699 18
38700 18
38701 18
38702 18
38703 18
38704 18
38705 18
38706 18
38707 18
38708 18
38709 18
38710 17
38711 17
38712 17
38713 17
38714 17
38715 17
38716 17
38717 17
38718 17
38719 17
38720 17
38721 17
38722 17
38723 17
38724 17
38725 17
38726 17
38727 17
38728 17
38729 17
38730 17
38731 18
38732 18
38733 18
38734 18
38735 18
38736 18
38737 18
38738 18
38739 18
38740 18
38741 18
38742 18
38743 19
38744 19
38745 19
38746 19
38747 19
38748 19
38749 19
38750 19
38751 19
38752 20
38753 20
38754 20
38755 20
38756 20
38757 20
38758 20
38759 20
38760 20
38761 20
38762 21
38763 21
38764 21
38765 21
38766 21
38767 21
38768 21
38769 21
38770 21
38771 21
38772 21
38773 22
38774 22
38775 22
38776 22
38777 22
38778 22
38779 22
38780 22
38781 22
38782 22
38783 22
38784 22
38785 23
38786 23
38787 23
38788 23
38789 23
38790 23
38791 23
38792 23
38793 23
38794 23
38795 23
38796 23
38797 23
38798 23
38799 23
38800 23
38801 23
38802 23
38803 23
38804 24
38805 24
38806 24
38807 24
38808 24
38809 24
38810 24
38811 24
38812 24
38813 24
38814 24
38815 24
38816 24
38817 24
38818 24
38819 24
38820 24
38821 24
38822 24
38823 24
38824 24
38825 24
38826 24
38827 24
38828 24
38829 24
38830 24
38831 24
38832 24
38833 24
38834 24
38835 24
38836 24
38837 24
38838 24
38839 24
38840 23
38841 23
38842 23
38843 23
38844 23
38845 23
38846 23
38847 23
38848 23
38849 23
38850 23
38851 23
38852 23
38853 23
38854 23
38855 22
38856 22
38857 22
38858 22
38859 22
38860 22
38861 22
38862 22
38863 22
38864 21
38865 21
38866 21
38867 21
38868 21
38869 21
38870 21
38871 20
38872 20
38873 20
38874 20
38875 20
38876 20
38877 19
38878 19
38879 19
38880 19
38881 19
38882 18
38883 18
38884 18
38885 18
38886 18
38887 17
38888 17
38889 17
38890 17
38891 17
38892 16
38893 16
38894 16
38895 16
38896 16
38897 15
38898 15
38899 15
38900 15
38901 14
38902 14
38903 14
38904 14
38905 13
38906 13
38907 13
38908 13
38909 13
38910 12
38911 12
38912 12
38913 12
38914 11
38915 11
38916 11
38917 11
38918 11
38919 10
38920 10
38921 10
38922 10
38923 10
38924 9
38925 9
38926 9
38927 9
38928 9
38929 8
38930 8
38931 8
38932 8
38933 8
38934 8
38935 7
38936 7
38937 7
38938 7
38939 7
38940 7
38941 6
38942 6
38943 6
38944 6
38945 6
38946 6
38947 6
38948 6
38949 6
38950 6
38951 6
38952 6
38953 6
38954 6
38955 6
38956 6
38957 6
38958 6
38959 6
38960 6
38961 7
38962 7
38963 7
38964 7
38965 7
38966 7
38967 7
38968 7
38969 7
38970 7
38971 7
38972 7
38973 7
38974 7
38975 7
38976 7
38977 7
38978 7
38979 7
38980 7
38981 7
38982 7
38983 7
38984 7
38985 7
38986 7
38987 7
38988 7
38989 7
38990 7
38991 8
38992 8
38993 8
38994 8
38995 8
38996 8
38997 7
38998 8
38999 8
39000 8
39001 8
39002 8
39003 8
39004 8
39005 8
39006 8
39007 8
39008 8
39009 8
39010 8
39011 8
39012 8
39013 8
39014 8
39015 8
39016 8
39017 8
39018 8
39019 8
39020 8
39021 8
39022 8
39023 8
39024 8
39025 8
39026 8
39027 8
39028 8
39029 8
39030 8
39031 8
39032 8
39033 8
39034 8
39035 8
39036 8
39037 9
39038 9
39039 9
39040 9
39041 9
39042 9
39043 9
39044 9
39045 9
39046 9
39047 9
39048 9
39049 9
39050 9
39051 9
39052 9
39053 9
39054 9
39055 9
39056 9
39057 9
39058 9
39059 9
39060 9
39061 10
39062 10
39063 10
39064 10
39065 10
39066 10
39067 10
39068 10
39069 10
39070 10
39071 10
39072 10
39073 10
39074 10
39075 10
39076 10
39077 10
39078 10
39079 10
39080 10
39081 10
39082 10
39083 10
39084 10
39085 10
39086 10
39087 10
39088 10
39089 10
39090 10
39091 10
39092 10
39093 10
39094 10
39095 10
39096 11
39097 11
39098 11
39099 11
39100 11
39101 10
39102 10
39103 10
39104 10
39105 10
39106 10
39107 10
39108 10
39109 10
39110 10
39111 10
39112 10
39113 10
39114 10
39115 10
39116 10
39117 10
39118 10
39119 10
39120 10
39121 10
39122 10
39123 10
39124 9
39125 9
39126 9
39127 9
39128 9
39129 9
39130 9
39131 9
39132 9
39133 9
39134 9
39135 9
39136 8
39137 8
39138 8
39139 8
39140 8
39141 8
39142 8
39143 8
39144 7
39145 7
39146 7
39147 7
39148 7
39149 7
39150 7
39151 6
39152 6
39153 6
39154 6
39155 6
39156 6
39157 6
39158 6
39159 6
39160 6
39161 6
39162 6
39163 6
39164 6
39165 6
39166 6
39167 6
39168 6
39169 6
39170 6
39171 6
39172 7
39173 7
39174 7
39175 7
39176 7
39177 8
39178 8
39179 8
39180 8
39181 9
39182 9
39183 9
39184 9
39185 10
39186 10
39187 10
39188 11
39189 11
39190 11
39191 12
39192 12
39193 12
39194 13
39195 13
39196 13
39197 14
39198 14
39199 14
39200 15
39201 15
39202 15
39203 16
39204 16
39205 16
39206 17
39207 17
39208 17
39209 18
39210 18
39211 18
39212 19
39213 19
39214 19
39215 19
39216 20
39217 20
39218 20
39219 20
39220 21
39221 21
39222 21
39223 22
39224 22
39225 22
39226 22
39227 23
39228 23
39229 23
39230 23
39231 23
39232 23
39233 24
39234 24
39235 24
39236 24
39237 24
39238 24
39239 24
39240 25
39241 25
39242 25
39243 25
39244 25
39245 25
39246 25
39247 25
39248 25
39249 25
39250 25
39251 25
39252 25
39253 25
39254 25
39255 25
39256 25
39257 25
39258 25
39259 25
39260 25
39261 25
39262 25
39263 25
39264 25
39265 24
39266 24
39267 24
39268 24
39269 24
39270 24
39271 24
39272 24
39273 24
39274 23
39275 23
39276 23
39277 23
39278 23
39279 23
39280 22
39281 22
39282 22
39283 22
39284 22
39285 22
39286 21
39287 21
39288 21
39289 21
39290 21
39291 20
39292 20
39293 20
39294 20
39295 20
39296 19
39297 19
39298 19
39299 19
39300 19
39301 18
39302 18
39303 18
39304 18
39305 18
39306 18
39307 18
39308 17
39309 17
39310 17
39311 17
39312 17
39313 17
39314 17
39315 17
39316 17
39317 17
39318 17
39319 17
39320 17
39321 16
39322 16
39323 16
39324 16
39325 16
39326 16
39327 16
39328 16
39329 16
39330 16
39331 16
39332 16
39333 16
39334 16
39335 16
39336 16
39337 16
39338 16
39339 16
39340 16
39341 17
39342 17
39343 17
39344 17
39345 17
39346 17
39347 17
39348 18
39349 18
39350 18
39351 18
39352 18
39353 18
39354 19
39355 19
39356 19
39357 19
39358 19
39359 20
39360 20
39361 20
39362 20
39363 20
39364 21
39365 21
39366 21
39367 21
39368 22
39369 22
39370 22
39371 22
39372 22
39373 23
39374 23
39375 23
39376 23
39377 24
39378 24
39379 24
39380 24
39381 25
39382 25
39383 25
39384 25
39385 25
39386 26
39387 26
39388 26
39389 26
39390 27
39391 27
39392 27
39393 27
39394 27
39395 28
39396 28
39397 28
39398 28
39399 28
39400 29
39401 29
39402 29
39403 29
39404 29
39405 30
39406 30
39407 30
39408 30
39409 30
39410 30
39411 31
39412 31
39413 31
39414 31
39415 31
39416 31
39417 31
39418 32
39419 32
39420 32
39421 32
39422 32
39423 32
39424 32
39425 32
39426 32
39427 32
39428 32
39429 32
39430 32
39431 32
39432 32
39433 32
39434 32
39435 32
39436 32
39437 32
39438 32
39439 32
39440 32
39441 32
39442 32
39443 32
39444 32
39445 32
39446 31
39447 31
39448 31
39449 31
39450 31
39451 31
39452 30
39453 30
39454 30
39455 30
39456 30
39457 29
39458 29
39459 29
39460 29
39461 29
39462 29
39463 28
39464 28
39465 28
39466 28
39467 28
39468 27
39469 27
39470 27
39471 27
39472 26
39473 26
39474 26
39475 26
39476 25
39477 25
39478 25
39479 25
39480 24
39481 24
39482 24
39483 24
39484 23
39485 23
39486 23
39487 22
39488 22
39489 22
39490 22
39491 21
39492 21
39493 21
39494 20
39495 20
39496 20
39497 20
39498 19
39499 19
39500 19
39501 19
39502 18
39503 18
39504 18
39505 18
39506 17
39507 17
39508 17
39509 17
39510 16
39511 16
39512 16
39513 16
39514 16
39515 15
39516 15
39517 15
39518 15
39519 15
39520 15
39521 14
39522 14
39523 14
39524 14
39525 14
39526 14
39527 14
39528 14
39529 14
39530 14
39531 14
39532 14
39533 14
39534 14
39535 14
39536 14
39537 14
39538 14
39539 14
39540 14
39541 14
39542 14
39543 14
39544 14
39545 14
39546 14
39547 14
39548 14
39549 14
39550 14
39551 14
39552 14
39553 14
39554 14
39555 14
39556 14
39557 15
39558 15
39559 15
39560 15
39561 15
39562 15
39563 15
39564 15
39565 15
39566 15
39567 15
39568 15
39569 16
39570 16
39571 16
39572 16
39573 16
39574 16
39575 16
39576 16
39577 16
39578 16
39579 16
39580 16
39581 16
39582 17
39583 17
39584 17
39585 17
39586 17
39587 17
39588 17
39589 17
39590 17
39591 17
39592 17
39593 17
39594 17
39595 17
39596 17
39597 17
39598 17
39599 17
39600 17
39601 17
39602 17
39603 17
39604 17
39605 17
39606 17
39607 18
39608 18
39609 18
39610 18
39611 18
39612 18
39613 18
39614 18
39615 18
39616 18
39617 18
39618 18
39619 18
39620 18
39621 18
39622 18
39623 18
39624 18
39625 18
39626 18
39627 18
39628 18
39629 18
39630 18
39631 18
39632 18
39633 18
39634 18
39635 18
39636 18
39637 18
39638 18
39639 18
39640 18
39641 18
39642 18
39643 18
39644 18
39645 18
39646 18
39647 18
39648 18
39649 18
39650 18
39651 18
39652 17
39653 17
39654 17
39655 17
39656 17
39657 17
39658 17
39659 18
39660 18
39661 18
39662 18
39663 18
39664 18
39665 18
39666 18
39667 18
39668 18
39669 18
39670 18
39671 18
39672 18
39673 18
39674 18
39675 18
39676 18
39677 18
39678 18
39679 18
39680 18
39681 18
39682 18
39683 18
39684 18
39685 17
39686 17
39687 17
39688 17
39689 17
39690 17
39691 17
39692 17
39693 17
39694 17
39695 17
39696 17
39697 17
39698 17
39699 17
39700 17
39701 17
39702 17
39703 17
39704 17
39705 17
39706 17
39707 17
39708 17
39709 17
39710 17
39711 17
39712 17
39713 17
39714 17
39715 17
39716 17
39717 16
39718 16
39719 16
39720 16
39721 16
39722 16
39723 16
39724 15
39725 15
39726 15
39727 15
39728 15
39729 15
39730 15
39731 15
39732 14
39733 14
39734 14
39735 14
39736 14
39737 14
39738 14
39739 14
39740 13
39741 13
39742 13
39743 13
39744 13
39745 12
39746 12
39747 12
39748 12
39749 12
39750 12
39751 11
39752 11
39753 11
39754 11
39755 11
39756 11
39757 11
39758 10
39759 10
39760 10
39761 10
39762 10
39763 10
39764 10
39765 10
39766 10
39767 10
39768 10
39769 10
39770 10
39771 10
39772 10
39773 10
39774 10
39775 10
39776 10
39777 10
39778 11
39779 11
39780 11
39781 11
39782 11
39783 12
39784 12
39785 12
39786 13
39787 13
39788 13
39789 14
39790 14
39791 14
39792 14
39793 15
39794 15
39795 15
39796 16
39797 16
39798 16
39799 17
39800 17
39801 17
39802 18
39803 18
39804 19
39805 19
39806 19
39807 20
39808 20
39809 20
39810 21
39811 21
39812 22
39813 22
39814 22
39815 23
39816 23
39817 24
39818 24
39819 24
39820 25
39821 25
39822 26
39823 26
39824 26
39825 27
39826 27
39827 27
39828 28
39829 28
39830 29
39831 29
39832 29
39833 30
39834 30
39835 30
39836 30
39837 30
39838 31
39839 31
39840 32
39841 32
39842 33
39843 33
39844 34
39845 34
39846 34
39847 35
39848 35
39849 35
39850 36
39851 36
39852 36
39853 36
39854 37
39855 37
39856 37
39857 37
39858 38
39859 38
39860 38
39861 38
39862 38
39863 39
39864 39
39865 39
39866 39
39867 40
39868 40
39869 40
39870 40
39871 40
39872 41
39873 41
39874 41
39875 41
39876 41
39877 41
39878 41
39879 41
39880 41
39881 41
39882 41
39883 41
39884 42
39885 42
39886 42
39887 42
39888 42
39889 42
39890 42
39891 42
39892 42
39893 41
39894 41
39895 41
39896 41
39897 41
39898 41
39899 41
39900 41
39901 41
39902 41
39903 41
39904 41
39905 40
39906 40
39907 40
39908 40
39909 40
39910 40
39911 39
39912 39
39913 39
39914 39
39915 39
39916 39
39917 38
39918 38
39919 38
39920 37
39921 37
39922 37
39923 37
39924 36
39925 36
39926 36
39927 36
39928 36
39929 35
39930 35
39931 35
39932 35
39933 34
39934 34
39935 33
39936 33
39937 33
39938 32
39939 32
39940 32
39941 31
39942 31
39943 31
39944 31
39945 30
39946 30
39947 30
39948 29
39949 29
39950 28
39951 28
39952 27
39953 27
39954 27
39955 26
39956 26
39957 26
39958 25
39959 25
39960 24
39961 24
39962 24
39963 23
39964 23
39965 22
39966 22
39967 22
39968 21
39969 21
39970 20
39971 20
39972 20
39973 19
39974 19
39975 19
39976 18
39977 18
39978 17
39979 17
39980 17
39981 16
39982 16
39983 16
39984 15
39985 15
39986 15
39987 14
39988 14
39989 14
39990 13
39991 13
39992 13
39993 12
39994 12
39995 12
39996 11
39997 11
39998 11
39999 11
40000 10
40001 10
40002 10
40003 10
40004 10
40005 9
40006 9
40007 9
40008 9
40009 8
40010 8
40011 8
40012 8
40013 8
40014 8
40015 8
40016 7
40017 7
40018 7
40019 7
40020 7
40021 7
40022 7
40023 7
40024 7
40025 7
40026 7
40027 7
40028 7
40029 7
40030 7
40031 7
40032 7
40033 7
40034 7
40035 7
40036 7
40037 7
40038 7
40039 7
40040 7
40041 7
40042 7
40043 7
40044 7
40045 7
40046 7
40047 7
40048 7
40049 7
40050 7
40051 7
40052 7
40053 7
40054 7
40055 7
40056 7
40057 7
40058 7
40059 6
40060 6
40061 6
40062 6
40063 6
40064 6
40065 6
40066 6
40067 6
40068 5
40069 5
40070 5
40071 5
40072 5
40073 5
40074 4
40075 4
40076 4
40077 4
40078 4
40079 3
40080 3
40081 3
40082 3
40083 3
40084 2
40085 2
40086 2
40087 2
40088 2
40089 2
40090 1
40091 1
40092 1
40093 1
40094 1
40095 1
40096 1
40097 1
40098 2
40099 2
40100 2
40101 2
40102 2
40103 3
40104 3
40105 3
40106 3
40107 4
40108 4
40109 4
40110 4
40111 5
40112 5
40113 5
40114 5
40115 5
40116 5
40117 6
40118 6
40119 6
40120 6
40121 6
40122 6
40123 7
40124 7
40125 7
40126 7
40127 7
40128 7
40129 7
40130 8
40131 8
40132 8
40133 8
40134 8
40135 8
40136 8
40137 8
40138 8
40139 9
40140 9
40141 9
40142 9
40143 9
40144 9
40145 9
40146 9
40147 9
40148 9
40149 9
40150 9
40151 10
40152 10
40153 10
40154 10
40155 10
40156 10
40157 10
40158 10
40159 10
40160 10
40161 10
40162 10
40163 10
40164 10
40165 10
40166 10
40167 10
40168 10
40169 10
40170 10
40171 10
40172 10
40173 10
40174 10
40175 10
40176 10
40177 10
40178 10
40179 10
40180 10
40181 10
40182 10
40183 11
40184 11
40185 11
40186 11
40187 11
40188 11
40189 11
40190 11
40191 11
40192 11
40193 11
40194 11
40195 11
40196 11
40197 11
40198 11
40199 11
40200 11
40201 11
40202 11
40203 11
40204 10
40205 10
40206 10
40207 10
40208 10
40209 10
40210 10
40211 10
40212 10
40213 10
40214 10
40215 10
40216 10
40217 10
40218 9
40219 9
40220 9
40221 9
40222 9
40223 9
40224 9
40225 9
40226 9
40227 9
40228 9
40229 9
40230 9
40231 9
40232 8
40233 8
40234 8
40235 8
40236 8
40237 8
40238 8
40239 8
40240 7
40241 7
40242 7
40243 7
40244 7
40245 7
40246 6
40247 6
40248 6
40249 6
40250 6
40251 6
40252 6
40253 5
40254 5
40255 5
40256 5
40257 5
40258 5
40259 5
40260 4
40261 4
40262 4
40263 4
40264 4
40265 4
40266 4
40267 4
40268 4
40269 4
40270 4
40271 4
40272 4
40273 4
40274 4
40275 4
40276 4
40277 4
40278 4
40279 5
40280 5
40281 5
40282 5
40283 6
40284 6
40285 6
40286 7
40287 7
40288 7
40289 7
40290 8
40291 8
40292 9
40293 9
40294 9
40295 9
40296 9
40297 10
40298 10
40299 10
40300 11
40301 11
40302 11
40303 12
40304 12
40305 12
40306 12
40307 13
40308 13
40309 13
40310 13
40311 14
40312 14
40313 14
40314 14
40315 15
40316 15
40317 15
40318 15
40319 16
40320 16
40321 16
40322 17
40323 17
40324 17
40325 17
40326 18
40327 18
40328 18
40329 18
40330 18
40331 18
40332 18
40333 18
40334 19
40335 19
40336 19
40337 19
40338 19
40339 20
40340 20
40341 20
40342 20
40343 20
40344 21
40345 21
40346 21
40347 21
40348 21
40349 21
40350 21
40351 21
40352 22
40353 22
40354 22
40355 22
40356 22
40357 22
40358 22
40359 22
40360 22
40361 22
40362 23
40363 23
40364 23
40365 23
40366 23
40367 23
40368 23
40369 23
40370 23
40371 23
40372 24
40373 24
40374 24
40375 24
40376 24
40377 24
40378 24
40379 24
40380 24
40381 24
40382 24
40383 24
40384 24
40385 25
40386 25
40387 25
40388 25
40389 25
40390 25
40391 25
40392 25
40393 25
40394 25
40395 25
40396 25
40397 25
40398 25
40399 25
40400 25
40401 25
40402 25
40403 25
40404 25
40405 25
40406 25
40407 25
40408 25
40409 25
40410 25
40411 25
40412 25
40413 25
40414 25
40415 25
40416 25
40417 25
40418 25
40419 25
40420 25
40421 25
40422 24
40423 24
40424 24
40425 24
40426 24
40427 24
40428 24
40429 24
40430 24
40431 24
40432 24
40433 24
40434 24
40435 23
40436 23
40437 23
40438 23
40439 23
40440 23
40441 23
40442 23
40443 23
40444 23
40445 23
40446 23
40447 23
40448 22
40449 22
40450 22
40451 22
40452 22
40453 22
40454 22
40455 22
40456 22
40457 22
40458 22
40459 21
40460 21
40461 21
40462 21
40463 21
40464 21
40465 21
40466 21
40467 21
40468 21
40469 20
40470 20
40471 20
40472 20
40473 20
40474 20
40475 20
40476 20
40477 20
40478 20
40479 20
40480 20
40481 19
40482 19
40483 19
40484 19
40485 19
40486 19
40487 19
40488 19
40489 19
40490 19
40491 19
40492 18
40493 18
40494 18
40495 18
40496 18
40497 18
40498 18
40499 18
40500 18
40501 17
40502 17
40503 17
40504 17
40505 17
40506 17
40507 17
40508 17
40509 17
40510 16
40511 16
40512 16
40513 16
40514 16
40515 16
40516 16
40517 15
40518 15
40519 15
40520 15
40521 15
40522 15
40523 14
40524 14
40525 14
40526 14
40527 14
40528 14
40529 13
40530 13
40531 13
40532 13
40533 12
40534 12
40535 12
40536 12
40537 12
40538 12
40539 11
40540 11
40541 11
40542 11
40543 10
40544 10
40545 10
40546 10
40547 10
40548 9
40549 9
40550 9
40551 9
40552 8
40553 8
40554 8
40555 8
40556 8
40557 8
40558 7
40559 7
40560 7
40561 7
40562 7
40563 7
40564 6
40565 6
40566 6
40567 6
40568 6
40569 6
40570 5
40571 5
40572 5
40573 5
40574 5
40575 5
40576 5
40577 5
40578 5
40579 5
40580 6
40581 6
40582 6
40583 6
40584 6
40585 6
40586 6
40587 6
40588 7
40589 7
40590 7
40591 7
40592 7
40593 8
40594 8
40595 8
40596 8
40597 8
40598 8
40599 9
40600 9
40601 9
40602 9
40603 9
40604 9
40605 10
40606 10
40607 10
40608 10
40609 10
40610 10
40611 10
40612 11
40613 11
40614 11
40615 11
40616 11
40617 11
40618 11
40619 11
40620 11
40621 11
40622 11
40623 11
40624 11
40625 11
40626 11
40627 11
40628 11
40629 11
40630 11
40631 11
40632 11
40633 11
40634 11
40635 11
40636 11
40637 11
40638 11
40639 11
40640 11
40641 11
40642 11
40643 11
40644 11
40645 11
40646 11
40647 11
40648 11
40649 11
40650 11
40651 11
40652 11
40653 11
40654 11
40655 11
40656 11
40657 11
40658 11
40659 11
40660 11
40661 11
40662 11
40663 11
40664 11
40665 11
40666 12
40667 12
40668 12
40669 12
40670 12
40671 12
40672 12
40673 12
40674 12
40675 12
40676 12
40677 12
40678 13
40679 13
40680 13
40681 13
40682 13
40683 13
40684 13
40685 14
40686 14
40687 14
40688 14
40689 14
40690 14
40691 14
40692 14
40693 15
40694 15
40695 15
40696 15
40697 15
40698 15
40699 16
40700 16
40701 16
40702 16
40703 16
40704 17
40705 17
40706 17
40707 17
40708 17
40709 18
40710 18
40711 18
40712 18
40713 18
40714 19
40715 19
40716 19
40717 19
40718 20
40719 20
40720 20
40721 20
40722 20
40723 21
40724 21
40725 21
40726 21
40727 22
40728 22
40729 22
40730 22
40731 23
40732 23
40733 23
40734 24
40735 24
40736 24
40737 25
40738 25
40739 25
40740 25
40741 26
40742 26
40743 26
40744 26
40745 27
40746 27
40747 27
40748 28
40749 28
40750 28
40751 29
40752 29
40753 29
40754 29
40755 30
40756 30
40757 30
40758 31
40759 31
40760 31
40761 32
40762 32
40763 32
40764 33
40765 33
40766 33
40767 33
40768 33
40769 33
40770 34
40771 34
40772 34
40773 35
40774 35
40775 35
40776 35
40777 36
40778 36
40779 36
40780 36
40781 37
40782 37
40783 37
40784 37
40785 38
40786 38
40787 38
40788 38
40789 38
40790 38
40791 38
40792 39
40793 39
40794 39
40795 39
40796 40
40797 40
40798 40
40799 40
40800 41
40801 41
40802 41
40803 41
40804 41
40805 42
40806 42
40807 42
40808 42
40809 42
40810 42
40811 42
40812 42
40813 42
40814 42
40815 42
40816 43
40817 43
40818 43
40819 43
40820 43
40821 43
40822 43
40823 43
40824 43
40825 43
40826 43
40827 43
40828 42
40829 42
40830 42
40831 42
40832 42
40833 42
40834 42
40835 42
40836 41
40837 41
40838 41
40839 41
40840 41
40841 40
40842 40
40843 40
40844 40
40845 40
40846 39
40847 39
40848 39
40849 39
40850 38
40851 38
40852 38
40853 37
40854 37
40855 37
40856 37
40857 36
40858 36
40859 35
40860 35
40861 35
40862 34
40863 34
40864 33
40865 33
40866 32
40867 32
40868 31
40869 31
40870 31
40871 30
40872 30
40873 30
40874 29
40875 29
40876 28
40877 28
40878 27
40879 27
40880 27
40881 26
40882 26
40883 25
40884 25
40885 24
40886 24
40887 23
40888 23
40889 22
40890 22
40891 21
40892 21
40893 20
40894 20
40895 19
40896 19
40897 18
40898 18
40899 17
40900 17
40901 16
40902 16
40903 15
40904 15
40905 15
40906 14
40907 14
40908 13
40909 13
40910 13
40911 12
40912 12
40913 12
40914 12
40915 12
40916 11
40917 11
40918 11
40919 11
40920 11
40921 11
40922 11
40923 10
40924 11
40925 11
40926 11
40927 11
40928 11
40929 11
40930 11
40931 11
40932 11
40933 12
40934 12
40935 12
40936 12
40937 13
40938 13
40939 13
40940 14
40941 14
40942 14
40943 15
40944 15
40945 15
40946 15
40947 16
40948 16
40949 16
40950 17
40951 17
40952 17
40953 18
40954 18
40955 18
40956 19
40957 19
40958 19
40959 19
40960 20
40961 20
40962 20
40963 20
40964 21
40965 21
40966 21
40967 21
40968 22
40969 22
40970 22
40971 22
40972 22
40973 23
40974 23
40975 23
40976 23
40977 23
40978 23
40979 24
40980 24
40981 24
40982 24
40983 24
40984 24
40985 24
40986 24
40987 24
40988 24
40989 24
40990 24
40991 24
40992 24
40993 24
40994 24
40995 24
40996 24
40997 24
40998 24
40999 24
41000 24
41001 24
41002 24
41003 24
41004 24
41005 24
41006 24
41007 23
41008 23
41009 23
41010 23
41011 23
41012 23
41013 23
41014 23
41015 23
41016 22
41017 22
41018 22
41019 22
41020 22
41021 22
41022 21
41023 21
41024 21
41025 21
41026 21
41027 21
41028 20
41029 20
41030 20
41031 19
41032 19
41033 19
41034 19
41035 19
41036 19
41037 19
41038 18
41039 18
41040 18
41041 18
41042 18
41043 17
41044 17
41045 17
41046 17
41047 17
41048 16
41049 16
41050 16
41051 16
41052 16
41053 15
41054 15
41055 15
41056 14
41057 14
41058 14
41059 14
41060 14
41061 14
41062 13
41063 13
41064 13
41065 13
41066 13
41067 12
41068 12
41069 12
41070 12
41071 12
41072 11
41073 11
41074 11
41075 11
41076 11
41077 11
41078 10
41079 10
41080 10
41081 10
41082 10
41083 10
41084 9
41085 9
41086 9
41087 9
41088 9
41089 9
41090 9
41091 9
41092 8
41093 8
41094 8
41095 8
41096 8
41097 8
41098 8
41099 8
41100 8
41101 8
41102 8
41103 8
41104 8
41105 8
41106 8
41107 8
41108 8
41109 8
41110 8
41111 8
41112 8
41113 8
41114 8
41115 8
41116 8
41117 8
41118 8
41119 8
41120 9
41121 9
41122 9
41123 9
41124 9
41125 9
41126 9
41127 9
41128 9
41129 9
41130 9
41131 9
41132 9
41133 9
41134 9
41135 9
41136 9
41137 9
41138 9
41139 10
41140 10
41141 10
41142 10
41143 10
41144 10
41145 10
41146 10
41147 10
41148 10
41149 10
41150 10
41151 10
41152 11
41153 11
41154 11
41155 11
41156 11
41157 11
41158 11
41159 11
41160 11
41161 11
41162 12
41163 12
41164 12
41165 12
41166 12
41167 12
41168 12
41169 12
41170 12
41171 13
41172 13
41173 13
41174 13
41175 13
41176 13
41177 13
41178 13
41179 13
41180 14
41181 14
41182 14
41183 14
41184 14
41185 14
41186 14
41187 14
41188 14
41189 15
41190 15
41191 15
41192 15
41193 15
41194 15
41195 15
41196 15
41197 16
41198 16
41199 16
41200 16
41201 16
41202 16
41203 16
41204 16
41205 16
41206 17
41207 17
41208 17
41209 17
41210 17
41211 17
41212 17
41213 17
41214 17
41215 17
41216 17
41217 17
41218 17
41219 17
41220 18
41221 18
41222 18
41223 18
41224 18
41225 18
41226 18
41227 18
41228 18
41229 18
41230 18
41231 18
41232 18
41233 18
41234 18
41235 18
41236 18
41237 18
41238 18
41239 18
41240 18
41241 18
41242 18
41243 18
41244 18
41245 18
41246 18
41247 18
41248 18
41249 18
41250 18
41251 18
41252 18
41253 18
41254 18
41255 18
41256 18
41257 18
41258 18
41259 18
41260 18
41261 18
41262 18
41263 17
41264 17
41265 17
41266 17
41267 17
41268 17
41269 17
41270 17
41271 17
41272 17
41273 17
41274 16
41275 16
41276 16
41277 16
41278 16
41279 16
41280 15
41281 15
41282 15
41283 15
41284 15
41285 15
41286 14
41287 14
41288 14
41289 14
41290 13
41291 13
41292 13
41293 13
41294 13
41295 12
41296 12
41297 12
41298 12
41299 11
41300 11
41301 11
41302 10
41303 10
41304 10
41305 9
41306 9
41307 9
41308 9
41309 8
41310 8
41311 8
41312 7
41313 7
41314 7
41315 7
41316 7
41317 6
41318 6
41319 6
41320 5
41321 5
41322 5
41323 4
41324 4
41325 4
41326 3
41327 3
41328 3
41329 3
41330 3
41331 2
41332 2
41333 2
41334 3
41335 3
41336 3
41337 3
41338 3
41339 4
41340 4
41341 4
41342 4
41343 5
41344 5
41345 5
41346 6
41347 6
41348 6
41349 6
41350 7
41351 7
41352 7
41353 7
41354 8
41355 8
41356 8
41357 8
41358 9
41359 9
41360 9
41361 9
41362 10
41363 10
41364 10
41365 10
41366 10
41367 10
41368 11
41369 11
41370 11
41371 11
41372 11
41373 12
41374 12
41375 12
41376 12
41377 12
41378 13
41379 13
41380 13
41381 13
41382 13
41383 13
41384 14
41385 14
41386 14
41387 14
41388 14
41389 15
41390 15
41391 15
41392 15
41393 15
41394 16
41395 16
41396 16
41397 16
41398 16
41399 16
41400 16
41401 17
41402 17
41403 17
41404 17
41405 17
41406 18
41407 18
41408 18
41409 18
41410 18
41411 19
41412 19
41413 19
41414 19
41415 19
41416 20
41417 20
41418 20
41419 20
41420 20
41421 21
41422 21
41423 21
41424 21
41425 21
41426 22
41427 22
41428 22
41429 22
41430 22
41431 22
41432 23
41433 23
41434 23
41435 23
41436 23
41437 23
41438 24
41439 24
41440 24
41441 24
41442 24
41443 24
41444 24
41445 25
41446 25
41447 25
41448 25
41449 25
41450 25
41451 25
41452 25
41453 26
41454 26
41455 26
41456 26
41457 26
41458 26
41459 26
41460 26
41461 26
41462 26
41463 27
41464 27
41465 27
41466 27
41467 27
41468 27
41469 27
41470 27
41471 27
41472 27
41473 27
41474 27
41475 27
41476 27
41477 27
41478 27
41479 27
41480 27
41481 27
41482 27
41483 27
41484 27
41485 27
41486 27
41487 27
41488 27
41489 27
41490 27
41491 27
41492 27
41493 27
41494 27
41495 27
41496 27
41497 27
41498 27
41499 27
41500 27
41501 27
41502 27
41503 27
41504 27
41505 27
41506 27
41507 27
41508 27
41509 27
41510 26
41511 26
41512 26
41513 26
41514 26
41515 26
41516 26
41517 26
41518 26
41519 26
41520 26
41521 26
41522 26
41523 26
41524 26
41525 25
41526 25
41527 25
41528 25
41529 25
41530 25
41531 25
41532 25
41533 25
41534 25
41535 24
41536 24
41537 24
41538 24
41539 24
41540 24
41541 24
41542 24
41543 23
41544 23
41545 23
41546 23
41547 23
41548 23
41549 22
41550 22
41551 22
41552 22
41553 22
41554 22
41555 21
41556 21
41557 21
41558 21
41559 21
41560 20
41561 20
41562 20
41563 20
41564 19
41565 19
41566 19
41567 19
41568 18
41569 18
41570 18
41571 18
41572 17
41573 17
41574 17
41575 17
41576 17
41577 16
41578 16
41579 16
41580 16
41581 16
41582 15
41583 15
41584 15
41585 15
41586 14
41587 14
41588 14
41589 14
41590 14
41591 13
41592 13
41593 13
41594 13
41595 13
41596 12
41597 12
41598 12
41599 12
41600 12
41601 12
41602 12
41603 11
41604 11
41605 11
41606 11
41607 11
41608 11
41609 11
41610 10
41611 10
41612 10
41613 10
41614 10
41615 10
41616 10
41617 10
41618 10
41619 10
41620 10
41621 10
41622 10
41623 10
41624 10
41625 10
41626 10
41627 10
41628 10
41629 10
41630 10
41631 10
41632 10
41633 10
41634 10
41635 10
41636 10
41637 10
41638 10
41639 10
41640 10
41641 10
41642 10
41643 10
41644 10
41645 10
41646 10
41647 10
41648 10
41649 10
41650 10
41651 10
41652 10
41653 10
41654 10
41655 10
41656 10
41657 10
41658 10
41659 10
41660 10
41661 10
41662 10
41663 10
41664 10
41665 10
41666 10
41667 10
41668 10
41669 10
41670 10
41671 10
41672 10
41673 10
41674 10
41675 10
41676 10
41677 10
41678 9
41679 9
41680 9
41681 9
41682 9
41683 9
41684 9
41685 8
41686 8
41687 8
41688 8
41689 8
41690 8
41691 7
41692 7
41693 7
41694 7
41695 7
41696 7
41697 6
41698 6
41699 6
41700 6
41701 6
41702 6
41703 5
41704 5
41705 5
41706 5
41707 5
41708 5
41709 4
41710 4
41711 4
41712 4
41713 4
41714 4
41715 4
41716 4
41717 4
41718 4
41719 4
41720 4
41721 4
41722 4
41723 4
41724 5
41725 5
41726 5
41727 5
41728 5
41729 5
41730 6
41731 6
41732 6
41733 7
41734 7
41735 7
41736 8
41737 8
41738 8
41739 9
41740 9
41741 9
41742 9
41743 10
41744 10
41745 10
41746 11
41747 11
41748 11
41749 12
41750 12
41751 12
41752 13
41753 13
41754 14
41755 14
41756 14
41757 15
41758 15
41759 15
41760 16
41761 16
41762 16
41763 17
41764 17
41765 17
41766 18
41767 18
41768 19
41769 19
41770 19
41771 19
41772 20
41773 20
41774 20
41775 20
41776 21
41777 21
41778 21
41779 21
41780 22
41781 22
41782 22
41783 22
41784 23
41785 23
41786 23
41787 23
41788 23
41789 24
41790 24
41791 24
41792 24
41793 24
41794 24
41795 24
41796 25
41797 25
41798 25
41799 25
41800 25
41801 25
41802 25
41803 25
41804 25
41805 25
41806 25
41807 25
41808 26
41809 26
41810 26
41811 26
41812 26
41813 26
41814 26
41815 26
41816 26
41817 26
41818 26
41819 26
41820 26
41821 26
41822 26
41823 26
41824 26
41825 26
41826 26
41827 26
41828 26
41829 26
41830 26
41831 26
41832 26
41833 26
41834 26
41835 26
41836 26
41837 26
41838 26
41839 26
41840 26
41841 25
41842 25
41843 25
41844 25
41845 25
41846 25
41847 25
41848 25
41849 25
41850 25
41851 25
41852 25
41853 25
41854 25
41855 24
41856 24
41857 24
41858 24
41859 24
41860 24
41861 24
41862 24
41863 24
41864 24
41865 23
41866 23
41867 23
41868 23
41869 23
41870 23
41871 23
41872 23
41873 23
41874 22
41875 22
41876 22
41877 22
41878 22
41879 22
41880 22
41881 22
41882 22
41883 21
41884 21
41885 21
41886 21
41887 21
41888 21
41889 21
41890 21
41891 20
41892 20
41893 20
41894 20
41895 20
41896 20
41897 20
41898 19
41899 19
41900 19
41901 19
41902 19
41903 19
41904 19
41905 19
41906 19
41907 18
41908 18
41909 18
41910 18
41911 18
41912 18
41913 18
41914 17
41915 17
41916 17
41917 17
41918 17
41919 17
41920 17
41921 16
41922 16
41923 16
41924 16
41925 16
41926 16
41927 16
41928 15
41929 15
41930 15
41931 15
41932 15
41933 15
41934 14
41935 14
41936 14
41937 14
41938 14
41939 14
41940 13
41941 13
41942 13
41943 13
41944 13
41945 12
41946 12
41947 12
41948 12
41949 12
41950 12
41951 11
41952 11
41953 11
41954 11
41955 11
41956 11
41957 10
41958 10
41959 10
41960 10
41961 10
41962 10
41963 10
41964 9
41965 9
41966 9
41967 9
41968 9
41969 8
41970 8
41971 8
41972 8
41973 8
41974 7
41975 7
41976 7
41977 7
41978 7
41979 6
41980 6
41981 6
41982 6
41983 6
41984 5
41985 5
41986 5
41987 5
41988 5
41989 4
41990 4
41991 4
41992 4
41993 4
41994 4
41995 3
41996 3
41997 3
41998 3
41999 3
42000 3
42001 2
42002 2
42003 2
42004 2
42005 2
42006 2
42007 2
42008 2
42009 2
42010 2
42011 2
42012 2
42013 2
42014 2
42015 2
42016 2
42017 2
42018 3
42019 3
42020 3
42021 3
42022 3
42023 3
42024 4
42025 4
42026 4
42027 4
42028 4
42029 4
42030 4
42031 5
42032 5
42033 5
42034 5
42035 5
42036 5
42037 6
42038 6
42039 6
42040 6
42041 6
42042 6
42043 6
42044 6
42045 6
42046 7
42047 7
42048 7
42049 7
42050 7
42051 7
42052 7
42053 7
42054 7
42055 7
42056 7
42057 7
42058 7
42059 7
42060 7
42061 7
42062 7
42063 7
42064 7
42065 7
42066 7
42067 7
42068 7
42069 7
42070 7
42071 7
42072 7
42073 7
42074 7
42075 6
42076 6
42077 6
42078 6
42079 6
42080 6
42081 6
42082 6
42083 5
42084 5
42085 5
42086 5
42087 5
42088 5
42089 5
42090 4
42091 4
42092 4
42093 4
42094 4
42095 4
42096 4
42097 4
42098 4
42099 4
42100 4
42101 3
42102 3
42103 3
42104 4
42105 4
42106 4
42107 4
42108 4
42109 4
42110 4
42111 4
42112 5
42113 5
42114 5
42115 5
42116 5
42117 6
42118 6
42119 6
42120 6
42121 6
42122 7
42123 7
42124 7
42125 7
42126 8
42127 8
42128 8
42129 8
42130 8
42131 9
42132 9
42133 9
42134 9
42135 9
42136 9
42137 10
42138 10
42139 10
42140 10
42141 10
42142 10
42143 11
42144 11
42145 11
42146 11
42147 11
42148 11
42149 11
42150 12
42151 12
42152 12
42153 12
42154 12
42155 12
42156 12
42157 12
42158 12
42159 12
42160 13
42161 13
42162 13
42163 13
42164 13
42165 13
42166 13
42167 13
42168 13
42169 13
42170 13
42171 13
42172 13
42173 13
42174 13
42175 13
42176 13
42177 13
42178 13
42179 12
42180 12
42181 12
42182 12
42183 12
42184 12
42185 12
42186 12
42187 12
42188 12
42189 12
42190 12
42191 11
42192 11
42193 11
42194 11
42195 11
42196 11
42197 11
42198 10
42199 10
42200 10
42201 10
42202 10
42203 10
42204 10
42205 9
42206 9
42207 9
42208 9
42209 9
42210 8
42211 8
42212 8
42213 8
42214 7
42215 7
42216 7
42217 7
42218 7
42219 6
42220 6
42221 6
42222 6
42223 6
42224 5
42225 5
42226 5
42227 4
42228 4
42229 4
42230 4
42231 4
42232 3
42233 3
42234 3
42235 3
42236 3
42237 3
42238 3
42239 3
42240 3
42241 3
42242 3
42243 3
42244 3
42245 3
42246 3
42247 3
42248 4
42249 4
42250 4
42251 5
42252 5
42253 5
42254 5
42255 6
42256 6
42257 6
42258 7
42259 7
42260 7
42261 8
42262 8
42263 8
42264 9
42265 9
42266 9
42267 10
42268 10
42269 10
42270 11
42271 11
42272 11
42273 12
42274 12
42275 12
42276 13
42277 13
42278 13
42279 14
42280 14
42281 14
42282 15
42283 15
42284 15
42285 16
42286 16
42287 16
42288 17
42289 17
42290 17
42291 17
42292 18
42293 18
42294 18
42295 18
42296 19
42297 19
42298 19
42299 19
42300 19
42301 20
42302 20
42303 20
42304 20
42305 20
42306 21
42307 21
42308 21
42309 21
42310 21
42311 21
42312 22
42313 22
42314 22
42315 22
42316 22
42317 22
42318 22
42319 22
42320 22
42321 22
42322 22
42323 22
42324 23
42325 23
42326 23
42327 23
42328 23
42329 23
42330 23
42331 23
42332 23
42333 23
42334 23
42335 23
42336 23
42337 23
42338 23
42339 23
42340 23
42341 23
42342 23
42343 23
42344 23
42345 24
42346 24
42347 24
42348 24
42349 24
42350 24
42351 24
42352 24
42353 24
42354 24
42355 24
42356 24
42357 24
42358 24
42359 24
42360 24
42361 24
42362 24
42363 24
42364 24
42365 24
42366 24
42367 24
42368 24
42369 24
42370 23
42371 23
42372 23
42373 23
42374 23
42375 23
42376 23
42377 23
42378 23
42379 23
42380 23
42381 22
42382 22
42383 22
42384 22
42385 22
42386 22
42387 22
42388 22
42389 21
42390 21
42391 21
42392 21
42393 21
42394 21
42395 21
42396 20
42397 20
42398 20
42399 20
42400 20
42401 20
42402 20
42403 19
42404 19
42405 19
42406 19
42407 19
42408 19
42409 19
42410 18
42411 18
42412 18
42413 18
42414 18
42415 18
42416 17
42417 17
42418 17
42419 17
42420 17
42421 17
42422 16
42423 16
42424 16
42425 16
42426 16
42427 16
42428 15
42429 15
42430 15
42431 15
42432 15
42433 15
42434 14
42435 14
42436 14
42437 14
42438 14
42439 14
42440 14
42441 13
42442 13
42443 13
42444 13
42445 13
42446 13
42447 12
42448 12
42449 12
42450 12
42451 12
42452 12
42453 12
42454 12
42455 12
42456 12
42457 11
42458 11
42459 11
42460 11
42461 11
42462 11
42463 11
42464 11
42465 11
42466 11
42467 11
42468 11
42469 10
42470 10
42471 10
42472 10
42473 10
42474 10
42475 10
42476 10
42477 10
42478 10
42479 10
42480 10
42481 10
42482 10
42483 10
42484 10
42485 10
42486 10
42487 9
42488 9
42489 9
42490 9
42491 9
42492 9
42493 9
42494 9
42495 9
42496 9
42497 9
42498 9
42499 9
42500 9
42501 9
42502 9
42503 9
42504 9
42505 9
42506 9
42507 9
42508 9
42509 9
42510 9
42511 9
42512 10
42513 10
42514 10
42515 10
42516 10
42517 10
42518 10
42519 10
42520 10
42521 10
42522 10
42523 10
42524 11
42525 11
42526 11
42527 11
42528 11
42529 11
42530 11
42531 11
42532 12
42533 12
42534 12
42535 12
42536 12
42537 12
42538 12
42539 13
42540 13
42541 13
42542 13
42543 13
42544 14
42545 14
42546 14
42547 14
42548 14
42549 14
42550 15
42551 15
42552 15
42553 15
42554 15
42555 16
42556 16
42557 16
42558 16
42559 16
42560 16
42561 17
42562 17
42563 17
42564 17
42565 17
42566 18
42567 18
42568 18
42569 18
42570 18
42571 19
42572 19
42573 19
42574 19
42575 19
42576 19
42577 19
42578 20
42579 20
42580 20
42581 20
42582 20
42583 20
42584 20
42585 20
42586 21
42587 21
42588 21
42589 21
42590 21
42591 21
42592 21
42593 21
42594 21
42595 21
42596 21
42597 21
42598 21
42599 21
42600 21
42601 21
42602 21
42603 21
42604 21
42605 21
42606 21
42607 21
42608 21
42609 21
42610 21
42611 21
42612 21
42613 21
42614 21
42615 21
42616 21
42617 21
42618 21
42619 21
42620 20
42621 20
42622 20
42623 20
42624 20
42625 20
42626 20
42627 20
42628 19
42629 19
42630 19
42631 19
42632 19
42633 19
42634 19
42635 18
42636 18
42637 18
42638 18
42639 18
42640 18
42641 17
42642 17
42643 17
42644 17
42645 17
42646 16
42647 16
42648 16
42649 16
42650 16
42651 16
42652 15
42653 15
42654 15
42655 15
42656 15
42657 15
42658 15
42659 15
42660 15
42661 14
42662 14
42663 14
42664 14
42665 14
42666 13
42667 13
42668 13
42669 13
42670 13
42671 13
42672 12
42673 12
42674 12
42675 12
42676 12
42677 11
42678 11
42679 11
42680 11
42681 11
42682 10
42683 10
42684 10
42685 10
42686 10
42687 10
42688 10
42689 10
42690 9
42691 9
42692 9
42693 9
42694 9
42695 9
42696 9
42697 8
42698 8
42699 8
42700 8
42701 8
42702 8
42703 8
42704 8
42705 8
42706 8
42707 7
42708 7
42709 7
42710 7
42711 7
42712 7
42713 7
42714 7
42715 7
42716 7
42717 6
42718 6
42719 6
42720 6
42721 6
42722 6
42723 6
42724 6
42725 6
42726 6
42727 6
42728 6
42729 6
42730 6
42731 6
42732 6
42733 6
42734 6
42735 6
42736 6
42737 6
42738 6
42739 6
42740 6
42741 6
42742 6
42743 6
42744 6
42745 6
42746 6
42747 6
42748 7
42749 7
42750 7
42751 7
42752 7
42753 7
42754 7
42755 7
42756 7
42757 7
42758 7
42759 7
42760 7
42761 7
42762 7
42763 7
42764 8
42765 8
42766 8
42767 8
42768 8
42769 8
42770 8
42771 8
42772 8
42773 8
42774 8
42775 8
42776 8
42777 8
42778 8
42779 8
42780 8
42781 8
42782 8
42783 8
42784 8
42785 8
42786 8
42787 8
42788 8
42789 8
42790 8
42791 8
42792 8
42793 8
42794 8
42795 7
42796 7
42797 7
42798 7
42799 7
42800 7
42801 7
42802 7
42803 7
42804 7
42805 7
42806 7
42807 7
42808 7
42809 7
42810 7
42811 6
42812 6
42813 6
42814 6
42815 6
42816 6
42817 6
42818 6
42819 6
42820 6
42821 6
42822 6
42823 7
42824 7
42825 7
42826 7
42827 7
42828 7
42829 7
42830 7
42831 8
42832 8
42833 8
42834 8
42835 9
42836 9
42837 9
42838 10
42839 10
42840 10
42841 10
42842 11
42843 11
42844 11
42845 12
42846 12
42847 12
42848 13
42849 13
42850 13
42851 14
42852 14
42853 14
42854 15
42855 15
42856 15
42857 16
42858 16
42859 16
42860 17
42861 17
42862 17
42863 18
42864 18
42865 18
42866 19
42867 19
42868 19
42869 20
42870 20
42871 20
42872 21
42873 21
42874 21
42875 22
42876 22
42877 22
42878 22
42879 23
42880 23
42881 23
42882 23
42883 23
42884 23
42885 24
42886 24
42887 24
42888 25
42889 25
42890 25
42891 25
42892 25
42893 25
42894 25
42895 25
42896 25
42897 25
42898 25
42899 25
42900 26
42901 26
42902 26
42903 26
42904 26
42905 26
42906 26
42907 26
42908 26
42909 26
42910 26
42911 27
42912 27
42913 27
42914 27
42915 27
42916 27
42917 27
42918 27
42919 27
42920 28
42921 28
42922 28
42923 28
42924 28
42925 28
42926 29
42927 29
42928 29
42929 29
42930 29
42931 30
42932 30
42933 30
42934 30
42935 30
42936 31
42937 31
42938 31
42939 31
42940 32
42941 32
42942 32
42943 33
42944 33
42945 33
42946 33
42947 33
42948 34
42949 34
42950 34
42951 34
42952 34
42953 35
42954 35
42955 35
42956 35
42957 36
42958 36
42959 36
42960 37
42961 37
42962 37
42963 38
42964 38
42965 38
42966 39
42967 39
42968 39
42969 40
42970 40
42971 40
42972 41
42973 41
42974 41
42975 41
42976 42
42977 42
42978 42
42979 43
42980 43
42981 43
42982 43
42983 43
42984 44
42985 44
42986 44
42987 44
42988 45
42989 45
42990 45
42991 45
42992 45
42993 46
42994 46
42995 46
42996 46
42997 46
42998 47
42999 47
43000 47
43001 47
43002 47
43003 47
43004 47
43005 47
43006 48
43007 48
43008 48
43009 48
43010 48
43011 48
43012 48
43013 48
43014 48
43015 48
43016 48
43017 48
43018 48
43019 48
43020 48
43021 48
43022 48
43023 48
43024 48
43025 48
43026 48
43027 48
43028 48
43029 48
43030 48
43031 48
43032 48
43033 47
43034 47
43035 47
43036 47
43037 47
43038 47
43039 47
43040 46
43041 46
43042 46
43043 46
43044 46
43045 45
43046 45
43047 45
43048 45
43049 44
43050 44
43051 44
43052 44
43053 43
43054 43
43055 43
43056 42
43057 42
43058 42
43059 42
43060 41
43061 41
43062 41
43063 40
43064 40
43065 39
43066 39
43067 38
43068 38
43069 38
43070 38
43071 37
43072 37
43073 37
43074 36
43075 36
43076 36
43077 35
43078 35
43079 34
43080 34
43081 34
43082 33
43083 33
43084 33
43085 32
43086 32
43087 31
43088 31
43089 31
43090 30
43091 30
43092 30
43093 29
43094 29
43095 28
43096 28
43097 28
43098 27
43099 27
43100 27
43101 26
43102 26
43103 25
43104 25
43105 25
43106 24
43107 24
43108 24
43109 24
43110 23
43111 23
43112 23
43113 22
43114 22
43115 22
43116 21
43117 21
43118 21
43119 20
43120 20
43121 20
43122 20
43123 19
43124 19
43125 19
43126 19
43127 18
43128 18
43129 18
43130 18
43131 18
43132 18
43133 18
43134 18
43135 18
43136 17
43137 17
43138 17
43139 17
43140 17
43141 17
43142 17
43143 17
43144 17
43145 17
43146 17
43147 17
43148 17
43149 17
43150 17
43151 17
43152 17
43153 17
43154 17
43155 17
43156 17
43157 17
43158 17
43159 17
43160 17
43161 18
43162 18
43163 18
43164 18
43165 18
43166 18
43167 18
43168 18
43169 18
43170 18
43171 18
43172 18
43173 18
43174 18
43175 18
43176 18
43177 18
43178 18
43179 18
43180 18
43181 18
43182 18
43183 19
43184 19
43185 19
43186 19
43187 19
43188 19
43189 19
43190 19
43191 19
43192 19
43193 19
43194 19
43195 19
43196 19
43197 19
43198 20
43199 20
43200 20
43201 20
43202 20
43203 20
43204 20
43205 19
43206 19
43207 19
43208 19
43209 19
43210 19
43211 20
43212 20
43213 20
43214 20
43215 20
43216 20
43217 20
43218 20
43219 20
43220 20
43221 20
43222 20
43223 20
43224 20
43225 20
43226 21
43227 21
43228 21
43229 21
43230 21
43231 21
43232 21
43233 21
43234 21
43235 21
43236 21
43237 22
43238 22
43239 22
43240 22
43241 22
43242 22
43243 22
43244 22
43245 22
43246 22
43247 23
43248 23
43249 23
43250 23
43251 23
43252 23
43253 23
43254 23
43255 23
43256 24
43257 24
43258 24
43259 24
43260 24
43261 24
43262 24
43263 24
43264 24
43265 24
43266 24
43267 24
43268 24
43269 24
43270 24
43271 25
43272 25
43273 25
43274 25
43275 25
43276 25
43277 25
43278 25
43279 25
43280 25
43281 25
43282 25
43283 25
43284 25
43285 25
43286 25
43287 25
43288 25
43289 25
43290 25
43291 25
43292 25
43293 25
43294 25
43295 25
43296 25
43297 25
43298 25
43299 25
43300 25
43301 25
43302 25
43303 25
43304 25
43305 25
43306 25
43307 25
43308 25
43309 25
43310 25
43311 25
43312 25
43313 25
43314 25
43315 25
43316 25
43317 24
43318 24
43319 24
43320 24
43321 24
43322 24
43323 24
43324 24
43325 24
43326 24
43327 24
43328 24
43329 23
43330 23
43331 23
43332 23
43333 23
43334 23
43335 23
43336 23
43337 23
43338 23
43339 22
43340 22
43341 22
43342 22
43343 22
43344 22
43345 22
43346 21
43347 21
43348 21
43349 21
43350 21
43351 21
43352 21
43353 20
43354 20
43355 20
43356 20
43357 20
43358 19
43359 19
43360 19
43361 19
43362 19
43363 18
43364 18
43365 18
43366 18
43367 18
43368 17
43369 17
43370 17
43371 17
43372 17
43373 16
43374 16
43375 16
43376 16
43377 15
43378 15
43379 15
43380 15
43381 14
43382 14
43383 14
43384 14
43385 14
43386 13
43387 13
43388 13
43389 13
43390 12
43391 12
43392 12
43393 12
43394 12
43395 11
43396 11
43397 11
43398 11
43399 11
43400 10
43401 10
43402 10
43403 10
43404 10
43405 9
43406 9
43407 9
43408 9
43409 9
43410 9
43411 9
43412 8
43413 8
43414 8
43415 8
43416 8
43417 9
43418 9
43419 9
43420 9
43421 9
43422 9
43423 9
43424 9
43425 9
43426 9
43427 9
43428 9
43429 9
43430 9
43431 9
43432 10
43433 10
43434 10
43435 10
43436 10
43437 11
43438 11
43439 11
43440 11
43441 11
43442 11
43443 12
43444 12
43445 12
43446 12
43447 12
43448 12
43449 13
43450 13
43451 13
43452 13
43453 14
43454 14
43455 14
43456 14
43457 14
43458 15
43459 15
43460 15
43461 15
43462 15
43463 15
43464 16
43465 16
43466 16
43467 16
43468 16
43469 17
43470 17
43471 17
43472 17
43473 17
43474 17
43475 17
43476 18
43477 18
43478 18
43479 18
43480 18
43481 18
43482 19
43483 19
43484 19
43485 19
43486 19
43487 19
43488 19
43489 19
43490 19
43491 20
43492 20
43493 20
43494 20
43495 20
43496 20
43497 20
43498 20
43499 20
43500 20
43501 20
43502 20
43503 20
43504 20
43505 21
43506 21
43507 21
43508 21
43509 21
43510 21
43511 21
43512 21
43513 21
43514 21
43515 21
43516 21
43517 21
43518 21
43519 21
43520 21
43521 21
43522 21
43523 21
43524 21
43525 21
43526 21
43527 21
43528 21
43529 21
43530 21
43531 21
43532 21
43533 21
43534 21
43535 21
43536 21
43537 21
43538 21
43539 21
43540 21
43541 21
43542 21
43543 21
43544 21
43545 22
43546 22
43547 22
43548 22
43549 22
43550 22
43551 22
43552 22
43553 22
43554 22
43555 22
43556 22
43557 22
43558 22
43559 22
43560 22
43561 22
43562 22
43563 22
43564 22
43565 22
43566 23
43567 23
43568 23
43569 23
43570 23
43571 23
43572 23
43573 23
43574 23
43575 23
43576 23
43577 23
43578 23
43579 24
43580 24
43581 24
43582 24
43583 24
43584 24
43585 24
43586 24
43587 24
43588 25
43589 25
43590 25
43591 25
43592 25
43593 25
43594 25
43595 25
43596 26
43597 26
43598 26
43599 26
43600 26
43601 26
43602 26
43603 27
43604 27
43605 27
43606 27
43607 27
43608 27
43609 27
43610 27
43611 27
43612 28
43613 28
43614 28
43615 28
43616 28
43617 28
43618 28
43619 28
43620 28
43621 28
43622 28
43623 28
43624 28
43625 28
43626 28
43627 28
43628 28
43629 28
43630 28
43631 28
43632 28
43633 28
43634 28
43635 28
43636 28
43637 28
43638 28
43639 28
43640 28
43641 28
43642 28
43643 28
43644 28
43645 28
43646 27
43647 27
43648 27
43649 27
43650 27
43651 27
43652 27
43653 27
43654 26
43655 26
43656 26
43657 26
43658 26
43659 25
43660 25
43661 25
43662 25
43663 25
43664 24
43665 24
43666 24
43667 24
43668 23
43669 23
43670 23
43671 23
43672 22
43673 22
43674 22
43675 21
43676 21
43677 21
43678 20
43679 20
43680 20
43681 19
43682 19
43683 19
43684 18
43685 18
43686 17
43687 17
43688 17
43689 16
43690 16
43691 15
43692 15
43693 15
43694 14
43695 14
43696 13
43697 13
43698 12
43699 12
43700 12
43701 11
43702 11
43703 10
43704 10
43705 9
43706 9
43707 9
43708 8
43709 8
43710 7
43711 7
43712 6
43713 6
43714 5
43715 5
43716 5
43717 4
43718 4
43719 3
43720 3
43721 3
43722 2
43723 2
43724 2
43725 2
43726 2
43727 2
43728 2
43729 2
43730 3
43731 3
43732 3
43733 4
43734 4
43735 5
43736 5
43737 6
43738 6
43739 7
43740 7
43741 7
43742 8
43743 8
43744 9
43745 9
43746 10
43747 10
43748 10
43749 11
43750 11
43751 12
43752 12
43753 13
43754 13
43755 13
43756 14
43757 14
43758 15
43759 15
43760 15
43761 16
43762 16
43763 16
43764 17
43765 17
43766 17
43767 18
43768 18
43769 18
43770 19
43771 19
43772 19
43773 20
43774 20
43775 20
43776 20
43777 21
43778 21
43779 21
43780 21
43781 22
43782 22
43783 22
43784 22
43785 23
43786 23
43787 23
43788 23
43789 23
43790 23
43791 23
43792 24
43793 24
43794 24
43795 24
43796 24
43797 24
43798 24
43799 24
43800 24
43801 24
43802 24
43803 24
43804 24
43805 24
43806 24
43807 24
43808 24
43809 24
43810 24
43811 24
43812 24
43813 24
43814 24
43815 23
43816 23
43817 23
43818 23
43819 23
43820 23
43821 22
43822 22
43823 22
43824 22
43825 21
43826 21
43827 21
43828 21
43829 20
43830 20
43831 20
43832 20
43833 19
43834 19
43835 19
43836 18
43837 18
43838 17
43839 17
43840 17
43841 16
43842 16
43843 16
43844 15
43845 15
43846 14
43847 14
43848 14
43849 13
43850 13
43851 12
43852 12
43853 12
43854 11
43855 11
43856 11
43857 10
43858 10
43859 10
43860 9
43861 9
43862 9
43863 9
43864 8
43865 8
43866 8
43867 7
43868 7
43869 7
43870 7
43871 7
43872 7
43873 7
43874 7
43875 7
43876 7
43877 7
43878 7
43879 7
43880 7
43881 7
43882 7
43883 8
43884 8
43885 8
43886 8
43887 9
43888 9
43889 9
43890 9
43891 10
43892 10
43893 10
43894 11
43895 11
43896 11
43897 12
43898 12
43899 12
43900 13
43901 13
43902 13
43903 14
43904 14
43905 14
43906 15
43907 15
43908 15
43909 16
43910 16
43911 17
43912 17
43913 17
43914 18
43915 18
43916 18
43917 19
43918 19
43919 19
43920 19
43921 20
43922 20
43923 20
43924 21
43925 21
43926 21
43927 22
43928 22
43929 22
43930 22
43931 23
43932 23
43933 23
43934 23
43935 24
43936 24
43937 24
43938 25
43939 25
43940 25
43941 25
43942 26
43943 26
43944 26
43945 26
43946 26
43947 27
43948 27
43949 27
43950 27
43951 27
43952 27
43953 28
43954 28
43955 28
43956 28
43957 28
43958 28
43959 28
43960 28
43961 28
43962 28
43963 28
43964 28
43965 28
43966 28
43967 28
43968 28
43969 28
43970 28
43971 28
43972 28
43973 28
43974 28
43975 28
43976 28
43977 28
43978 28
43979 28
43980 28
43981 28
43982 27
43983 27
43984 27
43985 27
43986 27
43987 27
43988 27
43989 26
43990 26
43991 26
43992 26
43993 26
43994 25
43995 25
43996 25
43997 25
43998 25
43999 24
44000 24
44001 24
44002 24
44003 24
44004 23
44005 23
44006 23
44007 23
44008 22
44009 22
44010 22
44011 22
44012 21
44013 21
44014 21
44015 21
44016 20
44017 20
44018 20
44019 19
44020 19
44021 19
44022 19
44023 18
44024 18
44025 18
44026 18
44027 18
44028 18
44029 17
44030 17
44031 17
44032 17
44033 17
44034 17
44035 17
44036 16
44037 16
44038 16
44039 16
44040 16
44041 16
44042 16
44043 16
44044 16
44045 16
44046 16
44047 16
44048 16
44049 16
44050 16
44051 16
44052 16
44053 16
44054 16
44055 16
44056 16
44057 16
44058 16
44059 16
44060 16
44061 17
44062 17
44063 17
44064 17
44065 17
44066 17
44067 18
44068 18
44069 18
44070 18
44071 18
44072 18
44073 19
44074 19
44075 19
44076 19
44077 20
44078 20
44079 20
44080 20
44081 21
44082 21
44083 21
44084 21
44085 22
44086 22
44087 22
44088 22
44089 23
44090 23
44091 23
44092 23
44093 24
44094 24
44095 24
44096 24
44097 25
44098 25
44099 25
44100 25
44101 25
44102 26
44103 26
44104 26
44105 26
44106 27
44107 27
44108 27
44109 27
44110 28
44111 28
44112 28
44113 28
44114 28
44115 29
44116 29
44117 29
44118 29
44119 29
44120 30
44121 30
44122 30
44123 30
44124 30
44125 31
44126 31
44127 31
44128 31
44129 31
44130 32
44131 32
44132 32
44133 32
44134 32
44135 32
44136 33
44137 33
44138 33
44139 33
44140 33
44141 33
44142 33
44143 33
44144 33
44145 34
44146 34
44147 34
44148 34
44149 34
44150 34
44151 34
44152 34
44153 34
44154 34
44155 34
44156 34
44157 34
44158 34
44159 34
44160 34
44161 34
44162 34
44163 34
44164 34
44165 34
44166 34
44167 34
44168 34
44169 34
44170 34
44171 34
44172 34
44173 34
44174 34
44175 34
44176 34
44177 34
44178 34
44179 34
44180 34
44181 33
44182 33
44183 33
44184 33
44185 33
44186 33
44187 32
44188 32
44189 32
44190 32
44191 32
44192 32
44193 31
44194 31
44195 31
44196 31
44197 30
44198 30
44199 30
44200 29
44201 29
44202 28
44203 28
44204 28
44205 27
44206 27
44207 27
44208 26
44209 26
44210 26
44211 25
44212 25
44213 24
44214 24
44215 24
44216 23
44217 23
44218 22
44219 22
44220 21
44221 21
44222 20
44223 20
44224 19
44225 19
44226 18
44227 18
44228 17
44229 17
44230 16
44231 16
44232 15
44233 15
44234 14
44235 14
44236 13
44237 13
44238 12
44239 11
44240 11
44241 10
44242 10
44243 9
44244 9
44245 8
44246 8
44247 7
44248 7
44249 6
44250 6
44251 5
44252 5
44253 5
44254 4
44255 4
44256 4
44257 4
44258 4
44259 4
44260 4
44261 4
44262 5
44263 5
44264 5
44265 6
44266 6
44267 7
44268 7
44269 8
44270 8
44271 9
44272 9
44273 10
44274 10
44275 11
44276 11
44277 12
44278 12
44279 12
44280 13
44281 13
44282 14
44283 14
44284 15
44285 15
44286 16
44287 16
44288 17
44289 17
44290 18
44291 18
44292 19
44293 19
44294 19
44295 20
44296 20
44297 21
44298 21
44299 21
44300 22
44301 22
44302 22
44303 23
44304 23
44305 23
44306 23
44307 24
44308 24
44309 24
44310 25
44311 25
44312 25
44313 25
44314 26
44315 26
44316 26
44317 26
44318 27
44319 27
44320 27
44321 27
44322 27
44323 28
44324 28
44325 28
44326 28
44327 28
44328 29
44329 29
44330 29
44331 29
44332 29
44333 29
44334 29
44335 30
44336 30
44337 30
44338 30
44339 30
44340 30
44341 30
44342 30
44343 30
44344 30
44345 30
44346 31
44347 31
44348 31
44349 31
44350 31
44351 31
44352 31
44353 31
44354 31
44355 31
44356 31
44357 31
44358 31
44359 31
44360 31
44361 31
44362 31
44363 31
44364 30
44365 30
44366 30
44367 30
44368 30
44369 30
44370 30
44371 29
44372 29
44373 29
44374 29
44375 29
44376 28
44377 28
44378 28
44379 28
44380 27
44381 27
44382 27
44383 27
44384 26
44385 26
44386 26
44387 26
44388 25
44389 25
44390 25
44391 24
44392 24
44393 24
44394 23
44395 23
44396 22
44397 22
44398 22
44399 21
44400 21
44401 20
44402 20
44403 20
44404 19
44405 19
44406 18
44407 18
44408 18
44409 17
44410 17
44411 16
44412 16
44413 16
44414 15
44415 15
44416 14
44417 14
44418 14
44419 13
44420 13
44421 12
44422 12
44423 12
44424 11
44425 11
44426 10
44427 10
44428 10
44429 9
44430 9
44431 8
44432 8
44433 8
44434 7
44435 7
44436 7
44437 6
44438 6
44439 6
44440 6
44441 5
44442 5
44443 5
44444 5
44445 5
44446 5
44447 5
44448 5
44449 5
44450 5
44451 6
44452 6
44453 6
44454 6
44455 7
44456 7
44457 7
44458 8
44459 8
44460 8
44461 9
44462 9
44463 10
44464 10
44465 10
44466 11
44467 11
44468 12
44469 12
44470 13
44471 13
44472 13
44473 14
44474 14
44475 15
44476 15
44477 16
44478 16
44479 16
44480 17
44481 17
44482 18
44483 18
44484 19
44485 19
44486 19
44487 20
44488 20
44489 21
44490 21
44491 21
44492 22
44493 22
44494 23
44495 23
44496 23
44497 24
44498 24
44499 24
44500 25
44501 25
44502 25
44503 26
44504 26
44505 26
44506 27
44507 27
44508 27
44509 28
44510 28
44511 28
44512 29
44513 29
44514 29
44515 30
44516 30
44517 30
44518 31
44519 31
44520 31
44521 32
44522 32
44523 32
44524 32
44525 32
44526 33
44527 33
44528 33
44529 33
44530 33
44531 34
44532 34
44533 34
44534 34
44535 34
44536 35
44537 35
44538 35
44539 35
44540 35
44541 36
44542 36
44543 36
44544 36
44545 36
44546 37
44547 37
44548 37
44549 37
44550 37
44551 37
44552 37
44553 37
44554 38
44555 38
44556 38
44557 38
44558 38
44559 38
44560 38
44561 38
44562 38
44563 38
44564 38
44565 38
44566 38
44567 39
44568 39
44569 39
44570 39
44571 39
44572 39
44573 39
44574 39
44575 39
44576 38
44577 38
44578 38
44579 38
44580 38
44581 38
44582 38
44583 38
44584 38
44585 38
44586 38
44587 38
44588 38
44589 37
44590 37
44591 37
44592 37
44593 37
44594 37
44595 37
44596 37
44597 37
44598 36
44599 36
44600 36
44601 35
44602 35
44603 35
44604 35
44605 35
44606 35
44607 35
44608 34
44609 34
44610 34
44611 34
44612 34
44613 34
44614 34
44615 33
44616 33
44617 33
44618 33
44619 32
44620 32
44621 32
44622 32
44623 31
44624 31
44625 31
44626 31
44627 31
44628 31
44629 31
44630 30
44631 30
44632 30
44633 30
44634 30
44635 29
44636 29
44637 29
44638 29
44639 29
44640 28
44641 28
44642 28
44643 28
44644 28
44645 28
44646 27
44647 27
44648 27
44649 27
44650 27
44651 27
44652 27
44653 27
44654 26
44655 26
44656 26
44657 26
44658 26
44659 26
44660 26
44661 26
44662 26
44663 26
44664 26
44665 26
44666 25
44667 25
44668 25
44669 25
44670 25
44671 25
44672 25
44673 25
44674 25
44675 25
44676 25
44677 25
44678 25
44679 25
44680 25
44681 25
44682 25
44683 25
44684 24
44685 24
44686 24
44687 24
44688 24
44689 24
44690 24
44691 24
44692 24
44693 24
44694 24
44695 24
44696 24
44697 24
44698 24
44699 24
44700 24
44701 24
44702 24
44703 24
44704 24
44705 23
44706 23
44707 23
44708 23
44709 23
44710 23
44711 23
44712 23
44713 23
44714 23
44715 23
44716 23
44717 22
44718 22
44719 22
44720 22
44721 22
44722 22
44723 22
44724 22
44725 22
44726 22
44727 22
44728 22
44729 21
44730 21
44731 21
44732 21
44733 21
44734 21
44735 21
44736 21
44737 21
44738 21
44739 21
44740 20
44741 20
44742 20
44743 20
44744 20
44745 20
44746 20
44747 20
44748 20
44749 20
44750 20
44751 20
44752 20
44753 19
44754 19
44755 19
44756 19
44757 19
44758 19
44759 19
44760 19
44761 19
44762 19
44763 19
44764 19
44765 18
44766 18
44767 18
44768 18
44769 18
44770 18
44771 18
44772 18
44773 18
44774 18
44775 18
44776 18
44777 18
44778 18
44779 18
44780 18
44781 18
44782 18
44783 18
44784 18
44785 18
44786 18
44787 18
44788 18
44789 19
44790 19
44791 19
44792 19
44793 19
44794 19
44795 19
44796 19
44797 19
44798 19
44799 19
44800 19
44801 19
44802 19
44803 19
44804 20
44805 20
44806 20
44807 20
44808 20
44809 20
44810 20
44811 20
44812 20
44813 20
44814 20
44815 21
44816 21
44817 21
44818 21
44819 21
44820 21
44821 21
44822 21
44823 21
44824 22
44825 22
44826 22
44827 22
44828 22
44829 22
44830 22
44831 22
44832 22
44833 22
44834 22
44835 23
44836 23
44837 23
44838 23
44839 23
44840 23
44841 23
44842 23
44843 23
44844 23
44845 23
44846 23
44847 23
44848 23
44849 23
44850 23
44851 23
44852 23
44853 23
44854 23
44855 23
44856 23
44857 23
44858 23
44859 23
44860 23
44861 23
44862 23
44863 23
44864 23
44865 23
44866 23
44867 23
44868 23
44869 23
44870 23
44871 23
44872 22
44873 22
44874 22
44875 22
44876 22
44877 22
44878 22
44879 21
44880 21
44881 21
44882 21
44883 21
44884 21
44885 20
44886 20
44887 20
44888 20
44889 19
44890 19
44891 19
44892 18
44893 18
44894 18
44895 18
44896 17
44897 17
44898 17
44899 16
44900 16
44901 16
44902 15
44903 15
44904 15
44905 14
44906 14
44907 13
44908 13
44909 13
44910 12
44911 12
44912 11
44913 11
44914 11
44915 10
44916 10
44917 9
44918 9
44919 9
44920 8
44921 8
44922 7
44923 7
44924 6
44925 6
44926 5
44927 5
44928 5
44929 4
44930 4
44931 3
44932 3
44933 3
44934 3
44935 3
44936 3
44937 3
44938 3
44939 3
44940 4
44941 4
44942 4
44943 5
44944 5
44945 5
44946 6
44947 6
44948 7
44949 7
44950 8
44951 8
44952 9
44953 9
44954 10
44955 10
44956 11
44957 11
44958 12
44959 12
44960 13
44961 13
44962 13
44963 14
44964 14
44965 15
44966 15
44967 16
44968 16
44969 17
44970 17
44971 18
44972 18
44973 18
44974 19
44975 19
44976 20
44977 20
44978 20
44979 21
44980 21
44981 21
44982 22
44983 22
44984 22
44985 23
44986 23
44987 23
44988 24
44989 24
44990 24
44991 24
44992 25
44993 25
44994 25
44995 25
44996 26
44997 26
44998 26
44999 26
45000 26
45001 26
45002 27
45003 27
45004 27
45005 27
45006 27
45007 27
45008 27
45009 27
45010 27
45011 26
45012 26
45013 26
45014 26
45015 26
45016 26
45017 26
45018 25
45019 25
45020 25
45021 25
45022 24
45023 24
45024 24
45025 24
45026 23
45027 23
45028 23
45029 22
45030 22
45031 22
45032 21
45033 21
45034 21
45035 20
45036 20
45037 19
45038 19
45039 18
45040 18
45041 18
45042 17
45043 17
45044 16
45045 16
45046 16
45047 15
45048 15
45049 14
45050 14
45051 14
45052 13
45053 13
45054 13
45055 12
45056 12
45057 12
45058 11
45059 11
45060 11
45061 11
45062 10
45063 10
45064 10
45065 10
45066 10
45067 9
45068 9
45069 10
45070 10
45071 10
45072 10
45073 10
45074 10
45075 10
45076 10
45077 10
45078 11
45079 11
45080 11
45081 12
45082 12
45083 12
45084 12
45085 13
45086 13
45087 14
45088 14
45089 14
45090 15
45091 15
45092 15
45093 16
45094 16
45095 16
45096 17
45097 17
45098 17
45099 18
45100 18
45101 19
45102 19
45103 19
45104 20
45105 20
45106 20
45107 21
45108 21
45109 21
45110 22
45111 22
45112 22
45113 23
45114 23
45115 23
45116 23
45117 24
45118 24
45119 24
45120 25
45121 25
45122 25
45123 25
45124 26
45125 26
45126 26
45127 26
45128 26
45129 27
45130 27
45131 27
45132 27
45133 28
45134 28
45135 28
45136 28
45137 28
45138 28
45139 29
45140 29
45141 29
45142 29
45143 29
45144 29
45145 29
45146 30
45147 30
45148 30
45149 30
45150 30
45151 30
45152 30
45153 30
45154 30
45155 30
45156 30
45157 30
45158 30
45159 30
45160 31
45161 31
45162 31
45163 30
45164 30
45165 30
45166 30
45167 30
45168 30
45169 30
45170 30
45171 30
45172 30
45173 30
45174 29
45175 29
45176 29
45177 29
45178 29
45179 29
45180 29
45181 29
45182 28
45183 28
45184 28
45185 28
45186 28
45187 28
45188 28
45189 27
45190 27
45191 27
45192 27
45193 27
45194 27
45195 26
45196 26
45197 26
45198 26
45199 26
45200 25
45201 25
45202 25
45203 25
45204 25
45205 25
45206 24
45207 24
45208 24
45209 24
45210 24
45211 23
45212 23
45213 23
45214 23
45215 23
45216 22
45217 22
45218 22
45219 22
45220 22
45221 22
45222 21
45223 21
45224 21
45225 21
45226 21
45227 20
45228 20
45229 20
45230 20
45231 20
45232 19
45233 19
45234 19
45235 19
45236 19
45237 18
45238 18
45239 18
45240 18
45241 18
45242 17
45243 17
45244 17
45245 17
45246 17
45247 17
45248 17
45249 16
45250 16
45251 16
45252 16
45253 16
45254 15
45255 15
45256 15
45257 15
45258 15
45259 15
45260 15
45261 14
45262 14
45263 14
45264 14
45265 14
45266 14
45267 13
45268 13
45269 13
45270 13
45271 13
45272 12
45273 12
45274 12
45275 12
45276 12
45277 12
45278 11
45279 11
45280 11
45281 11
45282 11
45283 11
45284 10
45285 10
45286 10
45287 10
45288 10
45289 9
45290 9
45291 9
45292 9
45293 9
45294 8
45295 8
45296 8
45297 8
45298 8
45299 7
45300 7
45301 7
45302 7
45303 7
45304 7
45305 6
45306 6
45307 6
45308 6
45309 6
45310 5
45311 5
45312 5
45313 5
45314 5
45315 5
45316 4
45317 4
45318 4
45319 4
45320 4
45321 4
45322 4
45323 4
45324 3
45325 3
45326 3
45327 3
45328 3
45329 3
45330 3
45331 3
45332 3
45333 3
45334 3
45335 3
45336 3
45337 3
45338 3
45339 3
45340 4
45341 4
45342 4
45343 4
45344 4
45345 4
45346 4
45347 4
45348 4
45349 4
45350 4
45351 4
45352 4
45353 4
45354 4
45355 4
45356 4
45357 5
45358 5
45359 5
45360 5
45361 5
45362 5
45363 5
45364 5
45365 5
45366 5
45367 5
45368 5
45369 5
45370 5
45371 5
45372 5
45373 6
45374 6
45375 6
45376 6
45377 6
45378 6
45379 6
45380 6
45381 6
45382 6
45383 6
45384 7
45385 7
45386 7
45387 7
45388 7
45389 7
45390 7
45391 7
45392 7
45393 7
45394 7
45395 8
45396 8
45397 8
45398 8
45399 8
45400 8
45401 8
45402 8
45403 8
45404 8
45405 8
45406 8
45407 8
45408 8
45409 9
45410 9
45411 9
45412 9
45413 9
45414 9
45415 9
45416 9
45417 9
45418 9
45419 9
45420 9
45421 9
45422 9
45423 9
45424 9
45425 9
45426 10
45427 10
45428 10
45429 10
45430 10
45431 10
45432 10
45433 10
45434 10
45435 10
45436 10
45437 10
45438 11
45439 11
45440 11
45441 11
45442 11
45443 11
45444 12
45445 12
45446 12
45447 12
45448 12
45449 12
45450 12
45451 12
45452 13
45453 13
45454 13
45455 13
45456 13
45457 13
45458 14
45459 14
45460 14
45461 14
45462 14
45463 15
45464 15
45465 15
45466 15
45467 16
45468 16
45469 16
45470 16
45471 16
45472 16
45473 17
45474 17
45475 17
45476 17
45477 17
45478 18
45479 18
45480 18
45481 18
45482 18
45483 18
45484 19
45485 19
45486 19
45487 19
45488 19
45489 19
45490 19
45491 19
45492 19
45493 19
45494 19
45495 19
45496 19
45497 19
45498 19
45499 19
45500 19
45501 19
45502 19
45503 19
45504 19
45505 18
45506 18
45507 18
45508 18
45509 18
45510 18
45511 18
45512 18
45513 18
45514 17
45515 17
45516 17
45517 17
45518 17
45519 16
45520 16
45521 16
45522 16
45523 15
45524 15
45525 15
45526 15
45527 15
45528 14
45529 14
45530 14
45531 14
45532 13
45533 13
45534 13
45535 13
45536 12
45537 12
45538 12
45539 12
45540 11
45541 11
45542 11
45543 11
45544 10
45545 10
45546 10
45547 10
45548 10
45549 10
45550 9
45551 9
45552 9
45553 9
45554 9
45555 9
45556 9
45557 9
45558 9
45559 9
45560 9
45561 9
45562 10
45563 10
45564 10
45565 10
45566 10
45567 10
45568 11
45569 11
45570 11
45571 11
45572 12
45573 12
45574 12
45575 13
45576 13
45577 13
45578 14
45579 14
45580 14
45581 15
45582 15
45583 15
45584 16
45585 16
45586 16
45587 17
45588 17
45589 18
45590 18
45591 18
45592 19
45593 19
45594 19
45595 19
45596 20
45597 20
45598 21
45599 21
45600 21
45601 22
45602 22
45603 23
45604 23
45605 23
45606 24
45607 24
45608 24
45609 25
45610 25
45611 25
45612 26
45613 26
45614 26
45615 26
45616 27
45617 27
45618 27
45619 28
45620 28
45621 28
45622 28
45623 29
45624 29
45625 29
45626 29
45627 30
45628 30
45629 30
45630 30
45631 31
45632 31
45633 31
45634 31
45635 32
45636 32
45637 32
45638 32
45639 33
45640 33
45641 33
45642 33
45643 33
45644 33
45645 33
45646 33
45647 33
45648 33
45649 33
45650 33
45651 34
45652 34
45653 34
45654 34
45655 34
45656 34
45657 34
45658 34
45659 34
45660 34
45661 34
45662 34
45663 34
45664 33
45665 33
45666 33
45667 33
45668 33
45669 33
45670 33
45671 33
45672 33
45673 32
45674 32
45675 32
45676 32
45677 32
45678 31
45679 31
45680 31
45681 31
45682 31
45683 30
45684 30
45685 30
45686 30
45687 29
45688 29
45689 29
45690 28
45691 28
45692 28
45693 28
45694 27
45695 27
45696 26
45697 26
45698 26
45699 25
45700 25
45701 25
45702 24
45703 24
45704 24
45705 23
45706 23
45707 22
45708 22
45709 22
45710 21
45711 21
45712 20
45713 20
45714 20
45715 19
45716 19
45717 19
45718 18
45719 18
45720 18
45721 17
45722 17
45723 16
45724 16
45725 16
45726 15
45727 15
45728 15
45729 14
45730 14
45731 14
45732 13
45733 13
45734 13
45735 13
45736 12
45737 12
45738 12
45739 12
45740 11
45741 11
45742 11
45743 11
45744 11
45745 10
45746 10
45747 10
45748 10
45749 10
45750 10
45751 9
45752 9
45753 9
45754 9
45755 9
45756 9
45757 9
45758 9
45759 9
45760 9
45761 9
45762 9
45763 9
45764 9
45765 9
45766 9
45767 9
45768 9
45769 9
45770 10
45771 10
45772 10
45773 10
45774 10
45775 10
45776 10
45777 10
45778 10
45779 10
45780 10
45781 10
45782 10
45783 10
45784 10
45785 10
45786 10
45787 10
45788 10
45789 11
45790 11
45791 11
45792 11
45793 11
45794 11
45795 11
45796 11
45797 11
45798 11
45799 11
45800 11
45801 11
45802 11
45803 11
45804 11
45805 11
45806 11
45807 11
45808 11
45809 11
45810 11
45811 11
45812 11
45813 11
45814 11
45815 12
45816 12
45817 12
45818 12
45819 12
45820 12
45821 12
45822 12
45823 12
45824 12
45825 13
45826 13
45827 13
45828 13
45829 13
45830 13
45831 14
45832 14
45833 14
45834 14
45835 14
45836 15
45837 15
45838 15
45839 15
45840 15
45841 16
45842 16
45843 16
45844 16
45845 17
45846 17
45847 17
45848 17
45849 18
45850 18
45851 18
45852 18
45853 19
45854 19
45855 19
45856 19
45857 19
45858 20
45859 20
45860 20
45861 20
45862 21
45863 21
45864 21
45865 21
45866 21
45867 22
45868 22
45869 22
45870 22
45871 22
45872 23
45873 23
45874 23
45875 23
45876 23
45877 23
45878 24
45879 24
45880 24
45881 24
45882 24
45883 24
45884 25
45885 25
45886 25
45887 25
45888 25
45889 25
45890 25
45891 25
45892 25
45893 26
45894 26
45895 26
45896 26
45897 26
45898 26
45899 26
45900 26
45901 26
45902 26
45903 26
45904 26
45905 26
45906 26
45907 26
45908 26
45909 26
45910 27
45911 27
45912 27
45913 27
45914 27
45915 27
45916 27
45917 27
45918 27
45919 27
45920 27
45921 27
45922 27
45923 27
45924 27
45925 27
45926 27
45927 27
45928 27
45929 27
45930 27
45931 26
45932 26
45933 26
45934 26
45935 26
45936 26
45937 26
45938 26
45939 26
45940 26
45941 25
45942 25
45943 25
45944 25
45945 25
45946 25
45947 25
45948 25
45949 25
45950 24
45951 24
45952 24
45953 24
45954 24
45955 24
45956 24
45957 23
45958 23
45959 23
45960 23
45961 23
45962 23
45963 23
45964 22
45965 22
45966 22
45967 21
45968 21
45969 21
45970 21
45971 21
45972 20
45973 20
45974 20
45975 19
45976 19
45977 19
45978 19
45979 18
45980 18
45981 18
45982 18
45983 18
45984 17
45985 17
45986 17
45987 16
45988 16
45989 15
45990 15
45991 15
45992 14
45993 14
45994 14
45995 13
45996 13
45997 13
45998 13
45999 13
46000 12
46001 12
46002 12
46003 12
46004 11
46005 11
46006 11
46007 10
46008 10
46009 10
46010 10
46011 10
46012 9
46013 9
46014 9
46015 9
46016 9
46017 8
46018 8
46019 8
46020 8
46021 8
46022 8
46023 8
46024 7
46025 7
46026 7
46027 7
46028 7
46029 7
46030 7
46031 7
46032 7
46033 7
46034 7
46035 7
46036 7
46037 8
46038 8
46039 8
46040 8
46041 8
46042 9
46043 9
46044 9
46045 9
46046 9
46047 10
46048 10
46049 10
46050 10
46051 11
46052 11
46053 11
46054 11
46055 11
46056 11
46057 12
46058 12
46059 12
46060 12
46061 13
46062 13
46063 13
46064 13
46065 14
46066 14
46067 14
46068 15
46069 15
46070 15
46071 15
46072 15
46073 15
46074 16
46075 16
46076 16
46077 16
46078 16
46079 16
46080 16
46081 17
46082 17
46083 17
46084 17
46085 17
46086 17
46087 17
46088 17
46089 17
46090 17
46091 17
46092 17
46093 17
46094 17
46095 17
46096 17
46097 17
46098 17
46099 17
46100 17
46101 17
46102 17
46103 17
46104 17
46105 16
46106 16
46107 16
46108 16
46109 16
46110 16
46111 16
46112 16
46113 15
46114 15
46115 15
46116 15
46117 15
46118 15
46119 15
46120 14
46121 14
46122 14
46123 14
46124 14
46125 14
46126 13
46127 13
46128 13
46129 13
46130 13
46131 12
46132 12
46133 12
46134 12
46135 12
46136 12
46137 12
46138 12
46139 11
46140 11
46141 11
46142 11
46143 11
46144 11
46145 11
46146 11
46147 11
46148 11
46149 11
46150 11
46151 11
46152 11
46153 11
46154 11
46155 11
46156 11
46157 11
46158 12
46159 12
46160 12
46161 12
46162 12
46163 13
46164 13
46165 13
46166 13
46167 13
46168 13
46169 14
46170 14
46171 14
46172 14
46173 15
46174 15
46175 15
46176 15
46177 16
46178 16
46179 16
46180 16
46181 17
46182 17
46183 17
46184 17
46185 18
46186 18
46187 18
46188 19
46189 19
46190 19
46191 19
46192 20
46193 20
46194 20
46195 20
46196 21
46197 21
46198 21
46199 21
46200 22
46201 22
46202 22
46203 22
46204 23
46205 23
46206 23
46207 23
46208 24
46209 24
46210 24
46211 24
46212 24
46213 25
46214 25
46215 25
46216 25
46217 25
46218 25
46219 26
46220 26
46221 26
46222 26
46223 26
46224 26
46225 26
46226 27
46227 27
46228 27
46229 27
46230 27
46231 27
46232 27
46233 27
46234 27
46235 27
46236 27
46237 27
46238 27
46239 28
46240 28
46241 28
46242 28
46243 28
46244 28
46245 28
46246 28
46247 28
46248 28
46249 28
46250 28
46251 28
46252 28
46253 28
46254 27
46255 27
46256 27
46257 27
46258 27
46259 27
46260 27
46261 27
46262 27
46263 27
46264 26
46265 26
46266 26
46267 26
46268 26
46269 26
46270 26
46271 25
46272 25
46273 25
46274 25
46275 25
46276 24
46277 24
46278 24
46279 24
46280 24
46281 23
46282 23
46283 23
46284 23
46285 22
46286 22
46287 22
46288 22
46289 21
46290 21
46291 21
46292 21
46293 20
46294 20
46295 20
46296 20
46297 19
46298 19
46299 19
46300 19
46301 18
46302 18
46303 18
46304 18
46305 17
46306 17
46307 17
46308 17
46309 16
46310 16
46311 16
46312 16
46313 16
46314 16
46315 15
46316 15
46317 15
46318 15
46319 15
46320 15
46321 15
46322 14
46323 14
46324 14
46325 14
46326 14
46327 14
46328 14
46329 14
46330 14
46331 14
46332 14
46333 14
46334 14
46335 14
46336 14
46337 13
46338 13
46339 13
46340 13
46341 13
46342 13
46343 13
46344 13
46345 13
46346 13
46347 13
46348 13
46349 13
46350 13
46351 13
46352 13
46353 13
46354 13
46355 13
46356 13
46357 13
46358 13
46359 13
46360 13
46361 13
46362 13
46363 13
46364 13
46365 13
46366 13
46367 13
46368 12
46369 12
46370 12
46371 12
46372 12
46373 12
46374 12
46375 12
46376 11
46377 11
46378 11
46379 11
46380 11
46381 11
46382 10
46383 10
46384 10
46385 10
46386 10
46387 9
46388 9
46389 9
46390 9
46391 9
46392 8
46393 8
46394 8
46395 8
46396 8
46397 7
46398 7
46399 7
46400 7
46401 7
46402 6
46403 6
46404 6
46405 6
46406 6
46407 5
46408 5
46409 5
46410 5
46411 5
46412 5
46413 5
46414 5
46415 5
46416 5
46417 5
46418 5
46419 5
46420 5
46421 5
46422 5
46423 5
46424 5
46425 6
46426 6
46427 6
46428 6
46429 6
46430 7
46431 7
46432 7
46433 7
46434 8
46435 8
46436 8
46437 8
46438 9
46439 9
46440 9
46441 9
46442 10
46443 10
46444 10
46445 11
46446 11
46447 11
46448 11
46449 12
46450 12
46451 12
46452 12
46453 13
46454 13
46455 13
46456 13
46457 13
46458 14
46459 14
46460 14
46461 14
46462 15
46463 15
46464 15
46465 15
46466 15
46467 15
46468 16
46469 16
46470 16
46471 16
46472 16
46473 16
46474 16
46475 17
46476 17
46477 17
46478 17
46479 17
46480 17
46481 17
46482 17
46483 17
46484 17
46485 17
46486 17
46487 17
46488 18
46489 18
46490 18
46491 18
46492 18
46493 18
46494 18
46495 18
46496 18
46497 18
46498 18
46499 18
46500 18
46501 18
46502 18
46503 18
46504 18
46505 18
46506 18
46507 17
46508 17
46509 17
46510 17
46511 17
46512 17
46513 17
46514 17
46515 17
46516 17
46517 17
46518 17
46519 17
46520 17
46521 17
46522 16
46523 16
46524 16
46525 16
46526 16
46527 16
46528 16
46529 16
46530 16
46531 16
46532 16
46533 15
46534 15
46535 15
46536 15
46537 15
46538 15
46539 15
46540 15
46541 15
46542 15
46543 14
46544 14
46545 14
46546 14
46547 14
46548 14
46549 14
46550 14
46551 14
46552 14
46553 14
46554 14
46555 13
46556 13
46557 13
46558 13
46559 13
46560 13
46561 13
46562 13
46563 13
46564 13
46565 13
46566 13
46567 13
46568 13
46569 13
46570 13
46571 13
46572 13
46573 13
46574 13
46575 13
46576 13
46577 13
46578 13
46579 13
46580 13
46581 13
46582 13
46583 13
46584 13
46585 13
46586 13
46587 14
46588 14
46589 14
46590 14
46591 14
46592 14
46593 14
46594 14
46595 14
46596 14
46597 14
46598 14
46599 14
46600 14
46601 14
46602 14
46603 14
46604 14
46605 14
46606 14
46607 14
46608 14
46609 14
46610 14
46611 14
46612 14
46613 14
46614 14
46615 14
46616 14
46617 14
46618 14
46619 14
46620 14
46621 14
46622 14
46623 15
46624 15
46625 15
46626 15
46627 15
46628 15
46629 15
46630 15
46631 15
46632 15
46633 15
46634 15
46635 15
46636 15
46637 15
46638 15
46639 15
46640 15
46641 14
46642 14
46643 14
46644 15
46645 15
46646 15
46647 15
46648 15
46649 15
46650 15
46651 15
46652 15
46653 15
46654 15
46655 15
46656 15
46657 15
46658 15
46659 15
46660 15
46661 15
46662 15
46663 15
46664 15
46665 15
46666 15
46667 15
46668 15
46669 15
46670 15
46671 15
46672 15
46673 15
46674 15
46675 15
46676 15
46677 15
46678 15
46679 15
46680 15
46681 15
46682 15
46683 15
46684 15
46685 15
46686 15
46687 15
46688 15
46689 14
46690 14
46691 14
46692 14
46693 14
46694 14
46695 14
46696 14
46697 14
46698 14
46699 14
46700 14
46701 14
46702 14
46703 14
46704 13
46705 13
46706 13
46707 13
46708 13
46709 13
46710 13
46711 12
46712 12
46713 12
46714 12
46715 12
46716 12
46717 12
46718 12
46719 11
46720 11
46721 11
46722 11
46723 11
46724 11
46725 10
46726 10
46727 10
46728 10
46729 10
46730 10
46731 9
46732 9
46733 9
46734 9
46735 9
46736 9
46737 8
46738 8
46739 8
46740 8
46741 8
46742 7
46743 7
46744 7
46745 7
46746 7
46747 7
46748 7
46749 7
46750 6
46751 6
46752 6
46753 6
46754 6
46755 6
46756 6
46757 6
46758 6
46759 6
46760 6
46761 6
46762 7
46763 7
46764 7
46765 7
46766 7
46767 7
46768 7
46769 7
46770 8
46771 8
46772 8
46773 8
46774 8
46775 8
46776 9
46777 9
46778 9
46779 9
46780 9
46781 10
46782 10
46783 10
46784 10
46785 10
46786 11
46787 11
46788 11
46789 11
46790 11
46791 11
46792 12
46793 12
46794 12
46795 12
46796 13
46797 13
46798 13
46799 13
46800 13
46801 14
46802 14
46803 14
46804 14
46805 14
46806 15
46807 15
46808 15
46809 15
46810 15
46811 15
46812 16
46813 16
46814 16
46815 16
46816 16
46817 16
46818 17
46819 17
46820 17
46821 17
46822 17
46823 17
46824 17
46825 17
46826 18
46827 18
46828 18
46829 18
46830 18
46831 18
46832 18
46833 18
46834 18
46835 18
46836 18
46837 18
46838 18
46839 18
46840 18
46841 19
46842 19
46843 19
46844 19
46845 19
46846 19
46847 19
46848 19
46849 19
46850 19
46851 19
46852 19
46853 19
46854 19
46855 19
46856 19
46857 19
46858 19
46859 18
46860 18
46861 18
46862 18
46863 18
46864 18
46865 18
46866 18
46867 18
46868 18
46869 18
46870 18
46871 18
46872 18
46873 18
46874 18
46875 18
46876 18
46877 18
46878 17
46879 17
46880 17
46881 17
46882 17
46883 17
46884 17
46885 17
46886 17
46887 17
46888 16
46889 16
46890 16
46891 16
46892 16
46893 16
46894 16
46895 16
46896 16
46897 15
46898 15
46899 15
46900 15
46901 15
46902 15
46903 14
46904 14
46905 14
46906 14
46907 14
46908 14
46909 13
46910 13
46911 13
46912 13
46913 13
46914 12
46915 12
46916 12
46917 12
46918 12
46919 11
46920 11
46921 11
46922 11
46923 11
46924 10
46925 10
46926 10
46927 10
46928 10
46929 9
46930 9
46931 9
46932 9
46933 9
46934 9
46935 8
46936 8
46937 8
46938 8
46939 7
46940 7
46941 7
46942 7
46943 7
46944 7
46945 6
46946 6
46947 6
46948 6
46949 6
46950 6
46951 6
46952 6
46953 6
46954 6
46955 6
46956 6
46957 6
46958 6
46959 6
46960 6
46961 6
46962 6
46963 6
46964 7
46965 7
46966 7
46967 7
46968 7
46969 7
46970 8
46971 8
46972 8
46973 8
46974 8
46975 9
46976 9
46977 9
46978 9
46979 10
46980 10
46981 10
46982 11
46983 11
46984 11
46985 11
46986 12
46987 12
46988 12
46989 13
46990 13
46991 13
46992 13
46993 14
46994 14
46995 14
46996 14
46997 14
46998 15
46999 15
47000 15
47001 15
47002 16
47003 16
47004 16
47005 17
47006 17
47007 18
47008 18
47009 18
47010 18
47011 19
47012 19
47013 19
47014 19
47015 19
47016 20
47017 20
47018 20
47019 20
47020 20
47021 21
47022 21
47023 21
47024 21
47025 21
47026 21
47027 22
47028 22
47029 22
47030 22
47031 22
47032 22
47033 22
47034 22
47035 22
47036 22
47037 22
47038 22
47039 22
47040 22
47041 22
47042 22
47043 22
47044 22
47045 22
47046 22
47047 22
47048 22
47049 22
47050 21
47051 21
47052 21
47053 21
47054 21
47055 21
47056 20
47057 20
47058 20
47059 20
47060 19
47061 19
47062 19
47063 19
47064 18
47065 18
47066 18
47067 17
47068 17
47069 17
47070 16
47071 16
47072 16
47073 16
47074 15
47075 15
47076 15
47077 14
47078 14
47079 14
47080 13
47081 13
47082 13
47083 12
47084 12
47085 11
47086 11
47087 11
47088 10
47089 10
47090 10
47091 9
47092 9
47093 8
47094 8
47095 7
47096 7
47097 7
47098 6
47099 6
47100 6
47101 6
47102 5
47103 5
47104 5
47105 5
47106 5
47107 5
47108 4
47109 4
47110 4
47111 4
47112 4
47113 5
47114 5
47115 5
47116 5
47117 5
47118 5
47119 6
47120 6
47121 6
47122 6
47123 7
47124 7
47125 7
47126 7
47127 8
47128 8
47129 8
47130 9
47131 9
47132 9
47133 10
47134 10
47135 10
47136 11
47137 11
47138 11
47139 12
47140 12
47141 12
47142 13
47143 13
47144 13
47145 13
47146 14
47147 14
47148 14
47149 15
47150 15
47151 15
47152 15
47153 16
47154 16
47155 16
47156 17
47157 17
47158 17
47159 17
47160 17
47161 18
47162 18
47163 18
47164 18
47165 19
47166 19
47167 19
47168 19
47169 19
47170 20
47171 20
47172 20
47173 20
47174 20
47175 20
47176 21
47177 21
47178 21
47179 21
47180 21
47181 21
47182 21
47183 21
47184 22
47185 22
47186 22
47187 22
47188 22
47189 22
47190 22
47191 22
47192 22
47193 23
47194 23
47195 23
47196 23
47197 23
47198 23
47199 23
47200 23
47201 23
47202 23
47203 23
47204 23
47205 23
47206 23
47207 23
47208 23
47209 23
47210 23
47211 23
47212 23
47213 23
47214 23
47215 23
47216 23
47217 23
47218 23
47219 23
47220 23
47221 23
47222 23
47223 23
47224 22
47225 22
47226 22
47227 22
47228 22
47229 22
47230 22
47231 22
47232 21
47233 21
47234 21
47235 21
47236 21
47237 21
47238 21
47239 20
47240 20
47241 20
47242 20
47243 20
47244 19
47245 19
47246 19
47247 19
47248 19
47249 18
47250 18
47251 18
47252 17
47253 17
47254 17
47255 17
47256 17
47257 16
47258 16
47259 16
47260 15
47261 15
47262 15
47263 15
47264 14
47265 14
47266 13
47267 13
47268 13
47269 12
47270 12
47271 12
47272 11
47273 11
47274 10
47275 10
47276 9
47277 9
47278 9
47279 8
47280 8
47281 7
47282 7
47283 7
47284 7
47285 6
47286 6
47287 6
47288 6
47289 5
47290 5
47291 5
47292 4
47293 4
47294 4
47295 4
47296 4
47297 4
47298 4
47299 4
47300 4
47301 4
47302 4
47303 5
47304 5
47305 5
47306 6
47307 6
47308 7
47309 7
47310 7
47311 8
47312 8
47313 9
47314 9
47315 9
47316 10
47317 10
47318 11
47319 11
47320 11
47321 12
47322 12
47323 12
47324 13
47325 13
47326 13
47327 14
47328 14
47329 14
47330 15
47331 15
47332 15
47333 16
47334 16
47335 16
47336 16
47337 17
47338 17
47339 17
47340 17
47341 18
47342 18
47343 18
47344 18
47345 18
47346 18
47347 18
47348 18
47349 19
47350 19
47351 19
47352 19
47353 19
47354 19
47355 19
47356 19
47357 19
47358 19
47359 19
47360 19
47361 19
47362 19
47363 19
47364 19
47365 19
47366 19
47367 19
47368 19
47369 18
47370 18
47371 18
47372 18
47373 18
47374 18
47375 18
47376 17
47377 17
47378 17
47379 17
47380 17
47381 16
47382 16
47383 16
47384 16
47385 16
47386 15
47387 15
47388 15
47389 14
47390 14
47391 14
47392 13
47393 13
47394 13
47395 13
47396 12
47397 12
47398 12
47399 11
47400 11
47401 11
47402 10
47403 10
47404 10
47405 9
47406 9
47407 9
47408 8
47409 8
47410 8
47411 7
47412 7
47413 7
47414 6
47415 6
47416 6
47417 5
47418 5
47419 5
47420 4
47421 4
47422 4
47423 4
47424 4
47425 3
47426 3
47427 3
47428 3
47429 3
47430 3
47431 2
47432 2
47433 2
47434 2
47435 3
47436 3
47437 3
47438 3
47439 3
47440 4
47441 4
47442 4
47443 5
47444 5
47445 5
47446 5
47447 6
47448 6
47449 6
47450 6
47451 7
47452 7
47453 7
47454 8
47455 8
47456 8
47457 8
47458 9
47459 9
47460 9
47461 10
47462 10
47463 10
47464 10
47465 11
47466 11
47467 11
47468 12
47469 12
47470 12
47471 12
47472 13
47473 13
47474 13
47475 13
47476 14
47477 14
47478 14
47479 14
47480 15
47481 15
47482 15
47483 15
47484 16
47485 16
47486 16
47487 16
47488 17
47489 17
47490 17
47491 17
47492 17
47493 18
47494 18
47495 18
47496 18
47497 19
47498 19
47499 19
47500 19
47501 19
47502 19
47503 20
47504 20
47505 20
47506 20
47507 20
47508 20
47509 21
47510 21
47511 21
47512 21
47513 21
47514 21
47515 21
47516 22
47517 22
47518 22
47519 22
47520 22
47521 22
47522 22
47523 22
47524 22
47525 22
47526 22
47527 22
47528 22
47529 22
47530 22
47531 22
47532 22
47533 22
47534 22
47535 22
47536 22
47537 22
47538 22
47539 22
47540 22
47541 22
47542 22
47543 22
47544 22
47545 22
47546 21
47547 21
47548 21
47549 21
47550 21
47551 21
47552 21
47553 20
47554 20
47555 20
47556 20
47557 20
47558 20
47559 19
47560 19
47561 19
47562 19
47563 19
47564 18
47565 18
47566 18
47567 18
47568 17
47569 17
47570 17
47571 17
47572 16
47573 16
47574 16
47575 16
47576 15
47577 15
47578 15
47579 15
47580 14
47581 14
47582 14
47583 14
47584 13
47585 13
47586 13
47587 13
47588 12
47589 12
47590 12
47591 11
47592 11
47593 11
47594 11
47595 10
47596 10
47597 10
47598 10
47599 9
47600 9
47601 9
47602 9
47603 8
47604 8
47605 8
47606 8
47607 7
47608 7
47609 7
47610 7
47611 7
47612 7
47613 7
47614 7
47615 6
47616 6
47617 6
47618 6
47619 6
47620 6
47621 6
47622 6
47623 6
47624 6
47625 6
47626 6
47627 6
47628 6
47629 7
47630 7
47631 7
47632 7
47633 7
47634 7
47635 7
47636 8
47637 8
47638 8
47639 8
47640 8
47641 9
47642 9
47643 9
47644 9
47645 9
47646 10
47647 10
47648 10
47649 10
47650 10
47651 11
47652 11
47653 11
47654 11
47655 11
47656 12
47657 12
47658 12
47659 12
47660 12
47661 12
47662 13
47663 13
47664 13
47665 13
47666 13
47667 13
47668 13
47669 14
47670 14
47671 14
47672 14
47673 14
47674 14
47675 14
47676 14
47677 14
47678 14
47679 14
47680 15
47681 15
47682 15
47683 15
47684 15
47685 15
47686 15
47687 15
47688 15
47689 15
47690 15
47691 15
47692 15
47693 15
47694 15
47695 15
47696 15
47697 14
47698 14
47699 14
47700 14
47701 14
47702 14
47703 14
47704 14
47705 14
47706 14
47707 14
47708 14
47709 13
47710 13
47711 13
47712 13
47713 13
47714 13
47715 13
47716 13
47717 13
47718 12
47719 12
47720 12
47721 12
47722 12
47723 12
47724 12
47725 11
47726 11
47727 11
47728 11
47729 11
47730 11
47731 11
47732 10
47733 10
47734 10
47735 10
47736 10
47737 10
47738 9
47739 9
47740 9
47741 9
47742 9
47743 9
47744 9
47745 9
47746 9
47747 9
47748 9
47749 8
47750 8
47751 8
47752 8
47753 8
47754 8
47755 8
47756 8
47757 8
47758 8
47759 8
47760 8
47761 8
47762 8
47763 8
47764 8
47765 8
47766 8
47767 8
47768 8
47769 9
47770 9
47771 9
47772 9
47773 9
47774 9
47775 9
47776 9
47777 9
47778 9
47779 9
47780 10
47781 10
47782 10
47783 10
47784 10
47785 10
47786 10
47787 10
47788 10
47789 10
47790 10
47791 11
47792 11
47793 11
47794 11
47795 11
47796 11
47797 11
47798 11
47799 11
47800 11
47801 11
47802 11
47803 11
47804 11
47805 11
47806 11
47807 11
47808 11
47809 11
47810 11
47811 11
47812 11
47813 11
47814 10
47815 10
47816 10
47817 10
47818 10
47819 10
47820 10
47821 10
47822 10
47823 10
47824 10
47825 9
47826 9
47827 9
47828 9
47829 9
47830 9
47831 9
47832 8
47833 8
47834 8
47835 8
47836 8
47837 8
47838 8
47839 8
47840 7
47841 7
47842 7
47843 7
47844 7
47845 7
47846 7
47847 6
47848 6
47849 6
47850 6
47851 6
47852 6
47853 6
47854 6
47855 6
47856 6
47857 6
47858 6
47859 5
47860 5
47861 5
47862 5
47863 5
47864 5
47865 5
47866 5
47867 5
47868 5
47869 5
47870 5
47871 5
47872 5
47873 5
47874 5
47875 5
47876 5
47877 5
47878 5
47879 5
47880 5
47881 6
47882 6
47883 6
47884 6
47885 6
47886 6
47887 6
47888 6
47889 7
47890 7
47891 7
47892 7
47893 7
47894 7
47895 8
47896 8
47897 8
47898 8
47899 8
47900 9
47901 9
47902 9
47903 9
47904 9
47905 9
47906 10
47907 10
47908 10
47909 10
47910 10
47911 11
47912 11
47913 11
47914 11
47915 11
47916 12
47917 12
47918 12
47919 12
47920 12
47921 12
47922 13
47923 13
47924 13
47925 13
47926 13
47927 13
47928 13
47929 13
47930 14
47931 14
47932 14
47933 14
47934 14
47935 14
47936 14
47937 14
47938 14
47939 14
47940 14
47941 14
47942 14
47943 14
47944 14
47945 14
47946 14
47947 14
47948 14
47949 14
47950 14
47951 14
47952 14
47953 14
47954 14
47955 14
47956 14
47957 14
47958 14
47959 14
47960 13
47961 13
47962 13
47963 13
47964 13
47965 12
47966 12
47967 12
47968 12
47969 12
47970 12
47971 11
47972 11
47973 11
47974 11
47975 11
47976 10
47977 10
47978 10
47979 10
47980 10
47981 10
47982 9
47983 9
47984 9
47985 9
47986 9
47987 8
47988 8
47989 8
47990 8
47991 8
47992 7
47993 7
47994 7
47995 7
47996 7
47997 7
47998 7
47999 7
48000 8
48001 8
48002 8
48003 8
48004 8
48005 8
48006 8
48007 8
48008 8
48009 9
48010 9
48011 9
48012 9
48013 10
48014 10
48015 10
48016 10
48017 11
48018 11
48019 11
48020 12
48021 12
48022 12
48023 13
48024 13
48025 13
48026 14
48027 14
48028 14
48029 15
48030 15
48031 15
48032 16
48033 16
48034 16
48035 17
48036 17
48037 17
48038 18
48039 18
48040 18
48041 19
48042 19
48043 19
48044 20
48045 20
48046 20
48047 21
48048 21
48049 21
48050 22
48051 22
48052 22
48053 23
48054 23
48055 23
48056 24
48057 24
48058 24
48059 25
48060 25
48061 25
48062 25
48063 26
48064 26
48065 26
48066 27
48067 27
48068 27
48069 27
48070 28
48071 28
48072 28
48073 28
48074 28
48075 29
48076 29
48077 29
48078 29
48079 29
48080 29
48081 30
48082 30
48083 30
48084 30
48085 30
48086 30
48087 30
48088 30
48089 31
48090 31
48091 31
48092 31
48093 31
48094 31
48095 31
48096 31
48097 31
48098 31
48099 31
48100 31
48101 31
48102 31
48103 31
48104 31
48105 31
48106 31
48107 31
48108 31
48109 31
48110 31
48111 31
48112 31
48113 31
48114 30
48115 30
48116 30
48117 30
48118 30
48119 30
48120 30
48121 30
48122 30
48123 30
48124 29
48125 29
48126 29
48127 29
48128 29
48129 29
48130 29
48131 28
48132 28
48133 28
48134 28
48135 28
48136 28
48137 28
48138 27
48139 27
48140 27
48141 27
48142 27
48143 26
48144 26
48145 26
48146 26
48147 26
48148 25
48149 25
48150 25
48151 25
48152 25
48153 24
48154 24
48155 24
48156 24
48157 23
48158 23
48159 23
48160 23
48161 22
48162 22
48163 22
48164 22
48165 21
48166 21
48167 21
48168 21
48169 20
48170 20
48171 20
48172 20
48173 19
48174 19
48175 19
48176 19
48177 18
48178 18
48179 18
48180 18
48181 17
48182 17
48183 17
48184 17
48185 16
48186 16
48187 16
48188 16
48189 15
48190 15
48191 15
48192 15
48193 14
48194 14
48195 14
48196 14
48197 13
48198 13
48199 13
48200 13
48201 13
48202 13
48203 12
48204 12
48205 12
48206 12
48207 12
48208 12
48209 12
48210 12
48211 12
48212 12
48213 12
48214 12
48215 12
48216 12
48217 12
48218 12
48219 12
48220 12
48221 12
48222 12
48223 12
48224 12
48225 12
48226 13
48227 13
48228 13
48229 13
48230 13
48231 13
48232 13
48233 13
48234 13
48235 13
48236 13
48237 13
48238 13
48239 13
48240 14
48241 14
48242 14
48243 14
48244 14
48245 14
48246 14
48247 14
48248 14
48249 15
48250 15
48251 15
48252 15
48253 15
48254 15
48255 15
48256 15
48257 15
48258 15
48259 15
48260 15
48261 15
48262 14
48263 14
48264 14
48265 14
48266 14
48267 14
48268 14
48269 14
48270 14
48271 14
48272 14
48273 14
48274 14
48275 14
48276 14
48277 14
48278 14
48279 14
48280 14
48281 14
48282 14
48283 14
48284 14
48285 14
48286 14
48287 14
48288 14
48289 14
48290 14
48291 14
48292 14
48293 14
48294 14
48295 14
48296 14
48297 14
48298 14
48299 14
48300 14
48301 14
48302 14
48303 14
48304 14
48305 15
48306 15
48307 15
48308 15
48309 15
48310 15
48311 15
48312 15
48313 15
48314 15
48315 15
48316 15
48317 15
48318 15
48319 15
48320 16
48321 16
48322 16
48323 16
48324 16
48325 16
48326 16
48327 16
48328 16
48329 17
48330 17
48331 17
48332 17
48333 17
48334 17
48335 17
48336 17
48337 17
48338 17
48339 17
48340 18
48341 18
48342 18
48343 18
48344 18
48345 18
48346 18
48347 18
48348 18
48349 19
48350 19
48351 19
48352 19
48353 19
48354 19
48355 19
48356 19
48357 19
48358 19
48359 19
48360 20
48361 20
48362 20
48363 20
48364 20
48365 20
48366 20
48367 20
48368 20
48369 20
48370 20
48371 20
48372 20
48373 20
48374 20
48375 21
48376 21
48377 21
48378 21
48379 21
48380 21
48381 21
48382 21
48383 21
48384 21
48385 21
48386 21
48387 21
48388 21
48389 21
48390 21
48391 21
48392 21
48393 21
48394 21
48395 21
48396 21
48397 21
48398 21
48399 21
48400 21
48401 21
48402 21
48403 21
48404 21
48405 21
48406 21
48407 21
48408 21
48409 21
48410 21
48411 21
48412 21
48413 20
48414 20
48415 20
48416 20
48417 20
48418 20
48419 20
48420 20
48421 20
48422 20
48423 20
48424 20
48425 19
48426 19
48427 19
48428 19
48429 19
48430 19
48431 19
48432 19
48433 19
48434 19
48435 18
48436 18
48437 18
48438 18
48439 18
48440 18
48441 18
48442 18
48443 18
48444 18
48445 18
48446 18
48447 18
48448 18
48449 18
48450 17
48451 17
48452 17
48453 17
48454 17
48455 17
48456 17
48457 17
48458 17
48459 17
48460 17
48461 17
48462 17
48463 17
48464 17
48465 17
48466 17
48467 17
48468 17
48469 17
48470 17
48471 17
48472 17
48473 17
48474 17
48475 17
48476 17
48477 17
48478 17
48479 17
48480 17
48481 17
48482 17
48483 18
48484 18
48485 18
48486 18
48487 18
48488 18
48489 18
48490 18
48491 18
48492 18
48493 18
48494 18
48495 18
48496 18
48497 18
48498 18
48499 18
48500 18
48501 18
48502 18
48503 18
48504 18
48505 18
48506 18
48507 18
48508 18
48509 18
48510 18
48511 18
48512 18
48513 18
48514 18
48515 17
48516 17
48517 17
48518 17
48519 17
48520 17
48521 17
48522 16
48523 16
48524 16
48525 16
48526 16
48527 15
48528 15
48529 15
48530 15
48531 14
48532 14
48533 14
48534 14
48535 13
48536 13
48537 13
48538 12
48539 12
48540 12
48541 12
48542 11
48543 11
48544 11
48545 10
48546 10
48547 10
48548 9
48549 9
48550 8
48551 8
48552 8
48553 7
48554 7
48555 7
48556 6
48557 6
48558 6
48559 5
48560 5
48561 5
48562 4
48563 4
48564 4
48565 3
48566 3
48567 3
48568 3
48569 2
48570 2
48571 2
48572 2
48573 2
48574 2
48575 2
48576 2
48577 2
48578 3
48579 3
48580 3
48581 4
48582 4
48583 4
48584 5
48585 5
48586 5
48587 6
48588 6
48589 7
48590 7
48591 7
48592 8
48593 8
48594 8
48595 9
48596 9
48597 9
48598 10
48599 10
48600 10
48601 11
48602 11
48603 11
48604 12
48605 12
48606 12
48607 13
48608 13
48609 13
48610 13
48611 14
48612 14
48613 14
48614 14
48615 15
48616 15
48617 15
48618 15
48619 16
48620 16
48621 16
48622 16
48623 16
48624 17
48625 17
48626 17
48627 17
48628 17
48629 17
48630 17
48631 18
48632 18
48633 18
48634 18
48635 18
48636 18
48637 18
48638 18
48639 18
48640 18
48641 18
48642 18
48643 18
48644 18
48645 18
48646 18
48647 18
48648 18
48649 18
48650 18
48651 18
48652 18
48653 18
48654 18
48655 18
48656 18
48657 18
48658 18
48659 18
48660 18
48661 18
48662 18
48663 17
48664 17
48665 17
48666 17
48667 17
48668 17
48669 17
48670 17
48671 16
48672 16
48673 16
48674 16
48675 16
48676 16
48677 16
48678 15
48679 15
48680 15
48681 15
48682 15
48683 14
48684 14
48685 14
48686 14
48687 14
48688 13
48689 13
48690 13
48691 13
48692 13
48693 13
48694 12
48695 12
48696 12
48697 12
48698 12
48699 11
48700 11
48701 11
48702 11
48703 11
48704 11
48705 10
48706 10
48707 10
48708 10
48709 10
48710 10
48711 10
48712 9
48713 9
48714 9
48715 9
48716 9
48717 9
48718 9
48719 9
48720 9
48721 9
48722 9
48723 10
48724 10
48725 10
48726 10
48727 10
48728 10
48729 10
48730 10
48731 10
48732 11
48733 11
48734 11
48735 11
48736 11
48737 11
48738 12
48739 12
48740 12
48741 12
48742 13
48743 13
48744 13
48745 13
48746 14
48747 14
48748 14
48749 15
48750 15
48751 15
48752 16
48753 16
48754 16
48755 16
48756 17
48757 17
48758 17
48759 18
48760 18
48761 18
48762 18
48763 19
48764 19
48765 19
48766 20
48767 20
48768 20
48769 20
48770 21
48771 21
48772 21
48773 21
48774 21
48775 21
48776 22
48777 22
48778 22
48779 22
48780 22
48781 23
48782 23
48783 23
48784 23
48785 23
48786 23
48787 23
48788 23
48789 23
48790 23
48791 23
48792 23
48793 23
48794 23
48795 23
48796 23
48797 23
48798 23
48799 23
48800 23
48801 23
48802 23
48803 23
48804 23
48805 23
48806 23
48807 23
48808 22
48809 22
48810 22
48811 22
48812 22
48813 22
48814 22
48815 21
48816 21
48817 21
48818 21
48819 21
48820 21
48821 21
48822 21
48823 20
48824 20
48825 20
48826 20
48827 20
48828 20
48829 19
48830 19
48831 19
48832 19
48833 19
48834 19
48835 18
48836 18
48837 18
48838 18
48839 18
48840 18
48841 18
48842 18
48843 18
48844 18
48845 18
48846 18
48847 18
48848 17
48849 17
48850 17
48851 17
48852 17
48853 17
48854 17
48855 17
48856 17
48857 17
48858 17
48859 17
48860 17
48861 17
48862 17
48863 17
48864 17
48865 17
48866 17
48867 17
48868 17
48869 17
48870 18
48871 18
48872 18
48873 18
48874 18
48875 18
48876 18
48877 18
48878 18
48879 18
48880 19
48881 19
48882 19
48883 19
48884 19
48885 19
48886 20
48887 20
48888 20
48889 20
48890 20
48891 20
48892 20
48893 21
48894 21
48895 21
48896 21
48897 21
48898 21
48899 21
48900 22
48901 22
48902 22
48903 22
48904 22
48905 22
48906 22
48907 22
48908 23
48909 23
48910 23
48911 23
48912 23
48913 23
48914 24
48915 24
48916 24
48917 24
48918 24
48919 24
48920 24
48921 24
48922 25
48923 25
48924 25
48925 25
48926 25
48927 25
48928 25
48929 25
48930 25
48931 25
48932 25
48933 26
48934 26
48935 26
48936 26
48937 26
48938 26
48939 26
48940 26
48941 26
48942 26
48943 26
48944 26
48945 26
48946 26
48947 26
48948 26
48949 26
48950 26
48951 26
48952 26
48953 27
48954 27
48955 27
48956 27
48957 27
48958 27
48959 27
48960 27
48961 27
48962 27
48963 26
48964 26
48965 26
48966 26
48967 26
48968 26
48969 26
48970 26
48971 26
48972 26
48973 26
48974 26
48975 26
48976 26
48977 26
48978 25
48979 25
48980 25
48981 25
48982 25
48983 25
48984 25
48985 24
48986 24
48987 24
48988 24
48989 24
48990 24
48991 23
48992 23
48993 23
48994 23
48995 23
48996 22
48997 22
48998 22
48999 22
49000 21
49001 21
49002 21
49003 21
49004 20
49005 20
49006 20
49007 20
49008 19
49009 19
49010 19
49011 18
49012 18
49013 18
49014 18
49015 17
49016 17
49017 17
49018 16
49019 16
49020 16
49021 15
49022 15
49023 15
49024 15
49025 14
49026 14
49027 14
49028 13
49029 13
49030 13
49031 12
49032 12
49033 12
49034 12
49035 11
49036 11
49037 11
49038 10
49039 10
49040 10
49041 10
49042 10
49043 9
49044 9
49045 9
49046 9
49047 9
49048 8
49049 8
49050 8
49051 8
49052 8
49053 8
49054 8
49055 8
49056 8
49057 8
49058 8
49059 8
49060 8
49061 8
49062 8
49063 8
49064 8
49065 8
49066 8
49067 8
49068 8
49069 9
49070 9
49071 9
49072 9
49073 9
49074 10
49075 10
49076 10
49077 10
49078 11
49079 11
49080 11
49081 12
49082 12
49083 12
49084 12
49085 13
49086 13
49087 13
49088 14
49089 14
49090 14
49091 15
49092 15
49093 15
49094 15
49095 16
49096 16
49097 16
49098 17
49099 17
49100 17
49101 17
49102 18
49103 18
49104 18
49105 19
49106 19
49107 19
49108 19
49109 19
49110 20
49111 20
49112 20
49113 20
49114 20
49115 20
49116 20
49117 21
49118 21
49119 21
49120 21
49121 21
49122 21
49123 21
49124 21
49125 21
49126 21
49127 21
49128 21
49129 21
49130 21
49131 21
49132 21
49133 21
49134 21
49135 21
49136 21
49137 20
49138 20
49139 20
49140 20
49141 20
49142 20
49143 20
49144 19
49145 19
49146 19
49147 19
49148 19
49149 18
49150 18
49151 18
49152 18
49153 17
49154 17
49155 17
49156 16
49157 16
49158 16
49159 15
49160 15
49161 15
49162 15
49163 14
49164 14
49165 14
49166 13
49167 13
49168 13
49169 12
49170 12
49171 12
49172 11
49173 11
49174 11
49175 10
49176 10
49177 9
49178 9
49179 9
49180 8
49181 8
49182 8
49183 8
49184 7
49185 7
49186 6
49187 6
49188 6
49189 5
49190 5
49191 5
49192 5
49193 4
49194 4
49195 4
49196 4
49197 4
49198 4
49199 4
49200 4
49201 4
49202 4
49203 4
49204 4
49205 4
49206 5
49207 5
49208 5
49209 6
49210 6
49211 6
49212 7
49213 7
49214 7
49215 8
49216 8
49217 8
49218 9
49219 9
49220 9
49221 10
49222 10
49223 11
49224 11
49225 11
49226 12
49227 12
49228 13
49229 13
49230 13
49231 14
49232 14
49233 14
49234 15
49235 15
49236 15
49237 16
49238 16
49239 16
49240 17
49241 17
49242 17
49243 18
49244 18
49245 18
49246 18
49247 19
49248 19
49249 19
49250 20
49251 20
49252 20
49253 20
49254 21
49255 21
49256 21
49257 21
49258 21
49259 22
49260 22
49261 22
49262 22
49263 22
49264 23
49265 23
49266 23
49267 23
49268 23
49269 23
49270 24
49271 24
49272 24
49273 24
49274 24
49275 24
49276 24
49277 25
49278 25
49279 25
49280 25
49281 25
49282 25
49283 25
49284 25
49285 26
49286 26
49287 26
49288 26
49289 26
49290 26
49291 26
49292 26
49293 26
49294 26
49295 26
49296 27
49297 27
49298 27
49299 27
49300 27
49301 27
49302 27
49303 27
49304 27
49305 27
49306 27
49307 27
49308 27
49309 27
49310 27
49311 28
49312 28
49313 28
49314 28
49315 28
49316 28
49317 28
49318 28
49319 28
49320 28
49321 28
49322 28
49323 28
49324 28
49325 28
49326 28
49327 28
49328 28
49329 28
49330 28
49331 28
49332 28
49333 28
49334 28
49335 28
49336 28
49337 28
49338 28
49339 28
49340 28
49341 28
49342 28
49343 28
49344 28
49345 28
49346 28
49347 28
49348 28
49349 28
49350 28
49351 28
49352 28
49353 28
49354 28
49355 28
49356 28
49357 28
49358 28
49359 28
49360 28
49361 28
49362 28
49363 28
49364 28
49365 27
49366 27
49367 27
49368 27
49369 27
49370 27
49371 27
49372 27
49373 27
49374 27
49375 27
49376 27
49377 27
49378 27
49379 26
49380 26
49381 26
49382 26
49383 26
49384 26
49385 26
49386 26
49387 26
49388 26
49389 26
49390 26
49391 26
49392 26
49393 26
49394 26
49395 26
49396 26
49397 26
49398 26
49399 26
49400 26
49401 26
49402 26
49403 26
49404 26
49405 26
49406 26
49407 26
49408 26
49409 26
49410 26
49411 26
49412 26
49413 26
49414 26
49415 26
49416 26
49417 26
49418 26
49419 26
49420 26
49421 27
49422 27
49423 27
49424 27
49425 27
49426 27
49427 27
49428 27
49429 27
49430 27
49431 27
49432 27
49433 27
49434 27
49435 27
49436 27
49437 27
49438 27
49439 27
49440 26
49441 26
49442 26
49443 26
49444 26
49445 26
49446 26
49447 26
49448 26
49449 26
49450 25
49451 25
49452 25
49453 25
49454 25
49455 24
49456 24
49457 24
49458 24
49459 24
49460 24
49461 23
49462 23
49463 23
49464 23
49465 23
49466 23
49467 23
49468 23
49469 22
49470 22
49471 22
49472 22
49473 22
49474 21
49475 21
49476 21
49477 21
49478 21
49479 21
49480 20
49481 20
49482 20
49483 20
49484 20
49485 20
49486 20
49487 19
49488 19
49489 19
49490 19
49491 19
49492 19
49493 19
49494 19
49495 19
49496 19
49497 19
49498 18
49499 18
49500 18
49501 18
49502 18
49503 18
49504 18
49505 18
49506 18
49507 18
49508 18
49509 18
49510 18
49511 18
49512 18
49513 18
49514 18
49515 18
49516 18
49517 17
49518 17
49519 17
49520 17
49521 17
49522 17
49523 17
49524 17
49525 17
49526 17
49527 17
49528 17
49529 17
49530 17
49531 17
49532 17
49533 17
49534 17
49535 17
49536 17
49537 17
49538 17
49539 17
49540 17
49541 17
49542 17
49543 17
49544 17
49545 17
49546 17
49547 17
49548 17
49549 17
49550 17
49551 17
49552 17
49553 17
49554 17
49555 17
49556 16
49557 16
49558 16
49559 16
49560 16
49561 16
49562 16
49563 16
49564 16
49565 16
49566 16
49567 16
49568 16
49569 16
49570 16
49571 16
49572 16
49573 16
49574 16
49575 16
49576 16
49577 15
49578 15
49579 15
49580 15
49581 15
49582 15
49583 15
49584 15
49585 15
49586 15
49587 15
49588 15
49589 15
49590 15
49591 15
49592 15
49593 15
49594 15
49595 15
49596 15
49597 14
49598 14
49599 14
49600 14
49601 14
49602 14
49603 14
49604 14
49605 14
49606 14
49607 14
49608 14
49609 14
49610 14
49611 14
49612 14
49613 13
49614 13
49615 13
49616 13
49617 13
49618 13
49619 13
49620 13
49621 13
49622 13
49623 13
49624 13
49625 13
49626 13
49627 13
49628 12
49629 12
49630 12
49631 12
49632 12
49633 12
49634 12
49635 12
49636 12
49637 12
49638 12
49639 11
49640 11
49641 11
49642 11
49643 11
49644 11
49645 11
49646 11
49647 11
49648 11
49649 11
49650 11
49651 10
49652 10
49653 10
49654 10
49655 10
49656 10
49657 10
49658 10
49659 10
49660 10
49661 10
49662 10
49663 11
49664 11
49665 11
49666 11
49667 11
49668 11
49669 11
49670 11
49671 11
49672 12
49673 12
49674 12
49675 12
49676 12
49677 12
49678 13
49679 13
49680 13
49681 13
49682 13
49683 13
49684 14
49685 14
49686 14
49687 14
49688 14
49689 15
49690 15
49691 15
49692 15
49693 15
49694 16
49695 16
49696 16
49697 16
49698 16
49699 16
49700 17
49701 17
49702 17
49703 17
49704 17
49705 17
49706 18
49707 18
49708 18
49709 18
49710 18
49711 18
49712 18
49713 18
49714 19
49715 19
49716 19
49717 19
49718 19
49719 19
49720 19
49721 19
49722 19
49723 19
49724 19
49725 19
49726 19
49727 19
49728 19
49729 19
49730 19
49731 19
49732 19
49733 19
49734 19
49735 19
49736 19
49737 19
49738 19
49739 19
49740 19
49741 19
49742 19
49743 18
49744 18
49745 18
49746 18
49747 18
49748 18
49749 18
49750 17
49751 17
49752 17
49753 17
49754 17
49755 17
49756 16
49757 16
49758 16
49759 16
49760 16
49761 15
49762 15
49763 15
49764 15
49765 15
49766 15
49767 14
49768 14
49769 14
49770 14
49771 14
49772 13
49773 13
49774 13
49775 13
49776 13
49777 13
49778 13
49779 12
49780 12
49781 12
49782 12
49783 12
49784 12
49785 11
49786 11
49787 11
49788 11
49789 11
49790 11
49791 11
49792 11
49793 11
49794 11
49795 11
49796 11
49797 11
49798 11
49799 11
49800 11
49801 11
49802 11
49803 12
49804 12
49805 12
49806 12
49807 12
49808 12
49809 13
49810 13
49811 13
49812 13
49813 13
49814 14
49815 14
49816 14
49817 15
49818 15
49819 15
49820 15
49821 16
49822 16
49823 16
49824 17
49825 17
49826 17
49827 17
49828 18
49829 18
49830 18
49831 19
49832 19
49833 19
49834 20
49835 20
49836 20
49837 20
49838 21
49839 21
49840 21
49841 22
49842 22
49843 22
49844 23
49845 23
49846 24
49847 24
49848 24
49849 24
49850 25
49851 25
49852 25
49853 26
49854 26
49855 26
49856 26
49857 27
49858 27
49859 27
49860 28
49861 28
49862 28
49863 28
49864 29
49865 29
49866 29
49867 29
49868 30
49869 30
49870 30
49871 30
49872 31
49873 31
49874 31
49875 31
49876 31
49877 31
49878 32
49879 32
49880 32
49881 32
49882 33
49883 33
49884 33
49885 33
49886 32
49887 32
49888 32
49889 32
49890 33
49891 33
49892 33
49893 33
49894 33
49895 33
49896 33
49897 33
49898 33
49899 33
49900 33
49901 33
49902 33
49903 33
49904 33
49905 33
49906 33
49907 33
49908 33
49909 33
49910 33
49911 33
49912 33
49913 33
49914 33
49915 33
49916 33
49917 33
49918 33
49919 33
49920 33
49921 33
49922 32
49923 32
49924 32
49925 32
49926 32
49927 32
49928 32
49929 32
49930 32
49931 32
49932 32
49933 32
49934 32
49935 32
49936 32
49937 31
49938 31
49939 31
49940 31
49941 31
49942 31
49943 31
49944 31
49945 30
49946 30
49947 30
49948 30
49949 30
49950 30
49951 29
49952 29
49953 29
49954 29
49955 29
49956 29
49957 29
49958 28
49959 28
49960 28
49961 28
49962 28
49963 28
49964 28
49965 27
49966 27
49967 27
49968 27
49969 27
49970 26
49971 26
49972 26
49973 26
49974 26
49975 25
49976 25
49977 25
49978 25
49979 25
49980 24
49981 24
49982 24
49983 24
49984 24
49985 23
49986 23
49987 23
49988 23
49989 23
49990 22
49991 22
49992 22
49993 22
49994 21
49995 21
49996 21
49997 21
49998 20
49999 20
50000 20
50001 19
50002 19
50003 19
50004 19
50005 18
50006 18
50007 18
50008 18
50009 17
50010 17
50011 17
50012 16
50013 16
50014 16
50015 16
50016 15
50017 15
50018 15
50019 14
50020 14
50021 14
50022 14
50023 13
50024 13
50025 13
50026 12
50027 12
50028 12
50029 12
50030 11
50031 11
50032 11
50033 10
50034 10
50035 10
50036 10
50037 9
50038 9
50039 9
50040 8
50041 8
50042 8
50043 8
50044 7
50045 7
50046 7
50047 6
50048 6
50049 6
50050 6
50051 5
50052 5
50053 5
50054 5
50055 5
50056 4
50057 4
50058 4
50059 4
50060 4
50061 4
50062 4
50063 4
50064 4
50065 4
50066 4
50067 4
50068 4
50069 5
50070 5
50071 5
50072 5
50073 5
50074 5
50075 6
50076 6
50077 6
50078 6
50079 7
50080 7
50081 7
50082 7
50083 7
50084 8
50085 8
50086 8
50087 8
50088 9
50089 9
50090 9
50091 10
50092 10
50093 10
50094 10
50095 11
50096 11
50097 11
50098 11
50099 12
50100 12
50101 12
50102 13
50103 13
50104 13
50105 14
50106 14
50107 14
50108 14
50109 15
50110 15
50111 15
50112 16
50113 16
50114 16
50115 16
50116 17
50117 17
50118 17
50119 18
50120 18
50121 18
50122 18
50123 19
50124 19
50125 19
50126 19
50127 20
50128 20
50129 20
50130 20
50131 20
50132 21
50133 21
50134 21
50135 21
50136 21
50137 22
50138 22
50139 22
50140 22
50141 22
50142 22
50143 23
50144 23
50145 23
50146 23
50147 23
50148 23
50149 23
50150 23
50151 23
50152 24
50153 24
50154 24
50155 24
50156 24
50157 24
50158 24
50159 24
50160 24
50161 24
50162 24
50163 24
50164 24
50165 24
50166 24
50167 24
50168 24
50169 24
50170 24
50171 24
50172 23
50173 23
50174 23
50175 23
50176 23
50177 23
50178 23
50179 23
50180 23
50181 23
50182 23
50183 23
50184 22
50185 22
50186 22
50187 22
50188 22
50189 22
50190 22
50191 21
50192 21
50193 21
50194 21
50195 21
50196 21
50197 21
50198 20
50199 20
50200 20
50201 20
50202 20
50203 20
50204 19
50205 19
50206 19
50207 19
50208 19
50209 18
50210 18
50211 18
50212 18
50213 18
50214 18
50215 18
50216 17
50217 17
50218 17
50219 17
50220 17
50221 16
50222 16
50223 16
50224 16
50225 16
50226 15
50227 15
50228 15
50229 15
50230 15
50231 15
50232 14
50233 14
50234 14
50235 14
50236 14
50237 14
50238 14
50239 14
50240 14
50241 14
50242 14
50243 14
50244 14
50245 14
50246 14
50247 14
50248 14
50249 14
50250 14
50251 14
50252 14
50253 14
50254 14
50255 14
50256 14
50257 14
50258 15
50259 15
50260 15
50261 15
50262 15
50263 15
50264 15
50265 15
50266 15
50267 15
50268 15
50269 16
50270 16
50271 16
50272 16
50273 16
50274 16
50275 16
50276 16
50277 16
50278 16
50279 17
50280 17
50281 17
50282 17
50283 17
50284 17
50285 17
50286 17
50287 17
50288 17
50289 18
50290 18
50291 18
50292 18
50293 18
50294 18
50295 18
50296 18
50297 19
50298 19
50299 19
50300 19
50301 19
50302 19
50303 19
50304 19
50305 19
50306 20
50307 20
50308 20
50309 20
50310 20
50311 20
50312 20
50313 20
50314 21
50315 21
50316 21
50317 21
50318 21
50319 21
50320 21
50321 22
50322 22
50323 22
50324 22
50325 22
50326 22
50327 22
50328 23
50329 23
50330 23
50331 23
50332 23
50333 23
50334 23
50335 23
50336 24
50337 24
50338 24
50339 24
50340 24
50341 24
50342 24
50343 24
50344 24
50345 24
50346 25
50347 25
50348 25
50349 25
50350 25
50351 25
50352 25
50353 25
50354 25
50355 25
50356 25
50357 25
50358 25
50359 25
50360 25
50361 25
50362 26
50363 26
50364 26
50365 26
50366 25
50367 25
50368 25
50369 25
50370 25
50371 25
50372 25
50373 25
50374 25
50375 25
50376 25
50377 25
50378 25
50379 25
50380 25
50381 25
50382 25
50383 25
50384 25
50385 24
50386 24
50387 24
50388 24
50389 24
50390 24
50391 24
50392 24
50393 24
50394 24
50395 23
50396 23
50397 23
50398 23
50399 23
50400 23
50401 23
50402 23
50403 22
50404 22
50405 22
50406 22
50407 22
50408 22
50409 22
50410 22
50411 21
50412 21
50413 21
50414 21
50415 21
50416 21
50417 21
50418 21
50419 21
50420 20
50421 20
50422 20
50423 20
50424 20
50425 20
50426 20
50427 20
50428 20
50429 20
50430 20
50431 20
50432 20
50433 20
50434 20
50435 20
50436 20
50437 20
50438 20
50439 20
50440 20
50441 20
50442 20
50443 20
50444 20
50445 20
50446 20
50447 20
50448 20
50449 20
50450 20
50451 21
50452 21
50453 21
50454 21
50455 21
50456 21
50457 21
50458 21
50459 22
50460 22
50461 22
50462 22
50463 22
50464 22
50465 22
50466 23
50467 23
50468 23
50469 23
50470 23
50471 24
50472 24
50473 24
50474 24
50475 24
50476 25
50477 25
50478 25
50479 25
50480 25
50481 25
50482 25
50483 26
50484 26
50485 26
50486 26
50487 26
50488 26
50489 26
50490 26
50491 26
50492 27
50493 27
50494 26
50495 26
50496 26
50497 26
50498 26
50499 26
50500 26
50501 26
50502 26
50503 26
50504 26
50505 26
50506 26
50507 26
50508 26
50509 26
50510 26
50511 26
50512 26
50513 26
50514 26
50515 26
50516 26
50517 26
50518 26
50519 26
50520 25
50521 25
50522 25
50523 25
50524 25
50525 25
50526 25
50527 25
50528 25
50529 25
50530 25
50531 24
50532 24
50533 24
50534 24
50535 24
50536 24
50537 24
50538 24
50539 24
50540 23
50541 23
50542 23
50543 23
50544 23
50545 23
50546 23
50547 23
50548 23
50549 23
50550 23
50551 22
50552 22
50553 22
50554 22
50555 22
50556 22
50557 22
50558 21
50559 21
50560 21
50561 21
50562 21
50563 21
50564 21
50565 21
50566 21
50567 21
50568 21
50569 20
50570 20
50571 20
50572 20
50573 20
50574 20
50575 20
50576 20
50577 20
50578 20
50579 20
50580 20
50581 20
50582 20
50583 19
50584 19
50585 19
50586 19
50587 19
50588 19
50589 19
50590 19
50591 19
50592 19
50593 19
50594 19
50595 18
50596 18
50597 18
50598 18
50599 18
50600 18
50601 18
50602 18
50603 18
50604 18
50605 18
50606 18
50607 18
50608 18
50609 18
50610 18
50611 17
50612 17
50613 17
50614 17
50615 17
50616 17
50617 17
50618 17
50619 17
50620 17
50621 17
50622 17
50623 17
50624 17
50625 17
50626 17
50627 17
50628 17
50629 17
50630 17
50631 17
50632 17
50633 17
50634 17
50635 17
50636 17
50637 17
50638 17
50639 17
50640 17
50641 17
50642 17
50643 17
50644 17
50645 17
50646 17
50647 17
50648 17
50649 17
50650 17
50651 17
50652 17
50653 17
50654 17
50655 17
50656 17
50657 17
50658 17
50659 17
50660 17
50661 17
50662 18
50663 18
50664 18
50665 18
50666 18
50667 18
50668 18
50669 18
50670 18
50671 18
50672 18
50673 18
50674 18
50675 18
50676 18
50677 19
50678 19
50679 19
50680 19
50681 19
50682 19
50683 19
50684 19
50685 19
50686 19
50687 19
50688 19
50689 19
50690 19
50691 19
50692 19
50693 20
50694 20
50695 20
50696 20
50697 20
50698 20
50699 20
50700 20
50701 20
50702 20
50703 20
50704 20
50705 20
50706 20
50707 20
50708 20
50709 20
50710 20
50711 20
50712 20
50713 20
50714 20
50715 20
50716 20
50717 20
50718 20
50719 20
50720 20
50721 20
50722 20
50723 20
50724 20
50725 20
50726 20
50727 20
50728 20
50729 20
50730 20
50731 20
50732 20
50733 20
50734 20
50735 20
50736 20
50737 20
50738 20
50739 20
50740 20
50741 20
50742 20
50743 20
50744 20
50745 20
50746 20
50747 20
50748 19
50749 19
50750 19
50751 19
50752 19
50753 19
50754 19
50755 19
50756 19
50757 19
50758 19
50759 19
50760 19
50761 18
50762 18
50763 18
50764 18
50765 18
50766 18
50767 18
50768 18
50769 18
50770 17
50771 17
50772 17
50773 17
50774 17
50775 17
50776 17
50777 16
50778 16
50779 16
50780 16
50781 16
50782 16
50783 15
50784 15
50785 15
50786 15
50787 15
50788 14
50789 14
50790 14
50791 14
50792 13
50793 13
50794 13
50795 13
50796 13
50797 13
50798 12
50799 12
50800 12
50801 12
50802 12
50803 11
50804 11
50805 11
50806 11
50807 10
50808 10
50809 10
50810 10
50811 9
50812 9
50813 9
50814 9
50815 8
50816 8
50817 8
50818 8
50819 8
50820 8
50821 7
50822 7
50823 7
50824 7
50825 7
50826 7
50827 7
50828 6
50829 6
50830 6
50831 6
50832 6
50833 6
50834 6
50835 6
50836 6
50837 6
50838 6
50839 6
50840 6
50841 6
50842 6
50843 6
50844 6
50845 7
50846 7
50847 7
50848 7
50849 7
50850 7
50851 7
50852 8
50853 8
50854 8
50855 8
50856 8
50857 8
50858 8
50859 9
50860 9
50861 9
50862 9
50863 9
50864 10
50865 10
50866 10
50867 10
50868 11
50869 11
50870 11
50871 11
50872 11
50873 11
50874 12
50875 12
50876 12
50877 12
50878 12
50879 12
50880 13
50881 13
50882 13
50883 13
50884 13
50885 14
50886 14
50887 14
50888 14
50889 14
50890 15
50891 15
50892 15
50893 15
50894 15
50895 15
50896 15
50897 16
50898 16
50899 16
50900 16
50901 16
50902 16
50903 17
50904 17
50905 17
50906 17
50907 17
50908 17
50909 17
50910 18
50911 18
50912 18
50913 18
50914 18
50915 18
50916 18
50917 18
50918 19
50919 19
50920 19
50921 19
50922 19
50923 19
50924 19
50925 19
50926 19
50927 19
50928 19
50929 19
50930 19
50931 19
50932 19
50933 19
50934 19
50935 19
50936 19
50937 19
50938 19
50939 19
50940 19
50941 19
50942 19
50943 19
50944 19
50945 19
50946 19
50947 19
50948 18
50949 18
50950 18
50951 18
50952 18
50953 18
50954 18
50955 18
50956 18
50957 17
50958 17
50959 17
50960 17
50961 17
50962 16
50963 16
50964 16
50965 16
50966 16
50967 16
50968 15
50969 15
50970 15
50971 15
50972 15
50973 15
50974 14
50975 14
50976 14
50977 14
50978 14
50979 13
50980 13
50981 13
50982 13
50983 13
50984 13
50985 13
50986 13
50987 12
50988 12
50989 12
50990 12
50991 12
50992 12
50993 12
50994 12
50995 12
50996 12
50997 12
50998 12
50999 13
51000 13
51001 13
51002 13
51003 13
51004 13
51005 14
51006 14
51007 14
51008 14
51009 14
51010 15
51011 15
51012 15
51013 15
51014 16
51015 16
51016 16
51017 17
51018 17
51019 17
51020 18
51021 18
51022 19
51023 19
51024 19
51025 20
51026 20
51027 21
51028 21
51029 21
51030 22
51031 22
51032 23
51033 23
51034 24
51035 24
51036 25
51037 25
51038 26
51039 26
51040 26
51041 27
51042 27
51043 28
51044 28
51045 29
51046 29
51047 30
51048 30
51049 31
51050 31
51051 32
51052 32
51053 33
51054 33
51055 34
51056 34
51057 35
51058 35
51059 36
51060 36
51061 36
51062 37
51063 37
51064 38
51065 38
51066 38
51067 39
51068 39
51069 40
51070 40
51071 40
51072 41
51073 41
51074 41
51075 42
51076 42
51077 42
51078 43
51079 43
51080 43
51081 44
51082 44
51083 44
51084 44
51085 45
51086 45
51087 45
51088 45
51089 46
51090 46
51091 46
51092 46
51093 46
51094 46
51095 46
51096 47
51097 47
51098 47
51099 47
51100 47
51101 47
51102 47
51103 47
51104 47
51105 47
51106 47
51107 47
51108 47
51109 47
51110 47
51111 47
51112 47
51113 47
51114 47
51115 46
51116 46
51117 46
51118 46
51119 46
51120 46
51121 46
51122 45
51123 45
51124 45
51125 45
51126 44
51127 44
51128 44
51129 44
51130 43
51131 43
51132 43
51133 43
51134 42
51135 42
51136 42
51137 41
51138 41
51139 41
51140 40
51141 40
51142 40
51143 39
51144 39
51145 39
51146 39
51147 39
51148 38
51149 38
51150 37
51151 37
51152 36
51153 36
51154 36
51155 35
51156 35
51157 35
51158 34
51159 34
51160 34
51161 33
51162 33
51163 32
51164 32
51165 31
51166 31
51167 31
51168 30
51169 30
51170 29
51171 29
51172 28
51173 28
51174 28
51175 27
51176 27
51177 26
51178 26
51179 26
51180 25
51181 25
51182 24
51183 24
51184 23
51185 23
51186 23
51187 22
51188 22
51189 21
51190 21
51191 21
51192 20
51193 20
51194 19
51195 19
51196 19
51197 18
51198 18
51199 18
51200 17
51201 17
51202 16
51203 16
51204 16
51205 15
51206 15
51207 15
51208 14
51209 14
51210 14
51211 13
51212 13
51213 12
51214 12
51215 12
51216 12
51217 11
51218 11
51219 11
51220 11
51221 11
51222 10
51223 10
51224 10
51225 10
51226 10
51227 9
51228 9
51229 9
51230 9
51231 9
51232 9
51233 8
51234 8
51235 8
51236 8
51237 8
51238 8
51239 8
51240 8
51241 9
51242 9
51243 9
51244 9
51245 9
51246 9
51247 9
51248 10
51249 10
51250 10
51251 10
51252 10
51253 11
51254 11
51255 11
51256 11
51257 12
51258 12
51259 12
51260 12
51261 12
51262 13
51263 13
51264 13
51265 13
51266 14
51267 14
51268 14
51269 14
51270 15
51271 15
51272 15
51273 15
51274 15
51275 16
51276 16
51277 16
51278 16
51279 17
51280 17
51281 17
51282 17
51283 17
51284 18
51285 18
51286 18
51287 18
51288 18
51289 18
51290 19
51291 19
51292 19
51293 19
51294 19
51295 19
51296 20
51297 20
51298 20
51299 20
51300 20
51301 20
51302 20
51303 20
51304 21
51305 21
51306 21
51307 21
51308 21
51309 21
51310 21
51311 21
51312 21
51313 21
51314 21
51315 21
51316 21
51317 21
51318 21
51319 22
51320 22
51321 22
51322 22
51323 22
51324 22
51325 22
51326 22
51327 22
51328 22
51329 22
51330 22
51331 22
51332 21
51333 21
51334 21
51335 21
51336 21
51337 21
51338 21
51339 21
51340 21
51341 21
51342 21
51343 21
51344 21
51345 21
51346 21
51347 21
51348 21
51349 21
51350 21
51351 21
51352 21
51353 21
51354 21
51355 21
51356 20
51357 20
51358 20
51359 20
51360 20
51361 20
51362 20
51363 20
51364 20
51365 20
51366 20
51367 20
51368 20
51369 20
51370 20
51371 20
51372 19
51373 19
51374 19
51375 19
51376 19
51377 19
51378 19
51379 19
51380 19
51381 19
51382 19
51383 19
51384 18
51385 18
51386 18
51387 18
51388 18
51389 18
51390 18
51391 18
51392 18
51393 18
51394 18
51395 17
51396 17
51397 17
51398 17
51399 17
51400 17
51401 17
51402 17
51403 16
51404 16
51405 16
51406 16
51407 16
51408 16
51409 16
51410 15
51411 15
51412 15
51413 15
51414 15
51415 15
51416 15
51417 14
51418 14
51419 14
51420 14
51421 14
51422 13
51423 13
51424 13
51425 13
51426 13
51427 13
51428 12
51429 12
51430 12
51431 12
51432 12
51433 11
51434 11
51435 11
51436 11
51437 11
51438 11
51439 11
51440 10
51441 10
51442 10
51443 10
51444 10
51445 10
51446 9
51447 9
51448 9
51449 9
51450 9
51451 9
51452 8
51453 8
51454 8
51455 8
51456 8
51457 8
51458 8
51459 8
51460 8
51461 8
51462 8
51463 8
51464 8
51465 8
51466 8
51467 8
51468 8
51469 8
51470 8
51471 8
51472 8
51473 8
51474 8
51475 9
51476 9
51477 9
51478 9
51479 9
51480 9
51481 10
51482 10
51483 10
51484 10
51485 10
51486 10
51487 11
51488 11
51489 11
51490 11
51491 12
51492 12
51493 12
51494 12
51495 13
51496 13
51497 13
51498 13
51499 13
51500 14
51501 14
51502 14
51503 14
51504 15
51505 15
51506 15
51507 15
51508 15
51509 16
51510 16
51511 16
51512 16
51513 17
51514 17
51515 17
51516 17
51517 17
51518 18
51519 18
51520 18
51521 18
51522 18
51523 18
51524 19
51525 19
51526 19
51527 19
51528 19
51529 19
51530 20
51531 20
51532 20
51533 20
51534 20
51535 20
51536 20
51537 20
51538 20
51539 21
51540 21
51541 21
51542 21
51543 21
51544 21
51545 21
51546 21
51547 21
51548 21
51549 21
51550 21
51551 21
51552 21
51553 21
51554 21
51555 21
51556 21
51557 21
51558 21
51559 21
51560 21
51561 21
51562 21
51563 21
51564 21
51565 21
51566 21
51567 21
51568 21
51569 21
51570 21
51571 21
51572 21
51573 21
51574 21
51575 21
51576 21
51577 21
51578 20
51579 20
51580 20
51581 20
51582 20
51583 20
51584 20
51585 20
51586 19
51587 19
51588 19
51589 19
51590 19
51591 19
51592 19
51593 19
51594 19
51595 18
51596 18
51597 18
51598 18
51599 18
51600 17
51601 17
51602 17
51603 17
51604 17
51605 16
51606 16
51607 16
51608 16
51609 15
51610 15
51611 15
51612 15
51613 14
51614 14
51615 14
51616 13
51617 13
51618 13
51619 13
51620 12
51621 12
51622 12
51623 12
51624 11
51625 11
51626 11
51627 11
51628 10
51629 10
51630 10
51631 10
51632 9
51633 9
51634 9
51635 9
51636 8
51637 8
51638 8
51639 7
51640 7
51641 7
51642 7
51643 6
51644 6
51645 6
51646 6
51647 5
51648 5
51649 5
51650 4
51651 4
51652 4
51653 4
51654 3
51655 3
51656 3
51657 3
51658 2
51659 2
51660 2
51661 2
51662 1
51663 1
51664 2
51665 2
51666 2
51667 2
51668 2
51669 2
51670 2
51671 3
51672 3
51673 3
51674 3
51675 4
51676 4
51677 4
51678 4
51679 5
51680 5
51681 5
51682 5
51683 6
51684 6
51685 6
51686 6
51687 6
51688 7
51689 7
51690 7
51691 7
51692 7
51693 7
51694 7
51695 8
51696 8
51697 8
51698 8
51699 8
51700 8
51701 8
51702 8
51703 8
51704 8
51705 8
51706 8
51707 8
51708 8
51709 8
51710 8
51711 8
51712 8
51713 8
51714 8
51715 8
51716 8
51717 8
51718 8
51719 8
51720 8
51721 8
51722 8
51723 8
51724 7
51725 7
51726 7
51727 7
51728 7
51729 7
51730 6
51731 6
51732 6
51733 6
51734 6
51735 6
51736 6
51737 6
51738 6
51739 5
51740 5
51741 5
51742 5
51743 5
51744 5
51745 6
51746 6
51747 6
51748 6
51749 6
51750 6
51751 6
51752 6
51753 6
51754 7
51755 7
51756 7
51757 7
51758 8
51759 8
51760 8
51761 9
51762 9
51763 9
51764 10
51765 10
51766 10
51767 10
51768 11
51769 11
51770 11
51771 12
51772 12
51773 13
51774 13
51775 13
51776 14
51777 14
51778 14
51779 15
51780 15
51781 16
51782 16
51783 16
51784 17
51785 17
51786 17
51787 18
51788 18
51789 19
51790 19
51791 19
51792 20
51793 20
51794 20
51795 21
51796 21
51797 21
51798 22
51799 22
51800 22
51801 23
51802 23
51803 23
51804 24
51805 24
51806 24
51807 25
51808 25
51809 25
51810 26
51811 26
51812 26
51813 27
51814 27
51815 27
51816 28
51817 28
51818 28
51819 29
51820 29
51821 29
51822 30
51823 30
51824 30
51825 31
51826 31
51827 31
51828 31
51829 32
51830 32
51831 32
51832 33
51833 33
51834 33
51835 33
51836 33
51837 34
51838 34
51839 34
51840 34
51841 35
51842 35
51843 35
51844 35
51845 36
51846 36
51847 36
51848 36
51849 36
51850 36
51851 37
51852 37
51853 37
51854 37
51855 37
51856 38
51857 38
51858 38
51859 38
51860 38
51861 38
51862 38
51863 38
51864 38
51865 39
51866 39
51867 39
51868 39
51869 39
51870 39
51871 39
51872 39
51873 39
51874 39
51875 39
51876 39
51877 39
51878 40
51879 40
51880 40
51881 40
51882 40
51883 40
51884 40
51885 40
51886 40
51887 40
51888 40
51889 40
51890 40
51891 40
51892 39
51893 39
51894 39
51895 39
51896 39
51897 39
51898 39
51899 39
51900 39
51901 39
51902 39
51903 39
51904 39
51905 39
51906 38
51907 38
51908 38
51909 38
51910 38
51911 38
51912 38
51913 38
51914 38
51915 38
51916 38
51917 37
51918 37
51919 37
51920 37
51921 37
51922 36
51923 36
51924 36
51925 36
51926 35
51927 35
51928 35
51929 35
51930 35
51931 35
51932 35
51933 34
51934 34
51935 34
51936 34
51937 34
51938 33
51939 33
51940 33
51941 33
51942 32
51943 32
51944 32
51945 32
51946 32
51947 31
51948 31
51949 31
51950 31
51951 30
51952 30
51953 30
51954 30
51955 30
51956 30
51957 30
51958 29
51959 29
51960 29
51961 29
51962 29
51963 28
51964 28
51965 28
51966 28
51967 28
51968 27
51969 27
51970 27
51971 27
51972 27
51973 26
51974 26
51975 26
51976 26
51977 25
51978 25
51979 25
51980 25
51981 25
51982 25
51983 25
51984 25
51985 25
51986 25
51987 24
51988 24
51989 24
51990 24
51991 24
51992 24
51993 24
51994 24
51995 24
51996 24
51997 24
51998 23
51999 23
52000 23
52001 23
52002 23
52003 23
52004 23
52005 23
52006 23
52007 23
52008 23
52009 23
52010 23
52011 23
52012 23
52013 23
52014 23
52015 23
52016 23
52017 22
52018 22
52019 22
52020 22
52021 22
52022 22
52023 22
52024 22
52025 22
52026 22
52027 22
52028 22
52029 22
52030 22
52031 22
52032 22
52033 22
52034 22
52035 21
52036 21
52037 21
52038 21
52039 21
52040 21
52041 21
52042 21
52043 21
52044 21
52045 21
52046 21
52047 21
52048 20
52049 20
52050 20
52051 20
52052 20
52053 20
52054 20
52055 20
52056 20
52057 19
52058 19
52059 19
52060 19
52061 19
52062 19
52063 19
52064 19
52065 19
52066 19
52067 19
52068 19
52069 18
52070 18
52071 18
52072 18
52073 18
52074 18
52075 18
52076 17
52077 17
52078 17
52079 17
52080 17
52081 17
52082 17
52083 17
52084 17
52085 17
52086 16
52087 16
52088 16
52089 16
52090 16
52091 16
52092 16
52093 16
52094 16
52095 15
52096 15
52097 15
52098 15
52099 15
52100 15
52101 15
52102 15
52103 14
52104 14
52105 14
52106 14
52107 14
52108 14
52109 14
52110 14
52111 14
52112 13
52113 13
52114 13
52115 13
52116 13
52117 13
52118 13
52119 13
52120 13
52121 13
52122 12
52123 12
52124 12
52125 12
52126 12
52127 12
52128 12
52129 12
52130 12
52131 12
52132 12
52133 12
52134 11
52135 11
52136 11
52137 11
52138 11
52139 11
52140 11
52141 11
52142 11
52143 11
52144 11
52145 11
52146 11
52147 11
52148 11
52149 11
52150 11
52151 11
52152 11
52153 11
52154 11
52155 11
52156 11
52157 11
52158 11
52159 11
52160 11
52161 11
52162 11
52163 11
52164 11
52165 11
52166 11
52167 11
52168 11
52169 11
52170 11
52171 11
52172 11
52173 11
52174 11
52175 11
52176 11
52177 11
52178 11
52179 11
52180 11
52181 11
52182 11
52183 11
52184 11
52185 11
52186 11
52187 11
52188 11
52189 11
52190 11
52191 11
52192 11
52193 11
52194 11
52195 11
52196 11
52197 11
52198 11
52199 11
52200 11
52201 11
52202 11
52203 11
52204 11
52205 11
52206 11
52207 11
52208 11
52209 11
52210 11
52211 11
52212 11
52213 11
52214 11
52215 11
52216 11
52217 11
52218 11
52219 11
52220 12
52221 12
52222 12
52223 12
52224 12
52225 12
52226 12
52227 12
52228 12
52229 12
52230 12
52231 12
52232 12
52233 12
52234 12
52235 12
52236 12
52237 12
52238 12
52239 12
52240 12
52241 12
52242 12
52243 12
52244 12
52245 12
52246 12
52247 12
52248 12
52249 12
52250 11
52251 11
52252 11
52253 11
52254 11
52255 11
52256 11
52257 11
52258 11
52259 10
52260 10
52261 10
52262 10
52263 10
52264 10
52265 10
52266 10
52267 9
52268 9
52269 9
52270 9
52271 9
52272 8
52273 8
52274 8
52275 8
52276 8
52277 8
52278 8
52279 8
52280 7
52281 7
52282 7
52283 7
52284 7
52285 6
52286 6
52287 6
52288 6
52289 6
52290 6
52291 5
52292 5
52293 5
52294 5
52295 4
52296 4
52297 4
52298 4
52299 4
52300 4
52301 3
52302 3
52303 3
52304 3
52305 3
52306 3
52307 3
52308 2
52309 2
52310 2
52311 2
52312 2
52313 2
52314 2
52315 2
52316 2
52317 2
52318 2
52319 3
52320 3
52321 3
52322 3
52323 3
52324 3
52325 4
52326 4
52327 4
52328 4
52329 5
52330 5
52331 5
52332 5
52333 6
52334 6
52335 6
52336 7
52337 7
52338 7
52339 7
52340 8
52341 8
52342 8
52343 9
52344 9
52345 10
52346 10
52347 10
52348 11
52349 11
52350 11
52351 12
52352 12
52353 12
52354 13
52355 13
52356 14
52357 14
52358 14
52359 15
52360 15
52361 15
52362 16
52363 16
52364 17
52365 17
52366 17
52367 18
52368 18
52369 19
52370 19
52371 20
52372 20
52373 21
52374 21
52375 21
52376 22
52377 22
52378 23
52379 23
52380 24
52381 24
52382 25
52383 25
52384 26
52385 26
52386 27
52387 27
52388 28
52389 28
52390 29
52391 30
52392 30
52393 31
52394 31
52395 32
52396 32
52397 33
52398 33
52399 34
52400 34
52401 34
52402 35
52403 35
52404 36
52405 36
52406 37
52407 37
52408 38
52409 38
52410 39
52411 39
52412 40
52413 40
52414 41
52415 41
52416 42
52417 42
52418 43
52419 43
52420 44
52421 44
52422 44
52423 45
52424 45
52425 46
52426 46
52427 46
52428 47
52429 47
52430 47
52431 47
52432 48
52433 48
52434 48
52435 48
52436 49
52437 49
52438 49
52439 49
52440 49
52441 49
52442 50
52443 50
52444 50
52445 50
52446 50
52447 50
52448 50
52449 50
52450 50
52451 50
52452 50
52453 50
52454 50
52455 50
52456 50
52457 50
52458 50
52459 50
52460 50
52461 50
52462 50
52463 50
52464 50
52465 49
52466 49
52467 49
52468 49
52469 49
52470 49
52471 49
52472 49
52473 48
52474 48
52475 48
52476 48
52477 48
52478 48
52479 47
52480 47
52481 47
52482 47
52483 47
52484 46
52485 46
52486 46
52487 46
52488 46
52489 45
52490 45
52491 45
52492 45
52493 44
52494 44
52495 44
52496 44
52497 44
52498 43
52499 43
52500 43
52501 43
52502 42
52503 42
52504 42
52505 42
52506 41
52507 41
52508 41
52509 41
52510 40
52511 40
52512 40
52513 40
52514 39
52515 39
52516 39
52517 39
52518 38
52519 38
52520 38
52521 38
52522 38
52523 37
52524 37
52525 37
52526 37
52527 36
52528 36
52529 36
52530 36
52531 36
52532 35
52533 35
52534 35
52535 35
52536 34
52537 34
52538 34
52539 34
52540 33
52541 33
52542 33
52543 33
52544 32
52545 32
52546 32
52547 32
52548 32
52549 31
52550 31
52551 31
52552 31
52553 31
52554 30
52555 30
52556 30
52557 30
52558 30
52559 29
52560 29
52561 29
52562 29
52563 29
52564 28
52565 28
52566 28
52567 28
52568 28
52569 27
52570 27
52571 27
52572 27
52573 26
52574 26
52575 26
52576 25
52577 25
52578 24
52579 24
52580 24
52581 24
52582 24
52583 23
52584 23
52585 23
52586 22
52587 22
52588 22
52589 22
52590 21
52591 21
52592 21
52593 20
52594 20
52595 20
52596 19
52597 19
52598 19
52599 18
52600 18
52601 18
52602 17
52603 17
52604 17
52605 17
52606 16
52607 16
52608 16
52609 15
52610 15
52611 15
52612 15
52613 14
52614 14
52615 14
52616 13
52617 13
52618 13
52619 13
52620 12
52621 12
52622 12
52623 12
52624 11
52625 11
52626 11
52627 11
52628 10
52629 10
52630 10
52631 10
52632 10
52633 10
52634 10
52635 9
52636 9
52637 9
52638 9
52639 9
52640 9
52641 9
52642 9
52643 9
52644 9
52645 9
52646 9
52647 9
52648 9
52649 9
52650 9
52651 9
52652 9
52653 9
52654 9
52655 9
52656 9
52657 10
52658 10
52659 10
52660 10
52661 10
52662 10
52663 11
52664 11
52665 11
52666 11
52667 11
52668 11
52669 12
52670 12
52671 12
52672 12
52673 12
52674 13
52675 13
52676 13
52677 13
52678 13
52679 14
52680 14
52681 14
52682 14
52683 14
52684 14
52685 15
52686 15
52687 15
52688 15
52689 15
52690 15
52691 16
52692 16
52693 16
52694 16
52695 16
52696 16
52697 16
52698 17
52699 17
52700 17
52701 17
52702 17
52703 17
52704 17
52705 17
52706 17
52707 17
52708 17
52709 17
52710 17
52711 17
52712 17
52713 17
52714 17
52715 17
52716 17
52717 17
52718 17
52719 17
52720 17
52721 17
52722 16
52723 16
52724 16
52725 16
52726 16
52727 16
52728 15
52729 15
52730 15
52731 15
52732 15
52733 15
52734 15
52735 14
52736 14
52737 14
52738 14
52739 14
52740 14
52741 13
52742 13
52743 13
52744 13
52745 13
52746 12
52747 12
52748 12
52749 12
52750 11
52751 11
52752 11
52753 11
52754 11
52755 10
52756 10
52757 10
52758 10
52759 9
52760 9
52761 9
52762 9
52763 9
52764 8
52765 8
52766 8
52767 8
52768 8
52769 7
52770 7
52771 7
52772 7
52773 7
52774 7
52775 7
52776 6
52777 6
52778 6
52779 6
52780 6
52781 6
52782 6
52783 6
52784 6
52785 6
52786 6
52787 6
52788 7
52789 7
52790 7
52791 7
52792 7
52793 7
52794 7
52795 8
52796 8
52797 8
52798 8
52799 8
52800 9
52801 9
52802 9
52803 9
52804 10
52805 10
52806 10
52807 11
52808 11
52809 11
52810 11
52811 11
52812 11
52813 11
52814 11
52815 12
52816 12
52817 12
52818 12
52819 12
52820 13
52821 13
52822 13
52823 13
52824 14
52825 14
52826 14
52827 14
52828 14
52829 14
52830 15
52831 15
52832 15
52833 15
52834 15
52835 16
52836 16
52837 16
52838 16
52839 16
52840 16
52841 16
52842 16
52843 16
52844 16
52845 17
52846 17
52847 17
52848 17
52849 17
52850 17
52851 17
52852 17
52853 17
52854 17
52855 18
52856 18
52857 18
52858 19
52859 19
52860 19
52861 19
52862 19
52863 19
52864 19
52865 19
52866 19
52867 19
52868 19
52869 19
52870 20
52871 20
52872 20
52873 20
52874 20
52875 20
52876 20
52877 20
52878 20
52879 20
52880 20
52881 20
52882 20
52883 20
52884 20
52885 20
52886 20
52887 20
52888 20
52889 20
52890 20
52891 20
52892 20
52893 20
52894 20
52895 20
52896 20
52897 20
52898 20
52899 20
52900 20
52901 20
52902 20
52903 20
52904 20
52905 20
52906 20
52907 20
52908 20
52909 20
52910 19
52911 19
52912 19
52913 19
52914 19
52915 19
52916 19
52917 19
52918 19
52919 19
52920 19
52921 18
52922 18
52923 18
52924 18
52925 18
52926 18
52927 18
52928 18
52929 18
52930 17
52931 17
52932 17
52933 17
52934 17
52935 17
52936 17
52937 17
52938 16
52939 16
52940 16
52941 16
52942 16
52943 15
52944 15
52945 15
52946 15
52947 14
52948 14
52949 14
52950 14
52951 14
52952 14
52953 13
52954 13
52955 13
52956 13
52957 12
52958 12
52959 12
52960 12
52961 11
52962 11
52963 11
52964 11
52965 10
52966 10
52967 10
52968 10
52969 10
52970 9
52971 9
52972 9
52973 8
52974 8
52975 8
52976 8
52977 7
52978 7
52979 7
52980 7
52981 7
52982 6
52983 6
52984 6
52985 6
52986 6
52987 5
52988 5
52989 5
52990 5
52991 5
52992 5
52993 4
52994 4
52995 4
52996 4
52997 4
52998 4
52999 4
53000 4
53001 4
53002 4
53003 4
53004 5
53005 5
53006 5
53007 5
53008 5
53009 5
53010 5
53011 6
53012 6
53013 6
53014 6
53015 6
53016 7
53017 7
53018 7
53019 7
53020 7
53021 7
53022 7
53023 7
53024 8
53025 8
53026 8
53027 8
53028 9
53029 9
53030 9
53031 9
53032 9
53033 9
53034 9
53035 9
53036 10
53037 10
53038 10
53039 10
53040 10
53041 10
53042 10
53043 10
53044 10
53045 11
53046 11
53047 11
53048 11
53049 11
53050 11
53051 11
53052 11
53053 11
53054 11
53055 11
53056 11
53057 11
53058 11
53059 11
53060 12
53061 12
53062 12
53063 12
53064 12
53065 12
53066 12
53067 12
53068 12
53069 12
53070 12
53071 12
53072 12
53073 12
53074 12
53075 12
53076 12
53077 12
53078 12
53079 12
53080 13
53081 13
53082 13
53083 13
53084 13
53085 13
53086 13
53087 13
53088 13
53089 13
53090 13
53091 13
53092 13
53093 13
53094 13
53095 13
53096 13
53097 14
53098 14
53099 14
53100 14
53101 14
53102 14
53103 14
53104 14
53105 14
53106 14
53107 14
53108 14
53109 14
53110 15
53111 15
53112 15
53113 15
53114 15
53115 15
53116 15
53117 15
53118 15
53119 15
53120 16
53121 16
53122 16
53123 16
53124 16
53125 16
53126 16
53127 17
53128 17
53129 17
53130 17
53131 17
53132 17
53133 17
53134 18
53135 18
53136 18
53137 18
53138 18
53139 19
53140 19
53141 19
53142 19
53143 20
53144 20
53145 20
53146 20
53147 21
53148 21
53149 21
53150 21
53151 22
53152 22
53153 22
53154 23
53155 23
53156 23
53157 23
53158 24
53159 24
53160 24
53161 25
53162 25
53163 25
53164 26
53165 26
53166 26
53167 27
53168 27
53169 27
53170 28
53171 28
53172 28
53173 29
53174 29
53175 29
53176 30
53177 30
53178 31
53179 31
53180 31
53181 32
53182 32
53183 32
53184 33
53185 33
53186 33
53187 34
53188 34
53189 34
53190 35
53191 35
53192 35
53193 36
53194 36
53195 36
53196 36
53197 37
53198 37
53199 37
53200 38
53201 38
53202 38
53203 38
53204 39
53205 39
53206 39
53207 39
53208 39
53209 40
53210 40
53211 40
53212 41
53213 41
53214 41
53215 41
53216 41
53217 41
53218 42
53219 42
53220 42
53221 42
53222 42
53223 42
53224 42
53225 43
53226 43
53227 43
53228 43
53229 43
53230 43
53231 43
53232 43
53233 43
53234 43
53235 43
53236 43
53237 43
53238 43
53239 43
53240 43
53241 43
53242 43
53243 43
53244 43
53245 43
53246 43
53247 43
53248 43
53249 43
53250 43
53251 43
53252 43
53253 43
53254 43
53255 42
53256 42
53257 42
53258 42
53259 42
53260 42
53261 42
53262 41
53263 41
53264 41
53265 41
53266 41
53267 40
53268 40
53269 40
53270 40
53271 40
53272 40
53273 39
53274 39
53275 39
53276 38
53277 38
53278 38
53279 38
53280 37
53281 37
53282 37
53283 37
53284 36
53285 36
53286 36
53287 36
53288 35
53289 35
53290 35
53291 34
53292 34
53293 33
53294 33
53295 33
53296 32
53297 32
53298 31
53299 31
53300 31
53301 30
53302 30
53303 30
53304 29
53305 29
53306 28
53307 28
53308 28
53309 27
53310 27
53311 26
53312 26
53313 26
53314 25
53315 25
53316 24
53317 24
53318 24
53319 23
53320 23
53321 22
53322 22
53323 22
53324 21
53325 21
53326 21
53327 20
53328 20
53329 19
53330 19
53331 19
53332 18
53333 18
53334 18
53335 17
53336 17
53337 17
53338 16
53339 16
53340 15
53341 15
53342 15
53343 15
53344 14
53345 14
53346 14
53347 14
53348 13
53349 13
53350 13
53351 13
53352 12
53353 12
53354 12
53355 12
53356 12
53357 11
53358 11
53359 11
53360 11
53361 11
53362 11
53363 11
53364 11
53365 11
53366 11
53367 11
53368 11
53369 11
53370 11
53371 11
53372 11
53373 11
53374 11
53375 11
53376 11
53377 11
53378 12
53379 12
53380 12
53381 12
53382 12
53383 12
53384 12
53385 12
53386 12
53387 12
53388 12
53389 13
53390 13
53391 13
53392 13
53393 13
53394 13
53395 13
53396 13
53397 14
53398 14
53399 14
53400 14
53401 14
53402 14
53403 14
53404 14
53405 14
53406 15
53407 15
53408 15
53409 15
53410 15
53411 15
53412 15
53413 15
53414 15
53415 15
53416 15
53417 15
53418 15
53419 15
53420 15
53421 15
53422 16
53423 16
53424 16
53425 15
53426 15
53427 15
53428 15
53429 15
53430 15
53431 15
53432 15
53433 15
53434 15
53435 15
53436 15
53437 15
53438 15
53439 15
53440 15
53441 15
53442 15
53443 15
53444 14
53445 14
53446 14
53447 14
53448 14
53449 14
53450 14
53451 14
53452 14
53453 13
53454 13
53455 13
53456 13
53457 13
53458 13
53459 13
53460 12
53461 12
53462 12
53463 12
53464 12
53465 12
53466 11
53467 11
53468 11
53469 11
53470 11
53471 11
53472 11
53473 10
53474 10
53475 10
53476 10
53477 10
53478 10
53479 10
53480 10
53481 9
53482 9
53483 9
53484 9
53485 9
53486 9
53487 9
53488 8
53489 8
53490 8
53491 8
53492 8
53493 8
53494 8
53495 8
53496 8
53497 7
53498 7
53499 7
53500 7
53501 7
53502 7
53503 7
53504 7
53505 7
53506 7
53507 7
53508 6
53509 6
53510 6
53511 6
53512 6
53513 6
53514 6
53515 6
53516 6
53517 6
53518 6
53519 6
53520 6
53521 6
53522 6
53523 6
53524 6
53525 6
53526 6
53527 6
53528 6
53529 6
53530 6
53531 6
53532 6
53533 6
53534 6
53535 6
53536 6
53537 6
53538 6
53539 6
53540 6
53541 6
53542 6
53543 6
53544 6
53545 6
53546 6
53547 6
53548 6
53549 6
53550 6
53551 6
53552 6
53553 6
53554 6
53555 6
53556 6
53557 6
53558 6
53559 6
53560 6
53561 6
53562 6
53563 6
53564 6
53565 7
53566 7
53567 7
53568 7
53569 7
53570 7
53571 7
53572 7
53573 7
53574 7
53575 7
53576 7
53577 7
53578 7
53579 7
53580 8
53581 8
53582 8
53583 8
53584 8
53585 8
53586 8
53587 8
53588 8
53589 8
53590 9
53591 9
53592 9
53593 9
53594 9
53595 9
53596 9
53597 9
53598 10
53599 10
53600 10
53601 10
53602 10
53603 10
53604 10
53605 11
53606 11
53607 11
53608 11
53609 11
53610 11
53611 11
53612 11
53613 12
53614 12
53615 12
53616 12
53617 12
53618 12
53619 12
53620 13
53621 13
53622 13
53623 13
53624 13
53625 13
53626 13
53627 13
53628 14
53629 14
53630 14
53631 14
53632 14
53633 14
53634 14
53635 14
53636 15
53637 15
53638 15
53639 15
53640 15
53641 15
53642 16
53643 16
53644 16
53645 16
53646 16
53647 16
53648 17
53649 17
53650 17
53651 17
53652 17
53653 17
53654 18
53655 18
53656 18
53657 18
53658 18
53659 18
53660 19
53661 19
53662 19
53663 19
53664 19
53665 20
53666 20
53667 20
53668 20
53669 20
53670 21
53671 21
53672 21
53673 21
53674 21
53675 22
53676 22
53677 22
53678 22
53679 23
53680 23
53681 23
53682 23
53683 23
53684 24
53685 24
53686 24
53687 24
53688 25
53689 25
53690 25
53691 25
53692 25
53693 26
53694 26
53695 26
53696 26
53697 27
53698 27
53699 27
53700 27
53701 28
53702 28
53703 28
53704 28
53705 29
53706 29
53707 29
53708 29
53709 29
53710 30
53711 30
53712 30
53713 30
53714 30
53715 30
53716 30
53717 31
53718 31
53719 31
53720 31
53721 31
53722 31
53723 32
53724 32
53725 32
53726 32
53727 32
53728 32
53729 32
53730 32
53731 32
53732 33
53733 33
53734 33
53735 33
53736 33
53737 33
53738 33
53739 33
53740 33
53741 33
53742 33
53743 33
53744 33
53745 33
53746 33
53747 33
53748 34
53749 34
53750 34
53751 34
53752 34
53753 34
53754 34
53755 34
53756 34
53757 34
53758 34
53759 34
53760 34
53761 34
53762 34
53763 34
53764 35
53765 35
53766 35
53767 35
53768 35
53769 35
53770 35
53771 35
53772 35
53773 35
53774 35
53775 35
53776 35
53777 35
53778 35
53779 35
53780 36
53781 36
53782 36
53783 36
53784 36
53785 36
53786 36
53787 36
53788 36
53789 36
53790 36
53791 36
53792 36
53793 36
53794 36
53795 36
53796 37
53797 37
53798 37
53799 37
53800 37
53801 37
53802 37
53803 37
53804 37
53805 37
53806 37
53807 37
53808 37
53809 37
53810 37
53811 37
53812 37
53813 37
53814 37
53815 37
53816 37
53817 37
53818 37
53819 37
53820 37
53821 37
53822 37
53823 37
53824 37
53825 37
53826 37
53827 37
53828 37
53829 37
53830 37
53831 37
53832 37
53833 37
53834 37
53835 37
53836 37
53837 37
53838 37
53839 37
53840 37
53841 37
53842 37
53843 37
53844 37
53845 37
53846 37
53847 37
53848 36
53849 36
53850 36
53851 36
53852 36
53853 36
53854 36
53855 36
53856 36
53857 35
53858 35
53859 35
53860 35
53861 35
53862 35
53863 34
53864 34
53865 34
53866 34
53867 34
53868 34
53869 34
53870 34
53871 34
53872 34
53873 34
53874 33
53875 33
53876 33
53877 33
53878 33
53879 33
53880 33
53881 33
53882 32
53883 32
53884 32
53885 32
53886 32
53887 31
53888 31
53889 31
53890 31
53891 31
53892 31
53893 30
53894 30
53895 30
53896 30
53897 30
53898 29
53899 29
53900 29
53901 29
53902 29
53903 28
53904 28
53905 28
53906 28
53907 28
53908 27
53909 27
53910 27
53911 27
53912 27
53913 26
53914 26
53915 26
53916 26
53917 25
53918 25
53919 25
53920 24
53921 24
53922 24
53923 24
53924 23
53925 23
53926 23
53927 22
53928 22
53929 22
53930 21
53931 21
53932 21
53933 20
53934 20
53935 20
53936 19
53937 19
53938 19
53939 18
53940 18
53941 18
53942 17
53943 17
53944 17
53945 16
53946 16
53947 15
53948 15
53949 15
53950 14
53951 14
53952 14
53953 13
53954 13
53955 13
53956 12
53957 12
53958 12
53959 11
53960 11
53961 10
53962 10
53963 10
53964 10
53965 9
53966 9
53967 9
53968 8
53969 8
53970 8
53971 8
53972 7
53973 7
53974 7
53975 7
53976 7
53977 6
53978 6
53979 6
53980 6
53981 6
53982 6
53983 6
53984 6
53985 6
53986 6
53987 6
53988 6
53989 7
53990 7
53991 7
53992 7
53993 7
53994 8
53995 8
53996 8
53997 8
53998 8
53999 9
54000 9
54001 9
54002 9
54003 10
54004 10
54005 10
54006 11
54007 11
54008 11
54009 11
54010 12
54011 12
54012 12
54013 12
54014 12
54015 13
54016 13
54017 13
54018 13
54019 13
54020 14
54021 14
54022 14
54023 14
54024 14
54025 14
54026 15
54027 15
54028 15
54029 15
54030 15
54031 15
54032 16
54033 16
54034 16
54035 16
54036 16
54037 16
54038 16
54039 16
54040 16
54041 16
54042 16
54043 16
54044 16
54045 16
54046 16
54047 15
54048 15
54049 15
54050 15
54051 15
54052 15
54053 15
54054 15
54055 14
54056 14
54057 14
54058 14
54059 14
54060 13
54061 13
54062 13
54063 13
54064 12
54065 12
54066 12
54067 12
54068 11
54069 11
54070 11
54071 11
54072 10
54073 10
54074 10
54075 9
54076 9
54077 9
54078 8
54079 8
54080 8
54081 8
54082 7
54083 7
54084 7
54085 6
54086 6
54087 6
54088 6
54089 6
54090 5
54091 5
54092 5
54093 5
54094 5
54095 5
54096 5
54097 5
54098 5
54099 5
54100 5
54101 6
54102 6
54103 6
54104 6
54105 6
54106 7
54107 7
54108 7
54109 8
54110 8
54111 9
54112 9
54113 9
54114 10
54115 10
54116 11
54117 11
54118 11
54119 12
54120 12
54121 12
54122 13
54123 13
54124 14
54125 14
54126 14
54127 15
54128 15
54129 16
54130 16
54131 16
54132 17
54133 17
54134 18
54135 18
54136 19
54137 19
54138 19
54139 20
54140 20
54141 20
54142 21
54143 21
54144 22
54145 22
54146 22
54147 23
54148 23
54149 23
54150 24
54151 24
54152 24
54153 25
54154 25
54155 25
54156 26
54157 26
54158 26
54159 27
54160 27
54161 27
54162 28
54163 28
54164 28
54165 28
54166 29
54167 29
54168 29
54169 29
54170 30
54171 30
54172 30
54173 30
54174 31
54175 31
54176 31
54177 31
54178 32
54179 32
54180 32
54181 32
54182 33
54183 33
54184 33
54185 33
54186 34
54187 34
54188 34
54189 34
54190 35
54191 35
54192 35
54193 35
54194 35
54195 35
54196 36
54197 36
54198 36
54199 36
54200 36
54201 36
54202 36
54203 37
54204 37
54205 37
54206 37
54207 37
54208 37
54209 37
54210 38
54211 38
54212 38
54213 38
54214 38
54215 38
54216 38
54217 38
54218 38
54219 38
54220 38
54221 38
54222 38
54223 38
54224 38
54225 38
54226 39
54227 39
54228 39
54229 39
54230 39
54231 39
54232 39
54233 39
54234 39
54235 39
54236 39
54237 39
54238 39
54239 39
54240 39
54241 39
54242 39
54243 39
54244 39
54245 39
54246 39
54247 39
54248 39
54249 39
54250 39
54251 38
54252 38
54253 38
54254 38
54255 38
54256 38
54257 37
54258 37
54259 37
54260 37
54261 37
54262 37
54263 37
54264 37
54265 37
54266 37
54267 37
54268 36
54269 36
54270 36
54271 36
54272 36
54273 36
54274 36
54275 36
54276 35
54277 35
54278 35
54279 35
54280 35
54281 35
54282 34
54283 34
54284 34
54285 34
54286 34
54287 33
54288 33
54289 33
54290 33
54291 33
54292 32
54293 32
54294 32
54295 32
54296 32
54297 31
54298 31
54299 31
54300 31
54301 31
54302 31
54303 30
54304 30
54305 30
54306 30
54307 29
54308 29
54309 29
54310 29
54311 28
54312 28
54313 28
54314 28
54315 27
54316 27
54317 27
54318 27
54319 27
54320 26
54321 26
54322 26
54323 26
54324 25
54325 25
54326 25
54327 25
54328 25
54329 24
54330 24
54331 24
54332 24
54333 24
54334 24
54335 24
54336 23
54337 23
54338 23
54339 23
54340 23
54341 23
54342 22
54343 22
54344 22
54345 22
54346 22
54347 22
54348 22
54349 22
54350 22
54351 21
54352 21
54353 21
54354 21
54355 21
54356 21
54357 21
54358 21
54359 21
54360 21
54361 21
54362 21
54363 21
54364 20
54365 20
54366 20
54367 20
54368 20
54369 20
54370 20
54371 20
54372 20
54373 20
54374 19
54375 19
54376 19
54377 19
54378 19
54379 19
54380 19
54381 19
54382 19
54383 19
54384 18
54385 18
54386 18
54387 18
54388 18
54389 18
54390 18
54391 18
54392 18
54393 18
54394 17
54395 17
54396 17
54397 17
54398 17
54399 17
54400 17
54401 17
54402 17
54403 17
54404 17
54405 16
54406 16
54407 16
54408 16
54409 16
54410 16
54411 16
54412 16
54413 16
54414 16
54415 16
54416 16
54417 16
54418 15
54419 15
54420 15
54421 15
54422 15
54423 15
54424 15
54425 15
54426 15
54427 15
54428 15
54429 15
54430 15
54431 15
54432 15
54433 15
54434 15
54435 14
54436 14
54437 14
54438 14
54439 14
54440 14
54441 14
54442 14
54443 14
54444 13
54445 13
54446 13
54447 13
54448 13
54449 13
54450 13
54451 13
54452 12
54453 12
54454 12
54455 12
54456 12
54457 11
54458 11
54459 11
54460 11
54461 11
54462 11
54463 10
54464 10
54465 10
54466 10
54467 10
54468 10
54469 9
54470 9
54471 9
54472 9
54473 9
54474 8
54475 8
54476 8
54477 8
54478 8
54479 8
54480 7
54481 7
54482 7
54483 7
54484 7
54485 7
54486 7
54487 6
54488 6
54489 6
54490 6
54491 6
54492 6
54493 6
54494 7
54495 7
54496 7
54497 7
54498 7
54499 7
54500 7
54501 7
54502 7
54503 8
54504 8
54505 8
54506 8
54507 9
54508 9
54509 9
54510 9
54511 10
54512 10
54513 10
54514 10
54515 11
54516 11
54517 11
54518 12
54519 12
54520 12
54521 13
54522 13
54523 13
54524 14
54525 14
54526 14
54527 15
54528 15
54529 15
54530 16
54531 16
54532 16
54533 16
54534 17
54535 17
54536 17
54537 18
54538 18
54539 18
54540 18
54541 19
54542 19
54543 19
54544 19
54545 20
54546 20
54547 20
54548 20
54549 21
54550 21
54551 21
54552 21
54553 21
54554 22
54555 22
54556 22
54557 22
54558 22
54559 23
54560 23
54561 23
54562 23
54563 23
54564 23
54565 23
54566 24
54567 24
54568 24
54569 24
54570 24
54571 24
54572 24
54573 24
54574 24
54575 25
54576 25
54577 25
54578 25
54579 25
54580 25
54581 25
54582 25
54583 25
54584 25
54585 25
54586 25
54587 25
54588 25
54589 25
54590 25
54591 25
54592 26
54593 26
54594 26
54595 26
54596 26
54597 26
54598 26
54599 26
54600 26
54601 26
54602 26
54603 26
54604 26
54605 26
54606 26
54607 26
54608 26
54609 26
54610 26
54611 26
54612 26
54613 26
54614 26
54615 26
54616 26
54617 26
54618 26
54619 26
54620 26
54621 26
54622 26
54623 26
54624 26
54625 26
54626 26
54627 26
54628 26
54629 26
54630 26
54631 26
54632 26
54633 26
54634 26
54635 26
54636 25
54637 25
54638 25
54639 25
54640 25
54641 25
54642 25
54643 25
54644 25
54645 25
54646 25
54647 25
54648 25
54649 25
54650 25
54651 25
54652 24
54653 24
54654 24
54655 24
54656 24
54657 24
54658 24
54659 24
54660 24
54661 23
54662 23
54663 23
54664 23
54665 23
54666 23
54667 23
54668 22
54669 22
54670 22
54671 22
54672 22
54673 22
54674 21
54675 21
54676 21
54677 21
54678 20
54679 20
54680 20
54681 20
54682 20
54683 19
54684 19
54685 19
54686 19
54687 18
54688 18
54689 18
54690 17
54691 17
54692 17
54693 17
54694 16
54695 16
54696 16
54697 15
54698 15
54699 15
54700 14
54701 14
54702 14
54703 14
54704 13
54705 13
54706 13
54707 12
54708 12
54709 12
54710 11
54711 11
54712 11
54713 10
54714 10
54715 10
54716 9
54717 9
54718 9
54719 9
54720 8
54721 8
54722 8
54723 7
54724 7
54725 7
54726 7
54727 7
54728 7
54729 6
54730 6
54731 6
54732 6
54733 6
54734 6
54735 6
54736 6
54737 6
54738 5
54739 5
54740 5
54741 5
54742 5
54743 5
54744 6
54745 6
54746 6
54747 6
54748 6
54749 6
54750 6
54751 7
54752 7
54753 7
54754 7
54755 7
54756 8
54757 8
54758 8
54759 8
54760 9
54761 9
54762 9
54763 9
54764 10
54765 10
54766 10
54767 11
54768 11
54769 11
54770 11
54771 11
54772 12
54773 12
54774 12
54775 12
54776 13
54777 13
54778 13
54779 13
54780 13
54781 13
54782 14
54783 14
54784 14
54785 14
54786 14
54787 14
54788 15
54789 15
54790 15
54791 15
54792 15
54793 15
54794 15
54795 15
54796 15
54797 15
54798 16
54799 16
54800 16
54801 16
54802 16
54803 16
54804 16
54805 16
54806 16
54807 16
54808 16
54809 16
54810 16
54811 16
54812 16
54813 16
54814 15
54815 15
54816 15
54817 15
54818 15
54819 15
54820 15
54821 15
54822 15
54823 15
54824 14
54825 14
54826 14
54827 14
54828 14
54829 14
54830 13
54831 13
54832 13
54833 13
54834 13
54835 12
54836 12
54837 12
54838 12
54839 12
54840 11
54841 11
54842 11
54843 11
54844 11
54845 10
54846 10
54847 10
54848 10
54849 10
54850 9
54851 9
54852 9
54853 9
54854 9
54855 9
54856 8
54857 8
54858 8
54859 8
54860 8
54861 8
54862 8
54863 8
54864 8
54865 8
54866 8
54867 8
54868 8
54869 8
54870 8
54871 8
54872 8
54873 8
54874 9
54875 9
54876 9
54877 9
54878 9
54879 10
54880 10
54881 10
54882 10
54883 11
54884 11
54885 11
54886 12
54887 12
54888 12
54889 13
54890 13
54891 14
54892 14
54893 14
54894 15
54895 15
54896 15
54897 16
54898 16
54899 16
54900 16
54901 17
54902 17
54903 17
54904 17
54905 18
54906 18
54907 18
54908 19
54909 19
54910 19
54911 19
54912 20
54913 20
54914 20
54915 20
54916 21
54917 21
54918 21
54919 21
54920 21
54921 22
54922 22
54923 22
54924 22
54925 22
54926 22
54927 23
54928 23
54929 23
54930 23
54931 23
54932 23
54933 23
54934 24
54935 24
54936 24
54937 24
54938 24
54939 24
54940 24
54941 24
54942 24
54943 25
54944 25
54945 25
54946 25
54947 25
54948 25
54949 25
54950 25
54951 25
54952 26
54953 26
54954 26
54955 26
54956 26
54957 26
54958 26
54959 26
54960 26
54961 26
54962 26
54963 26
54964 26
54965 26
54966 26
54967 26
54968 26
54969 27
54970 27
54971 27
54972 27
54973 27
54974 27
54975 27
54976 27
54977 27
54978 27
54979 27
54980 27
54981 27
54982 27
54983 27
54984 27
54985 27
54986 27
54987 27
54988 27
54989 27
54990 28
54991 28
54992 28
54993 28
54994 28
54995 28
54996 28
54997 28
54998 28
54999 28
55000 28
55001 28
55002 28
55003 28
55004 28
55005 28
55006 28
55007 28
55008 29
55009 29
55010 29
55011 29
55012 29
55013 29
55014 29
55015 29
55016 29
55017 29
55018 29
55019 29
55020 29
55021 29
55022 29
55023 30
55024 30
55025 30
55026 30
55027 30
55028 30
55029 30
55030 30
55031 30
55032 30
55033 30
55034 30
55035 30
55036 30
55037 30
55038 31
55039 31
55040 31
55041 31
55042 31
55043 31
55044 31
55045 31
55046 31
55047 31
55048 31
55049 31
55050 31
55051 31
55052 31
55053 31
55054 30
55055 30
55056 30
55057 30
55058 30
55059 30
55060 30
55061 30
55062 30
55063 30
55064 30
55065 30
55066 30
55067 29
55068 29
55069 29
55070 29
55071 29
55072 29
55073 29
55074 29
55075 28
55076 28
55077 28
55078 28
55079 28
55080 28
55081 28
55082 27
55083 27
55084 27
55085 27
55086 27
55087 26
55088 26
55089 26
55090 26
55091 26
55092 26
55093 25
55094 25
55095 25
55096 25
55097 25
55098 24
55099 24
55100 24
55101 24
55102 23
55103 23
55104 23
55105 23
55106 23
55107 22
55108 22
55109 22
55110 22
55111 21
55112 21
55113 21
55114 21
55115 21
55116 20
55117 20
55118 20
55119 20
55120 19
55121 19
55122 19
55123 19
55124 18
55125 18
55126 18
55127 18
55128 17
55129 17
55130 17
55131 17
55132 16
55133 16
55134 16
55135 16
55136 16
55137 15
55138 15
55139 15
55140 15
55141 15
55142 14
55143 14
55144 14
55145 14
55146 13
55147 13
55148 13
55149 13
55150 13
55151 13
55152 12
55153 12
55154 12
55155 12
55156 12
55157 12
55158 12
55159 12
55160 11
55161 11
55162 11
55163 11
55164 11
55165 11
55166 11
55167 11
55168 11
55169 11
55170 10
55171 10
55172 10
55173 10
55174 10
55175 10
55176 10
55177 10
55178 10
55179 10
55180 10
55181 10
55182 10
55183 10
55184 10
55185 10
55186 10
55187 10
55188 10
55189 10
55190 10
55191 10
55192 10
55193 10
55194 10
55195 10
55196 10
55197 10
55198 10
55199 10
55200 10
55201 10
55202 10
55203 10
55204 10
55205 10
55206 10
55207 10
55208 10
55209 10
55210 10
55211 10
55212 10
55213 10
55214 10
55215 10
55216 10
55217 10
55218 10
55219 10
55220 10
55221 10
55222 10
55223 10
55224 10
55225 10
55226 10
55227 10
55228 10
55229 10
55230 10
55231 10
55232 10
55233 10
55234 10
55235 10
55236 10
55237 10
55238 10
55239 9
55240 9
55241 9
55242 9
55243 9
55244 9
55245 9
55246 9
55247 9
55248 9
55249 9
55250 9
55251 9
55252 9
55253 9
55254 9
55255 9
55256 9
55257 9
55258 9
55259 9
55260 9
55261 9
55262 9
55263 9
55264 9
55265 9
55266 9
55267 9
55268 9
55269 9
55270 9
55271 9
55272 10
55273 10
55274 10
55275 10
55276 10
55277 9
55278 10
55279 10
55280 10
55281 10
55282 10
55283 10
55284 10
55285 11
55286 11
55287 11
55288 11
55289 11
55290 12
55291 12
55292 12
55293 12
55294 12
55295 12
55296 13
55297 13
55298 13
55299 13
55300 13
55301 13
55302 14
55303 14
55304 14
55305 14
55306 14
55307 15
55308 15
55309 15
55310 15
55311 16
55312 16
55313 16
55314 16
55315 16
55316 17
55317 17
55318 17
55319 17
55320 17
55321 17
55322 18
55323 18
55324 18
55325 18
55326 18
55327 18
55328 19
55329 19
55330 19
55331 19
55332 19
55333 19
55334 19
55335 19
55336 20
55337 20
55338 20
55339 20
55340 20
55341 20
55342 20
55343 21
55344 21
55345 21
55346 21
55347 21
55348 21
55349 21
55350 21
55351 21
55352 22
55353 22
55354 22
55355 22
55356 22
55357 22
55358 22
55359 22
55360 22
55361 22
55362 23
55363 23
55364 23
55365 23
55366 23
55367 23
55368 23
55369 23
55370 23
55371 23
55372 23
55373 24
55374 24
55375 24
55376 24
55377 24
55378 24
55379 24
55380 24
55381 24
55382 24
55383 24
55384 24
55385 24
55386 24
55387 24
55388 24
55389 24
55390 24
55391 24
55392 25
55393 25
55394 25
55395 25
55396 25
55397 25
55398 25
55399 25
55400 25
55401 25
55402 25
55403 25
55404 25
55405 25
55406 25
55407 25
55408 25
55409 25
55410 25
55411 25
55412 25
55413 25
55414 25
55415 25
55416 25
55417 25
55418 25
55419 25
55420 25
55421 25
55422 25
55423 25
55424 25
55425 24
55426 24
55427 24
55428 24
55429 24
55430 24
55431 24
55432 24
55433 24
55434 24
55435 24
55436 24
55437 24
55438 24
55439 24
55440 24
55441 24
55442 24
55443 24
55444 24
55445 24
55446 24
55447 24
55448 23
55449 23
55450 23
55451 23
55452 23
55453 23
55454 23
55455 23
55456 23
55457 23
55458 23
55459 22
55460 22
55461 22
55462 22
55463 22
55464 22
55465 22
55466 22
55467 22
55468 22
55469 21
55470 21
55471 21
55472 21
55473 21
55474 21
55475 21
55476 21
55477 20
55478 20
55479 20
55480 20
55481 20
55482 20
55483 19
55484 19
55485 19
55486 19
55487 19
55488 18
55489 18
55490 18
55491 18
55492 18
55493 17
55494 17
55495 17
55496 17
55497 17
55498 17
55499 16
55500 16
55501 16
55502 16
55503 16
55504 15
55505 15
55506 15
55507 15
55508 15
55509 14
55510 14
55511 14
55512 14
55513 14
55514 14
55515 13
55516 13
55517 13
55518 13
55519 13
55520 12
55521 12
55522 12
55523 12
55524 12
55525 12
55526 12
55527 12
55528 11
55529 11
55530 11
55531 11
55532 11
55533 11
55534 11
55535 11
55536 11
55537 11
55538 11
55539 11
55540 11
55541 11
55542 11
55543 11
55544 11
55545 11
55546 11
55547 11
55548 11
55549 12
55550 12
55551 12
55552 12
55553 12
55554 12
55555 12
55556 12
55557 12
55558 13
55559 13
55560 13
55561 13
55562 13
55563 13
55564 14
55565 14
55566 14
55567 14
55568 14
55569 14
55570 15
55571 15
55572 15
55573 15
55574 15
55575 16
55576 16
55577 16
55578 16
55579 16
55580 17
55581 17
55582 17
55583 17
55584 18
55585 18
55586 18
55587 18
55588 19
55589 19
55590 19
55591 19
55592 19
55593 20
55594 20
55595 20
55596 20
55597 21
55598 21
55599 21
55600 21
55601 21
55602 21
55603 22
55604 22
55605 22
55606 22
55607 22
55608 22
55609 23
55610 23
55611 23
55612 23
55613 23
55614 23
55615 23
55616 23
55617 24
55618 24
55619 24
55620 24
55621 24
55622 24
55623 24
55624 24
55625 24
55626 24
55627 24
55628 24
55629 24
55630 24
55631 24
55632 24
55633 23
55634 23
55635 23
55636 23
55637 23
55638 23
55639 23
55640 23
55641 23
55642 22
55643 22
55644 22
55645 22
55646 22
55647 22
55648 21
55649 21
55650 21
55651 21
55652 21
55653 20
55654 20
55655 20
55656 20
55657 19
55658 19
55659 19
55660 19
55661 18
55662 18
55663 18
55664 18
55665 17
55666 17
55667 17
55668 16
55669 16
55670 16
55671 16
55672 15
55673 15
55674 15
55675 14
55676 14
55677 13
55678 13
55679 13
55680 12
55681 12
55682 11
55683 11
55684 10
55685 10
55686 10
55687 9
55688 9
55689 9
55690 8
55691 8
55692 8
55693 8
55694 7
55695 7
55696 7
55697 6
55698 6
55699 6
55700 6
55701 6
55702 6
55703 5
55704 5
55705 5
55706 5
55707 5
55708 5
55709 5
55710 6
55711 6
55712 6
55713 6
55714 6
55715 6
55716 7
55717 7
55718 7
55719 7
55720 8
55721 8
55722 8
55723 9
55724 9
55725 9
55726 10
55727 10
55728 10
55729 11
55730 11
55731 11
55732 12
55733 12
55734 12
55735 12
55736 13
55737 13
55738 13
55739 14
55740 14
55741 15
55742 15
55743 15
55744 15
55745 16
55746 16
55747 16
55748 17
55749 17
55750 17
55751 18
55752 18
55753 18
55754 18
55755 19
55756 19
55757 19
55758 19
55759 20
55760 20
55761 20
55762 20
55763 21
55764 21
55765 21
55766 21
55767 22
55768 22
55769 22
55770 22
55771 23
55772 23
55773 23
55774 23
55775 23
55776 24
55777 24
55778 24
55779 24
55780 25
55781 25
55782 25
55783 25
55784 25
55785 26
55786 26
55787 26
55788 26
55789 26
55790 26
55791 27
55792 27
55793 27
55794 27
55795 27
55796 27
55797 28
55798 28
55799 28
55800 28
55801 28
55802 28
55803 28
55804 29
55805 29
55806 29
55807 29
55808 29
55809 29
55810 29
55811 29
55812 29
55813 30
55814 30
55815 30
55816 30
55817 30
55818 30
55819 30
55820 30
55821 30
55822 30
55823 30
55824 30
55825 30
55826 30
55827 30
55828 31
55829 31
55830 31
55831 31
55832 31
55833 31
55834 31
55835 31
55836 31
55837 31
55838 31
55839 31
55840 31
55841 31
55842 31
55843 31
55844 31
55845 31
55846 31
55847 31
55848 31
55849 31
55850 31
55851 31
55852 31
55853 31
55854 31
55855 31
55856 31
55857 31
55858 31
55859 31
55860 31
55861 30
55862 30
55863 30
55864 30
55865 30
55866 30
55867 30
55868 30
55869 30
55870 30
55871 29
55872 29
55873 29
55874 29
55875 29
55876 29
55877 29
55878 29
55879 28
55880 28
55881 28
55882 28
55883 28
55884 28
55885 27
55886 27
55887 27
55888 27
55889 27
55890 26
55891 26
55892 26
55893 26
55894 26
55895 25
55896 25
55897 25
55898 25
55899 25
55900 24
55901 24
55902 24
55903 24
55904 24
55905 24
55906 23
55907 23
55908 23
55909 23
55910 22
55911 22
55912 22
55913 22
55914 22
55915 21
55916 21
55917 21
55918 21
55919 20
55920 20
55921 20
55922 20
55923 20
55924 19
55925 19
55926 19
55927 19
55928 19
55929 18
55930 18
55931 18
55932 18
55933 18
55934 17
55935 17
55936 17
55937 17
55938 16
55939 16
55940 16
55941 16
55942 16
55943 15
55944 15
55945 15
55946 15
55947 15
55948 14
55949 14
55950 14
55951 14
55952 14
55953 14
55954 13
55955 13
55956 13
55957 13
55958 13
55959 12
55960 12
55961 12
55962 12
55963 12
55964 11
55965 11
55966 11
55967 11
55968 11
55969 10
55970 10
55971 10
55972 10
55973 10
55974 9
55975 9
55976 9
55977 9
55978 9
55979 9
55980 9
55981 8
55982 8
55983 8
55984 8
55985 8
55986 8
55987 8
55988 8
55989 8
55990 7
55991 7
55992 7
55993 7
55994 7
55995 7
55996 7
55997 7
55998 7
55999 7
56000 7
56001 7
56002 7
56003 7
56004 7
56005 7
56006 8
56007 8
56008 8
56009 8
56010 8
56011 8
56012 8
56013 8
56014 8
56015 9
56016 9
56017 9
56018 9
56019 9
56020 9
56021 10
56022 10
56023 10
56024 10
56025 10
56026 10
56027 11
56028 11
56029 11
56030 11
56031 11
56032 12
56033 12
56034 12
56035 12
56036 12
56037 13
56038 13
56039 13
56040 13
56041 14
56042 14
56043 14
56044 14
56045 14
56046 15
56047 15
56048 15
56049 15
56050 16
56051 16
56052 16
56053 16
56054 16
56055 17
56056 17
56057 17
56058 17
56059 18
56060 18
56061 18
56062 18
56063 18
56064 19
56065 19
56066 19
56067 19
56068 19
56069 20
56070 20
56071 20
56072 20
56073 21
56074 21
56075 21
56076 21
56077 21
56078 21
56079 22
56080 22
56081 22
56082 22
56083 22
56084 22
56085 23
56086 23
56087 23
56088 23
56089 23
56090 23
56091 23
56092 23
56093 24
56094 24
56095 24
56096 24
56097 24
56098 24
56099 24
56100 24
56101 24
56102 24
56103 24
56104 24
56105 24
56106 25
56107 25
56108 25
56109 25
56110 25
56111 25
56112 25
56113 25
56114 25
56115 25
56116 25
56117 25
56118 25
56119 24
56120 24
56121 24
56122 24
56123 24
56124 24
56125 24
56126 24
56127 24
56128 24
56129 24
56130 23
56131 23
56132 23
56133 23
56134 23
56135 22
56136 22
56137 22
56138 22
56139 22
56140 21
56141 21
56142 21
56143 21
56144 20
56145 20
56146 20
56147 20
56148 19
56149 19
56150 19
56151 18
56152 18
56153 18
56154 17
56155 17
56156 17
56157 17
56158 16
56159 16
56160 16
56161 15
56162 15
56163 15
56164 14
56165 14
56166 14
56167 13
56168 13
56169 12
56170 12
56171 12
56172 11
56173 11
56174 11
56175 10
56176 10
56177 9
56178 9
56179 9
56180 8
56181 8
56182 7
56183 7
56184 7
56185 6
56186 6
56187 5
56188 5
56189 4
56190 4
56191 4
56192 4
56193 3
56194 3
56195 3
56196 3
56197 2
56198 2
56199 3
56200 3
56201 3
56202 3
56203 3
56204 3
56205 4
56206 4
56207 4
56208 5
56209 5
56210 6
56211 6
56212 6
56213 7
56214 7
56215 8
56216 8
56217 9
56218 9
56219 9
56220 10
56221 10
56222 11
56223 11
56224 11
56225 12
56226 12
56227 12
56228 13
56229 13
56230 13
56231 14
56232 14
56233 15
56234 15
56235 15
56236 15
56237 16
56238 16
56239 16
56240 17
56241 17
56242 17
56243 18
56244 18
56245 18
56246 19
56247 19
56248 19
56249 19
56250 20
56251 20
56252 20
56253 21
56254 21
56255 21
56256 21
56257 21
56258 22
56259 22
56260 22
56261 22
56262 23
56263 23
56264 23
56265 23
56266 23
56267 24
56268 24
56269 24
56270 24
56271 24
56272 24
56273 25
56274 25
56275 25
56276 25
56277 25
56278 25
56279 25
56280 26
56281 26
56282 26
56283 26
56284 26
56285 26
56286 26
56287 26
56288 26
56289 27
56290 27
56291 27
56292 27
56293 27
56294 27
56295 27
56296 27
56297 27
56298 27
56299 27
56300 27
56301 27
56302 27
56303 27
56304 27
56305 27
56306 27
56307 27
56308 27
56309 27
56310 27
56311 27
56312 27
56313 27
56314 27
56315 27
56316 27
56317 27
56318 27
56319 27
56320 27
56321 27
56322 27
56323 27
56324 26
56325 26
56326 26
56327 26
56328 26
56329 26
56330 26
56331 26
56332 25
56333 25
56334 25
56335 25
56336 25
56337 25
56338 25
56339 24
56340 24
56341 24
56342 24
56343 24
56344 23
56345 23
56346 23
56347 23
56348 23
56349 22
56350 22
56351 22
56352 22
56353 21
56354 21
56355 21
56356 21
56357 20
56358 20
56359 20
56360 20
56361 19
56362 19
56363 19
56364 18
56365 18
56366 18
56367 18
56368 17
56369 17
56370 17
56371 16
56372 16
56373 16
56374 15
56375 15
56376 15
56377 14
56378 14
56379 14
56380 13
56381 13
56382 13
56383 12
56384 12
56385 12
56386 11
56387 11
56388 11
56389 10
56390 10
56391 10
56392 9
56393 9
56394 9
56395 8
56396 8
56397 8
56398 7
56399 7
56400 7
56401 6
56402 6
56403 6
56404 6
56405 6
56406 5
56407 5
56408 5
56409 5
56410 5
56411 5
56412 5
56413 5
56414 5
56415 5
56416 5
56417 6
56418 6
56419 6
56420 6
56421 7
56422 7
56423 7
56424 7
56425 8
56426 8
56427 8
56428 9
56429 9
56430 9
56431 10
56432 10
56433 10
56434 11
56435 11
56436 11
56437 12
56438 12
56439 12
56440 13
56441 13
56442 13
56443 14
56444 14
56445 14
56446 15
56447 15
56448 15
56449 16
56450 16
56451 16
56452 17
56453 17
56454 17
56455 17
56456 18
56457 18
56458 18
56459 19
56460 19
56461 19
56462 19
56463 20
56464 20
56465 20
56466 20
56467 21
56468 21
56469 21
56470 21
56471 21
56472 21
56473 21
56474 22
56475 22
56476 22
56477 22
56478 22
56479 22
56480 22
56481 22
56482 23
56483 23
56484 23
56485 23
56486 23
56487 23
56488 23
56489 23
56490 23
56491 23
56492 23
56493 23
56494 23
56495 23
56496 23
56497 22
56498 22
56499 22
56500 22
56501 22
56502 22
56503 22
56504 22
56505 22
56506 21
56507 21
56508 21
56509 21
56510 21
56511 21
56512 20
56513 20
56514 20
56515 20
56516 19
56517 19
56518 19
56519 19
56520 18
56521 18
56522 18
56523 18
56524 17
56525 17
56526 17
56527 17
56528 16
56529 16
56530 16
56531 15
56532 15
56533 15
56534 15
56535 14
56536 14
56537 14
56538 13
56539 13
56540 13
56541 12
56542 12
56543 12
56544 11
56545 11
56546 11
56547 10
56548 10
56549 10
56550 9
56551 9
56552 9
56553 8
56554 8
56555 7
56556 7
56557 7
56558 6
56559 6
56560 6
56561 5
56562 5
56563 5
56564 4
56565 4
56566 4
56567 4
56568 4
56569 4
56570 4
56571 4
56572 4
56573 4
56574 4
56575 5
56576 5
56577 5
56578 5
56579 6
56580 6
56581 7
56582 7
56583 7
56584 8
56585 8
56586 8
56587 9
56588 9
56589 9
56590 10
56591 10
56592 11
56593 11
56594 11
56595 12
56596 12
56597 12
56598 13
56599 13
56600 13
56601 14
56602 14
56603 14
56604 15
56605 15
56606 16
56607 16
56608 16
56609 17
56610 17
56611 17
56612 18
56613 18
56614 18
56615 18
56616 19
56617 19
56618 19
56619 20
56620 20
56621 20
56622 20
56623 21
56624 21
56625 21
56626 22
56627 22
56628 22
56629 22
56630 22
56631 23
56632 23
56633 23
56634 23
56635 24
56636 24
56637 24
56638 24
56639 24
56640 24
56641 25
56642 25
56643 25
56644 25
56645 25
56646 25
56647 25
56648 25
56649 25
56650 26
56651 26
56652 26
56653 26
56654 26
56655 26
56656 26
56657 26
56658 26
56659 26
56660 26
56661 26
56662 26
56663 26
56664 26
56665 26
56666 26
56667 26
56668 26
56669 26
56670 26
56671 25
56672 25
56673 25
56674 25
56675 25
56676 25
56677 25
56678 25
56679 25
56680 25
56681 24
56682 24
56683 24
56684 24
56685 24
56686 24
56687 24
56688 23
56689 23
56690 23
56691 23
56692 23
56693 23
56694 22
56695 22
56696 22
56697 22
56698 21
56699 21
56700 21
56701 21
56702 20
56703 20
56704 20
56705 20
56706 19
56707 19
56708 19
56709 18
56710 18
56711 18
56712 17
56713 17
56714 17
56715 16
56716 16
56717 16
56718 15
56719 15
56720 15
56721 14
56722 14
56723 14
56724 13
56725 13
56726 12
56727 12
56728 12
56729 11
56730 11
56731 11
56732 10
56733 10
56734 9
56735 9
56736 9
56737 8
56738 8
56739 7
56740 7
56741 7
56742 6
56743 6
56744 6
56745 5
56746 5
56747 5
56748 5
56749 4
56750 4
56751 4
56752 3
56753 3
56754 3
56755 4
56756 4
56757 4
56758 4
56759 4
56760 4
56761 5
56762 5
56763 5
56764 6
56765 6
56766 6
56767 7
56768 7
56769 8
56770 8
56771 8
56772 9
56773 9
56774 10
56775 10
56776 10
56777 11
56778 11
56779 12
56780 12
56781 12
56782 13
56783 13
56784 14
56785 14
56786 14
56787 15
56788 15
56789 15
56790 16
56791 16
56792 16
56793 16
56794 17
56795 17
56796 17
56797 18
56798 18
56799 18
56800 19
56801 19
56802 19
56803 19
56804 20
56805 20
56806 20
56807 20
56808 21
56809 21
56810 21
56811 21
56812 21
56813 22
56814 22
56815 22
56816 22
56817 22
56818 22
56819 22
56820 23
56821 23
56822 23
56823 23
56824 23
56825 23
56826 23
56827 23
56828 23
56829 23
56830 24
56831 24
56832 24
56833 24
56834 24
56835 24
56836 24
56837 24
56838 24
56839 24
56840 24
56841 24
56842 24
56843 24
56844 23
56845 23
56846 23
56847 23
56848 23
56849 23
56850 23
56851 23
56852 23
56853 23
56854 22
56855 22
56856 22
56857 22
56858 22
56859 21
56860 21
56861 21
56862 21
56863 21
56864 20
56865 20
56866 20
56867 20
56868 20
56869 19
56870 19
56871 19
56872 18
56873 18
56874 18
56875 18
56876 17
56877 17
56878 17
56879 16
56880 16
56881 16
56882 15
56883 15
56884 15
56885 14
56886 14
56887 14
56888 14
56889 13
56890 13
56891 13
56892 12
56893 12
56894 12
56895 11
56896 11
56897 11
56898 10
56899 10
56900 9
56901 9
56902 9
56903 8
56904 8
56905 8
56906 7
56907 7
56908 7
56909 6
56910 6
56911 6
56912 6
56913 5
56914 5
56915 5
56916 4
56917 4
56918 4
56919 4
56920 4
56921 4
56922 4
56923 4
56924 4
56925 4
56926 4
56927 4
56928 5
56929 5
56930 5
56931 6
56932 6
56933 6
56934 7
56935 7
56936 7
56937 7
56938 8
56939 8
56940 9
56941 9
56942 9
56943 10
56944 10
56945 10
56946 11
56947 11
56948 11
56949 12
56950 12
56951 13
56952 13
56953 13
56954 14
56955 14
56956 14
56957 15
56958 15
56959 15
56960 16
56961 16
56962 16
56963 17
56964 17
56965 17
56966 18
56967 18
56968 18
56969 18
56970 19
56971 19
56972 19
56973 20
56974 20
56975 20
56976 20
56977 21
56978 21
56979 21
56980 22
56981 22
56982 22
56983 22
56984 23
56985 23
56986 23
56987 23
56988 24
56989 24
56990 24
56991 24
56992 25
56993 25
56994 25
56995 25
56996 25
56997 26
56998 26
56999 26
57000 26
57001 26
57002 27
57003 27
57004 27
57005 27
57006 27
57007 28
57008 28
57009 28
57010 28
57011 28
57012 28
57013 29
57014 29
57015 29
57016 29
57017 29
57018 29
57019 29
57020 30
57021 30
57022 30
57023 30
57024 30
57025 30
57026 30
57027 31
57028 31
57029 31
57030 31
57031 31
57032 31
57033 31
57034 31
57035 31
57036 31
57037 31
57038 31
57039 31
57040 31
57041 32
57042 32
57043 32
57044 32
57045 32
57046 32
57047 31
57048 31
57049 31
57050 31
57051 31
57052 31
57053 31
57054 31
57055 31
57056 31
57057 31
57058 31
57059 31
57060 31
57061 31
57062 31
57063 31
57064 31
57065 31
57066 31
57067 30
57068 30
57069 30
57070 30
57071 30
57072 30
57073 30
57074 29
57075 29
57076 29
57077 29
57078 29
57079 29
57080 28
57081 28
57082 28
57083 28
57084 28
57085 27
57086 27
57087 27
57088 27
57089 27
57090 26
57091 26
57092 26
57093 26
57094 26
57095 25
57096 25
57097 25
57098 25
57099 24
57100 24
57101 24
57102 24
57103 23
57104 23
57105 23
57106 22
57107 22
57108 22
57109 22
57110 21
57111 21
57112 21
57113 21
57114 20
57115 20
57116 20
57117 19
57118 19
57119 19
57120 19
57121 18
57122 18
57123 18
57124 17
57125 17
57126 17
57127 16
57128 16
57129 16
57130 16
57131 15
57132 15
57133 15
57134 15
57135 14
57136 14
57137 14
57138 14
57139 13
57140 13
57141 13
57142 13
57143 12
57144 12
57145 12
57146 12
57147 12
57148 11
57149 11
57150 11
57151 11
57152 11
57153 11
57154 11
57155 11
57156 11
57157 11
57158 10
57159 10
57160 10
57161 10
57162 10
57163 10
57164 10
57165 10
57166 10
57167 10
57168 10
57169 10
57170 11
57171 11
57172 11
57173 11
57174 11
57175 11
57176 11
57177 11
57178 11
57179 11
57180 12
57181 12
57182 12
57183 12
57184 12
57185 12
57186 12
57187 13
57188 13
57189 13
57190 13
57191 13
57192 13
57193 13
57194 13
57195 14
57196 14
57197 14
57198 14
57199 14
57200 14
57201 14
57202 15
57203 15
57204 15
57205 15
57206 15
57207 15
57208 15
57209 15
57210 16
57211 16
57212 16
57213 16
57214 16
57215 16
57216 16
57217 16
57218 16
57219 16
57220 16
57221 16
57222 16
57223 16
57224 16
57225 16
57226 16
57227 16
57228 16
57229 16
57230 16
57231 16
57232 16
57233 16
57234 16
57235 16
57236 16
57237 16
57238 16
57239 16
57240 16
57241 16
57242 16
57243 16
57244 16
57245 16
57246 16
57247 16
57248 16
57249 16
57250 15
57251 15
57252 15
57253 15
57254 15
57255 15
57256 15
57257 15
57258 15
57259 15
57260 14
57261 14
57262 14
57263 14
57264 14
57265 14
57266 14
57267 14
57268 13
57269 13
57270 13
57271 13
57272 13
57273 13
57274 13
57275 13
57276 12
57277 12
57278 12
57279 12
57280 12
57281 12
57282 12
57283 12
57284 12
57285 12
57286 11
57287 11
57288 11
57289 11
57290 11
57291 11
57292 11
57293 11
57294 11
57295 11
57296 11
57297 10
57298 10
57299 10
57300 10
57301 10
57302 10
57303 10
57304 10
57305 10
57306 10
57307 10
57308 10
57309 10
57310 10
57311 10
57312 10
57313 10
57314 10
57315 10
57316 10
57317 10
57318 10
57319 10
57320 11
57321 11
57322 11
57323 11
57324 11
57325 11
57326 11
57327 11
57328 11
57329 11
57330 11
57331 11
57332 11
57333 12
57334 12
57335 12
57336 12
57337 12
57338 12
57339 12
57340 12
57341 12
57342 13
57343 13
57344 13
57345 13
57346 13
57347 13
57348 13
57349 13
57350 14
57351 14
57352 14
57353 14
57354 14
57355 14
57356 14
57357 14
57358 14
57359 15
57360 15
57361 15
57362 15
57363 15
57364 15
57365 15
57366 15
57367 15
57368 16
57369 16
57370 16
57371 16
57372 16
57373 16
57374 16
57375 16
57376 16
57377 16
57378 17
57379 17
57380 17
57381 17
57382 17
57383 17
57384 17
57385 17
57386 17
57387 17
57388 17
57389 18
57390 18
57391 18
57392 18
57393 18
57394 18
57395 18
57396 18
57397 18
57398 18
57399 18
57400 18
57401 18
57402 18
57403 18
57404 18
57405 18
57406 19
57407 19
57408 19
57409 19
57410 19
57411 19
57412 19
57413 19
57414 19
57415 19
57416 19
57417 19
57418 19
57419 19
57420 18
57421 18
57422 18
57423 18
57424 18
57425 18
57426 18
57427 18
57428 18
57429 18
57430 18
57431 18
57432 18
57433 18
57434 18
57435 18
57436 18
57437 18
57438 17
57439 17
57440 17
57441 17
57442 17
57443 17
57444 17
57445 17
57446 17
57447 17
57448 17
57449 16
57450 16
57451 16
57452 16
57453 16
57454 16
57455 16
57456 16
57457 15
57458 15
57459 15
57460 15
57461 15
57462 15
57463 14
57464 14
57465 14
57466 14
57467 14
57468 14
57469 13
57470 13
57471 13
57472 13
57473 13
57474 12
57475 12
57476 12
57477 12
57478 12
57479 11
57480 11
57481 11
57482 11
57483 10
57484 10
57485 10
57486 10
57487 10
57488 9
57489 9
57490 9
57491 9
57492 9
57493 9
57494 8
57495 8
57496 8
57497 8
57498 8
57499 7
57500 7
57501 7
57502 7
57503 7
57504 7
57505 7
57506 7
57507 7
57508 7
57509 7
57510 7
57511 7
57512 7
57513 7
57514 7
57515 7
57516 7
57517 7
57518 7
57519 7
57520 7
57521 7
57522 8
57523 8
57524 8
57525 8
57526 8
57527 8
57528 9
57529 9
57530 9
57531 9
57532 9
57533 10
57534 10
57535 10
57536 11
57537 11
57538 11
57539 11
57540 11
57541 12
57542 12
57543 12
57544 12
57545 13
57546 13
57547 13
57548 13
57549 14
57550 14
57551 14
57552 14
57553 15
57554 15
57555 15
57556 15
57557 15
57558 16
57559 16
57560 16
57561 16
57562 17
57563 17
57564 17
57565 17
57566 17
57567 17
57568 18
57569 18
57570 18
57571 18
57572 18
57573 18
57574 19
57575 19
57576 19
57577 19
57578 19
57579 19
57580 19
57581 19
57582 19
57583 20
57584 20
57585 20
57586 20
57587 20
57588 20
57589 20
57590 20
57591 20
57592 20
57593 20
57594 20
57595 20
57596 20
57597 20
57598 20
57599 20
57600 20
57601 20
57602 20
57603 20
57604 20
57605 20
57606 20
57607 20
57608 20
57609 20
57610 19
57611 19
57612 19
57613 19
57614 19
57615 19
57616 19
57617 19
57618 19
57619 18
57620 18
57621 18
57622 18
57623 18
57624 18
57625 18
57626 18
57627 17
57628 17
57629 17
57630 17
57631 17
57632 17
57633 16
57634 16
57635 16
57636 16
57637 16
57638 16
57639 15
57640 15
57641 15
57642 15
57643 15
57644 14
57645 14
57646 14
57647 14
57648 14
57649 13
57650 13
57651 13
57652 13
57653 13
57654 12
57655 12
57656 12
57657 12
57658 11
57659 11
57660 11
57661 11
57662 11
57663 10
57664 10
57665 10
57666 10
57667 9
57668 9
57669 9
57670 9
57671 8
57672 8
57673 8
57674 8
57675 7
57676 7
57677 7
57678 7
57679 6
57680 6
57681 6
57682 6
57683 6
57684 6
57685 6
57686 6
57687 6
57688 6
57689 6
57690 6
57691 6
57692 6
57693 7
57694 7
57695 7
57696 7
57697 8
57698 8
57699 8
57700 9
57701 9
57702 9
57703 9
57704 10
57705 10
57706 10
57707 11
57708 11
57709 12
57710 12
57711 12
57712 13
57713 13
57714 13
57715 14
57716 14
57717 15
57718 15
57719 15
57720 16
57721 16
57722 16
57723 17
57724 17
57725 18
57726 18
57727 18
57728 19
57729 19
57730 19
57731 20
57732 20
57733 20
57734 21
57735 21
57736 21
57737 22
57738 22
57739 22
57740 23
57741 23
57742 23
57743 24
57744 24
57745 24
57746 24
57747 25
57748 25
57749 25
57750 26
57751 26
57752 26
57753 26
57754 27
57755 27
57756 27
57757 27
57758 27
57759 28
57760 28
57761 28
57762 28
57763 28
57764 29
57765 29
57766 29
57767 29
57768 29
57769 29
57770 29
57771 30
57772 30
57773 30
57774 30
57775 30
57776 30
57777 30
57778 30
57779 30
57780 30
57781 30
57782 30
57783 30
57784 31
57785 31
57786 31
57787 31
57788 31
57789 31
57790 31
57791 30
57792 30
57793 30
57794 30
57795 30
57796 30
57797 30
57798 30
57799 30
57800 30
57801 30
57802 30
57803 29
57804 29
57805 29
57806 29
57807 29
57808 29
57809 29
57810 28
57811 28
57812 28
57813 28
57814 28
57815 27
57816 27
57817 27
57818 27
57819 27
57820 26
57821 26
57822 26
57823 26
57824 26
57825 25
57826 25
57827 25
57828 25
57829 25
57830 24
57831 24
57832 24
57833 24
57834 23
57835 23
57836 23
57837 23
57838 22
57839 22
57840 22
57841 22
57842 22
57843 21
57844 21
57845 21
57846 21
57847 20
57848 20
57849 20
57850 20
57851 19
57852 19
57853 19
57854 19
57855 19
57856 18
57857 18
57858 18
57859 18
57860 18
57861 17
57862 17
57863 17
57864 17
57865 17
57866 16
57867 16
57868 16
57869 16
57870 16
57871 16
57872 15
57873 15
57874 15
57875 15
57876 15
57877 15
57878 15
57879 14
57880 14
57881 14
57882 14
57883 14
57884 14
57885 14
57886 14
57887 14
57888 14
57889 14
57890 14
57891 14
57892 13
57893 13
57894 13
57895 13
57896 13
57897 13
57898 13
57899 13
57900 13
57901 13
57902 13
57903 13
57904 13
57905 13
57906 13
57907 13
57908 13
57909 13
57910 13
57911 13
57912 14
57913 14
57914 14
57915 14
57916 14
57917 14
57918 14
57919 14
57920 14
57921 14
57922 14
57923 14
57924 14
57925 14
57926 14
57927 14
57928 14
57929 14
57930 14
57931 14
57932 14
57933 14
57934 14
57935 14
57936 14
57937 14
57938 15
57939 15
57940 15
57941 15
57942 15
57943 15
57944 15
57945 15
57946 15
57947 15
57948 15
57949 15
57950 15
57951 15
57952 15
57953 15
57954 14
57955 14
57956 14
57957 14
57958 14
57959 14
57960 14
57961 14
57962 14
57963 14
57964 14
57965 14
57966 14
57967 14
57968 14
57969 14
57970 14
57971 14
57972 14
57973 14
57974 14
57975 14
57976 13
57977 13
57978 13
57979 13
57980 13
57981 13
57982 13
57983 13
57984 13
57985 13
57986 13
57987 13
57988 13
57989 13
57990 13
57991 13
57992 13
57993 12
57994 12
57995 12
57996 12
57997 12
57998 12
57999 12
58000 12
58001 12
58002 12
58003 12
58004 12
58005 12
58006 12
58007 12
58008 12
58009 12
58010 12
58011 12
58012 12
58013 12
58014 12
58015 12
58016 12
58017 12
58018 12
58019 12
58020 12
58021 12
58022 12
58023 12
58024 12
58025 12
58026 12
58027 12
58028 12
58029 12
58030 12
58031 12
58032 12
58033 12
58034 12
58035 12
58036 12
58037 12
58038 12
58039 12
58040 12
58041 12
58042 12
58043 12
58044 13
58045 13
58046 13
58047 13
58048 13
58049 13
58050 13
58051 13
58052 13
58053 13
58054 13
58055 14
58056 14
58057 14
58058 14
58059 14
58060 14
58061 14
58062 14
58063 15
58064 15
58065 15
58066 15
58067 15
58068 16
58069 16
58070 16
58071 16
58072 16
58073 16
58074 17
58075 17
58076 17
58077 17
58078 17
58079 18
58080 18
58081 18
58082 18
58083 18
58084 19
58085 19
58086 19
58087 19
58088 19
58089 20
58090 20
58091 20
58092 20
58093 20
58094 21
58095 21
58096 21
58097 21
58098 21
58099 22
58100 22
58101 22
58102 22
58103 22
58104 23
58105 23
58106 23
58107 23
58108 24
58109 24
58110 24
58111 24
58112 24
58113 25
58114 25
58115 25
58116 25
58117 25
58118 26
58119 26
58120 26
58121 26
58122 26
58123 26
58124 27
58125 27
58126 27
58127 27
58128 27
58129 28
58130 28
58131 28
58132 28
58133 28
58134 28
58135 29
58136 29
58137 29
58138 29
58139 29
58140 29
58141 29
58142 29
58143 29
58144 30
58145 30
58146 30
58147 30
58148 30
58149 30
58150 30
58151 30
58152 30
58153 30
58154 30
58155 30
58156 30
58157 30
58158 30
58159 30
58160 30
58161 30
58162 30
58163 30
58164 30
58165 30
58166 30
58167 30
58168 30
58169 30
58170 30
58171 30
58172 30
58173 30
58174 29
58175 29
58176 29
58177 29
58178 29
58179 29
58180 29
58181 28
58182 28
58183 28
58184 28
58185 28
58186 28
58187 27
58188 27
58189 27
58190 27
58191 27
58192 26
58193 26
58194 26
58195 26
58196 25
58197 25
58198 25
58199 25
58200 24
58201 24
58202 24
58203 24
58204 23
58205 23
58206 23
58207 22
58208 22
58209 22
58210 22
58211 21
58212 21
58213 21
58214 20
58215 20
58216 20
58217 19
58218 19
58219 19
58220 18
58221 18
58222 18
58223 18
58224 17
58225 17
58226 17
58227 16
58228 16
58229 16
58230 16
58231 15
58232 15
58233 15
58234 14
58235 14
58236 14
58237 13
58238 13
58239 13
58240 13
58241 13
58242 12
58243 12
58244 12
58245 12
58246 12
58247 12
58248 12
58249 11
58250 11
58251 11
58252 11
58253 11
58254 11
58255 11
58256 11
58257 11
58258 11
58259 11
58260 11
58261 11
58262 11
58263 11
58264 11
58265 12
58266 12
58267 12
58268 12
58269 12
58270 13
58271 13
58272 13
58273 14
58274 14
58275 14
58276 15
58277 15
58278 15
58279 16
58280 16
58281 16
58282 17
58283 17
58284 18
58285 18
58286 18
58287 19
58288 19
58289 20
58290 20
58291 20
58292 21
58293 21
58294 22
58295 22
58296 23
58297 23
58298 23
58299 24
58300 24
58301 25
58302 25
58303 25
58304 26
58305 26
58306 27
58307 27
58308 27
58309 28
58310 28
58311 29
58312 29
58313 29
58314 30
58315 30
58316 31
58317 31
58318 31
58319 32
58320 32
58321 32
58322 33
58323 33
58324 33
58325 34
58326 34
58327 34
58328 35
58329 35
58330 35
58331 36
58332 36
58333 36
58334 37
58335 37
58336 37
58337 38
58338 38
58339 38
58340 38
58341 38
58342 38
58343 38
58344 39
58345 39
58346 39
58347 39
58348 39
58349 39
58350 40
58351 40
58352 40
58353 40
58354 40
58355 40
58356 41
58357 41
58358 41
58359 41
58360 41
58361 41
58362 41
58363 41
58364 41
58365 41
58366 41
58367 41
58368 42
58369 42
58370 42
58371 42
58372 42
58373 42
58374 42
58375 42
58376 42
58377 42
58378 42
58379 42
58380 42
58381 42
58382 41
58383 41
58384 41
58385 41
58386 41
58387 41
58388 41
58389 41
58390 41
58391 41
58392 41
58393 41
58394 41
58395 41
58396 40
58397 40
58398 40
58399 40
58400 40
58401 40
58402 40
58403 40
58404 40
58405 39
58406 39
58407 39
58408 39
58409 39
58410 39
58411 39
58412 38
58413 38
58414 38
58415 38
58416 38
58417 38
58418 38
58419 38
58420 37
58421 37
58422 37
58423 37
58424 36
58425 36
58426 36
58427 36
58428 36
58429 35
58430 35
58431 35
58432 35
58433 35
58434 34
58435 34
58436 34
58437 34
58438 34
58439 33
58440 33
58441 33
58442 33
58443 33
58444 32
58445 32
58446 32
58447 31
58448 31
58449 31
58450 31
58451 30
58452 30
58453 30
58454 30
58455 29
58456 29
58457 29
58458 29
58459 28
58460 28
58461 28
58462 27
58463 27
58464 27
58465 27
58466 26
58467 26
58468 26
58469 25
58470 25
58471 25
58472 25
58473 24
58474 24
58475 24
58476 23
58477 23
58478 23
58479 23
58480 22
58481 22
58482 22
58483 21
58484 21
58485 21
58486 21
58487 20
58488 20
58489 20
58490 20
58491 19
58492 19
58493 19
58494 19
58495 18
58496 18
58497 18
58498 18
58499 17
58500 17
58501 17
58502 17
58503 16
58504 16
58505 16
58506 16
58507 16
58508 15
58509 15
58510 15
58511 15
58512 14
58513 14
58514 14
58515 14
58516 14
58517 14
58518 14
58519 13
58520 13
58521 13
58522 13
58523 13
58524 13
58525 13
58526 12
58527 12
58528 12
58529 12
58530 12
58531 12
58532 12
58533 12
58534 12
58535 12
58536 12
58537 12
58538 12
58539 12
58540 12
58541 12
58542 12
58543 12
58544 12
58545 12
58546 13
58547 13
58548 13
58549 13
58550 13
58551 13
58552 13
58553 13
58554 13
58555 13
58556 13
58557 14
58558 14
58559 14
58560 14
58561 14
58562 14
58563 15
58564 15
58565 15
58566 15
58567 15
58568 16
58569 16
58570 16
58571 16
58572 16
58573 16
58574 17
58575 17
58576 17
58577 17
58578 18
58579 18
58580 18
58581 18
58582 19
58583 19
58584 19
58585 19
58586 19
58587 20
58588 20
58589 20
58590 20
58591 21
58592 21
58593 21
58594 21
58595 22
58596 22
58597 22
58598 22
58599 22
58600 23
58601 23
58602 23
58603 23
58604 23
58605 24
58606 24
58607 24
58608 24
58609 24
58610 24
58611 25
58612 25
58613 25
58614 25
58615 25
58616 25
58617 26
58618 26
58619 26
58620 26
58621 26
58622 26
58623 26
58624 27
58625 27
58626 27
58627 27
58628 27
58629 27
58630 27
58631 27
58632 27
58633 27
58634 27
58635 27
58636 27
58637 27
58638 27
58639 28
58640 28
58641 28
58642 28
58643 28
58644 28
58645 28
58646 28
58647 28
58648 28
58649 28
58650 28
58651 28
58652 27
58653 27
58654 27
58655 27
58656 27
58657 27
58658 27
58659 27
58660 27
58661 27
58662 27
58663 27
58664 26
58665 26
58666 26
58667 26
58668 26
58669 26
58670 25
58671 25
58672 25
58673 25
58674 25
58675 25
58676 24
58677 24
58678 24
58679 24
58680 23
58681 23
58682 23
58683 23
58684 22
58685 22
58686 22
58687 22
58688 21
58689 21
58690 21
58691 20
58692 20
58693 20
58694 19
58695 19
58696 19
58697 19
58698 18
58699 18
58700 18
58701 18
58702 17
58703 17
58704 17
58705 16
58706 16
58707 16
58708 15
58709 15
58710 15
58711 14
58712 14
58713 14
58714 13
58715 13
58716 13
58717 13
58718 12
58719 12
58720 12
58721 11
58722 11
58723 11
58724 10
58725 10
58726 10
58727 10
58728 10
58729 10
58730 10
58731 9
58732 9
58733 9
58734 9
58735 9
58736 9
58737 8
58738 8
58739 8
58740 8
58741 8
58742 8
58743 8
58744 8
58745 8
58746 8
58747 8
58748 8
58749 8
58750 8
58751 8
58752 8
58753 8
58754 8
58755 9
58756 9
58757 9
58758 9
58759 9
58760 9
58761 9
58762 9
58763 9
58764 9
58765 9
58766 9
58767 9
58768 10
58769 10
58770 10
58771 10
58772 10
58773 10
58774 10
58775 11
58776 11
58777 11
58778 11
58779 11
58780 11
58781 12
58782 12
58783 12
58784 12
58785 12
58786 12
58787 12
58788 12
58789 12
58790 13
58791 13
58792 13
58793 13
58794 13
58795 13
58796 14
58797 14
58798 14
58799 14
58800 14
58801 14
58802 15
58803 15
58804 15
58805 15
58806 15
58807 15
58808 16
58809 16
58810 16
58811 16
58812 16
58813 16
58814 16
58815 17
58816 17
58817 17
58818 17
58819 17
58820 17
58821 18
58822 18
58823 18
58824 18
58825 18
58826 18
58827 18
58828 19
58829 19
58830 19
58831 19
58832 19
58833 19
58834 19
58835 20
58836 20
58837 20
58838 20
58839 20
58840 20
58841 21
58842 21
58843 21
58844 21
58845 21
58846 21
58847 22
58848 22
58849 22
58850 22
58851 22
58852 23
58853 23
58854 23
58855 23
58856 23
58857 23
58858 24
58859 24
58860 24
58861 24
58862 24
58863 25
58864 25
58865 25
58866 25
58867 25
58868 25
58869 26
58870 26
58871 26
58872 26
58873 26
58874 26
58875 27
58876 27
58877 27
58878 27
58879 27
58880 27
58881 27
58882 28
58883 28
58884 28
58885 28
58886 28
58887 28
58888 28
58889 28
58890 28
58891 29
58892 29
58893 29
58894 29
58895 29
58896 29
58897 29
58898 29
58899 29
58900 29
58901 29
58902 29
58903 29
58904 29
58905 29
58906 29
58907 29
58908 29
58909 29
58910 29
58911 29
58912 29
58913 29
58914 29
58915 29
58916 29
58917 29
58918 29
58919 29
58920 29
58921 29
58922 28
58923 28
58924 28
58925 28
58926 28
58927 28
58928 28
58929 28
58930 28
58931 28
58932 27
58933 27
58934 27
58935 27
58936 27
58937 27
58938 27
58939 27
58940 26
58941 26
58942 26
58943 26
58944 26
58945 26
58946 26
58947 25
58948 25
58949 25
58950 25
58951 25
58952 25
58953 24
58954 24
58955 24
58956 24
58957 24
58958 24
58959 24
58960 23
58961 23
58962 23
58963 23
58964 23
58965 23
58966 22
58967 22
58968 22
58969 22
58970 22
58971 22
58972 21
58973 21
58974 21
58975 21
58976 21
58977 20
58978 20
58979 20
58980 20
58981 20
58982 20
58983 19
58984 19
58985 19
58986 19
58987 19
58988 18
58989 18
58990 18
58991 18
58992 18
58993 17
58994 17
58995 17
58996 17
58997 17
58998 17
58999 17
59000 16
59001 16
59002 16
59003 16
59004 16
59005 16
59006 16
59007 16
59008 16
59009 16
59010 15
59011 15
59012 15
59013 15
59014 15
59015 15
59016 15
59017 15
59018 15
59019 15
59020 15
59021 15
59022 15
59023 15
59024 15
59025 15
59026 15
59027 15
59028 15
59029 15
59030 15
59031 15
59032 15
59033 15
59034 15
59035 15
59036 15
59037 15
59038 16
59039 16
59040 16
59041 16
59042 16
59043 16
59044 16
59045 16
59046 16
59047 16
59048 16
59049 16
59050 16
59051 16
59052 17
59053 17
59054 17
59055 17
59056 17
59057 17
59058 17
59059 17
59060 17
59061 17
59062 17
59063 17
59064 17
59065 17
59066 17
59067 17
59068 17
59069 17
59070 18
59071 18
59072 18
59073 18
59074 18
59075 18
59076 18
59077 18
59078 19
59079 19
59080 19
59081 19
59082 19
59083 19
59084 19
59085 19
59086 19
59087 19
59088 19
59089 19
59090 19
59091 19
59092 19
59093 19
59094 19
59095 19
59096 19
59097 20
59098 20
59099 20
59100 19
59101 19
59102 19
59103 19
59104 19
59105 19
59106 19
59107 19
59108 19
59109 19
59110 19
59111 19
59112 19
59113 19
59114 19
59115 19
59116 19
59117 19
59118 19
59119 19
59120 19
59121 19
59122 19
59123 19
59124 19
59125 19
59126 19
59127 19
59128 19
59129 18
59130 18
59131 18
59132 18
59133 18
59134 18
59135 18
59136 18
59137 18
59138 17
59139 17
59140 17
59141 17
59142 17
59143 17
59144 17
59145 16
59146 16
59147 16
59148 16
59149 16
59150 16
59151 15
59152 15
59153 15
59154 15
59155 15
59156 15
59157 14
59158 14
59159 14
59160 14
59161 14
59162 14
59163 13
59164 13
59165 13
59166 13
59167 12
59168 12
59169 12
59170 12
59171 12
59172 11
59173 11
59174 11
59175 11
59176 10
59177 10
59178 10
59179 9
59180 9
59181 9
59182 9
59183 8
59184 8
59185 8
59186 7
59187 7
59188 6
59189 6
59190 6
59191 6
59192 5
59193 5
59194 5
59195 5
59196 4
59197 4
59198 4
59199 4
59200 4
59201 3
59202 3
59203 3
59204 3
59205 3
59206 2
59207 2
59208 2
59209 2
59210 2
59211 2
59212 2
59213 2
59214 2
59215 2
59216 2
59217 3
59218 3
59219 3
59220 4
59221 4
59222 4
59223 4
59224 5
59225 5
59226 5
59227 5
59228 6
59229 6
59230 6
59231 7
59232 7
59233 7
59234 8
59235 8
59236 8
59237 9
59238 9
59239 9
59240 10
59241 10
59242 11
59243 11
59244 11
59245 12
59246 12
59247 12
59248 13
59249 13
59250 13
59251 14
59252 14
59253 14
59254 15
59255 15
59256 15
59257 16
59258 16
59259 17
59260 17
59261 17
59262 18
59263 18
59264 18
59265 19
59266 19
59267 19
59268 20
59269 20
59270 20
59271 20
59272 21
59273 21
59274 21
59275 22
59276 22
59277 22
59278 23
59279 23
59280 23
59281 23
59282 24
59283 24
59284 24
59285 24
59286 25
59287 25
59288 25
59289 25
59290 26
59291 26
59292 26
59293 26
59294 27
59295 27
59296 27
59297 27
59298 27
59299 28
59300 28
59301 28
59302 28
59303 28
59304 28
59305 29
59306 29
59307 29
59308 29
59309 29
59310 29
59311 29
59312 30
59313 30
59314 30
59315 30
59316 30
59317 30
59318 30
59319 30
59320 30
59321 31
59322 31
59323 31
59324 31
59325 31
59326 31
59327 31
59328 31
59329 31
59330 31
59331 31
59332 31
59333 31
59334 31
59335 31
59336 31
59337 31
59338 31
59339 31
59340 31
59341 31
59342 31
59343 31
59344 31
59345 31
59346 31
59347 31
59348 31
59349 31
59350 31
59351 31
59352 31
59353 31
59354 31
59355 31
59356 31
59357 31
59358 30
59359 30
59360 30
59361 30
59362 30
59363 30
59364 30
59365 30
59366 30
59367 30
59368 29
59369 29
59370 29
59371 29
59372 29
59373 29
59374 29
59375 28
59376 28
59377 28
59378 28
59379 28
59380 28
59381 28
59382 27
59383 27
59384 27
59385 27
59386 27
59387 26
59388 26
59389 26
59390 26
59391 26
59392 26
59393 25
59394 25
59395 25
59396 25
59397 24
59398 24
59399 24
59400 24
59401 23
59402 23
59403 23
59404 23
59405 23
59406 22
59407 22
59408 22
59409 22
59410 21
59411 21
59412 21
59413 21
59414 20
59415 20
59416 20
59417 20
59418 19
59419 19
59420 19
59421 18
59422 18
59423 18
59424 18
59425 17
59426 17
59427 17
59428 17
59429 16
59430 16
59431 16
59432 16
59433 15
59434 15
59435 15
59436 15
59437 14
59438 14
59439 14
59440 14
59441 13
59442 13
59443 13
59444 13
59445 13
59446 13
59447 13
59448 12
59449 12
59450 12
59451 12
59452 12
59453 12
59454 12
59455 12
59456 12
59457 11
59458 11
59459 11
59460 11
59461 12
59462 12
59463 12
59464 12
59465 12
59466 12
59467 12
59468 12
59469 12
59470 12
59471 12
59472 12
59473 12
59474 12
59475 12
59476 13
59477 13
59478 13
59479 13
59480 13
59481 13
59482 13
59483 13
59484 14
59485 14
59486 14
59487 14
59488 14
59489 14
59490 14
59491 14
59492 15
59493 15
59494 15
59495 15
59496 15
59497 15
59498 16
59499 16
59500 16
59501 16
59502 16
59503 16
59504 17
59505 17
59506 17
59507 17
59508 17
59509 18
59510 18
59511 18
59512 18
59513 18
59514 18
59515 18
59516 19
59517 19
59518 19
59519 19
59520 19
59521 19
59522 19
59523 20
59524 20
59525 20
59526 20
59527 20
59528 20
59529 20
59530 21
59531 21
59532 21
59533 21
59534 21
59535 21
59536 21
59537 21
59538 21
59539 21
59540 21
59541 21
59542 21
59543 21
59544 22
59545 22
59546 22
59547 22
59548 22
59549 22
59550 22
59551 22
59552 22
59553 22
59554 22
59555 22
59556 22
59557 22
59558 22
59559 22
59560 22
59561 22
59562 22
59563 22
59564 22
59565 22
59566 22
59567 22
59568 22
59569 22
59570 22
59571 22
59572 22
59573 22
59574 22
59575 21
59576 21
59577 21
59578 21
59579 21
59580 21
59581 21
59582 21
59583 21
59584 21
59585 20
59586 20
59587 20
59588 20
59589 20
59590 20
59591 20
59592 19
59593 19
59594 19
59595 19
59596 19
59597 19
59598 18
59599 18
59600 18
59601 18
59602 18
59603 18
59604 18
59605 17
59606 17
59607 17
59608 17
59609 17
59610 17
59611 16
59612 16
59613 16
59614 16
59615 16
59616 15
59617 15
59618 15
59619 15
59620 15
59621 14
59622 14
59623 14
59624 14
59625 14
59626 13
59627 13
59628 13
59629 13
59630 13
59631 13
59632 13
59633 12
59634 12
59635 12
59636 12
59637 12
59638 12
59639 12
59640 12
59641 12
59642 12
59643 11
59644 11
59645 11
59646 11
59647 11
59648 11
59649 11
59650 11
59651 11
59652 11
59653 11
59654 11
59655 11
59656 11
59657 11
59658 11
59659 10
59660 10
59661 10
59662 10
59663 10
59664 10
59665 10
59666 10
59667 10
59668 10
59669 10
59670 10
59671 10
59672 10
59673 10
59674 11
59675 11
59676 11
59677 11
59678 11
59679 11
59680 11
59681 12
59682 12
59683 12
59684 12
59685 12
59686 12
59687 13
59688 13
59689 13
59690 13
59691 13
59692 13
59693 13
59694 14
59695 14
59696 14
59697 14
59698 15
59699 15
59700 15
59701 15
59702 16
59703 16
59704 16
59705 16
59706 17
59707 17
59708 17
59709 17
59710 18
59711 18
59712 18
59713 18
59714 19
59715 19
59716 19
59717 19
59718 19
59719 20
59720 20
59721 20
59722 20
59723 21
59724 21
59725 21
59726 21
59727 21
59728 22
59729 22
59730 22
59731 22
59732 23
59733 23
59734 23
59735 23
59736 24
59737 24
59738 24
59739 24
59740 24
59741 25
59742 25
59743 25
59744 25
59745 26
59746 26
59747 26
59748 26
59749 27
59750 27
59751 27
59752 27
59753 28
59754 28
59755 28
59756 28
59757 29
59758 29
59759 29
59760 29
59761 30
59762 30
59763 30
59764 30
59765 30
59766 31
59767 31
59768 31
59769 31
59770 32
59771 32
59772 32
59773 32
59774 33
59775 33
59776 33
59777 33
59778 34
59779 34
59780 34
59781 34
59782 34
59783 34
59784 34
59785 35
59786 35
59787 35
59788 35
59789 35
59790 35
59791 36
59792 36
59793 36
59794 36
59795 36
59796 36
59797 36
59798 37
59799 37
59800 37
59801 37
59802 37
59803 37
59804 37
59805 38
59806 38
59807 38
59808 38
59809 38
59810 38
59811 38
59812 38
59813 38
59814 38
59815 38
59816 38
59817 38
59818 38
59819 38
59820 38
59821 38
59822 38
59823 38
59824 38
59825 38
59826 38
59827 38
59828 38
59829 38
59830 38
59831 38
59832 38
59833 38
59834 38
59835 38
59836 38
59837 38
59838 38
59839 38
59840 38
59841 38
59842 38
59843 38
59844 38
59845 38
59846 38
59847 38
59848 38
59849 38
59850 38
59851 38
59852 38
59853 38
59854 38
59855 38
59856 38
59857 38
59858 38
59859 38
59860 38
59861 38
59862 38
59863 38
59864 38
59865 38
59866 38
59867 38
59868 38
59869 38
59870 38
59871 38
59872 38
59873 38
59874 38
59875 38
59876 38
59877 38
59878 38
59879 38
59880 38
59881 38
59882 38
59883 38
59884 38
59885 38
59886 38
59887 38
59888 38
59889 38
59890 38
59891 38
59892 38
59893 38
59894 38
59895 38
59896 38
59897 38
59898 38
59899 38
59900 38
59901 38
59902 38
59903 38
59904 38
59905 38
59906 38
59907 38
59908 38
59909 38
59910 38
59911 38
59912 38
59913 38
59914 38
59915 38
59916 38
59917 38
59918 38
59919 38
59920 38
59921 38
59922 38
59923 38
59924 38
59925 38
59926 38
59927 38
59928 38
59929 38
59930 38
59931 38
59932 38
59933 38
59934 38
59935 38
59936 38
59937 38
59938 38
59939 38
59940 38
59941 38
59942 38
59943 38
59944 38
59945 38
59946 38
59947 38
59948 38
59949 38
59950 38
59951 38
59952 38
59953 38
59954 38
59955 38
59956 38
59957 38
59958 38
59959 38
59960 38
59961 38
59962 38
59963 38
59964 38
59965 38
59966 38
59967 38
59968 38
59969 38
59970 38
59971 38
59972 38
59973 38
59974 38
59975 38
59976 38
59977 38
59978 38
59979 38
59980 38
59981 38
59982 38
59983 38
59984 38
59985 38
59986 38
59987 38
59988 38
59989 38
59990 38
59991 38
59992 38
59993 38
59994 38
59995 38
59996 38
59997 38
59998 38
59999 38
60000 38
