event_id	cycle	source	x	y	polarity	occurrence_timestamp_ns
0	3056	3	112	84	0	3056529001
1	3350	3	112	84	0	3350847001
2	3382	8	109	86	0	3382886000
3	4091	3	112	84	0	4091502001
4	4101	11	112	86	0	4101324001
5	4106	15	112	87	0	4106671000
6	4139	0	109	84	0	4139117000
7	4141	1	110	84	0	4141665000
8	4143	0	109	84	0	4143253001
9	4144	1	110	84	0	4144189001
10	4144	2	111	84	0	4144696000
11	4144	4	109	85	0	4144125000
12	4146	5	110	85	0	4146523001
13	4147	1	110	84	0	4147501001
14	4147	2	111	84	0	4147185000
15	4147	8	109	86	0	4147559001
16	4148	3	112	84	0	4148074001
17	4148	4	109	85	0	4148702000
18	4148	5	110	85	0	4148676001
19	4149	6	111	85	0	4149701000
20	4150	3	112	84	0	4150735001
21	4150	8	109	86	0	4150233000
22	4150	9	110	86	0	4150743001
23	4151	0	109	84	1	4151164001
24	4151	2	111	84	0	4151782001
25	4151	5	110	85	0	4151889001
26	4151	7	112	85	0	4151871000
27	4152	6	111	85	0	4152698001
28	4152	12	109	87	0	4152895001
29	4153	3	112	84	0	4153700001
30	4153	9	110	86	0	4153745001
31	4153	10	111	86	0	4153643000
32	4154	7	112	85	0	4154333001
33	4155	4	109	85	1	4155189000
34	4155	13	110	87	0	4155358000
35	4156	2	111	84	0	4156417001
36	4156	10	111	86	0	4156661000
37	4156	12	109	87	0	4156549001
38	4157	1	110	84	1	4157755001
39	4157	6	111	85	0	4157102001
40	4157	7	112	85	0	4157439000
41	4157	9	110	86	0	4157355000
42	4157	11	112	86	0	4157252000
43	4158	3	112	84	0	4158439001
44	4158	13	110	87	0	4158973000
45	4158	14	111	87	0	4158405001
46	4159	8	109	86	1	4159004000
47	4159	10	111	86	0	4159752001
48	4160	1	110	84	1	4160939000
49	4160	11	112	86	0	4160609001
50	4161	5	110	85	1	4161843001
51	4161	14	111	87	0	4161957001
52	4161	15	112	87	0	4161466001
53	4162	7	112	85	0	4162116001
54	4163	12	109	87	1	4163829000
55	4164	11	112	86	0	4164518001
56	4164	15	112	87	0	4164052001
57	4165	5	110	85	1	4165244001
58	4165	9	110	86	1	4165312000
59	4165	10	111	86	0	4165600001
60	4165	14	111	87	0	4165574000
61	4166	2	111	84	1	4166889001
62	4166	4	109	85	1	4166027000
63	4167	15	112	87	0	4167139000
64	4168	0	109	84	1	4168331001
65	4168	9	110	86	1	4168947000
66	4170	2	111	84	1	4170984001
67	4170	13	110	87	1	4170763001
68	4170	15	112	87	0	4170644000
69	4171	1	110	84	1	4171994001
70	4171	6	111	85	1	4171514001
71	4171	11	112	86	0	4171405000
72	4172	10	111	86	1	4172808000
73	4174	3	112	84	1	4174637001
74	4174	8	109	86	1	4174752001
75	4175	6	111	85	1	4175405001
76	4175	13	110	87	1	4175993001
77	4177	10	111	86	1	4177241000
78	4178	9	110	86	1	4178038001
79	4179	2	111	84	1	4179245001
80	4179	7	112	85	1	4179833001
81	4180	3	112	84	1	4180010000
82	4180	14	111	87	1	4180413001
83	4182	10	111	86	1	4182120001
84	4182	11	112	86	1	4182689000
85	4183	5	110	85	1	4183851001
86	4183	6	111	85	1	4183323001
87	4184	7	112	85	1	4184539001
88	4184	14	111	87	1	4184965001
89	4185	3	112	84	1	4185323001
90	4187	11	112	86	1	4187728000
91	4188	7	112	85	1	4188682000
92	4188	15	112	87	1	4188492000
93	4189	3	112	84	0	4189158000
94	4191	3	112	84	0	4191821001
95	4191	11	112	86	1	4191499000
96	4192	2	111	84	0	4192696001
97	4193	15	112	87	1	4193918000
98	4195	2	111	84	0	4195496001
99	4195	7	112	85	0	4195247001
100	4196	1	110	84	0	4196183001
101	4196	3	112	84	0	4196062001
102	4197	7	112	85	0	4197997001
103	4199	0	109	84	0	4199758000
104	4199	1	110	84	0	4199514001
105	4199	2	111	84	0	4199196001
106	4199	6	111	85	0	4199339001
107	4200	15	112	87	1	4200137001
108	4201	3	112	84	0	4201247000
109	4202	0	109	84	0	4202786000
110	4202	5	110	85	0	4202193001
111	4202	7	112	85	0	4202480001
112	4202	11	112	86	0	4202209000
113	4203	2	111	84	0	4203489001
114	4203	6	111	85	0	4203245000
115	4204	1	110	84	0	4204215001
116	4204	3	112	84	0	4204871001
117	4204	5	110	85	0	4204695001
118	4205	7	112	85	0	4205964001
119	4205	10	111	86	0	4205501001
120	4206	4	109	85	0	4206798000
121	4206	11	112	86	0	4206973001
122	4206	15	112	87	0	4206115001
123	4208	0	109	84	0	4208495000
124	4208	5	110	85	0	4208411001
125	4208	6	111	85	0	4208843001
126	4208	9	110	86	0	4208128001
127	4208	10	111	86	0	4208842001
128	4208	15	112	87	0	4208711001
129	4209	1	110	84	0	4209022001
130	4210	4	109	85	0	4210704000
131	4211	2	111	84	0	4211508001
132	4211	7	112	85	0	4211800000
133	4211	8	109	86	0	4211069001
134	4211	9	110	86	0	4211436000
135	4211	10	111	86	0	4211959000
136	4211	14	111	87	0	4211729001
137	4212	11	112	86	0	4212242000
138	4212	15	112	87	0	4212505000
139	4213	5	110	85	0	4213595001
140	4213	8	109	86	0	4213619001
141	4214	14	111	87	0	4214748000
142	4215	4	109	85	0	4215424000
143	4215	9	110	86	0	4215704000
144	4215	13	110	87	0	4215007000
145	4216	0	109	84	0	4216191001
146	4216	15	112	87	0	4216879000
147	4217	8	109	86	0	4217637000
148	4218	13	110	87	0	4218259000
149	4219	12	109	87	0	4219292000
150	4219	14	111	87	0	4219453001
151	4220	9	110	86	0	4220494000
152	4221	10	111	86	0	4221223001
153	4222	0	109	84	1	4222967001
154	4222	8	109	86	0	4222681001
155	4223	1	110	84	1	4223220001
156	4223	2	111	84	1	4223178001
157	4223	3	112	84	1	4223606000
158	4223	12	109	87	0	4223351001
159	4223	13	110	87	0	4223144001
160	4225	1	110	84	1	4225489000
161	4226	0	109	84	1	4226038000
162	4226	2	111	84	1	4226138000
163	4226	3	112	84	1	4226515000
164	4227	12	109	87	0	4227690000
165	4229	4	109	85	1	4229720001
166	4229	5	110	85	1	4229879001
167	4229	6	111	85	1	4229475001
168	4229	7	112	85	1	4229600001
169	4232	4	109	85	1	4232676001
170	4232	5	110	85	1	4232897001
171	4232	6	111	85	1	4232249000
172	4232	7	112	85	1	4232437001
173	4233	1	110	84	1	4233683000
174	4235	8	109	86	1	4235758001
175	4235	9	110	86	1	4235125000
176	4235	10	111	86	1	4235666001
177	4235	11	112	86	1	4235999000
178	4237	9	110	86	1	4237887001
179	4238	6	111	85	1	4238318000
180	4238	10	111	86	1	4238524001
181	4238	11	112	86	1	4238945001
182	4239	2	111	84	1	4239387001
183	4239	8	109	86	1	4239289000
184	4241	13	110	87	1	4241958000
185	4241	15	112	87	1	4241891000
186	4242	7	112	85	1	4242850001
187	4242	12	109	87	1	4242433001
188	4242	14	111	87	1	4242184001
189	4244	13	110	87	1	4244976001
190	4244	14	111	87	1	4244843000
191	4244	15	112	87	1	4244912000
192	4245	9	110	86	1	4245490000
193	4245	12	109	87	1	4245149001
194	4248	5	110	85	1	4248524000
195	4251	14	111	87	1	4251819001
196	4252	10	111	86	1	4252721001
197	4253	15	112	87	1	4253054000
198	4257	0	109	84	1	4257066001
199	4258	13	110	87	1	4258421001
200	4277	11	112	86	1	4277810000
201	4528	15	112	87	0	4528714001
202	4529	13	110	87	0	4529572001
203	4529	14	111	87	0	4529716001
204	4530	12	109	87	0	4530776000
205	4530	15	112	87	1	4530769000
206	4531	11	112	86	0	4531801001
207	4531	14	111	87	0	4531943001
208	4532	9	110	86	0	4532626001
209	4532	10	111	86	0	4532507000
210	4532	13	110	87	0	4532153001
211	4533	8	109	86	0	4533081000
212	4533	11	112	86	0	4533968001
213	4533	12	109	87	0	4533683000
214	4533	15	112	87	0	4533227000
215	4534	7	112	85	0	4534921001
216	4534	9	110	86	0	4534681000
217	4534	10	111	86	1	4534513001
218	4535	5	110	85	0	4535683000
219	4535	8	109	86	0	4535411000
220	4536	4	109	85	0	4536595001
221	4536	6	111	85	0	4536062001
222	4536	11	112	86	0	4536234001
223	4536	14	111	87	0	4536948000
224	4537	5	110	85	0	4537931001
225	4537	7	112	85	0	4537119001
226	4537	10	111	86	0	4537582001
227	4538	1	110	84	0	4538653000
228	4538	2	111	84	0	4538082000
229	4538	3	112	84	0	4538809001
230	4538	6	111	85	0	4538434000
231	4539	0	109	84	0	4539079001
232	4539	2	111	84	0	4539992001
233	4539	4	109	85	0	4539235001
234	4539	7	112	85	0	4539625001
235	4539	9	110	86	0	4539329000
236	4540	1	110	84	0	4540738001
237	4540	3	112	84	0	4540804001
238	4540	5	110	85	0	4540637000
239	4540	12	109	87	1	4540602000
240	4541	0	109	84	0	4541465000
241	4542	2	111	84	0	4542121001
242	4542	13	110	87	1	4542740001
243	4543	3	112	84	0	4543221000
244	4543	8	109	86	1	4543918001
245	4543	12	109	87	1	4543035000
246	4543	14	111	87	1	4543935001
247	4545	1	110	84	0	4545807000
248	4545	9	110	86	1	4545299000
249	4545	13	110	87	1	4545362001
250	4546	4	109	85	1	4546515000
251	4546	5	110	85	1	4546969001
252	4546	8	109	86	1	4546619000
253	4546	10	111	86	1	4546936000
254	4546	14	111	87	1	4546858000
255	4546	15	112	87	1	4546507001
256	4547	9	110	86	1	4547977000
257	4548	11	112	86	1	4548721001
258	4549	0	109	84	1	4549880001
259	4549	4	109	85	1	4549206001
260	4549	10	111	86	1	4549771000
261	4549	15	112	87	1	4549049000
262	4550	1	110	84	1	4550127000
263	4550	5	110	85	1	4550395001
264	4550	6	111	85	1	4550687000
265	4551	7	112	85	1	4551352001
266	4552	0	109	84	1	4552486001
267	4552	2	111	84	1	4552726000
268	4552	11	112	86	1	4552185001
269	4553	1	110	84	1	4553221001
270	4553	6	111	85	1	4553065000
271	4553	15	112	87	0	4553949000
272	4554	3	112	84	1	4554384000
273	4554	5	110	85	1	4554671000
274	4554	7	112	85	1	4554441001
275	4555	1	110	84	1	4555966001
276	4555	2	111	84	1	4555826000
277	4556	11	112	86	0	4556975001
278	4556	15	112	87	0	4556462000
279	4557	3	112	84	1	4557401000
280	4560	11	112	86	0	4560047001
281	4560	15	112	87	0	4560726000
282	4561	7	112	85	0	4561171001
283	4561	14	111	87	0	4561763000
284	4563	3	112	84	0	4563207001
285	4563	11	112	86	0	4563706000
286	4564	7	112	85	0	4564601000
287	4564	10	111	86	0	4564616001
288	4564	14	111	87	0	4564777000
289	4566	3	112	84	0	4566328000
290	4567	10	111	86	0	4567879001
291	4568	6	111	85	0	4568431001
292	4568	7	112	85	0	4568363001
293	4568	11	112	86	0	4568979000
294	4568	14	111	87	0	4568207001
295	4568	15	112	87	0	4568991001
296	4569	3	112	84	0	4569550000
297	4571	10	111	86	0	4571779000
298	4571	13	110	87	0	4571599000
299	4572	2	111	84	0	4572488000
300	4572	6	111	85	0	4572008000
301	4573	15	112	87	1	4573580000
302	4574	3	112	84	0	4574237000
303	4575	2	111	84	0	4575790001
304	4575	5	110	85	0	4575704001
305	4575	9	110	86	0	4575510001
306	4575	11	112	86	1	4575587000
307	4575	13	110	87	0	4575596001
308	4576	14	111	87	1	4576981000
309	4576	15	112	87	1	4576177001
310	4579	7	112	85	1	4579897000
311	4579	11	112	86	1	4579587000
312	4579	14	111	87	1	4579383000
313	4580	2	111	84	0	4580377000
314	4580	5	110	85	0	4580944000
315	4580	10	111	86	1	4580533000
316	4580	15	112	87	1	4580649001
317	4581	1	110	84	0	4581787001
318	4581	13	110	87	1	4581375001
319	4583	3	112	84	1	4583520000
320	4583	7	112	85	1	4583064000
321	4583	10	111	86	1	4583465001
322	4584	11	112	86	1	4584498000
323	4585	6	111	85	1	4585011001
324	4586	9	110	86	1	4586034001
325	4587	1	110	84	0	4587142000
326	4587	3	112	84	1	4587279000
327	4587	6	111	85	1	4587251001
328	4587	7	112	85	1	4587046001
329	4588	2	111	84	1	4588142001
330	4589	5	110	85	1	4589949001
331	4591	2	111	84	1	4591155001
332	4592	3	112	84	1	4592547000
333	4593	1	110	84	1	4593549000
334	4621	11	112	86	0	4621880001
335	4629	3	112	84	0	4629329001
336	4969	12	109	87	0	4969536001
337	4972	8	109	86	0	4972192000
338	4972	12	109	87	0	4972746001
339	4973	13	110	87	0	4973596001
340	4975	8	109	86	0	4975065001
341	4976	13	110	87	0	4976501000
342	4977	4	109	85	0	4977915000
343	4977	8	109	86	0	4977652000
344	4977	9	110	86	0	4977758001
345	4977	12	109	87	0	4977224000
346	4979	14	111	87	0	4979722000
347	4980	9	110	86	0	4980669000
348	4980	13	110	87	0	4980562000
349	4981	0	109	84	0	4981750001
350	4981	4	109	85	0	4981328001
351	4981	8	109	86	0	4981617000
352	4982	5	110	85	0	4982110000
353	4982	12	109	87	0	4982675001
354	4982	14	111	87	0	4982980001
355	4983	10	111	86	0	4983858001
356	4983	15	112	87	0	4983145001
357	4984	9	110	86	0	4984224001
358	4985	0	109	84	0	4985026001
359	4985	4	109	85	0	4985613001
360	4985	5	110	85	0	4985437001
361	4985	13	110	87	0	4985304000
362	4985	14	111	87	0	4985628001
363	4986	8	109	86	0	4986352000
364	4986	15	112	87	0	4986954001
365	4987	1	110	84	0	4987688001
366	4987	5	110	85	0	4987927000
367	4987	9	110	86	0	4987868000
368	4987	10	111	86	0	4987110001
369	4988	0	109	84	0	4988026001
370	4988	11	112	86	0	4988945001
371	4989	6	111	85	0	4989667001
372	4989	14	111	87	0	4989327000
373	4989	15	112	87	0	4989860000
374	4990	1	110	84	0	4990630000
375	4990	10	111	86	0	4990297001
376	4991	11	112	86	0	4991921001
377	4992	0	109	84	0	4992686000
378	4992	4	109	85	0	4992891000
379	4992	5	110	85	0	4992489000
380	4992	6	111	85	0	4992785001
381	4992	9	110	86	0	4992836001
382	4992	15	112	87	0	4992802001
383	4993	1	110	84	0	4993743001
384	4993	2	111	84	0	4993075001
385	4993	14	111	87	0	4993454000
386	4994	7	112	85	0	4994422000
387	4994	10	111	86	0	4994662001
388	4994	11	112	86	0	4994480000
389	4996	2	111	84	0	4996073000
390	4996	6	111	85	0	4996518001
391	4996	15	112	87	0	4996136000
392	4997	1	110	84	0	4997383000
393	4997	7	112	85	0	4997392001
394	4997	11	112	86	0	4997598000
395	4998	2	111	84	0	4998661001
396	4998	3	112	84	0	4998771001
397	4998	15	112	87	0	4998603000
398	5000	6	111	85	0	5000087001
399	5000	7	112	85	0	5000612000
400	5002	2	111	84	0	5002502000
401	5002	3	112	84	0	5002027001
402	5002	11	112	86	0	5002060000
403	5003	7	112	85	0	5003854001
404	5004	3	112	84	0	5004922001
405	5007	3	112	84	0	5007697000
406	5008	2	111	84	0	5008201000
407	5010	3	112	84	0	5010741000
408	5012	7	112	85	0	5012307000
409	5018	3	112	84	0	5018836000
410	5019	14	111	87	1	5019573001
411	5019	15	112	87	1	5019665000
412	5020	13	110	87	1	5020885000
413	5022	12	109	87	1	5022838000
414	5024	14	111	87	1	5024459000
415	5024	15	112	87	1	5024926001
416	5025	11	112	86	1	5025885000
417	5025	13	110	87	1	5025811001
418	5026	10	111	86	1	5026885000
419	5027	8	109	86	1	5027918000
420	5027	9	110	86	1	5027900000
421	5027	12	109	87	1	5027608001
422	5027	14	111	87	1	5027537000
423	5027	15	112	87	1	5027932000
424	5028	13	110	87	1	5028976000
425	5030	7	112	85	1	5030783000
426	5030	11	112	86	1	5030504001
427	5030	12	109	87	1	5030958001
428	5031	10	111	86	1	5031951000
429	5032	5	110	85	1	5032856000
430	5032	6	111	85	1	5032551001
431	5032	9	110	86	1	5032542000
432	5033	4	109	85	1	5033204001
433	5033	8	109	86	1	5033435001
434	5033	11	112	86	1	5033538000
435	5035	7	112	85	1	5035866000
436	5035	9	110	86	1	5035910001
437	5035	10	111	86	1	5035712000
438	5036	3	112	84	1	5036941000
439	5036	8	109	86	1	5036496000
440	5037	5	110	85	1	5037465001
441	5037	6	111	85	1	5037765000
442	5038	2	111	84	1	5038497000
443	5038	4	109	85	1	5038086000
444	5039	1	110	84	1	5039825001
445	5039	7	112	85	1	5039038001
446	5040	0	109	84	1	5040354001
447	5040	6	111	85	1	5040365001
448	5041	4	109	85	1	5041549000
449	5041	5	110	85	1	5041100000
450	5042	3	112	84	1	5042697001
451	5043	2	111	84	1	5043209001
452	5045	1	110	84	1	5045553001
453	5046	0	109	84	1	5046564000
454	5046	2	111	84	1	5046934000
455	5046	3	112	84	1	5046467000
456	5048	1	110	84	1	5048708001
457	5049	0	109	84	1	5049836000
458	5050	5	110	85	1	5050309000
459	5057	4	109	85	1	5057090000
460	5064	2	111	84	1	5064835000
461	5149	5	110	85	0	5149430000
462	5157	2	111	84	0	5157681000
463	5435	2	111	84	0	5435818001
464	5435	3	112	84	0	5435317001
465	5442	7	112	85	0	5442457001
466	5443	8	109	86	0	5443904000
467	5445	9	110	86	0	5445229001
468	5446	11	112	86	0	5446589000
469	5450	13	110	87	0	5450413001
470	5451	15	112	87	0	5451050000
471	5480	0	109	84	0	5480931001
472	5481	1	110	84	0	5481402000
473	5482	2	111	84	0	5482182001
474	5482	3	112	84	0	5482878000
475	5484	0	109	84	0	5484594001
476	5484	1	110	84	0	5484326000
477	5484	2	111	84	0	5484805001
478	5484	4	109	85	0	5484753001
479	5485	5	110	85	0	5485390000
480	5486	3	112	84	0	5486412001
481	5486	6	111	85	0	5486220000
482	5487	4	109	85	0	5487599000
483	5487	5	110	85	0	5487921000
484	5487	7	112	85	0	5487024001
485	5488	1	110	84	0	5488016001
486	5488	2	111	84	0	5488192001
487	5488	8	109	86	0	5488681000
488	5489	0	109	84	0	5489310000
489	5489	3	112	84	0	5489266001
490	5489	6	111	85	0	5489298001
491	5489	7	112	85	0	5489783000
492	5489	9	110	86	0	5489236001
493	5489	10	111	86	0	5489423000
494	5490	5	110	85	0	5490879000
495	5490	11	112	86	0	5490661000
496	5491	4	109	85	0	5491230001
497	5491	8	109	86	0	5491430001
498	5492	6	111	85	0	5492574001
499	5492	9	110	86	0	5492759000
500	5492	10	111	86	0	5492132001
501	5492	12	109	87	0	5492537000
502	5493	7	112	85	0	5493262001
503	5493	11	112	86	0	5493262001
504	5493	13	110	87	0	5493544000
505	5493	14	111	87	0	5493765000
506	5494	2	111	84	0	5494195001
507	5494	8	109	86	0	5494000000
508	5494	15	112	87	0	5494726000
509	5495	11	112	86	0	5495906001
510	5496	9	110	86	0	5496181000
511	5496	10	111	86	0	5496023001
512	5496	12	109	87	0	5496237001
513	5496	13	110	87	0	5496649001
514	5496	14	111	87	0	5496881001
515	5497	8	109	86	0	5497555001
516	5497	15	112	87	0	5497291001
517	5498	11	112	86	0	5498553001
518	5500	5	110	85	0	5500610001
519	5500	12	109	87	0	5500109001
520	5500	14	111	87	0	5500191001
521	5500	15	112	87	0	5500418000
522	5501	13	110	87	0	5501065001
523	5512	8	109	86	0	5512593000
524	5512	15	112	87	0	5512028001
525	5531	3	112	84	1	5531507001
526	5535	3	112	84	1	5535163001
527	5535	7	112	85	1	5535886001
528	5536	2	111	84	1	5536845000
529	5538	3	112	84	1	5538262000
530	5538	11	112	86	1	5538440001
531	5539	7	112	85	1	5539568000
532	5540	2	111	84	1	5540315000
533	5540	6	111	85	1	5540388000
534	5541	1	110	84	1	5541684000
535	5542	7	112	85	1	5542652001
536	5542	11	112	86	1	5542995001
537	5542	15	112	87	1	5542995001
538	5543	2	111	84	1	5543975000
539	5543	6	111	85	1	5543580000
540	5544	10	111	86	1	5544048000
541	5545	0	109	84	1	5545773001
542	5545	1	110	84	1	5545322000
543	5545	5	110	85	1	5545076001
544	5545	6	111	85	1	5545824000
545	5546	11	112	86	1	5546118000
546	5546	15	112	87	1	5546340001
547	5548	1	110	84	1	5548088000
548	5548	5	110	85	1	5548583001
549	5548	9	110	86	1	5548866000
550	5548	10	111	86	1	5548191000
551	5548	14	111	87	1	5548067000
552	5548	15	112	87	1	5548892000
553	5549	0	109	84	1	5549618000
554	5549	4	109	85	1	5549885000
555	5551	5	110	85	1	5551365001
556	5551	14	111	87	1	5551824000
557	5552	0	109	84	1	5552855001
558	5552	9	110	86	1	5552638001
559	5552	13	110	87	1	5552034000
560	5553	4	109	85	1	5553594001
561	5553	8	109	86	1	5553549000
562	5553	10	111	86	1	5553716001
563	5555	9	110	86	1	5555521000
564	5555	14	111	87	1	5555448001
565	5556	4	109	85	1	5556717000
566	5556	12	109	87	1	5556717000
567	5556	13	110	87	1	5556053001
568	5557	8	109	86	1	5557872000
569	5557	15	112	87	1	5557694001
570	5559	13	110	87	1	5559120000
571	5560	12	109	87	1	5560855000
572	5564	12	109	87	1	5564390000
573	5565	8	109	86	1	5565237000
574	5576	6	111	85	1	5576773000
575	5578	5	110	85	1	5578084001
576	5822	15	112	87	0	5822849001
577	6343	3	112	84	0	6343376000
578	6570	12	109	87	0	6570900001
579	6573	8	109	86	0	6573668001
580	6574	12	109	87	0	6574546001
581	6576	13	110	87	0	6576063001
582	6577	8	109	86	0	6577283001
583	6579	8	109	86	0	6579896001
584	6579	9	110	86	0	6579584001
585	6579	12	109	87	0	6579051000
586	6579	13	110	87	0	6579217000
587	6580	4	109	85	0	6580445001
588	6581	14	111	87	0	6581742001
589	6583	4	109	85	0	6583712001
590	6583	9	110	86	0	6583072001
591	6583	13	110	87	0	6583407001
592	6584	5	110	85	0	6584484000
593	6584	8	109	86	0	6584564001
594	6585	0	109	84	0	6585018001
595	6585	9	110	86	0	6585825000
596	6585	12	109	87	0	6585734000
597	6585	14	111	87	0	6585041001
598	6585	15	112	87	0	6585525001
599	6586	10	111	86	0	6586518001
600	6587	5	110	85	0	6587718000
601	6588	0	109	84	0	6588721000
602	6588	4	109	85	0	6588692001
603	6588	8	109	86	0	6588671001
604	6588	13	110	87	0	6588656000
605	6588	14	111	87	0	6588566000
606	6589	1	110	84	0	6589225000
607	6589	9	110	86	0	6589736001
608	6589	10	111	86	0	6589793000
609	6589	15	112	87	0	6589266001
610	6590	5	110	85	0	6590280000
611	6590	11	112	86	0	6590012001
612	6591	6	111	85	0	6591907000
613	6591	15	112	87	0	6591707000
614	6592	1	110	84	0	6592649001
615	6592	14	111	87	0	6592704001
616	6593	0	109	84	0	6593855001
617	6594	5	110	85	0	6594792001
618	6594	6	111	85	0	6594581001
619	6594	10	111	86	0	6594834000
620	6594	11	112	86	0	6594638000
621	6595	2	111	84	0	6595002001
622	6595	7	112	85	0	6595427001
623	6595	9	110	86	0	6595991001
624	6596	1	110	84	0	6596425000
625	6596	4	109	85	0	6596478001
626	6597	11	112	86	0	6597899001
627	6597	15	112	87	0	6597618001
628	6598	2	111	84	0	6598363000
629	6598	3	112	84	0	6598350000
630	6598	6	111	85	0	6598262001
631	6598	7	112	85	0	6598879000
632	6599	5	110	85	0	6599588001
633	6599	10	111	86	0	6599587000
634	6600	14	111	87	0	6600102000
635	6601	0	109	84	0	6601762001
636	6601	1	110	84	0	6601092001
637	6601	2	111	84	0	6601008000
638	6601	11	112	86	0	6601475001
639	6601	15	112	87	0	6601302001
640	6602	3	112	84	0	6602927001
641	6602	6	111	85	0	6602521000
642	6602	7	112	85	0	6602149001
643	6604	2	111	84	0	6604746000
644	6605	3	112	84	0	6605509001
645	6606	7	112	85	0	6606584001
646	6606	11	112	86	0	6606668000
647	6608	2	111	84	0	6608504000
648	6609	3	112	84	0	6609203001
649	6614	3	112	84	0	6614218001
650	6617	3	112	84	0	6617223000
651	6634	7	112	85	0	6634417000
652	6640	10	111	86	0	6640635000
653	6672	14	111	87	1	6672996001
654	6672	15	112	87	1	6672275000
655	6673	13	110	87	1	6673809001
656	6674	12	109	87	1	6674487000
657	6675	15	112	87	1	6675691001
658	6676	10	111	86	1	6676297001
659	6676	11	112	86	1	6676203001
660	6676	14	111	87	1	6676188000
661	6677	9	110	86	1	6677661001
662	6677	13	110	87	1	6677297000
663	6678	8	109	86	1	6678712001
664	6678	12	109	87	1	6678128001
665	6678	14	111	87	1	6678844001
666	6678	15	112	87	1	6678023000
667	6679	7	112	85	1	6679866001
668	6680	10	111	86	1	6680615000
669	6680	11	112	86	1	6680147001
670	6681	5	110	85	1	6681064000
671	6681	6	111	85	1	6681180001
672	6681	9	110	86	1	6681499000
673	6681	12	109	87	1	6681418001
674	6681	13	110	87	1	6681039001
675	6682	4	109	85	1	6682329000
676	6682	8	109	86	1	6682456001
677	6683	6	111	85	1	6683876001
678	6683	7	112	85	1	6683771000
679	6683	10	111	86	1	6683531001
680	6683	11	112	86	1	6683093000
681	6684	3	112	84	1	6684883000
682	6684	5	110	85	1	6684800000
683	6684	9	110	86	1	6684522001
684	6685	2	111	84	1	6685934000
685	6686	1	110	84	1	6686134000
686	6686	4	109	85	1	6686582001
687	6686	6	111	85	1	6686134000
688	6686	7	112	85	1	6686342000
689	6687	0	109	84	1	6687446001
690	6687	5	110	85	1	6687312000
691	6687	8	109	86	1	6687497001
692	6689	3	112	84	1	6689075000
693	6690	1	110	84	1	6690421001
694	6690	2	111	84	1	6690389000
695	6691	0	109	84	1	6691914001
696	6691	4	109	85	1	6691023001
697	6692	1	110	84	1	6692770000
698	6692	3	112	84	1	6692810001
699	6695	2	111	84	1	6695558001
700	6695	6	111	85	1	6695034000
701	6698	0	109	84	1	6698261000
702	6836	3	112	84	0	6836292000
703	6962	0	109	84	0	6962087001
704	6962	1	110	84	0	6962846000
705	6963	2	111	84	0	6963514000
706	6964	3	112	84	0	6964405000
707	6965	0	109	84	0	6965701000
708	6965	1	110	84	0	6965491000
709	6965	2	111	84	0	6965888000
710	6966	3	112	84	0	6966521000
711	6966	4	109	85	0	6966753001
712	6967	5	110	85	0	6967613000
713	6968	6	111	85	0	6968416001
714	6968	7	112	85	0	6968869001
715	6969	0	109	84	0	6969993000
716	6969	1	110	84	0	6969817000
717	6969	2	111	84	0	6969863000
718	6969	3	112	84	0	6969474001
719	6969	4	109	85	0	6969616001
720	6969	5	110	85	0	6969949000
721	6970	8	109	86	0	6970417001
722	6971	6	111	85	0	6971547001
723	6971	7	112	85	0	6971461001
724	6971	9	110	86	0	6971398001
725	6972	2	111	84	0	6972719001
726	6972	4	109	85	0	6972936001
727	6972	5	110	85	0	6972905001
728	6972	8	109	86	0	6972902001
729	6972	10	111	86	0	6972134001
730	6972	11	112	86	0	6972192000
731	6973	3	112	84	0	6973650000
732	6974	7	112	85	0	6974300000
733	6974	9	110	86	0	6974778001
734	6974	10	111	86	0	6974760000
735	6974	11	112	86	0	6974499001
736	6974	12	109	87	0	6974898000
737	6975	5	110	85	0	6975557001
738	6975	6	111	85	0	6975042001
739	6975	8	109	86	0	6975941000
740	6975	13	110	87	0	6975191000
741	6975	14	111	87	0	6975847001
742	6976	15	112	87	0	6976619000
743	6977	7	112	85	1	6977291001
744	6977	11	112	86	0	6977733001
745	6977	12	109	87	0	6977789001
746	6978	9	110	86	0	6978514001
747	6978	10	111	86	0	6978105000
748	6978	13	110	87	0	6978297001
749	6978	14	111	87	0	6978247000
750	6978	15	112	87	0	6978726001
751	6979	5	110	85	0	6979482001
752	6979	8	109	86	0	6979366000
753	6981	12	109	87	0	6981811001
754	6981	13	110	87	0	6981882000
755	6981	14	111	87	0	6981209000
756	6982	15	112	87	0	6982020001
757	6983	11	112	86	0	6983410000
758	6989	14	111	87	0	6989956000
759	7042	3	112	84	1	7042304001
760	7045	7	112	85	1	7045636001
761	7046	3	112	84	1	7046284000
762	7047	2	111	84	1	7047134000
763	7048	0	109	84	1	7048182001
764	7049	3	112	84	1	7049824001
765	7049	7	112	85	1	7049394000
766	7050	4	109	85	1	7050164000
767	7050	6	111	85	1	7050848001
768	7050	11	112	86	1	7050550001
769	7051	0	109	84	1	7051285000
770	7051	1	110	84	1	7051593001
771	7051	2	111	84	1	7051572000
772	7052	7	112	85	1	7052551001
773	7052	8	109	86	1	7052303001
774	7053	4	109	85	1	7053483000
775	7054	1	110	84	1	7054963001
776	7054	5	110	85	1	7054525001
777	7054	6	111	85	1	7054410001
778	7054	11	112	86	1	7054564000
779	7054	12	109	87	1	7054079001
780	7054	15	112	87	1	7054599000
781	7055	8	109	86	1	7055434001
782	7055	10	111	86	1	7055523001
783	7056	2	111	84	1	7056782001
784	7056	9	110	86	1	7056993001
785	7056	12	109	87	1	7056815000
786	7057	0	109	84	1	7057652001
787	7057	1	110	84	1	7057381000
788	7057	5	110	85	1	7057485000
789	7057	6	111	85	1	7057295000
790	7057	11	112	86	1	7057882000
791	7057	15	112	87	1	7057443000
792	7058	10	111	86	1	7058439000
793	7058	13	110	87	1	7058912000
794	7058	14	111	87	1	7058439000
795	7059	9	110	86	1	7059909001
796	7060	5	110	85	1	7060062001
797	7060	15	112	87	1	7060166000
798	7061	7	112	85	1	7061651001
799	7061	10	111	86	1	7061182000
800	7061	12	109	87	1	7061866001
801	7062	13	110	87	1	7062199000
802	7062	14	111	87	1	7062283001
803	7064	4	109	85	1	7064236001
804	7064	8	109	86	1	7064622000
805	7064	9	110	86	1	7064145000
806	7064	14	111	87	1	7064850000
807	7066	13	110	87	1	7066251001
808	7067	15	112	87	1	7067544001
809	7068	6	111	85	1	7068372000
810	12308	8	109	86	0	12308790001
811	12756	8	109	86	0	12756268000
812	12762	9	110	86	0	12762851001
813	12762	15	112	87	0	12762180001
814	12764	11	112	86	0	12764281001
815	12770	3	112	84	0	12770739000
816	12770	7	112	85	0	12770748001
817	13709	8	109	86	0	13709312001
818	13713	15	112	87	0	13713903001
819	13714	9	110	86	0	13714838001
820	13716	11	112	86	0	13716156001
821	13719	7	112	85	0	13719987000
822	13722	3	112	84	0	13722888001
823	14468	14	111	87	0	14468493000
824	14468	15	112	87	0	14468501000
825	14469	10	111	86	0	14469605001
826	14469	11	112	86	0	14469474001
827	14470	7	112	85	0	14470775000
828	14470	13	110	87	0	14470860001
829	14470	14	111	87	0	14470937000
830	14470	15	112	87	0	14470227001
831	14471	2	111	84	0	14471841001
832	14471	3	112	84	0	14471602001
833	14471	6	111	85	0	14471101001
834	14471	9	110	86	0	14471553000
835	14471	10	111	86	0	14471744001
836	14471	11	112	86	0	14471447001
837	14473	2	111	84	0	14473881000
838	14473	3	112	84	0	14473567000
839	14473	5	110	85	0	14473359001
840	14473	6	111	85	0	14473738001
841	14473	7	112	85	0	14473028000
842	14473	9	110	86	0	14473823000
843	14473	12	109	87	0	14473895000
844	14473	13	110	87	0	14473278001
845	14473	15	112	87	0	14473438001
846	14474	1	110	84	0	14474822000
847	14474	8	109	86	0	14474070001
848	14475	5	110	85	0	14475577001
849	14476	2	111	84	0	14476019001
850	14476	4	109	85	0	14476952001
851	14476	8	109	86	0	14476702000
852	14476	9	110	86	0	14476543000
853	14476	10	111	86	0	14476373000
854	14476	12	109	87	0	14476367000
855	14476	14	111	87	0	14476791000
856	14477	1	110	84	0	14477125001
857	14477	13	110	87	0	14477189000
858	14478	0	109	84	0	14478289000
859	14478	5	110	85	0	14478050000
860	14478	12	109	87	0	14478786000
861	14479	4	109	85	0	14479311000
862	14479	8	109	86	0	14479254001
863	14480	0	109	84	0	14480672001
864	14480	1	110	84	0	14480128001
865	14482	4	109	85	0	14482719000
866	14483	8	109	86	0	14483842000
867	14484	0	109	84	0	14484461000
868	14486	3	112	84	0	14486661001
869	14488	5	110	85	0	14488470000
870	14489	11	112	86	0	14489706001
871	14510	12	109	87	1	14510730000
872	14510	15	112	87	1	14510884001
873	14511	13	110	87	1	14511031000
874	14511	14	111	87	1	14511143001
875	14513	8	109	86	1	14513413000
876	14513	9	110	86	1	14513439001
877	14513	10	111	86	1	14513709000
878	14513	11	112	86	1	14513220001
879	14513	12	109	87	1	14513656001
880	14513	13	110	87	1	14513610000
881	14513	14	111	87	1	14513475000
882	14513	15	112	87	1	14513114001
883	14516	4	109	85	1	14516549001
884	14516	5	110	85	1	14516416000
885	14516	6	111	85	1	14516975000
886	14516	8	109	86	1	14516475000
887	14516	9	110	86	1	14516267000
888	14516	10	111	86	1	14516313000
889	14516	11	112	86	1	14516337000
890	14517	7	112	85	1	14517133001
891	14519	0	109	84	1	14519997000
892	14519	1	110	84	1	14519472001
893	14519	3	112	84	1	14519016001
894	14519	4	109	85	1	14519810000
895	14519	5	110	85	1	14519334001
896	14519	6	111	85	1	14519685000
897	14520	2	111	84	1	14520476000
898	14520	7	112	85	1	14520056000
899	14520	9	110	86	1	14520711000
900	14521	11	112	86	1	14521303000
901	14522	5	110	85	1	14522228001
902	14522	6	111	85	1	14522996000
903	14523	0	109	84	1	14523895000
904	14523	1	110	84	1	14523508000
905	14523	2	111	84	1	14523500001
906	14523	3	112	84	1	14523033001
907	14525	4	109	85	1	14525313001
908	14526	1	110	84	1	14526172000
909	14526	3	112	84	1	14526172000
910	14526	7	112	85	1	14526833000
911	14528	2	111	84	1	14528158001
912	14569	1	110	84	0	14569936001
913	14569	2	111	84	0	14569452001
914	14569	3	112	84	0	14569311000
915	14570	0	109	84	0	14570842000
916	14571	3	112	84	0	14571619001
917	14572	1	110	84	0	14572926000
918	14572	2	111	84	0	14572076000
919	14573	5	110	85	0	14573861001
920	14573	7	112	85	0	14573719001
921	14574	0	109	84	0	14574164000
922	14574	3	112	84	0	14574786000
923	14574	4	109	85	0	14574135001
924	14574	6	111	85	0	14574000001
925	14575	1	110	84	0	14575667000
926	14575	2	111	84	0	14575388000
927	14576	3	112	84	0	14576876000
928	14576	4	109	85	0	14576851001
929	14576	5	110	85	0	14576244000
930	14576	6	111	85	0	14576259000
931	14576	7	112	85	0	14576316001
932	14577	8	109	86	0	14577943001
933	14577	9	110	86	0	14577061001
934	14577	10	111	86	0	14577967001
935	14577	11	112	86	0	14577095000
936	14578	0	109	84	0	14578296001
937	14579	5	110	85	0	14579689001
938	14579	6	111	85	0	14579968001
939	14579	7	112	85	0	14579240000
940	14579	9	110	86	0	14579421000
941	14579	11	112	86	0	14579602001
942	14580	4	109	85	0	14580098000
943	14580	8	109	86	0	14580418001
944	14580	10	111	86	0	14580851000
945	14581	12	109	87	0	14581251001
946	14581	13	110	87	0	14581326001
947	14581	14	111	87	0	14581066000
948	14581	15	112	87	0	14581093000
949	14582	9	110	86	0	14582959000
950	14582	11	112	86	0	14582531000
951	14583	8	109	86	0	14583318001
952	14583	10	111	86	0	14583969000
953	14583	14	111	87	0	14583393001
954	14583	15	112	87	0	14583699000
955	14584	7	112	85	0	14584830000
956	14584	12	109	87	1	14584536000
957	14584	13	110	87	0	14584655001
958	14585	2	111	84	0	14585162001
959	14585	14	111	87	0	14585979001
960	14586	15	112	87	0	14586609000
961	14594	12	109	87	0	14594510000
962	14604	0	109	84	1	14604390000
963	14606	0	109	84	1	14606644000
964	14606	4	109	85	1	14606086001
965	14607	1	110	84	1	14607125000
966	14607	8	109	86	1	14607551001
967	14608	4	109	85	1	14608288001
968	14608	5	110	85	1	14608469000
969	14608	12	109	87	1	14608563000
970	14609	1	110	84	1	14609123001
971	14609	2	111	84	1	14609664000
972	14609	9	110	86	1	14609427000
973	14610	5	110	85	1	14610489001
974	14610	8	109	86	1	14610088001
975	14610	12	109	87	1	14610564000
976	14611	2	111	84	1	14611825000
977	14611	3	112	84	1	14611921000
978	14611	6	111	85	1	14611153001
979	14611	9	110	86	1	14611373001
980	14611	13	110	87	1	14611028001
981	14612	10	111	86	1	14612068001
982	14613	6	111	85	1	14613001001
983	14613	7	112	85	1	14613058000
984	14613	10	111	86	1	14613956001
985	14613	13	110	87	1	14613258001
986	14613	14	111	87	1	14613467000
987	14614	3	112	84	1	14614306000
988	14614	11	112	86	1	14614694000
989	14615	7	112	85	1	14615065001
990	14615	14	111	87	1	14615211000
991	14615	15	112	87	1	14615766001
992	14616	11	112	86	1	14616865001
993	14617	15	112	87	1	14617783000
994	14873	13	110	87	0	14873251000
995	14874	14	111	87	0	14874723000
996	14875	9	110	86	0	14875018001
997	14875	12	109	87	0	14875917001
998	14876	5	110	85	0	14876529001
999	14876	8	109	86	0	14876150000
1000	14876	10	111	86	0	14876183001
1001	14876	13	110	87	0	14876167000
1002	14876	14	111	87	0	14876774001
1003	14876	15	112	87	0	14876019000
1004	14877	1	110	84	0	14877907001
1005	14877	6	111	85	0	14877435001
1006	14877	9	110	86	0	14877248001
1007	14877	11	112	86	0	14877592000
1008	14878	2	111	84	0	14878391001
1009	14878	5	110	85	0	14878507000
1010	14878	7	112	85	0	14878980001
1011	14878	8	109	86	0	14878542000
1012	14878	10	111	86	0	14878582001
1013	14878	12	109	87	0	14878381001
1014	14878	15	112	87	0	14878250001
1015	14879	3	112	84	0	14879586000
1016	14879	4	109	85	0	14879460001
1017	14879	11	112	86	0	14879824000
1018	14880	1	110	84	0	14880354001
1019	14880	2	111	84	0	14880489001
1020	14880	6	111	85	0	14880038000
1021	14880	9	110	86	0	14880866001
1022	14880	14	111	87	0	14880739001
1023	14881	0	109	84	0	14881865001
1024	14881	3	112	84	0	14881779001
1025	14881	7	112	85	0	14881415001
1026	14881	8	109	86	0	14881036001
1027	14882	1	110	84	0	14882719001
1028	14882	4	109	85	0	14882207001
1029	14882	5	110	85	0	14882372000
1030	14882	12	109	87	0	14882344000
1031	14883	11	112	86	0	14883065001
1032	14883	13	110	87	0	14883749001
1033	14884	0	109	84	0	14884734001
1034	14884	3	112	84	0	14884581001
1035	14885	2	111	84	0	14885483001
1036	14885	4	109	85	0	14885015000
1037	14885	8	109	86	0	14885370001
1038	14887	10	111	86	0	14887314000
1039	14889	0	109	84	0	14889064001
1040	14892	15	112	87	0	14892471001
1041	14898	7	112	85	1	14898082000
1042	14900	8	109	86	0	14900687001
1043	14912	14	111	87	1	14912724001
1044	14912	15	112	87	1	14912200001
1045	14913	12	109	87	1	14913203000
1046	14913	13	110	87	1	14913076000
1047	14913	15	112	87	1	14913919000
1048	14914	8	109	86	1	14914602001
1049	14914	9	110	86	1	14914428001
1050	14914	10	111	86	1	14914086001
1051	14914	11	112	86	1	14914274000
1052	14914	14	111	87	1	14914602001
1053	14915	7	112	85	1	14915975000
1054	14915	10	111	86	1	14915998001
1055	14915	12	109	87	1	14915062000
1056	14915	13	110	87	1	14915176000
1057	14916	4	109	85	1	14916397000
1058	14916	5	110	85	1	14916307000
1059	14916	6	111	85	1	14916127000
1060	14916	8	109	86	1	14916685001
1061	14916	9	110	86	1	14916231000
1062	14916	11	112	86	1	14916303000
1063	14917	0	109	84	1	14917788001
1064	14917	1	110	84	1	14917773001
1065	14917	2	111	84	1	14917855000
1066	14917	3	112	84	1	14917396000
1067	14917	6	111	85	1	14917691001
1068	14917	7	112	85	1	14917806000
1069	14918	4	109	85	1	14918203001
1070	14918	5	110	85	1	14918002001
1071	14919	0	109	84	1	14919991000
1072	14919	1	110	84	1	14919466000
1073	14919	2	111	84	1	14919837001
1074	14919	3	112	84	1	14919545000
1075	15012	0	109	84	0	15012811000
1076	15012	3	112	84	0	15012891000
1077	15013	1	110	84	0	15013160000
1078	15013	2	111	84	0	15013024001
1079	15014	5	110	85	0	15014800001
1080	15015	0	109	84	0	15015688001
1081	15015	1	110	84	0	15015576000
1082	15015	2	111	84	0	15015119001
1083	15015	3	112	84	0	15015023000
1084	15015	4	109	85	0	15015005000
1085	15015	6	111	85	0	15015273001
1086	15015	7	112	85	0	15015260001
1087	15016	8	109	86	0	15016259001
1088	15016	9	110	86	0	15016677001
1089	15016	10	111	86	0	15016553001
1090	15016	11	112	86	0	15016664000
1091	15017	4	109	85	0	15017892000
1092	15017	5	110	85	0	15017550000
1093	15017	6	111	85	0	15017469001
1094	15017	7	112	85	0	15017626000
1095	15018	8	109	86	0	15018679000
1096	15018	10	111	86	0	15018830001
1097	15018	11	112	86	0	15018896001
1098	15018	12	109	87	0	15018437000
1099	15018	13	110	87	0	15018187001
1100	15018	14	111	87	0	15018304001
1101	15018	15	112	87	0	15018518000
1102	15019	2	111	84	0	15019274000
1103	15019	3	112	84	0	15019735001
1104	15019	9	110	86	0	15019431001
1105	15020	14	111	87	0	15020710001
1106	15020	15	112	87	0	15020540001
1107	15021	12	109	87	0	15021068000
1108	15021	13	110	87	0	15021013000
1109	15023	0	109	84	1	15023053001
1110	15024	4	109	85	1	15024922000
1111	15025	0	109	84	1	15025884001
1112	15026	1	110	84	1	15026047001
1113	15026	8	109	86	1	15026730001
1114	15027	4	109	85	1	15027284001
1115	15027	5	110	85	1	15027386000
1116	15027	12	109	87	1	15027837001
1117	15028	1	110	84	1	15028218000
1118	15028	9	110	86	1	15028740000
1119	15029	5	110	85	1	15029578001
1120	15029	8	109	86	1	15029352000
1121	15030	2	111	84	1	15030287001
1122	15030	6	111	85	1	15030985001
1123	15030	9	110	86	1	15030902001
1124	15030	12	109	87	1	15030131001
1125	15030	13	110	87	1	15030843001
1126	15032	2	111	84	1	15032612000
1127	15032	3	112	84	1	15032586001
1128	15033	6	111	85	1	15033211001
1129	15033	10	111	86	1	15033011001
1130	15033	13	110	87	1	15033281000
1131	15034	3	112	84	1	15034835001
1132	15034	7	112	85	1	15034327001
1133	15034	14	111	87	1	15034541001
1134	15035	9	110	86	1	15035826000
1135	15035	10	111	86	1	15035320000
1136	15035	11	112	86	1	15035983001
1137	15036	5	110	85	1	15036074000
1138	15036	7	112	85	1	15036453001
1139	15036	14	111	87	1	15036537000
1140	15037	15	112	87	1	15037261001
1141	15038	11	112	86	1	15038129001
1142	15039	15	112	87	1	15039200001
1143	15040	6	111	85	1	15040916000
1144	15047	7	112	85	1	15047052001
1145	15282	8	109	86	0	15282900001
1146	15282	12	109	87	0	15282450001
1147	15283	4	109	85	0	15283915001
1148	15283	9	110	86	0	15283922001
1149	15283	13	110	87	0	15283220000
1150	15284	0	109	84	0	15284830000
1151	15284	5	110	85	0	15284774000
1152	15284	12	109	87	0	15284957001
1153	15284	14	111	87	0	15284395000
1154	15285	1	110	84	0	15285967000
1155	15285	8	109	86	0	15285416001
1156	15285	10	111	86	0	15285202001
1157	15285	13	110	87	0	15285833000
1158	15285	15	112	87	0	15285285001
1159	15286	2	111	84	0	15286815001
1160	15286	4	109	85	0	15286341000
1161	15286	5	110	85	0	15286883000
1162	15286	6	111	85	0	15286125001
1163	15286	7	112	85	0	15286716001
1164	15286	9	110	86	0	15286469000
1165	15286	11	112	86	0	15286176001
1166	15286	14	111	87	0	15286286001
1167	15287	0	109	84	0	15287957000
1168	15287	3	112	84	0	15287851000
1169	15287	10	111	86	0	15287584000
1170	15287	15	112	87	0	15287147001
1171	15288	1	110	84	0	15288318000
1172	15288	2	111	84	0	15288859000
1173	15288	6	111	85	0	15288319001
1174	15288	7	112	85	0	15288759000
1175	15288	11	112	86	0	15288468001
1176	15290	3	112	84	0	15290080000
1177	15296	10	111	86	0	15296028000
1178	15312	15	112	87	1	15312902001
1179	15313	12	109	87	1	15313677001
1180	15313	13	110	87	1	15313503001
1181	15313	14	111	87	1	15313314001
1182	15314	10	111	86	1	15314545000
1183	15314	11	112	86	1	15314842000
1184	15314	14	111	87	1	15314983001
1185	15314	15	112	87	1	15314623001
1186	15315	8	109	86	1	15315474001
1187	15315	9	110	86	1	15315026000
1188	15315	12	109	87	1	15315612001
1189	15315	13	110	87	1	15315527000
1190	15316	6	111	85	1	15316710001
1191	15316	7	112	85	1	15316839001
1192	15316	9	110	86	1	15316992000
1193	15316	10	111	86	1	15316495000
1194	15316	11	112	86	1	15316698000
1195	15317	3	112	84	1	15317931001
1196	15317	4	109	85	1	15317135001
1197	15317	5	110	85	1	15317038000
1198	15317	8	109	86	1	15317483000
1199	15318	1	110	84	1	15318962000
1200	15318	2	111	84	1	15318766000
1201	15318	6	111	85	1	15318519001
1202	15318	7	112	85	1	15318878001
1203	15319	0	109	84	1	15319145000
1204	15319	4	109	85	1	15319133001
1205	15319	5	110	85	1	15319037001
1206	15320	3	112	84	1	15320428000
1207	15321	0	109	84	1	15321324001
1208	15321	1	110	84	1	15321024001
1209	15321	2	111	84	1	15321012000
1210	15386	0	109	84	0	15386423001
1211	15386	1	110	84	0	15386810001
1212	15386	2	111	84	0	15386903000
1213	15387	3	112	84	0	15387302001
1214	15389	0	109	84	0	15389656000
1215	15389	1	110	84	0	15389291000
1216	15389	2	111	84	0	15389274001
1217	15389	3	112	84	0	15389959001
1218	15390	4	109	85	0	15390725000
1219	15390	5	110	85	0	15390991000
1220	15391	6	111	85	0	15391797001
1221	15391	7	112	85	0	15391197001
1222	15392	0	109	84	0	15392788000
1223	15392	2	111	84	0	15392846000
1224	15393	1	110	84	0	15393105001
1225	15393	3	112	84	0	15393170001
1226	15393	5	110	85	0	15393438000
1227	15393	7	112	85	1	15393427000
1228	15394	4	109	85	0	15394555001
1229	15394	6	111	85	0	15394525001
1230	15394	8	109	86	0	15394253000
1231	15394	9	110	86	0	15394747000
1232	15394	11	112	86	0	15394927000
1233	15395	10	111	86	0	15395108001
1234	15396	1	110	84	0	15396486000
1235	15396	8	109	86	0	15396848001
1236	15397	5	110	85	0	15397317001
1237	15397	7	112	85	0	15397117001
1238	15397	9	110	86	0	15397510001
1239	15397	11	112	86	0	15397223000
1240	15398	6	111	85	0	15398323001
1241	15398	10	111	86	0	15398342000
1242	15398	12	109	87	0	15398517001
1243	15398	13	110	87	0	15398536000
1244	15398	15	112	87	0	15398713001
1245	15399	2	111	84	0	15399771001
1246	15399	4	109	85	0	15399594001
1247	15399	11	112	86	0	15399656000
1248	15399	14	111	87	0	15399241000
1249	15400	8	109	86	0	15400087000
1250	15401	9	110	86	0	15401208001
1251	15401	10	111	86	1	15401419001
1252	15401	13	110	87	0	15401726000
1253	15401	15	112	87	0	15401002001
1254	15402	11	112	86	0	15402888001
1255	15402	12	109	87	0	15402260001
1256	15402	14	111	87	0	15402002000
1257	15403	15	112	87	0	15403556001
1258	15404	7	112	85	0	15404920001
1259	15405	8	109	86	0	15405646001
1260	15405	13	110	87	0	15405648000
1261	15405	14	111	87	0	15405475000
1262	15407	3	112	84	0	15407095001
1263	15407	12	109	87	0	15407377000
1264	15407	15	112	87	0	15407864000
1265	15410	10	111	86	0	15410292001
1266	15433	0	109	84	1	15433044000
1267	15435	4	109	85	1	15435254001
1268	15436	0	109	84	1	15436220000
1269	15436	1	110	84	1	15436805000
1270	15437	8	109	86	1	15437546001
1271	15438	4	109	85	1	15438269001
1272	15440	1	110	84	1	15440392000
1273	15440	5	110	85	1	15440112000
1274	15440	12	109	87	1	15440643001
1275	15441	8	109	86	1	15441005001
1276	15442	5	110	85	1	15442664001
1277	15442	9	110	86	1	15442986001
1278	15443	1	110	84	1	15443048001
1279	15443	2	111	84	1	15443820000
1280	15443	4	109	85	1	15443515001
1281	15443	12	109	87	1	15443730000
1282	15445	5	110	85	1	15445954001
1283	15445	9	110	86	1	15445901000
1284	15445	13	110	87	1	15445242001
1285	15446	2	111	84	1	15446647000
1286	15446	6	111	85	1	15446337000
1287	15447	8	109	86	1	15447796000
1288	15448	3	112	84	1	15448690000
1289	15448	12	109	87	1	15448585001
1290	15448	13	110	87	1	15448931001
1291	15449	2	111	84	1	15449557000
1292	15449	6	111	85	1	15449354000
1293	15449	9	110	86	1	15449340000
1294	15449	10	111	86	1	15449084000
1295	15451	7	112	85	1	15451257001
1296	15451	13	110	87	1	15451900001
1297	15451	14	111	87	1	15451358000
1298	15452	3	112	84	1	15452448001
1299	15452	6	111	85	1	15452176001
1300	15452	10	111	86	1	15452415001
1301	15453	11	112	86	1	15453952001
1302	15454	7	112	85	1	15454251000
1303	15455	3	112	84	1	15455669000
1304	15455	14	111	87	1	15455611001
1305	15455	15	112	87	1	15455762000
1306	15456	7	112	85	1	15456736000
1307	15456	10	111	86	1	15456453000
1308	15456	11	112	86	1	15456506001
1309	15458	11	112	86	1	15458958000
1310	15458	14	111	87	1	15458806000
1311	15458	15	112	87	1	15458285000
1312	15463	15	112	87	1	15463405001
1313	15469	0	109	84	1	15469073001
1314	18876	3	112	84	0	18876296001
1315	18877	2	111	84	0	18877826000
1316	18878	1	110	84	0	18878969000
1317	18880	7	112	85	0	18880220001
1318	18881	5	110	85	0	18881324000
1319	18882	4	109	85	0	18882825000
1320	18882	11	112	86	0	18882616000
1321	18883	9	110	86	0	18883993001
1322	18884	8	109	86	0	18884173000
1323	18885	15	112	87	0	18885061001
1324	19017	12	109	87	0	19017332001
1325	19020	13	110	87	0	19020371000
1326	19022	12	109	87	1	19022198001
1327	19023	14	111	87	0	19023633001
1328	19024	13	110	87	1	19024371001
1329	19025	10	111	86	0	19025144000
1330	19026	15	112	87	0	19026476001
1331	19028	11	112	86	0	19028044001
1332	19028	14	111	87	1	19028771000
1333	19029	15	112	87	0	19029296001
1334	19032	15	112	87	1	19032054001
1335	19034	11	112	86	1	19034786000
1336	19056	13	110	87	0	19056948000
1337	19056	15	112	87	0	19056965000
1338	19057	12	109	87	0	19057027000
1339	19057	14	111	87	0	19057136000
1340	19058	8	109	86	0	19058699000
1341	19058	9	110	86	0	19058717001
1342	19058	10	111	86	0	19058609000
1343	19058	11	112	86	0	19058582001
1344	19059	13	110	87	0	19059630000
1345	19059	14	111	87	0	19059993000
1346	19059	15	112	87	0	19059059000
1347	19060	4	109	85	0	19060426000
1348	19060	5	110	85	0	19060384000
1349	19060	6	111	85	0	19060298001
1350	19060	7	112	85	0	19060047000
1351	19060	11	112	86	0	19060644001
1352	19061	0	109	84	0	19061958000
1353	19061	1	110	84	0	19061797000
1354	19061	2	111	84	0	19061688001
1355	19061	3	112	84	0	19061634000
1356	19061	7	112	85	0	19061990001
1357	19061	8	109	86	0	19061072001
1358	19061	9	110	86	0	19061088000
1359	19061	10	111	86	0	19061353000
1360	19061	12	109	87	1	19061543000
1361	19062	6	111	85	0	19062779000
1362	19062	13	110	87	1	19062115000
1363	19062	14	111	87	1	19062671001
1364	19062	15	112	87	1	19062997001
1365	19063	1	110	84	0	19063968001
1366	19063	2	111	84	0	19063751001
1367	19063	3	112	84	0	19063809000
1368	19063	4	109	85	1	19063717000
1369	19063	8	109	86	1	19063083000
1370	19063	9	110	86	1	19063265001
1371	19063	10	111	86	1	19063696000
1372	19064	5	110	85	1	19064562001
1373	19064	6	111	85	1	19064862000
1374	19064	11	112	86	1	19064296000
1375	19064	15	112	87	1	19064796001
1376	19065	0	109	84	1	19065246001
1377	19065	7	112	85	1	19065812001
1378	19066	1	110	84	1	19066020001
1379	19066	2	111	84	1	19066258000
1380	19066	3	112	84	1	19066879000
1381	19066	6	111	85	1	19066480000
1382	19066	11	112	86	1	19066408001
1383	19067	10	111	86	1	19067080000
1384	19070	2	111	84	1	19070190001
1385	19070	7	112	85	1	19070500001
1386	19187	12	109	87	0	19187872000
1387	19190	8	109	86	0	19190978001
1388	19191	12	109	87	0	19191040001
1389	19192	13	110	87	0	19192266001
1390	19193	8	109	86	0	19193920000
1391	19195	12	109	87	0	19195608000
1392	19195	13	110	87	0	19195377001
1393	19196	8	109	86	0	19196822000
1394	19197	4	109	85	0	19197233000
1395	19197	9	110	86	0	19197865000
1396	19198	14	111	87	0	19198496000
1397	19199	8	109	86	0	19199843001
1398	19199	13	110	87	0	19199661000
1399	19200	0	109	84	0	19200887001
1400	19200	4	109	85	0	19200262001
1401	19200	9	110	86	0	19200674000
1402	19200	12	109	87	0	19200852000
1403	19201	5	110	85	0	19201011001
1404	19201	10	111	86	0	19201507000
1405	19201	14	111	87	0	19201190000
1406	19201	15	112	87	0	19201101001
1407	19203	5	110	85	0	19203502000
1408	19203	8	109	86	0	19203412000
1409	19203	9	110	86	0	19203770000
1410	19203	15	112	87	0	19203596000
1411	19204	0	109	84	0	19204109001
1412	19204	10	111	86	0	19204382001
1413	19204	13	110	87	0	19204027001
1414	19205	1	110	84	0	19205874001
1415	19205	4	109	85	0	19205543000
1416	19205	11	112	86	0	19205019000
1417	19205	14	111	87	0	19205172000
1418	19206	5	110	85	0	19206881001
1419	19206	6	111	85	0	19206355001
1420	19206	9	110	86	0	19206607000
1421	19206	15	112	87	0	19206278000
1422	19207	0	109	84	0	19207555000
1423	19207	10	111	86	0	19207621001
1424	19208	1	110	84	0	19208519001
1425	19208	11	112	86	0	19208324000
1426	19209	6	111	85	0	19209621000
1427	19210	2	111	84	0	19210498001
1428	19210	5	110	85	0	19210411001
1429	19210	7	112	85	0	19210372000
1430	19210	9	110	86	0	19210827001
1431	19210	11	112	86	0	19210900001
1432	19210	14	111	87	0	19210223000
1433	19210	15	112	87	0	19210688000
1434	19211	0	109	84	0	19211115000
1435	19212	1	110	84	0	19212002000
1436	19212	10	111	86	0	19212138001
1437	19213	2	111	84	0	19213287001
1438	19213	6	111	85	0	19213826000
1439	19213	7	112	85	0	19213464001
1440	19214	11	112	86	0	19214201001
1441	19215	1	110	84	0	19215093001
1442	19215	2	111	84	0	19215885000
1443	19216	7	112	85	0	19216516000
1444	19217	3	112	84	0	19217147000
1445	19218	11	112	86	0	19218201001
1446	19219	2	111	84	0	19219287001
1447	19219	3	112	84	0	19219791001
1448	19219	6	111	85	0	19219775000
1449	19221	7	112	85	0	19221320000
1450	19222	2	111	84	0	19222102000
1451	19222	3	112	84	0	19222583000
1452	19226	3	112	84	0	19226295001
1453	19227	13	110	87	1	19227276001
1454	19227	14	111	87	1	19227616000
1455	19227	15	112	87	1	19227012001
1456	19228	11	112	86	1	19228890000
1457	19228	12	109	87	1	19228263000
1458	19229	3	112	84	0	19229294001
1459	19229	10	111	86	1	19229968000
1460	19229	13	110	87	1	19229987001
1461	19229	14	111	87	1	19229790001
1462	19229	15	112	87	1	19229340001
1463	19230	8	109	86	1	19230481000
1464	19230	9	110	86	1	19230130001
1465	19230	12	109	87	1	19230648001
1466	19231	6	111	85	1	19231523001
1467	19231	11	112	86	1	19231397001
1468	19232	4	109	85	1	19232939001
1469	19232	5	110	85	1	19232637000
1470	19232	7	112	85	1	19232529000
1471	19232	9	110	86	1	19232242000
1472	19232	10	111	86	1	19232178000
1473	19233	6	111	85	1	19233805001
1474	19233	8	109	86	1	19233129000
1475	19234	2	111	84	1	19234950000
1476	19234	3	112	84	1	19234247001
1477	19234	5	110	85	1	19234857000
1478	19234	7	112	85	1	19234646000
1479	19235	0	109	84	1	19235559001
1480	19235	1	110	84	1	19235360000
1481	19235	4	109	85	1	19235395000
1482	19235	6	111	85	1	19235552000
1483	19235	11	112	86	1	19235659000
1484	19236	3	112	84	1	19236876001
1485	19237	1	110	84	1	19237732001
1486	19237	2	111	84	1	19237201000
1487	19238	0	109	84	1	19238178000
1488	19239	9	110	86	1	19239629001
1489	19259	11	112	86	0	19259892001
1490	19260	9	110	86	0	19260939001
1491	19485	3	112	84	0	19485603000
1492	19489	11	112	86	0	19489415001
1493	19490	9	110	86	0	19490172001
1494	19491	15	112	87	0	19491175000
1495	19511	3	112	84	0	19511949001
1496	19514	0	109	84	0	19514641000
1497	19514	2	111	84	0	19514177001
1498	19514	3	112	84	0	19514082001
1499	19515	1	110	84	0	19515374001
1500	19515	7	112	85	0	19515236001
1501	19516	2	111	84	0	19516166000
1502	19516	4	109	85	0	19516633000
1503	19517	0	109	84	0	19517827000
1504	19517	1	110	84	0	19517872000
1505	19517	3	112	84	0	19517178001
1506	19517	5	110	85	0	19517514000
1507	19517	6	111	85	0	19517675000
1508	19517	7	112	85	0	19517489000
1509	19517	11	112	86	0	19517780001
1510	19518	2	111	84	0	19518562001
1511	19518	8	109	86	0	19518085000
1512	19519	3	112	84	0	19519921001
1513	19519	4	109	85	0	19519321000
1514	19519	9	110	86	0	19519338000
1515	19519	11	112	86	0	19519992001
1516	19520	5	110	85	0	19520447000
1517	19520	6	111	85	0	19520068001
1518	19520	7	112	85	0	19520385000
1519	19520	8	109	86	0	19520264000
1520	19520	10	111	86	0	19520164001
1521	19520	12	109	87	0	19520518001
1522	19521	13	110	87	0	19521501001
1523	19521	15	112	87	0	19521346001
1524	19522	6	111	85	0	19522677001
1525	19522	9	110	86	0	19522300001
1526	19522	10	111	86	0	19522540000
1527	19522	14	111	87	0	19522469001
1528	19523	8	109	86	0	19523632000
1529	19523	11	112	86	0	19523516001
1530	19523	12	109	87	0	19523299001
1531	19523	15	112	87	0	19523552001
1532	19524	13	110	87	0	19524636001
1533	19525	2	111	84	0	19525258001
1534	19525	9	110	86	0	19525747001
1535	19525	14	111	87	0	19525037000
1536	19526	15	112	87	0	19526879001
1537	19544	0	109	84	1	19544022000
1538	19544	1	110	84	1	19544422000
1539	19545	2	111	84	1	19545032000
1540	19546	0	109	84	1	19546589000
1541	19546	1	110	84	1	19546589000
1542	19546	3	112	84	1	19546913001
1543	19547	2	111	84	1	19547683000
1544	19547	5	110	85	1	19547717000
1545	19548	4	109	85	1	19548486000
1546	19548	6	111	85	1	19548126001
1547	19549	5	110	85	1	19549789000
1548	19549	7	112	85	1	19549595001
1549	19550	3	112	84	1	19550442001
1550	19550	6	111	85	1	19550207001
1551	19551	4	109	85	1	19551494000
1552	19551	9	110	86	1	19551868000
1553	19552	8	109	86	1	19552030001
1554	19552	10	111	86	1	19552957000
1555	19553	7	112	85	1	19553629001
1556	19553	11	112	86	1	19553388000
1557	19554	6	111	85	1	19554926001
1558	19554	8	109	86	1	19554672001
1559	19554	9	110	86	1	19554401000
1560	19556	10	111	86	1	19556036000
1561	19556	11	112	86	1	19556331000
1562	19556	13	110	87	1	19556628001
1563	19557	12	109	87	1	19557339000
1564	19557	14	111	87	1	19557401000
1565	19557	15	112	87	1	19557201000
1566	19559	5	110	85	1	19559858000
1567	19559	13	110	87	1	19559458000
1568	19559	15	112	87	1	19559458000
1569	19560	12	109	87	1	19560328000
1570	19560	14	111	87	1	19560095000
1571	19565	15	112	87	1	19565282001
1572	19572	13	110	87	1	19572869000
1573	19607	9	110	86	1	19607471001
1574	19805	15	112	87	0	19805892000
1575	19806	11	112	86	0	19806996000
1576	19807	3	112	84	0	19807380001
1577	19807	7	112	85	1	19807476001
1578	19807	15	112	87	0	19807754001
1579	19808	10	111	86	0	19808933001
1580	19808	14	111	87	0	19808959001
1581	19809	2	111	84	0	19809722001
1582	19809	3	112	84	0	19809376001
1583	19809	6	111	85	0	19809654001
1584	19809	7	112	85	0	19809395001
1585	19809	11	112	86	0	19809003000
1586	19810	10	111	86	0	19810786000
1587	19810	13	110	87	0	19810923001
1588	19810	15	112	87	0	19810272000
1589	19811	2	111	84	0	19811818001
1590	19811	5	110	85	0	19811634000
1591	19811	9	110	86	0	19811252001
1592	19811	11	112	86	0	19811827001
1593	19811	14	111	87	0	19811189000
1594	19812	1	110	84	0	19812368000
1595	19812	6	111	85	0	19812218001
1596	19813	5	110	85	0	19813781000
1597	19813	8	109	86	0	19813761000
1598	19813	9	110	86	0	19813328000
1599	19813	10	111	86	0	19813908000
1600	19813	12	109	87	0	19813542000
1601	19813	13	110	87	0	19813337000
1602	19814	0	109	84	0	19814859000
1603	19814	1	110	84	0	19814382001
1604	19814	3	112	84	0	19814187000
1605	19814	4	109	85	0	19814398000
1606	19814	7	112	85	0	19814377001
1607	19815	2	111	84	0	19815784001
1608	19815	8	109	86	0	19815991001
1609	19816	12	109	87	0	19816192001
1610	19817	0	109	84	0	19817537001
1611	19817	1	110	84	0	19817179001
1612	19817	4	109	85	0	19817259000
1613	19818	5	110	85	0	19818304000
1614	19818	9	110	86	0	19818182000
1615	19833	11	112	86	0	19833513001
1616	19839	15	112	87	1	19839615001
1617	19841	13	110	87	1	19841960000
1618	19841	14	111	87	1	19841120001
1619	19842	11	112	86	1	19842861000
1620	19842	15	112	87	1	19842683001
1621	19843	12	109	87	1	19843178001
1622	19844	9	110	86	1	19844968001
1623	19844	10	111	86	1	19844597000
1624	19844	14	111	87	1	19844665000
1625	19844	15	112	87	1	19844939001
1626	19845	13	110	87	1	19845418001
1627	19846	8	109	86	1	19846487001
1628	19846	11	112	86	1	19846974001
1629	19846	12	109	87	1	19846262001
1630	19847	5	110	85	1	19847811000
1631	19847	7	112	85	1	19847530000
1632	19848	6	111	85	1	19848168001
1633	19848	9	110	86	1	19848077001
1634	19848	10	111	86	1	19848484000
1635	19849	4	109	85	1	19849387000
1636	19849	11	112	86	1	19849630000
1637	19849	14	111	87	1	19849631001
1638	19850	3	112	84	1	19850700001
1639	19850	8	109	86	1	19850065001
1640	19850	9	110	86	1	19850456001
1641	19851	2	111	84	1	19851262000
1642	19851	5	110	85	1	19851000000
1643	19851	6	111	85	1	19851335000
1644	19851	7	112	85	1	19851355000
1645	19852	1	110	84	1	19852212001
1646	19852	4	109	85	1	19852207000
1647	19852	13	110	87	1	19852761001
1648	19853	0	109	84	1	19853148000
1649	19853	5	110	85	1	19853228001
1650	19853	6	111	85	1	19853340001
1651	19854	3	112	84	1	19854830000
1652	19854	4	109	85	1	19854800000
1653	19854	7	112	85	1	19854730001
1654	19854	10	111	86	1	19854037000
1655	19855	1	110	84	1	19855435000
1656	19855	2	111	84	1	19855581001
1657	19857	0	109	84	1	19857229001
1658	19857	1	110	84	1	19857780000
1659	19857	3	112	84	1	19857727000
1660	19858	2	111	84	1	19858575001
1661	19860	0	109	84	1	19860941000
1662	19861	5	110	85	1	19861543000
1663	19864	1	110	84	1	19864566001
1664	20123	13	110	87	0	20123958001
1665	20161	0	109	84	0	20161073001
1666	20163	1	110	84	0	20163420001
1667	20166	2	111	84	0	20166105001
1668	20167	1	110	84	1	20167968001
1669	20168	3	112	84	0	20168589000
1670	20171	2	111	84	1	20171420000
1671	20173	3	112	84	1	20173213000
1672	20240	3	112	84	0	20240862000
1673	21305	12	109	87	0	21305806000
1674	21306	8	109	86	0	21306746000
1675	21630	3	112	84	0	21630804000
1676	21805	11	112	86	0	21805739001
1677	22226	3	112	84	0	22226630000
1678	22243	11	112	86	0	22243882000
1679	22254	15	112	87	0	22254833000
1680	22267	15	112	87	1	22267978000
1681	22335	15	112	87	0	22335037000
1682	22355	8	109	86	0	22355149000
1683	22371	7	112	85	0	22371708000
1684	22382	2	111	84	0	22382090000
1685	22679	3	112	84	0	22679533000
1686	23497	3	112	84	0	23497708001
1687	23947	11	112	86	0	23947695001
1688	23947	15	112	87	0	23947014001
1689	23949	7	112	85	0	23949024001
1690	23949	11	112	86	0	23949789001
1691	23949	14	111	87	0	23949915000
1692	23949	15	112	87	0	23949536001
1693	23950	3	112	84	0	23950358001
1694	23950	10	111	86	0	23950816001
1695	23951	7	112	85	0	23951018000
1696	23951	14	111	87	0	23951973001
1697	23952	3	112	84	0	23952449001
1698	23952	11	112	86	0	23952125001
1699	23953	2	111	84	0	23953909001
1700	23953	6	111	85	0	23953050000
1701	23953	10	111	86	0	23953028001
1702	23953	13	110	87	0	23953241000
1703	23953	15	112	87	0	23953222001
1704	23954	7	112	85	0	23954650001
1705	23954	14	111	87	0	23954747000
1706	23955	3	112	84	0	23955061001
1707	23955	6	111	85	0	23955497001
1708	23955	9	110	86	0	23955347001
1709	23956	2	111	84	0	23956179000
1710	23956	5	110	85	0	23956915001
1711	23956	10	111	86	0	23956489000
1712	23956	13	110	87	0	23956130001
1713	23956	15	112	87	0	23956345000
1714	23957	9	110	86	0	23957642000
1715	23957	12	109	87	0	23957696000
1716	23958	6	111	85	0	23958782000
1717	23958	8	109	86	0	23958536001
1718	23958	11	112	86	0	23958226001
1719	23959	1	110	84	0	23959081000
1720	23959	2	111	84	0	23959120000
1721	23959	5	110	85	0	23959343000
1722	23959	12	109	87	0	23959904001
1723	23959	13	110	87	0	23959519000
1724	23960	9	110	86	0	23960944000
1725	23961	1	110	84	0	23961732000
1726	23961	4	109	85	0	23961595001
1727	23961	8	109	86	0	23961144000
1728	23962	5	110	85	0	23962321001
1729	23963	0	109	84	0	23963189000
1730	23963	8	109	86	0	23963752000
1731	23963	12	109	87	0	23963269000
1732	23964	1	110	84	0	23964732000
1733	23964	4	109	85	0	23964115000
1734	23965	0	109	84	0	23965609001
1735	23965	3	112	84	0	23965508000
1736	23968	4	109	85	0	23968980001
1737	23974	11	112	86	0	23974801000
1738	23984	3	112	84	1	23984952000
1739	23986	2	111	84	1	23986666000
1740	23987	1	110	84	1	23987982001
1741	23987	3	112	84	1	23987570000
1742	23988	6	111	85	1	23988530000
1743	23989	1	110	84	1	23989937000
1744	23989	5	110	85	1	23989740000
1745	23989	7	112	85	1	23989356001
1746	23990	0	109	84	1	23990568001
1747	23990	6	111	85	1	23990902000
1748	23991	4	109	85	1	23991355000
1749	23991	5	110	85	1	23991710000
1750	23991	7	112	85	1	23991876000
1751	23993	4	109	85	1	23993484001
1752	23993	8	109	86	1	23993902000
1753	23993	9	110	86	1	23993105000
1754	23993	10	111	86	1	23993868000
1755	23993	11	112	86	1	23993623000
1756	23995	0	109	84	1	23995331000
1757	23995	9	110	86	1	23995716001
1758	23996	10	111	86	1	23996525000
1759	23996	11	112	86	1	23996494000
1760	23997	8	109	86	1	23997089001
1761	23998	2	111	84	1	23998028000
1762	23998	13	110	87	1	23998885001
1763	23998	15	112	87	1	23998885001
1764	23999	12	109	87	1	23999076001
1765	23999	14	111	87	1	23999477000
1766	24000	6	111	85	1	24000127000
1767	24001	12	109	87	1	24001981001
1768	24001	13	110	87	1	24001548000
1769	24002	14	111	87	1	24002343001
1770	24002	15	112	87	1	24002042001
1771	24003	9	110	86	1	24003029000
1772	24006	15	112	87	1	24006189000
1773	24013	14	111	87	1	24013786001
1774	24037	12	109	87	1	24037446001
1775	24069	13	110	87	1	24069933000
1776	24083	15	112	87	1	24083902001
1777	24225	12	109	87	0	24225493000
1778	24226	8	109	86	0	24226448000
1779	24226	13	110	87	0	24226371000
1780	24227	4	109	85	0	24227943001
1781	24227	9	110	86	0	24227446001
1782	24227	14	111	87	0	24227735001
1783	24228	0	109	84	0	24228723001
1784	24228	5	110	85	0	24228753000
1785	24228	8	109	86	0	24228533000
1786	24228	10	111	86	0	24228782001
1787	24228	12	109	87	0	24228099000
1788	24228	13	110	87	0	24228842000
1789	24228	15	112	87	0	24228531001
1790	24229	1	110	84	0	24229686001
1791	24229	6	111	85	0	24229807001
1792	24229	9	110	86	0	24229665000
1793	24229	11	112	86	0	24229896001
1794	24229	14	111	87	0	24229592001
1795	24230	2	111	84	0	24230441000
1796	24230	5	110	85	0	24230948000
1797	24230	7	112	85	0	24230965000
1798	24230	10	111	86	0	24230806001
1799	24230	15	112	87	0	24230493001
1800	24231	0	109	84	0	24231642001
1801	24231	1	110	84	0	24231839001
1802	24231	3	112	84	0	24231903001
1803	24231	6	111	85	0	24231807001
1804	24232	2	111	84	0	24232629001
1805	24232	4	109	85	0	24232752000
1806	24232	11	112	86	0	24232109001
1807	24233	7	112	85	0	24233378001
1808	24234	3	112	84	0	24234324001
1809	24243	2	111	84	0	24243653001
1810	24250	9	110	86	0	24250523001
1811	24271	15	112	87	1	24271888000
1812	24277	13	110	87	1	24277775000
1813	24286	13	110	87	0	24286539000
1814	24286	15	112	87	0	24286148000
1815	24289	0	109	84	1	24289342000
1816	24290	4	109	85	1	24290395001
1817	24290	15	112	87	0	24290921000
1818	24291	1	110	84	1	24291855000
1819	24291	8	109	86	1	24291867001
1820	24292	0	109	84	1	24292836001
1821	24292	4	109	85	1	24292607001
1822	24293	1	110	84	1	24293966000
1823	24293	5	110	85	1	24293127000
1824	24293	12	109	87	1	24293044001
1825	24294	8	109	86	1	24294221000
1826	24294	9	110	86	1	24294553001
1827	24295	2	111	84	1	24295922000
1828	24295	5	110	85	1	24295372001
1829	24295	12	109	87	1	24295211001
1830	24296	6	111	85	1	24296906000
1831	24296	9	110	86	1	24296780000
1832	24296	13	110	87	1	24296207001
1833	24298	2	111	84	1	24298092000
1834	24298	3	112	84	1	24298487001
1835	24298	6	111	85	1	24298707000
1836	24298	10	111	86	1	24298025001
1837	24298	13	110	87	1	24298379000
1838	24299	7	112	85	1	24299806001
1839	24299	14	111	87	1	24299739001
1840	24300	3	112	84	1	24300751000
1841	24300	10	111	86	1	24300041000
1842	24301	11	112	86	1	24301256001
1843	24301	14	111	87	1	24301674000
1844	24301	15	112	87	1	24301674000
1845	24302	7	112	85	1	24302063000
1846	24303	1	110	84	1	24303042000
1847	24303	11	112	86	1	24303332000
1848	24303	15	112	87	1	24303701001
1849	24305	6	111	85	1	24305317001
1850	24311	15	112	87	1	24311915000
1851	24448	9	110	86	1	24448761000
1852	24474	3	112	84	0	24474488001
1853	24475	1	110	84	0	24475889001
1854	24475	2	111	84	0	24475259001
1855	24476	0	109	84	0	24476724000
1856	24476	3	112	84	0	24476762001
1857	24476	6	111	85	0	24476697001
1858	24476	7	112	85	0	24476119000
1859	24477	2	111	84	0	24477524001
1860	24477	5	110	85	0	24477604000
1861	24477	10	111	86	0	24477864001
1862	24477	11	112	86	0	24477194000
1863	24478	3	112	84	1	24478950000
1864	24478	4	109	85	0	24478276001
1865	24478	7	112	85	0	24478257000
1866	24478	9	110	86	0	24478545000
1867	24478	15	112	87	0	24478488000
1868	24479	0	109	84	1	24479000000
1869	24479	1	110	84	1	24479010001
1870	24479	2	111	84	1	24479367001
1871	24479	8	109	86	0	24479345001
1872	24479	11	112	86	0	24479565001
1873	24479	14	111	87	0	24479366000
1874	24480	4	109	85	1	24480734000
1875	24480	5	110	85	1	24480849000
1876	24480	7	112	85	1	24480860000
1877	24480	9	110	86	0	24480942000
1878	24480	10	111	86	0	24480296001
1879	24480	13	110	87	0	24480238000
1880	24480	15	112	87	0	24480657001
1881	24481	6	111	85	1	24481046000
1882	24481	12	109	87	0	24481113001
1883	24481	14	111	87	0	24481839001
1884	24482	8	109	86	1	24482875000
1885	24482	9	110	86	1	24482948001
1886	24482	10	111	86	1	24482594000
1887	24483	11	112	86	1	24483029001
1888	24484	12	109	87	1	24484914001
1889	24484	13	110	87	1	24484994001
1890	24484	14	111	87	1	24484695001
1891	24484	15	112	87	1	24484416001
1892	24486	7	112	85	1	24486168000
1893	24486	15	112	87	1	24486311001
1894	24488	14	111	87	1	24488734001
1895	24495	11	112	86	1	24495693001
1896	24505	15	112	87	0	24505049000
1897	24506	11	112	86	0	24506055001
1898	24507	14	111	87	0	24507965000
1899	24509	11	112	86	1	24509853000
1900	24509	15	112	87	1	24509957000
1901	24537	10	111	86	1	24537108001
1902	24644	15	112	87	0	24644849001
1903	24645	12	109	87	0	24645071001
1904	24645	13	110	87	0	24645056001
1905	24645	14	111	87	0	24645403001
1906	24646	8	109	86	0	24646360001
1907	24646	10	111	86	0	24646821001
1908	24646	11	112	86	0	24646674000
1909	24646	15	112	87	0	24646723001
1910	24647	9	110	86	0	24647110000
1911	24647	12	109	87	0	24647666001
1912	24647	14	111	87	0	24647922001
1913	24648	4	109	85	0	24648748000
1914	24648	8	109	86	0	24648543001
1915	24648	10	111	86	0	24648908000
1916	24648	11	112	86	0	24648496001
1917	24648	13	110	87	0	24648041000
1918	24649	5	110	85	0	24649030001
1919	24649	6	111	85	0	24649421001
1920	24649	7	112	85	0	24649092001
1921	24649	9	110	86	0	24649394001
1922	24650	0	109	84	0	24650800001
1923	24650	1	110	84	0	24650966000
1924	24650	2	111	84	0	24650852001
1925	24651	3	112	84	0	24651087000
1926	24651	4	109	85	0	24651384000
1927	24651	5	110	85	0	24651295000
1928	24651	7	112	85	0	24651103000
1929	24652	2	111	84	0	24652920001
1930	24652	6	111	85	0	24652077000
1931	24653	0	109	84	0	24653201001
1932	24653	1	110	84	1	24653190001
1933	24653	3	112	84	0	24653443001
1934	24653	15	112	87	1	24653164001
1935	24655	14	111	87	1	24655402001
1936	24656	11	112	86	1	24656751000
1937	24656	15	112	87	1	24656032001
1938	24658	7	112	85	1	24658545001
1939	24658	10	111	86	1	24658187000
1940	24659	11	112	86	1	24659126001
1941	24660	3	112	84	1	24660735001
1942	24660	14	111	87	0	24660167001
1943	24660	15	112	87	0	24660271001
1944	24661	10	111	86	0	24661529001
1945	24661	11	112	86	0	24661139000
1946	24662	15	112	87	0	24662779001
1947	24663	11	112	86	0	24663342000
1948	24664	3	112	84	0	24664587000
1949	24664	7	112	85	0	24664550000
1950	24665	12	109	87	1	24665178000
1951	24666	8	109	86	1	24666618000
1952	24666	13	110	87	1	24666412001
1953	24667	4	109	85	1	24667492001
1954	24667	9	110	86	1	24667278001
1955	24667	12	109	87	1	24667198000
1956	24667	14	111	87	1	24667640000
1957	24668	0	109	84	1	24668138000
1958	24668	5	110	85	1	24668309001
1959	24668	10	111	86	1	24668528001
1960	24668	15	112	87	1	24668304000
1961	24669	1	110	84	1	24669619000
1962	24669	6	111	85	1	24669625001
1963	24669	9	110	86	1	24669712000
1964	24669	11	112	86	1	24669792001
1965	24670	0	109	84	1	24670197001
1966	24670	2	111	84	1	24670673001
1967	24670	4	109	85	1	24670166001
1968	24670	5	110	85	1	24670166001
1969	24670	7	112	85	1	24670615000
1970	24670	15	112	87	1	24670221000
1971	24671	1	110	84	1	24671905001
1972	24671	3	112	84	1	24671690000
1973	24671	6	111	85	1	24671535000
1974	24671	13	110	87	1	24671766000
1975	24672	7	112	85	1	24672842001
1976	24672	10	111	86	1	24672479001
1977	24672	11	112	86	1	24672644000
1978	24673	2	111	84	1	24673305000
1979	24675	14	111	87	1	24675150001
1980	24951	2	111	84	0	24951695001
1981	24952	1	110	84	0	24952134001
1982	24954	7	112	85	0	24954650001
1983	24955	4	109	85	0	24955936001
1984	24955	5	110	85	0	24955138000
1985	24957	9	110	86	0	24957778000
1986	24957	11	112	86	0	24957140001
1987	24958	8	109	86	0	24958232001
1988	24959	15	112	87	0	24959903000
1989	25134	3	112	84	0	25134548001
1990	25134	7	112	85	0	25134582001
1991	25134	11	112	86	0	25134502000
1992	25134	15	112	87	0	25134377001
1993	25136	3	112	84	0	25136910000
1994	25136	10	111	86	0	25136470001
1995	25136	14	111	87	0	25136517000
1996	25137	2	111	84	0	25137062000
1997	25137	6	111	85	0	25137200000
1998	25137	7	112	85	0	25137004000
1999	25137	11	112	86	0	25137513000
2000	25139	2	111	84	0	25139044000
2001	25139	3	112	84	0	25139504001
2002	25139	6	111	85	0	25139840000
2003	25139	9	110	86	0	25139536000
2004	25139	10	111	86	0	25139181001
2005	25139	13	110	87	0	25139099001
2006	25140	1	110	84	0	25140331001
2007	25140	5	110	85	0	25140011001
2008	25140	14	111	87	0	25140100001
2009	25141	8	109	86	0	25141943000
2010	25141	12	109	87	0	25141648001
2011	25142	1	110	84	0	25142441000
2012	25142	4	109	85	0	25142801000
2013	25142	5	110	85	0	25142523000
2014	25142	9	110	86	0	25142201000
2015	25142	13	110	87	0	25142075000
2016	25143	0	109	84	0	25143225001
2017	25144	8	109	86	0	25144195001
2018	25144	12	109	87	0	25144422000
2019	25144	15	112	87	1	25144464000
2020	25145	0	109	84	0	25145825001
2021	25145	1	110	84	0	25145188000
2022	25145	4	109	85	0	25145763001
2023	25148	2	111	84	0	25148632000
2024	25149	8	109	86	0	25149611000
2025	25149	15	112	87	0	25149663001
2026	25153	11	112	86	0	25153439000
2027	25153	14	111	87	0	25153275001
2028	25154	15	112	87	0	25154187000
2029	25155	7	112	85	0	25155660000
2030	25155	10	111	86	0	25155019001
2031	25155	13	110	87	0	25155294000
2032	25157	14	111	87	0	25157848001
2033	25157	15	112	87	0	25157889000
2034	25168	11	112	86	0	25168493000
2035	25174	1	110	84	1	25174442000
2036	25174	2	111	84	1	25174505001
2037	25174	3	112	84	1	25174339001
2038	25175	0	109	84	1	25175958001
2039	25176	5	110	85	1	25176809000
2040	25176	7	112	85	1	25176541000
2041	25177	1	110	84	1	25177578000
2042	25177	4	109	85	1	25177296000
2043	25177	6	111	85	1	25177004001
2044	25178	3	112	84	1	25178400001
2045	25178	7	112	85	1	25178640001
2046	25179	2	111	84	1	25179534001
2047	25179	5	110	85	1	25179415000
2048	25179	6	111	85	1	25179113001
2049	25179	8	109	86	1	25179393000
2050	25179	9	110	86	1	25179681001
2051	25179	10	111	86	1	25179573000
2052	25179	11	112	86	1	25179573000
2053	25182	4	109	85	1	25182353000
2054	25182	8	109	86	1	25182253001
2055	25182	11	112	86	1	25182224000
2056	25182	12	109	87	1	25182146001
2057	25182	13	110	87	1	25182228001
2058	25182	14	111	87	1	25182286000
2059	25182	15	112	87	1	25182198000
2060	25183	9	110	86	1	25183193001
2061	25184	0	109	84	1	25184694001
2062	25184	15	112	87	1	25184647000
2063	25185	12	109	87	1	25185405001
2064	25185	13	110	87	1	25185764000
2065	25185	14	111	87	1	25185002000
2066	25187	10	111	86	1	25187070000
2067	25384	3	112	84	0	25384392000
2068	25418	8	109	86	0	25418646001
2069	25418	12	109	87	0	25418406000
2070	25419	0	109	84	0	25419987000
2071	25419	4	109	85	0	25419457001
2072	25419	13	110	87	0	25419686000
2073	25420	5	110	85	0	25420914001
2074	25420	8	109	86	0	25420828000
2075	25420	9	110	86	0	25420052000
2076	25421	1	110	84	0	25421129001
2077	25421	4	109	85	1	25421903001
2078	25421	10	111	86	0	25421648000
2079	25421	12	109	87	0	25421022001
2080	25421	14	111	87	0	25421338000
2081	25422	0	109	84	0	25422486000
2082	25422	2	111	84	0	25422705001
2083	25422	6	111	85	0	25422541001
2084	25422	9	110	86	0	25422836001
2085	25422	13	110	87	0	25422647000
2086	25422	15	112	87	0	25422783001
2087	25423	1	110	84	0	25423675001
2088	25423	5	110	85	0	25423302000
2089	25423	10	111	86	0	25423743001
2090	25423	11	112	86	0	25423066000
2091	25423	14	111	87	0	25423248001
2092	25424	2	111	84	0	25424768000
2093	25424	3	112	84	0	25424468000
2094	25424	7	112	85	0	25424116000
2095	25424	15	112	87	0	25424862000
2096	25425	6	111	85	0	25425045000
2097	25425	11	112	86	0	25425482001
2098	25426	3	112	84	0	25426674000
2099	25426	7	112	85	0	25426474000
2100	25429	3	112	84	0	25429762001
2101	25435	7	112	85	0	25435452000
2102	25445	11	112	86	0	25445604001
2103	25445	13	110	87	1	25445987001
2104	25446	12	109	87	1	25446201001
2105	25447	14	111	87	1	25447279001
2106	25447	15	112	87	1	25447183001
2107	25448	8	109	86	1	25448801001
2108	25448	9	110	86	1	25448427001
2109	25448	12	109	87	1	25448729000
2110	25448	13	110	87	1	25448856000
2111	25449	14	111	87	1	25449754000
2112	25450	10	111	86	1	25450215000
2113	25450	11	112	86	1	25450138001
2114	25450	15	112	87	1	25450099001
2115	25451	4	109	85	1	25451711001
2116	25451	8	109	86	1	25451649001
2117	25451	9	110	86	1	25451778000
2118	25452	5	110	85	1	25452135000
2119	25452	6	111	85	1	25452352000
2120	25452	7	112	85	1	25452956001
2121	25452	10	111	86	1	25452625000
2122	25452	11	112	86	1	25452745000
2123	25454	1	110	84	1	25454821001
2124	25454	4	109	85	1	25454541000
2125	25454	5	110	85	1	25454686001
2126	25455	0	109	84	1	25455031000
2127	25455	6	111	85	1	25455427000
2128	25455	7	112	85	1	25455792001
2129	25456	2	111	84	1	25456083000
2130	25456	3	112	84	1	25456271001
2131	25457	0	109	84	1	25457748001
2132	25457	1	110	84	1	25457762001
2133	25457	11	112	86	1	25457793001
2134	25458	2	111	84	1	25458717000
2135	25458	6	111	85	1	25458998001
2136	25458	9	110	86	1	25458532000
2137	25459	3	112	84	1	25459094001
2138	25459	5	110	85	1	25459180001
2139	25460	1	110	84	1	25460441001
2140	25460	7	112	85	1	25460517001
2141	25556	0	109	84	0	25556197000
2142	25556	1	110	84	0	25556014000
2143	25556	2	111	84	0	25556526000
2144	25556	3	112	84	0	25556607000
2145	25557	4	109	85	0	25557532001
2146	25557	5	110	85	0	25557349001
2147	25557	6	111	85	0	25557687001
2148	25557	7	112	85	0	25557769001
2149	25558	0	109	84	0	25558898000
2150	25558	1	110	84	0	25558208001
2151	25558	2	111	84	0	25558377000
2152	25558	8	109	86	0	25558473000
2153	25558	9	110	86	0	25558556001
2154	25558	10	111	86	0	25558795001
2155	25558	11	112	86	0	25558955000
2156	25559	3	112	84	0	25559849000
2157	25559	5	110	85	0	25559693001
2158	25560	4	109	85	1	25560526001
2159	25560	6	111	85	0	25560045001
2160	25560	7	112	85	0	25560240000
2161	25560	8	109	86	0	25560812000
2162	25560	9	110	86	0	25560796001
2163	25560	10	111	86	0	25560964000
2164	25560	11	112	86	0	25560846000
2165	25560	12	109	87	0	25560023001
2166	25560	13	110	87	0	25560112001
2167	25560	14	111	87	0	25560366001
2168	25560	15	112	87	0	25560297000
2169	25562	12	109	87	0	25562966001
2170	25562	13	110	87	0	25562563000
2171	25562	14	111	87	0	25562342001
2172	25562	15	112	87	0	25562413000
2173	25570	0	109	84	1	25570450001
2174	25570	1	110	84	1	25570487000
2175	25571	2	111	84	1	25571066001
2176	25571	3	112	84	1	25571330001
2177	25571	4	109	85	1	25571721001
2178	25571	5	110	85	1	25571849000
2179	25572	6	111	85	1	25572132001
2180	25572	7	112	85	1	25572559000
2181	25572	8	109	86	1	25572912001
2182	25573	9	110	86	1	25573037000
2183	25573	10	111	86	1	25573268000
2184	25573	11	112	86	1	25573880001
2185	25574	12	109	87	1	25574589001
2186	25574	13	110	87	1	25574316001
2187	25574	14	111	87	1	25574637001
2188	25574	15	112	87	1	25574963001
2189	25575	6	111	85	1	25575649000
2190	25575	8	109	86	0	25575347001
2191	25576	0	109	84	0	25576570001
2192	25576	4	109	85	0	25576014001
2193	25578	5	110	85	0	25578975000
2194	25578	8	109	86	0	25578531000
2195	25578	9	110	86	0	25578232000
2196	25578	12	109	87	0	25578590000
2197	25578	13	110	87	0	25578113001
2198	25579	4	109	85	0	25579322000
2199	25580	0	109	84	0	25580934000
2200	25580	1	110	84	0	25580061001
2201	25580	9	110	86	0	25580989001
2202	25581	5	110	85	0	25581481001
2203	25581	8	109	86	0	25581221000
2204	25581	13	110	87	0	25581405001
2205	25581	14	111	87	0	25581379000
2206	25582	6	111	85	0	25582239001
2207	25582	10	111	86	0	25582056001
2208	25583	1	110	84	0	25583371000
2209	25583	2	111	84	0	25583708001
2210	25583	9	110	86	0	25583910001
2211	25583	14	111	87	0	25583827000
2212	25584	5	110	85	0	25584619001
2213	25584	15	112	87	0	25584392001
2214	25585	0	109	84	1	25585767000
2215	25585	6	111	85	0	25585423000
2216	25585	11	112	86	0	25585475001
2217	25586	1	110	84	1	25586453000
2218	25586	7	112	85	0	25586810000
2219	25586	10	111	86	0	25586091001
2220	25586	14	111	87	0	25586920000
2221	25587	2	111	84	1	25587497000
2222	25587	4	109	85	1	25587294000
2223	25587	5	110	85	1	25587461000
2224	25587	15	112	87	0	25587465001
2225	25588	6	111	85	1	25588334001
2226	25588	8	109	86	1	25588307001
2227	25588	9	110	86	1	25588810001
2228	25588	11	112	86	0	25588081001
2229	25589	7	112	85	1	25589254000
2230	25589	10	111	86	1	25589388000
2231	25589	12	109	87	1	25589738000
2232	25590	11	112	86	1	25590337000
2233	25590	13	110	87	1	25590121001
2234	25590	14	111	87	1	25590768000
2235	25591	15	112	87	1	25591372000
2236	25593	5	110	85	1	25593718001
2237	25648	5	110	85	0	25648768000
2238	25656	5	110	85	1	25656745001
2239	26348	15	112	87	0	26348448000
2240	26350	11	112	86	0	26350499000
2241	26352	7	112	85	0	26352538001
2242	26354	3	112	84	0	26354172000
2243	26365	2	111	84	0	26365429000
2244	26365	5	110	85	0	26365339000
2245	26366	9	110	86	0	26366687000
2246	26474	3	112	84	0	26474982000
2247	26474	7	112	85	0	26474330001
2248	26475	6	111	85	0	26475888000
2249	26476	7	112	85	0	26476893000
2250	26476	11	112	86	0	26476431000
2251	26477	2	111	84	0	26477525000
2252	26477	3	112	84	0	26477369001
2253	26477	5	110	85	0	26477958001
2254	26477	10	111	86	0	26477244000
2255	26478	6	111	85	0	26478703001
2256	26478	9	110	86	0	26478827001
2257	26478	11	112	86	0	26478894000
2258	26479	1	110	84	0	26479389000
2259	26479	2	111	84	0	26479701000
2260	26479	4	109	85	0	26479747001
2261	26479	7	112	85	0	26479515000
2262	26479	8	109	86	0	26479572000
2263	26479	10	111	86	0	26479671001
2264	26479	15	112	87	0	26479049001
2265	26480	5	110	85	0	26480515000
2266	26480	14	111	87	0	26480135000
2267	26481	0	109	84	0	26481467001
2268	26481	1	110	84	0	26481635000
2269	26481	3	112	84	0	26481521001
2270	26481	9	110	86	0	26481605001
2271	26481	11	112	86	0	26481899000
2272	26481	13	110	87	0	26481277000
2273	26481	15	112	87	0	26481604000
2274	26482	4	109	85	0	26482161000
2275	26482	8	109	86	0	26482126001
2276	26482	10	111	86	0	26482381001
2277	26482	12	109	87	0	26482362001
2278	26482	14	111	87	0	26482628000
2279	26483	2	111	84	0	26483421000
2280	26483	6	111	85	0	26483792001
2281	26483	13	110	87	0	26483859001
2282	26484	0	109	84	0	26484039001
2283	26484	1	110	84	0	26484357001
2284	26484	8	109	86	0	26484642001
2285	26484	15	112	87	0	26484194001
2286	26485	12	109	87	0	26485056000
2287	26485	14	111	87	0	26485771000
2288	26486	9	110	86	0	26486592001
2289	26487	0	109	84	0	26487127001
2290	26487	13	110	87	0	26487503001
2291	26492	4	109	85	0	26492587000
2292	26511	3	112	84	1	26511320000
2293	26511	7	112	85	1	26511752001
2294	26511	11	112	86	1	26511773000
2295	26511	15	112	87	1	26511660000
2296	26512	2	111	84	1	26512653000
2297	26512	6	111	85	1	26512517001
2298	26512	10	111	86	1	26512633001
2299	26512	14	111	87	1	26512790001
2300	26513	1	110	84	1	26513623001
2301	26513	3	112	84	1	26513787001
2302	26513	5	110	85	1	26513931000
2303	26513	6	111	85	1	26513885001
2304	26513	9	110	86	1	26513932000
2305	26513	13	110	87	1	26513982000
2306	26513	15	112	87	1	26513991000
2307	26514	0	109	84	1	26514603001
2308	26514	4	109	85	1	26514773000
2309	26514	14	111	87	1	26514938001
2310	26515	1	110	84	1	26515153000
2311	26515	2	111	84	1	26515714001
2312	26515	8	109	86	1	26515305000
2313	26515	10	111	86	1	26515010001
2314	26515	12	109	87	1	26515267001
2315	26516	0	109	84	1	26516699001
2316	26516	4	109	85	1	26516631001
2317	26516	5	110	85	1	26516558001
2318	26516	7	112	85	1	26516357000
2319	26518	9	110	86	1	26518715000
2320	26518	13	110	87	1	26518855001
2321	26519	11	112	86	1	26519616000
2322	26878	8	109	86	0	26878304000
2323	26881	4	109	85	0	26881050001
2324	26881	12	109	87	0	26881306001
2325	26882	8	109	86	0	26882473000
2326	26883	0	109	84	0	26883969001
2327	26885	4	109	85	0	26885262000
2328	26888	0	109	84	0	26888272001
2329	26890	8	109	86	0	26890058001
2330	26896	8	109	86	1	26896940001
2331	26899	4	109	85	1	26899015000
2332	26900	12	109	87	1	26900735000
2333	26901	0	109	84	1	26901893001
2334	26910	4	109	85	1	26910939000
2335	26933	15	112	87	0	26933828000
2336	26934	14	111	87	0	26934916001
2337	26935	11	112	86	0	26935864001
2338	26935	13	110	87	0	26935594001
2339	26936	10	111	86	0	26936588001
2340	26936	12	109	87	0	26936524000
2341	26937	7	112	85	0	26937731000
2342	26937	9	110	86	0	26937259000
2343	26938	6	111	85	0	26938767000
2344	26939	3	112	84	0	26939394000
2345	26939	5	110	85	0	26939032000
2346	26940	2	111	84	0	26940278000
2347	26940	4	109	85	0	26940361001
2348	26941	1	110	84	0	26941065001
2349	26946	15	112	87	1	26946241001
2350	27228	8	109	86	0	27228620000
2351	27228	12	109	87	0	27228087001
2352	27228	13	110	87	0	27228823000
2353	27229	4	109	85	0	27229468000
2354	27229	9	110	86	0	27229600000
2355	27229	14	111	87	0	27229931001
2356	27230	0	109	84	0	27230342000
2357	27230	1	110	84	0	27230909000
2358	27230	5	110	85	0	27230506000
2359	27230	10	111	86	0	27230603001
2360	27230	12	109	87	0	27230908000
2361	27230	15	112	87	0	27230334000
2362	27231	2	111	84	0	27231890000
2363	27231	6	111	85	0	27231515001
2364	27231	8	109	86	0	27231034001
2365	27231	11	112	86	0	27231162000
2366	27231	13	110	87	0	27231365001
2367	27231	14	111	87	0	27231823000
2368	27232	1	110	84	0	27232883001
2369	27232	3	112	84	0	27232759001
2370	27232	5	110	85	0	27232906000
2371	27232	7	112	85	0	27232210001
2372	27232	9	110	86	0	27232063001
2373	27232	10	111	86	0	27232719001
2374	27232	15	112	87	0	27232600000
2375	27233	11	112	86	0	27233164001
2376	27234	2	111	84	0	27234058000
2377	27234	3	112	84	0	27234835001
2378	27234	6	111	85	0	27234954001
2379	27234	7	112	85	0	27234221000
2380	27236	14	111	87	0	27236781001
2381	27240	4	109	85	0	27240195000
2382	27241	0	109	84	0	27241124000
2383	27244	0	109	84	1	27244810001
2384	27245	4	109	85	1	27245374000
2385	27247	0	109	84	1	27247485000
2386	27247	8	109	86	1	27247811000
2387	27248	1	110	84	1	27248579000
2388	27248	4	109	85	1	27248053000
2389	27249	5	110	85	1	27249756000
2390	27249	12	109	87	1	27249512001
2391	27250	1	110	84	1	27250693000
2392	27250	8	109	86	1	27250184000
2393	27251	9	110	86	1	27251135000
2394	27252	4	109	85	1	27252980001
2395	27252	5	110	85	1	27252015000
2396	27252	12	109	87	1	27252045001
2397	27252	13	110	87	1	27252761000
2398	27253	2	111	84	1	27253214000
2399	27253	6	111	85	1	27253935000
2400	27253	9	110	86	1	27253746000
2401	27255	1	110	84	1	27255141001
2402	27255	2	111	84	1	27255863000
2403	27255	5	110	85	1	27255985001
2404	27255	10	111	86	1	27255894000
2405	27255	13	110	87	1	27255204000
2406	27256	3	112	84	1	27256879000
2407	27256	6	111	85	1	27256394000
2408	27257	14	111	87	1	27257403001
2409	27258	6	111	85	1	27258874000
2410	27258	7	112	85	1	27258425001
2411	27258	10	111	86	1	27258013000
2412	27259	3	112	84	1	27259242001
2413	27259	11	112	86	1	27259658001
2414	27259	14	111	87	1	27259664001
2415	27260	7	112	85	1	27260861000
2416	27260	15	112	87	1	27260478000
2417	27262	11	112	86	1	27262303001
2418	27263	9	110	86	1	27263451001
2419	27263	15	112	87	1	27263144000
2420	27266	15	112	87	1	27266572001
2421	27271	3	112	84	1	27271654000
2422	27271	14	111	87	1	27271513000
2423	27272	7	112	85	1	27272624001
2424	27272	11	112	86	1	27272479000
2425	27504	0	109	84	0	27504306000
2426	27504	1	110	84	0	27504317001
2427	27504	2	111	84	0	27504527001
2428	27504	3	112	84	0	27504548000
2429	27505	4	109	85	0	27505176000
2430	27505	5	110	85	0	27505382000
2431	27505	6	111	85	0	27505668000
2432	27505	7	112	85	0	27505712001
2433	27506	1	110	84	0	27506308000
2434	27506	2	111	84	0	27506624001
2435	27506	3	112	84	0	27506624001
2436	27506	8	109	86	0	27506127000
2437	27506	9	110	86	0	27506248000
2438	27506	10	111	86	0	27506515000
2439	27506	11	112	86	0	27506578000
2440	27507	5	110	85	0	27507854001
2441	27507	6	111	85	0	27507711001
2442	27507	7	112	85	0	27507881000
2443	27507	12	109	87	0	27507296001
2444	27507	13	110	87	0	27507482001
2445	27507	14	111	87	0	27507515000
2446	27507	15	112	87	0	27507565000
2447	27508	0	109	84	0	27508846000
2448	27508	9	110	86	0	27508905000
2449	27508	10	111	86	0	27508465001
2450	27508	11	112	86	0	27508662001
2451	27509	8	109	86	0	27509222001
2452	27509	14	111	87	0	27509492001
2453	27509	15	112	87	0	27509904000
2454	27510	12	109	87	0	27510498000
2455	27510	13	110	87	0	27510734000
2456	27511	4	109	85	0	27511561001
2457	27513	3	112	84	0	27513075001
2458	27515	0	109	84	1	27515877001
2459	27516	1	110	84	1	27516142001
2460	27516	2	111	84	1	27516588000
2461	27516	3	112	84	1	27516815001
2462	27516	4	109	85	1	27516801001
2463	27517	5	110	85	1	27517056001
2464	27517	6	111	85	1	27517397001
2465	27517	7	112	85	1	27517810000
2466	27517	8	109	86	1	27517956000
2467	27518	9	110	86	1	27518205001
2468	27518	10	111	86	1	27518455001
2469	27518	11	112	86	1	27518873000
2470	27518	12	109	87	1	27518834000
2471	27519	13	110	87	1	27519117001
2472	27519	14	111	87	1	27519545001
2473	27519	15	112	87	1	27519852000
2474	27544	6	111	85	1	27544367001
2475	27932	15	112	87	0	27932797001
2476	27934	11	112	86	0	27934204001
2477	27934	14	111	87	0	27934925000
2478	27934	15	112	87	0	27934694001
2479	27935	7	112	85	0	27935562000
2480	27936	3	112	84	0	27936390001
2481	27936	10	111	86	0	27936125000
2482	27936	11	112	86	0	27936050001
2483	27936	13	110	87	0	27936734001
2484	27937	6	111	85	0	27937674001
2485	27937	7	112	85	0	27937486000
2486	27937	9	110	86	0	27937858000
2487	27937	14	111	87	0	27937011000
2488	27938	2	111	84	0	27938374001
2489	27938	3	112	84	0	27938340001
2490	27938	10	111	86	0	27938329001
2491	27938	11	112	86	0	27938708000
2492	27938	12	109	87	0	27938619001
2493	27939	5	110	85	0	27939222001
2494	27939	6	111	85	0	27939767001
2495	27939	7	112	85	0	27939875001
2496	27939	8	109	86	0	27939347000
2497	27939	9	110	86	0	27939874001
2498	27939	13	110	87	0	27939408000
2499	27939	15	112	87	0	27939454000
2500	27940	1	110	84	0	27940324000
2501	27940	2	111	84	0	27940279001
2502	27940	3	112	84	0	27940886000
2503	27940	12	109	87	0	27940728000
2504	27941	4	109	85	0	27941300000
2505	27941	5	110	85	0	27941130001
2506	27941	8	109	86	0	27941339000
2507	27942	0	109	84	0	27942558000
2508	27942	1	110	84	0	27942406000
2509	27942	2	111	84	0	27942569000
2510	27943	4	109	85	0	27943705001
2511	27943	8	109	86	0	27943961001
2512	27944	0	109	84	0	27944993001
2513	27951	12	109	87	1	27951388001
2514	27951	13	110	87	1	27951245000
2515	27951	14	111	87	1	27951822000
2516	27951	15	112	87	1	27951499000
2517	27952	8	109	86	1	27952740000
2518	27952	9	110	86	1	27952863001
2519	27953	4	109	85	1	27953784000
2520	27953	10	111	86	1	27953161001
2521	27953	11	112	86	1	27953404000
2522	27953	12	109	87	1	27953526001
2523	27953	13	110	87	1	27953203001
2524	27953	14	111	87	1	27953735001
2525	27953	15	112	87	1	27953099001
2526	27954	5	110	85	1	27954169000
2527	27954	6	111	85	1	27954304001
2528	27954	7	112	85	1	27954483001
2529	27954	9	110	86	1	27954802001
2530	27955	0	109	84	1	27955495000
2531	27955	1	110	84	1	27955483001
2532	27955	2	111	84	1	27955736001
2533	27955	3	112	84	1	27955792001
2534	27955	4	109	85	1	27955528001
2535	27955	5	110	85	1	27955856000
2536	27955	6	111	85	1	27955705001
2537	27955	8	109	86	1	27955373001
2538	27955	10	111	86	1	27955320001
2539	27955	11	112	86	1	27955522001
2540	27956	7	112	85	1	27956156000
2541	27957	1	110	84	1	27957099000
2542	27957	2	111	84	1	27957580000
2543	27957	3	112	84	1	27957824001
2544	27958	0	109	84	1	27958973000
2545	28092	0	109	84	0	28092317001
2546	28093	8	109	86	0	28093815000
2547	28093	9	110	86	0	28093107001
2548	28094	5	110	85	0	28094233001
2549	28094	10	111	86	0	28094865000
2550	28094	11	112	86	0	28094364000
2551	28096	13	110	87	0	28096258000
2552	28096	15	112	87	0	28096395001
2553	28099	12	109	87	0	28099377000
2554	28147	3	112	84	0	28147509000
2555	28409	2	111	84	0	28409367001
2556	28409	3	112	84	0	28409374000
2557	28410	1	110	84	0	28410104000
2558	28412	7	112	85	0	28412570001
2559	28414	4	109	85	0	28414364000
2560	28415	11	112	86	0	28415123001
2561	28416	8	109	86	0	28416193000
2562	28419	13	110	87	0	28419842001
2563	28419	14	111	87	0	28419045000
2564	28490	0	109	84	0	28490258000
2565	28490	4	109	85	0	28490176000
2566	28490	8	109	86	0	28490227000
2567	28492	1	110	84	0	28492751000
2568	28492	5	110	85	0	28492271001
2569	28492	9	110	86	0	28492300000
2570	28493	4	109	85	1	28493214001
2571	28494	0	109	84	1	28494505001
2572	28494	2	111	84	0	28494939001
2573	28494	5	110	85	1	28494894001
2574	28494	6	111	85	0	28494966000
2575	28495	8	109	86	1	28495188000
2576	28496	1	110	84	1	28496317000
2577	28497	3	112	84	0	28497009000
2578	28497	6	111	85	1	28497173001
2579	28497	7	112	85	0	28497438001
2580	28498	2	111	84	1	28498217001
2581	28499	3	112	84	1	28499955000
2582	28504	7	112	85	1	28504185000
2583	28724	15	112	87	0	28724376000
2584	28727	11	112	86	0	28727662001
2585	28727	15	112	87	0	28727817001
2586	28729	7	112	85	0	28729995001
2587	28729	15	112	87	0	28729676000
2588	28730	11	112	86	0	28730636000
2589	28731	3	112	84	0	28731049000
2590	28731	14	111	87	0	28731048001
2591	28732	7	112	85	0	28732919001
2592	28732	10	111	86	0	28732857001
2593	28732	15	112	87	0	28732332000
2594	28733	11	112	86	0	28733374000
2595	28733	14	111	87	0	28733751000
2596	28734	3	112	84	0	28734298001
2597	28735	6	111	85	0	28735647000
2598	28735	7	112	85	0	28735379001
2599	28735	10	111	86	0	28735601001
2600	28735	11	112	86	0	28735968000
2601	28736	2	111	84	0	28736745000
2602	28736	3	112	84	0	28736795001
2603	28736	13	110	87	0	28736633000
2604	28736	14	111	87	0	28736552001
2605	28738	6	111	85	0	28738443001
2606	28738	7	112	85	0	28738907000
2607	28738	9	110	86	0	28738744000
2608	28738	10	111	86	0	28738385001
2609	28739	13	110	87	0	28739750001
2610	28740	2	111	84	0	28740070001
2611	28740	3	112	84	0	28740000001
2612	28740	5	110	85	0	28740977001
2613	28741	6	111	85	0	28741843001
2614	28741	9	110	86	0	28741739001
2615	28742	2	111	84	0	28742324001
2616	28742	8	109	86	0	28742053000
2617	28742	12	109	87	0	28742641000
2618	28743	1	110	84	0	28743405001
2619	28743	10	111	86	0	28743775000
2620	28744	5	110	85	0	28744235001
2621	28744	9	110	86	0	28744151001
2622	28745	2	111	84	0	28745791000
2623	28745	6	111	85	0	28745267000
2624	28745	8	109	86	0	28745862001
2625	28745	12	109	87	0	28745665001
2626	28745	15	112	87	1	28745497000
2627	28746	13	110	87	0	28746916000
2628	28747	1	110	84	0	28747009000
2629	28747	3	112	84	0	28747444001
2630	28747	4	109	85	0	28747276000
2631	28747	5	110	85	0	28747163001
2632	28748	8	109	86	0	28748514000
2633	28748	9	110	86	0	28748280001
2634	28749	14	111	87	1	28749903001
2635	28750	0	109	84	0	28750543001
2636	28750	1	110	84	0	28750189000
2637	28750	4	109	85	0	28750428000
2638	28751	5	110	85	0	28751042000
2639	28751	8	109	86	0	28751122001
2640	28753	0	109	84	0	28753987001
2641	28753	1	110	84	0	28753593001
2642	28754	4	109	85	0	28754136001
2643	28755	3	112	84	0	28755916000
2644	28757	0	109	84	0	28757741001
2645	28758	4	109	85	0	28758335001
2646	28758	15	112	87	1	28758993001
2647	28762	0	109	84	0	28762883001
2648	28778	15	112	87	0	28778660001
2649	28783	15	112	87	0	28783476000
2650	28784	8	109	86	0	28784997000
2651	28785	9	110	86	0	28785843000
2652	28786	14	111	87	0	28786405001
2653	28789	12	109	87	0	28789820000
2654	28790	13	110	87	0	28790233001
2655	28790	15	112	87	0	28790487000
2656	28795	15	112	87	0	28795975000
2657	28797	14	111	87	0	28797407000
2658	28799	12	109	87	0	28799881000
2659	28800	13	110	87	0	28800226001
2660	28801	15	112	87	0	28801541000
2661	28806	10	111	86	0	28806733001
2662	28807	12	109	87	0	28807678001
2663	28860	3	112	84	1	28860172000
2664	28861	7	112	85	1	28861571000
2665	28862	2	111	84	1	28862347000
2666	28862	3	112	84	1	28862283000
2667	28862	11	112	86	1	28862326001
2668	28862	15	112	87	1	28862963001
2669	28863	6	111	85	1	28863108000
2670	28863	7	112	85	1	28863545001
2671	28863	10	111	86	1	28863343001
2672	28864	1	110	84	1	28864194000
2673	28864	2	111	84	1	28864222000
2674	28864	11	112	86	1	28864303000
2675	28864	15	112	87	1	28864715001
2676	28865	5	110	85	1	28865047000
2677	28865	6	111	85	1	28865060000
2678	28865	10	111	86	1	28865690001
2679	28865	14	111	87	1	28865188001
2680	28866	0	109	84	1	28866401001
2681	28866	1	110	84	1	28866191001
2682	28866	5	110	85	1	28866918000
2683	28866	9	110	86	1	28866242000
2684	28867	4	109	85	1	28867243001
2685	28867	13	110	87	1	28867172001
2686	28867	14	111	87	1	28867139001
2687	28868	0	109	84	1	28868675001
2688	28868	8	109	86	1	28868615000
2689	28868	9	110	86	1	28868225001
2690	28869	4	109	85	1	28869588000
2691	28869	12	109	87	1	28869513000
2692	28869	13	110	87	1	28869395000
2693	28870	8	109	86	1	28870832000
2694	28871	12	109	87	1	28871846000
2695	28875	5	110	85	1	28875319000
2696	29494	8	109	86	0	29494489001
2697	29494	15	112	87	0	29494783000
2698	29495	11	112	86	0	29495771000
2699	29497	9	110	86	0	29497358000
2700	29498	2	111	84	0	29498217001
2701	29498	3	112	84	0	29498950001
2702	29498	7	112	85	0	29498721001
2703	30285	13	110	87	0	30285771000
2704	30286	14	111	87	0	30286658001
2705	30286	15	112	87	0	30286483000
2706	30287	8	109	86	0	30287151001
2707	30287	9	110	86	0	30287509000
2708	30288	11	112	86	0	30288695000
2709	30289	5	110	85	0	30289525000
2710	30290	7	112	85	0	30290627001
2711	30291	2	111	84	0	30291881001
2712	30292	3	112	84	0	30292323001
2713	30385	12	109	87	0	30385909000
2714	30386	4	109	85	0	30386829000
2715	30386	8	109	86	0	30386103000
2716	30386	13	110	87	0	30386793000
2717	30387	0	109	84	0	30387355000
2718	30387	5	110	85	0	30387869001
2719	30387	9	110	86	0	30387076001
2720	30387	14	111	87	0	30387662000
2721	30388	1	110	84	0	30388320000
2722	30388	4	109	85	0	30388958001
2723	30388	6	111	85	0	30388883000
2724	30388	8	109	86	0	30388240001
2725	30388	10	111	86	0	30388097001
2726	30388	12	109	87	0	30388563000
2727	30388	15	112	87	0	30388576001
2728	30389	2	111	84	0	30389260000
2729	30389	3	112	84	0	30389798000
2730	30389	7	112	85	0	30389740001
2731	30389	9	110	86	0	30389462001
2732	30389	11	112	86	0	30389069000
2733	30389	13	110	87	0	30389481001
2734	30389	14	111	87	0	30389583001
2735	30390	0	109	84	0	30390073001
2736	30390	1	110	84	0	30390297001
2737	30390	5	110	85	0	30390229000
2738	30390	6	111	85	0	30390997000
2739	30390	10	111	86	0	30390419001
2740	30390	15	112	87	0	30390466001
2741	30391	2	111	84	0	30391165001
2742	30391	3	112	84	0	30391863001
2743	30391	11	112	86	0	30391223001
2744	30392	7	112	85	0	30392319001
2745	30393	8	109	86	0	30393135001
2746	30394	2	111	84	0	30394166000
2747	30394	3	112	84	0	30394965000
2748	30399	11	112	86	0	30399255001
2749	30403	0	109	84	1	30403819000
2750	30404	4	109	85	1	30404996000
2751	30405	1	110	84	1	30405814000
2752	30406	0	109	84	1	30406966000
2753	30406	8	109	86	1	30406113000
2754	30407	1	110	84	1	30407565000
2755	30407	4	109	85	1	30407056000
2756	30407	5	110	85	1	30407069000
2757	30407	12	109	87	1	30407306000
2758	30408	2	111	84	1	30408359000
2759	30408	5	110	85	1	30408953001
2760	30408	8	109	86	1	30408859000
2761	30408	9	110	86	1	30408119000
2762	30409	6	111	85	1	30409672001
2763	30409	12	109	87	1	30409889000
2764	30409	13	110	87	1	30409523000
2765	30410	2	111	84	1	30410406001
2766	30410	3	112	84	1	30410456001
2767	30410	9	110	86	1	30410547001
2768	30410	10	111	86	1	30410338001
2769	30411	6	111	85	1	30411317000
2770	30411	7	112	85	1	30411713000
2771	30411	14	111	87	1	30411997000
2772	30412	3	112	84	1	30412634000
2773	30412	10	111	86	1	30412193001
2774	30412	11	112	86	1	30412708001
2775	30412	13	110	87	1	30412538000
2776	30413	7	112	85	1	30413732001
2777	30413	15	112	87	1	30413818000
2778	30414	11	112	86	1	30414914001
2779	30414	14	111	87	1	30414369001
2780	30415	15	112	87	1	30415757000
2781	30735	11	112	86	0	30735208000
2782	30741	7	112	85	0	30741278001
2783	30745	2	111	84	0	30745150001
2784	30745	3	112	84	0	30745350001
2785	30894	8	109	86	0	30894908001
2786	30894	12	109	87	0	30894714001
2787	30895	4	109	85	0	30895916000
2788	30896	0	109	84	0	30896539000
2789	30896	9	110	86	0	30896628000
2790	30896	13	110	87	0	30896118001
2791	30897	1	110	84	0	30897902001
2792	30897	5	110	85	0	30897266001
2793	30897	8	109	86	0	30897432001
2794	30897	12	109	87	0	30897286001
2795	30897	14	111	87	0	30897647000
2796	30898	0	109	84	0	30898945000
2797	30898	4	109	85	0	30898472000
2798	30898	10	111	86	0	30898227000
2799	30898	15	112	87	0	30898776000
2800	30899	2	111	84	0	30899522000
2801	30899	5	110	85	0	30899512001
2802	30899	6	111	85	0	30899098001
2803	30899	9	110	86	0	30899009000
2804	30899	11	112	86	0	30899892001
2805	30899	13	110	87	0	30899059001
2806	30899	14	111	87	0	30899753000
2807	30900	1	110	84	0	30900300001
2808	30900	7	112	85	0	30900568000
2809	30900	10	111	86	0	30900906000
2810	30900	15	112	87	0	30900824000
2811	30901	2	111	84	0	30901467001
2812	30901	3	112	84	0	30901134000
2813	30901	6	111	85	0	30901738001
2814	30902	0	109	84	1	30902780000
2815	30902	7	112	85	0	30902878001
2816	30902	11	112	86	0	30902120001
2817	30903	3	112	84	0	30903311001
2818	30903	4	109	85	1	30903838001
2819	30904	1	110	84	1	30904269000
2820	30905	3	112	84	0	30905588001
2821	30905	5	110	85	1	30905376000
2822	30905	8	109	86	1	30905236001
2823	30906	2	111	84	1	30906289001
2824	30906	4	109	85	1	30906745001
2825	30906	9	110	86	1	30906384001
2826	30906	12	109	87	1	30906479000
2827	30907	1	110	84	1	30907939000
2828	30907	3	112	84	1	30907676001
2829	30907	5	110	85	1	30907685001
2830	30907	6	111	85	1	30907005000
2831	30907	13	110	87	1	30907463000
2832	30908	6	111	85	1	30908787001
2833	30908	7	112	85	1	30908714001
2834	30908	10	111	86	1	30908250001
2835	30909	9	110	86	1	30909502001
2836	30909	11	112	86	1	30909580000
2837	30909	14	111	87	1	30909256000
2838	30910	0	109	84	1	30910076001
2839	30910	15	112	87	1	30910365000
2840	30911	13	110	87	1	30911110001
2841	30912	7	112	85	1	30912884000
2842	30912	14	111	87	1	30912556001
2843	30912	15	112	87	1	30912356001
2844	30913	11	112	86	1	30913699001
2845	30969	9	110	86	0	30969132001
2846	31536	8	109	86	0	31536693000
2847	31536	12	109	87	0	31536389000
2848	31537	4	109	85	0	31537655001
2849	31537	9	110	86	0	31537837001
2850	31537	13	110	87	0	31537182001
2851	31538	0	109	84	0	31538497000
2852	31538	5	110	85	0	31538534000
2853	31538	8	109	86	0	31538729001
2854	31538	10	111	86	0	31538986001
2855	31538	14	111	87	0	31538267000
2856	31538	15	112	87	0	31538994001
2857	31539	1	110	84	0	31539242001
2858	31539	6	111	85	0	31539854000
2859	31539	11	112	86	0	31539854000
2860	31539	12	109	87	0	31539027000
2861	31540	2	111	84	0	31540197000
2862	31540	3	112	84	0	31540922001
2863	31540	4	109	85	0	31540307000
2864	31540	7	112	85	0	31540669001
2865	31540	9	110	86	0	31540343000
2866	31540	13	110	87	0	31540085000
2867	31540	14	111	87	0	31540473000
2868	31541	0	109	84	0	31541477001
2869	31541	1	110	84	0	31541669000
2870	31541	5	110	85	0	31541058000
2871	31541	10	111	86	0	31541068001
2872	31541	11	112	86	0	31541753000
2873	31541	15	112	87	0	31541024000
2874	31542	2	111	84	0	31542108000
2875	31542	3	112	84	0	31542999001
2876	31542	6	111	85	0	31542118001
2877	31542	7	112	85	0	31542735001
2878	31555	14	111	87	0	31555663001
2879	31560	12	109	87	1	31560794001
2880	31560	13	110	87	1	31560524001
2881	31560	14	111	87	1	31560574001
2882	31560	15	112	87	1	31560397001
2883	31561	8	109	86	1	31561820000
2884	31561	9	110	86	1	31561397000
2885	31561	10	111	86	1	31561706001
2886	31561	11	112	86	1	31561811000
2887	31562	4	109	85	1	31562900000
2888	31562	5	110	85	1	31562864000
2889	31562	6	111	85	1	31562788000
2890	31562	7	112	85	1	31562950001
2891	31562	14	111	87	1	31562961001
2892	31562	15	112	87	1	31562196000
2893	31563	0	109	84	1	31563975000
2894	31563	3	112	84	1	31563747000
2895	31563	9	110	86	1	31563214001
2896	31563	13	110	87	1	31563784000
2897	31564	1	110	84	1	31564140001
2898	31564	2	111	84	1	31564215000
2899	31564	5	110	85	1	31564721000
2900	31564	6	111	85	1	31564172000
2901	31565	3	112	84	1	31565887001
2902	31565	4	109	85	1	31565154000
2903	31565	7	112	85	1	31565134001
2904	31565	10	111	86	1	31565038001
2905	31565	11	112	86	1	31565018001
2906	31566	0	109	84	1	31566446000
2907	31566	1	110	84	1	31566119001
2908	31566	2	111	84	1	31566662001
2909	31580	8	109	86	1	31580755001
2910	31581	3	112	84	0	31581445001
2911	31665	0	109	84	1	31665876000
2912	31665	1	110	84	1	31665811000
2913	31665	2	111	84	0	31665707000
2914	31665	3	112	84	0	31665538000
2915	31667	1	110	84	0	31667932001
2916	31667	2	111	84	0	31667671000
2917	31667	3	112	84	0	31667908000
2918	31667	4	109	85	0	31667240000
2919	31667	5	110	85	0	31667190000
2920	31667	6	111	85	0	31667240000
2921	31667	7	112	85	0	31667087001
2922	31668	0	109	84	0	31668867000
2923	31668	8	109	86	0	31668257000
2924	31668	9	110	86	0	31668504000
2925	31668	10	111	86	0	31668224001
2926	31668	11	112	86	0	31668244001
2927	31669	4	109	85	0	31669654001
2928	31669	5	110	85	0	31669477001
2929	31669	6	111	85	0	31669535001
2930	31669	7	112	85	0	31669269000
2931	31669	13	110	87	0	31669789001
2932	31669	14	111	87	1	31669866000
2933	31669	15	112	87	1	31669546000
2934	31670	8	109	86	0	31670465000
2935	31670	9	110	86	0	31670659001
2936	31670	10	111	86	0	31670217001
2937	31670	11	112	86	0	31670202001
2938	31670	12	109	87	0	31670253001
2939	31671	15	112	87	0	31671572000
2940	31672	2	111	84	0	31672272000
2941	31672	13	110	87	0	31672361001
2942	31672	14	111	87	0	31672022000
2943	31673	7	112	85	0	31673766001
2944	31673	12	109	87	0	31673125000
2945	31687	0	109	84	1	31687969001
2946	31688	4	109	85	1	31688674000
2947	31689	1	110	84	1	31689390001
2948	31690	5	110	85	1	31690379000
2949	31690	8	109	86	1	31690036000
2950	31691	0	109	84	1	31691005000
2951	31691	1	110	84	1	31691093001
2952	31691	2	111	84	1	31691342000
2953	31691	4	109	85	1	31691188001
2954	31691	9	110	86	1	31691212000
2955	31691	12	109	87	1	31691040001
2956	31692	5	110	85	1	31692347000
2957	31692	6	111	85	1	31692476000
2958	31692	13	110	87	1	31692673000
2959	31693	2	111	84	1	31693403001
2960	31693	3	112	84	1	31693143000
2961	31693	9	110	86	1	31693044001
2962	31693	10	111	86	1	31693646001
2963	31694	6	111	85	1	31694097000
2964	31694	7	112	85	1	31694400001
2965	31694	12	109	87	1	31694233000
2966	31694	13	110	87	1	31694958000
2967	31694	14	111	87	1	31694537000
2968	31695	3	112	84	1	31695583000
2969	31695	8	109	86	1	31695077000
2970	31695	10	111	86	1	31695877001
2971	31695	11	112	86	1	31695377001
2972	31696	7	112	85	1	31696416000
2973	31696	14	111	87	1	31696367001
2974	31696	15	112	87	1	31696484000
2975	31697	11	112	86	1	31697394001
2976	31698	15	112	87	1	31698274000
2977	31770	8	109	86	0	31770099001
2978	32036	15	112	87	0	32036720001
2979	32038	11	112	86	0	32038181001
2980	32039	15	112	87	0	32039031001
2981	32040	3	112	84	0	32040988000
2982	32041	7	112	85	0	32041610000
2983	32041	11	112	86	0	32041859001
2984	32041	15	112	87	0	32041243001
2985	32042	14	111	87	0	32042961000
2986	32043	15	112	87	0	32043862000
2987	32044	3	112	84	0	32044886000
2988	32044	7	112	85	0	32044493001
2989	32044	10	111	86	0	32044734000
2990	32044	11	112	86	0	32044190001
2991	32045	14	111	87	0	32045353000
2992	32046	7	112	85	0	32046904000
2993	32046	10	111	86	0	32046934000
2994	32046	11	112	86	0	32046899001
2995	32047	2	111	84	0	32047669000
2996	32047	3	112	84	0	32047292000
2997	32047	6	111	85	0	32047712000
2998	32047	13	110	87	0	32047277001
2999	32047	15	112	87	0	32047232001
3000	32048	14	111	87	0	32048385001
3001	32049	3	112	84	0	32049838001
3002	32049	9	110	86	0	32049089001
3003	32049	10	111	86	0	32049822000
3004	32049	13	110	87	0	32049905001
3005	32050	2	111	84	0	32050533001
3006	32050	6	111	85	0	32050073000
3007	32050	7	112	85	0	32050425000
3008	32050	12	109	87	0	32050938001
3009	32051	5	110	85	0	32051090001
3010	32051	9	110	86	0	32051620000
3011	32052	2	111	84	0	32052801001
3012	32052	8	109	86	0	32052644001
3013	32052	13	110	87	0	32052614000
3014	32053	1	110	84	0	32053495000
3015	32053	5	110	85	0	32053658000
3016	32053	6	111	85	0	32053123000
3017	32053	9	110	86	0	32053891000
3018	32053	12	109	87	0	32053623001
3019	32055	1	110	84	0	32055881000
3020	32055	2	111	84	0	32055614000
3021	32055	5	110	85	0	32055911001
3022	32055	8	109	86	0	32055101001
3023	32056	4	109	85	0	32056103000
3024	32057	0	109	84	0	32057945001
3025	32057	8	109	86	0	32057575000
3026	32057	12	109	87	0	32057084001
3027	32058	1	110	84	0	32058619000
3028	32058	4	109	85	0	32058606000
3029	32060	0	109	84	0	32060820000
3030	32061	3	112	84	1	32061507000
3031	32061	4	109	85	0	32061752000
3032	32062	5	110	85	0	32062611000
3033	32063	7	112	85	1	32063397001
3034	32064	0	109	84	0	32064440000
3035	32064	3	112	84	1	32064542001
3036	32065	2	111	84	1	32065711000
3037	32066	6	111	85	1	32066609000
3038	32066	7	112	85	1	32066376000
3039	32066	11	112	86	1	32066035000
3040	32067	15	112	87	1	32067082000
3041	32068	11	112	86	1	32068718000
3042	32069	2	111	84	1	32069136000
3043	32069	10	111	86	1	32069621000
3044	32069	15	112	87	1	32069828001
3045	32070	1	110	84	1	32070321000
3046	32070	6	111	85	1	32070024001
3047	32070	7	112	85	1	32070096000
3048	32071	3	112	84	1	32071812001
3049	32071	5	110	85	1	32071679001
3050	32071	14	111	87	1	32071243001
3051	32072	6	111	85	1	32072183001
3052	32072	10	111	86	1	32072636001
3053	32073	1	110	84	1	32073760000
3054	32073	9	110	86	1	32073983000
3055	32073	15	112	87	1	32073097000
3056	32074	0	109	84	1	32074140000
3057	32074	5	110	85	1	32074729000
3058	32074	13	110	87	1	32074227001
3059	32074	14	111	87	1	32074186000
3060	32075	4	109	85	1	32075722000
3061	32075	11	112	86	1	32075623000
3062	32076	9	110	86	1	32076827001
3063	32077	0	109	84	1	32077570001
3064	32077	8	109	86	1	32077899001
3065	32077	13	110	87	1	32077626001
3066	32078	5	110	85	1	32078155001
3067	32079	4	109	85	1	32079057000
3068	32079	12	109	87	1	32079416001
3069	32080	1	110	84	1	32080611000
3070	32080	8	109	86	1	32080962000
3071	32080	13	110	87	1	32080902001
3072	32082	9	110	86	1	32082061001
3073	32082	12	109	87	1	32082287001
3074	32082	14	111	87	1	32082959001
3075	32083	4	109	85	1	32083388000
3076	32085	0	109	84	1	32085343001
3077	32113	12	109	87	1	32113708001
3078	32696	3	112	84	0	32696544001
3079	32727	0	109	84	0	32727825001
3080	32727	4	109	85	0	32727651001
3081	32727	8	109	86	0	32727219000
3082	32727	12	109	87	0	32727173001
3083	32728	1	110	84	0	32728733000
3084	32728	5	110	85	0	32728485000
3085	32728	9	110	86	0	32728282000
3086	32728	13	110	87	0	32728116000
3087	32728	14	111	87	0	32728980000
3088	32729	2	111	84	0	32729709000
3089	32729	6	111	85	0	32729698000
3090	32729	8	109	86	0	32729266001
3091	32729	10	111	86	0	32729344000
3092	32729	15	112	87	0	32729800000
3093	32730	0	109	84	0	32730324001
3094	32730	1	110	84	0	32730861000
3095	32730	3	112	84	0	32730739000
3096	32730	4	109	85	0	32730175001
3097	32730	5	110	85	0	32730463001
3098	32730	7	112	85	0	32730539000
3099	32730	9	110	86	0	32730361001
3100	32730	11	112	86	0	32730161001
3101	32730	12	109	87	0	32730003001
3102	32730	13	110	87	0	32730565000
3103	32731	2	111	84	0	32731569001
3104	32731	10	111	86	0	32731377001
3105	32731	14	111	87	0	32731367000
3106	32731	15	112	87	0	32731660000
3107	32732	3	112	84	0	32732724000
3108	32732	6	111	85	0	32732472001
3109	32732	7	112	85	0	32732590001
3110	32732	11	112	86	0	32732126001
3111	32746	12	109	87	1	32746606000
3112	32747	13	110	87	1	32747201000
3113	32747	14	111	87	1	32747830001
3114	32747	15	112	87	1	32747742001
3115	32748	8	109	86	1	32748816000
3116	32748	12	109	87	1	32748665001
3117	32749	9	110	86	1	32749055000
3118	32749	10	111	86	1	32749941000
3119	32749	13	110	87	1	32749172001
3120	32749	14	111	87	1	32749644001
3121	32749	15	112	87	1	32749939000
3122	32750	4	109	85	1	32750599001
3123	32750	8	109	86	1	32750958000
3124	32750	11	112	86	1	32750577000
3125	32751	5	110	85	1	32751398001
3126	32751	6	111	85	1	32751905001
3127	32751	9	110	86	1	32751054001
3128	32751	10	111	86	1	32751831001
3129	32752	0	109	84	1	32752837000
3130	32752	1	110	84	1	32752771001
3131	32752	4	109	85	1	32752613001
3132	32752	7	112	85	1	32752581000
3133	32752	11	112	86	1	32752467001
3134	32753	2	111	84	1	32753727000
3135	32753	5	110	85	1	32753320001
3136	32753	6	111	85	1	32753766000
3137	32754	3	112	84	1	32754495000
3138	32754	7	112	85	1	32754628001
3139	32755	0	109	84	1	32755137000
3140	32755	1	110	84	1	32755196000
3141	32756	2	111	84	1	32756074000
3142	32756	3	112	84	1	32756801001
3143	33084	4	109	85	0	33084821000
3144	33084	8	109	86	0	33084375001
3145	33084	12	109	87	0	33084639001
3146	33085	0	109	84	0	33085175000
3147	33085	9	110	86	0	33085982001
3148	33085	13	110	87	0	33085837000
3149	33086	1	110	84	0	33086412001
3150	33086	5	110	85	0	33086152000
3151	33086	8	109	86	0	33086650000
3152	33087	0	109	84	0	33087732001
3153	33087	2	111	84	0	33087670001
3154	33087	4	109	85	0	33087230000
3155	33087	6	111	85	0	33087917000
3156	33087	10	111	86	0	33087408001
3157	33087	12	109	87	0	33087280000
3158	33087	14	111	87	0	33087335001
3159	33088	1	110	84	0	33088685000
3160	33088	5	110	85	0	33088326001
3161	33088	9	110	86	0	33088326001
3162	33088	11	112	86	0	33088649001
3163	33088	13	110	87	0	33088391001
3164	33088	15	112	87	0	33088616001
3165	33089	3	112	84	0	33089034000
3166	33089	7	112	85	0	33089039000
3167	33089	10	111	86	0	33089492000
3168	33089	14	111	87	0	33089475000
3169	33090	2	111	84	0	33090045001
3170	33090	6	111	85	0	33090598000
3171	33090	11	112	86	0	33090618000
3172	33090	15	112	87	0	33090584000
3173	33091	3	112	84	0	33091129001
3174	33091	7	112	85	0	33091476000
3175	33095	13	110	87	0	33095142001
3176	33121	12	109	87	1	33121764000
3177	33122	0	109	84	1	33122317001
3178	33122	13	110	87	1	33122270000
3179	33124	1	110	84	1	33124142000
3180	33124	4	109	85	1	33124158001
3181	33124	14	111	87	1	33124092000
3182	33125	0	109	84	1	33125154001
3183	33125	8	109	86	1	33125804001
3184	33125	15	112	87	1	33125411000
3185	33126	1	110	84	1	33126108001
3186	33126	2	111	84	1	33126694001
3187	33126	4	109	85	1	33126232001
3188	33126	5	110	85	1	33126128001
3189	33126	12	109	87	1	33126668001
3190	33126	13	110	87	1	33126475000
3191	33127	3	112	84	1	33127937001
3192	33127	5	110	85	1	33127917001
3193	33127	9	110	86	1	33127213000
3194	33127	14	111	87	1	33127947000
3195	33128	2	111	84	1	33128872001
3196	33128	6	111	85	1	33128568001
3197	33128	8	109	86	1	33128277000
3198	33129	9	110	86	1	33129466001
3199	33130	3	112	84	1	33130163001
3200	33130	6	111	85	1	33130325000
3201	33130	7	112	85	1	33130691000
3202	33130	10	111	86	1	33130131000
3203	33130	13	110	87	1	33130211001
3204	33130	15	112	87	1	33130751001
3205	33131	12	109	87	1	33131541000
3206	33132	7	112	85	1	33132787001
3207	33132	10	111	86	1	33132372001
3208	33132	11	112	86	1	33132011000
3209	33132	14	111	87	1	33132694001
3210	33134	11	112	86	1	33134391001
3211	33135	15	112	87	1	33135524001
3212	33136	14	111	87	1	33136802001
3213	33144	13	110	87	1	33144667000
3214	33253	5	110	85	1	33253880001
3215	33399	5	110	85	0	33399605001
3216	33465	8	109	86	0	33465953000
3217	33465	12	109	87	0	33465892001
3218	33466	4	109	85	0	33466739000
3219	33467	0	109	84	0	33467008000
3220	33467	9	110	86	0	33467755000
3221	33467	13	110	87	0	33467172000
3222	33468	1	110	84	0	33468510001
3223	33468	5	110	85	0	33468248001
3224	33468	8	109	86	0	33468502001
3225	33468	12	109	87	0	33468591001
3226	33468	14	111	87	0	33468615000
3227	33469	2	111	84	0	33469993001
3228	33469	4	109	85	1	33469509001
3229	33469	6	111	85	0	33469892001
3230	33469	10	111	86	0	33469106001
3231	33469	13	110	87	0	33469664001
3232	33470	0	109	84	1	33470202001
3233	33470	5	110	85	1	33470717001
3234	33470	8	109	86	1	33470619000
3235	33470	9	110	86	0	33470361000
3236	33470	11	112	86	0	33470593001
3237	33470	14	111	87	0	33470831000
3238	33470	15	112	87	0	33470259000
3239	33471	1	110	84	1	33471028000
3240	33471	3	112	84	0	33471317000
3241	33471	6	111	85	1	33471964000
3242	33471	7	112	85	0	33471059001
3243	33471	10	111	86	0	33471523000
3244	33471	12	109	87	1	33471538001
3245	33472	9	110	86	1	33472218000
3246	33472	11	112	86	0	33472993001
3247	33472	13	110	87	1	33472428001
3248	33472	15	112	87	0	33472233001
3249	33473	2	111	84	1	33473588000
3250	33473	7	112	85	1	33473550001
3251	33473	10	111	86	1	33473197000
3252	33473	14	111	87	1	33473841000
3253	33474	11	112	86	1	33474670001
3254	33474	15	112	87	1	33474534000
3255	33476	15	112	87	1	33476488001
3256	33478	14	111	87	1	33478360001
3257	34019	15	112	87	0	34019829001
3258	34020	11	112	86	0	34020435000
3259	34021	14	111	87	0	34021497001
3260	34022	7	112	85	0	34022009000
3261	34025	3	112	84	0	34025052001
3262	34078	2	111	84	0	34078568000
3263	34079	1	110	84	0	34079646001
3264	34080	5	110	85	0	34080983001
3265	34084	8	109	86	0	34084175001
3266	34109	3	112	84	0	34109503001
3267	34110	7	112	85	0	34110907000
3268	34111	2	111	84	0	34111625001
3269	34111	3	112	84	0	34111925000
3270	34111	6	111	85	0	34111222000
3271	34112	5	110	85	0	34112809000
3272	34112	9	110	86	0	34112948001
3273	34112	10	111	86	0	34112388001
3274	34112	11	112	86	0	34112197001
3275	34113	2	111	84	0	34113908001
3276	34113	6	111	85	0	34113770001
3277	34113	7	112	85	0	34113026000
3278	34113	8	109	86	0	34113713000
3279	34113	15	112	87	0	34113793001
3280	34114	10	111	86	0	34114565000
3281	34114	11	112	86	0	34114394000
3282	34114	12	109	87	0	34114895000
3283	34114	13	110	87	0	34114492000
3284	34114	14	111	87	0	34114336001
3285	34115	1	110	84	0	34115384000
3286	34115	4	109	85	0	34115024000
3287	34115	5	110	85	0	34115300000
3288	34115	8	109	86	0	34115946001
3289	34115	9	110	86	0	34115362000
3290	34116	13	110	87	0	34116971000
3291	34116	14	111	87	0	34116368001
3292	34116	15	112	87	0	34116165001
3293	34117	0	109	84	0	34117855000
3294	34117	1	110	84	0	34117993000
3295	34117	2	111	84	0	34117596000
3296	34117	4	109	85	0	34117726000
3297	34117	12	109	87	0	34117486000
3298	34120	0	109	84	0	34120559000
3299	34120	5	110	85	0	34120714000
3300	34120	8	109	86	0	34120646001
3301	34121	1	110	84	0	34121780001
3302	34121	4	109	85	0	34121026001
3303	34124	0	109	84	0	34124099001
3304	34124	3	112	84	0	34124018000
3305	34124	11	112	86	0	34124155001
3306	34139	3	112	84	1	34139832000
3307	34140	7	112	85	1	34140414000
3308	34140	11	112	86	1	34140266000
3309	34140	15	112	87	1	34140795000
3310	34141	2	111	84	1	34141086001
3311	34141	6	111	85	1	34141222000
3312	34141	10	111	86	1	34141493000
3313	34141	14	111	87	1	34141718000
3314	34142	1	110	84	1	34142248001
3315	34142	5	110	85	1	34142113001
3316	34142	6	111	85	1	34142949001
3317	34142	9	110	86	1	34142422001
3318	34142	11	112	86	1	34142286000
3319	34142	13	110	87	1	34142841000
3320	34143	0	109	84	1	34143219001
3321	34143	4	109	85	1	34143358000
3322	34143	8	109	86	1	34143679000
3323	34144	5	110	85	1	34144051000
3324	34144	12	109	87	1	34144074001
3325	34144	14	111	87	1	34144608000
3326	34145	9	110	86	1	34145337000
3327	34148	3	112	84	1	34148999001
3328	34150	15	112	87	1	34150606001
3329	34172	1	110	84	1	34172775001
3330	34333	3	112	84	0	34333722001
3331	34335	2	111	84	0	34335367000
3332	34336	1	110	84	0	34336239000
3333	34337	0	109	84	0	34337527001
3334	34344	0	109	84	0	34344142000
3335	34344	1	110	84	0	34344538000
3336	34344	2	111	84	0	34344677000
3337	34345	3	112	84	0	34345261001
3338	34346	2	111	84	0	34346988001
3339	34347	4	109	85	0	34347963000
3340	34347	5	110	85	0	34347711001
3341	34348	0	109	84	0	34348474001
3342	34348	1	110	84	0	34348075001
3343	34348	3	112	84	0	34348373001
3344	34348	6	111	85	0	34348430001
3345	34348	7	112	85	0	34348983000
3346	34350	2	111	84	0	34350750000
3347	34350	4	109	85	0	34350747000
3348	34350	5	110	85	0	34350178000
3349	34350	9	110	86	0	34350997000
3350	34351	1	110	84	0	34351455001
3351	34351	3	112	84	0	34351614000
3352	34351	6	111	85	0	34351229001
3353	34351	7	112	85	0	34351465000
3354	34351	8	109	86	0	34351045000
3355	34351	10	111	86	0	34351535000
3356	34351	11	112	86	0	34351204001
3357	34353	5	110	85	0	34353173000
3358	34353	9	110	86	0	34353792000
3359	34353	11	112	86	0	34353419001
3360	34353	14	111	87	0	34353929001
3361	34353	15	112	87	0	34353885000
3362	34354	4	109	85	0	34354287000
3363	34354	6	111	85	0	34354341000
3364	34354	7	112	85	0	34354567001
3365	34354	8	109	86	0	34354150000
3366	34354	10	111	86	0	34354103001
3367	34354	12	109	87	0	34354339001
3368	34354	13	110	87	0	34354270000
3369	34356	2	111	84	0	34356213001
3370	34356	8	109	86	0	34356437000
3371	34356	10	111	86	0	34356982001
3372	34356	11	112	86	0	34356295001
3373	34356	14	111	87	0	34356441001
3374	34356	15	112	87	0	34356246000
3375	34357	0	109	84	0	34357074000
3376	34357	9	110	86	0	34357553001
3377	34357	12	109	87	0	34357540000
3378	34357	13	110	87	0	34357064001
3379	34358	15	112	87	0	34358856001
3380	34359	14	111	87	0	34359921000
3381	34361	10	111	86	0	34361703000
3382	34374	3	112	84	1	34374615000
3383	34374	7	112	85	1	34374839001
3384	34375	2	111	84	1	34375801001
3385	34375	11	112	86	1	34375861001
3386	34376	3	112	84	1	34376888001
3387	34376	6	111	85	1	34376544001
3388	34376	7	112	85	1	34376730001
3389	34376	10	111	86	1	34376888001
3390	34376	15	112	87	1	34376048000
3391	34377	1	110	84	1	34377798000
3392	34377	2	111	84	1	34377633001
3393	34377	6	111	85	1	34377983001
3394	34377	11	112	86	1	34377960001
3395	34377	14	111	87	1	34377704001
3396	34377	15	112	87	1	34377872001
3397	34378	5	110	85	1	34378167000
3398	34378	9	110	86	1	34378538000
3399	34378	10	111	86	1	34378773001
3400	34379	0	109	84	1	34379619000
3401	34379	1	110	84	1	34379627000
3402	34379	4	109	85	1	34379821000
3403	34379	13	110	87	1	34379322001
3404	34379	14	111	87	1	34379440001
3405	34380	5	110	85	1	34380021000
3406	34380	8	109	86	1	34380461000
3407	34380	9	110	86	1	34380446000
3408	34381	0	109	84	1	34381928001
3409	34381	4	109	85	1	34381750001
3410	34381	12	109	87	1	34381332001
3411	34381	13	110	87	1	34381303001
3412	34382	8	109	86	1	34382504000
3413	34383	12	109	87	1	34383685000
3414	34499	8	109	86	0	34499289000
3415	34499	12	109	87	0	34499047000
3416	34500	0	109	84	0	34500607001
3417	34500	4	109	85	0	34500068000
3418	34500	13	110	87	0	34500608000
3419	34501	5	110	85	0	34501815001
3420	34501	8	109	86	0	34501584001
3421	34501	9	110	86	0	34501035001
3422	34502	1	110	84	0	34502162000
3423	34502	4	109	85	0	34502891000
3424	34502	10	111	86	0	34502779001
3425	34502	12	109	87	0	34502101001
3426	34502	14	111	87	0	34502461001
3427	34503	2	111	84	0	34503907000
3428	34503	6	111	85	0	34503769000
3429	34503	9	110	86	0	34503336000
3430	34503	13	110	87	0	34503254000
3431	34503	15	112	87	0	34503732000
3432	34504	1	110	84	0	34504262000
3433	34504	5	110	85	0	34504313001
3434	34504	11	112	86	0	34504302001
3435	34504	14	111	87	0	34504723000
3436	34505	0	109	84	1	34505112000
3437	34505	2	111	84	0	34505772001
3438	34505	3	112	84	0	34505274000
3439	34505	4	109	85	1	34505946001
3440	34505	7	112	85	0	34505066000
3441	34505	10	111	86	0	34505231001
3442	34506	1	110	84	1	34506508001
3443	34506	6	111	85	0	34506387001
3444	34506	11	112	86	0	34506139000
3445	34506	15	112	87	0	34506140001
3446	34507	3	112	84	0	34507639000
3447	34507	5	110	85	1	34507603001
3448	34507	7	112	85	0	34507197000
3449	34507	8	109	86	1	34507591000
3450	34508	2	111	84	1	34508651001
3451	34508	9	110	86	1	34508833001
3452	34508	12	109	87	1	34508983001
3453	34509	4	109	85	1	34509721000
3454	34509	5	110	85	1	34509764000
3455	34509	6	111	85	1	34509923001
3456	34510	3	112	84	1	34510653000
3457	34510	9	110	86	1	34510853000
3458	34510	13	110	87	1	34510615001
3459	34510	15	112	87	0	34510800001
3460	34511	6	111	85	1	34511959000
3461	34511	7	112	85	1	34511698001
3462	34511	10	111	86	1	34511321001
3463	34512	1	110	84	1	34512225001
3464	34512	12	109	87	1	34512819001
3465	34512	14	111	87	1	34512819001
3466	34513	7	112	85	1	34513787001
3467	34513	11	112	86	1	34513491001
3468	34513	13	110	87	1	34513238001
3469	34514	2	111	84	1	34514328000
3470	34514	15	112	87	1	34514019000
3471	34515	8	109	86	1	34515070001
3472	34515	10	111	86	1	34515777000
3473	34515	15	112	87	1	34515825000
3474	34516	14	111	87	1	34516185000
3475	34517	3	112	84	1	34517926001
3476	34517	11	112	86	1	34517133001
3477	34577	11	112	86	0	34577007001
3478	34577	15	112	87	0	34577003000
3479	34578	3	112	84	0	34578507001
3480	34578	7	112	85	0	34578318001
3481	34578	11	112	86	0	34578984000
3482	34578	14	111	87	0	34578621000
3483	34578	15	112	87	0	34578942000
3484	34579	2	111	84	0	34579942001
3485	34579	10	111	86	0	34579209000
3486	34580	3	112	84	0	34580614000
3487	34580	6	111	85	0	34580198001
3488	34580	7	112	85	0	34580601001
3489	34580	13	110	87	0	34580966001
3490	34580	14	111	87	0	34580615001
3491	34581	2	111	84	0	34581768001
3492	34581	9	110	86	0	34581634001
3493	34581	10	111	86	0	34581134000
3494	34582	1	110	84	0	34582622001
3495	34582	5	110	85	0	34582212000
3496	34582	6	111	85	0	34582435001
3497	34582	8	109	86	0	34582786000
3498	34582	12	109	87	0	34582717001
3499	34583	4	109	85	0	34583974000
3500	34583	13	110	87	0	34583268001
3501	34584	0	109	84	0	34584949001
3502	34584	1	110	84	0	34584892001
3503	34584	5	110	85	0	34584233000
3504	34584	8	109	86	0	34584923001
3505	34584	9	110	86	0	34584027000
3506	34584	11	112	86	0	34584912001
3507	34584	12	109	87	0	34584980001
3508	34585	2	111	84	0	34585245001
3509	34586	4	109	85	0	34586480001
3510	34587	0	109	84	0	34587912001
3511	34592	8	109	86	0	34592305001
3512	34612	3	112	84	1	34612743001
3513	34613	2	111	84	1	34613869001
3514	34613	7	112	85	1	34613612001
3515	34614	6	111	85	1	34614308001
3516	34614	11	112	86	1	34614205000
3517	34615	1	110	84	1	34615207000
3518	34615	2	111	84	1	34615753000
3519	34615	3	112	84	1	34615661001
3520	34615	5	110	85	1	34615903001
3521	34615	6	111	85	1	34615811001
3522	34615	7	112	85	1	34615701001
3523	34615	10	111	86	1	34615209000
3524	34615	15	112	87	1	34615026000
3525	34616	0	109	84	1	34616606000
3526	34616	9	110	86	1	34616853000
3527	34616	10	111	86	1	34616883001
3528	34616	11	112	86	1	34616177001
3529	34616	14	111	87	1	34616294001
3530	34616	15	112	87	1	34616963000
3531	34617	1	110	84	1	34617013000
3532	34617	4	109	85	1	34617105001
3533	34617	5	110	85	1	34617526000
3534	34617	8	109	86	1	34617888001
3535	34617	13	110	87	1	34617479001
3536	34618	12	109	87	1	34618855001
3537	34618	14	111	87	1	34618238000
3538	34619	4	109	85	1	34619119000
3539	34619	9	110	86	1	34619468000
3540	34620	8	109	86	1	34620554000
3541	34620	13	110	87	1	34620027001
3542	34622	12	109	87	1	34622382001
3543	34627	0	109	84	1	34627810001
3544	34665	11	112	86	0	34665985000
3545	34666	15	112	87	0	34666428001
3546	34795	13	110	87	0	34795033001
3547	34795	14	111	87	0	34795787000
3548	34796	15	112	87	0	34796745001
3549	34797	11	112	86	0	34797481000
3550	34797	14	111	87	1	34797777001
3551	34799	15	112	87	1	34799173001
3552	34804	11	112	86	1	34804016000
3553	35121	12	109	87	0	35121193000
3554	35122	14	111	87	0	35122654000
3555	35123	8	109	86	0	35123166000
3556	35124	9	110	86	0	35124393000
3557	35125	10	111	86	0	35125127000
3558	35125	11	112	86	0	35125512001
3559	35126	5	110	85	0	35126996000
3560	35128	7	112	85	0	35128254000
3561	35129	1	110	84	0	35129689000
3562	35129	2	111	84	0	35129813000
3563	35130	3	112	84	0	35130393000
3564	35218	8	109	86	0	35218893001
3565	35218	12	109	87	0	35218689000
3566	35219	0	109	84	0	35219375000
3567	35219	4	109	85	0	35219147000
3568	35219	5	110	85	0	35219937001
3569	35219	9	110	86	0	35219592000
3570	35219	13	110	87	0	35219234000
3571	35219	14	111	87	0	35219964000
3572	35220	1	110	84	0	35220042000
3573	35220	2	111	84	0	35220890000
3574	35220	6	111	85	0	35220619000
3575	35220	10	111	86	0	35220178000
3576	35220	15	112	87	0	35220481000
3577	35221	3	112	84	0	35221556000
3578	35221	7	112	85	0	35221391000
3579	35221	11	112	86	0	35221050000
3580	35223	1	110	84	0	35223906000
3581	35223	4	109	85	0	35223857001
3582	35223	14	111	87	0	35223641001
3583	35223	15	112	87	0	35223144000
3584	35224	2	111	84	0	35224212001
3585	35225	8	109	86	0	35225350000
3586	35225	9	110	86	0	35225449000
3587	35229	11	112	86	0	35229883001
3588	35231	7	112	85	0	35231632000
3589	35232	1	110	84	0	35232288000
3590	35233	5	110	85	0	35233181001
3591	35234	12	109	87	1	35234992000
3592	35234	13	110	87	1	35234914001
3593	35234	14	111	87	1	35234874000
3594	35235	8	109	86	1	35235760000
3595	35235	9	110	86	1	35235721000
3596	35235	15	112	87	1	35235062000
3597	35236	4	109	85	1	35236966001
3598	35236	5	110	85	1	35236945000
3599	35236	10	111	86	1	35236225000
3600	35236	11	112	86	1	35236194000
3601	35236	14	111	87	1	35236644000
3602	35236	15	112	87	1	35236965000
3603	35237	6	111	85	1	35237403001
3604	35237	7	112	85	1	35237369001
3605	35237	9	110	86	1	35237516000
3606	35238	0	109	84	1	35238373001
3607	35238	1	110	84	1	35238102000
3608	35238	2	111	84	1	35238452001
3609	35238	3	112	84	1	35238775000
3610	35238	5	110	85	1	35238551001
3611	35238	8	109	86	1	35238373001
3612	35238	11	112	86	1	35238125001
3613	35239	1	110	84	1	35239774000
3614	35239	4	109	85	1	35239222000
3615	35239	6	111	85	1	35239248001
3616	35239	7	112	85	1	35239150001
3617	35240	2	111	84	1	35240255000
3618	35846	3	112	84	0	35846364001
3619	36002	15	112	87	0	36002819001
3620	36003	7	112	85	0	36003892001
3621	36003	11	112	86	0	36003144000
3622	36004	3	112	84	0	36004493001
3623	36004	11	112	86	0	36004981001
3624	36004	15	112	87	0	36004608000
3625	36005	7	112	85	0	36005834000
3626	36005	10	111	86	0	36005862001
3627	36005	14	111	87	0	36005500000
3628	36006	2	111	84	0	36006638001
3629	36006	3	112	84	0	36006527000
3630	36006	6	111	85	0	36006589000
3631	36007	9	110	86	0	36007908001
3632	36007	10	111	86	0	36007836000
3633	36007	11	112	86	0	36007073000
3634	36007	13	110	87	0	36007855000
3635	36007	14	111	87	0	36007514001
3636	36007	15	112	87	0	36007055001
3637	36008	2	111	84	0	36008645001
3638	36008	5	110	85	0	36008896000
3639	36008	6	111	85	0	36008509001
3640	36008	7	112	85	0	36008997001
3641	36009	1	110	84	0	36009614000
3642	36010	5	110	85	0	36010899001
3643	36010	8	109	86	0	36010319001
3644	36010	9	110	86	0	36010034000
3645	36010	12	109	87	0	36010361001
3646	36010	13	110	87	0	36010406001
3647	36011	1	110	84	0	36011569001
3648	36011	2	111	84	0	36011274000
3649	36011	4	109	85	0	36011499001
3650	36012	0	109	84	0	36012401000
3651	36012	8	109	86	0	36012360001
3652	36012	9	110	86	0	36012546001
3653	36012	12	109	87	0	36012642000
3654	36014	4	109	85	0	36014208001
3655	36014	5	110	85	0	36014464001
3656	36015	0	109	84	0	36015072001
3657	36015	8	109	86	0	36015119000
3658	36031	3	112	84	1	36031379001
3659	36032	2	111	84	1	36032935001
3660	36032	7	112	85	1	36032700000
3661	36033	3	112	84	1	36033831000
3662	36033	11	112	86	1	36033673000
3663	36034	1	110	84	1	36034960000
3664	36034	2	111	84	1	36034841000
3665	36034	6	111	85	1	36034100001
3666	36034	7	112	85	1	36034522001
3667	36034	10	111	86	1	36034990001
3668	36034	15	112	87	1	36034614000
3669	36035	5	110	85	1	36035922000
3670	36035	6	111	85	1	36035761001
3671	36035	11	112	86	1	36035644000
3672	36036	0	109	84	1	36036004000
3673	36036	1	110	84	1	36036772000
3674	36036	9	110	86	1	36036564000
3675	36036	10	111	86	1	36036889001
3676	36036	14	111	87	1	36036488000
3677	36036	15	112	87	1	36036453001
3678	36037	4	109	85	1	36037166000
3679	36037	5	110	85	1	36037644000
3680	36037	13	110	87	1	36037865001
3681	36038	0	109	84	1	36038087000
3682	36038	8	109	86	1	36038538001
3683	36038	9	110	86	1	36038436000
3684	36038	14	111	87	1	36038344001
3685	36039	4	109	85	1	36039108000
3686	36039	12	109	87	1	36039678001
3687	36040	8	109	86	1	36040746000
3688	36040	13	110	87	1	36040105000
3689	36041	12	109	87	1	36041724001
3690	36161	8	109	86	0	36161690000
3691	36161	12	109	87	0	36161754001
3692	36162	0	109	84	0	36162740000
3693	36162	4	109	85	0	36162315000
3694	36162	13	110	87	0	36162686001
3695	36163	1	110	84	0	36163565000
3696	36163	5	110	85	0	36163288001
3697	36163	9	110	86	0	36163138001
3698	36163	14	111	87	0	36163944001
3699	36164	2	111	84	0	36164624001
3700	36164	6	111	85	0	36164708000
3701	36164	8	109	86	0	36164044000
3702	36164	10	111	86	0	36164044000
3703	36164	15	112	87	0	36164822001
3704	36165	0	109	84	0	36165484000
3705	36165	1	110	84	0	36165636000
3706	36165	3	112	84	0	36165807001
3707	36165	4	109	85	0	36165479000
3708	36165	5	110	85	0	36165511001
3709	36165	7	112	85	0	36165657001
3710	36165	11	112	86	0	36165256000
3711	36165	12	109	87	0	36165053000
3712	36165	13	110	87	0	36165884000
3713	36165	14	111	87	0	36165910001
3714	36166	2	111	84	0	36166636000
3715	36166	6	111	85	0	36166784000
3716	36166	10	111	86	0	36166273001
3717	36167	7	112	85	0	36167590000
3718	36167	11	112	86	0	36167706001
3719	36167	15	112	87	0	36167027000
3720	36168	3	112	84	0	36168210001
3721	36171	9	110	86	0	36171076000
3722	36176	1	110	84	0	36176950000
3723	36176	14	111	87	0	36176421000
3724	36181	8	109	86	0	36181801000
3725	36184	15	112	87	0	36184745000
3726	36191	0	109	84	1	36191582000
3727	36192	4	109	85	1	36192858001
3728	36193	1	110	84	1	36193453000
3729	36194	0	109	84	1	36194261000
3730	36194	8	109	86	1	36194430000
3731	36195	1	110	84	1	36195771001
3732	36195	4	109	85	1	36195242001
3733	36195	5	110	85	1	36195732000
3734	36195	12	109	87	1	36195965001
3735	36196	8	109	86	1	36196753001
3736	36196	9	110	86	1	36196504000
3737	36196	15	112	87	1	36196666001
3738	36197	13	110	87	1	36197431001
3739	36197	14	111	87	1	36197943001
3740	36198	2	111	84	1	36198197001
3741	36198	5	110	85	1	36198170000
3742	36198	12	109	87	1	36198455001
3743	36199	1	110	84	1	36199070000
3744	36199	6	111	85	1	36199805000
3745	36199	9	110	86	1	36199030001
3746	36199	15	112	87	1	36199985000
3747	36200	10	111	86	1	36200234001
3748	36200	13	110	87	1	36200140000
3749	36200	14	111	87	1	36200939000
3750	36201	2	111	84	1	36201030001
3751	36201	3	112	84	1	36201877001
3752	36201	6	111	85	1	36201949000
3753	36201	11	112	86	1	36201076001
3754	36202	9	110	86	1	36202088001
3755	36202	15	112	87	1	36202405000
3756	36203	7	112	85	1	36203174000
3757	36203	10	111	86	1	36203342000
3758	36204	3	112	84	1	36204830001
3759	36204	6	111	85	1	36204148001
3760	36204	11	112	86	1	36204135001
3761	36204	14	111	87	1	36204554001
3762	36205	13	110	87	1	36205045000
3763	36206	7	112	85	1	36206487001
3764	36207	11	112	86	1	36207966000
3765	36210	7	112	85	1	36210279000
3766	36211	3	112	84	1	36211035001
3767	36233	3	112	84	0	36233103000
3768	36235	2	111	84	0	36235206000
3769	36236	3	112	84	0	36236348000
3770	36238	1	110	84	0	36238173001
3771	36238	2	111	84	0	36238163000
3772	36239	5	110	85	0	36239313001
3773	36240	1	110	84	1	36240977001
3774	36240	3	112	84	0	36240809000
3775	36240	6	111	85	0	36240320000
3776	36240	7	112	85	0	36240922000
3777	36241	0	109	84	0	36241324000
3778	36241	4	109	85	0	36241236001
3779	36242	2	111	84	0	36242267000
3780	36242	5	110	85	0	36242543000
3781	36242	8	109	86	0	36242579000
3782	36243	6	111	85	0	36243887001
3783	36243	7	112	85	0	36243644001
3784	36243	9	110	86	0	36243013000
3785	36244	0	109	84	1	36244549000
3786	36244	1	110	84	0	36244494001
3787	36244	3	112	84	0	36244169000
3788	36244	4	109	85	0	36244550001
3789	36245	8	109	86	0	36245388000
3790	36245	9	110	86	0	36245733001
3791	36245	10	111	86	0	36245468001
3792	36245	11	112	86	0	36245617001
3793	36246	3	112	84	0	36246682000
3794	36246	5	110	85	0	36246935001
3795	36246	7	112	85	0	36246954001
3796	36247	2	111	84	0	36247455001
3797	36247	6	111	85	0	36247456000
3798	36247	10	111	86	0	36247980000
3799	36247	11	112	86	0	36247955000
3800	36247	12	109	87	0	36247441001
3801	36247	13	110	87	0	36247941000
3802	36248	8	109	86	0	36248312000
3803	36248	14	111	87	0	36248620001
3804	36249	7	112	85	0	36249907000
3805	36249	9	110	86	0	36249503000
3806	36249	15	112	87	0	36249653001
3807	36250	11	112	86	0	36250472001
3808	36250	12	109	87	0	36250601001
3809	36250	13	110	87	0	36250711001
3810	36251	8	109	86	0	36251666000
3811	36251	10	111	86	0	36251112000
3812	36251	14	111	87	0	36251020000
3813	36251	15	112	87	0	36251698000
3814	36252	4	109	85	0	36252483000
3815	36252	11	112	86	0	36252962001
3816	36253	12	109	87	0	36253739001
3817	36254	13	110	87	0	36254204001
3818	36254	14	111	87	0	36254149000
3819	36254	15	112	87	0	36254255001
3820	36258	3	112	84	0	36258702000
3821	36263	5	110	85	0	36263876001
3822	36284	3	112	84	1	36284027001
3823	36285	7	112	85	1	36285421000
3824	36286	2	111	84	1	36286132001
3825	36286	3	112	84	1	36286239001
3826	36286	11	112	86	1	36286772000
3827	36287	1	110	84	1	36287454001
3828	36287	6	111	85	1	36287180000
3829	36287	7	112	85	1	36287294001
3830	36287	15	112	87	1	36287715000
3831	36288	2	111	84	1	36288152001
3832	36288	5	110	85	1	36288026001
3833	36288	6	111	85	1	36288694000
3834	36288	10	111	86	1	36288166000
3835	36288	11	112	86	1	36288766001
3836	36289	0	109	84	1	36289157001
3837	36289	1	110	84	1	36289288000
3838	36289	14	111	87	1	36289589000
3839	36289	15	112	87	1	36289450001
3840	36290	4	109	85	1	36290308001
3841	36290	5	110	85	1	36290235001
3842	36290	9	110	86	1	36290289001
3843	36290	10	111	86	1	36290178000
3844	36291	0	109	84	1	36291362000
3845	36291	13	110	87	1	36291183001
3846	36291	14	111	87	1	36291476001
3847	36292	4	109	85	1	36292405001
3848	36292	8	109	86	1	36292079001
3849	36292	9	110	86	1	36292305000
3850	36293	12	109	87	1	36293375000
3851	36293	13	110	87	1	36293344000
3852	36294	8	109	86	1	36294221000
3853	36295	12	109	87	1	36295570000
3854	36299	5	110	85	1	36299948001
3855	36457	15	112	87	0	36457335001
3856	36458	11	112	86	0	36458375001
3857	36459	3	112	84	0	36459640000
3858	36459	7	112	85	0	36459504001
3859	36459	14	111	87	0	36459513001
3860	36459	15	112	87	0	36459369001
3861	36460	10	111	86	0	36460594001
3862	36460	11	112	86	0	36460517001
3863	36461	3	112	84	0	36461638001
3864	36461	6	111	85	0	36461832001
3865	36461	7	112	85	0	36461558001
3866	36461	13	110	87	0	36461477001
3867	36461	14	111	87	0	36461531001
3868	36462	2	111	84	0	36462247000
3869	36462	9	110	86	0	36462761001
3870	36462	10	111	86	0	36462628001
3871	36463	5	110	85	0	36463254000
3872	36463	11	112	86	0	36463000001
3873	36463	12	109	87	0	36463185001
3874	36463	13	110	87	0	36463958000
3875	36464	1	110	84	0	36464799000
3876	36464	2	111	84	0	36464178000
3877	36464	3	112	84	0	36464567001
3878	36464	6	111	85	0	36464052001
3879	36464	8	109	86	0	36464058001
3880	36464	9	110	86	0	36464889000
3881	36465	4	109	85	0	36465955001
3882	36465	5	110	85	0	36465304001
3883	36465	12	109	87	0	36465557000
3884	36466	0	109	84	0	36466943001
3885	36466	8	109	86	0	36466116000
3886	36467	1	110	84	0	36467115000
3887	36467	2	111	84	0	36467083001
3888	36468	4	109	85	0	36468489000
3889	36469	0	109	84	0	36469463000
3890	36471	5	110	85	0	36471547001
3891	36485	3	112	84	1	36485791000
3892	36486	7	112	85	1	36486819000
3893	36487	2	111	84	1	36487324001
3894	36487	6	111	85	1	36487693000
3895	36487	11	112	86	1	36487014001
3896	36487	15	112	87	1	36487449000
3897	36488	1	110	84	1	36488590001
3898	36488	3	112	84	1	36488179001
3899	36488	5	110	85	1	36488802000
3900	36488	10	111	86	1	36488314001
3901	36488	11	112	86	1	36488932000
3902	36488	14	111	87	1	36488724000
3903	36489	0	109	84	1	36489785000
3904	36489	6	111	85	1	36489245000
3905	36489	9	110	86	1	36489627000
3906	36489	13	110	87	1	36489919001
3907	36489	15	112	87	1	36489611001
3908	36490	1	110	84	1	36490349001
3909	36490	2	111	84	1	36490891000
3910	36490	4	109	85	1	36490272000
3911	36490	5	110	85	1	36490426000
3912	36490	8	109	86	1	36490941000
3913	36490	14	111	87	1	36490401000
3914	36491	7	112	85	1	36491098001
3915	36491	10	111	86	1	36491973001
3916	36491	12	109	87	1	36491681000
3917	36491	13	110	87	1	36491880001
3918	36492	0	109	84	1	36492504001
3919	36492	4	109	85	1	36492173001
3920	36492	9	110	86	1	36492127001
3921	36493	8	109	86	1	36493670001
3922	36494	12	109	87	1	36494445000
3923	36653	8	109	86	0	36653543000
3924	36653	12	109	87	0	36653473000
3925	36654	0	109	84	0	36654437001
3926	36654	4	109	85	0	36654126000
3927	36654	5	110	85	0	36654952001
3928	36654	9	110	86	0	36654548000
3929	36654	13	110	87	0	36654241000
3930	36655	1	110	84	0	36655190000
3931	36655	6	111	85	0	36655949000
3932	36655	8	109	86	0	36655686001
3933	36655	10	111	86	0	36655300000
3934	36655	14	111	87	0	36655170000
3935	36655	15	112	87	0	36655899000
3936	36656	2	111	84	0	36656035001
3937	36656	3	112	84	0	36656824000
3938	36656	5	110	85	0	36656985000
3939	36656	7	112	85	0	36656682001
3940	36656	11	112	86	0	36656201001
3941	36656	12	109	87	0	36656406000
3942	36657	0	109	84	0	36657176000
3943	36657	2	111	84	0	36657875000
3944	36657	4	109	85	0	36657746001
3945	36657	14	111	87	0	36657293001
3946	36657	15	112	87	0	36657969001
3947	36658	10	111	86	0	36658018000
3948	36659	1	110	84	0	36659365001
3949	36659	3	112	84	0	36659252001
3950	36659	11	112	86	0	36659559001
3951	36660	7	112	85	0	36660132000
3952	36661	6	111	85	1	36661677000
3953	36661	12	109	87	1	36661890000
3954	36662	0	109	84	0	36662452001
3955	36662	13	110	87	1	36662561001
3956	36662	14	111	87	1	36662991000
3957	36662	15	112	87	1	36662194000
3958	36663	8	109	86	1	36663488001
3959	36663	9	110	86	1	36663935001
3960	36663	10	111	86	1	36663650000
3961	36664	2	111	84	0	36664640000
3962	36664	11	112	86	1	36664178000
3963	36664	12	109	87	1	36664114000
3964	36664	13	110	87	1	36664680000
3965	36664	14	111	87	1	36664828000
3966	36664	15	112	87	1	36664680000
3967	36666	4	109	85	1	36666853001
3968	36666	5	110	85	1	36666376000
3969	36666	6	111	85	1	36666708000
3970	36666	7	112	85	1	36666905000
3971	36666	8	109	86	1	36666455000
3972	36666	9	110	86	1	36666353001
3973	36666	10	111	86	1	36666333001
3974	36666	11	112	86	1	36666794001
3975	36668	1	110	84	1	36668334001
3976	36669	2	111	84	1	36669423001
3977	36669	3	112	84	1	36669954000
3978	36669	4	109	85	1	36669634001
3979	36669	5	110	85	1	36669498000
3980	36669	6	111	85	1	36669106000
3981	36670	0	109	84	1	36670556000
3982	36670	7	112	85	1	36670034001
3983	36671	1	110	84	1	36671963000
3984	36671	6	111	85	1	36671364000
3985	36673	2	111	84	1	36673372001
3986	36673	3	112	84	1	36673909001
3987	36674	0	109	84	1	36674068000
3988	36674	1	110	84	1	36674783000
3989	36674	5	110	85	1	36674258001
3990	36675	7	112	85	1	36675840001
3991	36676	2	111	84	1	36676896000
3992	36677	3	112	84	1	36677728001
3993	36678	0	109	84	1	36678090000
3994	36693	1	110	84	1	36693293000
3995	36813	15	112	87	0	36813828001
3996	36815	11	112	86	0	36815775001
3997	36815	14	111	87	0	36815959000
3998	36815	15	112	87	0	36815884000
3999	36816	7	112	85	0	36816457000
4000	36817	3	112	84	0	36817679000
4001	36817	10	111	86	0	36817751001
4002	36817	11	112	86	0	36817804001
4003	36818	7	112	85	0	36818742001
4004	36818	13	110	87	0	36818287000
4005	36818	14	111	87	0	36818080001
4006	36819	3	112	84	0	36819633001
4007	36819	6	111	85	0	36819119001
4008	36819	9	110	86	0	36819685000
4009	36819	10	111	86	0	36819769001
4010	36820	2	111	84	0	36820036001
4011	36820	5	110	85	0	36820529001
4012	36820	12	109	87	0	36820153000
4013	36820	13	110	87	0	36820515001
4014	36820	15	112	87	0	36820287001
4015	36821	2	111	84	0	36821864000
4016	36821	6	111	85	0	36821556001
4017	36821	8	109	86	0	36821638000
4018	36822	1	110	84	0	36822051001
4019	36822	5	110	85	0	36822826000
4020	36822	7	112	85	0	36822287001
4021	36822	9	110	86	0	36822023001
4022	36822	12	109	87	0	36822620001
4023	36823	4	109	85	0	36823313000
4024	36823	8	109	86	0	36823786000
4025	36824	0	109	84	0	36824485001
4026	36824	1	110	84	0	36824317001
4027	36826	0	109	84	0	36826610001
4028	36826	4	109	85	0	36826025001
4029	36831	8	109	86	0	36831288001
4030	36839	3	112	84	1	36839042000
4031	36839	7	112	85	1	36839502001
4032	36840	2	111	84	1	36840436000
4033	36840	6	111	85	1	36840637001
4034	36840	10	111	86	1	36840883000
4035	36840	11	112	86	1	36840059001
4036	36840	15	112	87	1	36840569001
4037	36841	1	110	84	1	36841447001
4038	36841	7	112	85	1	36841445000
4039	36841	14	111	87	1	36841934001
4040	36842	5	110	85	1	36842252001
4041	36842	6	111	85	1	36842154001
4042	36842	9	110	86	1	36842603000
4043	36842	10	111	86	1	36842683001
4044	36842	11	112	86	1	36842491001
4045	36842	13	110	87	1	36842973001
4046	36842	15	112	87	1	36842808000
4047	36843	0	109	84	1	36843035001
4048	36843	1	110	84	1	36843076001
4049	36843	2	111	84	1	36843626001
4050	36843	3	112	84	1	36843185000
4051	36843	4	109	85	1	36843081000
4052	36844	4	109	85	1	36844915001
4053	36844	5	110	85	1	36844097000
4054	36844	8	109	86	1	36844126001
4055	36844	12	109	87	1	36844609000
4056	36845	9	110	86	1	36845221001
4057	36845	13	110	87	1	36845271001
4058	36845	14	111	87	1	36845084000
4059	36848	12	109	87	1	36848220000
4060	36852	8	109	86	1	36852820001
4061	36899	0	109	84	1	36899680001
4062	36946	12	109	87	0	36946956000
4063	36947	8	109	86	0	36947137000
4064	36947	13	110	87	0	36947891000
4065	36948	0	109	84	0	36948720001
4066	36948	4	109	85	0	36948245000
4067	36948	9	110	86	0	36948435001
4068	36948	14	111	87	0	36948884000
4069	36949	1	110	84	0	36949606001
4070	36949	5	110	85	0	36949183000
4071	36949	8	109	86	0	36949413000
4072	36949	10	111	86	0	36949442000
4073	36949	12	109	87	0	36949742001
4074	36949	15	112	87	0	36949676001
4075	36950	2	111	84	0	36950626000
4076	36950	6	111	85	0	36950388001
4077	36950	11	112	86	0	36950440001
4078	36950	13	110	87	0	36950563001
4079	36951	0	109	84	0	36951224001
4080	36951	1	110	84	0	36951682000
4081	36951	3	112	84	0	36951616001
4082	36951	5	110	85	0	36951375000
4083	36951	7	112	85	0	36951152001
4084	36951	9	110	86	0	36951033001
4085	36951	10	111	86	0	36951606000
4086	36951	14	111	87	0	36951214000
4087	36951	15	112	87	0	36951456001
4088	36952	2	111	84	0	36952376001
4089	36952	4	109	85	0	36952085001
4090	36952	6	111	85	0	36952684000
4091	36952	11	112	86	0	36952358001
4092	36953	3	112	84	0	36953608001
4093	36953	7	112	85	0	36953196000
4094	36959	3	112	84	0	36959014001
4095	36965	15	112	87	0	36965464000
4096	36969	15	112	87	1	36969881001
4097	36970	12	109	87	1	36970987001
4098	36970	13	110	87	1	36970295000
4099	36970	14	111	87	1	36970393001
4100	36971	9	110	86	1	36971818000
4101	36971	10	111	86	1	36971548000
4102	36971	11	112	86	1	36971588000
4103	36971	15	112	87	1	36971489000
4104	36972	7	112	85	1	36972816001
4105	36972	8	109	86	1	36972215000
4106	36972	13	110	87	1	36972136000
4107	36972	14	111	87	1	36972091000
4108	36973	4	109	85	1	36973413001
4109	36973	5	110	85	1	36973190001
4110	36973	6	111	85	1	36973010001
4111	36973	9	110	86	1	36973764001
4112	36973	10	111	86	1	36973286001
4113	36973	11	112	86	1	36973489001
4114	36973	12	109	87	1	36973230001
4115	36974	0	109	84	1	36974694000
4116	36974	1	110	84	1	36974319001
4117	36974	2	111	84	1	36974338001
4118	36974	3	112	84	1	36974178001
4119	36974	5	110	85	1	36974876001
4120	36974	6	111	85	1	36974405000
4121	36974	7	112	85	1	36974512000
4122	36974	8	109	86	1	36974723000
4123	36975	1	110	84	1	36975991001
4124	36975	4	109	85	1	36975263000
4125	36976	0	109	84	1	36976742001
4126	36976	2	111	84	1	36976147000
4127	36976	3	112	84	1	36976564001
4128	37153	0	109	84	0	37153906000
4129	37153	1	110	84	0	37153694001
4130	37153	2	111	84	0	37153398001
4131	37153	3	112	84	0	37153142001
4132	37154	4	109	85	0	37154891000
4133	37154	5	110	85	0	37154584000
4134	37154	6	111	85	0	37154548000
4135	37154	7	112	85	0	37154281000
4136	37155	1	110	84	0	37155843000
4137	37155	2	111	84	0	37155530000
4138	37155	3	112	84	0	37155151001
4139	37155	8	109	86	0	37155559001
4140	37155	9	110	86	0	37155468000
4141	37155	10	111	86	0	37155134001
4142	37155	11	112	86	0	37155024000
4143	37155	15	112	87	0	37155868000
4144	37156	6	111	85	0	37156881000
4145	37156	7	112	85	0	37156496000
4146	37156	12	109	87	0	37156738000
4147	37156	13	110	87	0	37156492000
4148	37156	14	111	87	0	37156146000
4149	37157	5	110	85	0	37157115000
4150	37157	9	110	86	0	37157586001
4151	37157	11	112	86	0	37157119001
4152	37157	15	112	87	0	37157668001
4153	37158	8	109	86	0	37158180001
4154	37158	10	111	86	0	37158163001
4155	37159	3	112	84	1	37159217000
4156	37159	7	112	85	1	37159875000
4157	37160	2	111	84	1	37160662001
4158	37160	6	111	85	1	37160339001
4159	37160	10	111	86	1	37160943001
4160	37160	11	112	86	1	37160171000
4161	37160	12	109	87	0	37160581001
4162	37160	13	110	87	0	37160581001
4163	37160	14	111	87	0	37160217001
4164	37160	15	112	87	1	37160569001
4165	37161	1	110	84	1	37161494000
4166	37161	5	110	85	1	37161750000
4167	37161	6	111	85	1	37161771001
4168	37161	9	110	86	1	37161938000
4169	37161	14	111	87	1	37161724000
4170	37162	0	109	84	1	37162526000
4171	37162	4	109	85	1	37162763000
4172	37162	8	109	86	1	37162922001
4173	37162	12	109	87	1	37162962000
4174	37162	13	110	87	1	37162520001
4175	37541	8	109	86	0	37541765000
4176	37551	2	111	84	0	37551517000
4177	37551	3	112	84	0	37551288000
4178	37552	0	109	84	0	37552365001
4179	37552	1	110	84	0	37552022001
4180	37552	6	111	85	0	37552880001
4181	37552	7	112	85	0	37552541000
4182	37553	2	111	84	0	37553728000
4183	37553	3	112	84	0	37553425000
4184	37553	4	109	85	0	37553479001
4185	37553	5	110	85	0	37553107000
4186	37553	10	111	86	0	37553673001
4187	37553	11	112	86	0	37553394000
4188	37554	1	110	84	0	37554324001
4189	37554	8	109	86	0	37554464001
4190	37554	9	110	86	0	37554182000
4191	37554	14	111	87	0	37554826000
4192	37554	15	112	87	0	37554332001
4193	37555	5	110	85	0	37555214000
4194	37555	6	111	85	0	37555277001
4195	37555	7	112	85	0	37555094000
4196	37555	11	112	86	0	37555248000
4197	37555	12	109	87	0	37555690000
4198	37555	13	110	87	0	37555226000
4199	37556	4	109	85	0	37556279001
4200	37556	8	109	86	0	37556688001
4201	37556	9	110	86	0	37556632001
4202	37556	10	111	86	0	37556211000
4203	37556	14	111	87	0	37556785000
4204	37556	15	112	87	0	37556283001
4205	37558	12	109	87	0	37558112001
4206	37558	13	110	87	0	37558707000
4207	37562	0	109	84	1	37562925000
4208	37563	4	109	85	1	37563716000
4209	37565	8	109	86	1	37565153001
4210	37566	0	109	84	1	37566115001
4211	37566	1	110	84	1	37566938001
4212	37566	4	109	85	1	37566965001
4213	37567	12	109	87	1	37567555000
4214	37568	5	110	85	1	37568730001
4215	37568	8	109	86	1	37568728000
4216	37569	9	110	86	1	37569847001
4217	37570	1	110	84	1	37570050001
4218	37570	2	111	84	1	37570849001
4219	37570	3	112	84	1	37570616001
4220	37570	12	109	87	1	37570749000
4221	37571	1	110	84	1	37571979000
4222	37571	5	110	85	1	37571563000
4223	37571	6	111	85	1	37571699001
4224	37571	7	112	85	1	37571621001
4225	37571	13	110	87	1	37571884000
4226	37572	9	110	86	1	37572967000
4227	37572	10	111	86	1	37572793000
4228	37572	11	112	86	1	37572779000
4229	37573	14	111	87	1	37573987001
4230	37573	15	112	87	1	37573732000
4231	37574	13	110	87	1	37574307000
4232	37576	4	109	85	1	37576756001
4233	37579	8	109	86	1	37579955000
4234	37600	0	109	84	0	37600823000
4235	37600	1	110	84	0	37600168001
4236	37601	4	109	85	0	37601910001
4237	37601	5	110	85	0	37601664000
4238	37602	2	111	84	0	37602520000
4239	37602	8	109	86	0	37602729001
4240	37602	9	110	86	0	37602589001
4241	37602	10	111	86	0	37602350001
4242	37603	1	110	84	0	37603012000
4243	37603	6	111	85	0	37603828000
4244	37603	13	110	87	0	37603875001
4245	37603	14	111	87	0	37603593001
4246	37604	4	109	85	0	37604632001
4247	37604	12	109	87	0	37604646001
4248	37605	0	109	84	0	37605932001
4249	37605	8	109	86	0	37605193000
4250	37605	9	110	86	0	37605494000
4251	37605	10	111	86	0	37605778001
4252	37607	5	110	85	0	37607241001
4253	37607	12	109	87	0	37607308001
4254	37607	13	110	87	0	37607487000
4255	37620	6	111	85	1	37620115000
4256	37620	10	111	86	1	37620912000
4257	37622	1	110	84	1	37622561000
4258	37625	5	110	85	1	37625853000
4259	37625	14	111	87	1	37625650000
4260	37626	0	109	84	1	37626991001
4261	37626	1	110	84	1	37626393000
4262	37626	9	110	86	1	37626432001
4263	37628	10	111	86	1	37628006000
4264	37629	4	109	85	1	37629065000
4265	37629	5	110	85	1	37629479001
4266	37630	1	110	84	1	37630680000
4267	37630	13	110	87	1	37630157000
4268	37631	8	109	86	1	37631972000
4269	37632	0	109	84	1	37632790000
4270	37632	9	110	86	1	37632175001
4271	37633	14	111	87	1	37633429000
4272	37634	4	109	85	1	37634740001
4273	37635	13	110	87	1	37635073000
4274	37636	5	110	85	1	37636510001
4275	37636	8	109	86	1	37636330001
4276	37636	9	110	86	1	37636868000
4277	37637	0	109	84	1	37637220000
4278	37637	12	109	87	1	37637287001
4279	37638	4	109	85	1	37638379001
4280	37639	13	110	87	1	37639527001
4281	37640	8	109	86	1	37640916000
4282	37642	12	109	87	1	37642697000
4283	37645	12	109	87	1	37645786001
4284	37648	8	109	86	1	37648167001
4285	37650	6	111	85	1	37650180000
4286	37897	8	109	86	0	37897663001
4287	37897	12	109	87	0	37897370001
4288	37898	0	109	84	0	37898975000
4289	37898	4	109	85	0	37898539000
4290	37898	9	110	86	0	37898539000
4291	37898	13	110	87	0	37898001001
4292	37898	14	111	87	0	37898608001
4293	37899	1	110	84	0	37899616001
4294	37899	5	110	85	0	37899057000
4295	37899	6	111	85	0	37899757001
4296	37899	10	111	86	0	37899137001
4297	37899	11	112	86	0	37899613001
4298	37899	15	112	87	0	37899134001
4299	37900	2	111	84	0	37900348001
4300	37900	3	112	84	0	37900636000
4301	37900	7	112	85	0	37900403000
4302	37900	8	109	86	0	37900363000
4303	37900	12	109	87	0	37900274001
4304	37900	14	111	87	0	37900729000
4305	37901	11	112	86	0	37901770000
4306	37902	2	111	84	0	37902609000
4307	37902	7	112	85	0	37902792000
4308	37902	9	110	86	0	37902942001
4309	37903	3	112	84	0	37903011000
4310	37903	6	111	85	0	37903940000
4311	37906	1	110	84	0	37906569000
4312	37906	13	110	87	0	37906464000
4313	37907	10	111	86	0	37907533001
4314	37913	3	112	84	0	37913625001
4315	37913	12	109	87	1	37913940001
4316	37913	13	110	87	1	37913690001
4317	37913	14	111	87	1	37913539000
4318	37913	15	112	87	1	37913647000
4319	37914	6	111	85	1	37914924000
4320	37914	8	109	86	1	37914819001
4321	37914	9	110	86	1	37914378000
4322	37914	10	111	86	1	37914248001
4323	37914	11	112	86	1	37914244001
4324	37915	1	110	84	1	37915829001
4325	37915	2	111	84	1	37915915000
4326	37915	3	112	84	1	37915852001
4327	37915	4	109	85	1	37915412001
4328	37915	5	110	85	1	37915208000
4329	37915	7	112	85	1	37915088000
4330	37916	0	109	84	1	37916240001
4331	37918	6	111	85	1	37918488001
4332	38078	3	112	84	0	38078644000
4333	38082	15	112	87	0	38082033001
4334	38094	0	109	84	0	38094004000
4335	38095	8	109	86	0	38095757000
4336	38097	12	109	87	0	38097246000
4337	38532	0	109	84	0	38532325000
4338	38532	4	109	85	0	38532400001
4339	38532	8	109	86	0	38532059001
4340	38532	9	110	86	0	38532887001
4341	38532	12	109	87	0	38532208000
4342	38532	13	110	87	0	38532927001
4343	38533	1	110	84	0	38533100000
4344	38533	2	111	84	0	38533953001
4345	38533	5	110	85	0	38533136000
4346	38533	10	111	86	0	38533712001
4347	38533	14	111	87	0	38533882000
4348	38534	3	112	84	0	38534650000
4349	38534	6	111	85	0	38534072001
4350	38534	7	112	85	0	38534742001
4351	38534	8	109	86	0	38534471001
4352	38534	11	112	86	0	38534532000
4353	38534	15	112	87	0	38534412001
4354	38535	0	109	84	0	38535260001
4355	38535	1	110	84	0	38535818000
4356	38535	10	111	86	0	38535958001
4357	38536	2	111	84	0	38536265000
4358	38536	3	112	84	0	38536839001
4359	38536	5	110	85	0	38536642001
4360	38536	6	111	85	0	38536662000
4361	38536	9	110	86	0	38536326001
4362	38536	11	112	86	0	38536405001
4363	38536	12	109	87	0	38536028001
4364	38536	14	111	87	0	38536359000
4365	38536	15	112	87	0	38536244001
4366	38537	7	112	85	0	38537229001
4367	38540	13	110	87	1	38540657001
4368	38542	4	109	85	0	38542626000
4369	38542	15	112	87	0	38542720001
4370	38550	0	109	84	1	38550617001
4371	38552	1	110	84	1	38552164000
4372	38552	4	109	85	1	38552096000
4373	38553	2	111	84	1	38553826001
4374	38553	5	110	85	1	38553566001
4375	38553	8	109	86	1	38553800001
4376	38554	0	109	84	1	38554898001
4377	38554	1	110	84	1	38554625001
4378	38554	4	109	85	1	38554095001
4379	38555	3	112	84	1	38555110000
4380	38555	5	110	85	1	38555539001
4381	38555	6	111	85	1	38555217000
4382	38555	9	110	86	1	38555093000
4383	38555	12	109	87	1	38555305000
4384	38555	13	110	87	1	38555915000
4385	38556	2	111	84	1	38556708001
4386	38556	6	111	85	1	38556999000
4387	38556	7	112	85	1	38556684000
4388	38556	10	111	86	1	38556798001
4389	38557	3	112	84	1	38557897000
4390	38557	9	110	86	1	38557919000
4391	38557	13	110	87	1	38557906001
4392	38557	14	111	87	1	38557977001
4393	38558	8	109	86	1	38558249001
4394	38558	11	112	86	1	38558113000
4395	38558	12	109	87	1	38558646001
4396	38558	15	112	87	1	38558382001
4397	38559	7	112	85	1	38559147001
4398	38560	11	112	86	1	38560331000
4399	38560	14	111	87	1	38560708000
4400	38560	15	112	87	1	38560110001
4401	38562	10	111	86	1	38562101000
4402	38582	15	112	87	0	38582646000
4403	38585	3	112	84	0	38585166001
4404	38722	15	112	87	0	38722468000
4405	38723	10	111	86	0	38723927001
4406	38723	11	112	86	0	38723183000
4407	38723	14	111	87	0	38723333001
4408	38724	3	112	84	0	38724806001
4409	38724	7	112	85	0	38724202000
4410	38724	13	110	87	0	38724571000
4411	38724	15	112	87	0	38724874000
4412	38725	2	111	84	0	38725586000
4413	38725	6	111	85	0	38725165000
4414	38725	9	110	86	0	38725191001
4415	38725	10	111	86	0	38725756000
4416	38725	11	112	86	0	38725167000
4417	38725	12	109	87	0	38725461001
4418	38725	14	111	87	0	38725510000
4419	38726	1	110	84	0	38726949000
4420	38726	5	110	85	0	38726008000
4421	38726	7	112	85	0	38726113000
4422	38726	8	109	86	0	38726039000
4423	38727	0	109	84	0	38727785000
4424	38727	2	111	84	0	38727536001
4425	38727	3	112	84	0	38727017001
4426	38727	4	109	85	0	38727061000
4427	38728	5	110	85	0	38728487001
4428	38728	8	109	86	0	38728321001
4429	38728	9	110	86	0	38728198000
4430	38729	1	110	84	0	38729144000
4431	38731	3	112	84	1	38731833001
4432	38732	2	111	84	1	38732603000
4433	38732	6	111	85	1	38732817000
4434	38732	7	112	85	1	38732264001
4435	38732	10	111	86	1	38732731001
4436	38732	11	112	86	1	38732338000
4437	38732	15	112	87	1	38732422000
4438	38733	1	110	84	1	38733099001
4439	38733	5	110	85	1	38733278000
4440	38733	9	110	86	1	38733633000
4441	38733	13	110	87	1	38733967000
4442	38733	14	111	87	1	38733140000
4443	38734	0	109	84	1	38734027000
4444	38734	4	109	85	1	38734160001
4445	38734	8	109	86	1	38734338001
4446	38734	12	109	87	1	38734695001
4447	38804	2	111	84	0	38804795000
4448	38808	4	109	85	0	38808351001
4449	38810	8	109	86	0	38810007000
4450	38873	8	109	86	0	38873949001
4451	38874	15	112	87	0	38874360001
4452	38878	2	111	84	0	38878059001
4453	38878	3	112	84	0	38878784001
4454	39289	15	112	87	0	39289948001
4455	39290	11	112	86	0	39290073000
4456	39291	10	111	86	0	39291191000
4457	39291	14	111	87	0	39291946001
4458	39292	9	110	86	0	39292489001
4459	39292	13	110	87	0	39292472001
4460	39294	8	109	86	0	39294085001
4461	39368	15	112	87	1	39368159000
4462	39439	15	112	87	0	39439621001
4463	39463	3	112	84	0	39463687000
4464	39575	3	112	84	0	39575458000
4465	39578	11	112	86	0	39578325000
4466	39756	15	112	87	0	39756915000
4467	39757	3	112	84	0	39757975001
4468	39757	7	112	85	0	39757786001
4469	39757	11	112	86	0	39757509000
4470	39758	10	111	86	0	39758401000
4471	39758	14	111	87	0	39758182000
4472	39758	15	112	87	0	39758869000
4473	39759	2	111	84	0	39759163001
4474	39759	6	111	85	0	39759159000
4475	39759	7	112	85	0	39759723001
4476	39759	9	110	86	0	39759852001
4477	39759	11	112	86	0	39759974000
4478	39759	13	110	87	0	39759434000
4479	39760	1	110	84	0	39760761001
4480	39760	3	112	84	0	39760136001
4481	39760	5	110	85	0	39760257001
4482	39760	8	109	86	0	39760854001
4483	39760	10	111	86	0	39760369000
4484	39760	12	109	87	0	39760656000
4485	39760	14	111	87	0	39760490000
4486	39761	0	109	84	0	39761880000
4487	39761	2	111	84	0	39761070001
4488	39761	4	109	85	0	39761599001
4489	39761	6	111	85	0	39761645001
4490	39761	13	110	87	0	39761877000
4491	39762	5	110	85	0	39762254000
4492	39762	8	109	86	0	39762920001
4493	39762	9	110	86	0	39762666001
4494	39762	12	109	87	0	39762921000
4495	39763	1	110	84	0	39763022000
4496	39764	4	109	85	0	39764497000
4497	39781	3	112	84	1	39781347001
4498	39781	7	112	85	1	39781982000
4499	39782	2	111	84	1	39782493001
4500	39782	6	111	85	1	39782946001
4501	39782	11	112	86	1	39782666000
4502	39782	15	112	87	1	39782766001
4503	39783	1	110	84	1	39783508000
4504	39783	10	111	86	1	39783598000
4505	39784	2	111	84	1	39784577000
4506	39784	5	110	85	1	39784464000
4507	39784	6	111	85	1	39784464000
4508	39784	7	112	85	1	39784150001
4509	39784	14	111	87	1	39784090000
4510	39784	15	112	87	1	39784410001
4511	39785	0	109	84	1	39785315000
4512	39785	1	110	84	1	39785178001
4513	39785	4	109	85	1	39785283000
4514	39785	9	110	86	1	39785044000
4515	39785	10	111	86	1	39785775001
4516	39785	11	112	86	1	39785182000
4517	39785	13	110	87	1	39785627000
4518	39785	14	111	87	1	39785620001
4519	39786	5	110	85	1	39786277000
4520	39786	8	109	86	1	39786156000
4521	39786	12	109	87	1	39786669001
4522	39787	4	109	85	1	39787135000
4523	39788	9	110	86	1	39788144001
4524	39788	12	109	87	1	39788726000
4525	39789	8	109	86	1	39789348000
4526	39791	13	110	87	1	39791049001
4527	39819	3	112	84	1	39819013000
4528	40228	8	109	86	0	40228231001
4529	40231	5	110	85	0	40231755000
4530	40232	2	111	84	0	40232790001
4531	40232	11	112	86	0	40232008001
4532	40233	3	112	84	0	40233805001
4533	40451	0	109	84	0	40451678001
4534	40451	1	110	84	0	40451493000
4535	40451	2	111	84	0	40451270001
4536	40451	3	112	84	0	40451039001
4537	40451	7	112	85	0	40451998001
4538	40452	4	109	85	0	40452515000
4539	40452	5	110	85	0	40452346000
4540	40452	6	111	85	0	40452190001
4541	40452	9	110	86	0	40452998001
4542	40452	10	111	86	0	40452685001
4543	40452	11	112	86	0	40452673000
4544	40453	8	109	86	0	40453159000
4545	40453	13	110	87	0	40453915001
4546	40453	14	111	87	0	40453615000
4547	40453	15	112	87	0	40453364001
4548	40454	1	110	84	0	40454123001
4549	40454	3	112	84	0	40454431000
4550	40454	6	111	85	0	40454733000
4551	40454	11	112	86	0	40454797000
4552	40454	12	109	87	0	40454077000
4553	40455	4	109	85	0	40455132000
4554	40455	5	110	85	0	40455907001
4555	40455	8	109	86	0	40455451001
4556	40455	10	111	86	0	40455605000
4557	40455	14	111	87	0	40455920000
4558	40455	15	112	87	0	40455339001
4559	40456	2	111	84	0	40456336000
4560	40457	9	110	86	0	40457365001
4561	40461	3	112	84	1	40461177000
4562	40462	2	111	84	1	40462484001
4563	40462	6	111	85	1	40462815000
4564	40462	7	112	85	1	40462113001
4565	40462	11	112	86	1	40462256001
4566	40462	15	112	87	1	40462672000
4567	40463	1	110	84	1	40463751001
4568	40463	3	112	84	1	40463618001
4569	40463	10	111	86	1	40463379001
4570	40463	14	111	87	1	40463617000
4571	40464	2	111	84	1	40464538000
4572	40464	5	110	85	1	40464196001
4573	40464	6	111	85	1	40464492000
4574	40464	11	112	86	1	40464291001
4575	40464	15	112	87	1	40464383000
4576	40465	1	110	84	1	40465505000
4577	40465	4	109	85	1	40465981000
4578	40465	5	110	85	1	40465970000
4579	40465	7	112	85	1	40465721001
4580	40465	9	110	86	1	40465638000
4581	40465	10	111	86	1	40465125001
4582	40465	14	111	87	1	40465388000
4583	40466	0	109	84	1	40466254000
4584	40466	8	109	86	1	40466831000
4585	40466	13	110	87	1	40466105000
4586	40467	4	109	85	1	40467826001
4587	40467	12	109	87	1	40467801001
4588	40468	8	109	86	1	40468858000
4589	40468	9	110	86	1	40468386001
4590	40468	13	110	87	1	40468387000
4591	40470	12	109	87	1	40470410001
4592	40480	0	109	84	1	40480850001
4593	40749	3	112	84	0	40749157001
4594	40751	2	111	84	0	40751453000
4595	40753	1	110	84	0	40753591000
4596	40755	0	109	84	0	40755015000
4597	40766	3	112	84	1	40766815001
4598	40850	0	109	84	0	40850930000
4599	40851	4	109	85	0	40851216001
4600	40851	8	109	86	0	40851069001
4601	40851	12	109	87	0	40851594000
4602	40852	1	110	84	0	40852885001
4603	40852	5	110	85	0	40852929001
4604	40853	8	109	86	0	40853987001
4605	40853	9	110	86	0	40853066000
4606	40853	13	110	87	0	40853327000
4607	40854	0	109	84	0	40854129001
4608	40854	2	111	84	0	40854856000
4609	40854	4	109	85	0	40854030001
4610	40854	10	111	86	0	40854894001
4611	40854	12	109	87	0	40854502001
4612	40855	1	110	84	0	40855412001
4613	40855	3	112	84	0	40855919000
4614	40855	5	110	85	0	40855399000
4615	40855	6	111	85	0	40855089000
4616	40855	9	110	86	0	40855471001
4617	40855	14	111	87	0	40855199000
4618	40856	2	111	84	0	40856908000
4619	40856	7	112	85	0	40856480000
4620	40856	11	112	86	0	40856368001
4621	40856	13	110	87	0	40856047001
4622	40856	15	112	87	0	40856560001
4623	40857	6	111	85	0	40857330000
4624	40857	10	111	86	0	40857094001
4625	40857	14	111	87	0	40857601001
4626	40858	3	112	84	0	40858187001
4627	40858	7	112	85	0	40858428001
4628	40858	11	112	86	0	40858475000
4629	40858	15	112	87	0	40858671001
4630	40861	7	112	85	0	40861600001
4631	40862	2	111	84	0	40862013000
4632	40862	3	112	84	0	40862288000
4633	40865	14	111	87	0	40865517000
4634	40867	0	109	84	1	40867896001
4635	40868	1	110	84	1	40868487001
4636	40868	4	109	85	1	40868758000
4637	40869	2	111	84	1	40869315000
4638	40869	3	112	84	1	40869863001
4639	40869	5	110	85	1	40869320001
4640	40869	8	109	86	1	40869880001
4641	40870	6	111	85	1	40870136001
4642	40870	7	112	85	1	40870805000
4643	40870	9	110	86	1	40870378001
4644	40870	12	109	87	1	40870788000
4645	40871	10	111	86	1	40871121001
4646	40871	11	112	86	1	40871818000
4647	40871	13	110	87	1	40871304001
4648	40871	14	111	87	1	40871909001
4649	40872	15	112	87	1	40872500001
4650	41292	15	112	87	0	41292073001
4651	41294	10	111	86	0	41294984000
4652	41294	11	112	86	0	41294175001
4653	41294	12	109	87	0	41294698001
4654	41294	13	110	87	0	41294621000
4655	41294	14	111	87	0	41294470000
4656	41294	15	112	87	0	41294300000
4657	41295	3	112	84	0	41295890000
4658	41295	4	109	85	0	41295930000
4659	41295	5	110	85	0	41295847001
4660	41295	6	111	85	0	41295957001
4661	41295	7	112	85	0	41295500000
4662	41295	8	109	86	0	41295083000
4663	41295	9	110	86	1	41295241000
4664	41295	11	112	86	0	41295978000
4665	41296	0	109	84	0	41296528001
4666	41296	1	110	84	0	41296479000
4667	41296	2	111	84	0	41296401001
4668	41297	12	109	87	1	41297951000
4669	41298	4	109	85	1	41298986000
4670	41298	8	109	86	1	41298498001
4671	41298	9	110	86	1	41298468000
4672	41298	13	110	87	1	41298149001
4673	41298	14	111	87	1	41298691000
4674	41299	0	109	84	1	41299461001
4675	41299	1	110	84	1	41299706001
4676	41299	5	110	85	1	41299284000
4677	41299	6	111	85	1	41299647000
4678	41299	10	111	86	1	41299158000
4679	41299	11	112	86	1	41299854001
4680	41300	2	111	84	1	41300199000
4681	41300	3	112	84	1	41300635000
4682	41300	7	112	85	1	41300415001
4683	41302	14	111	87	0	41302488001
4684	41303	3	112	84	0	41303072000
4685	41303	7	112	85	0	41303319001
4686	41303	11	112	86	0	41303968000
4687	41304	10	111	86	0	41304145000
4688	41304	15	112	87	1	41304592000
4689	41305	11	112	86	1	41305879000
4690	41305	14	111	87	1	41305862000
4691	41306	3	112	84	0	41306502001
4692	41306	7	112	85	1	41306688001
4693	41306	10	111	86	1	41306825001
4694	41349	8	109	86	0	41349596000
4695	41349	12	109	87	0	41349298000
4696	41350	4	109	85	0	41350517001
4697	41350	9	110	86	0	41350868000
4698	41350	13	110	87	0	41350186001
4699	41350	14	111	87	0	41350697001
4700	41351	0	109	84	0	41351188001
4701	41351	5	110	85	0	41351362001
4702	41351	8	109	86	0	41351655001
4703	41351	10	111	86	0	41351383000
4704	41351	12	109	87	0	41351740000
4705	41351	15	112	87	0	41351874001
4706	41352	1	110	84	0	41352020001
4707	41352	6	111	85	0	41352554000
4708	41352	11	112	86	0	41352329000
4709	41352	14	111	87	0	41352706000
4710	41353	2	111	84	0	41353091000
4711	41353	3	112	84	0	41353642001
4712	41353	5	110	85	0	41353580001
4713	41353	7	112	85	0	41353167000
4714	41353	10	111	86	0	41353228001
4715	41353	15	112	87	0	41353848000
4716	41354	0	109	84	0	41354182001
4717	41354	1	110	84	0	41354153001
4718	41354	4	109	85	0	41354030001
4719	41354	6	111	85	0	41354902001
4720	41354	9	110	86	0	41354066001
4721	41354	11	112	86	0	41354314001
4722	41355	2	111	84	0	41355455000
4723	41355	3	112	84	0	41355686000
4724	41355	7	112	85	0	41355364001
4725	41356	13	110	87	0	41356596001
4726	41358	9	110	86	0	41358830000
4727	41366	15	112	87	1	41366762001
4728	41367	10	111	86	1	41367816000
4729	41367	11	112	86	1	41367905001
4730	41367	12	109	87	1	41367336001
4731	41367	13	110	87	1	41367106000
4732	41367	14	111	87	1	41367156001
4733	41368	4	109	85	1	41368836001
4734	41368	5	110	85	1	41368748001
4735	41368	6	111	85	1	41368888000
4736	41368	8	109	86	1	41368282001
4737	41368	9	110	86	1	41368038000
4738	41368	15	112	87	1	41368792000
4739	41369	2	111	84	1	41369997000
4740	41369	3	112	84	1	41369726000
4741	41369	7	112	85	1	41369066001
4742	41370	0	109	84	1	41370243001
4743	41370	1	110	84	1	41370234001
4744	41370	4	109	85	1	41370453000
4745	41370	5	110	85	1	41370297001
4746	41370	6	111	85	1	41370411000
4747	41370	10	111	86	1	41370442000
4748	41371	11	112	86	1	41371371001
4749	41372	1	110	84	1	41372635001
4750	41372	2	111	84	1	41372332000
4751	41372	3	112	84	1	41372187001
4752	41374	7	112	85	1	41374590000
4753	41380	15	112	87	0	41380160001
4754	41388	9	110	86	1	41388838000
4755	41526	2	111	84	0	41526705000
4756	41527	0	109	84	0	41527700001
4757	41527	1	110	84	0	41527106001
4758	41528	4	109	85	0	41528852001
4759	41528	5	110	85	0	41528404001
4760	41528	6	111	85	0	41528354000
4761	41529	9	110	86	0	41529504001
4762	41529	10	111	86	0	41529253000
4763	41530	2	111	84	1	41530160001
4764	41530	8	109	86	0	41530076001
4765	41530	14	111	87	0	41530928001
4766	41531	4	109	85	0	41531557000
4767	41531	6	111	85	1	41531436000
4768	41531	9	110	86	0	41531980000
4769	41531	12	109	87	0	41531533001
4770	41531	13	110	87	0	41531130000
4771	41532	8	109	86	0	41532805001
4772	41532	10	111	86	1	41532421000
4773	41533	1	110	84	1	41533052000
4774	41534	5	110	85	1	41534322001
4775	41534	12	109	87	0	41534521000
4776	41534	14	111	87	1	41534844000
4777	41535	0	109	84	1	41535640001
4778	41535	4	109	85	1	41535129000
4779	41535	9	110	86	1	41535442001
4780	41536	13	110	87	1	41536513000
4781	41537	1	110	84	1	41537856000
4782	41537	8	109	86	1	41537441001
4783	41537	12	109	87	1	41537983000
4784	41538	0	109	84	1	41538369001
4785	41538	4	109	85	1	41538846000
4786	41540	8	109	86	1	41540612001
4787	41541	12	109	87	1	41541285001
4788	41541	13	110	87	1	41541640001
4789	41542	9	110	86	1	41542991001
4790	41564	5	110	85	1	41564504000
4791	41883	2	111	84	0	41883737001
4792	41883	3	112	84	0	41883471000
4793	41884	0	109	84	0	41884369000
4794	41884	1	110	84	0	41884085000
4795	41884	7	112	85	0	41884828000
4796	41885	2	111	84	0	41885955001
4797	41885	3	112	84	0	41885469001
4798	41885	4	109	85	0	41885588000
4799	41885	5	110	85	0	41885258001
4800	41885	6	111	85	0	41885171000
4801	41885	10	111	86	0	41885977000
4802	41885	11	112	86	0	41885845001
4803	41886	0	109	84	0	41886938001
4804	41886	1	110	84	0	41886551000
4805	41886	7	112	85	0	41886929001
4806	41886	8	109	86	0	41886480000
4807	41886	9	110	86	0	41886404000
4808	41887	5	110	85	0	41887340001
4809	41887	6	111	85	0	41887340001
4810	41887	10	111	86	0	41887857001
4811	41887	11	112	86	0	41887721000
4812	41887	13	110	87	0	41887648000
4813	41887	14	111	87	0	41887344000
4814	41887	15	112	87	0	41887047001
4815	41888	8	109	86	0	41888736001
4816	41888	12	109	87	0	41888054001
4817	41889	4	109	85	0	41889621000
4818	41889	9	110	86	0	41889156000
4819	41889	14	111	87	0	41889490001
4820	41889	15	112	87	0	41889258000
4821	41890	12	109	87	0	41890810001
4822	41890	13	110	87	0	41890348001
4823	41893	3	112	84	1	41893401000
4824	41894	7	112	85	1	41894312000
4825	41895	2	111	84	1	41895502001
4826	41895	3	112	84	1	41895472000
4827	41895	11	112	86	1	41895391001
4828	41895	15	112	87	1	41895636001
4829	41896	6	111	85	1	41896354001
4830	41896	7	112	85	1	41896293000
4831	41897	1	110	84	1	41897863001
4832	41897	2	111	84	1	41897455001
4833	41897	10	111	86	1	41897508001
4834	41897	11	112	86	1	41897287000
4835	41897	15	112	87	1	41897699001
4836	41898	5	110	85	1	41898541001
4837	41898	6	111	85	1	41898154000
4838	41898	14	111	87	1	41898048001
4839	41899	1	110	84	1	41899817000
4840	41899	9	110	86	1	41899348001
4841	41899	10	111	86	1	41899732000
4842	41899	13	110	87	1	41899863001
4843	41900	0	109	84	1	41900005000
4844	41900	4	109	85	1	41900884000
4845	41900	5	110	85	1	41900520000
4846	41900	14	111	87	1	41900077001
4847	41901	8	109	86	1	41901688000
4848	41901	9	110	86	1	41901328000
4849	41902	0	109	84	1	41902228001
4850	41902	4	109	85	1	41902796001
4851	41902	12	109	87	1	41902953001
4852	41902	13	110	87	1	41902241001
4853	41903	8	109	86	1	41903867000
4854	41905	12	109	87	1	41905149001
4855	42636	3	112	84	0	42636916000
4856	42637	7	112	85	0	42637127000
4857	42637	11	112	86	0	42637177001
4858	42637	15	112	87	0	42637012000
4859	42638	2	111	84	0	42638412001
4860	42638	3	112	84	0	42638927001
4861	42638	6	111	85	0	42638744001
4862	42638	10	111	86	0	42638235001
4863	42638	14	111	87	0	42638576001
4864	42638	15	112	87	0	42638856000
4865	42639	5	110	85	0	42639985001
4866	42639	7	112	85	0	42639219000
4867	42639	9	110	86	0	42639947000
4868	42639	11	112	86	0	42639090001
4869	42639	13	110	87	0	42639994001
4870	42640	1	110	84	0	42640099000
4871	42640	2	111	84	0	42640396001
4872	42640	6	111	85	0	42640992000
4873	42640	10	111	86	0	42640119000
4874	42640	14	111	87	0	42640670000
4875	42641	0	109	84	0	42641427000
4876	42641	4	109	85	0	42641447000
4877	42641	8	109	86	0	42641289001
4878	42641	12	109	87	0	42641370001
4879	42642	1	110	84	0	42642159000
4880	42642	5	110	85	0	42642261000
4881	42642	9	110	86	0	42642675000
4882	42642	13	110	87	0	42642844001
4883	42643	0	109	84	0	42643920001
4884	42643	8	109	86	0	42643288000
4885	42643	12	109	87	0	42643299000
4886	42644	4	109	85	0	42644063001
4887	42675	3	112	84	1	42675847000
4888	42676	2	111	84	1	42676823000
4889	42677	1	110	84	1	42677518000
4890	42677	6	111	85	1	42677698000
4891	42677	7	112	85	1	42677007001
4892	42678	0	109	84	1	42678681000
4893	42678	5	110	85	1	42678813000
4894	42678	10	111	86	1	42678770000
4895	42678	11	112	86	1	42678080001
4896	42679	1	110	84	1	42679264001
4897	42679	3	112	84	1	42679134000
4898	42679	4	109	85	1	42679534001
4899	42679	6	111	85	1	42679259001
4900	42679	9	110	86	1	42679888000
4901	42679	14	111	87	1	42679883001
4902	42679	15	112	87	1	42679031001
4903	42680	7	112	85	1	42680176001
4904	42680	8	109	86	1	42680652001
4905	42680	13	110	87	1	42680806000
4906	42681	4	109	85	1	42681648001
4907	42681	5	110	85	1	42681201001
4908	42681	12	109	87	1	42681785000
4909	42681	15	112	87	1	42681427000
4910	42682	11	112	86	1	42682963001
4911	42682	14	111	87	1	42682278001
4912	42683	9	110	86	1	42683804001
4913	42683	10	111	86	1	42683971000
4914	42683	13	110	87	1	42683745001
4915	42684	8	109	86	1	42684204001
4916	42685	12	109	87	1	42685779001
4917	42711	2	111	84	1	42711077001
4918	42731	3	112	84	0	42731188001
4919	42734	11	112	86	0	42734427001
4920	42736	15	112	87	0	42736753000
4921	42833	8	109	86	0	42833460001
4922	42833	12	109	87	1	42833162001
4923	42834	4	109	85	0	42834324001
4924	42909	0	109	84	1	42909668001
4925	42909	1	110	84	0	42909419000
4926	42909	2	111	84	0	42909389000
4927	42909	3	112	84	0	42909368001
4928	42910	4	109	85	0	42910514000
4929	42910	5	110	85	0	42910446001
4930	42910	6	111	85	0	42910702001
4931	42910	7	112	85	0	42910506000
4932	42911	1	110	84	0	42911434000
4933	42911	2	111	84	0	42911384000
4934	42911	3	112	84	0	42911554001
4935	42911	8	109	86	0	42911311000
4936	42911	9	110	86	1	42911382001
4937	42911	10	111	86	0	42911214001
4938	42911	11	112	86	0	42911474000
4939	42912	4	109	85	0	42912908001
4940	42912	5	110	85	0	42912296000
4941	42912	7	112	85	0	42912472001
4942	42912	12	109	87	0	42912579001
4943	42912	13	110	87	0	42912524000
4944	42912	14	111	87	0	42912378001
4945	42912	15	112	87	0	42912321000
4946	42913	6	111	85	0	42913255000
4947	42913	8	109	86	0	42913400001
4948	42913	9	110	86	1	42913958001
4949	42913	10	111	86	0	42913250000
4950	42913	11	112	86	0	42913758001
4951	42914	14	111	87	0	42914352001
4952	42914	15	112	87	0	42914076001
4953	42915	12	109	87	0	42915176001
4954	42915	13	110	87	0	42915939001
4955	42916	0	109	84	0	42916717000
4956	42922	15	112	87	0	42922999000
4957	42925	1	110	84	1	42925988001
4958	42925	2	111	84	1	42925951000
4959	42925	3	112	84	1	42925846000
4960	42926	0	109	84	1	42926136000
4961	42926	5	110	85	1	42926816001
4962	42926	6	111	85	1	42926769000
4963	42926	7	112	85	1	42926816001
4964	42927	4	109	85	1	42927082000
4965	42927	9	110	86	1	42927714001
4966	42927	10	111	86	1	42927679000
4967	42927	11	112	86	1	42927726000
4968	42928	8	109	86	1	42928046001
4969	42928	12	109	87	1	42928839001
4970	42928	13	110	87	1	42928582000
4971	42928	14	111	87	1	42928510001
4972	42928	15	112	87	1	42928277001
4973	43058	0	109	84	0	43058661001
4974	43058	4	109	85	0	43058998001
4975	43059	8	109	86	0	43059046001
4976	43059	12	109	87	0	43059706000
4977	43060	1	110	84	0	43060014001
4978	43060	5	110	85	0	43060219001
4979	43060	9	110	86	0	43060429000
4980	43060	13	110	87	0	43060736000
4981	43061	0	109	84	0	43061130000
4982	43061	2	111	84	0	43061173001
4983	43061	4	109	85	0	43061421001
4984	43061	6	111	85	0	43061777000
4985	43061	8	109	86	0	43061433001
4986	43061	10	111	86	0	43061612001
4987	43061	14	111	87	0	43061956001
4988	43062	1	110	84	0	43062259000
4989	43062	3	112	84	0	43062188000
4990	43062	5	110	85	0	43062345001
4991	43062	7	112	85	0	43062793000
4992	43062	9	110	86	0	43062680000
4993	43062	11	112	86	0	43062715000
4994	43062	12	109	87	0	43062247000
4995	43062	15	112	87	0	43062949001
4996	43063	2	111	84	0	43063215000
4997	43063	10	111	86	0	43063766001
4998	43063	13	110	87	0	43063129001
4999	43064	3	112	84	0	43064546000
5000	43064	6	111	85	0	43064135000
5001	43064	11	112	86	0	43064773001
5002	43064	14	111	87	0	43064161000
5003	43065	7	112	85	0	43065101000
5004	43065	15	112	87	0	43065122001
5005	43073	0	109	84	1	43073428000
5006	43074	1	110	84	1	43074076000
5007	43074	2	111	84	1	43074913001
5008	43074	4	109	85	1	43074800001
5009	43075	3	112	84	1	43075414001
5010	43075	5	110	85	1	43075317000
5011	43075	8	109	86	1	43075961000
5012	43076	6	111	85	1	43076059001
5013	43076	7	112	85	1	43076827001
5014	43076	9	110	86	1	43076668000
5015	43077	10	111	86	1	43077150001
5016	43077	11	112	86	1	43077979000
5017	43077	12	109	87	1	43077411000
5018	43077	13	110	87	1	43077800001
5019	43078	14	111	87	1	43078530001
5020	43079	6	111	85	1	43079245000
5021	43079	15	112	87	1	43079177001
5022	43081	8	109	86	1	43081451001
5023	43463	12	109	87	0	43463723001
5024	43464	8	109	86	0	43464354000
5025	43467	8	109	86	0	43467987001
5026	43467	12	109	87	0	43467549000
5027	43470	13	110	87	0	43470487000
5028	43471	4	109	85	0	43471030000
5029	43480	8	109	86	1	43480469000
5030	43480	12	109	87	1	43480709000
5031	43485	12	109	87	1	43485695000
5032	43565	3	112	84	0	43565609001
5033	43918	8	109	86	0	43918723000
5034	43921	11	112	86	0	43921997000
5035	43921	15	112	87	1	43921365001
5036	43922	5	110	85	0	43922513001
5037	43924	3	112	84	0	43924805000
5038	43925	2	111	84	0	43925803001
5039	43925	7	112	85	0	43925453000
5040	44075	3	112	84	0	44075401000
5041	44076	2	111	84	0	44076244001
5042	44077	1	110	84	0	44077211000
5043	44077	3	112	84	0	44077974000
5044	44078	0	109	84	0	44078152001
5045	44078	2	111	84	0	44078754001
5046	44079	1	110	84	0	44079650001
5047	44079	7	112	85	0	44079321000
5048	44080	6	111	85	0	44080053000
5049	44081	0	109	84	0	44081303000
5050	44081	2	111	84	0	44081333001
5051	44081	3	112	84	0	44081021000
5052	44081	4	109	85	0	44081620001
5053	44081	5	110	85	0	44081175001
5054	44081	7	112	85	0	44081775001
5055	44082	1	110	84	0	44082925001
5056	44082	6	111	85	0	44082854000
5057	44082	10	111	86	0	44082430001
5058	44082	11	112	86	0	44082041001
5059	44083	5	110	85	0	44083572001
5060	44083	9	110	86	0	44083468001
5061	44084	0	109	84	0	44084394001
5062	44084	2	111	84	0	44084860000
5063	44084	4	109	85	0	44084721001
5064	44084	8	109	86	0	44084409001
5065	44084	10	111	86	0	44084919000
5066	44084	11	112	86	0	44084274001
5067	44084	15	112	87	0	44084728000
5068	44085	3	112	84	1	44085631000
5069	44085	14	111	87	0	44085490000
5070	44086	5	110	85	0	44086496001
5071	44086	6	111	85	0	44086032001
5072	44086	7	112	85	1	44086909000
5073	44086	9	110	86	0	44086287000
5074	44086	13	110	87	0	44086437001
5075	44087	2	111	84	1	44087011000
5076	44087	6	111	85	1	44087750000
5077	44087	8	109	86	0	44087289000
5078	44087	11	112	86	1	44087263000
5079	44087	12	109	87	0	44087274001
5080	44087	15	112	87	1	44087844000
5081	44088	1	110	84	1	44088472001
5082	44088	3	112	84	1	44088956001
5083	44088	5	110	85	1	44088747000
5084	44088	10	111	86	1	44088116000
5085	44088	14	111	87	1	44088911001
5086	44089	0	109	84	1	44089429001
5087	44089	2	111	84	1	44089406001
5088	44089	9	110	86	1	44089588000
5089	44090	4	109	85	1	44090249000
5090	44090	8	109	86	1	44090650001
5091	44090	13	110	87	1	44090382000
5092	44091	1	110	84	1	44091362001
5093	44091	5	110	85	1	44091270001
5094	44091	12	109	87	1	44091633001
5095	44092	0	109	84	1	44092163000
5096	44563	8	109	86	0	44563087001
5097	44567	5	110	85	0	44567763000
5098	44567	9	110	86	0	44567574001
5099	44568	1	110	84	0	44568615001
5100	44570	2	111	84	0	44570725001
5101	44571	3	112	84	0	44571703000
5102	44572	7	112	85	0	44572124001
5103	44572	11	112	86	0	44572711000
5104	44573	15	112	87	0	44573260000
5105	44619	0	109	84	0	44619974000
5106	44619	12	109	87	0	44619983000
5107	44620	4	109	85	0	44620021001
5108	44620	8	109	86	0	44620050000
5109	44621	1	110	84	0	44621255000
5110	44621	5	110	85	0	44621280000
5111	44621	9	110	86	0	44621250001
5112	44621	10	111	86	0	44621967000
5113	44621	13	110	87	0	44621058000
5114	44622	0	109	84	0	44622566000
5115	44622	2	111	84	0	44622374001
5116	44622	4	109	85	0	44622394000
5117	44622	6	111	85	0	44622321000
5118	44622	8	109	86	0	44622175000
5119	44622	12	109	87	0	44622476000
5120	44622	14	111	87	0	44622076000
5121	44623	3	112	84	0	44623382000
5122	44623	7	112	85	0	44623421001
5123	44623	11	112	86	0	44623264000
5124	44623	15	112	87	0	44623150001
5125	44624	1	110	84	0	44624761000
5126	44624	2	111	84	0	44624798000
5127	44624	5	110	85	0	44624817000
5128	44624	6	111	85	0	44624929001
5129	44624	10	111	86	0	44624189001
5130	44624	14	111	87	0	44624574001
5131	44625	3	112	84	0	44625919001
5132	44625	7	112	85	0	44625612001
5133	44625	9	110	86	0	44625139000
5134	44625	11	112	86	0	44625436001
5135	44625	13	110	87	0	44625804001
5136	44625	15	112	87	0	44625264001
5137	44633	12	109	87	1	44633559000
5138	44633	13	110	87	1	44633927000
5139	44634	8	109	86	1	44634402001
5140	44634	14	111	87	1	44634579001
5141	44634	15	112	87	1	44634788001
5142	44635	9	110	86	1	44635031000
5143	44636	4	109	85	1	44636223001
5144	44636	5	110	85	1	44636305000
5145	44636	8	109	86	1	44636395000
5146	44636	9	110	86	1	44636935001
5147	44636	10	111	86	1	44636063000
5148	44636	11	112	86	1	44636427000
5149	44636	13	110	87	1	44636448001
5150	44636	14	111	87	1	44636236001
5151	44636	15	112	87	1	44636400001
5152	44637	0	109	84	1	44637848000
5153	44637	1	110	84	1	44637958000
5154	44637	5	110	85	1	44637945001
5155	44637	6	111	85	1	44637142000
5156	44638	2	111	84	1	44638715000
5157	44638	3	112	84	1	44638865001
5158	44638	4	109	85	1	44638660001
5159	44638	6	111	85	1	44638686000
5160	44638	7	112	85	1	44638181001
5161	44638	10	111	86	1	44638518000
5162	44638	11	112	86	1	44638205000
5163	44639	1	110	84	1	44639788001
5164	44640	2	111	84	1	44640575000
5165	44640	3	112	84	1	44640823000
5166	44640	7	112	85	1	44640333000
5167	44640	12	109	87	1	44640512001
5168	44766	3	112	84	0	44766698000
5169	44767	2	111	84	0	44767196000
5170	44768	7	112	85	0	44768410001
5171	44769	1	110	84	0	44769078001
5172	44769	2	111	84	0	44769329000
5173	44769	3	112	84	0	44769302001
5174	44769	5	110	85	0	44769377000
5175	44769	6	111	85	0	44769116001
5176	44770	4	109	85	0	44770144001
5177	44770	7	112	85	0	44770789001
5178	44770	8	109	86	0	44770691000
5179	44770	9	110	86	0	44770691000
5180	44770	10	111	86	0	44770308000
5181	44770	11	112	86	0	44770188000
5182	44771	0	109	84	0	44771904000
5183	44771	1	110	84	0	44771349001
5184	44771	5	110	85	0	44771937001
5185	44771	6	111	85	0	44771701000
5186	44771	15	112	87	0	44771746000
5187	44772	4	109	85	0	44772535000
5188	44772	10	111	86	0	44772450000
5189	44772	11	112	86	0	44772705001
5190	44772	12	109	87	0	44772636000
5191	44772	13	110	87	0	44772413000
5192	44772	14	111	87	0	44772123001
5193	44773	8	109	86	0	44773217001
5194	44773	9	110	86	0	44773034001
5195	44773	15	112	87	0	44773749001
5196	44774	0	109	84	0	44774788001
5197	44774	13	110	87	0	44774735000
5198	44774	14	111	87	0	44774636001
5199	44775	12	109	87	0	44775025000
5200	44776	7	112	85	0	44776791001
5201	44777	4	109	85	0	44777507000
5202	44777	11	112	86	0	44777185001
5203	44778	1	110	84	0	44778217000
5204	44786	13	110	87	0	44786753000
5205	44788	10	111	86	0	44788063001
5206	44796	2	111	84	1	44796921000
5207	44796	3	112	84	1	44796018001
5208	44796	6	111	85	1	44796985000
5209	44796	7	112	85	1	44796223000
5210	44796	11	112	86	1	44796511001
5211	44796	15	112	87	1	44796851001
5212	44797	1	110	84	1	44797619000
5213	44797	10	111	86	1	44797278000
5214	44797	14	111	87	1	44797689000
5215	44798	0	109	84	1	44798640000
5216	44798	4	109	85	1	44798918001
5217	44798	5	110	85	1	44798218000
5218	44798	6	111	85	1	44798893000
5219	44798	9	110	86	1	44798535001
5220	44798	13	110	87	1	44798574001
5221	44799	8	109	86	1	44799232001
5222	44799	12	109	87	1	44799703001
5223	44801	1	110	84	1	44801829000
5224	44805	7	112	85	1	44805590001
5225	44816	11	112	86	1	44816515001
5226	44824	15	112	87	1	44824990000
5227	45062	15	112	87	0	45062325001
5228	45063	7	112	85	0	45063740001
5229	45063	11	112	86	0	45063187000
5230	45064	3	112	84	0	45064231000
5231	45064	10	111	86	0	45064567001
5232	45064	14	111	87	0	45064136000
5233	45064	15	112	87	0	45064582001
5234	45065	2	111	84	0	45065778001
5235	45065	6	111	85	0	45065380000
5236	45065	7	112	85	0	45065770001
5237	45065	11	112	86	0	45065092000
5238	45065	13	110	87	0	45065549000
5239	45066	3	112	84	1	45066489000
5240	45066	5	110	85	0	45066728000
5241	45066	9	110	86	0	45066202000
5242	45066	10	111	86	0	45066879000
5243	45066	14	111	87	0	45066649000
5244	45067	1	110	84	0	45067489001
5245	45067	2	111	84	1	45067723001
5246	45067	6	111	85	1	45067921000
5247	45067	7	112	85	1	45067432001
5248	45067	8	109	86	0	45067215000
5249	45067	11	112	86	1	45067404001
5250	45067	12	109	87	0	45067037000
5251	45067	15	112	87	1	45067920001
5252	45068	4	109	85	0	45068441000
5253	45068	10	111	86	1	45068681000
5254	45069	0	109	84	0	45069264000
5255	45069	1	110	84	1	45069706001
5256	45069	5	110	85	1	45069197001
5257	45069	8	109	86	0	45069510001
5258	45069	9	110	86	1	45069663000
5259	45069	14	111	87	1	45069035000
5260	45070	4	109	85	1	45070507000
5261	45070	13	110	87	1	45070338000
5262	45071	8	109	86	1	45071473000
5263	45071	12	109	87	1	45071431000
5264	45072	15	112	87	1	45072792000
5265	45116	14	111	87	1	45116810001
5266	45230	8	109	86	0	45230409001
5267	45230	12	109	87	1	45230703000
5268	45231	4	109	85	0	45231892001
5269	45232	0	109	84	0	45232731001
5270	45232	8	109	86	0	45232750001
5271	45232	13	110	87	0	45232235001
5272	45233	9	110	86	0	45233363000
5273	45233	12	109	87	0	45233425000
5274	45234	1	110	84	0	45234879000
5275	45234	5	110	85	0	45234176000
5276	45234	14	111	87	0	45234415000
5277	45235	0	109	84	0	45235805000
5278	45235	4	109	85	0	45235181000
5279	45235	8	109	86	0	45235928001
5280	45235	9	110	86	0	45235956001
5281	45235	10	111	86	0	45235784001
5282	45235	13	110	87	0	45235264001
5283	45236	5	110	85	0	45236380000
5284	45236	14	111	87	0	45236444000
5285	45236	15	112	87	0	45236459001
5286	45237	1	110	84	0	45237136000
5287	45237	2	111	84	0	45237401000
5288	45237	6	111	85	0	45237195000
5289	45238	7	112	85	0	45238833000
5290	45238	10	111	86	0	45238002001
5291	45238	11	112	86	0	45238075001
5292	45238	14	111	87	0	45238965000
5293	45238	15	112	87	0	45238690000
5294	45239	2	111	84	0	45239315000
5295	45239	3	112	84	0	45239628001
5296	45240	1	110	84	0	45240093001
5297	45240	5	110	85	0	45240165000
5298	45240	6	111	85	0	45240124001
5299	45240	7	112	85	0	45240894000
5300	45240	9	110	86	0	45240119000
5301	45240	10	111	86	0	45240564000
5302	45240	11	112	86	0	45240335001
5303	45241	3	112	84	0	45241732000
5304	45241	15	112	87	0	45241259000
5305	45242	2	111	84	0	45242339001
5306	45243	0	109	84	0	45243607000
5307	45243	11	112	86	0	45243495001
5308	45243	15	112	87	0	45243222001
5309	45244	3	112	84	0	45244756001
5310	45244	7	112	85	0	45244031000
5311	45247	3	112	84	0	45247058001
5312	45253	2	111	84	0	45253826001
5313	45278	3	112	84	1	45278615001
5314	45280	3	112	84	1	45280974001
5315	45280	7	112	85	1	45280771001
5316	45281	2	111	84	1	45281348001
5317	45281	11	112	86	1	45281960000
5318	45282	1	110	84	1	45282906000
5319	45282	6	111	85	1	45282606001
5320	45282	7	112	85	1	45282698001
5321	45283	2	111	84	1	45283360001
5322	45283	5	110	85	1	45283707000
5323	45283	10	111	86	1	45283640000
5324	45283	11	112	86	1	45283912001
5325	45283	15	112	87	1	45283158000
5326	45284	0	109	84	1	45284482000
5327	45284	1	110	84	1	45284677001
5328	45284	6	111	85	1	45284184001
5329	45284	14	111	87	1	45284947001
5330	45284	15	112	87	1	45284970001
5331	45285	4	109	85	1	45285822001
5332	45285	5	110	85	1	45285774001
5333	45285	9	110	86	1	45285465001
5334	45285	10	111	86	1	45285575001
5335	45286	0	109	84	1	45286581000
5336	45286	13	110	87	1	45286784000
5337	45286	14	111	87	1	45286799001
5338	45287	4	109	85	1	45287705001
5339	45287	8	109	86	1	45287176001
5340	45287	9	110	86	1	45287292001
5341	45288	12	109	87	1	45288129000
5342	45289	8	109	86	1	45289575000
5343	45289	13	110	87	1	45289029000
5344	45290	12	109	87	1	45290072001
5345	45294	6	111	85	1	45294137000
5346	45511	3	112	84	0	45511421000
5347	45511	11	112	86	0	45511798000
5348	45511	15	112	87	0	45511505000
5349	45512	7	112	85	0	45512085000
5350	45513	2	111	84	0	45513293000
5351	45513	3	112	84	0	45513467000
5352	45513	6	111	85	0	45513595001
5353	45513	10	111	86	0	45513201001
5354	45513	11	112	86	0	45513819000
5355	45513	14	111	87	0	45513224001
5356	45513	15	112	87	0	45513238001
5357	45514	7	112	85	0	45514260000
5358	45514	9	110	86	0	45514945000
5359	45514	13	110	87	0	45514872000
5360	45515	1	110	84	0	45515072001
5361	45515	2	111	84	0	45515264001
5362	45515	5	110	85	0	45515235000
5363	45515	6	111	85	0	45515833001
5364	45515	8	109	86	0	45515581000
5365	45515	10	111	86	0	45515274000
5366	45515	14	111	87	0	45515636001
5367	45516	0	109	84	0	45516527001
5368	45516	4	109	85	0	45516316001
5369	45516	12	109	87	0	45516410001
5370	45517	1	110	84	0	45517002000
5371	45517	5	110	85	0	45517794001
5372	45517	8	109	86	0	45517429000
5373	45517	9	110	86	0	45517322000
5374	45517	13	110	87	0	45517273001
5375	45517	15	112	87	0	45517121001
5376	45518	0	109	84	0	45518844001
5377	45518	4	109	85	0	45518577001
5378	45518	12	109	87	0	45518748001
5379	45522	15	112	87	0	45522360000
5380	45533	3	112	84	1	45533685000
5381	45534	2	111	84	1	45534510000
5382	45534	7	112	85	1	45534818001
5383	45535	1	110	84	1	45535560001
5384	45535	6	111	85	1	45535074001
5385	45535	11	112	86	1	45535885001
5386	45536	0	109	84	1	45536255000
5387	45536	5	110	85	1	45536376000
5388	45536	6	111	85	1	45536471000
5389	45536	10	111	86	1	45536552001
5390	45536	15	112	87	1	45536482000
5391	45537	4	109	85	1	45537365001
5392	45537	9	110	86	1	45537525001
5393	45537	14	111	87	1	45537347000
5394	45538	2	111	84	1	45538017001
5395	45538	5	110	85	1	45538218001
5396	45538	7	112	85	1	45538259001
5397	45538	8	109	86	1	45538453000
5398	45538	12	109	87	1	45538999000
5399	45538	13	110	87	1	45538473001
5400	45538	15	112	87	1	45538386001
5401	45539	1	110	84	1	45539979001
5402	45539	14	111	87	1	45539502000
5403	45541	12	109	87	1	45541300000
5404	45563	3	112	84	1	45563139000
5405	45567	0	109	84	1	45567180001
5406	45567	11	112	86	1	45567130000
5407	45712	3	112	84	0	45712280000
5408	45712	11	112	86	0	45712518001
5409	45770	12	109	87	0	45770243001
5410	45814	12	109	87	1	45814985000
5411	45859	2	111	84	0	45859868000
5412	46059	12	109	87	0	46059718001
5413	46060	8	109	86	0	46060370000
5414	46060	9	110	86	0	46060912001
5415	46060	13	110	87	0	46060218000
5416	46060	14	111	87	0	46060486000
5417	46060	15	112	87	0	46060857000
5418	46061	4	109	85	0	46061413001
5419	46061	5	110	85	0	46061743000
5420	46061	10	111	86	0	46061395000
5421	46061	11	112	86	0	46061596001
5422	46062	0	109	84	0	46062077001
5423	46062	1	110	84	0	46062575001
5424	46062	2	111	84	0	46062839001
5425	46062	6	111	85	0	46062431001
5426	46062	7	112	85	0	46062676001
5427	46062	12	109	87	0	46062217000
5428	46062	14	111	87	0	46062750001
5429	46062	15	112	87	0	46062891001
5430	46063	3	112	84	0	46063202000
5431	46063	9	110	86	0	46063813001
5432	46063	11	112	86	0	46063663000
5433	46064	2	111	84	0	46064661001
5434	46064	7	112	85	0	46064971000
5435	46064	8	109	86	0	46064172000
5436	46064	10	111	86	0	46064334001
5437	46065	1	110	84	0	46065074001
5438	46065	3	112	84	0	46065216000
5439	46065	4	109	85	0	46065588000
5440	46065	5	110	85	0	46065072001
5441	46069	2	111	84	0	46069843000
5442	46071	13	110	87	0	46071351000
5443	46077	14	111	87	0	46077886000
5444	46082	15	112	87	1	46082372000
5445	46083	11	112	86	1	46083929000
5446	46083	13	110	87	1	46083720000
5447	46083	14	111	87	1	46083030001
5448	46084	10	111	86	1	46084429000
5449	46084	12	109	87	1	46084603001
5450	46084	14	111	87	1	46084794001
5451	46084	15	112	87	1	46084116001
5452	46085	6	111	85	1	46085764000
5453	46085	7	112	85	1	46085173000
5454	46085	8	109	86	1	46085949000
5455	46085	9	110	86	1	46085225001
5456	46085	11	112	86	1	46085886001
5457	46085	13	110	87	1	46085627001
5458	46086	3	112	84	1	46086500001
5459	46086	5	110	85	1	46086702001
5460	46086	7	112	85	1	46086931000
5461	46086	10	111	86	1	46086286001
5462	46086	12	109	87	1	46086425000
5463	46087	1	110	84	1	46087866000
5464	46087	2	111	84	1	46087062001
5465	46087	4	109	85	1	46087471001
5466	46087	6	111	85	1	46087513001
5467	46087	8	109	86	1	46087936000
5468	46087	9	110	86	1	46087107001
5469	46088	0	109	84	1	46088790001
5470	46088	3	112	84	1	46088665000
5471	46088	5	110	85	1	46088422001
5472	46089	1	110	84	1	46089989001
5473	46089	2	111	84	1	46089155000
5474	46089	4	109	85	1	46089403000
5475	46091	0	109	84	1	46091058001
5476	46129	0	109	84	0	46129649001
5477	46130	1	110	84	0	46130651000
5478	46131	2	111	84	0	46131294000
5479	46131	3	112	84	0	46131704000
5480	46133	0	109	84	0	46133228001
5481	46133	1	110	84	0	46133096001
5482	46133	4	109	85	0	46133535001
5483	46134	5	110	85	0	46134197000
5484	46135	3	112	84	1	46135050000
5485	46135	6	111	85	0	46135498000
5486	46136	2	111	84	1	46136263000
5487	46136	5	110	85	0	46136663000
5488	46136	8	109	86	0	46136957001
5489	46137	1	110	84	1	46137057000
5490	46137	4	109	85	0	46137236001
5491	46137	6	111	85	1	46137368001
5492	46137	9	110	86	0	46137718000
5493	46138	0	109	84	1	46138249001
5494	46138	5	110	85	1	46138705001
5495	46139	4	109	85	1	46139660000
5496	46140	9	110	86	1	46140350000
5497	46141	8	109	86	1	46141209001
5498	46304	12	109	87	0	46304916000
5499	46305	4	109	85	0	46305831000
5500	46305	8	109	86	0	46305174001
5501	46305	13	110	87	0	46305700001
5502	46306	0	109	84	0	46306480001
5503	46306	5	110	85	0	46306677001
5504	46306	9	110	86	0	46306145001
5505	46306	14	111	87	0	46306616000
5506	46307	1	110	84	0	46307428001
5507	46307	6	111	85	0	46307788001
5508	46307	8	109	86	0	46307460000
5509	46307	10	111	86	0	46307054001
5510	46307	12	109	87	0	46307683000
5511	46307	15	112	87	0	46307312001
5512	46308	2	111	84	0	46308140001
5513	46308	3	112	84	0	46308802000
5514	46308	4	109	85	0	46308102000
5515	46308	5	110	85	0	46308987001
5516	46308	7	112	85	0	46308793001
5517	46308	9	110	86	0	46308400000
5518	46308	11	112	86	0	46308153000
5519	46308	13	110	87	0	46308515000
5520	46308	14	111	87	0	46308572000
5521	46309	0	109	84	0	46309573000
5522	46309	6	111	85	0	46309869000
5523	46309	10	111	86	0	46309364001
5524	46309	11	112	86	0	46309953000
5525	46309	15	112	87	0	46309352000
5526	46310	1	110	84	0	46310188001
5527	46310	2	111	84	0	46310188001
5528	46310	3	112	84	0	46310742000
5529	46310	7	112	85	0	46310844001
5530	46310	8	109	86	0	46310975000
5531	46311	12	109	87	0	46311680001
5532	46317	4	109	85	0	46317054000
5533	46326	15	112	87	0	46326800000
5534	46327	2	111	84	0	46327833000
5535	46334	0	109	84	1	46334488001
5536	46334	4	109	85	1	46334846000
5537	46335	1	110	84	1	46335633001
5538	46335	8	109	86	1	46335245001
5539	46335	12	109	87	1	46335704000
5540	46336	5	110	85	1	46336028000
5541	46336	9	110	86	1	46336435001
5542	46337	2	111	84	1	46337257001
5543	46337	6	111	85	1	46337392001
5544	46337	10	111	86	1	46337974001
5545	46337	13	110	87	1	46337011000
5546	46338	1	110	84	1	46338662000
5547	46338	3	112	84	1	46338401000
5548	46338	14	111	87	1	46338558000
5549	46339	6	111	85	1	46339084000
5550	46339	7	112	85	1	46339121000
5551	46339	11	112	86	1	46339543000
5552	46339	15	112	87	1	46339640001
5553	46340	9	110	86	1	46340706000
5554	46341	5	110	85	1	46341052000
5555	46341	15	112	87	1	46341510000
5556	46342	7	112	85	1	46342589001
5557	46342	14	111	87	1	46342508001
5558	46343	3	112	84	1	46343750000
5559	46343	11	112	86	1	46343261000
5560	46356	12	109	87	1	46356238000
5561	46385	8	109	86	1	46385767001
5562	46387	2	111	84	1	46387821001
5563	46388	10	111	86	1	46388947001
5564	46469	3	112	84	0	46469279000
5565	46470	2	111	84	0	46470815001
5566	46471	3	112	84	0	46471671001
5567	46471	7	112	85	0	46471036000
5568	46472	1	110	84	0	46472967000
5569	46472	2	111	84	0	46472794001
5570	46472	11	112	86	0	46472495001
5571	46473	6	111	85	0	46473080001
5572	46473	7	112	85	0	46473447000
5573	46473	10	111	86	0	46473984001
5574	46473	15	112	87	0	46473852001
5575	46474	5	110	85	0	46474729001
5576	46474	11	112	86	0	46474807000
5577	46475	0	109	84	0	46475250001
5578	46475	1	110	84	1	46475325000
5579	46475	2	111	84	0	46475333000
5580	46475	14	111	87	0	46475729001
5581	46475	15	112	87	0	46475939001
5582	46476	4	109	85	0	46476882001
5583	46476	6	111	85	0	46476363000
5584	46476	9	110	86	0	46476054000
5585	46476	10	111	86	0	46476718000
5586	46477	5	110	85	0	46477112000
5587	46477	8	109	86	0	46477410000
5588	46477	11	112	86	0	46477714000
5589	46478	0	109	84	0	46478266000
5590	46478	9	110	86	0	46478533000
5591	46478	13	110	87	0	46478354001
5592	46478	14	111	87	0	46478099000
5593	46479	5	110	85	0	46479853000
5594	46479	8	109	86	0	46479838001
5595	46479	12	109	87	0	46479869001
5596	46479	15	112	87	0	46479080001
5597	46480	4	109	85	0	46480089000
5598	46480	10	111	86	0	46480952001
5599	46481	13	110	87	0	46481906001
5600	46482	8	109	86	0	46482914001
5601	46482	9	110	86	0	46482674001
5602	46482	12	109	87	0	46482698000
5603	46482	14	111	87	0	46482015000
5604	46482	15	112	87	1	46482901000
5605	46484	3	112	84	1	46484682000
5606	46485	7	112	85	1	46485272001
5607	46485	11	112	86	1	46485363000
5608	46487	2	111	84	1	46487891000
5609	46487	3	112	84	1	46487467001
5610	46487	15	112	87	1	46487376000
5611	46488	7	112	85	1	46488055001
5612	46488	11	112	86	1	46488703001
5613	46489	6	111	85	1	46489126000
5614	46489	10	111	86	1	46489599000
5615	46489	12	109	87	0	46489405000
5616	46489	14	111	87	1	46489598001
5617	46490	15	112	87	1	46490402001
5618	46492	3	112	84	1	46492698000
5619	46492	6	111	85	1	46492231001
5620	46493	2	111	84	1	46493158001
5621	46493	5	110	85	1	46493384000
5622	46493	7	112	85	1	46493831000
5623	46493	10	111	86	1	46493452000
5624	46493	14	111	87	1	46493481001
5625	46494	6	111	85	1	46494886001
5626	46495	3	112	84	0	46495490001
5627	46495	13	110	87	1	46495439000
5628	46496	9	110	86	1	46496161001
5629	46498	2	111	84	0	46498026001
5630	46498	3	112	84	0	46498905001
5631	46498	14	111	87	1	46498866000
5632	46499	13	110	87	1	46499982001
5633	46500	6	111	85	0	46500051000
5634	46500	7	112	85	0	46500305000
5635	46500	9	110	86	1	46500026000
5636	46501	2	111	84	0	46501415001
5637	46501	12	109	87	1	46501831001
5638	46502	3	112	84	0	46502798000
5639	46503	7	112	85	0	46503009000
5640	46503	8	109	86	1	46503482000
5641	46504	6	111	85	0	46504048000
5642	46504	9	110	86	0	46504076000
5643	46505	10	111	86	0	46505949001
5644	46507	2	111	84	0	46507361001
5645	46507	7	112	85	0	46507538001
5646	46507	11	112	86	0	46507043001
5647	46508	5	110	85	0	46508757001
5648	46509	6	111	85	0	46509001000
5649	46509	9	110	86	0	46509158000
5650	46509	10	111	86	0	46509464001
5651	46509	14	111	87	0	46509991000
5652	46510	3	112	84	0	46510908001
5653	46510	7	112	85	0	46510965000
5654	46510	11	112	86	0	46510313001
5655	46510	13	110	87	0	46510072001
5656	46511	8	109	86	0	46511028001
5657	46512	11	112	86	0	46512615001
5658	46512	14	111	87	0	46512632001
5659	46512	15	112	87	0	46512259000
5660	46514	10	111	86	0	46514230000
5661	46514	12	109	87	0	46514594001
5662	46514	13	110	87	0	46514952001
5663	46514	15	112	87	0	46514499001
5664	46516	14	111	87	0	46516681000
5665	46517	15	112	87	0	46517643000
5666	46518	11	112	86	0	46518132001
5667	46521	13	110	87	0	46521083000
5668	46521	14	111	87	0	46521732000
5669	46521	15	112	87	0	46521339000
5670	46522	3	112	84	1	46522591000
5671	46523	2	111	84	1	46523690001
5672	46524	1	110	84	1	46524514001
5673	46525	0	109	84	1	46525522001
5674	46525	2	111	84	1	46525951000
5675	46525	3	112	84	1	46525601001
5676	46526	10	111	86	0	46526744001
5677	46527	1	110	84	1	46527142000
5678	46527	6	111	85	1	46527874000
5679	46527	7	112	85	1	46527357001
5680	46528	0	109	84	1	46528268000
5681	46528	5	110	85	1	46528785000
5682	46529	4	109	85	1	46529643000
5683	46529	6	111	85	1	46529858000
5684	46529	7	112	85	1	46529924001
5685	46530	5	110	85	1	46530958000
5686	46531	4	109	85	1	46531856000
5687	46531	10	111	86	1	46531307000
5688	46531	11	112	86	1	46531643001
5689	46532	9	110	86	1	46532847001
5690	46533	8	109	86	1	46533310000
5691	46533	10	111	86	1	46533822001
5692	46534	11	112	86	1	46534336001
5693	46535	8	109	86	1	46535811001
5694	46535	9	110	86	1	46535007000
5695	46535	15	112	87	1	46535370001
5696	46536	6	111	85	1	46536996001
5697	46536	13	110	87	1	46536494000
5698	46536	14	111	87	1	46536053001
5699	46537	12	109	87	1	46537647000
5700	46537	15	112	87	1	46537416001
5701	46538	13	110	87	1	46538958001
5702	46538	14	111	87	1	46538249001
5703	46541	12	109	87	1	46541256000
5704	46553	15	112	87	1	46553303000
5705	46653	15	112	87	0	46653283001
5706	46797	12	109	87	0	46797770000
5707	46798	8	109	86	0	46798984000
5708	46800	4	109	85	0	46800881000
5709	46800	12	109	87	0	46800190001
5710	46800	13	110	87	0	46800604000
5711	46801	8	109	86	0	46801460000
5712	46802	0	109	84	0	46802615001
5713	46802	9	110	86	0	46802348001
5714	46803	4	109	85	0	46803716001
5715	46803	5	110	85	0	46803958001
5716	46803	12	109	87	0	46803628001
5717	46803	13	110	87	0	46803338001
5718	46804	14	111	87	0	46804275000
5719	46805	0	109	84	0	46805902001
5720	46805	1	110	84	0	46805398001
5721	46805	8	109	86	0	46805121000
5722	46805	9	110	86	0	46805732000
5723	46806	5	110	85	0	46806678000
5724	46806	10	111	86	0	46806351000
5725	46806	15	112	87	0	46806427000
5726	46807	4	109	85	0	46807626000
5727	46807	6	111	85	0	46807245001
5728	46807	12	109	87	1	46807406000
5729	46808	1	110	84	0	46808212000
5730	46809	2	111	84	0	46809836000
5731	46809	10	111	86	0	46809604000
5732	46809	12	109	87	1	46809972001
5733	46809	13	110	87	1	46809165000
5734	46809	15	112	87	0	46809467000
5735	46810	0	109	84	0	46810596001
5736	46810	5	110	85	0	46810304001
5737	46810	6	111	85	0	46810081001
5738	46810	8	109	86	1	46810123000
5739	46810	9	110	86	1	46810891000
5740	46810	11	112	86	0	46810135001
5741	46811	1	110	84	0	46811962001
5742	46811	14	111	87	1	46811032000
5743	46812	2	111	84	0	46812557000
5744	46812	13	110	87	1	46812035001
5745	46812	15	112	87	1	46812306000
5746	46813	5	110	85	1	46813561000
5747	46813	7	112	85	0	46813027000
5748	46813	8	109	86	1	46813216000
5749	46813	9	110	86	1	46813911000
5750	46814	3	112	84	0	46814610001
5751	46814	4	109	85	1	46814066000
5752	46814	10	111	86	1	46814473000
5753	46817	0	109	84	1	46817559001
5754	46817	3	112	84	0	46817895000
5755	46817	4	109	85	1	46817558000
5756	46817	5	110	85	1	46817397000
5757	46817	7	112	85	0	46817273000
5758	46817	11	112	86	1	46817210001
5759	46818	1	110	84	1	46818816000
5760	46819	6	111	85	1	46819689001
5761	46820	5	110	85	1	46820588001
5762	46821	9	110	86	1	46821870000
5763	46822	7	112	85	1	46822177001
5764	46824	0	109	84	1	46824278000
5765	46824	1	110	84	1	46824073000
5766	46824	4	109	85	1	46824574000
5767	46828	6	111	85	1	46828471001
5768	46833	1	110	84	0	46833919001
5769	46833	7	112	85	0	46833334001
5770	46834	0	109	84	0	46834972001
5771	46834	3	112	84	1	46834874000
5772	46834	4	109	85	0	46834820001
5773	46834	5	110	85	0	46834851001
5774	46834	6	111	85	0	46834257001
5775	46837	1	110	84	0	46837974001
5776	46838	4	109	85	0	46838159000
5777	46838	5	110	85	0	46838365001
5778	46838	9	110	86	0	46838493000
5779	46838	11	112	86	0	46838342000
5780	46839	6	111	85	0	46839987001
5781	46839	7	112	85	1	46839365001
5782	46839	10	111	86	0	46839590001
5783	46840	0	109	84	0	46840262001
5784	46840	2	111	84	1	46840349001
5785	46840	8	109	86	0	46840668001
5786	46841	4	109	85	0	46841894001
5787	46841	9	110	86	0	46841341000
5788	46843	6	111	85	1	46843264000
5789	46843	8	109	86	0	46843283000
5790	46843	13	110	87	0	46843759000
5791	46843	14	111	87	0	46843728000
5792	46844	1	110	84	1	46844074000
5793	46845	9	110	86	0	46845890000
5794	46845	12	109	87	0	46845111001
5795	46846	8	109	86	0	46846123000
5796	46846	10	111	86	1	46846352001
5797	46847	0	109	84	1	46847512001
5798	46847	1	110	84	1	46847268000
5799	46847	13	110	87	0	46847425001
5800	46848	2	111	84	1	46848815001
5801	46848	5	110	85	1	46848002001
5802	46848	12	109	87	0	46848463001
5803	46849	4	109	85	1	46849560001
5804	46849	6	111	85	1	46849333001
5805	46849	14	111	87	1	46849185000
5806	46850	5	110	85	1	46850731001
5807	46850	9	110	86	1	46850180001
5808	46851	0	109	84	1	46851577000
5809	46851	8	109	86	1	46851355000
5810	46852	13	110	87	1	46852141001
5811	46853	4	109	85	1	46853179000
5812	46854	8	109	86	1	46854979000
5813	46854	12	109	87	1	46854590001
5814	46855	1	110	84	1	46855703000
5815	46855	9	110	86	1	46855832000
5816	46855	13	110	87	1	46855559000
5817	46857	4	109	85	1	46857702001
5818	46857	12	109	87	1	46857728001
5819	46863	8	109	86	1	46863499000
5820	47125	3	112	84	0	47125208001
5821	47126	2	111	84	0	47126257001
5822	47127	1	110	84	0	47127101001
5823	47130	7	112	85	0	47130064000
5824	47132	5	110	85	0	47132096000
5825	47134	7	112	85	1	47134803000
5826	47134	11	112	86	0	47134919001
5827	47135	8	109	86	0	47135741001
5828	47135	9	110	86	0	47135541001
5829	47137	15	112	87	0	47137821001
5830	47140	13	110	87	0	47140627001
5831	47141	3	112	84	1	47141538000
5832	47141	14	111	87	0	47141793000
5833	47145	9	110	86	1	47145871000
5834	47250	9	110	86	0	47250804001
5835	47254	7	112	85	0	47254629001
5836	47256	3	112	84	0	47256584001
5837	47956	3	112	84	0	47956440001
5838	47956	7	112	85	0	47956864001
5839	47956	11	112	86	0	47956428001
5840	47956	15	112	87	0	47956283000
5841	47958	2	111	84	0	47958391000
5842	47958	3	112	84	0	47958374000
5843	47958	6	111	85	0	47958790001
5844	47958	7	112	85	0	47958871001
5845	47958	10	111	86	0	47958124000
5846	47958	11	112	86	0	47958145001
5847	47958	14	111	87	0	47958187001
5848	47958	15	112	87	0	47958014000
5849	47960	1	110	84	0	47960353000
5850	47960	2	111	84	0	47960185001
5851	47960	5	110	85	0	47960361000
5852	47960	6	111	85	0	47960811000
5853	47960	9	110	86	0	47960084001
5854	47960	10	111	86	0	47960266000
5855	47960	13	110	87	0	47960146001
5856	47960	14	111	87	1	47960139000
5857	47960	15	112	87	0	47960713000
5858	47961	3	112	84	0	47961274001
5859	47961	8	109	86	0	47961395001
5860	47961	12	109	87	0	47961888001
5861	47962	0	109	84	0	47962213000
5862	47962	1	110	84	0	47962407000
5863	47962	4	109	85	0	47962272000
5864	47962	5	110	85	0	47962432000
5865	47962	9	110	86	0	47962238000
5866	47962	13	110	87	0	47962672000
5867	47963	8	109	86	0	47963366001
5868	47964	0	109	84	0	47964544001
5869	47964	2	111	84	0	47964437001
5870	47964	4	109	85	0	47964942001
5871	47964	12	109	87	0	47964866001
5872	47965	9	110	86	0	47965521001
5873	47966	11	112	86	0	47966845000
5874	47975	3	112	84	1	47975762001
5875	47976	2	111	84	1	47976612001
5876	47976	7	112	85	1	47976840001
5877	47977	1	110	84	1	47977565000
5878	47977	6	111	85	1	47977505001
5879	47977	11	112	86	1	47977701001
5880	47978	0	109	84	1	47978423000
5881	47978	5	110	85	1	47978574001
5882	47978	10	111	86	1	47978412000
5883	47978	15	112	87	1	47978421000
5884	47979	4	109	85	1	47979229001
5885	47979	6	111	85	1	47979750001
5886	47979	9	110	86	1	47979303001
5887	47979	14	111	87	1	47979160000
5888	47980	8	109	86	1	47980213000
5889	47980	12	109	87	1	47980985000
5890	47980	13	110	87	1	47980073000
5891	47981	1	110	84	1	47981271000
5892	47981	14	111	87	1	47981727000
5893	47982	15	112	87	1	47982019001
5894	47984	7	112	85	1	47984692001
5895	47984	9	110	86	1	47984221000
5896	47994	13	110	87	1	47994347000
5897	47995	2	111	84	1	47995987000
5898	47995	3	112	84	1	47995288001
5899	48005	4	109	85	1	48005188000
5900	48007	11	112	86	1	48007146000
5901	48081	11	112	86	0	48081806000
5902	48156	15	112	87	0	48156727001
5903	48159	2	111	84	0	48159464000
5904	48159	3	112	84	0	48159690000
5905	48159	7	112	85	0	48159389000
5906	48217	8	109	86	0	48217976000
5907	48217	12	109	87	0	48217851001
5908	48218	4	109	85	0	48218490001
5909	48218	9	110	86	0	48218704001
5910	48218	13	110	87	0	48218307001
5911	48219	0	109	84	0	48219233001
5912	48219	1	110	84	0	48219646000
5913	48219	5	110	85	0	48219348001
5914	48219	10	111	86	0	48219530000
5915	48219	14	111	87	0	48219039001
5916	48219	15	112	87	0	48219544000
5917	48220	2	111	84	0	48220227001
5918	48220	3	112	84	0	48220935000
5919	48220	6	111	85	0	48220089001
5920	48220	7	112	85	0	48220539001
5921	48220	8	109	86	0	48220945001
5922	48220	9	110	86	0	48220956001
5923	48220	11	112	86	0	48220102000
5924	48220	12	109	87	0	48220518000
5925	48221	1	110	84	0	48221782000
5926	48221	4	109	85	0	48221608001
5927	48221	13	110	87	0	48221112000
5928	48221	14	111	87	0	48221806001
5929	48221	15	112	87	0	48221325000
5930	48222	2	111	84	0	48222105000
5931	48222	7	112	85	0	48222432000
5932	48222	11	112	86	0	48222219001
5933	48223	3	112	84	0	48223098000
5934	48223	10	111	86	0	48223304000
5935	48226	2	111	84	0	48226101000
5936	48226	5	110	85	0	48226106001
5937	48227	6	111	85	0	48227784000
5938	48246	0	109	84	1	48246651000
5939	48248	4	109	85	1	48248691001
5940	48250	0	109	84	1	48250187000
5941	48252	1	110	84	1	48252403001
5942	48253	8	109	86	1	48253288000
5943	48254	4	109	85	1	48254860001
5944	48255	5	110	85	1	48255950000
5945	48265	8	109	86	0	48265613001
5946	48266	4	109	85	0	48266558001
5947	48267	1	110	84	0	48267955001
5948	48272	0	109	84	0	48272828000
5949	48280	1	110	84	1	48280237000
5950	48280	4	109	85	1	48280361000
5951	48281	0	109	84	1	48281170001
5952	48282	8	109	86	1	48282338001
5953	48283	1	110	84	1	48283492001
5954	48283	4	109	85	1	48283289001
5955	48283	5	110	85	1	48283352001
5956	48285	8	109	86	1	48285289000
5957	48285	12	109	87	1	48285697000
5958	48286	2	111	84	1	48286438000
5959	48286	5	110	85	1	48286281001
5960	48286	9	110	86	1	48286930000
5961	48287	1	110	84	1	48287021001
5962	48288	5	110	85	1	48288768000
5963	48288	12	109	87	1	48288284000
5964	48289	2	111	84	1	48289162000
5965	48289	6	111	85	1	48289532001
5966	48289	9	110	86	1	48289686001
5967	48290	3	112	84	1	48290849001
5968	48290	13	110	87	1	48290138000
5969	48291	10	111	86	1	48291966001
5970	48292	6	111	85	1	48292030000
5971	48292	8	109	86	1	48292802001
5972	48292	13	110	87	1	48292740001
5973	48293	3	112	84	1	48293477001
5974	48293	7	112	85	1	48293301000
5975	48293	9	110	86	1	48293543000
5976	48293	12	109	87	1	48293675001
5977	48294	2	111	84	1	48294850001
5978	48294	10	111	86	1	48294455000
5979	48294	14	111	87	1	48294083001
5980	48295	6	111	85	1	48295211001
5981	48295	7	112	85	1	48295797000
5982	48295	11	112	86	1	48295362000
5983	48296	14	111	87	1	48296555000
5984	48297	11	112	86	1	48297624000
5985	48297	15	112	87	1	48297092000
5986	48299	15	112	87	1	48299184001
5987	48301	3	112	84	1	48301926001
5988	48301	14	111	87	1	48301285000
5989	48303	13	110	87	1	48303172001
5990	48304	10	111	86	1	48304162000
5991	48305	7	112	85	1	48305199001
5992	48305	15	112	87	1	48305200000
5993	48419	0	109	84	0	48419129000
5994	48419	4	109	85	0	48419910001
5995	48420	8	109	86	0	48420337001
5996	48421	0	109	84	0	48421830000
5997	48421	1	110	84	0	48421610001
5998	48421	5	110	85	0	48421783000
5999	48421	12	109	87	0	48421751001
6000	48422	4	109	85	0	48422711000
6001	48422	8	109	86	0	48422625001
6002	48422	9	110	86	0	48422104000
6003	48422	13	110	87	0	48422817001
6004	48424	1	110	84	0	48424765001
6005	48424	10	111	86	0	48424438001
6006	48424	12	109	87	0	48424868001
6007	48424	14	111	87	0	48424913001
6008	48425	5	110	85	0	48425178001
6009	48425	9	110	86	0	48425584001
6010	48425	13	110	87	0	48425195001
6011	48426	2	111	84	0	48426428001
6012	48426	6	111	85	0	48426241000
6013	48426	8	109	86	0	48426011001
6014	48426	10	111	86	0	48426697000
6015	48426	15	112	87	0	48426970000
6016	48427	0	109	84	0	48427540001
6017	48427	14	111	87	0	48427856000
6018	48429	15	112	87	0	48429955000
6019	48430	9	110	86	0	48430747001
6020	48430	13	110	87	0	48430817000
6021	48431	1	110	84	1	48431623001
6022	48431	14	111	87	0	48431593000
6023	48432	11	112	86	0	48432206001
6024	48434	1	110	84	1	48434794001
6025	48435	0	109	84	1	48435068001
6026	48435	5	110	85	1	48435871000
6027	48436	6	111	85	1	48436131001
6028	48437	9	110	86	1	48437019000
6029	48438	0	109	84	1	48438622001
6030	48438	4	109	85	1	48438754001
6031	48438	10	111	86	1	48438969000
6032	48439	5	110	85	1	48439754001
6033	48441	4	109	85	1	48441923001
6034	48441	15	112	87	1	48441574001
6035	48442	9	110	86	1	48442447001
6036	48444	8	109	86	1	48444004000
6037	48444	14	111	87	1	48444606000
6038	48445	4	109	85	1	48445599001
6039	48445	9	110	86	1	48445696000
6040	48446	13	110	87	1	48446151001
6041	48447	10	111	86	1	48447978000
6042	48448	8	109	86	1	48448293000
6043	48448	14	111	87	1	48448954001
6044	48448	15	112	87	1	48448920001
6045	48450	13	110	87	1	48450557001
6046	48451	12	109	87	1	48451689001
6047	48454	5	110	85	1	48454487000
6048	48454	8	109	86	1	48454407001
6049	48455	9	110	86	1	48455408000
6050	48455	13	110	87	1	48455434001
6051	48457	12	109	87	1	48457692001
6052	48469	12	109	87	0	48469813001
6053	48469	13	110	87	0	48469235000
6054	48471	14	111	87	0	48471236000
6055	48471	15	112	87	0	48471743001
6056	48472	13	110	87	0	48472781000
6057	48473	12	109	87	0	48473214000
6058	48473	14	111	87	0	48473842000
6059	48474	8	109	86	0	48474121001
6060	48474	9	110	86	0	48474649000
6061	48474	15	112	87	0	48474341001
6062	48476	8	109	86	0	48476847000
6063	48476	10	111	86	0	48476858000
6064	48476	13	110	87	0	48476951000
6065	48476	14	111	87	0	48476930001
6066	48476	15	112	87	0	48476749000
6067	48477	9	110	86	0	48477433000
6068	48479	8	109	86	0	48479748001
6069	48479	10	111	86	0	48479419000
6070	48479	11	112	86	0	48479908001
6071	48479	12	109	87	0	48479413001
6072	48480	9	110	86	0	48480756000
6073	48480	15	112	87	0	48480793000
6074	48481	4	109	85	0	48481465000
6075	48481	5	110	85	0	48481115001
6076	48481	10	111	86	0	48481982001
6077	48481	14	111	87	0	48481503001
6078	48482	11	112	86	0	48482205001
6079	48483	5	110	85	0	48483869000
6080	48483	7	112	85	0	48483291001
6081	48483	9	110	86	0	48483391000
6082	48484	4	109	85	0	48484468000
6083	48484	6	111	85	0	48484336000
6084	48484	11	112	86	0	48484959001
6085	48485	8	109	86	0	48485532000
6086	48486	7	112	85	0	48486399000
6087	48486	10	111	86	1	48486321001
6088	48487	0	109	84	0	48487104001
6089	48487	3	112	84	0	48487710000
6090	48487	5	110	85	0	48487402001
6091	48487	6	111	85	0	48487365000
6092	48488	1	110	84	0	48488430001
6093	48488	4	109	85	0	48488009000
6094	48489	7	112	85	0	48489419000
6095	48489	11	112	86	0	48489027000
6096	48490	0	109	84	0	48490617000
6097	48490	2	111	84	0	48490004000
6098	48491	1	110	84	0	48491143001
6099	48491	6	111	85	0	48491394000
6100	48492	3	112	84	0	48492704001
6101	48493	2	111	84	0	48493393000
6102	48495	1	110	84	0	48495919001
6103	48496	0	109	84	0	48496715001
6104	48497	11	112	86	1	48497828000
6105	48498	2	111	84	1	48498960001
6106	48498	7	112	85	1	48498354000
6107	48498	15	112	87	1	48498628001
6108	48499	6	111	85	1	48499636001
6109	48499	10	111	86	1	48499975000
6110	48499	11	112	86	1	48499873001
6111	48499	14	111	87	1	48499734001
6112	48500	1	110	84	1	48500484000
6113	48500	3	112	84	1	48500305000
6114	48500	15	112	87	1	48500399001
6115	48501	0	109	84	1	48501689000
6116	48501	5	110	85	1	48501246001
6117	48501	6	111	85	1	48501462001
6118	48501	9	110	86	1	48501299001
6119	48501	13	110	87	1	48501351000
6120	48501	14	111	87	1	48501426001
6121	48502	1	110	84	1	48502461001
6122	48502	4	109	85	1	48502572001
6123	48502	5	110	85	1	48502955000
6124	48502	7	112	85	1	48502704001
6125	48502	8	109	86	1	48502820000
6126	48502	10	111	86	1	48502182000
6127	48502	12	109	87	1	48502489000
6128	48503	0	109	84	1	48503841001
6129	48503	9	110	86	1	48503064001
6130	48504	4	109	85	1	48504697000
6131	48504	12	109	87	1	48504468001
6132	48504	13	110	87	1	48504156001
6133	48505	8	109	86	1	48505753000
6134	48857	0	109	84	0	48857895000
6135	48857	1	110	84	0	48857769000
6136	48857	2	111	84	0	48857580000
6137	48857	3	112	84	0	48857407001
6138	48859	1	110	84	0	48859953000
6139	48859	2	111	84	0	48859539000
6140	48859	3	112	84	0	48859559000
6141	48859	4	109	85	0	48859585001
6142	48859	5	110	85	0	48859173000
6143	48859	6	111	85	0	48859207000
6144	48859	7	112	85	0	48859039001
6145	48860	0	109	84	0	48860353001
6146	48860	8	109	86	0	48860520001
6147	48860	9	110	86	0	48860632001
6148	48860	10	111	86	0	48860296000
6149	48860	11	112	86	0	48860214000
6150	48861	5	110	85	0	48861211000
6151	48861	6	111	85	0	48861335000
6152	48861	7	112	85	0	48861107000
6153	48861	14	111	87	0	48861920000
6154	48861	15	112	87	0	48861640001
6155	48862	4	109	85	0	48862315001
6156	48862	8	109	86	0	48862805001
6157	48862	9	110	86	0	48862725000
6158	48862	10	111	86	0	48862544000
6159	48862	11	112	86	0	48862360001
6160	48862	12	109	87	0	48862402001
6161	48862	13	110	87	0	48862181000
6162	48863	14	111	87	0	48863898000
6163	48863	15	112	87	0	48863607001
6164	48864	13	110	87	0	48864670001
6165	48865	12	109	87	0	48865014001
6166	48867	11	112	86	0	48867435001
6167	48868	15	112	87	0	48868060000
6168	48874	3	112	84	1	48874005000
6169	48874	7	112	85	1	48874821000
6170	48874	11	112	86	1	48874932001
6171	48875	2	111	84	1	48875240000
6172	48875	6	111	85	1	48875481001
6173	48875	10	111	86	1	48875642000
6174	48875	15	112	87	1	48875411000
6175	48876	0	109	84	1	48876857001
6176	48876	1	110	84	1	48876053000
6177	48876	4	109	85	1	48876995001
6178	48876	5	110	85	1	48876444000
6179	48876	9	110	86	1	48876806001
6180	48876	14	111	87	1	48876249001
6181	48877	8	109	86	1	48877690001
6182	48877	12	109	87	1	48877743001
6183	48877	13	110	87	1	48877124001
6184	49137	3	112	84	0	49137709000
6185	49139	2	111	84	0	49139537000
6186	49287	8	109	86	0	49287687000
6187	49288	0	109	84	0	49288276001
6188	49288	4	109	85	0	49288219001
6189	49288	12	109	87	0	49288121000
6190	49289	1	110	84	0	49289340001
6191	49289	5	110	85	0	49289208000
6192	49289	8	109	86	0	49289764000
6193	49289	9	110	86	0	49289012001
6194	49289	13	110	87	0	49289037001
6195	49290	2	111	84	0	49290430000
6196	49290	6	111	85	0	49290484000
6197	49290	10	111	86	0	49290206001
6198	49290	12	109	87	0	49290636000
6199	49290	14	111	87	0	49290084000
6200	49291	3	112	84	0	49291384001
6201	49291	5	110	85	0	49291871000
6202	49291	7	112	85	0	49291331001
6203	49291	9	110	86	0	49291146001
6204	49291	11	112	86	0	49291134001
6205	49291	15	112	87	0	49291027001
6206	49292	1	110	84	0	49292533000
6207	49292	2	111	84	0	49292345001
6208	49292	4	109	85	0	49292726000
6209	49292	10	111	86	0	49292457001
6210	49292	14	111	87	0	49292018001
6211	49293	0	109	84	0	49293502000
6212	49293	3	112	84	0	49293643000
6213	49293	6	111	85	0	49293231000
6214	49293	7	112	85	0	49293503000
6215	49293	11	112	86	0	49293248000
6216	49293	13	110	87	0	49293128001
6217	49293	15	112	87	0	49293040000
6218	49304	12	109	87	1	49304475001
6219	49304	13	110	87	1	49304889000
6220	49305	8	109	86	1	49305410001
6221	49305	9	110	86	1	49305437001
6222	49305	14	111	87	1	49305428000
6223	49305	15	112	87	1	49305496000
6224	49306	0	109	84	1	49306770001
6225	49306	4	109	85	1	49306342000
6226	49306	5	110	85	1	49306270001
6227	49306	6	111	85	1	49306925000
6228	49306	10	111	86	1	49306074001
6229	49306	11	112	86	1	49306747000
6230	49307	1	110	84	1	49307258000
6231	49307	2	111	84	1	49307892001
6232	49307	7	112	85	1	49307306001
6233	49308	3	112	84	1	49308106001
6234	49308	5	110	85	1	49308470001
6235	49308	9	110	86	1	49308737001
6236	49309	6	111	85	1	49309265001
6237	49309	15	112	87	1	49309512001
6238	49310	1	110	84	1	49310713000
6239	49326	7	112	85	1	49326917001
6240	49393	8	109	86	0	49393824001
6241	49396	5	110	85	0	49396504000
6242	49397	1	110	84	0	49397948001
6243	49476	2	111	84	0	49476720001
6244	49476	3	112	84	0	49476599000
6245	49477	0	109	84	0	49477096000
6246	49477	1	110	84	0	49477032001
6247	49477	4	109	85	0	49477822000
6248	49477	5	110	85	0	49477822000
6249	49477	6	111	85	0	49477575000
6250	49477	7	112	85	0	49477325001
6251	49477	11	112	86	0	49477952000
6252	49478	8	109	86	0	49478398001
6253	49478	9	110	86	0	49478172000
6254	49478	10	111	86	0	49478067001
6255	49478	14	111	87	0	49478943000
6256	49478	15	112	87	0	49478582000
6257	49479	11	112	86	0	49479928000
6258	49479	12	109	87	0	49479291000
6259	49479	13	110	87	0	49479042000
6260	49480	2	111	84	0	49480515001
6261	49480	4	109	85	0	49480805000
6262	49480	5	110	85	0	49480095000
6263	49481	3	112	84	0	49481159000
6264	49481	7	112	85	0	49481270001
6265	49481	10	111	86	0	49481730001
6266	49482	1	110	84	0	49482935001
6267	49482	9	110	86	0	49482463001
6268	49482	15	112	87	0	49482540001
6269	49485	1	110	84	0	49485562000
6270	49486	13	110	87	0	49486430001
6271	49495	0	109	84	1	49495052000
6272	49495	1	110	84	1	49495171001
6273	49495	3	112	84	1	49495343000
6274	49495	5	110	85	1	49495049001
6275	49495	7	112	85	1	49495669000
6276	49495	11	112	86	1	49495971001
6277	49496	2	111	84	1	49496034001
6278	49496	6	111	85	1	49496501001
6279	49496	10	111	86	1	49496636001
6280	49496	15	112	87	1	49496177000
6281	49497	0	109	84	1	49497518001
6282	49497	1	110	84	1	49497029001
6283	49497	4	109	85	1	49497166000
6284	49497	5	110	85	1	49497428001
6285	49497	9	110	86	1	49497490001
6286	49497	13	110	87	1	49497846001
6287	49497	14	111	87	1	49497094000
6288	49498	4	109	85	1	49498862000
6289	49498	8	109	86	1	49498353001
6290	49498	12	109	87	1	49498707001
6291	49743	15	112	87	0	49743980001
6292	49744	3	112	84	0	49744600000
6293	49745	8	109	86	0	49745978001
6294	49793	11	112	86	0	49793766000
6295	49793	15	112	87	0	49793232000
6296	49794	7	112	85	0	49794476000
6297	49794	14	111	87	0	49794626001
6298	49795	3	112	84	0	49795082001
6299	49795	10	111	86	0	49795093001
6300	49795	11	112	86	0	49795920001
6301	49795	15	112	87	0	49795395001
6302	49796	2	111	84	0	49796143000
6303	49796	6	111	85	0	49796085000
6304	49796	7	112	85	0	49796820001
6305	49796	9	110	86	0	49796717000
6306	49796	13	110	87	0	49796256001
6307	49796	14	111	87	0	49796606001
6308	49797	1	110	84	0	49797883001
6309	49797	3	112	84	0	49797195000
6310	49797	5	110	85	0	49797384001
6311	49797	10	111	86	0	49797041000
6312	49797	12	109	87	0	49797408000
6313	49798	2	111	84	0	49798014001
6314	49798	4	109	85	0	49798727001
6315	49798	6	111	85	0	49798803000
6316	49798	8	109	86	0	49798221001
6317	49799	0	109	84	0	49799462000
6318	49799	1	110	84	0	49799889000
6319	49799	5	110	85	0	49799392001
6320	49799	9	110	86	0	49799059001
6321	49799	12	109	87	0	49799721000
6322	49799	13	110	87	0	49799825001
6323	49800	8	109	86	0	49800329000
6324	49801	0	109	84	0	49801895000
6325	49801	4	109	85	0	49801275000
6326	49804	2	111	84	0	49804591000
6327	49807	12	109	87	1	49807408001
6328	49807	15	112	87	1	49807935000
6329	49808	13	110	87	1	49808629001
6330	49808	14	111	87	1	49808813000
6331	49810	9	110	86	1	49810269000
6332	49811	12	109	87	1	49811548000
6333	49812	8	109	86	1	49812000001
6334	49812	10	111	86	1	49812683000
6335	49812	11	112	86	1	49812801001
6336	49812	13	110	87	1	49812148001
6337	49812	14	111	87	1	49812136001
6338	49812	15	112	87	1	49812404000
6339	49813	9	110	86	1	49813736000
6340	49814	14	111	87	1	49814772000
6341	49815	5	110	85	1	49815667000
6342	49815	8	109	86	1	49815617000
6343	49815	15	112	87	1	49815135001
6344	49816	4	109	85	1	49816358001
6345	49817	6	111	85	1	49817057000
6346	49817	7	112	85	1	49817995001
6347	49817	9	110	86	1	49817334000
6348	49817	10	111	86	1	49817342001
6349	49817	11	112	86	1	49817507000
6350	49819	5	110	85	1	49819516000
6351	49819	8	109	86	1	49819900000
6352	49820	0	109	84	1	49820344000
6353	49820	1	110	84	1	49820035000
6354	49820	4	109	85	1	49820239000
6355	49821	6	111	85	1	49821251000
6356	49821	10	111	86	1	49821534001
6357	49821	11	112	86	1	49821725000
6358	49822	2	111	84	1	49822123000
6359	49822	3	112	84	1	49822080001
6360	49822	5	110	85	1	49822085000
6361	49822	7	112	85	1	49822514001
6362	49823	1	110	84	1	49823854001
6363	49823	6	111	85	1	49823741001
6364	49823	12	109	87	1	49823360001
6365	49824	0	109	84	1	49824849000
6366	49824	4	109	85	1	49824934001
6367	49824	9	110	86	1	49824922000
6368	49825	7	112	85	1	49825463001
6369	49826	1	110	84	1	49826963000
6370	49826	2	111	84	1	49826391000
6371	49826	3	112	84	1	49826580000
6372	49828	0	109	84	1	49828822000
6373	49828	2	111	84	1	49828769001
6374	49829	3	112	84	1	49829579001
6375	49831	1	110	84	1	49831722001
6376	49833	5	110	85	1	49833671001
6377	49843	13	110	87	1	49843562000
6378	49845	3	112	84	1	49845520001
6379	50127	15	112	87	0	50127455001
6380	50128	8	109	86	0	50128030001
6381	50128	9	110	86	0	50128309000
6382	50128	11	112	86	0	50128075001
6383	50129	3	112	84	0	50129909001
6384	50129	7	112	85	0	50129292000
6385	50154	14	111	87	0	50154736001
6386	50154	15	112	87	0	50154577000
6387	50155	10	111	86	0	50155281000
6388	50155	11	112	86	0	50155317001
6389	50155	12	109	87	0	50155859000
6390	50155	13	110	87	0	50155402001
6391	50156	2	111	84	0	50156929000
6392	50156	3	112	84	0	50156744000
6393	50156	5	110	85	0	50156630000
6394	50156	6	111	85	0	50156408001
6395	50156	7	112	85	0	50156248000
6396	50156	8	109	86	0	50156604000
6397	50156	9	110	86	0	50156315000
6398	50157	0	109	84	1	50157889001
6399	50157	1	110	84	0	50157427001
6400	50157	4	109	85	0	50157236001
6401	50157	11	112	86	0	50157493000
6402	50157	14	111	87	0	50157450001
6403	50158	5	110	85	0	50158875001
6404	50158	7	112	85	0	50158597001
6405	50158	13	110	87	0	50158137001
6406	50159	3	112	84	0	50159580000
6407	50160	8	109	86	0	50160983000
6408	50160	15	112	87	0	50160944000
6409	50161	2	111	84	0	50161060000
6410	50164	15	112	87	1	50164840001
6411	50165	10	111	86	1	50165845000
6412	50165	11	112	86	1	50165294000
6413	50165	13	110	87	1	50165555001
6414	50165	14	111	87	1	50165046000
6415	50166	3	112	84	1	50166717000
6416	50166	5	110	85	1	50166796000
6417	50166	6	111	85	1	50166531000
6418	50166	7	112	85	1	50166284000
6419	50166	8	109	86	1	50166735000
6420	50166	9	110	86	1	50166096001
6421	50166	12	109	87	1	50166062001
6422	50167	0	109	84	1	50167964001
6423	50167	1	110	84	1	50167588001
6424	50167	2	111	84	1	50167274000
6425	50167	4	109	85	1	50167349000
6426	50254	15	112	87	0	50254401000
6427	50255	11	112	86	0	50255597001
6428	50256	3	112	84	0	50256837000
6429	50256	7	112	85	0	50256369000
6430	50256	10	111	86	0	50256453001
6431	50256	14	111	87	0	50256126001
6432	50256	15	112	87	0	50256936001
6433	50257	11	112	86	0	50257899001
6434	50257	13	110	87	0	50257588001
6435	50258	2	111	84	0	50258507001
6436	50258	3	112	84	0	50258985001
6437	50258	6	111	85	0	50258059000
6438	50258	7	112	85	0	50258576000
6439	50258	9	110	86	0	50258669001
6440	50258	10	111	86	0	50258354001
6441	50258	14	111	87	0	50258182000
6442	50259	5	110	85	0	50259844000
6443	50259	6	111	85	0	50259944000
6444	50259	8	109	86	0	50259734001
6445	50259	12	109	87	0	50259347000
6446	50260	1	110	84	0	50260716000
6447	50260	2	111	84	0	50260215000
6448	50260	9	110	86	0	50260993001
6449	50260	11	112	86	0	50260026001
6450	50260	13	110	87	0	50260017000
6451	50261	4	109	85	0	50261150000
6452	50261	5	110	85	0	50261774000
6453	50261	8	109	86	0	50261671000
6454	50261	15	112	87	0	50261237001
6455	50262	0	109	84	0	50262167000
6456	50262	12	109	87	0	50262502001
6457	50263	1	110	84	0	50263262001
6458	50263	4	109	85	0	50263416000
6459	50264	0	109	84	0	50264686001
6460	50268	14	111	87	0	50268450000
6461	50272	2	111	84	0	50272599001
6462	50294	3	112	84	1	50294129001
6463	50294	7	112	85	1	50294971000
6464	50295	2	111	84	1	50295121001
6465	50295	11	112	86	1	50295446001
6466	50295	15	112	87	1	50295586001
6467	50296	2	111	84	1	50296865001
6468	50296	3	112	84	1	50296273001
6469	50296	6	111	85	1	50296169000
6470	50296	10	111	86	1	50296510001
6471	50296	14	111	87	1	50296905001
6472	50297	1	110	84	1	50297179001
6473	50297	5	110	85	1	50297402000
6474	50297	6	111	85	1	50297635001
6475	50297	7	112	85	1	50297003000
6476	50297	11	112	86	1	50297379000
6477	50297	15	112	87	1	50297180001
6478	50298	0	109	84	1	50298467000
6479	50298	1	110	84	1	50298788000
6480	50298	4	109	85	1	50298906000
6481	50298	5	110	85	1	50298994001
6482	50298	9	110	86	1	50298001001
6483	50298	10	111	86	1	50298470001
6484	50298	13	110	87	1	50298711001
6485	50298	14	111	87	1	50298554001
6486	50299	8	109	86	1	50299183001
6487	50299	9	110	86	1	50299933001
6488	50300	0	109	84	1	50300710001
6489	50300	4	109	85	1	50300755001
6490	50300	12	109	87	1	50300035001
6491	50301	8	109	86	1	50301110001
6492	50301	12	109	87	1	50301961000
6493	50301	13	110	87	1	50301140000
6494	50382	8	109	86	0	50382869001
6495	50382	12	109	87	0	50382974000
6496	50383	0	109	84	0	50383771001
6497	50383	4	109	85	0	50383508000
6498	50384	9	110	86	0	50384633001
6499	50384	13	110	87	0	50384279000
6500	50385	1	110	84	0	50385370001
6501	50385	5	110	85	0	50385074000
6502	50385	8	109	86	0	50385287000
6503	50385	12	109	87	0	50385354000
6504	50386	0	109	84	0	50386685001
6505	50386	2	111	84	0	50386795000
6506	50386	4	109	85	0	50386024000
6507	50386	6	111	85	0	50386905001
6508	50386	9	110	86	0	50386968001
6509	50386	10	111	86	0	50386249000
6510	50386	13	110	87	0	50386568001
6511	50386	14	111	87	0	50386007000
6512	50387	1	110	84	0	50387380000
6513	50387	5	110	85	0	50387340001
6514	50387	11	112	86	0	50387809000
6515	50387	15	112	87	0	50387497001
6516	50388	2	111	84	0	50388965001
6517	50388	3	112	84	0	50388004001
6518	50388	7	112	85	0	50388153000
6519	50388	10	111	86	0	50388277000
6520	50388	14	111	87	0	50388446000
6521	50389	0	109	84	1	50389612001
6522	50389	6	111	85	0	50389517001
6523	50389	15	112	87	0	50389877001
6524	50390	1	110	84	1	50390940000
6525	50390	3	112	84	0	50390029001
6526	50390	7	112	85	0	50390414000
6527	50390	11	112	86	0	50390059001
6528	50391	4	109	85	1	50391877001
6529	50392	1	110	84	1	50392878001
6530	50394	0	109	84	1	50394966001
6531	50394	2	111	84	1	50394750000
6532	50394	4	109	85	1	50394086000
6533	50394	5	110	85	1	50394526001
6534	50395	8	109	86	1	50395543000
6535	50396	5	110	85	1	50396630000
6536	50397	2	111	84	1	50397553000
6537	50397	3	112	84	1	50397542000
6538	50397	9	110	86	1	50397817000
6539	50398	6	111	85	1	50398057001
6540	50398	8	109	86	1	50398180001
6541	50398	12	109	87	1	50398998000
6542	50399	1	110	84	1	50399048001
6543	50399	11	112	86	0	50399100000
6544	50400	3	112	84	1	50400160001
6545	50400	6	111	85	1	50400264000
6546	50400	7	112	85	1	50400978001
6547	50400	9	110	86	1	50400069000
6548	50401	10	111	86	1	50401975000
6549	50401	12	109	87	1	50401502001
6550	50402	5	110	85	1	50402165001
6551	50402	13	110	87	1	50402011000
6552	50403	7	112	85	1	50403399000
6553	50404	9	110	86	1	50404719001
6554	50404	10	111	86	1	50404282001
6555	50404	13	110	87	1	50404842000
6556	50405	6	111	85	1	50405149001
6557	50405	11	112	86	1	50405076001
6558	50405	14	111	87	1	50405519001
6559	50407	7	112	85	1	50407033001
6560	50407	11	112	86	1	50407713000
6561	50407	15	112	87	1	50407958001
6562	50408	14	111	87	1	50408138001
6563	50410	15	112	87	1	50410280001
6564	50413	15	112	87	1	50413679000
6565	50578	0	109	84	0	50578700001
6566	50578	1	110	84	0	50578559001
6567	50578	2	111	84	0	50578350000
6568	50578	3	112	84	0	50578312001
6569	50579	4	109	85	0	50579995001
6570	50579	5	110	85	0	50579614000
6571	50579	6	111	85	0	50579583001
6572	50579	7	112	85	0	50579313001
6573	50580	1	110	84	0	50580768000
6574	50580	2	111	84	0	50580252000
6575	50580	3	112	84	0	50580586001
6576	50580	8	109	86	0	50580724000
6577	50580	9	110	86	0	50580562000
6578	50580	10	111	86	0	50580314000
6579	50580	11	112	86	0	50580437000
6580	50581	0	109	84	0	50581400000
6581	50581	6	111	85	0	50581893001
6582	50581	7	112	85	0	50581326000
6583	50581	13	110	87	0	50581707001
6584	50581	14	111	87	0	50581580000
6585	50581	15	112	87	0	50581285001
6586	50582	5	110	85	0	50582548000
6587	50582	8	109	86	0	50582834000
6588	50582	9	110	86	0	50582565000
6589	50582	11	112	86	0	50582565000
6590	50582	12	109	87	0	50582072001
6591	50583	4	109	85	0	50583389001
6592	50583	10	111	86	0	50583353000
6593	50583	15	112	87	0	50583497001
6594	50584	14	111	87	0	50584527001
6595	50585	12	109	87	0	50585171000
6596	50586	13	110	87	0	50586029001
6597	50588	8	109	86	0	50588556001
6598	50597	3	112	84	1	50597240001
6599	50597	7	112	85	1	50597673001
6600	50597	11	112	86	1	50597996001
6601	50598	1	110	84	1	50598982000
6602	50598	2	111	84	1	50598212000
6603	50598	6	111	85	1	50598260001
6604	50598	10	111	86	1	50598669000
6605	50598	14	111	87	1	50598876000
6606	50598	15	112	87	1	50598281001
6607	50599	0	109	84	1	50599692000
6608	50599	4	109	85	1	50599973000
6609	50599	5	110	85	1	50599214000
6610	50599	9	110	86	1	50599506000
6611	50599	13	110	87	1	50599376000
6612	50600	8	109	86	1	50600297001
6613	50600	12	109	87	1	50600598000
6614	50604	13	110	87	1	50604354000
6615	50614	6	111	85	1	50614055001
6616	50616	14	111	87	1	50616991001
6617	50659	15	112	87	0	50659094001
6618	50662	15	112	87	1	50662369001
6619	50669	3	112	84	0	50669714001
6620	50670	2	111	84	0	50670718001
6621	50670	7	112	85	0	50670819001
6622	50671	1	110	84	0	50671816000
6623	50671	6	111	85	0	50671513000
6624	50671	11	112	86	0	50671489001
6625	50672	0	109	84	0	50672736000
6626	50672	5	110	85	0	50672709001
6627	50672	10	111	86	0	50672144000
6628	50672	15	112	87	0	50672220001
6629	50673	2	111	84	0	50673523000
6630	50673	4	109	85	0	50673623000
6631	50673	6	111	85	0	50673802001
6632	50673	7	112	85	0	50673081001
6633	50673	9	110	86	0	50673471000
6634	50673	11	112	86	1	50673464001
6635	50673	14	111	87	0	50673057001
6636	50674	1	110	84	0	50674045000
6637	50674	3	112	84	0	50674303001
6638	50674	8	109	86	0	50674325001
6639	50674	10	111	86	0	50674791001
6640	50674	13	110	87	0	50674265000
6641	50675	12	109	87	0	50675475000
6642	50675	14	111	87	0	50675645000
6643	50676	1	110	84	1	50676653000
6644	50676	2	111	84	1	50676022000
6645	50676	3	112	84	1	50676177001
6646	50676	5	110	85	0	50676251001
6647	50676	7	112	85	1	50676842001
6648	50676	8	109	86	0	50676853001
6649	50676	9	110	86	0	50676479000
6650	50677	0	109	84	1	50677108000
6651	50677	5	110	85	1	50677945001
6652	50677	6	111	85	1	50677351000
6653	50677	13	110	87	0	50677621000
6654	50677	15	112	87	0	50677210000
6655	50678	4	109	85	1	50678440001
6656	50678	9	110	86	1	50678964001
6657	50678	10	111	86	1	50678479001
6658	50678	11	112	86	1	50678405001
6659	50679	8	109	86	1	50679657000
6660	50679	15	112	87	1	50679794000
6661	50680	13	110	87	1	50680419000
6662	50680	14	111	87	1	50680099001
6663	50681	12	109	87	1	50681371001
6664	50682	7	112	85	1	50682170001
6665	50783	12	109	87	0	50783305001
6666	50783	13	110	87	0	50783656001
6667	50783	14	111	87	0	50783908001
6668	50783	15	112	87	0	50783560001
6669	50784	8	109	86	0	50784777000
6670	50784	10	111	86	0	50784998000
6671	50785	9	110	86	0	50785256000
6672	50785	11	112	86	0	50785329000
6673	50785	15	112	87	0	50785642001
6674	50786	4	109	85	0	50786387000
6675	50786	5	110	85	0	50786529000
6676	50786	7	112	85	0	50786239001
6677	50786	12	109	87	0	50786916000
6678	50787	6	111	85	0	50787015001
6679	50787	8	109	86	0	50787022001
6680	50787	11	112	86	0	50787426001
6681	50788	0	109	84	0	50788076000
6682	50788	1	110	84	0	50788094000
6683	50788	2	111	84	0	50788190001
6684	50788	3	112	84	0	50788069000
6685	50788	5	110	85	0	50788730000
6686	50788	7	112	85	0	50788370000
6687	50788	10	111	86	0	50788437000
6688	50788	14	111	87	0	50788067001
6689	50790	2	111	84	0	50790488001
6690	50790	4	109	85	0	50790120000
6691	50790	6	111	85	0	50790569000
6692	50790	12	109	87	1	50790947000
6693	50791	1	110	84	0	50791119001
6694	50791	3	112	84	0	50791071000
6695	50791	8	109	86	1	50791838001
6696	50791	13	110	87	1	50791946001
6697	50792	14	111	87	1	50792948001
6698	50793	4	109	85	1	50793130000
6699	50793	5	110	85	1	50793908000
6700	50793	9	110	86	1	50793155001
6701	50793	10	111	86	1	50793993000
6702	50794	0	109	84	1	50794367001
6703	50794	8	109	86	1	50794133000
6704	50795	1	110	84	1	50795209001
6705	50795	4	109	85	1	50795403001
6706	50795	5	110	85	1	50795546000
6707	50795	6	111	85	1	50795064001
6708	50795	11	112	86	1	50795399000
6709	50796	0	109	84	1	50796985000
6710	50796	2	111	84	1	50796636000
6711	50796	6	111	85	1	50796636000
6712	50796	7	112	85	1	50796621000
6713	50797	1	110	84	1	50797151001
6714	50797	3	112	84	1	50797386000
6715	50797	14	111	87	0	50797884001
6716	50799	11	112	86	0	50799635001
6717	50800	3	112	84	0	50800652001
6718	50800	10	111	86	0	50800072001
6719	50801	14	111	87	0	50801113000
6720	50802	7	112	85	0	50802388001
6721	50803	6	111	85	0	50803475000
6722	50803	10	111	86	0	50803289000
6723	50804	3	112	84	0	50804835001
6724	50804	15	112	87	1	50804940000
6725	50806	14	111	87	1	50806982000
6726	50806	15	112	87	1	50806955000
6727	50807	2	111	84	0	50807578000
6728	50807	11	112	86	1	50807059001
6729	50808	7	112	85	1	50808968000
6730	50808	10	111	86	1	50808888001
6731	50809	3	112	84	1	50809966000
6732	50809	11	112	86	1	50809107001
6733	50809	14	111	87	1	50809456001
6734	50810	6	111	85	1	50810914001
6735	50811	7	112	85	1	50811688000
6736	50812	2	111	84	1	50812705001
6737	50812	3	112	84	1	50812147001
6738	50990	15	112	87	0	50990822001
6739	50991	11	112	86	0	50991871000
6740	50992	15	112	87	0	50992834000
6741	50993	7	112	85	0	50993388001
6742	50993	11	112	86	0	50993804001
6743	50993	14	111	87	0	50993376001
6744	50994	3	112	84	0	50994258000
6745	50994	10	111	86	0	50994289001
6746	50995	7	112	85	0	50995422000
6747	50995	11	112	86	0	50995920001
6748	50995	14	111	87	0	50995228001
6749	50995	15	112	87	0	50995068000
6750	50996	2	111	84	0	50996992000
6751	50996	3	112	84	0	50996429000
6752	50996	6	111	85	0	50996352000
6753	50996	10	111	86	0	50996313000
6754	50996	13	110	87	0	50996212001
6755	50997	7	112	85	0	50997740000
6756	50997	9	110	86	0	50997645000
6757	50997	14	111	87	0	50997828001
6758	50998	2	111	84	0	50998889000
6759	50998	3	112	84	0	50998795000
6760	50998	5	110	85	0	50998663001
6761	50998	6	111	85	0	50998582001
6762	50998	8	109	86	0	50998651001
6763	50998	12	109	87	0	50998856000
6764	50998	13	110	87	0	50998741001
6765	50999	1	110	84	0	50999801000
6766	50999	9	110	86	0	50999710000
6767	50999	10	111	86	0	50999981000
6768	51000	4	109	85	0	51000684000
6769	51000	5	110	85	0	51000952001
6770	51000	8	109	86	0	51000735000
6771	51001	1	110	84	0	51001765000
6772	51001	2	111	84	0	51001438000
6773	51001	12	109	87	0	51001637000
6774	51002	0	109	84	0	51002075000
6775	51003	4	109	85	0	51003295001
6776	51004	0	109	84	0	51004586000
6777	51005	1	110	84	0	51005482000
6778	51005	8	109	86	0	51005324000
6779	51011	3	112	84	0	51011296000
6780	51022	3	112	84	1	51022140000
6781	51022	7	112	85	1	51022811000
6782	51023	2	111	84	1	51023639000
6783	51023	6	111	85	1	51023684000
6784	51023	11	112	86	1	51023035000
6785	51023	15	112	87	1	51023191001
6786	51024	1	110	84	1	51024586001
6787	51024	3	112	84	1	51024792000
6788	51024	10	111	86	1	51024025001
6789	51024	14	111	87	1	51024412001
6790	51025	5	110	85	1	51025121001
6791	51025	6	111	85	1	51025155001
6792	51025	9	110	86	1	51025312001
6793	51025	13	110	87	1	51025603000
6794	51025	15	112	87	1	51025509001
6795	51026	0	109	84	1	51026075000
6796	51026	1	110	84	1	51026181001
6797	51026	4	109	85	1	51026353001
6798	51026	7	112	85	1	51026580001
6799	51026	8	109	86	1	51026585001
6800	51026	11	112	86	1	51026465000
6801	51026	12	109	87	1	51026791000
6802	51026	14	111	87	1	51026976000
6803	51027	2	111	84	1	51027047001
6804	51027	5	110	85	1	51027162000
6805	51027	9	110	86	1	51027628000
6806	51027	10	111	86	1	51027046001
6807	51029	12	109	87	1	51029567001
6808	51029	13	110	87	1	51029862001
6809	51033	8	109	86	1	51033140000
6810	51035	4	109	85	1	51035524001
6811	51061	11	112	86	0	51061961001
6812	51066	8	109	86	0	51066417000
6813	51525	3	112	84	0	51525794000
6814	51526	2	111	84	0	51526777001
6815	51526	7	112	85	0	51526778000
6816	51527	6	111	85	0	51527893000
6817	51527	11	112	86	0	51527449000
6818	51528	1	110	84	0	51528204000
6819	51528	2	111	84	0	51528995001
6820	51528	3	112	84	0	51528012000
6821	51528	10	111	86	0	51528460001
6822	51528	15	112	87	0	51528234001
6823	51529	0	109	84	0	51529356000
6824	51529	5	110	85	0	51529058000
6825	51529	6	111	85	0	51529806001
6826	51529	9	110	86	0	51529741000
6827	51529	11	112	86	1	51529736001
6828	51529	14	111	87	0	51529451001
6829	51530	1	110	84	0	51530826000
6830	51530	3	112	84	1	51530839001
6831	51530	4	109	85	0	51530102001
6832	51530	8	109	86	0	51530786000
6833	51530	13	110	87	0	51530686000
6834	51531	6	111	85	1	51531920001
6835	51531	7	112	85	1	51531070001
6836	51531	11	112	86	1	51531615000
6837	51531	12	109	87	0	51531923000
6838	51531	15	112	87	1	51531264000
6839	51532	2	111	84	1	51532022001
6840	51532	4	109	85	0	51532715001
6841	51532	9	110	86	0	51532179001
6842	51532	10	111	86	1	51532387001
6843	51532	14	111	87	1	51532838001
6844	51533	1	110	84	1	51533299001
6845	51533	6	111	85	1	51533755001
6846	51533	8	109	86	0	51533367001
6847	51534	1	110	84	1	51534977001
6848	51534	2	111	84	1	51534854001
6849	51534	5	110	85	1	51534019000
6850	51534	9	110	86	1	51534423000
6851	51534	13	110	87	1	51534378000
6852	51535	0	109	84	1	51535825000
6853	51535	4	109	85	1	51535310001
6854	51536	8	109	86	1	51536084000
6855	51536	12	109	87	1	51536115001
6856	51537	4	109	85	1	51537753001
6857	51600	0	109	84	0	51600624001
6858	51600	4	109	85	0	51600222000
6859	51600	8	109	86	0	51600082000
6860	51600	12	109	87	0	51600066001
6861	51601	1	110	84	0	51601994000
6862	51601	9	110	86	0	51601768000
6863	51601	13	110	87	0	51601537001
6864	51602	5	110	85	0	51602136000
6865	51602	12	109	87	1	51602864001
6866	51603	0	109	84	0	51603319001
6867	51603	2	111	84	0	51603520000
6868	51603	6	111	85	0	51603554000
6869	51603	8	109	86	1	51603769001
6870	51603	10	111	86	0	51603322000
6871	51603	13	110	87	1	51603823000
6872	51603	14	111	87	0	51603087000
6873	51604	1	110	84	0	51604069001
6874	51604	4	109	85	1	51604683001
6875	51604	9	110	86	1	51604484001
6876	51604	11	112	86	0	51604812001
6877	51604	14	111	87	1	51604900000
6878	51604	15	112	87	0	51604443000
6879	51605	0	109	84	1	51605620000
6880	51605	3	112	84	0	51605123000
6881	51605	5	110	85	1	51605458001
6882	51605	7	112	85	0	51605063000
6883	51605	10	111	86	1	51605583001
6884	51606	1	110	84	1	51606186001
6885	51606	6	111	85	1	51606617001
6886	51606	11	112	86	1	51606853000
6887	51606	15	112	87	1	51606575000
6888	51607	2	111	84	1	51607661000
6889	51607	7	112	85	1	51607665001
6890	51608	3	112	84	1	51608332000
6891	51915	14	111	87	0	51915334000
6892	51915	15	112	87	0	51915235001
6893	51916	11	112	86	0	51916079001
6894	51918	3	112	84	0	51918495000
6895	51958	0	109	84	0	51958977000
6896	51958	4	109	85	0	51958767001
6897	51958	8	109	86	0	51958479001
6898	51958	12	109	87	0	51958561000
6899	51959	1	110	84	0	51959958001
6900	51959	5	110	85	0	51959716001
6901	51959	9	110	86	0	51959652000
6902	51959	13	110	87	0	51959563000
6903	51960	8	109	86	0	51960772000
6904	51960	10	111	86	0	51960755000
6905	51960	14	111	87	0	51960958000
6906	51961	2	111	84	0	51961113001
6907	51961	4	109	85	0	51961497001
6908	51961	5	110	85	0	51961756001
6909	51961	6	111	85	0	51961117000
6910	51961	12	109	87	0	51961308000
6911	51961	15	112	87	0	51961871000
6912	51962	0	109	84	0	51962385001
6913	51962	1	110	84	0	51962416000
6914	51962	3	112	84	0	51962263000
6915	51962	7	112	85	0	51962032001
6916	51962	9	110	86	0	51962283001
6917	51962	11	112	86	0	51962167001
6918	51962	12	109	87	1	51962987001
6919	51962	13	110	87	1	51962999001
6920	51963	2	111	84	0	51963236001
6921	51963	4	109	85	1	51963992000
6922	51963	6	111	85	0	51963187000
6923	51963	8	109	86	1	51963197001
6924	51963	10	111	86	0	51963026001
6925	51963	14	111	87	1	51963469000
6926	51963	15	112	87	1	51963986000
6927	51964	3	112	84	0	51964453000
6928	51964	5	110	85	1	51964132000
6929	51964	7	112	85	0	51964122000
6930	51964	9	110	86	1	51964132000
6931	51964	10	111	86	1	51964758000
6932	51964	11	112	86	1	51964954000
6933	51965	0	109	84	1	51965207000
6934	51965	1	110	84	1	51965307001
6935	51965	5	110	85	1	51965740001
6936	51965	6	111	85	1	51965064001
6937	51965	7	112	85	1	51965966001
6938	51966	2	111	84	1	51966256000
6939	51966	3	112	84	1	51966882001
6940	51967	1	110	84	1	51967018001
6941	51968	6	111	85	1	51968749000
6942	52082	0	109	84	0	52082640001
6943	52082	1	110	84	0	52082457000
6944	52082	2	111	84	0	52082545001
6945	52082	3	112	84	0	52082334000
6946	52083	5	110	85	0	52083707000
6947	52083	6	111	85	0	52083821000
6948	52083	7	112	85	0	52083795001
6949	52084	1	110	84	0	52084738000
6950	52084	2	111	84	0	52084441001
6951	52084	3	112	84	0	52084618000
6952	52084	4	109	85	0	52084103001
6953	52084	8	109	86	0	52084909001
6954	52084	10	111	86	0	52084822000
6955	52084	11	112	86	0	52084883000
6956	52085	0	109	84	0	52085462000
6957	52085	5	110	85	0	52085842001
6958	52085	9	110	86	1	52085104000
6959	52085	15	112	87	1	52085853001
6960	52086	4	109	85	0	52086656000
6961	52086	6	111	85	0	52086465000
6962	52086	7	112	85	0	52086216000
6963	52086	10	111	86	0	52086938000
6964	52086	11	112	86	0	52086968001
6965	52086	12	109	87	0	52086309001
6966	52086	13	110	87	0	52086252000
6967	52086	14	111	87	0	52086063001
6968	52087	8	109	86	0	52087019001
6969	52087	9	110	86	0	52087553001
6970	52087	15	112	87	0	52087761000
6971	52088	12	109	87	0	52088525000
6972	52088	13	110	87	0	52088653001
6973	52088	14	111	87	0	52088119000
6974	52100	3	112	84	1	52100312000
6975	52100	7	112	85	1	52100724001
6976	52101	2	111	84	1	52101318000
6977	52101	6	111	85	1	52101440001
6978	52101	10	111	86	1	52101932000
6979	52101	11	112	86	1	52101031000
6980	52101	15	112	87	1	52101722001
6981	52102	0	109	84	1	52102769001
6982	52102	1	110	84	1	52102136000
6983	52102	5	110	85	1	52102500000
6984	52102	14	111	87	1	52102686000
6985	52103	4	109	85	1	52103384000
6986	52103	6	111	85	1	52103254000
6987	52103	8	109	86	1	52103918000
6988	52103	9	110	86	1	52103008000
6989	52103	13	110	87	1	52103281001
6990	52104	11	112	86	1	52104065000
6991	52104	12	109	87	1	52104247000
6992	52109	7	112	85	1	52109890000
6993	52117	15	112	87	1	52117992000
6994	52189	3	112	84	0	52189065001
6995	52190	0	109	84	0	52190560000
6996	52190	2	111	84	0	52190378001
6997	52190	7	112	85	0	52190789001
6998	52191	1	110	84	0	52191233001
6999	52191	3	112	84	0	52191637001
7000	52192	2	111	84	0	52192572001
7001	52192	4	109	85	0	52192298001
7002	52192	5	110	85	0	52192923001
7003	52192	6	111	85	0	52192415001
7004	52192	7	112	85	0	52192997000
7005	52192	11	112	86	0	52192410001
7006	52193	0	109	84	0	52193331000
7007	52193	8	109	86	0	52193413000
7008	52194	1	110	84	0	52194219000
7009	52194	9	110	86	0	52194209000
7010	52194	10	111	86	0	52194195001
7011	52194	11	112	86	0	52194716001
7012	52194	15	112	87	0	52194045000
7013	52195	4	109	85	0	52195107000
7014	52195	5	110	85	0	52195734000
7015	52195	6	111	85	0	52195069000
7016	52195	8	109	86	0	52195745000
7017	52195	12	109	87	0	52195495001
7018	52196	7	112	85	0	52196200000
7019	52196	9	110	86	0	52196612000
7020	52196	10	111	86	0	52196555000
7021	52196	11	112	86	0	52196928001
7022	52196	13	110	87	0	52196067001
7023	52196	14	111	87	0	52196016001
7024	52196	15	112	87	0	52196477000
7025	52197	12	109	87	0	52197969000
7026	52198	14	111	87	0	52198431001
7027	52199	13	110	87	0	52199412001
7028	52199	15	112	87	0	52199385000
7029	52202	3	112	84	0	52202106000
7030	52220	15	112	87	0	52220885001
7031	52255	15	112	87	1	52255847000
7032	52256	14	111	87	1	52256333001
7033	52257	10	111	86	1	52257641000
7034	52257	11	112	86	1	52257737000
7035	52257	13	110	87	1	52257099001
7036	52257	15	112	87	1	52257691001
7037	52258	12	109	87	1	52258794001
7038	52258	14	111	87	1	52258323000
7039	52259	6	111	85	1	52259650001
7040	52259	7	112	85	1	52259425000
7041	52259	9	110	86	1	52259391001
7042	52259	11	112	86	1	52259858001
7043	52259	13	110	87	1	52259769000
7044	52260	3	112	84	1	52260909001
7045	52260	10	111	86	1	52260297001
7046	52261	5	110	85	1	52261337001
7047	52261	7	112	85	1	52261494001
7048	52261	8	109	86	1	52261189000
7049	52261	9	110	86	1	52261820001
7050	52261	12	109	87	1	52261220001
7051	52262	2	111	84	1	52262135000
7052	52262	6	111	85	1	52262056000
7053	52263	1	110	84	1	52263037001
7054	52263	3	112	84	1	52263430001
7055	52263	4	109	85	1	52263167001
7056	52263	5	110	85	1	52263738000
7057	52263	8	109	86	1	52263645001
7058	52264	0	109	84	1	52264971000
7059	52264	2	111	84	1	52264212000
7060	52265	1	110	84	1	52265529000
7061	52265	4	109	85	1	52265409000
7062	52267	0	109	84	1	52267475000
7063	52791	3	112	84	0	52791884001
7064	52792	1	110	84	0	52792816000
7065	52792	2	111	84	0	52792315000
7066	52792	7	112	85	0	52792886001
7067	52793	0	109	84	0	52793221000
7068	52793	5	110	85	0	52793600001
7069	52793	6	111	85	0	52793364001
7070	52793	10	111	86	0	52793788000
7071	52793	11	112	86	0	52793501000
7072	52794	3	112	84	0	52794649000
7073	52794	4	109	85	0	52794149000
7074	52794	8	109	86	0	52794695000
7075	52794	9	110	86	0	52794367001
7076	52794	14	111	87	0	52794784000
7077	52794	15	112	87	0	52794329000
7078	52795	2	111	84	0	52795214000
7079	52795	12	109	87	0	52795739001
7080	52795	13	110	87	0	52795308000
7081	52796	1	110	84	0	52796906000
7082	52796	10	111	86	0	52796588001
7083	52796	11	112	86	0	52796305000
7084	52796	15	112	87	0	52796286001
7085	52797	2	111	84	1	52797835000
7086	52797	3	112	84	1	52797109000
7087	52797	7	112	85	1	52797830000
7088	52797	8	109	86	0	52797007001
7089	52798	1	110	84	1	52798831000
7090	52798	6	111	85	1	52798335001
7091	52798	10	111	86	1	52798731000
7092	52798	11	112	86	1	52798139000
7093	52798	15	112	87	1	52798275000
7094	52799	5	110	85	1	52799386001
7095	52799	9	110	86	1	52799661000
7096	52799	14	111	87	1	52799411000
7097	52800	4	109	85	1	52800202001
7098	52800	8	109	86	1	52800668000
7099	52800	13	110	87	1	52800285000
7100	52801	1	110	84	0	52801546000
7101	52801	12	109	87	1	52801122000
7102	52802	2	111	84	0	52802752001
7103	52803	4	109	85	0	52803432000
7104	52803	5	110	85	0	52803797000
7105	52804	3	112	84	0	52804388000
7106	52804	8	109	86	0	52804227001
7107	52805	1	110	84	0	52805455001
7108	52806	2	111	84	0	52806185001
7109	52806	3	112	84	0	52806805001
7110	52806	5	110	85	0	52806927000
7111	52806	6	111	85	0	52806592001
7112	52806	9	110	86	0	52806812001
7113	52807	4	109	85	0	52807498001
7114	52807	8	109	86	0	52807452001
7115	52808	0	109	84	1	52808667001
7116	52808	1	110	84	1	52808619000
7117	52808	7	112	85	0	52808766000
7118	52808	12	109	87	0	52808445000
7119	52809	2	111	84	1	52809021000
7120	52809	3	112	84	1	52809212000
7121	52809	9	110	86	0	52809811001
7122	52809	10	111	86	0	52809828001
7123	52810	4	109	85	1	52810081001
7124	52810	5	110	85	1	52810277001
7125	52810	6	111	85	1	52810677001
7126	52810	13	110	87	0	52810596000
7127	52811	7	112	85	1	52811297001
7128	52811	8	109	86	1	52811997000
7129	52811	9	110	86	1	52811914000
7130	52812	10	111	86	1	52812517001
7131	52813	12	109	87	1	52813855000
7132	52814	13	110	87	1	52814207001
7133	53004	8	109	86	0	53004913000
7134	53004	12	109	87	0	53004568000
7135	53005	4	109	85	0	53005834000
7136	53005	9	110	86	0	53005615000
7137	53005	13	110	87	0	53005164001
7138	53005	14	111	87	0	53005828001
7139	53006	0	109	84	0	53006437000
7140	53006	5	110	85	0	53006184000
7141	53006	10	111	86	0	53006294001
7142	53006	11	112	86	0	53006908001
7143	53006	15	112	87	0	53006242001
7144	53007	1	110	84	0	53007112000
7145	53007	2	111	84	0	53007695001
7146	53007	6	111	85	0	53007170000
7147	53007	7	112	85	0	53007776000
7148	53007	8	109	86	0	53007327000
7149	53007	9	110	86	0	53007828000
7150	53008	3	112	84	0	53008125000
7151	53008	4	109	85	0	53008935001
7152	53008	5	110	85	0	53008665001
7153	53008	11	112	86	0	53008833001
7154	53008	14	111	87	0	53008050001
7155	53008	15	112	87	0	53008072001
7156	53009	1	110	84	0	53009759000
7157	53009	2	111	84	0	53009992001
7158	53009	6	111	85	0	53009809000
7159	53009	7	112	85	0	53009770000
7160	53009	10	111	86	0	53009441001
7161	53009	12	109	87	0	53009308000
7162	53010	3	112	84	0	53010619000
7163	53014	15	112	87	0	53014163001
7164	53020	0	109	84	1	53020311000
7165	53021	4	109	85	1	53021340001
7166	53023	0	109	84	1	53023695000
7167	53023	8	109	86	1	53023900001
7168	53026	4	109	85	1	53026306000
7169	53027	1	110	84	1	53027198001
7170	53027	12	109	87	1	53027961000
7171	53028	0	109	84	1	53028598000
7172	53028	8	109	86	1	53028750000
7173	53030	4	109	85	1	53030413001
7174	53030	5	110	85	1	53030511000
7175	53032	1	110	84	1	53032926000
7176	53033	8	109	86	1	53033236000
7177	53033	9	110	86	1	53033467000
7178	53033	12	109	87	1	53033452001
7179	53036	1	110	84	1	53036936001
7180	53037	5	110	85	1	53037081000
7181	53039	9	110	86	1	53039116000
7182	53039	12	109	87	1	53039418001
7183	53041	13	110	87	1	53041371001
7184	53043	5	110	85	1	53043417000
7185	53058	15	112	87	1	53058809001
7186	53059	5	110	85	0	53059066000
7187	53059	14	111	87	1	53059938000
7188	53062	1	110	84	0	53062222000
7189	53062	12	109	87	0	53062830000
7190	53062	15	112	87	1	53062550000
7191	53063	10	111	86	1	53063508001
7192	53063	11	112	86	1	53063165001
7193	53063	13	110	87	1	53063466000
7194	53063	14	111	87	1	53063774001
7195	53064	5	110	85	0	53064054001
7196	53064	8	109	86	0	53064134001
7197	53065	15	112	87	1	53065134000
7198	53066	1	110	84	0	53066444000
7199	53066	13	110	87	1	53066203000
7200	53067	4	109	85	0	53067068000
7201	53067	7	112	85	1	53067299000
7202	53067	8	109	86	0	53067677000
7203	53067	10	111	86	1	53067238000
7204	53067	11	112	86	1	53067278000
7205	53067	12	109	87	1	53067677000
7206	53067	14	111	87	1	53067270001
7207	53068	0	109	84	0	53068537000
7208	53068	6	111	85	1	53068045001
7209	53068	9	110	86	1	53068417001
7210	53069	1	110	84	0	53069293000
7211	53070	3	112	84	1	53070767000
7212	53070	7	112	85	1	53070507000
7213	53070	9	110	86	1	53070807000
7214	53070	10	111	86	1	53070003001
7215	53070	11	112	86	1	53070832001
7216	53071	0	109	84	0	53071334000
7217	53071	4	109	85	0	53071823001
7218	53071	5	110	85	1	53071089000
7219	53071	6	111	85	1	53071904000
7220	53071	8	109	86	1	53071366001
7221	53072	2	111	84	1	53072759000
7222	53073	1	110	84	1	53073264001
7223	53073	5	110	85	1	53073473000
7224	53073	7	112	85	1	53073153000
7225	53074	3	112	84	1	53074723000
7226	53074	4	109	85	1	53074626001
7227	53074	6	111	85	1	53074904000
7228	53076	0	109	84	1	53076911001
7229	53076	1	110	84	1	53076679001
7230	53076	2	111	84	1	53076365001
7231	53077	3	112	84	1	53077380000
7232	53079	1	110	84	1	53079722000
7233	53080	0	109	84	1	53080060000
7234	53087	2	111	84	1	53087604001
7235	53114	5	110	85	1	53114676000
7236	53118	2	111	84	0	53118958000
7237	53118	3	112	84	0	53118940001
7238	53119	0	109	84	0	53119680000
7239	53119	1	110	84	0	53119196000
7240	53121	1	110	84	0	53121942000
7241	53121	2	111	84	0	53121206000
7242	53121	3	112	84	0	53121437001
7243	53121	7	112	85	0	53121911001
7244	53122	0	109	84	0	53122676001
7245	53122	4	109	85	0	53122754000
7246	53122	5	110	85	0	53122101000
7247	53122	6	111	85	0	53122145000
7248	53123	2	111	84	0	53123773001
7249	53123	3	112	84	0	53123915001
7250	53124	5	110	85	0	53124827001
7251	53124	7	112	85	0	53124275001
7252	53124	8	109	86	0	53124730001
7253	53124	9	110	86	0	53124763000
7254	53124	10	111	86	0	53124354001
7255	53124	11	112	86	0	53124035000
7256	53125	1	110	84	0	53125070001
7257	53125	4	109	85	0	53125879001
7258	53125	6	111	85	0	53125098001
7259	53126	0	109	84	0	53126488001
7260	53126	7	112	85	0	53126823000
7261	53126	10	111	86	0	53126555001
7262	53126	11	112	86	0	53126150001
7263	53126	14	111	87	0	53126590000
7264	53126	15	112	87	0	53126366000
7265	53127	8	109	86	0	53127118001
7266	53127	9	110	86	0	53127021001
7267	53127	12	109	87	0	53127396000
7268	53127	13	110	87	0	53127159000
7269	53128	11	112	86	0	53128200000
7270	53129	3	112	84	1	53129657001
7271	53129	14	111	87	0	53129294000
7272	53129	15	112	87	0	53129294000
7273	53130	2	111	84	1	53130852000
7274	53130	7	112	85	1	53130094001
7275	53130	11	112	86	1	53130803001
7276	53130	12	109	87	0	53130501001
7277	53130	13	110	87	0	53130576000
7278	53131	1	110	84	1	53131308000
7279	53131	6	111	85	1	53131013001
7280	53131	8	109	86	0	53131736000
7281	53131	10	111	86	1	53131452001
7282	53131	14	111	87	1	53131846001
7283	53131	15	112	87	1	53131178000
7284	53132	0	109	84	1	53132671000
7285	53132	4	109	85	1	53132956000
7286	53132	5	110	85	1	53132123000
7287	53132	9	110	86	1	53132343000
7288	53132	13	110	87	1	53132851000
7289	53133	1	110	84	1	53133213001
7290	53133	8	109	86	1	53133734000
7291	53133	12	109	87	1	53133719001
7292	53134	6	111	85	1	53134288001
7293	53135	7	112	85	1	53135005000
7294	53158	9	110	86	1	53158832000
7295	53326	8	109	86	0	53326322000
7296	53326	12	109	87	0	53326596001
7297	53327	0	109	84	0	53327666001
7298	53327	4	109	85	0	53327251000
7299	53327	9	110	86	0	53327508001
7300	53327	13	110	87	0	53327362001
7301	53328	1	110	84	0	53328326000
7302	53328	5	110	85	0	53328273001
7303	53328	8	109	86	0	53328369001
7304	53328	10	111	86	0	53328941000
7305	53328	14	111	87	0	53328674000
7306	53329	2	111	84	0	53329691001
7307	53329	4	109	85	0	53329928001
7308	53329	6	111	85	0	53329365001
7309	53329	11	112	86	0	53329929000
7310	53329	15	112	87	0	53329356000
7311	53330	0	109	84	0	53330698001
7312	53330	1	110	84	0	53330433001
7313	53330	3	112	84	0	53330789001
7314	53330	5	110	85	0	53330563001
7315	53330	7	112	85	0	53330285000
7316	53330	9	110	86	0	53330116000
7317	53330	12	109	87	0	53330430000
7318	53330	13	110	87	0	53330371001
7319	53330	14	111	87	0	53330714000
7320	53331	2	111	84	0	53331828000
7321	53331	6	111	85	0	53331520001
7322	53331	10	111	86	0	53331758001
7323	53331	11	112	86	0	53331825001
7324	53331	15	112	87	0	53331220000
7325	53332	7	112	85	0	53332252001
7326	53333	3	112	84	0	53333166000
7327	53345	0	109	84	1	53345402000
7328	53346	1	110	84	1	53346731000
7329	53346	4	109	85	1	53346117000
7330	53346	8	109	86	1	53346965001
7331	53347	5	110	85	1	53347295000
7332	53347	9	110	86	1	53347929001
7333	53347	12	109	87	1	53347465001
7334	53348	2	111	84	1	53348233001
7335	53348	6	111	85	1	53348764000
7336	53348	13	110	87	1	53348672001
7337	53349	3	112	84	1	53349692000
7338	53349	10	111	86	1	53349565001
7339	53350	7	112	85	1	53350151001
7340	53350	11	112	86	1	53350944001
7341	53350	14	111	87	1	53350150001
7342	53351	6	111	85	1	53351405001
7343	53351	15	112	87	1	53351460000
7344	53352	5	110	85	1	53352335001
7345	53353	7	112	85	1	53353533001
7346	53353	9	110	86	1	53353971000
7347	53354	1	110	84	1	53354066000
7348	53355	15	112	87	1	53355780001
7349	53356	11	112	86	1	53356885000
7350	53365	14	111	87	1	53365074000
7351	53455	11	112	86	0	53455358000
7352	53455	15	112	87	0	53455314000
7353	53456	3	112	84	0	53456741001
7354	53456	7	112	85	0	53456061000
7355	53457	11	112	86	0	53457227000
7356	53457	15	112	87	0	53457282000
7357	53458	3	112	84	0	53458618000
7358	53458	7	112	85	0	53458305001
7359	53458	14	111	87	0	53458272001
7360	53459	2	111	84	0	53459917000
7361	53459	6	111	85	0	53459136000
7362	53459	10	111	86	0	53459286000
7363	53459	11	112	86	0	53459790001
7364	53459	15	112	87	0	53459683001
7365	53460	14	111	87	0	53460555001
7366	53461	2	111	84	0	53461931000
7367	53461	3	112	84	0	53461102001
7368	53461	5	110	85	0	53461692001
7369	53461	6	111	85	0	53461435001
7370	53461	7	112	85	0	53461542001
7371	53461	9	110	86	0	53461509000
7372	53461	10	111	86	0	53461861001
7373	53462	1	110	84	0	53462334001
7374	53462	13	110	87	0	53462121001
7375	53463	5	110	85	0	53463743001
7376	53463	9	110	86	0	53463623001
7377	53464	1	110	84	0	53464511000
7378	53464	12	109	87	0	53464995000
7379	53464	13	110	87	0	53464732001
7380	53465	4	109	85	0	53465675000
7381	53465	8	109	86	0	53465055000
7382	53466	0	109	84	0	53466158000
7383	53466	3	112	84	1	53466782001
7384	53466	9	110	86	0	53466798001
7385	53467	1	110	84	0	53467723000
7386	53467	5	110	85	0	53467042000
7387	53467	8	109	86	0	53467408000
7388	53467	12	109	87	0	53467423001
7389	53468	2	111	84	1	53468203000
7390	53468	4	109	85	0	53468669000
7391	53468	7	112	85	1	53468336001
7392	53469	0	109	84	0	53469284000
7393	53469	1	110	84	1	53469648000
7394	53469	3	112	84	1	53469836000
7395	53469	6	111	85	1	53469725001
7396	53469	11	112	86	1	53469886000
7397	53470	7	112	85	1	53470545000
7398	53471	0	109	84	1	53471809001
7399	53471	1	110	84	1	53471935000
7400	53471	2	111	84	1	53471819001
7401	53471	5	110	85	1	53471185000
7402	53471	6	111	85	1	53471340001
7403	53471	10	111	86	1	53471149001
7404	53471	11	112	86	1	53471900000
7405	53471	15	112	87	1	53471482001
7406	53472	4	109	85	1	53472348001
7407	53472	9	110	86	1	53472713001
7408	53473	5	110	85	1	53473052001
7409	53473	10	111	86	1	53473011001
7410	53473	14	111	87	1	53473366001
7411	53473	15	112	87	1	53473234000
7412	53474	4	109	85	1	53474422000
7413	53474	8	109	86	1	53474435001
7414	53474	9	110	86	1	53474846001
7415	53474	13	110	87	1	53474507000
7416	53475	12	109	87	1	53475675001
7417	53475	14	111	87	1	53475576000
7418	53476	13	110	87	1	53476985001
7419	53477	8	109	86	1	53477680000
7420	53477	12	109	87	1	53477728001
7421	53611	12	109	87	0	53611731000
7422	53612	8	109	86	0	53612105001
7423	53613	4	109	85	0	53613793000
7424	53613	13	110	87	0	53613176001
7425	53614	0	109	84	0	53614852001
7426	53614	8	109	86	0	53614637000
7427	53614	9	110	86	0	53614326000
7428	53615	1	110	84	0	53615894001
7429	53615	5	110	85	0	53615167001
7430	53615	10	111	86	0	53615823000
7431	53615	12	109	87	1	53615083001
7432	53615	13	110	87	1	53615387001
7433	53616	8	109	86	1	53616657000
7434	53616	9	110	86	1	53616495000
7435	53617	2	111	84	0	53617279001
7436	53617	4	109	85	1	53617534000
7437	53617	5	110	85	1	53617859001
7438	53617	6	111	85	0	53617032001
7439	53618	3	112	84	0	53618584001
7440	53619	0	109	84	1	53619016000
7441	53619	1	110	84	1	53619165001
7442	53619	2	111	84	1	53619628000
7443	53619	6	111	85	1	53619376000
7444	53845	2	111	84	0	53845693001
7445	53845	3	112	84	0	53845357000
7446	53846	1	110	84	0	53846453001
7447	53847	0	109	84	0	53847057000
7448	53847	5	110	85	0	53847345000
7449	53847	6	111	85	0	53847075000
7450	53848	2	111	84	1	53848137001
7451	53848	4	109	85	0	53848040001
7452	53848	8	109	86	0	53848726001
7453	53848	9	110	86	0	53848295000
7454	53849	5	110	85	1	53849979000
7455	53849	12	109	87	0	53849921001
7456	53849	13	110	87	0	53849669000
7457	53850	1	110	84	1	53850079001
7458	53850	9	110	86	1	53850967001
7459	53851	0	109	84	1	53851445001
7460	53851	4	109	85	1	53851997001
7461	53852	8	109	86	1	53852209000
7462	53852	12	109	87	1	53852388000
7463	53856	0	109	84	1	53856567001
7464	54248	15	112	87	0	54248476001
7465	54284	0	109	84	0	54284097000
7466	54284	4	109	85	0	54284142000
7467	54284	8	109	86	0	54284030000
7468	54284	12	109	87	0	54284427001
7469	54285	1	110	84	0	54285073001
7470	54285	2	111	84	0	54285924001
7471	54285	5	110	85	0	54285162001
7472	54285	9	110	86	0	54285072001
7473	54285	13	110	87	0	54285238000
7474	54286	3	112	84	0	54286784001
7475	54286	6	111	85	0	54286418001
7476	54286	7	112	85	0	54286971001
7477	54286	8	109	86	0	54286031001
7478	54286	10	111	86	0	54286054000
7479	54286	11	112	86	0	54286970001
7480	54286	12	109	87	0	54286849000
7481	54286	14	111	87	0	54286229000
7482	54287	0	109	84	0	54287167001
7483	54287	1	110	84	0	54287787001
7484	54287	2	111	84	0	54287823000
7485	54287	4	109	85	0	54287454001
7486	54287	5	110	85	0	54287745000
7487	54287	9	110	86	0	54287472001
7488	54287	15	112	87	0	54287146000
7489	54288	3	112	84	0	54288857000
7490	54288	10	111	86	0	54288579001
7491	54288	11	112	86	0	54288938000
7492	54288	13	110	87	0	54288275001
7493	54288	14	111	87	0	54288416001
7494	54289	7	112	85	0	54289804000
7495	54290	6	111	85	0	54290368000
7496	54290	15	112	87	0	54290956001
7497	54296	12	109	87	1	54296000000
7498	54297	12	109	87	1	54297886000
7499	54297	13	110	87	1	54297138000
7500	54298	4	109	85	1	54298886001
7501	54298	8	109	86	1	54298062000
7502	54298	9	110	86	1	54298214000
7503	54298	10	111	86	1	54298977001
7504	54298	14	111	87	1	54298129000
7505	54298	15	112	87	1	54298168000
7506	54299	5	110	85	1	54299681000
7507	54299	13	110	87	1	54299373000
7508	54300	4	109	85	1	54300750001
7509	54300	6	111	85	1	54300220001
7510	54300	9	110	86	1	54300154000
7511	54300	10	111	86	1	54300943000
7512	54300	11	112	86	1	54300416001
7513	54300	14	111	87	1	54300522000
7514	54300	15	112	87	1	54300019000
7515	54301	0	109	84	1	54301054001
7516	54301	1	110	84	1	54301427000
7517	54301	5	110	85	1	54301608000
7518	54301	7	112	85	1	54301963000
7519	54301	8	109	86	1	54301120001
7520	54302	6	111	85	1	54302237000
7521	54302	11	112	86	1	54302506001
7522	54303	0	109	84	1	54303323000
7523	54303	1	110	84	1	54303415000
7524	54303	2	111	84	1	54303206000
7525	54303	3	112	84	1	54303619001
7526	54303	7	112	85	1	54303885001
7527	54305	2	111	84	1	54305602001
7528	54305	3	112	84	1	54305821001
7529	54335	8	109	86	0	54335719001
7530	54339	9	110	86	0	54339549000
7531	54341	3	112	84	0	54341751000
7532	54407	0	109	84	0	54407709001
7533	54407	1	110	84	0	54407924001
7534	54407	2	111	84	0	54407917001
7535	54408	3	112	84	0	54408069001
7536	54408	5	110	85	0	54408935001
7537	54409	4	109	85	0	54409001000
7538	54409	6	111	85	0	54409349000
7539	54409	7	112	85	0	54409305000
7540	54410	0	109	84	0	54410808000
7541	54410	1	110	84	0	54410280001
7542	54410	2	111	84	0	54410210000
7543	54410	3	112	84	0	54410947000
7544	54410	8	109	86	0	54410019000
7545	54410	9	110	86	0	54410151001
7546	54410	10	111	86	0	54410096001
7547	54410	11	112	86	0	54410338001
7548	54411	4	109	85	0	54411937001
7549	54411	5	110	85	0	54411054000
7550	54411	6	111	85	0	54411568000
7551	54411	7	112	85	0	54411506000
7552	54411	12	109	87	0	54411252000
7553	54411	13	110	87	0	54411288001
7554	54411	14	111	87	0	54411346001
7555	54411	15	112	87	0	54411451001
7556	54412	8	109	86	0	54412168001
7557	54412	9	110	86	0	54412504001
7558	54412	10	111	86	0	54412369001
7559	54412	11	112	86	0	54412754000
7560	54413	12	109	87	0	54413951001
7561	54413	14	111	87	0	54413761001
7562	54413	15	112	87	0	54413432001
7563	54414	13	110	87	0	54414101000
7564	54425	0	109	84	1	54425229000
7565	54425	1	110	84	1	54425741000
7566	54425	2	111	84	1	54425988000
7567	54425	3	112	84	1	54425917001
7568	54426	4	109	85	1	54426755001
7569	54427	5	110	85	1	54427486000
7570	54427	6	111	85	1	54427667001
7571	54427	7	112	85	1	54427289000
7572	54427	11	112	86	1	54427462000
7573	54427	15	112	87	1	54427508000
7574	54428	8	109	86	1	54428828001
7575	54428	10	111	86	1	54428815001
7576	54429	4	109	85	1	54429540000
7577	54429	6	111	85	1	54429962000
7578	54429	7	112	85	1	54429284001
7579	54429	9	110	86	1	54429061000
7580	54429	11	112	86	1	54429545000
7581	54429	15	112	87	1	54429682001
7582	54430	1	110	84	1	54430441000
7583	54430	2	111	84	1	54430254000
7584	54430	3	112	84	1	54430137000
7585	54430	10	111	86	1	54430651001
7586	54430	12	109	87	1	54430710000
7587	54430	13	110	87	1	54430730001
7588	54430	14	111	87	1	54430056001
7589	54431	5	110	85	1	54431284000
7590	54431	9	110	86	1	54431692001
7591	54431	14	111	87	1	54431847000
7592	54432	0	109	84	1	54432702000
7593	54432	8	109	86	1	54432082001
7594	54432	12	109	87	1	54432861000
7595	54432	13	110	87	1	54432998001
7596	54549	3	112	84	0	54549247001
7597	54550	2	111	84	0	54550337001
7598	54550	7	112	85	0	54550386000
7599	54551	1	110	84	0	54551871000
7600	54551	3	112	84	1	54551467000
7601	54551	6	111	85	0	54551591000
7602	54552	2	111	84	1	54552954001
7603	54552	5	110	85	0	54552758001
7604	54552	10	111	86	0	54552425001
7605	54553	0	109	84	0	54553172000
7606	54553	6	111	85	1	54553395001
7607	54553	7	112	85	1	54553769000
7608	54553	9	110	86	0	54553836000
7609	54554	1	110	84	1	54554528000
7610	54554	4	109	85	0	54554217001
7611	54554	5	110	85	1	54554737000
7612	54555	8	109	86	0	54555056001
7613	54556	0	109	84	1	54556041001
7614	54556	4	109	85	1	54556255000
7615	54658	10	111	86	0	54658659001
7616	54660	3	112	84	0	54660984001
7617	54660	7	112	85	0	54660493000
7618	54873	15	112	87	0	54873552000
7619	54874	3	112	84	0	54874823000
7620	54874	7	112	85	0	54874580001
7621	54874	10	111	86	0	54874926000
7622	54874	11	112	86	0	54874076000
7623	54874	14	111	87	0	54874628000
7624	54875	2	111	84	0	54875882000
7625	54875	6	111	85	0	54875621001
7626	54875	13	110	87	0	54875674000
7627	54876	1	110	84	0	54876950001
7628	54876	5	110	85	0	54876428000
7629	54876	8	109	86	0	54876927001
7630	54876	9	110	86	0	54876104001
7631	54876	12	109	87	0	54876610001
7632	54877	0	109	84	0	54877912001
7633	54877	3	112	84	0	54877771001
7634	54877	4	109	85	0	54877507001
7635	54877	7	112	85	0	54877269001
7636	54878	15	112	87	1	54878309000
7637	54879	11	112	86	1	54879905001
7638	54879	13	110	87	1	54879482001
7639	54879	14	111	87	1	54879024000
7640	54880	9	110	86	1	54880557001
7641	54880	10	111	86	1	54880258001
7642	54880	12	109	87	1	54880027001
7643	54880	15	112	87	1	54880937000
7644	54881	6	111	85	1	54881897001
7645	54881	7	112	85	1	54881391001
7646	54881	8	109	86	1	54881639000
7647	54881	12	109	87	1	54881922000
7648	54881	14	111	87	1	54881865000
7649	54882	3	112	84	1	54882668001
7650	54882	5	110	85	1	54882668001
7651	54882	9	110	86	1	54882566001
7652	54882	10	111	86	1	54882224001
7653	54882	11	112	86	1	54882293000
7654	54882	13	110	87	1	54882181000
7655	54883	4	109	85	1	54883269001
7656	54883	6	111	85	1	54883432001
7657	54883	8	109	86	1	54883852000
7658	54884	1	110	84	1	54884277001
7659	54884	2	111	84	1	54884029001
7660	54884	5	110	85	1	54884521000
7661	54885	0	109	84	1	54885133001
7662	54885	3	112	84	0	54885689001
7663	54885	4	109	85	1	54885239001
7664	54886	1	110	84	1	54886322000
7665	54886	2	111	84	0	54886553000
7666	54886	7	112	85	0	54886291001
7667	54886	11	112	86	0	54886321001
7668	54887	0	109	84	1	54887657000
7669	54887	6	111	85	0	54887273001
7670	54888	1	110	84	1	54888600001
7671	54888	10	111	86	0	54888499001
7672	54888	11	112	86	0	54888479000
7673	54888	15	112	87	0	54888228001
7674	54889	2	111	84	0	54889932000
7675	54889	5	110	85	0	54889325001
7676	54889	7	112	85	0	54889395001
7677	54890	0	109	84	0	54890152000
7678	54890	6	111	85	0	54890958001
7679	54890	10	111	86	0	54890660001
7680	54890	14	111	87	0	54890993001
7681	54890	15	112	87	0	54890343000
7682	54891	1	110	84	0	54891843001
7683	54891	3	112	84	0	54891760000
7684	54891	4	109	85	0	54891568000
7685	54891	5	110	85	0	54891979000
7686	54891	9	110	86	0	54891670000
7687	54891	11	112	86	1	54891184001
7688	54893	0	109	84	0	54893436001
7689	54893	8	109	86	0	54893662000
7690	54893	14	111	87	0	54893532001
7691	54893	15	112	87	0	54893138001
7692	54894	9	110	86	0	54894874000
7693	54894	10	111	86	0	54894206001
7694	54894	13	110	87	0	54894136000
7695	54895	4	109	85	0	54895443001
7696	54896	3	112	84	1	54896540000
7697	54896	5	110	85	0	54896018001
7698	54896	7	112	85	1	54896987001
7699	54896	8	109	86	0	54896478000
7700	54896	15	112	87	1	54896870000
7701	54897	11	112	86	1	54897017000
7702	54897	13	110	87	0	54897385001
7703	54898	2	111	84	1	54898970000
7704	54898	3	112	84	1	54898796000
7705	54898	15	112	87	1	54898914000
7706	54899	6	111	85	1	54899452001
7707	54899	7	112	85	1	54899559001
7708	54899	8	109	86	0	54899267001
7709	54899	10	111	86	1	54899453001
7710	54899	11	112	86	1	54899452001
7711	54899	12	109	87	0	54899697000
7712	54901	14	111	87	1	54901565000
7713	54902	1	110	84	1	54902556000
7714	54902	2	111	84	1	54902275000
7715	54902	6	111	85	1	54902500000
7716	54902	10	111	86	1	54902052001
7717	54903	5	110	85	1	54903060001
7718	54904	14	111	87	1	54904467001
7719	54906	9	110	86	1	54906223001
7720	54906	13	110	87	1	54906180000
7721	54907	1	110	84	1	54907103000
7722	54908	8	109	86	1	54908069001
7723	54909	4	109	85	1	54909879000
7724	54910	5	110	85	1	54910696000
7725	54911	9	110	86	1	54911403000
7726	54911	12	109	87	1	54911893000
7727	54911	13	110	87	1	54911019001
7728	54912	0	109	84	1	54912499001
7729	54912	4	109	85	1	54912773000
7730	54913	8	109	86	1	54913099000
7731	54914	5	110	85	1	54914479001
7732	54914	9	110	86	1	54914479001
7733	54915	0	109	84	1	54915152000
7734	54916	1	110	84	1	54916398000
7735	54916	2	111	84	0	54916635001
7736	54917	10	111	86	1	54917877000
7737	54919	6	111	85	1	54919983000
7738	54920	2	111	84	1	54920197000
7739	54921	3	112	84	0	54921688000
7740	54922	1	110	84	1	54922390000
7741	54938	8	109	86	0	54938424001
7742	54940	10	111	86	0	54940215001
7743	54944	3	112	84	0	54944880001
7744	54988	3	112	84	0	54988828001
7745	55017	0	109	84	0	55017880000
7746	55018	1	110	84	0	55018889000
7747	55018	4	109	85	0	55018007001
7748	55020	0	109	84	1	55020012001
7749	55024	1	110	84	1	55024016000
7750	55136	3	112	84	0	55136212000
7751	55138	7	112	85	0	55138162001
7752	55138	11	112	86	0	55138006000
7753	55251	15	112	87	0	55251659000
7754	55252	3	112	84	0	55252564000
7755	55252	7	112	85	0	55252465000
7756	55252	10	111	86	0	55252935001
7757	55252	11	112	86	0	55252060001
7758	55252	14	111	87	0	55252842000
7759	55253	2	111	84	0	55253310001
7760	55253	6	111	85	0	55253390001
7761	55253	15	112	87	0	55253590000
7762	55254	1	110	84	0	55254844000
7763	55254	5	110	85	0	55254597000
7764	55254	9	110	86	0	55254224001
7765	55254	13	110	87	0	55254050000
7766	55255	0	109	84	0	55255979001
7767	55255	2	111	84	0	55255725001
7768	55255	4	109	85	0	55255826001
7769	55255	8	109	86	0	55255226001
7770	55255	10	111	86	0	55255118001
7771	55255	12	109	87	0	55255172000
7772	55257	15	112	87	1	55257202000
7773	55258	14	111	87	1	55258955001
7774	55259	1	110	84	0	55259571001
7775	55259	11	112	86	1	55259841001
7776	55259	15	112	87	1	55259198001
7777	55260	10	111	86	1	55260026001
7778	55260	13	110	87	1	55260448001
7779	55260	14	111	87	1	55260922001
7780	55262	9	110	86	1	55262106000
7781	55262	10	111	86	1	55262424001
7782	55262	12	109	87	1	55262255001
7783	55262	13	110	87	1	55262735000
7784	55263	8	109	86	1	55263654000
7785	55264	5	110	85	1	55264427001
7786	55264	9	110	86	1	55264549000
7787	55264	10	111	86	0	55264825000
7788	55264	11	112	86	0	55264561000
7789	55264	12	109	87	1	55264571000
7790	55265	15	112	87	0	55265823001
7791	55266	8	109	86	1	55266073000
7792	55266	9	110	86	0	55266783000
7793	55267	10	111	86	0	55267360001
7794	55267	11	112	86	0	55267271001
7795	55267	14	111	87	0	55267553000
7796	55268	5	110	85	0	55268928000
7797	55268	8	109	86	0	55268475001
7798	55268	13	110	87	0	55268868001
7799	55268	15	112	87	0	55268064001
7800	55269	9	110	86	0	55269508000
7801	55270	12	109	87	0	55270503000
7802	55271	8	109	86	0	55271365000
7803	55271	14	111	87	0	55271287000
7804	55271	15	112	87	0	55271468001
7805	55272	13	110	87	0	55272353001
7806	55273	3	112	84	1	55273531000
7807	55273	12	109	87	0	55273715001
7808	55274	7	112	85	1	55274561000
7809	55275	2	111	84	1	55275103000
7810	55275	3	112	84	1	55275933001
7811	55275	11	112	86	1	55275020001
7812	55275	15	112	87	1	55275533001
7813	55276	6	111	85	1	55276312000
7814	55277	1	110	84	1	55277229000
7815	55277	2	111	84	1	55277126001
7816	55277	5	110	85	1	55277791001
7817	55277	7	112	85	1	55277132001
7818	55277	10	111	86	1	55277086001
7819	55277	11	112	86	1	55277419001
7820	55277	14	111	87	1	55277791001
7821	55277	15	112	87	1	55277203001
7822	55278	6	111	85	1	55278106001
7823	55278	9	110	86	1	55278498001
7824	55279	0	109	84	1	55279713000
7825	55279	1	110	84	1	55279097000
7826	55279	5	110	85	1	55279808000
7827	55279	10	111	86	1	55279604000
7828	55279	13	110	87	1	55279593000
7829	55279	14	111	87	1	55279752000
7830	55280	4	109	85	1	55280137001
7831	55280	9	110	86	1	55280451001
7832	55281	8	109	86	1	55281215000
7833	55281	13	110	87	1	55281897000
7834	55282	0	109	84	1	55282493000
7835	55282	4	109	85	1	55282070000
7836	55282	12	109	87	1	55282259001
7837	55283	8	109	86	1	55283919001
7838	55285	12	109	87	1	55285414000
7839	55379	8	109	86	0	55379995001
7840	55380	14	111	87	0	55380671000
7841	55385	3	112	84	0	55385394000
7842	55469	8	109	86	0	55469800000
7843	55469	12	109	87	0	55469545001
7844	55470	0	109	84	0	55470357000
7845	55470	4	109	85	0	55470281001
7846	55470	13	110	87	0	55470632001
7847	55471	1	110	84	0	55471767001
7848	55471	5	110	85	0	55471449000
7849	55471	8	109	86	0	55471905000
7850	55471	9	110	86	0	55471025001
7851	55471	12	109	87	0	55471942001
7852	55472	0	109	84	0	55472791000
7853	55472	2	111	84	0	55472939001
7854	55472	4	109	85	0	55472704000
7855	55472	6	111	85	0	55472853000
7856	55472	10	111	86	0	55472232000
7857	55472	14	111	87	0	55472158000
7858	55472	15	112	87	0	55472967001
7859	55473	5	110	85	0	55473743001
7860	55473	7	112	85	0	55473916000
7861	55473	9	110	86	0	55473235000
7862	55473	11	112	86	0	55473340000
7863	55473	13	110	87	0	55473177000
7864	55474	1	110	84	0	55474186000
7865	55474	2	111	84	0	55474926001
7866	55474	3	112	84	0	55474269000
7867	55474	10	111	86	0	55474213000
7868	55474	14	111	87	0	55474303000
7869	55475	6	111	85	0	55475407000
7870	55475	7	112	85	0	55475940001
7871	55475	11	112	86	0	55475251001
7872	55475	15	112	87	0	55475138000
7873	55476	3	112	84	0	55476248001
7874	55487	0	109	84	1	55487464000
7875	55488	1	110	84	1	55488307000
7876	55488	4	109	85	1	55488174000
7877	55489	2	111	84	1	55489559001
7878	55489	5	110	85	1	55489127001
7879	55489	8	109	86	1	55489042001
7880	55489	9	110	86	1	55489947000
7881	55489	12	109	87	1	55489854001
7882	55490	3	112	84	1	55490422001
7883	55490	6	111	85	1	55490077001
7884	55490	10	111	86	1	55490929001
7885	55490	13	110	87	1	55490687001
7886	55491	7	112	85	1	55491197001
7887	55491	11	112	86	1	55491977000
7888	55491	14	111	87	1	55491762001
7889	55492	15	112	87	1	55492528000
7890	55496	15	112	87	1	55496365001
7891	55977	12	109	87	0	55977595001
7892	56076	3	112	84	0	56076893001
7893	56078	8	109	86	0	56078599001
7894	56079	9	110	86	0	56079721000
7895	56080	11	112	86	0	56080344001
7896	56082	15	112	87	0	56082700000
7897	56255	3	112	84	0	56255662000
7898	56256	2	111	84	0	56256676001
7899	56257	1	110	84	0	56257639001
7900	56257	7	112	85	0	56257703000
7901	56259	5	110	85	0	56259663000
7902	56259	11	112	86	0	56259635000
7903	56261	8	109	86	0	56261894001
7904	56262	14	111	87	0	56262619000
7905	56263	13	110	87	0	56263463000
7906	56339	15	112	87	0	56339413001
7907	56341	11	112	86	0	56341322000
7908	56342	7	112	85	0	56342737001
7909	56344	3	112	84	0	56344186001
7910	56466	12	109	87	0	56466500001
7911	56467	8	109	86	0	56467020000
7912	56468	13	110	87	0	56468896000
7913	56469	4	109	85	0	56469244000
7914	56469	8	109	86	0	56469058000
7915	56469	9	110	86	0	56469478001
7916	56469	12	109	87	0	56469459000
7917	56471	9	110	86	0	56471956000
7918	56471	13	110	87	0	56471642000
7919	56472	5	110	85	0	56472096001
7920	56472	14	111	87	0	56472062001
7921	56473	4	109	85	1	56473437000
7922	56473	10	111	86	0	56473711001
7923	56474	8	109	86	1	56474426001
7924	56474	14	111	87	0	56474914001
7925	56476	9	110	86	1	56476722001
7926	56477	12	109	87	1	56477544001
7927	56477	15	112	87	0	56477001000
7928	56479	13	110	87	1	56479941001
7929	56480	12	109	87	1	56480912000
7930	56483	13	110	87	1	56483476001
7931	56483	14	111	87	1	56483105001
7932	56485	8	109	86	1	56485710001
7933	56564	9	110	86	1	56564593000
7934	56614	3	112	84	0	56614271000
7935	56615	2	111	84	0	56615735000
7936	56615	7	112	85	0	56615564000
7937	56616	3	112	84	0	56616422001
7938	56616	11	112	86	0	56616382000
7939	56617	1	110	84	0	56617436001
7940	56617	2	111	84	0	56617909001
7941	56617	6	111	85	0	56617024000
7942	56617	7	112	85	0	56617702001
7943	56617	10	111	86	0	56617895000
7944	56617	15	112	87	0	56617480000
7945	56618	0	109	84	0	56618786001
7946	56618	5	110	85	0	56618646001
7947	56618	11	112	86	0	56618686001
7948	56619	1	110	84	0	56619594000
7949	56619	4	109	85	0	56619901001
7950	56619	6	111	85	0	56619638001
7951	56619	9	110	86	0	56619272001
7952	56619	14	111	87	0	56619144000
7953	56619	15	112	87	0	56619675000
7954	56620	8	109	86	0	56620462000
7955	56620	10	111	86	0	56620415001
7956	56620	13	110	87	0	56620459001
7957	56621	0	109	84	0	56621877001
7958	56621	5	110	85	0	56621101001
7959	56621	14	111	87	0	56621532000
7960	56622	8	109	86	0	56622880001
7961	56622	9	110	86	0	56622043000
7962	56622	12	109	87	0	56622137001
7963	56623	4	109	85	0	56623178001
7964	56623	13	110	87	0	56623240001
7965	56625	12	109	87	0	56625341000
7966	56626	7	112	85	1	56626886001
7967	56626	15	112	87	1	56626273001
7968	56627	11	112	86	1	56627206000
7969	56629	15	112	87	1	56629543001
7970	56630	10	111	86	1	56630814000
7971	56630	14	111	87	1	56630211000
7972	56632	7	112	85	0	56632407000
7973	56634	15	112	87	0	56634816000
7974	56635	11	112	86	0	56635695001
7975	56637	3	112	84	0	56637146000
7976	56637	15	112	87	0	56637874001
7977	56638	14	111	87	0	56638627001
7978	56640	10	111	86	0	56640876000
7979	56641	15	112	87	0	56641451000
7980	56650	3	112	84	1	56650659000
7981	56650	11	112	86	0	56650296001
7982	56659	3	112	84	0	56659085000
7983	56684	13	110	87	1	56684514000
7984	56684	14	111	87	1	56684782001
7985	56684	15	112	87	1	56684205000
7986	56686	12	109	87	1	56686405001
7987	56687	10	111	86	1	56687666000
7988	56687	11	112	86	1	56687648001
7989	56687	15	112	87	1	56687437000
7990	56688	9	110	86	1	56688958001
7991	56688	14	111	87	1	56688864001
7992	56689	13	110	87	1	56689572001
7993	56689	15	112	87	1	56689970000
7994	56690	12	109	87	1	56690962001
7995	56691	8	109	86	1	56691207000
7996	56692	0	109	84	1	56692931000
7997	56692	7	112	85	1	56692939001
7998	56692	10	111	86	1	56692964000
7999	56692	11	112	86	1	56692167001
8000	56693	6	111	85	1	56693422001
8001	56693	13	110	87	1	56693060000
8002	56693	14	111	87	1	56693730000
8003	56694	4	109	85	1	56694759000
8004	56694	5	110	85	1	56694515001
8005	56694	9	110	86	1	56694460000
8006	56694	11	112	86	1	56694838000
8007	56695	0	109	84	1	56695798001
8008	56695	1	110	84	1	56695867000
8009	56695	8	109	86	1	56695882001
8010	56695	10	111	86	1	56695926001
8011	56696	12	109	87	1	56696713000
8012	56697	1	110	84	1	56697962000
8013	56697	3	112	84	1	56697326000
8014	56697	4	109	85	1	56697492001
8015	56697	7	112	85	1	56697193001
8016	56697	9	110	86	1	56697029000
8017	56698	2	111	84	1	56698334000
8018	56698	5	110	85	1	56698485000
8019	56698	6	111	85	1	56698253001
8020	56699	8	109	86	1	56699068001
8021	56700	7	112	85	1	56700147000
8022	56701	2	111	84	1	56701285001
8023	56701	3	112	84	1	56701180001
8024	56701	5	110	85	1	56701058000
8025	56701	6	111	85	1	56701036000
8026	56703	3	112	84	1	56703906000
8027	57072	8	109	86	0	57072303000
8028	57077	3	112	84	0	57077373001
8029	57123	12	109	87	0	57123559001
8030	57124	4	109	85	0	57124864000
8031	57124	8	109	86	0	57124223000
8032	57124	13	110	87	0	57124707000
8033	57125	0	109	84	0	57125614001
8034	57125	9	110	86	0	57125350001
8035	57125	12	109	87	0	57125967000
8036	57126	1	110	84	0	57126683001
8037	57126	5	110	85	0	57126047001
8038	57126	8	109	86	0	57126470001
8039	57126	10	111	86	0	57126880001
8040	57126	14	111	87	0	57126016000
8041	57127	4	109	85	0	57127480000
8042	57127	6	111	85	0	57127752000
8043	57127	9	110	86	0	57127487000
8044	57127	11	112	86	0	57127674001
8045	57127	13	110	87	0	57127080000
8046	57127	15	112	87	0	57127199000
8047	57128	0	109	84	0	57128542001
8048	57128	1	110	84	0	57128812001
8049	57128	2	111	84	0	57128111000
8050	57128	5	110	85	0	57128307000
8051	57128	7	112	85	0	57128779001
8052	57128	14	111	87	0	57128494000
8053	57129	3	112	84	0	57129488001
8054	57129	10	111	86	0	57129185000
8055	57129	11	112	86	0	57129538001
8056	57129	15	112	87	0	57129324001
8057	57130	2	111	84	0	57130148000
8058	57130	6	111	85	0	57130311000
8059	57130	7	112	85	0	57130745000
8060	57131	0	109	84	1	57131681000
8061	57131	3	112	84	0	57131626001
8062	57132	4	109	85	1	57132533001
8063	57133	1	110	84	1	57133048000
8064	57133	5	110	85	1	57133991001
8065	57133	8	109	86	1	57133435000
8066	57134	2	111	84	1	57134527000
8067	57134	9	110	86	1	57134662000
8068	57134	12	109	87	1	57134414000
8069	57135	3	112	84	1	57135919000
8070	57135	6	111	85	1	57135282000
8071	57135	13	110	87	1	57135569000
8072	57136	10	111	86	1	57136319001
8073	57137	6	111	85	1	57137065000
8074	57137	7	112	85	1	57137230000
8075	57137	11	112	86	1	57137984000
8076	57137	14	111	87	1	57137065000
8077	57138	1	110	84	1	57138140000
8078	57138	2	111	84	1	57138514000
8079	57138	5	110	85	1	57138349000
8080	57138	9	110	86	1	57138086000
8081	57138	15	112	87	1	57138515001
8082	57139	14	111	87	1	57139775001
8083	57141	3	112	84	1	57141393001
8084	57143	10	111	86	1	57143554001
8085	57143	15	112	87	1	57143133000
8086	57144	13	110	87	1	57144806000
8087	57146	7	112	85	1	57146154001
8088	57473	2	111	84	0	57473543000
8089	57473	3	112	84	0	57473945000
8090	57473	7	112	85	0	57473882000
8091	57530	13	110	87	0	57530025001
8092	57530	15	112	87	0	57530131001
8093	57561	11	112	86	0	57561649000
8094	57606	0	109	84	0	57606184001
8095	57607	1	110	84	0	57607338001
8096	57608	2	111	84	0	57608538001
8097	57609	0	109	84	0	57609477001
8098	57609	1	110	84	0	57609906001
8099	57609	3	112	84	0	57609644000
8100	57610	4	109	85	0	57610211000
8101	57610	5	110	85	0	57610953001
8102	57611	2	111	84	0	57611284001
8103	57612	3	112	84	0	57612129001
8104	57612	4	109	85	0	57612869000
8105	57612	6	111	85	0	57612611000
8106	57613	0	109	84	0	57613345001
8107	57613	1	110	84	0	57613664001
8108	57613	5	110	85	0	57613903001
8109	57613	7	112	85	0	57613404000
8110	57613	8	109	86	0	57613346000
8111	57614	2	111	84	0	57614191000
8112	57614	3	112	84	0	57614992000
8113	57614	9	110	86	0	57614398001
8114	57615	6	111	85	0	57615629001
8115	57615	10	111	86	0	57615526000
8116	57616	4	109	85	0	57616406001
8117	57616	5	110	85	0	57616871000
8118	57616	7	112	85	0	57616077000
8119	57616	8	109	86	0	57616116000
8120	57617	9	110	86	0	57617517000
8121	57617	11	112	86	0	57617120001
8122	57617	12	109	87	0	57617361000
8123	57618	3	112	84	0	57618923001
8124	57618	6	111	85	0	57618585001
8125	57618	10	111	86	0	57618894001
8126	57618	13	110	87	0	57618275001
8127	57619	2	111	84	0	57619754001
8128	57619	7	112	85	0	57619386000
8129	57619	8	109	86	0	57619516000
8130	57619	11	112	86	0	57619308000
8131	57619	14	111	87	0	57619108001
8132	57620	12	109	87	0	57620774001
8133	57620	15	112	87	0	57620033000
8134	57621	9	110	86	0	57621643000
8135	57621	10	111	86	0	57621866001
8136	57621	13	110	87	0	57621727000
8137	57621	14	111	87	0	57621973001
8138	57622	11	112	86	0	57622064001
8139	57622	15	112	87	0	57622685000
8140	57623	12	109	87	0	57623995001
8141	57625	13	110	87	0	57625637001
8142	57625	14	111	87	0	57625019001
8143	57625	15	112	87	0	57625839001
8144	57628	15	112	87	0	57628820000
8145	57633	3	112	84	1	57633502000
8146	57634	2	111	84	1	57634939000
8147	57634	7	112	85	1	57634411001
8148	57634	11	112	86	1	57634838000
8149	57634	15	112	87	1	57634484000
8150	57635	3	112	84	1	57635529000
8151	57635	6	111	85	1	57635609000
8152	57635	10	111	86	1	57635945000
8153	57636	1	110	84	1	57636744000
8154	57636	2	111	84	1	57636702001
8155	57636	7	112	85	1	57636842000
8156	57636	14	111	87	1	57636010001
8157	57636	15	112	87	1	57636246001
8158	57637	0	109	84	1	57637892001
8159	57637	5	110	85	1	57637165001
8160	57637	6	111	85	1	57637083000
8161	57637	9	110	86	1	57637476000
8162	57637	13	110	87	1	57637724000
8163	57637	14	111	87	1	57637721001
8164	57638	4	109	85	1	57638300000
8165	57638	8	109	86	1	57638685001
8166	57638	10	111	86	1	57638643000
8167	57638	11	112	86	1	57638280001
8168	57638	12	109	87	1	57638714000
8169	57639	1	110	84	1	57639012001
8170	57640	4	109	85	1	57640980001
8171	57640	5	110	85	1	57640132001
8172	57640	12	109	87	1	57640621001
8173	57641	9	110	86	1	57641933001
8174	57642	13	110	87	1	57642584001
8175	57656	0	109	84	1	57656300000
8176	57723	3	112	84	0	57723802000
8177	57726	11	112	86	0	57726649001
8178	57810	3	112	84	0	57810728001
8179	57875	4	109	85	0	57875788001
8180	57875	8	109	86	0	57875554001
8181	57875	12	109	87	0	57875081001
8182	57875	13	110	87	0	57875766001
8183	57876	0	109	84	0	57876282000
8184	57876	1	110	84	0	57876987001
8185	57876	5	110	85	0	57876565001
8186	57876	9	110	86	0	57876110001
8187	57876	10	111	86	0	57876798001
8188	57876	14	111	87	0	57876549001
8189	57877	2	111	84	0	57877582000
8190	57877	6	111	85	0	57877506001
8191	57877	11	112	86	0	57877505001
8192	57877	15	112	87	0	57877119001
8193	57878	3	112	84	0	57878295001
8194	57878	7	112	85	0	57878058001
8195	57878	10	111	86	0	57878756001
8196	57878	12	109	87	0	57878083000
8197	57879	2	111	84	0	57879957000
8198	57879	11	112	86	0	57879872000
8199	57879	15	112	87	0	57879970001
8200	57880	1	110	84	0	57880984001
8201	57880	3	112	84	0	57880769000
8202	57881	5	110	85	0	57881054000
8203	57881	6	111	85	0	57881673000
8204	57881	7	112	85	0	57881276001
8205	57881	13	110	87	0	57881926000
8206	57883	3	112	84	0	57883530001
8207	57885	8	109	86	0	57885986000
8208	57885	14	111	87	0	57885769001
8209	57894	13	110	87	1	57894599001
8210	57895	15	112	87	1	57895523001
8211	57896	3	112	84	0	57896380001
8212	57896	12	109	87	1	57896831000
8213	57896	14	111	87	1	57896007001
8214	57898	13	110	87	1	57898060000
8215	57899	10	111	86	1	57899785001
8216	57899	15	112	87	1	57899338001
8217	57900	11	112	86	1	57900146000
8218	57900	14	111	87	1	57900113000
8219	57901	8	109	86	1	57901799001
8220	57901	9	110	86	1	57901296000
8221	57901	12	109	87	1	57901593000
8222	57902	13	110	87	1	57902026000
8223	57902	15	112	87	1	57902456000
8224	57903	11	112	86	1	57903875001
8225	57903	14	111	87	1	57903299000
8226	57904	0	109	84	1	57904744001
8227	57905	4	109	85	1	57905286000
8228	57905	5	110	85	1	57905582001
8229	57905	6	111	85	1	57905706001
8230	57905	7	112	85	1	57905303000
8231	57906	1	110	84	1	57906160001
8232	57906	8	109	86	1	57906138001
8233	57906	10	111	86	1	57906556001
8234	57906	12	109	87	1	57906446000
8235	57907	2	111	84	1	57907971000
8236	57907	5	110	85	1	57907597001
8237	57907	9	110	86	1	57907077000
8238	57908	1	110	84	1	57908163000
8239	57908	6	111	85	1	57908806001
8240	57909	3	112	84	1	57909580000
8241	57909	4	109	85	1	57909655000
8242	57909	9	110	86	1	57909220000
8243	57909	10	111	86	1	57909943001
8244	57909	11	112	86	1	57909912000
8245	57910	2	111	84	1	57910211000
8246	57910	7	112	85	1	57910263000
8247	57910	13	110	87	1	57910035001
8248	57911	6	111	85	1	57911214000
8249	57912	3	112	84	1	57912155001
8250	57912	7	112	85	1	57912482001
8251	58466	4	109	85	0	58466646001
8252	58466	8	109	86	0	58466112001
8253	58466	12	109	87	0	58466129001
8254	58467	0	109	84	0	58467062001
8255	58467	5	110	85	0	58467997001
8256	58467	9	110	86	0	58467528000
8257	58467	13	110	87	0	58467442000
8258	58468	1	110	84	0	58468143001
8259	58468	8	109	86	0	58468413001
8260	58468	14	111	87	0	58468841001
8261	58469	1	110	84	0	58469997000
8262	58469	2	111	84	0	58469753001
8263	58469	4	109	85	0	58469412000
8264	58469	6	111	85	0	58469659000
8265	58469	10	111	86	0	58469033001
8266	58469	12	109	87	0	58469224001
8267	58470	0	109	84	0	58470372001
8268	58470	3	112	84	0	58470836000
8269	58470	5	110	85	0	58470323001
8270	58470	7	112	85	0	58470794001
8271	58470	9	110	86	0	58470389001
8272	58470	11	112	86	0	58470611000
8273	58470	13	110	87	0	58470377001
8274	58470	15	112	87	0	58470063001
8275	58471	2	111	84	0	58471981001
8276	58471	6	111	85	0	58471905000
8277	58471	10	111	86	0	58471244001
8278	58471	14	111	87	0	58471272001
8279	58471	15	112	87	0	58471960001
8280	58472	11	112	86	0	58472810001
8281	58473	3	112	84	0	58473023001
8282	58473	5	110	85	0	58473888000
8283	58473	7	112	85	0	58473078000
8284	58473	8	109	86	0	58473211000
8285	58476	3	112	84	0	58476183000
8286	58476	8	109	86	0	58476639000
8287	58477	12	109	87	0	58477024001
8288	58481	14	111	87	0	58481360001
8289	58482	2	111	84	0	58482240000
8290	58483	10	111	86	0	58483155001
8291	58487	11	112	86	0	58487684000
8292	58488	13	110	87	0	58488038000
8293	58492	3	112	84	0	58492999001
8294	58496	3	112	84	1	58496625001
8295	58499	0	109	84	1	58499523001
8296	58500	1	110	84	1	58500493000
8297	58500	4	109	85	1	58500279000
8298	58500	5	110	85	1	58500994000
8299	58500	8	109	86	1	58500883000
8300	58501	2	111	84	1	58501458001
8301	58501	9	110	86	1	58501756001
8302	58501	12	109	87	1	58501513000
8303	58502	3	112	84	1	58502308001
8304	58502	6	111	85	1	58502089001
8305	58502	10	111	86	1	58502873001
8306	58502	13	110	87	1	58502423000
8307	58503	7	112	85	1	58503260001
8308	58503	11	112	86	1	58503892001
8309	58503	14	111	87	1	58503502001
8310	58504	15	112	87	1	58504291001
8311	58505	6	111	85	1	58505799001
8312	58757	0	109	84	0	58757431001
8313	58976	4	109	85	0	58976770000
8314	58976	8	109	86	0	58976320000
8315	58976	12	109	87	0	58976172000
8316	58977	0	109	84	0	58977278001
8317	58977	1	110	84	0	58977985000
8318	58977	5	110	85	0	58977756001
8319	58977	9	110	86	0	58977417000
8320	58977	13	110	87	0	58977112000
8321	58978	2	111	84	0	58978842001
8322	58978	6	111	85	0	58978857000
8323	58978	8	109	86	0	58978481000
8324	58978	10	111	86	0	58978337001
8325	58978	14	111	87	0	58978081000
8326	58978	15	112	87	0	58978944001
8327	58979	3	112	84	0	58979814000
8328	58979	4	109	85	0	58979767001
8329	58979	7	112	85	0	58979663000
8330	58979	11	112	86	0	58979222000
8331	58979	12	109	87	1	58979806001
8332	58979	13	110	87	1	58979812001
8333	58980	1	110	84	0	58980566001
8334	58980	2	111	84	0	58980692000
8335	58980	5	110	85	0	58980359000
8336	58980	14	111	87	1	58980740001
8337	58981	6	111	85	0	58981179001
8338	58981	7	112	85	0	58981686001
8339	58981	8	109	86	1	58981932000
8340	58981	9	110	86	1	58981505001
8341	58981	15	112	87	1	58981288000
8342	58982	3	112	84	0	58982239000
8343	58982	10	111	86	1	58982698001
8344	58983	4	109	85	1	58983129000
8345	58983	5	110	85	1	58983029000
8346	58983	6	111	85	1	58983797001
8347	58983	9	110	86	1	58983921001
8348	58983	11	112	86	1	58983318001
8349	58984	7	112	85	1	58984727000
8350	58985	4	109	85	1	58985634000
8351	58985	5	110	85	1	58985817001
8352	58985	6	111	85	1	58985882000
8353	58986	0	109	84	1	58986360000
8354	58986	1	110	84	1	58986236000
8355	58986	2	111	84	1	58986190001
8356	58986	3	112	84	1	58986157000
8357	58986	7	112	85	1	58986955001
8358	58986	10	111	86	1	58986523000
8359	58988	1	110	84	1	58988778001
8360	58989	0	109	84	1	58989181000
8361	58989	2	111	84	1	58989202000
8362	58989	3	112	84	1	58989295001
8363	58990	6	111	85	1	58990498000
8364	58992	1	110	84	1	58992849000
8365	59283	3	112	84	0	59283797000
8366	59287	7	112	85	0	59287897000
8367	59288	1	110	84	0	59288364000
8368	59292	11	112	86	0	59292090000
8369	59293	0	109	84	0	59293263001
8370	59293	3	112	84	1	59293725001
8371	59295	5	110	85	0	59295584000
8372	59296	10	111	86	0	59296446000
8373	59297	15	112	87	0	59297565000
8374	59298	1	110	84	1	59298420000
8375	59298	4	109	85	0	59298143001
8376	59298	11	112	86	1	59298969001
8377	59303	9	110	86	0	59303516000
8378	59312	11	112	86	0	59312888000
8379	59314	1	110	84	0	59314687000
8380	59318	3	112	84	0	59318733001
8381	59328	3	112	84	1	59328032000
8382	59412	4	109	85	0	59412998000
8383	59412	8	109	86	0	59412435000
8384	59412	12	109	87	0	59412398001
8385	59412	13	110	87	0	59412953000
8386	59413	0	109	84	0	59413131000
8387	59413	5	110	85	0	59413852000
8388	59413	9	110	86	0	59413544000
8389	59414	1	110	84	0	59414125001
8390	59414	2	111	84	0	59414884000
8391	59414	6	111	85	0	59414730000
8392	59414	10	111	86	0	59414408001
8393	59414	14	111	87	0	59414100000
8394	59415	0	109	84	1	59415829000
8395	59415	1	110	84	1	59415793001
8396	59415	3	112	84	0	59415417000
8397	59415	4	109	85	1	59415107000
8398	59415	7	112	85	0	59415792001
8399	59415	11	112	86	0	59415363001
8400	59415	12	109	87	0	59415232000
8401	59415	13	110	87	0	59415430000
8402	59415	15	112	87	0	59415005001
8403	59416	2	111	84	1	59416767000
8404	59416	5	110	85	1	59416044001
8405	59416	8	109	86	1	59416289000
8406	59416	9	110	86	1	59416902000
8407	59416	14	111	87	0	59416791000
8408	59417	3	112	84	1	59417853001
8409	59417	6	111	85	1	59417395001
8410	59417	12	109	87	1	59417164001
8411	59417	13	110	87	1	59417993001
8412	59417	15	112	87	1	59417840001
8413	59418	7	112	85	1	59418649000
8414	59418	10	111	86	1	59418250000
8415	59419	11	112	86	1	59419551001
8416	59419	14	111	87	1	59419338001
8417	59420	15	112	87	1	59420291000
8418	59476	3	112	84	0	59476822001
