1 2 5 52 34 0
2 2 6 52 36 0
0 0 7 50 34 0
0 0 7 50 34 0
0 1 7 51 34 0
1 0 7 50 35 0
0 0 7 50 34 0
0 2 7 52 34 0
0 1 7 51 34 0
1 0 7 50 35 0
1 1 7 51 35 0
0 2 7 52 34 0
0 3 7 53 34 0
2 0 7 50 36 0
1 1 7 51 35 0
0 1 7 51 34 0
0 2 7 52 34 0
1 0 7 50 35 0
1 2 7 52 35 0
0 3 7 53 34 0
2 0 7 50 36 0
2 1 7 51 36 0
1 1 7 51 35 0
1 3 7 53 35 0
3 0 7 50 37 0
1 2 7 52 35 0
0 0 8 50 34 1
2 1 8 51 36 0
2 2 8 52 36 0
0 2 8 52 34 0
1 3 8 53 35 0
3 1 8 51 37 0
0 3 8 53 34 0
2 3 8 53 36 0
3 0 8 50 37 0
1 2 8 52 35 0
2 2 8 52 36 0
3 1 8 51 37 0
0 0 8 50 34 1
1 0 8 50 35 1
1 1 8 51 35 0
1 3 8 53 35 0
2 1 8 51 36 0
3 2 8 52 37 0
2 3 8 53 36 0
3 1 8 51 37 0
2 2 8 52 36 0
3 2 8 52 37 0
1 0 8 50 35 1
3 3 8 53 37 0
1 3 8 53 35 0
2 0 8 50 36 1
2 2 8 52 36 0
2 3 8 53 36 0
3 2 8 52 37 0
3 3 8 53 37 0
0 1 8 51 34 1
1 2 8 52 35 0
3 1 8 51 37 0
1 1 8 51 35 1
2 3 8 53 36 0
3 2 8 52 37 0
0 1 8 51 34 1
2 0 8 50 36 1
3 0 8 50 37 1
3 3 8 53 37 0
1 1 8 51 35 1
1 0 8 50 35 1
3 3 8 53 37 0
0 2 8 52 34 1
3 0 8 50 37 1
2 1 8 51 36 1
1 1 8 51 35 1
1 2 8 52 35 1
3 1 8 51 37 1
0 0 8 50 34 1
0 1 8 51 34 1
0 2 8 52 34 1
2 1 8 51 36 1
1 2 9 52 36 1
3 1 9 51 38 1
0 2 9 52 35 1
2 2 9 52 37 1
3 1 9 51 38 1
1 2 9 52 36 1
2 2 9 52 37 1
3 2 9 52 38 1
0 2 9 52 35 0
0 2 9 52 35 0
0 1 9 51 35 0
3 2 9 52 38 1
2 2 9 52 37 1
0 0 9 50 35 0
0 2 9 52 35 0
1 2 9 52 36 0
0 1 9 51 35 0
3 2 9 52 38 1
0 0 9 50 35 0
0 2 9 52 35 0
1 1 9 51 36 0
1 2 9 52 36 0
2 2 9 52 37 0
0 0 9 50 35 0
0 1 9 51 35 0
1 0 9 50 36 0
1 1 9 51 36 0
2 2 9 52 37 0
3 3 9 53 38 1
0 2 9 52 35 0
1 0 9 50 36 0
1 1 9 51 36 0
2 1 9 51 37 0
1 2 9 52 36 0
2 2 9 52 37 0
3 2 9 52 38 0
0 0 9 50 35 0
2 1 9 51 37 0
1 0 9 50 36 0
2 0 9 50 37 0
3 2 9 52 38 0
2 2 9 52 37 0
3 1 9 51 38 0
3 3 9 53 38 0
2 0 9 50 37 0
2 1 9 51 37 0
1 0 9 50 36 0
3 0 9 50 38 0
3 2 9 52 38 0
1 1 9 51 36 0
3 1 9 51 38 0
2 0 10 50 37 0
3 0 10 50 38 1
3 1 10 51 38 0
3 2 10 52 38 0
3 0 10 50 38 0
0 0 10 50 35 1
0 1 10 51 35 1
0 2 10 52 35 1
0 3 10 53 35 1
0 0 10 50 35 1
0 1 10 51 35 1
0 2 10 52 35 1
3 1 10 51 38 0
0 3 10 53 35 1
1 0 10 50 36 1
1 1 10 51 36 1
1 2 10 52 36 1
1 3 10 53 36 1
3 0 10 50 38 0
1 0 10 50 36 1
0 1 10 51 35 1
1 1 10 51 36 1
1 2 10 52 36 1
1 3 10 53 36 1
2 0 10 50 37 1
2 2 10 52 37 1
0 2 10 52 35 1
2 1 10 51 37 1
2 3 10 53 37 1
2 0 10 50 37 1
2 1 10 51 37 1
2 2 10 52 37 1
1 0 10 50 36 1
2 3 10 53 37 1
3 0 10 50 38 1
3 1 10 51 38 1
3 2 10 52 38 1
0 0 10 50 35 1
3 3 10 53 38 1
1 3 10 53 36 1
3 0 10 50 38 1
3 1 10 51 38 1
3 2 10 52 38 1
2 1 10 51 37 1
3 3 10 53 38 1
1 1 10 51 36 1
2 2 10 52 37 1
3 2 10 52 38 1
3 0 10 50 38 1
3 1 10 51 38 1
2 0 11 50 38 1
2 3 11 52 39 1
1 2 11 52 37 1
3 0 11 49 39 1
3 1 11 50 39 0
3 2 11 51 39 0
3 3 11 52 40 0
2 2 11 51 38 0
2 3 11 52 39 0
3 1 11 50 39 0
3 2 11 51 39 0
3 3 11 52 40 1
2 0 11 50 38 0
2 1 11 51 38 0
3 0 11 49 39 0
2 2 10 52 37 1
2 3 10 53 37 0
1 2 10 52 36 0
1 3 10 53 36 0
2 1 10 51 37 0
3 1 10 51 38 0
3 2 10 52 38 0
3 3 10 53 38 0
1 0 10 50 36 0
1 1 10 51 36 0
2 0 10 50 37 0
1 2 10 52 36 0
1 3 10 53 36 0
2 2 10 52 37 0
2 3 10 53 37 0
0 2 10 52 35 0
1 0 10 50 36 0
1 1 10 51 36 1
0 0 10 50 35 0
0 1 10 51 35 0
0 3 10 53 35 0
1 2 10 52 36 0
1 3 10 53 36 0
2 1 10 51 37 0
0 0 10 50 35 0
0 2 10 52 35 0
1 1 10 51 36 0
0 1 10 51 35 0
0 2 10 52 35 0
0 3 10 53 35 0
1 0 10 50 36 0
3 0 10 50 38 1
0 0 10 50 35 0
3 1 10 51 38 1
2 0 10 50 37 1
3 0 10 50 38 1
2 1 10 51 37 1
3 1 10 51 38 1
3 2 10 52 38 1
1 0 10 50 36 1
2 0 10 50 37 1
3 2 10 52 38 1
0 0 10 50 35 1
1 1 10 51 36 1
2 1 10 51 37 1
2 2 10 52 37 1
1 0 10 50 36 1
1 2 9 52 36 1
1 1 9 51 36 1
2 2 9 52 37 1
0 0 9 50 35 1
0 1 9 51 35 1
0 2 9 52 35 1
3 2 9 52 38 0
1 2 9 52 36 1
0 1 9 51 35 1
1 3 9 53 36 1
2 2 9 52 37 0
0 0 9 50 35 1
0 2 9 52 35 1
3 2 9 52 38 0
1 2 9 52 36 0
2 2 9 52 37 0
1 3 9 53 36 0
3 1 9 51 38 0
3 2 9 52 38 0
1 2 9 52 36 0
2 2 9 52 37 0
0 2 9 52 35 0
2 1 9 51 37 0
3 1 9 51 38 0
1 2 9 52 36 0
0 2 8 52 34 0
1 1 8 51 35 0
2 1 8 51 36 0
3 1 8 51 37 0
3 3 8 53 37 1
1 1 8 51 35 0
3 0 8 50 37 0
0 1 8 51 34 0
0 2 8 52 34 0
1 2 8 52 35 0
2 1 8 51 36 0
2 2 8 52 36 0
2 3 8 53 36 1
3 2 8 52 37 1
3 3 8 53 37 1
1 1 8 51 35 0
2 0 8 50 36 0
0 1 8 51 34 0
3 0 8 50 37 0
3 1 8 51 37 1
3 2 8 52 37 1
1 3 8 53 35 1
2 2 8 52 36 1
2 3 8 53 36 1
0 0 8 50 34 0
0 3 8 53 34 1
1 0 8 50 35 0
1 2 8 52 35 1
2 0 8 50 36 0
3 1 8 51 37 1
3 2 8 52 37 1
1 3 8 53 35 1
2 1 8 51 36 1
2 2 8 52 36 1
3 0 8 50 37 1
3 3 8 53 37 1
0 2 7 52 34 1
1 2 8 52 35 1
2 1 8 51 36 1
2 3 8 53 36 1
0 0 7 50 34 0
0 3 7 53 34 1
1 1 7 51 35 1
2 2 7 52 36 1
2 0 7 50 36 1
1 3 7 53 35 1
3 1 7 51 37 1
0 2 7 52 34 1
1 1 7 51 35 1
0 3 7 53 34 1
1 2 7 52 35 1
0 1 7 51 34 1
1 0 7 50 35 1
0 1 7 51 34 1
0 2 7 52 34 1
0 0 7 50 34 1
1 2 5 52 34 0
3 0 7 50 37 0
3 0 8 50 37 0
2 0 8 50 36 0
3 1 8 51 37 0
2 0 8 50 36 0
3 0 8 50 37 0
1 0 8 50 35 0
3 1 8 51 37 0
2 1 8 51 36 0
3 1 8 51 37 0
3 2 8 52 37 0
1 0 8 50 35 0
2 0 8 50 36 0
3 0 8 50 37 0
0 0 8 50 34 0
2 1 8 51 36 0
3 1 8 51 37 0
3 2 8 52 37 1
1 1 8 51 35 0
2 2 8 52 36 0
1 0 8 50 35 0
0 0 8 50 34 0
2 0 8 50 36 0
2 1 8 51 36 0
3 2 8 52 37 0
3 3 8 53 37 0
2 2 8 52 36 0
0 0 8 50 34 0
1 0 8 50 35 0
1 1 8 51 35 0
3 1 8 51 37 0
1 2 8 52 35 0
3 2 8 52 37 0
3 3 8 53 37 0
0 1 8 51 34 0
2 1 8 51 36 0
2 2 8 52 36 0
1 1 8 51 35 0
2 3 8 53 36 0
1 2 8 52 35 0
0 0 8 50 34 0
0 1 8 51 34 0
1 0 8 50 35 0
2 2 8 52 36 0
3 2 8 52 37 0
3 3 8 53 37 0
2 1 8 51 36 0
2 3 8 53 36 0
0 2 8 52 34 0
1 1 8 51 35 0
1 2 8 52 35 0
1 3 8 53 35 0
3 2 8 52 37 0
0 1 8 51 34 0
2 2 8 52 36 0
2 3 8 53 36 0
3 3 8 53 37 0
0 2 8 52 34 0
1 2 8 52 35 0
1 3 8 53 35 0
2 2 8 52 36 0
3 3 8 53 37 0
0 1 8 51 34 0
0 2 8 52 34 0
2 3 8 53 36 0
0 3 9 53 35 0
1 3 9 53 36 0
1 2 9 52 36 0
0 2 9 52 35 0
1 3 9 53 36 0
2 3 9 53 37 0
0 3 9 53 35 0
1 3 9 53 36 0
0 3 9 53 35 0
0 2 9 52 35 0
0 3 9 53 35 0
3 1 9 51 38 1
3 2 9 52 38 1
3 3 9 53 38 1
3 0 9 50 38 1
2 3 9 53 37 1
3 1 9 51 38 1
3 2 9 52 38 1
3 3 9 53 38 1
2 1 9 51 37 1
2 2 9 52 37 1
2 0 9 50 37 1
3 2 9 52 38 1
3 0 9 50 38 1
3 1 9 51 38 1
2 3 9 53 37 1
3 3 9 53 38 1
1 3 9 53 36 1
2 1 9 51 37 1
2 2 9 52 37 1
3 0 9 50 38 1
1 2 9 52 36 1
2 0 9 50 37 1
2 3 9 53 37 1
1 1 9 51 36 1
1 0 9 50 36 1
2 1 9 51 37 1
2 2 9 52 37 1
2 0 9 50 37 1
3 2 9 52 38 1
1 3 9 53 36 1
0 2 9 52 35 1
1 2 9 52 36 1
0 3 9 53 35 1
1 1 9 51 36 1
0 0 9 50 35 1
0 1 9 51 35 1
1 0 9 50 36 1
1 2 9 52 36 1
1 3 9 53 36 1
2 3 9 53 37 1
0 2 9 52 35 1
0 3 9 53 35 1
1 0 9 50 36 1
1 1 9 51 36 1
0 0 9 50 35 1
0 1 9 51 35 1
0 2 9 52 35 1
0 3 9 53 35 1
0 1 9 51 35 1
0 0 9 50 35 1
0 0 10 50 35 1
2 3 11 52 39 0
0 0 11 50 36 0
0 2 12 52 37 0
1 0 12 50 37 0
1 2 12 52 37 0
1 3 11 53 38 0
2 0 11 50 38 0
2 2 11 51 38 0
3 2 11 51 39 0
3 3 11 52 40 0
0 0 10 50 35 0
0 1 10 51 35 0
0 0 10 50 35 0
0 2 10 52 35 0
0 3 10 53 35 0
0 1 10 51 35 0
0 2 10 52 35 0
0 3 10 53 35 0
1 0 10 50 36 0
1 1 10 51 36 0
0 0 10 50 35 0
1 2 10 52 36 0
1 3 10 53 36 0
0 1 10 51 35 0
1 0 10 50 36 0
1 1 10 51 36 0
0 2 10 52 35 0
0 3 10 53 35 0
1 2 10 52 36 0
1 3 10 53 36 0
2 0 10 50 37 0
2 1 10 51 37 0
2 2 10 52 37 0
2 3 10 53 37 0
1 2 10 52 36 0
1 0 10 50 36 0
1 1 10 51 36 0
1 3 10 53 36 0
2 0 10 50 37 0
2 1 9 51 37 0
3 0 9 50 38 0
2 2 9 52 37 0
2 3 9 53 37 0
3 1 9 51 38 0
1 2 9 52 36 0
1 3 9 53 36 0
3 2 9 52 38 0
3 1 9 51 38 0
3 3 9 53 38 0
0 0 9 50 35 0
2 1 9 51 37 0
2 2 9 52 37 0
2 3 9 53 37 0
3 0 9 50 38 0
3 2 9 52 38 0
2 0 9 50 37 0
3 3 9 53 38 0
3 1 9 51 38 0
2 3 9 53 37 0
3 0 9 50 38 0
3 2 9 52 38 0
3 3 9 53 38 0
3 1 9 51 38 0
3 2 9 52 38 0
3 3 9 53 38 0
2 2 9 52 37 0
0 3 8 53 34 1
0 3 8 53 34 1
1 3 8 53 35 1
0 2 8 52 34 1
1 2 8 52 35 1
1 3 8 53 35 1
2 3 8 53 36 1
0 2 8 52 34 1
0 1 8 51 34 1
0 3 8 53 34 1
1 3 8 53 35 1
0 2 8 52 34 1
1 2 8 52 35 1
2 2 8 52 36 1
2 3 8 53 36 1
3 3 8 53 37 1
0 1 8 51 34 1
1 1 8 51 35 1
0 0 8 50 34 1
0 1 8 51 34 1
2 3 8 53 36 1
3 3 8 53 37 1
1 2 8 52 35 1
2 2 8 52 36 1
3 2 8 52 37 1
0 0 8 50 34 1
1 0 8 50 35 1
1 1 8 51 35 1
2 1 8 51 36 1
2 2 8 52 36 1
3 3 8 53 37 1
0 0 7 50 34 1
2 1 7 51 36 1
3 1 7 51 37 1
3 2 7 52 37 1
1 0 7 50 35 1
2 0 7 50 36 1
1 1 7 51 35 1
3 2 7 52 37 1
1 0 7 50 35 1
2 1 7 51 36 1
3 0 7 50 37 1
3 1 7 51 37 1
2 0 7 50 36 1
2 2 7 52 36 1
3 1 7 51 37 1
2 0 7 50 36 1
3 0 7 50 37 1
3 0 7 50 37 1
0 1 7 51 34 1
0 0 7 50 34 1
2 2 6 52 36 0
3 0 5 50 35 0
3 0 5 50 35 0
2 0 6 50 36 0
3 1 6 51 37 0
3 0 6 50 37 0
1 0 6 50 35 0
2 0 6 50 36 0
3 1 6 51 37 0
2 1 6 51 36 0
3 2 6 52 37 0
1 0 6 50 35 0
2 0 6 50 36 0
3 0 6 50 37 0
3 1 6 51 37 0
0 0 6 50 34 0
3 2 6 52 37 0
1 0 6 50 35 0
2 1 6 51 36 0
2 2 6 52 36 0
1 1 6 51 35 0
3 1 6 51 37 0
0 0 6 50 34 0
3 2 6 52 37 0
3 3 6 53 37 0
2 0 6 50 36 0
2 1 6 51 36 0
1 0 6 50 35 0
1 1 6 51 35 0
2 2 6 52 36 0
0 0 6 50 34 0
1 2 6 52 35 0
0 1 6 51 34 0
2 2 6 52 36 0
2 3 6 53 36 0
3 1 6 51 37 0
3 2 6 52 37 0
3 3 6 53 37 0
2 1 6 51 36 0
3 3 6 53 37 0
0 0 6 50 34 0
0 1 6 51 34 0
1 1 6 51 35 0
1 2 6 52 35 0
2 3 6 53 36 0
0 2 6 52 34 0
1 0 6 50 35 0
3 2 6 52 37 0
1 2 6 52 35 0
1 3 6 53 35 0
2 2 6 52 36 0
2 3 6 53 36 0
3 3 6 53 37 0
0 1 6 51 34 0
0 2 6 52 34 0
0 0 6 50 34 0
1 1 6 51 35 0
1 3 6 53 35 0
2 1 6 51 36 0
2 3 6 53 36 0
1 2 6 52 35 0
2 2 6 52 36 0
0 1 6 51 34 0
0 2 6 52 34 0
0 3 6 53 34 0
1 3 6 53 35 0
2 3 6 53 36 0
0 3 6 53 34 0
3 3 6 53 37 0
0 2 6 52 34 0
1 2 6 52 35 0
1 3 6 53 35 0
0 3 6 53 34 0
1 3 6 53 35 0
0 3 7 53 34 0
0 2 7 52 34 0
1 1 8 51 35 0
2 3 9 53 37 0
3 1 9 51 38 1
3 2 9 52 38 1
3 3 9 53 38 1
3 0 9 50 38 1
2 3 9 53 37 1
3 2 9 52 38 1
3 3 9 53 38 1
2 1 9 51 37 1
2 2 9 52 37 1
3 1 9 51 38 1
2 0 9 50 37 1
3 0 9 50 38 1
3 2 9 52 38 1
3 1 9 51 38 1
1 3 9 53 36 1
2 2 9 52 37 1
2 3 9 53 37 1
3 3 9 53 38 1
1 1 9 51 36 1
1 2 9 52 36 1
2 1 9 51 37 1
3 0 9 50 38 1
1 0 9 50 36 1
2 0 9 50 37 1
2 1 9 51 37 1
2 2 9 52 37 1
2 3 9 53 37 1
0 2 9 52 35 1
1 3 9 53 36 1
0 3 9 53 35 1
1 1 9 51 36 1
1 2 9 52 36 1
0 0 9 50 35 1
0 1 9 51 35 1
1 0 9 50 36 1
2 0 9 50 37 1
0 1 10 51 35 1
0 2 10 52 35 1
0 3 10 53 35 1
1 1 9 51 36 1
1 2 9 52 36 1
0 0 10 50 35 1
1 0 10 50 36 1
1 3 10 53 36 1
0 1 10 51 35 1
0 2 10 52 35 1
0 3 10 53 35 1
0 0 10 50 35 1
0 1 10 51 35 1
2 3 11 52 39 0
3 3 11 52 40 0
0 0 10 50 35 0
0 1 10 51 35 0
0 2 10 52 35 0
0 0 10 50 35 0
0 3 10 53 35 0
0 1 10 51 35 0
0 2 10 52 35 0
1 0 10 50 36 0
0 0 10 50 35 0
0 3 10 53 35 0
1 1 10 51 36 0
1 2 10 52 36 0
1 3 10 53 36 0
0 2 10 52 35 0
1 0 10 50 36 0
1 1 10 51 36 0
1 2 10 52 36 0
0 0 10 50 35 0
0 1 10 51 35 0
0 3 10 53 35 0
1 3 10 53 36 0
2 0 10 50 37 0
2 1 10 51 37 0
2 2 10 52 37 0
0 2 10 52 35 1
1 2 10 52 36 0
2 3 10 53 37 0
1 0 10 50 36 0
1 1 10 51 36 0
1 3 10 53 36 0
2 0 10 50 37 0
2 1 10 51 37 0
2 2 10 52 37 0
3 0 10 50 38 0
0 0 10 50 35 0
0 3 10 53 35 0
2 3 10 53 37 0
3 1 10 51 38 0
3 2 10 52 38 0
3 3 10 53 38 0
2 0 10 50 37 0
2 1 10 51 37 0
3 1 10 51 38 0
2 2 10 52 37 0
2 3 10 53 37 0
3 0 10 50 38 0
3 2 10 52 38 0
1 2 10 52 36 0
3 1 10 51 38 0
3 2 10 52 38 0
3 3 10 53 38 1
3 0 10 50 38 0
3 1 10 51 38 0
3 2 10 52 38 0
3 3 10 53 38 0
2 1 9 51 37 0
1 3 9 53 36 0
2 3 8 53 36 0
0 3 7 53 34 1
0 2 6 52 34 1
0 3 6 53 34 1
1 3 6 53 35 1
0 3 6 53 34 1
0 2 6 52 34 1
0 1 6 51 34 1
1 2 6 52 35 1
1 3 6 53 35 1
2 3 6 53 36 1
0 2 6 52 34 1
3 3 6 53 37 1
0 0 6 50 34 1
0 1 6 51 34 1
1 2 6 52 35 1
2 2 6 52 36 1
2 3 6 53 36 1
1 1 6 51 35 1
1 0 6 50 35 1
0 0 6 50 34 1
0 1 6 51 34 1
1 2 6 52 35 1
1 3 6 53 35 1
2 2 6 52 36 1
3 2 6 52 37 1
3 3 6 53 37 1
1 1 6 51 35 1
2 0 6 50 36 1
2 1 6 51 36 1
2 3 6 53 36 1
1 0 6 50 35 1
0 0 6 50 34 1
2 2 6 52 36 1
3 0 6 50 37 1
0 2 6 52 34 1
1 1 6 51 35 1
3 2 6 52 37 1
3 3 6 53 37 1
2 0 6 50 36 1
2 1 6 51 36 1
3 1 6 51 37 1
3 0 6 50 37 1
3 2 6 52 37 1
1 0 6 50 35 1
2 1 6 51 36 1
3 1 6 51 37 1
2 0 6 50 36 1
3 0 6 50 37 1
2 2 6 52 36 1
0 1 6 51 34 1
3 1 6 51 37 1
1 0 10 50 36 0
2 2 10 52 37 0
3 1 10 51 38 0
3 2 10 52 38 0
1 2 10 52 36 0
2 3 10 53 37 0
1 3 10 53 36 0
0 2 10 52 35 0
2 2 10 52 37 0
1 0 10 50 36 0
1 2 10 52 36 0
2 3 10 53 37 0
3 3 10 53 38 0
0 2 10 52 35 0
3 1 5 51 36 0
3 2 5 52 36 0
2 1 5 51 35 0
2 2 5 52 35 0
3 1 5 51 36 0
3 3 5 53 36 0
1 1 5 51 34 0
1 2 5 52 34 0
2 3 5 53 35 0
3 0 5 50 35 0
3 2 5 52 36 0
0 2 5 53 33 0
1 3 5 53 34 0
2 0 5 50 34 0
2 1 5 51 35 0
2 2 5 52 35 0
3 3 5 53 36 0
0 1 5 52 33 0
1 0 5 50 33 0
1 1 5 51 34 0
1 2 5 52 34 0
2 3 5 53 35 0
3 0 5 50 35 0
3 1 5 51 36 0
0 3 6 53 34 0
1 3 6 53 35 0
0 0 6 50 34 0
0 1 6 51 34 0
0 2 6 52 34 0
1 0 6 50 35 0
2 0 6 50 36 0
2 2 6 52 36 0
0 3 6 53 34 0
0 0 6 50 34 0
3 0 6 50 37 0
3 2 6 52 37 0
1 0 6 50 35 0
1 1 6 51 35 0
2 1 6 51 36 0
1 3 6 53 35 0
2 0 6 50 36 0
0 0 6 50 34 0
2 3 6 53 36 0
0 0 8 50 34 0
1 2 8 52 35 0
2 3 9 53 37 0
3 2 10 52 38 1
3 0 11 49 39 1
3 1 11 50 39 1
3 3 11 52 40 1
2 2 11 51 38 1
2 3 11 52 39 1
3 1 11 50 39 1
3 2 11 51 39 1
3 3 11 52 40 1
2 0 11 50 38 1
2 1 11 51 38 1
3 0 11 49 39 1
1 0 11 50 37 1
1 1 11 51 37 1
1 2 11 52 37 1
1 3 11 53 38 1
2 0 11 50 38 1
2 1 11 51 38 1
2 2 11 51 38 1
2 3 11 52 39 1
3 2 11 51 39 1
0 0 11 50 36 1
0 1 11 51 36 1
0 3 11 53 37 1
1 0 11 50 37 1
1 1 11 51 37 1
1 2 11 52 37 1
1 3 11 53 38 1
0 2 11 52 37 1
0 0 12 50 36 1
0 1 12 51 36 1
0 3 12 53 37 1
0 2 12 52 37 1
1 0 12 50 37 1
1 2 12 52 37 1
0 0 12 50 36 1
0 1 12 51 36 1
0 2 12 52 37 1
0 0 13 50 36 0
0 2 13 52 37 0
0 1 13 51 36 0
0 3 13 53 37 0
0 0 13 50 36 0
0 1 13 51 36 0
0 2 13 52 37 0
0 3 13 53 37 0
1 0 13 50 37 0
1 1 13 51 37 0
1 2 13 52 37 0
1 3 13 53 38 1
0 0 13 50 36 0
0 1 13 51 36 0
0 2 13 52 37 0
1 0 13 50 37 0
1 2 13 52 37 0
0 3 13 53 37 0
1 1 13 51 37 0
1 3 13 53 38 0
2 3 13 52 39 0
2 0 13 50 38 0
2 1 13 51 38 0
2 2 13 51 38 0
1 0 13 50 37 0
1 2 13 52 37 0
1 3 13 53 38 0
1 1 13 51 37 0
2 1 13 51 38 0
2 2 13 51 38 0
2 3 13 52 39 0
3 1 13 50 39 0
3 2 13 51 39 0
3 3 13 52 40 1
0 2 13 52 37 0
2 0 13 50 38 0
3 0 13 49 39 0
2 1 13 51 38 0
3 2 13 51 39 0
2 2 13 51 38 0
2 3 13 52 39 0
3 0 13 49 39 0
3 1 13 50 39 0
3 3 13 52 40 0
3 2 13 51 39 0
3 3 13 52 40 0
3 1 12 50 39 0
3 0 12 49 39 0
3 2 12 51 39 0
0 0 11 50 36 1
1 0 11 50 37 1
0 0 11 50 36 1
0 1 11 51 36 1
1 0 11 50 37 1
2 0 11 50 38 1
1 1 11 51 37 1
3 0 11 49 39 1
0 1 11 51 36 1
0 2 11 52 37 1
1 1 10 51 36 1
2 0 11 50 38 1
2 1 11 51 38 1
1 2 10 52 36 1
3 0 10 50 38 1
3 1 10 51 38 1
0 2 10 52 35 1
0 3 10 53 35 1
2 1 10 51 37 1
2 2 10 52 37 1
1 2 10 52 36 1
3 1 10 51 38 1
3 2 10 52 38 1
1 3 10 53 36 1
2 2 10 52 37 1
0 3 10 53 35 1
2 3 10 53 37 1
3 2 10 52 38 1
1 3 10 53 36 1
3 3 10 53 38 1
2 3 10 53 37 1
3 3 10 53 38 1
3 0 5 50 35 0
2 0 5 50 34 0
3 1 5 51 36 0
2 1 5 51 35 0
3 0 5 50 35 0
1 0 5 50 33 0
3 1 5 51 36 0
3 2 5 52 36 0
0 0 5 51 32 0
1 1 5 51 34 0
2 0 5 50 34 0
2 1 5 51 35 0
2 2 5 52 35 0
3 2 5 52 36 0
3 3 5 53 36 0
0 1 5 52 33 0
1 0 5 50 33 0
1 2 5 52 34 0
2 3 5 53 35 0
0 0 5 51 32 0
0 2 5 53 33 0
1 1 5 51 34 0
2 2 5 52 35 0
3 3 5 53 36 0
1 2 5 52 34 0
1 3 5 53 34 0
0 1 5 52 33 0
0 3 5 54 33 0
1 0 5 50 33 0
2 1 5 51 35 0
2 3 5 53 35 0
0 2 5 53 33 0
1 3 5 53 34 0
0 0 5 51 32 0
2 3 5 53 35 0
3 3 5 53 36 0
0 3 5 54 33 0
1 2 5 52 34 0
2 0 5 50 34 0
3 2 5 52 36 0
1 1 6 51 35 0
1 3 6 53 35 0
2 2 6 52 36 0
0 2 7 52 34 1
3 0 9 50 38 1
3 1 8 51 37 1
3 2 8 52 37 1
3 3 8 53 37 1
2 1 9 51 37 1
2 2 9 52 37 1
2 3 9 53 37 1
3 1 9 51 38 1
3 2 9 52 38 1
3 3 9 53 38 1
1 3 9 53 36 1
2 0 9 50 37 1
2 2 9 52 37 1
3 0 9 50 38 1
1 0 9 50 36 1
1 1 9 51 36 1
1 2 9 52 36 1
2 1 9 51 37 1
2 3 9 53 37 1
0 2 9 52 35 1
0 3 9 53 35 1
1 1 9 51 36 1
1 3 9 53 36 1
2 0 9 50 37 1
0 0 9 50 35 1
0 1 9 51 35 1
1 0 9 50 36 1
1 2 9 52 36 1
0 1 9 51 35 1
0 2 9 52 35 1
0 3 9 53 35 1
0 0 9 50 35 1
0 0 12 50 36 0
0 1 12 51 36 0
0 2 12 52 37 0
0 3 12 53 37 0
1 0 12 50 37 0
1 1 12 51 37 0
1 2 12 52 37 0
1 3 12 53 38 0
0 0 11 50 36 0
0 1 11 51 36 0
0 2 11 52 37 0
0 3 11 53 37 0
1 1 11 51 37 0
1 2 11 52 37 0
1 3 11 53 38 0
2 0 11 50 38 0
2 1 11 51 38 0
2 2 11 51 38 0
2 3 11 52 39 0
1 0 11 50 37 0
3 0 11 49 39 0
3 1 11 50 39 0
3 2 11 51 39 0
3 3 11 52 40 0
2 1 11 51 38 0
2 2 11 51 38 0
2 3 11 52 39 0
2 0 11 50 38 0
3 1 11 50 39 0
3 3 11 52 40 0
3 0 11 49 39 0
3 2 11 51 39 0
3 3 11 52 40 0
0 0 11 50 36 1
1 3 11 53 38 0
1 0 10 50 36 1
3 1 10 51 38 0
0 0 10 50 35 1
0 1 10 51 35 1
1 0 10 50 36 1
2 0 10 50 37 1
3 0 10 50 38 1
0 1 10 51 35 1
1 1 10 51 36 1
2 0 10 50 37 1
0 2 10 52 35 1
2 1 10 51 37 1
3 0 10 50 38 1
1 0 10 50 36 1
1 1 10 51 36 1
1 2 10 52 36 1
3 1 10 51 38 1
0 0 10 50 35 1
0 2 10 52 35 1
2 1 10 51 37 1
0 3 10 53 35 1
2 2 10 52 37 1
3 1 10 51 38 1
1 2 10 52 36 1
1 3 10 53 36 1
3 2 10 52 38 1
0 3 9 53 35 1
2 2 9 52 37 1
0 1 9 51 35 1
2 3 9 53 37 1
3 2 9 52 38 1
1 3 9 53 36 1
3 3 9 53 38 1
2 3 9 53 37 1
3 3 9 53 38 1
0 2 9 52 35 1
3 3 8 53 37 1
3 2 8 52 37 1
3 0 4 50 35 0
1 0 5 50 33 0
2 0 4 50 34 0
3 1 4 51 36 0
0 0 5 51 32 0
2 1 5 51 35 0
3 2 5 52 36 0
1 1 5 51 34 0
2 0 5 50 34 0
2 2 5 52 35 0
3 0 5 50 35 0
3 1 5 51 36 0
3 3 5 53 36 0
0 0 5 51 32 0
0 1 5 52 33 0
0 2 5 53 33 0
1 0 5 50 33 0
1 2 5 52 34 0
2 1 5 51 35 0
2 3 5 53 35 0
3 2 5 52 36 0
1 1 5 51 34 0
1 3 5 53 34 0
2 2 5 52 35 0
3 3 5 53 36 0
0 1 5 52 33 0
0 2 5 53 33 0
0 3 5 54 33 0
1 2 5 52 34 0
2 3 5 53 35 0
1 3 5 53 34 0
0 3 5 54 33 0
1 1 6 51 35 0
2 3 7 53 36 0
3 2 7 52 37 0
3 2 9 52 38 1
3 0 9 50 38 1
3 1 9 51 38 1
3 3 9 53 38 1
2 2 9 52 37 1
2 3 9 53 37 1
3 2 9 52 38 1
2 0 9 50 37 1
2 1 9 51 37 1
3 0 9 50 38 1
3 1 9 51 38 1
3 3 9 53 38 1
1 1 9 51 36 1
1 2 9 52 36 1
1 3 9 53 36 1
2 1 9 51 37 1
2 2 9 52 37 1
2 3 9 53 37 1
1 0 9 50 36 1
2 0 9 50 37 1
0 1 9 51 35 1
0 2 9 52 35 1
0 3 9 53 35 1
1 0 9 50 36 1
1 1 9 51 36 1
1 2 9 52 36 1
1 3 9 53 36 1
0 0 9 50 35 1
0 1 9 51 35 1
0 2 9 52 35 1
0 3 9 53 35 1
0 0 9 50 35 1
0 0 11 50 36 0
0 1 11 51 36 0
0 2 11 52 37 0
0 3 11 53 37 0
0 0 11 50 36 0
0 2 11 52 37 1
0 1 11 51 36 0
0 3 11 53 37 0
1 0 11 50 37 0
1 2 11 52 37 0
1 1 11 51 37 0
1 3 11 53 38 0
0 0 11 50 36 0
0 2 11 52 37 0
1 0 11 50 37 0
1 2 11 52 37 0
1 3 11 53 38 0
0 1 11 51 36 0
0 3 11 53 37 0
1 1 11 51 37 0
2 0 11 50 38 0
2 2 11 51 38 0
2 3 11 52 39 1
1 2 11 52 37 0
2 1 11 51 38 0
2 3 11 52 39 0
1 0 11 50 37 0
1 1 11 51 37 1
1 3 11 53 38 0
2 0 11 50 38 0
2 2 11 51 38 0
1 2 11 52 37 0
2 1 11 51 38 0
3 0 11 49 39 0
3 1 11 50 39 0
3 2 11 51 39 0
3 3 11 52 40 0
2 2 11 51 38 0
2 3 11 52 39 0
0 2 11 52 37 0
3 1 11 50 39 0
3 2 11 51 39 1
3 3 11 52 40 0
2 0 11 50 38 0
2 1 11 51 38 0
3 0 11 49 39 0
3 1 11 50 39 0
3 2 11 51 39 0
2 2 11 51 38 0
2 3 11 52 39 0
3 2 11 51 39 0
3 3 11 52 40 0
3 0 11 49 39 0
1 1 11 51 37 0
3 3 10 53 38 0
0 0 9 50 35 1
0 0 8 50 34 1
1 0 8 50 35 1
0 0 8 50 34 1
1 0 8 50 35 1
2 0 8 50 36 1
0 1 8 51 34 1
2 0 8 50 36 1
3 0 8 50 37 1
0 1 8 51 34 1
1 0 8 50 35 1
1 1 8 51 35 1
0 2 8 52 34 1
2 0 8 50 36 1
2 1 8 51 36 1
3 0 8 50 37 1
0 1 8 51 34 1
0 3 8 53 34 1
1 1 8 51 35 1
1 2 7 52 35 1
0 2 7 52 34 1
0 3 7 53 34 1
1 3 7 53 35 1
3 1 7 51 37 1
2 1 7 51 36 1
2 2 7 52 36 1
2 3 7 53 36 1
3 0 7 50 37 1
0 2 7 52 34 1
1 1 7 51 35 1
1 2 7 52 35 1
1 3 7 53 35 1
3 3 7 53 37 1
2 3 7 53 36 1
3 1 7 51 37 1
3 2 7 52 37 1
1 2 7 52 35 1
2 1 7 51 36 1
2 2 7 52 36 1
3 3 7 53 37 1
3 2 7 52 37 1
3 1 7 51 37 1
2 2 7 52 36 1
3 2 6 52 37 1
0 2 17 51 39 0
0 0 17 50 38 0
1 2 17 51 40 0
1 0 17 49 39 0
2 2 17 51 41 0
3 1 18 49 41 0
3 0 17 48 41 0
2 0 17 49 40 0
2 1 16 50 40 0
3 1 16 49 41 0
2 0 16 49 40 1
1 1 16 50 39 0
3 1 16 49 41 0
3 2 16 50 42 0
2 2 16 51 41 0
3 0 16 48 41 1
3 2 16 50 42 0
1 2 16 51 40 0
2 1 16 50 40 1
3 1 16 49 41 1
2 2 16 51 41 0
2 3 16 52 41 0
3 3 16 51 42 0
1 3 15 52 39 0
2 3 15 52 40 0
3 3 15 52 41 0
2 2 15 51 39 1
3 2 15 51 40 1
1 2 15 51 39 1
1 3 15 52 39 1
2 3 15 52 40 1
3 1 15 50 40 1
3 3 15 52 41 1
3 2 15 51 40 1
3 3 14 52 41 1
3 1 13 50 39 1
3 2 13 51 39 0
3 3 13 52 40 0
3 0 12 49 39 0
2 0 12 50 38 0
2 2 12 51 38 0
3 2 12 51 39 0
3 3 12 52 40 0
2 1 12 51 38 0
2 3 12 52 39 0
3 0 12 49 39 0
3 1 12 50 39 0
1 0 12 50 37 0
1 1 12 51 37 0
1 2 12 52 37 0
1 3 12 53 38 0
2 0 12 50 38 0
2 1 12 51 38 0
2 2 12 51 38 0
2 3 12 52 39 0
0 0 12 50 36 0
0 1 12 51 36 0
0 2 12 52 37 0
0 3 12 53 37 0
1 2 12 52 37 0
1 3 12 53 38 0
3 0 12 49 39 1
3 1 12 50 39 1
0 2 12 52 37 0
1 0 12 50 37 0
1 1 12 51 37 0
3 2 12 51 39 1
0 1 11 51 36 0
0 3 11 53 37 0
2 0 11 50 38 1
2 1 11 51 38 1
2 2 11 51 38 1
3 1 11 50 39 1
3 3 11 52 40 1
1 0 11 50 37 1
1 1 11 51 37 1
2 3 11 52 39 1
3 2 11 51 39 1
0 0 11 50 36 1
0 1 11 51 36 1
1 2 11 52 37 1
2 2 11 51 38 1
3 3 11 52 40 1
0 2 11 52 37 1
1 3 11 53 38 1
0 1 11 51 36 1
0 3 11 53 37 1
1 2 11 52 37 1
2 3 11 52 39 1
1 1 11 51 37 1
0 3 10 53 35 1
0 2 10 52 35 1
3 0 6 50 37 0
2 0 6 50 36 0
3 1 6 51 37 0
3 0 6 50 37 0
3 1 7 51 37 0
2 0 7 50 36 0
3 2 7 52 37 0
1 0 7 50 35 0
3 0 7 50 37 0
3 1 7 51 37 0
2 1 7 51 36 0
3 2 7 52 37 0
2 0 7 50 36 0
1 0 7 50 35 0
0 0 7 50 34 0
1 1 7 51 35 0
2 1 7 51 36 0
2 2 7 52 36 0
3 1 7 51 37 0
3 2 7 52 37 0
3 3 7 53 37 0
0 0 7 50 34 0
1 0 7 50 35 0
2 2 7 52 36 0
1 1 7 51 35 0
2 0 7 50 36 0
3 2 7 52 37 0
1 2 7 52 35 0
2 1 7 51 36 0
2 3 7 53 36 0
3 3 7 53 37 0
0 0 7 50 34 0
0 1 7 51 34 0
1 0 7 50 35 0
2 2 7 52 36 0
1 1 7 51 35 0
3 1 7 51 37 0
3 2 7 52 37 0
1 2 7 52 35 0
0 1 7 51 34 0
2 3 7 53 36 0
3 3 7 53 37 0
0 0 7 50 34 0
0 2 7 52 34 0
1 0 7 50 35 0
1 2 7 52 35 0
2 1 7 51 36 0
2 2 7 52 36 0
2 3 8 53 36 0
1 1 8 51 35 0
3 3 8 53 37 0
0 1 8 51 34 0
0 2 8 52 34 0
1 3 8 53 35 0
1 2 8 52 35 0
2 3 8 53 36 0
0 2 8 52 34 0
1 3 8 53 35 0
0 3 8 53 34 0
1 2 8 52 35 0
0 1 8 51 34 0
1 3 8 53 35 0
0 3 8 53 34 0
0 2 8 52 34 0
1 3 8 53 35 0
0 3 9 53 35 0
3 1 9 51 38 1
3 2 8 52 37 1
3 3 9 53 38 1
3 0 9 50 38 1
3 2 9 52 38 1
3 3 9 53 38 1
2 0 9 50 37 1
2 1 9 51 37 1
2 2 9 52 37 1
2 3 9 53 37 1
3 0 9 50 38 1
3 1 9 51 38 1
0 3 9 53 35 0
1 2 9 52 36 1
1 1 9 51 36 1
1 3 9 53 36 1
2 0 9 50 37 1
2 1 9 51 37 1
2 2 9 52 37 1
2 3 9 53 37 1
1 0 9 50 36 1
3 2 9 52 38 1
0 1 9 51 35 1
1 2 9 52 36 1
1 3 9 53 36 1
0 0 9 50 35 1
0 2 9 52 35 1
0 3 9 53 35 1
1 0 9 50 36 1
1 1 9 51 36 1
0 1 9 51 35 1
0 0 9 50 35 1
0 2 9 52 35 1
0 3 9 53 35 1
0 1 9 51 35 1
1 2 9 52 36 1
1 0 9 50 36 1
1 2 11 52 37 0
1 0 11 50 37 0
1 2 11 52 37 0
1 3 11 53 38 0
1 0 11 50 37 0
2 2 11 51 38 0
2 3 11 52 39 0
3 2 11 51 39 0
3 1 11 50 39 0
0 3 11 53 37 0
0 2 11 52 37 0
0 3 11 53 37 0
1 3 11 53 38 0
0 0 11 50 36 0
0 1 11 51 36 0
0 2 11 52 37 0
1 2 11 52 37 0
1 3 11 53 38 0
2 3 11 52 39 0
1 0 11 50 37 0
1 2 11 52 37 0
0 0 11 50 36 0
0 1 11 51 36 0
0 2 11 52 37 0
0 3 11 53 37 0
1 1 11 51 37 0
2 3 11 52 39 0
2 0 11 50 38 0
2 2 11 51 38 0
3 3 11 52 40 0
0 1 11 51 36 0
1 0 11 50 37 0
1 1 11 51 37 0
1 3 11 53 38 0
2 1 11 51 38 0
1 2 11 52 37 0
2 2 11 51 38 0
3 0 11 49 39 0
2 0 11 50 38 0
2 3 11 52 39 0
3 1 11 50 39 0
3 2 11 51 39 0
3 3 11 52 40 0
1 0 11 50 37 0
2 1 11 51 38 0
2 2 11 51 38 0
3 0 11 49 39 0
3 1 11 50 39 0
3 2 11 51 39 0
3 3 11 52 40 0
3 2 11 51 39 0
3 1 11 50 39 0
0 0 11 50 36 1
0 1 11 51 36 1
3 2 11 51 39 0
0 0 11 50 36 1
0 2 11 52 37 1
0 1 11 51 36 1
1 0 11 50 37 1
0 3 11 53 37 1
1 1 11 51 37 1
0 2 11 52 37 1
1 2 11 52 37 1
0 1 11 51 36 1
0 3 11 53 37 1
1 0 11 50 37 1
1 3 11 53 38 1
1 1 11 51 37 1
1 2 11 52 37 1
2 0 11 50 38 1
2 1 11 51 38 1
2 2 11 51 38 1
1 3 11 53 38 1
2 3 11 52 39 1
0 0 11 50 36 1
2 0 11 50 38 1
2 2 11 51 38 1
2 1 11 51 38 1
2 3 11 52 39 1
3 0 11 49 39 1
3 1 11 50 39 1
3 2 11 51 39 1
3 3 11 52 40 1
3 0 11 49 39 1
3 1 11 50 39 1
2 2 11 51 38 1
3 2 11 51 39 1
3 3 11 52 40 1
3 1 11 50 39 1
3 0 11 49 39 1
3 2 11 51 39 1
2 0 11 50 38 1
1 0 12 50 37 1
2 3 11 52 39 0
3 3 11 52 40 0
1 3 11 53 38 0
0 3 11 53 37 0
2 2 11 51 38 0
3 2 11 51 39 0
1 2 11 52 37 0
1 3 11 53 38 0
2 3 11 52 39 0
3 3 11 52 40 0
0 2 11 52 37 1
2 2 11 51 38 0
3 1 11 50 39 0
3 2 11 51 39 0
0 3 11 53 37 0
1 1 11 51 37 0
1 3 11 53 38 0
2 1 11 51 38 0
0 1 11 51 36 0
0 2 11 52 37 0
1 2 11 52 37 0
3 1 11 50 39 0
1 1 10 51 36 0
2 0 10 50 37 0
2 2 10 52 37 0
3 0 10 50 38 0
3 2 10 52 38 0
0 0 10 50 35 0
1 0 10 50 36 0
1 2 10 52 36 0
2 1 10 51 37 0
0 1 10 51 35 0
3 0 10 50 38 0
0 0 10 50 35 0
1 0 10 50 36 0
1 1 10 51 36 0
2 0 10 50 37 0
0 2 10 52 35 0
0 0 10 50 35 0
1 0 10 50 36 0
3 1 10 51 38 0
1 2 9 52 36 0
3 3 9 53 38 1
3 1 9 51 38 1
3 2 9 52 38 1
2 2 9 52 37 1
3 0 9 50 38 1
3 3 9 53 38 1
2 3 9 53 37 1
3 1 9 51 38 1
3 2 9 52 38 1
2 0 9 50 37 1
2 1 9 51 37 1
3 3 9 53 38 1
1 2 9 52 36 1
1 3 9 53 36 1
2 2 9 52 37 1
3 0 9 50 38 1
3 1 9 51 38 1
2 3 9 53 37 1
3 2 9 52 38 1
1 0 9 50 36 1
1 1 9 51 36 1
2 1 9 51 37 1
2 2 9 52 37 1
2 0 9 50 37 1
0 3 9 53 35 1
1 2 9 52 36 1
1 3 9 53 36 1
0 0 9 50 35 1
0 2 9 52 35 1
0 1 9 51 35 1
1 0 9 50 36 1
1 1 9 51 36 1
1 2 9 52 36 1
1 3 9 53 36 1
2 1 9 51 37 1
0 3 9 53 35 1
1 0 9 50 36 1
2 3 9 53 37 1
0 0 9 50 35 1
0 1 9 51 35 1
0 2 9 52 35 1
2 0 9 50 37 1
3 0 9 50 38 1
0 0 9 50 35 1
0 1 9 51 35 1
0 3 9 53 35 1
0 2 9 52 35 1
1 1 9 51 36 1
0 0 10 50 35 1
2 0 12 50 38 0
3 0 11 49 39 0
2 3 14 52 40 0
3 2 14 51 40 0
3 0 15 49 40 0
0 3 13 53 37 0
1 2 10 52 36 0
1 2 8 52 35 0
2 3 9 53 37 0
2 2 9 52 37 0
3 2 9 52 38 0
3 3 9 53 38 0
2 2 9 52 37 1
2 2 8 52 36 0
0 2 7 52 34 0
1 3 10 53 36 0
0 3 10 53 35 0
1 2 10 52 36 0
1 3 10 53 36 0
2 2 10 52 37 0
2 3 10 53 37 0
0 3 10 53 35 0
0 2 10 52 35 0
1 2 10 52 36 0
2 1 10 51 37 0
2 2 10 52 37 0
3 1 10 51 38 0
1 1 10 51 36 0
2 3 10 53 37 0
3 2 10 52 38 0
0 2 10 52 35 0
1 3 10 53 36 0
2 1 10 51 37 0
3 1 10 51 38 0
1 2 10 52 36 0
3 0 10 50 38 0
3 2 10 52 38 0
0 1 10 51 35 0
1 1 10 51 36 0
2 0 10 50 37 0
2 2 10 52 37 0
3 3 10 53 38 0
0 2 10 52 35 0
2 1 10 51 37 0
3 1 10 51 38 0
0 1 10 51 35 0
1 0 10 50 36 0
2 3 10 53 37 0
3 0 10 50 38 0
0 0 10 50 35 0
1 1 10 51 36 0
1 3 10 53 36 0
2 0 10 50 37 0
2 2 10 52 37 0
1 0 10 50 36 0
3 2 10 52 38 0
3 3 10 53 38 0
0 1 10 51 35 0
1 2 10 52 36 0
2 3 10 53 37 0
0 0 10 50 35 0
0 3 10 53 35 0
2 0 10 50 37 0
3 1 10 51 38 0
1 0 10 50 36 0
0 0 10 50 35 0
3 2 10 52 38 0
3 3 10 53 38 0
2 3 10 53 37 0
3 0 10 50 38 0
3 3 10 53 38 0
3 2 10 52 38 0
1 2 11 52 37 0
0 1 11 51 36 1
0 0 11 50 36 1
0 2 11 52 37 1
0 3 11 53 37 1
0 1 11 51 36 1
0 0 11 50 36 1
0 2 11 52 37 1
0 3 11 53 37 1
1 0 11 50 37 1
1 1 11 51 37 1
1 2 11 52 37 1
1 3 11 53 38 1
1 0 11 50 37 1
1 3 11 53 38 1
1 1 11 51 37 1
1 2 11 52 37 1
2 0 11 50 38 1
2 2 11 51 38 1
2 1 11 51 38 1
2 3 11 52 39 1
0 1 11 51 36 1
2 0 11 50 38 1
2 1 11 51 38 1
2 2 11 51 38 1
2 3 11 52 39 1
1 0 11 50 37 1
3 0 12 49 39 1
2 2 12 51 38 1
3 1 12 50 39 1
3 2 12 51 39 1
3 3 12 52 40 1
2 3 12 52 39 1
3 0 12 49 39 1
1 3 12 53 38 1
3 1 12 50 39 1
3 2 12 51 39 1
3 3 12 52 40 1
2 1 12 51 38 1
3 0 12 49 39 1
3 3 12 52 40 1
3 2 12 51 39 1
3 0 12 49 39 0
3 1 12 50 39 1
3 2 12 51 39 1
3 0 12 49 39 1
2 0 13 50 38 1
2 2 13 51 38 1
3 0 8 50 37 0
2 0 8 50 36 0
3 1 8 51 37 0
1 0 8 50 35 0
2 1 8 51 36 0
3 2 8 52 37 0
0 0 8 50 34 0
1 1 8 51 35 0
2 0 8 50 36 0
2 2 8 52 36 0
3 0 8 50 37 0
3 1 8 51 37 0
3 3 8 53 37 0
0 1 8 51 34 0
1 0 8 50 35 0
1 2 8 52 35 0
2 1 8 51 36 0
2 3 8 53 36 0
3 2 8 52 37 0
0 0 8 50 34 0
0 2 8 52 34 0
1 1 8 51 35 0
1 3 8 53 35 0
2 2 8 52 36 0
3 3 8 53 37 0
0 1 8 51 34 0
2 3 8 53 36 0
0 3 8 53 34 0
1 2 8 52 35 0
1 3 8 53 35 0
0 2 8 52 34 0
0 3 8 53 34 0
1 0 9 50 36 0
3 1 9 51 38 1
3 2 9 52 38 1
3 3 9 53 38 1
3 0 10 50 38 1
3 2 10 52 38 1
3 1 10 51 38 1
3 3 10 53 38 1
2 3 10 53 37 1
2 2 10 52 37 1
3 0 10 50 38 1
2 0 11 50 38 1
2 0 11 50 38 0
2 2 11 51 38 0
3 0 11 49 39 0
3 3 11 52 40 0
2 3 11 52 39 0
3 1 11 50 39 0
3 2 11 51 39 0
2 2 11 51 38 0
3 2 11 51 39 0
0 0 11 50 36 1
3 3 11 52 40 0
1 0 11 50 37 1
3 1 11 50 39 0
0 0 11 50 36 1
3 0 11 49 39 0
0 1 11 51 36 1
1 0 11 50 37 1
2 0 11 50 38 1
3 2 11 51 39 0
0 1 11 51 36 1
1 1 11 51 37 1
2 0 11 50 38 1
3 0 11 49 39 1
3 3 11 52 40 0
0 2 11 52 37 1
2 1 11 51 38 1
1 1 11 51 37 1
3 0 11 49 39 1
1 2 11 52 37 1
2 1 11 51 38 1
2 2 11 51 38 1
3 1 11 50 39 1
0 2 11 52 37 1
0 3 11 53 37 1
1 2 11 52 37 1
2 2 11 51 38 1
3 1 11 50 39 1
3 2 11 51 39 1
0 3 11 53 37 1
1 3 11 53 38 1
0 1 11 51 36 1
2 3 11 52 39 1
3 2 11 51 39 1
1 3 11 53 38 1
3 3 11 52 40 1
2 3 11 52 39 1
3 3 11 52 40 1
2 2 11 51 38 1
1 0 6 50 35 1
0 3 9 53 35 0
0 1 9 51 35 0
0 2 9 52 35 0
1 3 9 53 36 0
0 0 9 50 35 0
0 3 9 53 35 0
1 1 9 51 36 0
1 2 9 52 36 0
2 3 9 53 37 0
0 2 9 52 35 0
1 0 9 50 36 0
1 3 9 53 36 0
2 2 9 52 37 0
1 2 9 52 36 0
2 1 9 51 37 0
2 3 9 53 37 0
3 3 9 53 38 0
0 0 9 50 35 1
0 2 9 52 35 1
0 3 9 53 35 1
1 0 9 50 36 0
1 1 9 51 36 0
2 0 9 50 37 0
2 2 9 52 37 0
3 1 9 51 38 0
3 2 9 52 38 0
0 1 9 51 35 1
2 1 9 51 37 0
3 0 9 50 38 0
3 3 9 53 38 1
1 0 9 50 36 1
1 1 9 51 36 1
3 2 9 52 38 0
1 2 9 52 36 1
1 3 9 53 36 1
3 1 9 51 38 0
2 0 10 50 37 1
2 1 9 51 37 1
2 2 9 52 37 1
3 0 9 50 38 0
2 3 10 53 37 1
0 2 10 52 35 1
2 2 10 52 37 1
3 0 10 50 38 1
3 1 10 51 38 1
3 2 10 52 38 1
3 3 10 53 38 1
2 1 10 51 37 1
3 2 10 52 38 1
3 1 10 51 38 1
3 3 10 53 38 1
1 2 11 52 37 1
3 3 11 52 40 0
2 3 11 52 39 0
3 3 11 52 40 0
1 3 11 53 38 0
0 3 11 53 37 0
2 3 11 52 39 0
3 2 11 51 39 0
3 3 11 52 40 0
1 3 11 53 38 0
2 2 12 51 38 0
3 2 12 51 39 0
0 3 12 53 37 1
1 2 12 52 37 0
1 3 12 53 38 1
2 3 12 52 39 1
2 1 12 51 38 0
3 3 12 52 40 1
3 1 12 50 39 0
1 2 12 52 37 1
2 2 12 51 38 1
3 2 12 51 39 1
3 1 12 50 39 0
3 1 12 50 39 1
3 3 12 52 40 1
3 2 12 51 39 1
1 1 14 50 38 1
3 1 14 50 40 0
3 2 14 51 40 0
3 0 14 49 40 0
3 3 14 52 41 1
2 2 14 51 39 0
3 1 14 50 40 0
3 2 14 51 40 0
2 0 14 49 39 0
2 1 14 50 39 0
2 3 14 52 40 0
3 0 14 49 40 0
3 3 14 52 41 1
1 1 14 50 38 0
1 2 14 51 39 0
2 2 14 51 39 0
1 0 14 50 38 0
1 3 14 52 39 0
2 1 14 50 39 0
2 3 14 52 40 0
1 1 14 50 38 0
1 2 14 51 39 0
2 0 14 49 39 0
0 0 14 50 37 0
0 1 14 51 37 0
0 2 14 52 38 0
0 3 14 53 38 0
1 0 14 50 38 0
1 3 14 52 39 0
3 3 14 52 41 1
3 2 14 51 40 1
0 0 14 50 37 0
0 2 14 52 38 0
0 3 14 53 38 0
3 1 14 50 40 1
0 1 14 51 37 0
2 3 14 52 40 1
3 3 14 52 41 1
2 2 14 51 39 1
3 2 14 51 40 1
3 0 14 49 40 1
3 1 14 50 40 1
1 3 14 52 39 1
2 1 14 50 39 1
2 3 14 52 40 1
3 2 14 51 40 1
1 2 14 51 39 1
2 2 14 51 39 1
0 3 14 53 38 1
1 3 14 52 39 1
3 1 14 50 40 0
0 2 14 52 38 1
1 1 14 50 38 1
3 0 14 49 40 0
1 2 14 51 39 1
3 2 14 51 40 0
0 3 14 53 38 1
2 1 14 50 39 0
2 2 14 51 39 0
3 1 14 50 40 0
1 1 14 50 38 0
1 2 14 51 39 0
3 2 14 51 40 0
3 3 14 52 41 0
1 3 14 52 39 0
2 2 14 51 39 0
2 3 14 52 40 0
0 3 14 53 38 0
1 2 14 51 39 0
0 2 14 52 38 0
1 3 14 52 39 0
2 3 14 52 40 0
3 2 14 51 40 0
3 3 14 52 41 0
3 0 14 49 40 1
0 3 14 53 38 0
2 0 14 49 39 1
3 1 14 50 40 1
1 0 14 50 38 1
2 1 14 50 39 1
3 0 14 49 40 1
3 2 14 51 40 1
0 0 14 50 37 1
1 1 14 50 38 1
2 2 14 51 39 1
3 1 14 50 40 1
3 3 14 52 41 1
0 1 14 51 37 1
1 0 14 50 38 1
1 2 14 51 39 1
2 3 14 52 40 1
3 2 14 51 40 1
0 0 14 50 37 1
0 2 14 52 38 1
1 3 14 52 39 1
2 2 14 51 39 1
0 1 14 51 37 1
0 3 14 53 38 1
2 0 14 49 39 1
3 3 14 52 41 1
0 2 14 52 38 1
1 1 14 50 38 1
1 2 14 51 39 1
0 3 14 53 38 1
2 1 14 50 39 1
0 2 13 52 37 0
0 0 13 50 36 0
1 0 13 50 37 0
1 2 13 52 37 0
2 2 13 51 38 0
3 2 14 51 40 0
3 1 14 50 40 0
3 0 14 49 40 0
0 3 9 53 35 0
1 3 9 53 36 0
0 2 9 52 35 0
1 2 9 52 36 0
2 2 9 52 37 0
1 1 9 51 36 0
2 1 9 51 37 0
3 1 9 51 38 0
0 1 9 51 35 0
0 2 9 52 35 0
1 2 9 52 36 0
0 1 9 51 35 0
1 0 9 50 36 0
1 1 9 51 36 0
2 0 9 50 37 0
3 0 9 50 38 0
0 0 9 50 35 0
2 1 9 51 37 0
0 0 9 50 35 0
1 0 9 50 36 0
1 3 9 53 36 1
2 0 9 50 37 0
2 2 9 52 37 1
1 3 8 53 35 0
2 2 8 52 36 0
0 3 8 53 34 0
3 0 8 50 37 0
1 3 8 53 35 0
3 1 8 51 37 0
1 2 8 52 35 0
2 1 8 51 36 0
2 2 8 52 36 0
2 3 8 53 36 0
0 2 8 52 34 0
1 1 8 51 35 0
1 3 8 53 35 0
2 0 8 50 36 0
2 3 8 53 36 0
3 2 8 52 37 0
3 3 8 53 37 0
2 1 8 51 36 0
2 2 8 52 36 0
3 1 8 51 37 0
2 3 8 53 36 0
3 2 8 52 37 0
3 3 8 53 37 0
3 0 8 50 37 0
3 1 8 51 37 0
3 2 8 52 37 0
3 3 8 53 37 0
1 2 9 52 36 0
0 0 10 50 35 1
0 2 10 52 35 1
0 1 10 51 35 1
0 3 10 53 35 1
0 2 10 52 35 1
0 0 10 50 35 1
0 1 10 51 35 1
1 0 10 50 36 1
1 1 10 51 36 1
1 2 10 52 36 1
1 3 10 53 36 1
0 3 10 53 35 1
1 2 10 52 36 1
2 0 10 50 37 1
2 1 10 51 37 1
2 2 10 52 37 1
2 3 10 53 37 1
1 0 10 50 36 1
2 2 11 51 38 1
3 0 11 49 39 1
3 1 11 50 39 1
3 2 11 51 39 1
3 3 11 52 40 1
1 3 11 53 38 1
2 0 11 50 38 1
2 1 11 51 38 1
2 3 11 52 39 1
3 1 11 50 39 1
3 2 11 51 39 1
1 1 11 51 37 1
3 0 11 49 39 1
3 3 11 52 40 1
2 0 16 49 40 0
3 0 16 48 41 0
0 0 17 50 38 0
1 0 17 49 39 0
3 1 17 49 41 0
1 1 17 50 39 0
2 1 17 50 40 0
3 2 17 50 42 0
0 1 17 50 38 0
1 0 17 49 39 0
2 0 17 49 40 0
2 2 17 51 41 0
3 0 17 48 41 0
3 1 17 49 41 0
0 0 17 50 38 0
1 1 17 50 39 0
1 2 17 51 40 0
2 1 17 50 40 0
3 3 17 51 42 0
0 2 17 51 39 0
1 3 17 52 40 0
2 2 17 51 41 0
2 3 17 52 41 0
3 2 17 50 42 0
0 1 17 50 38 0
0 3 17 52 39 0
1 2 17 51 40 0
3 3 17 51 42 0
0 2 17 51 39 0
1 3 17 52 40 0
2 3 17 52 41 0
0 3 17 52 39 0
2 3 17 52 41 0
0 2 17 51 39 0
3 0 18 48 41 1
3 1 18 49 41 1
3 2 18 50 42 1
1 2 18 51 40 0
2 0 18 49 40 1
3 1 18 49 41 1
3 3 18 51 42 1
3 0 18 48 41 1
3 2 18 50 42 1
2 1 18 50 40 1
2 2 18 51 41 1
2 3 18 52 41 1
1 0 18 49 39 1
2 0 18 49 40 1
3 1 18 49 41 1
3 2 18 50 42 1
3 3 18 51 42 1
2 1 18 50 40 1
1 1 18 50 39 1
1 2 18 51 40 1
2 2 18 51 41 1
2 3 18 52 41 1
1 0 18 49 39 1
1 3 18 52 40 1
0 0 18 50 38 1
0 1 18 50 38 1
0 2 18 51 39 1
1 1 18 50 39 1
1 2 18 51 40 1
0 3 18 52 39 1
1 3 18 52 40 1
0 0 18 50 38 1
0 1 18 50 38 1
0 2 18 51 39 1
0 3 18 52 39 1
1 2 18 51 40 1
0 1 18 50 38 1
1 0 18 49 39 1
0 0 18 50 38 1
0 2 18 51 39 1
0 3 18 52 39 1
0 0 14 50 37 0
0 1 14 51 37 0
0 2 14 52 38 0
0 3 14 53 38 0
1 0 14 50 38 0
1 1 14 50 38 0
1 2 14 51 39 0
0 0 14 50 37 0
1 3 14 52 39 0
0 1 14 51 37 0
0 2 14 52 38 0
0 3 14 53 38 0
1 0 14 50 38 0
1 1 14 50 38 0
1 2 14 51 39 0
2 0 14 49 39 0
2 1 14 50 39 0
2 2 14 51 39 0
2 3 14 52 40 0
3 1 14 50 40 0
1 3 14 52 39 0
3 0 14 49 40 0
3 2 14 51 40 0
3 3 14 52 41 0
2 0 14 49 39 0
2 1 14 50 39 0
2 2 14 51 39 0
2 3 14 52 40 0
3 1 14 50 40 0
3 0 14 49 40 0
3 2 14 51 40 0
3 3 14 52 41 0
0 0 15 50 37 1
0 1 15 51 37 1
0 2 15 52 38 1
0 3 15 53 38 1
1 0 15 50 38 1
1 1 15 50 38 1
1 2 15 51 39 1
1 3 15 52 39 1
2 0 15 49 39 1
2 1 15 50 39 1
2 2 15 51 39 1
0 1 15 51 37 1
2 3 15 52 40 1
3 0 15 49 40 1
3 1 15 50 40 1
3 2 15 51 40 1
3 3 15 52 41 1
0 0 15 50 37 0
1 0 15 50 38 0
2 0 15 49 39 0
3 0 15 49 40 0
1 0 15 50 38 0
3 1 15 50 40 0
0 0 16 50 38 0
2 0 16 49 40 0
2 1 15 50 39 0
0 1 16 50 38 0
1 1 16 50 39 0
3 1 16 49 41 0
1 0 16 49 39 0
2 1 16 50 40 0
3 2 16 50 42 0
0 0 16 50 38 0
2 2 16 51 41 0
0 1 16 50 38 0
1 2 16 51 40 0
3 0 16 48 41 0
3 1 16 49 41 0
3 2 16 50 42 0
0 2 16 51 39 0
1 1 16 50 39 0
2 1 16 50 40 0
0 0 16 50 38 1
2 2 16 51 41 0
3 3 16 51 42 0
0 1 16 50 38 1
1 0 16 49 39 1
1 2 16 51 40 0
2 3 16 52 41 0
3 2 16 50 42 0
0 2 16 51 39 1
1 1 16 50 39 1
1 3 16 52 40 0
3 3 17 51 42 0
1 2 17 51 40 1
2 0 17 49 40 1
2 1 17 50 40 1
2 2 17 51 41 1
3 0 17 48 41 1
3 1 17 49 41 1
2 3 17 52 41 1
3 2 17 50 42 1
0 0 17 50 38 1
3 3 17 51 42 1
3 2 17 50 42 1
3 1 18 49 41 1
0 0 22 49 40 0
0 0 22 49 40 1
2 3 22 50 43 0
3 2 22 49 44 0
3 1 22 48 43 0
2 3 22 50 43 0
3 3 22 50 44 0
1 3 22 51 43 0
2 2 22 49 43 0
1 2 21 50 42 0
0 2 21 50 41 0
3 1 20 49 42 0
3 2 19 50 43 0
0 0 18 50 38 0
1 0 18 49 39 0
0 3 24 51 43 0
0 2 25 50 42 0
0 1 25 49 42 0
0 3 25 51 43 0
1 3 25 50 44 0
0 2 25 50 42 0
1 2 25 49 43 0
0 0 25 48 41 0
1 1 25 48 43 0
1 3 25 50 44 0
0 1 25 49 42 0
0 3 25 51 43 0
1 0 25 48 42 0
1 2 25 49 43 0
2 3 25 49 45 0
0 2 26 49 43 0
1 1 26 48 44 0
2 2 25 49 44 0
0 0 26 48 42 0
1 3 26 49 45 0
2 1 26 47 44 0
2 3 26 49 46 0
3 3 26 48 46 0
1 0 26 47 43 0
1 2 26 49 44 0
2 0 26 46 44 0
2 2 26 48 45 0
3 2 26 47 46 0
1 1 26 48 44 0
2 1 26 47 44 0
3 1 26 46 45 0
3 3 26 48 46 0
0 1 26 48 43 0
2 0 26 46 44 0
2 3 26 49 46 0
3 0 26 46 45 0
3 2 26 47 46 0
2 2 26 48 45 0
3 1 26 46 45 0
2 1 26 47 44 0
3 3 26 48 46 0
1 0 26 47 43 0
3 0 26 46 45 0
3 1 26 46 45 0
3 2 26 47 46 0
2 0 27 46 44 0
3 0 27 46 45 0
0 3 28 50 44 1
1 3 29 48 46 1
2 3 29 48 47 1
3 3 29 47 47 1
0 2 29 48 44 1
1 2 29 48 45 1
2 2 29 47 46 1
3 2 29 46 47 1
0 1 29 48 44 1
1 1 29 47 45 1
2 1 29 46 45 1
3 1 29 46 46 1
0 0 29 47 43 1
0 1 29 48 44 1
1 0 29 46 44 1
2 0 29 46 45 1
2 2 29 47 46 1
3 2 29 46 47 1
2 1 29 46 45 1
3 0 29 45 45 1
3 1 29 46 46 1
1 1 29 47 45 1
0 0 29 47 43 1
0 2 29 48 44 1
3 0 29 45 45 1
1 0 29 46 44 1
2 0 29 46 45 1
3 3 29 47 47 1
0 3 29 49 45 1
1 2 29 48 45 1
2 3 29 48 47 1
3 3 31 46 48 0
3 1 31 45 47 0
3 2 31 45 48 0
2 2 30 47 46 0
2 3 31 47 48 0
2 1 30 46 45 0
3 0 30 45 45 0
1 2 30 48 45 0
1 3 30 48 46 0
2 0 30 46 45 0
1 1 30 47 45 0
0 2 30 48 44 0
0 3 30 49 45 0
1 0 30 46 44 0
0 1 29 48 44 0
0 0 29 47 43 0
2 2 28 48 45 1
2 0 6 50 36 0
3 0 6 50 37 0
3 1 6 51 37 0
1 0 6 50 35 0
2 1 6 51 36 0
3 2 6 52 37 0
0 0 6 50 34 0
1 1 6 51 35 0
2 2 6 52 36 0
3 0 6 50 37 0
3 1 6 51 37 0
3 3 6 53 37 0
0 1 6 51 34 0
1 2 6 52 35 0
2 0 6 50 36 0
2 1 6 51 36 0
2 3 6 53 36 0
3 2 6 52 37 0
0 0 6 50 34 0
0 2 6 52 34 0
1 0 6 50 35 0
1 1 6 51 35 0
1 3 6 53 35 0
2 2 6 52 36 0
3 3 6 53 37 0
0 3 6 53 34 0
1 2 6 52 35 0
2 3 6 53 36 0
0 1 6 51 34 0
0 2 6 52 34 0
1 3 6 53 35 0
3 1 6 51 37 0
0 3 6 53 34 0
2 1 6 51 36 0
0 0 7 50 34 1
1 0 8 50 35 1
0 0 8 50 34 1
2 0 8 50 36 1
0 1 8 51 34 1
1 0 8 50 35 1
3 0 8 50 37 1
0 0 8 50 34 1
1 1 8 51 35 1
2 0 8 50 36 1
0 1 8 51 34 1
3 0 8 50 37 1
2 1 8 51 36 1
0 1 9 51 35 1
0 2 9 52 35 1
1 1 9 51 36 1
3 1 9 51 38 1
1 2 9 52 36 1
2 1 9 51 37 1
0 2 9 52 35 1
2 2 9 52 37 1
3 1 9 51 38 1
1 2 9 52 36 1
3 2 9 52 38 1
0 3 9 53 35 1
1 0 9 50 36 1
2 2 9 52 37 1
1 3 10 53 36 1
3 1 9 51 38 1
3 2 9 52 38 1
3 3 9 53 38 1
0 3 10 53 35 1
2 3 10 53 37 1
2 2 10 52 37 1
3 3 10 53 38 1
1 3 10 53 36 1
2 3 10 53 37 1
3 2 10 52 38 1
2 1 10 51 37 1
0 2 11 52 37 1
1 2 11 52 37 1
0 3 11 53 37 1
0 0 13 50 36 0
0 1 13 51 36 0
0 2 13 52 37 0
0 3 13 53 37 0
1 0 13 50 37 0
1 1 13 51 37 0
1 2 13 52 37 0
1 3 13 53 38 0
0 0 13 50 36 0
0 1 13 51 36 0
0 2 13 52 37 0
2 0 13 50 38 0
2 1 13 51 38 0
2 2 13 51 38 0
2 3 13 52 39 0
1 0 13 50 37 0
1 1 13 51 37 0
1 2 13 52 37 0
3 0 13 49 39 0
3 1 13 50 39 0
3 2 13 51 39 0
3 3 13 52 40 0
0 3 13 53 37 0
1 3 13 53 38 0
2 1 13 51 38 0
2 2 13 51 38 0
2 3 13 52 39 0
2 0 13 50 38 0
3 0 13 49 39 0
3 1 13 50 39 0
3 2 13 51 39 0
3 3 13 52 40 0
0 0 14 50 37 1
0 1 14 51 37 1
0 2 14 52 38 1
0 3 14 53 38 1
1 0 14 50 38 1
1 1 14 50 38 1
1 2 14 51 39 1
1 3 14 52 39 1
2 0 14 49 39 1
2 1 14 50 39 1
2 2 14 51 39 1
2 3 14 52 40 1
3 0 14 49 40 1
3 1 14 50 40 1
3 2 14 51 40 1
3 3 14 52 41 1
0 1 16 50 38 1
3 2 17 50 42 1
3 2 20 50 43 0
3 3 15 52 41 0
2 3 15 52 40 0
3 2 15 51 40 0
3 3 15 52 41 0
1 3 15 52 39 0
2 2 15 51 39 0
2 3 15 52 40 0
3 1 15 50 40 0
3 2 15 51 40 0
0 3 15 53 38 0
1 2 15 51 39 0
1 3 15 52 39 0
2 1 15 50 39 0
2 2 15 51 39 0
2 3 15 52 40 0
0 2 15 52 38 0
3 0 15 49 40 0
3 1 15 50 40 0
0 3 15 53 38 0
1 1 15 50 38 0
1 2 15 51 39 0
2 0 15 49 39 0
3 2 15 51 40 0
0 1 15 51 37 0
0 2 15 52 38 0
1 0 15 50 38 0
1 3 15 52 39 0
2 1 15 50 39 0
3 0 15 49 40 0
1 1 16 50 39 0
1 2 16 51 40 0
0 0 16 50 38 0
0 1 16 50 38 0
0 2 16 51 39 0
1 0 16 49 39 0
2 0 16 49 40 0
2 2 16 51 41 0
0 0 16 50 38 0
3 0 16 48 41 1
3 1 16 49 41 1
3 2 16 50 42 1
2 0 16 49 40 1
2 1 17 50 40 1
2 2 16 51 41 1
2 3 17 52 41 1
3 2 17 50 42 1
3 3 16 51 42 1
1 0 17 49 39 1
3 0 17 48 41 1
3 1 17 49 41 1
1 1 17 50 39 1
1 2 17 51 40 1
1 3 17 52 40 1
2 0 17 49 40 1
2 1 17 50 40 1
2 2 17 51 41 1
2 3 17 52 41 1
3 3 17 51 42 1
0 0 17 50 38 1
0 1 17 50 38 1
0 2 17 51 39 1
0 3 17 52 39 1
1 0 17 49 39 1
0 0 17 50 38 1
0 1 17 50 38 1
1 1 17 50 39 1
1 2 17 51 40 1
1 3 17 52 40 1
0 2 17 51 39 1
0 3 17 52 39 1
1 0 16 49 39 0
0 0 16 50 38 0
1 1 16 50 39 0
1 2 16 51 40 0
2 0 15 49 39 0
2 2 15 51 39 0
3 1 15 50 40 0
3 0 15 49 40 0
3 2 15 51 40 0
1 3 12 53 38 0
0 2 11 52 37 0
1 2 11 52 37 0
1 3 11 53 38 0
2 3 12 52 39 0
2 0 12 50 38 0
2 1 12 51 38 0
3 3 12 52 40 0
3 0 12 49 39 0
0 0 18 50 38 0
1 0 18 49 39 0
0 0 17 50 38 1
0 1 17 50 38 0
0 1 17 50 38 1
0 2 17 51 39 0
0 3 17 52 39 0
0 2 17 51 39 1
3 3 11 52 40 0
2 3 11 52 39 0
3 3 11 52 40 0
1 3 11 53 38 0
2 3 11 52 39 0
3 2 11 51 39 0
2 2 11 51 38 0
3 3 11 52 40 0
0 3 11 53 37 0
1 3 11 53 38 0
2 3 11 52 39 0
3 2 11 51 39 0
1 2 11 52 37 0
2 2 11 51 38 0
0 3 11 53 37 0
1 3 11 53 38 0
3 1 11 50 39 0
3 2 11 51 39 0
0 2 11 52 37 0
2 2 11 51 38 0
2 3 11 52 39 0
1 2 11 52 37 0
0 3 11 53 37 0
1 3 11 53 38 0
2 1 11 51 38 0
3 1 11 50 39 0
0 2 11 52 37 0
1 1 11 51 37 0
2 2 11 51 38 0
1 2 11 52 37 0
2 1 11 51 38 0
3 1 11 50 39 0
3 3 11 52 40 1
0 1 11 51 36 0
0 2 11 52 37 0
1 1 11 51 37 0
1 2 11 52 37 0
3 0 11 49 39 0
2 0 11 50 38 0
2 1 11 51 38 0
0 1 11 51 36 0
0 2 11 52 37 0
1 0 11 50 37 0
1 1 11 51 37 0
3 0 11 49 39 0
3 2 11 51 39 1
2 0 11 50 38 0
0 0 12 50 36 0
2 3 11 52 39 1
3 3 11 52 40 1
0 1 12 51 36 0
1 0 12 50 37 0
3 1 12 50 39 1
3 2 12 51 39 1
1 1 12 51 37 0
0 0 12 50 36 0
1 0 12 50 37 0
0 1 12 51 36 0
2 2 12 51 38 1
3 0 12 49 39 1
2 0 12 50 38 0
3 3 12 52 40 1
0 0 12 50 36 0
3 1 12 50 39 1
1 0 12 50 37 0
2 1 12 51 38 1
0 0 12 50 36 0
3 2 12 51 39 1
2 2 13 51 38 1
2 3 13 52 39 1
2 3 14 52 40 0
2 2 14 51 39 0
3 3 14 52 41 0
2 2 15 51 39 0
2 3 15 52 40 0
3 2 15 51 40 0
1 0 15 50 38 0
2 1 15 50 39 0
3 3 15 52 41 0
3 1 15 50 40 0
3 2 15 51 40 0
2 0 15 49 39 0
2 2 15 51 39 0
3 0 15 49 40 0
3 1 15 50 40 0
3 3 15 52 41 0
2 3 15 52 40 0
3 1 15 50 40 0
3 2 15 51 40 0
2 2 16 51 41 0
3 0 16 48 41 0
2 1 16 50 40 0
2 3 16 52 41 0
3 3 16 51 42 0
3 2 16 50 42 0
2 0 16 49 40 0
3 1 16 49 41 0
2 2 16 51 41 0
3 0 16 48 41 0
3 2 16 50 42 0
3 3 16 51 42 0
1 1 16 50 39 0
3 0 16 48 41 0
3 1 16 49 41 0
3 2 16 50 42 0
3 0 17 48 41 0
3 1 17 49 41 0
3 3 17 51 42 0
3 2 17 50 42 0
0 3 16 52 39 1
1 3 16 52 40 1
0 3 16 52 39 1
2 3 16 52 41 1
0 2 16 51 39 1
3 3 16 51 42 1
1 2 16 51 40 1
1 3 16 52 40 1
2 2 16 51 41 1
2 3 16 52 41 1
0 1 16 50 38 1
0 2 16 51 39 1
1 1 16 50 39 1
3 2 15 51 40 1
3 3 16 51 42 1
1 2 15 51 39 1
2 2 15 51 39 1
0 0 15 50 37 1
0 1 15 51 37 1
1 1 15 50 38 1
2 1 15 50 39 1
3 1 15 50 40 1
3 2 15 51 40 1
0 0 15 50 37 1
1 0 15 50 38 1
2 0 15 49 39 1
2 1 15 50 39 1
3 0 15 49 40 1
3 1 15 50 40 1
1 0 15 50 38 1
2 0 15 49 39 1
3 0 15 49 40 1
0 0 14 50 37 1
3 2 11 51 39 1
2 2 12 51 38 0
3 1 11 50 39 0
1 2 12 52 37 0
1 0 12 50 37 0
2 3 12 52 39 0
3 2 12 51 39 0
0 2 13 52 37 0
1 3 13 53 38 0
3 3 18 51 42 0
3 3 14 52 41 0
3 3 16 51 42 1
3 1 18 49 41 0
3 2 18 50 42 0
2 0 18 49 40 0
3 3 18 51 42 0
2 1 18 50 40 0
2 2 18 51 41 0
1 0 18 49 39 0
2 3 18 52 41 0
1 2 18 51 40 0
0 0 18 50 38 0
1 3 18 52 40 0
0 2 18 51 39 0
2 0 11 50 38 0
3 0 11 49 39 0
0 0 11 50 36 0
1 0 11 50 37 0
2 1 11 51 38 0
3 1 11 50 39 0
0 1 11 51 36 0
1 1 11 51 37 0
2 2 11 51 38 0
3 0 11 49 39 0
3 1 11 50 39 0
3 2 11 51 39 0
0 2 11 52 37 0
1 0 11 50 37 0
1 2 11 52 37 0
1 3 11 53 38 0
2 0 11 50 38 0
2 1 11 51 38 0
2 3 11 52 39 0
3 2 11 51 39 0
3 3 11 52 40 0
0 0 11 50 36 0
0 1 11 51 36 0
0 3 11 53 37 0
1 1 11 51 37 0
2 2 11 51 38 0
1 2 11 52 37 0
1 3 11 53 38 0
2 3 11 52 39 0
3 3 11 52 40 0
0 2 11 52 37 0
0 3 11 53 37 0
3 2 11 51 39 0
1 2 11 52 37 0
3 1 11 50 39 0
0 0 11 50 36 1
0 0 11 50 36 1
1 0 11 50 37 1
0 1 11 51 36 1
2 0 11 50 38 1
1 0 11 50 37 1
1 1 11 51 37 1
3 0 11 49 39 1
0 1 11 51 36 1
0 2 11 52 37 1
2 1 11 51 38 1
1 1 11 51 37 1
1 2 11 52 37 1
2 0 11 50 38 1
3 0 11 49 39 1
3 1 11 50 39 1
0 2 11 52 37 1
2 2 11 51 38 1
0 3 11 53 37 1
1 2 11 52 37 1
2 1 11 51 38 1
3 1 11 50 39 1
3 2 11 51 39 1
1 3 11 53 38 1
2 2 11 51 38 1
0 3 11 53 37 1
2 3 11 52 39 1
3 2 11 51 39 1
1 3 11 53 38 1
3 3 11 52 40 1
2 3 11 52 39 1
3 3 11 52 40 1
1 2 12 52 37 0
1 3 12 53 38 0
0 2 12 52 37 0
3 0 18 48 41 0
3 1 18 49 41 0
3 0 16 48 41 0
1 0 16 49 39 0
2 0 16 49 40 0
0 0 16 50 38 0
2 1 16 50 40 0
3 1 16 49 41 0
1 1 16 50 39 0
2 2 16 51 41 0
3 0 16 48 41 0
3 2 16 50 42 0
0 0 16 50 38 0
0 1 16 50 38 0
1 0 16 49 39 0
1 2 16 51 40 0
2 0 16 49 40 0
2 1 16 50 40 0
3 1 16 49 41 0
3 3 16 51 42 0
0 2 16 51 39 0
1 1 16 50 39 0
2 2 16 51 41 0
2 3 16 52 41 0
3 2 16 50 42 0
0 1 16 50 38 0
0 3 16 52 39 0
1 3 16 52 40 0
0 2 16 51 39 0
1 2 16 51 40 0
2 3 16 52 41 0
3 3 16 51 42 0
1 3 15 52 39 0
0 3 15 53 38 0
0 0 15 50 37 1
1 0 15 50 38 1
2 3 15 52 40 0
0 0 15 50 37 1
0 1 15 51 37 1
2 0 15 49 39 1
0 1 15 51 37 1
0 2 15 52 38 1
1 1 15 50 38 1
3 0 15 49 40 1
1 0 15 50 38 1
1 2 15 51 39 1
2 1 15 50 39 1
0 3 15 53 38 1
2 2 15 51 39 1
3 1 15 50 40 1
1 3 15 52 39 1
2 0 15 49 39 1
3 2 15 51 40 1
0 2 15 52 38 1
2 1 15 50 39 1
2 2 15 51 39 1
2 3 15 52 40 1
1 2 15 51 39 1
3 0 15 49 40 1
3 3 15 52 41 1
0 3 15 53 38 1
3 2 15 51 40 1
2 3 14 52 40 1
3 3 14 52 41 1
3 1 14 50 40 1
1 0 10 50 36 0
3 1 10 51 38 0
3 2 10 52 38 0
2 3 10 53 37 0
3 0 7 50 37 0
1 0 7 50 35 0
2 0 7 50 36 0
3 1 7 51 37 0
0 0 7 50 34 0
1 1 7 51 35 0
2 1 7 51 36 0
2 2 7 52 36 0
3 2 7 52 37 0
0 1 7 51 34 0
1 2 7 52 35 0
3 0 7 50 37 0
3 1 7 51 37 0
3 3 7 53 37 0
0 2 8 52 34 0
1 0 7 50 35 0
1 3 8 53 35 0
2 0 7 50 36 0
2 1 8 51 36 0
2 3 7 53 36 0
3 2 7 52 37 0
0 0 8 50 34 0
0 3 8 53 34 0
1 1 8 51 35 0
1 2 8 52 35 0
2 2 8 52 36 0
3 3 8 53 37 0
0 1 8 51 34 0
0 2 8 52 34 0
2 3 8 53 36 0
1 3 8 53 35 0
0 3 8 53 34 0
2 1 11 51 38 0
3 0 11 49 39 1
3 1 11 50 39 1
3 2 11 51 39 1
3 3 11 52 40 1
2 0 12 50 38 1
2 1 12 51 38 1
2 2 12 51 38 1
2 3 12 52 39 1
3 2 12 51 39 1
1 0 12 50 37 1
1 1 12 51 37 1
1 2 12 52 37 1
1 3 12 53 38 1
3 0 12 49 39 1
3 1 12 50 39 1
3 3 12 52 40 1
0 0 12 50 36 1
0 1 12 51 36 1
0 2 12 52 37 1
0 3 12 53 37 1
2 1 12 51 38 1
2 2 12 51 38 1
1 0 12 50 37 1
2 0 12 50 38 1
0 0 12 50 36 1
0 1 12 51 36 1
1 3 12 53 38 1
0 2 12 52 37 1
0 3 12 53 37 1
1 1 12 51 37 1
1 2 12 52 37 1
0 0 15 50 37 0
0 1 15 51 37 0
0 2 15 52 38 0
0 3 15 53 38 0
1 0 15 50 38 0
1 1 15 50 38 0
1 2 15 51 39 0
1 3 15 52 39 0
0 0 15 50 37 0
0 1 15 51 37 0
0 2 15 52 38 0
0 3 15 53 38 0
2 0 15 49 39 0
2 1 15 50 39 1
2 2 15 51 39 1
2 3 15 52 40 0
1 0 15 50 38 0
1 1 15 50 38 0
1 2 15 51 39 0
1 3 15 52 39 0
3 1 15 50 40 0
3 2 15 51 40 0
3 3 15 52 41 0
2 2 15 51 39 0
2 3 15 52 40 1
3 0 15 49 40 0
2 0 14 49 39 0
2 1 15 50 39 0
3 1 14 50 40 0
3 2 14 51 40 0
0 2 14 52 38 0
3 0 14 49 40 0
3 3 14 52 41 0
3 1 14 50 40 0
0 0 12 50 36 1
1 0 12 50 37 1
0 0 12 50 36 1
0 1 12 51 36 1
2 0 12 50 38 1
1 0 12 50 37 1
1 1 12 51 37 1
3 0 12 49 39 1
0 1 12 51 36 1
0 2 12 52 37 1
2 0 12 50 38 1
2 1 12 51 38 1
1 1 11 51 37 1
1 2 12 52 37 1
3 0 12 49 39 1
3 1 11 50 39 1
0 2 11 52 37 1
0 3 11 53 37 1
2 1 11 51 38 1
2 2 11 51 38 1
1 2 11 52 37 1
1 3 11 53 38 1
3 1 11 50 39 1
3 2 11 51 39 1
0 3 11 53 37 1
2 2 11 51 38 1
2 3 11 52 39 1
3 2 11 51 39 1
3 3 11 52 40 1
1 3 11 53 38 1
2 3 11 52 39 1
3 3 11 52 40 1
3 3 7 53 37 0
2 3 7 53 36 0
3 3 7 53 37 0
1 3 7 53 35 0
2 3 7 53 36 0
0 3 7 53 34 0
1 3 7 53 35 0
3 2 7 52 37 0
3 3 7 53 37 0
2 2 7 52 36 0
2 3 7 53 36 0
3 2 7 52 37 0
0 3 7 53 34 0
1 2 7 52 35 0
1 3 7 53 35 0
2 2 7 52 36 0
3 2 7 52 37 0
1 3 7 53 35 0
3 1 7 51 37 0
3 3 7 53 37 0
0 2 7 52 34 0
1 2 7 52 35 0
2 2 7 52 36 0
2 3 7 53 36 0
0 3 7 53 34 0
2 1 7 51 36 0
3 1 7 51 37 0
1 3 7 53 35 0
2 2 7 52 36 0
3 2 7 52 37 0
0 2 7 52 34 0
1 1 7 51 35 0
1 2 7 52 35 0
3 1 7 51 37 0
2 1 7 51 36 0
3 0 8 50 37 0
0 2 8 52 34 0
1 1 8 51 35 0
1 2 8 52 35 0
0 1 8 51 34 0
2 0 8 50 36 0
2 2 8 52 36 0
2 1 8 51 36 0
3 0 8 50 37 0
3 1 8 51 37 0
0 3 8 53 34 0
1 0 8 50 35 0
1 1 8 51 35 0
2 0 8 50 36 0
0 1 8 51 34 0
0 2 8 52 34 0
0 0 8 50 34 0
1 0 8 50 35 0
3 0 8 50 37 0
2 0 8 50 36 0
0 0 8 50 34 0
0 1 8 51 34 0
1 0 8 50 35 0
1 3 8 53 35 0
0 0 9 50 35 0
0 3 9 53 35 1
1 3 9 53 36 1
0 3 9 53 35 1
0 0 10 50 35 0
0 2 10 52 35 1
0 3 10 53 35 1
2 3 10 53 37 1
1 3 10 53 36 1
3 3 10 53 38 1
0 1 11 51 36 1
0 2 11 52 37 1
1 2 11 52 37 1
2 3 11 52 39 1
2 2 11 51 38 1
3 2 11 51 39 1
3 3 11 52 40 1
1 2 11 52 37 1
1 1 12 51 37 1
2 2 12 51 38 1
0 1 12 51 36 1
0 2 12 52 37 1
3 2 12 51 39 1
0 0 12 50 36 1
2 1 12 51 38 1
0 1 12 51 36 1
1 1 12 51 37 1
3 1 12 50 39 1
3 2 12 51 39 1
1 0 13 50 37 1
1 3 13 53 38 1
2 2 12 51 38 1
0 0 13 50 36 1
2 0 13 50 38 1
2 1 13 51 38 1
3 3 13 52 40 1
1 2 13 52 37 1
3 1 13 50 39 1
1 0 14 50 38 1
3 0 14 49 40 1
2 0 14 49 39 1
0 0 14 50 37 1
3 0 15 49 40 1
3 1 14 50 40 1
2 0 15 49 39 1
1 0 15 50 38 1
2 1 16 50 40 1
3 0 16 48 41 1
2 3 17 52 41 1
0 0 21 49 40 0
1 0 21 48 41 0
2 0 21 48 42 0
2 1 21 49 42 0
3 0 21 47 43 0
3 1 21 48 43 0
0 1 21 50 41 0
1 1 21 49 42 0
2 2 21 49 43 0
3 2 21 49 44 0
0 0 21 49 40 0
0 2 21 50 41 0
1 0 21 48 41 0
1 2 21 50 42 0
2 0 21 48 42 0
2 3 21 50 43 0
3 0 21 47 43 0
3 1 21 48 43 0
3 3 21 50 44 0
0 3 21 51 42 0
1 1 21 49 42 0
1 3 21 51 43 0
2 1 21 49 42 0
2 2 21 49 43 0
3 2 21 49 44 0
0 1 21 50 41 0
0 2 21 50 41 0
1 2 21 50 42 0
2 3 21 50 43 0
3 3 21 50 44 0
1 3 21 51 43 0
0 3 21 51 42 0
3 0 22 47 43 1
3 1 22 48 43 1
3 2 22 49 44 1
2 0 22 48 42 1
2 1 22 49 42 1
2 2 22 49 43 1
3 0 22 47 43 1
3 1 22 48 43 1
3 3 22 50 44 1
2 3 22 50 43 1
3 2 22 49 44 1
1 0 22 48 41 1
1 1 22 49 42 1
2 0 22 48 42 1
2 1 22 49 42 1
2 2 22 49 43 1
3 3 22 50 44 1
1 2 22 50 42 1
2 3 22 50 43 1
0 0 22 49 40 1
0 1 22 50 41 1
1 0 22 48 41 1
1 1 22 49 42 1
1 3 22 51 43 1
0 2 22 50 41 1
0 3 22 51 42 1
1 2 22 50 42 1
0 0 22 49 40 1
0 1 22 50 41 1
1 3 22 51 43 1
0 2 22 50 41 1
0 3 22 51 42 1
1 3 19 51 41 0
1 0 25 48 42 0
2 0 25 47 43 0
3 0 25 46 44 0
0 0 25 48 41 0
3 1 25 47 44 0
0 1 25 49 42 0
1 1 25 48 43 0
2 1 25 48 43 0
0 0 25 48 41 0
1 0 25 48 42 0
1 2 25 49 43 0
2 0 25 47 43 0
2 2 25 49 44 0
3 0 25 46 44 0
3 1 25 47 44 0
3 2 25 48 45 0
0 2 25 50 42 0
1 1 25 48 43 0
2 1 25 48 43 0
2 3 25 49 45 0
3 3 25 49 45 1
0 1 25 49 42 0
0 3 25 51 43 0
1 2 25 49 43 0
1 3 25 50 44 0
2 2 25 49 44 0
3 2 25 48 45 0
0 2 25 50 42 0
3 3 25 49 45 0
1 3 25 50 44 0
2 3 25 49 45 0
0 3 25 51 43 0
2 0 25 47 43 0
2 3 25 49 45 0
3 1 25 47 44 0
3 0 24 46 44 1
3 1 24 47 44 1
3 0 23 47 43 1
3 2 24 48 45 1
2 0 23 48 42 1
3 1 23 48 43 1
3 3 23 50 44 1
2 1 23 49 42 1
3 0 23 47 43 1
3 2 23 49 44 1
2 2 23 49 43 1
3 1 23 48 43 1
0 0 23 49 40 1
2 0 23 48 42 1
0 0 23 49 40 1
1 0 23 48 41 1
2 1 23 49 42 1
2 3 23 50 43 1
3 2 23 49 44 1
0 1 23 50 41 1
3 3 23 50 44 1
1 0 23 48 41 1
0 1 23 50 41 1
0 2 23 50 41 1
1 1 23 49 42 1
2 0 23 48 42 1
2 2 23 49 43 1
0 2 23 50 41 1
0 3 23 51 42 1
1 1 23 49 42 1
1 2 23 50 42 1
2 1 23 49 42 1
1 2 22 50 42 1
1 3 22 51 43 1
0 3 22 51 42 1
2 2 22 49 43 1
2 3 22 50 43 1
2 1 22 49 42 1
3 3 22 50 44 1
1 3 22 51 43 1
2 3 22 50 43 1
3 2 22 49 44 1
2 0 21 48 42 1
0 0 4 51 32 1
0 0 33 46 44 0
1 0 23 48 41 0
2 0 23 48 42 0
3 0 23 47 43 0
0 0 23 49 40 0
2 1 23 49 42 0
3 1 23 48 43 0
0 1 22 50 41 0
1 1 22 49 42 0
2 0 22 48 42 0
3 0 22 47 43 0
3 2 22 49 44 0
0 0 22 49 40 1
1 0 22 48 41 0
1 2 22 50 42 0
2 1 22 49 42 0
2 2 22 49 43 0
3 1 22 48 43 0
0 1 21 50 41 1
0 2 22 50 41 0
1 1 22 49 42 0
1 3 21 51 43 0
2 3 22 50 43 0
3 2 22 49 44 0
3 3 22 50 44 0
0 3 21 51 42 1
1 0 21 48 41 1
1 2 21 50 42 0
2 0 21 48 42 1
2 2 21 49 43 0
0 2 21 50 41 1
1 1 21 49 42 1
2 1 21 49 42 1
2 3 21 50 43 0
3 0 21 47 43 1
3 3 21 50 44 0
0 3 20 52 40 1
1 2 20 50 41 1
1 3 21 51 43 0
2 2 20 50 42 1
3 1 20 49 42 1
1 3 20 51 41 1
3 2 20 50 43 1
2 2 20 50 42 1
2 3 20 51 42 1
3 3 19 50 43 1
2 1 19 49 41 1
3 2 18 50 42 1
3 2 10 52 38 0
3 1 14 50 40 0
3 2 14 51 40 0
2 2 14 51 39 0
3 3 14 52 41 0
1 2 14 51 39 0
2 3 14 52 40 0
1 3 14 52 39 0
2 1 14 50 39 0
0 2 15 52 38 0
0 3 15 53 38 0
0 0 19 49 39 0
0 2 20 51 40 0
0 3 20 52 40 0
0 1 20 50 40 0
1 3 20 51 41 0
0 0 20 49 39 0
1 0 20 49 40 0
1 1 20 50 40 0
1 2 20 50 41 0
0 1 20 50 40 0
0 2 20 51 40 0
0 3 20 52 40 0
2 2 20 50 42 0
2 3 20 51 42 0
1 1 20 50 40 0
1 2 20 50 41 0
1 3 20 51 41 0
2 0 20 48 41 0
2 1 20 49 41 0
0 0 21 49 40 0
1 0 21 48 41 0
2 3 21 50 43 0
3 1 21 48 43 0
3 2 21 49 44 0
3 3 20 50 43 0
2 0 21 48 42 0
2 1 21 49 42 0
2 2 21 49 43 0
3 0 21 47 43 0
3 1 21 48 43 0
3 2 21 49 44 0
3 3 21 50 44 0
3 0 21 47 43 1
1 3 21 51 43 0
0 0 21 49 40 0
3 2 21 49 44 1
1 2 21 50 42 0
3 1 21 48 43 0
0 3 22 51 42 1
1 3 22 51 43 1
2 3 22 50 43 1
0 2 22 50 41 1
1 2 22 50 42 1
2 2 22 49 43 1
3 2 22 49 44 1
3 3 22 50 44 1
0 1 22 50 41 1
1 1 22 49 42 1
2 1 22 49 42 1
2 3 22 50 43 1
3 1 22 48 43 1
0 0 22 49 40 1
0 1 22 50 41 1
1 0 22 48 41 1
1 2 22 50 42 1
2 0 22 48 42 1
3 0 22 47 43 1
3 2 22 49 44 1
3 1 22 48 43 1
0 0 22 49 40 1
2 1 22 49 42 1
3 0 22 47 43 1
1 0 22 48 41 1
2 2 22 49 43 1
0 0 13 50 36 0
0 1 13 51 36 0
0 2 13 52 37 0
0 3 13 53 37 0
0 0 12 50 36 0
1 0 12 50 37 0
0 1 12 51 36 0
0 2 12 52 37 0
0 3 12 53 37 0
1 1 12 51 37 0
1 2 12 52 37 0
1 3 12 53 38 0
0 0 12 50 36 0
1 0 12 50 37 0
1 2 12 52 37 0
2 1 12 51 38 0
2 2 12 51 38 0
2 3 12 52 39 0
0 1 12 51 36 0
0 2 12 52 37 0
1 1 12 51 37 0
1 3 12 53 38 0
2 0 12 50 38 0
0 3 12 53 37 0
1 1 12 51 37 0
1 2 12 52 37 0
2 1 12 51 38 0
2 2 12 51 38 0
2 3 12 52 39 0
3 0 12 49 39 0
3 1 12 50 39 0
3 2 12 51 39 0
3 3 12 52 40 0
1 0 12 50 37 0
2 0 12 50 38 0
3 2 12 51 39 0
2 2 12 51 38 0
3 1 12 50 39 0
3 3 12 52 40 0
2 1 12 51 38 0
2 3 12 52 39 0
3 0 12 49 39 0
3 1 13 50 39 0
3 2 12 51 39 0
1 1 13 51 37 0
0 3 15 53 38 1
0 2 16 51 39 1
1 3 15 52 39 1
2 3 15 52 40 1
0 3 16 52 39 1
1 2 16 51 40 1
3 3 16 51 42 1
0 1 16 50 38 1
0 2 16 51 39 1
1 1 16 50 39 1
2 2 16 51 41 1
2 3 16 52 41 1
3 2 16 50 42 1
0 1 17 50 38 1
1 2 16 51 40 1
2 1 16 50 40 1
2 2 16 51 41 1
3 3 16 51 42 1
0 0 17 50 38 1
1 0 17 49 39 1
1 1 17 50 39 1
1 3 17 52 40 1
3 1 17 49 41 1
3 2 17 50 42 1
2 0 17 49 40 1
2 1 17 50 40 1
3 1 17 49 41 1
0 0 17 50 38 1
1 0 17 49 39 1
3 0 17 48 41 1
2 0 18 49 40 1
3 0 18 48 41 1
2 0 21 48 42 0
3 0 21 47 43 0
0 0 20 49 39 0
1 0 21 48 41 0
3 1 20 49 42 0
1 1 20 50 40 0
2 1 20 49 41 0
3 0 20 48 42 0
0 1 20 50 40 0
1 0 20 49 40 0
2 0 20 48 41 0
2 2 20 50 42 0
3 1 20 49 42 0
3 2 20 50 43 0
0 0 19 49 39 0
1 2 19 50 41 0
2 1 19 49 41 0
3 3 19 50 43 0
0 2 19 51 40 0
1 1 19 50 40 0
1 3 19 51 41 0
2 3 19 51 42 0
3 2 19 50 43 0
0 1 19 50 40 0
0 3 19 52 40 0
1 2 19 50 41 0
2 2 19 50 42 0
0 0 18 50 38 1
0 2 18 51 39 0
2 3 18 52 41 0
3 3 19 50 43 0
1 0 18 49 39 1
1 3 18 52 40 0
0 0 18 50 38 1
0 1 18 50 38 1
0 3 18 52 39 0
1 0 17 49 39 1
2 0 17 49 40 1
2 2 17 51 41 0
0 1 17 50 38 1
0 2 17 51 39 1
1 1 17 50 39 1
2 1 17 50 40 1
3 0 17 48 41 1
0 2 16 51 39 1
0 3 16 52 39 1
1 2 16 51 40 1
2 0 16 49 40 1
3 1 16 49 41 1
2 2 16 51 41 1
3 0 16 48 41 1
1 1 16 50 39 1
1 3 16 52 40 1
2 2 16 51 41 1
3 1 16 49 41 1
3 2 16 50 42 1
0 3 15 53 38 1
2 1 15 50 39 1
2 3 15 52 40 1
1 2 15 51 39 1
3 2 15 51 40 1
3 3 15 52 41 1
1 3 15 52 39 1
2 3 14 52 40 1
3 3 14 52 41 1
2 3 11 52 39 0
3 3 11 52 40 0
1 3 11 53 38 0
0 3 11 53 37 0
2 3 11 52 39 0
3 2 11 51 39 0
3 3 11 52 40 0
1 2 11 52 37 0
1 3 11 53 38 0
2 2 11 51 38 0
0 2 11 52 37 0
0 3 11 53 37 0
1 2 11 52 37 0
2 1 11 51 38 0
2 2 11 51 38 0
3 1 11 50 39 0
3 2 11 51 39 0
1 1 11 51 37 0
3 1 11 50 39 0
0 1 11 51 36 0
0 2 11 52 37 0
2 0 11 50 38 0
2 1 11 51 38 0
3 0 11 49 39 0
1 0 11 50 37 0
1 1 11 51 37 0
0 0 11 50 36 0
0 1 11 51 36 0
3 3 11 52 40 0
2 0 11 50 38 0
3 0 11 49 39 0
0 0 11 50 36 0
1 0 11 50 37 0
1 2 11 52 37 0
0 3 10 53 35 1
0 2 10 52 35 1
1 3 10 53 36 1
2 3 10 53 37 1
0 1 10 51 35 1
0 3 10 53 35 1
1 2 10 52 36 1
3 3 10 53 38 1
0 0 11 50 36 1
0 1 11 51 36 1
0 2 11 52 37 1
1 1 11 51 37 1
2 2 10 52 37 1
2 3 11 52 39 1
3 2 11 51 39 1
1 0 11 50 37 1
1 1 11 51 37 1
1 2 11 52 37 1
2 1 11 51 38 1
2 2 11 51 38 1
3 1 11 50 39 1
3 3 11 52 40 1
0 0 11 50 36 1
1 3 11 53 38 1
2 0 11 50 38 1
3 2 11 51 39 1
2 1 11 51 38 1
3 0 11 49 39 1
3 1 11 50 39 1
1 0 11 50 37 1
3 0 11 49 39 1
2 0 11 50 38 1
1 3 21 51 43 0
1 2 21 50 42 0
2 3 21 50 43 0
2 2 22 49 43 0
3 0 13 49 39 0
2 0 13 50 38 0
2 1 13 51 38 0
3 1 13 50 39 0
3 2 13 51 39 0
2 2 12 51 38 0
3 0 12 49 39 1
3 3 12 52 40 0
1 2 12 52 37 0
2 1 12 51 38 1
2 3 12 52 39 0
3 1 12 50 39 0
3 2 12 51 39 0
0 3 12 53 37 0
1 3 12 53 38 0
3 1 12 50 39 1
2 2 12 51 38 1
2 3 12 52 39 0
3 2 11 51 39 1
3 3 12 52 40 0
1 3 11 53 38 1
2 3 11 52 39 1
3 3 11 52 40 1
3 2 11 51 39 1
1 2 10 52 36 1
3 3 10 53 38 1
3 1 16 49 41 0
3 2 16 50 42 0
3 3 16 51 42 0
2 1 16 50 40 0
1 0 16 49 39 0
1 1 16 50 39 0
1 2 16 51 40 0
0 0 17 50 38 0
1 3 17 52 40 0
0 2 17 51 39 0
0 0 15 50 37 0
1 0 15 50 38 0
2 0 15 49 39 0
2 1 15 50 39 0
3 0 15 49 40 0
3 1 15 50 40 0
0 1 15 51 37 0
1 1 15 50 38 0
2 2 15 51 39 0
3 2 15 51 40 0
0 2 15 52 38 0
0 3 15 53 38 0
1 2 15 51 39 0
1 3 15 52 39 0
2 3 15 52 40 0
3 3 15 52 41 0
3 2 15 51 40 0
2 1 15 50 39 0
2 2 15 51 39 0
2 3 15 52 40 0
3 1 15 50 40 0
1 0 15 50 38 0
1 2 15 51 39 0
0 2 15 52 38 0
0 3 15 53 38 0
0 0 15 50 37 0
3 0 15 49 40 1
3 1 15 50 40 1
3 2 15 51 40 1
2 0 15 49 39 1
2 1 15 50 39 1
3 3 15 52 41 1
1 0 15 50 38 1
2 2 15 51 39 1
2 3 15 52 40 1
3 1 15 50 40 1
3 2 15 51 40 1
0 0 15 50 37 1
1 1 15 50 38 1
1 2 15 51 39 1
1 3 15 52 39 1
2 1 15 50 39 1
2 2 15 51 39 1
0 1 15 51 37 1
0 2 15 52 38 1
0 3 15 53 38 1
1 0 15 50 38 1
2 3 15 52 40 1
0 0 15 50 37 1
1 2 15 51 39 1
0 1 15 51 37 1
0 2 15 52 38 1
0 3 15 53 38 1
3 3 15 52 41 1
1 3 13 53 38 0
2 3 13 52 39 0
3 3 13 52 40 0
0 3 13 53 37 0
2 2 12 51 38 0
2 3 13 52 39 0
3 2 12 51 39 0
3 3 12 52 40 0
0 2 12 52 37 0
1 2 12 52 37 0
1 3 12 53 38 0
3 2 12 51 39 0
0 3 12 53 37 0
1 2 12 52 37 0
2 2 12 51 38 0
2 3 12 52 39 0
3 1 12 50 39 0
0 2 12 52 37 0
1 1 12 51 37 0
2 1 12 51 38 0
3 3 12 52 40 0
0 1 12 51 36 0
3 1 12 50 39 0
3 2 12 51 39 0
1 0 12 50 37 0
1 1 12 51 37 0
1 2 12 52 37 0
2 0 12 50 38 0
2 1 12 51 38 0
2 2 12 51 38 0
3 0 12 49 39 0
3 1 12 50 39 0
0 0 11 50 36 0
0 1 11 51 36 0
0 2 11 52 37 0
3 0 11 49 39 0
0 0 11 50 36 0
1 0 11 50 37 0
2 0 11 50 38 0
1 0 11 50 37 0
3 2 11 51 39 0
0 0 10 50 35 0
0 3 8 53 34 1
0 2 8 52 34 1
1 3 8 53 35 1
0 3 8 53 34 1
1 2 8 52 35 1
2 3 8 53 36 1
0 1 8 51 34 1
0 2 8 52 34 1
1 1 8 51 35 1
2 2 8 52 36 1
3 3 8 53 37 1
0 0 8 50 34 1
0 1 8 51 34 1
1 2 8 52 35 1
1 3 8 53 35 1
2 3 8 53 36 1
3 2 8 52 37 1
1 0 8 50 35 1
1 1 8 51 35 1
2 1 8 51 36 1
2 2 8 52 36 1
3 3 8 53 37 1
0 0 8 50 34 1
2 0 8 50 36 1
3 1 8 51 37 1
3 2 8 52 37 1
1 0 8 50 35 1
2 1 8 51 36 1
3 1 8 51 37 1
3 0 8 50 37 1
2 0 8 50 36 1
3 0 9 50 38 1
2 0 21 48 42 0
3 0 21 47 43 0
0 0 21 49 40 0
1 0 21 48 41 0
2 1 21 49 42 0
3 1 21 48 43 0
0 1 21 50 41 0
1 1 21 49 42 0
2 2 21 49 43 0
3 0 21 47 43 0
3 2 21 49 44 0
0 0 21 49 40 0
0 2 20 51 40 0
1 2 21 50 42 0
2 0 20 48 41 0
2 1 20 49 41 0
2 3 20 51 42 0
3 1 21 48 43 0
3 3 20 50 43 0
0 1 20 50 40 0
0 3 20 52 40 0
1 1 20 50 40 0
1 3 20 51 41 0
3 2 20 50 43 0
0 2 20 51 40 0
1 2 20 50 41 0
2 2 20 50 42 0
2 3 20 51 42 0
1 3 20 51 41 0
3 3 20 50 43 0
3 0 19 48 42 0
0 3 19 52 40 0
1 0 19 49 40 0
2 1 17 50 40 0
1 3 17 52 40 0
2 2 15 51 39 0
3 0 13 49 39 1
3 1 13 50 39 1
3 2 13 51 39 1
0 0 13 50 36 1
3 3 13 52 40 1
1 0 13 50 37 1
2 2 13 51 38 1
2 0 13 50 38 1
2 1 12 51 38 1
2 3 13 52 39 1
3 0 12 49 39 1
3 1 13 50 39 1
3 2 13 51 39 1
3 3 13 52 40 1
0 0 12 50 36 1
0 1 12 51 36 1
1 0 12 50 37 1
2 2 12 51 38 1
1 1 12 51 37 1
1 3 12 53 38 1
2 0 12 50 38 1
2 1 12 51 38 1
2 3 12 52 39 1
3 2 12 51 39 1
0 1 12 51 36 1
1 2 12 52 37 1
1 0 12 50 37 1
2 2 12 51 38 1
0 2 12 52 37 1
0 3 12 53 37 1
1 1 12 51 37 1
1 3 12 53 38 1
3 1 12 50 39 1
0 1 12 51 36 1
1 2 12 52 37 1
2 1 12 51 38 1
2 0 12 50 38 1
0 2 12 52 37 1
0 3 12 53 37 1
1 2 12 52 37 1
1 3 12 53 38 1
0 2 12 52 37 1
0 3 12 53 37 1
3 0 12 49 39 1
0 0 13 50 36 0
0 1 13 51 36 0
0 2 13 52 37 0
0 0 13 50 36 0
0 1 13 51 36 0
0 2 13 52 37 0
0 3 13 53 37 0
1 0 13 50 37 0
1 0 13 50 37 0
1 1 13 51 37 0
1 2 13 52 37 0
0 0 13 50 36 0
0 2 13 52 37 0
0 3 13 53 37 0
1 3 13 53 38 0
0 1 13 51 36 0
1 1 13 51 37 0
1 2 13 52 37 0
2 0 13 50 38 0
2 1 13 51 38 0
0 2 13 52 37 0
0 3 13 53 37 1
1 0 13 50 37 0
1 3 13 53 38 0
2 2 13 51 38 0
1 2 13 52 37 0
2 0 13 50 38 0
2 3 13 52 39 0
3 0 13 49 39 0
1 1 13 51 37 0
1 3 12 53 38 0
2 1 13 51 38 0
2 2 12 51 38 0
3 1 13 50 39 0
1 2 12 52 37 0
3 2 12 51 39 0
1 3 12 53 38 0
2 3 12 52 39 0
3 0 12 49 39 0
3 1 12 50 39 0
3 3 12 52 40 0
2 0 12 50 38 0
2 1 12 51 38 0
2 2 12 51 38 0
3 2 12 51 39 0
2 3 12 52 39 0
3 0 12 49 39 0
3 1 12 50 39 0
3 3 12 52 40 0
3 2 12 51 39 0
2 3 12 52 39 0
3 3 12 52 40 0
0 0 11 50 36 0
0 3 9 53 35 1
1 3 9 53 36 1
0 2 9 52 35 1
0 3 9 53 35 1
1 2 9 52 36 1
2 3 9 53 37 1
0 1 9 51 35 1
0 2 9 52 35 1
1 3 9 53 36 1
2 2 9 52 37 1
3 3 9 53 38 1
0 0 9 50 35 1
0 1 9 51 35 1
1 1 9 51 36 1
1 2 9 52 36 1
2 3 9 53 37 1
3 2 9 52 38 1
2 1 9 51 37 1
2 2 9 52 37 1
3 3 9 53 38 1
0 0 9 50 35 1
1 0 9 50 36 1
1 1 9 51 36 1
3 2 9 52 38 1
2 0 9 50 37 1
2 1 9 51 37 1
3 1 9 51 38 1
1 0 9 50 36 1
3 0 9 50 38 1
3 1 9 51 38 1
2 0 9 50 37 1
3 0 9 50 38 1
0 0 8 50 34 1
3 3 12 52 40 0
2 3 12 52 39 0
1 3 12 53 38 0
3 2 12 51 39 0
3 3 12 52 40 0
0 3 12 53 37 0
2 2 12 51 38 0
2 3 12 52 39 0
1 2 12 52 37 0
1 3 12 53 38 0
3 1 12 50 39 0
3 2 12 51 39 0
0 2 12 52 37 0
0 3 12 53 37 0
2 1 12 51 38 0
2 2 12 51 38 0
3 1 12 50 39 0
1 1 12 51 37 0
1 2 12 52 37 0
3 0 12 49 39 0
0 1 12 51 36 0
0 2 12 52 37 0
2 0 12 50 38 0
2 1 12 51 38 0
1 0 12 50 37 0
1 1 12 51 37 0
3 0 12 49 39 0
3 1 12 50 39 0
0 0 12 50 36 0
1 2 12 52 37 0
2 0 12 50 38 0
0 1 12 51 36 0
1 0 12 50 37 0
0 0 12 50 36 0
0 0 12 50 36 0
0 3 15 53 38 1
1 3 15 52 39 1
0 2 15 52 38 1
2 3 15 52 40 1
3 3 15 52 41 1
0 1 15 51 37 1
1 2 15 51 39 1
2 2 15 51 39 1
3 2 15 51 40 1
0 0 15 50 37 1
0 3 15 53 38 1
1 1 15 50 38 1
1 2 15 51 39 1
2 1 15 50 39 1
2 3 15 52 40 1
0 1 15 51 37 1
1 0 15 50 38 1
1 3 15 52 39 1
2 0 16 49 40 1
2 2 15 51 39 1
3 1 15 50 40 1
3 2 15 51 40 1
0 0 16 50 38 1
2 1 16 50 40 1
3 0 16 48 41 1
3 1 16 49 41 1
0 2 16 51 39 1
1 1 16 50 39 1
2 0 16 49 40 1
1 0 16 49 39 1
3 0 16 48 41 1
3 3 18 51 42 1
3 0 19 48 42 0
0 0 19 49 39 0
1 0 19 49 40 0
2 0 19 48 41 0
3 1 19 49 42 0
0 1 19 50 40 0
1 1 19 50 40 0
2 1 19 49 41 0
2 2 19 50 42 0
3 2 19 50 43 0
0 0 19 49 39 0
0 2 19 51 40 0
1 2 19 50 41 0
1 3 19 51 41 0
2 3 19 51 42 0
3 0 19 48 42 0
3 1 19 49 42 0
3 3 19 50 43 0
0 3 19 52 40 0
2 1 19 49 41 0
2 2 19 50 42 0
3 2 19 50 43 0
1 1 19 50 40 0
1 2 18 51 40 0
1 3 18 52 40 0
2 3 19 51 42 0
3 1 18 49 41 1
3 3 19 50 43 0
0 2 18 51 39 0
0 3 18 52 39 1
3 0 18 48 41 1
3 2 18 50 42 1
0 1 18 50 38 1
3 1 18 49 41 1
3 3 18 51 42 1
2 0 18 49 40 1
2 1 18 50 40 1
2 2 18 51 41 1
3 0 18 48 41 1
3 2 18 50 42 1
1 0 18 49 39 1
1 1 18 50 39 1
2 3 18 52 41 1
1 2 18 51 40 1
1 3 18 52 40 1
2 0 18 49 40 1
2 1 18 50 40 1
2 2 18 51 41 1
2 3 17 52 41 1
3 3 17 51 42 1
0 0 17 50 38 1
0 1 17 50 38 1
0 2 17 51 39 1
0 3 17 52 39 1
1 0 17 49 39 1
1 1 17 50 39 1
1 2 17 51 40 1
1 3 17 52 40 1
0 0 17 50 38 1
0 1 17 50 38 1
0 2 16 51 39 1
0 3 16 52 39 1
0 1 16 50 38 1
0 0 16 50 38 1
0 2 15 52 38 1
3 3 12 52 40 0
2 3 12 52 39 0
1 3 12 53 38 0
3 2 12 51 39 0
3 3 12 52 40 0
2 2 12 51 38 0
2 3 12 52 39 0
0 3 12 53 37 0
1 3 12 53 38 0
3 1 12 50 39 0
3 2 12 51 39 0
1 2 12 52 37 0
2 1 12 51 38 0
2 2 12 51 38 0
0 2 12 52 37 0
2 3 12 52 39 0
3 1 12 50 39 0
3 2 12 51 39 0
0 3 12 53 37 0
1 1 12 51 37 0
1 2 12 52 37 0
3 0 12 49 39 0
0 2 12 52 37 0
2 0 12 50 38 0
2 1 12 51 38 0
0 1 12 51 36 0
1 0 12 50 37 0
1 1 12 51 37 0
3 0 12 49 39 0
0 0 12 50 36 0
2 0 12 50 38 0
2 2 12 51 38 0
0 1 13 51 36 0
3 1 12 50 39 0
0 0 13 50 36 0
0 2 13 52 37 0
1 0 13 50 37 0
0 3 15 53 38 1
1 3 15 52 39 1
0 2 15 52 38 1
2 3 15 52 40 1
3 3 15 52 41 1
0 1 16 50 38 1
1 1 16 50 39 1
1 2 16 51 40 1
2 2 16 51 41 1
3 2 16 50 42 1
0 2 16 51 39 1
0 3 16 52 39 1
2 1 16 50 40 1
2 3 16 52 41 1
0 0 16 50 38 1
0 1 16 50 38 1
1 0 16 49 39 1
1 1 16 50 39 1
1 2 16 51 40 1
2 0 16 49 40 1
2 2 16 51 41 1
3 1 16 49 41 1
3 2 16 50 42 1
3 0 16 48 41 1
3 1 16 49 41 1
3 3 16 51 42 1
0 0 16 50 38 1
1 0 16 49 39 1
2 0 16 49 40 1
2 1 16 50 40 1
3 0 16 48 41 1
2 0 12 50 38 0
3 0 12 49 39 0
1 0 12 50 37 0
2 1 12 51 38 0
3 1 12 50 39 0
0 0 12 50 36 0
1 1 12 51 37 0
2 2 11 51 38 0
3 0 12 49 39 0
3 1 11 50 39 0
3 2 12 51 39 0
0 1 11 51 36 0
1 2 11 52 37 0
2 0 11 50 38 0
2 3 11 52 39 0
3 3 11 52 40 0
0 0 11 50 36 0
0 2 11 52 37 0
1 0 11 50 37 0
1 1 11 51 37 0
1 3 11 53 38 0
2 1 11 51 38 0
2 2 11 51 38 0
3 2 11 51 39 0
0 1 11 51 36 0
0 3 11 53 37 0
1 2 11 52 37 0
2 3 11 52 39 0
3 3 11 52 40 0
0 2 11 52 37 0
0 3 11 53 37 0
1 3 11 53 38 0
3 1 10 51 38 0
2 2 10 52 37 0
3 1 10 51 38 1
3 2 10 52 38 1
3 3 10 53 38 1
2 2 10 52 37 1
2 3 10 53 37 1
3 0 10 50 38 1
3 2 10 52 38 1
1 3 10 53 36 1
2 0 10 50 37 1
2 1 10 51 37 1
3 0 10 50 38 1
3 1 10 51 38 1
3 3 10 53 38 1
1 0 10 50 36 1
1 1 10 51 36 1
1 2 10 52 36 1
2 2 10 52 37 1
2 3 10 53 37 1
0 2 10 52 35 1
0 3 10 53 35 1
1 3 10 53 36 1
2 0 10 50 37 1
2 1 10 51 37 1
0 0 10 50 35 1
0 1 10 51 35 1
1 0 10 50 36 1
1 1 10 51 36 1
1 2 10 52 36 1
0 0 11 50 36 1
0 1 10 51 35 1
0 2 11 52 37 1
0 3 11 53 37 1
0 3 21 51 42 0
0 0 21 49 40 0
0 1 21 50 41 0
0 2 21 50 41 0
1 3 21 51 43 0
1 0 21 48 41 0
1 1 21 49 42 0
1 2 21 50 42 0
2 2 21 49 43 0
2 3 21 50 43 0
0 1 21 50 41 0
0 2 21 50 41 0
1 3 21 51 43 0
2 0 21 48 42 0
2 1 21 49 42 0
3 1 21 48 43 0
3 2 21 49 44 0
3 3 21 50 44 0
0 0 21 49 40 0
1 0 21 48 41 0
1 2 21 50 42 0
2 2 21 49 43 0
3 0 21 47 43 0
0 3 21 51 42 1
1 1 21 49 42 0
2 3 21 50 43 0
3 1 21 48 43 0
0 2 21 50 41 1
1 3 21 51 43 1
2 3 21 50 43 1
3 0 21 47 43 0
0 1 21 50 41 1
1 1 21 49 42 1
1 2 21 50 42 1
2 0 21 48 42 0
2 1 21 49 42 0
2 2 21 49 43 1
3 2 21 49 44 1
3 3 21 50 44 1
0 0 21 49 40 1
0 1 21 50 41 1
1 0 21 48 41 1
2 1 21 49 42 1
3 1 21 48 43 1
2 0 21 48 42 1
3 0 21 47 43 1
3 1 22 48 43 1
0 1 38 45 46 0
0 2 38 46 47 0
0 3 38 46 48 0
1 3 38 46 49 0
0 0 38 45 46 0
1 1 37 44 47 0
1 2 37 45 48 0
0 3 37 46 48 0
1 0 37 44 46 0
1 3 37 46 49 0
2 1 37 44 48 0
2 2 37 44 49 0
2 3 37 45 49 0
0 0 37 45 46 0
0 1 37 45 46 0
0 2 37 46 47 0
1 2 37 45 48 0
2 0 37 43 47 0
2 3 37 45 49 0
3 1 37 43 48 0
3 2 37 43 49 0
3 3 37 44 50 0
1 0 37 44 46 0
1 1 37 44 47 0
2 1 37 44 48 0
2 2 37 44 49 0
3 0 37 42 48 0
3 1 37 43 48 0
3 2 37 43 49 0
3 3 37 44 50 0
2 0 37 43 47 0
2 3 37 45 49 0
3 0 37 42 48 0
0 0 36 45 46 1
1 0 36 44 46 1
0 0 36 45 46 1
0 1 36 45 46 1
0 2 36 46 47 1
0 3 36 46 48 1
2 0 36 43 47 1
1 0 36 44 46 1
1 1 36 44 47 1
1 2 36 45 48 1
1 3 36 46 49 1
2 1 36 44 48 1
2 2 36 44 49 1
2 3 36 45 49 1
3 0 36 42 48 1
2 0 35 44 46 1
3 1 35 44 48 1
3 2 35 44 48 1
3 3 35 45 49 1
3 0 35 43 47 1
0 0 30 47 43 0
1 0 30 46 44 0
1 1 30 47 45 0
0 1 29 48 44 0
2 0 29 46 45 0
2 1 29 46 45 0
3 1 29 46 46 0
1 0 29 46 44 0
1 1 29 47 45 0
3 0 29 45 45 0
0 0 28 48 42 0
2 0 28 46 44 0
3 0 28 46 45 0
3 1 27 46 45 0
0 1 24 49 42 1
1 1 24 48 43 1
0 0 22 49 40 1
2 1 22 49 42 1
3 1 22 48 43 1
1 0 22 48 41 1
1 1 21 49 42 1
0 0 21 49 40 1
3 1 21 48 43 1
2 0 21 48 42 1
3 0 20 48 42 1
1 0 20 49 40 1
2 1 20 49 41 1
2 0 19 48 41 1
0 0 19 49 39 1
1 0 18 49 39 1
3 0 18 48 41 1
3 1 18 49 41 1
2 0 18 49 40 1
3 0 17 48 41 1
0 1 14 51 37 1
3 0 14 49 40 1
3 0 5 50 35 0
3 1 5 51 36 0
1 0 5 50 33 0
2 0 5 50 34 0
2 1 5 51 35 0
3 2 5 52 36 0
0 0 5 51 32 0
0 1 5 52 33 0
1 1 5 51 34 0
1 2 5 52 34 0
2 2 5 52 35 0
2 3 6 53 36 0
3 1 5 51 36 0
3 3 5 53 36 0
0 2 6 52 34 0
1 3 6 53 35 0
2 1 6 51 36 0
3 2 6 52 37 0
0 3 6 53 34 0
1 2 6 52 35 0
0 2 6 52 34 0
1 0 6 50 35 0
1 3 6 53 35 0
2 3 6 53 36 0
3 3 6 53 37 0
0 1 6 51 34 0
2 0 7 50 36 0
1 1 7 51 35 0
3 1 9 51 38 1
3 2 8 52 37 1
3 3 8 53 37 1
2 0 9 50 37 1
2 1 9 51 37 1
2 2 9 52 37 1
2 3 9 53 37 1
3 0 9 50 38 1
0 1 9 51 35 1
1 0 9 50 36 1
1 1 9 51 36 1
1 2 9 52 36 1
1 3 9 53 36 1
0 0 9 50 35 1
0 2 9 52 35 1
0 3 9 53 35 1
0 1 10 51 35 1
2 2 24 49 44 0
1 0 29 46 44 0
2 0 29 46 45 0
3 0 29 45 45 0
0 0 29 47 43 0
1 1 29 47 45 0
2 1 29 46 45 0
3 1 29 46 46 0
0 1 29 48 44 0
0 2 28 49 43 0
1 2 29 48 45 0
2 2 29 47 46 0
3 2 29 46 47 0
0 3 28 50 44 0
1 1 28 48 44 0
1 3 28 49 45 0
2 3 28 49 46 0
3 1 28 46 45 0
3 2 28 47 46 0
3 3 28 48 46 0
0 0 28 48 42 0
0 1 28 48 43 0
1 0 28 47 43 0
1 2 28 49 44 0
2 1 28 47 44 0
2 2 28 48 45 0
0 2 28 49 43 0
1 3 28 49 45 0
2 3 28 49 46 0
3 3 28 48 46 0
2 0 27 46 44 1
3 0 27 46 45 0
0 3 27 50 44 0
2 2 27 48 45 0
0 0 24 48 41 1
0 0 24 48 41 1
0 1 24 49 42 1
1 0 24 48 42 1
2 0 24 47 43 1
0 1 24 49 42 1
0 2 24 50 42 1
1 1 24 48 43 1
3 0 24 46 44 1
1 0 23 48 41 1
2 0 23 48 42 1
2 1 23 49 42 1
3 1 24 47 44 1
3 2 23 49 44 1
0 3 23 51 42 1
1 2 23 50 42 1
2 2 23 49 43 1
3 0 23 47 43 1
3 1 23 48 43 1
3 3 23 50 44 1
0 2 23 50 41 1
1 3 23 51 43 1
2 3 23 50 43 1
3 2 23 49 44 1
1 2 23 50 42 1
2 1 23 49 42 1
2 2 23 49 43 1
3 3 23 50 44 1
0 3 23 51 42 1
2 3 23 50 43 1
1 1 23 49 42 1
2 2 20 50 42 0
3 3 17 51 42 0
2 3 17 52 41 0
3 2 17 50 42 0
1 3 17 52 40 0
2 2 17 51 41 0
3 1 17 49 41 0
0 3 17 52 39 0
1 1 17 50 39 0
1 2 17 51 40 0
2 1 17 50 40 0
2 3 17 52 41 0
3 0 17 48 41 0
3 2 17 50 42 0
3 3 17 51 42 0
0 2 17 51 39 0
2 0 17 49 40 0
2 2 17 51 41 0
3 1 17 49 41 0
0 1 17 50 38 0
1 0 17 49 39 0
1 1 17 50 39 0
1 2 17 51 40 0
2 1 17 50 40 0
0 0 17 50 38 0
0 2 17 51 39 0
3 0 17 48 41 0
0 3 17 52 39 0
0 0 17 50 38 0
1 0 17 49 39 0
0 3 18 52 39 1
1 3 18 52 40 1
2 3 18 52 41 1
0 1 18 50 38 1
0 2 18 51 39 1
1 1 18 50 39 1
1 2 18 51 40 1
2 2 18 51 41 1
3 2 18 50 42 1
3 3 18 51 42 1
0 0 18 50 38 1
1 0 18 49 39 1
2 0 18 49 40 1
2 1 18 50 40 1
3 1 18 49 41 1
3 0 18 48 41 1
2 2 20 50 42 0
3 3 21 50 44 0
2 3 21 50 43 0
2 2 21 49 43 0
1 2 21 50 42 0
3 1 21 48 43 0
3 2 21 49 44 0
1 1 20 50 40 0
2 1 20 49 41 0
1 0 20 49 40 0
2 0 20 48 41 0
3 0 20 48 42 0
2 2 22 49 43 1
2 2 32 46 47 0
1 3 25 50 44 0
1 2 16 51 40 0
1 3 11 53 38 0
2 3 11 52 39 0
3 3 11 52 40 0
0 3 11 53 37 0
2 2 11 51 38 0
3 2 11 51 39 0
0 2 10 52 35 0
1 2 11 52 37 0
1 3 10 53 36 0
2 3 11 52 39 0
3 1 11 50 39 0
3 3 11 52 40 0
0 3 10 53 35 0
1 1 10 51 36 0
2 1 10 51 37 0
2 2 10 52 37 0
3 2 10 52 38 0
0 1 10 51 35 0
0 2 10 52 35 0
1 0 10 50 36 0
1 2 10 52 36 0
2 0 10 50 37 0
3 0 10 50 38 0
3 1 10 51 38 0
0 0 10 50 35 0
1 1 10 51 36 0
2 1 10 51 37 0
0 1 10 51 35 0
2 0 10 50 37 0
3 0 10 50 38 0
0 0 10 50 35 0
1 0 10 50 36 0
0 3 11 53 37 1
0 2 11 52 37 1
1 3 11 53 38 1
2 3 11 52 39 1
0 1 12 51 36 1
1 2 12 52 37 1
2 2 12 51 38 1
3 3 11 52 40 1
1 1 12 51 37 1
3 2 12 51 39 1
0 0 12 50 36 1
0 1 12 51 36 1
0 2 12 52 37 1
2 1 12 51 38 1
2 2 12 51 38 1
3 1 12 50 39 1
3 2 12 51 39 1
1 0 12 50 37 1
1 1 13 51 37 1
1 2 12 52 37 1
1 3 13 53 38 1
2 0 13 50 38 1
2 1 13 51 38 1
3 3 12 52 40 1
0 0 13 50 36 1
3 0 13 49 39 1
3 1 13 50 39 1
3 0 13 49 39 1
1 0 13 50 37 1
2 3 13 52 39 1
0 3 14 53 38 1
2 0 14 49 39 1
0 0 8 50 34 0
1 2 8 52 35 0
0 2 22 50 41 0
0 3 22 51 42 0
0 0 22 49 40 0
0 1 22 50 41 0
1 0 22 48 41 0
1 1 22 49 42 0
1 2 22 50 42 0
1 3 22 51 43 0
2 0 22 48 42 0
2 1 22 49 42 0
2 2 22 49 43 0
2 3 22 50 43 0
3 3 22 50 44 0
0 1 22 50 41 0
1 2 22 50 42 0
1 3 22 51 43 0
3 0 22 47 43 0
3 1 22 48 43 0
3 2 22 49 44 0
0 0 22 49 40 0
0 3 22 51 42 0
1 1 22 49 42 0
2 1 22 49 42 0
2 2 22 49 43 0
3 1 22 48 43 0
3 2 22 49 44 0
2 3 22 50 43 0
3 3 22 50 44 1
1 0 22 48 41 0
0 3 21 51 42 1
1 3 21 51 43 1
2 3 21 50 43 1
0 3 21 51 42 1
3 3 21 50 44 1
0 1 21 50 41 1
0 2 21 50 41 1
1 2 21 50 42 1
1 3 21 51 43 1
2 2 21 49 43 1
1 1 21 49 42 1
2 1 21 49 42 1
2 3 21 50 43 1
3 2 21 49 44 1
3 3 21 50 44 1
0 0 21 49 40 1
0 1 21 50 41 1
1 2 21 50 42 1
2 2 21 49 43 1
3 1 21 48 43 1
3 2 21 49 44 1
0 0 21 49 40 1
0 2 21 50 41 1
1 0 21 48 41 1
1 1 21 49 42 1
2 1 21 49 42 1
2 0 21 48 42 1
3 0 21 47 43 1
3 1 21 48 43 1
1 0 20 49 40 1
2 0 20 48 41 1
3 0 20 48 42 1
0 0 37 45 46 0
1 0 37 44 46 0
2 0 37 43 47 0
3 0 37 42 48 0
1 1 37 44 47 0
0 0 37 45 46 0
0 1 37 45 46 0
1 0 37 44 46 0
2 1 37 44 48 0
3 0 37 42 48 0
3 1 37 43 48 0
0 2 36 46 47 0
1 2 36 45 48 0
2 0 36 43 47 0
2 2 36 44 49 0
3 2 36 43 49 0
0 1 36 45 46 0
1 1 36 44 47 0
2 1 36 44 48 0
3 1 36 43 48 0
0 2 36 46 47 0
0 3 36 46 48 0
1 2 36 45 48 0
1 3 36 46 49 0
2 2 36 44 49 0
2 3 36 45 49 0
3 2 36 43 49 0
3 3 36 44 50 0
1 3 35 47 48 0
2 3 35 46 48 0
3 3 35 45 49 0
0 2 34 47 46 0
0 3 34 47 47 0
2 1 32 45 46 0
3 0 32 44 46 0
3 2 31 45 48 0
0 0 31 46 44 1
0 1 31 47 45 1
0 2 31 48 45 1
1 0 31 45 45 1
0 3 30 49 45 1
1 1 30 47 45 1
1 2 30 48 45 1
2 0 30 46 45 1
2 1 30 46 45 1
1 3 30 48 46 1
2 2 30 47 46 1
3 0 30 45 45 1
3 1 30 46 46 1
2 3 30 48 47 1
3 2 30 46 47 1
3 3 29 47 47 1
3 3 14 52 41 0
2 3 14 52 40 0
1 3 14 52 39 0
3 3 14 52 41 0
2 3 14 52 40 0
0 3 13 53 37 0
1 3 13 53 38 0
3 2 13 51 39 0
3 3 13 52 40 0
2 2 13 51 38 0
2 3 13 52 39 0
3 2 13 51 39 0
0 3 13 53 37 0
3 1 13 50 39 1
1 1 12 51 37 0
1 2 13 52 37 0
1 3 13 53 38 0
2 0 12 50 38 0
2 1 12 51 38 0
2 2 12 51 38 0
3 0 13 49 39 0
3 2 12 51 39 0
0 0 12 50 36 0
0 1 12 51 36 0
0 2 12 52 37 0
1 0 12 50 37 1
1 2 12 52 37 0
0 3 12 53 37 0
3 0 12 49 39 1
1 0 11 50 37 1
2 0 11 50 38 1
2 1 11 51 38 1
3 1 11 50 39 1
0 0 11 50 36 1
0 1 11 51 36 1
1 1 11 51 37 1
1 2 11 52 37 1
0 2 11 52 37 1
3 1 11 50 39 0
2 1 10 51 37 0
0 2 10 52 35 0
1 2 10 52 36 0
3 2 10 52 38 1
3 3 10 53 38 1
1 1 10 51 36 0
2 2 10 52 37 1
2 3 10 53 37 1
0 3 9 53 35 1
1 2 9 52 36 1
1 3 9 53 36 1
2 1 9 51 37 1
3 1 9 51 38 1
0 2 9 52 35 1
1 1 9 51 36 1
3 2 9 52 38 1
3 0 7 50 37 0
3 1 7 51 37 0
1 0 7 50 35 0
2 0 7 50 36 0
2 1 7 51 36 0
3 2 7 52 37 0
0 0 7 50 34 0
1 1 7 51 35 0
2 2 7 52 36 0
3 1 7 51 37 0
0 1 7 51 34 0
1 2 7 52 35 0
2 1 7 51 36 0
2 3 7 53 36 0
3 2 7 52 37 0
3 3 7 53 37 0
0 0 8 50 34 0
0 2 8 52 34 0
1 1 8 51 35 0
1 3 7 53 35 0
2 2 8 52 36 0
3 0 8 50 37 0
3 3 8 53 37 0
0 1 8 51 34 0
0 3 8 53 34 0
1 0 8 50 35 0
1 2 8 52 35 0
2 3 8 53 36 0
0 2 8 52 34 0
1 3 8 53 35 0
0 3 8 53 34 0
2 0 8 50 36 0
1 0 9 50 36 0
3 0 10 50 38 1
3 2 10 52 38 1
3 3 10 53 38 1
2 2 10 52 37 1
2 3 10 53 37 1
3 1 10 51 38 1
1 1 11 51 37 1
1 2 11 52 37 1
1 3 11 53 38 1
2 0 10 50 37 1
2 1 11 51 38 1
0 0 11 50 36 1
0 1 11 51 36 1
0 3 11 53 37 1
1 0 11 50 37 1
2 2 11 51 38 1
3 0 11 49 39 1
3 1 11 50 39 1
3 2 11 51 39 1
0 2 11 52 37 1
0 0 11 50 36 1
0 1 11 51 36 1
1 1 11 51 37 1
1 2 11 52 37 1
1 3 11 53 38 1
0 2 12 52 37 1
0 3 12 53 37 1
2 2 13 51 38 0
1 0 15 50 38 1
0 0 25 48 41 0
0 1 25 49 42 0
1 0 25 48 42 0
1 1 25 48 43 0
2 1 25 48 43 0
0 1 25 49 42 1
1 0 25 48 42 0
2 0 25 47 43 0
3 1 25 47 44 0
1 1 25 48 43 1
3 0 25 46 44 0
0 0 25 48 41 1
2 1 24 48 43 1
1 0 24 48 42 1
3 1 24 47 44 1
2 0 24 47 43 1
3 0 24 46 44 1
2 0 24 47 43 1
1 0 23 48 41 1
3 0 23 47 43 1
0 0 19 49 39 1
0 2 21 50 41 0
0 3 21 51 42 0
0 0 21 49 40 0
0 1 21 50 41 0
1 1 21 49 42 0
1 2 21 50 42 0
1 3 21 51 43 0
0 2 21 50 41 0
1 0 21 48 41 0
2 3 21 50 43 0
0 0 21 49 40 0
0 1 21 50 41 0
0 3 21 51 42 0
1 1 21 49 42 0
1 2 21 50 42 0
1 3 21 51 43 0
2 0 21 48 42 0
2 1 21 49 42 0
2 2 21 49 43 0
3 3 21 50 44 0
2 3 21 50 43 0
3 0 21 47 43 0
3 1 21 48 43 0
3 2 21 49 44 0
1 0 21 48 41 0
2 1 21 49 42 0
2 2 21 49 43 0
1 3 20 51 41 0
2 0 21 48 42 0
3 1 21 48 43 0
3 2 21 49 44 0
3 3 21 50 44 0
3 0 20 48 42 0
0 3 20 52 40 1
1 3 20 51 41 1
2 3 20 51 42 1
0 2 20 51 40 1
0 3 20 52 40 1
3 3 20 50 43 1
1 2 20 50 41 1
1 3 20 51 41 1
2 2 20 50 42 1
2 3 20 51 42 1
0 1 20 50 40 1
0 2 20 51 40 1
3 2 20 50 43 1
3 3 20 50 43 1
1 1 20 50 40 1
1 2 20 50 41 1
2 2 19 50 42 1
0 0 19 49 39 1
0 1 19 50 40 1
2 1 19 49 41 1
3 1 19 49 42 1
3 2 19 50 43 1
1 0 19 49 40 1
1 1 19 50 40 1
2 0 19 48 41 1
0 0 19 49 39 1
2 1 19 49 41 1
3 0 19 48 42 1
3 1 19 49 42 1
1 0 19 49 40 1
2 0 19 48 41 1
3 0 19 48 42 1
2 3 9 53 37 0
3 3 9 53 38 0
1 3 10 53 36 0
3 3 13 52 40 1
0 3 18 52 39 0
1 3 18 52 40 0
2 3 18 52 41 0
3 3 18 51 42 0
3 2 18 50 42 0
0 2 18 51 39 0
0 3 18 52 39 0
1 2 18 51 40 0
1 3 18 52 40 0
2 2 18 51 41 0
3 3 18 51 42 0
0 1 18 50 38 0
1 1 18 50 39 0
2 1 18 50 40 0
2 2 18 51 41 0
2 3 18 52 41 0
3 1 18 49 41 0
3 2 18 50 42 0
0 0 18 50 38 0
0 2 18 51 39 0
1 0 18 49 39 0
1 2 18 51 40 0
2 0 18 49 40 0
3 1 18 49 41 0
0 1 17 50 38 0
1 1 18 50 39 0
2 1 17 50 40 0
3 0 18 48 41 0
0 0 17 50 38 0
1 0 17 49 39 0
2 0 17 49 40 0
3 0 17 48 41 0
0 3 12 53 37 1
0 1 11 51 36 1
0 2 11 52 37 1
1 3 11 53 38 1
0 0 11 50 36 1
1 1 11 51 37 1
1 2 11 52 37 1
2 3 11 52 39 1
0 1 11 51 36 1
1 0 11 50 37 1
2 1 11 51 38 1
2 2 11 51 38 1
3 2 11 51 39 1
3 3 11 52 40 1
0 2 11 52 37 1
2 0 11 50 38 1
3 1 11 50 39 1
0 0 11 50 36 1
2 2 11 51 38 1
3 0 11 49 39 1
3 2 11 51 39 1
1 2 10 52 36 1
2 1 10 51 37 1
3 1 10 51 38 1
3 3 10 53 38 1
1 0 10 50 36 1
1 1 10 51 36 1
2 0 10 50 37 1
3 0 10 50 38 1
0 3 9 53 35 1
1 2 6 52 35 0
2 2 6 52 36 0
0 0 27 48 42 0
0 1 27 48 43 0
0 2 27 49 43 0
0 3 27 50 44 0
1 0 27 47 43 1
1 1 27 48 44 0
1 2 27 49 44 0
1 3 27 49 45 0
0 0 27 48 42 0
0 2 27 49 43 0
2 0 27 46 44 0
2 1 27 47 44 0
2 2 27 48 45 0
2 3 27 49 46 0
0 1 27 48 43 0
0 3 27 50 44 0
1 0 27 47 43 1
1 1 27 48 44 0
1 2 27 49 44 0
1 3 27 49 45 0
3 0 27 46 45 0
3 1 27 46 45 0
3 2 27 47 46 0
3 3 27 48 46 0
2 1 27 47 44 0
2 2 27 48 45 0
2 3 27 49 46 0
2 0 27 46 44 0
3 0 27 46 45 0
3 1 27 46 45 0
3 2 27 47 46 0
3 3 27 48 46 0
3 2 28 47 46 0
2 2 28 48 45 0
0 0 29 47 43 1
0 1 29 48 44 1
0 2 29 48 44 1
0 3 29 49 45 1
1 0 29 46 44 1
1 1 29 47 45 1
1 2 29 48 45 1
1 3 29 48 46 1
2 0 29 46 45 1
2 1 29 46 45 1
2 2 29 47 46 1
2 3 29 48 47 1
3 0 29 45 45 1
3 1 29 46 46 1
3 2 29 46 47 1
3 3 29 47 47 1
0 0 41 43 47 0
1 0 41 42 48 0
2 0 41 41 48 0
0 1 41 43 48 0
1 1 41 42 49 0
2 1 41 42 49 0
3 0 41 40 49 0
0 0 40 44 46 0
0 2 40 45 48 0
1 0 40 43 47 0
1 2 40 44 49 0
2 2 40 43 49 0
3 1 41 41 50 0
1 1 40 43 48 0
2 0 40 42 48 0
3 0 40 41 48 0
3 2 40 42 50 0
0 1 40 44 47 0
0 3 40 45 49 0
1 2 39 44 49 0
1 3 40 45 49 0
2 1 40 43 48 0
2 3 40 44 50 1
3 1 40 42 49 0
3 3 39 43 51 0
0 2 39 45 48 0
2 2 39 43 49 0
2 3 39 44 50 0
3 2 39 42 50 0
0 3 39 45 49 0
1 3 39 45 49 0
3 3 39 43 51 0
3 2 38 43 49 0
2 3 37 45 49 0
0 0 36 45 46 1
3 3 36 44 50 0
0 1 35 46 46 1
0 2 35 47 46 1
1 0 35 45 46 1
0 3 35 47 47 1
1 1 35 45 46 1
1 2 35 46 47 1
2 0 35 44 46 1
1 3 34 47 48 1
2 1 35 45 47 1
0 1 34 46 46 1
2 2 34 45 48 1
2 3 34 46 48 1
3 0 34 43 47 1
3 1 34 44 48 1
3 2 34 44 48 1
3 3 34 45 49 1
3 1 32 45 47 1
3 2 32 45 48 1
3 0 16 48 41 0
2 0 17 49 40 0
3 0 17 48 41 0
3 0 18 48 41 1
3 1 19 49 42 0
1 2 20 50 41 0
2 2 20 50 42 1
0 0 20 49 39 0
3 2 20 50 43 0
0 2 21 50 41 0
2 3 21 50 43 0
1 3 22 51 43 0
0 3 20 52 40 0
0 2 20 51 40 0
0 1 20 50 40 0
0 0 21 49 40 0
0 2 21 50 41 0
0 3 21 51 42 0
1 3 21 51 43 0
0 1 21 50 41 0
1 1 21 49 42 0
1 2 21 50 42 0
0 0 21 49 40 0
1 0 21 48 41 0
1 3 21 51 43 0
1 1 21 49 42 0
1 2 21 50 42 0
2 2 21 49 43 0
2 3 21 50 43 0
0 3 22 51 42 1
2 1 22 49 42 0
0 0 22 49 40 0
0 1 22 50 41 0
0 2 22 50 41 1
1 0 22 48 41 0
1 3 22 51 43 1
2 0 22 48 42 0
2 3 22 50 43 1
0 1 22 50 41 1
1 2 22 50 42 1
2 2 22 49 43 1
3 1 22 48 43 0
3 2 22 49 44 0
0 0 22 49 40 1
1 1 22 49 42 1
2 1 23 49 42 1
3 0 23 47 43 0
1 0 23 48 41 1
3 1 23 48 43 1
2 0 23 48 42 1
3 0 23 47 43 1
0 0 23 49 40 1
0 0 39 44 46 0
1 0 39 43 47 0
0 2 39 45 48 0
1 2 39 44 49 0
2 2 39 43 49 0
3 2 39 42 50 0
1 3 39 45 49 0
2 3 38 45 49 0
0 0 32 46 44 0
1 0 32 45 45 0
1 1 32 46 45 0
2 0 32 45 45 0
3 0 32 44 46 0
3 1 32 45 47 0
0 1 31 47 45 0
2 1 31 45 46 0
0 2 31 48 45 0
1 2 31 47 46 0
2 2 31 46 47 0
3 0 31 44 46 0
3 1 31 45 47 0
3 2 31 45 48 0
0 0 31 46 44 0
0 1 31 47 45 0
0 3 31 48 46 0
1 1 31 46 45 0
1 3 31 48 47 0
2 1 31 45 46 0
2 3 31 47 48 0
3 2 31 45 48 0
3 3 31 46 48 0
0 2 31 48 45 0
1 0 31 45 45 0
1 2 31 47 46 0
2 0 31 45 45 0
2 2 31 46 47 0
2 3 31 47 48 0
1 3 31 48 47 0
3 3 31 46 48 0
0 3 31 48 46 0
3 0 30 45 45 1
2 0 30 46 45 1
3 1 30 46 46 1
3 2 30 46 47 1
2 1 29 46 45 1
2 2 29 47 46 1
3 1 29 46 46 1
3 3 29 47 47 1
1 0 29 46 44 1
2 3 29 48 47 1
3 0 29 45 45 1
3 2 29 46 47 1
0 0 29 47 43 1
1 0 29 46 44 1
1 1 29 47 45 1
1 2 29 48 45 1
1 3 29 48 46 1
2 0 29 46 45 1
2 1 29 46 45 1
2 2 29 47 46 1
0 0 29 47 43 1
0 1 29 48 44 1
2 3 29 48 47 1
3 3 29 47 47 1
0 1 29 48 44 1
0 2 29 48 44 1
0 3 29 49 45 1
1 1 29 47 45 1
1 2 29 48 45 1
1 3 29 48 46 1
0 3 28 50 44 1
0 2 28 49 43 1
0 2 18 51 39 0
0 3 18 52 39 0
0 0 18 50 38 0
0 1 18 50 38 0
1 3 18 52 40 0
0 2 18 51 39 0
1 0 18 49 39 0
1 1 18 50 39 0
1 2 18 51 40 0
0 0 18 50 38 0
0 1 18 50 38 0
0 3 18 52 39 0
2 2 18 51 41 0
2 3 18 52 41 0
1 1 18 50 39 0
1 2 18 51 40 0
1 3 18 52 40 0
2 0 18 49 40 0
2 1 18 50 40 0
1 0 18 49 39 0
2 2 18 51 41 0
2 3 18 52 41 0
3 1 18 49 41 0
3 2 18 50 42 0
3 3 18 51 42 0
2 0 18 49 40 0
2 1 18 50 40 0
3 0 18 48 41 0
3 2 18 50 42 0
3 1 18 49 41 0
3 3 18 51 42 0
0 2 18 51 39 0
2 3 18 52 41 0
3 0 18 48 41 0
1 2 18 51 40 0
3 2 18 50 42 0
3 3 18 51 42 0
2 0 18 49 40 0
1 1 18 50 39 0
0 3 19 52 40 1
1 3 19 51 41 1
2 3 19 51 42 1
0 1 19 50 40 1
0 2 19 51 40 1
1 2 19 50 41 1
2 2 19 50 42 1
3 2 19 50 43 1
3 3 19 50 43 1
1 1 19 50 40 1
2 1 19 49 41 1
3 1 19 49 42 1
0 0 19 49 39 1
0 1 19 50 40 1
1 0 19 49 40 1
2 0 19 48 41 1
3 0 19 48 42 1
3 2 19 50 43 1
3 0 19 48 42 1
0 2 20 51 40 1
1 2 21 50 42 1
2 2 22 49 43 1
3 3 11 52 40 0
1 3 10 53 36 0
2 3 10 53 37 0
3 2 10 52 38 0
0 3 10 53 35 0
2 2 10 52 37 0
3 3 10 53 38 0
0 2 10 52 35 0
1 2 10 52 36 0
1 3 10 53 36 0
2 3 10 53 37 0
3 1 10 51 38 0
3 2 10 52 38 0
1 1 10 51 36 0
2 1 10 51 37 0
2 2 10 52 37 0
3 1 10 51 38 0
0 1 10 51 35 0
0 2 10 52 35 0
0 3 10 53 35 1
1 2 10 52 36 0
2 0 10 50 37 0
3 0 10 50 38 0
0 0 9 50 35 0
1 0 10 50 36 0
1 1 9 51 36 0
1 3 10 53 36 1
2 1 9 51 37 0
2 3 9 53 37 1
0 1 9 51 35 1
0 2 9 52 35 1
1 2 9 52 36 1
2 2 9 52 37 1
3 0 9 50 38 0
3 3 9 53 38 1
1 1 10 51 36 1
3 2 10 52 38 1
0 0 10 50 35 1
1 0 10 50 36 1
2 1 10 51 37 1
3 1 10 51 38 1
2 0 10 50 37 1
3 0 10 50 38 1
3 1 10 51 38 1
3 2 10 52 38 1
2 2 10 52 37 1
3 0 10 50 38 1
2 1 24 48 43 1
3 0 20 48 42 0
2 0 19 48 41 0
1 0 19 49 40 0
3 1 19 49 42 0
0 0 19 49 39 0
2 1 19 49 41 0
3 0 19 48 42 0
1 0 19 49 40 0
1 1 19 50 40 0
2 0 19 48 41 0
3 1 19 49 42 0
3 2 19 50 43 0
0 0 19 49 39 0
2 1 19 49 41 0
2 2 19 50 42 0
0 1 18 50 38 0
3 2 18 50 42 0
0 2 18 51 39 0
1 1 18 50 39 0
1 2 18 51 40 0
2 1 18 50 40 0
2 2 18 51 41 0
3 0 18 48 41 0
3 1 18 49 41 0
3 3 18 51 42 0
0 0 18 50 38 0
0 1 18 50 38 0
0 2 18 51 39 0
1 0 18 49 39 0
1 1 18 50 39 0
1 2 18 51 40 0
2 3 18 52 41 0
3 2 18 50 42 0
1 3 18 52 40 0
2 2 18 51 41 0
2 3 17 52 41 0
3 3 17 51 42 0
0 3 17 52 39 0
1 2 17 51 40 0
1 3 17 52 40 0
2 2 17 51 41 0
0 2 17 51 39 0
2 3 17 52 41 0
3 3 17 51 42 0
0 3 17 52 39 0
1 3 17 52 40 0
0 3 16 52 39 0
1 3 16 52 40 0
0 3 12 53 37 1
0 3 11 53 37 1
1 3 11 53 38 1
0 2 11 52 37 1
1 2 11 52 37 1
1 3 11 53 38 1
2 3 11 52 39 1
0 1 11 51 36 1
0 2 11 52 37 1
3 3 11 52 40 1
0 0 11 50 36 1
1 1 11 51 37 1
1 2 11 52 37 1
2 2 11 51 38 1
2 3 11 52 39 1
0 1 10 51 35 1
2 1 10 51 37 1
2 2 10 52 37 1
3 2 10 52 38 1
3 3 10 53 38 1
0 0 10 50 35 1
1 0 10 50 36 1
1 1 10 51 36 1
3 1 10 51 38 1
2 0 10 50 37 1
2 1 10 51 37 1
3 2 10 52 38 1
1 0 10 50 36 1
3 0 10 50 38 1
3 1 10 51 38 1
2 0 9 50 37 1
3 0 9 50 38 1
0 1 8 51 34 1
1 3 18 52 40 0
0 3 18 52 39 0
2 3 18 52 41 1
3 3 18 51 42 0
1 2 18 51 40 0
2 2 18 51 41 0
3 2 18 50 42 0
0 2 18 51 39 0
1 3 18 52 40 0
2 3 18 52 41 0
3 3 18 51 42 0
0 1 17 50 38 0
0 3 18 52 39 0
1 1 18 50 39 0
1 2 17 51 40 0
2 1 18 50 40 0
2 2 18 51 41 0
3 1 18 49 41 0
3 2 17 50 42 0
0 2 17 51 39 0
1 0 17 49 39 0
2 0 17 49 40 0
0 0 17 50 38 0
0 1 17 50 38 0
1 1 17 50 39 0
2 1 17 50 40 0
3 0 17 48 41 0
3 1 17 49 41 0
0 0 17 50 38 0
1 0 17 49 39 0
2 0 17 49 40 0
2 2 17 51 41 0
3 0 17 48 41 0
2 2 16 51 41 0
0 3 13 53 37 1
0 2 13 52 37 1
1 3 13 53 38 1
0 1 13 51 36 1
1 2 12 52 37 1
2 3 12 52 39 1
0 0 12 50 36 1
0 1 12 51 36 1
1 1 12 51 37 1
2 2 12 51 38 1
3 3 12 52 40 1
1 0 12 50 37 1
2 1 12 51 38 1
3 2 12 51 39 1
0 0 12 50 36 1
0 2 12 52 37 1
0 3 12 53 37 1
2 0 12 50 38 1
2 2 12 51 38 1
3 1 12 50 39 1
2 1 11 51 38 1
3 0 12 49 39 1
3 2 11 51 39 1
3 3 11 52 40 1
3 0 11 49 39 1
3 1 11 50 39 1
2 3 11 52 39 1
1 2 10 52 36 1
1 2 20 50 41 0
3 0 9 50 38 0
2 3 20 51 42 0
2 3 12 52 39 0
3 0 12 49 39 0
3 1 12 50 39 0
1 0 13 50 37 0
2 0 12 50 38 0
2 1 12 51 38 0
2 2 13 51 38 0
3 2 12 51 39 0
3 3 12 52 40 0
0 0 13 50 36 0
1 1 13 51 37 0
1 2 13 52 37 0
2 3 13 52 39 0
3 1 13 50 39 0
3 2 13 51 39 0
0 1 13 51 36 0
0 2 13 52 37 0
1 3 13 53 38 0
2 1 13 51 38 0
2 2 13 51 38 0
3 0 13 49 39 0
3 3 13 52 40 0
0 3 13 53 37 0
1 0 13 50 37 0
1 2 13 52 37 0
2 3 13 52 39 0
0 2 14 52 38 0
1 1 13 51 37 0
1 3 14 52 39 0
0 0 14 50 37 0
0 3 15 53 38 0
2 0 15 49 39 0
3 2 16 50 42 0
2 1 16 50 40 0
3 2 17 50 42 1
3 3 17 51 42 1
2 3 17 52 41 1
3 1 17 49 41 1
2 2 17 51 41 1
3 0 17 48 41 1
3 2 17 50 42 1
3 3 17 51 42 1
1 2 17 51 40 1
1 3 17 52 40 1
2 0 17 49 40 1
2 1 17 50 40 1
2 3 17 52 41 1
3 1 17 49 41 1
0 3 17 52 39 1
1 1 17 50 39 1
2 1 17 50 40 1
2 2 17 51 41 1
3 0 17 48 41 1
0 1 17 50 38 1
0 2 17 51 39 1
1 0 17 49 39 1
1 2 17 51 40 1
1 3 17 52 40 1
2 0 17 49 40 1
0 0 17 50 38 1
0 2 17 51 39 1
0 3 17 52 39 1
1 1 17 50 39 1
0 1 17 50 38 1
1 0 17 49 39 1
0 0 17 50 38 1
0 0 12 50 36 0
0 1 12 51 36 0
0 0 12 50 36 0
0 1 12 51 36 1
1 0 12 50 37 0
0 0 11 50 36 1
1 0 11 50 37 1
2 0 17 49 40 0
3 0 17 48 41 0
0 0 17 50 38 0
1 0 17 49 39 0
2 1 17 50 40 0
3 1 17 49 41 0
3 2 17 50 42 0
0 1 17 50 38 0
1 1 17 50 39 0
2 2 17 51 41 0
3 1 17 49 41 0
3 3 17 51 42 0
0 0 16 50 38 0
0 2 16 51 39 0
1 0 16 49 39 0
1 2 17 51 40 0
1 3 16 52 40 0
2 0 16 49 40 0
2 1 16 50 40 0
2 3 17 52 41 0
3 0 17 48 41 0
3 2 16 50 42 0
0 1 16 50 38 0
0 3 16 52 39 0
1 1 16 50 39 0
1 2 16 51 40 0
2 2 16 51 41 0
3 3 16 51 42 0
0 2 16 51 39 0
2 3 16 52 41 0
3 1 16 49 41 0
1 3 16 52 40 0
0 3 16 52 39 0
2 2 14 51 39 0
3 2 14 51 40 0
0 0 14 50 37 1
1 0 14 50 38 1
0 1 13 51 36 1
1 1 13 51 37 1
2 0 13 50 38 1
3 0 13 49 39 1
2 1 13 51 38 1
3 1 13 50 39 1
0 1 13 51 36 1
0 2 13 52 37 1
1 2 13 52 37 1
2 2 13 51 38 1
0 3 13 53 37 1
1 0 13 50 37 1
3 2 13 51 39 1
0 0 13 50 36 1
1 3 13 53 38 1
2 2 13 51 38 1
2 3 13 52 39 1
3 2 13 51 39 1
0 2 13 52 37 1
2 1 13 51 38 1
3 1 13 50 39 1
3 3 13 52 40 1
1 2 13 52 37 1
1 3 13 53 38 1
3 0 13 49 39 1
3 3 13 52 40 1
2 3 13 52 39 1
0 3 13 53 37 1
2 3 12 52 39 0
3 3 12 52 40 0
3 3 12 52 40 1
2 3 12 52 39 1
1 1 9 51 36 1
0 3 16 52 39 0
1 3 16 52 40 0
0 2 16 51 39 0
0 3 16 52 39 0
2 3 16 52 41 0
1 2 16 51 40 0
0 1 16 50 38 0
0 2 16 51 39 0
1 1 16 50 39 0
1 3 16 52 40 0
2 2 16 51 41 0
3 3 16 51 42 0
0 0 16 50 38 0
1 2 17 51 40 0
2 3 16 52 41 0
2 1 17 50 40 0
2 2 17 51 41 0
3 2 17 50 42 0
3 3 17 51 42 0
0 1 17 50 38 0
1 0 17 49 39 0
1 1 17 50 39 0
3 1 17 49 41 0
0 0 17 50 38 0
1 2 17 51 40 0
1 0 17 49 39 0
2 0 17 49 40 0
2 1 17 50 40 0
3 1 17 49 41 0
3 2 17 50 42 0
0 0 17 50 38 0
2 2 17 51 41 0
3 0 17 48 41 0
0 3 17 52 39 1
1 1 17 50 39 0
1 3 17 52 40 1
3 3 17 51 42 1
2 0 17 49 40 0
2 3 17 52 41 1
3 1 17 49 41 0
1 0 17 49 39 0
2 1 17 50 40 0
2 2 17 51 41 1
3 0 17 48 41 0
0 3 17 52 39 1
1 3 17 52 40 1
3 3 17 51 42 1
2 3 17 52 41 1
3 2 17 50 42 1
0 2 17 51 39 1
1 2 17 51 40 1
2 2 18 51 41 1
0 2 18 51 39 1
1 2 18 51 40 1
3 2 18 50 42 1
0 1 18 50 38 1
1 1 18 50 39 1
2 1 18 50 40 1
3 1 18 49 41 1
2 2 18 51 41 1
3 2 18 50 42 1
0 1 18 50 38 1
0 0 18 50 38 1
0 2 18 51 39 1
1 1 18 50 39 1
2 1 18 50 40 1
3 1 18 49 41 1
0 1 18 50 38 1
2 0 18 49 40 1
1 0 18 49 39 1
3 0 18 48 41 1
3 1 18 49 41 1
2 1 18 50 40 1
2 0 18 49 40 1
0 1 18 50 38 0
0 2 18 51 39 0
1 0 18 49 39 1
3 0 18 48 41 1
0 2 18 51 39 0
0 3 18 52 39 0
0 1 18 50 38 0
1 0 18 49 39 0
1 1 18 50 39 0
3 0 18 48 41 1
0 2 17 51 39 0
1 2 17 51 40 0
0 0 17 50 38 0
0 3 17 52 39 0
1 3 17 52 40 0
0 1 17 50 38 0
1 0 17 49 39 0
1 1 17 50 39 0
2 1 17 50 40 0
0 2 17 51 39 0
1 2 17 51 40 0
2 0 17 49 40 0
1 3 17 52 40 0
1 2 17 51 40 0
2 1 17 50 40 0
2 2 17 51 41 0
0 3 17 52 39 0
1 1 17 50 39 0
2 0 17 49 40 0
2 2 17 51 41 0
2 3 17 52 41 0
3 0 17 48 41 0
1 3 17 52 40 0
3 1 17 49 41 0
2 1 17 50 40 0
2 3 17 52 41 0
2 2 17 51 41 0
3 0 17 48 41 0
3 1 17 49 41 0
3 2 17 50 42 0
1 2 17 51 40 0
1 3 17 52 40 0
2 3 17 52 41 0
3 2 17 50 42 0
3 1 17 49 41 0
3 3 17 51 42 0
2 0 17 49 40 0
2 1 16 50 40 0
2 2 16 51 41 0
3 0 16 48 41 0
3 2 16 50 42 0
3 3 16 51 42 0
2 3 16 52 41 0
3 1 16 49 41 0
0 3 16 52 39 1
1 1 16 50 39 0
3 2 16 50 42 0
3 3 16 51 42 0
0 1 16 50 38 1
0 2 16 51 39 1
0 0 16 50 38 1
0 3 16 52 39 1
0 1 16 50 38 1
0 2 16 51 39 1
0 0 16 50 38 1
1 3 16 52 40 1
1 1 16 50 39 1
1 2 16 51 40 1
1 0 15 50 38 1
1 1 15 50 38 1
1 3 15 52 39 1
1 2 15 51 39 1
2 3 15 52 40 1
1 0 15 50 38 1
2 2 15 51 39 1
0 1 15 51 37 1
2 0 15 49 39 1
2 1 15 50 39 1
2 2 15 51 39 1
2 3 15 52 40 1
2 0 15 49 39 1
2 1 15 50 39 1
3 2 15 51 40 1
3 3 15 52 41 1
3 1 15 50 40 1
3 0 15 49 40 1
3 2 15 51 40 1
3 1 15 50 40 1
3 3 15 52 41 1
3 0 14 49 40 1
3 2 14 51 40 1
2 2 14 51 39 1
2 2 15 51 39 0
3 0 13 49 39 0
2 0 13 50 38 0
3 0 14 49 40 0
1 0 14 50 38 0
3 1 14 50 40 0
0 0 14 50 37 0
2 0 14 49 39 0
2 1 14 50 39 0
1 0 14 50 38 0
3 2 14 51 40 0
0 0 15 50 37 0
1 1 15 50 38 0
2 2 15 51 39 0
3 0 15 49 40 1
0 1 15 51 37 0
3 1 15 50 40 1
1 1 15 50 38 0
2 0 15 49 39 1
2 2 15 51 39 0
3 0 15 49 40 1
0 0 15 50 37 0
0 1 15 51 37 0
1 0 15 50 38 1
1 2 15 51 39 0
2 1 15 50 39 1
3 2 15 51 40 1
2 0 16 49 40 1
2 2 16 51 41 1
0 0 16 50 38 1
0 2 16 51 39 0
1 0 16 49 39 1
1 1 16 50 39 1
0 0 16 50 38 1
0 2 16 51 39 0
1 2 16 51 40 1
0 1 17 50 38 1
0 0 17 50 38 1
1 0 17 49 39 1
0 2 17 51 39 1
0 1 18 50 38 1
0 2 18 51 39 0
0 0 18 50 38 0
0 1 18 50 38 0
0 0 18 50 38 0
1 0 18 49 39 0
1 2 18 51 40 0
0 1 18 50 38 0
0 2 18 51 39 1
1 1 18 50 39 0
1 0 19 49 40 0
0 1 19 50 40 1
2 0 19 48 41 0
2 1 19 49 41 0
1 0 19 49 40 0
1 1 19 50 40 1
3 0 19 48 42 0
3 1 19 49 42 0
2 0 19 48 41 0
0 0 19 49 39 1
0 1 19 50 40 1
2 1 19 49 41 1
0 0 19 49 39 1
1 0 19 49 40 1
3 0 19 48 42 0
3 1 19 49 42 1
2 0 19 48 41 1
3 0 19 48 42 1
1 0 19 49 40 1
2 0 19 48 41 1
3 0 19 48 42 1
0 2 9 52 35 0
0 3 9 53 35 0
0 0 9 50 35 0
1 3 10 53 36 0
0 2 10 52 35 1
1 2 10 52 36 0
1 0 11 50 37 0
2 3 11 52 39 0
2 2 11 51 38 0
2 0 12 50 38 0
2 1 12 51 38 0
3 2 13 51 39 0
3 3 13 52 40 0
3 1 13 50 39 0
1 0 14 50 38 1
3 0 14 49 40 0
2 3 16 52 41 1
3 1 17 49 41 1
3 2 17 50 42 1
3 1 19 49 42 0
3 2 19 50 43 0
2 3 18 52 41 0
1 0 18 49 39 0
0 2 17 51 39 0
1 3 14 52 39 0
2 3 14 52 40 0
3 3 14 52 41 0
0 3 14 53 38 0
2 3 14 52 40 0
3 2 14 51 40 0
0 2 14 52 38 0
1 2 14 51 39 0
1 3 14 52 39 0
2 2 14 51 39 0
3 3 14 52 41 0
0 3 14 53 38 0
3 1 14 50 40 0
3 2 14 51 40 0
0 1 14 51 37 0
0 2 14 52 38 0
1 1 14 50 38 0
1 2 14 51 39 0
2 1 14 50 39 0
2 2 14 51 39 0
3 0 13 49 39 0
3 1 13 50 39 0
0 0 13 50 36 0
0 1 13 51 36 0
1 0 13 50 37 0
1 1 13 51 37 0
2 0 13 50 38 0
2 1 13 51 38 1
2 2 13 51 38 0
3 2 13 51 39 0
0 0 13 50 36 0
1 0 13 50 37 0
2 0 13 50 38 0
3 0 13 49 39 0
1 0 12 50 37 0
1 2 12 52 37 0
2 3 12 52 39 0
3 1 12 50 39 0
0 3 10 53 35 1
0 2 10 52 35 1
1 3 10 53 36 1
0 1 10 51 35 1
1 2 10 52 36 1
2 3 10 53 37 1
0 0 10 50 35 1
1 1 10 51 36 1
2 2 10 52 37 1
3 3 10 53 38 1
0 1 10 51 35 1
1 0 10 50 36 1
2 1 10 51 37 1
3 1 10 51 38 1
3 2 10 52 38 1
2 0 10 50 37 1
2 1 9 51 37 1
3 0 10 50 38 1
3 1 10 51 38 1
3 2 10 52 38 1
2 2 9 52 37 1
0 2 9 52 35 1
1 0 9 50 36 1
3 0 7 50 37 1
2 0 7 50 36 1
2 3 8 53 36 1
1 2 8 52 35 1
2 3 29 48 47 0
1 2 30 48 45 0
2 2 23 49 43 0
0 2 23 50 41 0
3 0 12 49 39 0
1 0 12 50 37 0
2 0 12 50 38 0
3 1 12 50 39 0
0 0 12 50 36 0
1 1 12 51 37 0
2 1 12 51 38 0
2 2 12 51 38 0
3 2 12 51 39 0
0 1 12 51 36 0
0 2 12 52 37 0
1 0 12 50 37 0
1 2 12 52 37 0
1 3 12 53 38 0
2 3 12 52 39 0
3 0 12 49 39 0
3 1 12 50 39 0
3 3 12 52 40 0
0 3 12 53 37 0
2 0 12 50 38 0
2 1 12 51 38 0
2 2 12 51 38 0
3 2 12 51 39 0
0 2 12 52 37 0
1 2 12 52 37 0
2 3 12 52 39 0
1 1 12 51 37 0
1 3 12 53 38 0
0 3 13 53 37 0
3 3 12 52 40 0
0 0 13 50 36 0
0 1 13 51 36 0
0 0 15 50 37 1
0 0 14 50 37 1
0 0 14 50 37 1
1 0 14 50 38 1
0 0 14 50 37 1
0 1 14 51 37 1
1 0 14 50 38 1
2 0 14 49 39 1
1 1 14 50 38 1
0 1 14 51 37 1
2 0 14 49 39 1
3 0 14 49 40 1
0 2 14 52 38 1
1 0 14 50 38 1
0 3 14 53 38 1
1 1 14 50 38 1
2 1 14 50 39 1
3 0 14 49 40 1
0 1 14 51 37 1
0 2 14 52 38 1
1 2 14 51 39 1
0 3 14 53 38 1
1 3 14 52 39 1
2 1 14 50 39 1
3 1 14 50 40 1
1 2 14 51 39 1
2 2 14 51 39 1
2 3 14 52 40 1
1 3 14 52 39 1
3 1 14 50 40 1
3 3 14 52 41 1
2 2 14 51 39 1
2 3 14 52 40 1
3 0 14 49 40 1
3 2 14 51 40 1
3 3 14 52 41 1
2 1 14 50 39 1
3 2 14 51 40 1
2 0 14 49 39 1
3 1 14 50 40 1
1 1 14 50 38 1
0 2 15 52 38 1
2 2 15 51 39 1
0 0 20 49 39 0
1 0 20 49 40 0
2 0 20 48 41 0
3 0 20 48 42 0
1 1 19 50 40 0
2 1 19 49 41 0
0 0 19 49 39 0
1 0 19 49 40 0
2 0 19 48 41 0
3 1 19 49 42 0
0 1 19 50 40 0
1 1 19 50 40 0
2 2 19 50 42 0
3 0 19 48 42 0
2 1 19 49 41 0
3 1 19 49 42 0
3 2 19 50 43 0
2 2 19 50 42 0
1 0 19 49 40 0
2 0 19 48 41 0
3 1 19 49 42 0
3 2 19 50 43 0
2 1 19 49 41 0
1 2 19 50 41 0
3 3 19 50 43 0
3 1 19 49 42 0
3 2 19 50 43 0
0 0 18 50 38 1
0 1 18 50 38 1
1 0 18 49 39 1
1 1 18 50 39 1
0 0 18 50 38 1
2 2 18 51 41 1
1 0 18 49 39 1
2 1 18 50 40 1
1 0 18 49 39 1
2 0 18 49 40 1
1 1 18 50 39 1
2 1 18 50 40 1
2 2 18 51 41 1
3 2 18 50 42 1
3 1 18 49 41 1
2 0 17 49 40 1
0 0 17 50 38 1
3 2 17 50 42 1
1 0 17 49 39 1
2 0 17 49 40 1
3 0 17 48 41 1
3 2 17 50 42 0
3 0 17 48 41 0
3 3 17 51 42 0
2 0 17 49 40 0
3 2 17 50 42 0
3 1 17 49 41 0
2 1 17 50 40 0
2 2 17 51 41 0
3 3 17 51 42 0
2 0 17 49 40 0
2 3 17 52 41 0
3 2 17 50 42 0
2 1 17 50 40 0
1 0 17 49 39 0
2 2 17 51 41 0
2 3 17 52 41 0
1 1 17 50 39 0
2 0 17 49 40 0
2 1 17 50 40 0
2 2 17 51 41 0
3 3 17 51 42 0
1 0 17 49 39 0
1 3 17 52 40 0
2 3 17 52 41 0
1 1 17 50 39 0
1 2 17 51 40 0
1 0 17 49 39 0
2 2 17 51 41 0
0 0 17 50 38 0
1 1 17 50 39 0
2 1 17 50 40 0
1 2 17 51 40 0
1 3 17 52 40 0
0 0 18 50 38 0
0 2 18 51 39 0
1 0 18 49 39 0
2 3 18 52 41 0
0 1 18 50 38 0
1 2 18 51 40 0
1 3 18 52 40 0
0 2 18 51 39 0
0 3 18 52 39 0
1 1 18 50 39 1
0 0 18 50 38 0
0 1 18 50 38 0
0 2 18 51 39 0
1 2 18 51 40 0
1 3 18 52 40 0
0 3 18 52 39 0
0 1 18 50 38 0
1 3 18 52 40 1
0 3 18 52 39 1
1 2 18 51 40 1
2 3 18 52 41 1
3 3 18 51 42 1
0 2 18 51 39 1
1 3 18 52 40 1
2 2 18 51 41 1
3 2 18 50 42 1
3 3 18 51 42 1
0 1 18 50 38 1
1 1 18 50 39 1
1 2 18 51 40 1
2 1 18 50 40 1
2 3 18 52 41 1
3 1 18 49 41 1
2 2 18 51 41 1
3 2 18 50 42 1
0 0 18 50 38 1
0 1 18 50 38 1
1 0 18 49 39 1
2 0 18 49 40 1
2 1 18 50 40 1
3 0 18 48 41 1
3 1 18 49 41 1
0 0 18 50 38 1
0 2 18 51 39 1
1 1 18 50 39 1
1 0 18 49 39 1
3 0 18 48 41 1
2 0 18 49 40 1
0 3 17 52 39 0
0 0 17 50 38 0
0 1 17 50 38 0
0 2 17 51 39 0
1 0 17 49 39 0
1 1 17 50 39 0
1 2 17 51 40 0
1 3 17 52 40 0
0 0 17 50 38 0
0 1 17 50 38 0
0 2 17 51 39 0
0 3 17 52 39 0
2 1 17 50 40 0
2 2 17 51 41 0
2 3 17 52 41 0
1 0 17 49 39 0
1 1 17 50 39 0
1 2 17 51 40 0
1 3 17 52 40 0
2 0 17 49 40 0
3 2 17 50 42 0
3 3 17 51 42 0
2 1 17 50 40 0
2 2 17 51 41 0
2 3 17 52 41 0
3 0 17 48 41 0
3 1 17 49 41 0
2 0 17 49 40 0
3 1 17 49 41 0
3 2 17 50 42 0
3 3 17 51 42 0
3 0 17 48 41 0
1 2 17 51 40 0
2 3 17 52 41 0
2 2 17 51 41 0
3 1 18 49 41 0
3 2 18 50 42 0
0 3 18 52 39 1
0 2 18 51 39 1
1 2 18 51 40 1
1 3 18 52 40 1
2 3 18 52 41 1
3 3 18 51 42 1
0 1 18 50 38 1
1 1 18 50 39 1
2 2 18 51 41 1
3 2 18 50 42 1
0 0 18 50 38 1
1 0 18 49 39 1
2 1 18 50 40 1
3 1 18 49 41 1
2 0 18 49 40 1
3 0 18 48 41 1
3 1 19 49 42 1
3 1 23 48 43 0
1 3 27 49 45 0
2 3 27 49 46 0
3 3 27 48 46 0
3 0 26 46 45 0
0 0 26 48 42 0
1 0 26 47 43 0
2 0 26 46 44 0
3 1 26 46 45 0
0 1 26 48 43 0
1 1 26 48 44 0
2 1 26 47 44 0
3 2 26 47 46 0
0 0 26 48 42 0
0 2 26 49 43 0
1 0 26 47 43 0
1 2 26 49 44 0
2 2 26 48 45 0
3 0 26 46 45 0
3 1 26 46 45 0
0 3 26 50 44 0
1 1 26 48 44 0
1 3 26 49 45 0
2 1 26 47 44 0
2 3 26 49 46 0
3 2 26 47 46 0
3 3 26 48 46 0
0 1 26 48 43 0
0 2 26 49 43 0
1 2 26 49 44 0
2 0 26 46 44 0
2 2 26 48 45 0
1 3 26 49 45 0
2 3 26 49 46 0
3 3 26 48 46 0
0 3 26 50 44 0
3 2 27 47 46 0
2 0 27 46 44 1
3 0 27 46 45 1
3 1 27 46 45 1
3 2 27 47 46 1
1 0 27 47 43 1
2 1 27 47 44 1
2 2 27 48 45 1
3 3 27 48 46 1
0 0 27 48 42 1
0 1 27 48 43 1
1 1 27 48 44 1
1 2 27 49 44 1
1 3 27 49 45 1
2 3 27 49 46 1
0 2 27 49 43 1
0 3 27 50 44 1
0 0 27 48 42 1
1 0 27 47 43 1
0 1 27 48 43 1
2 2 27 48 45 1
0 2 28 49 43 1
0 0 26 48 42 0
0 0 21 49 40 0
0 1 21 50 41 0
0 2 21 50 41 0
0 3 21 51 42 0
1 2 21 50 42 0
1 3 21 51 43 0
1 0 21 48 41 0
1 1 21 49 42 0
2 1 21 49 42 0
2 2 21 49 43 0
2 3 21 50 43 0
1 2 20 50 41 0
1 3 20 51 41 0
2 0 21 48 42 0
3 0 20 48 42 0
3 1 20 49 42 0
3 2 21 49 44 0
3 3 21 50 44 0
0 0 20 49 39 0
0 2 20 51 40 0
1 1 20 50 40 0
2 3 20 51 42 0
3 2 20 50 43 0
1 0 20 49 40 0
2 2 20 50 42 0
3 1 20 49 42 0
3 0 20 48 42 0
2 0 19 48 41 0
0 3 19 52 40 1
0 0 19 49 39 1
0 2 19 51 40 1
1 2 19 50 41 1
1 3 19 51 41 1
2 3 19 51 42 1
3 3 19 50 43 1
0 1 19 50 40 1
1 1 19 50 40 1
2 2 19 50 42 1
3 2 19 50 43 1
0 0 19 49 39 1
1 0 19 49 40 1
2 0 18 49 40 1
2 1 19 49 41 1
3 1 19 49 42 1
3 0 18 48 41 1
3 1 18 49 41 1
3 2 18 50 42 1
0 3 15 53 38 0
1 3 15 52 39 0
2 3 15 52 40 1
3 2 19 50 43 0
2 2 18 51 41 0
3 1 18 49 41 0
3 3 11 52 40 0
2 3 11 52 39 0
0 3 11 53 37 0
1 3 11 53 38 0
3 2 11 51 39 0
3 3 11 52 40 0
1 2 11 52 37 0
2 2 11 51 38 0
2 3 11 52 39 0
3 1 11 50 39 0
0 2 11 52 37 0
0 3 11 53 37 0
1 3 11 53 38 0
2 1 11 51 38 0
3 2 11 51 39 0
1 1 11 51 37 0
1 2 11 52 37 0
2 2 11 51 38 0
3 0 11 49 39 0
3 1 11 50 39 0
0 1 11 51 36 0
0 2 11 52 37 0
1 0 11 50 37 0
2 0 11 50 38 0
2 1 11 51 38 0
0 0 11 50 36 0
1 1 11 51 37 0
3 0 11 49 39 0
0 1 11 51 36 0
0 0 11 50 36 0
1 0 11 50 37 0
2 0 11 50 38 0
3 0 12 49 39 1
3 1 12 50 39 1
3 2 12 51 39 1
3 3 12 52 40 1
3 2 12 51 39 1
2 2 12 51 38 1
2 3 12 52 39 1
3 0 12 49 39 1
3 1 12 50 39 1
3 3 12 52 40 1
2 0 12 50 38 1
2 1 12 51 38 1
3 2 13 51 39 1
1 0 13 50 37 1
3 0 13 49 39 1
3 1 13 50 39 1
3 3 13 52 40 1
1 1 13 51 37 1
1 2 13 52 37 1
2 0 13 50 38 1
2 1 13 51 38 1
2 2 13 51 38 1
1 0 14 50 38 1
1 3 14 52 39 1
2 3 13 52 39 1
2 1 14 50 39 1
0 0 14 50 37 1
2 2 14 51 39 1
0 1 15 51 37 1
0 2 15 52 38 1
0 3 15 53 38 1
1 0 15 50 38 1
1 1 15 50 38 1
1 2 15 51 39 1
1 3 15 52 39 1
2 3 15 52 40 1
0 0 15 50 37 1
1 3 16 52 40 1
0 1 16 50 38 1
1 1 16 50 39 1
1 2 16 51 40 1
0 0 16 50 38 1
0 2 16 51 39 1
0 1 17 50 38 1
0 3 16 52 39 1
1 0 17 49 39 1
0 2 17 51 39 1
0 3 17 52 39 1
0 0 19 49 39 1
2 0 23 48 42 1
2 2 20 50 42 0
1 0 20 49 40 0
1 2 20 50 41 0
0 2 20 51 40 0
3 1 24 47 44 0
3 2 24 48 45 0
3 3 24 49 45 1
2 1 24 48 43 0
2 2 24 49 44 0
2 3 24 49 45 0
3 0 24 46 44 0
1 1 24 48 43 0
1 2 24 49 43 0
1 3 24 50 44 0
2 0 24 47 43 0
3 1 24 47 44 0
3 2 24 48 45 0
3 3 24 49 45 0
0 0 24 48 41 0
0 1 24 49 42 0
0 2 24 50 42 0
0 3 24 51 43 0
1 0 24 48 42 0
2 3 24 49 45 0
1 2 24 49 43 0
1 3 24 50 44 0
2 1 24 48 43 0
0 0 24 48 41 0
0 2 24 50 42 0
0 3 24 51 43 0
2 0 24 47 43 0
2 2 24 49 44 0
2 3 24 49 45 0
3 3 24 49 45 1
2 2 24 49 44 1
2 3 24 49 45 1
3 1 24 47 44 1
3 2 24 48 45 1
0 3 24 51 43 1
1 1 24 48 43 1
1 2 24 49 43 1
1 3 24 50 44 1
2 0 24 47 43 1
2 1 24 48 43 1
3 0 24 46 44 1
0 0 24 48 41 1
0 1 24 49 42 1
0 2 24 50 42 1
1 0 24 48 42 1
2 3 14 52 40 0
3 3 14 52 41 0
1 3 14 52 39 0
3 2 14 51 40 0
0 3 14 53 38 0
2 2 14 51 39 0
2 3 14 52 40 0
1 2 14 51 39 0
1 3 14 52 39 0
3 1 14 50 40 0
0 2 14 52 38 0
0 3 14 53 38 0
1 1 14 50 38 0
2 1 14 50 39 0
2 2 14 51 39 0
1 2 15 51 39 0
2 0 14 49 39 0
3 0 14 49 40 0
3 2 14 51 40 0
3 3 14 52 41 0
0 1 15 51 37 0
0 2 15 52 38 0
1 0 15 50 38 0
1 1 15 50 38 0
2 1 15 50 39 0
3 1 15 50 40 0
0 0 15 50 37 0
0 1 15 51 37 0
1 0 15 50 38 0
1 2 15 51 39 0
2 0 15 49 39 0
3 0 15 49 40 0
0 0 15 50 37 0
2 2 15 51 39 0
2 3 15 52 40 0
3 2 15 51 40 0
3 1 15 50 40 0
3 3 15 52 41 0
3 0 15 49 40 0
3 3 15 52 41 0
3 1 15 50 40 0
3 2 15 51 40 0
2 1 16 50 40 0
3 0 17 48 41 0
0 3 18 52 39 1
1 3 18 52 40 1
0 2 18 51 39 1
2 3 18 52 41 1
3 3 18 51 42 1
1 2 18 51 40 1
2 2 18 51 41 1
0 1 18 50 38 1
0 3 18 52 39 1
1 1 18 50 39 1
1 3 18 52 40 1
2 1 18 50 40 1
3 2 18 50 42 1
0 0 19 49 39 1
0 1 19 50 40 1
0 2 19 51 40 1
1 2 19 50 41 1
2 2 19 50 42 1
2 3 19 51 42 1
3 1 19 49 42 1
3 2 19 50 43 1
3 3 19 50 43 1
0 0 19 49 39 1
1 0 19 49 40 1
1 1 19 50 40 1
2 0 19 48 41 1
2 1 19 49 41 1
3 0 19 48 42 1
1 0 19 49 40 1
3 1 19 49 42 1
3 0 19 48 42 1
2 0 19 48 41 1
1 0 25 48 42 0
2 0 25 47 43 0
3 0 25 46 44 0
0 0 24 48 41 0
3 1 24 47 44 0
0 1 24 49 42 0
1 0 24 48 42 0
1 1 24 48 43 0
2 0 24 47 43 0
2 1 24 48 43 0
3 0 24 46 44 0
0 0 24 48 41 0
1 2 24 49 43 0
2 2 24 49 44 0
3 1 24 47 44 0
3 2 24 48 45 0
0 2 24 50 42 0
1 1 24 48 43 0
2 1 24 48 43 0
2 3 24 49 45 0
3 3 24 49 45 0
0 1 24 49 42 0
0 3 24 51 43 0
1 3 24 50 44 0
2 2 24 49 44 0
3 2 24 48 45 0
0 2 24 50 42 0
1 2 24 49 43 0
2 3 24 49 45 0
3 3 24 49 45 0
1 3 24 50 44 0
0 3 24 51 43 0
0 0 24 48 41 1
0 0 23 49 40 1
1 0 23 48 41 1
0 1 23 50 41 1
1 3 23 51 43 0
1 2 23 50 42 0
0 1 23 50 41 1
0 2 23 50 41 1
1 0 23 48 41 1
1 1 23 49 42 1
0 0 23 49 40 1
2 0 23 48 42 1
0 2 22 50 41 1
1 0 22 48 41 1
1 1 22 49 42 1
2 0 22 48 42 1
3 0 22 47 43 1
0 1 22 50 41 1
0 3 22 51 42 1
1 2 22 50 42 1
2 1 22 49 42 1
3 2 22 49 44 0
0 2 22 50 41 1
0 3 22 51 42 1
1 2 22 50 42 1
2 2 22 49 43 1
3 0 22 47 43 1
1 3 22 51 43 1
2 1 22 49 42 1
3 1 22 48 43 1
2 2 21 49 43 1
3 1 21 48 43 1
1 3 21 51 43 1
3 2 21 49 44 1
2 3 21 50 43 1
0 3 21 51 42 1
2 2 21 49 43 1
3 2 21 49 44 1
2 3 21 50 43 1
3 3 21 50 44 1
3 2 21 49 44 1
3 1 21 48 43 1
3 3 21 50 44 1
3 3 20 50 43 1
0 0 20 49 39 0
0 1 20 50 40 0
0 2 20 51 40 0
0 3 20 52 40 0
1 0 20 49 40 0
1 1 20 50 40 0
1 2 20 50 41 0
1 3 20 51 41 0
0 1 20 50 40 0
0 2 20 51 40 0
0 3 20 52 40 0
2 0 20 48 41 0
2 1 20 49 41 0
2 2 20 50 42 0
2 3 20 51 42 0
3 3 20 50 43 0
0 0 19 49 39 0
1 0 19 49 40 0
1 2 19 50 41 0
1 3 20 51 41 0
3 0 19 48 42 0
3 1 20 49 42 0
3 2 19 50 43 0
1 1 19 50 40 0
2 2 19 50 42 0
2 3 19 51 42 1
2 1 19 49 41 0
3 1 19 49 42 0
3 2 19 50 43 0
3 3 19 50 43 0
3 0 19 48 42 0
2 0 19 48 41 0
2 3 19 51 42 0
0 3 18 52 39 1
0 2 18 51 39 1
1 2 18 51 40 1
1 3 18 52 40 1
2 3 18 52 41 1
3 3 18 51 42 1
0 1 18 50 38 1
1 1 18 50 39 1
2 1 18 50 40 1
2 2 18 51 41 1
3 2 18 50 42 1
0 0 18 50 38 1
1 0 18 49 39 1
2 0 18 49 40 1
3 1 18 49 41 1
3 0 18 48 41 1
2 0 18 49 40 1
3 2 18 50 42 1
0 1 17 50 38 1
2 1 17 50 40 1
0 3 17 52 39 0
1 3 17 52 40 0
2 2 17 51 41 0
2 3 17 52 41 0
3 2 17 50 42 0
0 3 17 52 39 1
3 3 17 51 42 0
1 3 18 52 40 1
2 3 18 52 41 0
2 2 18 51 41 1
3 3 18 51 42 0
3 2 18 50 42 1
2 3 18 52 41 1
3 3 18 51 42 1
3 2 18 50 42 1
2 3 18 52 41 1
0 3 18 52 39 0
3 3 18 51 42 1
0 2 18 51 39 0
1 3 18 52 40 0
2 3 18 52 41 0
0 1 18 50 38 0
1 2 18 51 40 0
3 3 18 51 42 0
0 0 18 50 38 0
0 3 18 52 39 0
1 1 18 50 39 0
2 2 18 51 41 0
3 2 18 50 42 0
0 1 18 50 38 0
0 2 18 51 39 0
1 0 18 49 39 0
1 2 18 51 40 1
2 1 18 50 40 0
2 3 18 52 41 0
3 1 18 49 41 0
1 1 18 50 39 0
2 0 18 49 40 0
3 2 18 50 42 0
3 3 18 51 42 0
2 1 18 50 40 0
3 0 18 48 41 0
3 1 18 49 41 0
0 0 19 49 39 0
0 2 19 51 40 1
0 3 19 52 40 1
1 0 19 49 40 0
0 0 19 49 39 1
0 1 19 50 40 1
1 3 19 51 41 1
2 0 19 48 41 0
2 2 19 50 42 0
1 0 19 49 40 1
1 1 19 50 40 1
1 2 19 50 41 1
2 2 19 50 42 1
2 3 19 51 42 1
2 0 19 48 41 1
2 1 19 49 41 1
3 0 19 48 42 0
3 2 19 50 43 1
3 3 19 50 43 1
3 1 19 49 42 1
0 2 19 51 40 1
3 0 19 48 42 1
3 1 19 49 42 1
3 2 19 50 43 1
3 3 19 50 43 1
3 3 16 51 42 0
3 3 16 51 42 0
2 3 16 52 41 0
3 1 16 49 41 0
3 2 16 50 42 0
3 0 16 48 41 1
3 2 15 51 40 0
3 3 16 51 42 0
1 3 15 52 39 0
2 0 15 49 39 0
2 1 15 50 39 0
2 2 15 51 39 0
2 3 15 52 40 0
3 1 15 50 40 0
1 1 15 50 38 0
1 0 15 50 38 0
1 2 15 51 39 0
1 3 15 52 39 0
2 2 15 51 39 0
0 0 15 50 37 0
0 2 15 52 38 0
0 3 15 53 38 0
2 3 15 52 40 0
0 1 15 51 37 0
1 2 15 51 39 0
0 0 14 50 37 0
0 2 14 52 38 0
0 3 14 53 38 0
1 1 14 50 38 0
2 1 14 50 39 0
0 1 14 51 37 0
3 0 14 49 40 1
2 0 13 50 38 1
2 1 13 51 38 1
3 1 13 50 39 1
0 0 13 50 36 1
1 0 13 50 37 1
1 1 13 51 37 1
0 0 13 50 36 1
0 1 13 51 36 1
1 2 13 52 37 1
3 1 13 50 39 0
0 1 13 51 36 1
0 2 13 52 37 1
2 1 12 51 38 0
3 1 12 50 39 0
1 2 12 52 37 0
1 1 12 51 37 0
2 1 12 51 38 0
0 2 12 52 37 0
3 3 11 52 40 1
0 1 11 51 36 0
1 1 11 51 37 0
2 3 11 52 39 1
3 2 11 51 39 1
2 2 11 51 38 1
3 0 11 49 39 0
3 3 11 52 40 1
1 3 11 53 38 1
2 3 11 52 39 1
3 1 11 50 39 1
3 2 11 51 39 1
0 3 10 53 35 1
2 1 10 51 37 1
2 2 10 52 37 1
1 2 10 52 36 1
3 1 10 51 38 1
0 2 10 52 35 1
0 3 10 53 35 1
1 1 10 51 36 1
1 3 10 53 36 1
3 0 10 50 38 1
1 2 10 52 36 1
2 1 10 51 37 1
0 1 9 51 35 1
0 2 9 52 35 1
3 3 12 52 40 0
2 3 12 52 39 0
1 3 12 53 38 0
2 3 12 52 39 0
3 2 12 51 39 0
3 3 12 52 40 0
0 3 12 53 37 0
2 2 12 51 38 0
1 2 12 52 37 0
1 3 12 53 38 0
3 1 12 50 39 0
3 2 12 51 39 0
3 3 12 52 40 0
2 2 12 51 38 0
2 3 12 52 39 0
0 2 12 52 37 0
0 3 12 53 37 0
1 2 12 52 37 0
1 3 12 53 38 0
2 1 12 51 38 0
3 1 12 50 39 0
3 2 12 51 39 0
1 1 12 51 37 0
3 0 12 49 39 0
0 2 12 52 37 0
1 2 12 52 37 0
2 1 12 51 38 0
2 2 12 51 38 0
3 1 12 50 39 0
0 1 12 51 36 0
1 1 12 51 37 0
2 0 12 50 38 0
0 2 12 52 37 0
0 3 12 53 37 0
1 0 12 50 37 0
2 1 12 51 38 0
3 0 12 49 39 0
0 0 12 50 36 0
0 1 12 51 36 0
2 0 12 50 38 0
1 0 13 50 37 0
1 1 13 51 37 0
0 0 13 50 36 0
0 3 18 52 39 1
1 3 18 52 40 1
2 3 19 51 42 1
0 2 19 51 40 1
3 3 19 50 43 1
0 1 19 50 40 1
1 2 19 50 41 1
2 2 19 50 42 1
3 2 19 50 43 1
0 3 19 52 40 1
1 1 19 50 40 1
1 3 19 51 41 1
2 1 19 49 41 1
3 1 20 49 42 1
3 3 20 50 43 1
0 0 20 49 39 1
0 1 20 50 40 1
1 0 20 49 40 1
2 0 20 48 41 1
2 2 20 50 42 1
3 0 20 48 42 1
3 2 20 50 43 1
0 2 20 51 40 1
1 2 20 50 41 1
2 1 21 49 42 1
3 1 20 49 42 1
0 0 21 49 40 1
1 0 21 48 41 1
1 1 21 49 42 1
2 0 22 48 42 1
3 0 21 47 43 1
2 3 25 49 45 1
1 2 37 45 48 0
1 3 37 46 49 0
0 3 19 52 40 0
0 2 19 51 40 0
1 3 19 51 41 0
0 1 19 50 40 0
1 2 19 50 41 0
2 3 19 51 42 0
1 1 19 50 40 0
2 2 19 50 42 0
3 3 19 50 43 0
0 0 19 49 39 0
0 1 19 50 40 0
0 3 19 52 40 1
1 0 19 49 40 0
1 2 19 50 41 1
1 3 19 51 41 1
2 1 19 49 41 0
2 3 19 51 42 1
3 2 19 50 43 0
3 3 20 50 43 1
2 0 20 48 41 0
3 1 20 49 42 0
0 1 20 50 40 1
0 2 20 51 40 1
1 2 20 50 41 1
2 2 20 50 42 1
3 0 20 48 42 0
3 2 20 50 43 1
1 0 20 49 40 0
1 1 20 50 40 1
2 1 20 49 41 1
3 1 20 49 42 1
0 1 20 50 40 1
0 0 20 49 39 1
1 0 20 49 40 1
2 0 20 48 41 1
3 0 20 48 42 1
1 0 17 49 39 0
2 0 17 49 40 0
3 0 17 48 41 0
0 0 17 50 38 0
3 1 17 49 41 0
0 1 17 50 38 0
1 1 17 50 39 0
2 0 17 49 40 1
2 1 17 50 40 0
3 0 17 48 41 1
1 0 17 49 39 1
1 2 17 51 40 0
2 1 16 50 40 1
2 2 17 51 41 0
3 2 17 50 42 0
0 0 16 50 38 1
0 2 16 51 39 0
1 1 16 50 39 1
3 1 16 49 41 1
0 1 16 50 38 1
0 3 16 52 39 0
1 2 16 51 40 1
1 3 16 52 40 0
2 2 16 51 41 1
2 3 16 52 41 0
0 2 16 51 39 1
0 3 16 52 39 1
1 3 16 52 40 1
3 1 38 43 48 0
2 1 38 44 48 0
2 2 38 44 49 0
3 2 38 43 49 0
1 2 38 45 48 0
1 3 37 46 49 0
2 3 38 45 49 0
3 3 38 44 50 0
0 0 29 47 43 0
1 0 29 46 44 0
2 0 29 46 45 0
3 0 29 45 45 0
1 1 29 47 45 0
2 1 29 46 45 0
3 1 29 46 46 0
0 0 29 47 43 0
0 1 29 48 44 0
2 2 29 47 46 0
3 2 29 46 47 0
0 2 29 48 44 0
1 0 29 46 44 0
1 2 29 48 45 0
2 0 28 46 44 1
3 0 29 45 45 1
3 1 28 46 45 1
0 1 28 48 43 0
0 3 28 50 44 0
1 1 28 48 44 0
1 3 28 49 45 0
2 1 28 47 44 1
2 2 28 48 45 1
2 3 28 49 46 0
3 2 28 47 46 1
3 3 28 48 46 0
0 0 28 48 42 1
0 2 28 49 43 0
1 0 28 47 43 1
1 1 28 48 44 1
1 2 28 49 44 1
2 3 28 49 46 1
0 0 28 48 42 1
0 1 28 48 43 1
0 2 28 49 43 1
1 3 28 49 45 1
0 3 28 50 44 1
0 1 27 48 43 1
0 0 17 50 38 0
0 1 17 50 38 0
0 2 17 51 39 0
0 3 17 52 39 0
1 1 17 50 39 0
1 2 17 51 40 0
1 3 17 52 40 0
0 0 16 50 38 0
1 0 17 49 39 1
2 2 16 51 41 1
2 3 16 52 41 0
0 1 16 50 38 0
0 2 16 51 39 0
0 3 16 52 39 0
1 1 16 50 39 0
1 2 16 51 40 0
1 3 16 52 40 0
2 0 16 49 40 0
2 1 16 50 40 0
1 0 16 49 39 0
2 2 16 51 41 0
3 0 16 48 41 0
3 1 16 49 41 0
3 2 16 50 42 0
3 3 16 51 42 0
2 0 16 49 40 0
2 1 16 50 40 0
2 3 16 52 41 0
3 2 16 50 42 0
3 0 16 48 41 0
3 1 16 49 41 0
3 3 16 51 42 0
0 3 15 53 38 1
0 2 15 52 38 1
1 3 15 52 39 1
2 3 15 52 40 1
0 1 15 51 37 1
1 1 15 50 38 1
1 2 15 51 39 1
2 2 15 51 39 1
3 3 15 52 41 1
0 0 14 50 37 1
2 1 14 50 39 1
3 1 14 50 40 1
3 2 14 51 40 1
0 1 14 51 37 1
1 0 14 50 38 1
2 0 14 49 39 1
3 0 14 49 40 1
1 2 14 51 39 1
0 2 14 52 38 1
0 3 13 53 37 1
2 2 13 51 38 1
0 3 11 53 37 0
0 2 11 52 37 0
1 3 11 53 38 0
0 0 11 50 36 0
0 1 11 51 36 0
0 2 11 52 37 0
0 3 11 53 37 0
1 2 11 52 37 0
2 3 11 52 39 0
1 3 11 53 38 0
1 0 11 50 37 0
1 1 11 51 37 0
1 2 11 52 37 0
2 2 11 51 38 0
3 3 11 52 40 0
0 0 11 50 36 0
0 1 11 51 36 0
2 3 11 52 39 0
0 2 11 52 37 0
1 0 11 50 37 0
1 1 11 51 37 0
1 2 11 52 37 0
2 0 11 50 38 0
2 1 11 51 38 0
2 2 11 51 38 0
3 2 11 51 39 0
3 0 11 49 39 0
3 1 11 50 39 0
3 3 11 52 40 0
2 1 11 51 38 0
3 2 11 51 39 0
2 0 11 50 38 0
2 2 11 51 38 0
3 0 11 49 39 0
3 1 11 50 39 0
3 2 11 51 39 0
3 3 11 52 40 0
2 3 11 52 39 0
2 2 12 51 38 0
0 3 12 53 37 1
0 3 12 53 37 0
3 1 11 50 39 1
3 2 11 51 39 1
3 3 11 52 40 1
2 2 11 51 38 1
3 0 11 49 39 1
2 1 11 51 38 1
2 3 11 52 39 1
3 1 11 50 39 1
3 2 11 51 39 1
3 3 11 52 40 1
1 1 11 51 37 1
1 2 11 52 37 1
1 3 11 53 38 1
2 0 11 50 38 1
2 2 11 51 38 1
3 0 11 49 39 1
0 3 11 53 37 1
2 1 11 51 38 1
0 1 10 51 35 1
0 2 10 52 35 1
1 0 10 50 36 1
1 2 10 52 36 1
2 0 10 50 37 1
1 1 10 51 36 1
0 0 10 50 35 1
0 2 10 52 35 1
0 3 10 53 35 1
1 0 10 50 36 1
0 1 10 51 35 1
0 0 10 50 35 1
1 3 10 53 36 1
0 2 7 52 34 0
0 3 7 53 34 0
1 3 7 53 35 0
0 0 7 50 34 0
0 1 7 51 34 0
1 1 7 51 35 0
1 2 7 52 35 0
2 3 7 53 36 0
1 0 7 50 35 0
1 3 8 53 35 0
2 1 7 51 36 0
2 2 7 52 36 0
3 2 8 52 37 0
3 3 7 53 37 0
2 0 8 50 36 0
3 1 8 51 37 0
0 3 8 53 34 1
1 1 8 51 35 0
1 2 8 52 35 0
2 2 8 52 36 0
2 3 8 53 36 0
3 0 8 50 37 0
3 2 8 52 37 0
0 2 8 52 34 1
1 3 8 53 35 1
3 1 8 51 37 0
0 1 8 51 34 1
1 1 8 51 35 1
1 2 8 52 35 1
2 2 8 52 36 1
2 3 8 53 36 1
3 2 8 52 37 1
3 3 8 53 37 1
0 0 9 50 35 1
1 0 9 50 36 1
2 1 9 51 37 1
3 1 9 51 38 1
2 0 9 50 37 1
3 0 9 50 38 1
0 0 10 50 35 0
0 0 10 50 35 0
0 1 10 51 35 0
1 0 10 50 36 0
0 2 11 52 37 0
1 0 11 50 37 0
1 1 11 51 37 0
0 0 11 50 36 1
0 1 11 51 36 1
2 0 11 50 38 0
0 2 11 52 37 1
1 0 11 50 37 1
1 1 11 51 37 1
2 0 11 50 38 1
3 0 5 50 35 0
1 0 5 50 33 0
2 0 5 50 34 0
2 1 5 51 35 0
3 1 5 51 36 0
3 2 5 52 36 0
0 0 5 51 32 0
1 1 5 51 34 0
1 2 5 52 34 0
2 2 5 52 35 0
2 3 5 53 35 0
3 3 5 53 36 0
0 1 5 52 33 0
0 2 5 53 33 0
1 0 5 50 33 0
1 3 5 53 34 0
3 0 5 50 35 0
3 1 5 51 36 0
3 2 5 52 36 0
0 0 5 51 32 0
0 3 5 54 33 0
1 2 5 52 34 0
2 1 5 51 35 0
2 2 5 52 35 0
0 1 5 52 33 0
0 2 5 53 33 0
1 1 5 51 34 0
1 3 5 53 34 0
2 3 5 53 35 0
3 3 5 53 36 0
0 3 6 53 34 0
2 2 6 52 36 0
0 0 9 50 35 1
1 0 9 50 36 1
0 0 10 50 35 1
1 0 10 50 36 1
2 0 10 50 37 1
0 0 10 50 35 1
3 3 11 52 40 1
3 2 11 51 39 1
3 1 11 50 39 1
3 0 11 49 39 1
3 3 11 52 40 1
2 3 11 52 39 1
3 2 11 51 39 1
2 2 11 51 38 1
3 1 11 50 39 1
0 0 11 50 36 0
2 1 11 51 38 1
3 3 11 52 40 1
3 0 12 49 39 1
3 1 12 50 39 1
3 2 12 51 39 1
1 3 12 53 38 1
2 3 12 52 39 1
2 2 12 51 38 1
3 0 12 49 39 1
1 1 12 51 37 1
1 2 12 52 37 1
2 0 12 50 38 1
2 1 12 51 38 1
0 0 12 50 36 0
2 2 12 51 38 1
2 3 12 52 39 1
0 3 12 53 37 1
1 3 12 53 38 1
2 0 12 50 38 1
0 2 12 52 37 1
1 1 12 51 37 1
1 2 12 52 37 1
2 1 12 51 38 1
0 1 12 51 36 1
1 0 12 50 37 1
1 3 12 53 38 1
0 2 12 52 37 1
0 3 12 53 37 1
1 0 12 50 37 1
1 1 12 51 37 1
1 2 12 52 37 1
0 0 12 50 36 1
0 1 12 51 36 1
0 0 12 50 36 1
0 2 12 52 37 1
0 3 12 53 37 1
0 1 12 51 36 1
0 0 15 50 37 1
0 2 16 51 39 0
0 3 16 52 39 0
0 0 16 50 38 0
0 1 16 50 38 0
1 3 16 52 40 0
0 0 16 50 38 0
0 2 16 51 39 0
0 3 16 52 39 0
1 0 16 49 39 0
1 1 16 50 39 0
1 2 16 51 40 0
0 1 16 50 38 0
2 3 16 52 41 0
0 2 17 51 39 0
1 1 17 50 39 0
1 2 16 51 40 0
1 3 16 52 40 0
2 1 17 50 40 0
2 2 17 51 41 0
1 0 17 49 39 0
2 0 17 49 40 0
3 3 17 51 42 0
0 3 17 52 39 1
1 2 17 51 40 0
2 3 17 52 41 0
3 1 17 49 41 0
3 2 17 50 42 0
1 3 17 52 40 1
2 1 17 50 40 0
2 2 17 51 41 0
3 0 17 48 41 0
0 2 17 51 39 1
1 2 17 51 40 1
2 0 17 49 40 0
2 3 17 52 41 1
3 1 17 49 41 0
3 2 17 50 42 0
3 3 17 51 42 1
0 1 17 50 38 1
1 1 17 50 39 1
2 1 17 50 40 1
2 2 17 51 41 1
3 0 17 48 41 0
3 2 17 50 42 1
0 0 17 50 38 1
1 0 17 49 39 1
2 0 17 49 40 1
3 1 17 49 41 1
3 0 18 48 41 1
0 1 18 50 38 1
0 2 18 51 39 1
1 0 24 48 42 1
1 0 20 49 40 0
2 0 20 48 41 0
3 0 20 48 42 0
3 1 20 49 42 0
0 0 20 49 39 0
1 1 19 50 40 0
2 1 19 49 41 0
3 2 19 50 43 0
0 1 19 50 40 0
1 2 19 50 41 0
2 2 19 50 42 0
3 1 19 49 42 0
0 0 19 49 39 0
0 2 19 51 40 0
1 0 19 49 40 0
1 3 19 51 41 0
2 0 19 48 41 0
2 1 19 49 41 0
2 3 19 51 42 0
3 0 19 48 42 0
3 2 19 50 43 0
3 3 19 50 43 0
0 1 18 50 38 0
0 3 18 52 39 0
1 1 18 50 39 0
1 2 18 51 40 0
2 2 19 50 42 0
3 3 18 51 42 0
0 2 18 51 39 0
2 3 18 52 41 0
1 3 18 52 40 0
0 3 17 52 39 0
3 2 15 51 40 0
0 0 13 50 36 1
1 0 13 50 37 1
0 1 13 51 36 1
2 0 13 50 38 1
1 1 13 51 37 1
3 0 13 49 39 1
0 2 13 52 37 1
1 2 13 52 37 1
2 1 13 51 38 1
3 1 13 50 39 1
0 1 12 51 36 1
0 3 12 53 37 1
2 2 12 51 38 1
3 2 12 51 39 1
0 0 12 50 36 1
1 3 12 53 38 1
2 3 12 52 39 1
0 2 12 52 37 1
1 0 12 50 37 1
3 2 12 51 39 1
3 3 12 52 40 1
3 1 12 50 39 1
2 2 12 51 38 1
1 2 12 52 37 1
2 1 11 51 38 1
2 3 13 52 39 0
3 3 13 52 40 0
0 3 13 53 37 0
1 3 13 53 38 0
2 3 13 52 39 0
1 2 13 52 37 0
1 3 13 53 38 0
2 2 13 51 38 0
3 2 13 51 39 0
3 3 13 52 40 0
0 2 13 52 37 0
0 3 13 53 37 0
1 2 13 52 37 0
2 2 13 51 38 0
2 3 13 52 39 0
3 1 13 50 39 0
3 2 13 51 39 0
0 2 13 52 37 0
1 3 13 53 38 0
2 1 13 51 38 0
0 1 13 51 36 0
1 1 13 51 37 0
1 2 12 52 37 0
2 2 12 51 38 0
3 1 12 50 39 0
3 2 13 51 39 0
2 1 12 51 38 0
0 0 12 50 36 0
0 1 12 51 36 0
0 2 12 52 37 0
1 0 12 50 37 0
1 1 12 51 37 0
3 0 12 49 39 0
2 0 12 50 38 0
3 1 12 50 39 0
0 0 12 50 36 0
1 0 12 50 37 0
2 0 12 50 38 0
3 0 12 49 39 0
0 3 11 53 37 1
1 0 11 50 37 0
0 0 11 50 36 0
0 2 11 52 37 1
0 3 11 53 37 1
1 3 11 53 38 1
0 1 11 51 36 1
1 2 11 52 37 1
0 2 11 52 37 1
2 3 11 52 39 1
0 0 11 50 36 1
0 1 11 51 36 1
1 1 11 51 37 1
1 2 11 52 37 1
1 3 11 53 38 1
2 2 11 51 38 1
1 0 10 50 36 1
2 3 10 53 37 1
3 3 11 52 40 1
0 0 10 50 35 1
1 1 10 51 36 1
2 1 10 51 37 1
2 2 10 52 37 1
3 2 10 52 38 1
1 0 10 50 36 1
2 0 10 50 37 1
3 1 10 51 38 1
3 2 10 52 38 1
3 3 10 53 38 1
2 1 10 51 37 1
2 0 10 50 37 1
3 0 10 50 38 1
3 1 10 51 38 1
3 0 10 50 38 1
3 0 11 49 39 0
2 0 12 50 38 0
1 0 12 50 37 0
3 0 12 49 39 1
0 0 12 50 36 0
1 1 12 51 37 0
2 0 12 50 38 1
1 0 12 50 37 1
0 0 12 50 36 1
0 1 12 51 36 0
0 1 12 51 36 1
0 0 37 45 46 0
0 1 37 45 46 0
1 0 36 44 46 0
0 0 36 45 46 1
2 0 36 43 47 0
1 0 36 44 46 1
3 2 39 42 50 0
2 2 39 43 49 0
2 3 39 44 50 0
0 0 34 45 45 0
1 0 34 45 46 0
2 0 34 44 46 0
3 0 34 43 47 0
0 1 34 46 46 0
0 2 33 48 45 0
1 1 34 45 46 0
1 2 33 47 46 0
2 1 34 45 47 0
3 1 34 44 48 0
0 0 33 46 44 0
1 0 33 45 45 0
2 2 33 46 47 0
3 1 33 45 47 0
3 2 33 45 48 0
0 3 33 48 46 0
1 1 33 46 45 0
1 2 33 47 46 0
1 3 33 48 47 0
2 0 33 45 45 0
2 1 33 45 46 0
2 3 33 47 48 0
3 0 33 44 46 0
3 3 33 46 48 0
0 2 33 48 45 0
1 3 33 48 47 0
3 2 33 45 48 0
3 3 33 46 48 0
0 1 33 47 45 0
0 3 33 48 46 0
2 2 33 46 47 0
2 3 33 47 48 0
3 0 33 44 46 0
3 0 32 44 46 1
3 1 32 45 47 1
3 2 32 45 48 1
2 0 31 45 45 1
3 0 31 44 46 1
3 3 31 46 48 1
1 0 31 45 45 1
1 1 31 46 45 1
2 1 31 45 46 1
2 2 31 46 47 1
3 1 31 45 47 1
3 2 31 45 48 1
0 0 31 46 44 1
2 0 31 45 45 1
2 3 31 47 48 1
3 3 31 46 48 1
0 1 31 47 45 1
1 0 31 45 45 1
1 1 31 46 45 1
1 2 31 47 46 1
1 3 31 48 47 1
2 1 31 45 46 1
2 2 31 46 47 1
2 3 31 47 48 1
0 0 31 46 44 1
0 2 31 48 45 1
0 1 31 47 45 1
0 3 30 49 45 1
1 2 30 48 45 1
0 2 30 48 44 1
1 3 30 48 46 1
0 3 30 49 45 1
1 0 23 48 41 0
1 3 22 51 43 0
0 0 16 50 38 0
0 1 16 50 38 0
0 2 16 51 39 0
0 3 16 52 39 0
1 0 16 49 39 0
1 1 16 50 39 0
1 2 16 51 40 0
1 3 16 52 40 0
0 0 16 50 38 0
0 1 16 50 38 0
0 2 16 51 39 0
0 3 16 52 39 0
2 0 16 49 40 0
2 1 16 50 40 0
2 2 16 51 41 0
2 3 16 52 41 0
1 0 16 49 39 0
1 1 16 50 39 0
1 2 16 51 40 0
1 3 16 52 40 0
3 0 16 48 41 0
3 1 16 49 41 0
3 2 16 50 42 0
3 3 16 51 42 0
2 1 16 50 40 0
2 2 16 51 41 0
2 3 16 52 41 0
2 0 16 49 40 0
3 1 16 49 41 0
3 2 16 50 42 0
3 3 16 51 42 0
3 0 16 48 41 0
0 3 15 53 38 1
1 3 15 52 39 1
2 3 15 52 40 1
3 3 15 52 41 1
0 3 15 53 38 1
0 0 15 50 37 1
0 1 15 51 37 1
0 2 15 52 38 1
1 2 15 51 39 1
1 3 15 52 39 1
2 2 15 51 39 1
2 3 15 52 40 1
3 3 15 52 41 1
1 1 15 50 38 1
3 2 15 51 40 1
0 1 15 51 37 1
0 2 15 52 38 1
1 0 15 50 38 1
1 2 15 51 39 1
2 2 15 51 39 1
1 1 15 50 38 1
2 0 15 49 39 1
2 1 15 50 39 1
3 1 15 50 40 1
3 2 15 51 40 1
0 0 15 50 37 1
1 0 15 50 38 1
2 1 15 50 39 1
2 0 15 49 39 1
3 0 15 49 40 1
3 1 15 50 40 1
3 0 15 49 40 1
0 3 21 51 42 0
0 2 21 50 41 0
0 1 21 50 41 0
0 0 21 49 40 0
1 1 21 49 42 0
0 1 21 50 41 1
0 2 22 50 41 1
1 0 22 48 41 0
0 0 22 49 40 1
3 1 24 47 44 0
1 1 24 48 43 0
0 2 23 50 41 0
1 3 8 53 35 0
2 3 8 53 36 0
3 3 8 53 37 0
0 3 8 53 34 0
2 2 8 52 36 0
3 1 9 51 38 0
3 2 8 52 37 0
0 2 9 52 35 0
1 1 9 51 36 0
1 2 9 52 36 0
2 1 9 51 37 0
0 1 9 51 35 0
1 3 9 53 36 0
2 0 9 50 37 0
3 0 9 50 38 0
0 0 9 50 35 0
1 0 9 50 36 0
3 2 9 52 38 1
3 3 9 53 38 1
0 2 9 52 35 0
2 3 9 53 37 1
3 1 9 51 38 1
1 3 10 53 36 1
2 2 10 52 37 1
3 0 9 50 38 1
3 2 9 52 38 1
0 3 10 53 35 1
1 2 10 52 36 1
2 0 10 50 37 1
2 1 10 51 37 1
2 3 10 53 37 1
3 1 10 51 38 1
3 3 10 53 38 1
1 0 10 50 36 1
1 1 10 51 36 1
2 2 10 52 37 1
3 0 10 50 38 1
0 1 10 51 35 1
0 2 10 52 35 1
0 3 10 53 35 1
1 3 10 53 36 1
2 1 10 51 37 1
0 0 11 50 36 1
1 0 11 50 37 1
1 1 10 51 36 1
1 2 10 52 36 1
2 0 10 50 37 1
0 1 11 51 36 1
0 0 11 50 36 1
0 3 11 53 37 0
1 3 11 53 38 0
0 2 12 52 37 0
1 2 12 52 37 0
2 3 12 52 39 0
0 1 12 51 36 0
0 3 12 53 37 0
1 3 12 53 38 0
1 1 13 51 37 0
1 2 13 52 37 0
2 2 12 51 38 0
2 3 13 52 39 0
3 3 13 52 40 0
0 0 13 50 36 0
0 2 13 52 37 0
0 1 14 51 37 0
1 1 13 51 37 0
2 1 14 50 39 0
2 2 13 51 38 0
3 2 13 51 39 0
0 0 14 50 37 0
1 0 14 50 38 0
1 2 14 51 39 1
3 3 14 52 41 0
3 1 14 50 40 0
3 2 14 51 40 0
0 3 14 53 38 1
2 1 14 50 39 0
2 2 14 51 39 0
1 0 15 50 38 0
1 1 15 50 38 0
1 3 15 52 39 1
2 0 15 49 39 0
3 1 15 50 40 0
0 3 15 53 38 1
2 3 15 52 40 1
3 3 15 52 41 1
0 0 15 50 37 0
0 2 16 51 39 1
2 2 15 51 39 1
1 2 16 51 40 1
2 0 16 49 40 0
1 3 16 52 40 1
2 2 16 51 41 1
2 3 16 52 41 1
3 0 16 48 41 0
3 2 16 50 42 1
0 1 16 50 38 1
0 2 16 51 39 1
1 1 16 50 39 1
1 2 16 51 40 1
3 3 16 51 42 1
2 1 17 50 40 1
0 1 17 50 38 1
1 1 17 50 39 1
3 1 17 49 41 1
0 0 17 50 38 1
3 2 17 50 42 1
2 1 18 50 40 1
1 0 18 49 39 1
2 0 18 49 40 1
3 0 19 48 42 1
3 1 19 49 42 1
0 0 19 49 39 1
1 0 19 49 40 1
2 0 19 48 41 1
0 0 20 49 39 1
1 0 20 49 40 1
1 1 21 49 42 1
0 1 21 50 41 1
3 1 24 47 44 0
3 2 24 48 45 0
3 3 24 49 45 0
1 1 24 48 43 0
2 3 24 49 45 0
0 2 15 52 38 0
1 2 15 51 39 0
1 3 15 52 39 0
2 3 15 52 40 0
3 2 15 51 40 0
1 3 9 53 36 0
2 3 9 53 37 0
3 3 9 53 38 0
0 3 9 53 35 0
2 2 9 52 37 0
3 2 9 52 38 0
0 2 9 52 35 0
1 1 9 51 36 0
1 2 9 52 36 0
2 1 9 51 37 0
3 1 9 51 38 0
0 1 9 51 35 0
2 2 9 52 37 0
3 0 9 50 38 0
0 0 9 50 35 0
1 0 9 50 36 0
2 0 9 50 37 0
1 1 9 51 36 0
3 1 9 51 38 0
3 3 9 53 38 1
2 3 9 53 37 1
3 2 9 52 38 1
1 3 9 53 36 1
2 2 9 52 37 1
3 1 9 51 38 1
3 2 9 52 38 1
3 3 9 53 38 1
2 1 9 51 37 1
2 3 9 53 37 1
3 0 9 50 38 1
1 2 9 52 36 1
2 2 9 52 37 1
3 1 9 51 38 1
1 1 9 51 36 1
1 3 9 53 36 1
2 0 9 50 37 1
2 1 9 51 37 1
3 0 9 50 38 1
1 0 9 50 36 1
1 1 9 51 36 1
1 3 9 53 36 0
2 0 9 50 37 1
2 3 9 53 37 0
0 0 9 50 35 1
1 0 9 50 36 1
1 1 9 51 36 0
1 2 9 52 36 0
1 3 9 53 36 0
2 2 9 52 37 0
1 0 9 50 36 0
2 3 9 53 37 0
3 3 9 53 38 0
1 1 9 51 36 0
1 2 9 52 36 0
2 1 9 51 37 0
3 2 9 52 38 0
0 0 9 50 35 0
2 0 9 50 37 0
2 2 9 52 37 0
2 3 9 53 37 0
3 3 9 53 38 0
1 0 9 50 36 0
3 1 9 51 38 0
3 2 9 52 38 0
2 1 9 51 37 0
2 2 9 52 37 0
3 0 10 50 38 0
3 3 9 53 38 0
0 3 10 53 35 1
2 0 10 50 37 0
3 1 10 51 38 0
3 2 10 52 38 0
1 3 10 53 36 1
2 3 10 53 37 1
0 2 10 52 35 1
3 0 10 50 38 0
3 3 10 53 38 1
1 2 10 52 36 1
2 2 10 52 37 1
2 3 10 53 37 1
0 1 10 51 35 1
1 3 9 53 36 1
3 2 10 52 38 1
3 3 10 53 38 1
0 0 10 50 35 1
0 2 9 52 35 1
1 1 9 51 36 1
1 2 9 52 36 1
2 1 10 51 37 1
2 2 9 52 37 1
3 2 10 52 38 1
0 1 10 51 35 1
1 0 10 50 36 1
3 1 10 51 38 1
0 0 10 50 35 1
1 1 10 51 36 1
2 0 10 50 37 1
2 1 10 51 37 1
0 3 10 53 35 1
1 0 10 50 36 1
2 0 10 50 37 1
3 0 10 50 38 1
3 1 10 51 38 1
3 0 11 49 39 1
3 0 24 46 44 0
2 1 24 48 43 0
2 3 24 49 45 0
0 3 24 51 43 0
2 0 21 48 42 0
3 0 21 47 43 0
0 0 21 49 40 0
1 0 21 48 41 0
3 1 21 48 43 0
0 1 21 50 41 0
1 1 21 49 42 0
2 1 21 49 42 0
2 2 21 49 43 0
3 0 21 47 43 0
3 2 21 49 44 0
0 0 21 49 40 0
0 2 21 50 41 0
1 0 21 48 41 0
1 2 21 50 42 0
2 0 21 48 42 0
3 1 21 48 43 0
1 1 21 49 42 0
1 3 21 51 43 0
2 1 21 49 42 0
2 3 21 50 43 0
3 2 21 49 44 0
3 3 21 50 44 0
0 1 21 50 41 0
0 2 21 50 41 0
0 3 21 51 42 0
1 2 21 50 42 0
2 2 21 49 43 0
1 3 20 51 41 0
2 3 20 51 42 0
3 3 20 50 43 0
0 3 20 52 40 0
3 1 20 49 42 0
0 0 18 50 38 1
1 0 18 49 39 1
0 1 18 50 38 1
1 1 18 50 39 1
2 0 18 49 40 1
0 2 18 51 39 1
1 2 18 51 40 1
2 1 18 50 40 1
3 0 18 48 41 1
0 3 18 52 39 1
2 2 18 51 41 1
3 1 18 49 41 1
1 3 17 52 40 1
2 3 17 52 41 1
3 2 17 50 42 1
3 3 17 51 42 1
2 2 17 51 41 1
3 1 17 49 41 1
3 0 9 50 38 0
3 1 9 51 38 0
3 0 8 50 37 1
3 1 7 51 37 1
1 0 22 48 41 0
1 2 22 50 42 0
2 2 22 49 43 0
2 3 22 50 43 0
3 1 23 48 43 0
3 2 23 49 44 0
3 3 23 50 44 0
0 2 22 50 41 0
1 3 22 51 43 0
0 0 22 49 40 0
1 2 22 50 42 0
2 1 23 49 42 0
2 0 23 48 42 0
3 1 25 47 44 0
2 2 24 49 44 0
2 3 24 49 45 0
1 2 24 49 43 0
1 3 24 50 44 0
0 2 24 50 42 0
3 0 21 47 43 0
2 0 21 48 42 0
1 0 21 48 41 0
3 0 21 47 43 0
3 1 21 48 43 0
1 0 21 48 41 0
2 0 21 48 42 0
0 0 21 49 40 0
2 1 21 49 42 0
3 1 21 48 43 0
3 2 21 49 44 0
1 1 21 49 42 0
2 1 22 49 42 0
3 0 22 47 43 0
3 1 22 48 43 0
1 0 22 48 41 1
3 2 22 49 44 0
2 2 22 49 43 0
2 0 22 48 42 1
2 0 23 48 42 1
2 1 23 49 42 1
3 0 23 47 43 1
3 1 23 48 43 1
3 2 23 49 44 1
3 0 23 47 43 1
3 1 23 48 43 1
3 0 23 47 43 1
1 0 4 50 33 1
0 3 18 52 39 0
1 3 18 52 40 0
0 2 19 51 40 0
2 3 19 51 42 0
0 3 19 52 40 0
1 2 19 50 41 0
3 3 19 50 43 0
0 1 19 50 40 0
0 2 19 51 40 0
1 1 19 50 40 0
1 3 19 51 41 0
2 2 19 50 42 0
2 3 19 51 42 0
0 0 20 49 39 0
1 2 20 50 41 0
3 2 19 50 43 0
3 3 20 50 43 0
0 1 20 50 40 0
1 0 20 49 40 0
2 1 20 49 41 0
2 2 20 50 42 0
3 1 20 49 42 0
1 1 20 50 40 0
2 0 20 48 41 0
3 2 20 50 43 0
0 0 20 49 39 0
2 1 20 49 41 0
3 0 20 48 42 0
3 1 20 49 42 0
1 0 20 49 40 0
2 0 21 48 42 0
2 3 21 50 43 1
3 0 21 47 43 0
3 3 21 50 44 1
0 3 21 51 42 1
1 3 21 51 43 1
3 3 22 50 44 1
0 2 22 50 41 1
1 3 22 51 43 1
2 2 22 49 43 1
2 3 22 50 43 1
3 2 22 49 44 1
1 2 22 50 42 1
2 2 22 49 43 1
3 1 22 48 43 1
3 2 22 49 44 1
0 3 23 51 42 0
1 1 23 49 42 1
1 3 23 51 43 0
2 1 23 49 42 1
0 2 23 50 41 0
3 2 23 49 44 1
0 3 23 51 42 0
3 1 23 48 43 1
1 3 23 51 43 0
2 2 24 49 44 0
2 3 24 49 45 0
1 2 24 49 43 0
3 0 24 46 44 1
2 2 24 49 44 0
3 2 24 48 45 0
1 3 24 50 44 0
2 1 24 48 43 0
2 3 24 49 45 0
3 1 24 47 44 1
3 3 24 49 45 0
3 2 24 48 45 0
1 1 25 48 43 0
2 2 25 49 44 0
2 3 25 49 45 0
3 1 25 47 44 0
3 2 25 48 45 0
3 3 25 49 45 0
3 1 25 47 44 0
3 2 25 48 45 0
3 3 25 49 45 0
1 2 26 49 44 0
3 0 26 46 45 0
3 0 25 46 44 1
3 1 24 47 44 1
3 2 24 48 45 1
3 2 24 48 45 1
3 3 24 49 45 1
2 0 24 47 43 1
2 1 24 48 43 1
2 2 24 49 44 1
3 0 24 46 44 1
3 1 24 47 44 1
2 3 24 49 45 1
1 1 24 48 43 1
1 2 24 49 43 1
1 3 24 50 44 1
2 2 24 49 44 1
2 3 24 49 45 1
3 1 23 48 43 1
1 0 23 48 41 1
2 1 23 49 42 1
3 0 23 47 43 1
3 3 23 50 44 1
2 0 23 48 42 1
2 2 23 49 43 1
3 2 23 49 44 1
0 3 23 51 42 1
0 2 23 50 41 1
1 1 23 49 42 1
1 2 23 50 42 1
1 3 23 51 43 1
0 1 22 50 41 1
2 0 22 48 42 1
2 1 22 49 42 1
0 0 22 49 40 1
1 0 22 48 41 1
1 2 22 50 42 1
1 1 22 49 42 1
0 3 22 51 42 1
1 3 22 51 43 1
0 2 22 50 41 1
1 0 22 48 41 1
0 0 21 49 40 1
0 1 21 50 41 1
0 3 21 51 42 1
0 2 21 50 41 1
0 0 21 49 40 1
0 1 21 50 41 1
2 0 17 49 40 0
3 0 17 48 41 0
1 0 17 49 39 0
3 1 17 49 41 0
0 0 17 50 38 0
1 1 17 50 39 0
2 1 17 50 40 0
3 0 17 48 41 0
3 2 17 50 42 0
0 1 16 50 38 0
1 0 16 49 39 0
1 2 16 51 40 0
2 0 16 49 40 0
2 2 16 51 41 0
3 1 16 49 41 0
0 0 16 50 38 0
0 2 16 51 39 0
2 1 16 50 40 0
2 3 16 52 41 0
3 2 16 50 42 0
3 3 16 51 42 0
1 1 16 50 39 0
1 2 16 51 40 0
1 3 16 52 40 0
2 2 16 51 41 0
0 1 16 50 38 0
0 2 15 52 38 0
0 3 16 52 39 0
2 3 15 52 40 0
3 3 16 51 42 0
1 3 15 52 39 0
0 3 15 53 38 0
0 0 15 50 37 1
1 0 14 50 38 1
0 1 14 51 37 1
2 0 14 49 39 1
3 2 14 51 40 0
1 1 14 50 38 1
3 0 14 49 40 1
0 1 14 51 37 1
0 2 14 52 38 1
1 2 14 51 39 1
2 1 14 50 39 1
3 1 14 50 40 1
0 0 14 50 37 1
0 3 14 53 38 1
1 0 14 50 38 1
2 2 14 51 39 1
3 2 13 51 39 1
1 3 13 53 38 1
2 1 13 51 38 1
0 3 13 53 37 1
2 3 13 52 39 1
3 2 13 51 39 1
3 3 13 52 40 1
3 1 13 50 39 1
1 1 12 51 37 1
2 2 12 51 38 1
2 0 12 50 38 1
3 3 12 52 40 1
0 2 12 52 37 1
0 2 12 52 37 0
3 1 9 51 38 0
3 2 9 52 38 0
2 0 9 50 37 0
2 2 9 52 37 0
3 3 9 53 38 0
1 2 16 51 40 0
0 0 19 49 39 0
0 1 19 50 40 0
0 0 19 49 39 0
0 2 19 51 40 0
0 3 19 52 40 0
1 0 19 49 40 0
0 1 19 50 40 0
1 1 19 50 40 0
0 0 19 49 39 0
0 2 19 51 40 0
0 3 19 52 40 0
1 0 19 49 40 0
1 2 19 50 41 0
1 3 19 51 41 0
0 1 18 50 38 0
1 1 18 50 39 0
2 0 19 48 41 0
0 2 18 51 39 0
1 2 18 51 40 0
2 1 18 50 40 0
1 3 18 52 40 0
2 2 18 51 41 0
2 3 18 52 41 1
0 3 18 52 39 0
1 0 18 49 39 0
1 1 18 50 39 0
2 0 18 49 40 0
2 1 18 50 40 0
3 0 18 48 41 0
1 2 18 51 40 0
1 3 18 52 40 0
2 2 18 51 41 0
2 3 18 52 41 0
3 1 18 49 41 0
3 2 18 50 42 0
3 0 18 48 41 0
3 1 18 49 41 0
3 3 18 51 42 0
2 0 18 49 40 0
2 1 18 50 40 0
2 2 18 51 41 0
2 3 18 52 41 0
3 2 18 50 42 0
3 3 17 51 42 0
3 1 17 49 41 0
2 2 17 51 41 0
3 0 17 48 41 0
3 2 17 50 42 0
3 3 17 51 42 0
0 3 17 52 39 1
1 3 16 52 40 1
2 3 16 52 41 1
3 3 16 51 42 1
0 2 16 51 39 1
0 3 16 52 39 1
1 2 16 51 40 1
2 2 16 51 41 1
0 1 16 50 38 1
1 1 16 50 39 1
3 2 16 50 42 1
0 2 16 51 39 1
2 1 16 50 40 1
2 2 16 51 41 1
3 1 16 49 41 1
3 2 16 50 42 1
3 3 16 51 42 1
0 0 16 50 38 1
0 1 16 50 38 1
1 0 16 49 39 1
2 0 16 49 40 1
2 1 16 50 40 1
1 1 16 50 39 1
1 2 16 51 40 1
3 0 16 48 41 1
3 1 16 49 41 1
0 0 15 50 37 1
1 0 15 50 38 1
2 0 15 49 39 1
3 0 14 49 40 1
1 3 12 53 38 1
1 2 18 51 40 0
1 3 18 52 40 0
3 1 19 49 42 0
2 0 15 49 39 0
3 0 15 49 40 0
3 1 15 50 40 0
0 0 15 50 37 0
1 0 15 50 38 0
1 1 15 50 38 0
2 1 15 50 39 0
3 2 15 51 40 0
0 1 15 51 37 0
1 2 15 51 39 0
2 2 15 51 39 0
3 1 15 50 40 0
3 3 15 52 41 0
0 2 15 52 38 0
0 3 14 53 38 0
1 1 14 50 38 0
1 3 15 52 39 0
2 3 15 52 40 0
3 2 14 51 40 0
1 2 14 51 39 0
2 2 14 51 39 0
1 3 14 52 39 0
2 3 14 52 40 0
3 0 14 49 40 0
3 3 14 52 41 0
0 0 14 50 37 0
0 1 14 51 37 0
0 2 14 52 38 0
2 0 14 49 39 0
2 1 14 50 39 0
3 0 13 49 39 1
3 1 13 50 39 1
3 2 13 51 39 1
3 3 13 52 40 1
2 0 13 50 38 1
2 3 13 52 39 1
3 2 13 51 39 1
2 2 13 51 38 1
3 0 13 49 39 1
3 1 13 50 39 1
3 3 13 52 40 1
2 1 13 51 38 1
3 1 13 50 39 1
3 2 13 51 39 1
2 0 13 50 38 1
2 3 13 52 39 1
1 1 13 51 37 1
1 3 13 53 38 1
2 2 13 51 38 1
3 0 13 49 39 1
1 2 13 52 37 1
2 1 13 51 38 1
2 3 13 52 39 1
1 0 13 50 37 1
2 0 13 50 38 1
2 2 13 51 38 1
1 2 13 52 37 1
1 3 13 53 38 1
2 1 13 51 38 1
0 0 13 50 36 1
0 1 13 51 36 1
0 2 13 52 37 1
1 1 13 51 37 1
0 0 13 50 36 1
0 3 13 53 37 1
1 0 13 50 37 1
0 1 13 51 36 1
1 3 13 53 38 1
1 0 13 50 37 1
1 1 13 51 37 1
1 2 13 52 37 1
0 2 13 52 37 1
2 0 13 50 38 1
0 1 13 51 36 1
0 2 14 52 38 1
0 3 14 53 38 1
0 3 14 53 38 1
1 3 14 52 39 1
0 0 26 48 42 0
1 0 26 47 43 0
2 0 26 46 44 0
3 0 26 46 45 0
2 1 25 48 43 0
3 1 26 46 45 0
0 1 25 49 42 0
1 1 25 48 43 0
3 2 25 48 45 0
0 0 25 48 41 0
0 2 25 50 42 0
1 0 25 48 42 0
1 2 25 49 43 0
2 0 25 47 43 0
2 2 25 49 44 0
3 1 25 47 44 0
0 1 25 49 42 0
1 1 25 48 43 0
1 3 25 50 44 0
2 1 25 48 43 0
2 2 25 49 44 0
2 3 25 49 45 0
3 0 25 46 44 0
3 3 25 49 45 0
0 3 24 51 43 0
1 2 24 49 43 0
3 2 24 48 45 0
0 0 24 48 41 0
0 2 24 50 42 0
1 3 24 50 44 0
2 3 24 49 45 0
3 3 24 49 45 0
0 3 24 51 43 0
3 1 23 48 43 0
3 0 23 47 43 0
3 2 23 49 44 0
2 1 22 49 42 0
3 0 22 47 43 0
3 2 22 49 44 0
2 3 22 50 43 0
3 1 22 48 43 0
1 1 21 49 42 0
1 3 21 51 43 0
3 0 21 47 43 0
1 2 20 50 41 0
2 0 20 48 41 0
3 3 19 50 43 0
1 3 18 52 40 0
3 2 17 50 42 0
0 0 17 50 38 1
1 0 17 49 39 1
0 1 17 50 38 1
1 1 16 50 39 1
2 0 17 49 40 1
3 0 16 48 41 1
0 2 16 51 39 1
1 2 16 51 40 1
2 1 16 50 40 1
0 3 16 52 39 1
1 3 16 52 40 1
2 2 16 51 41 1
3 1 16 49 41 1
3 2 16 50 42 1
0 1 16 50 38 1
2 3 16 52 41 1
3 3 16 51 42 1
3 2 15 51 40 1
3 0 20 48 42 0
0 0 20 49 39 0
1 0 20 49 40 0
2 0 20 48 41 0
3 1 20 49 42 0
0 1 20 50 40 0
1 1 20 50 40 0
2 1 20 49 41 0
2 2 20 50 42 0
3 2 20 50 43 0
0 2 20 51 40 0
1 2 20 50 41 0
2 0 20 48 41 1
2 3 20 51 42 0
3 0 20 48 42 1
0 0 20 49 39 0
0 3 20 52 40 0
1 3 20 51 41 0
2 1 20 49 41 1
0 1 20 50 40 0
0 2 20 51 40 0
1 0 20 49 40 1
2 2 20 50 42 1
1 1 19 50 40 1
2 3 19 51 42 1
0 0 19 49 39 1
0 1 19 50 40 1
1 0 19 49 40 1
1 2 19 50 41 1
1 3 19 51 41 1
3 1 19 49 42 1
0 2 19 51 40 1
0 0 19 49 39 1
0 1 19 50 40 1
0 3 19 52 40 1
0 2 19 51 40 1
1 1 19 50 40 1
0 3 18 52 39 1
0 1 18 50 38 1
3 1 16 49 41 0
3 2 17 50 42 0
3 3 17 51 42 0
0 3 25 51 43 0
0 2 25 50 42 0
1 3 25 50 44 0
1 2 26 49 44 0
2 3 26 49 46 0
0 0 27 48 42 0
1 1 27 48 44 0
2 2 27 48 45 0
1 2 28 49 44 1
1 0 28 47 43 0
1 2 30 48 45 0
2 0 21 48 42 0
3 0 21 47 43 0
0 0 20 49 39 0
1 0 20 49 40 0
3 1 20 49 42 0
0 1 20 50 40 0
1 1 20 50 40 0
2 1 20 49 41 0
3 2 20 50 43 0
0 2 20 51 40 0
1 2 20 50 41 0
2 0 20 48 41 0
2 2 20 50 42 0
2 3 20 51 42 0
3 1 20 49 42 0
3 3 20 50 43 0
0 0 20 49 39 1
0 3 20 52 40 0
1 0 20 49 40 1
1 3 20 51 41 0
2 1 20 49 41 0
3 2 20 50 43 0
0 1 19 50 40 1
2 0 19 48 41 1
2 2 19 50 42 1
2 3 19 51 42 0
3 0 19 48 42 0
0 2 19 51 40 1
1 1 19 50 40 1
3 3 19 50 43 0
0 3 19 52 40 1
1 2 19 50 41 1
2 1 19 49 41 1
3 0 19 48 42 1
1 3 19 51 41 1
2 2 19 50 42 1
3 1 19 49 42 1
3 2 18 50 42 1
2 3 18 52 41 1
3 3 18 51 42 1
3 2 18 50 42 1
