0 0 0 1015 511
0 0 1 1015 514
0 0 2 1014 517
0 0 3 1014 520
0 0 4 1014 523
0 0 5 1014 526
0 0 6 1014 529
0 0 7 1014 532
0 0 8 1014 535
0 0 9 1014 538
0 0 10 1014 541
0 0 11 1013 544
0 0 12 1013 547
0 0 13 1013 551
0 0 14 1013 554
0 0 15 1013 557
0 0 16 1012 560
0 0 17 1012 563
0 0 18 1012 566
0 0 19 1011 569
0 0 20 1011 572
0 0 21 1011 575
0 0 22 1010 578
0 0 23 1010 581
0 0 24 1009 584
0 0 25 1009 587
0 0 26 1008 590
0 0 27 1008 593
0 0 28 1007 596
0 0 29 1007 599
0 0 30 1006 603
0 0 31 1006 606
0 0 32 1005 609
0 0 33 1005 612
0 0 34 1004 615
0 0 35 1003 618
0 0 36 1003 621
0 0 37 1002 624
0 0 38 1001 627
0 0 39 1001 630
0 0 40 1000 633
0 0 41 999 636
0 0 42 998 639
0 0 43 998 642
0 0 44 997 645
0 0 45 996 648
0 0 46 995 651
0 0 47 994 653
0 0 48 993 656
0 0 49 992 659
0 0 50 991 662
0 0 51 991 665
0 0 52 990 668
0 0 53 989 671
0 0 54 988 674
0 0 55 987 677
0 0 56 986 680
0 0 57 985 683
0 0 58 984 686
0 0 59 982 689
0 0 60 981 691
0 0 61 980 694
0 0 62 979 697
0 0 63 978 700
0 0 64 977 703
0 0 65 976 706
0 0 66 974 709
0 0 67 973 711
0 0 68 972 714
0 0 69 971 717
0 0 70 969 720
0 0 71 968 723
0 0 72 967 725
0 0 73 966 728
0 0 74 964 731
0 0 75 963 734
0 0 76 962 737
0 0 77 960 739
0 0 78 959 742
0 0 79 957 745
0 0 80 956 748
0 0 81 954 750
0 0 82 953 753
0 0 83 951 756
0 0 84 950 758
0 0 85 948 761
0 0 86 947 764
0 0 87 945 766
0 0 88 944 769
0 0 89 942 772
0 0 90 941 774
0 0 91 939 777
0 0 92 937 780
0 0 93 936 782
0 0 94 934 785
0 0 95 932 787
0 0 96 931 790
0 0 97 929 792
0 0 98 927 795
0 0 99 925 798
0 0 100 924 800
0 0 101 922 803
0 0 102 920 805
0 0 103 918 808
0 0 104 917 810
0 0 105 915 813
0 0 106 913 815
0 0 107 911 818
0 0 108 909 820
0 0 109 907 822
0 0 110 905 825
0 0 111 903 827
0 0 112 901 830
0 0 113 899 832
0 0 114 897 834
0 0 115 895 837
0 0 116 893 839
0 0 117 891 841
0 0 118 889 844
0 0 119 887 846
0 0 120 885 848
0 0 121 883 851
0 0 122 881 853
0 0 123 879 855
0 0 124 877 857
0 0 125 875 860
0 0 126 873 862
0 0 127 871 864
0 0 128 868 866
0 0 129 866 868
0 0 130 864 871
0 0 131 862 873
0 0 132 860 875
0 0 133 857 877
0 0 134 855 879
0 0 135 853 881
0 0 136 851 883
0 0 137 848 885
0 0 138 846 887
0 0 139 844 889
0 0 140 841 892
0 0 141 839 894
0 0 142 837 896
0 0 143 834 898
0 0 144 832 899
0 0 145 830 901
0 0 146 827 903
0 0 147 825 905
0 0 148 822 907
0 0 149 820 909
0 0 150 817 911
0 0 151 815 913
0 0 152 813 915
0 0 153 810 917
0 0 154 808 918
0 0 155 805 920
0 0 156 803 922
0 0 157 800 924
0 0 158 798 926
0 0 159 795 927
0 0 160 792 929
0 0 161 790 931
0 0 162 787 932
0 0 163 785 934
0 0 164 782 936
0 0 165 779 937
0 0 166 777 939
0 0 167 774 941
0 0 168 772 942
0 0 169 769 944
0 0 170 766 945
0 0 171 764 947
0 0 172 761 948
0 0 173 758 950
0 0 174 756 952
0 0 175 753 953
0 0 176 750 954
0 0 177 747 956
0 0 178 745 957
0 0 179 742 959
0 0 180 739 960
0 0 181 737 962
0 0 182 734 963
0 0 183 731 964
0 0 184 728 966
0 0 185 725 967
0 0 186 723 968
0 0 187 720 970
0 0 188 717 971
0 0 189 714 972
0 0 190 711 973
0 0 191 709 974
0 0 192 706 976
0 0 193 703 977
0 0 194 700 978
0 0 195 697 979
0 0 196 694 980
0 0 197 691 981
0 0 198 688 982
0 0 199 686 984
0 0 200 683 985
0 0 201 680 986
0 0 202 677 987
0 0 203 674 988
0 0 204 671 989
0 0 205 668 990
0 0 206 665 991
0 0 207 662 992
0 0 208 659 992
0 0 209 656 993
0 0 210 653 994
0 0 211 650 995
0 0 212 647 996
0 0 213 645 997
0 0 214 642 998
0 0 215 639 998
0 0 216 636 999
0 0 217 633 1000
0 0 218 630 1001
0 0 219 627 1001
0 0 220 624 1002
0 0 221 621 1003
0 0 222 618 1003
0 0 223 615 1004
0 0 224 611 1005
0 0 225 608 1005
0 0 226 605 1006
0 0 227 602 1006
0 0 228 599 1007
0 0 229 596 1007
0 0 230 593 1008
0 0 231 590 1008
0 0 232 587 1009
0 0 233 584 1009
0 0 234 581 1010
0 0 235 578 1010
0 0 236 575 1011
0 0 237 572 1011
0 0 238 569 1011
0 0 239 566 1012
0 0 240 563 1012
0 0 241 560 1012
0 0 242 557 1013
0 0 243 554 1013
0 0 244 550 1013
0 0 245 547 1013
0 0 246 544 1013
0 0 247 541 1014
0 0 248 538 1014
0 0 249 535 1014
0 0 250 532 1014
0 0 251 529 1014
0 0 252 526 1014
0 0 253 523 1014
0 0 254 520 1014
0 0 255 517 1014
0 0 256 514 1015
0 0 257 510 1015
0 0 258 507 1014
0 0 259 504 1014
0 0 260 501 1014
0 0 261 498 1014
0 0 262 495 1014
0 0 263 492 1014
0 0 264 489 1014
0 0 265 486 1014
0 0 266 483 1014
0 0 267 480 1013
0 0 268 477 1013
0 0 269 473 1013
0 0 270 470 1013
0 0 271 467 1013
0 0 272 464 1012
0 0 273 461 1012
0 0 274 458 1012
0 0 275 455 1011
0 0 276 452 1011
0 0 277 449 1011
0 0 278 446 1010
0 0 279 443 1010
0 0 280 440 1009
0 0 281 437 1009
0 0 282 434 1008
0 0 283 431 1008
0 0 284 428 1007
0 0 285 425 1007
0 0 286 421 1006
0 0 287 418 1006
0 0 288 415 1005
0 0 289 412 1005
0 0 290 409 1004
0 0 291 406 1003
0 0 292 403 1003
0 0 293 400 1002
0 0 294 397 1001
0 0 295 394 1001
0 0 296 391 1000
0 0 297 388 999
0 0 298 385 998
0 0 299 382 998
0 0 300 379 997
0 0 301 376 996
0 0 302 373 995
0 0 303 371 994
0 0 304 368 993
0 0 305 365 992
0 0 306 362 991
0 0 307 359 991
0 0 308 356 990
0 0 309 353 989
0 0 310 350 988
0 0 311 347 987
0 0 312 344 986
0 0 313 341 985
0 0 314 338 984
0 0 315 335 982
0 0 316 333 981
0 0 317 330 980
0 0 318 327 979
0 0 319 324 978
0 0 320 321 977
0 0 321 318 976
0 0 322 315 974
0 0 323 313 973
0 0 324 310 972
0 0 325 307 971
0 0 326 304 969
0 0 327 301 968
0 0 328 299 967
0 0 329 296 966
0 0 330 293 964
0 0 331 290 963
0 0 332 287 962
0 0 333 285 960
0 0 334 282 959
0 0 335 279 957
0 0 336 276 956
0 0 337 274 954
0 0 338 271 953
0 0 339 268 951
0 0 340 266 950
0 0 341 263 948
0 0 342 260 947
0 0 343 258 945
0 0 344 255 944
0 0 345 252 942
0 0 346 250 941
0 0 347 247 939
0 0 348 244 937
0 0 349 242 936
0 0 350 239 934
0 0 351 237 932
0 0 352 234 931
0 0 353 232 929
0 0 354 229 927
0 0 355 226 925
0 0 356 224 924
0 0 357 221 922
0 0 358 219 920
0 0 359 216 918
0 0 360 214 917
0 0 361 211 915
0 0 362 209 913
0 0 363 206 911
0 0 364 204 909
0 0 365 202 907
0 0 366 199 905
0 0 367 197 903
0 0 368 194 901
0 0 369 192 899
0 0 370 190 897
0 0 371 187 895
0 0 372 185 893
0 0 373 183 891
0 0 374 180 889
0 0 375 178 887
0 0 376 176 885
0 0 377 173 883
0 0 378 171 881
0 0 379 169 879
0 0 380 167 877
0 0 381 164 875
0 0 382 162 873
0 0 383 160 871
0 0 384 158 868
0 0 385 156 866
0 0 386 153 864
0 0 387 151 862
0 0 388 149 860
0 0 389 147 857
0 0 390 145 855
0 0 391 143 853
0 0 392 141 851
0 0 393 139 848
0 0 394 137 846
0 0 395 135 844
0 0 396 132 841
0 0 397 130 839
0 0 398 128 837
0 0 399 126 834
0 0 400 125 832
0 0 401 123 830
0 0 402 121 827
0 0 403 119 825
0 0 404 117 822
0 0 405 115 820
0 0 406 113 817
0 0 407 111 815
0 0 408 109 813
0 0 409 107 810
0 0 410 106 808
0 0 411 104 805
0 0 412 102 803
0 0 413 100 800
0 0 414 98 798
0 0 415 97 795
0 0 416 95 792
0 0 417 93 790
0 0 418 92 787
0 0 419 90 785
0 0 420 88 782
0 0 421 87 779
0 0 422 85 777
0 0 423 83 774
0 0 424 82 772
0 0 425 80 769
0 0 426 79 766
0 0 427 77 764
0 0 428 76 761
0 0 429 74 758
0 0 430 72 756
0 0 431 71 753
0 0 432 70 750
0 0 433 68 747
0 0 434 67 745
0 0 435 65 742
0 0 436 64 739
0 0 437 62 737
0 0 438 61 734
0 0 439 60 731
0 0 440 58 728
0 0 441 57 725
0 0 442 56 723
0 0 443 54 720
0 0 444 53 717
0 0 445 52 714
0 0 446 51 711
0 0 447 50 709
0 0 448 48 706
0 0 449 47 703
0 0 450 46 700
0 0 451 45 697
0 0 452 44 694
0 0 453 43 691
0 0 454 42 688
0 0 455 40 686
0 0 456 39 683
0 0 457 38 680
0 0 458 37 677
0 0 459 36 674
0 0 460 35 671
0 0 461 34 668
0 0 462 33 665
0 0 463 32 662
0 0 464 32 659
0 0 465 31 656
0 0 466 30 653
0 0 467 29 650
0 0 468 28 647
0 0 469 27 645
0 0 470 26 642
0 0 471 26 639
0 0 472 25 636
0 0 473 24 633
0 0 474 23 630
0 0 475 23 627
0 0 476 22 624
0 0 477 21 621
0 0 478 21 618
0 0 479 20 615
0 0 480 19 611
0 0 481 19 608
0 0 482 18 605
0 0 483 18 602
0 0 484 17 599
0 0 485 17 596
0 0 486 16 593
0 0 487 16 590
0 0 488 15 587
0 0 489 15 584
0 0 490 14 581
0 0 491 14 578
0 0 492 13 575
0 0 493 13 572
0 0 494 13 569
0 0 495 12 566
0 0 496 12 563
0 0 497 12 560
0 0 498 11 557
0 0 499 11 554
0 0 500 11 550
0 0 501 11 547
0 0 502 11 544
0 0 503 10 541
0 0 504 10 538
0 0 505 10 535
0 0 506 10 532
0 0 507 10 529
0 0 508 10 526
0 0 509 10 523
0 0 510 10 520
0 0 511 10 517
0 0 512 10 514
0 0 513 9 510
0 0 514 10 507
0 0 515 10 504
0 0 516 10 501
0 0 517 10 498
0 0 518 10 495
0 0 519 10 492
0 0 520 10 489
0 0 521 10 486
0 0 522 10 483
0 0 523 11 480
0 0 524 11 477
0 0 525 11 473
0 0 526 11 470
0 0 527 11 467
0 0 528 12 464
0 0 529 12 461
0 0 530 12 458
0 0 531 13 455
0 0 532 13 452
0 0 533 13 449
0 0 534 14 446
0 0 535 14 443
0 0 536 15 440
0 0 537 15 437
0 0 538 16 434
0 0 539 16 431
0 0 540 17 428
0 0 541 17 425
0 0 542 18 421
0 0 543 18 418
0 0 544 19 415
0 0 545 19 412
0 0 546 20 409
0 0 547 21 406
0 0 548 21 403
0 0 549 22 400
0 0 550 23 397
0 0 551 23 394
0 0 552 24 391
0 0 553 25 388
0 0 554 26 385
0 0 555 26 382
0 0 556 27 379
0 0 557 28 376
0 0 558 29 373
0 0 559 30 371
0 0 560 31 368
0 0 561 32 365
0 0 562 33 362
0 0 563 33 359
0 0 564 34 356
0 0 565 35 353
0 0 566 36 350
0 0 567 37 347
0 0 568 38 344
0 0 569 39 341
0 0 570 40 338
0 0 571 42 335
0 0 572 43 333
0 0 573 44 330
0 0 574 45 327
0 0 575 46 324
0 0 576 47 321
0 0 577 48 318
0 0 578 50 315
0 0 579 51 313
0 0 580 52 310
0 0 581 53 307
0 0 582 55 304
0 0 583 56 301
0 0 584 57 299
0 0 585 58 296
0 0 586 60 293
0 0 587 61 290
0 0 588 62 287
0 0 589 64 285
0 0 590 65 282
0 0 591 67 279
0 0 592 68 276
0 0 593 70 274
0 0 594 71 271
0 0 595 73 268
0 0 596 74 266
0 0 597 76 263
0 0 598 77 260
0 0 599 79 258
0 0 600 80 255
0 0 601 82 252
0 0 602 83 250
0 0 603 85 247
0 0 604 87 244
0 0 605 88 242
0 0 606 90 239
0 0 607 92 237
0 0 608 93 234
0 0 609 95 232
0 0 610 97 229
0 0 611 99 226
0 0 612 100 224
0 0 613 102 221
0 0 614 104 219
0 0 615 106 216
0 0 616 107 214
0 0 617 109 211
0 0 618 111 209
0 0 619 113 206
0 0 620 115 204
0 0 621 117 202
0 0 622 119 199
0 0 623 121 197
0 0 624 123 194
0 0 625 125 192
0 0 626 127 190
0 0 627 129 187
0 0 628 131 185
0 0 629 133 183
0 0 630 135 180
0 0 631 137 178
0 0 632 139 176
0 0 633 141 173
0 0 634 143 171
0 0 635 145 169
0 0 636 147 167
0 0 637 149 164
0 0 638 151 162
0 0 639 153 160
0 0 640 156 158
0 0 641 158 156
0 0 642 160 153
0 0 643 162 151
0 0 644 164 149
0 0 645 167 147
0 0 646 169 145
0 0 647 171 143
0 0 648 173 141
0 0 649 176 139
0 0 650 178 137
0 0 651 180 135
0 0 652 183 132
0 0 653 185 130
0 0 654 187 128
0 0 655 190 126
0 0 656 192 125
0 0 657 194 123
0 0 658 197 121
0 0 659 199 119
0 0 660 202 117
0 0 661 204 115
0 0 662 207 113
0 0 663 209 111
0 0 664 211 109
0 0 665 214 107
0 0 666 216 106
0 0 667 219 104
0 0 668 221 102
0 0 669 224 100
0 0 670 226 98
0 0 671 229 97
0 0 672 232 95
0 0 673 234 93
0 0 674 237 92
0 0 675 239 90
0 0 676 242 88
0 0 677 245 87
0 0 678 247 85
0 0 679 250 83
0 0 680 252 82
0 0 681 255 80
0 0 682 258 79
0 0 683 260 77
0 0 684 263 76
0 0 685 266 74
0 0 686 268 72
0 0 687 271 71
0 0 688 274 70
0 0 689 277 68
0 0 690 279 67
0 0 691 282 65
0 0 692 285 64
0 0 693 287 62
0 0 694 290 61
0 0 695 293 60
0 0 696 296 58
0 0 697 299 57
0 0 698 301 56
0 0 699 304 54
0 0 700 307 53
0 0 701 310 52
0 0 702 313 51
0 0 703 315 50
0 0 704 318 48
0 0 705 321 47
0 0 706 324 46
0 0 707 327 45
0 0 708 330 44
0 0 709 333 43
0 0 710 336 42
0 0 711 338 40
0 0 712 341 39
0 0 713 344 38
0 0 714 347 37
0 0 715 350 36
0 0 716 353 35
0 0 717 356 34
0 0 718 359 33
0 0 719 362 32
0 0 720 365 32
0 0 721 368 31
0 0 722 371 30
0 0 723 374 29
0 0 724 377 28
0 0 725 379 27
0 0 726 382 26
0 0 727 385 26
0 0 728 388 25
0 0 729 391 24
0 0 730 394 23
0 0 731 397 23
0 0 732 400 22
0 0 733 403 21
0 0 734 406 21
0 0 735 409 20
0 0 736 413 19
0 0 737 416 19
0 0 738 419 18
0 0 739 422 18
0 0 740 425 17
0 0 741 428 17
0 0 742 431 16
0 0 743 434 16
0 0 744 437 15
0 0 745 440 15
0 0 746 443 14
0 0 747 446 14
0 0 748 449 13
0 0 749 452 13
0 0 750 455 13
0 0 751 458 12
0 0 752 461 12
0 0 753 464 12
0 0 754 467 11
0 0 755 470 11
0 0 756 474 11
0 0 757 477 11
0 0 758 480 11
0 0 759 483 10
0 0 760 486 10
0 0 761 489 10
0 0 762 492 10
0 0 763 495 10
0 0 764 498 10
0 0 765 501 10
0 0 766 504 10
0 0 767 507 10
0 0 768 511 10
0 0 769 514 9
0 0 770 517 10
0 0 771 520 10
0 0 772 523 10
0 0 773 526 10
0 0 774 529 10
0 0 775 532 10
0 0 776 535 10
0 0 777 538 10
0 0 778 541 10
0 0 779 544 11
0 0 780 547 11
0 0 781 551 11
0 0 782 554 11
0 0 783 557 11
0 0 784 560 12
0 0 785 563 12
0 0 786 566 12
0 0 787 569 13
0 0 788 572 13
0 0 789 575 13
0 0 790 578 14
0 0 791 581 14
0 0 792 584 15
0 0 793 587 15
0 0 794 590 16
0 0 795 593 16
0 0 796 596 17
0 0 797 599 17
0 0 798 603 18
0 0 799 606 18
0 0 800 609 19
0 0 801 612 19
0 0 802 615 20
0 0 803 618 21
0 0 804 621 21
0 0 805 624 22
0 0 806 627 23
0 0 807 630 23
0 0 808 633 24
0 0 809 636 25
0 0 810 639 26
0 0 811 642 26
0 0 812 645 27
0 0 813 648 28
0 0 814 651 29
0 0 815 653 30
0 0 816 656 31
0 0 817 659 32
0 0 818 662 33
0 0 819 665 33
0 0 820 668 34
0 0 821 671 35
0 0 822 674 36
0 0 823 677 37
0 0 824 680 38
0 0 825 683 39
0 0 826 686 40
0 0 827 689 42
0 0 828 691 43
0 0 829 694 44
0 0 830 697 45
0 0 831 700 46
0 0 832 703 47
0 0 833 706 48
0 0 834 709 50
0 0 835 711 51
0 0 836 714 52
0 0 837 717 53
0 0 838 720 55
0 0 839 723 56
0 0 840 725 57
0 0 841 728 58
0 0 842 731 60
0 0 843 734 61
0 0 844 737 62
0 0 845 739 64
0 0 846 742 65
0 0 847 745 67
0 0 848 748 68
0 0 849 750 70
0 0 850 753 71
0 0 851 756 73
0 0 852 758 74
0 0 853 761 76
0 0 854 764 77
0 0 855 766 79
0 0 856 769 80
0 0 857 772 82
0 0 858 774 83
0 0 859 777 85
0 0 860 780 87
0 0 861 782 88
0 0 862 785 90
0 0 863 787 92
0 0 864 790 93
0 0 865 792 95
0 0 866 795 97
0 0 867 798 99
0 0 868 800 100
0 0 869 803 102
0 0 870 805 104
0 0 871 808 106
0 0 872 810 107
0 0 873 813 109
0 0 874 815 111
0 0 875 818 113
0 0 876 820 115
0 0 877 822 117
0 0 878 825 119
0 0 879 827 121
0 0 880 830 123
0 0 881 832 125
0 0 882 834 127
0 0 883 837 129
0 0 884 839 131
0 0 885 841 133
0 0 886 844 135
0 0 887 846 137
0 0 888 848 139
0 0 889 851 141
0 0 890 853 143
0 0 891 855 145
0 0 892 857 147
0 0 893 860 149
0 0 894 862 151
0 0 895 864 153
0 0 896 866 156
0 0 897 868 158
0 0 898 871 160
0 0 899 873 162
0 0 900 875 164
0 0 901 877 167
0 0 902 879 169
0 0 903 881 171
0 0 904 883 173
0 0 905 885 176
0 0 906 887 178
0 0 907 889 180
0 0 908 892 183
0 0 909 894 185
0 0 910 896 187
0 0 911 898 190
0 0 912 899 192
0 0 913 901 194
0 0 914 903 197
0 0 915 905 199
0 0 916 907 202
0 0 917 909 204
0 0 918 911 207
0 0 919 913 209
0 0 920 915 211
0 0 921 917 214
0 0 922 918 216
0 0 923 920 219
0 0 924 922 221
0 0 925 924 224
0 0 926 926 226
0 0 927 927 229
0 0 928 929 232
0 0 929 931 234
0 0 930 932 237
0 0 931 934 239
0 0 932 936 242
0 0 933 937 245
0 0 934 939 247
0 0 935 941 250
0 0 936 942 252
0 0 937 944 255
0 0 938 945 258
0 0 939 947 260
0 0 940 948 263
0 0 941 950 266
0 0 942 952 268
0 0 943 953 271
0 0 944 954 274
0 0 945 956 277
0 0 946 957 279
0 0 947 959 282
0 0 948 960 285
0 0 949 962 287
0 0 950 963 290
0 0 951 964 293
0 0 952 966 296
0 0 953 967 299
0 0 954 968 301
0 0 955 970 304
0 0 956 971 307
0 0 957 972 310
0 0 958 973 313
0 0 959 974 315
0 0 960 976 318
0 0 961 977 321
0 0 962 978 324
0 0 963 979 327
0 0 964 980 330
0 0 965 981 333
0 0 966 982 336
0 0 967 984 338
0 0 968 985 341
0 0 969 986 344
0 0 970 987 347
0 0 971 988 350
0 0 972 989 353
0 0 973 990 356
0 0 974 991 359
0 0 975 992 362
0 0 976 992 365
0 0 977 993 368
0 0 978 994 371
0 0 979 995 374
0 0 980 996 377
0 0 981 997 379
0 0 982 998 382
0 0 983 998 385
0 0 984 999 388
0 0 985 1000 391
0 0 986 1001 394
0 0 987 1001 397
0 0 988 1002 400
0 0 989 1003 403
0 0 990 1003 406
0 0 991 1004 409
0 0 992 1005 413
0 0 993 1005 416
0 0 994 1006 419
0 0 995 1006 422
0 0 996 1007 425
0 0 997 1007 428
0 0 998 1008 431
0 0 999 1008 434
0 0 1000 1009 437
0 0 1001 1009 440
0 0 1002 1010 443
0 0 1003 1010 446
0 0 1004 1011 449
0 0 1005 1011 452
0 0 1006 1011 455
0 0 1007 1012 458
0 0 1008 1012 461
0 0 1009 1012 464
0 0 1010 1013 467
0 0 1011 1013 470
0 0 1012 1013 474
0 0 1013 1013 477
0 0 1014 1013 480
0 0 1015 1014 483
0 0 1016 1014 486
0 0 1017 1014 489
0 0 1018 1014 492
0 0 1019 1014 495
0 0 1020 1014 498
0 0 1021 1014 501
0 0 1022 1014 504
0 0 1023 1014 507
0 1 0 1016 511
0 1 1 1016 514
0 1 2 1015 517
0 1 3 1015 520
0 1 4 1015 523
0 1 5 1015 526
0 1 6 1015 529
0 1 7 1015 532
0 1 8 1015 535
0 1 9 1015 538
0 1 10 1015 541
0 1 11 1014 544
0 1 12 1014 548
0 1 13 1014 551
0 1 14 1014 554
0 1 15 1014 557
0 1 16 1013 560
0 1 17 1013 563
0 1 18 1013 566
0 1 19 1012 569
0 1 20 1012 572
0 1 21 1012 575
0 1 22 1011 578
0 1 23 1011 581
0 1 24 1010 584
0 1 25 1010 587
0 1 26 1009 591
0 1 27 1009 594
0 1 28 1008 597
0 1 29 1008 600
0 1 30 1007 603
0 1 31 1007 606
0 1 32 1006 609
0 1 33 1006 612
0 1 34 1005 615
0 1 35 1004 618
0 1 36 1004 621
0 1 37 1003 624
0 1 38 1002 627
0 1 39 1002 630
0 1 40 1001 633
0 1 41 1000 636
0 1 42 999 639
0 1 43 998 642
0 1 44 998 645
0 1 45 997 648
0 1 46 996 651
0 1 47 995 654
0 1 48 994 657
0 1 49 993 660
0 1 50 992 663
0 1 51 991 666
0 1 52 991 669
0 1 53 990 671
0 1 54 989 674
0 1 55 988 677
0 1 56 987 680
0 1 57 986 683
0 1 58 984 686
0 1 59 983 689
0 1 60 982 692
0 1 61 981 695
0 1 62 980 698
0 1 63 979 700
0 1 64 978 703
0 1 65 977 706
0 1 66 975 709
0 1 67 974 712
0 1 68 973 715
0 1 69 972 717
0 1 70 970 720
0 1 71 969 723
0 1 72 968 726
0 1 73 966 729
0 1 74 965 731
0 1 75 964 734
0 1 76 962 737
0 1 77 961 740
0 1 78 960 743
0 1 79 958 745
0 1 80 957 748
0 1 81 955 751
0 1 82 954 753
0 1 83 952 756
0 1 84 951 759
0 1 85 949 762
0 1 86 948 764
0 1 87 946 767
0 1 88 945 770
0 1 89 943 772
0 1 90 941 775
0 1 91 940 777
0 1 92 938 780
0 1 93 937 783
0 1 94 935 785
0 1 95 933 788
0 1 96 931 790
0 1 97 930 793
0 1 98 928 796
0 1 99 926 798
0 1 100 925 801
0 1 101 923 803
0 1 102 921 806
0 1 103 919 808
0 1 104 917 811
0 1 105 915 813
0 1 106 914 816
0 1 107 912 818
0 1 108 910 821
0 1 109 908 823
0 1 110 906 825
0 1 111 904 828
0 1 112 902 830
0 1 113 900 833
0 1 114 898 835
0 1 115 896 837
0 1 116 894 840
0 1 117 892 842
0 1 118 890 844
0 1 119 888 847
0 1 120 886 849
0 1 121 884 851
0 1 122 882 854
0 1 123 880 856
0 1 124 878 858
0 1 125 876 860
0 1 126 873 863
0 1 127 871 865
0 1 128 869 867
0 1 129 867 869
0 1 130 865 871
0 1 131 862 873
0 1 132 860 876
0 1 133 858 878
0 1 134 856 880
0 1 135 854 882
0 1 136 851 884
0 1 137 849 886
0 1 138 847 888
0 1 139 844 890
0 1 140 842 892
0 1 141 840 894
0 1 142 837 896
0 1 143 835 898
0 1 144 833 900
0 1 145 830 902
0 1 146 828 904
0 1 147 825 906
0 1 148 823 908
0 1 149 821 910
0 1 150 818 912
0 1 151 816 914
0 1 152 813 916
0 1 153 811 917
0 1 154 808 919
0 1 155 806 921
0 1 156 803 923
0 1 157 801 925
0 1 158 798 926
0 1 159 796 928
0 1 160 793 930
0 1 161 790 932
0 1 162 788 933
0 1 163 785 935
0 1 164 783 937
0 1 165 780 938
0 1 166 777 940
0 1 167 775 941
0 1 168 772 943
0 1 169 769 945
0 1 170 767 946
0 1 171 764 948
0 1 172 761 949
0 1 173 759 951
0 1 174 756 952
0 1 175 753 954
0 1 176 751 955
0 1 177 748 957
0 1 178 745 958
0 1 179 742 960
0 1 180 740 961
0 1 181 737 962
0 1 182 734 964
0 1 183 731 965
0 1 184 729 967
0 1 185 726 968
0 1 186 723 969
0 1 187 720 970
0 1 188 717 972
0 1 189 715 973
0 1 190 712 974
0 1 191 709 975
0 1 192 706 977
0 1 193 703 978
0 1 194 700 979
0 1 195 697 980
0 1 196 695 981
0 1 197 692 982
0 1 198 689 983
0 1 199 686 985
0 1 200 683 986
0 1 201 680 987
0 1 202 677 988
0 1 203 674 989
0 1 204 671 990
0 1 205 668 991
0 1 206 665 992
0 1 207 663 992
0 1 208 660 993
0 1 209 657 994
0 1 210 654 995
0 1 211 651 996
0 1 212 648 997
0 1 213 645 998
0 1 214 642 998
0 1 215 639 999
0 1 216 636 1000
0 1 217 633 1001
0 1 218 630 1002
0 1 219 627 1002
0 1 220 624 1003
0 1 221 621 1004
0 1 222 618 1004
0 1 223 615 1005
0 1 224 612 1006
0 1 225 609 1006
0 1 226 606 1007
0 1 227 603 1007
0 1 228 600 1008
0 1 229 597 1008
0 1 230 593 1009
0 1 231 590 1009
0 1 232 587 1010
0 1 233 584 1010
0 1 234 581 1011
0 1 235 578 1011
0 1 236 575 1012
0 1 237 572 1012
0 1 238 569 1012
0 1 239 566 1013
0 1 240 563 1013
0 1 241 560 1013
0 1 242 557 1014
0 1 243 554 1014
0 1 244 551 1014
0 1 245 547 1014
0 1 246 544 1014
0 1 247 541 1015
0 1 248 538 1015
0 1 249 535 1015
0 1 250 532 1015
0 1 251 529 1015
0 1 252 526 1015
0 1 253 523 1015
0 1 254 520 1015
0 1 255 517 1015
0 1 256 514 1016
0 1 257 510 1016
0 1 258 507 1015
0 1 259 504 1015
0 1 260 501 1015
0 1 261 498 1015
0 1 262 495 1015
0 1 263 492 1015
0 1 264 489 1015
0 1 265 486 1015
0 1 266 483 1015
0 1 267 480 1014
0 1 268 476 1014
0 1 269 473 1014
0 1 270 470 1014
0 1 271 467 1014
0 1 272 464 1013
0 1 273 461 1013
0 1 274 458 1013
0 1 275 455 1012
0 1 276 452 1012
0 1 277 449 1012
0 1 278 446 1011
0 1 279 443 1011
0 1 280 440 1010
0 1 281 437 1010
0 1 282 433 1009
0 1 283 430 1009
0 1 284 427 1008
0 1 285 424 1008
0 1 286 421 1007
0 1 287 418 1007
0 1 288 415 1006
0 1 289 412 1006
0 1 290 409 1005
0 1 291 406 1004
0 1 292 403 1004
0 1 293 400 1003
0 1 294 397 1002
0 1 295 394 1002
0 1 296 391 1001
0 1 297 388 1000
0 1 298 385 999
0 1 299 382 998
0 1 300 379 998
0 1 301 376 997
0 1 302 373 996
0 1 303 370 995
0 1 304 367 994
0 1 305 364 993
0 1 306 361 992
0 1 307 358 991
0 1 308 355 991
0 1 309 353 990
0 1 310 350 989
0 1 311 347 988
0 1 312 344 987
0 1 313 341 986
0 1 314 338 984
0 1 315 335 983
0 1 316 332 982
0 1 317 329 981
0 1 318 326 980
0 1 319 324 979
0 1 320 321 978
0 1 321 318 977
0 1 322 315 975
0 1 323 312 974
0 1 324 309 973
0 1 325 307 972
0 1 326 304 970
0 1 327 301 969
0 1 328 298 968
0 1 329 295 966
0 1 330 293 965
0 1 331 290 964
0 1 332 287 962
0 1 333 284 961
0 1 334 281 960
0 1 335 279 958
0 1 336 276 957
0 1 337 273 955
0 1 338 271 954
0 1 339 268 952
0 1 340 265 951
0 1 341 262 949
0 1 342 260 948
0 1 343 257 946
0 1 344 254 945
0 1 345 252 943
0 1 346 249 941
0 1 347 247 940
0 1 348 244 938
0 1 349 241 937
0 1 350 239 935
0 1 351 236 933
0 1 352 234 931
0 1 353 231 930
0 1 354 228 928
0 1 355 226 926
0 1 356 223 925
0 1 357 221 923
0 1 358 218 921
0 1 359 216 919
0 1 360 213 917
0 1 361 211 915
0 1 362 208 914
0 1 363 206 912
0 1 364 203 910
0 1 365 201 908
0 1 366 199 906
0 1 367 196 904
0 1 368 194 902
0 1 369 191 900
0 1 370 189 898
0 1 371 187 896
0 1 372 184 894
0 1 373 182 892
0 1 374 180 890
0 1 375 177 888
0 1 376 175 886
0 1 377 173 884
0 1 378 170 882
0 1 379 168 880
0 1 380 166 878
0 1 381 164 876
0 1 382 161 873
0 1 383 159 871
0 1 384 157 869
0 1 385 155 867
0 1 386 153 865
0 1 387 151 862
0 1 388 148 860
0 1 389 146 858
0 1 390 144 856
0 1 391 142 854
0 1 392 140 851
0 1 393 138 849
0 1 394 136 847
0 1 395 134 844
0 1 396 132 842
0 1 397 130 840
0 1 398 128 837
0 1 399 126 835
0 1 400 124 833
0 1 401 122 830
0 1 402 120 828
0 1 403 118 825
0 1 404 116 823
0 1 405 114 821
0 1 406 112 818
0 1 407 110 816
0 1 408 108 813
0 1 409 107 811
0 1 410 105 808
0 1 411 103 806
0 1 412 101 803
0 1 413 99 801
0 1 414 98 798
0 1 415 96 796
0 1 416 94 793
0 1 417 92 790
0 1 418 91 788
0 1 419 89 785
0 1 420 87 783
0 1 421 86 780
0 1 422 84 777
0 1 423 83 775
0 1 424 81 772
0 1 425 79 769
0 1 426 78 767
0 1 427 76 764
0 1 428 75 761
0 1 429 73 759
0 1 430 72 756
0 1 431 70 753
0 1 432 69 751
0 1 433 67 748
0 1 434 66 745
0 1 435 64 742
0 1 436 63 740
0 1 437 62 737
0 1 438 60 734
0 1 439 59 731
0 1 440 57 729
0 1 441 56 726
0 1 442 55 723
0 1 443 54 720
0 1 444 52 717
0 1 445 51 715
0 1 446 50 712
0 1 447 49 709
0 1 448 47 706
0 1 449 46 703
0 1 450 45 700
0 1 451 44 697
0 1 452 43 695
0 1 453 42 692
0 1 454 41 689
0 1 455 39 686
0 1 456 38 683
0 1 457 37 680
0 1 458 36 677
0 1 459 35 674
0 1 460 34 671
0 1 461 33 668
0 1 462 32 665
0 1 463 32 663
0 1 464 31 660
0 1 465 30 657
0 1 466 29 654
0 1 467 28 651
0 1 468 27 648
0 1 469 26 645
0 1 470 26 642
0 1 471 25 639
0 1 472 24 636
0 1 473 23 633
0 1 474 22 630
0 1 475 22 627
0 1 476 21 624
0 1 477 20 621
0 1 478 20 618
0 1 479 19 615
0 1 480 18 612
0 1 481 18 609
0 1 482 17 606
0 1 483 17 603
0 1 484 16 600
0 1 485 16 597
0 1 486 15 593
0 1 487 15 590
0 1 488 14 587
0 1 489 14 584
0 1 490 13 581
0 1 491 13 578
0 1 492 12 575
0 1 493 12 572
0 1 494 12 569
0 1 495 11 566
0 1 496 11 563
0 1 497 11 560
0 1 498 10 557
0 1 499 10 554
0 1 500 10 551
0 1 501 10 547
0 1 502 10 544
0 1 503 9 541
0 1 504 9 538
0 1 505 9 535
0 1 506 9 532
0 1 507 9 529
0 1 508 9 526
0 1 509 9 523
0 1 510 9 520
0 1 511 9 517
0 1 512 9 514
0 1 513 8 510
0 1 514 9 507
0 1 515 9 504
0 1 516 9 501
0 1 517 9 498
0 1 518 9 495
0 1 519 9 492
0 1 520 9 489
0 1 521 9 486
0 1 522 9 483
0 1 523 10 480
0 1 524 10 476
0 1 525 10 473
0 1 526 10 470
0 1 527 10 467
0 1 528 11 464
0 1 529 11 461
0 1 530 11 458
0 1 531 12 455
0 1 532 12 452
0 1 533 12 449
0 1 534 13 446
0 1 535 13 443
0 1 536 14 440
0 1 537 14 437
0 1 538 15 433
0 1 539 15 430
0 1 540 16 427
0 1 541 16 424
0 1 542 17 421
0 1 543 17 418
0 1 544 18 415
0 1 545 18 412
0 1 546 19 409
0 1 547 20 406
0 1 548 20 403
0 1 549 21 400
0 1 550 22 397
0 1 551 22 394
0 1 552 23 391
0 1 553 24 388
0 1 554 25 385
0 1 555 26 382
0 1 556 26 379
0 1 557 27 376
0 1 558 28 373
0 1 559 29 370
0 1 560 30 367
0 1 561 31 364
0 1 562 32 361
0 1 563 33 358
0 1 564 33 355
0 1 565 34 353
0 1 566 35 350
0 1 567 36 347
0 1 568 37 344
0 1 569 38 341
0 1 570 40 338
0 1 571 41 335
0 1 572 42 332
0 1 573 43 329
0 1 574 44 326
0 1 575 45 324
0 1 576 46 321
0 1 577 47 318
0 1 578 49 315
0 1 579 50 312
0 1 580 51 309
0 1 581 52 307
0 1 582 54 304
0 1 583 55 301
0 1 584 56 298
0 1 585 58 295
0 1 586 59 293
0 1 587 60 290
0 1 588 62 287
0 1 589 63 284
0 1 590 64 281
0 1 591 66 279
0 1 592 67 276
0 1 593 69 273
0 1 594 70 271
0 1 595 72 268
0 1 596 73 265
0 1 597 75 262
0 1 598 76 260
0 1 599 78 257
0 1 600 79 254
0 1 601 81 252
0 1 602 83 249
0 1 603 84 247
0 1 604 86 244
0 1 605 87 241
0 1 606 89 239
0 1 607 91 236
0 1 608 93 234
0 1 609 94 231
0 1 610 96 228
0 1 611 98 226
0 1 612 99 223
0 1 613 101 221
0 1 614 103 218
0 1 615 105 216
0 1 616 107 213
0 1 617 109 211
0 1 618 110 208
0 1 619 112 206
0 1 620 114 203
0 1 621 116 201
0 1 622 118 199
0 1 623 120 196
0 1 624 122 194
0 1 625 124 191
0 1 626 126 189
0 1 627 128 187
0 1 628 130 184
0 1 629 132 182
0 1 630 134 180
0 1 631 136 177
0 1 632 138 175
0 1 633 140 173
0 1 634 142 170
0 1 635 144 168
0 1 636 146 166
0 1 637 148 164
0 1 638 151 161
0 1 639 153 159
0 1 640 155 157
0 1 641 157 155
0 1 642 159 153
0 1 643 162 151
0 1 644 164 148
0 1 645 166 146
0 1 646 168 144
0 1 647 170 142
0 1 648 173 140
0 1 649 175 138
0 1 650 177 136
0 1 651 180 134
0 1 652 182 132
0 1 653 184 130
0 1 654 187 128
0 1 655 189 126
0 1 656 191 124
0 1 657 194 122
0 1 658 196 120
0 1 659 199 118
0 1 660 201 116
0 1 661 203 114
0 1 662 206 112
0 1 663 208 110
0 1 664 211 108
0 1 665 213 107
0 1 666 216 105
0 1 667 218 103
0 1 668 221 101
0 1 669 223 99
0 1 670 226 98
0 1 671 228 96
0 1 672 231 94
0 1 673 234 92
0 1 674 236 91
0 1 675 239 89
0 1 676 241 87
0 1 677 244 86
0 1 678 247 84
0 1 679 249 83
0 1 680 252 81
0 1 681 255 79
0 1 682 257 78
0 1 683 260 76
0 1 684 263 75
0 1 685 265 73
0 1 686 268 72
0 1 687 271 70
0 1 688 273 69
0 1 689 276 67
0 1 690 279 66
0 1 691 282 64
0 1 692 284 63
0 1 693 287 62
0 1 694 290 60
0 1 695 293 59
0 1 696 295 57
0 1 697 298 56
0 1 698 301 55
0 1 699 304 54
0 1 700 307 52
0 1 701 309 51
0 1 702 312 50
0 1 703 315 49
0 1 704 318 47
0 1 705 321 46
0 1 706 324 45
0 1 707 327 44
0 1 708 329 43
0 1 709 332 42
0 1 710 335 41
0 1 711 338 39
0 1 712 341 38
0 1 713 344 37
0 1 714 347 36
0 1 715 350 35
0 1 716 353 34
0 1 717 356 33
0 1 718 359 32
0 1 719 361 32
0 1 720 364 31
0 1 721 367 30
0 1 722 370 29
0 1 723 373 28
0 1 724 376 27
0 1 725 379 26
0 1 726 382 26
0 1 727 385 25
0 1 728 388 24
0 1 729 391 23
0 1 730 394 22
0 1 731 397 22
0 1 732 400 21
0 1 733 403 20
0 1 734 406 20
0 1 735 409 19
0 1 736 412 18
0 1 737 415 18
0 1 738 418 17
0 1 739 421 17
0 1 740 424 16
0 1 741 427 16
0 1 742 431 15
0 1 743 434 15
0 1 744 437 14
0 1 745 440 14
0 1 746 443 13
0 1 747 446 13
0 1 748 449 12
0 1 749 452 12
0 1 750 455 12
0 1 751 458 11
0 1 752 461 11
0 1 753 464 11
0 1 754 467 10
0 1 755 470 10
0 1 756 473 10
0 1 757 477 10
0 1 758 480 10
0 1 759 483 9
0 1 760 486 9
0 1 761 489 9
0 1 762 492 9
0 1 763 495 9
0 1 764 498 9
0 1 765 501 9
0 1 766 504 9
0 1 767 507 9
0 1 768 511 9
0 1 769 514 8
0 1 770 517 9
0 1 771 520 9
0 1 772 523 9
0 1 773 526 9
0 1 774 529 9
0 1 775 532 9
0 1 776 535 9
0 1 777 538 9
0 1 778 541 9
0 1 779 544 10
0 1 780 548 10
0 1 781 551 10
0 1 782 554 10
0 1 783 557 10
0 1 784 560 11
0 1 785 563 11
0 1 786 566 11
0 1 787 569 12
0 1 788 572 12
0 1 789 575 12
0 1 790 578 13
0 1 791 581 13
0 1 792 584 14
0 1 793 587 14
0 1 794 591 15
0 1 795 594 15
0 1 796 597 16
0 1 797 600 16
0 1 798 603 17
0 1 799 606 17
0 1 800 609 18
0 1 801 612 18
0 1 802 615 19
0 1 803 618 20
0 1 804 621 20
0 1 805 624 21
0 1 806 627 22
0 1 807 630 22
0 1 808 633 23
0 1 809 636 24
0 1 810 639 25
0 1 811 642 26
0 1 812 645 26
0 1 813 648 27
0 1 814 651 28
0 1 815 654 29
0 1 816 657 30
0 1 817 660 31
0 1 818 663 32
0 1 819 666 33
0 1 820 669 33
0 1 821 671 34
0 1 822 674 35
0 1 823 677 36
0 1 824 680 37
0 1 825 683 38
0 1 826 686 40
0 1 827 689 41
0 1 828 692 42
0 1 829 695 43
0 1 830 698 44
0 1 831 700 45
0 1 832 703 46
0 1 833 706 47
0 1 834 709 49
0 1 835 712 50
0 1 836 715 51
0 1 837 717 52
0 1 838 720 54
0 1 839 723 55
0 1 840 726 56
0 1 841 729 58
0 1 842 731 59
0 1 843 734 60
0 1 844 737 62
0 1 845 740 63
0 1 846 743 64
0 1 847 745 66
0 1 848 748 67
0 1 849 751 69
0 1 850 753 70
0 1 851 756 72
0 1 852 759 73
0 1 853 762 75
0 1 854 764 76
0 1 855 767 78
0 1 856 770 79
0 1 857 772 81
0 1 858 775 83
0 1 859 777 84
0 1 860 780 86
0 1 861 783 87
0 1 862 785 89
0 1 863 788 91
0 1 864 790 93
0 1 865 793 94
0 1 866 796 96
0 1 867 798 98
0 1 868 801 99
0 1 869 803 101
0 1 870 806 103
0 1 871 808 105
0 1 872 811 107
0 1 873 813 109
0 1 874 816 110
0 1 875 818 112
0 1 876 821 114
0 1 877 823 116
0 1 878 825 118
0 1 879 828 120
0 1 880 830 122
0 1 881 833 124
0 1 882 835 126
0 1 883 837 128
0 1 884 840 130
0 1 885 842 132
0 1 886 844 134
0 1 887 847 136
0 1 888 849 138
0 1 889 851 140
0 1 890 854 142
0 1 891 856 144
0 1 892 858 146
0 1 893 860 148
0 1 894 863 151
0 1 895 865 153
0 1 896 867 155
0 1 897 869 157
0 1 898 871 159
0 1 899 873 162
0 1 900 876 164
0 1 901 878 166
0 1 902 880 168
0 1 903 882 170
0 1 904 884 173
0 1 905 886 175
0 1 906 888 177
0 1 907 890 180
0 1 908 892 182
0 1 909 894 184
0 1 910 896 187
0 1 911 898 189
0 1 912 900 191
0 1 913 902 194
0 1 914 904 196
0 1 915 906 199
0 1 916 908 201
0 1 917 910 203
0 1 918 912 206
0 1 919 914 208
0 1 920 916 211
0 1 921 917 213
0 1 922 919 216
0 1 923 921 218
0 1 924 923 221
0 1 925 925 223
0 1 926 926 226
0 1 927 928 228
0 1 928 930 231
0 1 929 932 234
0 1 930 933 236
0 1 931 935 239
0 1 932 937 241
0 1 933 938 244
0 1 934 940 247
0 1 935 941 249
0 1 936 943 252
0 1 937 945 255
0 1 938 946 257
0 1 939 948 260
0 1 940 949 263
0 1 941 951 265
0 1 942 952 268
0 1 943 954 271
0 1 944 955 273
0 1 945 957 276
0 1 946 958 279
0 1 947 960 282
0 1 948 961 284
0 1 949 962 287
0 1 950 964 290
0 1 951 965 293
0 1 952 967 295
0 1 953 968 298
0 1 954 969 301
0 1 955 970 304
0 1 956 972 307
0 1 957 973 309
0 1 958 974 312
0 1 959 975 315
0 1 960 977 318
0 1 961 978 321
0 1 962 979 324
0 1 963 980 327
0 1 964 981 329
0 1 965 982 332
0 1 966 983 335
0 1 967 985 338
0 1 968 986 341
0 1 969 987 344
0 1 970 988 347
0 1 971 989 350
0 1 972 990 353
0 1 973 991 356
0 1 974 992 359
0 1 975 992 361
0 1 976 993 364
0 1 977 994 367
0 1 978 995 370
0 1 979 996 373
0 1 980 997 376
0 1 981 998 379
0 1 982 998 382
0 1 983 999 385
0 1 984 1000 388
0 1 985 1001 391
0 1 986 1002 394
0 1 987 1002 397
0 1 988 1003 400
0 1 989 1004 403
0 1 990 1004 406
0 1 991 1005 409
0 1 992 1006 412
0 1 993 1006 415
0 1 994 1007 418
0 1 995 1007 421
0 1 996 1008 424
0 1 997 1008 427
0 1 998 1009 431
0 1 999 1009 434
0 1 1000 1010 437
0 1 1001 1010 440
0 1 1002 1011 443
0 1 1003 1011 446
0 1 1004 1012 449
0 1 1005 1012 452
0 1 1006 1012 455
0 1 1007 1013 458
0 1 1008 1013 461
0 1 1009 1013 464
0 1 1010 1014 467
0 1 1011 1014 470
0 1 1012 1014 473
0 1 1013 1014 477
0 1 1014 1014 480
0 1 1015 1015 483
0 1 1016 1015 486
0 1 1017 1015 489
0 1 1018 1015 492
0 1 1019 1015 495
0 1 1020 1015 498
0 1 1021 1015 501
0 1 1022 1015 504
0 1 1023 1015 507
0 2 0 1017 511
0 2 1 1017 514
0 2 2 1016 517
0 2 3 1016 520
0 2 4 1016 523
0 2 5 1016 526
0 2 6 1016 529
0 2 7 1016 532
0 2 8 1016 535
0 2 9 1016 538
0 2 10 1016 541
0 2 11 1015 545
0 2 12 1015 548
0 2 13 1015 551
0 2 14 1015 554
0 2 15 1015 557
0 2 16 1014 560
0 2 17 1014 563
0 2 18 1014 566
0 2 19 1013 569
0 2 20 1013 572
0 2 21 1013 575
0 2 22 1012 578
0 2 23 1012 581
0 2 24 1011 585
0 2 25 1011 588
0 2 26 1010 591
0 2 27 1010 594
0 2 28 1009 597
0 2 29 1009 600
0 2 30 1008 603
0 2 31 1008 606
0 2 32 1007 609
0 2 33 1006 612
0 2 34 1006 615
0 2 35 1005 618
0 2 36 1005 621
0 2 37 1004 624
0 2 38 1003 627
0 2 39 1002 630
0 2 40 1002 633
0 2 41 1001 636
0 2 42 1000 639
0 2 43 999 642
0 2 44 999 645
0 2 45 998 648
0 2 46 997 651
0 2 47 996 654
0 2 48 995 657
0 2 49 994 660
0 2 50 993 663
0 2 51 992 666
0 2 52 992 669
0 2 53 991 672
0 2 54 990 675
0 2 55 989 678
0 2 56 988 681
0 2 57 986 683
0 2 58 985 686
0 2 59 984 689
0 2 60 983 692
0 2 61 982 695
0 2 62 981 698
0 2 63 980 701
0 2 64 979 704
0 2 65 977 707
0 2 66 976 709
0 2 67 975 712
0 2 68 974 715
0 2 69 973 718
0 2 70 971 721
0 2 71 970 724
0 2 72 969 726
0 2 73 967 729
0 2 74 966 732
0 2 75 965 735
0 2 76 963 737
0 2 77 962 740
0 2 78 961 743
0 2 79 959 746
0 2 80 958 748
0 2 81 956 751
0 2 82 955 754
0 2 83 953 757
0 2 84 952 759
0 2 85 950 762
0 2 86 949 765
0 2 87 947 767
0 2 88 945 770
0 2 89 944 773
0 2 90 942 775
0 2 91 941 778
0 2 92 939 781
0 2 93 937 783
0 2 94 936 786
0 2 95 934 788
0 2 96 932 791
0 2 97 931 794
0 2 98 929 796
0 2 99 927 799
0 2 100 925 801
0 2 101 924 804
0 2 102 922 806
0 2 103 920 809
0 2 104 918 811
0 2 105 916 814
0 2 106 914 816
0 2 107 913 819
0 2 108 911 821
0 2 109 909 824
0 2 110 907 826
0 2 111 905 828
0 2 112 903 831
0 2 113 901 833
0 2 114 899 836
0 2 115 897 838
0 2 116 895 840
0 2 117 893 843
0 2 118 891 845
0 2 119 889 847
0 2 120 887 850
0 2 121 885 852
0 2 122 883 854
0 2 123 881 857
0 2 124 878 859
0 2 125 876 861
0 2 126 874 863
0 2 127 872 865
0 2 128 870 868
0 2 129 868 870
0 2 130 865 872
0 2 131 863 874
0 2 132 861 876
0 2 133 859 878
0 2 134 856 881
0 2 135 854 883
0 2 136 852 885
0 2 137 850 887
0 2 138 847 889
0 2 139 845 891
0 2 140 843 893
0 2 141 840 895
0 2 142 838 897
0 2 143 836 899
0 2 144 833 901
0 2 145 831 903
0 2 146 828 905
0 2 147 826 907
0 2 148 824 909
0 2 149 821 911
0 2 150 819 913
0 2 151 816 914
0 2 152 814 916
0 2 153 811 918
0 2 154 809 920
0 2 155 806 922
0 2 156 804 924
0 2 157 801 925
0 2 158 799 927
0 2 159 796 929
0 2 160 794 931
0 2 161 791 932
0 2 162 788 934
0 2 163 786 936
0 2 164 783 937
0 2 165 781 939
0 2 166 778 941
0 2 167 775 942
0 2 168 773 944
0 2 169 770 946
0 2 170 767 947
0 2 171 765 949
0 2 172 762 950
0 2 173 759 952
0 2 174 757 953
0 2 175 754 955
0 2 176 751 956
0 2 177 748 958
0 2 178 746 959
0 2 179 743 961
0 2 180 740 962
0 2 181 737 963
0 2 182 735 965
0 2 183 732 966
0 2 184 729 967
0 2 185 726 969
0 2 186 723 970
0 2 187 721 971
0 2 188 718 973
0 2 189 715 974
0 2 190 712 975
0 2 191 709 976
0 2 192 706 978
0 2 193 704 979
0 2 194 701 980
0 2 195 698 981
0 2 196 695 982
0 2 197 692 983
0 2 198 689 984
0 2 199 686 985
0 2 200 683 986
0 2 201 680 988
0 2 202 678 989
0 2 203 675 990
0 2 204 672 991
0 2 205 669 992
0 2 206 666 992
0 2 207 663 993
0 2 208 660 994
0 2 209 657 995
0 2 210 654 996
0 2 211 651 997
0 2 212 648 998
0 2 213 645 999
0 2 214 642 999
0 2 215 639 1000
0 2 216 636 1001
0 2 217 633 1002
0 2 218 630 1003
0 2 219 627 1003
0 2 220 624 1004
0 2 221 621 1005
0 2 222 618 1005
0 2 223 615 1006
0 2 224 612 1007
0 2 225 609 1007
0 2 226 606 1008
0 2 227 603 1008
0 2 228 600 1009
0 2 229 597 1009
0 2 230 594 1010
0 2 231 591 1010
0 2 232 588 1011
0 2 233 584 1011
0 2 234 581 1012
0 2 235 578 1012
0 2 236 575 1013
0 2 237 572 1013
0 2 238 569 1013
0 2 239 566 1014
0 2 240 563 1014
0 2 241 560 1014
0 2 242 557 1015
0 2 243 554 1015
0 2 244 551 1015
0 2 245 548 1015
0 2 246 544 1015
0 2 247 541 1016
0 2 248 538 1016
0 2 249 535 1016
0 2 250 532 1016
0 2 251 529 1016
0 2 252 526 1016
0 2 253 523 1016
0 2 254 520 1016
0 2 255 517 1016
0 2 256 514 1017
0 2 257 510 1017
0 2 258 507 1016
0 2 259 504 1016
0 2 260 501 1016
0 2 261 498 1016
0 2 262 495 1016
0 2 263 492 1016
0 2 264 489 1016
0 2 265 486 1016
0 2 266 483 1016
0 2 267 479 1015
0 2 268 476 1015
0 2 269 473 1015
0 2 270 470 1015
0 2 271 467 1015
0 2 272 464 1014
0 2 273 461 1014
0 2 274 458 1014
0 2 275 455 1013
0 2 276 452 1013
0 2 277 449 1013
0 2 278 446 1012
0 2 279 443 1012
0 2 280 439 1011
0 2 281 436 1011
0 2 282 433 1010
0 2 283 430 1010
0 2 284 427 1009
0 2 285 424 1009
0 2 286 421 1008
0 2 287 418 1008
0 2 288 415 1007
0 2 289 412 1006
0 2 290 409 1006
0 2 291 406 1005
0 2 292 403 1005
0 2 293 400 1004
0 2 294 397 1003
0 2 295 394 1002
0 2 296 391 1002
0 2 297 388 1001
0 2 298 385 1000
0 2 299 382 999
0 2 300 379 999
0 2 301 376 998
0 2 302 373 997
0 2 303 370 996
0 2 304 367 995
0 2 305 364 994
0 2 306 361 993
0 2 307 358 992
0 2 308 355 992
0 2 309 352 991
0 2 310 349 990
0 2 311 346 989
0 2 312 343 988
0 2 313 341 986
0 2 314 338 985
0 2 315 335 984
0 2 316 332 983
0 2 317 329 982
0 2 318 326 981
0 2 319 323 980
0 2 320 320 979
0 2 321 317 977
0 2 322 315 976
0 2 323 312 975
0 2 324 309 974
0 2 325 306 973
0 2 326 303 971
0 2 327 300 970
0 2 328 298 969
0 2 329 295 967
0 2 330 292 966
0 2 331 289 965
0 2 332 287 963
0 2 333 284 962
0 2 334 281 961
0 2 335 278 959
0 2 336 276 958
0 2 337 273 956
0 2 338 270 955
0 2 339 267 953
0 2 340 265 952
0 2 341 262 950
0 2 342 259 949
0 2 343 257 947
0 2 344 254 945
0 2 345 251 944
0 2 346 249 942
0 2 347 246 941
0 2 348 243 939
0 2 349 241 937
0 2 350 238 936
0 2 351 236 934
0 2 352 233 932
0 2 353 230 931
0 2 354 228 929
0 2 355 225 927
0 2 356 223 925
0 2 357 220 924
0 2 358 218 922
0 2 359 215 920
0 2 360 213 918
0 2 361 210 916
0 2 362 208 914
0 2 363 205 913
0 2 364 203 911
0 2 365 200 909
0 2 366 198 907
0 2 367 196 905
0 2 368 193 903
0 2 369 191 901
0 2 370 188 899
0 2 371 186 897
0 2 372 184 895
0 2 373 181 893
0 2 374 179 891
0 2 375 177 889
0 2 376 174 887
0 2 377 172 885
0 2 378 170 883
0 2 379 167 881
0 2 380 165 878
0 2 381 163 876
0 2 382 161 874
0 2 383 159 872
0 2 384 156 870
0 2 385 154 868
0 2 386 152 865
0 2 387 150 863
0 2 388 148 861
0 2 389 146 859
0 2 390 143 856
0 2 391 141 854
0 2 392 139 852
0 2 393 137 850
0 2 394 135 847
0 2 395 133 845
0 2 396 131 843
0 2 397 129 840
0 2 398 127 838
0 2 399 125 836
0 2 400 123 833
0 2 401 121 831
0 2 402 119 828
0 2 403 117 826
0 2 404 115 824
0 2 405 113 821
0 2 406 111 819
0 2 407 110 816
0 2 408 108 814
0 2 409 106 811
0 2 410 104 809
0 2 411 102 806
0 2 412 100 804
0 2 413 99 801
0 2 414 97 799
0 2 415 95 796
0 2 416 93 794
0 2 417 92 791
0 2 418 90 788
0 2 419 88 786
0 2 420 87 783
0 2 421 85 781
0 2 422 83 778
0 2 423 82 775
0 2 424 80 773
0 2 425 78 770
0 2 426 77 767
0 2 427 75 765
0 2 428 74 762
0 2 429 72 759
0 2 430 71 757
0 2 431 69 754
0 2 432 68 751
0 2 433 66 748
0 2 434 65 746
0 2 435 63 743
0 2 436 62 740
0 2 437 61 737
0 2 438 59 735
0 2 439 58 732
0 2 440 57 729
0 2 441 55 726
0 2 442 54 723
0 2 443 53 721
0 2 444 51 718
0 2 445 50 715
0 2 446 49 712
0 2 447 48 709
0 2 448 46 706
0 2 449 45 704
0 2 450 44 701
0 2 451 43 698
0 2 452 42 695
0 2 453 41 692
0 2 454 40 689
0 2 455 39 686
0 2 456 38 683
0 2 457 36 680
0 2 458 35 678
0 2 459 34 675
0 2 460 33 672
0 2 461 32 669
0 2 462 32 666
0 2 463 31 663
0 2 464 30 660
0 2 465 29 657
0 2 466 28 654
0 2 467 27 651
0 2 468 26 648
0 2 469 25 645
0 2 470 25 642
0 2 471 24 639
0 2 472 23 636
0 2 473 22 633
0 2 474 21 630
0 2 475 21 627
0 2 476 20 624
0 2 477 19 621
0 2 478 19 618
0 2 479 18 615
0 2 480 17 612
0 2 481 17 609
0 2 482 16 606
0 2 483 16 603
0 2 484 15 600
0 2 485 15 597
0 2 486 14 594
0 2 487 14 591
0 2 488 13 588
0 2 489 13 584
0 2 490 12 581
0 2 491 12 578
0 2 492 11 575
0 2 493 11 572
0 2 494 11 569
0 2 495 10 566
0 2 496 10 563
0 2 497 10 560
0 2 498 9 557
0 2 499 9 554
0 2 500 9 551
0 2 501 9 548
0 2 502 9 544
0 2 503 8 541
0 2 504 8 538
0 2 505 8 535
0 2 506 8 532
0 2 507 8 529
0 2 508 8 526
0 2 509 8 523
0 2 510 8 520
0 2 511 8 517
0 2 512 8 514
0 2 513 7 510
0 2 514 8 507
0 2 515 8 504
0 2 516 8 501
0 2 517 8 498
0 2 518 8 495
0 2 519 8 492
0 2 520 8 489
0 2 521 8 486
0 2 522 8 483
0 2 523 9 479
0 2 524 9 476
0 2 525 9 473
0 2 526 9 470
0 2 527 9 467
0 2 528 10 464
0 2 529 10 461
0 2 530 10 458
0 2 531 11 455
0 2 532 11 452
0 2 533 11 449
0 2 534 12 446
0 2 535 12 443
0 2 536 13 439
0 2 537 13 436
0 2 538 14 433
0 2 539 14 430
0 2 540 15 427
0 2 541 15 424
0 2 542 16 421
0 2 543 16 418
0 2 544 17 415
0 2 545 18 412
0 2 546 18 409
0 2 547 19 406
0 2 548 19 403
0 2 549 20 400
0 2 550 21 397
0 2 551 22 394
0 2 552 22 391
0 2 553 23 388
0 2 554 24 385
0 2 555 25 382
0 2 556 25 379
0 2 557 26 376
0 2 558 27 373
0 2 559 28 370
0 2 560 29 367
0 2 561 30 364
0 2 562 31 361
0 2 563 32 358
0 2 564 32 355
0 2 565 33 352
0 2 566 34 349
0 2 567 35 346
0 2 568 36 343
0 2 569 38 341
0 2 570 39 338
0 2 571 40 335
0 2 572 41 332
0 2 573 42 329
0 2 574 43 326
0 2 575 44 323
0 2 576 45 320
0 2 577 47 317
0 2 578 48 315
0 2 579 49 312
0 2 580 50 309
0 2 581 51 306
0 2 582 53 303
0 2 583 54 300
0 2 584 55 298
0 2 585 57 295
0 2 586 58 292
0 2 587 59 289
0 2 588 61 287
0 2 589 62 284
0 2 590 63 281
0 2 591 65 278
0 2 592 66 276
0 2 593 68 273
0 2 594 69 270
0 2 595 71 267
0 2 596 72 265
0 2 597 74 262
0 2 598 75 259
0 2 599 77 257
0 2 600 79 254
0 2 601 80 251
0 2 602 82 249
0 2 603 83 246
0 2 604 85 243
0 2 605 87 241
0 2 606 88 238
0 2 607 90 236
0 2 608 92 233
0 2 609 93 230
0 2 610 95 228
0 2 611 97 225
0 2 612 99 223
0 2 613 100 220
0 2 614 102 218
0 2 615 104 215
0 2 616 106 213
0 2 617 108 210
0 2 618 110 208
0 2 619 111 205
0 2 620 113 203
0 2 621 115 200
0 2 622 117 198
0 2 623 119 196
0 2 624 121 193
0 2 625 123 191
0 2 626 125 188
0 2 627 127 186
0 2 628 129 184
0 2 629 131 181
0 2 630 133 179
0 2 631 135 177
0 2 632 137 174
0 2 633 139 172
0 2 634 141 170
0 2 635 143 167
0 2 636 146 165
0 2 637 148 163
0 2 638 150 161
0 2 639 152 159
0 2 640 154 156
0 2 641 156 154
0 2 642 159 152
0 2 643 161 150
0 2 644 163 148
0 2 645 165 146
0 2 646 168 143
0 2 647 170 141
0 2 648 172 139
0 2 649 174 137
0 2 650 177 135
0 2 651 179 133
0 2 652 181 131
0 2 653 184 129
0 2 654 186 127
0 2 655 188 125
0 2 656 191 123
0 2 657 193 121
0 2 658 196 119
0 2 659 198 117
0 2 660 200 115
0 2 661 203 113
0 2 662 205 111
0 2 663 208 110
0 2 664 210 108
0 2 665 213 106
0 2 666 215 104
0 2 667 218 102
0 2 668 220 100
0 2 669 223 99
0 2 670 225 97
0 2 671 228 95
0 2 672 230 93
0 2 673 233 92
0 2 674 236 90
0 2 675 238 88
0 2 676 241 87
0 2 677 243 85
0 2 678 246 83
0 2 679 249 82
0 2 680 251 80
0 2 681 254 78
0 2 682 257 77
0 2 683 259 75
0 2 684 262 74
0 2 685 265 72
0 2 686 267 71
0 2 687 270 69
0 2 688 273 68
0 2 689 276 66
0 2 690 278 65
0 2 691 281 63
0 2 692 284 62
0 2 693 287 61
0 2 694 289 59
0 2 695 292 58
0 2 696 295 57
0 2 697 298 55
0 2 698 301 54
0 2 699 303 53
0 2 700 306 51
0 2 701 309 50
0 2 702 312 49
0 2 703 315 48
0 2 704 318 46
0 2 705 320 45
0 2 706 323 44
0 2 707 326 43
0 2 708 329 42
0 2 709 332 41
0 2 710 335 40
0 2 711 338 39
0 2 712 341 38
0 2 713 344 36
0 2 714 346 35
0 2 715 349 34
0 2 716 352 33
0 2 717 355 32
0 2 718 358 32
0 2 719 361 31
0 2 720 364 30
0 2 721 367 29
0 2 722 370 28
0 2 723 373 27
0 2 724 376 26
0 2 725 379 25
0 2 726 382 25
0 2 727 385 24
0 2 728 388 23
0 2 729 391 22
0 2 730 394 21
0 2 731 397 21
0 2 732 400 20
0 2 733 403 19
0 2 734 406 19
0 2 735 409 18
0 2 736 412 17
0 2 737 415 17
0 2 738 418 16
0 2 739 421 16
0 2 740 424 15
0 2 741 427 15
0 2 742 430 14
0 2 743 433 14
0 2 744 436 13
0 2 745 440 13
0 2 746 443 12
0 2 747 446 12
0 2 748 449 11
0 2 749 452 11
0 2 750 455 11
0 2 751 458 10
0 2 752 461 10
0 2 753 464 10
0 2 754 467 9
0 2 755 470 9
0 2 756 473 9
0 2 757 476 9
0 2 758 480 9
0 2 759 483 8
0 2 760 486 8
0 2 761 489 8
0 2 762 492 8
0 2 763 495 8
0 2 764 498 8
0 2 765 501 8
0 2 766 504 8
0 2 767 507 8
0 2 768 511 8
0 2 769 514 7
0 2 770 517 8
0 2 771 520 8
0 2 772 523 8
0 2 773 526 8
0 2 774 529 8
0 2 775 532 8
0 2 776 535 8
0 2 777 538 8
0 2 778 541 8
0 2 779 545 9
0 2 780 548 9
0 2 781 551 9
0 2 782 554 9
0 2 783 557 9
0 2 784 560 10
0 2 785 563 10
0 2 786 566 10
0 2 787 569 11
0 2 788 572 11
0 2 789 575 11
0 2 790 578 12
0 2 791 581 12
0 2 792 585 13
0 2 793 588 13
0 2 794 591 14
0 2 795 594 14
0 2 796 597 15
0 2 797 600 15
0 2 798 603 16
0 2 799 606 16
0 2 800 609 17
0 2 801 612 18
0 2 802 615 18
0 2 803 618 19
0 2 804 621 19
0 2 805 624 20
0 2 806 627 21
0 2 807 630 22
0 2 808 633 22
0 2 809 636 23
0 2 810 639 24
0 2 811 642 25
0 2 812 645 25
0 2 813 648 26
0 2 814 651 27
0 2 815 654 28
0 2 816 657 29
0 2 817 660 30
0 2 818 663 31
0 2 819 666 32
0 2 820 669 32
0 2 821 672 33
0 2 822 675 34
0 2 823 678 35
0 2 824 681 36
0 2 825 683 38
0 2 826 686 39
0 2 827 689 40
0 2 828 692 41
0 2 829 695 42
0 2 830 698 43
0 2 831 701 44
0 2 832 704 45
0 2 833 707 47
0 2 834 709 48
0 2 835 712 49
0 2 836 715 50
0 2 837 718 51
0 2 838 721 53
0 2 839 724 54
0 2 840 726 55
0 2 841 729 57
0 2 842 732 58
0 2 843 735 59
0 2 844 737 61
0 2 845 740 62
0 2 846 743 63
0 2 847 746 65
0 2 848 748 66
0 2 849 751 68
0 2 850 754 69
0 2 851 757 71
0 2 852 759 72
0 2 853 762 74
0 2 854 765 75
0 2 855 767 77
0 2 856 770 79
0 2 857 773 80
0 2 858 775 82
0 2 859 778 83
0 2 860 781 85
0 2 861 783 87
0 2 862 786 88
0 2 863 788 90
0 2 864 791 92
0 2 865 794 93
0 2 866 796 95
0 2 867 799 97
0 2 868 801 99
0 2 869 804 100
0 2 870 806 102
0 2 871 809 104
0 2 872 811 106
0 2 873 814 108
0 2 874 816 110
0 2 875 819 111
0 2 876 821 113
0 2 877 824 115
0 2 878 826 117
0 2 879 828 119
0 2 880 831 121
0 2 881 833 123
0 2 882 836 125
0 2 883 838 127
0 2 884 840 129
0 2 885 843 131
0 2 886 845 133
0 2 887 847 135
0 2 888 850 137
0 2 889 852 139
0 2 890 854 141
0 2 891 857 143
0 2 892 859 146
0 2 893 861 148
0 2 894 863 150
0 2 895 865 152
0 2 896 868 154
0 2 897 870 156
0 2 898 872 159
0 2 899 874 161
0 2 900 876 163
0 2 901 878 165
0 2 902 881 168
0 2 903 883 170
0 2 904 885 172
0 2 905 887 174
0 2 906 889 177
0 2 907 891 179
0 2 908 893 181
0 2 909 895 184
0 2 910 897 186
0 2 911 899 188
0 2 912 901 191
0 2 913 903 193
0 2 914 905 196
0 2 915 907 198
0 2 916 909 200
0 2 917 911 203
0 2 918 913 205
0 2 919 914 208
0 2 920 916 210
0 2 921 918 213
0 2 922 920 215
0 2 923 922 218
0 2 924 924 220
0 2 925 925 223
0 2 926 927 225
0 2 927 929 228
0 2 928 931 230
0 2 929 932 233
0 2 930 934 236
0 2 931 936 238
0 2 932 937 241
0 2 933 939 243
0 2 934 941 246
0 2 935 942 249
0 2 936 944 251
0 2 937 946 254
0 2 938 947 257
0 2 939 949 259
0 2 940 950 262
0 2 941 952 265
0 2 942 953 267
0 2 943 955 270
0 2 944 956 273
0 2 945 958 276
0 2 946 959 278
0 2 947 961 281
0 2 948 962 284
0 2 949 963 287
0 2 950 965 289
0 2 951 966 292
0 2 952 967 295
0 2 953 969 298
0 2 954 970 301
0 2 955 971 303
0 2 956 973 306
0 2 957 974 309
0 2 958 975 312
0 2 959 976 315
0 2 960 978 318
0 2 961 979 320
0 2 962 980 323
0 2 963 981 326
0 2 964 982 329
0 2 965 983 332
0 2 966 984 335
0 2 967 985 338
0 2 968 986 341
0 2 969 988 344
0 2 970 989 346
0 2 971 990 349
0 2 972 991 352
0 2 973 992 355
0 2 974 992 358
0 2 975 993 361
0 2 976 994 364
0 2 977 995 367
0 2 978 996 370
0 2 979 997 373
0 2 980 998 376
0 2 981 999 379
0 2 982 999 382
0 2 983 1000 385
0 2 984 1001 388
0 2 985 1002 391
0 2 986 1003 394
0 2 987 1003 397
0 2 988 1004 400
0 2 989 1005 403
0 2 990 1005 406
0 2 991 1006 409
0 2 992 1007 412
0 2 993 1007 415
0 2 994 1008 418
0 2 995 1008 421
0 2 996 1009 424
0 2 997 1009 427
0 2 998 1010 430
0 2 999 1010 433
0 2 1000 1011 436
0 2 1001 1011 440
0 2 1002 1012 443
0 2 1003 1012 446
0 2 1004 1013 449
0 2 1005 1013 452
0 2 1006 1013 455
0 2 1007 1014 458
0 2 1008 1014 461
0 2 1009 1014 464
0 2 1010 1015 467
0 2 1011 1015 470
0 2 1012 1015 473
0 2 1013 1015 476
0 2 1014 1015 480
0 2 1015 1016 483
0 2 1016 1016 486
0 2 1017 1016 489
0 2 1018 1016 492
0 2 1019 1016 495
0 2 1020 1016 498
0 2 1021 1016 501
0 2 1022 1016 504
0 2 1023 1016 507
0 3 0 1018 511
0 3 1 1018 514
0 3 2 1017 517
0 3 3 1017 520
0 3 4 1017 523
0 3 5 1017 526
0 3 6 1017 529
0 3 7 1017 532
0 3 8 1017 535
0 3 9 1017 538
0 3 10 1017 542
0 3 11 1016 545
0 3 12 1016 548
0 3 13 1016 551
0 3 14 1016 554
0 3 15 1016 557
0 3 16 1015 560
0 3 17 1015 563
0 3 18 1015 566
0 3 19 1014 569
0 3 20 1014 572
0 3 21 1013 575
0 3 22 1013 579
0 3 23 1013 582
0 3 24 1012 585
0 3 25 1012 588
0 3 26 1011 591
0 3 27 1011 594
0 3 28 1010 597
0 3 29 1010 600
0 3 30 1009 603
0 3 31 1009 606
0 3 32 1008 609
0 3 33 1007 612
0 3 34 1007 615
0 3 35 1006 618
0 3 36 1006 621
0 3 37 1005 624
0 3 38 1004 627
0 3 39 1003 630
0 3 40 1003 633
0 3 41 1002 636
0 3 42 1001 639
0 3 43 1000 642
0 3 44 1000 645
0 3 45 999 648
0 3 46 998 651
0 3 47 997 654
0 3 48 996 657
0 3 49 995 660
0 3 50 994 663
0 3 51 993 666
0 3 52 992 669
0 3 53 991 672
0 3 54 990 675
0 3 55 989 678
0 3 56 988 681
0 3 57 987 684
0 3 58 986 687
0 3 59 985 690
0 3 60 984 693
0 3 61 983 695
0 3 62 982 698
0 3 63 981 701
0 3 64 980 704
0 3 65 978 707
0 3 66 977 710
0 3 67 976 713
0 3 68 975 715
0 3 69 973 718
0 3 70 972 721
0 3 71 971 724
0 3 72 970 727
0 3 73 968 730
0 3 74 967 732
0 3 75 966 735
0 3 76 964 738
0 3 77 963 741
0 3 78 961 743
0 3 79 960 746
0 3 80 959 749
0 3 81 957 752
0 3 82 956 754
0 3 83 954 757
0 3 84 953 760
0 3 85 951 763
0 3 86 949 765
0 3 87 948 768
0 3 88 946 771
0 3 89 945 773
0 3 90 943 776
0 3 91 942 779
0 3 92 940 781
0 3 93 938 784
0 3 94 937 786
0 3 95 935 789
0 3 96 933 792
0 3 97 931 794
0 3 98 930 797
0 3 99 928 799
0 3 100 926 802
0 3 101 924 804
0 3 102 923 807
0 3 103 921 809
0 3 104 919 812
0 3 105 917 814
0 3 106 915 817
0 3 107 913 819
0 3 108 911 822
0 3 109 910 824
0 3 110 908 827
0 3 111 906 829
0 3 112 904 832
0 3 113 902 834
0 3 114 900 836
0 3 115 898 839
0 3 116 896 841
0 3 117 894 843
0 3 118 892 846
0 3 119 890 848
0 3 120 888 850
0 3 121 885 853
0 3 122 883 855
0 3 123 881 857
0 3 124 879 859
0 3 125 877 862
0 3 126 875 864
0 3 127 873 866
0 3 128 870 868
0 3 129 868 871
0 3 130 866 873
0 3 131 864 875
0 3 132 862 877
0 3 133 859 879
0 3 134 857 881
0 3 135 855 883
0 3 136 853 886
0 3 137 850 888
0 3 138 848 890
0 3 139 846 892
0 3 140 843 894
0 3 141 841 896
0 3 142 839 898
0 3 143 836 900
0 3 144 834 902
0 3 145 831 904
0 3 146 829 906
0 3 147 827 908
0 3 148 824 910
0 3 149 822 911
0 3 150 819 913
0 3 151 817 915
0 3 152 814 917
0 3 153 812 919
0 3 154 809 921
0 3 155 807 923
0 3 156 804 924
0 3 157 802 926
0 3 158 799 928
0 3 159 797 930
0 3 160 794 931
0 3 161 792 933
0 3 162 789 935
0 3 163 786 937
0 3 164 784 938
0 3 165 781 940
0 3 166 778 942
0 3 167 776 943
0 3 168 773 945
0 3 169 771 946
0 3 170 768 948
0 3 171 765 950
0 3 172 762 951
0 3 173 760 953
0 3 174 757 954
0 3 175 754 956
0 3 176 752 957
0 3 177 749 959
0 3 178 746 960
0 3 179 743 961
0 3 180 741 963
0 3 181 738 964
0 3 182 735 966
0 3 183 732 967
0 3 184 729 968
0 3 185 727 970
0 3 186 724 971
0 3 187 721 972
0 3 188 718 974
0 3 189 715 975
0 3 190 713 976
0 3 191 710 977
0 3 192 707 978
0 3 193 704 980
0 3 194 701 981
0 3 195 698 982
0 3 196 695 983
0 3 197 692 984
0 3 198 690 985
0 3 199 687 986
0 3 200 684 987
0 3 201 681 988
0 3 202 678 990
0 3 203 675 991
0 3 204 672 992
0 3 205 669 992
0 3 206 666 993
0 3 207 663 994
0 3 208 660 995
0 3 209 657 996
0 3 210 654 997
0 3 211 651 998
0 3 212 648 999
0 3 213 645 1000
0 3 214 642 1000
0 3 215 639 1001
0 3 216 636 1002
0 3 217 633 1003
0 3 218 630 1003
0 3 219 627 1004
0 3 220 624 1005
0 3 221 621 1006
0 3 222 618 1006
0 3 223 615 1007
0 3 224 612 1007
0 3 225 609 1008
0 3 226 606 1009
0 3 227 603 1009
0 3 228 600 1010
0 3 229 597 1010
0 3 230 594 1011
0 3 231 591 1011
0 3 232 588 1012
0 3 233 585 1012
0 3 234 582 1013
0 3 235 578 1013
0 3 236 575 1014
0 3 237 572 1014
0 3 238 569 1014
0 3 239 566 1015
0 3 240 563 1015
0 3 241 560 1015
0 3 242 557 1016
0 3 243 554 1016
0 3 244 551 1016
0 3 245 548 1016
0 3 246 545 1016
0 3 247 541 1017
0 3 248 538 1017
0 3 249 535 1017
0 3 250 532 1017
0 3 251 529 1017
0 3 252 526 1017
0 3 253 523 1017
0 3 254 520 1017
0 3 255 517 1017
0 3 256 514 1018
0 3 257 510 1018
0 3 258 507 1017
0 3 259 504 1017
0 3 260 501 1017
0 3 261 498 1017
0 3 262 495 1017
0 3 263 492 1017
0 3 264 489 1017
0 3 265 486 1017
0 3 266 482 1017
0 3 267 479 1016
0 3 268 476 1016
0 3 269 473 1016
0 3 270 470 1016
0 3 271 467 1016
0 3 272 464 1015
0 3 273 461 1015
0 3 274 458 1015
0 3 275 455 1014
0 3 276 452 1014
0 3 277 449 1013
0 3 278 445 1013
0 3 279 442 1013
0 3 280 439 1012
0 3 281 436 1012
0 3 282 433 1011
0 3 283 430 1011
0 3 284 427 1010
0 3 285 424 1010
0 3 286 421 1009
0 3 287 418 1009
0 3 288 415 1008
0 3 289 412 1007
0 3 290 409 1007
0 3 291 406 1006
0 3 292 403 1006
0 3 293 400 1005
0 3 294 397 1004
0 3 295 394 1003
0 3 296 391 1003
0 3 297 388 1002
0 3 298 385 1001
0 3 299 382 1000
0 3 300 379 1000
0 3 301 376 999
0 3 302 373 998
0 3 303 370 997
0 3 304 367 996
0 3 305 364 995
0 3 306 361 994
0 3 307 358 993
0 3 308 355 992
0 3 309 352 991
0 3 310 349 990
0 3 311 346 989
0 3 312 343 988
0 3 313 340 987
0 3 314 337 986
0 3 315 334 985
0 3 316 331 984
0 3 317 329 983
0 3 318 326 982
0 3 319 323 981
0 3 320 320 980
0 3 321 317 978
0 3 322 314 977
0 3 323 311 976
0 3 324 309 975
0 3 325 306 973
0 3 326 303 972
0 3 327 300 971
0 3 328 297 970
0 3 329 294 968
0 3 330 292 967
0 3 331 289 966
0 3 332 286 964
0 3 333 283 963
0 3 334 281 961
0 3 335 278 960
0 3 336 275 959
0 3 337 272 957
0 3 338 270 956
0 3 339 267 954
0 3 340 264 953
0 3 341 261 951
0 3 342 259 949
0 3 343 256 948
0 3 344 253 946
0 3 345 251 945
0 3 346 248 943
0 3 347 245 942
0 3 348 243 940
0 3 349 240 938
0 3 350 238 937
0 3 351 235 935
0 3 352 232 933
0 3 353 230 931
0 3 354 227 930
0 3 355 225 928
0 3 356 222 926
0 3 357 220 924
0 3 358 217 923
0 3 359 215 921
0 3 360 212 919
0 3 361 210 917
0 3 362 207 915
0 3 363 205 913
0 3 364 202 911
0 3 365 200 910
0 3 366 197 908
0 3 367 195 906
0 3 368 192 904
0 3 369 190 902
0 3 370 188 900
0 3 371 185 898
0 3 372 183 896
0 3 373 181 894
0 3 374 178 892
0 3 375 176 890
0 3 376 174 888
0 3 377 171 885
0 3 378 169 883
0 3 379 167 881
0 3 380 165 879
0 3 381 162 877
0 3 382 160 875
0 3 383 158 873
0 3 384 156 870
0 3 385 153 868
0 3 386 151 866
0 3 387 149 864
0 3 388 147 862
0 3 389 145 859
0 3 390 143 857
0 3 391 141 855
0 3 392 138 853
0 3 393 136 850
0 3 394 134 848
0 3 395 132 846
0 3 396 130 843
0 3 397 128 841
0 3 398 126 839
0 3 399 124 836
0 3 400 122 834
0 3 401 120 831
0 3 402 118 829
0 3 403 116 827
0 3 404 114 824
0 3 405 113 822
0 3 406 111 819
0 3 407 109 817
0 3 408 107 814
0 3 409 105 812
0 3 410 103 809
0 3 411 101 807
0 3 412 100 804
0 3 413 98 802
0 3 414 96 799
0 3 415 94 797
0 3 416 93 794
0 3 417 91 792
0 3 418 89 789
0 3 419 87 786
0 3 420 86 784
0 3 421 84 781
0 3 422 82 778
0 3 423 81 776
0 3 424 79 773
0 3 425 78 771
0 3 426 76 768
0 3 427 74 765
0 3 428 73 762
0 3 429 71 760
0 3 430 70 757
0 3 431 68 754
0 3 432 67 752
0 3 433 65 749
0 3 434 64 746
0 3 435 63 743
0 3 436 61 741
0 3 437 60 738
0 3 438 58 735
0 3 439 57 732
0 3 440 56 729
0 3 441 54 727
0 3 442 53 724
0 3 443 52 721
0 3 444 50 718
0 3 445 49 715
0 3 446 48 713
0 3 447 47 710
0 3 448 46 707
0 3 449 44 704
0 3 450 43 701
0 3 451 42 698
0 3 452 41 695
0 3 453 40 692
0 3 454 39 690
0 3 455 38 687
0 3 456 37 684
0 3 457 36 681
0 3 458 34 678
0 3 459 33 675
0 3 460 32 672
0 3 461 32 669
0 3 462 31 666
0 3 463 30 663
0 3 464 29 660
0 3 465 28 657
0 3 466 27 654
0 3 467 26 651
0 3 468 25 648
0 3 469 24 645
0 3 470 24 642
0 3 471 23 639
0 3 472 22 636
0 3 473 21 633
0 3 474 21 630
0 3 475 20 627
0 3 476 19 624
0 3 477 18 621
0 3 478 18 618
0 3 479 17 615
0 3 480 17 612
0 3 481 16 609
0 3 482 15 606
0 3 483 15 603
0 3 484 14 600
0 3 485 14 597
0 3 486 13 594
0 3 487 13 591
0 3 488 12 588
0 3 489 12 585
0 3 490 11 582
0 3 491 11 578
0 3 492 10 575
0 3 493 10 572
0 3 494 10 569
0 3 495 9 566
0 3 496 9 563
0 3 497 9 560
0 3 498 8 557
0 3 499 8 554
0 3 500 8 551
0 3 501 8 548
0 3 502 8 545
0 3 503 7 541
0 3 504 7 538
0 3 505 7 535
0 3 506 7 532
0 3 507 7 529
0 3 508 7 526
0 3 509 7 523
0 3 510 7 520
0 3 511 7 517
0 3 512 7 514
0 3 513 6 510
0 3 514 7 507
0 3 515 7 504
0 3 516 7 501
0 3 517 7 498
0 3 518 7 495
0 3 519 7 492
0 3 520 7 489
0 3 521 7 486
0 3 522 7 482
0 3 523 8 479
0 3 524 8 476
0 3 525 8 473
0 3 526 8 470
0 3 527 8 467
0 3 528 9 464
0 3 529 9 461
0 3 530 9 458
0 3 531 10 455
0 3 532 10 452
0 3 533 11 449
0 3 534 11 445
0 3 535 11 442
0 3 536 12 439
0 3 537 12 436
0 3 538 13 433
0 3 539 13 430
0 3 540 14 427
0 3 541 14 424
0 3 542 15 421
0 3 543 15 418
0 3 544 16 415
0 3 545 17 412
0 3 546 17 409
0 3 547 18 406
0 3 548 18 403
0 3 549 19 400
0 3 550 20 397
0 3 551 21 394
0 3 552 21 391
0 3 553 22 388
0 3 554 23 385
0 3 555 24 382
0 3 556 24 379
0 3 557 25 376
0 3 558 26 373
0 3 559 27 370
0 3 560 28 367
0 3 561 29 364
0 3 562 30 361
0 3 563 31 358
0 3 564 32 355
0 3 565 33 352
0 3 566 34 349
0 3 567 35 346
0 3 568 36 343
0 3 569 37 340
0 3 570 38 337
0 3 571 39 334
0 3 572 40 331
0 3 573 41 329
0 3 574 42 326
0 3 575 43 323
0 3 576 44 320
0 3 577 46 317
0 3 578 47 314
0 3 579 48 311
0 3 580 49 309
0 3 581 51 306
0 3 582 52 303
0 3 583 53 300
0 3 584 54 297
0 3 585 56 294
0 3 586 57 292
0 3 587 58 289
0 3 588 60 286
0 3 589 61 283
0 3 590 63 281
0 3 591 64 278
0 3 592 65 275
0 3 593 67 272
0 3 594 68 270
0 3 595 70 267
0 3 596 71 264
0 3 597 73 261
0 3 598 75 259
0 3 599 76 256
0 3 600 78 253
0 3 601 79 251
0 3 602 81 248
0 3 603 82 245
0 3 604 84 243
0 3 605 86 240
0 3 606 87 238
0 3 607 89 235
0 3 608 91 232
0 3 609 93 230
0 3 610 94 227
0 3 611 96 225
0 3 612 98 222
0 3 613 100 220
0 3 614 101 217
0 3 615 103 215
0 3 616 105 212
0 3 617 107 210
0 3 618 109 207
0 3 619 111 205
0 3 620 113 202
0 3 621 114 200
0 3 622 116 197
0 3 623 118 195
0 3 624 120 192
0 3 625 122 190
0 3 626 124 188
0 3 627 126 185
0 3 628 128 183
0 3 629 130 181
0 3 630 132 178
0 3 631 134 176
0 3 632 136 174
0 3 633 139 171
0 3 634 141 169
0 3 635 143 167
0 3 636 145 165
0 3 637 147 162
0 3 638 149 160
0 3 639 151 158
0 3 640 154 156
0 3 641 156 153
0 3 642 158 151
0 3 643 160 149
0 3 644 162 147
0 3 645 165 145
0 3 646 167 143
0 3 647 169 141
0 3 648 171 138
0 3 649 174 136
0 3 650 176 134
0 3 651 178 132
0 3 652 181 130
0 3 653 183 128
0 3 654 185 126
0 3 655 188 124
0 3 656 190 122
0 3 657 193 120
0 3 658 195 118
0 3 659 197 116
0 3 660 200 114
0 3 661 202 113
0 3 662 205 111
0 3 663 207 109
0 3 664 210 107
0 3 665 212 105
0 3 666 215 103
0 3 667 217 101
0 3 668 220 100
0 3 669 222 98
0 3 670 225 96
0 3 671 227 94
0 3 672 230 93
0 3 673 232 91
0 3 674 235 89
0 3 675 238 87
0 3 676 240 86
0 3 677 243 84
0 3 678 246 82
0 3 679 248 81
0 3 680 251 79
0 3 681 253 78
0 3 682 256 76
0 3 683 259 74
0 3 684 262 73
0 3 685 264 71
0 3 686 267 70
0 3 687 270 68
0 3 688 272 67
0 3 689 275 65
0 3 690 278 64
0 3 691 281 63
0 3 692 283 61
0 3 693 286 60
0 3 694 289 58
0 3 695 292 57
0 3 696 295 56
0 3 697 297 54
0 3 698 300 53
0 3 699 303 52
0 3 700 306 50
0 3 701 309 49
0 3 702 311 48
0 3 703 314 47
0 3 704 317 46
0 3 705 320 44
0 3 706 323 43
0 3 707 326 42
0 3 708 329 41
0 3 709 332 40
0 3 710 334 39
0 3 711 337 38
0 3 712 340 37
0 3 713 343 36
0 3 714 346 34
0 3 715 349 33
0 3 716 352 32
0 3 717 355 32
0 3 718 358 31
0 3 719 361 30
0 3 720 364 29
0 3 721 367 28
0 3 722 370 27
0 3 723 373 26
0 3 724 376 25
0 3 725 379 24
0 3 726 382 24
0 3 727 385 23
0 3 728 388 22
0 3 729 391 21
0 3 730 394 21
0 3 731 397 20
0 3 732 400 19
0 3 733 403 18
0 3 734 406 18
0 3 735 409 17
0 3 736 412 17
0 3 737 415 16
0 3 738 418 15
0 3 739 421 15
0 3 740 424 14
0 3 741 427 14
0 3 742 430 13
0 3 743 433 13
0 3 744 436 12
0 3 745 439 12
0 3 746 442 11
0 3 747 446 11
0 3 748 449 10
0 3 749 452 10
0 3 750 455 10
0 3 751 458 9
0 3 752 461 9
0 3 753 464 9
0 3 754 467 8
0 3 755 470 8
0 3 756 473 8
0 3 757 476 8
0 3 758 479 8
0 3 759 483 7
0 3 760 486 7
0 3 761 489 7
0 3 762 492 7
0 3 763 495 7
0 3 764 498 7
0 3 765 501 7
0 3 766 504 7
0 3 767 507 7
0 3 768 511 7
0 3 769 514 6
0 3 770 517 7
0 3 771 520 7
0 3 772 523 7
0 3 773 526 7
0 3 774 529 7
0 3 775 532 7
0 3 776 535 7
0 3 777 538 7
0 3 778 542 7
0 3 779 545 8
0 3 780 548 8
0 3 781 551 8
0 3 782 554 8
0 3 783 557 8
0 3 784 560 9
0 3 785 563 9
0 3 786 566 9
0 3 787 569 10
0 3 788 572 10
0 3 789 575 11
0 3 790 579 11
0 3 791 582 11
0 3 792 585 12
0 3 793 588 12
0 3 794 591 13
0 3 795 594 13
0 3 796 597 14
0 3 797 600 14
0 3 798 603 15
0 3 799 606 15
0 3 800 609 16
0 3 801 612 17
0 3 802 615 17
0 3 803 618 18
0 3 804 621 18
0 3 805 624 19
0 3 806 627 20
0 3 807 630 21
0 3 808 633 21
0 3 809 636 22
0 3 810 639 23
0 3 811 642 24
0 3 812 645 24
0 3 813 648 25
0 3 814 651 26
0 3 815 654 27
0 3 816 657 28
0 3 817 660 29
0 3 818 663 30
0 3 819 666 31
0 3 820 669 32
0 3 821 672 33
0 3 822 675 34
0 3 823 678 35
0 3 824 681 36
0 3 825 684 37
0 3 826 687 38
0 3 827 690 39
0 3 828 693 40
0 3 829 695 41
0 3 830 698 42
0 3 831 701 43
0 3 832 704 44
0 3 833 707 46
0 3 834 710 47
0 3 835 713 48
0 3 836 715 49
0 3 837 718 51
0 3 838 721 52
0 3 839 724 53
0 3 840 727 54
0 3 841 730 56
0 3 842 732 57
0 3 843 735 58
0 3 844 738 60
0 3 845 741 61
0 3 846 743 63
0 3 847 746 64
0 3 848 749 65
0 3 849 752 67
0 3 850 754 68
0 3 851 757 70
0 3 852 760 71
0 3 853 763 73
0 3 854 765 75
0 3 855 768 76
0 3 856 771 78
0 3 857 773 79
0 3 858 776 81
0 3 859 779 82
0 3 860 781 84
0 3 861 784 86
0 3 862 786 87
0 3 863 789 89
0 3 864 792 91
0 3 865 794 93
0 3 866 797 94
0 3 867 799 96
0 3 868 802 98
0 3 869 804 100
0 3 870 807 101
0 3 871 809 103
0 3 872 812 105
0 3 873 814 107
0 3 874 817 109
0 3 875 819 111
0 3 876 822 113
0 3 877 824 114
0 3 878 827 116
0 3 879 829 118
0 3 880 832 120
0 3 881 834 122
0 3 882 836 124
0 3 883 839 126
0 3 884 841 128
0 3 885 843 130
0 3 886 846 132
0 3 887 848 134
0 3 888 850 136
0 3 889 853 139
0 3 890 855 141
0 3 891 857 143
0 3 892 859 145
0 3 893 862 147
0 3 894 864 149
0 3 895 866 151
0 3 896 868 154
0 3 897 871 156
0 3 898 873 158
0 3 899 875 160
0 3 900 877 162
0 3 901 879 165
0 3 902 881 167
0 3 903 883 169
0 3 904 886 171
0 3 905 888 174
0 3 906 890 176
0 3 907 892 178
0 3 908 894 181
0 3 909 896 183
0 3 910 898 185
0 3 911 900 188
0 3 912 902 190
0 3 913 904 193
0 3 914 906 195
0 3 915 908 197
0 3 916 910 200
0 3 917 911 202
0 3 918 913 205
0 3 919 915 207
0 3 920 917 210
0 3 921 919 212
0 3 922 921 215
0 3 923 923 217
0 3 924 924 220
0 3 925 926 222
0 3 926 928 225
0 3 927 930 227
0 3 928 931 230
0 3 929 933 232
0 3 930 935 235
0 3 931 937 238
0 3 932 938 240
0 3 933 940 243
0 3 934 942 246
0 3 935 943 248
0 3 936 945 251
0 3 937 946 253
0 3 938 948 256
0 3 939 950 259
0 3 940 951 262
0 3 941 953 264
0 3 942 954 267
0 3 943 956 270
0 3 944 957 272
0 3 945 959 275
0 3 946 960 278
0 3 947 961 281
0 3 948 963 283
0 3 949 964 286
0 3 950 966 289
0 3 951 967 292
0 3 952 968 295
0 3 953 970 297
0 3 954 971 300
0 3 955 972 303
0 3 956 974 306
0 3 957 975 309
0 3 958 976 311
0 3 959 977 314
0 3 960 978 317
0 3 961 980 320
0 3 962 981 323
0 3 963 982 326
0 3 964 983 329
0 3 965 984 332
0 3 966 985 334
0 3 967 986 337
0 3 968 987 340
0 3 969 988 343
0 3 970 990 346
0 3 971 991 349
0 3 972 992 352
0 3 973 992 355
0 3 974 993 358
0 3 975 994 361
0 3 976 995 364
0 3 977 996 367
0 3 978 997 370
0 3 979 998 373
0 3 980 999 376
0 3 981 1000 379
0 3 982 1000 382
0 3 983 1001 385
0 3 984 1002 388
0 3 985 1003 391
0 3 986 1003 394
0 3 987 1004 397
0 3 988 1005 400
0 3 989 1006 403
0 3 990 1006 406
0 3 991 1007 409
0 3 992 1007 412
0 3 993 1008 415
0 3 994 1009 418
0 3 995 1009 421
0 3 996 1010 424
0 3 997 1010 427
0 3 998 1011 430
0 3 999 1011 433
0 3 1000 1012 436
0 3 1001 1012 439
0 3 1002 1013 442
0 3 1003 1013 446
0 3 1004 1014 449
0 3 1005 1014 452
0 3 1006 1014 455
0 3 1007 1015 458
0 3 1008 1015 461
0 3 1009 1015 464
0 3 1010 1016 467
0 3 1011 1016 470
0 3 1012 1016 473
0 3 1013 1016 476
0 3 1014 1016 479
0 3 1015 1017 483
0 3 1016 1017 486
0 3 1017 1017 489
0 3 1018 1017 492
0 3 1019 1017 495
0 3 1020 1017 498
0 3 1021 1017 501
0 3 1022 1017 504
0 3 1023 1017 507
1 0 0 1015 512
1 0 1 1015 515
1 0 2 1014 518
1 0 3 1014 521
1 0 4 1014 524
1 0 5 1014 527
1 0 6 1014 530
1 0 7 1014 533
1 0 8 1014 536
1 0 9 1014 539
1 0 10 1014 542
1 0 11 1013 545
1 0 12 1013 548
1 0 13 1013 552
1 0 14 1013 555
1 0 15 1012 558
1 0 16 1012 561
1 0 17 1012 564
1 0 18 1011 567
1 0 19 1011 570
1 0 20 1011 573
1 0 21 1010 576
1 0 22 1010 579
1 0 23 1010 582
1 0 24 1009 585
1 0 25 1009 588
1 0 26 1008 591
1 0 27 1008 594
1 0 28 1007 597
1 0 29 1007 600
1 0 30 1006 603
1 0 31 1006 607
1 0 32 1005 610
1 0 33 1004 613
1 0 34 1004 616
1 0 35 1003 619
1 0 36 1002 622
1 0 37 1002 625
1 0 38 1001 628
1 0 39 1000 631
1 0 40 1000 634
1 0 41 999 637
1 0 42 998 640
1 0 43 997 643
1 0 44 996 646
1 0 45 996 649
1 0 46 995 651
1 0 47 994 654
1 0 48 993 657
1 0 49 992 660
1 0 50 991 663
1 0 51 990 666
1 0 52 989 669
1 0 53 988 672
1 0 54 987 675
1 0 55 986 678
1 0 56 985 681
1 0 57 984 684
1 0 58 983 687
1 0 59 982 690
1 0 60 981 692
1 0 61 980 695
1 0 62 979 698
1 0 63 978 701
1 0 64 976 704
1 0 65 975 707
1 0 66 974 710
1 0 67 973 712
1 0 68 972 715
1 0 69 970 718
1 0 70 969 721
1 0 71 968 724
1 0 72 966 726
1 0 73 965 729
1 0 74 964 732
1 0 75 962 735
1 0 76 961 737
1 0 77 960 740
1 0 78 958 743
1 0 79 957 746
1 0 80 955 748
1 0 81 954 751
1 0 82 952 754
1 0 83 951 757
1 0 84 949 759
1 0 85 948 762
1 0 86 946 765
1 0 87 945 767
1 0 88 943 770
1 0 89 942 773
1 0 90 940 775
1 0 91 938 778
1 0 92 937 780
1 0 93 935 783
1 0 94 933 786
1 0 95 932 788
1 0 96 930 791
1 0 97 928 793
1 0 98 927 796
1 0 99 925 798
1 0 100 923 801
1 0 101 921 803
1 0 102 920 806
1 0 103 918 808
1 0 104 916 811
1 0 105 914 813
1 0 106 912 816
1 0 107 910 818
1 0 108 908 821
1 0 109 907 823
1 0 110 905 826
1 0 111 903 828
1 0 112 901 830
1 0 113 899 833
1 0 114 897 835
1 0 115 895 837
1 0 116 893 840
1 0 117 891 842
1 0 118 889 844
1 0 119 887 847
1 0 120 885 849
1 0 121 883 851
1 0 122 881 854
1 0 123 878 856
1 0 124 876 858
1 0 125 874 860
1 0 126 872 863
1 0 127 870 865
1 0 128 868 867
1 0 129 865 869
1 0 130 863 871
1 0 131 861 873
1 0 132 859 876
1 0 133 857 878
1 0 134 854 880
1 0 135 852 882
1 0 136 850 884
1 0 137 848 886
1 0 138 845 888
1 0 139 843 890
1 0 140 841 892
1 0 141 838 894
1 0 142 836 896
1 0 143 834 898
1 0 144 831 900
1 0 145 829 902
1 0 146 826 904
1 0 147 824 906
1 0 148 822 908
1 0 149 819 910
1 0 150 817 912
1 0 151 814 913
1 0 152 812 915
1 0 153 809 917
1 0 154 807 919
1 0 155 804 921
1 0 156 802 923
1 0 157 799 924
1 0 158 797 926
1 0 159 794 928
1 0 160 792 930
1 0 161 789 931
1 0 162 786 933
1 0 163 784 935
1 0 164 781 936
1 0 165 779 938
1 0 166 776 940
1 0 167 773 941
1 0 168 771 943
1 0 169 768 944
1 0 170 765 946
1 0 171 763 947
1 0 172 760 949
1 0 173 757 950
1 0 174 755 952
1 0 175 752 953
1 0 176 749 955
1 0 177 747 956
1 0 178 744 958
1 0 179 741 959
1 0 180 738 961
1 0 181 736 962
1 0 182 733 963
1 0 183 730 965
1 0 184 727 966
1 0 185 725 967
1 0 186 722 969
1 0 187 719 970
1 0 188 716 971
1 0 189 713 972
1 0 190 710 974
1 0 191 708 975
1 0 192 705 976
1 0 193 702 977
1 0 194 699 978
1 0 195 696 980
1 0 196 693 981
1 0 197 690 982
1 0 198 688 983
1 0 199 685 984
1 0 200 682 985
1 0 201 679 986
1 0 202 676 987
1 0 203 673 988
1 0 204 670 989
1 0 205 667 990
1 0 206 664 991
1 0 207 661 992
1 0 208 658 993
1 0 209 655 994
1 0 210 652 994
1 0 211 649 995
1 0 212 647 996
1 0 213 644 997
1 0 214 641 998
1 0 215 638 999
1 0 216 635 999
1 0 217 632 1000
1 0 218 629 1001
1 0 219 626 1002
1 0 220 623 1002
1 0 221 620 1003
1 0 222 617 1004
1 0 223 614 1004
1 0 224 611 1005
1 0 225 608 1005
1 0 226 604 1006
1 0 227 601 1006
1 0 228 598 1007
1 0 229 595 1008
1 0 230 592 1008
1 0 231 589 1009
1 0 232 586 1009
1 0 233 583 1009
1 0 234 580 1010
1 0 235 577 1010
1 0 236 574 1011
1 0 237 571 1011
1 0 238 568 1011
1 0 239 565 1012
1 0 240 562 1012
1 0 241 559 1012
1 0 242 556 1013
1 0 243 553 1013
1 0 244 549 1013
1 0 245 546 1013
1 0 246 543 1014
1 0 247 540 1014
1 0 248 537 1014
1 0 249 534 1014
1 0 250 531 1014
1 0 251 528 1014
1 0 252 525 1014
1 0 253 522 1014
1 0 254 519 1014
1 0 255 516 1014
1 0 256 513 1015
1 0 257 509 1015
1 0 258 506 1014
1 0 259 503 1014
1 0 260 500 1014
1 0 261 497 1014
1 0 262 494 1014
1 0 263 491 1014
1 0 264 488 1014
1 0 265 485 1014
1 0 266 482 1014
1 0 267 479 1013
1 0 268 476 1013
1 0 269 472 1013
1 0 270 469 1013
1 0 271 466 1012
1 0 272 463 1012
1 0 273 460 1012
1 0 274 457 1011
1 0 275 454 1011
1 0 276 451 1011
1 0 277 448 1010
1 0 278 445 1010
1 0 279 442 1010
1 0 280 439 1009
1 0 281 436 1009
1 0 282 433 1008
1 0 283 430 1008
1 0 284 427 1007
1 0 285 424 1007
1 0 286 421 1006
1 0 287 417 1006
1 0 288 414 1005
1 0 289 411 1004
1 0 290 408 1004
1 0 291 405 1003
1 0 292 402 1002
1 0 293 399 1002
1 0 294 396 1001
1 0 295 393 1000
1 0 296 390 1000
1 0 297 387 999
1 0 298 384 998
1 0 299 381 997
1 0 300 378 996
1 0 301 375 996
1 0 302 373 995
1 0 303 370 994
1 0 304 367 993
1 0 305 364 992
1 0 306 361 991
1 0 307 358 990
1 0 308 355 989
1 0 309 352 988
1 0 310 349 987
1 0 311 346 986
1 0 312 343 985
1 0 313 340 984
1 0 314 337 983
1 0 315 334 982
1 0 316 332 981
1 0 317 329 980
1 0 318 326 979
1 0 319 323 978
1 0 320 320 976
1 0 321 317 975
1 0 322 314 974
1 0 323 312 973
1 0 324 309 972
1 0 325 306 970
1 0 326 303 969
1 0 327 300 968
1 0 328 298 966
1 0 329 295 965
1 0 330 292 964
1 0 331 289 962
1 0 332 287 961
1 0 333 284 960
1 0 334 281 958
1 0 335 278 957
1 0 336 276 955
1 0 337 273 954
1 0 338 270 952
1 0 339 267 951
1 0 340 265 949
1 0 341 262 948
1 0 342 259 946
1 0 343 257 945
1 0 344 254 943
1 0 345 251 942
1 0 346 249 940
1 0 347 246 938
1 0 348 244 937
1 0 349 241 935
1 0 350 238 933
1 0 351 236 932
1 0 352 233 930
1 0 353 231 928
1 0 354 228 927
1 0 355 226 925
1 0 356 223 923
1 0 357 221 921
1 0 358 218 920
1 0 359 216 918
1 0 360 213 916
1 0 361 211 914
1 0 362 208 912
1 0 363 206 910
1 0 364 203 908
1 0 365 201 907
1 0 366 198 905
1 0 367 196 903
1 0 368 194 901
1 0 369 191 899
1 0 370 189 897
1 0 371 187 895
1 0 372 184 893
1 0 373 182 891
1 0 374 180 889
1 0 375 177 887
1 0 376 175 885
1 0 377 173 883
1 0 378 170 881
1 0 379 168 878
1 0 380 166 876
1 0 381 164 874
1 0 382 161 872
1 0 383 159 870
1 0 384 157 868
1 0 385 155 865
1 0 386 153 863
1 0 387 151 861
1 0 388 148 859
1 0 389 146 857
1 0 390 144 854
1 0 391 142 852
1 0 392 140 850
1 0 393 138 848
1 0 394 136 845
1 0 395 134 843
1 0 396 132 841
1 0 397 130 838
1 0 398 128 836
1 0 399 126 834
1 0 400 124 831
1 0 401 122 829
1 0 402 120 826
1 0 403 118 824
1 0 404 116 822
1 0 405 114 819
1 0 406 112 817
1 0 407 111 814
1 0 408 109 812
1 0 409 107 809
1 0 410 105 807
1 0 411 103 804
1 0 412 101 802
1 0 413 100 799
1 0 414 98 797
1 0 415 96 794
1 0 416 94 792
1 0 417 93 789
1 0 418 91 786
1 0 419 89 784
1 0 420 88 781
1 0 421 86 779
1 0 422 84 776
1 0 423 83 773
1 0 424 81 771
1 0 425 80 768
1 0 426 78 765
1 0 427 77 763
1 0 428 75 760
1 0 429 74 757
1 0 430 72 755
1 0 431 71 752
1 0 432 69 749
1 0 433 68 747
1 0 434 66 744
1 0 435 65 741
1 0 436 63 738
1 0 437 62 736
1 0 438 61 733
1 0 439 59 730
1 0 440 58 727
1 0 441 57 725
1 0 442 55 722
1 0 443 54 719
1 0 444 53 716
1 0 445 52 713
1 0 446 50 710
1 0 447 49 708
1 0 448 48 705
1 0 449 47 702
1 0 450 46 699
1 0 451 44 696
1 0 452 43 693
1 0 453 42 690
1 0 454 41 688
1 0 455 40 685
1 0 456 39 682
1 0 457 38 679
1 0 458 37 676
1 0 459 36 673
1 0 460 35 670
1 0 461 34 667
1 0 462 33 664
1 0 463 32 661
1 0 464 31 658
1 0 465 30 655
1 0 466 30 652
1 0 467 29 649
1 0 468 28 647
1 0 469 27 644
1 0 470 26 641
1 0 471 25 638
1 0 472 25 635
1 0 473 24 632
1 0 474 23 629
1 0 475 22 626
1 0 476 22 623
1 0 477 21 620
1 0 478 20 617
1 0 479 20 614
1 0 480 19 611
1 0 481 19 608
1 0 482 18 604
1 0 483 18 601
1 0 484 17 598
1 0 485 16 595
1 0 486 16 592
1 0 487 15 589
1 0 488 15 586
1 0 489 15 583
1 0 490 14 580
1 0 491 14 577
1 0 492 13 574
1 0 493 13 571
1 0 494 13 568
1 0 495 12 565
1 0 496 12 562
1 0 497 12 559
1 0 498 11 556
1 0 499 11 553
1 0 500 11 549
1 0 501 11 546
1 0 502 10 543
1 0 503 10 540
1 0 504 10 537
1 0 505 10 534
1 0 506 10 531
1 0 507 10 528
1 0 508 10 525
1 0 509 10 522
1 0 510 10 519
1 0 511 10 516
1 0 512 10 513
1 0 513 9 509
1 0 514 10 506
1 0 515 10 503
1 0 516 10 500
1 0 517 10 497
1 0 518 10 494
1 0 519 10 491
1 0 520 10 488
1 0 521 10 485
1 0 522 10 482
1 0 523 11 479
1 0 524 11 476
1 0 525 11 472
1 0 526 11 469
1 0 527 12 466
1 0 528 12 463
1 0 529 12 460
1 0 530 13 457
1 0 531 13 454
1 0 532 13 451
1 0 533 14 448
1 0 534 14 445
1 0 535 14 442
1 0 536 15 439
1 0 537 15 436
1 0 538 16 433
1 0 539 16 430
1 0 540 17 427
1 0 541 17 424
1 0 542 18 421
1 0 543 18 417
1 0 544 19 414
1 0 545 20 411
1 0 546 20 408
1 0 547 21 405
1 0 548 22 402
1 0 549 22 399
1 0 550 23 396
1 0 551 24 393
1 0 552 24 390
1 0 553 25 387
1 0 554 26 384
1 0 555 27 381
1 0 556 28 378
1 0 557 28 375
1 0 558 29 373
1 0 559 30 370
1 0 560 31 367
1 0 561 32 364
1 0 562 33 361
1 0 563 34 358
1 0 564 35 355
1 0 565 36 352
1 0 566 37 349
1 0 567 38 346
1 0 568 39 343
1 0 569 40 340
1 0 570 41 337
1 0 571 42 334
1 0 572 43 332
1 0 573 44 329
1 0 574 45 326
1 0 575 46 323
1 0 576 48 320
1 0 577 49 317
1 0 578 50 314
1 0 579 51 312
1 0 580 52 309
1 0 581 54 306
1 0 582 55 303
1 0 583 56 300
1 0 584 58 298
1 0 585 59 295
1 0 586 60 292
1 0 587 62 289
1 0 588 63 287
1 0 589 64 284
1 0 590 66 281
1 0 591 67 278
1 0 592 69 276
1 0 593 70 273
1 0 594 72 270
1 0 595 73 267
1 0 596 75 265
1 0 597 76 262
1 0 598 78 259
1 0 599 79 257
1 0 600 81 254
1 0 601 82 251
1 0 602 84 249
1 0 603 86 246
1 0 604 87 244
1 0 605 89 241
1 0 606 91 238
1 0 607 92 236
1 0 608 94 233
1 0 609 96 231
1 0 610 97 228
1 0 611 99 226
1 0 612 101 223
1 0 613 103 221
1 0 614 104 218
1 0 615 106 216
1 0 616 108 213
1 0 617 110 211
1 0 618 112 208
1 0 619 114 206
1 0 620 116 203
1 0 621 117 201
1 0 622 119 198
1 0 623 121 196
1 0 624 123 194
1 0 625 125 191
1 0 626 127 189
1 0 627 129 187
1 0 628 131 184
1 0 629 133 182
1 0 630 135 180
1 0 631 137 177
1 0 632 139 175
1 0 633 141 173
1 0 634 143 170
1 0 635 146 168
1 0 636 148 166
1 0 637 150 164
1 0 638 152 161
1 0 639 154 159
1 0 640 156 157
1 0 641 159 155
1 0 642 161 153
1 0 643 163 151
1 0 644 165 148
1 0 645 167 146
1 0 646 170 144
1 0 647 172 142
1 0 648 174 140
1 0 649 176 138
1 0 650 179 136
1 0 651 181 134
1 0 652 183 132
1 0 653 186 130
1 0 654 188 128
1 0 655 190 126
1 0 656 193 124
1 0 657 195 122
1 0 658 198 120
1 0 659 200 118
1 0 660 202 116
1 0 661 205 114
1 0 662 207 112
1 0 663 210 111
1 0 664 212 109
1 0 665 215 107
1 0 666 217 105
1 0 667 220 103
1 0 668 222 101
1 0 669 225 100
1 0 670 227 98
1 0 671 230 96
1 0 672 232 94
1 0 673 235 93
1 0 674 238 91
1 0 675 240 89
1 0 676 243 88
1 0 677 245 86
1 0 678 248 84
1 0 679 251 83
1 0 680 253 81
1 0 681 256 80
1 0 682 259 78
1 0 683 261 77
1 0 684 264 75
1 0 685 267 74
1 0 686 269 72
1 0 687 272 71
1 0 688 275 69
1 0 689 277 68
1 0 690 280 66
1 0 691 283 65
1 0 692 286 63
1 0 693 288 62
1 0 694 291 61
1 0 695 294 59
1 0 696 297 58
1 0 697 299 57
1 0 698 302 55
1 0 699 305 54
1 0 700 308 53
1 0 701 311 52
1 0 702 314 50
1 0 703 316 49
1 0 704 319 48
1 0 705 322 47
1 0 706 325 46
1 0 707 328 44
1 0 708 331 43
1 0 709 334 42
1 0 710 336 41
1 0 711 339 40
1 0 712 342 39
1 0 713 345 38
1 0 714 348 37
1 0 715 351 36
1 0 716 354 35
1 0 717 357 34
1 0 718 360 33
1 0 719 363 32
1 0 720 366 31
1 0 721 369 30
1 0 722 372 30
1 0 723 375 29
1 0 724 377 28
1 0 725 380 27
1 0 726 383 26
1 0 727 386 25
1 0 728 389 25
1 0 729 392 24
1 0 730 395 23
1 0 731 398 22
1 0 732 401 22
1 0 733 404 21
1 0 734 407 20
1 0 735 410 20
1 0 736 413 19
1 0 737 416 19
1 0 738 420 18
1 0 739 423 18
1 0 740 426 17
1 0 741 429 16
1 0 742 432 16
1 0 743 435 15
1 0 744 438 15
1 0 745 441 15
1 0 746 444 14
1 0 747 447 14
1 0 748 450 13
1 0 749 453 13
1 0 750 456 13
1 0 751 459 12
1 0 752 462 12
1 0 753 465 12
1 0 754 468 11
1 0 755 471 11
1 0 756 475 11
1 0 757 478 11
1 0 758 481 10
1 0 759 484 10
1 0 760 487 10
1 0 761 490 10
1 0 762 493 10
1 0 763 496 10
1 0 764 499 10
1 0 765 502 10
1 0 766 505 10
1 0 767 508 10
1 0 768 512 10
1 0 769 515 9
1 0 770 518 10
1 0 771 521 10
1 0 772 524 10
1 0 773 527 10
1 0 774 530 10
1 0 775 533 10
1 0 776 536 10
1 0 777 539 10
1 0 778 542 10
1 0 779 545 11
1 0 780 548 11
1 0 781 552 11
1 0 782 555 11
1 0 783 558 12
1 0 784 561 12
1 0 785 564 12
1 0 786 567 13
1 0 787 570 13
1 0 788 573 13
1 0 789 576 14
1 0 790 579 14
1 0 791 582 14
1 0 792 585 15
1 0 793 588 15
1 0 794 591 16
1 0 795 594 16
1 0 796 597 17
1 0 797 600 17
1 0 798 603 18
1 0 799 607 18
1 0 800 610 19
1 0 801 613 20
1 0 802 616 20
1 0 803 619 21
1 0 804 622 22
1 0 805 625 22
1 0 806 628 23
1 0 807 631 24
1 0 808 634 24
1 0 809 637 25
1 0 810 640 26
1 0 811 643 27
1 0 812 646 28
1 0 813 649 28
1 0 814 651 29
1 0 815 654 30
1 0 816 657 31
1 0 817 660 32
1 0 818 663 33
1 0 819 666 34
1 0 820 669 35
1 0 821 672 36
1 0 822 675 37
1 0 823 678 38
1 0 824 681 39
1 0 825 684 40
1 0 826 687 41
1 0 827 690 42
1 0 828 692 43
1 0 829 695 44
1 0 830 698 45
1 0 831 701 46
1 0 832 704 48
1 0 833 707 49
1 0 834 710 50
1 0 835 712 51
1 0 836 715 52
1 0 837 718 54
1 0 838 721 55
1 0 839 724 56
1 0 840 726 58
1 0 841 729 59
1 0 842 732 60
1 0 843 735 62
1 0 844 737 63
1 0 845 740 64
1 0 846 743 66
1 0 847 746 67
1 0 848 748 69
1 0 849 751 70
1 0 850 754 72
1 0 851 757 73
1 0 852 759 75
1 0 853 762 76
1 0 854 765 78
1 0 855 767 79
1 0 856 770 81
1 0 857 773 82
1 0 858 775 84
1 0 859 778 86
1 0 860 780 87
1 0 861 783 89
1 0 862 786 91
1 0 863 788 92
1 0 864 791 94
1 0 865 793 96
1 0 866 796 97
1 0 867 798 99
1 0 868 801 101
1 0 869 803 103
1 0 870 806 104
1 0 871 808 106
1 0 872 811 108
1 0 873 813 110
1 0 874 816 112
1 0 875 818 114
1 0 876 821 116
1 0 877 823 117
1 0 878 826 119
1 0 879 828 121
1 0 880 830 123
1 0 881 833 125
1 0 882 835 127
1 0 883 837 129
1 0 884 840 131
1 0 885 842 133
1 0 886 844 135
1 0 887 847 137
1 0 888 849 139
1 0 889 851 141
1 0 890 854 143
1 0 891 856 146
1 0 892 858 148
1 0 893 860 150
1 0 894 863 152
1 0 895 865 154
1 0 896 867 156
1 0 897 869 159
1 0 898 871 161
1 0 899 873 163
1 0 900 876 165
1 0 901 878 167
1 0 902 880 170
1 0 903 882 172
1 0 904 884 174
1 0 905 886 176
1 0 906 888 179
1 0 907 890 181
1 0 908 892 183
1 0 909 894 186
1 0 910 896 188
1 0 911 898 190
1 0 912 900 193
1 0 913 902 195
1 0 914 904 198
1 0 915 906 200
1 0 916 908 202
1 0 917 910 205
1 0 918 912 207
1 0 919 913 210
1 0 920 915 212
1 0 921 917 215
1 0 922 919 217
1 0 923 921 220
1 0 924 923 222
1 0 925 924 225
1 0 926 926 227
1 0 927 928 230
1 0 928 930 232
1 0 929 931 235
1 0 930 933 238
1 0 931 935 240
1 0 932 936 243
1 0 933 938 245
1 0 934 940 248
1 0 935 941 251
1 0 936 943 253
1 0 937 944 256
1 0 938 946 259
1 0 939 947 261
1 0 940 949 264
1 0 941 950 267
1 0 942 952 269
1 0 943 953 272
1 0 944 955 275
1 0 945 956 277
1 0 946 958 280
1 0 947 959 283
1 0 948 961 286
1 0 949 962 288
1 0 950 963 291
1 0 951 965 294
1 0 952 966 297
1 0 953 967 299
1 0 954 969 302
1 0 955 970 305
1 0 956 971 308
1 0 957 972 311
1 0 958 974 314
1 0 959 975 316
1 0 960 976 319
1 0 961 977 322
1 0 962 978 325
1 0 963 980 328
1 0 964 981 331
1 0 965 982 334
1 0 966 983 336
1 0 967 984 339
1 0 968 985 342
1 0 969 986 345
1 0 970 987 348
1 0 971 988 351
1 0 972 989 354
1 0 973 990 357
1 0 974 991 360
1 0 975 992 363
1 0 976 993 366
1 0 977 994 369
1 0 978 994 372
1 0 979 995 375
1 0 980 996 377
1 0 981 997 380
1 0 982 998 383
1 0 983 999 386
1 0 984 999 389
1 0 985 1000 392
1 0 986 1001 395
1 0 987 1002 398
1 0 988 1002 401
1 0 989 1003 404
1 0 990 1004 407
1 0 991 1004 410
1 0 992 1005 413
1 0 993 1005 416
1 0 994 1006 420
1 0 995 1006 423
1 0 996 1007 426
1 0 997 1008 429
1 0 998 1008 432
1 0 999 1009 435
1 0 1000 1009 438
1 0 1001 1009 441
1 0 1002 1010 444
1 0 1003 1010 447
1 0 1004 1011 450
1 0 1005 1011 453
1 0 1006 1011 456
1 0 1007 1012 459
1 0 1008 1012 462
1 0 1009 1012 465
1 0 1010 1013 468
1 0 1011 1013 471
1 0 1012 1013 475
1 0 1013 1013 478
1 0 1014 1014 481
1 0 1015 1014 484
1 0 1016 1014 487
1 0 1017 1014 490
1 0 1018 1014 493
1 0 1019 1014 496
1 0 1020 1014 499
1 0 1021 1014 502
1 0 1022 1014 505
1 0 1023 1014 508
1 1 0 1016 512
1 1 1 1016 515
1 1 2 1015 518
1 1 3 1015 521
1 1 4 1015 524
1 1 5 1015 527
1 1 6 1015 530
1 1 7 1015 533
1 1 8 1015 536
1 1 9 1015 539
1 1 10 1015 542
1 1 11 1014 545
1 1 12 1014 549
1 1 13 1014 552
1 1 14 1014 555
1 1 15 1013 558
1 1 16 1013 561
1 1 17 1013 564
1 1 18 1012 567
1 1 19 1012 570
1 1 20 1012 573
1 1 21 1011 576
1 1 22 1011 579
1 1 23 1011 582
1 1 24 1010 585
1 1 25 1010 588
1 1 26 1009 591
1 1 27 1009 595
1 1 28 1008 598
1 1 29 1008 601
1 1 30 1007 604
1 1 31 1006 607
1 1 32 1006 610
1 1 33 1005 613
1 1 34 1005 616
1 1 35 1004 619
1 1 36 1003 622
1 1 37 1003 625
1 1 38 1002 628
1 1 39 1001 631
1 1 40 1001 634
1 1 41 1000 637
1 1 42 999 640
1 1 43 998 643
1 1 44 997 646
1 1 45 997 649
1 1 46 996 652
1 1 47 995 655
1 1 48 994 658
1 1 49 993 661
1 1 50 992 664
1 1 51 991 667
1 1 52 990 669
1 1 53 989 672
1 1 54 988 675
1 1 55 987 678
1 1 56 986 681
1 1 57 985 684
1 1 58 984 687
1 1 59 983 690
1 1 60 982 693
1 1 61 981 696
1 1 62 980 699
1 1 63 979 701
1 1 64 977 704
1 1 65 976 707
1 1 66 975 710
1 1 67 974 713
1 1 68 972 716
1 1 69 971 718
1 1 70 970 721
1 1 71 969 724
1 1 72 967 727
1 1 73 966 730
1 1 74 965 732
1 1 75 963 735
1 1 76 962 738
1 1 77 961 741
1 1 78 959 743
1 1 79 958 746
1 1 80 956 749
1 1 81 955 752
1 1 82 953 754
1 1 83 952 757
1 1 84 950 760
1 1 85 949 762
1 1 86 947 765
1 1 87 946 768
1 1 88 944 770
1 1 89 943 773
1 1 90 941 776
1 1 91 939 778
1 1 92 938 781
1 1 93 936 784
1 1 94 934 786
1 1 95 933 789
1 1 96 931 791
1 1 97 929 794
1 1 98 927 796
1 1 99 926 799
1 1 100 924 802
1 1 101 922 804
1 1 102 920 807
1 1 103 919 809
1 1 104 917 812
1 1 105 915 814
1 1 106 913 816
1 1 107 911 819
1 1 108 909 821
1 1 109 907 824
1 1 110 905 826
1 1 111 903 829
1 1 112 902 831
1 1 113 900 833
1 1 114 898 836
1 1 115 896 838
1 1 116 894 841
1 1 117 892 843
1 1 118 890 845
1 1 119 887 847
1 1 120 885 850
1 1 121 883 852
1 1 122 881 854
1 1 123 879 857
1 1 124 877 859
1 1 125 875 861
1 1 126 873 863
1 1 127 871 865
1 1 128 868 868
1 1 129 866 870
1 1 130 864 872
1 1 131 862 874
1 1 132 860 876
1 1 133 857 878
1 1 134 855 881
1 1 135 853 883
1 1 136 851 885
1 1 137 848 887
1 1 138 846 889
1 1 139 844 891
1 1 140 841 893
1 1 141 839 895
1 1 142 837 897
1 1 143 834 899
1 1 144 832 901
1 1 145 829 903
1 1 146 827 905
1 1 147 825 907
1 1 148 822 909
1 1 149 820 911
1 1 150 817 912
1 1 151 815 914
1 1 152 812 916
1 1 153 810 918
1 1 154 807 920
1 1 155 805 922
1 1 156 802 923
1 1 157 800 925
1 1 158 797 927
1 1 159 795 929
1 1 160 792 930
1 1 161 790 932
1 1 162 787 934
1 1 163 784 935
1 1 164 782 937
1 1 165 779 939
1 1 166 777 940
1 1 167 774 942
1 1 168 771 944
1 1 169 769 945
1 1 170 766 947
1 1 171 763 948
1 1 172 761 950
1 1 173 758 951
1 1 174 755 953
1 1 175 753 954
1 1 176 750 956
1 1 177 747 957
1 1 178 744 959
1 1 179 742 960
1 1 180 739 962
1 1 181 736 963
1 1 182 733 964
1 1 183 731 966
1 1 184 728 967
1 1 185 725 968
1 1 186 722 970
1 1 187 719 971
1 1 188 716 972
1 1 189 714 973
1 1 190 711 975
1 1 191 708 976
1 1 192 705 977
1 1 193 702 978
1 1 194 699 979
1 1 195 697 980
1 1 196 694 982
1 1 197 691 983
1 1 198 688 984
1 1 199 685 985
1 1 200 682 986
1 1 201 679 987
1 1 202 676 988
1 1 203 673 989
1 1 204 670 990
1 1 205 667 991
1 1 206 665 992
1 1 207 662 993
1 1 208 659 994
1 1 209 656 995
1 1 210 653 995
1 1 211 650 996
1 1 212 647 997
1 1 213 644 998
1 1 214 641 999
1 1 215 638 1000
1 1 216 635 1000
1 1 217 632 1001
1 1 218 629 1002
1 1 219 626 1002
1 1 220 623 1003
1 1 221 620 1004
1 1 222 617 1004
1 1 223 614 1005
1 1 224 611 1006
1 1 225 608 1006
1 1 226 605 1007
1 1 227 602 1007
1 1 228 599 1008
1 1 229 596 1009
1 1 230 592 1009
1 1 231 589 1010
1 1 232 586 1010
1 1 233 583 1010
1 1 234 580 1011
1 1 235 577 1011
1 1 236 574 1012
1 1 237 571 1012
1 1 238 568 1012
1 1 239 565 1013
1 1 240 562 1013
1 1 241 559 1013
1 1 242 556 1014
1 1 243 553 1014
1 1 244 550 1014
1 1 245 546 1014
1 1 246 543 1015
1 1 247 540 1015
1 1 248 537 1015
1 1 249 534 1015
1 1 250 531 1015
1 1 251 528 1015
1 1 252 525 1015
1 1 253 522 1015
1 1 254 519 1015
1 1 255 516 1015
1 1 256 513 1016
1 1 257 509 1016
1 1 258 506 1015
1 1 259 503 1015
1 1 260 500 1015
1 1 261 497 1015
1 1 262 494 1015
1 1 263 491 1015
1 1 264 488 1015
1 1 265 485 1015
1 1 266 482 1015
1 1 267 479 1014
1 1 268 475 1014
1 1 269 472 1014
1 1 270 469 1014
1 1 271 466 1013
1 1 272 463 1013
1 1 273 460 1013
1 1 274 457 1012
1 1 275 454 1012
1 1 276 451 1012
1 1 277 448 1011
1 1 278 445 1011
1 1 279 442 1011
1 1 280 439 1010
1 1 281 436 1010
1 1 282 433 1009
1 1 283 429 1009
1 1 284 426 1008
1 1 285 423 1008
1 1 286 420 1007
1 1 287 417 1006
1 1 288 414 1006
1 1 289 411 1005
1 1 290 408 1005
1 1 291 405 1004
1 1 292 402 1003
1 1 293 399 1003
1 1 294 396 1002
1 1 295 393 1001
1 1 296 390 1001
1 1 297 387 1000
1 1 298 384 999
1 1 299 381 998
1 1 300 378 997
1 1 301 375 997
1 1 302 372 996
1 1 303 369 995
1 1 304 366 994
1 1 305 363 993
1 1 306 360 992
1 1 307 357 991
1 1 308 355 990
1 1 309 352 989
1 1 310 349 988
1 1 311 346 987
1 1 312 343 986
1 1 313 340 985
1 1 314 337 984
1 1 315 334 983
1 1 316 331 982
1 1 317 328 981
1 1 318 325 980
1 1 319 323 979
1 1 320 320 977
1 1 321 317 976
1 1 322 314 975
1 1 323 311 974
1 1 324 308 972
1 1 325 306 971
1 1 326 303 970
1 1 327 300 969
1 1 328 297 967
1 1 329 294 966
1 1 330 292 965
1 1 331 289 963
1 1 332 286 962
1 1 333 283 961
1 1 334 281 959
1 1 335 278 958
1 1 336 275 956
1 1 337 272 955
1 1 338 270 953
1 1 339 267 952
1 1 340 264 950
1 1 341 262 949
1 1 342 259 947
1 1 343 256 946
1 1 344 254 944
1 1 345 251 943
1 1 346 248 941
1 1 347 246 939
1 1 348 243 938
1 1 349 240 936
1 1 350 238 934
1 1 351 235 933
1 1 352 233 931
1 1 353 230 929
1 1 354 228 927
1 1 355 225 926
1 1 356 222 924
1 1 357 220 922
1 1 358 217 920
1 1 359 215 919
1 1 360 212 917
1 1 361 210 915
1 1 362 208 913
1 1 363 205 911
1 1 364 203 909
1 1 365 200 907
1 1 366 198 905
1 1 367 195 903
1 1 368 193 902
1 1 369 191 900
1 1 370 188 898
1 1 371 186 896
1 1 372 183 894
1 1 373 181 892
1 1 374 179 890
1 1 375 177 887
1 1 376 174 885
1 1 377 172 883
1 1 378 170 881
1 1 379 167 879
1 1 380 165 877
1 1 381 163 875
1 1 382 161 873
1 1 383 159 871
1 1 384 156 868
1 1 385 154 866
1 1 386 152 864
1 1 387 150 862
1 1 388 148 860
1 1 389 146 857
1 1 390 143 855
1 1 391 141 853
1 1 392 139 851
1 1 393 137 848
1 1 394 135 846
1 1 395 133 844
1 1 396 131 841
1 1 397 129 839
1 1 398 127 837
1 1 399 125 834
1 1 400 123 832
1 1 401 121 829
1 1 402 119 827
1 1 403 117 825
1 1 404 115 822
1 1 405 113 820
1 1 406 112 817
1 1 407 110 815
1 1 408 108 812
1 1 409 106 810
1 1 410 104 807
1 1 411 102 805
1 1 412 101 802
1 1 413 99 800
1 1 414 97 797
1 1 415 95 795
1 1 416 94 792
1 1 417 92 790
1 1 418 90 787
1 1 419 89 784
1 1 420 87 782
1 1 421 85 779
1 1 422 84 777
1 1 423 82 774
1 1 424 80 771
1 1 425 79 769
1 1 426 77 766
1 1 427 76 763
1 1 428 74 761
1 1 429 73 758
1 1 430 71 755
1 1 431 70 753
1 1 432 68 750
1 1 433 67 747
1 1 434 65 744
1 1 435 64 742
1 1 436 62 739
1 1 437 61 736
1 1 438 60 733
1 1 439 58 731
1 1 440 57 728
1 1 441 56 725
1 1 442 54 722
1 1 443 53 719
1 1 444 52 716
1 1 445 51 714
1 1 446 49 711
1 1 447 48 708
1 1 448 47 705
1 1 449 46 702
1 1 450 45 699
1 1 451 44 697
1 1 452 42 694
1 1 453 41 691
1 1 454 40 688
1 1 455 39 685
1 1 456 38 682
1 1 457 37 679
1 1 458 36 676
1 1 459 35 673
1 1 460 34 670
1 1 461 33 667
1 1 462 32 665
1 1 463 31 662
1 1 464 30 659
1 1 465 29 656
1 1 466 29 653
1 1 467 28 650
1 1 468 27 647
1 1 469 26 644
1 1 470 25 641
1 1 471 24 638
1 1 472 24 635
1 1 473 23 632
1 1 474 22 629
1 1 475 22 626
1 1 476 21 623
1 1 477 20 620
1 1 478 20 617
1 1 479 19 614
1 1 480 18 611
1 1 481 18 608
1 1 482 17 605
1 1 483 17 602
1 1 484 16 599
1 1 485 15 596
1 1 486 15 592
1 1 487 14 589
1 1 488 14 586
1 1 489 14 583
1 1 490 13 580
1 1 491 13 577
1 1 492 12 574
1 1 493 12 571
1 1 494 12 568
1 1 495 11 565
1 1 496 11 562
1 1 497 11 559
1 1 498 10 556
1 1 499 10 553
1 1 500 10 550
1 1 501 10 546
1 1 502 9 543
1 1 503 9 540
1 1 504 9 537
1 1 505 9 534
1 1 506 9 531
1 1 507 9 528
1 1 508 9 525
1 1 509 9 522
1 1 510 9 519
1 1 511 9 516
1 1 512 9 513
1 1 513 8 509
1 1 514 9 506
1 1 515 9 503
1 1 516 9 500
1 1 517 9 497
1 1 518 9 494
1 1 519 9 491
1 1 520 9 488
1 1 521 9 485
1 1 522 9 482
1 1 523 10 479
1 1 524 10 475
1 1 525 10 472
1 1 526 10 469
1 1 527 11 466
1 1 528 11 463
1 1 529 11 460
1 1 530 12 457
1 1 531 12 454
1 1 532 12 451
1 1 533 13 448
1 1 534 13 445
1 1 535 13 442
1 1 536 14 439
1 1 537 14 436
1 1 538 15 433
1 1 539 15 429
1 1 540 16 426
1 1 541 16 423
1 1 542 17 420
1 1 543 18 417
1 1 544 18 414
1 1 545 19 411
1 1 546 19 408
1 1 547 20 405
1 1 548 21 402
1 1 549 21 399
1 1 550 22 396
1 1 551 23 393
1 1 552 23 390
1 1 553 24 387
1 1 554 25 384
1 1 555 26 381
1 1 556 27 378
1 1 557 27 375
1 1 558 28 372
1 1 559 29 369
1 1 560 30 366
1 1 561 31 363
1 1 562 32 360
1 1 563 33 357
1 1 564 34 355
1 1 565 35 352
1 1 566 36 349
1 1 567 37 346
1 1 568 38 343
1 1 569 39 340
1 1 570 40 337
1 1 571 41 334
1 1 572 42 331
1 1 573 43 328
1 1 574 44 325
1 1 575 45 323
1 1 576 47 320
1 1 577 48 317
1 1 578 49 314
1 1 579 50 311
1 1 580 52 308
1 1 581 53 306
1 1 582 54 303
1 1 583 55 300
1 1 584 57 297
1 1 585 58 294
1 1 586 59 292
1 1 587 61 289
1 1 588 62 286
1 1 589 63 283
1 1 590 65 281
1 1 591 66 278
1 1 592 68 275
1 1 593 69 272
1 1 594 71 270
1 1 595 72 267
1 1 596 74 264
1 1 597 75 262
1 1 598 77 259
1 1 599 78 256
1 1 600 80 254
1 1 601 81 251
1 1 602 83 248
1 1 603 85 246
1 1 604 86 243
1 1 605 88 240
1 1 606 90 238
1 1 607 91 235
1 1 608 93 233
1 1 609 95 230
1 1 610 97 228
1 1 611 98 225
1 1 612 100 222
1 1 613 102 220
1 1 614 104 217
1 1 615 105 215
1 1 616 107 212
1 1 617 109 210
1 1 618 111 208
1 1 619 113 205
1 1 620 115 203
1 1 621 117 200
1 1 622 119 198
1 1 623 121 195
1 1 624 122 193
1 1 625 124 191
1 1 626 126 188
1 1 627 128 186
1 1 628 130 183
1 1 629 132 181
1 1 630 134 179
1 1 631 137 177
1 1 632 139 174
1 1 633 141 172
1 1 634 143 170
1 1 635 145 167
1 1 636 147 165
1 1 637 149 163
1 1 638 151 161
1 1 639 153 159
1 1 640 156 156
1 1 641 158 154
1 1 642 160 152
1 1 643 162 150
1 1 644 164 148
1 1 645 167 146
1 1 646 169 143
1 1 647 171 141
1 1 648 173 139
1 1 649 176 137
1 1 650 178 135
1 1 651 180 133
1 1 652 183 131
1 1 653 185 129
1 1 654 187 127
1 1 655 190 125
1 1 656 192 123
1 1 657 195 121
1 1 658 197 119
1 1 659 199 117
1 1 660 202 115
1 1 661 204 113
1 1 662 207 112
1 1 663 209 110
1 1 664 212 108
1 1 665 214 106
1 1 666 217 104
1 1 667 219 102
1 1 668 222 101
1 1 669 224 99
1 1 670 227 97
1 1 671 229 95
1 1 672 232 94
1 1 673 234 92
1 1 674 237 90
1 1 675 240 89
1 1 676 242 87
1 1 677 245 85
1 1 678 247 84
1 1 679 250 82
1 1 680 253 80
1 1 681 255 79
1 1 682 258 77
1 1 683 261 76
1 1 684 263 74
1 1 685 266 73
1 1 686 269 71
1 1 687 271 70
1 1 688 274 68
1 1 689 277 67
1 1 690 280 65
1 1 691 282 64
1 1 692 285 62
1 1 693 288 61
1 1 694 291 60
1 1 695 293 58
1 1 696 296 57
1 1 697 299 56
1 1 698 302 54
1 1 699 305 53
1 1 700 308 52
1 1 701 310 51
1 1 702 313 49
1 1 703 316 48
1 1 704 319 47
1 1 705 322 46
1 1 706 325 45
1 1 707 327 44
1 1 708 330 42
1 1 709 333 41
1 1 710 336 40
1 1 711 339 39
1 1 712 342 38
1 1 713 345 37
1 1 714 348 36
1 1 715 351 35
1 1 716 354 34
1 1 717 357 33
1 1 718 359 32
1 1 719 362 31
1 1 720 365 30
1 1 721 368 29
1 1 722 371 29
1 1 723 374 28
1 1 724 377 27
1 1 725 380 26
1 1 726 383 25
1 1 727 386 24
1 1 728 389 24
1 1 729 392 23
1 1 730 395 22
1 1 731 398 22
1 1 732 401 21
1 1 733 404 20
1 1 734 407 20
1 1 735 410 19
1 1 736 413 18
1 1 737 416 18
1 1 738 419 17
1 1 739 422 17
1 1 740 425 16
1 1 741 428 15
1 1 742 432 15
1 1 743 435 14
1 1 744 438 14
1 1 745 441 14
1 1 746 444 13
1 1 747 447 13
1 1 748 450 12
1 1 749 453 12
1 1 750 456 12
1 1 751 459 11
1 1 752 462 11
1 1 753 465 11
1 1 754 468 10
1 1 755 471 10
1 1 756 474 10
1 1 757 478 10
1 1 758 481 9
1 1 759 484 9
1 1 760 487 9
1 1 761 490 9
1 1 762 493 9
1 1 763 496 9
1 1 764 499 9
1 1 765 502 9
1 1 766 505 9
1 1 767 508 9
1 1 768 512 9
1 1 769 515 8
1 1 770 518 9
1 1 771 521 9
1 1 772 524 9
1 1 773 527 9
1 1 774 530 9
1 1 775 533 9
1 1 776 536 9
1 1 777 539 9
1 1 778 542 9
1 1 779 545 10
1 1 780 549 10
1 1 781 552 10
1 1 782 555 10
1 1 783 558 11
1 1 784 561 11
1 1 785 564 11
1 1 786 567 12
1 1 787 570 12
1 1 788 573 12
1 1 789 576 13
1 1 790 579 13
1 1 791 582 13
1 1 792 585 14
1 1 793 588 14
1 1 794 591 15
1 1 795 595 15
1 1 796 598 16
1 1 797 601 16
1 1 798 604 17
1 1 799 607 18
1 1 800 610 18
1 1 801 613 19
1 1 802 616 19
1 1 803 619 20
1 1 804 622 21
1 1 805 625 21
1 1 806 628 22
1 1 807 631 23
1 1 808 634 23
1 1 809 637 24
1 1 810 640 25
1 1 811 643 26
1 1 812 646 27
1 1 813 649 27
1 1 814 652 28
1 1 815 655 29
1 1 816 658 30
1 1 817 661 31
1 1 818 664 32
1 1 819 667 33
1 1 820 669 34
1 1 821 672 35
1 1 822 675 36
1 1 823 678 37
1 1 824 681 38
1 1 825 684 39
1 1 826 687 40
1 1 827 690 41
1 1 828 693 42
1 1 829 696 43
1 1 830 699 44
1 1 831 701 45
1 1 832 704 47
1 1 833 707 48
1 1 834 710 49
1 1 835 713 50
1 1 836 716 52
1 1 837 718 53
1 1 838 721 54
1 1 839 724 55
1 1 840 727 57
1 1 841 730 58
1 1 842 732 59
1 1 843 735 61
1 1 844 738 62
1 1 845 741 63
1 1 846 743 65
1 1 847 746 66
1 1 848 749 68
1 1 849 752 69
1 1 850 754 71
1 1 851 757 72
1 1 852 760 74
1 1 853 762 75
1 1 854 765 77
1 1 855 768 78
1 1 856 770 80
1 1 857 773 81
1 1 858 776 83
1 1 859 778 85
1 1 860 781 86
1 1 861 784 88
1 1 862 786 90
1 1 863 789 91
1 1 864 791 93
1 1 865 794 95
1 1 866 796 97
1 1 867 799 98
1 1 868 802 100
1 1 869 804 102
1 1 870 807 104
1 1 871 809 105
1 1 872 812 107
1 1 873 814 109
1 1 874 816 111
1 1 875 819 113
1 1 876 821 115
1 1 877 824 117
1 1 878 826 119
1 1 879 829 121
1 1 880 831 122
1 1 881 833 124
1 1 882 836 126
1 1 883 838 128
1 1 884 841 130
1 1 885 843 132
1 1 886 845 134
1 1 887 847 137
1 1 888 850 139
1 1 889 852 141
1 1 890 854 143
1 1 891 857 145
1 1 892 859 147
1 1 893 861 149
1 1 894 863 151
1 1 895 865 153
1 1 896 868 156
1 1 897 870 158
1 1 898 872 160
1 1 899 874 162
1 1 900 876 164
1 1 901 878 167
1 1 902 881 169
1 1 903 883 171
1 1 904 885 173
1 1 905 887 176
1 1 906 889 178
1 1 907 891 180
1 1 908 893 183
1 1 909 895 185
1 1 910 897 187
1 1 911 899 190
1 1 912 901 192
1 1 913 903 195
1 1 914 905 197
1 1 915 907 199
1 1 916 909 202
1 1 917 911 204
1 1 918 912 207
1 1 919 914 209
1 1 920 916 212
1 1 921 918 214
1 1 922 920 217
1 1 923 922 219
1 1 924 923 222
1 1 925 925 224
1 1 926 927 227
1 1 927 929 229
1 1 928 930 232
1 1 929 932 234
1 1 930 934 237
1 1 931 935 240
1 1 932 937 242
1 1 933 939 245
1 1 934 940 247
1 1 935 942 250
1 1 936 944 253
1 1 937 945 255
1 1 938 947 258
1 1 939 948 261
1 1 940 950 263
1 1 941 951 266
1 1 942 953 269
1 1 943 954 271
1 1 944 956 274
1 1 945 957 277
1 1 946 959 280
1 1 947 960 282
1 1 948 962 285
1 1 949 963 288
1 1 950 964 291
1 1 951 966 293
1 1 952 967 296
1 1 953 968 299
1 1 954 970 302
1 1 955 971 305
1 1 956 972 308
1 1 957 973 310
1 1 958 975 313
1 1 959 976 316
1 1 960 977 319
1 1 961 978 322
1 1 962 979 325
1 1 963 980 327
1 1 964 982 330
1 1 965 983 333
1 1 966 984 336
1 1 967 985 339
1 1 968 986 342
1 1 969 987 345
1 1 970 988 348
1 1 971 989 351
1 1 972 990 354
1 1 973 991 357
1 1 974 992 359
1 1 975 993 362
1 1 976 994 365
1 1 977 995 368
1 1 978 995 371
1 1 979 996 374
1 1 980 997 377
1 1 981 998 380
1 1 982 999 383
1 1 983 1000 386
1 1 984 1000 389
1 1 985 1001 392
1 1 986 1002 395
1 1 987 1002 398
1 1 988 1003 401
1 1 989 1004 404
1 1 990 1004 407
1 1 991 1005 410
1 1 992 1006 413
1 1 993 1006 416
1 1 994 1007 419
1 1 995 1007 422
1 1 996 1008 425
1 1 997 1009 428
1 1 998 1009 432
1 1 999 1010 435
1 1 1000 1010 438
1 1 1001 1010 441
1 1 1002 1011 444
1 1 1003 1011 447
1 1 1004 1012 450
1 1 1005 1012 453
1 1 1006 1012 456
1 1 1007 1013 459
1 1 1008 1013 462
1 1 1009 1013 465
1 1 1010 1014 468
1 1 1011 1014 471
1 1 1012 1014 474
1 1 1013 1014 478
1 1 1014 1015 481
1 1 1015 1015 484
1 1 1016 1015 487
1 1 1017 1015 490
1 1 1018 1015 493
1 1 1019 1015 496
1 1 1020 1015 499
1 1 1021 1015 502
1 1 1022 1015 505
1 1 1023 1015 508
1 2 0 1017 512
1 2 1 1017 515
1 2 2 1016 518
1 2 3 1016 521
1 2 4 1016 524
1 2 5 1016 527
1 2 6 1016 530
1 2 7 1016 533
1 2 8 1016 536
1 2 9 1016 539
1 2 10 1016 542
1 2 11 1015 546
1 2 12 1015 549
1 2 13 1015 552
1 2 14 1015 555
1 2 15 1014 558
1 2 16 1014 561
1 2 17 1014 564
1 2 18 1013 567
1 2 19 1013 570
1 2 20 1013 573
1 2 21 1012 576
1 2 22 1012 579
1 2 23 1012 582
1 2 24 1011 586
1 2 25 1011 589
1 2 26 1010 592
1 2 27 1010 595
1 2 28 1009 598
1 2 29 1009 601
1 2 30 1008 604
1 2 31 1007 607
1 2 32 1007 610
1 2 33 1006 613
1 2 34 1006 616
1 2 35 1005 619
1 2 36 1004 622
1 2 37 1004 625
1 2 38 1003 628
1 2 39 1002 631
1 2 40 1002 634
1 2 41 1001 637
1 2 42 1000 640
1 2 43 999 643
1 2 44 998 646
1 2 45 998 649
1 2 46 997 652
1 2 47 996 655
1 2 48 995 658
1 2 49 994 661
1 2 50 993 664
1 2 51 992 667
1 2 52 991 670
1 2 53 990 673
1 2 54 989 676
1 2 55 988 679
1 2 56 987 682
1 2 57 986 684
1 2 58 985 687
1 2 59 984 690
1 2 60 983 693
1 2 61 982 696
1 2 62 981 699
1 2 63 979 702
1 2 64 978 705
1 2 65 977 707
1 2 66 976 710
1 2 67 975 713
1 2 68 973 716
1 2 69 972 719
1 2 70 971 722
1 2 71 970 724
1 2 72 968 727
1 2 73 967 730
1 2 74 966 733
1 2 75 964 736
1 2 76 963 738
1 2 77 961 741
1 2 78 960 744
1 2 79 959 747
1 2 80 957 749
1 2 81 956 752
1 2 82 954 755
1 2 83 953 758
1 2 84 951 760
1 2 85 950 763
1 2 86 948 766
1 2 87 947 768
1 2 88 945 771
1 2 89 943 774
1 2 90 942 776
1 2 91 940 779
1 2 92 938 781
1 2 93 937 784
1 2 94 935 787
1 2 95 933 789
1 2 96 932 792
1 2 97 930 794
1 2 98 928 797
1 2 99 927 800
1 2 100 925 802
1 2 101 923 805
1 2 102 921 807
1 2 103 919 810
1 2 104 918 812
1 2 105 916 815
1 2 106 914 817
1 2 107 912 820
1 2 108 910 822
1 2 109 908 824
1 2 110 906 827
1 2 111 904 829
1 2 112 902 832
1 2 113 900 834
1 2 114 898 836
1 2 115 896 839
1 2 116 894 841
1 2 117 892 844
1 2 118 890 846
1 2 119 888 848
1 2 120 886 850
1 2 121 884 853
1 2 122 882 855
1 2 123 880 857
1 2 124 878 859
1 2 125 876 862
1 2 126 873 864
1 2 127 871 866
1 2 128 869 868
1 2 129 867 871
1 2 130 865 873
1 2 131 862 875
1 2 132 860 877
1 2 133 858 879
1 2 134 856 881
1 2 135 853 883
1 2 136 851 885
1 2 137 849 888
1 2 138 847 890
1 2 139 844 892
1 2 140 842 894
1 2 141 840 896
1 2 142 837 898
1 2 143 835 900
1 2 144 832 902
1 2 145 830 904
1 2 146 828 906
1 2 147 825 907
1 2 148 823 909
1 2 149 820 911
1 2 150 818 913
1 2 151 815 915
1 2 152 813 917
1 2 153 810 919
1 2 154 808 921
1 2 155 805 922
1 2 156 803 924
1 2 157 800 926
1 2 158 798 928
1 2 159 795 929
1 2 160 793 931
1 2 161 790 933
1 2 162 788 935
1 2 163 785 936
1 2 164 782 938
1 2 165 780 940
1 2 166 777 941
1 2 167 774 943
1 2 168 772 944
1 2 169 769 946
1 2 170 766 948
1 2 171 764 949
1 2 172 761 951
1 2 173 758 952
1 2 174 756 954
1 2 175 753 955
1 2 176 750 957
1 2 177 748 958
1 2 178 745 960
1 2 179 742 961
1 2 180 739 962
1 2 181 736 964
1 2 182 734 965
1 2 183 731 967
1 2 184 728 968
1 2 185 725 969
1 2 186 723 970
1 2 187 720 972
1 2 188 717 973
1 2 189 714 974
1 2 190 711 976
1 2 191 708 977
1 2 192 706 978
1 2 193 703 979
1 2 194 700 980
1 2 195 697 981
1 2 196 694 983
1 2 197 691 984
1 2 198 688 985
1 2 199 685 986
1 2 200 682 987
1 2 201 680 988
1 2 202 677 989
1 2 203 674 990
1 2 204 671 991
1 2 205 668 992
1 2 206 665 993
1 2 207 662 994
1 2 208 659 995
1 2 209 656 996
1 2 210 653 996
1 2 211 650 997
1 2 212 647 998
1 2 213 644 999
1 2 214 641 1000
1 2 215 638 1000
1 2 216 635 1001
1 2 217 632 1002
1 2 218 629 1003
1 2 219 626 1003
1 2 220 623 1004
1 2 221 620 1005
1 2 222 617 1005
1 2 223 614 1006
1 2 224 611 1007
1 2 225 608 1007
1 2 226 605 1008
1 2 227 602 1008
1 2 228 599 1009
1 2 229 596 1010
1 2 230 593 1010
1 2 231 590 1011
1 2 232 587 1011
1 2 233 583 1011
1 2 234 580 1012
1 2 235 577 1012
1 2 236 574 1013
1 2 237 571 1013
1 2 238 568 1013
1 2 239 565 1014
1 2 240 562 1014
1 2 241 559 1014
1 2 242 556 1015
1 2 243 553 1015
1 2 244 550 1015
1 2 245 547 1015
1 2 246 543 1016
1 2 247 540 1016
1 2 248 537 1016
1 2 249 534 1016
1 2 250 531 1016
1 2 251 528 1016
1 2 252 525 1016
1 2 253 522 1016
1 2 254 519 1016
1 2 255 516 1016
1 2 256 513 1017
1 2 257 509 1017
1 2 258 506 1016
1 2 259 503 1016
1 2 260 500 1016
1 2 261 497 1016
1 2 262 494 1016
1 2 263 491 1016
1 2 264 488 1016
1 2 265 485 1016
1 2 266 482 1016
1 2 267 478 1015
1 2 268 475 1015
1 2 269 472 1015
1 2 270 469 1015
1 2 271 466 1014
1 2 272 463 1014
1 2 273 460 1014
1 2 274 457 1013
1 2 275 454 1013
1 2 276 451 1013
1 2 277 448 1012
1 2 278 445 1012
1 2 279 442 1012
1 2 280 438 1011
1 2 281 435 1011
1 2 282 432 1010
1 2 283 429 1010
1 2 284 426 1009
1 2 285 423 1009
1 2 286 420 1008
1 2 287 417 1007
1 2 288 414 1007
1 2 289 411 1006
1 2 290 408 1006
1 2 291 405 1005
1 2 292 402 1004
1 2 293 399 1004
1 2 294 396 1003
1 2 295 393 1002
1 2 296 390 1002
1 2 297 387 1001
1 2 298 384 1000
1 2 299 381 999
1 2 300 378 998
1 2 301 375 998
1 2 302 372 997
1 2 303 369 996
1 2 304 366 995
1 2 305 363 994
1 2 306 360 993
1 2 307 357 992
1 2 308 354 991
1 2 309 351 990
1 2 310 348 989
1 2 311 345 988
1 2 312 342 987
1 2 313 340 986
1 2 314 337 985
1 2 315 334 984
1 2 316 331 983
1 2 317 328 982
1 2 318 325 981
1 2 319 322 979
1 2 320 319 978
1 2 321 317 977
1 2 322 314 976
1 2 323 311 975
1 2 324 308 973
1 2 325 305 972
1 2 326 302 971
1 2 327 300 970
1 2 328 297 968
1 2 329 294 967
1 2 330 291 966
1 2 331 288 964
1 2 332 286 963
1 2 333 283 961
1 2 334 280 960
1 2 335 277 959
1 2 336 275 957
1 2 337 272 956
1 2 338 269 954
1 2 339 266 953
1 2 340 264 951
1 2 341 261 950
1 2 342 258 948
1 2 343 256 947
1 2 344 253 945
1 2 345 250 943
1 2 346 248 942
1 2 347 245 940
1 2 348 243 938
1 2 349 240 937
1 2 350 237 935
1 2 351 235 933
1 2 352 232 932
1 2 353 230 930
1 2 354 227 928
1 2 355 224 927
1 2 356 222 925
1 2 357 219 923
1 2 358 217 921
1 2 359 214 919
1 2 360 212 918
1 2 361 209 916
1 2 362 207 914
1 2 363 204 912
1 2 364 202 910
1 2 365 200 908
1 2 366 197 906
1 2 367 195 904
1 2 368 192 902
1 2 369 190 900
1 2 370 188 898
1 2 371 185 896
1 2 372 183 894
1 2 373 180 892
1 2 374 178 890
1 2 375 176 888
1 2 376 174 886
1 2 377 171 884
1 2 378 169 882
1 2 379 167 880
1 2 380 165 878
1 2 381 162 876
1 2 382 160 873
1 2 383 158 871
1 2 384 156 869
1 2 385 153 867
1 2 386 151 865
1 2 387 149 862
1 2 388 147 860
1 2 389 145 858
1 2 390 143 856
1 2 391 141 853
1 2 392 139 851
1 2 393 136 849
1 2 394 134 847
1 2 395 132 844
1 2 396 130 842
1 2 397 128 840
1 2 398 126 837
1 2 399 124 835
1 2 400 122 832
1 2 401 120 830
1 2 402 118 828
1 2 403 117 825
1 2 404 115 823
1 2 405 113 820
1 2 406 111 818
1 2 407 109 815
1 2 408 107 813
1 2 409 105 810
1 2 410 103 808
1 2 411 102 805
1 2 412 100 803
1 2 413 98 800
1 2 414 96 798
1 2 415 95 795
1 2 416 93 793
1 2 417 91 790
1 2 418 89 788
1 2 419 88 785
1 2 420 86 782
1 2 421 84 780
1 2 422 83 777
1 2 423 81 774
1 2 424 80 772
1 2 425 78 769
1 2 426 76 766
1 2 427 75 764
1 2 428 73 761
1 2 429 72 758
1 2 430 70 756
1 2 431 69 753
1 2 432 67 750
1 2 433 66 748
1 2 434 64 745
1 2 435 63 742
1 2 436 62 739
1 2 437 60 736
1 2 438 59 734
1 2 439 57 731
1 2 440 56 728
1 2 441 55 725
1 2 442 54 723
1 2 443 52 720
1 2 444 51 717
1 2 445 50 714
1 2 446 48 711
1 2 447 47 708
1 2 448 46 706
1 2 449 45 703
1 2 450 44 700
1 2 451 43 697
1 2 452 41 694
1 2 453 40 691
1 2 454 39 688
1 2 455 38 685
1 2 456 37 682
1 2 457 36 680
1 2 458 35 677
1 2 459 34 674
1 2 460 33 671
1 2 461 32 668
1 2 462 31 665
1 2 463 30 662
1 2 464 29 659
1 2 465 28 656
1 2 466 28 653
1 2 467 27 650
1 2 468 26 647
1 2 469 25 644
1 2 470 24 641
1 2 471 24 638
1 2 472 23 635
1 2 473 22 632
1 2 474 21 629
1 2 475 21 626
1 2 476 20 623
1 2 477 19 620
1 2 478 19 617
1 2 479 18 614
1 2 480 17 611
1 2 481 17 608
1 2 482 16 605
1 2 483 16 602
1 2 484 15 599
1 2 485 14 596
1 2 486 14 593
1 2 487 13 590
1 2 488 13 587
1 2 489 13 583
1 2 490 12 580
1 2 491 12 577
1 2 492 11 574
1 2 493 11 571
1 2 494 11 568
1 2 495 10 565
1 2 496 10 562
1 2 497 10 559
1 2 498 9 556
1 2 499 9 553
1 2 500 9 550
1 2 501 9 547
1 2 502 8 543
1 2 503 8 540
1 2 504 8 537
1 2 505 8 534
1 2 506 8 531
1 2 507 8 528
1 2 508 8 525
1 2 509 8 522
1 2 510 8 519
1 2 511 8 516
1 2 512 8 513
1 2 513 7 509
1 2 514 8 506
1 2 515 8 503
1 2 516 8 500
1 2 517 8 497
1 2 518 8 494
1 2 519 8 491
1 2 520 8 488
1 2 521 8 485
1 2 522 8 482
1 2 523 9 478
1 2 524 9 475
1 2 525 9 472
1 2 526 9 469
1 2 527 10 466
1 2 528 10 463
1 2 529 10 460
1 2 530 11 457
1 2 531 11 454
1 2 532 11 451
1 2 533 12 448
1 2 534 12 445
1 2 535 12 442
1 2 536 13 438
1 2 537 13 435
1 2 538 14 432
1 2 539 14 429
1 2 540 15 426
1 2 541 15 423
1 2 542 16 420
1 2 543 17 417
1 2 544 17 414
1 2 545 18 411
1 2 546 18 408
1 2 547 19 405
1 2 548 20 402
1 2 549 20 399
1 2 550 21 396
1 2 551 22 393
1 2 552 22 390
1 2 553 23 387
1 2 554 24 384
1 2 555 25 381
1 2 556 26 378
1 2 557 26 375
1 2 558 27 372
1 2 559 28 369
1 2 560 29 366
1 2 561 30 363
1 2 562 31 360
1 2 563 32 357
1 2 564 33 354
1 2 565 34 351
1 2 566 35 348
1 2 567 36 345
1 2 568 37 342
1 2 569 38 340
1 2 570 39 337
1 2 571 40 334
1 2 572 41 331
1 2 573 42 328
1 2 574 43 325
1 2 575 45 322
1 2 576 46 319
1 2 577 47 317
1 2 578 48 314
1 2 579 49 311
1 2 580 51 308
1 2 581 52 305
1 2 582 53 302
1 2 583 54 300
1 2 584 56 297
1 2 585 57 294
1 2 586 58 291
1 2 587 60 288
1 2 588 61 286
1 2 589 63 283
1 2 590 64 280
1 2 591 65 277
1 2 592 67 275
1 2 593 68 272
1 2 594 70 269
1 2 595 71 266
1 2 596 73 264
1 2 597 74 261
1 2 598 76 258
1 2 599 77 256
1 2 600 79 253
1 2 601 81 250
1 2 602 82 248
1 2 603 84 245
1 2 604 86 243
1 2 605 87 240
1 2 606 89 237
1 2 607 91 235
1 2 608 92 232
1 2 609 94 230
1 2 610 96 227
1 2 611 97 224
1 2 612 99 222
1 2 613 101 219
1 2 614 103 217
1 2 615 105 214
1 2 616 106 212
1 2 617 108 209
1 2 618 110 207
1 2 619 112 204
1 2 620 114 202
1 2 621 116 200
1 2 622 118 197
1 2 623 120 195
1 2 624 122 192
1 2 625 124 190
1 2 626 126 188
1 2 627 128 185
1 2 628 130 183
1 2 629 132 180
1 2 630 134 178
1 2 631 136 176
1 2 632 138 174
1 2 633 140 171
1 2 634 142 169
1 2 635 144 167
1 2 636 146 165
1 2 637 148 162
1 2 638 151 160
1 2 639 153 158
1 2 640 155 156
1 2 641 157 153
1 2 642 159 151
1 2 643 162 149
1 2 644 164 147
1 2 645 166 145
1 2 646 168 143
1 2 647 171 141
1 2 648 173 139
1 2 649 175 136
1 2 650 177 134
1 2 651 180 132
1 2 652 182 130
1 2 653 184 128
1 2 654 187 126
1 2 655 189 124
1 2 656 192 122
1 2 657 194 120
1 2 658 196 118
1 2 659 199 117
1 2 660 201 115
1 2 661 204 113
1 2 662 206 111
1 2 663 209 109
1 2 664 211 107
1 2 665 214 105
1 2 666 216 103
1 2 667 219 102
1 2 668 221 100
1 2 669 224 98
1 2 670 226 96
1 2 671 229 95
1 2 672 231 93
1 2 673 234 91
1 2 674 236 89
1 2 675 239 88
1 2 676 242 86
1 2 677 244 84
1 2 678 247 83
1 2 679 250 81
1 2 680 252 80
1 2 681 255 78
1 2 682 258 76
1 2 683 260 75
1 2 684 263 73
1 2 685 266 72
1 2 686 268 70
1 2 687 271 69
1 2 688 274 67
1 2 689 276 66
1 2 690 279 64
1 2 691 282 63
1 2 692 285 62
1 2 693 288 60
1 2 694 290 59
1 2 695 293 57
1 2 696 296 56
1 2 697 299 55
1 2 698 301 54
1 2 699 304 52
1 2 700 307 51
1 2 701 310 50
1 2 702 313 48
1 2 703 316 47
1 2 704 318 46
1 2 705 321 45
1 2 706 324 44
1 2 707 327 43
1 2 708 330 41
1 2 709 333 40
1 2 710 336 39
1 2 711 339 38
1 2 712 342 37
1 2 713 344 36
1 2 714 347 35
1 2 715 350 34
1 2 716 353 33
1 2 717 356 32
1 2 718 359 31
1 2 719 362 30
1 2 720 365 29
1 2 721 368 28
1 2 722 371 28
1 2 723 374 27
1 2 724 377 26
1 2 725 380 25
1 2 726 383 24
1 2 727 386 24
1 2 728 389 23
1 2 729 392 22
1 2 730 395 21
1 2 731 398 21
1 2 732 401 20
1 2 733 404 19
1 2 734 407 19
1 2 735 410 18
1 2 736 413 17
1 2 737 416 17
1 2 738 419 16
1 2 739 422 16
1 2 740 425 15
1 2 741 428 14
1 2 742 431 14
1 2 743 434 13
1 2 744 437 13
1 2 745 441 13
1 2 746 444 12
1 2 747 447 12
1 2 748 450 11
1 2 749 453 11
1 2 750 456 11
1 2 751 459 10
1 2 752 462 10
1 2 753 465 10
1 2 754 468 9
1 2 755 471 9
1 2 756 474 9
1 2 757 477 9
1 2 758 481 8
1 2 759 484 8
1 2 760 487 8
1 2 761 490 8
1 2 762 493 8
1 2 763 496 8
1 2 764 499 8
1 2 765 502 8
1 2 766 505 8
1 2 767 508 8
1 2 768 512 8
1 2 769 515 7
1 2 770 518 8
1 2 771 521 8
1 2 772 524 8
1 2 773 527 8
1 2 774 530 8
1 2 775 533 8
1 2 776 536 8
1 2 777 539 8
1 2 778 542 8
1 2 779 546 9
1 2 780 549 9
1 2 781 552 9
1 2 782 555 9
1 2 783 558 10
1 2 784 561 10
1 2 785 564 10
1 2 786 567 11
1 2 787 570 11
1 2 788 573 11
1 2 789 576 12
1 2 790 579 12
1 2 791 582 12
1 2 792 586 13
1 2 793 589 13
1 2 794 592 14
1 2 795 595 14
1 2 796 598 15
1 2 797 601 15
1 2 798 604 16
1 2 799 607 17
1 2 800 610 17
1 2 801 613 18
1 2 802 616 18
1 2 803 619 19
1 2 804 622 20
1 2 805 625 20
1 2 806 628 21
1 2 807 631 22
1 2 808 634 22
1 2 809 637 23
1 2 810 640 24
1 2 811 643 25
1 2 812 646 26
1 2 813 649 26
1 2 814 652 27
1 2 815 655 28
1 2 816 658 29
1 2 817 661 30
1 2 818 664 31
1 2 819 667 32
1 2 820 670 33
1 2 821 673 34
1 2 822 676 35
1 2 823 679 36
1 2 824 682 37
1 2 825 684 38
1 2 826 687 39
1 2 827 690 40
1 2 828 693 41
1 2 829 696 42
1 2 830 699 43
1 2 831 702 45
1 2 832 705 46
1 2 833 707 47
1 2 834 710 48
1 2 835 713 49
1 2 836 716 51
1 2 837 719 52
1 2 838 722 53
1 2 839 724 54
1 2 840 727 56
1 2 841 730 57
1 2 842 733 58
1 2 843 736 60
1 2 844 738 61
1 2 845 741 63
1 2 846 744 64
1 2 847 747 65
1 2 848 749 67
1 2 849 752 68
1 2 850 755 70
1 2 851 758 71
1 2 852 760 73
1 2 853 763 74
1 2 854 766 76
1 2 855 768 77
1 2 856 771 79
1 2 857 774 81
1 2 858 776 82
1 2 859 779 84
1 2 860 781 86
1 2 861 784 87
1 2 862 787 89
1 2 863 789 91
1 2 864 792 92
1 2 865 794 94
1 2 866 797 96
1 2 867 800 97
1 2 868 802 99
1 2 869 805 101
1 2 870 807 103
1 2 871 810 105
1 2 872 812 106
1 2 873 815 108
1 2 874 817 110
1 2 875 820 112
1 2 876 822 114
1 2 877 824 116
1 2 878 827 118
1 2 879 829 120
1 2 880 832 122
1 2 881 834 124
1 2 882 836 126
1 2 883 839 128
1 2 884 841 130
1 2 885 844 132
1 2 886 846 134
1 2 887 848 136
1 2 888 850 138
1 2 889 853 140
1 2 890 855 142
1 2 891 857 144
1 2 892 859 146
1 2 893 862 148
1 2 894 864 151
1 2 895 866 153
1 2 896 868 155
1 2 897 871 157
1 2 898 873 159
1 2 899 875 162
1 2 900 877 164
1 2 901 879 166
1 2 902 881 168
1 2 903 883 171
1 2 904 885 173
1 2 905 888 175
1 2 906 890 177
1 2 907 892 180
1 2 908 894 182
1 2 909 896 184
1 2 910 898 187
1 2 911 900 189
1 2 912 902 192
1 2 913 904 194
1 2 914 906 196
1 2 915 907 199
1 2 916 909 201
1 2 917 911 204
1 2 918 913 206
1 2 919 915 209
1 2 920 917 211
1 2 921 919 214
1 2 922 921 216
1 2 923 922 219
1 2 924 924 221
1 2 925 926 224
1 2 926 928 226
1 2 927 929 229
1 2 928 931 231
1 2 929 933 234
1 2 930 935 236
1 2 931 936 239
1 2 932 938 242
1 2 933 940 244
1 2 934 941 247
1 2 935 943 250
1 2 936 944 252
1 2 937 946 255
1 2 938 948 258
1 2 939 949 260
1 2 940 951 263
1 2 941 952 266
1 2 942 954 268
1 2 943 955 271
1 2 944 957 274
1 2 945 958 276
1 2 946 960 279
1 2 947 961 282
1 2 948 962 285
1 2 949 964 288
1 2 950 965 290
1 2 951 967 293
1 2 952 968 296
1 2 953 969 299
1 2 954 970 301
1 2 955 972 304
1 2 956 973 307
1 2 957 974 310
1 2 958 976 313
1 2 959 977 316
1 2 960 978 318
1 2 961 979 321
1 2 962 980 324
1 2 963 981 327
1 2 964 983 330
1 2 965 984 333
1 2 966 985 336
1 2 967 986 339
1 2 968 987 342
1 2 969 988 344
1 2 970 989 347
1 2 971 990 350
1 2 972 991 353
1 2 973 992 356
1 2 974 993 359
1 2 975 994 362
1 2 976 995 365
1 2 977 996 368
1 2 978 996 371
1 2 979 997 374
1 2 980 998 377
1 2 981 999 380
1 2 982 1000 383
1 2 983 1000 386
1 2 984 1001 389
1 2 985 1002 392
1 2 986 1003 395
1 2 987 1003 398
1 2 988 1004 401
1 2 989 1005 404
1 2 990 1005 407
1 2 991 1006 410
1 2 992 1007 413
1 2 993 1007 416
1 2 994 1008 419
1 2 995 1008 422
1 2 996 1009 425
1 2 997 1010 428
1 2 998 1010 431
1 2 999 1011 434
1 2 1000 1011 437
1 2 1001 1011 441
1 2 1002 1012 444
1 2 1003 1012 447
1 2 1004 1013 450
1 2 1005 1013 453
1 2 1006 1013 456
1 2 1007 1014 459
1 2 1008 1014 462
1 2 1009 1014 465
1 2 1010 1015 468
1 2 1011 1015 471
1 2 1012 1015 474
1 2 1013 1015 477
1 2 1014 1016 481
1 2 1015 1016 484
1 2 1016 1016 487
1 2 1017 1016 490
1 2 1018 1016 493
1 2 1019 1016 496
1 2 1020 1016 499
1 2 1021 1016 502
1 2 1022 1016 505
1 2 1023 1016 508
1 3 0 1018 512
1 3 1 1018 515
1 3 2 1017 518
1 3 3 1017 521
1 3 4 1017 524
1 3 5 1017 527
1 3 6 1017 530
1 3 7 1017 533
1 3 8 1017 536
1 3 9 1017 539
1 3 10 1017 543
1 3 11 1016 546
1 3 12 1016 549
1 3 13 1016 552
1 3 14 1016 555
1 3 15 1015 558
1 3 16 1015 561
1 3 17 1015 564
1 3 18 1014 567
1 3 19 1014 570
1 3 20 1014 573
1 3 21 1013 576
1 3 22 1013 580
1 3 23 1013 583
1 3 24 1012 586
1 3 25 1012 589
1 3 26 1011 592
1 3 27 1011 595
1 3 28 1010 598
1 3 29 1010 601
1 3 30 1009 604
1 3 31 1008 607
1 3 32 1008 610
1 3 33 1007 613
1 3 34 1007 616
1 3 35 1006 619
1 3 36 1005 622
1 3 37 1005 625
1 3 38 1004 628
1 3 39 1003 631
1 3 40 1002 634
1 3 41 1002 637
1 3 42 1001 640
1 3 43 1000 643
1 3 44 999 646
1 3 45 998 649
1 3 46 998 652
1 3 47 997 655
1 3 48 996 658
1 3 49 995 661
1 3 50 994 664
1 3 51 993 667
1 3 52 992 670
1 3 53 991 673
1 3 54 990 676
1 3 55 989 679
1 3 56 988 682
1 3 57 987 685
1 3 58 986 688
1 3 59 985 691
1 3 60 984 693
1 3 61 983 696
1 3 62 982 699
1 3 63 980 702
1 3 64 979 705
1 3 65 978 708
1 3 66 977 711
1 3 67 976 714
1 3 68 974 716
1 3 69 973 719
1 3 70 972 722
1 3 71 971 725
1 3 72 969 728
1 3 73 968 730
1 3 74 967 733
1 3 75 965 736
1 3 76 964 739
1 3 77 962 742
1 3 78 961 744
1 3 79 960 747
1 3 80 958 750
1 3 81 957 753
1 3 82 955 755
1 3 83 954 758
1 3 84 952 761
1 3 85 951 763
1 3 86 949 766
1 3 87 947 769
1 3 88 946 771
1 3 89 944 774
1 3 90 943 777
1 3 91 941 779
1 3 92 939 782
1 3 93 938 785
1 3 94 936 787
1 3 95 934 790
1 3 96 933 792
1 3 97 931 795
1 3 98 929 798
1 3 99 927 800
1 3 100 926 803
1 3 101 924 805
1 3 102 922 808
1 3 103 920 810
1 3 104 918 813
1 3 105 916 815
1 3 106 915 818
1 3 107 913 820
1 3 108 911 823
1 3 109 909 825
1 3 110 907 827
1 3 111 905 830
1 3 112 903 832
1 3 113 901 835
1 3 114 899 837
1 3 115 897 839
1 3 116 895 842
1 3 117 893 844
1 3 118 891 846
1 3 119 889 849
1 3 120 887 851
1 3 121 885 853
1 3 122 883 856
1 3 123 881 858
1 3 124 878 860
1 3 125 876 862
1 3 126 874 865
1 3 127 872 867
1 3 128 870 869
1 3 129 868 871
1 3 130 865 873
1 3 131 863 876
1 3 132 861 878
1 3 133 859 880
1 3 134 856 882
1 3 135 854 884
1 3 136 852 886
1 3 137 850 888
1 3 138 847 890
1 3 139 845 892
1 3 140 843 894
1 3 141 840 896
1 3 142 838 898
1 3 143 835 900
1 3 144 833 902
1 3 145 831 904
1 3 146 828 906
1 3 147 826 908
1 3 148 823 910
1 3 149 821 912
1 3 150 818 914
1 3 151 816 916
1 3 152 814 918
1 3 153 811 920
1 3 154 809 921
1 3 155 806 923
1 3 156 803 925
1 3 157 801 927
1 3 158 798 929
1 3 159 796 930
1 3 160 793 932
1 3 161 791 934
1 3 162 788 935
1 3 163 785 937
1 3 164 783 939
1 3 165 780 940
1 3 166 778 942
1 3 167 775 944
1 3 168 772 945
1 3 169 770 947
1 3 170 767 948
1 3 171 764 950
1 3 172 762 952
1 3 173 759 953
1 3 174 756 955
1 3 175 753 956
1 3 176 751 958
1 3 177 748 959
1 3 178 745 960
1 3 179 742 962
1 3 180 740 963
1 3 181 737 965
1 3 182 734 966
1 3 183 731 967
1 3 184 729 969
1 3 185 726 970
1 3 186 723 971
1 3 187 720 973
1 3 188 717 974
1 3 189 714 975
1 3 190 712 976
1 3 191 709 978
1 3 192 706 979
1 3 193 703 980
1 3 194 700 981
1 3 195 697 982
1 3 196 694 983
1 3 197 692 985
1 3 198 689 986
1 3 199 686 987
1 3 200 683 988
1 3 201 680 989
1 3 202 677 990
1 3 203 674 991
1 3 204 671 992
1 3 205 668 993
1 3 206 665 994
1 3 207 662 995
1 3 208 659 996
1 3 209 656 996
1 3 210 653 997
1 3 211 650 998
1 3 212 647 999
1 3 213 644 1000
1 3 214 641 1001
1 3 215 638 1001
1 3 216 635 1002
1 3 217 632 1003
1 3 218 629 1004
1 3 219 626 1004
1 3 220 623 1005
1 3 221 620 1006
1 3 222 617 1006
1 3 223 614 1007
1 3 224 611 1008
1 3 225 608 1008
1 3 226 605 1009
1 3 227 602 1009
1 3 228 599 1010
1 3 229 596 1011
1 3 230 593 1011
1 3 231 590 1011
1 3 232 587 1012
1 3 233 584 1012
1 3 234 581 1013
1 3 235 577 1013
1 3 236 574 1014
1 3 237 571 1014
1 3 238 568 1014
1 3 239 565 1015
1 3 240 562 1015
1 3 241 559 1015
1 3 242 556 1016
1 3 243 553 1016
1 3 244 550 1016
1 3 245 547 1016
1 3 246 544 1017
1 3 247 540 1017
1 3 248 537 1017
1 3 249 534 1017
1 3 250 531 1017
1 3 251 528 1017
1 3 252 525 1017
1 3 253 522 1017
1 3 254 519 1017
1 3 255 516 1017
1 3 256 513 1018
1 3 257 509 1018
1 3 258 506 1017
1 3 259 503 1017
1 3 260 500 1017
1 3 261 497 1017
1 3 262 494 1017
1 3 263 491 1017
1 3 264 488 1017
1 3 265 485 1017
1 3 266 481 1017
1 3 267 478 1016
1 3 268 475 1016
1 3 269 472 1016
1 3 270 469 1016
1 3 271 466 1015
1 3 272 463 1015
1 3 273 460 1015
1 3 274 457 1014
1 3 275 454 1014
1 3 276 451 1014
1 3 277 448 1013
1 3 278 444 1013
1 3 279 441 1013
1 3 280 438 1012
1 3 281 435 1012
1 3 282 432 1011
1 3 283 429 1011
1 3 284 426 1010
1 3 285 423 1010
1 3 286 420 1009
1 3 287 417 1008
1 3 288 414 1008
1 3 289 411 1007
1 3 290 408 1007
1 3 291 405 1006
1 3 292 402 1005
1 3 293 399 1005
1 3 294 396 1004
1 3 295 393 1003
1 3 296 390 1002
1 3 297 387 1002
1 3 298 384 1001
1 3 299 381 1000
1 3 300 378 999
1 3 301 375 998
1 3 302 372 998
1 3 303 369 997
1 3 304 366 996
1 3 305 363 995
1 3 306 360 994
1 3 307 357 993
1 3 308 354 992
1 3 309 351 991
1 3 310 348 990
1 3 311 345 989
1 3 312 342 988
1 3 313 339 987
1 3 314 336 986
1 3 315 333 985
1 3 316 331 984
1 3 317 328 983
1 3 318 325 982
1 3 319 322 980
1 3 320 319 979
1 3 321 316 978
1 3 322 313 977
1 3 323 310 976
1 3 324 308 974
1 3 325 305 973
1 3 326 302 972
1 3 327 299 971
1 3 328 296 969
1 3 329 294 968
1 3 330 291 967
1 3 331 288 965
1 3 332 285 964
1 3 333 282 962
1 3 334 280 961
1 3 335 277 960
1 3 336 274 958
1 3 337 271 957
1 3 338 269 955
1 3 339 266 954
1 3 340 263 952
1 3 341 261 951
1 3 342 258 949
1 3 343 255 947
1 3 344 253 946
1 3 345 250 944
1 3 346 247 943
1 3 347 245 941
1 3 348 242 939
1 3 349 239 938
1 3 350 237 936
1 3 351 234 934
1 3 352 232 933
1 3 353 229 931
1 3 354 226 929
1 3 355 224 927
1 3 356 221 926
1 3 357 219 924
1 3 358 216 922
1 3 359 214 920
1 3 360 211 918
1 3 361 209 916
1 3 362 206 915
1 3 363 204 913
1 3 364 201 911
1 3 365 199 909
1 3 366 197 907
1 3 367 194 905
1 3 368 192 903
1 3 369 189 901
1 3 370 187 899
1 3 371 185 897
1 3 372 182 895
1 3 373 180 893
1 3 374 178 891
1 3 375 175 889
1 3 376 173 887
1 3 377 171 885
1 3 378 168 883
1 3 379 166 881
1 3 380 164 878
1 3 381 162 876
1 3 382 159 874
1 3 383 157 872
1 3 384 155 870
1 3 385 153 868
1 3 386 151 865
1 3 387 148 863
1 3 388 146 861
1 3 389 144 859
1 3 390 142 856
1 3 391 140 854
1 3 392 138 852
1 3 393 136 850
1 3 394 134 847
1 3 395 132 845
1 3 396 130 843
1 3 397 128 840
1 3 398 126 838
1 3 399 124 835
1 3 400 122 833
1 3 401 120 831
1 3 402 118 828
1 3 403 116 826
1 3 404 114 823
1 3 405 112 821
1 3 406 110 818
1 3 407 108 816
1 3 408 106 814
1 3 409 104 811
1 3 410 103 809
1 3 411 101 806
1 3 412 99 803
1 3 413 97 801
1 3 414 95 798
1 3 415 94 796
1 3 416 92 793
1 3 417 90 791
1 3 418 89 788
1 3 419 87 785
1 3 420 85 783
1 3 421 84 780
1 3 422 82 778
1 3 423 80 775
1 3 424 79 772
1 3 425 77 770
1 3 426 76 767
1 3 427 74 764
1 3 428 72 762
1 3 429 71 759
1 3 430 69 756
1 3 431 68 753
1 3 432 66 751
1 3 433 65 748
1 3 434 64 745
1 3 435 62 742
1 3 436 61 740
1 3 437 59 737
1 3 438 58 734
1 3 439 57 731
1 3 440 55 729
1 3 441 54 726
1 3 442 53 723
1 3 443 51 720
1 3 444 50 717
1 3 445 49 714
1 3 446 48 712
1 3 447 46 709
1 3 448 45 706
1 3 449 44 703
1 3 450 43 700
1 3 451 42 697
1 3 452 41 694
1 3 453 39 692
1 3 454 38 689
1 3 455 37 686
1 3 456 36 683
1 3 457 35 680
1 3 458 34 677
1 3 459 33 674
1 3 460 32 671
1 3 461 31 668
1 3 462 30 665
1 3 463 29 662
1 3 464 28 659
1 3 465 28 656
1 3 466 27 653
1 3 467 26 650
1 3 468 25 647
1 3 469 24 644
1 3 470 23 641
1 3 471 23 638
1 3 472 22 635
1 3 473 21 632
1 3 474 20 629
1 3 475 20 626
1 3 476 19 623
1 3 477 18 620
1 3 478 18 617
1 3 479 17 614
1 3 480 16 611
1 3 481 16 608
1 3 482 15 605
1 3 483 15 602
1 3 484 14 599
1 3 485 13 596
1 3 486 13 593
1 3 487 13 590
1 3 488 12 587
1 3 489 12 584
1 3 490 11 581
1 3 491 11 577
1 3 492 10 574
1 3 493 10 571
1 3 494 10 568
1 3 495 9 565
1 3 496 9 562
1 3 497 9 559
1 3 498 8 556
1 3 499 8 553
1 3 500 8 550
1 3 501 8 547
1 3 502 7 544
1 3 503 7 540
1 3 504 7 537
1 3 505 7 534
1 3 506 7 531
1 3 507 7 528
1 3 508 7 525
1 3 509 7 522
1 3 510 7 519
1 3 511 7 516
1 3 512 7 513
1 3 513 6 509
1 3 514 7 506
1 3 515 7 503
1 3 516 7 500
1 3 517 7 497
1 3 518 7 494
1 3 519 7 491
1 3 520 7 488
1 3 521 7 485
1 3 522 7 481
1 3 523 8 478
1 3 524 8 475
1 3 525 8 472
1 3 526 8 469
1 3 527 9 466
1 3 528 9 463
1 3 529 9 460
1 3 530 10 457
1 3 531 10 454
1 3 532 10 451
1 3 533 11 448
1 3 534 11 444
1 3 535 11 441
1 3 536 12 438
1 3 537 12 435
1 3 538 13 432
1 3 539 13 429
1 3 540 14 426
1 3 541 14 423
1 3 542 15 420
1 3 543 16 417
1 3 544 16 414
1 3 545 17 411
1 3 546 17 408
1 3 547 18 405
1 3 548 19 402
1 3 549 19 399
1 3 550 20 396
1 3 551 21 393
1 3 552 22 390
1 3 553 22 387
1 3 554 23 384
1 3 555 24 381
1 3 556 25 378
1 3 557 26 375
1 3 558 26 372
1 3 559 27 369
1 3 560 28 366
1 3 561 29 363
1 3 562 30 360
1 3 563 31 357
1 3 564 32 354
1 3 565 33 351
1 3 566 34 348
1 3 567 35 345
1 3 568 36 342
1 3 569 37 339
1 3 570 38 336
1 3 571 39 333
1 3 572 40 331
1 3 573 41 328
1 3 574 42 325
1 3 575 44 322
1 3 576 45 319
1 3 577 46 316
1 3 578 47 313
1 3 579 48 310
1 3 580 50 308
1 3 581 51 305
1 3 582 52 302
1 3 583 53 299
1 3 584 55 296
1 3 585 56 294
1 3 586 57 291
1 3 587 59 288
1 3 588 60 285
1 3 589 62 282
1 3 590 63 280
1 3 591 64 277
1 3 592 66 274
1 3 593 67 271
1 3 594 69 269
1 3 595 70 266
1 3 596 72 263
1 3 597 73 261
1 3 598 75 258
1 3 599 77 255
1 3 600 78 253
1 3 601 80 250
1 3 602 81 247
1 3 603 83 245
1 3 604 85 242
1 3 605 86 239
1 3 606 88 237
1 3 607 90 234
1 3 608 91 232
1 3 609 93 229
1 3 610 95 226
1 3 611 97 224
1 3 612 98 221
1 3 613 100 219
1 3 614 102 216
1 3 615 104 214
1 3 616 106 211
1 3 617 108 209
1 3 618 109 206
1 3 619 111 204
1 3 620 113 201
1 3 621 115 199
1 3 622 117 197
1 3 623 119 194
1 3 624 121 192
1 3 625 123 189
1 3 626 125 187
1 3 627 127 185
1 3 628 129 182
1 3 629 131 180
1 3 630 133 178
1 3 631 135 175
1 3 632 137 173
1 3 633 139 171
1 3 634 141 168
1 3 635 143 166
1 3 636 146 164
1 3 637 148 162
1 3 638 150 159
1 3 639 152 157
1 3 640 154 155
1 3 641 156 153
1 3 642 159 151
1 3 643 161 148
1 3 644 163 146
1 3 645 165 144
1 3 646 168 142
1 3 647 170 140
1 3 648 172 138
1 3 649 174 136
1 3 650 177 134
1 3 651 179 132
1 3 652 181 130
1 3 653 184 128
1 3 654 186 126
1 3 655 189 124
1 3 656 191 122
1 3 657 193 120
1 3 658 196 118
1 3 659 198 116
1 3 660 201 114
1 3 661 203 112
1 3 662 206 110
1 3 663 208 108
1 3 664 210 106
1 3 665 213 104
1 3 666 215 103
1 3 667 218 101
1 3 668 221 99
1 3 669 223 97
1 3 670 226 95
1 3 671 228 94
1 3 672 231 92
1 3 673 233 90
1 3 674 236 89
1 3 675 239 87
1 3 676 241 85
1 3 677 244 84
1 3 678 246 82
1 3 679 249 80
1 3 680 252 79
1 3 681 254 77
1 3 682 257 76
1 3 683 260 74
1 3 684 262 72
1 3 685 265 71
1 3 686 268 69
1 3 687 271 68
1 3 688 273 66
1 3 689 276 65
1 3 690 279 64
1 3 691 282 62
1 3 692 284 61
1 3 693 287 59
1 3 694 290 58
1 3 695 293 57
1 3 696 295 55
1 3 697 298 54
1 3 698 301 53
1 3 699 304 51
1 3 700 307 50
1 3 701 310 49
1 3 702 312 48
1 3 703 315 46
1 3 704 318 45
1 3 705 321 44
1 3 706 324 43
1 3 707 327 42
1 3 708 330 41
1 3 709 332 39
1 3 710 335 38
1 3 711 338 37
1 3 712 341 36
1 3 713 344 35
1 3 714 347 34
1 3 715 350 33
1 3 716 353 32
1 3 717 356 31
1 3 718 359 30
1 3 719 362 29
1 3 720 365 28
1 3 721 368 28
1 3 722 371 27
1 3 723 374 26
1 3 724 377 25
1 3 725 380 24
1 3 726 383 23
1 3 727 386 23
1 3 728 389 22
1 3 729 392 21
1 3 730 395 20
1 3 731 398 20
1 3 732 401 19
1 3 733 404 18
1 3 734 407 18
1 3 735 410 17
1 3 736 413 16
1 3 737 416 16
1 3 738 419 15
1 3 739 422 15
1 3 740 425 14
1 3 741 428 13
1 3 742 431 13
1 3 743 434 13
1 3 744 437 12
1 3 745 440 12
1 3 746 443 11
1 3 747 447 11
1 3 748 450 10
1 3 749 453 10
1 3 750 456 10
1 3 751 459 9
1 3 752 462 9
1 3 753 465 9
1 3 754 468 8
1 3 755 471 8
1 3 756 474 8
1 3 757 477 8
1 3 758 480 7
1 3 759 484 7
1 3 760 487 7
1 3 761 490 7
1 3 762 493 7
1 3 763 496 7
1 3 764 499 7
1 3 765 502 7
1 3 766 505 7
1 3 767 508 7
1 3 768 512 7
1 3 769 515 6
1 3 770 518 7
1 3 771 521 7
1 3 772 524 7
1 3 773 527 7
1 3 774 530 7
1 3 775 533 7
1 3 776 536 7
1 3 777 539 7
1 3 778 543 7
1 3 779 546 8
1 3 780 549 8
1 3 781 552 8
1 3 782 555 8
1 3 783 558 9
1 3 784 561 9
1 3 785 564 9
1 3 786 567 10
1 3 787 570 10
1 3 788 573 10
1 3 789 576 11
1 3 790 580 11
1 3 791 583 11
1 3 792 586 12
1 3 793 589 12
1 3 794 592 13
1 3 795 595 13
1 3 796 598 14
1 3 797 601 14
1 3 798 604 15
1 3 799 607 16
1 3 800 610 16
1 3 801 613 17
1 3 802 616 17
1 3 803 619 18
1 3 804 622 19
1 3 805 625 19
1 3 806 628 20
1 3 807 631 21
1 3 808 634 22
1 3 809 637 22
1 3 810 640 23
1 3 811 643 24
1 3 812 646 25
1 3 813 649 26
1 3 814 652 26
1 3 815 655 27
1 3 816 658 28
1 3 817 661 29
1 3 818 664 30
1 3 819 667 31
1 3 820 670 32
1 3 821 673 33
1 3 822 676 34
1 3 823 679 35
1 3 824 682 36
1 3 825 685 37
1 3 826 688 38
1 3 827 691 39
1 3 828 693 40
1 3 829 696 41
1 3 830 699 42
1 3 831 702 44
1 3 832 705 45
1 3 833 708 46
1 3 834 711 47
1 3 835 714 48
1 3 836 716 50
1 3 837 719 51
1 3 838 722 52
1 3 839 725 53
1 3 840 728 55
1 3 841 730 56
1 3 842 733 57
1 3 843 736 59
1 3 844 739 60
1 3 845 742 62
1 3 846 744 63
1 3 847 747 64
1 3 848 750 66
1 3 849 753 67
1 3 850 755 69
1 3 851 758 70
1 3 852 761 72
1 3 853 763 73
1 3 854 766 75
1 3 855 769 77
1 3 856 771 78
1 3 857 774 80
1 3 858 777 81
1 3 859 779 83
1 3 860 782 85
1 3 861 785 86
1 3 862 787 88
1 3 863 790 90
1 3 864 792 91
1 3 865 795 93
1 3 866 798 95
1 3 867 800 97
1 3 868 803 98
1 3 869 805 100
1 3 870 808 102
1 3 871 810 104
1 3 872 813 106
1 3 873 815 108
1 3 874 818 109
1 3 875 820 111
1 3 876 823 113
1 3 877 825 115
1 3 878 827 117
1 3 879 830 119
1 3 880 832 121
1 3 881 835 123
1 3 882 837 125
1 3 883 839 127
1 3 884 842 129
1 3 885 844 131
1 3 886 846 133
1 3 887 849 135
1 3 888 851 137
1 3 889 853 139
1 3 890 856 141
1 3 891 858 143
1 3 892 860 146
1 3 893 862 148
1 3 894 865 150
1 3 895 867 152
1 3 896 869 154
1 3 897 871 156
1 3 898 873 159
1 3 899 876 161
1 3 900 878 163
1 3 901 880 165
1 3 902 882 168
1 3 903 884 170
1 3 904 886 172
1 3 905 888 174
1 3 906 890 177
1 3 907 892 179
1 3 908 894 181
1 3 909 896 184
1 3 910 898 186
1 3 911 900 189
1 3 912 902 191
1 3 913 904 193
1 3 914 906 196
1 3 915 908 198
1 3 916 910 201
1 3 917 912 203
1 3 918 914 206
1 3 919 916 208
1 3 920 918 210
1 3 921 920 213
1 3 922 921 215
1 3 923 923 218
1 3 924 925 221
1 3 925 927 223
1 3 926 929 226
1 3 927 930 228
1 3 928 932 231
1 3 929 934 233
1 3 930 935 236
1 3 931 937 239
1 3 932 939 241
1 3 933 940 244
1 3 934 942 246
1 3 935 944 249
1 3 936 945 252
1 3 937 947 254
1 3 938 948 257
1 3 939 950 260
1 3 940 952 262
1 3 941 953 265
1 3 942 955 268
1 3 943 956 271
1 3 944 958 273
1 3 945 959 276
1 3 946 960 279
1 3 947 962 282
1 3 948 963 284
1 3 949 965 287
1 3 950 966 290
1 3 951 967 293
1 3 952 969 295
1 3 953 970 298
1 3 954 971 301
1 3 955 973 304
1 3 956 974 307
1 3 957 975 310
1 3 958 976 312
1 3 959 978 315
1 3 960 979 318
1 3 961 980 321
1 3 962 981 324
1 3 963 982 327
1 3 964 983 330
1 3 965 985 332
1 3 966 986 335
1 3 967 987 338
1 3 968 988 341
1 3 969 989 344
1 3 970 990 347
1 3 971 991 350
1 3 972 992 353
1 3 973 993 356
1 3 974 994 359
1 3 975 995 362
1 3 976 996 365
1 3 977 996 368
1 3 978 997 371
1 3 979 998 374
1 3 980 999 377
1 3 981 1000 380
1 3 982 1001 383
1 3 983 1001 386
1 3 984 1002 389
1 3 985 1003 392
1 3 986 1004 395
1 3 987 1004 398
1 3 988 1005 401
1 3 989 1006 404
1 3 990 1006 407
1 3 991 1007 410
1 3 992 1008 413
1 3 993 1008 416
1 3 994 1009 419
1 3 995 1009 422
1 3 996 1010 425
1 3 997 1011 428
1 3 998 1011 431
1 3 999 1011 434
1 3 1000 1012 437
1 3 1001 1012 440
1 3 1002 1013 443
1 3 1003 1013 447
1 3 1004 1014 450
1 3 1005 1014 453
1 3 1006 1014 456
1 3 1007 1015 459
1 3 1008 1015 462
1 3 1009 1015 465
1 3 1010 1016 468
1 3 1011 1016 471
1 3 1012 1016 474
1 3 1013 1016 477
1 3 1014 1017 480
1 3 1015 1017 484
1 3 1016 1017 487
1 3 1017 1017 490
1 3 1018 1017 493
1 3 1019 1017 496
1 3 1020 1017 499
1 3 1021 1017 502
1 3 1022 1017 505
1 3 1023 1017 508
2 0 0 1015 513
2 0 1 1014 516
2 0 2 1014 519
2 0 3 1014 522
2 0 4 1014 525
2 0 5 1014 528
2 0 6 1014 531
2 0 7 1014 534
2 0 8 1014 537
2 0 9 1014 540
2 0 10 1014 543
2 0 11 1013 546
2 0 12 1013 549
2 0 13 1013 553
2 0 14 1013 556
2 0 15 1012 559
2 0 16 1012 562
2 0 17 1012 565
2 0 18 1011 568
2 0 19 1011 571
2 0 20 1011 574
2 0 21 1010 577
2 0 22 1010 580
2 0 23 1009 583
2 0 24 1009 586
2 0 25 1009 589
2 0 26 1008 592
2 0 27 1008 595
2 0 28 1007 598
2 0 29 1006 601
2 0 30 1006 604
2 0 31 1005 608
2 0 32 1005 611
2 0 33 1004 614
2 0 34 1004 617
2 0 35 1003 620
2 0 36 1002 623
2 0 37 1002 626
2 0 38 1001 629
2 0 39 1000 632
2 0 40 999 635
2 0 41 999 638
2 0 42 998 641
2 0 43 997 644
2 0 44 996 647
2 0 45 995 649
2 0 46 994 652
2 0 47 994 655
2 0 48 993 658
2 0 49 992 661
2 0 50 991 664
2 0 51 990 667
2 0 52 989 670
2 0 53 988 673
2 0 54 987 676
2 0 55 986 679
2 0 56 985 682
2 0 57 984 685
2 0 58 983 688
2 0 59 982 690
2 0 60 981 693
2 0 61 980 696
2 0 62 978 699
2 0 63 977 702
2 0 64 976 705
2 0 65 975 708
2 0 66 974 710
2 0 67 972 713
2 0 68 971 716
2 0 69 970 719
2 0 70 969 722
2 0 71 967 725
2 0 72 966 727
2 0 73 965 730
2 0 74 963 733
2 0 75 962 736
2 0 76 961 738
2 0 77 959 741
2 0 78 958 744
2 0 79 956 747
2 0 80 955 749
2 0 81 953 752
2 0 82 952 755
2 0 83 950 757
2 0 84 949 760
2 0 85 947 763
2 0 86 946 765
2 0 87 944 768
2 0 88 943 771
2 0 89 941 773
2 0 90 940 776
2 0 91 938 779
2 0 92 936 781
2 0 93 935 784
2 0 94 933 786
2 0 95 931 789
2 0 96 930 792
2 0 97 928 794
2 0 98 926 797
2 0 99 924 799
2 0 100 923 802
2 0 101 921 804
2 0 102 919 807
2 0 103 917 809
2 0 104 915 812
2 0 105 913 814
2 0 106 912 817
2 0 107 910 819
2 0 108 908 822
2 0 109 906 824
2 0 110 904 826
2 0 111 902 829
2 0 112 900 831
2 0 113 898 834
2 0 114 896 836
2 0 115 894 838
2 0 116 892 841
2 0 117 890 843
2 0 118 888 845
2 0 119 886 848
2 0 120 884 850
2 0 121 882 852
2 0 122 880 854
2 0 123 878 857
2 0 124 876 859
2 0 125 873 861
2 0 126 871 863
2 0 127 869 865
2 0 128 867 868
2 0 129 865 870
2 0 130 863 872
2 0 131 860 874
2 0 132 858 876
2 0 133 856 878
2 0 134 854 881
2 0 135 851 883
2 0 136 849 885
2 0 137 847 887
2 0 138 844 889
2 0 139 842 891
2 0 140 840 893
2 0 141 837 895
2 0 142 835 897
2 0 143 833 899
2 0 144 830 901
2 0 145 828 903
2 0 146 826 905
2 0 147 823 907
2 0 148 821 908
2 0 149 818 910
2 0 150 816 912
2 0 151 813 914
2 0 152 811 916
2 0 153 808 918
2 0 154 806 920
2 0 155 803 921
2 0 156 801 923
2 0 157 798 925
2 0 158 796 927
2 0 159 793 928
2 0 160 791 930
2 0 161 788 932
2 0 162 786 933
2 0 163 783 935
2 0 164 780 937
2 0 165 778 938
2 0 166 775 940
2 0 167 773 942
2 0 168 770 943
2 0 169 767 945
2 0 170 765 946
2 0 171 762 948
2 0 172 759 949
2 0 173 757 951
2 0 174 754 952
2 0 175 751 954
2 0 176 748 955
2 0 177 746 957
2 0 178 743 958
2 0 179 740 960
2 0 180 737 961
2 0 181 735 962
2 0 182 732 964
2 0 183 729 965
2 0 184 726 966
2 0 185 724 968
2 0 186 721 969
2 0 187 718 970
2 0 188 715 972
2 0 189 712 973
2 0 190 710 974
2 0 191 707 975
2 0 192 704 976
2 0 193 701 978
2 0 194 698 979
2 0 195 695 980
2 0 196 692 981
2 0 197 690 982
2 0 198 687 983
2 0 199 684 984
2 0 200 681 985
2 0 201 678 986
2 0 202 675 987
2 0 203 672 988
2 0 204 669 989
2 0 205 666 990
2 0 206 663 991
2 0 207 660 992
2 0 208 657 993
2 0 209 654 994
2 0 210 651 995
2 0 211 649 996
2 0 212 646 996
2 0 213 643 997
2 0 214 640 998
2 0 215 637 999
2 0 216 634 1000
2 0 217 631 1000
2 0 218 628 1001
2 0 219 625 1002
2 0 220 622 1002
2 0 221 619 1003
2 0 222 616 1004
2 0 223 613 1004
2 0 224 610 1005
2 0 225 607 1006
2 0 226 603 1006
2 0 227 600 1007
2 0 228 597 1007
2 0 229 594 1008
2 0 230 591 1008
2 0 231 588 1009
2 0 232 585 1009
2 0 233 582 1010
2 0 234 579 1010
2 0 235 576 1010
2 0 236 573 1011
2 0 237 570 1011
2 0 238 567 1011
2 0 239 564 1012
2 0 240 561 1012
2 0 241 558 1012
2 0 242 555 1013
2 0 243 552 1013
2 0 244 548 1013
2 0 245 545 1013
2 0 246 542 1014
2 0 247 539 1014
2 0 248 536 1014
2 0 249 533 1014
2 0 250 530 1014
2 0 251 527 1014
2 0 252 524 1014
2 0 253 521 1014
2 0 254 518 1014
2 0 255 515 1015
2 0 256 512 1015
2 0 257 508 1014
2 0 258 505 1014
2 0 259 502 1014
2 0 260 499 1014
2 0 261 496 1014
2 0 262 493 1014
2 0 263 490 1014
2 0 264 487 1014
2 0 265 484 1014
2 0 266 481 1014
2 0 267 478 1013
2 0 268 475 1013
2 0 269 471 1013
2 0 270 468 1013
2 0 271 465 1012
2 0 272 462 1012
2 0 273 459 1012
2 0 274 456 1011
2 0 275 453 1011
2 0 276 450 1011
2 0 277 447 1010
2 0 278 444 1010
2 0 279 441 1009
2 0 280 438 1009
2 0 281 435 1009
2 0 282 432 1008
2 0 283 429 1008
2 0 284 426 1007
2 0 285 423 1006
2 0 286 420 1006
2 0 287 416 1005
2 0 288 413 1005
2 0 289 410 1004
2 0 290 407 1004
2 0 291 404 1003
2 0 292 401 1002
2 0 293 398 1002
2 0 294 395 1001
2 0 295 392 1000
2 0 296 389 999
2 0 297 386 999
2 0 298 383 998
2 0 299 380 997
2 0 300 377 996
2 0 301 375 995
2 0 302 372 994
2 0 303 369 994
2 0 304 366 993
2 0 305 363 992
2 0 306 360 991
2 0 307 357 990
2 0 308 354 989
2 0 309 351 988
2 0 310 348 987
2 0 311 345 986
2 0 312 342 985
2 0 313 339 984
2 0 314 336 983
2 0 315 334 982
2 0 316 331 981
2 0 317 328 980
2 0 318 325 978
2 0 319 322 977
2 0 320 319 976
2 0 321 316 975
2 0 322 314 974
2 0 323 311 972
2 0 324 308 971
2 0 325 305 970
2 0 326 302 969
2 0 327 299 967
2 0 328 297 966
2 0 329 294 965
2 0 330 291 963
2 0 331 288 962
2 0 332 286 961
2 0 333 283 959
2 0 334 280 958
2 0 335 277 956
2 0 336 275 955
2 0 337 272 953
2 0 338 269 952
2 0 339 267 950
2 0 340 264 949
2 0 341 261 947
2 0 342 259 946
2 0 343 256 944
2 0 344 253 943
2 0 345 251 941
2 0 346 248 940
2 0 347 245 938
2 0 348 243 936
2 0 349 240 935
2 0 350 238 933
2 0 351 235 931
2 0 352 232 930
2 0 353 230 928
2 0 354 227 926
2 0 355 225 924
2 0 356 222 923
2 0 357 220 921
2 0 358 217 919
2 0 359 215 917
2 0 360 212 915
2 0 361 210 913
2 0 362 207 912
2 0 363 205 910
2 0 364 202 908
2 0 365 200 906
2 0 366 198 904
2 0 367 195 902
2 0 368 193 900
2 0 369 190 898
2 0 370 188 896
2 0 371 186 894
2 0 372 183 892
2 0 373 181 890
2 0 374 179 888
2 0 375 176 886
2 0 376 174 884
2 0 377 172 882
2 0 378 170 880
2 0 379 167 878
2 0 380 165 876
2 0 381 163 873
2 0 382 161 871
2 0 383 159 869
2 0 384 156 867
2 0 385 154 865
2 0 386 152 863
2 0 387 150 860
2 0 388 148 858
2 0 389 146 856
2 0 390 143 854
2 0 391 141 851
2 0 392 139 849
2 0 393 137 847
2 0 394 135 844
2 0 395 133 842
2 0 396 131 840
2 0 397 129 837
2 0 398 127 835
2 0 399 125 833
2 0 400 123 830
2 0 401 121 828
2 0 402 119 826
2 0 403 117 823
2 0 404 116 821
2 0 405 114 818
2 0 406 112 816
2 0 407 110 813
2 0 408 108 811
2 0 409 106 808
2 0 410 104 806
2 0 411 103 803
2 0 412 101 801
2 0 413 99 798
2 0 414 97 796
2 0 415 96 793
2 0 416 94 791
2 0 417 92 788
2 0 418 91 786
2 0 419 89 783
2 0 420 87 780
2 0 421 86 778
2 0 422 84 775
2 0 423 82 773
2 0 424 81 770
2 0 425 79 767
2 0 426 78 765
2 0 427 76 762
2 0 428 75 759
2 0 429 73 757
2 0 430 72 754
2 0 431 70 751
2 0 432 69 748
2 0 433 67 746
2 0 434 66 743
2 0 435 64 740
2 0 436 63 737
2 0 437 62 735
2 0 438 60 732
2 0 439 59 729
2 0 440 58 726
2 0 441 56 724
2 0 442 55 721
2 0 443 54 718
2 0 444 52 715
2 0 445 51 712
2 0 446 50 710
2 0 447 49 707
2 0 448 48 704
2 0 449 46 701
2 0 450 45 698
2 0 451 44 695
2 0 452 43 692
2 0 453 42 690
2 0 454 41 687
2 0 455 40 684
2 0 456 39 681
2 0 457 38 678
2 0 458 37 675
2 0 459 36 672
2 0 460 35 669
2 0 461 34 666
2 0 462 33 663
2 0 463 32 660
2 0 464 31 657
2 0 465 30 654
2 0 466 29 651
2 0 467 28 649
2 0 468 28 646
2 0 469 27 643
2 0 470 26 640
2 0 471 25 637
2 0 472 24 634
2 0 473 24 631
2 0 474 23 628
2 0 475 22 625
2 0 476 22 622
2 0 477 21 619
2 0 478 20 616
2 0 479 20 613
2 0 480 19 610
2 0 481 18 607
2 0 482 18 603
2 0 483 17 600
2 0 484 17 597
2 0 485 16 594
2 0 486 16 591
2 0 487 15 588
2 0 488 15 585
2 0 489 14 582
2 0 490 14 579
2 0 491 14 576
2 0 492 13 573
2 0 493 13 570
2 0 494 13 567
2 0 495 12 564
2 0 496 12 561
2 0 497 12 558
2 0 498 11 555
2 0 499 11 552
2 0 500 11 548
2 0 501 11 545
2 0 502 10 542
2 0 503 10 539
2 0 504 10 536
2 0 505 10 533
2 0 506 10 530
2 0 507 10 527
2 0 508 10 524
2 0 509 10 521
2 0 510 10 518
2 0 511 9 515
2 0 512 10 512
2 0 513 10 508
2 0 514 10 505
2 0 515 10 502
2 0 516 10 499
2 0 517 10 496
2 0 518 10 493
2 0 519 10 490
2 0 520 10 487
2 0 521 10 484
2 0 522 10 481
2 0 523 11 478
2 0 524 11 475
2 0 525 11 471
2 0 526 11 468
2 0 527 12 465
2 0 528 12 462
2 0 529 12 459
2 0 530 13 456
2 0 531 13 453
2 0 532 13 450
2 0 533 14 447
2 0 534 14 444
2 0 535 15 441
2 0 536 15 438
2 0 537 15 435
2 0 538 16 432
2 0 539 16 429
2 0 540 17 426
2 0 541 18 423
2 0 542 18 420
2 0 543 19 416
2 0 544 19 413
2 0 545 20 410
2 0 546 20 407
2 0 547 21 404
2 0 548 22 401
2 0 549 22 398
2 0 550 23 395
2 0 551 24 392
2 0 552 25 389
2 0 553 25 386
2 0 554 26 383
2 0 555 27 380
2 0 556 28 377
2 0 557 29 375
2 0 558 30 372
2 0 559 30 369
2 0 560 31 366
2 0 561 32 363
2 0 562 33 360
2 0 563 34 357
2 0 564 35 354
2 0 565 36 351
2 0 566 37 348
2 0 567 38 345
2 0 568 39 342
2 0 569 40 339
2 0 570 41 336
2 0 571 42 334
2 0 572 43 331
2 0 573 44 328
2 0 574 46 325
2 0 575 47 322
2 0 576 48 319
2 0 577 49 316
2 0 578 50 314
2 0 579 52 311
2 0 580 53 308
2 0 581 54 305
2 0 582 55 302
2 0 583 57 299
2 0 584 58 297
2 0 585 59 294
2 0 586 61 291
2 0 587 62 288
2 0 588 63 286
2 0 589 65 283
2 0 590 66 280
2 0 591 68 277
2 0 592 69 275
2 0 593 71 272
2 0 594 72 269
2 0 595 74 267
2 0 596 75 264
2 0 597 77 261
2 0 598 78 259
2 0 599 80 256
2 0 600 81 253
2 0 601 83 251
2 0 602 84 248
2 0 603 86 245
2 0 604 88 243
2 0 605 89 240
2 0 606 91 238
2 0 607 93 235
2 0 608 94 232
2 0 609 96 230
2 0 610 98 227
2 0 611 100 225
2 0 612 101 222
2 0 613 103 220
2 0 614 105 217
2 0 615 107 215
2 0 616 109 212
2 0 617 111 210
2 0 618 112 207
2 0 619 114 205
2 0 620 116 202
2 0 621 118 200
2 0 622 120 198
2 0 623 122 195
2 0 624 124 193
2 0 625 126 190
2 0 626 128 188
2 0 627 130 186
2 0 628 132 183
2 0 629 134 181
2 0 630 136 179
2 0 631 138 176
2 0 632 140 174
2 0 633 142 172
2 0 634 144 170
2 0 635 146 167
2 0 636 148 165
2 0 637 151 163
2 0 638 153 161
2 0 639 155 159
2 0 640 157 156
2 0 641 159 154
2 0 642 161 152
2 0 643 164 150
2 0 644 166 148
2 0 645 168 146
2 0 646 170 143
2 0 647 173 141
2 0 648 175 139
2 0 649 177 137
2 0 650 180 135
2 0 651 182 133
2 0 652 184 131
2 0 653 187 129
2 0 654 189 127
2 0 655 191 125
2 0 656 194 123
2 0 657 196 121
2 0 658 198 119
2 0 659 201 117
2 0 660 203 116
2 0 661 206 114
2 0 662 208 112
2 0 663 211 110
2 0 664 213 108
2 0 665 216 106
2 0 666 218 104
2 0 667 221 103
2 0 668 223 101
2 0 669 226 99
2 0 670 228 97
2 0 671 231 96
2 0 672 233 94
2 0 673 236 92
2 0 674 238 91
2 0 675 241 89
2 0 676 244 87
2 0 677 246 86
2 0 678 249 84
2 0 679 251 82
2 0 680 254 81
2 0 681 257 79
2 0 682 259 78
2 0 683 262 76
2 0 684 265 75
2 0 685 267 73
2 0 686 270 72
2 0 687 273 70
2 0 688 276 69
2 0 689 278 67
2 0 690 281 66
2 0 691 284 64
2 0 692 287 63
2 0 693 289 62
2 0 694 292 60
2 0 695 295 59
2 0 696 298 58
2 0 697 300 56
2 0 698 303 55
2 0 699 306 54
2 0 700 309 52
2 0 701 312 51
2 0 702 314 50
2 0 703 317 49
2 0 704 320 48
2 0 705 323 46
2 0 706 326 45
2 0 707 329 44
2 0 708 332 43
2 0 709 334 42
2 0 710 337 41
2 0 711 340 40
2 0 712 343 39
2 0 713 346 38
2 0 714 349 37
2 0 715 352 36
2 0 716 355 35
2 0 717 358 34
2 0 718 361 33
2 0 719 364 32
2 0 720 367 31
2 0 721 370 30
2 0 722 373 29
2 0 723 375 28
2 0 724 378 28
2 0 725 381 27
2 0 726 384 26
2 0 727 387 25
2 0 728 390 24
2 0 729 393 24
2 0 730 396 23
2 0 731 399 22
2 0 732 402 22
2 0 733 405 21
2 0 734 408 20
2 0 735 411 20
2 0 736 414 19
2 0 737 417 18
2 0 738 421 18
2 0 739 424 17
2 0 740 427 17
2 0 741 430 16
2 0 742 433 16
2 0 743 436 15
2 0 744 439 15
2 0 745 442 14
2 0 746 445 14
2 0 747 448 14
2 0 748 451 13
2 0 749 454 13
2 0 750 457 13
2 0 751 460 12
2 0 752 463 12
2 0 753 466 12
2 0 754 469 11
2 0 755 472 11
2 0 756 476 11
2 0 757 479 11
2 0 758 482 10
2 0 759 485 10
2 0 760 488 10
2 0 761 491 10
2 0 762 494 10
2 0 763 497 10
2 0 764 500 10
2 0 765 503 10
2 0 766 506 10
2 0 767 509 9
2 0 768 513 10
2 0 769 516 10
2 0 770 519 10
2 0 771 522 10
2 0 772 525 10
2 0 773 528 10
2 0 774 531 10
2 0 775 534 10
2 0 776 537 10
2 0 777 540 10
2 0 778 543 10
2 0 779 546 11
2 0 780 549 11
2 0 781 553 11
2 0 782 556 11
2 0 783 559 12
2 0 784 562 12
2 0 785 565 12
2 0 786 568 13
2 0 787 571 13
2 0 788 574 13
2 0 789 577 14
2 0 790 580 14
2 0 791 583 15
2 0 792 586 15
2 0 793 589 15
2 0 794 592 16
2 0 795 595 16
2 0 796 598 17
2 0 797 601 18
2 0 798 604 18
2 0 799 608 19
2 0 800 611 19
2 0 801 614 20
2 0 802 617 20
2 0 803 620 21
2 0 804 623 22
2 0 805 626 22
2 0 806 629 23
2 0 807 632 24
2 0 808 635 25
2 0 809 638 25
2 0 810 641 26
2 0 811 644 27
2 0 812 647 28
2 0 813 649 29
2 0 814 652 30
2 0 815 655 30
2 0 816 658 31
2 0 817 661 32
2 0 818 664 33
2 0 819 667 34
2 0 820 670 35
2 0 821 673 36
2 0 822 676 37
2 0 823 679 38
2 0 824 682 39
2 0 825 685 40
2 0 826 688 41
2 0 827 690 42
2 0 828 693 43
2 0 829 696 44
2 0 830 699 46
2 0 831 702 47
2 0 832 705 48
2 0 833 708 49
2 0 834 710 50
2 0 835 713 52
2 0 836 716 53
2 0 837 719 54
2 0 838 722 55
2 0 839 725 57
2 0 840 727 58
2 0 841 730 59
2 0 842 733 61
2 0 843 736 62
2 0 844 738 63
2 0 845 741 65
2 0 846 744 66
2 0 847 747 68
2 0 848 749 69
2 0 849 752 71
2 0 850 755 72
2 0 851 757 74
2 0 852 760 75
2 0 853 763 77
2 0 854 765 78
2 0 855 768 80
2 0 856 771 81
2 0 857 773 83
2 0 858 776 84
2 0 859 779 86
2 0 860 781 88
2 0 861 784 89
2 0 862 786 91
2 0 863 789 93
2 0 864 792 94
2 0 865 794 96
2 0 866 797 98
2 0 867 799 100
2 0 868 802 101
2 0 869 804 103
2 0 870 807 105
2 0 871 809 107
2 0 872 812 109
2 0 873 814 111
2 0 874 817 112
2 0 875 819 114
2 0 876 822 116
2 0 877 824 118
2 0 878 826 120
2 0 879 829 122
2 0 880 831 124
2 0 881 834 126
2 0 882 836 128
2 0 883 838 130
2 0 884 841 132
2 0 885 843 134
2 0 886 845 136
2 0 887 848 138
2 0 888 850 140
2 0 889 852 142
2 0 890 854 144
2 0 891 857 146
2 0 892 859 148
2 0 893 861 151
2 0 894 863 153
2 0 895 865 155
2 0 896 868 157
2 0 897 870 159
2 0 898 872 161
2 0 899 874 164
2 0 900 876 166
2 0 901 878 168
2 0 902 881 170
2 0 903 883 173
2 0 904 885 175
2 0 905 887 177
2 0 906 889 180
2 0 907 891 182
2 0 908 893 184
2 0 909 895 187
2 0 910 897 189
2 0 911 899 191
2 0 912 901 194
2 0 913 903 196
2 0 914 905 198
2 0 915 907 201
2 0 916 908 203
2 0 917 910 206
2 0 918 912 208
2 0 919 914 211
2 0 920 916 213
2 0 921 918 216
2 0 922 920 218
2 0 923 921 221
2 0 924 923 223
2 0 925 925 226
2 0 926 927 228
2 0 927 928 231
2 0 928 930 233
2 0 929 932 236
2 0 930 933 238
2 0 931 935 241
2 0 932 937 244
2 0 933 938 246
2 0 934 940 249
2 0 935 942 251
2 0 936 943 254
2 0 937 945 257
2 0 938 946 259
2 0 939 948 262
2 0 940 949 265
2 0 941 951 267
2 0 942 952 270
2 0 943 954 273
2 0 944 955 276
2 0 945 957 278
2 0 946 958 281
2 0 947 960 284
2 0 948 961 287
2 0 949 962 289
2 0 950 964 292
2 0 951 965 295
2 0 952 966 298
2 0 953 968 300
2 0 954 969 303
2 0 955 970 306
2 0 956 972 309
2 0 957 973 312
2 0 958 974 314
2 0 959 975 317
2 0 960 976 320
2 0 961 978 323
2 0 962 979 326
2 0 963 980 329
2 0 964 981 332
2 0 965 982 334
2 0 966 983 337
2 0 967 984 340
2 0 968 985 343
2 0 969 986 346
2 0 970 987 349
2 0 971 988 352
2 0 972 989 355
2 0 973 990 358
2 0 974 991 361
2 0 975 992 364
2 0 976 993 367
2 0 977 994 370
2 0 978 995 373
2 0 979 996 375
2 0 980 996 378
2 0 981 997 381
2 0 982 998 384
2 0 983 999 387
2 0 984 1000 390
2 0 985 1000 393
2 0 986 1001 396
2 0 987 1002 399
2 0 988 1002 402
2 0 989 1003 405
2 0 990 1004 408
2 0 991 1004 411
2 0 992 1005 414
2 0 993 1006 417
2 0 994 1006 421
2 0 995 1007 424
2 0 996 1007 427
2 0 997 1008 430
2 0 998 1008 433
2 0 999 1009 436
2 0 1000 1009 439
2 0 1001 1010 442
2 0 1002 1010 445
2 0 1003 1010 448
2 0 1004 1011 451
2 0 1005 1011 454
2 0 1006 1011 457
2 0 1007 1012 460
2 0 1008 1012 463
2 0 1009 1012 466
2 0 1010 1013 469
2 0 1011 1013 472
2 0 1012 1013 476
2 0 1013 1013 479
2 0 1014 1014 482
2 0 1015 1014 485
2 0 1016 1014 488
2 0 1017 1014 491
2 0 1018 1014 494
2 0 1019 1014 497
2 0 1020 1014 500
2 0 1021 1014 503
2 0 1022 1014 506
2 0 1023 1015 509
2 1 0 1016 513
2 1 1 1015 516
2 1 2 1015 519
2 1 3 1015 522
2 1 4 1015 525
2 1 5 1015 528
2 1 6 1015 531
2 1 7 1015 534
2 1 8 1015 537
2 1 9 1015 540
2 1 10 1015 543
2 1 11 1014 546
2 1 12 1014 550
2 1 13 1014 553
2 1 14 1014 556
2 1 15 1013 559
2 1 16 1013 562
2 1 17 1013 565
2 1 18 1012 568
2 1 19 1012 571
2 1 20 1012 574
2 1 21 1011 577
2 1 22 1011 580
2 1 23 1010 583
2 1 24 1010 586
2 1 25 1010 589
2 1 26 1009 592
2 1 27 1009 596
2 1 28 1008 599
2 1 29 1007 602
2 1 30 1007 605
2 1 31 1006 608
2 1 32 1006 611
2 1 33 1005 614
2 1 34 1004 617
2 1 35 1004 620
2 1 36 1003 623
2 1 37 1002 626
2 1 38 1002 629
2 1 39 1001 632
2 1 40 1000 635
2 1 41 1000 638
2 1 42 999 641
2 1 43 998 644
2 1 44 997 647
2 1 45 996 650
2 1 46 995 653
2 1 47 995 656
2 1 48 994 659
2 1 49 993 662
2 1 50 992 665
2 1 51 991 667
2 1 52 990 670
2 1 53 989 673
2 1 54 988 676
2 1 55 987 679
2 1 56 986 682
2 1 57 985 685
2 1 58 984 688
2 1 59 983 691
2 1 60 982 694
2 1 61 980 697
2 1 62 979 699
2 1 63 978 702
2 1 64 977 705
2 1 65 976 708
2 1 66 975 711
2 1 67 973 714
2 1 68 972 716
2 1 69 971 719
2 1 70 970 722
2 1 71 968 725
2 1 72 967 728
2 1 73 966 731
2 1 74 964 733
2 1 75 963 736
2 1 76 962 739
2 1 77 960 742
2 1 78 959 744
2 1 79 957 747
2 1 80 956 750
2 1 81 954 753
2 1 82 953 755
2 1 83 951 758
2 1 84 950 761
2 1 85 948 763
2 1 86 947 766
2 1 87 945 769
2 1 88 944 771
2 1 89 942 774
2 1 90 940 777
2 1 91 939 779
2 1 92 937 782
2 1 93 935 784
2 1 94 934 787
2 1 95 932 790
2 1 96 930 792
2 1 97 929 795
2 1 98 927 797
2 1 99 925 800
2 1 100 923 802
2 1 101 922 805
2 1 102 920 807
2 1 103 918 810
2 1 104 916 812
2 1 105 914 815
2 1 106 912 817
2 1 107 911 820
2 1 108 909 822
2 1 109 907 825
2 1 110 905 827
2 1 111 903 829
2 1 112 901 832
2 1 113 899 834
2 1 114 897 837
2 1 115 895 839
2 1 116 893 841
2 1 117 891 844
2 1 118 889 846
2 1 119 887 848
2 1 120 885 851
2 1 121 883 853
2 1 122 881 855
2 1 123 878 857
2 1 124 876 860
2 1 125 874 862
2 1 126 872 864
2 1 127 870 866
2 1 128 868 868
2 1 129 865 871
2 1 130 863 873
2 1 131 861 875
2 1 132 859 877
2 1 133 857 879
2 1 134 854 881
2 1 135 852 883
2 1 136 850 885
2 1 137 847 887
2 1 138 845 890
2 1 139 843 892
2 1 140 841 894
2 1 141 838 896
2 1 142 836 898
2 1 143 833 900
2 1 144 831 902
2 1 145 829 903
2 1 146 826 905
2 1 147 824 907
2 1 148 821 909
2 1 149 819 911
2 1 150 816 913
2 1 151 814 915
2 1 152 812 917
2 1 153 809 919
2 1 154 807 920
2 1 155 804 922
2 1 156 802 924
2 1 157 799 926
2 1 158 796 927
2 1 159 794 929
2 1 160 791 931
2 1 161 789 933
2 1 162 786 934
2 1 163 784 936
2 1 164 781 938
2 1 165 778 939
2 1 166 776 941
2 1 167 773 943
2 1 168 770 944
2 1 169 768 946
2 1 170 765 947
2 1 171 762 949
2 1 172 760 950
2 1 173 757 952
2 1 174 754 953
2 1 175 752 955
2 1 176 749 956
2 1 177 746 958
2 1 178 743 959
2 1 179 741 961
2 1 180 738 962
2 1 181 735 963
2 1 182 732 965
2 1 183 730 966
2 1 184 727 967
2 1 185 724 969
2 1 186 721 970
2 1 187 718 971
2 1 188 716 972
2 1 189 713 974
2 1 190 710 975
2 1 191 707 976
2 1 192 704 977
2 1 193 701 979
2 1 194 699 980
2 1 195 696 981
2 1 196 693 982
2 1 197 690 983
2 1 198 687 984
2 1 199 684 985
2 1 200 681 986
2 1 201 678 987
2 1 202 675 988
2 1 203 672 989
2 1 204 669 990
2 1 205 667 991
2 1 206 664 992
2 1 207 661 993
2 1 208 658 994
2 1 209 655 995
2 1 210 652 996
2 1 211 649 997
2 1 212 646 997
2 1 213 643 998
2 1 214 640 999
2 1 215 637 1000
2 1 216 634 1001
2 1 217 631 1001
2 1 218 628 1002
2 1 219 625 1003
2 1 220 622 1003
2 1 221 619 1004
2 1 222 616 1005
2 1 223 613 1005
2 1 224 610 1006
2 1 225 607 1006
2 1 226 604 1007
2 1 227 601 1008
2 1 228 598 1008
2 1 229 595 1009
2 1 230 591 1009
2 1 231 588 1010
2 1 232 585 1010
2 1 233 582 1011
2 1 234 579 1011
2 1 235 576 1011
2 1 236 573 1012
2 1 237 570 1012
2 1 238 567 1012
2 1 239 564 1013
2 1 240 561 1013
2 1 241 558 1013
2 1 242 555 1014
2 1 243 552 1014
2 1 244 549 1014
2 1 245 545 1014
2 1 246 542 1015
2 1 247 539 1015
2 1 248 536 1015
2 1 249 533 1015
2 1 250 530 1015
2 1 251 527 1015
2 1 252 524 1015
2 1 253 521 1015
2 1 254 518 1015
2 1 255 515 1016
2 1 256 512 1016
2 1 257 508 1015
2 1 258 505 1015
2 1 259 502 1015
2 1 260 499 1015
2 1 261 496 1015
2 1 262 493 1015
2 1 263 490 1015
2 1 264 487 1015
2 1 265 484 1015
2 1 266 481 1015
2 1 267 478 1014
2 1 268 474 1014
2 1 269 471 1014
2 1 270 468 1014
2 1 271 465 1013
2 1 272 462 1013
2 1 273 459 1013
2 1 274 456 1012
2 1 275 453 1012
2 1 276 450 1012
2 1 277 447 1011
2 1 278 444 1011
2 1 279 441 1010
2 1 280 438 1010
2 1 281 435 1010
2 1 282 432 1009
2 1 283 428 1009
2 1 284 425 1008
2 1 285 422 1007
2 1 286 419 1007
2 1 287 416 1006
2 1 288 413 1006
2 1 289 410 1005
2 1 290 407 1004
2 1 291 404 1004
2 1 292 401 1003
2 1 293 398 1002
2 1 294 395 1002
2 1 295 392 1001
2 1 296 389 1000
2 1 297 386 1000
2 1 298 383 999
2 1 299 380 998
2 1 300 377 997
2 1 301 374 996
2 1 302 371 995
2 1 303 368 995
2 1 304 365 994
2 1 305 362 993
2 1 306 359 992
2 1 307 357 991
2 1 308 354 990
2 1 309 351 989
2 1 310 348 988
2 1 311 345 987
2 1 312 342 986
2 1 313 339 985
2 1 314 336 984
2 1 315 333 983
2 1 316 330 982
2 1 317 327 980
2 1 318 325 979
2 1 319 322 978
2 1 320 319 977
2 1 321 316 976
2 1 322 313 975
2 1 323 310 973
2 1 324 308 972
2 1 325 305 971
2 1 326 302 970
2 1 327 299 968
2 1 328 296 967
2 1 329 293 966
2 1 330 291 964
2 1 331 288 963
2 1 332 285 962
2 1 333 282 960
2 1 334 280 959
2 1 335 277 957
2 1 336 274 956
2 1 337 271 954
2 1 338 269 953
2 1 339 266 951
2 1 340 263 950
2 1 341 261 948
2 1 342 258 947
2 1 343 255 945
2 1 344 253 944
2 1 345 250 942
2 1 346 247 940
2 1 347 245 939
2 1 348 242 937
2 1 349 240 935
2 1 350 237 934
2 1 351 234 932
2 1 352 232 930
2 1 353 229 929
2 1 354 227 927
2 1 355 224 925
2 1 356 222 923
2 1 357 219 922
2 1 358 217 920
2 1 359 214 918
2 1 360 212 916
2 1 361 209 914
2 1 362 207 912
2 1 363 204 911
2 1 364 202 909
2 1 365 199 907
2 1 366 197 905
2 1 367 195 903
2 1 368 192 901
2 1 369 190 899
2 1 370 187 897
2 1 371 185 895
2 1 372 183 893
2 1 373 180 891
2 1 374 178 889
2 1 375 176 887
2 1 376 173 885
2 1 377 171 883
2 1 378 169 881
2 1 379 167 878
2 1 380 164 876
2 1 381 162 874
2 1 382 160 872
2 1 383 158 870
2 1 384 156 868
2 1 385 153 865
2 1 386 151 863
2 1 387 149 861
2 1 388 147 859
2 1 389 145 857
2 1 390 143 854
2 1 391 141 852
2 1 392 139 850
2 1 393 137 847
2 1 394 134 845
2 1 395 132 843
2 1 396 130 841
2 1 397 128 838
2 1 398 126 836
2 1 399 124 833
2 1 400 122 831
2 1 401 121 829
2 1 402 119 826
2 1 403 117 824
2 1 404 115 821
2 1 405 113 819
2 1 406 111 816
2 1 407 109 814
2 1 408 107 812
2 1 409 105 809
2 1 410 104 807
2 1 411 102 804
2 1 412 100 802
2 1 413 98 799
2 1 414 97 796
2 1 415 95 794
2 1 416 93 791
2 1 417 91 789
2 1 418 90 786
2 1 419 88 784
2 1 420 86 781
2 1 421 85 778
2 1 422 83 776
2 1 423 81 773
2 1 424 80 770
2 1 425 78 768
2 1 426 77 765
2 1 427 75 762
2 1 428 74 760
2 1 429 72 757
2 1 430 71 754
2 1 431 69 752
2 1 432 68 749
2 1 433 66 746
2 1 434 65 743
2 1 435 63 741
2 1 436 62 738
2 1 437 61 735
2 1 438 59 732
2 1 439 58 730
2 1 440 57 727
2 1 441 55 724
2 1 442 54 721
2 1 443 53 718
2 1 444 52 716
2 1 445 50 713
2 1 446 49 710
2 1 447 48 707
2 1 448 47 704
2 1 449 45 701
2 1 450 44 699
2 1 451 43 696
2 1 452 42 693
2 1 453 41 690
2 1 454 40 687
2 1 455 39 684
2 1 456 38 681
2 1 457 37 678
2 1 458 36 675
2 1 459 35 672
2 1 460 34 669
2 1 461 33 667
2 1 462 32 664
2 1 463 31 661
2 1 464 30 658
2 1 465 29 655
2 1 466 28 652
2 1 467 27 649
2 1 468 27 646
2 1 469 26 643
2 1 470 25 640
2 1 471 24 637
2 1 472 23 634
2 1 473 23 631
2 1 474 22 628
2 1 475 21 625
2 1 476 21 622
2 1 477 20 619
2 1 478 19 616
2 1 479 19 613
2 1 480 18 610
2 1 481 18 607
2 1 482 17 604
2 1 483 16 601
2 1 484 16 598
2 1 485 15 595
2 1 486 15 591
2 1 487 14 588
2 1 488 14 585
2 1 489 13 582
2 1 490 13 579
2 1 491 13 576
2 1 492 12 573
2 1 493 12 570
2 1 494 12 567
2 1 495 11 564
2 1 496 11 561
2 1 497 11 558
2 1 498 10 555
2 1 499 10 552
2 1 500 10 549
2 1 501 10 545
2 1 502 9 542
2 1 503 9 539
2 1 504 9 536
2 1 505 9 533
2 1 506 9 530
2 1 507 9 527
2 1 508 9 524
2 1 509 9 521
2 1 510 9 518
2 1 511 8 515
2 1 512 9 512
2 1 513 9 508
2 1 514 9 505
2 1 515 9 502
2 1 516 9 499
2 1 517 9 496
2 1 518 9 493
2 1 519 9 490
2 1 520 9 487
2 1 521 9 484
2 1 522 9 481
2 1 523 10 478
2 1 524 10 474
2 1 525 10 471
2 1 526 10 468
2 1 527 11 465
2 1 528 11 462
2 1 529 11 459
2 1 530 12 456
2 1 531 12 453
2 1 532 12 450
2 1 533 13 447
2 1 534 13 444
2 1 535 14 441
2 1 536 14 438
2 1 537 14 435
2 1 538 15 432
2 1 539 15 428
2 1 540 16 425
2 1 541 17 422
2 1 542 17 419
2 1 543 18 416
2 1 544 18 413
2 1 545 19 410
2 1 546 20 407
2 1 547 20 404
2 1 548 21 401
2 1 549 22 398
2 1 550 22 395
2 1 551 23 392
2 1 552 24 389
2 1 553 24 386
2 1 554 25 383
2 1 555 26 380
2 1 556 27 377
2 1 557 28 374
2 1 558 29 371
2 1 559 29 368
2 1 560 30 365
2 1 561 31 362
2 1 562 32 359
2 1 563 33 357
2 1 564 34 354
2 1 565 35 351
2 1 566 36 348
2 1 567 37 345
2 1 568 38 342
2 1 569 39 339
2 1 570 40 336
2 1 571 41 333
2 1 572 42 330
2 1 573 44 327
2 1 574 45 325
2 1 575 46 322
2 1 576 47 319
2 1 577 48 316
2 1 578 49 313
2 1 579 51 310
2 1 580 52 308
2 1 581 53 305
2 1 582 54 302
2 1 583 56 299
2 1 584 57 296
2 1 585 58 293
2 1 586 60 291
2 1 587 61 288
2 1 588 62 285
2 1 589 64 282
2 1 590 65 280
2 1 591 67 277
2 1 592 68 274
2 1 593 70 271
2 1 594 71 269
2 1 595 73 266
2 1 596 74 263
2 1 597 76 261
2 1 598 77 258
2 1 599 79 255
2 1 600 80 253
2 1 601 82 250
2 1 602 84 247
2 1 603 85 245
2 1 604 87 242
2 1 605 89 240
2 1 606 90 237
2 1 607 92 234
2 1 608 94 232
2 1 609 95 229
2 1 610 97 227
2 1 611 99 224
2 1 612 101 222
2 1 613 102 219
2 1 614 104 217
2 1 615 106 214
2 1 616 108 212
2 1 617 110 209
2 1 618 112 207
2 1 619 113 204
2 1 620 115 202
2 1 621 117 199
2 1 622 119 197
2 1 623 121 195
2 1 624 123 192
2 1 625 125 190
2 1 626 127 187
2 1 627 129 185
2 1 628 131 183
2 1 629 133 180
2 1 630 135 178
2 1 631 137 176
2 1 632 139 173
2 1 633 141 171
2 1 634 143 169
2 1 635 146 167
2 1 636 148 164
2 1 637 150 162
2 1 638 152 160
2 1 639 154 158
2 1 640 156 156
2 1 641 159 153
2 1 642 161 151
2 1 643 163 149
2 1 644 165 147
2 1 645 167 145
2 1 646 170 143
2 1 647 172 141
2 1 648 174 139
2 1 649 177 137
2 1 650 179 134
2 1 651 181 132
2 1 652 183 130
2 1 653 186 128
2 1 654 188 126
2 1 655 191 124
2 1 656 193 122
2 1 657 195 121
2 1 658 198 119
2 1 659 200 117
2 1 660 203 115
2 1 661 205 113
2 1 662 208 111
2 1 663 210 109
2 1 664 212 107
2 1 665 215 105
2 1 666 217 104
2 1 667 220 102
2 1 668 222 100
2 1 669 225 98
2 1 670 228 97
2 1 671 230 95
2 1 672 233 93
2 1 673 235 91
2 1 674 238 90
2 1 675 240 88
2 1 676 243 86
2 1 677 246 85
2 1 678 248 83
2 1 679 251 81
2 1 680 254 80
2 1 681 256 78
2 1 682 259 77
2 1 683 262 75
2 1 684 264 74
2 1 685 267 72
2 1 686 270 71
2 1 687 272 69
2 1 688 275 68
2 1 689 278 66
2 1 690 281 65
2 1 691 283 63
2 1 692 286 62
2 1 693 289 61
2 1 694 292 59
2 1 695 294 58
2 1 696 297 57
2 1 697 300 55
2 1 698 303 54
2 1 699 306 53
2 1 700 308 52
2 1 701 311 50
2 1 702 314 49
2 1 703 317 48
2 1 704 320 47
2 1 705 323 45
2 1 706 325 44
2 1 707 328 43
2 1 708 331 42
2 1 709 334 41
2 1 710 337 40
2 1 711 340 39
2 1 712 343 38
2 1 713 346 37
2 1 714 349 36
2 1 715 352 35
2 1 716 355 34
2 1 717 357 33
2 1 718 360 32
2 1 719 363 31
2 1 720 366 30
2 1 721 369 29
2 1 722 372 28
2 1 723 375 27
2 1 724 378 27
2 1 725 381 26
2 1 726 384 25
2 1 727 387 24
2 1 728 390 23
2 1 729 393 23
2 1 730 396 22
2 1 731 399 21
2 1 732 402 21
2 1 733 405 20
2 1 734 408 19
2 1 735 411 19
2 1 736 414 18
2 1 737 417 18
2 1 738 420 17
2 1 739 423 16
2 1 740 426 16
2 1 741 429 15
2 1 742 433 15
2 1 743 436 14
2 1 744 439 14
2 1 745 442 13
2 1 746 445 13
2 1 747 448 13
2 1 748 451 12
2 1 749 454 12
2 1 750 457 12
2 1 751 460 11
2 1 752 463 11
2 1 753 466 11
2 1 754 469 10
2 1 755 472 10
2 1 756 475 10
2 1 757 479 10
2 1 758 482 9
2 1 759 485 9
2 1 760 488 9
2 1 761 491 9
2 1 762 494 9
2 1 763 497 9
2 1 764 500 9
2 1 765 503 9
2 1 766 506 9
2 1 767 509 8
2 1 768 513 9
2 1 769 516 9
2 1 770 519 9
2 1 771 522 9
2 1 772 525 9
2 1 773 528 9
2 1 774 531 9
2 1 775 534 9
2 1 776 537 9
2 1 777 540 9
2 1 778 543 9
2 1 779 546 10
2 1 780 550 10
2 1 781 553 10
2 1 782 556 10
2 1 783 559 11
2 1 784 562 11
2 1 785 565 11
2 1 786 568 12
2 1 787 571 12
2 1 788 574 12
2 1 789 577 13
2 1 790 580 13
2 1 791 583 14
2 1 792 586 14
2 1 793 589 14
2 1 794 592 15
2 1 795 596 15
2 1 796 599 16
2 1 797 602 17
2 1 798 605 17
2 1 799 608 18
2 1 800 611 18
2 1 801 614 19
2 1 802 617 20
2 1 803 620 20
2 1 804 623 21
2 1 805 626 22
2 1 806 629 22
2 1 807 632 23
2 1 808 635 24
2 1 809 638 24
2 1 810 641 25
2 1 811 644 26
2 1 812 647 27
2 1 813 650 28
2 1 814 653 29
2 1 815 656 29
2 1 816 659 30
2 1 817 662 31
2 1 818 665 32
2 1 819 667 33
2 1 820 670 34
2 1 821 673 35
2 1 822 676 36
2 1 823 679 37
2 1 824 682 38
2 1 825 685 39
2 1 826 688 40
2 1 827 691 41
2 1 828 694 42
2 1 829 697 44
2 1 830 699 45
2 1 831 702 46
2 1 832 705 47
2 1 833 708 48
2 1 834 711 49
2 1 835 714 51
2 1 836 716 52
2 1 837 719 53
2 1 838 722 54
2 1 839 725 56
2 1 840 728 57
2 1 841 731 58
2 1 842 733 60
2 1 843 736 61
2 1 844 739 62
2 1 845 742 64
2 1 846 744 65
2 1 847 747 67
2 1 848 750 68
2 1 849 753 70
2 1 850 755 71
2 1 851 758 73
2 1 852 761 74
2 1 853 763 76
2 1 854 766 77
2 1 855 769 79
2 1 856 771 80
2 1 857 774 82
2 1 858 777 84
2 1 859 779 85
2 1 860 782 87
2 1 861 784 89
2 1 862 787 90
2 1 863 790 92
2 1 864 792 94
2 1 865 795 95
2 1 866 797 97
2 1 867 800 99
2 1 868 802 101
2 1 869 805 102
2 1 870 807 104
2 1 871 810 106
2 1 872 812 108
2 1 873 815 110
2 1 874 817 112
2 1 875 820 113
2 1 876 822 115
2 1 877 825 117
2 1 878 827 119
2 1 879 829 121
2 1 880 832 123
2 1 881 834 125
2 1 882 837 127
2 1 883 839 129
2 1 884 841 131
2 1 885 844 133
2 1 886 846 135
2 1 887 848 137
2 1 888 851 139
2 1 889 853 141
2 1 890 855 143
2 1 891 857 146
2 1 892 860 148
2 1 893 862 150
2 1 894 864 152
2 1 895 866 154
2 1 896 868 156
2 1 897 871 159
2 1 898 873 161
2 1 899 875 163
2 1 900 877 165
2 1 901 879 167
2 1 902 881 170
2 1 903 883 172
2 1 904 885 174
2 1 905 887 177
2 1 906 890 179
2 1 907 892 181
2 1 908 894 183
2 1 909 896 186
2 1 910 898 188
2 1 911 900 191
2 1 912 902 193
2 1 913 903 195
2 1 914 905 198
2 1 915 907 200
2 1 916 909 203
2 1 917 911 205
2 1 918 913 208
2 1 919 915 210
2 1 920 917 212
2 1 921 919 215
2 1 922 920 217
2 1 923 922 220
2 1 924 924 222
2 1 925 926 225
2 1 926 927 228
2 1 927 929 230
2 1 928 931 233
2 1 929 933 235
2 1 930 934 238
2 1 931 936 240
2 1 932 938 243
2 1 933 939 246
2 1 934 941 248
2 1 935 943 251
2 1 936 944 254
2 1 937 946 256
2 1 938 947 259
2 1 939 949 262
2 1 940 950 264
2 1 941 952 267
2 1 942 953 270
2 1 943 955 272
2 1 944 956 275
2 1 945 958 278
2 1 946 959 281
2 1 947 961 283
2 1 948 962 286
2 1 949 963 289
2 1 950 965 292
2 1 951 966 294
2 1 952 967 297
2 1 953 969 300
2 1 954 970 303
2 1 955 971 306
2 1 956 972 308
2 1 957 974 311
2 1 958 975 314
2 1 959 976 317
2 1 960 977 320
2 1 961 979 323
2 1 962 980 325
2 1 963 981 328
2 1 964 982 331
2 1 965 983 334
2 1 966 984 337
2 1 967 985 340
2 1 968 986 343
2 1 969 987 346
2 1 970 988 349
2 1 971 989 352
2 1 972 990 355
2 1 973 991 357
2 1 974 992 360
2 1 975 993 363
2 1 976 994 366
2 1 977 995 369
2 1 978 996 372
2 1 979 997 375
2 1 980 997 378
2 1 981 998 381
2 1 982 999 384
2 1 983 1000 387
2 1 984 1001 390
2 1 985 1001 393
2 1 986 1002 396
2 1 987 1003 399
2 1 988 1003 402
2 1 989 1004 405
2 1 990 1005 408
2 1 991 1005 411
2 1 992 1006 414
2 1 993 1006 417
2 1 994 1007 420
2 1 995 1008 423
2 1 996 1008 426
2 1 997 1009 429
2 1 998 1009 433
2 1 999 1010 436
2 1 1000 1010 439
2 1 1001 1011 442
2 1 1002 1011 445
2 1 1003 1011 448
2 1 1004 1012 451
2 1 1005 1012 454
2 1 1006 1012 457
2 1 1007 1013 460
2 1 1008 1013 463
2 1 1009 1013 466
2 1 1010 1014 469
2 1 1011 1014 472
2 1 1012 1014 475
2 1 1013 1014 479
2 1 1014 1015 482
2 1 1015 1015 485
2 1 1016 1015 488
2 1 1017 1015 491
2 1 1018 1015 494
2 1 1019 1015 497
2 1 1020 1015 500
2 1 1021 1015 503
2 1 1022 1015 506
2 1 1023 1016 509
2 2 0 1017 513
2 2 1 1016 516
2 2 2 1016 519
2 2 3 1016 522
2 2 4 1016 525
2 2 5 1016 528
2 2 6 1016 531
2 2 7 1016 534
2 2 8 1016 537
2 2 9 1016 540
2 2 10 1016 543
2 2 11 1015 547
2 2 12 1015 550
2 2 13 1015 553
2 2 14 1015 556
2 2 15 1014 559
2 2 16 1014 562
2 2 17 1014 565
2 2 18 1013 568
2 2 19 1013 571
2 2 20 1013 574
2 2 21 1012 577
2 2 22 1012 580
2 2 23 1011 583
2 2 24 1011 587
2 2 25 1011 590
2 2 26 1010 593
2 2 27 1010 596
2 2 28 1009 599
2 2 29 1008 602
2 2 30 1008 605
2 2 31 1007 608
2 2 32 1007 611
2 2 33 1006 614
2 2 34 1005 617
2 2 35 1005 620
2 2 36 1004 623
2 2 37 1003 626
2 2 38 1003 629
2 2 39 1002 632
2 2 40 1001 635
2 2 41 1000 638
2 2 42 1000 641
2 2 43 999 644
2 2 44 998 647
2 2 45 997 650
2 2 46 996 653
2 2 47 996 656
2 2 48 995 659
2 2 49 994 662
2 2 50 993 665
2 2 51 992 668
2 2 52 991 671
2 2 53 990 674
2 2 54 989 677
2 2 55 988 680
2 2 56 987 682
2 2 57 986 685
2 2 58 985 688
2 2 59 984 691
2 2 60 983 694
2 2 61 981 697
2 2 62 980 700
2 2 63 979 703
2 2 64 978 706
2 2 65 977 708
2 2 66 976 711
2 2 67 974 714
2 2 68 973 717
2 2 69 972 720
2 2 70 970 723
2 2 71 969 725
2 2 72 968 728
2 2 73 967 731
2 2 74 965 734
2 2 75 964 736
2 2 76 962 739
2 2 77 961 742
2 2 78 960 745
2 2 79 958 748
2 2 80 957 750
2 2 81 955 753
2 2 82 954 756
2 2 83 952 758
2 2 84 951 761
2 2 85 949 764
2 2 86 948 766
2 2 87 946 769
2 2 88 944 772
2 2 89 943 774
2 2 90 941 777
2 2 91 940 780
2 2 92 938 782
2 2 93 936 785
2 2 94 935 788
2 2 95 933 790
2 2 96 931 793
2 2 97 929 795
2 2 98 928 798
2 2 99 926 800
2 2 100 924 803
2 2 101 922 805
2 2 102 921 808
2 2 103 919 810
2 2 104 917 813
2 2 105 915 815
2 2 106 913 818
2 2 107 911 820
2 2 108 909 823
2 2 109 907 825
2 2 110 906 828
2 2 111 904 830
2 2 112 902 832
2 2 113 900 835
2 2 114 898 837
2 2 115 896 840
2 2 116 894 842
2 2 117 892 844
2 2 118 890 847
2 2 119 888 849
2 2 120 885 851
2 2 121 883 853
2 2 122 881 856
2 2 123 879 858
2 2 124 877 860
2 2 125 875 862
2 2 126 873 865
2 2 127 871 867
2 2 128 868 869
2 2 129 866 871
2 2 130 864 873
2 2 131 862 876
2 2 132 859 878
2 2 133 857 880
2 2 134 855 882
2 2 135 853 884
2 2 136 850 886
2 2 137 848 888
2 2 138 846 890
2 2 139 844 892
2 2 140 841 894
2 2 141 839 896
2 2 142 836 898
2 2 143 834 900
2 2 144 832 902
2 2 145 829 904
2 2 146 827 906
2 2 147 824 908
2 2 148 822 910
2 2 149 820 912
2 2 150 817 914
2 2 151 815 916
2 2 152 812 918
2 2 153 810 919
2 2 154 807 921
2 2 155 805 923
2 2 156 802 925
2 2 157 800 927
2 2 158 797 928
2 2 159 794 930
2 2 160 792 932
2 2 161 789 933
2 2 162 787 935
2 2 163 784 937
2 2 164 781 938
2 2 165 779 940
2 2 166 776 942
2 2 167 774 943
2 2 168 771 945
2 2 169 768 947
2 2 170 766 948
2 2 171 763 950
2 2 172 760 951
2 2 173 758 953
2 2 174 755 954
2 2 175 752 956
2 2 176 749 957
2 2 177 747 959
2 2 178 744 960
2 2 179 741 961
2 2 180 738 963
2 2 181 736 964
2 2 182 733 966
2 2 183 730 967
2 2 184 727 968
2 2 185 724 970
2 2 186 722 971
2 2 187 719 972
2 2 188 716 973
2 2 189 713 975
2 2 190 710 976
2 2 191 707 977
2 2 192 705 978
2 2 193 702 979
2 2 194 699 981
2 2 195 696 982
2 2 196 693 983
2 2 197 690 984
2 2 198 687 985
2 2 199 684 986
2 2 200 682 987
2 2 201 679 988
2 2 202 676 989
2 2 203 673 990
2 2 204 670 991
2 2 205 667 992
2 2 206 664 993
2 2 207 661 994
2 2 208 658 995
2 2 209 655 996
2 2 210 652 997
2 2 211 649 998
2 2 212 646 998
2 2 213 643 999
2 2 214 640 1000
2 2 215 637 1001
2 2 216 634 1002
2 2 217 631 1002
2 2 218 628 1003
2 2 219 625 1004
2 2 220 622 1004
2 2 221 619 1005
2 2 222 616 1006
2 2 223 613 1006
2 2 224 610 1007
2 2 225 607 1007
2 2 226 604 1008
2 2 227 601 1009
2 2 228 598 1009
2 2 229 595 1010
2 2 230 592 1010
2 2 231 589 1011
2 2 232 586 1011
2 2 233 582 1012
2 2 234 579 1012
2 2 235 576 1012
2 2 236 573 1013
2 2 237 570 1013
2 2 238 567 1013
2 2 239 564 1014
2 2 240 561 1014
2 2 241 558 1014
2 2 242 555 1015
2 2 243 552 1015
2 2 244 549 1015
2 2 245 546 1015
2 2 246 542 1016
2 2 247 539 1016
2 2 248 536 1016
2 2 249 533 1016
2 2 250 530 1016
2 2 251 527 1016
2 2 252 524 1016
2 2 253 521 1016
2 2 254 518 1016
2 2 255 515 1017
2 2 256 512 1017
2 2 257 508 1016
2 2 258 505 1016
2 2 259 502 1016
2 2 260 499 1016
2 2 261 496 1016
2 2 262 493 1016
2 2 263 490 1016
2 2 264 487 1016
2 2 265 484 1016
2 2 266 481 1016
2 2 267 477 1015
2 2 268 474 1015
2 2 269 471 1015
2 2 270 468 1015
2 2 271 465 1014
2 2 272 462 1014
2 2 273 459 1014
2 2 274 456 1013
2 2 275 453 1013
2 2 276 450 1013
2 2 277 447 1012
2 2 278 444 1012
2 2 279 441 1011
2 2 280 437 1011
2 2 281 434 1011
2 2 282 431 1010
2 2 283 428 1010
2 2 284 425 1009
2 2 285 422 1008
2 2 286 419 1008
2 2 287 416 1007
2 2 288 413 1007
2 2 289 410 1006
2 2 290 407 1005
2 2 291 404 1005
2 2 292 401 1004
2 2 293 398 1003
2 2 294 395 1003
2 2 295 392 1002
2 2 296 389 1001
2 2 297 386 1000
2 2 298 383 1000
2 2 299 380 999
2 2 300 377 998
2 2 301 374 997
2 2 302 371 996
2 2 303 368 996
2 2 304 365 995
2 2 305 362 994
2 2 306 359 993
2 2 307 356 992
2 2 308 353 991
2 2 309 350 990
2 2 310 347 989
2 2 311 344 988
2 2 312 342 987
2 2 313 339 986
2 2 314 336 985
2 2 315 333 984
2 2 316 330 983
2 2 317 327 981
2 2 318 324 980
2 2 319 321 979
2 2 320 318 978
2 2 321 316 977
2 2 322 313 976
2 2 323 310 974
2 2 324 307 973
2 2 325 304 972
2 2 326 301 970
2 2 327 299 969
2 2 328 296 968
2 2 329 293 967
2 2 330 290 965
2 2 331 288 964
2 2 332 285 962
2 2 333 282 961
2 2 334 279 960
2 2 335 276 958
2 2 336 274 957
2 2 337 271 955
2 2 338 268 954
2 2 339 266 952
2 2 340 263 951
2 2 341 260 949
2 2 342 258 948
2 2 343 255 946
2 2 344 252 944
2 2 345 250 943
2 2 346 247 941
2 2 347 244 940
2 2 348 242 938
2 2 349 239 936
2 2 350 236 935
2 2 351 234 933
2 2 352 231 931
2 2 353 229 929
2 2 354 226 928
2 2 355 224 926
2 2 356 221 924
2 2 357 219 922
2 2 358 216 921
2 2 359 214 919
2 2 360 211 917
2 2 361 209 915
2 2 362 206 913
2 2 363 204 911
2 2 364 201 909
2 2 365 199 907
2 2 366 196 906
2 2 367 194 904
2 2 368 192 902
2 2 369 189 900
2 2 370 187 898
2 2 371 184 896
2 2 372 182 894
2 2 373 180 892
2 2 374 177 890
2 2 375 175 888
2 2 376 173 885
2 2 377 171 883
2 2 378 168 881
2 2 379 166 879
2 2 380 164 877
2 2 381 162 875
2 2 382 159 873
2 2 383 157 871
2 2 384 155 868
2 2 385 153 866
2 2 386 151 864
2 2 387 148 862
2 2 388 146 859
2 2 389 144 857
2 2 390 142 855
2 2 391 140 853
2 2 392 138 850
2 2 393 136 848
2 2 394 134 846
2 2 395 132 844
2 2 396 130 841
2 2 397 128 839
2 2 398 126 836
2 2 399 124 834
2 2 400 122 832
2 2 401 120 829
2 2 402 118 827
2 2 403 116 824
2 2 404 114 822
2 2 405 112 820
2 2 406 110 817
2 2 407 108 815
2 2 408 106 812
2 2 409 105 810
2 2 410 103 807
2 2 411 101 805
2 2 412 99 802
2 2 413 97 800
2 2 414 96 797
2 2 415 94 794
2 2 416 92 792
2 2 417 91 789
2 2 418 89 787
2 2 419 87 784
2 2 420 86 781
2 2 421 84 779
2 2 422 82 776
2 2 423 81 774
2 2 424 79 771
2 2 425 77 768
2 2 426 76 766
2 2 427 74 763
2 2 428 73 760
2 2 429 71 758
2 2 430 70 755
2 2 431 68 752
2 2 432 67 749
2 2 433 65 747
2 2 434 64 744
2 2 435 63 741
2 2 436 61 738
2 2 437 60 736
2 2 438 58 733
2 2 439 57 730
2 2 440 56 727
2 2 441 54 724
2 2 442 53 722
2 2 443 52 719
2 2 444 51 716
2 2 445 49 713
2 2 446 48 710
2 2 447 47 707
2 2 448 46 705
2 2 449 45 702
2 2 450 43 699
2 2 451 42 696
2 2 452 41 693
2 2 453 40 690
2 2 454 39 687
2 2 455 38 684
2 2 456 37 682
2 2 457 36 679
2 2 458 35 676
2 2 459 34 673
2 2 460 33 670
2 2 461 32 667
2 2 462 31 664
2 2 463 30 661
2 2 464 29 658
2 2 465 28 655
2 2 466 27 652
2 2 467 26 649
2 2 468 26 646
2 2 469 25 643
2 2 470 24 640
2 2 471 23 637
2 2 472 22 634
2 2 473 22 631
2 2 474 21 628
2 2 475 20 625
2 2 476 20 622
2 2 477 19 619
2 2 478 18 616
2 2 479 18 613
2 2 480 17 610
2 2 481 17 607
2 2 482 16 604
2 2 483 15 601
2 2 484 15 598
2 2 485 14 595
2 2 486 14 592
2 2 487 13 589
2 2 488 13 586
2 2 489 12 582
2 2 490 12 579
2 2 491 12 576
2 2 492 11 573
2 2 493 11 570
2 2 494 11 567
2 2 495 10 564
2 2 496 10 561
2 2 497 10 558
2 2 498 9 555
2 2 499 9 552
2 2 500 9 549
2 2 501 9 546
2 2 502 8 542
2 2 503 8 539
2 2 504 8 536
2 2 505 8 533
2 2 506 8 530
2 2 507 8 527
2 2 508 8 524
2 2 509 8 521
2 2 510 8 518
2 2 511 7 515
2 2 512 8 512
2 2 513 8 508
2 2 514 8 505
2 2 515 8 502
2 2 516 8 499
2 2 517 8 496
2 2 518 8 493
2 2 519 8 490
2 2 520 8 487
2 2 521 8 484
2 2 522 8 481
2 2 523 9 477
2 2 524 9 474
2 2 525 9 471
2 2 526 9 468
2 2 527 10 465
2 2 528 10 462
2 2 529 10 459
2 2 530 11 456
2 2 531 11 453
2 2 532 11 450
2 2 533 12 447
2 2 534 12 444
2 2 535 13 441
2 2 536 13 437
2 2 537 13 434
2 2 538 14 431
2 2 539 14 428
2 2 540 15 425
2 2 541 16 422
2 2 542 16 419
2 2 543 17 416
2 2 544 17 413
2 2 545 18 410
2 2 546 19 407
2 2 547 19 404
2 2 548 20 401
2 2 549 21 398
2 2 550 21 395
2 2 551 22 392
2 2 552 23 389
2 2 553 24 386
2 2 554 24 383
2 2 555 25 380
2 2 556 26 377
2 2 557 27 374
2 2 558 28 371
2 2 559 28 368
2 2 560 29 365
2 2 561 30 362
2 2 562 31 359
2 2 563 32 356
2 2 564 33 353
2 2 565 34 350
2 2 566 35 347
2 2 567 36 344
2 2 568 37 342
2 2 569 38 339
2 2 570 39 336
2 2 571 40 333
2 2 572 41 330
2 2 573 43 327
2 2 574 44 324
2 2 575 45 321
2 2 576 46 318
2 2 577 47 316
2 2 578 48 313
2 2 579 50 310
2 2 580 51 307
2 2 581 52 304
2 2 582 54 301
2 2 583 55 299
2 2 584 56 296
2 2 585 57 293
2 2 586 59 290
2 2 587 60 288
2 2 588 62 285
2 2 589 63 282
2 2 590 64 279
2 2 591 66 276
2 2 592 67 274
2 2 593 69 271
2 2 594 70 268
2 2 595 72 266
2 2 596 73 263
2 2 597 75 260
2 2 598 76 258
2 2 599 78 255
2 2 600 80 252
2 2 601 81 250
2 2 602 83 247
2 2 603 84 244
2 2 604 86 242
2 2 605 88 239
2 2 606 89 236
2 2 607 91 234
2 2 608 93 231
2 2 609 95 229
2 2 610 96 226
2 2 611 98 224
2 2 612 100 221
2 2 613 102 219
2 2 614 103 216
2 2 615 105 214
2 2 616 107 211
2 2 617 109 209
2 2 618 111 206
2 2 619 113 204
2 2 620 115 201
2 2 621 117 199
2 2 622 118 196
2 2 623 120 194
2 2 624 122 192
2 2 625 124 189
2 2 626 126 187
2 2 627 128 184
2 2 628 130 182
2 2 629 132 180
2 2 630 134 177
2 2 631 136 175
2 2 632 139 173
2 2 633 141 171
2 2 634 143 168
2 2 635 145 166
2 2 636 147 164
2 2 637 149 162
2 2 638 151 159
2 2 639 153 157
2 2 640 156 155
2 2 641 158 153
2 2 642 160 151
2 2 643 162 148
2 2 644 165 146
2 2 645 167 144
2 2 646 169 142
2 2 647 171 140
2 2 648 174 138
2 2 649 176 136
2 2 650 178 134
2 2 651 180 132
2 2 652 183 130
2 2 653 185 128
2 2 654 188 126
2 2 655 190 124
2 2 656 192 122
2 2 657 195 120
2 2 658 197 118
2 2 659 200 116
2 2 660 202 114
2 2 661 204 112
2 2 662 207 110
2 2 663 209 108
2 2 664 212 106
2 2 665 214 105
2 2 666 217 103
2 2 667 219 101
2 2 668 222 99
2 2 669 224 97
2 2 670 227 96
2 2 671 230 94
2 2 672 232 92
2 2 673 235 91
2 2 674 237 89
2 2 675 240 87
2 2 676 243 86
2 2 677 245 84
2 2 678 248 82
2 2 679 250 81
2 2 680 253 79
2 2 681 256 77
2 2 682 258 76
2 2 683 261 74
2 2 684 264 73
2 2 685 266 71
2 2 686 269 70
2 2 687 272 68
2 2 688 275 67
2 2 689 277 65
2 2 690 280 64
2 2 691 283 63
2 2 692 286 61
2 2 693 288 60
2 2 694 291 58
2 2 695 294 57
2 2 696 297 56
2 2 697 300 54
2 2 698 302 53
2 2 699 305 52
2 2 700 308 51
2 2 701 311 49
2 2 702 314 48
2 2 703 317 47
2 2 704 319 46
2 2 705 322 45
2 2 706 325 43
2 2 707 328 42
2 2 708 331 41
2 2 709 334 40
2 2 710 337 39
2 2 711 340 38
2 2 712 342 37
2 2 713 345 36
2 2 714 348 35
2 2 715 351 34
2 2 716 354 33
2 2 717 357 32
2 2 718 360 31
2 2 719 363 30
2 2 720 366 29
2 2 721 369 28
2 2 722 372 27
2 2 723 375 26
2 2 724 378 26
2 2 725 381 25
2 2 726 384 24
2 2 727 387 23
2 2 728 390 22
2 2 729 393 22
2 2 730 396 21
2 2 731 399 20
2 2 732 402 20
2 2 733 405 19
2 2 734 408 18
2 2 735 411 18
2 2 736 414 17
2 2 737 417 17
2 2 738 420 16
2 2 739 423 15
2 2 740 426 15
2 2 741 429 14
2 2 742 432 14
2 2 743 435 13
2 2 744 438 13
2 2 745 442 12
2 2 746 445 12
2 2 747 448 12
2 2 748 451 11
2 2 749 454 11
2 2 750 457 11
2 2 751 460 10
2 2 752 463 10
2 2 753 466 10
2 2 754 469 9
2 2 755 472 9
2 2 756 475 9
2 2 757 478 9
2 2 758 482 8
2 2 759 485 8
2 2 760 488 8
2 2 761 491 8
2 2 762 494 8
2 2 763 497 8
2 2 764 500 8
2 2 765 503 8
2 2 766 506 8
2 2 767 509 7
2 2 768 513 8
2 2 769 516 8
2 2 770 519 8
2 2 771 522 8
2 2 772 525 8
2 2 773 528 8
2 2 774 531 8
2 2 775 534 8
2 2 776 537 8
2 2 777 540 8
2 2 778 543 8
2 2 779 547 9
2 2 780 550 9
2 2 781 553 9
2 2 782 556 9
2 2 783 559 10
2 2 784 562 10
2 2 785 565 10
2 2 786 568 11
2 2 787 571 11
2 2 788 574 11
2 2 789 577 12
2 2 790 580 12
2 2 791 583 13
2 2 792 587 13
2 2 793 590 13
2 2 794 593 14
2 2 795 596 14
2 2 796 599 15
2 2 797 602 16
2 2 798 605 16
2 2 799 608 17
2 2 800 611 17
2 2 801 614 18
2 2 802 617 19
2 2 803 620 19
2 2 804 623 20
2 2 805 626 21
2 2 806 629 21
2 2 807 632 22
2 2 808 635 23
2 2 809 638 24
2 2 810 641 24
2 2 811 644 25
2 2 812 647 26
2 2 813 650 27
2 2 814 653 28
2 2 815 656 28
2 2 816 659 29
2 2 817 662 30
2 2 818 665 31
2 2 819 668 32
2 2 820 671 33
2 2 821 674 34
2 2 822 677 35
2 2 823 680 36
2 2 824 682 37
2 2 825 685 38
2 2 826 688 39
2 2 827 691 40
2 2 828 694 41
2 2 829 697 43
2 2 830 700 44
2 2 831 703 45
2 2 832 706 46
2 2 833 708 47
2 2 834 711 48
2 2 835 714 50
2 2 836 717 51
2 2 837 720 52
2 2 838 723 54
2 2 839 725 55
2 2 840 728 56
2 2 841 731 57
2 2 842 734 59
2 2 843 736 60
2 2 844 739 62
2 2 845 742 63
2 2 846 745 64
2 2 847 748 66
2 2 848 750 67
2 2 849 753 69
2 2 850 756 70
2 2 851 758 72
2 2 852 761 73
2 2 853 764 75
2 2 854 766 76
2 2 855 769 78
2 2 856 772 80
2 2 857 774 81
2 2 858 777 83
2 2 859 780 84
2 2 860 782 86
2 2 861 785 88
2 2 862 788 89
2 2 863 790 91
2 2 864 793 93
2 2 865 795 95
2 2 866 798 96
2 2 867 800 98
2 2 868 803 100
2 2 869 805 102
2 2 870 808 103
2 2 871 810 105
2 2 872 813 107
2 2 873 815 109
2 2 874 818 111
2 2 875 820 113
2 2 876 823 115
2 2 877 825 117
2 2 878 828 118
2 2 879 830 120
2 2 880 832 122
2 2 881 835 124
2 2 882 837 126
2 2 883 840 128
2 2 884 842 130
2 2 885 844 132
2 2 886 847 134
2 2 887 849 136
2 2 888 851 139
2 2 889 853 141
2 2 890 856 143
2 2 891 858 145
2 2 892 860 147
2 2 893 862 149
2 2 894 865 151
2 2 895 867 153
2 2 896 869 156
2 2 897 871 158
2 2 898 873 160
2 2 899 876 162
2 2 900 878 165
2 2 901 880 167
2 2 902 882 169
2 2 903 884 171
2 2 904 886 174
2 2 905 888 176
2 2 906 890 178
2 2 907 892 180
2 2 908 894 183
2 2 909 896 185
2 2 910 898 188
2 2 911 900 190
2 2 912 902 192
2 2 913 904 195
2 2 914 906 197
2 2 915 908 200
2 2 916 910 202
2 2 917 912 204
2 2 918 914 207
2 2 919 916 209
2 2 920 918 212
2 2 921 919 214
2 2 922 921 217
2 2 923 923 219
2 2 924 925 222
2 2 925 927 224
2 2 926 928 227
2 2 927 930 230
2 2 928 932 232
2 2 929 933 235
2 2 930 935 237
2 2 931 937 240
2 2 932 938 243
2 2 933 940 245
2 2 934 942 248
2 2 935 943 250
2 2 936 945 253
2 2 937 947 256
2 2 938 948 258
2 2 939 950 261
2 2 940 951 264
2 2 941 953 266
2 2 942 954 269
2 2 943 956 272
2 2 944 957 275
2 2 945 959 277
2 2 946 960 280
2 2 947 961 283
2 2 948 963 286
2 2 949 964 288
2 2 950 966 291
2 2 951 967 294
2 2 952 968 297
2 2 953 970 300
2 2 954 971 302
2 2 955 972 305
2 2 956 973 308
2 2 957 975 311
2 2 958 976 314
2 2 959 977 317
2 2 960 978 319
2 2 961 979 322
2 2 962 981 325
2 2 963 982 328
2 2 964 983 331
2 2 965 984 334
2 2 966 985 337
2 2 967 986 340
2 2 968 987 342
2 2 969 988 345
2 2 970 989 348
2 2 971 990 351
2 2 972 991 354
2 2 973 992 357
2 2 974 993 360
2 2 975 994 363
2 2 976 995 366
2 2 977 996 369
2 2 978 997 372
2 2 979 998 375
2 2 980 998 378
2 2 981 999 381
2 2 982 1000 384
2 2 983 1001 387
2 2 984 1002 390
2 2 985 1002 393
2 2 986 1003 396
2 2 987 1004 399
2 2 988 1004 402
2 2 989 1005 405
2 2 990 1006 408
2 2 991 1006 411
2 2 992 1007 414
2 2 993 1007 417
2 2 994 1008 420
2 2 995 1009 423
2 2 996 1009 426
2 2 997 1010 429
2 2 998 1010 432
2 2 999 1011 435
2 2 1000 1011 438
2 2 1001 1012 442
2 2 1002 1012 445
2 2 1003 1012 448
2 2 1004 1013 451
2 2 1005 1013 454
2 2 1006 1013 457
2 2 1007 1014 460
2 2 1008 1014 463
2 2 1009 1014 466
2 2 1010 1015 469
2 2 1011 1015 472
2 2 1012 1015 475
2 2 1013 1015 478
2 2 1014 1016 482
2 2 1015 1016 485
2 2 1016 1016 488
2 2 1017 1016 491
2 2 1018 1016 494
2 2 1019 1016 497
2 2 1020 1016 500
2 2 1021 1016 503
2 2 1022 1016 506
2 2 1023 1017 509
2 3 0 1018 513
2 3 1 1017 516
2 3 2 1017 519
2 3 3 1017 522
2 3 4 1017 525
2 3 5 1017 528
2 3 6 1017 531
2 3 7 1017 534
2 3 8 1017 537
2 3 9 1017 540
2 3 10 1017 544
2 3 11 1016 547
2 3 12 1016 550
2 3 13 1016 553
2 3 14 1016 556
2 3 15 1015 559
2 3 16 1015 562
2 3 17 1015 565
2 3 18 1014 568
2 3 19 1014 571
2 3 20 1014 574
2 3 21 1013 577
2 3 22 1013 581
2 3 23 1012 584
2 3 24 1012 587
2 3 25 1011 590
2 3 26 1011 593
2 3 27 1011 596
2 3 28 1010 599
2 3 29 1009 602
2 3 30 1009 605
2 3 31 1008 608
2 3 32 1008 611
2 3 33 1007 614
2 3 34 1006 617
2 3 35 1006 620
2 3 36 1005 623
2 3 37 1004 626
2 3 38 1004 629
2 3 39 1003 632
2 3 40 1002 635
2 3 41 1001 638
2 3 42 1001 641
2 3 43 1000 644
2 3 44 999 647
2 3 45 998 650
2 3 46 997 653
2 3 47 996 656
2 3 48 996 659
2 3 49 995 662
2 3 50 994 665
2 3 51 993 668
2 3 52 992 671
2 3 53 991 674
2 3 54 990 677
2 3 55 989 680
2 3 56 988 683
2 3 57 987 686
2 3 58 986 689
2 3 59 985 692
2 3 60 983 694
2 3 61 982 697
2 3 62 981 700
2 3 63 980 703
2 3 64 979 706
2 3 65 978 709
2 3 66 976 712
2 3 67 975 714
2 3 68 974 717
2 3 69 973 720
2 3 70 971 723
2 3 71 970 726
2 3 72 969 729
2 3 73 967 731
2 3 74 966 734
2 3 75 965 737
2 3 76 963 740
2 3 77 962 742
2 3 78 960 745
2 3 79 959 748
2 3 80 958 751
2 3 81 956 753
2 3 82 955 756
2 3 83 953 759
2 3 84 952 762
2 3 85 950 764
2 3 86 948 767
2 3 87 947 770
2 3 88 945 772
2 3 89 944 775
2 3 90 942 778
2 3 91 940 780
2 3 92 939 783
2 3 93 937 785
2 3 94 935 788
2 3 95 934 791
2 3 96 932 793
2 3 97 930 796
2 3 98 929 798
2 3 99 927 801
2 3 100 925 803
2 3 101 923 806
2 3 102 921 809
2 3 103 920 811
2 3 104 918 814
2 3 105 916 816
2 3 106 914 818
2 3 107 912 821
2 3 108 910 823
2 3 109 908 826
2 3 110 906 828
2 3 111 904 831
2 3 112 902 833
2 3 113 900 835
2 3 114 898 838
2 3 115 896 840
2 3 116 894 843
2 3 117 892 845
2 3 118 890 847
2 3 119 888 850
2 3 120 886 852
2 3 121 884 854
2 3 122 882 856
2 3 123 880 859
2 3 124 878 861
2 3 125 876 863
2 3 126 873 865
2 3 127 871 868
2 3 128 869 870
2 3 129 867 872
2 3 130 865 874
2 3 131 862 876
2 3 132 860 878
2 3 133 858 881
2 3 134 856 883
2 3 135 853 885
2 3 136 851 887
2 3 137 849 889
2 3 138 846 891
2 3 139 844 893
2 3 140 842 895
2 3 141 839 897
2 3 142 837 899
2 3 143 835 901
2 3 144 832 903
2 3 145 830 905
2 3 146 827 907
2 3 147 825 909
2 3 148 823 911
2 3 149 820 913
2 3 150 818 915
2 3 151 815 916
2 3 152 813 918
2 3 153 810 920
2 3 154 808 922
2 3 155 805 924
2 3 156 803 926
2 3 157 800 927
2 3 158 798 929
2 3 159 795 931
2 3 160 792 933
2 3 161 790 934
2 3 162 787 936
2 3 163 785 938
2 3 164 782 939
2 3 165 779 941
2 3 166 777 943
2 3 167 774 944
2 3 168 771 946
2 3 169 769 947
2 3 170 766 949
2 3 171 763 951
2 3 172 761 952
2 3 173 758 954
2 3 174 755 955
2 3 175 753 957
2 3 176 750 958
2 3 177 747 960
2 3 178 744 961
2 3 179 742 962
2 3 180 739 964
2 3 181 736 965
2 3 182 733 967
2 3 183 730 968
2 3 184 728 969
2 3 185 725 971
2 3 186 722 972
2 3 187 719 973
2 3 188 716 974
2 3 189 714 976
2 3 190 711 977
2 3 191 708 978
2 3 192 705 979
2 3 193 702 980
2 3 194 699 982
2 3 195 696 983
2 3 196 693 984
2 3 197 691 985
2 3 198 688 986
2 3 199 685 987
2 3 200 682 988
2 3 201 679 989
2 3 202 676 990
2 3 203 673 991
2 3 204 670 992
2 3 205 667 993
2 3 206 664 994
2 3 207 661 995
2 3 208 658 996
2 3 209 655 997
2 3 210 652 998
2 3 211 649 998
2 3 212 646 999
2 3 213 643 1000
2 3 214 640 1001
2 3 215 637 1002
2 3 216 634 1002
2 3 217 631 1003
2 3 218 628 1004
2 3 219 625 1005
2 3 220 622 1005
2 3 221 619 1006
2 3 222 616 1007
2 3 223 613 1007
2 3 224 610 1008
2 3 225 607 1008
2 3 226 604 1009
2 3 227 601 1010
2 3 228 598 1010
2 3 229 595 1011
2 3 230 592 1011
2 3 231 589 1012
2 3 232 586 1012
2 3 233 583 1013
2 3 234 580 1013
2 3 235 576 1013
2 3 236 573 1014
2 3 237 570 1014
2 3 238 567 1014
2 3 239 564 1015
2 3 240 561 1015
2 3 241 558 1015
2 3 242 555 1016
2 3 243 552 1016
2 3 244 549 1016
2 3 245 546 1016
2 3 246 543 1017
2 3 247 539 1017
2 3 248 536 1017
2 3 249 533 1017
2 3 250 530 1017
2 3 251 527 1017
2 3 252 524 1017
2 3 253 521 1017
2 3 254 518 1017
2 3 255 515 1018
2 3 256 512 1018
2 3 257 508 1017
2 3 258 505 1017
2 3 259 502 1017
2 3 260 499 1017
2 3 261 496 1017
2 3 262 493 1017
2 3 263 490 1017
2 3 264 487 1017
2 3 265 484 1017
2 3 266 480 1017
2 3 267 477 1016
2 3 268 474 1016
2 3 269 471 1016
2 3 270 468 1016
2 3 271 465 1015
2 3 272 462 1015
2 3 273 459 1015
2 3 274 456 1014
2 3 275 453 1014
2 3 276 450 1014
2 3 277 447 1013
2 3 278 443 1013
2 3 279 440 1012
2 3 280 437 1012
2 3 281 434 1011
2 3 282 431 1011
2 3 283 428 1011
2 3 284 425 1010
2 3 285 422 1009
2 3 286 419 1009
2 3 287 416 1008
2 3 288 413 1008
2 3 289 410 1007
2 3 290 407 1006
2 3 291 404 1006
2 3 292 401 1005
2 3 293 398 1004
2 3 294 395 1004
2 3 295 392 1003
2 3 296 389 1002
2 3 297 386 1001
2 3 298 383 1001
2 3 299 380 1000
2 3 300 377 999
2 3 301 374 998
2 3 302 371 997
2 3 303 368 996
2 3 304 365 996
2 3 305 362 995
2 3 306 359 994
2 3 307 356 993
2 3 308 353 992
2 3 309 350 991
2 3 310 347 990
2 3 311 344 989
2 3 312 341 988
2 3 313 338 987
2 3 314 335 986
2 3 315 332 985
2 3 316 330 983
2 3 317 327 982
2 3 318 324 981
2 3 319 321 980
2 3 320 318 979
2 3 321 315 978
2 3 322 312 976
2 3 323 310 975
2 3 324 307 974
2 3 325 304 973
2 3 326 301 971
2 3 327 298 970
2 3 328 295 969
2 3 329 293 967
2 3 330 290 966
2 3 331 287 965
2 3 332 284 963
2 3 333 282 962
2 3 334 279 960
2 3 335 276 959
2 3 336 273 958
2 3 337 271 956
2 3 338 268 955
2 3 339 265 953
2 3 340 262 952
2 3 341 260 950
2 3 342 257 948
2 3 343 254 947
2 3 344 252 945
2 3 345 249 944
2 3 346 246 942
2 3 347 244 940
2 3 348 241 939
2 3 349 239 937
2 3 350 236 935
2 3 351 233 934
2 3 352 231 932
2 3 353 228 930
2 3 354 226 929
2 3 355 223 927
2 3 356 221 925
2 3 357 218 923
2 3 358 215 921
2 3 359 213 920
2 3 360 210 918
2 3 361 208 916
2 3 362 206 914
2 3 363 203 912
2 3 364 201 910
2 3 365 198 908
2 3 366 196 906
2 3 367 193 904
2 3 368 191 902
2 3 369 189 900
2 3 370 186 898
2 3 371 184 896
2 3 372 181 894
2 3 373 179 892
2 3 374 177 890
2 3 375 174 888
2 3 376 172 886
2 3 377 170 884
2 3 378 168 882
2 3 379 165 880
2 3 380 163 878
2 3 381 161 876
2 3 382 159 873
2 3 383 156 871
2 3 384 154 869
2 3 385 152 867
2 3 386 150 865
2 3 387 148 862
2 3 388 146 860
2 3 389 143 858
2 3 390 141 856
2 3 391 139 853
2 3 392 137 851
2 3 393 135 849
2 3 394 133 846
2 3 395 131 844
2 3 396 129 842
2 3 397 127 839
2 3 398 125 837
2 3 399 123 835
2 3 400 121 832
2 3 401 119 830
2 3 402 117 827
2 3 403 115 825
2 3 404 113 823
2 3 405 111 820
2 3 406 109 818
2 3 407 108 815
2 3 408 106 813
2 3 409 104 810
2 3 410 102 808
2 3 411 100 805
2 3 412 98 803
2 3 413 97 800
2 3 414 95 798
2 3 415 93 795
2 3 416 91 792
2 3 417 90 790
2 3 418 88 787
2 3 419 86 785
2 3 420 85 782
2 3 421 83 779
2 3 422 81 777
2 3 423 80 774
2 3 424 78 771
2 3 425 77 769
2 3 426 75 766
2 3 427 73 763
2 3 428 72 761
2 3 429 70 758
2 3 430 69 755
2 3 431 67 753
2 3 432 66 750
2 3 433 64 747
2 3 434 63 744
2 3 435 62 742
2 3 436 60 739
2 3 437 59 736
2 3 438 57 733
2 3 439 56 730
2 3 440 55 728
2 3 441 53 725
2 3 442 52 722
2 3 443 51 719
2 3 444 50 716
2 3 445 48 714
2 3 446 47 711
2 3 447 46 708
2 3 448 45 705
2 3 449 44 702
2 3 450 42 699
2 3 451 41 696
2 3 452 40 693
2 3 453 39 691
2 3 454 38 688
2 3 455 37 685
2 3 456 36 682
2 3 457 35 679
2 3 458 34 676
2 3 459 33 673
2 3 460 32 670
2 3 461 31 667
2 3 462 30 664
2 3 463 29 661
2 3 464 28 658
2 3 465 27 655
2 3 466 26 652
2 3 467 26 649
2 3 468 25 646
2 3 469 24 643
2 3 470 23 640
2 3 471 22 637
2 3 472 22 634
2 3 473 21 631
2 3 474 20 628
2 3 475 19 625
2 3 476 19 622
2 3 477 18 619
2 3 478 17 616
2 3 479 17 613
2 3 480 16 610
2 3 481 16 607
2 3 482 15 604
2 3 483 14 601
2 3 484 14 598
2 3 485 13 595
2 3 486 13 592
2 3 487 12 589
2 3 488 12 586
2 3 489 11 583
2 3 490 11 580
2 3 491 11 576
2 3 492 10 573
2 3 493 10 570
2 3 494 10 567
2 3 495 9 564
2 3 496 9 561
2 3 497 9 558
2 3 498 8 555
2 3 499 8 552
2 3 500 8 549
2 3 501 8 546
2 3 502 7 543
2 3 503 7 539
2 3 504 7 536
2 3 505 7 533
2 3 506 7 530
2 3 507 7 527
2 3 508 7 524
2 3 509 7 521
2 3 510 7 518
2 3 511 6 515
2 3 512 7 512
2 3 513 7 508
2 3 514 7 505
2 3 515 7 502
2 3 516 7 499
2 3 517 7 496
2 3 518 7 493
2 3 519 7 490
2 3 520 7 487
2 3 521 7 484
2 3 522 7 480
2 3 523 8 477
2 3 524 8 474
2 3 525 8 471
2 3 526 8 468
2 3 527 9 465
2 3 528 9 462
2 3 529 9 459
2 3 530 10 456
2 3 531 10 453
2 3 532 10 450
2 3 533 11 447
2 3 534 11 443
2 3 535 12 440
2 3 536 12 437
2 3 537 13 434
2 3 538 13 431
2 3 539 13 428
2 3 540 14 425
2 3 541 15 422
2 3 542 15 419
2 3 543 16 416
2 3 544 16 413
2 3 545 17 410
2 3 546 18 407
2 3 547 18 404
2 3 548 19 401
2 3 549 20 398
2 3 550 20 395
2 3 551 21 392
2 3 552 22 389
2 3 553 23 386
2 3 554 23 383
2 3 555 24 380
2 3 556 25 377
2 3 557 26 374
2 3 558 27 371
2 3 559 28 368
2 3 560 28 365
2 3 561 29 362
2 3 562 30 359
2 3 563 31 356
2 3 564 32 353
2 3 565 33 350
2 3 566 34 347
2 3 567 35 344
2 3 568 36 341
2 3 569 37 338
2 3 570 38 335
2 3 571 39 332
2 3 572 41 330
2 3 573 42 327
2 3 574 43 324
2 3 575 44 321
2 3 576 45 318
2 3 577 46 315
2 3 578 48 312
2 3 579 49 310
2 3 580 50 307
2 3 581 51 304
2 3 582 53 301
2 3 583 54 298
2 3 584 55 295
2 3 585 57 293
2 3 586 58 290
2 3 587 59 287
2 3 588 61 284
2 3 589 62 282
2 3 590 64 279
2 3 591 65 276
2 3 592 66 273
2 3 593 68 271
2 3 594 69 268
2 3 595 71 265
2 3 596 72 262
2 3 597 74 260
2 3 598 76 257
2 3 599 77 254
2 3 600 79 252
2 3 601 80 249
2 3 602 82 246
2 3 603 84 244
2 3 604 85 241
2 3 605 87 239
2 3 606 89 236
2 3 607 90 233
2 3 608 92 231
2 3 609 94 228
2 3 610 95 226
2 3 611 97 223
2 3 612 99 221
2 3 613 101 218
2 3 614 103 215
2 3 615 104 213
2 3 616 106 210
2 3 617 108 208
2 3 618 110 206
2 3 619 112 203
2 3 620 114 201
2 3 621 116 198
2 3 622 118 196
2 3 623 120 193
2 3 624 122 191
2 3 625 124 189
2 3 626 126 186
2 3 627 128 184
2 3 628 130 181
2 3 629 132 179
2 3 630 134 177
2 3 631 136 174
2 3 632 138 172
2 3 633 140 170
2 3 634 142 168
2 3 635 144 165
2 3 636 146 163
2 3 637 148 161
2 3 638 151 159
2 3 639 153 156
2 3 640 155 154
2 3 641 157 152
2 3 642 159 150
2 3 643 162 148
2 3 644 164 146
2 3 645 166 143
2 3 646 168 141
2 3 647 171 139
2 3 648 173 137
2 3 649 175 135
2 3 650 178 133
2 3 651 180 131
2 3 652 182 129
2 3 653 185 127
2 3 654 187 125
2 3 655 189 123
2 3 656 192 121
2 3 657 194 119
2 3 658 197 117
2 3 659 199 115
2 3 660 201 113
2 3 661 204 111
2 3 662 206 109
2 3 663 209 108
2 3 664 211 106
2 3 665 214 104
2 3 666 216 102
2 3 667 219 100
2 3 668 221 98
2 3 669 224 97
2 3 670 226 95
2 3 671 229 93
2 3 672 232 91
2 3 673 234 90
2 3 674 237 88
2 3 675 239 86
2 3 676 242 85
2 3 677 245 83
2 3 678 247 81
2 3 679 250 80
2 3 680 253 78
2 3 681 255 77
2 3 682 258 75
2 3 683 261 73
2 3 684 263 72
2 3 685 266 70
2 3 686 269 69
2 3 687 271 67
2 3 688 274 66
2 3 689 277 64
2 3 690 280 63
2 3 691 282 62
2 3 692 285 60
2 3 693 288 59
2 3 694 291 57
2 3 695 294 56
2 3 696 296 55
2 3 697 299 53
2 3 698 302 52
2 3 699 305 51
2 3 700 308 50
2 3 701 310 48
2 3 702 313 47
2 3 703 316 46
2 3 704 319 45
2 3 705 322 44
2 3 706 325 42
2 3 707 328 41
2 3 708 331 40
2 3 709 333 39
2 3 710 336 38
2 3 711 339 37
2 3 712 342 36
2 3 713 345 35
2 3 714 348 34
2 3 715 351 33
2 3 716 354 32
2 3 717 357 31
2 3 718 360 30
2 3 719 363 29
2 3 720 366 28
2 3 721 369 27
2 3 722 372 26
2 3 723 375 26
2 3 724 378 25
2 3 725 381 24
2 3 726 384 23
2 3 727 387 22
2 3 728 390 22
2 3 729 393 21
2 3 730 396 20
2 3 731 399 19
2 3 732 402 19
2 3 733 405 18
2 3 734 408 17
2 3 735 411 17
2 3 736 414 16
2 3 737 417 16
2 3 738 420 15
2 3 739 423 14
2 3 740 426 14
2 3 741 429 13
2 3 742 432 13
2 3 743 435 12
2 3 744 438 12
2 3 745 441 11
2 3 746 444 11
2 3 747 448 11
2 3 748 451 10
2 3 749 454 10
2 3 750 457 10
2 3 751 460 9
2 3 752 463 9
2 3 753 466 9
2 3 754 469 8
2 3 755 472 8
2 3 756 475 8
2 3 757 478 8
2 3 758 481 7
2 3 759 485 7
2 3 760 488 7
2 3 761 491 7
2 3 762 494 7
2 3 763 497 7
2 3 764 500 7
2 3 765 503 7
2 3 766 506 7
2 3 767 509 6
2 3 768 513 7
2 3 769 516 7
2 3 770 519 7
2 3 771 522 7
2 3 772 525 7
2 3 773 528 7
2 3 774 531 7
2 3 775 534 7
2 3 776 537 7
2 3 777 540 7
2 3 778 544 7
2 3 779 547 8
2 3 780 550 8
2 3 781 553 8
2 3 782 556 8
2 3 783 559 9
2 3 784 562 9
2 3 785 565 9
2 3 786 568 10
2 3 787 571 10
2 3 788 574 10
2 3 789 577 11
2 3 790 581 11
2 3 791 584 12
2 3 792 587 12
2 3 793 590 13
2 3 794 593 13
2 3 795 596 13
2 3 796 599 14
2 3 797 602 15
2 3 798 605 15
2 3 799 608 16
2 3 800 611 16
2 3 801 614 17
2 3 802 617 18
2 3 803 620 18
2 3 804 623 19
2 3 805 626 20
2 3 806 629 20
2 3 807 632 21
2 3 808 635 22
2 3 809 638 23
2 3 810 641 23
2 3 811 644 24
2 3 812 647 25
2 3 813 650 26
2 3 814 653 27
2 3 815 656 28
2 3 816 659 28
2 3 817 662 29
2 3 818 665 30
2 3 819 668 31
2 3 820 671 32
2 3 821 674 33
2 3 822 677 34
2 3 823 680 35
2 3 824 683 36
2 3 825 686 37
2 3 826 689 38
2 3 827 692 39
2 3 828 694 41
2 3 829 697 42
2 3 830 700 43
2 3 831 703 44
2 3 832 706 45
2 3 833 709 46
2 3 834 712 48
2 3 835 714 49
2 3 836 717 50
2 3 837 720 51
2 3 838 723 53
2 3 839 726 54
2 3 840 729 55
2 3 841 731 57
2 3 842 734 58
2 3 843 737 59
2 3 844 740 61
2 3 845 742 62
2 3 846 745 64
2 3 847 748 65
2 3 848 751 66
2 3 849 753 68
2 3 850 756 69
2 3 851 759 71
2 3 852 762 72
2 3 853 764 74
2 3 854 767 76
2 3 855 770 77
2 3 856 772 79
2 3 857 775 80
2 3 858 778 82
2 3 859 780 84
2 3 860 783 85
2 3 861 785 87
2 3 862 788 89
2 3 863 791 90
2 3 864 793 92
2 3 865 796 94
2 3 866 798 95
2 3 867 801 97
2 3 868 803 99
2 3 869 806 101
2 3 870 809 103
2 3 871 811 104
2 3 872 814 106
2 3 873 816 108
2 3 874 818 110
2 3 875 821 112
2 3 876 823 114
2 3 877 826 116
2 3 878 828 118
2 3 879 831 120
2 3 880 833 122
2 3 881 835 124
2 3 882 838 126
2 3 883 840 128
2 3 884 843 130
2 3 885 845 132
2 3 886 847 134
2 3 887 850 136
2 3 888 852 138
2 3 889 854 140
2 3 890 856 142
2 3 891 859 144
2 3 892 861 146
2 3 893 863 148
2 3 894 865 151
2 3 895 868 153
2 3 896 870 155
2 3 897 872 157
2 3 898 874 159
2 3 899 876 162
2 3 900 878 164
2 3 901 881 166
2 3 902 883 168
2 3 903 885 171
2 3 904 887 173
2 3 905 889 175
2 3 906 891 178
2 3 907 893 180
2 3 908 895 182
2 3 909 897 185
2 3 910 899 187
2 3 911 901 189
2 3 912 903 192
2 3 913 905 194
2 3 914 907 197
2 3 915 909 199
2 3 916 911 201
2 3 917 913 204
2 3 918 915 206
2 3 919 916 209
2 3 920 918 211
2 3 921 920 214
2 3 922 922 216
2 3 923 924 219
2 3 924 926 221
2 3 925 927 224
2 3 926 929 226
2 3 927 931 229
2 3 928 933 232
2 3 929 934 234
2 3 930 936 237
2 3 931 938 239
2 3 932 939 242
2 3 933 941 245
2 3 934 943 247
2 3 935 944 250
2 3 936 946 253
2 3 937 947 255
2 3 938 949 258
2 3 939 951 261
2 3 940 952 263
2 3 941 954 266
2 3 942 955 269
2 3 943 957 271
2 3 944 958 274
2 3 945 960 277
2 3 946 961 280
2 3 947 962 282
2 3 948 964 285
2 3 949 965 288
2 3 950 967 291
2 3 951 968 294
2 3 952 969 296
2 3 953 971 299
2 3 954 972 302
2 3 955 973 305
2 3 956 974 308
2 3 957 976 310
2 3 958 977 313
2 3 959 978 316
2 3 960 979 319
2 3 961 980 322
2 3 962 982 325
2 3 963 983 328
2 3 964 984 331
2 3 965 985 333
2 3 966 986 336
2 3 967 987 339
2 3 968 988 342
2 3 969 989 345
2 3 970 990 348
2 3 971 991 351
2 3 972 992 354
2 3 973 993 357
2 3 974 994 360
2 3 975 995 363
2 3 976 996 366
2 3 977 997 369
2 3 978 998 372
2 3 979 998 375
2 3 980 999 378
2 3 981 1000 381
2 3 982 1001 384
2 3 983 1002 387
2 3 984 1002 390
2 3 985 1003 393
2 3 986 1004 396
2 3 987 1005 399
2 3 988 1005 402
2 3 989 1006 405
2 3 990 1007 408
2 3 991 1007 411
2 3 992 1008 414
2 3 993 1008 417
2 3 994 1009 420
2 3 995 1010 423
2 3 996 1010 426
2 3 997 1011 429
2 3 998 1011 432
2 3 999 1012 435
2 3 1000 1012 438
2 3 1001 1013 441
2 3 1002 1013 444
2 3 1003 1013 448
2 3 1004 1014 451
2 3 1005 1014 454
2 3 1006 1014 457
2 3 1007 1015 460
2 3 1008 1015 463
2 3 1009 1015 466
2 3 1010 1016 469
2 3 1011 1016 472
2 3 1012 1016 475
2 3 1013 1016 478
2 3 1014 1017 481
2 3 1015 1017 485
2 3 1016 1017 488
2 3 1017 1017 491
2 3 1018 1017 494
2 3 1019 1017 497
2 3 1020 1017 500
2 3 1021 1017 503
2 3 1022 1017 506
2 3 1023 1018 509
3 0 0 1015 514
3 0 1 1014 517
3 0 2 1014 520
3 0 3 1014 523
3 0 4 1014 526
3 0 5 1014 529
3 0 6 1014 532
3 0 7 1014 535
3 0 8 1014 538
3 0 9 1014 541
3 0 10 1013 544
3 0 11 1013 547
3 0 12 1013 550
3 0 13 1013 554
3 0 14 1013 557
3 0 15 1012 560
3 0 16 1012 563
3 0 17 1012 566
3 0 18 1011 569
3 0 19 1011 572
3 0 20 1011 575
3 0 21 1010 578
3 0 22 1010 581
3 0 23 1009 584
3 0 24 1009 587
3 0 25 1008 590
3 0 26 1008 593
3 0 27 1007 596
3 0 28 1007 599
3 0 29 1006 602
3 0 30 1006 605
3 0 31 1005 608
3 0 32 1005 611
3 0 33 1004 615
3 0 34 1003 618
3 0 35 1003 621
3 0 36 1002 624
3 0 37 1001 627
3 0 38 1001 630
3 0 39 1000 633
3 0 40 999 636
3 0 41 998 639
3 0 42 998 642
3 0 43 997 645
3 0 44 996 647
3 0 45 995 650
3 0 46 994 653
3 0 47 993 656
3 0 48 992 659
3 0 49 992 662
3 0 50 991 665
3 0 51 990 668
3 0 52 989 671
3 0 53 988 674
3 0 54 987 677
3 0 55 986 680
3 0 56 985 683
3 0 57 984 686
3 0 58 982 688
3 0 59 981 691
3 0 60 980 694
3 0 61 979 697
3 0 62 978 700
3 0 63 977 703
3 0 64 976 706
3 0 65 974 709
3 0 66 973 711
3 0 67 972 714
3 0 68 971 717
3 0 69 970 720
3 0 70 968 723
3 0 71 967 725
3 0 72 966 728
3 0 73 964 731
3 0 74 963 734
3 0 75 962 737
3 0 76 960 739
3 0 77 959 742
3 0 78 957 745
3 0 79 956 747
3 0 80 954 750
3 0 81 953 753
3 0 82 952 756
3 0 83 950 758
3 0 84 948 761
3 0 85 947 764
3 0 86 945 766
3 0 87 944 769
3 0 88 942 772
3 0 89 941 774
3 0 90 939 777
3 0 91 937 779
3 0 92 936 782
3 0 93 934 785
3 0 94 932 787
3 0 95 931 790
3 0 96 929 792
3 0 97 927 795
3 0 98 926 798
3 0 99 924 800
3 0 100 922 803
3 0 101 920 805
3 0 102 918 808
3 0 103 917 810
3 0 104 915 813
3 0 105 913 815
3 0 106 911 817
3 0 107 909 820
3 0 108 907 822
3 0 109 905 825
3 0 110 903 827
3 0 111 901 830
3 0 112 899 832
3 0 113 898 834
3 0 114 896 837
3 0 115 894 839
3 0 116 892 841
3 0 117 889 844
3 0 118 887 846
3 0 119 885 848
3 0 120 883 851
3 0 121 881 853
3 0 122 879 855
3 0 123 877 857
3 0 124 875 860
3 0 125 873 862
3 0 126 871 864
3 0 127 868 866
3 0 128 866 868
3 0 129 864 871
3 0 130 862 873
3 0 131 860 875
3 0 132 857 877
3 0 133 855 879
3 0 134 853 881
3 0 135 851 883
3 0 136 848 885
3 0 137 846 887
3 0 138 844 889
3 0 139 841 891
3 0 140 839 893
3 0 141 837 895
3 0 142 834 897
3 0 143 832 899
3 0 144 830 901
3 0 145 827 903
3 0 146 825 905
3 0 147 822 907
3 0 148 820 909
3 0 149 818 911
3 0 150 815 913
3 0 151 813 915
3 0 152 810 917
3 0 153 808 918
3 0 154 805 920
3 0 155 803 922
3 0 156 800 924
3 0 157 798 925
3 0 158 795 927
3 0 159 792 929
3 0 160 790 931
3 0 161 787 932
3 0 162 785 934
3 0 163 782 936
3 0 164 780 937
3 0 165 777 939
3 0 166 774 941
3 0 167 772 942
3 0 168 769 944
3 0 169 766 945
3 0 170 764 947
3 0 171 761 948
3 0 172 758 950
3 0 173 756 951
3 0 174 753 953
3 0 175 750 954
3 0 176 748 956
3 0 177 745 957
3 0 178 742 959
3 0 179 739 960
3 0 180 737 962
3 0 181 734 963
3 0 182 731 964
3 0 183 728 966
3 0 184 725 967
3 0 185 723 968
3 0 186 720 969
3 0 187 717 971
3 0 188 714 972
3 0 189 711 973
3 0 190 709 974
3 0 191 706 976
3 0 192 703 977
3 0 193 700 978
3 0 194 697 979
3 0 195 694 980
3 0 196 691 981
3 0 197 689 982
3 0 198 686 984
3 0 199 683 985
3 0 200 680 986
3 0 201 677 987
3 0 202 674 988
3 0 203 671 989
3 0 204 668 990
3 0 205 665 991
3 0 206 662 991
3 0 207 659 992
3 0 208 656 993
3 0 209 653 994
3 0 210 651 995
3 0 211 648 996
3 0 212 645 997
3 0 213 642 998
3 0 214 639 998
3 0 215 636 999
3 0 216 633 1000
3 0 217 630 1001
3 0 218 627 1001
3 0 219 624 1002
3 0 220 621 1003
3 0 221 618 1003
3 0 222 615 1004
3 0 223 612 1005
3 0 224 609 1005
3 0 225 606 1006
3 0 226 603 1006
3 0 227 599 1007
3 0 228 596 1007
3 0 229 593 1008
3 0 230 590 1008
3 0 231 587 1009
3 0 232 584 1009
3 0 233 581 1010
3 0 234 578 1010
3 0 235 575 1011
3 0 236 572 1011
3 0 237 569 1011
3 0 238 566 1012
3 0 239 563 1012
3 0 240 560 1012
3 0 241 557 1013
3 0 242 554 1013
3 0 243 551 1013
3 0 244 547 1013
3 0 245 544 1013
3 0 246 541 1014
3 0 247 538 1014
3 0 248 535 1014
3 0 249 532 1014
3 0 250 529 1014
3 0 251 526 1014
3 0 252 523 1014
3 0 253 520 1014
3 0 254 517 1014
3 0 255 514 1015
3 0 256 511 1015
3 0 257 507 1014
3 0 258 504 1014
3 0 259 501 1014
3 0 260 498 1014
3 0 261 495 1014
3 0 262 492 1014
3 0 263 489 1014
3 0 264 486 1014
3 0 265 483 1014
3 0 266 480 1013
3 0 267 477 1013
3 0 268 474 1013
3 0 269 470 1013
3 0 270 467 1013
3 0 271 464 1012
3 0 272 461 1012
3 0 273 458 1012
3 0 274 455 1011
3 0 275 452 1011
3 0 276 449 1011
3 0 277 446 1010
3 0 278 443 1010
3 0 279 440 1009
3 0 280 437 1009
3 0 281 434 1008
3 0 282 431 1008
3 0 283 428 1007
3 0 284 425 1007
3 0 285 422 1006
3 0 286 419 1006
3 0 287 416 1005
3 0 288 413 1005
3 0 289 409 1004
3 0 290 406 1003
3 0 291 403 1003
3 0 292 400 1002
3 0 293 397 1001
3 0 294 394 1001
3 0 295 391 1000
3 0 296 388 999
3 0 297 385 998
3 0 298 382 998
3 0 299 379 997
3 0 300 377 996
3 0 301 374 995
3 0 302 371 994
3 0 303 368 993
3 0 304 365 992
3 0 305 362 992
3 0 306 359 991
3 0 307 356 990
3 0 308 353 989
3 0 309 350 988
3 0 310 347 987
3 0 311 344 986
3 0 312 341 985
3 0 313 338 984
3 0 314 336 982
3 0 315 333 981
3 0 316 330 980
3 0 317 327 979
3 0 318 324 978
3 0 319 321 977
3 0 320 318 976
3 0 321 315 974
3 0 322 313 973
3 0 323 310 972
3 0 324 307 971
3 0 325 304 970
3 0 326 301 968
3 0 327 299 967
3 0 328 296 966
3 0 329 293 964
3 0 330 290 963
3 0 331 287 962
3 0 332 285 960
3 0 333 282 959
3 0 334 279 957
3 0 335 277 956
3 0 336 274 954
3 0 337 271 953
3 0 338 268 952
3 0 339 266 950
3 0 340 263 948
3 0 341 260 947
3 0 342 258 945
3 0 343 255 944
3 0 344 252 942
3 0 345 250 941
3 0 346 247 939
3 0 347 245 937
3 0 348 242 936
3 0 349 239 934
3 0 350 237 932
3 0 351 234 931
3 0 352 232 929
3 0 353 229 927
3 0 354 226 926
3 0 355 224 924
3 0 356 221 922
3 0 357 219 920
3 0 358 216 918
3 0 359 214 917
3 0 360 211 915
3 0 361 209 913
3 0 362 207 911
3 0 363 204 909
3 0 364 202 907
3 0 365 199 905
3 0 366 197 903
3 0 367 194 901
3 0 368 192 899
3 0 369 190 898
3 0 370 187 896
3 0 371 185 894
3 0 372 183 892
3 0 373 180 889
3 0 374 178 887
3 0 375 176 885
3 0 376 173 883
3 0 377 171 881
3 0 378 169 879
3 0 379 167 877
3 0 380 164 875
3 0 381 162 873
3 0 382 160 871
3 0 383 158 868
3 0 384 156 866
3 0 385 153 864
3 0 386 151 862
3 0 387 149 860
3 0 388 147 857
3 0 389 145 855
3 0 390 143 853
3 0 391 141 851
3 0 392 139 848
3 0 393 137 846
3 0 394 135 844
3 0 395 133 841
3 0 396 131 839
3 0 397 129 837
3 0 398 127 834
3 0 399 125 832
3 0 400 123 830
3 0 401 121 827
3 0 402 119 825
3 0 403 117 822
3 0 404 115 820
3 0 405 113 818
3 0 406 111 815
3 0 407 109 813
3 0 408 107 810
3 0 409 106 808
3 0 410 104 805
3 0 411 102 803
3 0 412 100 800
3 0 413 99 798
3 0 414 97 795
3 0 415 95 792
3 0 416 93 790
3 0 417 92 787
3 0 418 90 785
3 0 419 88 782
3 0 420 87 780
3 0 421 85 777
3 0 422 83 774
3 0 423 82 772
3 0 424 80 769
3 0 425 79 766
3 0 426 77 764
3 0 427 76 761
3 0 428 74 758
3 0 429 73 756
3 0 430 71 753
3 0 431 70 750
3 0 432 68 748
3 0 433 67 745
3 0 434 65 742
3 0 435 64 739
3 0 436 62 737
3 0 437 61 734
3 0 438 60 731
3 0 439 58 728
3 0 440 57 725
3 0 441 56 723
3 0 442 55 720
3 0 443 53 717
3 0 444 52 714
3 0 445 51 711
3 0 446 50 709
3 0 447 48 706
3 0 448 47 703
3 0 449 46 700
3 0 450 45 697
3 0 451 44 694
3 0 452 43 691
3 0 453 42 689
3 0 454 40 686
3 0 455 39 683
3 0 456 38 680
3 0 457 37 677
3 0 458 36 674
3 0 459 35 671
3 0 460 34 668
3 0 461 33 665
3 0 462 33 662
3 0 463 32 659
3 0 464 31 656
3 0 465 30 653
3 0 466 29 651
3 0 467 28 648
3 0 468 27 645
3 0 469 26 642
3 0 470 26 639
3 0 471 25 636
3 0 472 24 633
3 0 473 23 630
3 0 474 23 627
3 0 475 22 624
3 0 476 21 621
3 0 477 21 618
3 0 478 20 615
3 0 479 19 612
3 0 480 19 609
3 0 481 18 606
3 0 482 18 603
3 0 483 17 599
3 0 484 17 596
3 0 485 16 593
3 0 486 16 590
3 0 487 15 587
3 0 488 15 584
3 0 489 14 581
3 0 490 14 578
3 0 491 13 575
3 0 492 13 572
3 0 493 13 569
3 0 494 12 566
3 0 495 12 563
3 0 496 12 560
3 0 497 11 557
3 0 498 11 554
3 0 499 11 551
3 0 500 11 547
3 0 501 11 544
3 0 502 10 541
3 0 503 10 538
3 0 504 10 535
3 0 505 10 532
3 0 506 10 529
3 0 507 10 526
3 0 508 10 523
3 0 509 10 520
3 0 510 10 517
3 0 511 9 514
3 0 512 10 511
3 0 513 10 507
3 0 514 10 504
3 0 515 10 501
3 0 516 10 498
3 0 517 10 495
3 0 518 10 492
3 0 519 10 489
3 0 520 10 486
3 0 521 10 483
3 0 522 11 480
3 0 523 11 477
3 0 524 11 474
3 0 525 11 470
3 0 526 11 467
3 0 527 12 464
3 0 528 12 461
3 0 529 12 458
3 0 530 13 455
3 0 531 13 452
3 0 532 13 449
3 0 533 14 446
3 0 534 14 443
3 0 535 15 440
3 0 536 15 437
3 0 537 16 434
3 0 538 16 431
3 0 539 17 428
3 0 540 17 425
3 0 541 18 422
3 0 542 18 419
3 0 543 19 416
3 0 544 19 413
3 0 545 20 409
3 0 546 21 406
3 0 547 21 403
3 0 548 22 400
3 0 549 23 397
3 0 550 23 394
3 0 551 24 391
3 0 552 25 388
3 0 553 26 385
3 0 554 26 382
3 0 555 27 379
3 0 556 28 377
3 0 557 29 374
3 0 558 30 371
3 0 559 31 368
3 0 560 32 365
3 0 561 32 362
3 0 562 33 359
3 0 563 34 356
3 0 564 35 353
3 0 565 36 350
3 0 566 37 347
3 0 567 38 344
3 0 568 39 341
3 0 569 40 338
3 0 570 42 336
3 0 571 43 333
3 0 572 44 330
3 0 573 45 327
3 0 574 46 324
3 0 575 47 321
3 0 576 48 318
3 0 577 50 315
3 0 578 51 313
3 0 579 52 310
3 0 580 53 307
3 0 581 54 304
3 0 582 56 301
3 0 583 57 299
3 0 584 58 296
3 0 585 60 293
3 0 586 61 290
3 0 587 62 287
3 0 588 64 285
3 0 589 65 282
3 0 590 67 279
3 0 591 68 277
3 0 592 70 274
3 0 593 71 271
3 0 594 72 268
3 0 595 74 266
3 0 596 76 263
3 0 597 77 260
3 0 598 79 258
3 0 599 80 255
3 0 600 82 252
3 0 601 83 250
3 0 602 85 247
3 0 603 87 245
3 0 604 88 242
3 0 605 90 239
3 0 606 92 237
3 0 607 93 234
3 0 608 95 232
3 0 609 97 229
3 0 610 98 226
3 0 611 100 224
3 0 612 102 221
3 0 613 104 219
3 0 614 106 216
3 0 615 107 214
3 0 616 109 211
3 0 617 111 209
3 0 618 113 207
3 0 619 115 204
3 0 620 117 202
3 0 621 119 199
3 0 622 121 197
3 0 623 123 194
3 0 624 125 192
3 0 625 126 190
3 0 626 128 187
3 0 627 130 185
3 0 628 132 183
3 0 629 135 180
3 0 630 137 178
3 0 631 139 176
3 0 632 141 173
3 0 633 143 171
3 0 634 145 169
3 0 635 147 167
3 0 636 149 164
3 0 637 151 162
3 0 638 153 160
3 0 639 156 158
3 0 640 158 156
3 0 641 160 153
3 0 642 162 151
3 0 643 164 149
3 0 644 167 147
3 0 645 169 145
3 0 646 171 143
3 0 647 173 141
3 0 648 176 139
3 0 649 178 137
3 0 650 180 135
3 0 651 183 133
3 0 652 185 131
3 0 653 187 129
3 0 654 190 127
3 0 655 192 125
3 0 656 194 123
3 0 657 197 121
3 0 658 199 119
3 0 659 202 117
3 0 660 204 115
3 0 661 206 113
3 0 662 209 111
3 0 663 211 109
3 0 664 214 107
3 0 665 216 106
3 0 666 219 104
3 0 667 221 102
3 0 668 224 100
3 0 669 226 99
3 0 670 229 97
3 0 671 232 95
3 0 672 234 93
3 0 673 237 92
3 0 674 239 90
3 0 675 242 88
3 0 676 244 87
3 0 677 247 85
3 0 678 250 83
3 0 679 252 82
3 0 680 255 80
3 0 681 258 79
3 0 682 260 77
3 0 683 263 76
3 0 684 266 74
3 0 685 268 73
3 0 686 271 71
3 0 687 274 70
3 0 688 276 68
3 0 689 279 67
3 0 690 282 65
3 0 691 285 64
3 0 692 287 62
3 0 693 290 61
3 0 694 293 60
3 0 695 296 58
3 0 696 299 57
3 0 697 301 56
3 0 698 304 55
3 0 699 307 53
3 0 700 310 52
3 0 701 313 51
3 0 702 315 50
3 0 703 318 48
3 0 704 321 47
3 0 705 324 46
3 0 706 327 45
3 0 707 330 44
3 0 708 333 43
3 0 709 335 42
3 0 710 338 40
3 0 711 341 39
3 0 712 344 38
3 0 713 347 37
3 0 714 350 36
3 0 715 353 35
3 0 716 356 34
3 0 717 359 33
3 0 718 362 33
3 0 719 365 32
3 0 720 368 31
3 0 721 371 30
3 0 722 373 29
3 0 723 376 28
3 0 724 379 27
3 0 725 382 26
3 0 726 385 26
3 0 727 388 25
3 0 728 391 24
3 0 729 394 23
3 0 730 397 23
3 0 731 400 22
3 0 732 403 21
3 0 733 406 21
3 0 734 409 20
3 0 735 412 19
3 0 736 415 19
3 0 737 418 18
3 0 738 421 18
3 0 739 425 17
3 0 740 428 17
3 0 741 431 16
3 0 742 434 16
3 0 743 437 15
3 0 744 440 15
3 0 745 443 14
3 0 746 446 14
3 0 747 449 13
3 0 748 452 13
3 0 749 455 13
3 0 750 458 12
3 0 751 461 12
3 0 752 464 12
3 0 753 467 11
3 0 754 470 11
3 0 755 473 11
3 0 756 477 11
3 0 757 480 11
3 0 758 483 10
3 0 759 486 10
3 0 760 489 10
3 0 761 492 10
3 0 762 495 10
3 0 763 498 10
3 0 764 501 10
3 0 765 504 10
3 0 766 507 10
3 0 767 510 9
3 0 768 514 10
3 0 769 517 10
3 0 770 520 10
3 0 771 523 10
3 0 772 526 10
3 0 773 529 10
3 0 774 532 10
3 0 775 535 10
3 0 776 538 10
3 0 777 541 10
3 0 778 544 11
3 0 779 547 11
3 0 780 550 11
3 0 781 554 11
3 0 782 557 11
3 0 783 560 12
3 0 784 563 12
3 0 785 566 12
3 0 786 569 13
3 0 787 572 13
3 0 788 575 13
3 0 789 578 14
3 0 790 581 14
3 0 791 584 15
3 0 792 587 15
3 0 793 590 16
3 0 794 593 16
3 0 795 596 17
3 0 796 599 17
3 0 797 602 18
3 0 798 605 18
3 0 799 608 19
3 0 800 611 19
3 0 801 615 20
3 0 802 618 21
3 0 803 621 21
3 0 804 624 22
3 0 805 627 23
3 0 806 630 23
3 0 807 633 24
3 0 808 636 25
3 0 809 639 26
3 0 810 642 26
3 0 811 645 27
3 0 812 647 28
3 0 813 650 29
3 0 814 653 30
3 0 815 656 31
3 0 816 659 32
3 0 817 662 32
3 0 818 665 33
3 0 819 668 34
3 0 820 671 35
3 0 821 674 36
3 0 822 677 37
3 0 823 680 38
3 0 824 683 39
3 0 825 686 40
3 0 826 688 42
3 0 827 691 43
3 0 828 694 44
3 0 829 697 45
3 0 830 700 46
3 0 831 703 47
3 0 832 706 48
3 0 833 709 50
3 0 834 711 51
3 0 835 714 52
3 0 836 717 53
3 0 837 720 54
3 0 838 723 56
3 0 839 725 57
3 0 840 728 58
3 0 841 731 60
3 0 842 734 61
3 0 843 737 62
3 0 844 739 64
3 0 845 742 65
3 0 846 745 67
3 0 847 747 68
3 0 848 750 70
3 0 849 753 71
3 0 850 756 72
3 0 851 758 74
3 0 852 761 76
3 0 853 764 77
3 0 854 766 79
3 0 855 769 80
3 0 856 772 82
3 0 857 774 83
3 0 858 777 85
3 0 859 779 87
3 0 860 782 88
3 0 861 785 90
3 0 862 787 92
3 0 863 790 93
3 0 864 792 95
3 0 865 795 97
3 0 866 798 98
3 0 867 800 100
3 0 868 803 102
3 0 869 805 104
3 0 870 808 106
3 0 871 810 107
3 0 872 813 109
3 0 873 815 111
3 0 874 817 113
3 0 875 820 115
3 0 876 822 117
3 0 877 825 119
3 0 878 827 121
3 0 879 830 123
3 0 880 832 125
3 0 881 834 126
3 0 882 837 128
3 0 883 839 130
3 0 884 841 132
3 0 885 844 135
3 0 886 846 137
3 0 887 848 139
3 0 888 851 141
3 0 889 853 143
3 0 890 855 145
3 0 891 857 147
3 0 892 860 149
3 0 893 862 151
3 0 894 864 153
3 0 895 866 156
3 0 896 868 158
3 0 897 871 160
3 0 898 873 162
3 0 899 875 164
3 0 900 877 167
3 0 901 879 169
3 0 902 881 171
3 0 903 883 173
3 0 904 885 176
3 0 905 887 178
3 0 906 889 180
3 0 907 891 183
3 0 908 893 185
3 0 909 895 187
3 0 910 897 190
3 0 911 899 192
3 0 912 901 194
3 0 913 903 197
3 0 914 905 199
3 0 915 907 202
3 0 916 909 204
3 0 917 911 206
3 0 918 913 209
3 0 919 915 211
3 0 920 917 214
3 0 921 918 216
3 0 922 920 219
3 0 923 922 221
3 0 924 924 224
3 0 925 925 226
3 0 926 927 229
3 0 927 929 232
3 0 928 931 234
3 0 929 932 237
3 0 930 934 239
3 0 931 936 242
3 0 932 937 244
3 0 933 939 247
3 0 934 941 250
3 0 935 942 252
3 0 936 944 255
3 0 937 945 258
3 0 938 947 260
3 0 939 948 263
3 0 940 950 266
3 0 941 951 268
3 0 942 953 271
3 0 943 954 274
3 0 944 956 276
3 0 945 957 279
3 0 946 959 282
3 0 947 960 285
3 0 948 962 287
3 0 949 963 290
3 0 950 964 293
3 0 951 966 296
3 0 952 967 299
3 0 953 968 301
3 0 954 969 304
3 0 955 971 307
3 0 956 972 310
3 0 957 973 313
3 0 958 974 315
3 0 959 976 318
3 0 960 977 321
3 0 961 978 324
3 0 962 979 327
3 0 963 980 330
3 0 964 981 333
3 0 965 982 335
3 0 966 984 338
3 0 967 985 341
3 0 968 986 344
3 0 969 987 347
3 0 970 988 350
3 0 971 989 353
3 0 972 990 356
3 0 973 991 359
3 0 974 991 362
3 0 975 992 365
3 0 976 993 368
3 0 977 994 371
3 0 978 995 373
3 0 979 996 376
3 0 980 997 379
3 0 981 998 382
3 0 982 998 385
3 0 983 999 388
3 0 984 1000 391
3 0 985 1001 394
3 0 986 1001 397
3 0 987 1002 400
3 0 988 1003 403
3 0 989 1003 406
3 0 990 1004 409
3 0 991 1005 412
3 0 992 1005 415
3 0 993 1006 418
3 0 994 1006 421
3 0 995 1007 425
3 0 996 1007 428
3 0 997 1008 431
3 0 998 1008 434
3 0 999 1009 437
3 0 1000 1009 440
3 0 1001 1010 443
3 0 1002 1010 446
3 0 1003 1011 449
3 0 1004 1011 452
3 0 1005 1011 455
3 0 1006 1012 458
3 0 1007 1012 461
3 0 1008 1012 464
3 0 1009 1013 467
3 0 1010 1013 470
3 0 1011 1013 473
3 0 1012 1013 477
3 0 1013 1013 480
3 0 1014 1014 483
3 0 1015 1014 486
3 0 1016 1014 489
3 0 1017 1014 492
3 0 1018 1014 495
3 0 1019 1014 498
3 0 1020 1014 501
3 0 1021 1014 504
3 0 1022 1014 507
3 0 1023 1015 510
3 1 0 1016 514
3 1 1 1015 517
3 1 2 1015 520
3 1 3 1015 523
3 1 4 1015 526
3 1 5 1015 529
3 1 6 1015 532
3 1 7 1015 535
3 1 8 1015 538
3 1 9 1015 541
3 1 10 1014 544
3 1 11 1014 547
3 1 12 1014 551
3 1 13 1014 554
3 1 14 1014 557
3 1 15 1013 560
3 1 16 1013 563
3 1 17 1013 566
3 1 18 1012 569
3 1 19 1012 572
3 1 20 1012 575
3 1 21 1011 578
3 1 22 1011 581
3 1 23 1010 584
3 1 24 1010 587
3 1 25 1009 590
3 1 26 1009 593
3 1 27 1008 597
3 1 28 1008 600
3 1 29 1007 603
3 1 30 1007 606
3 1 31 1006 609
3 1 32 1006 612
3 1 33 1005 615
3 1 34 1004 618
3 1 35 1004 621
3 1 36 1003 624
3 1 37 1002 627
3 1 38 1002 630
3 1 39 1001 633
3 1 40 1000 636
3 1 41 999 639
3 1 42 998 642
3 1 43 998 645
3 1 44 997 648
3 1 45 996 651
3 1 46 995 654
3 1 47 994 657
3 1 48 993 660
3 1 49 992 663
3 1 50 992 665
3 1 51 991 668
3 1 52 990 671
3 1 53 989 674
3 1 54 988 677
3 1 55 987 680
3 1 56 986 683
3 1 57 985 686
3 1 58 983 689
3 1 59 982 692
3 1 60 981 695
3 1 61 980 697
3 1 62 979 700
3 1 63 978 703
3 1 64 977 706
3 1 65 975 709
3 1 66 974 712
3 1 67 973 715
3 1 68 972 717
3 1 69 970 720
3 1 70 969 723
3 1 71 968 726
3 1 72 967 729
3 1 73 965 731
3 1 74 964 734
3 1 75 962 737
3 1 76 961 740
3 1 77 960 742
3 1 78 958 745
3 1 79 957 748
3 1 80 955 751
3 1 81 954 753
3 1 82 952 756
3 1 83 951 759
3 1 84 949 761
3 1 85 948 764
3 1 86 946 767
3 1 87 945 769
3 1 88 943 772
3 1 89 941 775
3 1 90 940 777
3 1 91 938 780
3 1 92 937 783
3 1 93 935 785
3 1 94 933 788
3 1 95 932 790
3 1 96 930 793
3 1 97 928 796
3 1 98 926 798
3 1 99 925 801
3 1 100 923 803
3 1 101 921 806
3 1 102 919 808
3 1 103 917 811
3 1 104 916 813
3 1 105 914 816
3 1 106 912 818
3 1 107 910 821
3 1 108 908 823
3 1 109 906 825
3 1 110 904 828
3 1 111 902 830
3 1 112 900 833
3 1 113 898 835
3 1 114 896 837
3 1 115 894 840
3 1 116 892 842
3 1 117 890 844
3 1 118 888 847
3 1 119 886 849
3 1 120 884 851
3 1 121 882 854
3 1 122 880 856
3 1 123 878 858
3 1 124 876 860
3 1 125 873 862
3 1 126 871 865
3 1 127 869 867
3 1 128 867 869
3 1 129 865 871
3 1 130 863 873
3 1 131 860 876
3 1 132 858 878
3 1 133 856 880
3 1 134 854 882
3 1 135 851 884
3 1 136 849 886
3 1 137 847 888
3 1 138 844 890
3 1 139 842 892
3 1 140 840 894
3 1 141 837 896
3 1 142 835 898
3 1 143 833 900
3 1 144 830 902
3 1 145 828 904
3 1 146 825 906
3 1 147 823 908
3 1 148 821 910
3 1 149 818 912
3 1 150 816 914
3 1 151 813 915
3 1 152 811 917
3 1 153 808 919
3 1 154 806 921
3 1 155 803 923
3 1 156 801 925
3 1 157 798 926
3 1 158 796 928
3 1 159 793 930
3 1 160 790 931
3 1 161 788 933
3 1 162 785 935
3 1 163 783 937
3 1 164 780 938
3 1 165 777 940
3 1 166 775 941
3 1 167 772 943
3 1 168 770 945
3 1 169 767 946
3 1 170 764 948
3 1 171 762 949
3 1 172 759 951
3 1 173 756 952
3 1 174 753 954
3 1 175 751 955
3 1 176 748 957
3 1 177 745 958
3 1 178 743 960
3 1 179 740 961
3 1 180 737 962
3 1 181 734 964
3 1 182 731 965
3 1 183 729 966
3 1 184 726 968
3 1 185 723 969
3 1 186 720 970
3 1 187 717 972
3 1 188 715 973
3 1 189 712 974
3 1 190 709 975
3 1 191 706 977
3 1 192 703 978
3 1 193 700 979
3 1 194 698 980
3 1 195 695 981
3 1 196 692 982
3 1 197 689 983
3 1 198 686 984
3 1 199 683 986
3 1 200 680 987
3 1 201 677 988
3 1 202 674 989
3 1 203 671 990
3 1 204 669 991
3 1 205 666 991
3 1 206 663 992
3 1 207 660 993
3 1 208 657 994
3 1 209 654 995
3 1 210 651 996
3 1 211 648 997
3 1 212 645 998
3 1 213 642 998
3 1 214 639 999
3 1 215 636 1000
3 1 216 633 1001
3 1 217 630 1002
3 1 218 627 1002
3 1 219 624 1003
3 1 220 621 1004
3 1 221 618 1004
3 1 222 615 1005
3 1 223 612 1006
3 1 224 609 1006
3 1 225 606 1007
3 1 226 603 1007
3 1 227 600 1008
3 1 228 597 1008
3 1 229 594 1009
3 1 230 591 1009
3 1 231 587 1010
3 1 232 584 1010
3 1 233 581 1011
3 1 234 578 1011
3 1 235 575 1012
3 1 236 572 1012
3 1 237 569 1012
3 1 238 566 1013
3 1 239 563 1013
3 1 240 560 1013
3 1 241 557 1014
3 1 242 554 1014
3 1 243 551 1014
3 1 244 548 1014
3 1 245 544 1014
3 1 246 541 1015
3 1 247 538 1015
3 1 248 535 1015
3 1 249 532 1015
3 1 250 529 1015
3 1 251 526 1015
3 1 252 523 1015
3 1 253 520 1015
3 1 254 517 1015
3 1 255 514 1016
3 1 256 511 1016
3 1 257 507 1015
3 1 258 504 1015
3 1 259 501 1015
3 1 260 498 1015
3 1 261 495 1015
3 1 262 492 1015
3 1 263 489 1015
3 1 264 486 1015
3 1 265 483 1015
3 1 266 480 1014
3 1 267 477 1014
3 1 268 473 1014
3 1 269 470 1014
3 1 270 467 1014
3 1 271 464 1013
3 1 272 461 1013
3 1 273 458 1013
3 1 274 455 1012
3 1 275 452 1012
3 1 276 449 1012
3 1 277 446 1011
3 1 278 443 1011
3 1 279 440 1010
3 1 280 437 1010
3 1 281 434 1009
3 1 282 431 1009
3 1 283 427 1008
3 1 284 424 1008
3 1 285 421 1007
3 1 286 418 1007
3 1 287 415 1006
3 1 288 412 1006
3 1 289 409 1005
3 1 290 406 1004
3 1 291 403 1004
3 1 292 400 1003
3 1 293 397 1002
3 1 294 394 1002
3 1 295 391 1001
3 1 296 388 1000
3 1 297 385 999
3 1 298 382 998
3 1 299 379 998
3 1 300 376 997
3 1 301 373 996
3 1 302 370 995
3 1 303 367 994
3 1 304 364 993
3 1 305 361 992
3 1 306 359 992
3 1 307 356 991
3 1 308 353 990
3 1 309 350 989
3 1 310 347 988
3 1 311 344 987
3 1 312 341 986
3 1 313 338 985
3 1 314 335 983
3 1 315 332 982
3 1 316 329 981
3 1 317 327 980
3 1 318 324 979
3 1 319 321 978
3 1 320 318 977
3 1 321 315 975
3 1 322 312 974
3 1 323 309 973
3 1 324 307 972
3 1 325 304 970
3 1 326 301 969
3 1 327 298 968
3 1 328 295 967
3 1 329 293 965
3 1 330 290 964
3 1 331 287 962
3 1 332 284 961
3 1 333 282 960
3 1 334 279 958
3 1 335 276 957
3 1 336 273 955
3 1 337 271 954
3 1 338 268 952
3 1 339 265 951
3 1 340 263 949
3 1 341 260 948
3 1 342 257 946
3 1 343 255 945
3 1 344 252 943
3 1 345 249 941
3 1 346 247 940
3 1 347 244 938
3 1 348 241 937
3 1 349 239 935
3 1 350 236 933
3 1 351 234 932
3 1 352 231 930
3 1 353 228 928
3 1 354 226 926
3 1 355 223 925
3 1 356 221 923
3 1 357 218 921
3 1 358 216 919
3 1 359 213 917
3 1 360 211 916
3 1 361 208 914
3 1 362 206 912
3 1 363 203 910
3 1 364 201 908
3 1 365 199 906
3 1 366 196 904
3 1 367 194 902
3 1 368 191 900
3 1 369 189 898
3 1 370 187 896
3 1 371 184 894
3 1 372 182 892
3 1 373 180 890
3 1 374 177 888
3 1 375 175 886
3 1 376 173 884
3 1 377 170 882
3 1 378 168 880
3 1 379 166 878
3 1 380 164 876
3 1 381 162 873
3 1 382 159 871
3 1 383 157 869
3 1 384 155 867
3 1 385 153 865
3 1 386 151 863
3 1 387 148 860
3 1 388 146 858
3 1 389 144 856
3 1 390 142 854
3 1 391 140 851
3 1 392 138 849
3 1 393 136 847
3 1 394 134 844
3 1 395 132 842
3 1 396 130 840
3 1 397 128 837
3 1 398 126 835
3 1 399 124 833
3 1 400 122 830
3 1 401 120 828
3 1 402 118 825
3 1 403 116 823
3 1 404 114 821
3 1 405 112 818
3 1 406 110 816
3 1 407 109 813
3 1 408 107 811
3 1 409 105 808
3 1 410 103 806
3 1 411 101 803
3 1 412 99 801
3 1 413 98 798
3 1 414 96 796
3 1 415 94 793
3 1 416 93 790
3 1 417 91 788
3 1 418 89 785
3 1 419 87 783
3 1 420 86 780
3 1 421 84 777
3 1 422 83 775
3 1 423 81 772
3 1 424 79 770
3 1 425 78 767
3 1 426 76 764
3 1 427 75 762
3 1 428 73 759
3 1 429 72 756
3 1 430 70 753
3 1 431 69 751
3 1 432 67 748
3 1 433 66 745
3 1 434 64 743
3 1 435 63 740
3 1 436 62 737
3 1 437 60 734
3 1 438 59 731
3 1 439 58 729
3 1 440 56 726
3 1 441 55 723
3 1 442 54 720
3 1 443 52 717
3 1 444 51 715
3 1 445 50 712
3 1 446 49 709
3 1 447 47 706
3 1 448 46 703
3 1 449 45 700
3 1 450 44 698
3 1 451 43 695
3 1 452 42 692
3 1 453 41 689
3 1 454 40 686
3 1 455 38 683
3 1 456 37 680
3 1 457 36 677
3 1 458 35 674
3 1 459 34 671
3 1 460 33 669
3 1 461 33 666
3 1 462 32 663
3 1 463 31 660
3 1 464 30 657
3 1 465 29 654
3 1 466 28 651
3 1 467 27 648
3 1 468 26 645
3 1 469 26 642
3 1 470 25 639
3 1 471 24 636
3 1 472 23 633
3 1 473 22 630
3 1 474 22 627
3 1 475 21 624
3 1 476 20 621
3 1 477 20 618
3 1 478 19 615
3 1 479 18 612
3 1 480 18 609
3 1 481 17 606
3 1 482 17 603
3 1 483 16 600
3 1 484 16 597
3 1 485 15 594
3 1 486 15 591
3 1 487 14 587
3 1 488 14 584
3 1 489 13 581
3 1 490 13 578
3 1 491 12 575
3 1 492 12 572
3 1 493 12 569
3 1 494 11 566
3 1 495 11 563
3 1 496 11 560
3 1 497 10 557
3 1 498 10 554
3 1 499 10 551
3 1 500 10 548
3 1 501 10 544
3 1 502 9 541
3 1 503 9 538
3 1 504 9 535
3 1 505 9 532
3 1 506 9 529
3 1 507 9 526
3 1 508 9 523
3 1 509 9 520
3 1 510 9 517
3 1 511 8 514
3 1 512 9 511
3 1 513 9 507
3 1 514 9 504
3 1 515 9 501
3 1 516 9 498
3 1 517 9 495
3 1 518 9 492
3 1 519 9 489
3 1 520 9 486
3 1 521 9 483
3 1 522 10 480
3 1 523 10 477
3 1 524 10 473
3 1 525 10 470
3 1 526 10 467
3 1 527 11 464
3 1 528 11 461
3 1 529 11 458
3 1 530 12 455
3 1 531 12 452
3 1 532 12 449
3 1 533 13 446
3 1 534 13 443
3 1 535 14 440
3 1 536 14 437
3 1 537 15 434
3 1 538 15 431
3 1 539 16 427
3 1 540 16 424
3 1 541 17 421
3 1 542 17 418
3 1 543 18 415
3 1 544 18 412
3 1 545 19 409
3 1 546 20 406
3 1 547 20 403
3 1 548 21 400
3 1 549 22 397
3 1 550 22 394
3 1 551 23 391
3 1 552 24 388
3 1 553 25 385
3 1 554 26 382
3 1 555 26 379
3 1 556 27 376
3 1 557 28 373
3 1 558 29 370
3 1 559 30 367
3 1 560 31 364
3 1 561 32 361
3 1 562 32 359
3 1 563 33 356
3 1 564 34 353
3 1 565 35 350
3 1 566 36 347
3 1 567 37 344
3 1 568 38 341
3 1 569 39 338
3 1 570 41 335
3 1 571 42 332
3 1 572 43 329
3 1 573 44 327
3 1 574 45 324
3 1 575 46 321
3 1 576 47 318
3 1 577 49 315
3 1 578 50 312
3 1 579 51 309
3 1 580 52 307
3 1 581 54 304
3 1 582 55 301
3 1 583 56 298
3 1 584 57 295
3 1 585 59 293
3 1 586 60 290
3 1 587 62 287
3 1 588 63 284
3 1 589 64 282
3 1 590 66 279
3 1 591 67 276
3 1 592 69 273
3 1 593 70 271
3 1 594 72 268
3 1 595 73 265
3 1 596 75 263
3 1 597 76 260
3 1 598 78 257
3 1 599 79 255
3 1 600 81 252
3 1 601 83 249
3 1 602 84 247
3 1 603 86 244
3 1 604 87 241
3 1 605 89 239
3 1 606 91 236
3 1 607 92 234
3 1 608 94 231
3 1 609 96 228
3 1 610 98 226
3 1 611 99 223
3 1 612 101 221
3 1 613 103 218
3 1 614 105 216
3 1 615 107 213
3 1 616 108 211
3 1 617 110 208
3 1 618 112 206
3 1 619 114 203
3 1 620 116 201
3 1 621 118 199
3 1 622 120 196
3 1 623 122 194
3 1 624 124 191
3 1 625 126 189
3 1 626 128 187
3 1 627 130 184
3 1 628 132 182
3 1 629 134 180
3 1 630 136 177
3 1 631 138 175
3 1 632 140 173
3 1 633 142 170
3 1 634 144 168
3 1 635 146 166
3 1 636 148 164
3 1 637 151 162
3 1 638 153 159
3 1 639 155 157
3 1 640 157 155
3 1 641 159 153
3 1 642 161 151
3 1 643 164 148
3 1 644 166 146
3 1 645 168 144
3 1 646 170 142
3 1 647 173 140
3 1 648 175 138
3 1 649 177 136
3 1 650 180 134
3 1 651 182 132
3 1 652 184 130
3 1 653 187 128
3 1 654 189 126
3 1 655 191 124
3 1 656 194 122
3 1 657 196 120
3 1 658 199 118
3 1 659 201 116
3 1 660 203 114
3 1 661 206 112
3 1 662 208 110
3 1 663 211 109
3 1 664 213 107
3 1 665 216 105
3 1 666 218 103
3 1 667 221 101
3 1 668 223 99
3 1 669 226 98
3 1 670 228 96
3 1 671 231 94
3 1 672 234 93
3 1 673 236 91
3 1 674 239 89
3 1 675 241 87
3 1 676 244 86
3 1 677 247 84
3 1 678 249 83
3 1 679 252 81
3 1 680 254 79
3 1 681 257 78
3 1 682 260 76
3 1 683 262 75
3 1 684 265 73
3 1 685 268 72
3 1 686 271 70
3 1 687 273 69
3 1 688 276 67
3 1 689 279 66
3 1 690 281 64
3 1 691 284 63
3 1 692 287 62
3 1 693 290 60
3 1 694 293 59
3 1 695 295 58
3 1 696 298 56
3 1 697 301 55
3 1 698 304 54
3 1 699 307 52
3 1 700 309 51
3 1 701 312 50
3 1 702 315 49
3 1 703 318 47
3 1 704 321 46
3 1 705 324 45
3 1 706 326 44
3 1 707 329 43
3 1 708 332 42
3 1 709 335 41
3 1 710 338 40
3 1 711 341 38
3 1 712 344 37
3 1 713 347 36
3 1 714 350 35
3 1 715 353 34
3 1 716 355 33
3 1 717 358 33
3 1 718 361 32
3 1 719 364 31
3 1 720 367 30
3 1 721 370 29
3 1 722 373 28
3 1 723 376 27
3 1 724 379 26
3 1 725 382 26
3 1 726 385 25
3 1 727 388 24
3 1 728 391 23
3 1 729 394 22
3 1 730 397 22
3 1 731 400 21
3 1 732 403 20
3 1 733 406 20
3 1 734 409 19
3 1 735 412 18
3 1 736 415 18
3 1 737 418 17
3 1 738 421 17
3 1 739 424 16
3 1 740 427 16
3 1 741 430 15
3 1 742 433 15
3 1 743 437 14
3 1 744 440 14
3 1 745 443 13
3 1 746 446 13
3 1 747 449 12
3 1 748 452 12
3 1 749 455 12
3 1 750 458 11
3 1 751 461 11
3 1 752 464 11
3 1 753 467 10
3 1 754 470 10
3 1 755 473 10
3 1 756 476 10
3 1 757 480 10
3 1 758 483 9
3 1 759 486 9
3 1 760 489 9
3 1 761 492 9
3 1 762 495 9
3 1 763 498 9
3 1 764 501 9
3 1 765 504 9
3 1 766 507 9
3 1 767 510 8
3 1 768 514 9
3 1 769 517 9
3 1 770 520 9
3 1 771 523 9
3 1 772 526 9
3 1 773 529 9
3 1 774 532 9
3 1 775 535 9
3 1 776 538 9
3 1 777 541 9
3 1 778 544 10
3 1 779 547 10
3 1 780 551 10
3 1 781 554 10
3 1 782 557 10
3 1 783 560 11
3 1 784 563 11
3 1 785 566 11
3 1 786 569 12
3 1 787 572 12
3 1 788 575 12
3 1 789 578 13
3 1 790 581 13
3 1 791 584 14
3 1 792 587 14
3 1 793 590 15
3 1 794 593 15
3 1 795 597 16
3 1 796 600 16
3 1 797 603 17
3 1 798 606 17
3 1 799 609 18
3 1 800 612 18
3 1 801 615 19
3 1 802 618 20
3 1 803 621 20
3 1 804 624 21
3 1 805 627 22
3 1 806 630 22
3 1 807 633 23
3 1 808 636 24
3 1 809 639 25
3 1 810 642 26
3 1 811 645 26
3 1 812 648 27
3 1 813 651 28
3 1 814 654 29
3 1 815 657 30
3 1 816 660 31
3 1 817 663 32
3 1 818 665 32
3 1 819 668 33
3 1 820 671 34
3 1 821 674 35
3 1 822 677 36
3 1 823 680 37
3 1 824 683 38
3 1 825 686 39
3 1 826 689 41
3 1 827 692 42
3 1 828 695 43
3 1 829 697 44
3 1 830 700 45
3 1 831 703 46
3 1 832 706 47
3 1 833 709 49
3 1 834 712 50
3 1 835 715 51
3 1 836 717 52
3 1 837 720 54
3 1 838 723 55
3 1 839 726 56
3 1 840 729 57
3 1 841 731 59
3 1 842 734 60
3 1 843 737 62
3 1 844 740 63
3 1 845 742 64
3 1 846 745 66
3 1 847 748 67
3 1 848 751 69
3 1 849 753 70
3 1 850 756 72
3 1 851 759 73
3 1 852 761 75
3 1 853 764 76
3 1 854 767 78
3 1 855 769 79
3 1 856 772 81
3 1 857 775 83
3 1 858 777 84
3 1 859 780 86
3 1 860 783 87
3 1 861 785 89
3 1 862 788 91
3 1 863 790 92
3 1 864 793 94
3 1 865 796 96
3 1 866 798 98
3 1 867 801 99
3 1 868 803 101
3 1 869 806 103
3 1 870 808 105
3 1 871 811 107
3 1 872 813 108
3 1 873 816 110
3 1 874 818 112
3 1 875 821 114
3 1 876 823 116
3 1 877 825 118
3 1 878 828 120
3 1 879 830 122
3 1 880 833 124
3 1 881 835 126
3 1 882 837 128
3 1 883 840 130
3 1 884 842 132
3 1 885 844 134
3 1 886 847 136
3 1 887 849 138
3 1 888 851 140
3 1 889 854 142
3 1 890 856 144
3 1 891 858 146
3 1 892 860 148
3 1 893 862 151
3 1 894 865 153
3 1 895 867 155
3 1 896 869 157
3 1 897 871 159
3 1 898 873 161
3 1 899 876 164
3 1 900 878 166
3 1 901 880 168
3 1 902 882 170
3 1 903 884 173
3 1 904 886 175
3 1 905 888 177
3 1 906 890 180
3 1 907 892 182
3 1 908 894 184
3 1 909 896 187
3 1 910 898 189
3 1 911 900 191
3 1 912 902 194
3 1 913 904 196
3 1 914 906 199
3 1 915 908 201
3 1 916 910 203
3 1 917 912 206
3 1 918 914 208
3 1 919 915 211
3 1 920 917 213
3 1 921 919 216
3 1 922 921 218
3 1 923 923 221
3 1 924 925 223
3 1 925 926 226
3 1 926 928 228
3 1 927 930 231
3 1 928 931 234
3 1 929 933 236
3 1 930 935 239
3 1 931 937 241
3 1 932 938 244
3 1 933 940 247
3 1 934 941 249
3 1 935 943 252
3 1 936 945 254
3 1 937 946 257
3 1 938 948 260
3 1 939 949 262
3 1 940 951 265
3 1 941 952 268
3 1 942 954 271
3 1 943 955 273
3 1 944 957 276
3 1 945 958 279
3 1 946 960 281
3 1 947 961 284
3 1 948 962 287
3 1 949 964 290
3 1 950 965 293
3 1 951 966 295
3 1 952 968 298
3 1 953 969 301
3 1 954 970 304
3 1 955 972 307
3 1 956 973 309
3 1 957 974 312
3 1 958 975 315
3 1 959 977 318
3 1 960 978 321
3 1 961 979 324
3 1 962 980 326
3 1 963 981 329
3 1 964 982 332
3 1 965 983 335
3 1 966 984 338
3 1 967 986 341
3 1 968 987 344
3 1 969 988 347
3 1 970 989 350
3 1 971 990 353
3 1 972 991 355
3 1 973 991 358
3 1 974 992 361
3 1 975 993 364
3 1 976 994 367
3 1 977 995 370
3 1 978 996 373
3 1 979 997 376
3 1 980 998 379
3 1 981 998 382
3 1 982 999 385
3 1 983 1000 388
3 1 984 1001 391
3 1 985 1002 394
3 1 986 1002 397
3 1 987 1003 400
3 1 988 1004 403
3 1 989 1004 406
3 1 990 1005 409
3 1 991 1006 412
3 1 992 1006 415
3 1 993 1007 418
3 1 994 1007 421
3 1 995 1008 424
3 1 996 1008 427
3 1 997 1009 430
3 1 998 1009 433
3 1 999 1010 437
3 1 1000 1010 440
3 1 1001 1011 443
3 1 1002 1011 446
3 1 1003 1012 449
3 1 1004 1012 452
3 1 1005 1012 455
3 1 1006 1013 458
3 1 1007 1013 461
3 1 1008 1013 464
3 1 1009 1014 467
3 1 1010 1014 470
3 1 1011 1014 473
3 1 1012 1014 476
3 1 1013 1014 480
3 1 1014 1015 483
3 1 1015 1015 486
3 1 1016 1015 489
3 1 1017 1015 492
3 1 1018 1015 495
3 1 1019 1015 498
3 1 1020 1015 501
3 1 1021 1015 504
3 1 1022 1015 507
3 1 1023 1016 510
3 2 0 1017 514
3 2 1 1016 517
3 2 2 1016 520
3 2 3 1016 523
3 2 4 1016 526
3 2 5 1016 529
3 2 6 1016 532
3 2 7 1016 535
3 2 8 1016 538
3 2 9 1016 541
3 2 10 1015 544
3 2 11 1015 548
3 2 12 1015 551
3 2 13 1015 554
3 2 14 1015 557
3 2 15 1014 560
3 2 16 1014 563
3 2 17 1014 566
3 2 18 1013 569
3 2 19 1013 572
3 2 20 1013 575
3 2 21 1012 578
3 2 22 1012 581
3 2 23 1011 584
3 2 24 1011 588
3 2 25 1010 591
3 2 26 1010 594
3 2 27 1009 597
3 2 28 1009 600
3 2 29 1008 603
3 2 30 1008 606
3 2 31 1007 609
3 2 32 1007 612
3 2 33 1006 615
3 2 34 1005 618
3 2 35 1005 621
3 2 36 1004 624
3 2 37 1003 627
3 2 38 1003 630
3 2 39 1002 633
3 2 40 1001 636
3 2 41 1000 639
3 2 42 999 642
3 2 43 999 645
3 2 44 998 648
3 2 45 997 651
3 2 46 996 654
3 2 47 995 657
3 2 48 994 660
3 2 49 993 663
3 2 50 992 666
3 2 51 992 669
3 2 52 991 672
3 2 53 990 675
3 2 54 989 678
3 2 55 988 680
3 2 56 986 683
3 2 57 985 686
3 2 58 984 689
3 2 59 983 692
3 2 60 982 695
3 2 61 981 698
3 2 62 980 701
3 2 63 979 704
3 2 64 978 706
3 2 65 976 709
3 2 66 975 712
3 2 67 974 715
3 2 68 973 718
3 2 69 971 721
3 2 70 970 723
3 2 71 969 726
3 2 72 967 729
3 2 73 966 732
3 2 74 965 735
3 2 75 963 737
3 2 76 962 740
3 2 77 961 743
3 2 78 959 746
3 2 79 958 748
3 2 80 956 751
3 2 81 955 754
3 2 82 953 757
3 2 83 952 759
3 2 84 950 762
3 2 85 949 765
3 2 86 947 767
3 2 87 946 770
3 2 88 944 773
3 2 89 942 775
3 2 90 941 778
3 2 91 939 781
3 2 92 937 783
3 2 93 936 786
3 2 94 934 788
3 2 95 932 791
3 2 96 931 794
3 2 97 929 796
3 2 98 927 799
3 2 99 925 801
3 2 100 924 804
3 2 101 922 806
3 2 102 920 809
3 2 103 918 811
3 2 104 916 814
3 2 105 914 816
3 2 106 913 819
3 2 107 911 821
3 2 108 909 824
3 2 109 907 826
3 2 110 905 828
3 2 111 903 831
3 2 112 901 833
3 2 113 899 836
3 2 114 897 838
3 2 115 895 840
3 2 116 893 843
3 2 117 891 845
3 2 118 889 847
3 2 119 887 850
3 2 120 885 852
3 2 121 883 854
3 2 122 881 856
3 2 123 878 859
3 2 124 876 861
3 2 125 874 863
3 2 126 872 865
3 2 127 870 868
3 2 128 868 870
3 2 129 865 872
3 2 130 863 874
3 2 131 861 876
3 2 132 859 878
3 2 133 857 881
3 2 134 854 883
3 2 135 852 885
3 2 136 850 887
3 2 137 847 889
3 2 138 845 891
3 2 139 843 893
3 2 140 840 895
3 2 141 838 897
3 2 142 836 899
3 2 143 833 901
3 2 144 831 903
3 2 145 828 905
3 2 146 826 907
3 2 147 824 909
3 2 148 821 911
3 2 149 819 913
3 2 150 816 914
3 2 151 814 916
3 2 152 811 918
3 2 153 809 920
3 2 154 806 922
3 2 155 804 924
3 2 156 801 925
3 2 157 799 927
3 2 158 796 929
3 2 159 794 931
3 2 160 791 932
3 2 161 788 934
3 2 162 786 936
3 2 163 783 937
3 2 164 781 939
3 2 165 778 941
3 2 166 775 942
3 2 167 773 944
3 2 168 770 945
3 2 169 767 947
3 2 170 765 949
3 2 171 762 950
3 2 172 759 952
3 2 173 757 953
3 2 174 754 955
3 2 175 751 956
3 2 176 748 958
3 2 177 746 959
3 2 178 743 961
3 2 179 740 962
3 2 180 737 963
3 2 181 735 965
3 2 182 732 966
3 2 183 729 967
3 2 184 726 969
3 2 185 724 970
3 2 186 721 971
3 2 187 718 973
3 2 188 715 974
3 2 189 712 975
3 2 190 709 976
3 2 191 707 977
3 2 192 704 979
3 2 193 701 980
3 2 194 698 981
3 2 195 695 982
3 2 196 692 983
3 2 197 689 984
3 2 198 686 985
3 2 199 683 986
3 2 200 681 988
3 2 201 678 989
3 2 202 675 990
3 2 203 672 991
3 2 204 669 992
3 2 205 666 992
3 2 206 663 993
3 2 207 660 994
3 2 208 657 995
3 2 209 654 996
3 2 210 651 997
3 2 211 648 998
3 2 212 645 999
3 2 213 642 999
3 2 214 639 1000
3 2 215 636 1001
3 2 216 633 1002
3 2 217 630 1002
3 2 218 627 1003
3 2 219 624 1004
3 2 220 621 1005
3 2 221 618 1005
3 2 222 615 1006
3 2 223 612 1006
3 2 224 609 1007
3 2 225 606 1008
3 2 226 603 1008
3 2 227 600 1009
3 2 228 597 1009
3 2 229 594 1010
3 2 230 591 1010
3 2 231 588 1011
3 2 232 585 1011
3 2 233 581 1012
3 2 234 578 1012
3 2 235 575 1013
3 2 236 572 1013
3 2 237 569 1013
3 2 238 566 1014
3 2 239 563 1014
3 2 240 560 1014
3 2 241 557 1015
3 2 242 554 1015
3 2 243 551 1015
3 2 244 548 1015
3 2 245 545 1015
3 2 246 541 1016
3 2 247 538 1016
3 2 248 535 1016
3 2 249 532 1016
3 2 250 529 1016
3 2 251 526 1016
3 2 252 523 1016
3 2 253 520 1016
3 2 254 517 1016
3 2 255 514 1017
3 2 256 511 1017
3 2 257 507 1016
3 2 258 504 1016
3 2 259 501 1016
3 2 260 498 1016
3 2 261 495 1016
3 2 262 492 1016
3 2 263 489 1016
3 2 264 486 1016
3 2 265 483 1016
3 2 266 480 1015
3 2 267 476 1015
3 2 268 473 1015
3 2 269 470 1015
3 2 270 467 1015
3 2 271 464 1014
3 2 272 461 1014
3 2 273 458 1014
3 2 274 455 1013
3 2 275 452 1013
3 2 276 449 1013
3 2 277 446 1012
3 2 278 443 1012
3 2 279 440 1011
3 2 280 436 1011
3 2 281 433 1010
3 2 282 430 1010
3 2 283 427 1009
3 2 284 424 1009
3 2 285 421 1008
3 2 286 418 1008
3 2 287 415 1007
3 2 288 412 1007
3 2 289 409 1006
3 2 290 406 1005
3 2 291 403 1005
3 2 292 400 1004
3 2 293 397 1003
3 2 294 394 1003
3 2 295 391 1002
3 2 296 388 1001
3 2 297 385 1000
3 2 298 382 999
3 2 299 379 999
3 2 300 376 998
3 2 301 373 997
3 2 302 370 996
3 2 303 367 995
3 2 304 364 994
3 2 305 361 993
3 2 306 358 992
3 2 307 355 992
3 2 308 352 991
3 2 309 349 990
3 2 310 346 989
3 2 311 344 988
3 2 312 341 986
3 2 313 338 985
3 2 314 335 984
3 2 315 332 983
3 2 316 329 982
3 2 317 326 981
3 2 318 323 980
3 2 319 320 979
3 2 320 318 978
3 2 321 315 976
3 2 322 312 975
3 2 323 309 974
3 2 324 306 973
3 2 325 303 971
3 2 326 301 970
3 2 327 298 969
3 2 328 295 967
3 2 329 292 966
3 2 330 289 965
3 2 331 287 963
3 2 332 284 962
3 2 333 281 961
3 2 334 278 959
3 2 335 276 958
3 2 336 273 956
3 2 337 270 955
3 2 338 267 953
3 2 339 265 952
3 2 340 262 950
3 2 341 259 949
3 2 342 257 947
3 2 343 254 946
3 2 344 251 944
3 2 345 249 942
3 2 346 246 941
3 2 347 243 939
3 2 348 241 937
3 2 349 238 936
3 2 350 236 934
3 2 351 233 932
3 2 352 230 931
3 2 353 228 929
3 2 354 225 927
3 2 355 223 925
3 2 356 220 924
3 2 357 218 922
3 2 358 215 920
3 2 359 213 918
3 2 360 210 916
3 2 361 208 914
3 2 362 205 913
3 2 363 203 911
3 2 364 200 909
3 2 365 198 907
3 2 366 196 905
3 2 367 193 903
3 2 368 191 901
3 2 369 188 899
3 2 370 186 897
3 2 371 184 895
3 2 372 181 893
3 2 373 179 891
3 2 374 177 889
3 2 375 174 887
3 2 376 172 885
3 2 377 170 883
3 2 378 168 881
3 2 379 165 878
3 2 380 163 876
3 2 381 161 874
3 2 382 159 872
3 2 383 156 870
3 2 384 154 868
3 2 385 152 865
3 2 386 150 863
3 2 387 148 861
3 2 388 146 859
3 2 389 143 857
3 2 390 141 854
3 2 391 139 852
3 2 392 137 850
3 2 393 135 847
3 2 394 133 845
3 2 395 131 843
3 2 396 129 840
3 2 397 127 838
3 2 398 125 836
3 2 399 123 833
3 2 400 121 831
3 2 401 119 828
3 2 402 117 826
3 2 403 115 824
3 2 404 113 821
3 2 405 111 819
3 2 406 110 816
3 2 407 108 814
3 2 408 106 811
3 2 409 104 809
3 2 410 102 806
3 2 411 100 804
3 2 412 99 801
3 2 413 97 799
3 2 414 95 796
3 2 415 93 794
3 2 416 92 791
3 2 417 90 788
3 2 418 88 786
3 2 419 87 783
3 2 420 85 781
3 2 421 83 778
3 2 422 82 775
3 2 423 80 773
3 2 424 79 770
3 2 425 77 767
3 2 426 75 765
3 2 427 74 762
3 2 428 72 759
3 2 429 71 757
3 2 430 69 754
3 2 431 68 751
3 2 432 66 748
3 2 433 65 746
3 2 434 63 743
3 2 435 62 740
3 2 436 61 737
3 2 437 59 735
3 2 438 58 732
3 2 439 57 729
3 2 440 55 726
3 2 441 54 724
3 2 442 53 721
3 2 443 51 718
3 2 444 50 715
3 2 445 49 712
3 2 446 48 709
3 2 447 47 707
3 2 448 45 704
3 2 449 44 701
3 2 450 43 698
3 2 451 42 695
3 2 452 41 692
3 2 453 40 689
3 2 454 39 686
3 2 455 38 683
3 2 456 36 681
3 2 457 35 678
3 2 458 34 675
3 2 459 33 672
3 2 460 32 669
3 2 461 32 666
3 2 462 31 663
3 2 463 30 660
3 2 464 29 657
3 2 465 28 654
3 2 466 27 651
3 2 467 26 648
3 2 468 25 645
3 2 469 25 642
3 2 470 24 639
3 2 471 23 636
3 2 472 22 633
3 2 473 22 630
3 2 474 21 627
3 2 475 20 624
3 2 476 19 621
3 2 477 19 618
3 2 478 18 615
3 2 479 18 612
3 2 480 17 609
3 2 481 16 606
3 2 482 16 603
3 2 483 15 600
3 2 484 15 597
3 2 485 14 594
3 2 486 14 591
3 2 487 13 588
3 2 488 13 585
3 2 489 12 581
3 2 490 12 578
3 2 491 11 575
3 2 492 11 572
3 2 493 11 569
3 2 494 10 566
3 2 495 10 563
3 2 496 10 560
3 2 497 9 557
3 2 498 9 554
3 2 499 9 551
3 2 500 9 548
3 2 501 9 545
3 2 502 8 541
3 2 503 8 538
3 2 504 8 535
3 2 505 8 532
3 2 506 8 529
3 2 507 8 526
3 2 508 8 523
3 2 509 8 520
3 2 510 8 517
3 2 511 7 514
3 2 512 8 511
3 2 513 8 507
3 2 514 8 504
3 2 515 8 501
3 2 516 8 498
3 2 517 8 495
3 2 518 8 492
3 2 519 8 489
3 2 520 8 486
3 2 521 8 483
3 2 522 9 480
3 2 523 9 476
3 2 524 9 473
3 2 525 9 470
3 2 526 9 467
3 2 527 10 464
3 2 528 10 461
3 2 529 10 458
3 2 530 11 455
3 2 531 11 452
3 2 532 11 449
3 2 533 12 446
3 2 534 12 443
3 2 535 13 440
3 2 536 13 436
3 2 537 14 433
3 2 538 14 430
3 2 539 15 427
3 2 540 15 424
3 2 541 16 421
3 2 542 16 418
3 2 543 17 415
3 2 544 17 412
3 2 545 18 409
3 2 546 19 406
3 2 547 19 403
3 2 548 20 400
3 2 549 21 397
3 2 550 21 394
3 2 551 22 391
3 2 552 23 388
3 2 553 24 385
3 2 554 25 382
3 2 555 25 379
3 2 556 26 376
3 2 557 27 373
3 2 558 28 370
3 2 559 29 367
3 2 560 30 364
3 2 561 31 361
3 2 562 32 358
3 2 563 32 355
3 2 564 33 352
3 2 565 34 349
3 2 566 35 346
3 2 567 36 344
3 2 568 38 341
3 2 569 39 338
3 2 570 40 335
3 2 571 41 332
3 2 572 42 329
3 2 573 43 326
3 2 574 44 323
3 2 575 45 320
3 2 576 46 318
3 2 577 48 315
3 2 578 49 312
3 2 579 50 309
3 2 580 51 306
3 2 581 53 303
3 2 582 54 301
3 2 583 55 298
3 2 584 57 295
3 2 585 58 292
3 2 586 59 289
3 2 587 61 287
3 2 588 62 284
3 2 589 63 281
3 2 590 65 278
3 2 591 66 276
3 2 592 68 273
3 2 593 69 270
3 2 594 71 267
3 2 595 72 265
3 2 596 74 262
3 2 597 75 259
3 2 598 77 257
3 2 599 78 254
3 2 600 80 251
3 2 601 82 249
3 2 602 83 246
3 2 603 85 243
3 2 604 87 241
3 2 605 88 238
3 2 606 90 236
3 2 607 92 233
3 2 608 93 230
3 2 609 95 228
3 2 610 97 225
3 2 611 99 223
3 2 612 100 220
3 2 613 102 218
3 2 614 104 215
3 2 615 106 213
3 2 616 108 210
3 2 617 110 208
3 2 618 111 205
3 2 619 113 203
3 2 620 115 200
3 2 621 117 198
3 2 622 119 196
3 2 623 121 193
3 2 624 123 191
3 2 625 125 188
3 2 626 127 186
3 2 627 129 184
3 2 628 131 181
3 2 629 133 179
3 2 630 135 177
3 2 631 137 174
3 2 632 139 172
3 2 633 141 170
3 2 634 143 168
3 2 635 146 165
3 2 636 148 163
3 2 637 150 161
3 2 638 152 159
3 2 639 154 156
3 2 640 156 154
3 2 641 159 152
3 2 642 161 150
3 2 643 163 148
3 2 644 165 146
3 2 645 167 143
3 2 646 170 141
3 2 647 172 139
3 2 648 174 137
3 2 649 177 135
3 2 650 179 133
3 2 651 181 131
3 2 652 184 129
3 2 653 186 127
3 2 654 188 125
3 2 655 191 123
3 2 656 193 121
3 2 657 196 119
3 2 658 198 117
3 2 659 200 115
3 2 660 203 113
3 2 661 205 111
3 2 662 208 110
3 2 663 210 108
3 2 664 213 106
3 2 665 215 104
3 2 666 218 102
3 2 667 220 100
3 2 668 223 99
3 2 669 225 97
3 2 670 228 95
3 2 671 230 93
3 2 672 233 92
3 2 673 236 90
3 2 674 238 88
3 2 675 241 87
3 2 676 243 85
3 2 677 246 83
3 2 678 249 82
3 2 679 251 80
3 2 680 254 79
3 2 681 257 77
3 2 682 259 75
3 2 683 262 74
3 2 684 265 72
3 2 685 267 71
3 2 686 270 69
3 2 687 273 68
3 2 688 276 66
3 2 689 278 65
3 2 690 281 63
3 2 691 284 62
3 2 692 287 61
3 2 693 289 59
3 2 694 292 58
3 2 695 295 57
3 2 696 298 55
3 2 697 300 54
3 2 698 303 53
3 2 699 306 51
3 2 700 309 50
3 2 701 312 49
3 2 702 315 48
3 2 703 317 47
3 2 704 320 45
3 2 705 323 44
3 2 706 326 43
3 2 707 329 42
3 2 708 332 41
3 2 709 335 40
3 2 710 338 39
3 2 711 341 38
3 2 712 343 36
3 2 713 346 35
3 2 714 349 34
3 2 715 352 33
3 2 716 355 32
3 2 717 358 32
3 2 718 361 31
3 2 719 364 30
3 2 720 367 29
3 2 721 370 28
3 2 722 373 27
3 2 723 376 26
3 2 724 379 25
3 2 725 382 25
3 2 726 385 24
3 2 727 388 23
3 2 728 391 22
3 2 729 394 22
3 2 730 397 21
3 2 731 400 20
3 2 732 403 19
3 2 733 406 19
3 2 734 409 18
3 2 735 412 18
3 2 736 415 17
3 2 737 418 16
3 2 738 421 16
3 2 739 424 15
3 2 740 427 15
3 2 741 430 14
3 2 742 433 14
3 2 743 436 13
3 2 744 439 13
3 2 745 443 12
3 2 746 446 12
3 2 747 449 11
3 2 748 452 11
3 2 749 455 11
3 2 750 458 10
3 2 751 461 10
3 2 752 464 10
3 2 753 467 9
3 2 754 470 9
3 2 755 473 9
3 2 756 476 9
3 2 757 479 9
3 2 758 483 8
3 2 759 486 8
3 2 760 489 8
3 2 761 492 8
3 2 762 495 8
3 2 763 498 8
3 2 764 501 8
3 2 765 504 8
3 2 766 507 8
3 2 767 510 7
3 2 768 514 8
3 2 769 517 8
3 2 770 520 8
3 2 771 523 8
3 2 772 526 8
3 2 773 529 8
3 2 774 532 8
3 2 775 535 8
3 2 776 538 8
3 2 777 541 8
3 2 778 544 9
3 2 779 548 9
3 2 780 551 9
3 2 781 554 9
3 2 782 557 9
3 2 783 560 10
3 2 784 563 10
3 2 785 566 10
3 2 786 569 11
3 2 787 572 11
3 2 788 575 11
3 2 789 578 12
3 2 790 581 12
3 2 791 584 13
3 2 792 588 13
3 2 793 591 14
3 2 794 594 14
3 2 795 597 15
3 2 796 600 15
3 2 797 603 16
3 2 798 606 16
3 2 799 609 17
3 2 800 612 17
3 2 801 615 18
3 2 802 618 19
3 2 803 621 19
3 2 804 624 20
3 2 805 627 21
3 2 806 630 21
3 2 807 633 22
3 2 808 636 23
3 2 809 639 24
3 2 810 642 25
3 2 811 645 25
3 2 812 648 26
3 2 813 651 27
3 2 814 654 28
3 2 815 657 29
3 2 816 660 30
3 2 817 663 31
3 2 818 666 32
3 2 819 669 32
3 2 820 672 33
3 2 821 675 34
3 2 822 678 35
3 2 823 680 36
3 2 824 683 38
3 2 825 686 39
3 2 826 689 40
3 2 827 692 41
3 2 828 695 42
3 2 829 698 43
3 2 830 701 44
3 2 831 704 45
3 2 832 706 46
3 2 833 709 48
3 2 834 712 49
3 2 835 715 50
3 2 836 718 51
3 2 837 721 53
3 2 838 723 54
3 2 839 726 55
3 2 840 729 57
3 2 841 732 58
3 2 842 735 59
3 2 843 737 61
3 2 844 740 62
3 2 845 743 63
3 2 846 746 65
3 2 847 748 66
3 2 848 751 68
3 2 849 754 69
3 2 850 757 71
3 2 851 759 72
3 2 852 762 74
3 2 853 765 75
3 2 854 767 77
3 2 855 770 78
3 2 856 773 80
3 2 857 775 82
3 2 858 778 83
3 2 859 781 85
3 2 860 783 87
3 2 861 786 88
3 2 862 788 90
3 2 863 791 92
3 2 864 794 93
3 2 865 796 95
3 2 866 799 97
3 2 867 801 99
3 2 868 804 100
3 2 869 806 102
3 2 870 809 104
3 2 871 811 106
3 2 872 814 108
3 2 873 816 110
3 2 874 819 111
3 2 875 821 113
3 2 876 824 115
3 2 877 826 117
3 2 878 828 119
3 2 879 831 121
3 2 880 833 123
3 2 881 836 125
3 2 882 838 127
3 2 883 840 129
3 2 884 843 131
3 2 885 845 133
3 2 886 847 135
3 2 887 850 137
3 2 888 852 139
3 2 889 854 141
3 2 890 856 143
3 2 891 859 146
3 2 892 861 148
3 2 893 863 150
3 2 894 865 152
3 2 895 868 154
3 2 896 870 156
3 2 897 872 159
3 2 898 874 161
3 2 899 876 163
3 2 900 878 165
3 2 901 881 167
3 2 902 883 170
3 2 903 885 172
3 2 904 887 174
3 2 905 889 177
3 2 906 891 179
3 2 907 893 181
3 2 908 895 184
3 2 909 897 186
3 2 910 899 188
3 2 911 901 191
3 2 912 903 193
3 2 913 905 196
3 2 914 907 198
3 2 915 909 200
3 2 916 911 203
3 2 917 913 205
3 2 918 914 208
3 2 919 916 210
3 2 920 918 213
3 2 921 920 215
3 2 922 922 218
3 2 923 924 220
3 2 924 925 223
3 2 925 927 225
3 2 926 929 228
3 2 927 931 230
3 2 928 932 233
3 2 929 934 236
3 2 930 936 238
3 2 931 937 241
3 2 932 939 243
3 2 933 941 246
3 2 934 942 249
3 2 935 944 251
3 2 936 945 254
3 2 937 947 257
3 2 938 949 259
3 2 939 950 262
3 2 940 952 265
3 2 941 953 267
3 2 942 955 270
3 2 943 956 273
3 2 944 958 276
3 2 945 959 278
3 2 946 961 281
3 2 947 962 284
3 2 948 963 287
3 2 949 965 289
3 2 950 966 292
3 2 951 967 295
3 2 952 969 298
3 2 953 970 300
3 2 954 971 303
3 2 955 973 306
3 2 956 974 309
3 2 957 975 312
3 2 958 976 315
3 2 959 977 317
3 2 960 979 320
3 2 961 980 323
3 2 962 981 326
3 2 963 982 329
3 2 964 983 332
3 2 965 984 335
3 2 966 985 338
3 2 967 986 341
3 2 968 988 343
3 2 969 989 346
3 2 970 990 349
3 2 971 991 352
3 2 972 992 355
3 2 973 992 358
3 2 974 993 361
3 2 975 994 364
3 2 976 995 367
3 2 977 996 370
3 2 978 997 373
3 2 979 998 376
3 2 980 999 379
3 2 981 999 382
3 2 982 1000 385
3 2 983 1001 388
3 2 984 1002 391
3 2 985 1002 394
3 2 986 1003 397
3 2 987 1004 400
3 2 988 1005 403
3 2 989 1005 406
3 2 990 1006 409
3 2 991 1006 412
3 2 992 1007 415
3 2 993 1008 418
3 2 994 1008 421
3 2 995 1009 424
3 2 996 1009 427
3 2 997 1010 430
3 2 998 1010 433
3 2 999 1011 436
3 2 1000 1011 439
3 2 1001 1012 443
3 2 1002 1012 446
3 2 1003 1013 449
3 2 1004 1013 452
3 2 1005 1013 455
3 2 1006 1014 458
3 2 1007 1014 461
3 2 1008 1014 464
3 2 1009 1015 467
3 2 1010 1015 470
3 2 1011 1015 473
3 2 1012 1015 476
3 2 1013 1015 479
3 2 1014 1016 483
3 2 1015 1016 486
3 2 1016 1016 489
3 2 1017 1016 492
3 2 1018 1016 495
3 2 1019 1016 498
3 2 1020 1016 501
3 2 1021 1016 504
3 2 1022 1016 507
3 2 1023 1017 510
3 3 0 1018 514
3 3 1 1017 517
3 3 2 1017 520
3 3 3 1017 523
3 3 4 1017 526
3 3 5 1017 529
3 3 6 1017 532
3 3 7 1017 535
3 3 8 1017 538
3 3 9 1017 541
3 3 10 1016 545
3 3 11 1016 548
3 3 12 1016 551
3 3 13 1016 554
3 3 14 1016 557
3 3 15 1015 560
3 3 16 1015 563
3 3 17 1015 566
3 3 18 1014 569
3 3 19 1014 572
3 3 20 1014 575
3 3 21 1013 578
3 3 22 1013 582
3 3 23 1012 585
3 3 24 1012 588
3 3 25 1011 591
3 3 26 1011 594
3 3 27 1010 597
3 3 28 1010 600
3 3 29 1009 603
3 3 30 1009 606
3 3 31 1008 609
3 3 32 1007 612
3 3 33 1007 615
3 3 34 1006 618
3 3 35 1006 621
3 3 36 1005 624
3 3 37 1004 627
3 3 38 1003 630
3 3 39 1003 633
3 3 40 1002 636
3 3 41 1001 639
3 3 42 1000 642
3 3 43 1000 645
3 3 44 999 648
3 3 45 998 651
3 3 46 997 654
3 3 47 996 657
3 3 48 995 660
3 3 49 994 663
3 3 50 993 666
3 3 51 992 669
3 3 52 992 672
3 3 53 991 675
3 3 54 990 678
3 3 55 988 681
3 3 56 987 684
3 3 57 986 687
3 3 58 985 690
3 3 59 984 692
3 3 60 983 695
3 3 61 982 698
3 3 62 981 701
3 3 63 980 704
3 3 64 978 707
3 3 65 977 710
3 3 66 976 713
3 3 67 975 715
3 3 68 974 718
3 3 69 972 721
3 3 70 971 724
3 3 71 970 727
3 3 72 968 729
3 3 73 967 732
3 3 74 966 735
3 3 75 964 738
3 3 76 963 741
3 3 77 961 743
3 3 78 960 746
3 3 79 959 749
3 3 80 957 752
3 3 81 956 754
3 3 82 954 757
3 3 83 953 760
3 3 84 951 762
3 3 85 950 765
3 3 86 948 768
3 3 87 946 771
3 3 88 945 773
3 3 89 943 776
3 3 90 942 778
3 3 91 940 781
3 3 92 938 784
3 3 93 937 786
3 3 94 935 789
3 3 95 933 792
3 3 96 931 794
3 3 97 930 797
3 3 98 928 799
3 3 99 926 802
3 3 100 924 804
3 3 101 923 807
3 3 102 921 809
3 3 103 919 812
3 3 104 917 814
3 3 105 915 817
3 3 106 913 819
3 3 107 911 822
3 3 108 910 824
3 3 109 908 827
3 3 110 906 829
3 3 111 904 831
3 3 112 902 834
3 3 113 900 836
3 3 114 898 839
3 3 115 896 841
3 3 116 894 843
3 3 117 892 846
3 3 118 890 848
3 3 119 888 850
3 3 120 886 853
3 3 121 883 855
3 3 122 881 857
3 3 123 879 859
3 3 124 877 862
3 3 125 875 864
3 3 126 873 866
3 3 127 871 868
3 3 128 868 870
3 3 129 866 873
3 3 130 864 875
3 3 131 862 877
3 3 132 859 879
3 3 133 857 881
3 3 134 855 883
3 3 135 853 885
3 3 136 850 888
3 3 137 848 890
3 3 138 846 892
3 3 139 843 894
3 3 140 841 896
3 3 141 839 898
3 3 142 836 900
3 3 143 834 902
3 3 144 832 904
3 3 145 829 906
3 3 146 827 908
3 3 147 824 910
3 3 148 822 911
3 3 149 819 913
3 3 150 817 915
3 3 151 814 917
3 3 152 812 919
3 3 153 809 921
3 3 154 807 923
3 3 155 804 924
3 3 156 802 926
3 3 157 799 928
3 3 158 797 930
3 3 159 794 931
3 3 160 792 933
3 3 161 789 935
3 3 162 786 937
3 3 163 784 938
3 3 164 781 940
3 3 165 779 942
3 3 166 776 943
3 3 167 773 945
3 3 168 771 946
3 3 169 768 948
3 3 170 765 949
3 3 171 763 951
3 3 172 760 953
3 3 173 757 954
3 3 174 754 956
3 3 175 752 957
3 3 176 749 959
3 3 177 746 960
3 3 178 743 961
3 3 179 741 963
3 3 180 738 964
3 3 181 735 966
3 3 182 732 967
3 3 183 730 968
3 3 184 727 970
3 3 185 724 971
3 3 186 721 972
3 3 187 718 973
3 3 188 715 975
3 3 189 713 976
3 3 190 710 977
3 3 191 707 978
3 3 192 704 980
3 3 193 701 981
3 3 194 698 982
3 3 195 695 983
3 3 196 693 984
3 3 197 690 985
3 3 198 687 986
3 3 199 684 987
3 3 200 681 988
3 3 201 678 989
3 3 202 675 990
3 3 203 672 991
3 3 204 669 992
3 3 205 666 993
3 3 206 663 994
3 3 207 660 995
3 3 208 657 996
3 3 209 654 997
3 3 210 651 998
3 3 211 648 999
3 3 212 645 1000
3 3 213 642 1000
3 3 214 639 1001
3 3 215 636 1002
3 3 216 633 1003
3 3 217 630 1003
3 3 218 627 1004
3 3 219 624 1005
3 3 220 621 1006
3 3 221 618 1006
3 3 222 615 1007
3 3 223 612 1007
3 3 224 609 1008
3 3 225 606 1009
3 3 226 603 1009
3 3 227 600 1010
3 3 228 597 1010
3 3 229 594 1011
3 3 230 591 1011
3 3 231 588 1012
3 3 232 585 1012
3 3 233 582 1013
3 3 234 579 1013
3 3 235 575 1013
3 3 236 572 1014
3 3 237 569 1014
3 3 238 566 1015
3 3 239 563 1015
3 3 240 560 1015
3 3 241 557 1016
3 3 242 554 1016
3 3 243 551 1016
3 3 244 548 1016
3 3 245 545 1016
3 3 246 542 1017
3 3 247 538 1017
3 3 248 535 1017
3 3 249 532 1017
3 3 250 529 1017
3 3 251 526 1017
3 3 252 523 1017
3 3 253 520 1017
3 3 254 517 1017
3 3 255 514 1018
3 3 256 511 1018
3 3 257 507 1017
3 3 258 504 1017
3 3 259 501 1017
3 3 260 498 1017
3 3 261 495 1017
3 3 262 492 1017
3 3 263 489 1017
3 3 264 486 1017
3 3 265 483 1017
3 3 266 479 1016
3 3 267 476 1016
3 3 268 473 1016
3 3 269 470 1016
3 3 270 467 1016
3 3 271 464 1015
3 3 272 461 1015
3 3 273 458 1015
3 3 274 455 1014
3 3 275 452 1014
3 3 276 449 1014
3 3 277 446 1013
3 3 278 442 1013
3 3 279 439 1012
3 3 280 436 1012
3 3 281 433 1011
3 3 282 430 1011
3 3 283 427 1010
3 3 284 424 1010
3 3 285 421 1009
3 3 286 418 1009
3 3 287 415 1008
3 3 288 412 1007
3 3 289 409 1007
3 3 290 406 1006
3 3 291 403 1006
3 3 292 400 1005
3 3 293 397 1004
3 3 294 394 1003
3 3 295 391 1003
3 3 296 388 1002
3 3 297 385 1001
3 3 298 382 1000
3 3 299 379 1000
3 3 300 376 999
3 3 301 373 998
3 3 302 370 997
3 3 303 367 996
3 3 304 364 995
3 3 305 361 994
3 3 306 358 993
3 3 307 355 992
3 3 308 352 992
3 3 309 349 991
3 3 310 346 990
3 3 311 343 988
3 3 312 340 987
3 3 313 337 986
3 3 314 334 985
3 3 315 332 984
3 3 316 329 983
3 3 317 326 982
3 3 318 323 981
3 3 319 320 980
3 3 320 317 978
3 3 321 314 977
3 3 322 311 976
3 3 323 309 975
3 3 324 306 974
3 3 325 303 972
3 3 326 300 971
3 3 327 297 970
3 3 328 295 968
3 3 329 292 967
3 3 330 289 966
3 3 331 286 964
3 3 332 283 963
3 3 333 281 961
3 3 334 278 960
3 3 335 275 959
3 3 336 272 957
3 3 337 270 956
3 3 338 267 954
3 3 339 264 953
3 3 340 262 951
3 3 341 259 950
3 3 342 256 948
3 3 343 253 946
3 3 344 251 945
3 3 345 248 943
3 3 346 246 942
3 3 347 243 940
3 3 348 240 938
3 3 349 238 937
3 3 350 235 935
3 3 351 232 933
3 3 352 230 931
3 3 353 227 930
3 3 354 225 928
3 3 355 222 926
3 3 356 220 924
3 3 357 217 923
3 3 358 215 921
3 3 359 212 919
3 3 360 210 917
3 3 361 207 915
3 3 362 205 913
3 3 363 202 911
3 3 364 200 910
3 3 365 197 908
3 3 366 195 906
3 3 367 193 904
3 3 368 190 902
3 3 369 188 900
3 3 370 185 898
3 3 371 183 896
3 3 372 181 894
3 3 373 178 892
3 3 374 176 890
3 3 375 174 888
3 3 376 171 886
3 3 377 169 883
3 3 378 167 881
3 3 379 165 879
3 3 380 162 877
3 3 381 160 875
3 3 382 158 873
3 3 383 156 871
3 3 384 154 868
3 3 385 151 866
3 3 386 149 864
3 3 387 147 862
3 3 388 145 859
3 3 389 143 857
3 3 390 141 855
3 3 391 139 853
3 3 392 136 850
3 3 393 134 848
3 3 394 132 846
3 3 395 130 843
3 3 396 128 841
3 3 397 126 839
3 3 398 124 836
3 3 399 122 834
3 3 400 120 832
3 3 401 118 829
3 3 402 116 827
3 3 403 114 824
3 3 404 113 822
3 3 405 111 819
3 3 406 109 817
3 3 407 107 814
3 3 408 105 812
3 3 409 103 809
3 3 410 101 807
3 3 411 100 804
3 3 412 98 802
3 3 413 96 799
3 3 414 94 797
3 3 415 93 794
3 3 416 91 792
3 3 417 89 789
3 3 418 87 786
3 3 419 86 784
3 3 420 84 781
3 3 421 82 779
3 3 422 81 776
3 3 423 79 773
3 3 424 78 771
3 3 425 76 768
3 3 426 75 765
3 3 427 73 763
3 3 428 71 760
3 3 429 70 757
3 3 430 68 754
3 3 431 67 752
3 3 432 65 749
3 3 433 64 746
3 3 434 63 743
3 3 435 61 741
3 3 436 60 738
3 3 437 58 735
3 3 438 57 732
3 3 439 56 730
3 3 440 54 727
3 3 441 53 724
3 3 442 52 721
3 3 443 51 718
3 3 444 49 715
3 3 445 48 713
3 3 446 47 710
3 3 447 46 707
3 3 448 44 704
3 3 449 43 701
3 3 450 42 698
3 3 451 41 695
3 3 452 40 693
3 3 453 39 690
3 3 454 38 687
3 3 455 37 684
3 3 456 36 681
3 3 457 35 678
3 3 458 34 675
3 3 459 33 672
3 3 460 32 669
3 3 461 31 666
3 3 462 30 663
3 3 463 29 660
3 3 464 28 657
3 3 465 27 654
3 3 466 26 651
3 3 467 25 648
3 3 468 24 645
3 3 469 24 642
3 3 470 23 639
3 3 471 22 636
3 3 472 21 633
3 3 473 21 630
3 3 474 20 627
3 3 475 19 624
3 3 476 18 621
3 3 477 18 618
3 3 478 17 615
3 3 479 17 612
3 3 480 16 609
3 3 481 15 606
3 3 482 15 603
3 3 483 14 600
3 3 484 14 597
3 3 485 13 594
3 3 486 13 591
3 3 487 12 588
3 3 488 12 585
3 3 489 11 582
3 3 490 11 579
3 3 491 11 575
3 3 492 10 572
3 3 493 10 569
3 3 494 9 566
3 3 495 9 563
3 3 496 9 560
3 3 497 8 557
3 3 498 8 554
3 3 499 8 551
3 3 500 8 548
3 3 501 8 545
3 3 502 7 542
3 3 503 7 538
3 3 504 7 535
3 3 505 7 532
3 3 506 7 529
3 3 507 7 526
3 3 508 7 523
3 3 509 7 520
3 3 510 7 517
3 3 511 6 514
3 3 512 7 511
3 3 513 7 507
3 3 514 7 504
3 3 515 7 501
3 3 516 7 498
3 3 517 7 495
3 3 518 7 492
3 3 519 7 489
3 3 520 7 486
3 3 521 7 483
3 3 522 8 479
3 3 523 8 476
3 3 524 8 473
3 3 525 8 470
3 3 526 8 467
3 3 527 9 464
3 3 528 9 461
3 3 529 9 458
3 3 530 10 455
3 3 531 10 452
3 3 532 10 449
3 3 533 11 446
3 3 534 11 442
3 3 535 12 439
3 3 536 12 436
3 3 537 13 433
3 3 538 13 430
3 3 539 14 427
3 3 540 14 424
3 3 541 15 421
3 3 542 15 418
3 3 543 16 415
3 3 544 17 412
3 3 545 17 409
3 3 546 18 406
3 3 547 18 403
3 3 548 19 400
3 3 549 20 397
3 3 550 21 394
3 3 551 21 391
3 3 552 22 388
3 3 553 23 385
3 3 554 24 382
3 3 555 24 379
3 3 556 25 376
3 3 557 26 373
3 3 558 27 370
3 3 559 28 367
3 3 560 29 364
3 3 561 30 361
3 3 562 31 358
3 3 563 32 355
3 3 564 32 352
3 3 565 33 349
3 3 566 34 346
3 3 567 36 343
3 3 568 37 340
3 3 569 38 337
3 3 570 39 334
3 3 571 40 332
3 3 572 41 329
3 3 573 42 326
3 3 574 43 323
3 3 575 44 320
3 3 576 46 317
3 3 577 47 314
3 3 578 48 311
3 3 579 49 309
3 3 580 50 306
3 3 581 52 303
3 3 582 53 300
3 3 583 54 297
3 3 584 56 295
3 3 585 57 292
3 3 586 58 289
3 3 587 60 286
3 3 588 61 283
3 3 589 63 281
3 3 590 64 278
3 3 591 65 275
3 3 592 67 272
3 3 593 68 270
3 3 594 70 267
3 3 595 71 264
3 3 596 73 262
3 3 597 74 259
3 3 598 76 256
3 3 599 78 253
3 3 600 79 251
3 3 601 81 248
3 3 602 82 246
3 3 603 84 243
3 3 604 86 240
3 3 605 87 238
3 3 606 89 235
3 3 607 91 232
3 3 608 93 230
3 3 609 94 227
3 3 610 96 225
3 3 611 98 222
3 3 612 100 220
3 3 613 101 217
3 3 614 103 215
3 3 615 105 212
3 3 616 107 210
3 3 617 109 207
3 3 618 111 205
3 3 619 113 202
3 3 620 114 200
3 3 621 116 197
3 3 622 118 195
3 3 623 120 193
3 3 624 122 190
3 3 625 124 188
3 3 626 126 185
3 3 627 128 183
3 3 628 130 181
3 3 629 132 178
3 3 630 134 176
3 3 631 136 174
3 3 632 138 171
3 3 633 141 169
3 3 634 143 167
3 3 635 145 165
3 3 636 147 162
3 3 637 149 160
3 3 638 151 158
3 3 639 153 156
3 3 640 156 154
3 3 641 158 151
3 3 642 160 149
3 3 643 162 147
3 3 644 165 145
3 3 645 167 143
3 3 646 169 141
3 3 647 171 139
3 3 648 174 136
3 3 649 176 134
3 3 650 178 132
3 3 651 181 130
3 3 652 183 128
3 3 653 185 126
3 3 654 188 124
3 3 655 190 122
3 3 656 192 120
3 3 657 195 118
3 3 658 197 116
3 3 659 200 114
3 3 660 202 113
3 3 661 205 111
3 3 662 207 109
3 3 663 210 107
3 3 664 212 105
3 3 665 215 103
3 3 666 217 101
3 3 667 220 100
3 3 668 222 98
3 3 669 225 96
3 3 670 227 94
3 3 671 230 93
3 3 672 232 91
3 3 673 235 89
3 3 674 238 87
3 3 675 240 86
3 3 676 243 84
3 3 677 245 82
3 3 678 248 81
3 3 679 251 79
3 3 680 253 78
3 3 681 256 76
3 3 682 259 75
3 3 683 261 73
3 3 684 264 71
3 3 685 267 70
3 3 686 270 68
3 3 687 272 67
3 3 688 275 65
3 3 689 278 64
3 3 690 281 63
3 3 691 283 61
3 3 692 286 60
3 3 693 289 58
3 3 694 292 57
3 3 695 294 56
3 3 696 297 54
3 3 697 300 53
3 3 698 303 52
3 3 699 306 51
3 3 700 309 49
3 3 701 311 48
3 3 702 314 47
3 3 703 317 46
3 3 704 320 44
3 3 705 323 43
3 3 706 326 42
3 3 707 329 41
3 3 708 331 40
3 3 709 334 39
3 3 710 337 38
3 3 711 340 37
3 3 712 343 36
3 3 713 346 35
3 3 714 349 34
3 3 715 352 33
3 3 716 355 32
3 3 717 358 31
3 3 718 361 30
3 3 719 364 29
3 3 720 367 28
3 3 721 370 27
3 3 722 373 26
3 3 723 376 25
3 3 724 379 24
3 3 725 382 24
3 3 726 385 23
3 3 727 388 22
3 3 728 391 21
3 3 729 394 21
3 3 730 397 20
3 3 731 400 19
3 3 732 403 18
3 3 733 406 18
3 3 734 409 17
3 3 735 412 17
3 3 736 415 16
3 3 737 418 15
3 3 738 421 15
3 3 739 424 14
3 3 740 427 14
3 3 741 430 13
3 3 742 433 13
3 3 743 436 12
3 3 744 439 12
3 3 745 442 11
3 3 746 445 11
3 3 747 449 11
3 3 748 452 10
3 3 749 455 10
3 3 750 458 9
3 3 751 461 9
3 3 752 464 9
3 3 753 467 8
3 3 754 470 8
3 3 755 473 8
3 3 756 476 8
3 3 757 479 8
3 3 758 482 7
3 3 759 486 7
3 3 760 489 7
3 3 761 492 7
3 3 762 495 7
3 3 763 498 7
3 3 764 501 7
3 3 765 504 7
3 3 766 507 7
3 3 767 510 6
3 3 768 514 7
3 3 769 517 7
3 3 770 520 7
3 3 771 523 7
3 3 772 526 7
3 3 773 529 7
3 3 774 532 7
3 3 775 535 7
3 3 776 538 7
3 3 777 541 7
3 3 778 545 8
3 3 779 548 8
3 3 780 551 8
3 3 781 554 8
3 3 782 557 8
3 3 783 560 9
3 3 784 563 9
3 3 785 566 9
3 3 786 569 10
3 3 787 572 10
3 3 788 575 10
3 3 789 578 11
3 3 790 582 11
3 3 791 585 12
3 3 792 588 12
3 3 793 591 13
3 3 794 594 13
3 3 795 597 14
3 3 796 600 14
3 3 797 603 15
3 3 798 606 15
3 3 799 609 16
3 3 800 612 17
3 3 801 615 17
3 3 802 618 18
3 3 803 621 18
3 3 804 624 19
3 3 805 627 20
3 3 806 630 21
3 3 807 633 21
3 3 808 636 22
3 3 809 639 23
3 3 810 642 24
3 3 811 645 24
3 3 812 648 25
3 3 813 651 26
3 3 814 654 27
3 3 815 657 28
3 3 816 660 29
3 3 817 663 30
3 3 818 666 31
3 3 819 669 32
3 3 820 672 32
3 3 821 675 33
3 3 822 678 34
3 3 823 681 36
3 3 824 684 37
3 3 825 687 38
3 3 826 690 39
3 3 827 692 40
3 3 828 695 41
3 3 829 698 42
3 3 830 701 43
3 3 831 704 44
3 3 832 707 46
3 3 833 710 47
3 3 834 713 48
3 3 835 715 49
3 3 836 718 50
3 3 837 721 52
3 3 838 724 53
3 3 839 727 54
3 3 840 729 56
3 3 841 732 57
3 3 842 735 58
3 3 843 738 60
3 3 844 741 61
3 3 845 743 63
3 3 846 746 64
3 3 847 749 65
3 3 848 752 67
3 3 849 754 68
3 3 850 757 70
3 3 851 760 71
3 3 852 762 73
3 3 853 765 74
3 3 854 768 76
3 3 855 771 78
3 3 856 773 79
3 3 857 776 81
3 3 858 778 82
3 3 859 781 84
3 3 860 784 86
3 3 861 786 87
3 3 862 789 89
3 3 863 792 91
3 3 864 794 93
3 3 865 797 94
3 3 866 799 96
3 3 867 802 98
3 3 868 804 100
3 3 869 807 101
3 3 870 809 103
3 3 871 812 105
3 3 872 814 107
3 3 873 817 109
3 3 874 819 111
3 3 875 822 113
3 3 876 824 114
3 3 877 827 116
3 3 878 829 118
3 3 879 831 120
3 3 880 834 122
3 3 881 836 124
3 3 882 839 126
3 3 883 841 128
3 3 884 843 130
3 3 885 846 132
3 3 886 848 134
3 3 887 850 136
3 3 888 853 138
3 3 889 855 141
3 3 890 857 143
3 3 891 859 145
3 3 892 862 147
3 3 893 864 149
3 3 894 866 151
3 3 895 868 153
3 3 896 870 156
3 3 897 873 158
3 3 898 875 160
3 3 899 877 162
3 3 900 879 165
3 3 901 881 167
3 3 902 883 169
3 3 903 885 171
3 3 904 888 174
3 3 905 890 176
3 3 906 892 178
3 3 907 894 181
3 3 908 896 183
3 3 909 898 185
3 3 910 900 188
3 3 911 902 190
3 3 912 904 192
3 3 913 906 195
3 3 914 908 197
3 3 915 910 200
3 3 916 911 202
3 3 917 913 205
3 3 918 915 207
3 3 919 917 210
3 3 920 919 212
3 3 921 921 215
3 3 922 923 217
3 3 923 924 220
3 3 924 926 222
3 3 925 928 225
3 3 926 930 227
3 3 927 931 230
3 3 928 933 232
3 3 929 935 235
3 3 930 937 238
3 3 931 938 240
3 3 932 940 243
3 3 933 942 245
3 3 934 943 248
3 3 935 945 251
3 3 936 946 253
3 3 937 948 256
3 3 938 949 259
3 3 939 951 261
3 3 940 953 264
3 3 941 954 267
3 3 942 956 270
3 3 943 957 272
3 3 944 959 275
3 3 945 960 278
3 3 946 961 281
3 3 947 963 283
3 3 948 964 286
3 3 949 966 289
3 3 950 967 292
3 3 951 968 294
3 3 952 970 297
3 3 953 971 300
3 3 954 972 303
3 3 955 973 306
3 3 956 975 309
3 3 957 976 311
3 3 958 977 314
3 3 959 978 317
3 3 960 980 320
3 3 961 981 323
3 3 962 982 326
3 3 963 983 329
3 3 964 984 331
3 3 965 985 334
3 3 966 986 337
3 3 967 987 340
3 3 968 988 343
3 3 969 989 346
3 3 970 990 349
3 3 971 991 352
3 3 972 992 355
3 3 973 993 358
3 3 974 994 361
3 3 975 995 364
3 3 976 996 367
3 3 977 997 370
3 3 978 998 373
3 3 979 999 376
3 3 980 1000 379
3 3 981 1000 382
3 3 982 1001 385
3 3 983 1002 388
3 3 984 1003 391
3 3 985 1003 394
3 3 986 1004 397
3 3 987 1005 400
3 3 988 1006 403
3 3 989 1006 406
3 3 990 1007 409
3 3 991 1007 412
3 3 992 1008 415
3 3 993 1009 418
3 3 994 1009 421
3 3 995 1010 424
3 3 996 1010 427
3 3 997 1011 430
3 3 998 1011 433
3 3 999 1012 436
3 3 1000 1012 439
3 3 1001 1013 442
3 3 1002 1013 445
3 3 1003 1013 449
3 3 1004 1014 452
3 3 1005 1014 455
3 3 1006 1015 458
3 3 1007 1015 461
3 3 1008 1015 464
3 3 1009 1016 467
3 3 1010 1016 470
3 3 1011 1016 473
3 3 1012 1016 476
3 3 1013 1016 479
3 3 1014 1017 482
3 3 1015 1017 486
3 3 1016 1017 489
3 3 1017 1017 492
3 3 1018 1017 495
3 3 1019 1017 498
3 3 1020 1017 501
3 3 1021 1017 504
3 3 1022 1017 507
3 3 1023 1018 510
